  0
SECTION
  2
HEADER
  9
$ACADVER
  1
AC1018
  9
$HANDSEED
  5
FFFFFFFF
  9
$ANGBASE
  50
0.0
  9
$ANGDIR
  70
1
  9
$MEASUREMENT
  70
0
  9
$INSUNITS
  70
1
  0
ENDSEC
  0
SECTION
  2
TABLES
  0
TABLE
  2
APPID
  5
1
330
0
100
AcDbSymbolTable
 70
1
  0
APPID
  5
2
330
1
100
AcDbSymbolTableRecord
100
AcDbRegAppTableRecord
  2
ACAD
 70
0
  0
ENDTAB
  0
TABLE
  2
LTYPE
  5
3
330
0
100
AcDbSymbolTable
 70
6
  0
LTYPE
  5
4
330
3
100
AcDbSymbolTableRecord
100
AcDbLinetypeTableRecord
  2
ByBlock
 70
0
  3

 72
65
 73
0
 40
0
  0
LTYPE
  5
5
330
3
100
AcDbSymbolTableRecord
100
AcDbLinetypeTableRecord
  2
ByLayer
 70
0
  3

 72
65
 73
0
 40
0
  0
LTYPE
  5
6
330
3
100
AcDbSymbolTableRecord
100
AcDbLinetypeTableRecord
  2
CONTINUOUS
 70
0
  3
Solid line
 72
65
 73
0
 40
0
  0
LTYPE
  5
7
330
3
100
AcDbSymbolTableRecord
100
AcDbLinetypeTableRecord
  2
DASHDOT
 70
0
  3
Dash Dot ____ _ ____ _
 72
65
 73
4
 40
2
 49
1.25
 74
0
 49
-0.25
 74
0
 49
0.25
 74
0
 49
-0.25
 74
0
  0
LTYPE
  5
8
330
3
100
AcDbSymbolTableRecord
100
AcDbLinetypeTableRecord
  2
DASHED
 70
0
  3
Dashed __ __ __ __ __
 72
65
 73
2
 40
0.75
 49
0.5
 74
0
 49
-0.25
 74
0
  0
LTYPE
  5
9
330
3
100
AcDbSymbolTableRecord
100
AcDbLinetypeTableRecord
  2
DOTTED
 70
0
  3
Dotted .  .  .  .
 72
65
 73
2
 40
0.2
 49
0.0
 74
0
 49
-0.2
 74
0
  0
ENDTAB
  0
TABLE
  2
STYLE
  5
A
330
0
100
AcDbSymbolTable
 70
4
  0
STYLE
  5
B
330
A
100
AcDbSymbolTableRecord
100
AcDbTextStyleTableRecord
  2
KICAD
 70
0
 40
0
 41
1
 42
1
 50
0
 71
0
  3
isocp.shx
  0
STYLE
  5
C
330
A
100
AcDbSymbolTableRecord
100
AcDbTextStyleTableRecord
  2
KICADB
 70
0
 40
0
 41
1
 42
1
 50
0
 71
0
  3
isocp.shx
  0
STYLE
  5
D
330
A
100
AcDbSymbolTableRecord
100
AcDbTextStyleTableRecord
  2
KICADI
 70
0
 40
0
 41
1
 42
1
 50
15
 71
0
  3
isocp.shx
  0
STYLE
  5
E
330
A
100
AcDbSymbolTableRecord
100
AcDbTextStyleTableRecord
  2
KICADBI
 70
0
 40
0
 41
1
 42
1
 50
15
 71
0
  3
isocp.shx
  0
ENDTAB
  0
TABLE
  2
LAYER
  5
F
330
0
100
AcDbSymbolTable
 70
7
  0
LAYER
  5
12
330
F
100
AcDbSymbolTableRecord
100
AcDbLayerTableRecord
  2
0
 70
0
 62
7
  6
CONTINUOUS
390
10
  0
LAYER
  5
13
330
F
100
AcDbSymbolTableRecord
100
AcDbLayerTableRecord
  2
F.Cu
 70
0
 62
13
420
13120564
  6
CONTINUOUS
390
10
  0
LAYER
  5
14
330
F
100
AcDbSymbolTableRecord
100
AcDbLayerTableRecord
  2
In1.Cu
 70
0
 62
91
420
8374399
  6
CONTINUOUS
390
10
  0
LAYER
  5
15
330
F
100
AcDbSymbolTableRecord
100
AcDbLayerTableRecord
  2
In2.Cu
 70
0
 62
33
420
13532460
  6
CONTINUOUS
390
10
  0
LAYER
  5
16
330
F
100
AcDbSymbolTableRecord
100
AcDbLayerTableRecord
  2
B.Cu
 70
0
 62
153
420
5078980
  6
CONTINUOUS
390
10
  0
LAYER
  5
17
330
F
100
AcDbSymbolTableRecord
100
AcDbLayerTableRecord
  2
B.Paste
 70
0
 62
132
420
49858
  6
CONTINUOUS
390
10
  0
LAYER
  5
18
330
F
100
AcDbSymbolTableRecord
100
AcDbLayerTableRecord
  2
Edge.Cuts
 70
0
 62
254
420
13685453
  6
CONTINUOUS
390
10
  0
ENDTAB
  0
TABLE
  2
VPORT
  5
19
330
0
100
AcDbSymbolTable
 70
0
  0
ENDTAB
  0
TABLE
  2
VIEW
  5
1A
330
0
100
AcDbSymbolTable
 70
0
  0
ENDTAB
  0
TABLE
  2
UCS
  5
1B
330
0
100
AcDbSymbolTable
 70
0
  0
ENDTAB
  0
TABLE
  2
DIMSTYLE
  5
1C
330
0
100
AcDbSymbolTable
 70
1
100
AcDbDimStyleTable
 71
0
  0
DIMSTYLE
105
1D
330
1C
100
AcDbSymbolTableRecord
100
AcDbDimStyleTableRecord
  2
Standard
 70
0
  0
ENDTAB
  0
TABLE
  2
BLOCK_RECORD
  5
1E
330
0
100
AcDbSymbolTable
 70
3
  0
BLOCK_RECORD
  5
1F
330
1E
100
AcDbSymbolTableRecord
100
AcDbBlockTableRecord
  2
*Model_Space
340
22
 70
0
280
1
281
0
  0
BLOCK_RECORD
  5
20
330
1E
100
AcDbSymbolTableRecord
100
AcDbBlockTableRecord
  2
*Paper_Space
340
23
 70
0
280
1
281
0
  0
BLOCK_RECORD
  5
21
330
1E
100
AcDbSymbolTableRecord
100
AcDbBlockTableRecord
  2
*Paper_Space0
340
24
 70
0
280
1
281
0
  0
ENDTAB
  0
ENDSEC
  0
SECTION
  2
BLOCKS
  0
BLOCK
  5
28
330
1F
100
AcDbEntity
  8
0
100
AcDbBlockBegin
  2
*Model_Space
 70
0
 10
0.0
 20
0.0
 30
0.0
  3
*Model_Space
  1

  0
ENDBLK
  5
27
330
1F
100
AcDbEntity
  8
0
100
AcDbBlockEnd
  0
BLOCK
  5
2A
330
20
100
AcDbEntity
 67
1
  8
0
100
AcDbBlockBegin
  2
*Paper_Space
 70
0
 10
0.0
 20
0.0
 30
0.0
  3
*Paper_Space
  1

  0
ENDBLK
  5
29
330
20
100
AcDbEntity
 67
1
  8
0
100
AcDbBlockEnd
  0
BLOCK
  5
2C
330
21
100
AcDbEntity
 67
1
  8
0
100
AcDbBlockBegin
  2
*Paper_Space0
 70
0
 10
0.0
 20
0.0
 30
0.0
  3
*Paper_Space0
  1

  0
ENDBLK
  5
2B
330
21
100
AcDbEntity
 67
1
  8
0
100
AcDbBlockEnd
  0
ENDSEC
  0
SECTION
  2
ENTITIES
  0
LINE
  5
2D
330
1F
100
AcDbEntity
  8
B.Cu
  6
CONTINUOUS
100
AcDbLine
 10
5.6160631889763781
 20
-4.5313189370078737
 30
0
 11
5.5491340551181105
 21
-4.5313189370078737
 31
0
  0
LINE
  5
2E
330
1F
100
AcDbEntity
  8
B.Cu
  6
CONTINUOUS
100
AcDbLine
 10
5.5491340551181105
 20
-4.5313189370078737
 30
0
 11
5.5491340551181105
 21
-4.4643898031496061
 31
0
  0
LINE
  5
2F
330
1F
100
AcDbEntity
  8
B.Cu
  6
CONTINUOUS
100
AcDbLine
 10
5.5491340551181105
 20
-4.4643898031496061
 30
0
 11
5.6160631889763781
 21
-4.4643898031496061
 31
0
  0
LINE
  5
30
330
1F
100
AcDbEntity
  8
B.Cu
  6
CONTINUOUS
100
AcDbLine
 10
5.6160631889763781
 20
-4.4643898031496061
 30
0
 11
5.6160631889763781
 21
-4.5313189370078737
 31
0
  0
LINE
  5
31
330
1F
100
AcDbEntity
  8
B.Cu
  6
CONTINUOUS
100
AcDbLine
 10
5.692312874015748
 20
-4.4658307874015746
 30
0
 11
5.6983737007874016
 21
-4.4683412598425196
 31
0
  0
LINE
  5
32
330
1F
100
AcDbEntity
  8
B.Cu
  6
CONTINUOUS
100
AcDbLine
 10
5.6983737007874016
 20
-4.4683412598425196
 30
0
 11
5.7038283070866145
 21
-4.4719859055118105
 31
0
  0
LINE
  5
33
330
1F
100
AcDbEntity
  8
B.Cu
  6
CONTINUOUS
100
AcDbLine
 10
5.7038283070866145
 20
-4.4719859055118105
 30
0
 11
5.7084670866141733
 21
-4.4766246850393703
 31
0
  0
LINE
  5
34
330
1F
100
AcDbEntity
  8
B.Cu
  6
CONTINUOUS
100
AcDbLine
 10
5.7084670866141733
 20
-4.4766246850393703
 30
0
 11
5.7121117322834642
 21
-4.4820792913385823
 31
0
  0
LINE
  5
35
330
1F
100
AcDbEntity
  8
B.Cu
  6
CONTINUOUS
100
AcDbLine
 10
5.7121117322834642
 20
-4.4820792913385823
 30
0
 11
5.7146222047244093
 21
-4.4881401181102358
 31
0
  0
LINE
  5
36
330
1F
100
AcDbEntity
  8
B.Cu
  6
CONTINUOUS
100
AcDbLine
 10
5.7146222047244093
 20
-4.4881401181102358
 30
0
 11
5.7159020472440947
 21
-4.4945742519685039
 31
0
  0
LINE
  5
37
330
1F
100
AcDbEntity
  8
B.Cu
  6
CONTINUOUS
100
AcDbLine
 10
5.7159020472440947
 20
-4.4945742519685039
 30
0
 11
5.7159020472440947
 21
-4.5011344881889759
 31
0
  0
LINE
  5
38
330
1F
100
AcDbEntity
  8
B.Cu
  6
CONTINUOUS
100
AcDbLine
 10
5.7159020472440947
 20
-4.5011344881889759
 30
0
 11
5.7146222047244093
 21
-4.507568622047244
 31
0
  0
LINE
  5
39
330
1F
100
AcDbEntity
  8
B.Cu
  6
CONTINUOUS
100
AcDbLine
 10
5.7146222047244093
 20
-4.507568622047244
 30
0
 11
5.7121117322834642
 21
-4.5136294488188975
 31
0
  0
LINE
  5
3A
330
1F
100
AcDbEntity
  8
B.Cu
  6
CONTINUOUS
100
AcDbLine
 10
5.7121117322834642
 20
-4.5136294488188975
 30
0
 11
5.7084670866141733
 21
-4.5190840551181104
 31
0
  0
LINE
  5
3B
330
1F
100
AcDbEntity
  8
B.Cu
  6
CONTINUOUS
100
AcDbLine
 10
5.7084670866141733
 20
-4.5190840551181104
 30
0
 11
5.7038283070866145
 21
-4.5237228346456693
 31
0
  0
LINE
  5
3C
330
1F
100
AcDbEntity
  8
B.Cu
  6
CONTINUOUS
100
AcDbLine
 10
5.7038283070866145
 20
-4.5237228346456693
 30
0
 11
5.6983737007874016
 21
-4.5273674803149602
 31
0
  0
LINE
  5
3D
330
1F
100
AcDbEntity
  8
B.Cu
  6
CONTINUOUS
100
AcDbLine
 10
5.6983737007874016
 20
-4.5273674803149602
 30
0
 11
5.692312874015748
 21
-4.5298779527559052
 31
0
  0
LINE
  5
3E
330
1F
100
AcDbEntity
  8
B.Cu
  6
CONTINUOUS
100
AcDbLine
 10
5.692312874015748
 20
-4.5298779527559052
 30
0
 11
5.68587874015748
 21
-4.5311577952755906
 31
0
  0
LINE
  5
3F
330
1F
100
AcDbEntity
  8
B.Cu
  6
CONTINUOUS
100
AcDbLine
 10
5.68587874015748
 20
-4.5311577952755906
 30
0
 11
5.679318503937008
 21
-4.5311577952755906
 31
0
  0
LINE
  5
40
330
1F
100
AcDbEntity
  8
B.Cu
  6
CONTINUOUS
100
AcDbLine
 10
5.679318503937008
 20
-4.5311577952755906
 30
0
 11
5.6728843700787399
 21
-4.5298779527559052
 31
0
  0
LINE
  5
41
330
1F
100
AcDbEntity
  8
B.Cu
  6
CONTINUOUS
100
AcDbLine
 10
5.6728843700787399
 20
-4.5298779527559052
 30
0
 11
5.6668235433070864
 21
-4.5273674803149602
 31
0
  0
LINE
  5
42
330
1F
100
AcDbEntity
  8
B.Cu
  6
CONTINUOUS
100
AcDbLine
 10
5.6668235433070864
 20
-4.5273674803149602
 30
0
 11
5.6613689370078735
 21
-4.5237228346456693
 31
0
  0
LINE
  5
43
330
1F
100
AcDbEntity
  8
B.Cu
  6
CONTINUOUS
100
AcDbLine
 10
5.6613689370078735
 20
-4.5237228346456693
 30
0
 11
5.6567301574803146
 21
-4.5190840551181104
 31
0
  0
LINE
  5
44
330
1F
100
AcDbEntity
  8
B.Cu
  6
CONTINUOUS
100
AcDbLine
 10
5.6567301574803146
 20
-4.5190840551181104
 30
0
 11
5.6530855118110237
 21
-4.5136294488188975
 31
0
  0
LINE
  5
45
330
1F
100
AcDbEntity
  8
B.Cu
  6
CONTINUOUS
100
AcDbLine
 10
5.6530855118110237
 20
-4.5136294488188975
 30
0
 11
5.6505750393700787
 21
-4.507568622047244
 31
0
  0
LINE
  5
46
330
1F
100
AcDbEntity
  8
B.Cu
  6
CONTINUOUS
100
AcDbLine
 10
5.6505750393700787
 20
-4.507568622047244
 30
0
 11
5.6492951968503933
 21
-4.5011344881889759
 31
0
  0
LINE
  5
47
330
1F
100
AcDbEntity
  8
B.Cu
  6
CONTINUOUS
100
AcDbLine
 10
5.6492951968503933
 20
-4.5011344881889759
 30
0
 11
5.6492951968503933
 21
-4.4945742519685039
 31
0
  0
LINE
  5
48
330
1F
100
AcDbEntity
  8
B.Cu
  6
CONTINUOUS
100
AcDbLine
 10
5.6492951968503933
 20
-4.4945742519685039
 30
0
 11
5.6505750393700787
 21
-4.4881401181102358
 31
0
  0
LINE
  5
49
330
1F
100
AcDbEntity
  8
B.Cu
  6
CONTINUOUS
100
AcDbLine
 10
5.6505750393700787
 20
-4.4881401181102358
 30
0
 11
5.6530855118110237
 21
-4.4820792913385823
 31
0
  0
LINE
  5
4A
330
1F
100
AcDbEntity
  8
B.Cu
  6
CONTINUOUS
100
AcDbLine
 10
5.6530855118110237
 20
-4.4820792913385823
 30
0
 11
5.6567301574803146
 21
-4.4766246850393703
 31
0
  0
LINE
  5
4B
330
1F
100
AcDbEntity
  8
B.Cu
  6
CONTINUOUS
100
AcDbLine
 10
5.6567301574803146
 20
-4.4766246850393703
 30
0
 11
5.6613689370078735
 21
-4.4719859055118105
 31
0
  0
LINE
  5
4C
330
1F
100
AcDbEntity
  8
B.Cu
  6
CONTINUOUS
100
AcDbLine
 10
5.6613689370078735
 20
-4.4719859055118105
 30
0
 11
5.6668235433070864
 21
-4.4683412598425196
 31
0
  0
LINE
  5
4D
330
1F
100
AcDbEntity
  8
B.Cu
  6
CONTINUOUS
100
AcDbLine
 10
5.6668235433070864
 20
-4.4683412598425196
 30
0
 11
5.6728843700787399
 21
-4.4658307874015746
 31
0
  0
LINE
  5
4E
330
1F
100
AcDbEntity
  8
B.Cu
  6
CONTINUOUS
100
AcDbLine
 10
5.6728843700787399
 20
-4.4658307874015746
 30
0
 11
5.679318503937008
 21
-4.4645509448818901
 31
0
  0
LINE
  5
4F
330
1F
100
AcDbEntity
  8
B.Cu
  6
CONTINUOUS
100
AcDbLine
 10
5.679318503937008
 20
-4.4645509448818901
 30
0
 11
5.68587874015748
 21
-4.4645509448818901
 31
0
  0
LINE
  5
50
330
1F
100
AcDbEntity
  8
B.Cu
  6
CONTINUOUS
100
AcDbLine
 10
5.68587874015748
 20
-4.4645509448818901
 30
0
 11
5.692312874015748
 21
-4.4658307874015746
 31
0
  0
LINE
  5
51
330
1F
100
AcDbEntity
  8
B.Cu
  6
CONTINUOUS
100
AcDbLine
 10
5.9015664173228348
 20
-4.4772297244094483
 30
0
 11
5.9041662992125987
 21
-4.478730748031496
 31
0
  0
LINE
  5
52
330
1F
100
AcDbEntity
  8
B.Cu
  6
CONTINUOUS
100
AcDbLine
 10
5.9041662992125987
 20
-4.478730748031496
 30
0
 11
5.9062891338582677
 21
-4.4808535826771649
 31
0
  0
LINE
  5
53
330
1F
100
AcDbEntity
  8
B.Cu
  6
CONTINUOUS
100
AcDbLine
 10
5.9062891338582677
 20
-4.4808535826771649
 30
0
 11
5.9077901574803144
 21
-4.4834534645669288
 31
0
  0
LINE
  5
54
330
1F
100
AcDbEntity
  8
B.Cu
  6
CONTINUOUS
100
AcDbLine
 10
5.9077901574803144
 20
-4.4834534645669288
 30
0
 11
5.9085671653543308
 21
-4.4863532677165354
 31
0
  0
LINE
  5
55
330
1F
100
AcDbEntity
  8
B.Cu
  6
CONTINUOUS
100
AcDbLine
 10
5.9085671653543308
 20
-4.4863532677165354
 30
0
 11
5.9085671653543308
 21
-4.4893553937007873
 31
0
  0
LINE
  5
56
330
1F
100
AcDbEntity
  8
B.Cu
  6
CONTINUOUS
100
AcDbLine
 10
5.9085671653543308
 20
-4.4893553937007873
 30
0
 11
5.9077901574803144
 21
-4.4922551968503939
 31
0
  0
LINE
  5
57
330
1F
100
AcDbEntity
  8
B.Cu
  6
CONTINUOUS
100
AcDbLine
 10
5.9077901574803144
 20
-4.4922551968503939
 30
0
 11
5.9062891338582677
 21
-4.4948550787401578
 31
0
  0
LINE
  5
58
330
1F
100
AcDbEntity
  8
B.Cu
  6
CONTINUOUS
100
AcDbLine
 10
5.9062891338582677
 20
-4.4948550787401578
 30
0
 11
5.9041662992125987
 21
-4.4969779133858268
 31
0
  0
LINE
  5
59
330
1F
100
AcDbEntity
  8
B.Cu
  6
CONTINUOUS
100
AcDbLine
 10
5.9041662992125987
 20
-4.4969779133858268
 30
0
 11
5.9015664173228348
 21
-4.4984789370078735
 31
0
  0
LINE
  5
5A
330
1F
100
AcDbEntity
  8
B.Cu
  6
CONTINUOUS
100
AcDbLine
 10
5.9015664173228348
 20
-4.4984789370078735
 30
0
 11
5.8986666141732282
 21
-4.4992559448818898
 31
0
  0
LINE
  5
5B
330
1F
100
AcDbEntity
  8
B.Cu
  6
CONTINUOUS
100
AcDbLine
 10
5.8986666141732282
 20
-4.4992559448818898
 30
0
 11
5.8956644881889764
 21
-4.4992559448818898
 31
0
  0
LINE
  5
5C
330
1F
100
AcDbEntity
  8
B.Cu
  6
CONTINUOUS
100
AcDbLine
 10
5.8956644881889764
 20
-4.4992559448818898
 30
0
 11
5.8927646850393698
 21
-4.4984789370078735
 31
0
  0
LINE
  5
5D
330
1F
100
AcDbEntity
  8
B.Cu
  6
CONTINUOUS
100
AcDbLine
 10
5.8927646850393698
 20
-4.4984789370078735
 30
0
 11
5.8901648031496059
 21
-4.4969779133858268
 31
0
  0
LINE
  5
5E
330
1F
100
AcDbEntity
  8
B.Cu
  6
CONTINUOUS
100
AcDbLine
 10
5.8901648031496059
 20
-4.4969779133858268
 30
0
 11
5.8880419685039369
 21
-4.4948550787401578
 31
0
  0
LINE
  5
5F
330
1F
100
AcDbEntity
  8
B.Cu
  6
CONTINUOUS
100
AcDbLine
 10
5.8880419685039369
 20
-4.4948550787401578
 30
0
 11
5.8865409448818893
 21
-4.4922551968503939
 31
0
  0
LINE
  5
60
330
1F
100
AcDbEntity
  8
B.Cu
  6
CONTINUOUS
100
AcDbLine
 10
5.8865409448818893
 20
-4.4922551968503939
 30
0
 11
5.8857639370078738
 21
-4.4893553937007873
 31
0
  0
LINE
  5
61
330
1F
100
AcDbEntity
  8
B.Cu
  6
CONTINUOUS
100
AcDbLine
 10
5.8857639370078738
 20
-4.4893553937007873
 30
0
 11
5.8857639370078738
 21
-4.4863532677165354
 31
0
  0
LINE
  5
62
330
1F
100
AcDbEntity
  8
B.Cu
  6
CONTINUOUS
100
AcDbLine
 10
5.8857639370078738
 20
-4.4863532677165354
 30
0
 11
5.8865409448818893
 21
-4.4834534645669288
 31
0
  0
LINE
  5
63
330
1F
100
AcDbEntity
  8
B.Cu
  6
CONTINUOUS
100
AcDbLine
 10
5.8865409448818893
 20
-4.4834534645669288
 30
0
 11
5.8880419685039369
 21
-4.4808535826771649
 31
0
  0
LINE
  5
64
330
1F
100
AcDbEntity
  8
B.Cu
  6
CONTINUOUS
100
AcDbLine
 10
5.8880419685039369
 20
-4.4808535826771649
 30
0
 11
5.8901648031496059
 21
-4.478730748031496
 31
0
  0
LINE
  5
65
330
1F
100
AcDbEntity
  8
B.Cu
  6
CONTINUOUS
100
AcDbLine
 10
5.8901648031496059
 20
-4.478730748031496
 30
0
 11
5.8927646850393698
 21
-4.4772297244094483
 31
0
  0
LINE
  5
66
330
1F
100
AcDbEntity
  8
B.Cu
  6
CONTINUOUS
100
AcDbLine
 10
5.8927646850393698
 20
-4.4772297244094483
 30
0
 11
5.8956644881889764
 21
-4.4764527165354329
 31
0
  0
LINE
  5
67
330
1F
100
AcDbEntity
  8
B.Cu
  6
CONTINUOUS
100
AcDbLine
 10
5.8956644881889764
 20
-4.4764527165354329
 30
0
 11
5.8986666141732282
 21
-4.4764527165354329
 31
0
  0
LINE
  5
68
330
1F
100
AcDbEntity
  8
B.Cu
  6
CONTINUOUS
100
AcDbLine
 10
5.8986666141732282
 20
-4.4764527165354329
 30
0
 11
5.9015664173228348
 21
-4.4772297244094483
 31
0
  0
LINE
  5
69
330
1F
100
AcDbEntity
  8
B.Cu
  6
CONTINUOUS
100
AcDbLine
 10
5.5177081496062987
 20
-4.3847100393700789
 30
0
 11
5.5203080314960626
 21
-4.3862110629921256
 31
0
  0
LINE
  5
6A
330
1F
100
AcDbEntity
  8
B.Cu
  6
CONTINUOUS
100
AcDbLine
 10
5.5203080314960626
 20
-4.3862110629921256
 30
0
 11
5.5224308661417325
 21
-4.3883338976377955
 31
0
  0
LINE
  5
6B
330
1F
100
AcDbEntity
  8
B.Cu
  6
CONTINUOUS
100
AcDbLine
 10
5.5224308661417325
 20
-4.3883338976377955
 30
0
 11
5.5239318897637792
 21
-4.3909337795275594
 31
0
  0
LINE
  5
6C
330
1F
100
AcDbEntity
  8
B.Cu
  6
CONTINUOUS
100
AcDbLine
 10
5.5239318897637792
 20
-4.3909337795275594
 30
0
 11
5.5247088976377947
 21
-4.3938335826771651
 31
0
  0
LINE
  5
6D
330
1F
100
AcDbEntity
  8
B.Cu
  6
CONTINUOUS
100
AcDbLine
 10
5.5247088976377947
 20
-4.3938335826771651
 30
0
 11
5.5247088976377947
 21
-4.3968357086614169
 31
0
  0
LINE
  5
6E
330
1F
100
AcDbEntity
  8
B.Cu
  6
CONTINUOUS
100
AcDbLine
 10
5.5247088976377947
 20
-4.3968357086614169
 30
0
 11
5.5239318897637792
 21
-4.3997355118110235
 31
0
  0
LINE
  5
6F
330
1F
100
AcDbEntity
  8
B.Cu
  6
CONTINUOUS
100
AcDbLine
 10
5.5239318897637792
 20
-4.3997355118110235
 30
0
 11
5.5224308661417325
 21
-4.4023353937007874
 31
0
  0
LINE
  5
70
330
1F
100
AcDbEntity
  8
B.Cu
  6
CONTINUOUS
100
AcDbLine
 10
5.5224308661417325
 20
-4.4023353937007874
 30
0
 11
5.5203080314960626
 21
-4.4044582283464564
 31
0
  0
LINE
  5
71
330
1F
100
AcDbEntity
  8
B.Cu
  6
CONTINUOUS
100
AcDbLine
 10
5.5203080314960626
 20
-4.4044582283464564
 30
0
 11
5.5177081496062987
 21
-4.405959251968504
 31
0
  0
LINE
  5
72
330
1F
100
AcDbEntity
  8
B.Cu
  6
CONTINUOUS
100
AcDbLine
 10
5.5177081496062987
 20
-4.405959251968504
 30
0
 11
5.514808346456693
 21
-4.4067362598425195
 31
0
  0
LINE
  5
73
330
1F
100
AcDbEntity
  8
B.Cu
  6
CONTINUOUS
100
AcDbLine
 10
5.514808346456693
 20
-4.4067362598425195
 30
0
 11
5.5118062204724412
 21
-4.4067362598425195
 31
0
  0
LINE
  5
74
330
1F
100
AcDbEntity
  8
B.Cu
  6
CONTINUOUS
100
AcDbLine
 10
5.5118062204724412
 20
-4.4067362598425195
 30
0
 11
5.5089064173228346
 21
-4.405959251968504
 31
0
  0
LINE
  5
75
330
1F
100
AcDbEntity
  8
B.Cu
  6
CONTINUOUS
100
AcDbLine
 10
5.5089064173228346
 20
-4.405959251968504
 30
0
 11
5.5063065354330707
 21
-4.4044582283464564
 31
0
  0
LINE
  5
76
330
1F
100
AcDbEntity
  8
B.Cu
  6
CONTINUOUS
100
AcDbLine
 10
5.5063065354330707
 20
-4.4044582283464564
 30
0
 11
5.5041837007874017
 21
-4.4023353937007874
 31
0
  0
LINE
  5
77
330
1F
100
AcDbEntity
  8
B.Cu
  6
CONTINUOUS
100
AcDbLine
 10
5.5041837007874017
 20
-4.4023353937007874
 30
0
 11
5.5026826771653541
 21
-4.3997355118110235
 31
0
  0
LINE
  5
78
330
1F
100
AcDbEntity
  8
B.Cu
  6
CONTINUOUS
100
AcDbLine
 10
5.5026826771653541
 20
-4.3997355118110235
 30
0
 11
5.5019056692913386
 21
-4.3968357086614169
 31
0
  0
LINE
  5
79
330
1F
100
AcDbEntity
  8
B.Cu
  6
CONTINUOUS
100
AcDbLine
 10
5.5019056692913386
 20
-4.3968357086614169
 30
0
 11
5.5019056692913386
 21
-4.3938335826771651
 31
0
  0
LINE
  5
7A
330
1F
100
AcDbEntity
  8
B.Cu
  6
CONTINUOUS
100
AcDbLine
 10
5.5019056692913386
 20
-4.3938335826771651
 30
0
 11
5.5026826771653541
 21
-4.3909337795275594
 31
0
  0
LINE
  5
7B
330
1F
100
AcDbEntity
  8
B.Cu
  6
CONTINUOUS
100
AcDbLine
 10
5.5026826771653541
 20
-4.3909337795275594
 30
0
 11
5.5041837007874017
 21
-4.3883338976377955
 31
0
  0
LINE
  5
7C
330
1F
100
AcDbEntity
  8
B.Cu
  6
CONTINUOUS
100
AcDbLine
 10
5.5041837007874017
 20
-4.3883338976377955
 30
0
 11
5.5063065354330707
 21
-4.3862110629921256
 31
0
  0
LINE
  5
7D
330
1F
100
AcDbEntity
  8
B.Cu
  6
CONTINUOUS
100
AcDbLine
 10
5.5063065354330707
 20
-4.3862110629921256
 30
0
 11
5.5089064173228346
 21
-4.3847100393700789
 31
0
  0
LINE
  5
7E
330
1F
100
AcDbEntity
  8
B.Cu
  6
CONTINUOUS
100
AcDbLine
 10
5.5089064173228346
 20
-4.3847100393700789
 30
0
 11
5.5118062204724412
 21
-4.3839330314960625
 31
0
  0
LINE
  5
7F
330
1F
100
AcDbEntity
  8
B.Cu
  6
CONTINUOUS
100
AcDbLine
 10
5.5118062204724412
 20
-4.3839330314960625
 30
0
 11
5.514808346456693
 21
-4.3839330314960625
 31
0
  0
LINE
  5
80
330
1F
100
AcDbEntity
  8
B.Cu
  6
CONTINUOUS
100
AcDbLine
 10
5.514808346456693
 20
-4.3839330314960625
 30
0
 11
5.5177081496062987
 21
-4.3847100393700789
 31
0
  0
LINE
  5
81
330
1F
100
AcDbEntity
  8
B.Cu
  6
CONTINUOUS
100
AcDbLine
 10
6.4763695669291339
 20
-4.3512455118110234
 30
0
 11
6.4789694488188978
 21
-4.352746535433071
 31
0
  0
LINE
  5
82
330
1F
100
AcDbEntity
  8
B.Cu
  6
CONTINUOUS
100
AcDbLine
 10
6.4789694488188978
 20
-4.352746535433071
 30
0
 11
6.4810922834645668
 21
-4.35486937007874
 31
0
  0
LINE
  5
83
330
1F
100
AcDbEntity
  8
B.Cu
  6
CONTINUOUS
100
AcDbLine
 10
6.4810922834645668
 20
-4.35486937007874
 30
0
 11
6.4825933070866144
 21
-4.3574692519685039
 31
0
  0
LINE
  5
84
330
1F
100
AcDbEntity
  8
B.Cu
  6
CONTINUOUS
100
AcDbLine
 10
6.4825933070866144
 20
-4.3574692519685039
 30
0
 11
6.4833703149606299
 21
-4.3603690551181105
 31
0
  0
LINE
  5
85
330
1F
100
AcDbEntity
  8
B.Cu
  6
CONTINUOUS
100
AcDbLine
 10
6.4833703149606299
 20
-4.3603690551181105
 30
0
 11
6.4833703149606299
 21
-4.3633711811023623
 31
0
  0
LINE
  5
86
330
1F
100
AcDbEntity
  8
B.Cu
  6
CONTINUOUS
100
AcDbLine
 10
6.4833703149606299
 20
-4.3633711811023623
 30
0
 11
6.4825933070866144
 21
-4.366270984251968
 31
0
  0
LINE
  5
87
330
1F
100
AcDbEntity
  8
B.Cu
  6
CONTINUOUS
100
AcDbLine
 10
6.4825933070866144
 20
-4.366270984251968
 30
0
 11
6.4810922834645668
 21
-4.3688708661417319
 31
0
  0
LINE
  5
88
330
1F
100
AcDbEntity
  8
B.Cu
  6
CONTINUOUS
100
AcDbLine
 10
6.4810922834645668
 20
-4.3688708661417319
 30
0
 11
6.4789694488188978
 21
-4.3709937007874018
 31
0
  0
LINE
  5
89
330
1F
100
AcDbEntity
  8
B.Cu
  6
CONTINUOUS
100
AcDbLine
 10
6.4789694488188978
 20
-4.3709937007874018
 30
0
 11
6.4763695669291339
 21
-4.3724947244094485
 31
0
  0
LINE
  5
8A
330
1F
100
AcDbEntity
  8
B.Cu
  6
CONTINUOUS
100
AcDbLine
 10
6.4763695669291339
 20
-4.3724947244094485
 30
0
 11
6.4734697637795273
 21
-4.3732717322834649
 31
0
  0
LINE
  5
8B
330
1F
100
AcDbEntity
  8
B.Cu
  6
CONTINUOUS
100
AcDbLine
 10
6.4734697637795273
 20
-4.3732717322834649
 30
0
 11
6.4704676377952755
 21
-4.3732717322834649
 31
0
  0
LINE
  5
8C
330
1F
100
AcDbEntity
  8
B.Cu
  6
CONTINUOUS
100
AcDbLine
 10
6.4704676377952755
 20
-4.3732717322834649
 30
0
 11
6.4675678346456689
 21
-4.3724947244094485
 31
0
  0
LINE
  5
8D
330
1F
100
AcDbEntity
  8
B.Cu
  6
CONTINUOUS
100
AcDbLine
 10
6.4675678346456689
 20
-4.3724947244094485
 30
0
 11
6.464967952755905
 21
-4.3709937007874018
 31
0
  0
LINE
  5
8E
330
1F
100
AcDbEntity
  8
B.Cu
  6
CONTINUOUS
100
AcDbLine
 10
6.464967952755905
 20
-4.3709937007874018
 30
0
 11
6.462845118110236
 21
-4.3688708661417319
 31
0
  0
LINE
  5
8F
330
1F
100
AcDbEntity
  8
B.Cu
  6
CONTINUOUS
100
AcDbLine
 10
6.462845118110236
 20
-4.3688708661417319
 30
0
 11
6.4613440944881892
 21
-4.366270984251968
 31
0
  0
LINE
  5
90
330
1F
100
AcDbEntity
  8
B.Cu
  6
CONTINUOUS
100
AcDbLine
 10
6.4613440944881892
 20
-4.366270984251968
 30
0
 11
6.4605670866141729
 21
-4.3633711811023623
 31
0
  0
LINE
  5
91
330
1F
100
AcDbEntity
  8
B.Cu
  6
CONTINUOUS
100
AcDbLine
 10
6.4605670866141729
 20
-4.3633711811023623
 30
0
 11
6.4605670866141729
 21
-4.3603690551181105
 31
0
  0
LINE
  5
92
330
1F
100
AcDbEntity
  8
B.Cu
  6
CONTINUOUS
100
AcDbLine
 10
6.4605670866141729
 20
-4.3603690551181105
 30
0
 11
6.4613440944881892
 21
-4.3574692519685039
 31
0
  0
LINE
  5
93
330
1F
100
AcDbEntity
  8
B.Cu
  6
CONTINUOUS
100
AcDbLine
 10
6.4613440944881892
 20
-4.3574692519685039
 30
0
 11
6.462845118110236
 21
-4.35486937007874
 31
0
  0
LINE
  5
94
330
1F
100
AcDbEntity
  8
B.Cu
  6
CONTINUOUS
100
AcDbLine
 10
6.462845118110236
 20
-4.35486937007874
 30
0
 11
6.464967952755905
 21
-4.352746535433071
 31
0
  0
LINE
  5
95
330
1F
100
AcDbEntity
  8
B.Cu
  6
CONTINUOUS
100
AcDbLine
 10
6.464967952755905
 20
-4.352746535433071
 30
0
 11
6.4675678346456689
 21
-4.3512455118110234
 31
0
  0
LINE
  5
96
330
1F
100
AcDbEntity
  8
B.Cu
  6
CONTINUOUS
100
AcDbLine
 10
6.4675678346456689
 20
-4.3512455118110234
 30
0
 11
6.4704676377952755
 21
-4.3504685039370079
 31
0
  0
LINE
  5
97
330
1F
100
AcDbEntity
  8
B.Cu
  6
CONTINUOUS
100
AcDbLine
 10
6.4704676377952755
 20
-4.3504685039370079
 30
0
 11
6.4734697637795273
 21
-4.3504685039370079
 31
0
  0
LINE
  5
98
330
1F
100
AcDbEntity
  8
B.Cu
  6
CONTINUOUS
100
AcDbLine
 10
6.4734697637795273
 20
-4.3504685039370079
 30
0
 11
6.4763695669291339
 21
-4.3512455118110234
 31
0
  0
LINE
  5
99
330
1F
100
AcDbEntity
  8
B.Cu
  6
CONTINUOUS
100
AcDbLine
 10
6.3897553937007876
 20
-4.3512454724409446
 30
0
 11
6.3923552755905506
 21
-4.3527464960629922
 31
0
  0
LINE
  5
9A
330
1F
100
AcDbEntity
  8
B.Cu
  6
CONTINUOUS
100
AcDbLine
 10
6.3923552755905506
 20
-4.3527464960629922
 30
0
 11
6.3944781102362205
 21
-4.3548693307086612
 31
0
  0
LINE
  5
9B
330
1F
100
AcDbEntity
  8
B.Cu
  6
CONTINUOUS
100
AcDbLine
 10
6.3944781102362205
 20
-4.3548693307086612
 30
0
 11
6.3959791338582672
 21
-4.3574692125984251
 31
0
  0
LINE
  5
9C
330
1F
100
AcDbEntity
  8
B.Cu
  6
CONTINUOUS
100
AcDbLine
 10
6.3959791338582672
 20
-4.3574692125984251
 30
0
 11
6.3967561417322836
 21
-4.3603690157480317
 31
0
  0
LINE
  5
9D
330
1F
100
AcDbEntity
  8
B.Cu
  6
CONTINUOUS
100
AcDbLine
 10
6.3967561417322836
 20
-4.3603690157480317
 30
0
 11
6.3967561417322836
 21
-4.3633711417322836
 31
0
  0
LINE
  5
9E
330
1F
100
AcDbEntity
  8
B.Cu
  6
CONTINUOUS
100
AcDbLine
 10
6.3967561417322836
 20
-4.3633711417322836
 30
0
 11
6.3959791338582672
 21
-4.3662709448818893
 31
0
  0
LINE
  5
9F
330
1F
100
AcDbEntity
  8
B.Cu
  6
CONTINUOUS
100
AcDbLine
 10
6.3959791338582672
 20
-4.3662709448818893
 30
0
 11
6.3944781102362205
 21
-4.3688708267716532
 31
0
  0
LINE
  5
A0
330
1F
100
AcDbEntity
  8
B.Cu
  6
CONTINUOUS
100
AcDbLine
 10
6.3944781102362205
 20
-4.3688708267716532
 30
0
 11
6.3923552755905506
 21
-4.370993661417323
 31
0
  0
LINE
  5
A1
330
1F
100
AcDbEntity
  8
B.Cu
  6
CONTINUOUS
100
AcDbLine
 10
6.3923552755905506
 20
-4.370993661417323
 30
0
 11
6.3897553937007876
 21
-4.3724946850393698
 31
0
  0
LINE
  5
A2
330
1F
100
AcDbEntity
  8
B.Cu
  6
CONTINUOUS
100
AcDbLine
 10
6.3897553937007876
 20
-4.3724946850393698
 30
0
 11
6.386855590551181
 21
-4.3732716929133861
 31
0
  0
LINE
  5
A3
330
1F
100
AcDbEntity
  8
B.Cu
  6
CONTINUOUS
100
AcDbLine
 10
6.386855590551181
 20
-4.3732716929133861
 30
0
 11
6.3838534645669291
 21
-4.3732716929133861
 31
0
  0
LINE
  5
A4
330
1F
100
AcDbEntity
  8
B.Cu
  6
CONTINUOUS
100
AcDbLine
 10
6.3838534645669291
 20
-4.3732716929133861
 30
0
 11
6.3809536614173226
 21
-4.3724946850393698
 31
0
  0
LINE
  5
A5
330
1F
100
AcDbEntity
  8
B.Cu
  6
CONTINUOUS
100
AcDbLine
 10
6.3809536614173226
 20
-4.3724946850393698
 30
0
 11
6.3783537795275587
 21
-4.370993661417323
 31
0
  0
LINE
  5
A6
330
1F
100
AcDbEntity
  8
B.Cu
  6
CONTINUOUS
100
AcDbLine
 10
6.3783537795275587
 20
-4.370993661417323
 30
0
 11
6.3762309448818897
 21
-4.3688708267716532
 31
0
  0
LINE
  5
A7
330
1F
100
AcDbEntity
  8
B.Cu
  6
CONTINUOUS
100
AcDbLine
 10
6.3762309448818897
 20
-4.3688708267716532
 30
0
 11
6.3747299212598421
 21
-4.3662709448818893
 31
0
  0
LINE
  5
A8
330
1F
100
AcDbEntity
  8
B.Cu
  6
CONTINUOUS
100
AcDbLine
 10
6.3747299212598421
 20
-4.3662709448818893
 30
0
 11
6.3739529133858266
 21
-4.3633711417322836
 31
0
  0
LINE
  5
A9
330
1F
100
AcDbEntity
  8
B.Cu
  6
CONTINUOUS
100
AcDbLine
 10
6.3739529133858266
 20
-4.3633711417322836
 30
0
 11
6.3739529133858266
 21
-4.3603690157480317
 31
0
  0
LINE
  5
AA
330
1F
100
AcDbEntity
  8
B.Cu
  6
CONTINUOUS
100
AcDbLine
 10
6.3739529133858266
 20
-4.3603690157480317
 30
0
 11
6.3747299212598421
 21
-4.3574692125984251
 31
0
  0
LINE
  5
AB
330
1F
100
AcDbEntity
  8
B.Cu
  6
CONTINUOUS
100
AcDbLine
 10
6.3747299212598421
 20
-4.3574692125984251
 30
0
 11
6.3762309448818897
 21
-4.3548693307086612
 31
0
  0
LINE
  5
AC
330
1F
100
AcDbEntity
  8
B.Cu
  6
CONTINUOUS
100
AcDbLine
 10
6.3762309448818897
 20
-4.3548693307086612
 30
0
 11
6.3783537795275587
 21
-4.3527464960629922
 31
0
  0
LINE
  5
AD
330
1F
100
AcDbEntity
  8
B.Cu
  6
CONTINUOUS
100
AcDbLine
 10
6.3783537795275587
 20
-4.3527464960629922
 30
0
 11
6.3809536614173226
 21
-4.3512454724409446
 31
0
  0
LINE
  5
AE
330
1F
100
AcDbEntity
  8
B.Cu
  6
CONTINUOUS
100
AcDbLine
 10
6.3809536614173226
 20
-4.3512454724409446
 30
0
 11
6.3838534645669291
 21
-4.3504684645669291
 31
0
  0
LINE
  5
AF
330
1F
100
AcDbEntity
  8
B.Cu
  6
CONTINUOUS
100
AcDbLine
 10
6.3838534645669291
 20
-4.3504684645669291
 30
0
 11
6.386855590551181
 21
-4.3504684645669291
 31
0
  0
LINE
  5
B0
330
1F
100
AcDbEntity
  8
B.Cu
  6
CONTINUOUS
100
AcDbLine
 10
6.386855590551181
 20
-4.3504684645669291
 30
0
 11
6.3897553937007876
 21
-4.3512454724409446
 31
0
  0
LINE
  5
B1
330
1F
100
AcDbEntity
  8
B.Cu
  6
CONTINUOUS
100
AcDbLine
 10
5.4684955511811024
 20
-4.3256549212598427
 30
0
 11
5.4710954330708663
 21
-4.3271559448818895
 31
0
  0
LINE
  5
B2
330
1F
100
AcDbEntity
  8
B.Cu
  6
CONTINUOUS
100
AcDbLine
 10
5.4710954330708663
 20
-4.3271559448818895
 30
0
 11
5.4732182677165353
 21
-4.3292787795275594
 31
0
  0
LINE
  5
B3
330
1F
100
AcDbEntity
  8
B.Cu
  6
CONTINUOUS
100
AcDbLine
 10
5.4732182677165353
 20
-4.3292787795275594
 30
0
 11
5.4747192913385829
 21
-4.3318786614173224
 31
0
  0
LINE
  5
B4
330
1F
100
AcDbEntity
  8
B.Cu
  6
CONTINUOUS
100
AcDbLine
 10
5.4747192913385829
 20
-4.3318786614173224
 30
0
 11
5.4754962992125984
 21
-4.3347784645669289
 31
0
  0
LINE
  5
B5
330
1F
100
AcDbEntity
  8
B.Cu
  6
CONTINUOUS
100
AcDbLine
 10
5.4754962992125984
 20
-4.3347784645669289
 30
0
 11
5.4754962992125984
 21
-4.3377805905511808
 31
0
  0
LINE
  5
B6
330
1F
100
AcDbEntity
  8
B.Cu
  6
CONTINUOUS
100
AcDbLine
 10
5.4754962992125984
 20
-4.3377805905511808
 30
0
 11
5.4747192913385829
 21
-4.3406803937007874
 31
0
  0
LINE
  5
B7
330
1F
100
AcDbEntity
  8
B.Cu
  6
CONTINUOUS
100
AcDbLine
 10
5.4747192913385829
 20
-4.3406803937007874
 30
0
 11
5.4732182677165353
 21
-4.3432802755905513
 31
0
  0
LINE
  5
B8
330
1F
100
AcDbEntity
  8
B.Cu
  6
CONTINUOUS
100
AcDbLine
 10
5.4732182677165353
 20
-4.3432802755905513
 30
0
 11
5.4710954330708663
 21
-4.3454031102362203
 31
0
  0
LINE
  5
B9
330
1F
100
AcDbEntity
  8
B.Cu
  6
CONTINUOUS
100
AcDbLine
 10
5.4710954330708663
 20
-4.3454031102362203
 30
0
 11
5.4684955511811024
 21
-4.3469041338582679
 31
0
  0
LINE
  5
BA
330
1F
100
AcDbEntity
  8
B.Cu
  6
CONTINUOUS
100
AcDbLine
 10
5.4684955511811024
 20
-4.3469041338582679
 30
0
 11
5.4655957480314958
 21
-4.3476811417322834
 31
0
  0
LINE
  5
BB
330
1F
100
AcDbEntity
  8
B.Cu
  6
CONTINUOUS
100
AcDbLine
 10
5.4655957480314958
 20
-4.3476811417322834
 30
0
 11
5.462593622047244
 21
-4.3476811417322834
 31
0
  0
LINE
  5
BC
330
1F
100
AcDbEntity
  8
B.Cu
  6
CONTINUOUS
100
AcDbLine
 10
5.462593622047244
 20
-4.3476811417322834
 30
0
 11
5.4596938188976374
 21
-4.3469041338582679
 31
0
  0
LINE
  5
BD
330
1F
100
AcDbEntity
  8
B.Cu
  6
CONTINUOUS
100
AcDbLine
 10
5.4596938188976374
 20
-4.3469041338582679
 30
0
 11
5.4570939370078735
 21
-4.3454031102362203
 31
0
  0
LINE
  5
BE
330
1F
100
AcDbEntity
  8
B.Cu
  6
CONTINUOUS
100
AcDbLine
 10
5.4570939370078735
 20
-4.3454031102362203
 30
0
 11
5.4549711023622045
 21
-4.3432802755905513
 31
0
  0
LINE
  5
BF
330
1F
100
AcDbEntity
  8
B.Cu
  6
CONTINUOUS
100
AcDbLine
 10
5.4549711023622045
 20
-4.3432802755905513
 30
0
 11
5.4534700787401578
 21
-4.3406803937007874
 31
0
  0
LINE
  5
C0
330
1F
100
AcDbEntity
  8
B.Cu
  6
CONTINUOUS
100
AcDbLine
 10
5.4534700787401578
 20
-4.3406803937007874
 30
0
 11
5.4526930708661414
 21
-4.3377805905511808
 31
0
  0
LINE
  5
C1
330
1F
100
AcDbEntity
  8
B.Cu
  6
CONTINUOUS
100
AcDbLine
 10
5.4526930708661414
 20
-4.3377805905511808
 30
0
 11
5.4526930708661414
 21
-4.3347784645669289
 31
0
  0
LINE
  5
C2
330
1F
100
AcDbEntity
  8
B.Cu
  6
CONTINUOUS
100
AcDbLine
 10
5.4526930708661414
 20
-4.3347784645669289
 30
0
 11
5.4534700787401578
 21
-4.3318786614173224
 31
0
  0
LINE
  5
C3
330
1F
100
AcDbEntity
  8
B.Cu
  6
CONTINUOUS
100
AcDbLine
 10
5.4534700787401578
 20
-4.3318786614173224
 30
0
 11
5.4549711023622045
 21
-4.3292787795275594
 31
0
  0
LINE
  5
C4
330
1F
100
AcDbEntity
  8
B.Cu
  6
CONTINUOUS
100
AcDbLine
 10
5.4549711023622045
 20
-4.3292787795275594
 30
0
 11
5.4570939370078735
 21
-4.3271559448818895
 31
0
  0
LINE
  5
C5
330
1F
100
AcDbEntity
  8
B.Cu
  6
CONTINUOUS
100
AcDbLine
 10
5.4570939370078735
 20
-4.3271559448818895
 30
0
 11
5.4596938188976374
 21
-4.3256549212598427
 31
0
  0
LINE
  5
C6
330
1F
100
AcDbEntity
  8
B.Cu
  6
CONTINUOUS
100
AcDbLine
 10
5.4596938188976374
 20
-4.3256549212598427
 30
0
 11
5.462593622047244
 21
-4.3248779133858264
 31
0
  0
LINE
  5
C7
330
1F
100
AcDbEntity
  8
B.Cu
  6
CONTINUOUS
100
AcDbLine
 10
5.462593622047244
 20
-4.3248779133858264
 30
0
 11
5.4655957480314958
 21
-4.3248779133858264
 31
0
  0
LINE
  5
C8
330
1F
100
AcDbEntity
  8
B.Cu
  6
CONTINUOUS
100
AcDbLine
 10
5.4655957480314958
 20
-4.3248779133858264
 30
0
 11
5.4684955511811024
 21
-4.3256549212598427
 31
0
  0
LINE
  5
C9
330
1F
100
AcDbEntity
  8
B.Cu
  6
CONTINUOUS
100
AcDbLine
 10
5.5472357086614172
 20
-4.3256549212598427
 30
0
 11
5.5498355905511811
 21
-4.3271559448818895
 31
0
  0
LINE
  5
CA
330
1F
100
AcDbEntity
  8
B.Cu
  6
CONTINUOUS
100
AcDbLine
 10
5.5498355905511811
 20
-4.3271559448818895
 30
0
 11
5.5519584251968501
 21
-4.3292787795275594
 31
0
  0
LINE
  5
CB
330
1F
100
AcDbEntity
  8
B.Cu
  6
CONTINUOUS
100
AcDbLine
 10
5.5519584251968501
 20
-4.3292787795275594
 30
0
 11
5.5534594488188977
 21
-4.3318786614173224
 31
0
  0
LINE
  5
CC
330
1F
100
AcDbEntity
  8
B.Cu
  6
CONTINUOUS
100
AcDbLine
 10
5.5534594488188977
 20
-4.3318786614173224
 30
0
 11
5.5542364566929132
 21
-4.3347784645669289
 31
0
  0
LINE
  5
CD
330
1F
100
AcDbEntity
  8
B.Cu
  6
CONTINUOUS
100
AcDbLine
 10
5.5542364566929132
 20
-4.3347784645669289
 30
0
 11
5.5542364566929132
 21
-4.3377805905511808
 31
0
  0
LINE
  5
CE
330
1F
100
AcDbEntity
  8
B.Cu
  6
CONTINUOUS
100
AcDbLine
 10
5.5542364566929132
 20
-4.3377805905511808
 30
0
 11
5.5534594488188977
 21
-4.3406803937007874
 31
0
  0
LINE
  5
CF
330
1F
100
AcDbEntity
  8
B.Cu
  6
CONTINUOUS
100
AcDbLine
 10
5.5534594488188977
 20
-4.3406803937007874
 30
0
 11
5.5519584251968501
 21
-4.3432802755905513
 31
0
  0
LINE
  5
D0
330
1F
100
AcDbEntity
  8
B.Cu
  6
CONTINUOUS
100
AcDbLine
 10
5.5519584251968501
 20
-4.3432802755905513
 30
0
 11
5.5498355905511811
 21
-4.3454031102362203
 31
0
  0
LINE
  5
D1
330
1F
100
AcDbEntity
  8
B.Cu
  6
CONTINUOUS
100
AcDbLine
 10
5.5498355905511811
 20
-4.3454031102362203
 30
0
 11
5.5472357086614172
 21
-4.3469041338582679
 31
0
  0
LINE
  5
D2
330
1F
100
AcDbEntity
  8
B.Cu
  6
CONTINUOUS
100
AcDbLine
 10
5.5472357086614172
 20
-4.3469041338582679
 30
0
 11
5.5443359055118107
 21
-4.3476811417322834
 31
0
  0
LINE
  5
D3
330
1F
100
AcDbEntity
  8
B.Cu
  6
CONTINUOUS
100
AcDbLine
 10
5.5443359055118107
 20
-4.3476811417322834
 30
0
 11
5.5413337795275588
 21
-4.3476811417322834
 31
0
  0
LINE
  5
D4
330
1F
100
AcDbEntity
  8
B.Cu
  6
CONTINUOUS
100
AcDbLine
 10
5.5413337795275588
 20
-4.3476811417322834
 30
0
 11
5.5384339763779522
 21
-4.3469041338582679
 31
0
  0
LINE
  5
D5
330
1F
100
AcDbEntity
  8
B.Cu
  6
CONTINUOUS
100
AcDbLine
 10
5.5384339763779522
 20
-4.3469041338582679
 30
0
 11
5.5358340944881892
 21
-4.3454031102362203
 31
0
  0
LINE
  5
D6
330
1F
100
AcDbEntity
  8
B.Cu
  6
CONTINUOUS
100
AcDbLine
 10
5.5358340944881892
 20
-4.3454031102362203
 30
0
 11
5.5337112598425193
 21
-4.3432802755905513
 31
0
  0
LINE
  5
D7
330
1F
100
AcDbEntity
  8
B.Cu
  6
CONTINUOUS
100
AcDbLine
 10
5.5337112598425193
 20
-4.3432802755905513
 30
0
 11
5.5322102362204726
 21
-4.3406803937007874
 31
0
  0
LINE
  5
D8
330
1F
100
AcDbEntity
  8
B.Cu
  6
CONTINUOUS
100
AcDbLine
 10
5.5322102362204726
 20
-4.3406803937007874
 30
0
 11
5.5314332283464562
 21
-4.3377805905511808
 31
0
  0
LINE
  5
D9
330
1F
100
AcDbEntity
  8
B.Cu
  6
CONTINUOUS
100
AcDbLine
 10
5.5314332283464562
 20
-4.3377805905511808
 30
0
 11
5.5314332283464562
 21
-4.3347784645669289
 31
0
  0
LINE
  5
DA
330
1F
100
AcDbEntity
  8
B.Cu
  6
CONTINUOUS
100
AcDbLine
 10
5.5314332283464562
 20
-4.3347784645669289
 30
0
 11
5.5322102362204726
 21
-4.3318786614173224
 31
0
  0
LINE
  5
DB
330
1F
100
AcDbEntity
  8
B.Cu
  6
CONTINUOUS
100
AcDbLine
 10
5.5322102362204726
 20
-4.3318786614173224
 30
0
 11
5.5337112598425193
 21
-4.3292787795275594
 31
0
  0
LINE
  5
DC
330
1F
100
AcDbEntity
  8
B.Cu
  6
CONTINUOUS
100
AcDbLine
 10
5.5337112598425193
 20
-4.3292787795275594
 30
0
 11
5.5358340944881892
 21
-4.3271559448818895
 31
0
  0
LINE
  5
DD
330
1F
100
AcDbEntity
  8
B.Cu
  6
CONTINUOUS
100
AcDbLine
 10
5.5358340944881892
 20
-4.3271559448818895
 30
0
 11
5.5384339763779522
 21
-4.3256549212598427
 31
0
  0
LINE
  5
DE
330
1F
100
AcDbEntity
  8
B.Cu
  6
CONTINUOUS
100
AcDbLine
 10
5.5384339763779522
 20
-4.3256549212598427
 30
0
 11
5.5413337795275588
 21
-4.3248779133858264
 31
0
  0
LINE
  5
DF
330
1F
100
AcDbEntity
  8
B.Cu
  6
CONTINUOUS
100
AcDbLine
 10
5.5413337795275588
 20
-4.3248779133858264
 30
0
 11
5.5443359055118107
 21
-4.3248779133858264
 31
0
  0
LINE
  5
E0
330
1F
100
AcDbEntity
  8
B.Cu
  6
CONTINUOUS
100
AcDbLine
 10
5.5443359055118107
 20
-4.3248779133858264
 30
0
 11
5.5472357086614172
 21
-4.3256549212598427
 31
0
  0
LINE
  5
E1
330
1F
100
AcDbEntity
  8
B.Cu
  6
CONTINUOUS
100
AcDbLine
 10
6.4035349212598422
 20
-4.296127401574803
 30
0
 11
6.4061348031496061
 21
-4.2976284251968506
 31
0
  0
LINE
  5
E2
330
1F
100
AcDbEntity
  8
B.Cu
  6
CONTINUOUS
100
AcDbLine
 10
6.4061348031496061
 20
-4.2976284251968506
 30
0
 11
6.4082576377952751
 21
-4.2997512598425196
 31
0
  0
LINE
  5
E3
330
1F
100
AcDbEntity
  8
B.Cu
  6
CONTINUOUS
100
AcDbLine
 10
6.4082576377952751
 20
-4.2997512598425196
 30
0
 11
6.4097586614173228
 21
-4.3023511417322835
 31
0
  0
LINE
  5
E4
330
1F
100
AcDbEntity
  8
B.Cu
  6
CONTINUOUS
100
AcDbLine
 10
6.4097586614173228
 20
-4.3023511417322835
 30
0
 11
6.4105356692913382
 21
-4.3052509448818901
 31
0
  0
LINE
  5
E5
330
1F
100
AcDbEntity
  8
B.Cu
  6
CONTINUOUS
100
AcDbLine
 10
6.4105356692913382
 20
-4.3052509448818901
 30
0
 11
6.4105356692913382
 21
-4.308253070866142
 31
0
  0
LINE
  5
E6
330
1F
100
AcDbEntity
  8
B.Cu
  6
CONTINUOUS
100
AcDbLine
 10
6.4105356692913382
 20
-4.308253070866142
 30
0
 11
6.4097586614173228
 21
-4.3111528740157476
 31
0
  0
LINE
  5
E7
330
1F
100
AcDbEntity
  8
B.Cu
  6
CONTINUOUS
100
AcDbLine
 10
6.4097586614173228
 20
-4.3111528740157476
 30
0
 11
6.4082576377952751
 21
-4.3137527559055115
 31
0
  0
LINE
  5
E8
330
1F
100
AcDbEntity
  8
B.Cu
  6
CONTINUOUS
100
AcDbLine
 10
6.4082576377952751
 20
-4.3137527559055115
 30
0
 11
6.4061348031496061
 21
-4.3158755905511814
 31
0
  0
LINE
  5
E9
330
1F
100
AcDbEntity
  8
B.Cu
  6
CONTINUOUS
100
AcDbLine
 10
6.4061348031496061
 20
-4.3158755905511814
 30
0
 11
6.4035349212598422
 21
-4.3173766141732282
 31
0
  0
LINE
  5
EA
330
1F
100
AcDbEntity
  8
B.Cu
  6
CONTINUOUS
100
AcDbLine
 10
6.4035349212598422
 20
-4.3173766141732282
 30
0
 11
6.4006351181102357
 21
-4.3181536220472436
 31
0
  0
LINE
  5
EB
330
1F
100
AcDbEntity
  8
B.Cu
  6
CONTINUOUS
100
AcDbLine
 10
6.4006351181102357
 20
-4.3181536220472436
 30
0
 11
6.3976329921259838
 21
-4.3181536220472436
 31
0
  0
LINE
  5
EC
330
1F
100
AcDbEntity
  8
B.Cu
  6
CONTINUOUS
100
AcDbLine
 10
6.3976329921259838
 20
-4.3181536220472436
 30
0
 11
6.3947331889763781
 21
-4.3173766141732282
 31
0
  0
LINE
  5
ED
330
1F
100
AcDbEntity
  8
B.Cu
  6
CONTINUOUS
100
AcDbLine
 10
6.3947331889763781
 20
-4.3173766141732282
 30
0
 11
6.3921333070866142
 21
-4.3158755905511814
 31
0
  0
LINE
  5
EE
330
1F
100
AcDbEntity
  8
B.Cu
  6
CONTINUOUS
100
AcDbLine
 10
6.3921333070866142
 20
-4.3158755905511814
 30
0
 11
6.3900104724409443
 21
-4.3137527559055115
 31
0
  0
LINE
  5
EF
330
1F
100
AcDbEntity
  8
B.Cu
  6
CONTINUOUS
100
AcDbLine
 10
6.3900104724409443
 20
-4.3137527559055115
 30
0
 11
6.3885094488188976
 21
-4.3111528740157476
 31
0
  0
LINE
  5
F0
330
1F
100
AcDbEntity
  8
B.Cu
  6
CONTINUOUS
100
AcDbLine
 10
6.3885094488188976
 20
-4.3111528740157476
 30
0
 11
6.3877324409448821
 21
-4.308253070866142
 31
0
  0
LINE
  5
F1
330
1F
100
AcDbEntity
  8
B.Cu
  6
CONTINUOUS
100
AcDbLine
 10
6.3877324409448821
 20
-4.308253070866142
 30
0
 11
6.3877324409448821
 21
-4.3052509448818901
 31
0
  0
LINE
  5
F2
330
1F
100
AcDbEntity
  8
B.Cu
  6
CONTINUOUS
100
AcDbLine
 10
6.3877324409448821
 20
-4.3052509448818901
 30
0
 11
6.3885094488188976
 21
-4.3023511417322835
 31
0
  0
LINE
  5
F3
330
1F
100
AcDbEntity
  8
B.Cu
  6
CONTINUOUS
100
AcDbLine
 10
6.3885094488188976
 20
-4.3023511417322835
 30
0
 11
6.3900104724409443
 21
-4.2997512598425196
 31
0
  0
LINE
  5
F4
330
1F
100
AcDbEntity
  8
B.Cu
  6
CONTINUOUS
100
AcDbLine
 10
6.3900104724409443
 20
-4.2997512598425196
 30
0
 11
6.3921333070866142
 21
-4.2976284251968506
 31
0
  0
LINE
  5
F5
330
1F
100
AcDbEntity
  8
B.Cu
  6
CONTINUOUS
100
AcDbLine
 10
6.3921333070866142
 20
-4.2976284251968506
 30
0
 11
6.3947331889763781
 21
-4.296127401574803
 31
0
  0
LINE
  5
F6
330
1F
100
AcDbEntity
  8
B.Cu
  6
CONTINUOUS
100
AcDbLine
 10
6.3947331889763781
 20
-4.296127401574803
 30
0
 11
6.3976329921259838
 21
-4.2953503937007875
 31
0
  0
LINE
  5
F7
330
1F
100
AcDbEntity
  8
B.Cu
  6
CONTINUOUS
100
AcDbLine
 10
6.3976329921259838
 20
-4.2953503937007875
 30
0
 11
6.4006351181102357
 21
-4.2953503937007875
 31
0
  0
LINE
  5
F8
330
1F
100
AcDbEntity
  8
B.Cu
  6
CONTINUOUS
100
AcDbLine
 10
6.4006351181102357
 20
-4.2953503937007875
 30
0
 11
6.4035349212598422
 21
-4.296127401574803
 31
0
  0
LINE
  5
F9
330
1F
100
AcDbEntity
  8
B.Cu
  6
CONTINUOUS
100
AcDbLine
 10
6.4999916141732283
 20
-4.2961273622047242
 30
0
 11
6.5025914960629922
 21
-4.2976283858267719
 31
0
  0
LINE
  5
FA
330
1F
100
AcDbEntity
  8
B.Cu
  6
CONTINUOUS
100
AcDbLine
 10
6.5025914960629922
 20
-4.2976283858267719
 30
0
 11
6.5047143307086612
 21
-4.2997512204724408
 31
0
  0
LINE
  5
FB
330
1F
100
AcDbEntity
  8
B.Cu
  6
CONTINUOUS
100
AcDbLine
 10
6.5047143307086612
 20
-4.2997512204724408
 30
0
 11
6.5062153543307089
 21
-4.3023511023622047
 31
0
  0
LINE
  5
FC
330
1F
100
AcDbEntity
  8
B.Cu
  6
CONTINUOUS
100
AcDbLine
 10
6.5062153543307089
 20
-4.3023511023622047
 30
0
 11
6.5069923622047243
 21
-4.3052509055118113
 31
0
  0
LINE
  5
FD
330
1F
100
AcDbEntity
  8
B.Cu
  6
CONTINUOUS
100
AcDbLine
 10
6.5069923622047243
 20
-4.3052509055118113
 30
0
 11
6.5069923622047243
 21
-4.3082530314960632
 31
0
  0
LINE
  5
FE
330
1F
100
AcDbEntity
  8
B.Cu
  6
CONTINUOUS
100
AcDbLine
 10
6.5069923622047243
 20
-4.3082530314960632
 30
0
 11
6.5062153543307089
 21
-4.3111528346456689
 31
0
  0
LINE
  5
FF
330
1F
100
AcDbEntity
  8
B.Cu
  6
CONTINUOUS
100
AcDbLine
 10
6.5062153543307089
 20
-4.3111528346456689
 30
0
 11
6.5047143307086612
 21
-4.3137527165354328
 31
0
  0
LINE
  5
100
330
1F
100
AcDbEntity
  8
B.Cu
  6
CONTINUOUS
100
AcDbLine
 10
6.5047143307086612
 20
-4.3137527165354328
 30
0
 11
6.5025914960629922
 21
-4.3158755511811027
 31
0
  0
LINE
  5
101
330
1F
100
AcDbEntity
  8
B.Cu
  6
CONTINUOUS
100
AcDbLine
 10
6.5025914960629922
 20
-4.3158755511811027
 30
0
 11
6.4999916141732283
 21
-4.3173765748031494
 31
0
  0
LINE
  5
102
330
1F
100
AcDbEntity
  8
B.Cu
  6
CONTINUOUS
100
AcDbLine
 10
6.4999916141732283
 20
-4.3173765748031494
 30
0
 11
6.4970918110236218
 21
-4.3181535826771649
 31
0
  0
LINE
  5
103
330
1F
100
AcDbEntity
  8
B.Cu
  6
CONTINUOUS
100
AcDbLine
 10
6.4970918110236218
 20
-4.3181535826771649
 30
0
 11
6.4940896850393699
 21
-4.3181535826771649
 31
0
  0
LINE
  5
104
330
1F
100
AcDbEntity
  8
B.Cu
  6
CONTINUOUS
100
AcDbLine
 10
6.4940896850393699
 20
-4.3181535826771649
 30
0
 11
6.4911898818897633
 21
-4.3173765748031494
 31
0
  0
LINE
  5
105
330
1F
100
AcDbEntity
  8
B.Cu
  6
CONTINUOUS
100
AcDbLine
 10
6.4911898818897633
 20
-4.3173765748031494
 30
0
 11
6.4885899999999994
 21
-4.3158755511811027
 31
0
  0
LINE
  5
106
330
1F
100
AcDbEntity
  8
B.Cu
  6
CONTINUOUS
100
AcDbLine
 10
6.4885899999999994
 20
-4.3158755511811027
 30
0
 11
6.4864671653543304
 21
-4.3137527165354328
 31
0
  0
LINE
  5
107
330
1F
100
AcDbEntity
  8
B.Cu
  6
CONTINUOUS
100
AcDbLine
 10
6.4864671653543304
 20
-4.3137527165354328
 30
0
 11
6.4849661417322837
 21
-4.3111528346456689
 31
0
  0
LINE
  5
108
330
1F
100
AcDbEntity
  8
B.Cu
  6
CONTINUOUS
100
AcDbLine
 10
6.4849661417322837
 20
-4.3111528346456689
 30
0
 11
6.4841891338582673
 21
-4.3082530314960632
 31
0
  0
LINE
  5
109
330
1F
100
AcDbEntity
  8
B.Cu
  6
CONTINUOUS
100
AcDbLine
 10
6.4841891338582673
 20
-4.3082530314960632
 30
0
 11
6.4841891338582673
 21
-4.3052509055118113
 31
0
  0
LINE
  5
10A
330
1F
100
AcDbEntity
  8
B.Cu
  6
CONTINUOUS
100
AcDbLine
 10
6.4841891338582673
 20
-4.3052509055118113
 30
0
 11
6.4849661417322837
 21
-4.3023511023622047
 31
0
  0
LINE
  5
10B
330
1F
100
AcDbEntity
  8
B.Cu
  6
CONTINUOUS
100
AcDbLine
 10
6.4849661417322837
 20
-4.3023511023622047
 30
0
 11
6.4864671653543304
 21
-4.2997512204724408
 31
0
  0
LINE
  5
10C
330
1F
100
AcDbEntity
  8
B.Cu
  6
CONTINUOUS
100
AcDbLine
 10
6.4864671653543304
 20
-4.2997512204724408
 30
0
 11
6.4885899999999994
 21
-4.2976283858267719
 31
0
  0
LINE
  5
10D
330
1F
100
AcDbEntity
  8
B.Cu
  6
CONTINUOUS
100
AcDbLine
 10
6.4885899999999994
 20
-4.2976283858267719
 30
0
 11
6.4911898818897633
 21
-4.2961273622047242
 31
0
  0
LINE
  5
10E
330
1F
100
AcDbEntity
  8
B.Cu
  6
CONTINUOUS
100
AcDbLine
 10
6.4911898818897633
 20
-4.2961273622047242
 30
0
 11
6.4940896850393699
 21
-4.2953503543307088
 31
0
  0
LINE
  5
10F
330
1F
100
AcDbEntity
  8
B.Cu
  6
CONTINUOUS
100
AcDbLine
 10
6.4940896850393699
 20
-4.2953503543307088
 30
0
 11
6.4970918110236218
 21
-4.2953503543307088
 31
0
  0
LINE
  5
110
330
1F
100
AcDbEntity
  8
B.Cu
  6
CONTINUOUS
100
AcDbLine
 10
6.4970918110236218
 20
-4.2953503543307088
 30
0
 11
6.4999916141732283
 21
-4.2961273622047242
 31
0
  0
LINE
  5
111
330
1F
100
AcDbEntity
  8
B.Cu
  6
CONTINUOUS
100
AcDbLine
 10
5.929125472440945
 20
-4.2954580314960626
 30
0
 11
5.9317253543307089
 21
-4.2969590551181103
 31
0
  0
LINE
  5
112
330
1F
100
AcDbEntity
  8
B.Cu
  6
CONTINUOUS
100
AcDbLine
 10
5.9317253543307089
 20
-4.2969590551181103
 30
0
 11
5.9338481889763779
 21
-4.2990818897637793
 31
0
  0
LINE
  5
113
330
1F
100
AcDbEntity
  8
B.Cu
  6
CONTINUOUS
100
AcDbLine
 10
5.9338481889763779
 20
-4.2990818897637793
 30
0
 11
5.9353492125984246
 21
-4.3016817716535432
 31
0
  0
LINE
  5
114
330
1F
100
AcDbEntity
  8
B.Cu
  6
CONTINUOUS
100
AcDbLine
 10
5.9353492125984246
 20
-4.3016817716535432
 30
0
 11
5.936126220472441
 21
-4.3045815748031497
 31
0
  0
LINE
  5
115
330
1F
100
AcDbEntity
  8
B.Cu
  6
CONTINUOUS
100
AcDbLine
 10
5.936126220472441
 20
-4.3045815748031497
 30
0
 11
5.936126220472441
 21
-4.3075837007874016
 31
0
  0
LINE
  5
116
330
1F
100
AcDbEntity
  8
B.Cu
  6
CONTINUOUS
100
AcDbLine
 10
5.936126220472441
 20
-4.3075837007874016
 30
0
 11
5.9353492125984246
 21
-4.3104835039370082
 31
0
  0
LINE
  5
117
330
1F
100
AcDbEntity
  8
B.Cu
  6
CONTINUOUS
100
AcDbLine
 10
5.9353492125984246
 20
-4.3104835039370082
 30
0
 11
5.9338481889763779
 21
-4.3130833858267712
 31
0
  0
LINE
  5
118
330
1F
100
AcDbEntity
  8
B.Cu
  6
CONTINUOUS
100
AcDbLine
 10
5.9338481889763779
 20
-4.3130833858267712
 30
0
 11
5.9317253543307089
 21
-4.3152062204724411
 31
0
  0
LINE
  5
119
330
1F
100
AcDbEntity
  8
B.Cu
  6
CONTINUOUS
100
AcDbLine
 10
5.9317253543307089
 20
-4.3152062204724411
 30
0
 11
5.929125472440945
 21
-4.3167072440944878
 31
0
  0
LINE
  5
11A
330
1F
100
AcDbEntity
  8
B.Cu
  6
CONTINUOUS
100
AcDbLine
 10
5.929125472440945
 20
-4.3167072440944878
 30
0
 11
5.9262256692913384
 21
-4.3174842519685042
 31
0
  0
LINE
  5
11B
330
1F
100
AcDbEntity
  8
B.Cu
  6
CONTINUOUS
100
AcDbLine
 10
5.9262256692913384
 20
-4.3174842519685042
 30
0
 11
5.9232235433070866
 21
-4.3174842519685042
 31
0
  0
LINE
  5
11C
330
1F
100
AcDbEntity
  8
B.Cu
  6
CONTINUOUS
100
AcDbLine
 10
5.9232235433070866
 20
-4.3174842519685042
 30
0
 11
5.92032374015748
 21
-4.3167072440944878
 31
0
  0
LINE
  5
11D
330
1F
100
AcDbEntity
  8
B.Cu
  6
CONTINUOUS
100
AcDbLine
 10
5.92032374015748
 20
-4.3167072440944878
 30
0
 11
5.9177238582677161
 21
-4.3152062204724411
 31
0
  0
LINE
  5
11E
330
1F
100
AcDbEntity
  8
B.Cu
  6
CONTINUOUS
100
AcDbLine
 10
5.9177238582677161
 20
-4.3152062204724411
 30
0
 11
5.9156010236220471
 21
-4.3130833858267712
 31
0
  0
LINE
  5
11F
330
1F
100
AcDbEntity
  8
B.Cu
  6
CONTINUOUS
100
AcDbLine
 10
5.9156010236220471
 20
-4.3130833858267712
 30
0
 11
5.9140999999999995
 21
-4.3104835039370082
 31
0
  0
LINE
  5
120
330
1F
100
AcDbEntity
  8
B.Cu
  6
CONTINUOUS
100
AcDbLine
 10
5.9140999999999995
 20
-4.3104835039370082
 30
0
 11
5.913322992125984
 21
-4.3075837007874016
 31
0
  0
LINE
  5
121
330
1F
100
AcDbEntity
  8
B.Cu
  6
CONTINUOUS
100
AcDbLine
 10
5.913322992125984
 20
-4.3075837007874016
 30
0
 11
5.913322992125984
 21
-4.3045815748031497
 31
0
  0
LINE
  5
122
330
1F
100
AcDbEntity
  8
B.Cu
  6
CONTINUOUS
100
AcDbLine
 10
5.913322992125984
 20
-4.3045815748031497
 30
0
 11
5.9140999999999995
 21
-4.3016817716535432
 31
0
  0
LINE
  5
123
330
1F
100
AcDbEntity
  8
B.Cu
  6
CONTINUOUS
100
AcDbLine
 10
5.9140999999999995
 20
-4.3016817716535432
 30
0
 11
5.9156010236220471
 21
-4.2990818897637793
 31
0
  0
LINE
  5
124
330
1F
100
AcDbEntity
  8
B.Cu
  6
CONTINUOUS
100
AcDbLine
 10
5.9156010236220471
 20
-4.2990818897637793
 30
0
 11
5.9177238582677161
 21
-4.2969590551181103
 31
0
  0
LINE
  5
125
330
1F
100
AcDbEntity
  8
B.Cu
  6
CONTINUOUS
100
AcDbLine
 10
5.9177238582677161
 20
-4.2969590551181103
 30
0
 11
5.92032374015748
 21
-4.2954580314960626
 31
0
  0
LINE
  5
126
330
1F
100
AcDbEntity
  8
B.Cu
  6
CONTINUOUS
100
AcDbLine
 10
5.92032374015748
 20
-4.2954580314960626
 30
0
 11
5.9232235433070866
 21
-4.2946810236220472
 31
0
  0
LINE
  5
127
330
1F
100
AcDbEntity
  8
B.Cu
  6
CONTINUOUS
100
AcDbLine
 10
5.9232235433070866
 20
-4.2946810236220472
 30
0
 11
5.9262256692913384
 21
-4.2946810236220472
 31
0
  0
LINE
  5
128
330
1F
100
AcDbEntity
  8
B.Cu
  6
CONTINUOUS
100
AcDbLine
 10
5.9262256692913384
 20
-4.2946810236220472
 30
0
 11
5.929125472440945
 21
-4.2954580314960626
 31
0
  0
LINE
  5
129
330
1F
100
AcDbEntity
  8
B.Cu
  6
CONTINUOUS
100
AcDbLine
 10
6.0039286220472441
 20
-4.2882533464566928
 30
0
 11
6.006528503937008
 21
-4.2897543700787404
 31
0
  0
LINE
  5
12A
330
1F
100
AcDbEntity
  8
B.Cu
  6
CONTINUOUS
100
AcDbLine
 10
6.006528503937008
 20
-4.2897543700787404
 30
0
 11
6.008651338582677
 21
-4.2918772047244094
 31
0
  0
LINE
  5
12B
330
1F
100
AcDbEntity
  8
B.Cu
  6
CONTINUOUS
100
AcDbLine
 10
6.008651338582677
 20
-4.2918772047244094
 30
0
 11
6.0101523622047246
 21
-4.2944770866141733
 31
0
  0
LINE
  5
12C
330
1F
100
AcDbEntity
  8
B.Cu
  6
CONTINUOUS
100
AcDbLine
 10
6.0101523622047246
 20
-4.2944770866141733
 30
0
 11
6.0109293700787401
 21
-4.2973768897637799
 31
0
  0
LINE
  5
12D
330
1F
100
AcDbEntity
  8
B.Cu
  6
CONTINUOUS
100
AcDbLine
 10
6.0109293700787401
 20
-4.2973768897637799
 30
0
 11
6.0109293700787401
 21
-4.3003790157480317
 31
0
  0
LINE
  5
12E
330
1F
100
AcDbEntity
  8
B.Cu
  6
CONTINUOUS
100
AcDbLine
 10
6.0109293700787401
 20
-4.3003790157480317
 30
0
 11
6.0101523622047246
 21
-4.3032788188976374
 31
0
  0
LINE
  5
12F
330
1F
100
AcDbEntity
  8
B.Cu
  6
CONTINUOUS
100
AcDbLine
 10
6.0101523622047246
 20
-4.3032788188976374
 30
0
 11
6.008651338582677
 21
-4.3058787007874013
 31
0
  0
LINE
  5
130
330
1F
100
AcDbEntity
  8
B.Cu
  6
CONTINUOUS
100
AcDbLine
 10
6.008651338582677
 20
-4.3058787007874013
 30
0
 11
6.006528503937008
 21
-4.3080015354330712
 31
0
  0
LINE
  5
131
330
1F
100
AcDbEntity
  8
B.Cu
  6
CONTINUOUS
100
AcDbLine
 10
6.006528503937008
 20
-4.3080015354330712
 30
0
 11
6.0039286220472441
 21
-4.3095025590551179
 31
0
  0
LINE
  5
132
330
1F
100
AcDbEntity
  8
B.Cu
  6
CONTINUOUS
100
AcDbLine
 10
6.0039286220472441
 20
-4.3095025590551179
 30
0
 11
6.0010288188976375
 21
-4.3102795669291334
 31
0
  0
LINE
  5
133
330
1F
100
AcDbEntity
  8
B.Cu
  6
CONTINUOUS
100
AcDbLine
 10
6.0010288188976375
 20
-4.3102795669291334
 30
0
 11
5.9980266929133856
 21
-4.3102795669291334
 31
0
  0
LINE
  5
134
330
1F
100
AcDbEntity
  8
B.Cu
  6
CONTINUOUS
100
AcDbLine
 10
5.9980266929133856
 20
-4.3102795669291334
 30
0
 11
5.9951268897637791
 21
-4.3095025590551179
 31
0
  0
LINE
  5
135
330
1F
100
AcDbEntity
  8
B.Cu
  6
CONTINUOUS
100
AcDbLine
 10
5.9951268897637791
 20
-4.3095025590551179
 30
0
 11
5.992527007874016
 21
-4.3080015354330712
 31
0
  0
LINE
  5
136
330
1F
100
AcDbEntity
  8
B.Cu
  6
CONTINUOUS
100
AcDbLine
 10
5.992527007874016
 20
-4.3080015354330712
 30
0
 11
5.9904041732283462
 21
-4.3058787007874013
 31
0
  0
LINE
  5
137
330
1F
100
AcDbEntity
  8
B.Cu
  6
CONTINUOUS
100
AcDbLine
 10
5.9904041732283462
 20
-4.3058787007874013
 30
0
 11
5.9889031496062994
 21
-4.3032788188976374
 31
0
  0
LINE
  5
138
330
1F
100
AcDbEntity
  8
B.Cu
  6
CONTINUOUS
100
AcDbLine
 10
5.9889031496062994
 20
-4.3032788188976374
 30
0
 11
5.9881261417322831
 21
-4.3003790157480317
 31
0
  0
LINE
  5
139
330
1F
100
AcDbEntity
  8
B.Cu
  6
CONTINUOUS
100
AcDbLine
 10
5.9881261417322831
 20
-4.3003790157480317
 30
0
 11
5.9881261417322831
 21
-4.2973768897637799
 31
0
  0
LINE
  5
13A
330
1F
100
AcDbEntity
  8
B.Cu
  6
CONTINUOUS
100
AcDbLine
 10
5.9881261417322831
 20
-4.2973768897637799
 30
0
 11
5.9889031496062994
 21
-4.2944770866141733
 31
0
  0
LINE
  5
13B
330
1F
100
AcDbEntity
  8
B.Cu
  6
CONTINUOUS
100
AcDbLine
 10
5.9889031496062994
 20
-4.2944770866141733
 30
0
 11
5.9904041732283462
 21
-4.2918772047244094
 31
0
  0
LINE
  5
13C
330
1F
100
AcDbEntity
  8
B.Cu
  6
CONTINUOUS
100
AcDbLine
 10
5.9904041732283462
 20
-4.2918772047244094
 30
0
 11
5.992527007874016
 21
-4.2897543700787404
 31
0
  0
LINE
  5
13D
330
1F
100
AcDbEntity
  8
B.Cu
  6
CONTINUOUS
100
AcDbLine
 10
5.992527007874016
 20
-4.2897543700787404
 30
0
 11
5.9951268897637791
 21
-4.2882533464566928
 31
0
  0
LINE
  5
13E
330
1F
100
AcDbEntity
  8
B.Cu
  6
CONTINUOUS
100
AcDbLine
 10
5.9951268897637791
 20
-4.2882533464566928
 30
0
 11
5.9980266929133856
 21
-4.2874763385826773
 31
0
  0
LINE
  5
13F
330
1F
100
AcDbEntity
  8
B.Cu
  6
CONTINUOUS
100
AcDbLine
 10
5.9980266929133856
 20
-4.2874763385826773
 30
0
 11
6.0010288188976375
 21
-4.2874763385826773
 31
0
  0
LINE
  5
140
330
1F
100
AcDbEntity
  8
B.Cu
  6
CONTINUOUS
100
AcDbLine
 10
6.0010288188976375
 20
-4.2874763385826773
 30
0
 11
6.0039286220472441
 21
-4.2882533464566928
 31
0
  0
LINE
  5
141
330
1F
100
AcDbEntity
  8
B.Cu
  6
CONTINUOUS
100
AcDbLine
 10
6.088574291338583
 20
-4.2882533464566928
 30
0
 11
6.091174173228346
 21
-4.2897543700787404
 31
0
  0
LINE
  5
142
330
1F
100
AcDbEntity
  8
B.Cu
  6
CONTINUOUS
100
AcDbLine
 10
6.091174173228346
 20
-4.2897543700787404
 30
0
 11
6.0932970078740158
 21
-4.2918772047244094
 31
0
  0
LINE
  5
143
330
1F
100
AcDbEntity
  8
B.Cu
  6
CONTINUOUS
100
AcDbLine
 10
6.0932970078740158
 20
-4.2918772047244094
 30
0
 11
6.0947980314960626
 21
-4.2944770866141733
 31
0
  0
LINE
  5
144
330
1F
100
AcDbEntity
  8
B.Cu
  6
CONTINUOUS
100
AcDbLine
 10
6.0947980314960626
 20
-4.2944770866141733
 30
0
 11
6.0955750393700789
 21
-4.2973768897637799
 31
0
  0
LINE
  5
145
330
1F
100
AcDbEntity
  8
B.Cu
  6
CONTINUOUS
100
AcDbLine
 10
6.0955750393700789
 20
-4.2973768897637799
 30
0
 11
6.0955750393700789
 21
-4.3003790157480317
 31
0
  0
LINE
  5
146
330
1F
100
AcDbEntity
  8
B.Cu
  6
CONTINUOUS
100
AcDbLine
 10
6.0955750393700789
 20
-4.3003790157480317
 30
0
 11
6.0947980314960626
 21
-4.3032788188976374
 31
0
  0
LINE
  5
147
330
1F
100
AcDbEntity
  8
B.Cu
  6
CONTINUOUS
100
AcDbLine
 10
6.0947980314960626
 20
-4.3032788188976374
 30
0
 11
6.0932970078740158
 21
-4.3058787007874013
 31
0
  0
LINE
  5
148
330
1F
100
AcDbEntity
  8
B.Cu
  6
CONTINUOUS
100
AcDbLine
 10
6.0932970078740158
 20
-4.3058787007874013
 30
0
 11
6.091174173228346
 21
-4.3080015354330712
 31
0
  0
LINE
  5
149
330
1F
100
AcDbEntity
  8
B.Cu
  6
CONTINUOUS
100
AcDbLine
 10
6.091174173228346
 20
-4.3080015354330712
 30
0
 11
6.088574291338583
 21
-4.3095025590551179
 31
0
  0
LINE
  5
14A
330
1F
100
AcDbEntity
  8
B.Cu
  6
CONTINUOUS
100
AcDbLine
 10
6.088574291338583
 20
-4.3095025590551179
 30
0
 11
6.0856744881889764
 21
-4.3102795669291334
 31
0
  0
LINE
  5
14B
330
1F
100
AcDbEntity
  8
B.Cu
  6
CONTINUOUS
100
AcDbLine
 10
6.0856744881889764
 20
-4.3102795669291334
 30
0
 11
6.0826723622047245
 21
-4.3102795669291334
 31
0
  0
LINE
  5
14C
330
1F
100
AcDbEntity
  8
B.Cu
  6
CONTINUOUS
100
AcDbLine
 10
6.0826723622047245
 20
-4.3102795669291334
 30
0
 11
6.0797725590551179
 21
-4.3095025590551179
 31
0
  0
LINE
  5
14D
330
1F
100
AcDbEntity
  8
B.Cu
  6
CONTINUOUS
100
AcDbLine
 10
6.0797725590551179
 20
-4.3095025590551179
 30
0
 11
6.077172677165354
 21
-4.3080015354330712
 31
0
  0
LINE
  5
14E
330
1F
100
AcDbEntity
  8
B.Cu
  6
CONTINUOUS
100
AcDbLine
 10
6.077172677165354
 20
-4.3080015354330712
 30
0
 11
6.0750498425196851
 21
-4.3058787007874013
 31
0
  0
LINE
  5
14F
330
1F
100
AcDbEntity
  8
B.Cu
  6
CONTINUOUS
100
AcDbLine
 10
6.0750498425196851
 20
-4.3058787007874013
 30
0
 11
6.0735488188976374
 21
-4.3032788188976374
 31
0
  0
LINE
  5
150
330
1F
100
AcDbEntity
  8
B.Cu
  6
CONTINUOUS
100
AcDbLine
 10
6.0735488188976374
 20
-4.3032788188976374
 30
0
 11
6.072771811023622
 21
-4.3003790157480317
 31
0
  0
LINE
  5
151
330
1F
100
AcDbEntity
  8
B.Cu
  6
CONTINUOUS
100
AcDbLine
 10
6.072771811023622
 20
-4.3003790157480317
 30
0
 11
6.072771811023622
 21
-4.2973768897637799
 31
0
  0
LINE
  5
152
330
1F
100
AcDbEntity
  8
B.Cu
  6
CONTINUOUS
100
AcDbLine
 10
6.072771811023622
 20
-4.2973768897637799
 30
0
 11
6.0735488188976374
 21
-4.2944770866141733
 31
0
  0
LINE
  5
153
330
1F
100
AcDbEntity
  8
B.Cu
  6
CONTINUOUS
100
AcDbLine
 10
6.0735488188976374
 20
-4.2944770866141733
 30
0
 11
6.0750498425196851
 21
-4.2918772047244094
 31
0
  0
LINE
  5
154
330
1F
100
AcDbEntity
  8
B.Cu
  6
CONTINUOUS
100
AcDbLine
 10
6.0750498425196851
 20
-4.2918772047244094
 30
0
 11
6.077172677165354
 21
-4.2897543700787404
 31
0
  0
LINE
  5
155
330
1F
100
AcDbEntity
  8
B.Cu
  6
CONTINUOUS
100
AcDbLine
 10
6.077172677165354
 20
-4.2897543700787404
 30
0
 11
6.0797725590551179
 21
-4.2882533464566928
 31
0
  0
LINE
  5
156
330
1F
100
AcDbEntity
  8
B.Cu
  6
CONTINUOUS
100
AcDbLine
 10
6.0797725590551179
 20
-4.2882533464566928
 30
0
 11
6.0826723622047245
 21
-4.2874763385826773
 31
0
  0
LINE
  5
157
330
1F
100
AcDbEntity
  8
B.Cu
  6
CONTINUOUS
100
AcDbLine
 10
6.0826723622047245
 20
-4.2874763385826773
 30
0
 11
6.0856744881889764
 21
-4.2874763385826773
 31
0
  0
LINE
  5
158
330
1F
100
AcDbEntity
  8
B.Cu
  6
CONTINUOUS
100
AcDbLine
 10
6.0856744881889764
 20
-4.2874763385826773
 30
0
 11
6.088574291338583
 21
-4.2882533464566928
 31
0
  0
LINE
  5
159
330
1F
100
AcDbEntity
  8
B.Cu
  6
CONTINUOUS
100
AcDbLine
 10
5.8621963385826774
 20
-4.2764423228346455
 30
0
 11
5.8647962204724404
 21
-4.2779433464566932
 31
0
  0
LINE
  5
15A
330
1F
100
AcDbEntity
  8
B.Cu
  6
CONTINUOUS
100
AcDbLine
 10
5.8647962204724404
 20
-4.2779433464566932
 30
0
 11
5.8669190551181103
 21
-4.2800661811023621
 31
0
  0
LINE
  5
15B
330
1F
100
AcDbEntity
  8
B.Cu
  6
CONTINUOUS
100
AcDbLine
 10
5.8669190551181103
 20
-4.2800661811023621
 30
0
 11
5.868420078740157
 21
-4.282666062992126
 31
0
  0
LINE
  5
15C
330
1F
100
AcDbEntity
  8
B.Cu
  6
CONTINUOUS
100
AcDbLine
 10
5.868420078740157
 20
-4.282666062992126
 30
0
 11
5.8691970866141734
 21
-4.2855658661417326
 31
0
  0
LINE
  5
15D
330
1F
100
AcDbEntity
  8
B.Cu
  6
CONTINUOUS
100
AcDbLine
 10
5.8691970866141734
 20
-4.2855658661417326
 30
0
 11
5.8691970866141734
 21
-4.2885679921259845
 31
0
  0
LINE
  5
15E
330
1F
100
AcDbEntity
  8
B.Cu
  6
CONTINUOUS
100
AcDbLine
 10
5.8691970866141734
 20
-4.2885679921259845
 30
0
 11
5.868420078740157
 21
-4.2914677952755902
 31
0
  0
LINE
  5
15F
330
1F
100
AcDbEntity
  8
B.Cu
  6
CONTINUOUS
100
AcDbLine
 10
5.868420078740157
 20
-4.2914677952755902
 30
0
 11
5.8669190551181103
 21
-4.2940676771653541
 31
0
  0
LINE
  5
160
330
1F
100
AcDbEntity
  8
B.Cu
  6
CONTINUOUS
100
AcDbLine
 10
5.8669190551181103
 20
-4.2940676771653541
 30
0
 11
5.8647962204724404
 21
-4.296190511811024
 31
0
  0
LINE
  5
161
330
1F
100
AcDbEntity
  8
B.Cu
  6
CONTINUOUS
100
AcDbLine
 10
5.8647962204724404
 20
-4.296190511811024
 30
0
 11
5.8621963385826774
 21
-4.2976915354330707
 31
0
  0
LINE
  5
162
330
1F
100
AcDbEntity
  8
B.Cu
  6
CONTINUOUS
100
AcDbLine
 10
5.8621963385826774
 20
-4.2976915354330707
 30
0
 11
5.8592965354330708
 21
-4.2984685433070862
 31
0
  0
LINE
  5
163
330
1F
100
AcDbEntity
  8
B.Cu
  6
CONTINUOUS
100
AcDbLine
 10
5.8592965354330708
 20
-4.2984685433070862
 30
0
 11
5.856294409448819
 21
-4.2984685433070862
 31
0
  0
LINE
  5
164
330
1F
100
AcDbEntity
  8
B.Cu
  6
CONTINUOUS
100
AcDbLine
 10
5.856294409448819
 20
-4.2984685433070862
 30
0
 11
5.8533946062992124
 21
-4.2976915354330707
 31
0
  0
LINE
  5
165
330
1F
100
AcDbEntity
  8
B.Cu
  6
CONTINUOUS
100
AcDbLine
 10
5.8533946062992124
 20
-4.2976915354330707
 30
0
 11
5.8507947244094485
 21
-4.296190511811024
 31
0
  0
LINE
  5
166
330
1F
100
AcDbEntity
  8
B.Cu
  6
CONTINUOUS
100
AcDbLine
 10
5.8507947244094485
 20
-4.296190511811024
 30
0
 11
5.8486718897637795
 21
-4.2940676771653541
 31
0
  0
LINE
  5
167
330
1F
100
AcDbEntity
  8
B.Cu
  6
CONTINUOUS
100
AcDbLine
 10
5.8486718897637795
 20
-4.2940676771653541
 30
0
 11
5.8471708661417319
 21
-4.2914677952755902
 31
0
  0
LINE
  5
168
330
1F
100
AcDbEntity
  8
B.Cu
  6
CONTINUOUS
100
AcDbLine
 10
5.8471708661417319
 20
-4.2914677952755902
 30
0
 11
5.8463938582677164
 21
-4.2885679921259845
 31
0
  0
LINE
  5
169
330
1F
100
AcDbEntity
  8
B.Cu
  6
CONTINUOUS
100
AcDbLine
 10
5.8463938582677164
 20
-4.2885679921259845
 30
0
 11
5.8463938582677164
 21
-4.2855658661417326
 31
0
  0
LINE
  5
16A
330
1F
100
AcDbEntity
  8
B.Cu
  6
CONTINUOUS
100
AcDbLine
 10
5.8463938582677164
 20
-4.2855658661417326
 30
0
 11
5.8471708661417319
 21
-4.282666062992126
 31
0
  0
LINE
  5
16B
330
1F
100
AcDbEntity
  8
B.Cu
  6
CONTINUOUS
100
AcDbLine
 10
5.8471708661417319
 20
-4.282666062992126
 30
0
 11
5.8486718897637795
 21
-4.2800661811023621
 31
0
  0
LINE
  5
16C
330
1F
100
AcDbEntity
  8
B.Cu
  6
CONTINUOUS
100
AcDbLine
 10
5.8486718897637795
 20
-4.2800661811023621
 30
0
 11
5.8507947244094485
 21
-4.2779433464566932
 31
0
  0
LINE
  5
16D
330
1F
100
AcDbEntity
  8
B.Cu
  6
CONTINUOUS
100
AcDbLine
 10
5.8507947244094485
 20
-4.2779433464566932
 30
0
 11
5.8533946062992124
 21
-4.2764423228346455
 31
0
  0
LINE
  5
16E
330
1F
100
AcDbEntity
  8
B.Cu
  6
CONTINUOUS
100
AcDbLine
 10
5.8533946062992124
 20
-4.2764423228346455
 30
0
 11
5.856294409448819
 21
-4.2756653149606301
 31
0
  0
LINE
  5
16F
330
1F
100
AcDbEntity
  8
B.Cu
  6
CONTINUOUS
100
AcDbLine
 10
5.856294409448819
 20
-4.2756653149606301
 30
0
 11
5.8592965354330708
 21
-4.2756653149606301
 31
0
  0
LINE
  5
170
330
1F
100
AcDbEntity
  8
B.Cu
  6
CONTINUOUS
100
AcDbLine
 10
5.8592965354330708
 20
-4.2756653149606301
 30
0
 11
5.8621963385826774
 21
-4.2764423228346455
 31
0
  0
LINE
  5
171
330
1F
100
AcDbEntity
  8
B.Cu
  6
CONTINUOUS
100
AcDbLine
 10
6.1771569291338579
 20
-4.2725053149606298
 30
0
 11
6.1797568110236218
 21
-4.2740063385826774
 31
0
  0
LINE
  5
172
330
1F
100
AcDbEntity
  8
B.Cu
  6
CONTINUOUS
100
AcDbLine
 10
6.1797568110236218
 20
-4.2740063385826774
 30
0
 11
6.1818796456692908
 21
-4.2761291732283464
 31
0
  0
LINE
  5
173
330
1F
100
AcDbEntity
  8
B.Cu
  6
CONTINUOUS
100
AcDbLine
 10
6.1818796456692908
 20
-4.2761291732283464
 30
0
 11
6.1833806692913384
 21
-4.2787290551181103
 31
0
  0
LINE
  5
174
330
1F
100
AcDbEntity
  8
B.Cu
  6
CONTINUOUS
100
AcDbLine
 10
6.1833806692913384
 20
-4.2787290551181103
 30
0
 11
6.1841576771653539
 21
-4.281628858267716
 31
0
  0
LINE
  5
175
330
1F
100
AcDbEntity
  8
B.Cu
  6
CONTINUOUS
100
AcDbLine
 10
6.1841576771653539
 20
-4.281628858267716
 30
0
 11
6.1841576771653539
 21
-4.2846309842519688
 31
0
  0
LINE
  5
176
330
1F
100
AcDbEntity
  8
B.Cu
  6
CONTINUOUS
100
AcDbLine
 10
6.1841576771653539
 20
-4.2846309842519688
 30
0
 11
6.1833806692913384
 21
-4.2875307874015745
 31
0
  0
LINE
  5
177
330
1F
100
AcDbEntity
  8
B.Cu
  6
CONTINUOUS
100
AcDbLine
 10
6.1833806692913384
 20
-4.2875307874015745
 30
0
 11
6.1818796456692908
 21
-4.2901306692913384
 31
0
  0
LINE
  5
178
330
1F
100
AcDbEntity
  8
B.Cu
  6
CONTINUOUS
100
AcDbLine
 10
6.1818796456692908
 20
-4.2901306692913384
 30
0
 11
6.1797568110236218
 21
-4.2922535039370082
 31
0
  0
LINE
  5
179
330
1F
100
AcDbEntity
  8
B.Cu
  6
CONTINUOUS
100
AcDbLine
 10
6.1797568110236218
 20
-4.2922535039370082
 30
0
 11
6.1771569291338579
 21
-4.293754527559055
 31
0
  0
LINE
  5
17A
330
1F
100
AcDbEntity
  8
B.Cu
  6
CONTINUOUS
100
AcDbLine
 10
6.1771569291338579
 20
-4.293754527559055
 30
0
 11
6.1742571259842522
 21
-4.2945315354330704
 31
0
  0
LINE
  5
17B
330
1F
100
AcDbEntity
  8
B.Cu
  6
CONTINUOUS
100
AcDbLine
 10
6.1742571259842522
 20
-4.2945315354330704
 30
0
 11
6.1712549999999995
 21
-4.2945315354330704
 31
0
  0
LINE
  5
17C
330
1F
100
AcDbEntity
  8
B.Cu
  6
CONTINUOUS
100
AcDbLine
 10
6.1712549999999995
 20
-4.2945315354330704
 30
0
 11
6.1683551968503938
 21
-4.293754527559055
 31
0
  0
LINE
  5
17D
330
1F
100
AcDbEntity
  8
B.Cu
  6
CONTINUOUS
100
AcDbLine
 10
6.1683551968503938
 20
-4.293754527559055
 30
0
 11
6.1657553149606299
 21
-4.2922535039370082
 31
0
  0
LINE
  5
17E
330
1F
100
AcDbEntity
  8
B.Cu
  6
CONTINUOUS
100
AcDbLine
 10
6.1657553149606299
 20
-4.2922535039370082
 30
0
 11
6.1636324803149609
 21
-4.2901306692913384
 31
0
  0
LINE
  5
17F
330
1F
100
AcDbEntity
  8
B.Cu
  6
CONTINUOUS
100
AcDbLine
 10
6.1636324803149609
 20
-4.2901306692913384
 30
0
 11
6.1621314566929133
 21
-4.2875307874015745
 31
0
  0
LINE
  5
180
330
1F
100
AcDbEntity
  8
B.Cu
  6
CONTINUOUS
100
AcDbLine
 10
6.1621314566929133
 20
-4.2875307874015745
 30
0
 11
6.1613544488188978
 21
-4.2846309842519688
 31
0
  0
LINE
  5
181
330
1F
100
AcDbEntity
  8
B.Cu
  6
CONTINUOUS
100
AcDbLine
 10
6.1613544488188978
 20
-4.2846309842519688
 30
0
 11
6.1613544488188978
 21
-4.281628858267716
 31
0
  0
LINE
  5
182
330
1F
100
AcDbEntity
  8
B.Cu
  6
CONTINUOUS
100
AcDbLine
 10
6.1613544488188978
 20
-4.281628858267716
 30
0
 11
6.1621314566929133
 21
-4.2787290551181103
 31
0
  0
LINE
  5
183
330
1F
100
AcDbEntity
  8
B.Cu
  6
CONTINUOUS
100
AcDbLine
 10
6.1621314566929133
 20
-4.2787290551181103
 30
0
 11
6.1636324803149609
 21
-4.2761291732283464
 31
0
  0
LINE
  5
184
330
1F
100
AcDbEntity
  8
B.Cu
  6
CONTINUOUS
100
AcDbLine
 10
6.1636324803149609
 20
-4.2761291732283464
 30
0
 11
6.1657553149606299
 21
-4.2740063385826774
 31
0
  0
LINE
  5
185
330
1F
100
AcDbEntity
  8
B.Cu
  6
CONTINUOUS
100
AcDbLine
 10
6.1657553149606299
 20
-4.2740063385826774
 30
0
 11
6.1683551968503938
 21
-4.2725053149606298
 31
0
  0
LINE
  5
186
330
1F
100
AcDbEntity
  8
B.Cu
  6
CONTINUOUS
100
AcDbLine
 10
6.1683551968503938
 20
-4.2725053149606298
 30
0
 11
6.1712549999999995
 21
-4.2717283070866143
 31
0
  0
LINE
  5
187
330
1F
100
AcDbEntity
  8
B.Cu
  6
CONTINUOUS
100
AcDbLine
 10
6.1712549999999995
 20
-4.2717283070866143
 30
0
 11
6.1742571259842522
 21
-4.2717283070866143
 31
0
  0
LINE
  5
188
330
1F
100
AcDbEntity
  8
B.Cu
  6
CONTINUOUS
100
AcDbLine
 10
6.1742571259842522
 20
-4.2717283070866143
 30
0
 11
6.1771569291338579
 21
-4.2725053149606298
 31
0
  0
LINE
  5
189
330
1F
100
AcDbEntity
  8
B.Cu
  6
CONTINUOUS
100
AcDbLine
 10
5.4527474803149607
 20
-4.2410092519685039
 30
0
 11
5.4553473622047246
 21
-4.2425102755905515
 31
0
  0
LINE
  5
18A
330
1F
100
AcDbEntity
  8
B.Cu
  6
CONTINUOUS
100
AcDbLine
 10
5.4553473622047246
 20
-4.2425102755905515
 30
0
 11
5.4574701968503936
 21
-4.2446331102362205
 31
0
  0
LINE
  5
18B
330
1F
100
AcDbEntity
  8
B.Cu
  6
CONTINUOUS
100
AcDbLine
 10
5.4574701968503936
 20
-4.2446331102362205
 30
0
 11
5.4589712204724412
 21
-4.2472329921259844
 31
0
  0
LINE
  5
18C
330
1F
100
AcDbEntity
  8
B.Cu
  6
CONTINUOUS
100
AcDbLine
 10
5.4589712204724412
 20
-4.2472329921259844
 30
0
 11
5.4597482283464567
 21
-4.2501327952755901
 31
0
  0
LINE
  5
18D
330
1F
100
AcDbEntity
  8
B.Cu
  6
CONTINUOUS
100
AcDbLine
 10
5.4597482283464567
 20
-4.2501327952755901
 30
0
 11
5.4597482283464567
 21
-4.2531349212598428
 31
0
  0
LINE
  5
18E
330
1F
100
AcDbEntity
  8
B.Cu
  6
CONTINUOUS
100
AcDbLine
 10
5.4597482283464567
 20
-4.2531349212598428
 30
0
 11
5.4589712204724412
 21
-4.2560347244094485
 31
0
  0
LINE
  5
18F
330
1F
100
AcDbEntity
  8
B.Cu
  6
CONTINUOUS
100
AcDbLine
 10
5.4589712204724412
 20
-4.2560347244094485
 30
0
 11
5.4574701968503936
 21
-4.2586346062992124
 31
0
  0
LINE
  5
190
330
1F
100
AcDbEntity
  8
B.Cu
  6
CONTINUOUS
100
AcDbLine
 10
5.4574701968503936
 20
-4.2586346062992124
 30
0
 11
5.4553473622047246
 21
-4.2607574409448814
 31
0
  0
LINE
  5
191
330
1F
100
AcDbEntity
  8
B.Cu
  6
CONTINUOUS
100
AcDbLine
 10
5.4553473622047246
 20
-4.2607574409448814
 30
0
 11
5.4527474803149607
 21
-4.262258464566929
 31
0
  0
LINE
  5
192
330
1F
100
AcDbEntity
  8
B.Cu
  6
CONTINUOUS
100
AcDbLine
 10
5.4527474803149607
 20
-4.262258464566929
 30
0
 11
5.4498476771653541
 21
-4.2630354724409445
 31
0
  0
LINE
  5
193
330
1F
100
AcDbEntity
  8
B.Cu
  6
CONTINUOUS
100
AcDbLine
 10
5.4498476771653541
 20
-4.2630354724409445
 30
0
 11
5.4468455511811023
 21
-4.2630354724409445
 31
0
  0
LINE
  5
194
330
1F
100
AcDbEntity
  8
B.Cu
  6
CONTINUOUS
100
AcDbLine
 10
5.4468455511811023
 20
-4.2630354724409445
 30
0
 11
5.4439457480314957
 21
-4.262258464566929
 31
0
  0
LINE
  5
195
330
1F
100
AcDbEntity
  8
B.Cu
  6
CONTINUOUS
100
AcDbLine
 10
5.4439457480314957
 20
-4.262258464566929
 30
0
 11
5.4413458661417318
 21
-4.2607574409448814
 31
0
  0
LINE
  5
196
330
1F
100
AcDbEntity
  8
B.Cu
  6
CONTINUOUS
100
AcDbLine
 10
5.4413458661417318
 20
-4.2607574409448814
 30
0
 11
5.4392230314960628
 21
-4.2586346062992124
 31
0
  0
LINE
  5
197
330
1F
100
AcDbEntity
  8
B.Cu
  6
CONTINUOUS
100
AcDbLine
 10
5.4392230314960628
 20
-4.2586346062992124
 30
0
 11
5.4377220078740161
 21
-4.2560347244094485
 31
0
  0
LINE
  5
198
330
1F
100
AcDbEntity
  8
B.Cu
  6
CONTINUOUS
100
AcDbLine
 10
5.4377220078740161
 20
-4.2560347244094485
 30
0
 11
5.4369449999999997
 21
-4.2531349212598428
 31
0
  0
LINE
  5
199
330
1F
100
AcDbEntity
  8
B.Cu
  6
CONTINUOUS
100
AcDbLine
 10
5.4369449999999997
 20
-4.2531349212598428
 30
0
 11
5.4369449999999997
 21
-4.2501327952755901
 31
0
  0
LINE
  5
19A
330
1F
100
AcDbEntity
  8
B.Cu
  6
CONTINUOUS
100
AcDbLine
 10
5.4369449999999997
 20
-4.2501327952755901
 30
0
 11
5.4377220078740161
 21
-4.2472329921259844
 31
0
  0
LINE
  5
19B
330
1F
100
AcDbEntity
  8
B.Cu
  6
CONTINUOUS
100
AcDbLine
 10
5.4377220078740161
 20
-4.2472329921259844
 30
0
 11
5.4392230314960628
 21
-4.2446331102362205
 31
0
  0
LINE
  5
19C
330
1F
100
AcDbEntity
  8
B.Cu
  6
CONTINUOUS
100
AcDbLine
 10
5.4392230314960628
 20
-4.2446331102362205
 30
0
 11
5.4413458661417318
 21
-4.2425102755905515
 31
0
  0
LINE
  5
19D
330
1F
100
AcDbEntity
  8
B.Cu
  6
CONTINUOUS
100
AcDbLine
 10
5.4413458661417318
 20
-4.2425102755905515
 30
0
 11
5.4439457480314957
 21
-4.2410092519685039
 31
0
  0
LINE
  5
19E
330
1F
100
AcDbEntity
  8
B.Cu
  6
CONTINUOUS
100
AcDbLine
 10
5.4439457480314957
 20
-4.2410092519685039
 30
0
 11
5.4468455511811023
 21
-4.2402322440944884
 31
0
  0
LINE
  5
19F
330
1F
100
AcDbEntity
  8
B.Cu
  6
CONTINUOUS
100
AcDbLine
 10
5.4468455511811023
 20
-4.2402322440944884
 30
0
 11
5.4498476771653541
 21
-4.2402322440944884
 31
0
  0
LINE
  5
1A0
330
1F
100
AcDbEntity
  8
B.Cu
  6
CONTINUOUS
100
AcDbLine
 10
5.4498476771653541
 20
-4.2402322440944884
 30
0
 11
5.4527474803149607
 21
-4.2410092519685039
 31
0
  0
LINE
  5
1A1
330
1F
100
AcDbEntity
  8
B.Cu
  6
CONTINUOUS
100
AcDbLine
 10
5.8987515748031498
 20
-4.1804944881889758
 30
0
 11
5.9058819685039365
 21
-4.1834479921259842
 31
0
  0
LINE
  5
1A2
330
1F
100
AcDbEntity
  8
B.Cu
  6
CONTINUOUS
100
AcDbLine
 10
5.9058819685039365
 20
-4.1834479921259842
 30
0
 11
5.9122991338582676
 21
-4.1877358267716538
 31
0
  0
LINE
  5
1A3
330
1F
100
AcDbEntity
  8
B.Cu
  6
CONTINUOUS
100
AcDbLine
 10
5.9122991338582676
 20
-4.1877358267716538
 30
0
 11
5.9177564960629923
 21
-4.1931931889763776
 31
0
  0
LINE
  5
1A4
330
1F
100
AcDbEntity
  8
B.Cu
  6
CONTINUOUS
100
AcDbLine
 10
5.9177564960629923
 20
-4.1931931889763776
 30
0
 11
5.922044330708661
 21
-4.1996103543307086
 31
0
  0
LINE
  5
1A5
330
1F
100
AcDbEntity
  8
B.Cu
  6
CONTINUOUS
100
AcDbLine
 10
5.922044330708661
 20
-4.1996103543307086
 30
0
 11
5.9249978346456693
 21
-4.2067407480314962
 31
0
  0
LINE
  5
1A6
330
1F
100
AcDbEntity
  8
B.Cu
  6
CONTINUOUS
100
AcDbLine
 10
5.9249978346456693
 20
-4.2067407480314962
 30
0
 11
5.9265035433070867
 21
-4.214310354330709
 31
0
  0
LINE
  5
1A7
330
1F
100
AcDbEntity
  8
B.Cu
  6
CONTINUOUS
100
AcDbLine
 10
5.9265035433070867
 20
-4.214310354330709
 30
0
 11
5.9265035433070867
 21
-4.2220282283464563
 31
0
  0
LINE
  5
1A8
330
1F
100
AcDbEntity
  8
B.Cu
  6
CONTINUOUS
100
AcDbLine
 10
5.9265035433070867
 20
-4.2220282283464563
 30
0
 11
5.9249978346456693
 21
-4.2295978346456691
 31
0
  0
LINE
  5
1A9
330
1F
100
AcDbEntity
  8
B.Cu
  6
CONTINUOUS
100
AcDbLine
 10
5.9249978346456693
 20
-4.2295978346456691
 30
0
 11
5.922044330708661
 21
-4.2367282283464567
 31
0
  0
LINE
  5
1AA
330
1F
100
AcDbEntity
  8
B.Cu
  6
CONTINUOUS
100
AcDbLine
 10
5.922044330708661
 20
-4.2367282283464567
 30
0
 11
5.9177564960629923
 21
-4.2431453937007877
 31
0
  0
LINE
  5
1AB
330
1F
100
AcDbEntity
  8
B.Cu
  6
CONTINUOUS
100
AcDbLine
 10
5.9177564960629923
 20
-4.2431453937007877
 30
0
 11
5.9122991338582676
 21
-4.2486027559055115
 31
0
  0
LINE
  5
1AC
330
1F
100
AcDbEntity
  8
B.Cu
  6
CONTINUOUS
100
AcDbLine
 10
5.9122991338582676
 20
-4.2486027559055115
 30
0
 11
5.9058819685039365
 21
-4.2528905905511811
 31
0
  0
LINE
  5
1AD
330
1F
100
AcDbEntity
  8
B.Cu
  6
CONTINUOUS
100
AcDbLine
 10
5.9058819685039365
 20
-4.2528905905511811
 30
0
 11
5.8987515748031498
 21
-4.2558440944881886
 31
0
  0
LINE
  5
1AE
330
1F
100
AcDbEntity
  8
B.Cu
  6
CONTINUOUS
100
AcDbLine
 10
5.8987515748031498
 20
-4.2558440944881886
 30
0
 11
5.891181968503937
 21
-4.257349803149606
 31
0
  0
LINE
  5
1AF
330
1F
100
AcDbEntity
  8
B.Cu
  6
CONTINUOUS
100
AcDbLine
 10
5.891181968503937
 20
-4.257349803149606
 30
0
 11
5.8834640944881889
 21
-4.257349803149606
 31
0
  0
LINE
  5
1B0
330
1F
100
AcDbEntity
  8
B.Cu
  6
CONTINUOUS
100
AcDbLine
 10
5.8834640944881889
 20
-4.257349803149606
 30
0
 11
5.8758944881889761
 21
-4.2558440944881886
 31
0
  0
LINE
  5
1B1
330
1F
100
AcDbEntity
  8
B.Cu
  6
CONTINUOUS
100
AcDbLine
 10
5.8758944881889761
 20
-4.2558440944881886
 30
0
 11
5.8687640944881885
 21
-4.2528905905511811
 31
0
  0
LINE
  5
1B2
330
1F
100
AcDbEntity
  8
B.Cu
  6
CONTINUOUS
100
AcDbLine
 10
5.8687640944881885
 20
-4.2528905905511811
 30
0
 11
5.8623469291338584
 21
-4.2486027559055115
 31
0
  0
LINE
  5
1B3
330
1F
100
AcDbEntity
  8
B.Cu
  6
CONTINUOUS
100
AcDbLine
 10
5.8623469291338584
 20
-4.2486027559055115
 30
0
 11
5.8568895669291337
 21
-4.2431453937007877
 31
0
  0
LINE
  5
1B4
330
1F
100
AcDbEntity
  8
B.Cu
  6
CONTINUOUS
100
AcDbLine
 10
5.8568895669291337
 20
-4.2431453937007877
 30
0
 11
5.852601732283464
 21
-4.2367282283464567
 31
0
  0
LINE
  5
1B5
330
1F
100
AcDbEntity
  8
B.Cu
  6
CONTINUOUS
100
AcDbLine
 10
5.852601732283464
 20
-4.2367282283464567
 30
0
 11
5.8496482283464566
 21
-4.2295978346456691
 31
0
  0
LINE
  5
1B6
330
1F
100
AcDbEntity
  8
B.Cu
  6
CONTINUOUS
100
AcDbLine
 10
5.8496482283464566
 20
-4.2295978346456691
 30
0
 11
5.8481425196850392
 21
-4.2220282283464563
 31
0
  0
LINE
  5
1B7
330
1F
100
AcDbEntity
  8
B.Cu
  6
CONTINUOUS
100
AcDbLine
 10
5.8481425196850392
 20
-4.2220282283464563
 30
0
 11
5.8481425196850392
 21
-4.214310354330709
 31
0
  0
LINE
  5
1B8
330
1F
100
AcDbEntity
  8
B.Cu
  6
CONTINUOUS
100
AcDbLine
 10
5.8481425196850392
 20
-4.214310354330709
 30
0
 11
5.8496482283464566
 21
-4.2067407480314962
 31
0
  0
LINE
  5
1B9
330
1F
100
AcDbEntity
  8
B.Cu
  6
CONTINUOUS
100
AcDbLine
 10
5.8496482283464566
 20
-4.2067407480314962
 30
0
 11
5.852601732283464
 21
-4.1996103543307086
 31
0
  0
LINE
  5
1BA
330
1F
100
AcDbEntity
  8
B.Cu
  6
CONTINUOUS
100
AcDbLine
 10
5.852601732283464
 20
-4.1996103543307086
 30
0
 11
5.8568895669291337
 21
-4.1931931889763776
 31
0
  0
LINE
  5
1BB
330
1F
100
AcDbEntity
  8
B.Cu
  6
CONTINUOUS
100
AcDbLine
 10
5.8568895669291337
 20
-4.1931931889763776
 30
0
 11
5.8623469291338584
 21
-4.1877358267716538
 31
0
  0
LINE
  5
1BC
330
1F
100
AcDbEntity
  8
B.Cu
  6
CONTINUOUS
100
AcDbLine
 10
5.8623469291338584
 20
-4.1877358267716538
 30
0
 11
5.8687640944881885
 21
-4.1834479921259842
 31
0
  0
LINE
  5
1BD
330
1F
100
AcDbEntity
  8
B.Cu
  6
CONTINUOUS
100
AcDbLine
 10
5.8687640944881885
 20
-4.1834479921259842
 30
0
 11
5.8758944881889761
 21
-4.1804944881889758
 31
0
  0
LINE
  5
1BE
330
1F
100
AcDbEntity
  8
B.Cu
  6
CONTINUOUS
100
AcDbLine
 10
5.8758944881889761
 20
-4.1804944881889758
 30
0
 11
5.8834640944881889
 21
-4.1789887795275593
 31
0
  0
LINE
  5
1BF
330
1F
100
AcDbEntity
  8
B.Cu
  6
CONTINUOUS
100
AcDbLine
 10
5.8834640944881889
 20
-4.1789887795275593
 30
0
 11
5.891181968503937
 21
-4.1789887795275593
 31
0
  0
LINE
  5
1C0
330
1F
100
AcDbEntity
  8
B.Cu
  6
CONTINUOUS
100
AcDbLine
 10
5.891181968503937
 20
-4.1789887795275593
 30
0
 11
5.8987515748031498
 21
-4.1804944881889758
 31
0
  0
LINE
  5
1C1
330
1F
100
AcDbEntity
  8
B.Cu
  6
CONTINUOUS
100
AcDbLine
 10
6.1377868897637793
 20
-4.2272297244094483
 30
0
 11
6.1403867716535432
 21
-4.228730748031496
 31
0
  0
LINE
  5
1C2
330
1F
100
AcDbEntity
  8
B.Cu
  6
CONTINUOUS
100
AcDbLine
 10
6.1403867716535432
 20
-4.228730748031496
 30
0
 11
6.1425096062992122
 21
-4.2308535826771649
 31
0
  0
LINE
  5
1C3
330
1F
100
AcDbEntity
  8
B.Cu
  6
CONTINUOUS
100
AcDbLine
 10
6.1425096062992122
 20
-4.2308535826771649
 30
0
 11
6.1440106299212598
 21
-4.2334534645669288
 31
0
  0
LINE
  5
1C4
330
1F
100
AcDbEntity
  8
B.Cu
  6
CONTINUOUS
100
AcDbLine
 10
6.1440106299212598
 20
-4.2334534645669288
 30
0
 11
6.1447876377952753
 21
-4.2363532677165354
 31
0
  0
LINE
  5
1C5
330
1F
100
AcDbEntity
  8
B.Cu
  6
CONTINUOUS
100
AcDbLine
 10
6.1447876377952753
 20
-4.2363532677165354
 30
0
 11
6.1447876377952753
 21
-4.2393553937007873
 31
0
  0
LINE
  5
1C6
330
1F
100
AcDbEntity
  8
B.Cu
  6
CONTINUOUS
100
AcDbLine
 10
6.1447876377952753
 20
-4.2393553937007873
 30
0
 11
6.1440106299212598
 21
-4.2422551968503939
 31
0
  0
LINE
  5
1C7
330
1F
100
AcDbEntity
  8
B.Cu
  6
CONTINUOUS
100
AcDbLine
 10
6.1440106299212598
 20
-4.2422551968503939
 30
0
 11
6.1425096062992122
 21
-4.2448550787401578
 31
0
  0
LINE
  5
1C8
330
1F
100
AcDbEntity
  8
B.Cu
  6
CONTINUOUS
100
AcDbLine
 10
6.1425096062992122
 20
-4.2448550787401578
 30
0
 11
6.1403867716535432
 21
-4.2469779133858268
 31
0
  0
LINE
  5
1C9
330
1F
100
AcDbEntity
  8
B.Cu
  6
CONTINUOUS
100
AcDbLine
 10
6.1403867716535432
 20
-4.2469779133858268
 30
0
 11
6.1377868897637793
 21
-4.2484789370078735
 31
0
  0
LINE
  5
1CA
330
1F
100
AcDbEntity
  8
B.Cu
  6
CONTINUOUS
100
AcDbLine
 10
6.1377868897637793
 20
-4.2484789370078735
 30
0
 11
6.1348870866141727
 21
-4.2492559448818898
 31
0
  0
LINE
  5
1CB
330
1F
100
AcDbEntity
  8
B.Cu
  6
CONTINUOUS
100
AcDbLine
 10
6.1348870866141727
 20
-4.2492559448818898
 30
0
 11
6.1318849606299208
 21
-4.2492559448818898
 31
0
  0
LINE
  5
1CC
330
1F
100
AcDbEntity
  8
B.Cu
  6
CONTINUOUS
100
AcDbLine
 10
6.1318849606299208
 20
-4.2492559448818898
 30
0
 11
6.1289851574803151
 21
-4.2484789370078735
 31
0
  0
LINE
  5
1CD
330
1F
100
AcDbEntity
  8
B.Cu
  6
CONTINUOUS
100
AcDbLine
 10
6.1289851574803151
 20
-4.2484789370078735
 30
0
 11
6.1263852755905512
 21
-4.2469779133858268
 31
0
  0
LINE
  5
1CE
330
1F
100
AcDbEntity
  8
B.Cu
  6
CONTINUOUS
100
AcDbLine
 10
6.1263852755905512
 20
-4.2469779133858268
 30
0
 11
6.1242624409448814
 21
-4.2448550787401578
 31
0
  0
LINE
  5
1CF
330
1F
100
AcDbEntity
  8
B.Cu
  6
CONTINUOUS
100
AcDbLine
 10
6.1242624409448814
 20
-4.2448550787401578
 30
0
 11
6.1227614173228346
 21
-4.2422551968503939
 31
0
  0
LINE
  5
1D0
330
1F
100
AcDbEntity
  8
B.Cu
  6
CONTINUOUS
100
AcDbLine
 10
6.1227614173228346
 20
-4.2422551968503939
 30
0
 11
6.1219844094488192
 21
-4.2393553937007873
 31
0
  0
LINE
  5
1D1
330
1F
100
AcDbEntity
  8
B.Cu
  6
CONTINUOUS
100
AcDbLine
 10
6.1219844094488192
 20
-4.2393553937007873
 30
0
 11
6.1219844094488192
 21
-4.2363532677165354
 31
0
  0
LINE
  5
1D2
330
1F
100
AcDbEntity
  8
B.Cu
  6
CONTINUOUS
100
AcDbLine
 10
6.1219844094488192
 20
-4.2363532677165354
 30
0
 11
6.1227614173228346
 21
-4.2334534645669288
 31
0
  0
LINE
  5
1D3
330
1F
100
AcDbEntity
  8
B.Cu
  6
CONTINUOUS
100
AcDbLine
 10
6.1227614173228346
 20
-4.2334534645669288
 30
0
 11
6.1242624409448814
 21
-4.2308535826771649
 31
0
  0
LINE
  5
1D4
330
1F
100
AcDbEntity
  8
B.Cu
  6
CONTINUOUS
100
AcDbLine
 10
6.1242624409448814
 20
-4.2308535826771649
 30
0
 11
6.1263852755905512
 21
-4.228730748031496
 31
0
  0
LINE
  5
1D5
330
1F
100
AcDbEntity
  8
B.Cu
  6
CONTINUOUS
100
AcDbLine
 10
6.1263852755905512
 20
-4.228730748031496
 30
0
 11
6.1289851574803151
 21
-4.2272297244094483
 31
0
  0
LINE
  5
1D6
330
1F
100
AcDbEntity
  8
B.Cu
  6
CONTINUOUS
100
AcDbLine
 10
6.1289851574803151
 20
-4.2272297244094483
 30
0
 11
6.1318849606299208
 21
-4.2264527165354329
 31
0
  0
LINE
  5
1D7
330
1F
100
AcDbEntity
  8
B.Cu
  6
CONTINUOUS
100
AcDbLine
 10
6.1318849606299208
 20
-4.2264527165354329
 30
0
 11
6.1348870866141727
 21
-4.2264527165354329
 31
0
  0
LINE
  5
1D8
330
1F
100
AcDbEntity
  8
B.Cu
  6
CONTINUOUS
100
AcDbLine
 10
6.1348870866141727
 20
-4.2264527165354329
 30
0
 11
6.1377868897637793
 21
-4.2272297244094483
 31
0
  0
LINE
  5
1D9
330
1F
100
AcDbEntity
  8
B.Cu
  6
CONTINUOUS
100
AcDbLine
 10
6.0039286220472441
 20
-4.2173872047244094
 30
0
 11
6.006528503937008
 21
-4.2188882283464562
 31
0
  0
LINE
  5
1DA
330
1F
100
AcDbEntity
  8
B.Cu
  6
CONTINUOUS
100
AcDbLine
 10
6.006528503937008
 20
-4.2188882283464562
 30
0
 11
6.008651338582677
 21
-4.221011062992126
 31
0
  0
LINE
  5
1DB
330
1F
100
AcDbEntity
  8
B.Cu
  6
CONTINUOUS
100
AcDbLine
 10
6.008651338582677
 20
-4.221011062992126
 30
0
 11
6.0101523622047246
 21
-4.2236109448818899
 31
0
  0
LINE
  5
1DC
330
1F
100
AcDbEntity
  8
B.Cu
  6
CONTINUOUS
100
AcDbLine
 10
6.0101523622047246
 20
-4.2236109448818899
 30
0
 11
6.0109293700787401
 21
-4.2265107480314956
 31
0
  0
LINE
  5
1DD
330
1F
100
AcDbEntity
  8
B.Cu
  6
CONTINUOUS
100
AcDbLine
 10
6.0109293700787401
 20
-4.2265107480314956
 30
0
 11
6.0109293700787401
 21
-4.2295128740157475
 31
0
  0
LINE
  5
1DE
330
1F
100
AcDbEntity
  8
B.Cu
  6
CONTINUOUS
100
AcDbLine
 10
6.0109293700787401
 20
-4.2295128740157475
 30
0
 11
6.0101523622047246
 21
-4.2324126771653541
 31
0
  0
LINE
  5
1DF
330
1F
100
AcDbEntity
  8
B.Cu
  6
CONTINUOUS
100
AcDbLine
 10
6.0101523622047246
 20
-4.2324126771653541
 30
0
 11
6.008651338582677
 21
-4.235012559055118
 31
0
  0
LINE
  5
1E0
330
1F
100
AcDbEntity
  8
B.Cu
  6
CONTINUOUS
100
AcDbLine
 10
6.008651338582677
 20
-4.235012559055118
 30
0
 11
6.006528503937008
 21
-4.237135393700787
 31
0
  0
LINE
  5
1E1
330
1F
100
AcDbEntity
  8
B.Cu
  6
CONTINUOUS
100
AcDbLine
 10
6.006528503937008
 20
-4.237135393700787
 30
0
 11
6.0039286220472441
 21
-4.2386364173228346
 31
0
  0
LINE
  5
1E2
330
1F
100
AcDbEntity
  8
B.Cu
  6
CONTINUOUS
100
AcDbLine
 10
6.0039286220472441
 20
-4.2386364173228346
 30
0
 11
6.0010288188976375
 21
-4.23941342519685
 31
0
  0
LINE
  5
1E3
330
1F
100
AcDbEntity
  8
B.Cu
  6
CONTINUOUS
100
AcDbLine
 10
6.0010288188976375
 20
-4.23941342519685
 30
0
 11
5.9980266929133856
 21
-4.23941342519685
 31
0
  0
LINE
  5
1E4
330
1F
100
AcDbEntity
  8
B.Cu
  6
CONTINUOUS
100
AcDbLine
 10
5.9980266929133856
 20
-4.23941342519685
 30
0
 11
5.9951268897637791
 21
-4.2386364173228346
 31
0
  0
LINE
  5
1E5
330
1F
100
AcDbEntity
  8
B.Cu
  6
CONTINUOUS
100
AcDbLine
 10
5.9951268897637791
 20
-4.2386364173228346
 30
0
 11
5.992527007874016
 21
-4.237135393700787
 31
0
  0
LINE
  5
1E6
330
1F
100
AcDbEntity
  8
B.Cu
  6
CONTINUOUS
100
AcDbLine
 10
5.992527007874016
 20
-4.237135393700787
 30
0
 11
5.9904041732283462
 21
-4.235012559055118
 31
0
  0
LINE
  5
1E7
330
1F
100
AcDbEntity
  8
B.Cu
  6
CONTINUOUS
100
AcDbLine
 10
5.9904041732283462
 20
-4.235012559055118
 30
0
 11
5.9889031496062994
 21
-4.2324126771653541
 31
0
  0
LINE
  5
1E8
330
1F
100
AcDbEntity
  8
B.Cu
  6
CONTINUOUS
100
AcDbLine
 10
5.9889031496062994
 20
-4.2324126771653541
 30
0
 11
5.9881261417322831
 21
-4.2295128740157475
 31
0
  0
LINE
  5
1E9
330
1F
100
AcDbEntity
  8
B.Cu
  6
CONTINUOUS
100
AcDbLine
 10
5.9881261417322831
 20
-4.2295128740157475
 30
0
 11
5.9881261417322831
 21
-4.2265107480314956
 31
0
  0
LINE
  5
1EA
330
1F
100
AcDbEntity
  8
B.Cu
  6
CONTINUOUS
100
AcDbLine
 10
5.9881261417322831
 20
-4.2265107480314956
 30
0
 11
5.9889031496062994
 21
-4.2236109448818899
 31
0
  0
LINE
  5
1EB
330
1F
100
AcDbEntity
  8
B.Cu
  6
CONTINUOUS
100
AcDbLine
 10
5.9889031496062994
 20
-4.2236109448818899
 30
0
 11
5.9904041732283462
 21
-4.221011062992126
 31
0
  0
LINE
  5
1EC
330
1F
100
AcDbEntity
  8
B.Cu
  6
CONTINUOUS
100
AcDbLine
 10
5.9904041732283462
 20
-4.221011062992126
 30
0
 11
5.992527007874016
 21
-4.2188882283464562
 31
0
  0
LINE
  5
1ED
330
1F
100
AcDbEntity
  8
B.Cu
  6
CONTINUOUS
100
AcDbLine
 10
5.992527007874016
 20
-4.2188882283464562
 30
0
 11
5.9951268897637791
 21
-4.2173872047244094
 31
0
  0
LINE
  5
1EE
330
1F
100
AcDbEntity
  8
B.Cu
  6
CONTINUOUS
100
AcDbLine
 10
5.9951268897637791
 20
-4.2173872047244094
 30
0
 11
5.9980266929133856
 21
-4.216610196850394
 31
0
  0
LINE
  5
1EF
330
1F
100
AcDbEntity
  8
B.Cu
  6
CONTINUOUS
100
AcDbLine
 10
5.9980266929133856
 20
-4.216610196850394
 30
0
 11
6.0010288188976375
 21
-4.216610196850394
 31
0
  0
LINE
  5
1F0
330
1F
100
AcDbEntity
  8
B.Cu
  6
CONTINUOUS
100
AcDbLine
 10
6.0010288188976375
 20
-4.216610196850394
 30
0
 11
6.0039286220472441
 21
-4.2173872047244094
 31
0
  0
LINE
  5
1F1
330
1F
100
AcDbEntity
  8
B.Cu
  6
CONTINUOUS
100
AcDbLine
 10
6.0590467322834645
 20
-4.2173872047244094
 30
0
 11
6.0616466141732284
 21
-4.2188882283464562
 31
0
  0
LINE
  5
1F2
330
1F
100
AcDbEntity
  8
B.Cu
  6
CONTINUOUS
100
AcDbLine
 10
6.0616466141732284
 20
-4.2188882283464562
 30
0
 11
6.0637694488188973
 21
-4.221011062992126
 31
0
  0
LINE
  5
1F3
330
1F
100
AcDbEntity
  8
B.Cu
  6
CONTINUOUS
100
AcDbLine
 10
6.0637694488188973
 20
-4.221011062992126
 30
0
 11
6.065270472440945
 21
-4.2236109448818899
 31
0
  0
LINE
  5
1F4
330
1F
100
AcDbEntity
  8
B.Cu
  6
CONTINUOUS
100
AcDbLine
 10
6.065270472440945
 20
-4.2236109448818899
 30
0
 11
6.0660474803149604
 21
-4.2265107480314956
 31
0
  0
LINE
  5
1F5
330
1F
100
AcDbEntity
  8
B.Cu
  6
CONTINUOUS
100
AcDbLine
 10
6.0660474803149604
 20
-4.2265107480314956
 30
0
 11
6.0660474803149604
 21
-4.2295128740157475
 31
0
  0
LINE
  5
1F6
330
1F
100
AcDbEntity
  8
B.Cu
  6
CONTINUOUS
100
AcDbLine
 10
6.0660474803149604
 20
-4.2295128740157475
 30
0
 11
6.065270472440945
 21
-4.2324126771653541
 31
0
  0
LINE
  5
1F7
330
1F
100
AcDbEntity
  8
B.Cu
  6
CONTINUOUS
100
AcDbLine
 10
6.065270472440945
 20
-4.2324126771653541
 30
0
 11
6.0637694488188973
 21
-4.235012559055118
 31
0
  0
LINE
  5
1F8
330
1F
100
AcDbEntity
  8
B.Cu
  6
CONTINUOUS
100
AcDbLine
 10
6.0637694488188973
 20
-4.235012559055118
 30
0
 11
6.0616466141732284
 21
-4.237135393700787
 31
0
  0
LINE
  5
1F9
330
1F
100
AcDbEntity
  8
B.Cu
  6
CONTINUOUS
100
AcDbLine
 10
6.0616466141732284
 20
-4.237135393700787
 30
0
 11
6.0590467322834645
 21
-4.2386364173228346
 31
0
  0
LINE
  5
1FA
330
1F
100
AcDbEntity
  8
B.Cu
  6
CONTINUOUS
100
AcDbLine
 10
6.0590467322834645
 20
-4.2386364173228346
 30
0
 11
6.0561469291338579
 21
-4.23941342519685
 31
0
  0
LINE
  5
1FB
330
1F
100
AcDbEntity
  8
B.Cu
  6
CONTINUOUS
100
AcDbLine
 10
6.0561469291338579
 20
-4.23941342519685
 30
0
 11
6.053144803149606
 21
-4.23941342519685
 31
0
  0
LINE
  5
1FC
330
1F
100
AcDbEntity
  8
B.Cu
  6
CONTINUOUS
100
AcDbLine
 10
6.053144803149606
 20
-4.23941342519685
 30
0
 11
6.0502449999999994
 21
-4.2386364173228346
 31
0
  0
LINE
  5
1FD
330
1F
100
AcDbEntity
  8
B.Cu
  6
CONTINUOUS
100
AcDbLine
 10
6.0502449999999994
 20
-4.2386364173228346
 30
0
 11
6.0476451181102364
 21
-4.237135393700787
 31
0
  0
LINE
  5
1FE
330
1F
100
AcDbEntity
  8
B.Cu
  6
CONTINUOUS
100
AcDbLine
 10
6.0476451181102364
 20
-4.237135393700787
 30
0
 11
6.0455222834645665
 21
-4.235012559055118
 31
0
  0
LINE
  5
1FF
330
1F
100
AcDbEntity
  8
B.Cu
  6
CONTINUOUS
100
AcDbLine
 10
6.0455222834645665
 20
-4.235012559055118
 30
0
 11
6.0440212598425198
 21
-4.2324126771653541
 31
0
  0
LINE
  5
200
330
1F
100
AcDbEntity
  8
B.Cu
  6
CONTINUOUS
100
AcDbLine
 10
6.0440212598425198
 20
-4.2324126771653541
 30
0
 11
6.0432442519685035
 21
-4.2295128740157475
 31
0
  0
LINE
  5
201
330
1F
100
AcDbEntity
  8
B.Cu
  6
CONTINUOUS
100
AcDbLine
 10
6.0432442519685035
 20
-4.2295128740157475
 30
0
 11
6.0432442519685035
 21
-4.2265107480314956
 31
0
  0
LINE
  5
202
330
1F
100
AcDbEntity
  8
B.Cu
  6
CONTINUOUS
100
AcDbLine
 10
6.0432442519685035
 20
-4.2265107480314956
 30
0
 11
6.0440212598425198
 21
-4.2236109448818899
 31
0
  0
LINE
  5
203
330
1F
100
AcDbEntity
  8
B.Cu
  6
CONTINUOUS
100
AcDbLine
 10
6.0440212598425198
 20
-4.2236109448818899
 30
0
 11
6.0455222834645665
 21
-4.221011062992126
 31
0
  0
LINE
  5
204
330
1F
100
AcDbEntity
  8
B.Cu
  6
CONTINUOUS
100
AcDbLine
 10
6.0455222834645665
 20
-4.221011062992126
 30
0
 11
6.0476451181102364
 21
-4.2188882283464562
 31
0
  0
LINE
  5
205
330
1F
100
AcDbEntity
  8
B.Cu
  6
CONTINUOUS
100
AcDbLine
 10
6.0476451181102364
 20
-4.2188882283464562
 30
0
 11
6.0502449999999994
 21
-4.2173872047244094
 31
0
  0
LINE
  5
206
330
1F
100
AcDbEntity
  8
B.Cu
  6
CONTINUOUS
100
AcDbLine
 10
6.0502449999999994
 20
-4.2173872047244094
 30
0
 11
6.053144803149606
 21
-4.216610196850394
 31
0
  0
LINE
  5
207
330
1F
100
AcDbEntity
  8
B.Cu
  6
CONTINUOUS
100
AcDbLine
 10
6.053144803149606
 20
-4.216610196850394
 30
0
 11
6.0561469291338579
 21
-4.216610196850394
 31
0
  0
LINE
  5
208
330
1F
100
AcDbEntity
  8
B.Cu
  6
CONTINUOUS
100
AcDbLine
 10
6.0561469291338579
 20
-4.216610196850394
 30
0
 11
6.0590467322834645
 21
-4.2173872047244094
 31
0
  0
LINE
  5
209
330
1F
100
AcDbEntity
  8
B.Cu
  6
CONTINUOUS
100
AcDbLine
 10
5.7637711023622042
 20
-4.1977021653543307
 30
0
 11
5.7663709842519681
 21
-4.1992031889763775
 31
0
  0
LINE
  5
20A
330
1F
100
AcDbEntity
  8
B.Cu
  6
CONTINUOUS
100
AcDbLine
 10
5.7663709842519681
 20
-4.1992031889763775
 30
0
 11
5.768493818897638
 21
-4.2013260236220473
 31
0
  0
LINE
  5
20B
330
1F
100
AcDbEntity
  8
B.Cu
  6
CONTINUOUS
100
AcDbLine
 10
5.768493818897638
 20
-4.2013260236220473
 30
0
 11
5.7699948425196848
 21
-4.2039259055118112
 31
0
  0
LINE
  5
20C
330
1F
100
AcDbEntity
  8
B.Cu
  6
CONTINUOUS
100
AcDbLine
 10
5.7699948425196848
 20
-4.2039259055118112
 30
0
 11
5.7707718503937002
 21
-4.2068257086614169
 31
0
  0
LINE
  5
20D
330
1F
100
AcDbEntity
  8
B.Cu
  6
CONTINUOUS
100
AcDbLine
 10
5.7707718503937002
 20
-4.2068257086614169
 30
0
 11
5.7707718503937002
 21
-4.2098278346456688
 31
0
  0
LINE
  5
20E
330
1F
100
AcDbEntity
  8
B.Cu
  6
CONTINUOUS
100
AcDbLine
 10
5.7707718503937002
 20
-4.2098278346456688
 30
0
 11
5.7699948425196848
 21
-4.2127276377952754
 31
0
  0
LINE
  5
20F
330
1F
100
AcDbEntity
  8
B.Cu
  6
CONTINUOUS
100
AcDbLine
 10
5.7699948425196848
 20
-4.2127276377952754
 30
0
 11
5.768493818897638
 21
-4.2153275196850393
 31
0
  0
LINE
  5
210
330
1F
100
AcDbEntity
  8
B.Cu
  6
CONTINUOUS
100
AcDbLine
 10
5.768493818897638
 20
-4.2153275196850393
 30
0
 11
5.7663709842519681
 21
-4.2174503543307083
 31
0
  0
LINE
  5
211
330
1F
100
AcDbEntity
  8
B.Cu
  6
CONTINUOUS
100
AcDbLine
 10
5.7663709842519681
 20
-4.2174503543307083
 30
0
 11
5.7637711023622042
 21
-4.2189513779527559
 31
0
  0
LINE
  5
212
330
1F
100
AcDbEntity
  8
B.Cu
  6
CONTINUOUS
100
AcDbLine
 10
5.7637711023622042
 20
-4.2189513779527559
 30
0
 11
5.7608712992125986
 21
-4.2197283858267713
 31
0
  0
LINE
  5
213
330
1F
100
AcDbEntity
  8
B.Cu
  6
CONTINUOUS
100
AcDbLine
 10
5.7608712992125986
 20
-4.2197283858267713
 30
0
 11
5.7578691732283467
 21
-4.2197283858267713
 31
0
  0
LINE
  5
214
330
1F
100
AcDbEntity
  8
B.Cu
  6
CONTINUOUS
100
AcDbLine
 10
5.7578691732283467
 20
-4.2197283858267713
 30
0
 11
5.7549693700787401
 21
-4.2189513779527559
 31
0
  0
LINE
  5
215
330
1F
100
AcDbEntity
  8
B.Cu
  6
CONTINUOUS
100
AcDbLine
 10
5.7549693700787401
 20
-4.2189513779527559
 30
0
 11
5.7523694881889762
 21
-4.2174503543307083
 31
0
  0
LINE
  5
216
330
1F
100
AcDbEntity
  8
B.Cu
  6
CONTINUOUS
100
AcDbLine
 10
5.7523694881889762
 20
-4.2174503543307083
 30
0
 11
5.7502466535433072
 21
-4.2153275196850393
 31
0
  0
LINE
  5
217
330
1F
100
AcDbEntity
  8
B.Cu
  6
CONTINUOUS
100
AcDbLine
 10
5.7502466535433072
 20
-4.2153275196850393
 30
0
 11
5.7487456299212596
 21
-4.2127276377952754
 31
0
  0
LINE
  5
218
330
1F
100
AcDbEntity
  8
B.Cu
  6
CONTINUOUS
100
AcDbLine
 10
5.7487456299212596
 20
-4.2127276377952754
 30
0
 11
5.7479686220472441
 21
-4.2098278346456688
 31
0
  0
LINE
  5
219
330
1F
100
AcDbEntity
  8
B.Cu
  6
CONTINUOUS
100
AcDbLine
 10
5.7479686220472441
 20
-4.2098278346456688
 30
0
 11
5.7479686220472441
 21
-4.2068257086614169
 31
0
  0
LINE
  5
21A
330
1F
100
AcDbEntity
  8
B.Cu
  6
CONTINUOUS
100
AcDbLine
 10
5.7479686220472441
 20
-4.2068257086614169
 30
0
 11
5.7487456299212596
 21
-4.2039259055118112
 31
0
  0
LINE
  5
21B
330
1F
100
AcDbEntity
  8
B.Cu
  6
CONTINUOUS
100
AcDbLine
 10
5.7487456299212596
 20
-4.2039259055118112
 30
0
 11
5.7502466535433072
 21
-4.2013260236220473
 31
0
  0
LINE
  5
21C
330
1F
100
AcDbEntity
  8
B.Cu
  6
CONTINUOUS
100
AcDbLine
 10
5.7502466535433072
 20
-4.2013260236220473
 30
0
 11
5.7523694881889762
 21
-4.1992031889763775
 31
0
  0
LINE
  5
21D
330
1F
100
AcDbEntity
  8
B.Cu
  6
CONTINUOUS
100
AcDbLine
 10
5.7523694881889762
 20
-4.1992031889763775
 30
0
 11
5.7549693700787401
 21
-4.1977021653543307
 31
0
  0
LINE
  5
21E
330
1F
100
AcDbEntity
  8
B.Cu
  6
CONTINUOUS
100
AcDbLine
 10
5.7549693700787401
 20
-4.1977021653543307
 30
0
 11
5.7578691732283467
 21
-4.1969251574803152
 31
0
  0
LINE
  5
21F
330
1F
100
AcDbEntity
  8
B.Cu
  6
CONTINUOUS
100
AcDbLine
 10
5.7578691732283467
 20
-4.1969251574803152
 30
0
 11
5.7608712992125986
 21
-4.1969251574803152
 31
0
  0
LINE
  5
220
330
1F
100
AcDbEntity
  8
B.Cu
  6
CONTINUOUS
100
AcDbLine
 10
5.7608712992125986
 20
-4.1969251574803152
 30
0
 11
5.7637711023622042
 21
-4.1977021653543307
 31
0
  0
LINE
  5
221
330
1F
100
AcDbEntity
  8
B.Cu
  6
CONTINUOUS
100
AcDbLine
 10
6.1082593307086617
 20
-4.1977021653543307
 30
0
 11
6.1108592125984247
 21
-4.1992031889763775
 31
0
  0
LINE
  5
222
330
1F
100
AcDbEntity
  8
B.Cu
  6
CONTINUOUS
100
AcDbLine
 10
6.1108592125984247
 20
-4.1992031889763775
 30
0
 11
6.1129820472440946
 21
-4.2013260236220473
 31
0
  0
LINE
  5
223
330
1F
100
AcDbEntity
  8
B.Cu
  6
CONTINUOUS
100
AcDbLine
 10
6.1129820472440946
 20
-4.2013260236220473
 30
0
 11
6.1144830708661413
 21
-4.2039259055118112
 31
0
  0
LINE
  5
224
330
1F
100
AcDbEntity
  8
B.Cu
  6
CONTINUOUS
100
AcDbLine
 10
6.1144830708661413
 20
-4.2039259055118112
 30
0
 11
6.1152600787401576
 21
-4.2068257086614169
 31
0
  0
LINE
  5
225
330
1F
100
AcDbEntity
  8
B.Cu
  6
CONTINUOUS
100
AcDbLine
 10
6.1152600787401576
 20
-4.2068257086614169
 30
0
 11
6.1152600787401576
 21
-4.2098278346456688
 31
0
  0
LINE
  5
226
330
1F
100
AcDbEntity
  8
B.Cu
  6
CONTINUOUS
100
AcDbLine
 10
6.1152600787401576
 20
-4.2098278346456688
 30
0
 11
6.1144830708661413
 21
-4.2127276377952754
 31
0
  0
LINE
  5
227
330
1F
100
AcDbEntity
  8
B.Cu
  6
CONTINUOUS
100
AcDbLine
 10
6.1144830708661413
 20
-4.2127276377952754
 30
0
 11
6.1129820472440946
 21
-4.2153275196850393
 31
0
  0
LINE
  5
228
330
1F
100
AcDbEntity
  8
B.Cu
  6
CONTINUOUS
100
AcDbLine
 10
6.1129820472440946
 20
-4.2153275196850393
 30
0
 11
6.1108592125984247
 21
-4.2174503543307083
 31
0
  0
LINE
  5
229
330
1F
100
AcDbEntity
  8
B.Cu
  6
CONTINUOUS
100
AcDbLine
 10
6.1108592125984247
 20
-4.2174503543307083
 30
0
 11
6.1082593307086617
 21
-4.2189513779527559
 31
0
  0
LINE
  5
22A
330
1F
100
AcDbEntity
  8
B.Cu
  6
CONTINUOUS
100
AcDbLine
 10
6.1082593307086617
 20
-4.2189513779527559
 30
0
 11
6.1053595275590551
 21
-4.2197283858267713
 31
0
  0
LINE
  5
22B
330
1F
100
AcDbEntity
  8
B.Cu
  6
CONTINUOUS
100
AcDbLine
 10
6.1053595275590551
 20
-4.2197283858267713
 30
0
 11
6.1023574015748032
 21
-4.2197283858267713
 31
0
  0
LINE
  5
22C
330
1F
100
AcDbEntity
  8
B.Cu
  6
CONTINUOUS
100
AcDbLine
 10
6.1023574015748032
 20
-4.2197283858267713
 30
0
 11
6.0994575984251966
 21
-4.2189513779527559
 31
0
  0
LINE
  5
22D
330
1F
100
AcDbEntity
  8
B.Cu
  6
CONTINUOUS
100
AcDbLine
 10
6.0994575984251966
 20
-4.2189513779527559
 30
0
 11
6.0968577165354327
 21
-4.2174503543307083
 31
0
  0
LINE
  5
22E
330
1F
100
AcDbEntity
  8
B.Cu
  6
CONTINUOUS
100
AcDbLine
 10
6.0968577165354327
 20
-4.2174503543307083
 30
0
 11
6.0947348818897638
 21
-4.2153275196850393
 31
0
  0
LINE
  5
22F
330
1F
100
AcDbEntity
  8
B.Cu
  6
CONTINUOUS
100
AcDbLine
 10
6.0947348818897638
 20
-4.2153275196850393
 30
0
 11
6.0932338582677161
 21
-4.2127276377952754
 31
0
  0
LINE
  5
230
330
1F
100
AcDbEntity
  8
B.Cu
  6
CONTINUOUS
100
AcDbLine
 10
6.0932338582677161
 20
-4.2127276377952754
 30
0
 11
6.0924568503937007
 21
-4.2098278346456688
 31
0
  0
LINE
  5
231
330
1F
100
AcDbEntity
  8
B.Cu
  6
CONTINUOUS
100
AcDbLine
 10
6.0924568503937007
 20
-4.2098278346456688
 30
0
 11
6.0924568503937007
 21
-4.2068257086614169
 31
0
  0
LINE
  5
232
330
1F
100
AcDbEntity
  8
B.Cu
  6
CONTINUOUS
100
AcDbLine
 10
6.0924568503937007
 20
-4.2068257086614169
 30
0
 11
6.0932338582677161
 21
-4.2039259055118112
 31
0
  0
LINE
  5
233
330
1F
100
AcDbEntity
  8
B.Cu
  6
CONTINUOUS
100
AcDbLine
 10
6.0932338582677161
 20
-4.2039259055118112
 30
0
 11
6.0947348818897638
 21
-4.2013260236220473
 31
0
  0
LINE
  5
234
330
1F
100
AcDbEntity
  8
B.Cu
  6
CONTINUOUS
100
AcDbLine
 10
6.0947348818897638
 20
-4.2013260236220473
 30
0
 11
6.0968577165354327
 21
-4.1992031889763775
 31
0
  0
LINE
  5
235
330
1F
100
AcDbEntity
  8
B.Cu
  6
CONTINUOUS
100
AcDbLine
 10
6.0968577165354327
 20
-4.1992031889763775
 30
0
 11
6.0994575984251966
 21
-4.1977021653543307
 31
0
  0
LINE
  5
236
330
1F
100
AcDbEntity
  8
B.Cu
  6
CONTINUOUS
100
AcDbLine
 10
6.0994575984251966
 20
-4.1977021653543307
 30
0
 11
6.1023574015748032
 21
-4.1969251574803152
 31
0
  0
LINE
  5
237
330
1F
100
AcDbEntity
  8
B.Cu
  6
CONTINUOUS
100
AcDbLine
 10
6.1023574015748032
 20
-4.1969251574803152
 30
0
 11
6.1053595275590551
 21
-4.1969251574803152
 31
0
  0
LINE
  5
238
330
1F
100
AcDbEntity
  8
B.Cu
  6
CONTINUOUS
100
AcDbLine
 10
6.1053595275590551
 20
-4.1969251574803152
 30
0
 11
6.1082593307086617
 21
-4.1977021653543307
 31
0
  0
LINE
  5
239
330
1F
100
AcDbEntity
  8
B.Cu
  6
CONTINUOUS
100
AcDbLine
 10
5.6417238582677163
 20
-4.1858911417322835
 30
0
 11
5.6443237401574802
 21
-4.1873921653543302
 31
0
  0
LINE
  5
23A
330
1F
100
AcDbEntity
  8
B.Cu
  6
CONTINUOUS
100
AcDbLine
 10
5.6443237401574802
 20
-4.1873921653543302
 30
0
 11
5.6464465748031492
 21
-4.1895150000000001
 31
0
  0
LINE
  5
23B
330
1F
100
AcDbEntity
  8
B.Cu
  6
CONTINUOUS
100
AcDbLine
 10
5.6464465748031492
 20
-4.1895150000000001
 30
0
 11
5.6479475984251968
 21
-4.192114881889764
 31
0
  0
LINE
  5
23C
330
1F
100
AcDbEntity
  8
B.Cu
  6
CONTINUOUS
100
AcDbLine
 10
5.6479475984251968
 20
-4.192114881889764
 30
0
 11
5.6487246062992122
 21
-4.1950146850393697
 31
0
  0
LINE
  5
23D
330
1F
100
AcDbEntity
  8
B.Cu
  6
CONTINUOUS
100
AcDbLine
 10
5.6487246062992122
 20
-4.1950146850393697
 30
0
 11
5.6487246062992122
 21
-4.1980168110236216
 31
0
  0
LINE
  5
23E
330
1F
100
AcDbEntity
  8
B.Cu
  6
CONTINUOUS
100
AcDbLine
 10
5.6487246062992122
 20
-4.1980168110236216
 30
0
 11
5.6479475984251968
 21
-4.2009166141732281
 31
0
  0
LINE
  5
23F
330
1F
100
AcDbEntity
  8
B.Cu
  6
CONTINUOUS
100
AcDbLine
 10
5.6479475984251968
 20
-4.2009166141732281
 30
0
 11
5.6464465748031492
 21
-4.203516496062992
 31
0
  0
LINE
  5
240
330
1F
100
AcDbEntity
  8
B.Cu
  6
CONTINUOUS
100
AcDbLine
 10
5.6464465748031492
 20
-4.203516496062992
 30
0
 11
5.6443237401574802
 21
-4.205639330708661
 31
0
  0
LINE
  5
241
330
1F
100
AcDbEntity
  8
B.Cu
  6
CONTINUOUS
100
AcDbLine
 10
5.6443237401574802
 20
-4.205639330708661
 30
0
 11
5.6417238582677163
 21
-4.2071403543307087
 31
0
  0
LINE
  5
242
330
1F
100
AcDbEntity
  8
B.Cu
  6
CONTINUOUS
100
AcDbLine
 10
5.6417238582677163
 20
-4.2071403543307087
 30
0
 11
5.6388240551181097
 21
-4.2079173622047241
 31
0
  0
LINE
  5
243
330
1F
100
AcDbEntity
  8
B.Cu
  6
CONTINUOUS
100
AcDbLine
 10
5.6388240551181097
 20
-4.2079173622047241
 30
0
 11
5.6358219291338578
 21
-4.2079173622047241
 31
0
  0
LINE
  5
244
330
1F
100
AcDbEntity
  8
B.Cu
  6
CONTINUOUS
100
AcDbLine
 10
5.6358219291338578
 20
-4.2079173622047241
 30
0
 11
5.6329221259842521
 21
-4.2071403543307087
 31
0
  0
LINE
  5
245
330
1F
100
AcDbEntity
  8
B.Cu
  6
CONTINUOUS
100
AcDbLine
 10
5.6329221259842521
 20
-4.2071403543307087
 30
0
 11
5.6303222440944882
 21
-4.205639330708661
 31
0
  0
LINE
  5
246
330
1F
100
AcDbEntity
  8
B.Cu
  6
CONTINUOUS
100
AcDbLine
 10
5.6303222440944882
 20
-4.205639330708661
 30
0
 11
5.6281994094488184
 21
-4.203516496062992
 31
0
  0
LINE
  5
247
330
1F
100
AcDbEntity
  8
B.Cu
  6
CONTINUOUS
100
AcDbLine
 10
5.6281994094488184
 20
-4.203516496062992
 30
0
 11
5.6266983858267716
 21
-4.2009166141732281
 31
0
  0
LINE
  5
248
330
1F
100
AcDbEntity
  8
B.Cu
  6
CONTINUOUS
100
AcDbLine
 10
5.6266983858267716
 20
-4.2009166141732281
 30
0
 11
5.6259213779527562
 21
-4.1980168110236216
 31
0
  0
LINE
  5
249
330
1F
100
AcDbEntity
  8
B.Cu
  6
CONTINUOUS
100
AcDbLine
 10
5.6259213779527562
 20
-4.1980168110236216
 30
0
 11
5.6259213779527562
 21
-4.1950146850393697
 31
0
  0
LINE
  5
24A
330
1F
100
AcDbEntity
  8
B.Cu
  6
CONTINUOUS
100
AcDbLine
 10
5.6259213779527562
 20
-4.1950146850393697
 30
0
 11
5.6266983858267716
 21
-4.192114881889764
 31
0
  0
LINE
  5
24B
330
1F
100
AcDbEntity
  8
B.Cu
  6
CONTINUOUS
100
AcDbLine
 10
5.6266983858267716
 20
-4.192114881889764
 30
0
 11
5.6281994094488184
 21
-4.1895150000000001
 31
0
  0
LINE
  5
24C
330
1F
100
AcDbEntity
  8
B.Cu
  6
CONTINUOUS
100
AcDbLine
 10
5.6281994094488184
 20
-4.1895150000000001
 30
0
 11
5.6303222440944882
 21
-4.1873921653543302
 31
0
  0
LINE
  5
24D
330
1F
100
AcDbEntity
  8
B.Cu
  6
CONTINUOUS
100
AcDbLine
 10
5.6303222440944882
 20
-4.1873921653543302
 30
0
 11
5.6329221259842521
 21
-4.1858911417322835
 31
0
  0
LINE
  5
24E
330
1F
100
AcDbEntity
  8
B.Cu
  6
CONTINUOUS
100
AcDbLine
 10
5.6329221259842521
 20
-4.1858911417322835
 30
0
 11
5.6358219291338578
 21
-4.185114133858268
 31
0
  0
LINE
  5
24F
330
1F
100
AcDbEntity
  8
B.Cu
  6
CONTINUOUS
100
AcDbLine
 10
5.6358219291338578
 20
-4.185114133858268
 30
0
 11
5.6388240551181097
 21
-4.185114133858268
 31
0
  0
LINE
  5
250
330
1F
100
AcDbEntity
  8
B.Cu
  6
CONTINUOUS
100
AcDbLine
 10
5.6388240551181097
 20
-4.185114133858268
 30
0
 11
5.6417238582677163
 21
-4.1858911417322835
 31
0
  0
LINE
  5
251
330
1F
100
AcDbEntity
  8
B.Cu
  6
CONTINUOUS
100
AcDbLine
 10
6.3051097244094487
 20
-4.178017125984252
 30
0
 11
6.3077096062992126
 21
-4.1795181496062987
 31
0
  0
LINE
  5
252
330
1F
100
AcDbEntity
  8
B.Cu
  6
CONTINUOUS
100
AcDbLine
 10
6.3077096062992126
 20
-4.1795181496062987
 30
0
 11
6.3098324409448816
 21
-4.1816409842519686
 31
0
  0
LINE
  5
253
330
1F
100
AcDbEntity
  8
B.Cu
  6
CONTINUOUS
100
AcDbLine
 10
6.3098324409448816
 20
-4.1816409842519686
 30
0
 11
6.3113334645669292
 21
-4.1842408661417325
 31
0
  0
LINE
  5
254
330
1F
100
AcDbEntity
  8
B.Cu
  6
CONTINUOUS
100
AcDbLine
 10
6.3113334645669292
 20
-4.1842408661417325
 30
0
 11
6.3121104724409447
 21
-4.1871406692913382
 31
0
  0
LINE
  5
255
330
1F
100
AcDbEntity
  8
B.Cu
  6
CONTINUOUS
100
AcDbLine
 10
6.3121104724409447
 20
-4.1871406692913382
 30
0
 11
6.3121104724409447
 21
-4.1901427952755901
 31
0
  0
LINE
  5
256
330
1F
100
AcDbEntity
  8
B.Cu
  6
CONTINUOUS
100
AcDbLine
 10
6.3121104724409447
 20
-4.1901427952755901
 30
0
 11
6.3113334645669292
 21
-4.1930425984251967
 31
0
  0
LINE
  5
257
330
1F
100
AcDbEntity
  8
B.Cu
  6
CONTINUOUS
100
AcDbLine
 10
6.3113334645669292
 20
-4.1930425984251967
 30
0
 11
6.3098324409448816
 21
-4.1956424803149606
 31
0
  0
LINE
  5
258
330
1F
100
AcDbEntity
  8
B.Cu
  6
CONTINUOUS
100
AcDbLine
 10
6.3098324409448816
 20
-4.1956424803149606
 30
0
 11
6.3077096062992126
 21
-4.1977653149606295
 31
0
  0
LINE
  5
259
330
1F
100
AcDbEntity
  8
B.Cu
  6
CONTINUOUS
100
AcDbLine
 10
6.3077096062992126
 20
-4.1977653149606295
 30
0
 11
6.3051097244094487
 21
-4.1992663385826772
 31
0
  0
LINE
  5
25A
330
1F
100
AcDbEntity
  8
B.Cu
  6
CONTINUOUS
100
AcDbLine
 10
6.3051097244094487
 20
-4.1992663385826772
 30
0
 11
6.3022099212598421
 21
-4.2000433464566926
 31
0
  0
LINE
  5
25B
330
1F
100
AcDbEntity
  8
B.Cu
  6
CONTINUOUS
100
AcDbLine
 10
6.3022099212598421
 20
-4.2000433464566926
 30
0
 11
6.2992077952755903
 21
-4.2000433464566926
 31
0
  0
LINE
  5
25C
330
1F
100
AcDbEntity
  8
B.Cu
  6
CONTINUOUS
100
AcDbLine
 10
6.2992077952755903
 20
-4.2000433464566926
 30
0
 11
6.2963079921259837
 21
-4.1992663385826772
 31
0
  0
LINE
  5
25D
330
1F
100
AcDbEntity
  8
B.Cu
  6
CONTINUOUS
100
AcDbLine
 10
6.2963079921259837
 20
-4.1992663385826772
 30
0
 11
6.2937081102362207
 21
-4.1977653149606295
 31
0
  0
LINE
  5
25E
330
1F
100
AcDbEntity
  8
B.Cu
  6
CONTINUOUS
100
AcDbLine
 10
6.2937081102362207
 20
-4.1977653149606295
 30
0
 11
6.2915852755905508
 21
-4.1956424803149606
 31
0
  0
LINE
  5
25F
330
1F
100
AcDbEntity
  8
B.Cu
  6
CONTINUOUS
100
AcDbLine
 10
6.2915852755905508
 20
-4.1956424803149606
 30
0
 11
6.2900842519685041
 21
-4.1930425984251967
 31
0
  0
LINE
  5
260
330
1F
100
AcDbEntity
  8
B.Cu
  6
CONTINUOUS
100
AcDbLine
 10
6.2900842519685041
 20
-4.1930425984251967
 30
0
 11
6.2893072440944877
 21
-4.1901427952755901
 31
0
  0
LINE
  5
261
330
1F
100
AcDbEntity
  8
B.Cu
  6
CONTINUOUS
100
AcDbLine
 10
6.2893072440944877
 20
-4.1901427952755901
 30
0
 11
6.2893072440944877
 21
-4.1871406692913382
 31
0
  0
LINE
  5
262
330
1F
100
AcDbEntity
  8
B.Cu
  6
CONTINUOUS
100
AcDbLine
 10
6.2893072440944877
 20
-4.1871406692913382
 30
0
 11
6.2900842519685041
 21
-4.1842408661417325
 31
0
  0
LINE
  5
263
330
1F
100
AcDbEntity
  8
B.Cu
  6
CONTINUOUS
100
AcDbLine
 10
6.2900842519685041
 20
-4.1842408661417325
 30
0
 11
6.2915852755905508
 21
-4.1816409842519686
 31
0
  0
LINE
  5
264
330
1F
100
AcDbEntity
  8
B.Cu
  6
CONTINUOUS
100
AcDbLine
 10
6.2915852755905508
 20
-4.1816409842519686
 30
0
 11
6.2937081102362207
 21
-4.1795181496062987
 31
0
  0
LINE
  5
265
330
1F
100
AcDbEntity
  8
B.Cu
  6
CONTINUOUS
100
AcDbLine
 10
6.2937081102362207
 20
-4.1795181496062987
 30
0
 11
6.2963079921259837
 21
-4.178017125984252
 31
0
  0
LINE
  5
266
330
1F
100
AcDbEntity
  8
B.Cu
  6
CONTINUOUS
100
AcDbLine
 10
6.2963079921259837
 20
-4.178017125984252
 30
0
 11
6.2992077952755903
 21
-4.1772401181102365
 31
0
  0
LINE
  5
267
330
1F
100
AcDbEntity
  8
B.Cu
  6
CONTINUOUS
100
AcDbLine
 10
6.2992077952755903
 20
-4.1772401181102365
 30
0
 11
6.3022099212598421
 21
-4.1772401181102365
 31
0
  0
LINE
  5
268
330
1F
100
AcDbEntity
  8
B.Cu
  6
CONTINUOUS
100
AcDbLine
 10
6.3022099212598421
 20
-4.1772401181102365
 30
0
 11
6.3051097244094487
 21
-4.178017125984252
 31
0
  0
LINE
  5
269
330
1F
100
AcDbEntity
  8
B.Cu
  6
CONTINUOUS
100
AcDbLine
 10
6.3641648425196848
 20
-4.178017125984252
 30
0
 11
6.3667647244094487
 21
-4.1795181496062987
 31
0
  0
LINE
  5
26A
330
1F
100
AcDbEntity
  8
B.Cu
  6
CONTINUOUS
100
AcDbLine
 10
6.3667647244094487
 20
-4.1795181496062987
 30
0
 11
6.3688875590551177
 21
-4.1816409842519686
 31
0
  0
LINE
  5
26B
330
1F
100
AcDbEntity
  8
B.Cu
  6
CONTINUOUS
100
AcDbLine
 10
6.3688875590551177
 20
-4.1816409842519686
 30
0
 11
6.3703885826771653
 21
-4.1842408661417325
 31
0
  0
LINE
  5
26C
330
1F
100
AcDbEntity
  8
B.Cu
  6
CONTINUOUS
100
AcDbLine
 10
6.3703885826771653
 20
-4.1842408661417325
 30
0
 11
6.3711655905511808
 21
-4.1871406692913382
 31
0
  0
LINE
  5
26D
330
1F
100
AcDbEntity
  8
B.Cu
  6
CONTINUOUS
100
AcDbLine
 10
6.3711655905511808
 20
-4.1871406692913382
 30
0
 11
6.3711655905511808
 21
-4.1901427952755901
 31
0
  0
LINE
  5
26E
330
1F
100
AcDbEntity
  8
B.Cu
  6
CONTINUOUS
100
AcDbLine
 10
6.3711655905511808
 20
-4.1901427952755901
 30
0
 11
6.3703885826771653
 21
-4.1930425984251967
 31
0
  0
LINE
  5
26F
330
1F
100
AcDbEntity
  8
B.Cu
  6
CONTINUOUS
100
AcDbLine
 10
6.3703885826771653
 20
-4.1930425984251967
 30
0
 11
6.3688875590551177
 21
-4.1956424803149606
 31
0
  0
LINE
  5
270
330
1F
100
AcDbEntity
  8
B.Cu
  6
CONTINUOUS
100
AcDbLine
 10
6.3688875590551177
 20
-4.1956424803149606
 30
0
 11
6.3667647244094487
 21
-4.1977653149606295
 31
0
  0
LINE
  5
271
330
1F
100
AcDbEntity
  8
B.Cu
  6
CONTINUOUS
100
AcDbLine
 10
6.3667647244094487
 20
-4.1977653149606295
 30
0
 11
6.3641648425196848
 21
-4.1992663385826772
 31
0
  0
LINE
  5
272
330
1F
100
AcDbEntity
  8
B.Cu
  6
CONTINUOUS
100
AcDbLine
 10
6.3641648425196848
 20
-4.1992663385826772
 30
0
 11
6.3612650393700783
 21
-4.2000433464566926
 31
0
  0
LINE
  5
273
330
1F
100
AcDbEntity
  8
B.Cu
  6
CONTINUOUS
100
AcDbLine
 10
6.3612650393700783
 20
-4.2000433464566926
 30
0
 11
6.3582629133858264
 21
-4.2000433464566926
 31
0
  0
LINE
  5
274
330
1F
100
AcDbEntity
  8
B.Cu
  6
CONTINUOUS
100
AcDbLine
 10
6.3582629133858264
 20
-4.2000433464566926
 30
0
 11
6.3553631102362207
 21
-4.1992663385826772
 31
0
  0
LINE
  5
275
330
1F
100
AcDbEntity
  8
B.Cu
  6
CONTINUOUS
100
AcDbLine
 10
6.3553631102362207
 20
-4.1992663385826772
 30
0
 11
6.3527632283464568
 21
-4.1977653149606295
 31
0
  0
LINE
  5
276
330
1F
100
AcDbEntity
  8
B.Cu
  6
CONTINUOUS
100
AcDbLine
 10
6.3527632283464568
 20
-4.1977653149606295
 30
0
 11
6.3506403937007869
 21
-4.1956424803149606
 31
0
  0
LINE
  5
277
330
1F
100
AcDbEntity
  8
B.Cu
  6
CONTINUOUS
100
AcDbLine
 10
6.3506403937007869
 20
-4.1956424803149606
 30
0
 11
6.3491393700787402
 21
-4.1930425984251967
 31
0
  0
LINE
  5
278
330
1F
100
AcDbEntity
  8
B.Cu
  6
CONTINUOUS
100
AcDbLine
 10
6.3491393700787402
 20
-4.1930425984251967
 30
0
 11
6.3483623622047238
 21
-4.1901427952755901
 31
0
  0
LINE
  5
279
330
1F
100
AcDbEntity
  8
B.Cu
  6
CONTINUOUS
100
AcDbLine
 10
6.3483623622047238
 20
-4.1901427952755901
 30
0
 11
6.3483623622047238
 21
-4.1871406692913382
 31
0
  0
LINE
  5
27A
330
1F
100
AcDbEntity
  8
B.Cu
  6
CONTINUOUS
100
AcDbLine
 10
6.3483623622047238
 20
-4.1871406692913382
 30
0
 11
6.3491393700787402
 21
-4.1842408661417325
 31
0
  0
LINE
  5
27B
330
1F
100
AcDbEntity
  8
B.Cu
  6
CONTINUOUS
100
AcDbLine
 10
6.3491393700787402
 20
-4.1842408661417325
 30
0
 11
6.3506403937007869
 21
-4.1816409842519686
 31
0
  0
LINE
  5
27C
330
1F
100
AcDbEntity
  8
B.Cu
  6
CONTINUOUS
100
AcDbLine
 10
6.3506403937007869
 20
-4.1816409842519686
 30
0
 11
6.3527632283464568
 21
-4.1795181496062987
 31
0
  0
LINE
  5
27D
330
1F
100
AcDbEntity
  8
B.Cu
  6
CONTINUOUS
100
AcDbLine
 10
6.3527632283464568
 20
-4.1795181496062987
 30
0
 11
6.3553631102362207
 21
-4.178017125984252
 31
0
  0
LINE
  5
27E
330
1F
100
AcDbEntity
  8
B.Cu
  6
CONTINUOUS
100
AcDbLine
 10
6.3553631102362207
 20
-4.178017125984252
 30
0
 11
6.3582629133858264
 21
-4.1772401181102365
 31
0
  0
LINE
  5
27F
330
1F
100
AcDbEntity
  8
B.Cu
  6
CONTINUOUS
100
AcDbLine
 10
6.3582629133858264
 20
-4.1772401181102365
 30
0
 11
6.3612650393700783
 21
-4.1772401181102365
 31
0
  0
LINE
  5
280
330
1F
100
AcDbEntity
  8
B.Cu
  6
CONTINUOUS
100
AcDbLine
 10
6.3612650393700783
 20
-4.1772401181102365
 30
0
 11
6.3641648425196848
 21
-4.178017125984252
 31
0
  0
LINE
  5
281
330
1F
100
AcDbEntity
  8
B.Cu
  6
CONTINUOUS
100
AcDbLine
 10
6.423219960629921
 20
-4.178017125984252
 30
0
 11
6.4258198425196849
 21
-4.1795181496062987
 31
0
  0
LINE
  5
282
330
1F
100
AcDbEntity
  8
B.Cu
  6
CONTINUOUS
100
AcDbLine
 10
6.4258198425196849
 20
-4.1795181496062987
 30
0
 11
6.4279426771653538
 21
-4.1816409842519686
 31
0
  0
LINE
  5
283
330
1F
100
AcDbEntity
  8
B.Cu
  6
CONTINUOUS
100
AcDbLine
 10
6.4279426771653538
 20
-4.1816409842519686
 30
0
 11
6.4294437007874015
 21
-4.1842408661417325
 31
0
  0
LINE
  5
284
330
1F
100
AcDbEntity
  8
B.Cu
  6
CONTINUOUS
100
AcDbLine
 10
6.4294437007874015
 20
-4.1842408661417325
 30
0
 11
6.4302207086614169
 21
-4.1871406692913382
 31
0
  0
LINE
  5
285
330
1F
100
AcDbEntity
  8
B.Cu
  6
CONTINUOUS
100
AcDbLine
 10
6.4302207086614169
 20
-4.1871406692913382
 30
0
 11
6.4302207086614169
 21
-4.1901427952755901
 31
0
  0
LINE
  5
286
330
1F
100
AcDbEntity
  8
B.Cu
  6
CONTINUOUS
100
AcDbLine
 10
6.4302207086614169
 20
-4.1901427952755901
 30
0
 11
6.4294437007874015
 21
-4.1930425984251967
 31
0
  0
LINE
  5
287
330
1F
100
AcDbEntity
  8
B.Cu
  6
CONTINUOUS
100
AcDbLine
 10
6.4294437007874015
 20
-4.1930425984251967
 30
0
 11
6.4279426771653538
 21
-4.1956424803149606
 31
0
  0
LINE
  5
288
330
1F
100
AcDbEntity
  8
B.Cu
  6
CONTINUOUS
100
AcDbLine
 10
6.4279426771653538
 20
-4.1956424803149606
 30
0
 11
6.4258198425196849
 21
-4.1977653149606295
 31
0
  0
LINE
  5
289
330
1F
100
AcDbEntity
  8
B.Cu
  6
CONTINUOUS
100
AcDbLine
 10
6.4258198425196849
 20
-4.1977653149606295
 30
0
 11
6.423219960629921
 21
-4.1992663385826772
 31
0
  0
LINE
  5
28A
330
1F
100
AcDbEntity
  8
B.Cu
  6
CONTINUOUS
100
AcDbLine
 10
6.423219960629921
 20
-4.1992663385826772
 30
0
 11
6.4203201574803144
 21
-4.2000433464566926
 31
0
  0
LINE
  5
28B
330
1F
100
AcDbEntity
  8
B.Cu
  6
CONTINUOUS
100
AcDbLine
 10
6.4203201574803144
 20
-4.2000433464566926
 30
0
 11
6.4173180314960625
 21
-4.2000433464566926
 31
0
  0
LINE
  5
28C
330
1F
100
AcDbEntity
  8
B.Cu
  6
CONTINUOUS
100
AcDbLine
 10
6.4173180314960625
 20
-4.2000433464566926
 30
0
 11
6.4144182283464568
 21
-4.1992663385826772
 31
0
  0
LINE
  5
28D
330
1F
100
AcDbEntity
  8
B.Cu
  6
CONTINUOUS
100
AcDbLine
 10
6.4144182283464568
 20
-4.1992663385826772
 30
0
 11
6.4118183464566929
 21
-4.1977653149606295
 31
0
  0
LINE
  5
28E
330
1F
100
AcDbEntity
  8
B.Cu
  6
CONTINUOUS
100
AcDbLine
 10
6.4118183464566929
 20
-4.1977653149606295
 30
0
 11
6.409695511811023
 21
-4.1956424803149606
 31
0
  0
LINE
  5
28F
330
1F
100
AcDbEntity
  8
B.Cu
  6
CONTINUOUS
100
AcDbLine
 10
6.409695511811023
 20
-4.1956424803149606
 30
0
 11
6.4081944881889763
 21
-4.1930425984251967
 31
0
  0
LINE
  5
290
330
1F
100
AcDbEntity
  8
B.Cu
  6
CONTINUOUS
100
AcDbLine
 10
6.4081944881889763
 20
-4.1930425984251967
 30
0
 11
6.4074174803149608
 21
-4.1901427952755901
 31
0
  0
LINE
  5
291
330
1F
100
AcDbEntity
  8
B.Cu
  6
CONTINUOUS
100
AcDbLine
 10
6.4074174803149608
 20
-4.1901427952755901
 30
0
 11
6.4074174803149608
 21
-4.1871406692913382
 31
0
  0
LINE
  5
292
330
1F
100
AcDbEntity
  8
B.Cu
  6
CONTINUOUS
100
AcDbLine
 10
6.4074174803149608
 20
-4.1871406692913382
 30
0
 11
6.4081944881889763
 21
-4.1842408661417325
 31
0
  0
LINE
  5
293
330
1F
100
AcDbEntity
  8
B.Cu
  6
CONTINUOUS
100
AcDbLine
 10
6.4081944881889763
 20
-4.1842408661417325
 30
0
 11
6.409695511811023
 21
-4.1816409842519686
 31
0
  0
LINE
  5
294
330
1F
100
AcDbEntity
  8
B.Cu
  6
CONTINUOUS
100
AcDbLine
 10
6.409695511811023
 20
-4.1816409842519686
 30
0
 11
6.4118183464566929
 21
-4.1795181496062987
 31
0
  0
LINE
  5
295
330
1F
100
AcDbEntity
  8
B.Cu
  6
CONTINUOUS
100
AcDbLine
 10
6.4118183464566929
 20
-4.1795181496062987
 30
0
 11
6.4144182283464568
 21
-4.178017125984252
 31
0
  0
LINE
  5
296
330
1F
100
AcDbEntity
  8
B.Cu
  6
CONTINUOUS
100
AcDbLine
 10
6.4144182283464568
 20
-4.178017125984252
 30
0
 11
6.4173180314960625
 21
-4.1772401181102365
 31
0
  0
LINE
  5
297
330
1F
100
AcDbEntity
  8
B.Cu
  6
CONTINUOUS
100
AcDbLine
 10
6.4173180314960625
 20
-4.1772401181102365
 30
0
 11
6.4203201574803144
 21
-4.1772401181102365
 31
0
  0
LINE
  5
298
330
1F
100
AcDbEntity
  8
B.Cu
  6
CONTINUOUS
100
AcDbLine
 10
6.4203201574803144
 20
-4.1772401181102365
 30
0
 11
6.423219960629921
 21
-4.178017125984252
 31
0
  0
LINE
  5
299
330
1F
100
AcDbEntity
  8
B.Cu
  6
CONTINUOUS
100
AcDbLine
 10
6.4822750787401571
 20
-4.178017125984252
 30
0
 11
6.484874960629921
 21
-4.1795181496062987
 31
0
  0
LINE
  5
29A
330
1F
100
AcDbEntity
  8
B.Cu
  6
CONTINUOUS
100
AcDbLine
 10
6.484874960629921
 20
-4.1795181496062987
 30
0
 11
6.4869977952755908
 21
-4.1816409842519686
 31
0
  0
LINE
  5
29B
330
1F
100
AcDbEntity
  8
B.Cu
  6
CONTINUOUS
100
AcDbLine
 10
6.4869977952755908
 20
-4.1816409842519686
 30
0
 11
6.4884988188976376
 21
-4.1842408661417325
 31
0
  0
LINE
  5
29C
330
1F
100
AcDbEntity
  8
B.Cu
  6
CONTINUOUS
100
AcDbLine
 10
6.4884988188976376
 20
-4.1842408661417325
 30
0
 11
6.489275826771653
 21
-4.1871406692913382
 31
0
  0
LINE
  5
29D
330
1F
100
AcDbEntity
  8
B.Cu
  6
CONTINUOUS
100
AcDbLine
 10
6.489275826771653
 20
-4.1871406692913382
 30
0
 11
6.489275826771653
 21
-4.1901427952755901
 31
0
  0
LINE
  5
29E
330
1F
100
AcDbEntity
  8
B.Cu
  6
CONTINUOUS
100
AcDbLine
 10
6.489275826771653
 20
-4.1901427952755901
 30
0
 11
6.4884988188976376
 21
-4.1930425984251967
 31
0
  0
LINE
  5
29F
330
1F
100
AcDbEntity
  8
B.Cu
  6
CONTINUOUS
100
AcDbLine
 10
6.4884988188976376
 20
-4.1930425984251967
 30
0
 11
6.4869977952755908
 21
-4.1956424803149606
 31
0
  0
LINE
  5
2A0
330
1F
100
AcDbEntity
  8
B.Cu
  6
CONTINUOUS
100
AcDbLine
 10
6.4869977952755908
 20
-4.1956424803149606
 30
0
 11
6.484874960629921
 21
-4.1977653149606295
 31
0
  0
LINE
  5
2A1
330
1F
100
AcDbEntity
  8
B.Cu
  6
CONTINUOUS
100
AcDbLine
 10
6.484874960629921
 20
-4.1977653149606295
 30
0
 11
6.4822750787401571
 21
-4.1992663385826772
 31
0
  0
LINE
  5
2A2
330
1F
100
AcDbEntity
  8
B.Cu
  6
CONTINUOUS
100
AcDbLine
 10
6.4822750787401571
 20
-4.1992663385826772
 30
0
 11
6.4793752755905514
 21
-4.2000433464566926
 31
0
  0
LINE
  5
2A3
330
1F
100
AcDbEntity
  8
B.Cu
  6
CONTINUOUS
100
AcDbLine
 10
6.4793752755905514
 20
-4.2000433464566926
 30
0
 11
6.4763731496062995
 21
-4.2000433464566926
 31
0
  0
LINE
  5
2A4
330
1F
100
AcDbEntity
  8
B.Cu
  6
CONTINUOUS
100
AcDbLine
 10
6.4763731496062995
 20
-4.2000433464566926
 30
0
 11
6.4734733464566929
 21
-4.1992663385826772
 31
0
  0
LINE
  5
2A5
330
1F
100
AcDbEntity
  8
B.Cu
  6
CONTINUOUS
100
AcDbLine
 10
6.4734733464566929
 20
-4.1992663385826772
 30
0
 11
6.470873464566929
 21
-4.1977653149606295
 31
0
  0
LINE
  5
2A6
330
1F
100
AcDbEntity
  8
B.Cu
  6
CONTINUOUS
100
AcDbLine
 10
6.470873464566929
 20
-4.1977653149606295
 30
0
 11
6.46875062992126
 21
-4.1956424803149606
 31
0
  0
LINE
  5
2A7
330
1F
100
AcDbEntity
  8
B.Cu
  6
CONTINUOUS
100
AcDbLine
 10
6.46875062992126
 20
-4.1956424803149606
 30
0
 11
6.4672496062992124
 21
-4.1930425984251967
 31
0
  0
LINE
  5
2A8
330
1F
100
AcDbEntity
  8
B.Cu
  6
CONTINUOUS
100
AcDbLine
 10
6.4672496062992124
 20
-4.1930425984251967
 30
0
 11
6.4664725984251969
 21
-4.1901427952755901
 31
0
  0
LINE
  5
2A9
330
1F
100
AcDbEntity
  8
B.Cu
  6
CONTINUOUS
100
AcDbLine
 10
6.4664725984251969
 20
-4.1901427952755901
 30
0
 11
6.4664725984251969
 21
-4.1871406692913382
 31
0
  0
LINE
  5
2AA
330
1F
100
AcDbEntity
  8
B.Cu
  6
CONTINUOUS
100
AcDbLine
 10
6.4664725984251969
 20
-4.1871406692913382
 30
0
 11
6.4672496062992124
 21
-4.1842408661417325
 31
0
  0
LINE
  5
2AB
330
1F
100
AcDbEntity
  8
B.Cu
  6
CONTINUOUS
100
AcDbLine
 10
6.4672496062992124
 20
-4.1842408661417325
 30
0
 11
6.46875062992126
 21
-4.1816409842519686
 31
0
  0
LINE
  5
2AC
330
1F
100
AcDbEntity
  8
B.Cu
  6
CONTINUOUS
100
AcDbLine
 10
6.46875062992126
 20
-4.1816409842519686
 30
0
 11
6.470873464566929
 21
-4.1795181496062987
 31
0
  0
LINE
  5
2AD
330
1F
100
AcDbEntity
  8
B.Cu
  6
CONTINUOUS
100
AcDbLine
 10
6.470873464566929
 20
-4.1795181496062987
 30
0
 11
6.4734733464566929
 21
-4.178017125984252
 31
0
  0
LINE
  5
2AE
330
1F
100
AcDbEntity
  8
B.Cu
  6
CONTINUOUS
100
AcDbLine
 10
6.4734733464566929
 20
-4.178017125984252
 30
0
 11
6.4763731496062995
 21
-4.1772401181102365
 31
0
  0
LINE
  5
2AF
330
1F
100
AcDbEntity
  8
B.Cu
  6
CONTINUOUS
100
AcDbLine
 10
6.4763731496062995
 20
-4.1772401181102365
 30
0
 11
6.4793752755905514
 21
-4.1772401181102365
 31
0
  0
LINE
  5
2B0
330
1F
100
AcDbEntity
  8
B.Cu
  6
CONTINUOUS
100
AcDbLine
 10
6.4793752755905514
 20
-4.1772401181102365
 30
0
 11
6.4822750787401571
 21
-4.178017125984252
 31
0
  0
LINE
  5
2B1
330
1F
100
AcDbEntity
  8
B.Cu
  6
CONTINUOUS
100
AcDbLine
 10
6.5413301574803144
 20
-4.178017125984252
 30
0
 11
6.5439300393700783
 21
-4.1795181496062987
 31
0
  0
LINE
  5
2B2
330
1F
100
AcDbEntity
  8
B.Cu
  6
CONTINUOUS
100
AcDbLine
 10
6.5439300393700783
 20
-4.1795181496062987
 30
0
 11
6.5460528740157482
 21
-4.1816409842519686
 31
0
  0
LINE
  5
2B3
330
1F
100
AcDbEntity
  8
B.Cu
  6
CONTINUOUS
100
AcDbLine
 10
6.5460528740157482
 20
-4.1816409842519686
 30
0
 11
6.5475538976377949
 21
-4.1842408661417325
 31
0
  0
LINE
  5
2B4
330
1F
100
AcDbEntity
  8
B.Cu
  6
CONTINUOUS
100
AcDbLine
 10
6.5475538976377949
 20
-4.1842408661417325
 30
0
 11
6.5483309055118113
 21
-4.1871406692913382
 31
0
  0
LINE
  5
2B5
330
1F
100
AcDbEntity
  8
B.Cu
  6
CONTINUOUS
100
AcDbLine
 10
6.5483309055118113
 20
-4.1871406692913382
 30
0
 11
6.5483309055118113
 21
-4.1901427952755901
 31
0
  0
LINE
  5
2B6
330
1F
100
AcDbEntity
  8
B.Cu
  6
CONTINUOUS
100
AcDbLine
 10
6.5483309055118113
 20
-4.1901427952755901
 30
0
 11
6.5475538976377949
 21
-4.1930425984251967
 31
0
  0
LINE
  5
2B7
330
1F
100
AcDbEntity
  8
B.Cu
  6
CONTINUOUS
100
AcDbLine
 10
6.5475538976377949
 20
-4.1930425984251967
 30
0
 11
6.5460528740157482
 21
-4.1956424803149606
 31
0
  0
LINE
  5
2B8
330
1F
100
AcDbEntity
  8
B.Cu
  6
CONTINUOUS
100
AcDbLine
 10
6.5460528740157482
 20
-4.1956424803149606
 30
0
 11
6.5439300393700783
 21
-4.1977653149606295
 31
0
  0
LINE
  5
2B9
330
1F
100
AcDbEntity
  8
B.Cu
  6
CONTINUOUS
100
AcDbLine
 10
6.5439300393700783
 20
-4.1977653149606295
 30
0
 11
6.5413301574803144
 21
-4.1992663385826772
 31
0
  0
LINE
  5
2BA
330
1F
100
AcDbEntity
  8
B.Cu
  6
CONTINUOUS
100
AcDbLine
 10
6.5413301574803144
 20
-4.1992663385826772
 30
0
 11
6.5384303543307087
 21
-4.2000433464566926
 31
0
  0
LINE
  5
2BB
330
1F
100
AcDbEntity
  8
B.Cu
  6
CONTINUOUS
100
AcDbLine
 10
6.5384303543307087
 20
-4.2000433464566926
 30
0
 11
6.5354282283464569
 21
-4.2000433464566926
 31
0
  0
LINE
  5
2BC
330
1F
100
AcDbEntity
  8
B.Cu
  6
CONTINUOUS
100
AcDbLine
 10
6.5354282283464569
 20
-4.2000433464566926
 30
0
 11
6.5325284251968503
 21
-4.1992663385826772
 31
0
  0
LINE
  5
2BD
330
1F
100
AcDbEntity
  8
B.Cu
  6
CONTINUOUS
100
AcDbLine
 10
6.5325284251968503
 20
-4.1992663385826772
 30
0
 11
6.5299285433070864
 21
-4.1977653149606295
 31
0
  0
LINE
  5
2BE
330
1F
100
AcDbEntity
  8
B.Cu
  6
CONTINUOUS
100
AcDbLine
 10
6.5299285433070864
 20
-4.1977653149606295
 30
0
 11
6.5278057086614174
 21
-4.1956424803149606
 31
0
  0
LINE
  5
2BF
330
1F
100
AcDbEntity
  8
B.Cu
  6
CONTINUOUS
100
AcDbLine
 10
6.5278057086614174
 20
-4.1956424803149606
 30
0
 11
6.5263046850393698
 21
-4.1930425984251967
 31
0
  0
LINE
  5
2C0
330
1F
100
AcDbEntity
  8
B.Cu
  6
CONTINUOUS
100
AcDbLine
 10
6.5263046850393698
 20
-4.1930425984251967
 30
0
 11
6.5255276771653543
 21
-4.1901427952755901
 31
0
  0
LINE
  5
2C1
330
1F
100
AcDbEntity
  8
B.Cu
  6
CONTINUOUS
100
AcDbLine
 10
6.5255276771653543
 20
-4.1901427952755901
 30
0
 11
6.5255276771653543
 21
-4.1871406692913382
 31
0
  0
LINE
  5
2C2
330
1F
100
AcDbEntity
  8
B.Cu
  6
CONTINUOUS
100
AcDbLine
 10
6.5255276771653543
 20
-4.1871406692913382
 30
0
 11
6.5263046850393698
 21
-4.1842408661417325
 31
0
  0
LINE
  5
2C3
330
1F
100
AcDbEntity
  8
B.Cu
  6
CONTINUOUS
100
AcDbLine
 10
6.5263046850393698
 20
-4.1842408661417325
 30
0
 11
6.5278057086614174
 21
-4.1816409842519686
 31
0
  0
LINE
  5
2C4
330
1F
100
AcDbEntity
  8
B.Cu
  6
CONTINUOUS
100
AcDbLine
 10
6.5278057086614174
 20
-4.1816409842519686
 30
0
 11
6.5299285433070864
 21
-4.1795181496062987
 31
0
  0
LINE
  5
2C5
330
1F
100
AcDbEntity
  8
B.Cu
  6
CONTINUOUS
100
AcDbLine
 10
6.5299285433070864
 20
-4.1795181496062987
 30
0
 11
6.5325284251968503
 21
-4.178017125984252
 31
0
  0
LINE
  5
2C6
330
1F
100
AcDbEntity
  8
B.Cu
  6
CONTINUOUS
100
AcDbLine
 10
6.5325284251968503
 20
-4.178017125984252
 30
0
 11
6.5354282283464569
 21
-4.1772401181102365
 31
0
  0
LINE
  5
2C7
330
1F
100
AcDbEntity
  8
B.Cu
  6
CONTINUOUS
100
AcDbLine
 10
6.5354282283464569
 20
-4.1772401181102365
 30
0
 11
6.5384303543307087
 21
-4.1772401181102365
 31
0
  0
LINE
  5
2C8
330
1F
100
AcDbEntity
  8
B.Cu
  6
CONTINUOUS
100
AcDbLine
 10
6.5384303543307087
 20
-4.1772401181102365
 30
0
 11
6.5413301574803144
 21
-4.178017125984252
 31
0
  0
LINE
  5
2C9
330
1F
100
AcDbEntity
  8
B.Cu
  6
CONTINUOUS
100
AcDbLine
 10
6.9744010629921256
 20
-4.1681746062992122
 30
0
 11
6.9770009448818895
 21
-4.1696756299212598
 31
0
  0
LINE
  5
2CA
330
1F
100
AcDbEntity
  8
B.Cu
  6
CONTINUOUS
100
AcDbLine
 10
6.9770009448818895
 20
-4.1696756299212598
 30
0
 11
6.9791237795275585
 21
-4.1717984645669288
 31
0
  0
LINE
  5
2CB
330
1F
100
AcDbEntity
  8
B.Cu
  6
CONTINUOUS
100
AcDbLine
 10
6.9791237795275585
 20
-4.1717984645669288
 30
0
 11
6.9806248031496061
 21
-4.1743983464566927
 31
0
  0
LINE
  5
2CC
330
1F
100
AcDbEntity
  8
B.Cu
  6
CONTINUOUS
100
AcDbLine
 10
6.9806248031496061
 20
-4.1743983464566927
 30
0
 11
6.9814018110236216
 21
-4.1772981496062993
 31
0
  0
LINE
  5
2CD
330
1F
100
AcDbEntity
  8
B.Cu
  6
CONTINUOUS
100
AcDbLine
 10
6.9814018110236216
 20
-4.1772981496062993
 30
0
 11
6.9814018110236216
 21
-4.1803002755905512
 31
0
  0
LINE
  5
2CE
330
1F
100
AcDbEntity
  8
B.Cu
  6
CONTINUOUS
100
AcDbLine
 10
6.9814018110236216
 20
-4.1803002755905512
 30
0
 11
6.9806248031496061
 21
-4.1832000787401578
 31
0
  0
LINE
  5
2CF
330
1F
100
AcDbEntity
  8
B.Cu
  6
CONTINUOUS
100
AcDbLine
 10
6.9806248031496061
 20
-4.1832000787401578
 30
0
 11
6.9791237795275585
 21
-4.1857999606299208
 31
0
  0
LINE
  5
2D0
330
1F
100
AcDbEntity
  8
B.Cu
  6
CONTINUOUS
100
AcDbLine
 10
6.9791237795275585
 20
-4.1857999606299208
 30
0
 11
6.9770009448818895
 21
-4.1879227952755906
 31
0
  0
LINE
  5
2D1
330
1F
100
AcDbEntity
  8
B.Cu
  6
CONTINUOUS
100
AcDbLine
 10
6.9770009448818895
 20
-4.1879227952755906
 30
0
 11
6.9744010629921256
 21
-4.1894238188976374
 31
0
  0
LINE
  5
2D2
330
1F
100
AcDbEntity
  8
B.Cu
  6
CONTINUOUS
100
AcDbLine
 10
6.9744010629921256
 20
-4.1894238188976374
 30
0
 11
6.9715012598425199
 21
-4.1902008267716537
 31
0
  0
LINE
  5
2D3
330
1F
100
AcDbEntity
  8
B.Cu
  6
CONTINUOUS
100
AcDbLine
 10
6.9715012598425199
 20
-4.1902008267716537
 30
0
 11
6.9684991338582671
 21
-4.1902008267716537
 31
0
  0
LINE
  5
2D4
330
1F
100
AcDbEntity
  8
B.Cu
  6
CONTINUOUS
100
AcDbLine
 10
6.9684991338582671
 20
-4.1902008267716537
 30
0
 11
6.9655993307086614
 21
-4.1894238188976374
 31
0
  0
LINE
  5
2D5
330
1F
100
AcDbEntity
  8
B.Cu
  6
CONTINUOUS
100
AcDbLine
 10
6.9655993307086614
 20
-4.1894238188976374
 30
0
 11
6.9629994488188975
 21
-4.1879227952755906
 31
0
  0
LINE
  5
2D6
330
1F
100
AcDbEntity
  8
B.Cu
  6
CONTINUOUS
100
AcDbLine
 10
6.9629994488188975
 20
-4.1879227952755906
 30
0
 11
6.9608766141732286
 21
-4.1857999606299208
 31
0
  0
LINE
  5
2D7
330
1F
100
AcDbEntity
  8
B.Cu
  6
CONTINUOUS
100
AcDbLine
 10
6.9608766141732286
 20
-4.1857999606299208
 30
0
 11
6.9593755905511809
 21
-4.1832000787401578
 31
0
  0
LINE
  5
2D8
330
1F
100
AcDbEntity
  8
B.Cu
  6
CONTINUOUS
100
AcDbLine
 10
6.9593755905511809
 20
-4.1832000787401578
 30
0
 11
6.9585985826771655
 21
-4.1803002755905512
 31
0
  0
LINE
  5
2D9
330
1F
100
AcDbEntity
  8
B.Cu
  6
CONTINUOUS
100
AcDbLine
 10
6.9585985826771655
 20
-4.1803002755905512
 30
0
 11
6.9585985826771655
 21
-4.1772981496062993
 31
0
  0
LINE
  5
2DA
330
1F
100
AcDbEntity
  8
B.Cu
  6
CONTINUOUS
100
AcDbLine
 10
6.9585985826771655
 20
-4.1772981496062993
 30
0
 11
6.9593755905511809
 21
-4.1743983464566927
 31
0
  0
LINE
  5
2DB
330
1F
100
AcDbEntity
  8
B.Cu
  6
CONTINUOUS
100
AcDbLine
 10
6.9593755905511809
 20
-4.1743983464566927
 30
0
 11
6.9608766141732286
 21
-4.1717984645669288
 31
0
  0
LINE
  5
2DC
330
1F
100
AcDbEntity
  8
B.Cu
  6
CONTINUOUS
100
AcDbLine
 10
6.9608766141732286
 20
-4.1717984645669288
 30
0
 11
6.9629994488188975
 21
-4.1696756299212598
 31
0
  0
LINE
  5
2DD
330
1F
100
AcDbEntity
  8
B.Cu
  6
CONTINUOUS
100
AcDbLine
 10
6.9629994488188975
 20
-4.1696756299212598
 30
0
 11
6.9655993307086614
 21
-4.1681746062992122
 31
0
  0
LINE
  5
2DE
330
1F
100
AcDbEntity
  8
B.Cu
  6
CONTINUOUS
100
AcDbLine
 10
6.9655993307086614
 20
-4.1681746062992122
 30
0
 11
6.9684991338582671
 21
-4.1673975984251967
 31
0
  0
LINE
  5
2DF
330
1F
100
AcDbEntity
  8
B.Cu
  6
CONTINUOUS
100
AcDbLine
 10
6.9684991338582671
 20
-4.1673975984251967
 30
0
 11
6.9715012598425199
 21
-4.1673975984251967
 31
0
  0
LINE
  5
2E0
330
1F
100
AcDbEntity
  8
B.Cu
  6
CONTINUOUS
100
AcDbLine
 10
6.9715012598425199
 20
-4.1673975984251967
 30
0
 11
6.9744010629921256
 21
-4.1681746062992122
 31
0
  0
LINE
  5
2E1
330
1F
100
AcDbEntity
  8
B.Cu
  6
CONTINUOUS
100
AcDbLine
 10
6.0039286220472441
 20
-4.162269094488189
 30
0
 11
6.006528503937008
 21
-4.1637701181102358
 31
0
  0
LINE
  5
2E2
330
1F
100
AcDbEntity
  8
B.Cu
  6
CONTINUOUS
100
AcDbLine
 10
6.006528503937008
 20
-4.1637701181102358
 30
0
 11
6.008651338582677
 21
-4.1658929527559057
 31
0
  0
LINE
  5
2E3
330
1F
100
AcDbEntity
  8
B.Cu
  6
CONTINUOUS
100
AcDbLine
 10
6.008651338582677
 20
-4.1658929527559057
 30
0
 11
6.0101523622047246
 21
-4.1684928346456696
 31
0
  0
LINE
  5
2E4
330
1F
100
AcDbEntity
  8
B.Cu
  6
CONTINUOUS
100
AcDbLine
 10
6.0101523622047246
 20
-4.1684928346456696
 30
0
 11
6.0109293700787401
 21
-4.1713926377952752
 31
0
  0
LINE
  5
2E5
330
1F
100
AcDbEntity
  8
B.Cu
  6
CONTINUOUS
100
AcDbLine
 10
6.0109293700787401
 20
-4.1713926377952752
 30
0
 11
6.0109293700787401
 21
-4.1743947637795271
 31
0
  0
LINE
  5
2E6
330
1F
100
AcDbEntity
  8
B.Cu
  6
CONTINUOUS
100
AcDbLine
 10
6.0109293700787401
 20
-4.1743947637795271
 30
0
 11
6.0101523622047246
 21
-4.1772945669291337
 31
0
  0
LINE
  5
2E7
330
1F
100
AcDbEntity
  8
B.Cu
  6
CONTINUOUS
100
AcDbLine
 10
6.0101523622047246
 20
-4.1772945669291337
 30
0
 11
6.008651338582677
 21
-4.1798944488188976
 31
0
  0
LINE
  5
2E8
330
1F
100
AcDbEntity
  8
B.Cu
  6
CONTINUOUS
100
AcDbLine
 10
6.008651338582677
 20
-4.1798944488188976
 30
0
 11
6.006528503937008
 21
-4.1820172834645666
 31
0
  0
LINE
  5
2E9
330
1F
100
AcDbEntity
  8
B.Cu
  6
CONTINUOUS
100
AcDbLine
 10
6.006528503937008
 20
-4.1820172834645666
 30
0
 11
6.0039286220472441
 21
-4.1835183070866142
 31
0
  0
LINE
  5
2EA
330
1F
100
AcDbEntity
  8
B.Cu
  6
CONTINUOUS
100
AcDbLine
 10
6.0039286220472441
 20
-4.1835183070866142
 30
0
 11
6.0010288188976375
 21
-4.1842953149606297
 31
0
  0
LINE
  5
2EB
330
1F
100
AcDbEntity
  8
B.Cu
  6
CONTINUOUS
100
AcDbLine
 10
6.0010288188976375
 20
-4.1842953149606297
 30
0
 11
5.9980266929133856
 21
-4.1842953149606297
 31
0
  0
LINE
  5
2EC
330
1F
100
AcDbEntity
  8
B.Cu
  6
CONTINUOUS
100
AcDbLine
 10
5.9980266929133856
 20
-4.1842953149606297
 30
0
 11
5.9951268897637791
 21
-4.1835183070866142
 31
0
  0
LINE
  5
2ED
330
1F
100
AcDbEntity
  8
B.Cu
  6
CONTINUOUS
100
AcDbLine
 10
5.9951268897637791
 20
-4.1835183070866142
 30
0
 11
5.992527007874016
 21
-4.1820172834645666
 31
0
  0
LINE
  5
2EE
330
1F
100
AcDbEntity
  8
B.Cu
  6
CONTINUOUS
100
AcDbLine
 10
5.992527007874016
 20
-4.1820172834645666
 30
0
 11
5.9904041732283462
 21
-4.1798944488188976
 31
0
  0
LINE
  5
2EF
330
1F
100
AcDbEntity
  8
B.Cu
  6
CONTINUOUS
100
AcDbLine
 10
5.9904041732283462
 20
-4.1798944488188976
 30
0
 11
5.9889031496062994
 21
-4.1772945669291337
 31
0
  0
LINE
  5
2F0
330
1F
100
AcDbEntity
  8
B.Cu
  6
CONTINUOUS
100
AcDbLine
 10
5.9889031496062994
 20
-4.1772945669291337
 30
0
 11
5.9881261417322831
 21
-4.1743947637795271
 31
0
  0
LINE
  5
2F1
330
1F
100
AcDbEntity
  8
B.Cu
  6
CONTINUOUS
100
AcDbLine
 10
5.9881261417322831
 20
-4.1743947637795271
 30
0
 11
5.9881261417322831
 21
-4.1713926377952752
 31
0
  0
LINE
  5
2F2
330
1F
100
AcDbEntity
  8
B.Cu
  6
CONTINUOUS
100
AcDbLine
 10
5.9881261417322831
 20
-4.1713926377952752
 30
0
 11
5.9889031496062994
 21
-4.1684928346456696
 31
0
  0
LINE
  5
2F3
330
1F
100
AcDbEntity
  8
B.Cu
  6
CONTINUOUS
100
AcDbLine
 10
5.9889031496062994
 20
-4.1684928346456696
 30
0
 11
5.9904041732283462
 21
-4.1658929527559057
 31
0
  0
LINE
  5
2F4
330
1F
100
AcDbEntity
  8
B.Cu
  6
CONTINUOUS
100
AcDbLine
 10
5.9904041732283462
 20
-4.1658929527559057
 30
0
 11
5.992527007874016
 21
-4.1637701181102358
 31
0
  0
LINE
  5
2F5
330
1F
100
AcDbEntity
  8
B.Cu
  6
CONTINUOUS
100
AcDbLine
 10
5.992527007874016
 20
-4.1637701181102358
 30
0
 11
5.9951268897637791
 21
-4.162269094488189
 31
0
  0
LINE
  5
2F6
330
1F
100
AcDbEntity
  8
B.Cu
  6
CONTINUOUS
100
AcDbLine
 10
5.9951268897637791
 20
-4.162269094488189
 30
0
 11
5.9980266929133856
 21
-4.1614920866141727
 31
0
  0
LINE
  5
2F7
330
1F
100
AcDbEntity
  8
B.Cu
  6
CONTINUOUS
100
AcDbLine
 10
5.9980266929133856
 20
-4.1614920866141727
 30
0
 11
6.0010288188976375
 21
-4.1614920866141727
 31
0
  0
LINE
  5
2F8
330
1F
100
AcDbEntity
  8
B.Cu
  6
CONTINUOUS
100
AcDbLine
 10
6.0010288188976375
 20
-4.1614920866141727
 30
0
 11
6.0039286220472441
 21
-4.162269094488189
 31
0
  0
LINE
  5
2F9
330
1F
100
AcDbEntity
  8
B.Cu
  6
CONTINUOUS
100
AcDbLine
 10
6.0590467322834645
 20
-4.1583320866141733
 30
0
 11
6.0616466141732284
 21
-4.15983311023622
 31
0
  0
LINE
  5
2FA
330
1F
100
AcDbEntity
  8
B.Cu
  6
CONTINUOUS
100
AcDbLine
 10
6.0616466141732284
 20
-4.15983311023622
 30
0
 11
6.0637694488188973
 21
-4.1619559448818899
 31
0
  0
LINE
  5
2FB
330
1F
100
AcDbEntity
  8
B.Cu
  6
CONTINUOUS
100
AcDbLine
 10
6.0637694488188973
 20
-4.1619559448818899
 30
0
 11
6.065270472440945
 21
-4.1645558267716538
 31
0
  0
LINE
  5
2FC
330
1F
100
AcDbEntity
  8
B.Cu
  6
CONTINUOUS
100
AcDbLine
 10
6.065270472440945
 20
-4.1645558267716538
 30
0
 11
6.0660474803149604
 21
-4.1674556299212595
 31
0
  0
LINE
  5
2FD
330
1F
100
AcDbEntity
  8
B.Cu
  6
CONTINUOUS
100
AcDbLine
 10
6.0660474803149604
 20
-4.1674556299212595
 30
0
 11
6.0660474803149604
 21
-4.1704577559055114
 31
0
  0
LINE
  5
2FE
330
1F
100
AcDbEntity
  8
B.Cu
  6
CONTINUOUS
100
AcDbLine
 10
6.0660474803149604
 20
-4.1704577559055114
 30
0
 11
6.065270472440945
 21
-4.173357559055118
 31
0
  0
LINE
  5
2FF
330
1F
100
AcDbEntity
  8
B.Cu
  6
CONTINUOUS
100
AcDbLine
 10
6.065270472440945
 20
-4.173357559055118
 30
0
 11
6.0637694488188973
 21
-4.1759574409448819
 31
0
  0
LINE
  5
300
330
1F
100
AcDbEntity
  8
B.Cu
  6
CONTINUOUS
100
AcDbLine
 10
6.0637694488188973
 20
-4.1759574409448819
 30
0
 11
6.0616466141732284
 21
-4.1780802755905508
 31
0
  0
LINE
  5
301
330
1F
100
AcDbEntity
  8
B.Cu
  6
CONTINUOUS
100
AcDbLine
 10
6.0616466141732284
 20
-4.1780802755905508
 30
0
 11
6.0590467322834645
 21
-4.1795812992125985
 31
0
  0
LINE
  5
302
330
1F
100
AcDbEntity
  8
B.Cu
  6
CONTINUOUS
100
AcDbLine
 10
6.0590467322834645
 20
-4.1795812992125985
 30
0
 11
6.0561469291338579
 21
-4.1803583070866139
 31
0
  0
LINE
  5
303
330
1F
100
AcDbEntity
  8
B.Cu
  6
CONTINUOUS
100
AcDbLine
 10
6.0561469291338579
 20
-4.1803583070866139
 30
0
 11
6.053144803149606
 21
-4.1803583070866139
 31
0
  0
LINE
  5
304
330
1F
100
AcDbEntity
  8
B.Cu
  6
CONTINUOUS
100
AcDbLine
 10
6.053144803149606
 20
-4.1803583070866139
 30
0
 11
6.0502449999999994
 21
-4.1795812992125985
 31
0
  0
LINE
  5
305
330
1F
100
AcDbEntity
  8
B.Cu
  6
CONTINUOUS
100
AcDbLine
 10
6.0502449999999994
 20
-4.1795812992125985
 30
0
 11
6.0476451181102364
 21
-4.1780802755905508
 31
0
  0
LINE
  5
306
330
1F
100
AcDbEntity
  8
B.Cu
  6
CONTINUOUS
100
AcDbLine
 10
6.0476451181102364
 20
-4.1780802755905508
 30
0
 11
6.0455222834645665
 21
-4.1759574409448819
 31
0
  0
LINE
  5
307
330
1F
100
AcDbEntity
  8
B.Cu
  6
CONTINUOUS
100
AcDbLine
 10
6.0455222834645665
 20
-4.1759574409448819
 30
0
 11
6.0440212598425198
 21
-4.173357559055118
 31
0
  0
LINE
  5
308
330
1F
100
AcDbEntity
  8
B.Cu
  6
CONTINUOUS
100
AcDbLine
 10
6.0440212598425198
 20
-4.173357559055118
 30
0
 11
6.0432442519685035
 21
-4.1704577559055114
 31
0
  0
LINE
  5
309
330
1F
100
AcDbEntity
  8
B.Cu
  6
CONTINUOUS
100
AcDbLine
 10
6.0432442519685035
 20
-4.1704577559055114
 30
0
 11
6.0432442519685035
 21
-4.1674556299212595
 31
0
  0
LINE
  5
30A
330
1F
100
AcDbEntity
  8
B.Cu
  6
CONTINUOUS
100
AcDbLine
 10
6.0432442519685035
 20
-4.1674556299212595
 30
0
 11
6.0440212598425198
 21
-4.1645558267716538
 31
0
  0
LINE
  5
30B
330
1F
100
AcDbEntity
  8
B.Cu
  6
CONTINUOUS
100
AcDbLine
 10
6.0440212598425198
 20
-4.1645558267716538
 30
0
 11
6.0455222834645665
 21
-4.1619559448818899
 31
0
  0
LINE
  5
30C
330
1F
100
AcDbEntity
  8
B.Cu
  6
CONTINUOUS
100
AcDbLine
 10
6.0455222834645665
 20
-4.1619559448818899
 30
0
 11
6.0476451181102364
 21
-4.15983311023622
 31
0
  0
LINE
  5
30D
330
1F
100
AcDbEntity
  8
B.Cu
  6
CONTINUOUS
100
AcDbLine
 10
6.0476451181102364
 20
-4.15983311023622
 30
0
 11
6.0502449999999994
 21
-4.1583320866141733
 31
0
  0
LINE
  5
30E
330
1F
100
AcDbEntity
  8
B.Cu
  6
CONTINUOUS
100
AcDbLine
 10
6.0502449999999994
 20
-4.1583320866141733
 30
0
 11
6.053144803149606
 21
-4.157555078740157
 31
0
  0
LINE
  5
30F
330
1F
100
AcDbEntity
  8
B.Cu
  6
CONTINUOUS
100
AcDbLine
 10
6.053144803149606
 20
-4.157555078740157
 30
0
 11
6.0561469291338579
 21
-4.157555078740157
 31
0
  0
LINE
  5
310
330
1F
100
AcDbEntity
  8
B.Cu
  6
CONTINUOUS
100
AcDbLine
 10
6.0561469291338579
 20
-4.157555078740157
 30
0
 11
6.0590467322834645
 21
-4.1583320866141733
 31
0
  0
LINE
  5
311
330
1F
100
AcDbEntity
  8
B.Cu
  6
CONTINUOUS
100
AcDbLine
 10
6.1062908267716534
 20
-3.9496706692913386
 30
0
 11
6.1088907086614173
 21
-3.9511716929133858
 31
0
  0
LINE
  5
312
330
1F
100
AcDbEntity
  8
B.Cu
  6
CONTINUOUS
100
AcDbLine
 10
6.1088907086614173
 20
-3.9511716929133858
 30
0
 11
6.1110135433070862
 21
-3.9532945275590552
 31
0
  0
LINE
  5
313
330
1F
100
AcDbEntity
  8
B.Cu
  6
CONTINUOUS
100
AcDbLine
 10
6.1110135433070862
 20
-3.9532945275590552
 30
0
 11
6.1125145669291339
 21
-3.9558944094488186
 31
0
  0
LINE
  5
314
330
1F
100
AcDbEntity
  8
B.Cu
  6
CONTINUOUS
100
AcDbLine
 10
6.1125145669291339
 20
-3.9558944094488186
 30
0
 11
6.1132915748031493
 21
-3.9587942125984252
 31
0
  0
LINE
  5
315
330
1F
100
AcDbEntity
  8
B.Cu
  6
CONTINUOUS
100
AcDbLine
 10
6.1132915748031493
 20
-3.9587942125984252
 30
0
 11
6.1132915748031493
 21
-3.9617963385826771
 31
0
  0
LINE
  5
316
330
1F
100
AcDbEntity
  8
B.Cu
  6
CONTINUOUS
100
AcDbLine
 10
6.1132915748031493
 20
-3.9617963385826771
 30
0
 11
6.1125145669291339
 21
-3.9646961417322832
 31
0
  0
LINE
  5
317
330
1F
100
AcDbEntity
  8
B.Cu
  6
CONTINUOUS
100
AcDbLine
 10
6.1125145669291339
 20
-3.9646961417322832
 30
0
 11
6.1110135433070862
 21
-3.9672960236220471
 31
0
  0
LINE
  5
318
330
1F
100
AcDbEntity
  8
B.Cu
  6
CONTINUOUS
100
AcDbLine
 10
6.1110135433070862
 20
-3.9672960236220471
 30
0
 11
6.1095684251968505
 21
-3.9687411023622046
 31
0
  0
LINE
  5
319
330
1F
100
AcDbEntity
  8
B.Cu
  6
CONTINUOUS
100
AcDbLine
 10
6.1095684251968505
 20
-3.9687411023622046
 30
0
 11
6.3019099999999995
 21
-4.1610826771653544
 31
0
  0
LINE
  5
31A
330
1F
100
AcDbEntity
  8
B.Cu
  6
CONTINUOUS
100
AcDbLine
 10
6.3019099999999995
 20
-4.1610826771653544
 30
0
 11
6.6120701968503939
 21
-4.1610826771653544
 31
0
  0
LINE
  5
31B
330
1F
100
AcDbEntity
  8
B.Cu
  6
CONTINUOUS
100
AcDbLine
 10
6.6120701968503939
 20
-4.1610826771653544
 30
0
 11
6.6269385039370077
 21
-4.146214330708661
 31
0
  0
LINE
  5
31C
330
1F
100
AcDbEntity
  8
B.Cu
  6
CONTINUOUS
100
AcDbLine
 10
6.6269385039370077
 20
-4.146214330708661
 30
0
 11
6.6266984251968504
 21
-4.1457985039370078
 31
0
  0
LINE
  5
31D
330
1F
100
AcDbEntity
  8
B.Cu
  6
CONTINUOUS
100
AcDbLine
 10
6.6266984251968504
 20
-4.1457985039370078
 30
0
 11
6.6259214173228349
 21
-4.1428987007874012
 31
0
  0
LINE
  5
31E
330
1F
100
AcDbEntity
  8
B.Cu
  6
CONTINUOUS
100
AcDbLine
 10
6.6259214173228349
 20
-4.1428987007874012
 30
0
 11
6.6259214173228349
 21
-4.1398965748031493
 31
0
  0
LINE
  5
31F
330
1F
100
AcDbEntity
  8
B.Cu
  6
CONTINUOUS
100
AcDbLine
 10
6.6259214173228349
 20
-4.1398965748031493
 30
0
 11
6.6266984251968504
 21
-4.1369967716535436
 31
0
  0
LINE
  5
320
330
1F
100
AcDbEntity
  8
B.Cu
  6
CONTINUOUS
100
AcDbLine
 10
6.6266984251968504
 20
-4.1369967716535436
 30
0
 11
6.6281994488188971
 21
-4.1343968897637797
 31
0
  0
LINE
  5
321
330
1F
100
AcDbEntity
  8
B.Cu
  6
CONTINUOUS
100
AcDbLine
 10
6.6281994488188971
 20
-4.1343968897637797
 30
0
 11
6.630322283464567
 21
-4.1322740551181099
 31
0
  0
LINE
  5
322
330
1F
100
AcDbEntity
  8
B.Cu
  6
CONTINUOUS
100
AcDbLine
 10
6.630322283464567
 20
-4.1322740551181099
 30
0
 11
6.6329221653543309
 21
-4.1307730314960631
 31
0
  0
LINE
  5
323
330
1F
100
AcDbEntity
  8
B.Cu
  6
CONTINUOUS
100
AcDbLine
 10
6.6329221653543309
 20
-4.1307730314960631
 30
0
 11
6.6358219685039366
 21
-4.1299960236220468
 31
0
  0
LINE
  5
324
330
1F
100
AcDbEntity
  8
B.Cu
  6
CONTINUOUS
100
AcDbLine
 10
6.6358219685039366
 20
-4.1299960236220468
 30
0
 11
6.6388240944881884
 21
-4.1299960236220468
 31
0
  0
LINE
  5
325
330
1F
100
AcDbEntity
  8
B.Cu
  6
CONTINUOUS
100
AcDbLine
 10
6.6388240944881884
 20
-4.1299960236220468
 30
0
 11
6.641723897637795
 21
-4.1307730314960631
 31
0
  0
LINE
  5
326
330
1F
100
AcDbEntity
  8
B.Cu
  6
CONTINUOUS
100
AcDbLine
 10
6.641723897637795
 20
-4.1307730314960631
 30
0
 11
6.6443237795275589
 21
-4.1322740551181099
 31
0
  0
LINE
  5
327
330
1F
100
AcDbEntity
  8
B.Cu
  6
CONTINUOUS
100
AcDbLine
 10
6.6443237795275589
 20
-4.1322740551181099
 30
0
 11
6.6464466141732279
 21
-4.1343968897637797
 31
0
  0
LINE
  5
328
330
1F
100
AcDbEntity
  8
B.Cu
  6
CONTINUOUS
100
AcDbLine
 10
6.6464466141732279
 20
-4.1343968897637797
 30
0
 11
6.6479476377952755
 21
-4.1369967716535436
 31
0
  0
LINE
  5
329
330
1F
100
AcDbEntity
  8
B.Cu
  6
CONTINUOUS
100
AcDbLine
 10
6.6479476377952755
 20
-4.1369967716535436
 30
0
 11
6.648724645669291
 21
-4.1398965748031493
 31
0
  0
LINE
  5
32A
330
1F
100
AcDbEntity
  8
B.Cu
  6
CONTINUOUS
100
AcDbLine
 10
6.648724645669291
 20
-4.1398965748031493
 30
0
 11
6.648724645669291
 21
-4.1428987007874012
 31
0
  0
LINE
  5
32B
330
1F
100
AcDbEntity
  8
B.Cu
  6
CONTINUOUS
100
AcDbLine
 10
6.648724645669291
 20
-4.1428987007874012
 30
0
 11
6.6479476377952755
 21
-4.1457985039370078
 31
0
  0
LINE
  5
32C
330
1F
100
AcDbEntity
  8
B.Cu
  6
CONTINUOUS
100
AcDbLine
 10
6.6479476377952755
 20
-4.1457985039370078
 30
0
 11
6.6464466141732279
 21
-4.1483983858267717
 31
0
  0
LINE
  5
32D
330
1F
100
AcDbEntity
  8
B.Cu
  6
CONTINUOUS
100
AcDbLine
 10
6.6464466141732279
 20
-4.1483983858267717
 30
0
 11
6.6443237795275589
 21
-4.1505212204724407
 31
0
  0
LINE
  5
32E
330
1F
100
AcDbEntity
  8
B.Cu
  6
CONTINUOUS
100
AcDbLine
 10
6.6443237795275589
 20
-4.1505212204724407
 30
0
 11
6.641723897637795
 21
-4.1520222440944883
 31
0
  0
LINE
  5
32F
330
1F
100
AcDbEntity
  8
B.Cu
  6
CONTINUOUS
100
AcDbLine
 10
6.641723897637795
 20
-4.1520222440944883
 30
0
 11
6.6388240944881884
 21
-4.1527992519685037
 31
0
  0
LINE
  5
330
330
1F
100
AcDbEntity
  8
B.Cu
  6
CONTINUOUS
100
AcDbLine
 10
6.6388240944881884
 20
-4.1527992519685037
 30
0
 11
6.6358219685039366
 21
-4.1527992519685037
 31
0
  0
LINE
  5
331
330
1F
100
AcDbEntity
  8
B.Cu
  6
CONTINUOUS
100
AcDbLine
 10
6.6358219685039366
 20
-4.1527992519685037
 30
0
 11
6.6329221653543309
 21
-4.1520222440944883
 31
0
  0
LINE
  5
332
330
1F
100
AcDbEntity
  8
B.Cu
  6
CONTINUOUS
100
AcDbLine
 10
6.6329221653543309
 20
-4.1520222440944883
 30
0
 11
6.632506299212598
 21
-4.1517821259842522
 31
0
  0
LINE
  5
333
330
1F
100
AcDbEntity
  8
B.Cu
  6
CONTINUOUS
100
AcDbLine
 10
6.632506299212598
 20
-4.1517821259842522
 30
0
 11
6.6164848818897637
 21
-4.1678035826771653
 31
0
  0
LINE
  5
334
330
1F
100
AcDbEntity
  8
B.Cu
  6
CONTINUOUS
100
AcDbLine
 10
6.6164848818897637
 20
-4.1678035826771653
 30
0
 11
6.6158882677165352
 21
-4.1682931889763779
 31
0
  0
LINE
  5
335
330
1F
100
AcDbEntity
  8
B.Cu
  6
CONTINUOUS
100
AcDbLine
 10
6.6158882677165352
 20
-4.1682931889763779
 30
0
 11
6.6144690551181098
 21
-4.168881062992126
 31
0
  0
LINE
  5
336
330
1F
100
AcDbEntity
  8
B.Cu
  6
CONTINUOUS
100
AcDbLine
 10
6.6144690551181098
 20
-4.168881062992126
 30
0
 11
6.6137009842519685
 21
-4.1689566929133859
 31
0
  0
LINE
  5
337
330
1F
100
AcDbEntity
  8
B.Cu
  6
CONTINUOUS
100
AcDbLine
 10
6.6137009842519685
 20
-4.1689566929133859
 30
0
 11
6.3002792519685036
 21
-4.1689566929133859
 31
0
  0
LINE
  5
338
330
1F
100
AcDbEntity
  8
B.Cu
  6
CONTINUOUS
100
AcDbLine
 10
6.3002792519685036
 20
-4.1689566929133859
 30
0
 11
6.2995111811023623
 21
-4.168881062992126
 31
0
  0
LINE
  5
339
330
1F
100
AcDbEntity
  8
B.Cu
  6
CONTINUOUS
100
AcDbLine
 10
6.2995111811023623
 20
-4.168881062992126
 30
0
 11
6.2980919685039369
 21
-4.1682932283464567
 31
0
  0
LINE
  5
33A
330
1F
100
AcDbEntity
  8
B.Cu
  6
CONTINUOUS
100
AcDbLine
 10
6.2980919685039369
 20
-4.1682932283464567
 30
0
 11
6.2974953937007871
 21
-4.1678035826771653
 31
0
  0
LINE
  5
33B
330
1F
100
AcDbEntity
  8
B.Cu
  6
CONTINUOUS
100
AcDbLine
 10
6.2974953937007871
 20
-4.1678035826771653
 30
0
 11
6.1013886614173227
 21
-3.9716968897637797
 31
0
  0
LINE
  5
33C
330
1F
100
AcDbEntity
  8
B.Cu
  6
CONTINUOUS
100
AcDbLine
 10
6.1013886614173227
 20
-3.9716968897637797
 30
0
 11
6.1003888976377949
 21
-3.9716968897637797
 31
0
  0
LINE
  5
33D
330
1F
100
AcDbEntity
  8
B.Cu
  6
CONTINUOUS
100
AcDbLine
 10
6.1003888976377949
 20
-3.9716968897637797
 30
0
 11
6.0974890944881892
 21
-3.9709198818897637
 31
0
  0
LINE
  5
33E
330
1F
100
AcDbEntity
  8
B.Cu
  6
CONTINUOUS
100
AcDbLine
 10
6.0974890944881892
 20
-3.9709198818897637
 30
0
 11
6.0948892125984253
 21
-3.9694188582677166
 31
0
  0
LINE
  5
33F
330
1F
100
AcDbEntity
  8
B.Cu
  6
CONTINUOUS
100
AcDbLine
 10
6.0948892125984253
 20
-3.9694188582677166
 30
0
 11
6.0927663779527554
 21
-3.9672960236220471
 31
0
  0
LINE
  5
340
330
1F
100
AcDbEntity
  8
B.Cu
  6
CONTINUOUS
100
AcDbLine
 10
6.0927663779527554
 20
-3.9672960236220471
 30
0
 11
6.0912653543307087
 21
-3.9646961417322832
 31
0
  0
LINE
  5
341
330
1F
100
AcDbEntity
  8
B.Cu
  6
CONTINUOUS
100
AcDbLine
 10
6.0912653543307087
 20
-3.9646961417322832
 30
0
 11
6.0904883464566923
 21
-3.9617963385826771
 31
0
  0
LINE
  5
342
330
1F
100
AcDbEntity
  8
B.Cu
  6
CONTINUOUS
100
AcDbLine
 10
6.0904883464566923
 20
-3.9617963385826771
 30
0
 11
6.0904883464566923
 21
-3.9587942125984252
 31
0
  0
LINE
  5
343
330
1F
100
AcDbEntity
  8
B.Cu
  6
CONTINUOUS
100
AcDbLine
 10
6.0904883464566923
 20
-3.9587942125984252
 30
0
 11
6.0912653543307087
 21
-3.9558944094488186
 31
0
  0
LINE
  5
344
330
1F
100
AcDbEntity
  8
B.Cu
  6
CONTINUOUS
100
AcDbLine
 10
6.0912653543307087
 20
-3.9558944094488186
 30
0
 11
6.0927663779527554
 21
-3.9532945275590552
 31
0
  0
LINE
  5
345
330
1F
100
AcDbEntity
  8
B.Cu
  6
CONTINUOUS
100
AcDbLine
 10
6.0927663779527554
 20
-3.9532945275590552
 30
0
 11
6.0948892125984253
 21
-3.9511716929133858
 31
0
  0
LINE
  5
346
330
1F
100
AcDbEntity
  8
B.Cu
  6
CONTINUOUS
100
AcDbLine
 10
6.0948892125984253
 20
-3.9511716929133858
 30
0
 11
6.0974890944881892
 21
-3.9496706692913386
 31
0
  0
LINE
  5
347
330
1F
100
AcDbEntity
  8
B.Cu
  6
CONTINUOUS
100
AcDbLine
 10
6.0974890944881892
 20
-3.9496706692913386
 30
0
 11
6.1003888976377949
 21
-3.9488936614173227
 31
0
  0
LINE
  5
348
330
1F
100
AcDbEntity
  8
B.Cu
  6
CONTINUOUS
100
AcDbLine
 10
6.1003888976377949
 20
-3.9488936614173227
 30
0
 11
6.1033910236220468
 21
-3.9488936614173227
 31
0
  0
LINE
  5
349
330
1F
100
AcDbEntity
  8
B.Cu
  6
CONTINUOUS
100
AcDbLine
 10
6.1033910236220468
 20
-3.9488936614173227
 30
0
 11
6.1062908267716534
 21
-3.9496706692913386
 31
0
  0
LINE
  5
34A
330
1F
100
AcDbEntity
  8
B.Cu
  6
CONTINUOUS
100
AcDbLine
 10
6.1279443700787404
 20
-4.1189620472440946
 30
0
 11
6.1305442519685034
 21
-4.1204630708661414
 31
0
  0
LINE
  5
34B
330
1F
100
AcDbEntity
  8
B.Cu
  6
CONTINUOUS
100
AcDbLine
 10
6.1305442519685034
 20
-4.1204630708661414
 30
0
 11
6.1326670866141733
 21
-4.1225859055118113
 31
0
  0
LINE
  5
34C
330
1F
100
AcDbEntity
  8
B.Cu
  6
CONTINUOUS
100
AcDbLine
 10
6.1326670866141733
 20
-4.1225859055118113
 30
0
 11
6.13416811023622
 21
-4.1251857874015743
 31
0
  0
LINE
  5
34D
330
1F
100
AcDbEntity
  8
B.Cu
  6
CONTINUOUS
100
AcDbLine
 10
6.13416811023622
 20
-4.1251857874015743
 30
0
 11
6.1349451181102364
 21
-4.1280855905511809
 31
0
  0
LINE
  5
34E
330
1F
100
AcDbEntity
  8
B.Cu
  6
CONTINUOUS
100
AcDbLine
 10
6.1349451181102364
 20
-4.1280855905511809
 30
0
 11
6.1349451181102364
 21
-4.1310877165354327
 31
0
  0
LINE
  5
34F
330
1F
100
AcDbEntity
  8
B.Cu
  6
CONTINUOUS
100
AcDbLine
 10
6.1349451181102364
 20
-4.1310877165354327
 30
0
 11
6.13416811023622
 21
-4.1339875196850393
 31
0
  0
LINE
  5
350
330
1F
100
AcDbEntity
  8
B.Cu
  6
CONTINUOUS
100
AcDbLine
 10
6.13416811023622
 20
-4.1339875196850393
 30
0
 11
6.1326670866141733
 21
-4.1365874015748032
 31
0
  0
LINE
  5
351
330
1F
100
AcDbEntity
  8
B.Cu
  6
CONTINUOUS
100
AcDbLine
 10
6.1326670866141733
 20
-4.1365874015748032
 30
0
 11
6.1305442519685034
 21
-4.1387102362204722
 31
0
  0
LINE
  5
352
330
1F
100
AcDbEntity
  8
B.Cu
  6
CONTINUOUS
100
AcDbLine
 10
6.1305442519685034
 20
-4.1387102362204722
 30
0
 11
6.1279443700787404
 21
-4.1402112598425198
 31
0
  0
LINE
  5
353
330
1F
100
AcDbEntity
  8
B.Cu
  6
CONTINUOUS
100
AcDbLine
 10
6.1279443700787404
 20
-4.1402112598425198
 30
0
 11
6.1250445669291338
 21
-4.1409882677165353
 31
0
  0
LINE
  5
354
330
1F
100
AcDbEntity
  8
B.Cu
  6
CONTINUOUS
100
AcDbLine
 10
6.1250445669291338
 20
-4.1409882677165353
 30
0
 11
6.1220424409448819
 21
-4.1409882677165353
 31
0
  0
LINE
  5
355
330
1F
100
AcDbEntity
  8
B.Cu
  6
CONTINUOUS
100
AcDbLine
 10
6.1220424409448819
 20
-4.1409882677165353
 30
0
 11
6.1191426377952753
 21
-4.1402112598425198
 31
0
  0
LINE
  5
356
330
1F
100
AcDbEntity
  8
B.Cu
  6
CONTINUOUS
100
AcDbLine
 10
6.1191426377952753
 20
-4.1402112598425198
 30
0
 11
6.1165427559055114
 21
-4.1387102362204722
 31
0
  0
LINE
  5
357
330
1F
100
AcDbEntity
  8
B.Cu
  6
CONTINUOUS
100
AcDbLine
 10
6.1165427559055114
 20
-4.1387102362204722
 30
0
 11
6.1144199212598425
 21
-4.1365874015748032
 31
0
  0
LINE
  5
358
330
1F
100
AcDbEntity
  8
B.Cu
  6
CONTINUOUS
100
AcDbLine
 10
6.1144199212598425
 20
-4.1365874015748032
 30
0
 11
6.1129188976377948
 21
-4.1339875196850393
 31
0
  0
LINE
  5
359
330
1F
100
AcDbEntity
  8
B.Cu
  6
CONTINUOUS
100
AcDbLine
 10
6.1129188976377948
 20
-4.1339875196850393
 30
0
 11
6.1121418897637794
 21
-4.1310877165354327
 31
0
  0
LINE
  5
35A
330
1F
100
AcDbEntity
  8
B.Cu
  6
CONTINUOUS
100
AcDbLine
 10
6.1121418897637794
 20
-4.1310877165354327
 30
0
 11
6.1121418897637794
 21
-4.1280855905511809
 31
0
  0
LINE
  5
35B
330
1F
100
AcDbEntity
  8
B.Cu
  6
CONTINUOUS
100
AcDbLine
 10
6.1121418897637794
 20
-4.1280855905511809
 30
0
 11
6.1129188976377948
 21
-4.1251857874015743
 31
0
  0
LINE
  5
35C
330
1F
100
AcDbEntity
  8
B.Cu
  6
CONTINUOUS
100
AcDbLine
 10
6.1129188976377948
 20
-4.1251857874015743
 30
0
 11
6.1144199212598425
 21
-4.1225859055118113
 31
0
  0
LINE
  5
35D
330
1F
100
AcDbEntity
  8
B.Cu
  6
CONTINUOUS
100
AcDbLine
 10
6.1144199212598425
 20
-4.1225859055118113
 30
0
 11
6.1165427559055114
 21
-4.1204630708661414
 31
0
  0
LINE
  5
35E
330
1F
100
AcDbEntity
  8
B.Cu
  6
CONTINUOUS
100
AcDbLine
 10
6.1165427559055114
 20
-4.1204630708661414
 30
0
 11
6.1191426377952753
 21
-4.1189620472440946
 31
0
  0
LINE
  5
35F
330
1F
100
AcDbEntity
  8
B.Cu
  6
CONTINUOUS
100
AcDbLine
 10
6.1191426377952753
 20
-4.1189620472440946
 30
0
 11
6.1220424409448819
 21
-4.1181850393700783
 31
0
  0
LINE
  5
360
330
1F
100
AcDbEntity
  8
B.Cu
  6
CONTINUOUS
100
AcDbLine
 10
6.1220424409448819
 20
-4.1181850393700783
 30
0
 11
6.1250445669291338
 21
-4.1181850393700783
 31
0
  0
LINE
  5
361
330
1F
100
AcDbEntity
  8
B.Cu
  6
CONTINUOUS
100
AcDbLine
 10
6.1250445669291338
 20
-4.1181850393700783
 30
0
 11
6.1279443700787404
 21
-4.1189620472440946
 31
0
  0
LINE
  5
362
330
1F
100
AcDbEntity
  8
B.Cu
  6
CONTINUOUS
100
AcDbLine
 10
5.8987515748031498
 20
-4.0623842519685036
 30
0
 11
5.9058819685039365
 21
-4.0653377559055119
 31
0
  0
LINE
  5
363
330
1F
100
AcDbEntity
  8
B.Cu
  6
CONTINUOUS
100
AcDbLine
 10
5.9058819685039365
 20
-4.0653377559055119
 30
0
 11
5.9122991338582676
 21
-4.0696255905511807
 31
0
  0
LINE
  5
364
330
1F
100
AcDbEntity
  8
B.Cu
  6
CONTINUOUS
100
AcDbLine
 10
5.9122991338582676
 20
-4.0696255905511807
 30
0
 11
5.9177564960629923
 21
-4.0750829527559054
 31
0
  0
LINE
  5
365
330
1F
100
AcDbEntity
  8
B.Cu
  6
CONTINUOUS
100
AcDbLine
 10
5.9177564960629923
 20
-4.0750829527559054
 30
0
 11
5.922044330708661
 21
-4.0815001181102364
 31
0
  0
LINE
  5
366
330
1F
100
AcDbEntity
  8
B.Cu
  6
CONTINUOUS
100
AcDbLine
 10
5.922044330708661
 20
-4.0815001181102364
 30
0
 11
5.9249978346456693
 21
-4.0886305118110231
 31
0
  0
LINE
  5
367
330
1F
100
AcDbEntity
  8
B.Cu
  6
CONTINUOUS
100
AcDbLine
 10
5.9249978346456693
 20
-4.0886305118110231
 30
0
 11
5.9265035433070867
 21
-4.0962001181102359
 31
0
  0
LINE
  5
368
330
1F
100
AcDbEntity
  8
B.Cu
  6
CONTINUOUS
100
AcDbLine
 10
5.9265035433070867
 20
-4.0962001181102359
 30
0
 11
5.9265035433070867
 21
-4.1039179921259841
 31
0
  0
LINE
  5
369
330
1F
100
AcDbEntity
  8
B.Cu
  6
CONTINUOUS
100
AcDbLine
 10
5.9265035433070867
 20
-4.1039179921259841
 30
0
 11
5.9249978346456693
 21
-4.1114875984251968
 31
0
  0
LINE
  5
36A
330
1F
100
AcDbEntity
  8
B.Cu
  6
CONTINUOUS
100
AcDbLine
 10
5.9249978346456693
 20
-4.1114875984251968
 30
0
 11
5.922044330708661
 21
-4.1186179921259845
 31
0
  0
LINE
  5
36B
330
1F
100
AcDbEntity
  8
B.Cu
  6
CONTINUOUS
100
AcDbLine
 10
5.922044330708661
 20
-4.1186179921259845
 30
0
 11
5.9177564960629923
 21
-4.1250351574803146
 31
0
  0
LINE
  5
36C
330
1F
100
AcDbEntity
  8
B.Cu
  6
CONTINUOUS
100
AcDbLine
 10
5.9177564960629923
 20
-4.1250351574803146
 30
0
 11
5.9122991338582676
 21
-4.1304925196850393
 31
0
  0
LINE
  5
36D
330
1F
100
AcDbEntity
  8
B.Cu
  6
CONTINUOUS
100
AcDbLine
 10
5.9122991338582676
 20
-4.1304925196850393
 30
0
 11
5.9058819685039365
 21
-4.1347803543307089
 31
0
  0
LINE
  5
36E
330
1F
100
AcDbEntity
  8
B.Cu
  6
CONTINUOUS
100
AcDbLine
 10
5.9058819685039365
 20
-4.1347803543307089
 30
0
 11
5.8987515748031498
 21
-4.1377338582677163
 31
0
  0
LINE
  5
36F
330
1F
100
AcDbEntity
  8
B.Cu
  6
CONTINUOUS
100
AcDbLine
 10
5.8987515748031498
 20
-4.1377338582677163
 30
0
 11
5.891181968503937
 21
-4.1392395669291338
 31
0
  0
LINE
  5
370
330
1F
100
AcDbEntity
  8
B.Cu
  6
CONTINUOUS
100
AcDbLine
 10
5.891181968503937
 20
-4.1392395669291338
 30
0
 11
5.8834640944881889
 21
-4.1392395669291338
 31
0
  0
LINE
  5
371
330
1F
100
AcDbEntity
  8
B.Cu
  6
CONTINUOUS
100
AcDbLine
 10
5.8834640944881889
 20
-4.1392395669291338
 30
0
 11
5.8758944881889761
 21
-4.1377338582677163
 31
0
  0
LINE
  5
372
330
1F
100
AcDbEntity
  8
B.Cu
  6
CONTINUOUS
100
AcDbLine
 10
5.8758944881889761
 20
-4.1377338582677163
 30
0
 11
5.8687640944881885
 21
-4.1347803543307089
 31
0
  0
LINE
  5
373
330
1F
100
AcDbEntity
  8
B.Cu
  6
CONTINUOUS
100
AcDbLine
 10
5.8687640944881885
 20
-4.1347803543307089
 30
0
 11
5.8623469291338584
 21
-4.1304925196850393
 31
0
  0
LINE
  5
374
330
1F
100
AcDbEntity
  8
B.Cu
  6
CONTINUOUS
100
AcDbLine
 10
5.8623469291338584
 20
-4.1304925196850393
 30
0
 11
5.8568895669291337
 21
-4.1250351574803146
 31
0
  0
LINE
  5
375
330
1F
100
AcDbEntity
  8
B.Cu
  6
CONTINUOUS
100
AcDbLine
 10
5.8568895669291337
 20
-4.1250351574803146
 30
0
 11
5.852601732283464
 21
-4.1186179921259845
 31
0
  0
LINE
  5
376
330
1F
100
AcDbEntity
  8
B.Cu
  6
CONTINUOUS
100
AcDbLine
 10
5.852601732283464
 20
-4.1186179921259845
 30
0
 11
5.8496482283464566
 21
-4.1114875984251968
 31
0
  0
LINE
  5
377
330
1F
100
AcDbEntity
  8
B.Cu
  6
CONTINUOUS
100
AcDbLine
 10
5.8496482283464566
 20
-4.1114875984251968
 30
0
 11
5.8481425196850392
 21
-4.1039179921259841
 31
0
  0
LINE
  5
378
330
1F
100
AcDbEntity
  8
B.Cu
  6
CONTINUOUS
100
AcDbLine
 10
5.8481425196850392
 20
-4.1039179921259841
 30
0
 11
5.8481425196850392
 21
-4.0962001181102359
 31
0
  0
LINE
  5
379
330
1F
100
AcDbEntity
  8
B.Cu
  6
CONTINUOUS
100
AcDbLine
 10
5.8481425196850392
 20
-4.0962001181102359
 30
0
 11
5.8496482283464566
 21
-4.0886305118110231
 31
0
  0
LINE
  5
37A
330
1F
100
AcDbEntity
  8
B.Cu
  6
CONTINUOUS
100
AcDbLine
 10
5.8496482283464566
 20
-4.0886305118110231
 30
0
 11
5.852601732283464
 21
-4.0815001181102364
 31
0
  0
LINE
  5
37B
330
1F
100
AcDbEntity
  8
B.Cu
  6
CONTINUOUS
100
AcDbLine
 10
5.852601732283464
 20
-4.0815001181102364
 30
0
 11
5.8568895669291337
 21
-4.0750829527559054
 31
0
  0
LINE
  5
37C
330
1F
100
AcDbEntity
  8
B.Cu
  6
CONTINUOUS
100
AcDbLine
 10
5.8568895669291337
 20
-4.0750829527559054
 30
0
 11
5.8623469291338584
 21
-4.0696255905511807
 31
0
  0
LINE
  5
37D
330
1F
100
AcDbEntity
  8
B.Cu
  6
CONTINUOUS
100
AcDbLine
 10
5.8623469291338584
 20
-4.0696255905511807
 30
0
 11
5.8687640944881885
 21
-4.0653377559055119
 31
0
  0
LINE
  5
37E
330
1F
100
AcDbEntity
  8
B.Cu
  6
CONTINUOUS
100
AcDbLine
 10
5.8687640944881885
 20
-4.0653377559055119
 30
0
 11
5.8758944881889761
 21
-4.0623842519685036
 31
0
  0
LINE
  5
37F
330
1F
100
AcDbEntity
  8
B.Cu
  6
CONTINUOUS
100
AcDbLine
 10
5.8758944881889761
 20
-4.0623842519685036
 30
0
 11
5.8834640944881889
 21
-4.0608785433070862
 31
0
  0
LINE
  5
380
330
1F
100
AcDbEntity
  8
B.Cu
  6
CONTINUOUS
100
AcDbLine
 10
5.8834640944881889
 20
-4.0608785433070862
 30
0
 11
5.891181968503937
 21
-4.0608785433070862
 31
0
  0
LINE
  5
381
330
1F
100
AcDbEntity
  8
B.Cu
  6
CONTINUOUS
100
AcDbLine
 10
5.891181968503937
 20
-4.0608785433070862
 30
0
 11
5.8987515748031498
 21
-4.0623842519685036
 31
0
  0
LINE
  5
382
330
1F
100
AcDbEntity
  8
B.Cu
  6
CONTINUOUS
100
AcDbLine
 10
5.429125472440945
 20
-4.0992769685039372
 30
0
 11
5.4317253543307089
 21
-4.1007779921259839
 31
0
  0
LINE
  5
383
330
1F
100
AcDbEntity
  8
B.Cu
  6
CONTINUOUS
100
AcDbLine
 10
5.4317253543307089
 20
-4.1007779921259839
 30
0
 11
5.4338481889763779
 21
-4.1029008267716538
 31
0
  0
LINE
  5
384
330
1F
100
AcDbEntity
  8
B.Cu
  6
CONTINUOUS
100
AcDbLine
 10
5.4338481889763779
 20
-4.1029008267716538
 30
0
 11
5.4353492125984255
 21
-4.1055007086614168
 31
0
  0
LINE
  5
385
330
1F
100
AcDbEntity
  8
B.Cu
  6
CONTINUOUS
100
AcDbLine
 10
5.4353492125984255
 20
-4.1055007086614168
 30
0
 11
5.436126220472441
 21
-4.1084005118110234
 31
0
  0
LINE
  5
386
330
1F
100
AcDbEntity
  8
B.Cu
  6
CONTINUOUS
100
AcDbLine
 10
5.436126220472441
 20
-4.1084005118110234
 30
0
 11
5.436126220472441
 21
-4.1114026377952753
 31
0
  0
LINE
  5
387
330
1F
100
AcDbEntity
  8
B.Cu
  6
CONTINUOUS
100
AcDbLine
 10
5.436126220472441
 20
-4.1114026377952753
 30
0
 11
5.4353492125984255
 21
-4.1143024409448818
 31
0
  0
LINE
  5
388
330
1F
100
AcDbEntity
  8
B.Cu
  6
CONTINUOUS
100
AcDbLine
 10
5.4353492125984255
 20
-4.1143024409448818
 30
0
 11
5.4338481889763779
 21
-4.1169023228346457
 31
0
  0
LINE
  5
389
330
1F
100
AcDbEntity
  8
B.Cu
  6
CONTINUOUS
100
AcDbLine
 10
5.4338481889763779
 20
-4.1169023228346457
 30
0
 11
5.4317253543307089
 21
-4.1190251574803147
 31
0
  0
LINE
  5
38A
330
1F
100
AcDbEntity
  8
B.Cu
  6
CONTINUOUS
100
AcDbLine
 10
5.4317253543307089
 20
-4.1190251574803147
 30
0
 11
5.429125472440945
 21
-4.1205261811023624
 31
0
  0
LINE
  5
38B
330
1F
100
AcDbEntity
  8
B.Cu
  6
CONTINUOUS
100
AcDbLine
 10
5.429125472440945
 20
-4.1205261811023624
 30
0
 11
5.4262256692913384
 21
-4.1213031889763778
 31
0
  0
LINE
  5
38C
330
1F
100
AcDbEntity
  8
B.Cu
  6
CONTINUOUS
100
AcDbLine
 10
5.4262256692913384
 20
-4.1213031889763778
 30
0
 11
5.4232235433070866
 21
-4.1213031889763778
 31
0
  0
LINE
  5
38D
330
1F
100
AcDbEntity
  8
B.Cu
  6
CONTINUOUS
100
AcDbLine
 10
5.4232235433070866
 20
-4.1213031889763778
 30
0
 11
5.42032374015748
 21
-4.1205261811023624
 31
0
  0
LINE
  5
38E
330
1F
100
AcDbEntity
  8
B.Cu
  6
CONTINUOUS
100
AcDbLine
 10
5.42032374015748
 20
-4.1205261811023624
 30
0
 11
5.4177238582677161
 21
-4.1190251574803147
 31
0
  0
LINE
  5
38F
330
1F
100
AcDbEntity
  8
B.Cu
  6
CONTINUOUS
100
AcDbLine
 10
5.4177238582677161
 20
-4.1190251574803147
 30
0
 11
5.4156010236220471
 21
-4.1169023228346457
 31
0
  0
LINE
  5
390
330
1F
100
AcDbEntity
  8
B.Cu
  6
CONTINUOUS
100
AcDbLine
 10
5.4156010236220471
 20
-4.1169023228346457
 30
0
 11
5.4140999999999995
 21
-4.1143024409448818
 31
0
  0
LINE
  5
391
330
1F
100
AcDbEntity
  8
B.Cu
  6
CONTINUOUS
100
AcDbLine
 10
5.4140999999999995
 20
-4.1143024409448818
 30
0
 11
5.413322992125984
 21
-4.1114026377952753
 31
0
  0
LINE
  5
392
330
1F
100
AcDbEntity
  8
B.Cu
  6
CONTINUOUS
100
AcDbLine
 10
5.413322992125984
 20
-4.1114026377952753
 30
0
 11
5.413322992125984
 21
-4.1084005118110234
 31
0
  0
LINE
  5
393
330
1F
100
AcDbEntity
  8
B.Cu
  6
CONTINUOUS
100
AcDbLine
 10
5.413322992125984
 20
-4.1084005118110234
 30
0
 11
5.4140999999999995
 21
-4.1055007086614168
 31
0
  0
LINE
  5
394
330
1F
100
AcDbEntity
  8
B.Cu
  6
CONTINUOUS
100
AcDbLine
 10
5.4140999999999995
 20
-4.1055007086614168
 30
0
 11
5.4156010236220471
 21
-4.1029008267716538
 31
0
  0
LINE
  5
395
330
1F
100
AcDbEntity
  8
B.Cu
  6
CONTINUOUS
100
AcDbLine
 10
5.4156010236220471
 20
-4.1029008267716538
 30
0
 11
5.4177238582677161
 21
-4.1007779921259839
 31
0
  0
LINE
  5
396
330
1F
100
AcDbEntity
  8
B.Cu
  6
CONTINUOUS
100
AcDbLine
 10
5.4177238582677161
 20
-4.1007779921259839
 30
0
 11
5.42032374015748
 21
-4.0992769685039372
 31
0
  0
LINE
  5
397
330
1F
100
AcDbEntity
  8
B.Cu
  6
CONTINUOUS
100
AcDbLine
 10
5.42032374015748
 20
-4.0992769685039372
 30
0
 11
5.4232235433070866
 21
-4.0984999606299208
 31
0
  0
LINE
  5
398
330
1F
100
AcDbEntity
  8
B.Cu
  6
CONTINUOUS
100
AcDbLine
 10
5.4232235433070866
 20
-4.0984999606299208
 30
0
 11
5.4262256692913384
 21
-4.0984999606299208
 31
0
  0
LINE
  5
399
330
1F
100
AcDbEntity
  8
B.Cu
  6
CONTINUOUS
100
AcDbLine
 10
5.4262256692913384
 20
-4.0984999606299208
 30
0
 11
5.429125472440945
 21
-4.0992769685039372
 31
0
  0
LINE
  5
39A
330
1F
100
AcDbEntity
  8
B.Cu
  6
CONTINUOUS
100
AcDbLine
 10
5.8129837401574802
 20
-4.0992769685039372
 30
0
 11
5.8155836220472441
 21
-4.1007779921259839
 31
0
  0
LINE
  5
39B
330
1F
100
AcDbEntity
  8
B.Cu
  6
CONTINUOUS
100
AcDbLine
 10
5.8155836220472441
 20
-4.1007779921259839
 30
0
 11
5.8177064566929131
 21
-4.1029008267716538
 31
0
  0
LINE
  5
39C
330
1F
100
AcDbEntity
  8
B.Cu
  6
CONTINUOUS
100
AcDbLine
 10
5.8177064566929131
 20
-4.1029008267716538
 30
0
 11
5.8192074803149607
 21
-4.1055007086614168
 31
0
  0
LINE
  5
39D
330
1F
100
AcDbEntity
  8
B.Cu
  6
CONTINUOUS
100
AcDbLine
 10
5.8192074803149607
 20
-4.1055007086614168
 30
0
 11
5.8199844881889762
 21
-4.1084005118110234
 31
0
  0
LINE
  5
39E
330
1F
100
AcDbEntity
  8
B.Cu
  6
CONTINUOUS
100
AcDbLine
 10
5.8199844881889762
 20
-4.1084005118110234
 30
0
 11
5.8199844881889762
 21
-4.1114026377952753
 31
0
  0
LINE
  5
39F
330
1F
100
AcDbEntity
  8
B.Cu
  6
CONTINUOUS
100
AcDbLine
 10
5.8199844881889762
 20
-4.1114026377952753
 30
0
 11
5.8192074803149607
 21
-4.1143024409448818
 31
0
  0
LINE
  5
3A0
330
1F
100
AcDbEntity
  8
B.Cu
  6
CONTINUOUS
100
AcDbLine
 10
5.8192074803149607
 20
-4.1143024409448818
 30
0
 11
5.8177064566929131
 21
-4.1169023228346457
 31
0
  0
LINE
  5
3A1
330
1F
100
AcDbEntity
  8
B.Cu
  6
CONTINUOUS
100
AcDbLine
 10
5.8177064566929131
 20
-4.1169023228346457
 30
0
 11
5.8155836220472441
 21
-4.1190251574803147
 31
0
  0
LINE
  5
3A2
330
1F
100
AcDbEntity
  8
B.Cu
  6
CONTINUOUS
100
AcDbLine
 10
5.8155836220472441
 20
-4.1190251574803147
 30
0
 11
5.8129837401574802
 21
-4.1205261811023624
 31
0
  0
LINE
  5
3A3
330
1F
100
AcDbEntity
  8
B.Cu
  6
CONTINUOUS
100
AcDbLine
 10
5.8129837401574802
 20
-4.1205261811023624
 30
0
 11
5.8100839370078736
 21
-4.1213031889763778
 31
0
  0
LINE
  5
3A4
330
1F
100
AcDbEntity
  8
B.Cu
  6
CONTINUOUS
100
AcDbLine
 10
5.8100839370078736
 20
-4.1213031889763778
 30
0
 11
5.8070818110236218
 21
-4.1213031889763778
 31
0
  0
LINE
  5
3A5
330
1F
100
AcDbEntity
  8
B.Cu
  6
CONTINUOUS
100
AcDbLine
 10
5.8070818110236218
 20
-4.1213031889763778
 30
0
 11
5.8041820078740161
 21
-4.1205261811023624
 31
0
  0
LINE
  5
3A6
330
1F
100
AcDbEntity
  8
B.Cu
  6
CONTINUOUS
100
AcDbLine
 10
5.8041820078740161
 20
-4.1205261811023624
 30
0
 11
5.8015821259842522
 21
-4.1190251574803147
 31
0
  0
LINE
  5
3A7
330
1F
100
AcDbEntity
  8
B.Cu
  6
CONTINUOUS
100
AcDbLine
 10
5.8015821259842522
 20
-4.1190251574803147
 30
0
 11
5.7994592913385823
 21
-4.1169023228346457
 31
0
  0
LINE
  5
3A8
330
1F
100
AcDbEntity
  8
B.Cu
  6
CONTINUOUS
100
AcDbLine
 10
5.7994592913385823
 20
-4.1169023228346457
 30
0
 11
5.7979582677165356
 21
-4.1143024409448818
 31
0
  0
LINE
  5
3A9
330
1F
100
AcDbEntity
  8
B.Cu
  6
CONTINUOUS
100
AcDbLine
 10
5.7979582677165356
 20
-4.1143024409448818
 30
0
 11
5.7971812598425192
 21
-4.1114026377952753
 31
0
  0
LINE
  5
3AA
330
1F
100
AcDbEntity
  8
B.Cu
  6
CONTINUOUS
100
AcDbLine
 10
5.7971812598425192
 20
-4.1114026377952753
 30
0
 11
5.7971812598425192
 21
-4.1084005118110234
 31
0
  0
LINE
  5
3AB
330
1F
100
AcDbEntity
  8
B.Cu
  6
CONTINUOUS
100
AcDbLine
 10
5.7971812598425192
 20
-4.1084005118110234
 30
0
 11
5.7979582677165356
 21
-4.1055007086614168
 31
0
  0
LINE
  5
3AC
330
1F
100
AcDbEntity
  8
B.Cu
  6
CONTINUOUS
100
AcDbLine
 10
5.7979582677165356
 20
-4.1055007086614168
 30
0
 11
5.7994592913385823
 21
-4.1029008267716538
 31
0
  0
LINE
  5
3AD
330
1F
100
AcDbEntity
  8
B.Cu
  6
CONTINUOUS
100
AcDbLine
 10
5.7994592913385823
 20
-4.1029008267716538
 30
0
 11
5.8015821259842522
 21
-4.1007779921259839
 31
0
  0
LINE
  5
3AE
330
1F
100
AcDbEntity
  8
B.Cu
  6
CONTINUOUS
100
AcDbLine
 10
5.8015821259842522
 20
-4.1007779921259839
 30
0
 11
5.8041820078740161
 21
-4.0992769685039372
 31
0
  0
LINE
  5
3AF
330
1F
100
AcDbEntity
  8
B.Cu
  6
CONTINUOUS
100
AcDbLine
 10
5.8041820078740161
 20
-4.0992769685039372
 30
0
 11
5.8070818110236218
 21
-4.0984999606299208
 31
0
  0
LINE
  5
3B0
330
1F
100
AcDbEntity
  8
B.Cu
  6
CONTINUOUS
100
AcDbLine
 10
5.8070818110236218
 20
-4.0984999606299208
 30
0
 11
5.8100839370078736
 21
-4.0984999606299208
 31
0
  0
LINE
  5
3B1
330
1F
100
AcDbEntity
  8
B.Cu
  6
CONTINUOUS
100
AcDbLine
 10
5.8100839370078736
 20
-4.0984999606299208
 30
0
 11
5.8129837401574802
 21
-4.0992769685039372
 31
0
  0
LINE
  5
3B2
330
1F
100
AcDbEntity
  8
B.Cu
  6
CONTINUOUS
100
AcDbLine
 10
6.5157396456692913
 20
-4.0756549212598427
 30
0
 11
6.5183395275590552
 21
-4.0771559448818895
 31
0
  0
LINE
  5
3B3
330
1F
100
AcDbEntity
  8
B.Cu
  6
CONTINUOUS
100
AcDbLine
 10
6.5183395275590552
 20
-4.0771559448818895
 30
0
 11
6.5204623622047242
 21
-4.0792787795275594
 31
0
  0
LINE
  5
3B4
330
1F
100
AcDbEntity
  8
B.Cu
  6
CONTINUOUS
100
AcDbLine
 10
6.5204623622047242
 20
-4.0792787795275594
 30
0
 11
6.5219633858267718
 21
-4.0818786614173224
 31
0
  0
LINE
  5
3B5
330
1F
100
AcDbEntity
  8
B.Cu
  6
CONTINUOUS
100
AcDbLine
 10
6.5219633858267718
 20
-4.0818786614173224
 30
0
 11
6.5227403937007873
 21
-4.0847784645669289
 31
0
  0
LINE
  5
3B6
330
1F
100
AcDbEntity
  8
B.Cu
  6
CONTINUOUS
100
AcDbLine
 10
6.5227403937007873
 20
-4.0847784645669289
 30
0
 11
6.5227403937007873
 21
-4.0877805905511808
 31
0
  0
LINE
  5
3B7
330
1F
100
AcDbEntity
  8
B.Cu
  6
CONTINUOUS
100
AcDbLine
 10
6.5227403937007873
 20
-4.0877805905511808
 30
0
 11
6.5219633858267718
 21
-4.0906803937007874
 31
0
  0
LINE
  5
3B8
330
1F
100
AcDbEntity
  8
B.Cu
  6
CONTINUOUS
100
AcDbLine
 10
6.5219633858267718
 20
-4.0906803937007874
 30
0
 11
6.5204623622047242
 21
-4.0932802755905513
 31
0
  0
LINE
  5
3B9
330
1F
100
AcDbEntity
  8
B.Cu
  6
CONTINUOUS
100
AcDbLine
 10
6.5204623622047242
 20
-4.0932802755905513
 30
0
 11
6.5183395275590552
 21
-4.0954031102362203
 31
0
  0
LINE
  5
3BA
330
1F
100
AcDbEntity
  8
B.Cu
  6
CONTINUOUS
100
AcDbLine
 10
6.5183395275590552
 20
-4.0954031102362203
 30
0
 11
6.5157396456692913
 21
-4.0969041338582679
 31
0
  0
LINE
  5
3BB
330
1F
100
AcDbEntity
  8
B.Cu
  6
CONTINUOUS
100
AcDbLine
 10
6.5157396456692913
 20
-4.0969041338582679
 30
0
 11
6.5128398425196847
 21
-4.0976811417322834
 31
0
  0
LINE
  5
3BC
330
1F
100
AcDbEntity
  8
B.Cu
  6
CONTINUOUS
100
AcDbLine
 10
6.5128398425196847
 20
-4.0976811417322834
 30
0
 11
6.5098377165354329
 21
-4.0976811417322834
 31
0
  0
LINE
  5
3BD
330
1F
100
AcDbEntity
  8
B.Cu
  6
CONTINUOUS
100
AcDbLine
 10
6.5098377165354329
 20
-4.0976811417322834
 30
0
 11
6.5069379133858263
 21
-4.0969041338582679
 31
0
  0
LINE
  5
3BE
330
1F
100
AcDbEntity
  8
B.Cu
  6
CONTINUOUS
100
AcDbLine
 10
6.5069379133858263
 20
-4.0969041338582679
 30
0
 11
6.5043380314960633
 21
-4.0954031102362203
 31
0
  0
LINE
  5
3BF
330
1F
100
AcDbEntity
  8
B.Cu
  6
CONTINUOUS
100
AcDbLine
 10
6.5043380314960633
 20
-4.0954031102362203
 30
0
 11
6.5022151968503934
 21
-4.0932802755905513
 31
0
  0
LINE
  5
3C0
330
1F
100
AcDbEntity
  8
B.Cu
  6
CONTINUOUS
100
AcDbLine
 10
6.5022151968503934
 20
-4.0932802755905513
 30
0
 11
6.5007141732283467
 21
-4.0906803937007874
 31
0
  0
LINE
  5
3C1
330
1F
100
AcDbEntity
  8
B.Cu
  6
CONTINUOUS
100
AcDbLine
 10
6.5007141732283467
 20
-4.0906803937007874
 30
0
 11
6.4999371653543303
 21
-4.0877805905511808
 31
0
  0
LINE
  5
3C2
330
1F
100
AcDbEntity
  8
B.Cu
  6
CONTINUOUS
100
AcDbLine
 10
6.4999371653543303
 20
-4.0877805905511808
 30
0
 11
6.4999371653543303
 21
-4.0847784645669289
 31
0
  0
LINE
  5
3C3
330
1F
100
AcDbEntity
  8
B.Cu
  6
CONTINUOUS
100
AcDbLine
 10
6.4999371653543303
 20
-4.0847784645669289
 30
0
 11
6.5007141732283467
 21
-4.0818786614173224
 31
0
  0
LINE
  5
3C4
330
1F
100
AcDbEntity
  8
B.Cu
  6
CONTINUOUS
100
AcDbLine
 10
6.5007141732283467
 20
-4.0818786614173224
 30
0
 11
6.5022151968503934
 21
-4.0792787795275594
 31
0
  0
LINE
  5
3C5
330
1F
100
AcDbEntity
  8
B.Cu
  6
CONTINUOUS
100
AcDbLine
 10
6.5022151968503934
 20
-4.0792787795275594
 30
0
 11
6.5043380314960633
 21
-4.0771559448818895
 31
0
  0
LINE
  5
3C6
330
1F
100
AcDbEntity
  8
B.Cu
  6
CONTINUOUS
100
AcDbLine
 10
6.5043380314960633
 20
-4.0771559448818895
 30
0
 11
6.5069379133858263
 21
-4.0756549212598427
 31
0
  0
LINE
  5
3C7
330
1F
100
AcDbEntity
  8
B.Cu
  6
CONTINUOUS
100
AcDbLine
 10
6.5069379133858263
 20
-4.0756549212598427
 30
0
 11
6.5098377165354329
 21
-4.0748779133858264
 31
0
  0
LINE
  5
3C8
330
1F
100
AcDbEntity
  8
B.Cu
  6
CONTINUOUS
100
AcDbLine
 10
6.5098377165354329
 20
-4.0748779133858264
 30
0
 11
6.5128398425196847
 21
-4.0748779133858264
 31
0
  0
LINE
  5
3C9
330
1F
100
AcDbEntity
  8
B.Cu
  6
CONTINUOUS
100
AcDbLine
 10
6.5128398425196847
 20
-4.0748779133858264
 30
0
 11
6.5157396456692913
 21
-4.0756549212598427
 31
0
  0
LINE
  5
3CA
330
1F
100
AcDbEntity
  8
B.Cu
  6
CONTINUOUS
100
AcDbLine
 10
6.413377440944882
 20
-4.0677809055118113
 30
0
 11
6.4159773228346459
 21
-4.069281929133858
 31
0
  0
LINE
  5
3CB
330
1F
100
AcDbEntity
  8
B.Cu
  6
CONTINUOUS
100
AcDbLine
 10
6.4159773228346459
 20
-4.069281929133858
 30
0
 11
6.4181001574803149
 21
-4.0714047637795279
 31
0
  0
LINE
  5
3CC
330
1F
100
AcDbEntity
  8
B.Cu
  6
CONTINUOUS
100
AcDbLine
 10
6.4181001574803149
 20
-4.0714047637795279
 30
0
 11
6.4196011811023617
 21
-4.0740046456692909
 31
0
  0
LINE
  5
3CD
330
1F
100
AcDbEntity
  8
B.Cu
  6
CONTINUOUS
100
AcDbLine
 10
6.4196011811023617
 20
-4.0740046456692909
 30
0
 11
6.420378188976378
 21
-4.0769044488188975
 31
0
  0
LINE
  5
3CE
330
1F
100
AcDbEntity
  8
B.Cu
  6
CONTINUOUS
100
AcDbLine
 10
6.420378188976378
 20
-4.0769044488188975
 30
0
 11
6.420378188976378
 21
-4.0799065748031493
 31
0
  0
LINE
  5
3CF
330
1F
100
AcDbEntity
  8
B.Cu
  6
CONTINUOUS
100
AcDbLine
 10
6.420378188976378
 20
-4.0799065748031493
 30
0
 11
6.4196011811023617
 21
-4.0828063779527559
 31
0
  0
LINE
  5
3D0
330
1F
100
AcDbEntity
  8
B.Cu
  6
CONTINUOUS
100
AcDbLine
 10
6.4196011811023617
 20
-4.0828063779527559
 30
0
 11
6.4181001574803149
 21
-4.0854062598425198
 31
0
  0
LINE
  5
3D1
330
1F
100
AcDbEntity
  8
B.Cu
  6
CONTINUOUS
100
AcDbLine
 10
6.4181001574803149
 20
-4.0854062598425198
 30
0
 11
6.4159773228346459
 21
-4.0875290944881888
 31
0
  0
LINE
  5
3D2
330
1F
100
AcDbEntity
  8
B.Cu
  6
CONTINUOUS
100
AcDbLine
 10
6.4159773228346459
 20
-4.0875290944881888
 30
0
 11
6.413377440944882
 21
-4.0890301181102364
 31
0
  0
LINE
  5
3D3
330
1F
100
AcDbEntity
  8
B.Cu
  6
CONTINUOUS
100
AcDbLine
 10
6.413377440944882
 20
-4.0890301181102364
 30
0
 11
6.4104776377952755
 21
-4.0898071259842519
 31
0
  0
LINE
  5
3D4
330
1F
100
AcDbEntity
  8
B.Cu
  6
CONTINUOUS
100
AcDbLine
 10
6.4104776377952755
 20
-4.0898071259842519
 30
0
 11
6.4074755118110236
 21
-4.0898071259842519
 31
0
  0
LINE
  5
3D5
330
1F
100
AcDbEntity
  8
B.Cu
  6
CONTINUOUS
100
AcDbLine
 10
6.4074755118110236
 20
-4.0898071259842519
 30
0
 11
6.404575708661417
 21
-4.0890301181102364
 31
0
  0
LINE
  5
3D6
330
1F
100
AcDbEntity
  8
B.Cu
  6
CONTINUOUS
100
AcDbLine
 10
6.404575708661417
 20
-4.0890301181102364
 30
0
 11
6.4019758267716531
 21
-4.0875290944881888
 31
0
  0
LINE
  5
3D7
330
1F
100
AcDbEntity
  8
B.Cu
  6
CONTINUOUS
100
AcDbLine
 10
6.4019758267716531
 20
-4.0875290944881888
 30
0
 11
6.3998529921259841
 21
-4.0854062598425198
 31
0
  0
LINE
  5
3D8
330
1F
100
AcDbEntity
  8
B.Cu
  6
CONTINUOUS
100
AcDbLine
 10
6.3998529921259841
 20
-4.0854062598425198
 30
0
 11
6.3983519685039365
 21
-4.0828063779527559
 31
0
  0
LINE
  5
3D9
330
1F
100
AcDbEntity
  8
B.Cu
  6
CONTINUOUS
100
AcDbLine
 10
6.3983519685039365
 20
-4.0828063779527559
 30
0
 11
6.397574960629921
 21
-4.0799065748031493
 31
0
  0
LINE
  5
3DA
330
1F
100
AcDbEntity
  8
B.Cu
  6
CONTINUOUS
100
AcDbLine
 10
6.397574960629921
 20
-4.0799065748031493
 30
0
 11
6.397574960629921
 21
-4.0769044488188975
 31
0
  0
LINE
  5
3DB
330
1F
100
AcDbEntity
  8
B.Cu
  6
CONTINUOUS
100
AcDbLine
 10
6.397574960629921
 20
-4.0769044488188975
 30
0
 11
6.3983519685039365
 21
-4.0740046456692909
 31
0
  0
LINE
  5
3DC
330
1F
100
AcDbEntity
  8
B.Cu
  6
CONTINUOUS
100
AcDbLine
 10
6.3983519685039365
 20
-4.0740046456692909
 30
0
 11
6.3998529921259841
 21
-4.0714047637795279
 31
0
  0
LINE
  5
3DD
330
1F
100
AcDbEntity
  8
B.Cu
  6
CONTINUOUS
100
AcDbLine
 10
6.3998529921259841
 20
-4.0714047637795279
 30
0
 11
6.4019758267716531
 21
-4.069281929133858
 31
0
  0
LINE
  5
3DE
330
1F
100
AcDbEntity
  8
B.Cu
  6
CONTINUOUS
100
AcDbLine
 10
6.4019758267716531
 20
-4.069281929133858
 30
0
 11
6.404575708661417
 21
-4.0677809055118113
 31
0
  0
LINE
  5
3DF
330
1F
100
AcDbEntity
  8
B.Cu
  6
CONTINUOUS
100
AcDbLine
 10
6.404575708661417
 20
-4.0677809055118113
 30
0
 11
6.4074755118110236
 21
-4.0670038976377949
 31
0
  0
LINE
  5
3E0
330
1F
100
AcDbEntity
  8
B.Cu
  6
CONTINUOUS
100
AcDbLine
 10
6.4074755118110236
 20
-4.0670038976377949
 30
0
 11
6.4104776377952755
 21
-4.0670038976377949
 31
0
  0
LINE
  5
3E1
330
1F
100
AcDbEntity
  8
B.Cu
  6
CONTINUOUS
100
AcDbLine
 10
6.4104776377952755
 20
-4.0670038976377949
 30
0
 11
6.413377440944882
 21
-4.0677809055118113
 31
0
  0
LINE
  5
3E2
330
1F
100
AcDbEntity
  8
B.Cu
  6
CONTINUOUS
100
AcDbLine
 10
6.1771569685039367
 20
-4.0599068897637798
 30
0
 11
6.1797568503937006
 21
-4.0614079133858265
 31
0
  0
LINE
  5
3E3
330
1F
100
AcDbEntity
  8
B.Cu
  6
CONTINUOUS
100
AcDbLine
 10
6.1797568503937006
 20
-4.0614079133858265
 30
0
 11
6.1818796850393696
 21
-4.0635307480314964
 31
0
  0
LINE
  5
3E4
330
1F
100
AcDbEntity
  8
B.Cu
  6
CONTINUOUS
100
AcDbLine
 10
6.1818796850393696
 20
-4.0635307480314964
 30
0
 11
6.1833807086614172
 21
-4.0661306299212594
 31
0
  0
LINE
  5
3E5
330
1F
100
AcDbEntity
  8
B.Cu
  6
CONTINUOUS
100
AcDbLine
 10
6.1833807086614172
 20
-4.0661306299212594
 30
0
 11
6.1841577165354327
 21
-4.069030433070866
 31
0
  0
LINE
  5
3E6
330
1F
100
AcDbEntity
  8
B.Cu
  6
CONTINUOUS
100
AcDbLine
 10
6.1841577165354327
 20
-4.069030433070866
 30
0
 11
6.1841577165354327
 21
-4.0720325590551179
 31
0
  0
LINE
  5
3E7
330
1F
100
AcDbEntity
  8
B.Cu
  6
CONTINUOUS
100
AcDbLine
 10
6.1841577165354327
 20
-4.0720325590551179
 30
0
 11
6.1833807086614172
 21
-4.0749323622047244
 31
0
  0
LINE
  5
3E8
330
1F
100
AcDbEntity
  8
B.Cu
  6
CONTINUOUS
100
AcDbLine
 10
6.1833807086614172
 20
-4.0749323622047244
 30
0
 11
6.1818796850393696
 21
-4.0775322440944883
 31
0
  0
LINE
  5
3E9
330
1F
100
AcDbEntity
  8
B.Cu
  6
CONTINUOUS
100
AcDbLine
 10
6.1818796850393696
 20
-4.0775322440944883
 30
0
 11
6.1797568503937006
 21
-4.0796550787401573
 31
0
  0
LINE
  5
3EA
330
1F
100
AcDbEntity
  8
B.Cu
  6
CONTINUOUS
100
AcDbLine
 10
6.1797568503937006
 20
-4.0796550787401573
 30
0
 11
6.1771569685039367
 21
-4.0811561023622049
 31
0
  0
LINE
  5
3EB
330
1F
100
AcDbEntity
  8
B.Cu
  6
CONTINUOUS
100
AcDbLine
 10
6.1771569685039367
 20
-4.0811561023622049
 30
0
 11
6.174257165354331
 21
-4.0819331102362204
 31
0
  0
LINE
  5
3EC
330
1F
100
AcDbEntity
  8
B.Cu
  6
CONTINUOUS
100
AcDbLine
 10
6.174257165354331
 20
-4.0819331102362204
 30
0
 11
6.1712550393700782
 21
-4.0819331102362204
 31
0
  0
LINE
  5
3ED
330
1F
100
AcDbEntity
  8
B.Cu
  6
CONTINUOUS
100
AcDbLine
 10
6.1712550393700782
 20
-4.0819331102362204
 30
0
 11
6.1683552362204725
 21
-4.0811561023622049
 31
0
  0
LINE
  5
3EE
330
1F
100
AcDbEntity
  8
B.Cu
  6
CONTINUOUS
100
AcDbLine
 10
6.1683552362204725
 20
-4.0811561023622049
 30
0
 11
6.1657553543307086
 21
-4.0796550787401573
 31
0
  0
LINE
  5
3EF
330
1F
100
AcDbEntity
  8
B.Cu
  6
CONTINUOUS
100
AcDbLine
 10
6.1657553543307086
 20
-4.0796550787401573
 30
0
 11
6.1636325196850397
 21
-4.0775322440944883
 31
0
  0
LINE
  5
3F0
330
1F
100
AcDbEntity
  8
B.Cu
  6
CONTINUOUS
100
AcDbLine
 10
6.1636325196850397
 20
-4.0775322440944883
 30
0
 11
6.162131496062992
 21
-4.0749323622047244
 31
0
  0
LINE
  5
3F1
330
1F
100
AcDbEntity
  8
B.Cu
  6
CONTINUOUS
100
AcDbLine
 10
6.162131496062992
 20
-4.0749323622047244
 30
0
 11
6.1613544881889766
 21
-4.0720325590551179
 31
0
  0
LINE
  5
3F2
330
1F
100
AcDbEntity
  8
B.Cu
  6
CONTINUOUS
100
AcDbLine
 10
6.1613544881889766
 20
-4.0720325590551179
 30
0
 11
6.1613544881889766
 21
-4.069030433070866
 31
0
  0
LINE
  5
3F3
330
1F
100
AcDbEntity
  8
B.Cu
  6
CONTINUOUS
100
AcDbLine
 10
6.1613544881889766
 20
-4.069030433070866
 30
0
 11
6.162131496062992
 21
-4.0661306299212594
 31
0
  0
LINE
  5
3F4
330
1F
100
AcDbEntity
  8
B.Cu
  6
CONTINUOUS
100
AcDbLine
 10
6.162131496062992
 20
-4.0661306299212594
 30
0
 11
6.1636325196850397
 21
-4.0635307480314964
 31
0
  0
LINE
  5
3F5
330
1F
100
AcDbEntity
  8
B.Cu
  6
CONTINUOUS
100
AcDbLine
 10
6.1636325196850397
 20
-4.0635307480314964
 30
0
 11
6.1657553543307086
 21
-4.0614079133858265
 31
0
  0
LINE
  5
3F6
330
1F
100
AcDbEntity
  8
B.Cu
  6
CONTINUOUS
100
AcDbLine
 10
6.1657553543307086
 20
-4.0614079133858265
 30
0
 11
6.1683552362204725
 21
-4.0599068897637798
 31
0
  0
LINE
  5
3F7
330
1F
100
AcDbEntity
  8
B.Cu
  6
CONTINUOUS
100
AcDbLine
 10
6.1683552362204725
 20
-4.0599068897637798
 30
0
 11
6.1712550393700782
 21
-4.0591298818897634
 31
0
  0
LINE
  5
3F8
330
1F
100
AcDbEntity
  8
B.Cu
  6
CONTINUOUS
100
AcDbLine
 10
6.1712550393700782
 20
-4.0591298818897634
 30
0
 11
6.174257165354331
 21
-4.0591298818897634
 31
0
  0
LINE
  5
3F9
330
1F
100
AcDbEntity
  8
B.Cu
  6
CONTINUOUS
100
AcDbLine
 10
6.174257165354331
 20
-4.0591298818897634
 30
0
 11
6.1771569685039367
 21
-4.0599068897637798
 31
0
  0
LINE
  5
3FA
330
1F
100
AcDbEntity
  8
B.Cu
  6
CONTINUOUS
100
AcDbLine
 10
5.2235517716535433
 20
-4.0348394094488187
 30
0
 11
5.227522755905512
 21
-4.0359034251968504
 31
0
  0
LINE
  5
3FB
330
1F
100
AcDbEntity
  8
B.Cu
  6
CONTINUOUS
100
AcDbLine
 10
5.227522755905512
 20
-4.0359034251968504
 30
0
 11
5.2310830708661413
 21
-4.0379589763779524
 31
0
  0
LINE
  5
3FC
330
1F
100
AcDbEntity
  8
B.Cu
  6
CONTINUOUS
100
AcDbLine
 10
5.2310830708661413
 20
-4.0379589763779524
 30
0
 11
5.2339899999999995
 21
-4.0408659055118106
 31
0
  0
LINE
  5
3FD
330
1F
100
AcDbEntity
  8
B.Cu
  6
CONTINUOUS
100
AcDbLine
 10
5.2339899999999995
 20
-4.0408659055118106
 30
0
 11
5.2360455511811024
 21
-4.0444262204724408
 31
0
  0
LINE
  5
3FE
330
1F
100
AcDbEntity
  8
B.Cu
  6
CONTINUOUS
100
AcDbLine
 10
5.2360455511811024
 20
-4.0444262204724408
 30
0
 11
5.2371095669291341
 21
-4.0483972047244094
 31
0
  0
LINE
  5
3FF
330
1F
100
AcDbEntity
  8
B.Cu
  6
CONTINUOUS
100
AcDbLine
 10
5.2371095669291341
 20
-4.0483972047244094
 30
0
 11
5.2371095669291341
 21
-4.0525082283464569
 31
0
  0
LINE
  5
400
330
1F
100
AcDbEntity
  8
B.Cu
  6
CONTINUOUS
100
AcDbLine
 10
5.2371095669291341
 20
-4.0525082283464569
 30
0
 11
5.2360455511811024
 21
-4.0564792125984255
 31
0
  0
LINE
  5
401
330
1F
100
AcDbEntity
  8
B.Cu
  6
CONTINUOUS
100
AcDbLine
 10
5.2360455511811024
 20
-4.0564792125984255
 30
0
 11
5.2339899999999995
 21
-4.0600395275590548
 31
0
  0
LINE
  5
402
330
1F
100
AcDbEntity
  8
B.Cu
  6
CONTINUOUS
100
AcDbLine
 10
5.2339899999999995
 20
-4.0600395275590548
 30
0
 11
5.2310830708661413
 21
-4.062946456692913
 31
0
  0
LINE
  5
403
330
1F
100
AcDbEntity
  8
B.Cu
  6
CONTINUOUS
100
AcDbLine
 10
5.2310830708661413
 20
-4.062946456692913
 30
0
 11
5.227522755905512
 21
-4.0650020078740159
 31
0
  0
LINE
  5
404
330
1F
100
AcDbEntity
  8
B.Cu
  6
CONTINUOUS
100
AcDbLine
 10
5.227522755905512
 20
-4.0650020078740159
 30
0
 11
5.2235517716535433
 21
-4.0660660236220467
 31
0
  0
LINE
  5
405
330
1F
100
AcDbEntity
  8
B.Cu
  6
CONTINUOUS
100
AcDbLine
 10
5.2235517716535433
 20
-4.0660660236220467
 30
0
 11
5.2214962598425192
 21
-4.0662007480314957
 31
0
  0
LINE
  5
406
330
1F
100
AcDbEntity
  8
B.Cu
  6
CONTINUOUS
100
AcDbLine
 10
5.2214962598425192
 20
-4.0662007480314957
 30
0
 11
5.1978742125984247
 21
-4.0662007480314957
 31
0
  0
LINE
  5
407
330
1F
100
AcDbEntity
  8
B.Cu
  6
CONTINUOUS
100
AcDbLine
 10
5.1978742125984247
 20
-4.0662007480314957
 30
0
 11
5.1958187007874015
 21
-4.0660660236220467
 31
0
  0
LINE
  5
408
330
1F
100
AcDbEntity
  8
B.Cu
  6
CONTINUOUS
100
AcDbLine
 10
5.1958187007874015
 20
-4.0660660236220467
 30
0
 11
5.1918477165354329
 21
-4.0650020078740159
 31
0
  0
LINE
  5
409
330
1F
100
AcDbEntity
  8
B.Cu
  6
CONTINUOUS
100
AcDbLine
 10
5.1918477165354329
 20
-4.0650020078740159
 30
0
 11
5.1882874015748026
 21
-4.062946456692913
 31
0
  0
LINE
  5
40A
330
1F
100
AcDbEntity
  8
B.Cu
  6
CONTINUOUS
100
AcDbLine
 10
5.1882874015748026
 20
-4.062946456692913
 30
0
 11
5.1853804724409445
 21
-4.0600395275590548
 31
0
  0
LINE
  5
40B
330
1F
100
AcDbEntity
  8
B.Cu
  6
CONTINUOUS
100
AcDbLine
 10
5.1853804724409445
 20
-4.0600395275590548
 30
0
 11
5.1833249212598425
 21
-4.0564792125984255
 31
0
  0
LINE
  5
40C
330
1F
100
AcDbEntity
  8
B.Cu
  6
CONTINUOUS
100
AcDbLine
 10
5.1833249212598425
 20
-4.0564792125984255
 30
0
 11
5.1822609055118107
 21
-4.0525082283464569
 31
0
  0
LINE
  5
40D
330
1F
100
AcDbEntity
  8
B.Cu
  6
CONTINUOUS
100
AcDbLine
 10
5.1822609055118107
 20
-4.0525082283464569
 30
0
 11
5.1822609055118107
 21
-4.0483972047244094
 31
0
  0
LINE
  5
40E
330
1F
100
AcDbEntity
  8
B.Cu
  6
CONTINUOUS
100
AcDbLine
 10
5.1822609055118107
 20
-4.0483972047244094
 30
0
 11
5.1833249212598425
 21
-4.0444262204724408
 31
0
  0
LINE
  5
40F
330
1F
100
AcDbEntity
  8
B.Cu
  6
CONTINUOUS
100
AcDbLine
 10
5.1833249212598425
 20
-4.0444262204724408
 30
0
 11
5.1853804724409445
 21
-4.0408659055118106
 31
0
  0
LINE
  5
410
330
1F
100
AcDbEntity
  8
B.Cu
  6
CONTINUOUS
100
AcDbLine
 10
5.1853804724409445
 20
-4.0408659055118106
 30
0
 11
5.1882874015748026
 21
-4.0379589763779524
 31
0
  0
LINE
  5
411
330
1F
100
AcDbEntity
  8
B.Cu
  6
CONTINUOUS
100
AcDbLine
 10
5.1882874015748026
 20
-4.0379589763779524
 30
0
 11
5.1918477165354329
 21
-4.0359034251968504
 31
0
  0
LINE
  5
412
330
1F
100
AcDbEntity
  8
B.Cu
  6
CONTINUOUS
100
AcDbLine
 10
5.1918477165354329
 20
-4.0359034251968504
 30
0
 11
5.1958187007874015
 21
-4.0348394094488187
 31
0
  0
LINE
  5
413
330
1F
100
AcDbEntity
  8
B.Cu
  6
CONTINUOUS
100
AcDbLine
 10
5.1958187007874015
 20
-4.0348394094488187
 30
0
 11
5.1978742125984247
 21
-4.0347046850393697
 31
0
  0
LINE
  5
414
330
1F
100
AcDbEntity
  8
B.Cu
  6
CONTINUOUS
100
AcDbLine
 10
5.1978742125984247
 20
-4.0347046850393697
 30
0
 11
5.2214962598425192
 21
-4.0347046850393697
 31
0
  0
LINE
  5
415
330
1F
100
AcDbEntity
  8
B.Cu
  6
CONTINUOUS
100
AcDbLine
 10
5.2214962598425192
 20
-4.0347046850393697
 30
0
 11
5.2235517716535433
 21
-4.0348394094488187
 31
0
  0
LINE
  5
416
330
1F
100
AcDbEntity
  8
B.Cu
  6
CONTINUOUS
100
AcDbLine
 10
6.3582593307086617
 20
-4.0441588582677168
 30
0
 11
6.3608592125984247
 21
-4.0456598818897636
 31
0
  0
LINE
  5
417
330
1F
100
AcDbEntity
  8
B.Cu
  6
CONTINUOUS
100
AcDbLine
 10
6.3608592125984247
 20
-4.0456598818897636
 30
0
 11
6.3629820472440946
 21
-4.0477827165354334
 31
0
  0
LINE
  5
418
330
1F
100
AcDbEntity
  8
B.Cu
  6
CONTINUOUS
100
AcDbLine
 10
6.3629820472440946
 20
-4.0477827165354334
 30
0
 11
6.3644830708661413
 21
-4.0503825984251964
 31
0
  0
LINE
  5
419
330
1F
100
AcDbEntity
  8
B.Cu
  6
CONTINUOUS
100
AcDbLine
 10
6.3644830708661413
 20
-4.0503825984251964
 30
0
 11
6.3652600787401576
 21
-4.053282401574803
 31
0
  0
LINE
  5
41A
330
1F
100
AcDbEntity
  8
B.Cu
  6
CONTINUOUS
100
AcDbLine
 10
6.3652600787401576
 20
-4.053282401574803
 30
0
 11
6.3652600787401576
 21
-4.0562845275590549
 31
0
  0
LINE
  5
41B
330
1F
100
AcDbEntity
  8
B.Cu
  6
CONTINUOUS
100
AcDbLine
 10
6.3652600787401576
 20
-4.0562845275590549
 30
0
 11
6.3644830708661413
 21
-4.0591843307086615
 31
0
  0
LINE
  5
41C
330
1F
100
AcDbEntity
  8
B.Cu
  6
CONTINUOUS
100
AcDbLine
 10
6.3644830708661413
 20
-4.0591843307086615
 30
0
 11
6.3629820472440946
 21
-4.0617842125984254
 31
0
  0
LINE
  5
41D
330
1F
100
AcDbEntity
  8
B.Cu
  6
CONTINUOUS
100
AcDbLine
 10
6.3629820472440946
 20
-4.0617842125984254
 30
0
 11
6.3608592125984247
 21
-4.0639070472440944
 31
0
  0
LINE
  5
41E
330
1F
100
AcDbEntity
  8
B.Cu
  6
CONTINUOUS
100
AcDbLine
 10
6.3608592125984247
 20
-4.0639070472440944
 30
0
 11
6.3582593307086617
 21
-4.065408070866142
 31
0
  0
LINE
  5
41F
330
1F
100
AcDbEntity
  8
B.Cu
  6
CONTINUOUS
100
AcDbLine
 10
6.3582593307086617
 20
-4.065408070866142
 30
0
 11
6.3553595275590551
 21
-4.0661850787401574
 31
0
  0
LINE
  5
420
330
1F
100
AcDbEntity
  8
B.Cu
  6
CONTINUOUS
100
AcDbLine
 10
6.3553595275590551
 20
-4.0661850787401574
 30
0
 11
6.3523574015748032
 21
-4.0661850787401574
 31
0
  0
LINE
  5
421
330
1F
100
AcDbEntity
  8
B.Cu
  6
CONTINUOUS
100
AcDbLine
 10
6.3523574015748032
 20
-4.0661850787401574
 30
0
 11
6.3494575984251966
 21
-4.065408070866142
 31
0
  0
LINE
  5
422
330
1F
100
AcDbEntity
  8
B.Cu
  6
CONTINUOUS
100
AcDbLine
 10
6.3494575984251966
 20
-4.065408070866142
 30
0
 11
6.3468577165354327
 21
-4.0639070472440944
 31
0
  0
LINE
  5
423
330
1F
100
AcDbEntity
  8
B.Cu
  6
CONTINUOUS
100
AcDbLine
 10
6.3468577165354327
 20
-4.0639070472440944
 30
0
 11
6.3447348818897638
 21
-4.0617842125984254
 31
0
  0
LINE
  5
424
330
1F
100
AcDbEntity
  8
B.Cu
  6
CONTINUOUS
100
AcDbLine
 10
6.3447348818897638
 20
-4.0617842125984254
 30
0
 11
6.3432338582677161
 21
-4.0591843307086615
 31
0
  0
LINE
  5
425
330
1F
100
AcDbEntity
  8
B.Cu
  6
CONTINUOUS
100
AcDbLine
 10
6.3432338582677161
 20
-4.0591843307086615
 30
0
 11
6.3424568503937007
 21
-4.0562845275590549
 31
0
  0
LINE
  5
426
330
1F
100
AcDbEntity
  8
B.Cu
  6
CONTINUOUS
100
AcDbLine
 10
6.3424568503937007
 20
-4.0562845275590549
 30
0
 11
6.3424568503937007
 21
-4.053282401574803
 31
0
  0
LINE
  5
427
330
1F
100
AcDbEntity
  8
B.Cu
  6
CONTINUOUS
100
AcDbLine
 10
6.3424568503937007
 20
-4.053282401574803
 30
0
 11
6.3432338582677161
 21
-4.0503825984251964
 31
0
  0
LINE
  5
428
330
1F
100
AcDbEntity
  8
B.Cu
  6
CONTINUOUS
100
AcDbLine
 10
6.3432338582677161
 20
-4.0503825984251964
 30
0
 11
6.3447348818897638
 21
-4.0477827165354334
 31
0
  0
LINE
  5
429
330
1F
100
AcDbEntity
  8
B.Cu
  6
CONTINUOUS
100
AcDbLine
 10
6.3447348818897638
 20
-4.0477827165354334
 30
0
 11
6.3468577165354327
 21
-4.0456598818897636
 31
0
  0
LINE
  5
42A
330
1F
100
AcDbEntity
  8
B.Cu
  6
CONTINUOUS
100
AcDbLine
 10
6.3468577165354327
 20
-4.0456598818897636
 30
0
 11
6.3494575984251966
 21
-4.0441588582677168
 31
0
  0
LINE
  5
42B
330
1F
100
AcDbEntity
  8
B.Cu
  6
CONTINUOUS
100
AcDbLine
 10
6.3494575984251966
 20
-4.0441588582677168
 30
0
 11
6.3523574015748032
 21
-4.0433818503937005
 31
0
  0
LINE
  5
42C
330
1F
100
AcDbEntity
  8
B.Cu
  6
CONTINUOUS
100
AcDbLine
 10
6.3523574015748032
 20
-4.0433818503937005
 30
0
 11
6.3553595275590551
 21
-4.0433818503937005
 31
0
  0
LINE
  5
42D
330
1F
100
AcDbEntity
  8
B.Cu
  6
CONTINUOUS
100
AcDbLine
 10
6.3553595275590551
 20
-4.0433818503937005
 30
0
 11
6.3582593307086617
 21
-4.0441588582677168
 31
0
  0
LINE
  5
42E
330
1F
100
AcDbEntity
  8
B.Cu
  6
CONTINUOUS
100
AcDbLine
 10
5.6259758661417321
 20
-4.0414738188976376
 30
0
 11
5.628575748031496
 21
-4.0429748425196852
 31
0
  0
LINE
  5
42F
330
1F
100
AcDbEntity
  8
B.Cu
  6
CONTINUOUS
100
AcDbLine
 10
5.628575748031496
 20
-4.0429748425196852
 30
0
 11
5.6306985826771649
 21
-4.0450976771653542
 31
0
  0
LINE
  5
430
330
1F
100
AcDbEntity
  8
B.Cu
  6
CONTINUOUS
100
AcDbLine
 10
5.6306985826771649
 20
-4.0450976771653542
 30
0
 11
5.6321996062992126
 21
-4.0476975590551181
 31
0
  0
LINE
  5
431
330
1F
100
AcDbEntity
  8
B.Cu
  6
CONTINUOUS
100
AcDbLine
 10
5.6321996062992126
 20
-4.0476975590551181
 30
0
 11
5.632976614173228
 21
-4.0505973622047247
 31
0
  0
LINE
  5
432
330
1F
100
AcDbEntity
  8
B.Cu
  6
CONTINUOUS
100
AcDbLine
 10
5.632976614173228
 20
-4.0505973622047247
 30
0
 11
5.632976614173228
 21
-4.0535994881889765
 31
0
  0
LINE
  5
433
330
1F
100
AcDbEntity
  8
B.Cu
  6
CONTINUOUS
100
AcDbLine
 10
5.632976614173228
 20
-4.0535994881889765
 30
0
 11
5.6321996062992126
 21
-4.0564992913385822
 31
0
  0
LINE
  5
434
330
1F
100
AcDbEntity
  8
B.Cu
  6
CONTINUOUS
100
AcDbLine
 10
5.6321996062992126
 20
-4.0564992913385822
 30
0
 11
5.6306985826771649
 21
-4.0590991732283461
 31
0
  0
LINE
  5
435
330
1F
100
AcDbEntity
  8
B.Cu
  6
CONTINUOUS
100
AcDbLine
 10
5.6306985826771649
 20
-4.0590991732283461
 30
0
 11
5.628575748031496
 21
-4.061222007874016
 31
0
  0
LINE
  5
436
330
1F
100
AcDbEntity
  8
B.Cu
  6
CONTINUOUS
100
AcDbLine
 10
5.628575748031496
 20
-4.061222007874016
 30
0
 11
5.6259758661417321
 21
-4.0627230314960627
 31
0
  0
LINE
  5
437
330
1F
100
AcDbEntity
  8
B.Cu
  6
CONTINUOUS
100
AcDbLine
 10
5.6259758661417321
 20
-4.0627230314960627
 30
0
 11
5.6230760629921255
 21
-4.0635000393700791
 31
0
  0
LINE
  5
438
330
1F
100
AcDbEntity
  8
B.Cu
  6
CONTINUOUS
100
AcDbLine
 10
5.6230760629921255
 20
-4.0635000393700791
 30
0
 11
5.6200739370078736
 21
-4.0635000393700791
 31
0
  0
LINE
  5
439
330
1F
100
AcDbEntity
  8
B.Cu
  6
CONTINUOUS
100
AcDbLine
 10
5.6200739370078736
 20
-4.0635000393700791
 30
0
 11
5.6171741338582679
 21
-4.0627230314960627
 31
0
  0
LINE
  5
43A
330
1F
100
AcDbEntity
  8
B.Cu
  6
CONTINUOUS
100
AcDbLine
 10
5.6171741338582679
 20
-4.0627230314960627
 30
0
 11
5.614574251968504
 21
-4.061222007874016
 31
0
  0
LINE
  5
43B
330
1F
100
AcDbEntity
  8
B.Cu
  6
CONTINUOUS
100
AcDbLine
 10
5.614574251968504
 20
-4.061222007874016
 30
0
 11
5.6124514173228341
 21
-4.0590991732283461
 31
0
  0
LINE
  5
43C
330
1F
100
AcDbEntity
  8
B.Cu
  6
CONTINUOUS
100
AcDbLine
 10
5.6124514173228341
 20
-4.0590991732283461
 30
0
 11
5.6109503937007874
 21
-4.0564992913385822
 31
0
  0
LINE
  5
43D
330
1F
100
AcDbEntity
  8
B.Cu
  6
CONTINUOUS
100
AcDbLine
 10
5.6109503937007874
 20
-4.0564992913385822
 30
0
 11
5.6101733858267719
 21
-4.0535994881889765
 31
0
  0
LINE
  5
43E
330
1F
100
AcDbEntity
  8
B.Cu
  6
CONTINUOUS
100
AcDbLine
 10
5.6101733858267719
 20
-4.0535994881889765
 30
0
 11
5.6101733858267719
 21
-4.0505973622047247
 31
0
  0
LINE
  5
43F
330
1F
100
AcDbEntity
  8
B.Cu
  6
CONTINUOUS
100
AcDbLine
 10
5.6101733858267719
 20
-4.0505973622047247
 30
0
 11
5.6109503937007874
 21
-4.0476975590551181
 31
0
  0
LINE
  5
440
330
1F
100
AcDbEntity
  8
B.Cu
  6
CONTINUOUS
100
AcDbLine
 10
5.6109503937007874
 20
-4.0476975590551181
 30
0
 11
5.6124514173228341
 21
-4.0450976771653542
 31
0
  0
LINE
  5
441
330
1F
100
AcDbEntity
  8
B.Cu
  6
CONTINUOUS
100
AcDbLine
 10
5.6124514173228341
 20
-4.0450976771653542
 30
0
 11
5.614574251968504
 21
-4.0429748425196852
 31
0
  0
LINE
  5
442
330
1F
100
AcDbEntity
  8
B.Cu
  6
CONTINUOUS
100
AcDbLine
 10
5.614574251968504
 20
-4.0429748425196852
 30
0
 11
5.6171741338582679
 21
-4.0414738188976376
 31
0
  0
LINE
  5
443
330
1F
100
AcDbEntity
  8
B.Cu
  6
CONTINUOUS
100
AcDbLine
 10
5.6171741338582679
 20
-4.0414738188976376
 30
0
 11
5.6200739370078736
 21
-4.0406968110236221
 31
0
  0
LINE
  5
444
330
1F
100
AcDbEntity
  8
B.Cu
  6
CONTINUOUS
100
AcDbLine
 10
5.6200739370078736
 20
-4.0406968110236221
 30
0
 11
5.6230760629921255
 21
-4.0406968110236221
 31
0
  0
LINE
  5
445
330
1F
100
AcDbEntity
  8
B.Cu
  6
CONTINUOUS
100
AcDbLine
 10
5.6230760629921255
 20
-4.0406968110236221
 30
0
 11
5.6259758661417321
 21
-4.0414738188976376
 31
0
  0
LINE
  5
446
330
1F
100
AcDbEntity
  8
B.Cu
  6
CONTINUOUS
100
AcDbLine
 10
5.3967801181102359
 20
-4.0206662204724406
 30
0
 11
5.4007511023622046
 21
-4.0217302362204723
 31
0
  0
LINE
  5
447
330
1F
100
AcDbEntity
  8
B.Cu
  6
CONTINUOUS
100
AcDbLine
 10
5.4007511023622046
 20
-4.0217302362204723
 30
0
 11
5.4043114173228348
 21
-4.0237857874015743
 31
0
  0
LINE
  5
448
330
1F
100
AcDbEntity
  8
B.Cu
  6
CONTINUOUS
100
AcDbLine
 10
5.4043114173228348
 20
-4.0237857874015743
 30
0
 11
5.407218346456693
 21
-4.0266927165354334
 31
0
  0
LINE
  5
449
330
1F
100
AcDbEntity
  8
B.Cu
  6
CONTINUOUS
100
AcDbLine
 10
5.407218346456693
 20
-4.0266927165354334
 30
0
 11
5.409273897637795
 21
-4.0302530314960627
 31
0
  0
LINE
  5
44A
330
1F
100
AcDbEntity
  8
B.Cu
  6
CONTINUOUS
100
AcDbLine
 10
5.409273897637795
 20
-4.0302530314960627
 30
0
 11
5.4103379133858267
 21
-4.0342240157480314
 31
0
  0
LINE
  5
44B
330
1F
100
AcDbEntity
  8
B.Cu
  6
CONTINUOUS
100
AcDbLine
 10
5.4103379133858267
 20
-4.0342240157480314
 30
0
 11
5.4103379133858267
 21
-4.0383350393700788
 31
0
  0
LINE
  5
44C
330
1F
100
AcDbEntity
  8
B.Cu
  6
CONTINUOUS
100
AcDbLine
 10
5.4103379133858267
 20
-4.0383350393700788
 30
0
 11
5.409273897637795
 21
-4.0423060236220474
 31
0
  0
LINE
  5
44D
330
1F
100
AcDbEntity
  8
B.Cu
  6
CONTINUOUS
100
AcDbLine
 10
5.409273897637795
 20
-4.0423060236220474
 30
0
 11
5.407218346456693
 21
-4.0458663385826767
 31
0
  0
LINE
  5
44E
330
1F
100
AcDbEntity
  8
B.Cu
  6
CONTINUOUS
100
AcDbLine
 10
5.407218346456693
 20
-4.0458663385826767
 30
0
 11
5.4043114173228348
 21
-4.0487732677165358
 31
0
  0
LINE
  5
44F
330
1F
100
AcDbEntity
  8
B.Cu
  6
CONTINUOUS
100
AcDbLine
 10
5.4043114173228348
 20
-4.0487732677165358
 30
0
 11
5.4007511023622046
 21
-4.0508288188976378
 31
0
  0
LINE
  5
450
330
1F
100
AcDbEntity
  8
B.Cu
  6
CONTINUOUS
100
AcDbLine
 10
5.4007511023622046
 20
-4.0508288188976378
 30
0
 11
5.3967801181102359
 21
-4.0518928346456695
 31
0
  0
LINE
  5
451
330
1F
100
AcDbEntity
  8
B.Cu
  6
CONTINUOUS
100
AcDbLine
 10
5.3967801181102359
 20
-4.0518928346456695
 30
0
 11
5.3947246062992127
 21
-4.0520275590551176
 31
0
  0
LINE
  5
452
330
1F
100
AcDbEntity
  8
B.Cu
  6
CONTINUOUS
100
AcDbLine
 10
5.3947246062992127
 20
-4.0520275590551176
 30
0
 11
5.3711025590551182
 21
-4.0520275590551176
 31
0
  0
LINE
  5
453
330
1F
100
AcDbEntity
  8
B.Cu
  6
CONTINUOUS
100
AcDbLine
 10
5.3711025590551182
 20
-4.0520275590551176
 30
0
 11
5.3690470472440941
 21
-4.0518928346456695
 31
0
  0
LINE
  5
454
330
1F
100
AcDbEntity
  8
B.Cu
  6
CONTINUOUS
100
AcDbLine
 10
5.3690470472440941
 20
-4.0518928346456695
 30
0
 11
5.3650760629921255
 21
-4.0508288188976378
 31
0
  0
LINE
  5
455
330
1F
100
AcDbEntity
  8
B.Cu
  6
CONTINUOUS
100
AcDbLine
 10
5.3650760629921255
 20
-4.0508288188976378
 30
0
 11
5.3615157480314961
 21
-4.0487732677165358
 31
0
  0
LINE
  5
456
330
1F
100
AcDbEntity
  8
B.Cu
  6
CONTINUOUS
100
AcDbLine
 10
5.3615157480314961
 20
-4.0487732677165358
 30
0
 11
5.358608818897638
 21
-4.0458663385826767
 31
0
  0
LINE
  5
457
330
1F
100
AcDbEntity
  8
B.Cu
  6
CONTINUOUS
100
AcDbLine
 10
5.358608818897638
 20
-4.0458663385826767
 30
0
 11
5.3565532677165351
 21
-4.0423060236220474
 31
0
  0
LINE
  5
458
330
1F
100
AcDbEntity
  8
B.Cu
  6
CONTINUOUS
100
AcDbLine
 10
5.3565532677165351
 20
-4.0423060236220474
 30
0
 11
5.3554892519685042
 21
-4.0383350393700788
 31
0
  0
LINE
  5
459
330
1F
100
AcDbEntity
  8
B.Cu
  6
CONTINUOUS
100
AcDbLine
 10
5.3554892519685042
 20
-4.0383350393700788
 30
0
 11
5.3554892519685042
 21
-4.0342240157480314
 31
0
  0
LINE
  5
45A
330
1F
100
AcDbEntity
  8
B.Cu
  6
CONTINUOUS
100
AcDbLine
 10
5.3554892519685042
 20
-4.0342240157480314
 30
0
 11
5.3565532677165351
 21
-4.0302530314960627
 31
0
  0
LINE
  5
45B
330
1F
100
AcDbEntity
  8
B.Cu
  6
CONTINUOUS
100
AcDbLine
 10
5.3565532677165351
 20
-4.0302530314960627
 30
0
 11
5.358608818897638
 21
-4.0266927165354334
 31
0
  0
LINE
  5
45C
330
1F
100
AcDbEntity
  8
B.Cu
  6
CONTINUOUS
100
AcDbLine
 10
5.358608818897638
 20
-4.0266927165354334
 30
0
 11
5.3615157480314961
 21
-4.0237857874015743
 31
0
  0
LINE
  5
45D
330
1F
100
AcDbEntity
  8
B.Cu
  6
CONTINUOUS
100
AcDbLine
 10
5.3615157480314961
 20
-4.0237857874015743
 30
0
 11
5.3650760629921255
 21
-4.0217302362204723
 31
0
  0
LINE
  5
45E
330
1F
100
AcDbEntity
  8
B.Cu
  6
CONTINUOUS
100
AcDbLine
 10
5.3650760629921255
 20
-4.0217302362204723
 30
0
 11
5.3690470472440941
 21
-4.0206662204724406
 31
0
  0
LINE
  5
45F
330
1F
100
AcDbEntity
  8
B.Cu
  6
CONTINUOUS
100
AcDbLine
 10
5.3690470472440941
 20
-4.0206662204724406
 30
0
 11
5.3711025590551182
 21
-4.0205314960629916
 31
0
  0
LINE
  5
460
330
1F
100
AcDbEntity
  8
B.Cu
  6
CONTINUOUS
100
AcDbLine
 10
5.3711025590551182
 20
-4.0205314960629916
 30
0
 11
5.3947246062992127
 21
-4.0205314960629916
 31
0
  0
LINE
  5
461
330
1F
100
AcDbEntity
  8
B.Cu
  6
CONTINUOUS
100
AcDbLine
 10
5.3947246062992127
 20
-4.0205314960629916
 30
0
 11
5.3967801181102359
 21
-4.0206662204724406
 31
0
  0
LINE
  5
462
330
1F
100
AcDbEntity
  8
B.Cu
  6
CONTINUOUS
100
AcDbLine
 10
7.1208845275590553
 20
-4.0004848425196853
 30
0
 11
7.1234844094488183
 21
-4.001985866141732
 31
0
  0
LINE
  5
463
330
1F
100
AcDbEntity
  8
B.Cu
  6
CONTINUOUS
100
AcDbLine
 10
7.1234844094488183
 20
-4.001985866141732
 30
0
 11
7.1256072440944882
 21
-4.0041087007874019
 31
0
  0
LINE
  5
464
330
1F
100
AcDbEntity
  8
B.Cu
  6
CONTINUOUS
100
AcDbLine
 10
7.1256072440944882
 20
-4.0041087007874019
 30
0
 11
7.1271082677165349
 21
-4.0067085826771649
 31
0
  0
LINE
  5
465
330
1F
100
AcDbEntity
  8
B.Cu
  6
CONTINUOUS
100
AcDbLine
 10
7.1271082677165349
 20
-4.0067085826771649
 30
0
 11
7.1278852755905513
 21
-4.0096083858267715
 31
0
  0
LINE
  5
466
330
1F
100
AcDbEntity
  8
B.Cu
  6
CONTINUOUS
100
AcDbLine
 10
7.1278852755905513
 20
-4.0096083858267715
 30
0
 11
7.1278852755905513
 21
-4.0126105118110234
 31
0
  0
LINE
  5
467
330
1F
100
AcDbEntity
  8
B.Cu
  6
CONTINUOUS
100
AcDbLine
 10
7.1278852755905513
 20
-4.0126105118110234
 30
0
 11
7.1271082677165349
 21
-4.0155103149606299
 31
0
  0
LINE
  5
468
330
1F
100
AcDbEntity
  8
B.Cu
  6
CONTINUOUS
100
AcDbLine
 10
7.1271082677165349
 20
-4.0155103149606299
 30
0
 11
7.1256072440944882
 21
-4.0181101968503938
 31
0
  0
LINE
  5
469
330
1F
100
AcDbEntity
  8
B.Cu
  6
CONTINUOUS
100
AcDbLine
 10
7.1256072440944882
 20
-4.0181101968503938
 30
0
 11
7.1234844094488183
 21
-4.0202330314960628
 31
0
  0
LINE
  5
46A
330
1F
100
AcDbEntity
  8
B.Cu
  6
CONTINUOUS
100
AcDbLine
 10
7.1234844094488183
 20
-4.0202330314960628
 30
0
 11
7.1208845275590553
 21
-4.0217340551181104
 31
0
  0
LINE
  5
46B
330
1F
100
AcDbEntity
  8
B.Cu
  6
CONTINUOUS
100
AcDbLine
 10
7.1208845275590553
 20
-4.0217340551181104
 30
0
 11
7.1179847244094487
 21
-4.0225110629921259
 31
0
  0
LINE
  5
46C
330
1F
100
AcDbEntity
  8
B.Cu
  6
CONTINUOUS
100
AcDbLine
 10
7.1179847244094487
 20
-4.0225110629921259
 30
0
 11
7.1149825984251969
 21
-4.0225110629921259
 31
0
  0
LINE
  5
46D
330
1F
100
AcDbEntity
  8
B.Cu
  6
CONTINUOUS
100
AcDbLine
 10
7.1149825984251969
 20
-4.0225110629921259
 30
0
 11
7.1120827952755903
 21
-4.0217340551181104
 31
0
  0
LINE
  5
46E
330
1F
100
AcDbEntity
  8
B.Cu
  6
CONTINUOUS
100
AcDbLine
 10
7.1120827952755903
 20
-4.0217340551181104
 30
0
 11
7.1094829133858264
 21
-4.0202330314960628
 31
0
  0
LINE
  5
46F
330
1F
100
AcDbEntity
  8
B.Cu
  6
CONTINUOUS
100
AcDbLine
 10
7.1094829133858264
 20
-4.0202330314960628
 30
0
 11
7.1073600787401574
 21
-4.0181101968503938
 31
0
  0
LINE
  5
470
330
1F
100
AcDbEntity
  8
B.Cu
  6
CONTINUOUS
100
AcDbLine
 10
7.1073600787401574
 20
-4.0181101968503938
 30
0
 11
7.1058590551181098
 21
-4.0155103149606299
 31
0
  0
LINE
  5
471
330
1F
100
AcDbEntity
  8
B.Cu
  6
CONTINUOUS
100
AcDbLine
 10
7.1058590551181098
 20
-4.0155103149606299
 30
0
 11
7.1050820472440943
 21
-4.0126105118110234
 31
0
  0
LINE
  5
472
330
1F
100
AcDbEntity
  8
B.Cu
  6
CONTINUOUS
100
AcDbLine
 10
7.1050820472440943
 20
-4.0126105118110234
 30
0
 11
7.1050820472440943
 21
-4.0096083858267715
 31
0
  0
LINE
  5
473
330
1F
100
AcDbEntity
  8
B.Cu
  6
CONTINUOUS
100
AcDbLine
 10
7.1050820472440943
 20
-4.0096083858267715
 30
0
 11
7.1058590551181098
 21
-4.0067085826771649
 31
0
  0
LINE
  5
474
330
1F
100
AcDbEntity
  8
B.Cu
  6
CONTINUOUS
100
AcDbLine
 10
7.1058590551181098
 20
-4.0067085826771649
 30
0
 11
7.1073600787401574
 21
-4.0041087007874019
 31
0
  0
LINE
  5
475
330
1F
100
AcDbEntity
  8
B.Cu
  6
CONTINUOUS
100
AcDbLine
 10
7.1073600787401574
 20
-4.0041087007874019
 30
0
 11
7.1094829133858264
 21
-4.001985866141732
 31
0
  0
LINE
  5
476
330
1F
100
AcDbEntity
  8
B.Cu
  6
CONTINUOUS
100
AcDbLine
 10
7.1094829133858264
 20
-4.001985866141732
 30
0
 11
7.1120827952755903
 21
-4.0004848425196853
 31
0
  0
LINE
  5
477
330
1F
100
AcDbEntity
  8
B.Cu
  6
CONTINUOUS
100
AcDbLine
 10
7.1120827952755903
 20
-4.0004848425196853
 30
0
 11
7.1149825984251969
 21
-3.9997078346456694
 31
0
  0
LINE
  5
478
330
1F
100
AcDbEntity
  8
B.Cu
  6
CONTINUOUS
100
AcDbLine
 10
7.1149825984251969
 20
-3.9997078346456694
 30
0
 11
7.1179847244094487
 21
-3.9997078346456694
 31
0
  0
LINE
  5
479
330
1F
100
AcDbEntity
  8
B.Cu
  6
CONTINUOUS
100
AcDbLine
 10
7.1179847244094487
 20
-3.9997078346456694
 30
0
 11
7.1208845275590553
 21
-4.0004848425196853
 31
0
  0
LINE
  5
47A
330
1F
100
AcDbEntity
  8
B.Cu
  6
CONTINUOUS
100
AcDbLine
 10
7.1523805511811025
 20
-4.0004848425196853
 30
0
 11
7.1549804330708664
 21
-4.001985866141732
 31
0
  0
LINE
  5
47B
330
1F
100
AcDbEntity
  8
B.Cu
  6
CONTINUOUS
100
AcDbLine
 10
7.1549804330708664
 20
-4.001985866141732
 30
0
 11
7.1571032677165354
 21
-4.0041087007874019
 31
0
  0
LINE
  5
47C
330
1F
100
AcDbEntity
  8
B.Cu
  6
CONTINUOUS
100
AcDbLine
 10
7.1571032677165354
 20
-4.0041087007874019
 30
0
 11
7.1586042913385821
 21
-4.0067085826771649
 31
0
  0
LINE
  5
47D
330
1F
100
AcDbEntity
  8
B.Cu
  6
CONTINUOUS
100
AcDbLine
 10
7.1586042913385821
 20
-4.0067085826771649
 30
0
 11
7.1593812992125985
 21
-4.0096083858267715
 31
0
  0
LINE
  5
47E
330
1F
100
AcDbEntity
  8
B.Cu
  6
CONTINUOUS
100
AcDbLine
 10
7.1593812992125985
 20
-4.0096083858267715
 30
0
 11
7.1593812992125985
 21
-4.0126105118110234
 31
0
  0
LINE
  5
47F
330
1F
100
AcDbEntity
  8
B.Cu
  6
CONTINUOUS
100
AcDbLine
 10
7.1593812992125985
 20
-4.0126105118110234
 30
0
 11
7.1586042913385821
 21
-4.0155103149606299
 31
0
  0
LINE
  5
480
330
1F
100
AcDbEntity
  8
B.Cu
  6
CONTINUOUS
100
AcDbLine
 10
7.1586042913385821
 20
-4.0155103149606299
 30
0
 11
7.1571032677165354
 21
-4.0181101968503938
 31
0
  0
LINE
  5
481
330
1F
100
AcDbEntity
  8
B.Cu
  6
CONTINUOUS
100
AcDbLine
 10
7.1571032677165354
 20
-4.0181101968503938
 30
0
 11
7.1549804330708664
 21
-4.0202330314960628
 31
0
  0
LINE
  5
482
330
1F
100
AcDbEntity
  8
B.Cu
  6
CONTINUOUS
100
AcDbLine
 10
7.1549804330708664
 20
-4.0202330314960628
 30
0
 11
7.1523805511811025
 21
-4.0217340551181104
 31
0
  0
LINE
  5
483
330
1F
100
AcDbEntity
  8
B.Cu
  6
CONTINUOUS
100
AcDbLine
 10
7.1523805511811025
 20
-4.0217340551181104
 30
0
 11
7.1494807480314959
 21
-4.0225110629921259
 31
0
  0
LINE
  5
484
330
1F
100
AcDbEntity
  8
B.Cu
  6
CONTINUOUS
100
AcDbLine
 10
7.1494807480314959
 20
-4.0225110629921259
 30
0
 11
7.146478622047244
 21
-4.0225110629921259
 31
0
  0
LINE
  5
485
330
1F
100
AcDbEntity
  8
B.Cu
  6
CONTINUOUS
100
AcDbLine
 10
7.146478622047244
 20
-4.0225110629921259
 30
0
 11
7.1435788188976375
 21
-4.0217340551181104
 31
0
  0
LINE
  5
486
330
1F
100
AcDbEntity
  8
B.Cu
  6
CONTINUOUS
100
AcDbLine
 10
7.1435788188976375
 20
-4.0217340551181104
 30
0
 11
7.1409789370078736
 21
-4.0202330314960628
 31
0
  0
LINE
  5
487
330
1F
100
AcDbEntity
  8
B.Cu
  6
CONTINUOUS
100
AcDbLine
 10
7.1409789370078736
 20
-4.0202330314960628
 30
0
 11
7.1388561023622046
 21
-4.0181101968503938
 31
0
  0
LINE
  5
488
330
1F
100
AcDbEntity
  8
B.Cu
  6
CONTINUOUS
100
AcDbLine
 10
7.1388561023622046
 20
-4.0181101968503938
 30
0
 11
7.137355078740157
 21
-4.0155103149606299
 31
0
  0
LINE
  5
489
330
1F
100
AcDbEntity
  8
B.Cu
  6
CONTINUOUS
100
AcDbLine
 10
7.137355078740157
 20
-4.0155103149606299
 30
0
 11
7.1365780708661415
 21
-4.0126105118110234
 31
0
  0
LINE
  5
48A
330
1F
100
AcDbEntity
  8
B.Cu
  6
CONTINUOUS
100
AcDbLine
 10
7.1365780708661415
 20
-4.0126105118110234
 30
0
 11
7.1365780708661415
 21
-4.0096083858267715
 31
0
  0
LINE
  5
48B
330
1F
100
AcDbEntity
  8
B.Cu
  6
CONTINUOUS
100
AcDbLine
 10
7.1365780708661415
 20
-4.0096083858267715
 30
0
 11
7.137355078740157
 21
-4.0067085826771649
 31
0
  0
LINE
  5
48C
330
1F
100
AcDbEntity
  8
B.Cu
  6
CONTINUOUS
100
AcDbLine
 10
7.137355078740157
 20
-4.0067085826771649
 30
0
 11
7.1388561023622046
 21
-4.0041087007874019
 31
0
  0
LINE
  5
48D
330
1F
100
AcDbEntity
  8
B.Cu
  6
CONTINUOUS
100
AcDbLine
 10
7.1388561023622046
 20
-4.0041087007874019
 30
0
 11
7.1409789370078736
 21
-4.001985866141732
 31
0
  0
LINE
  5
48E
330
1F
100
AcDbEntity
  8
B.Cu
  6
CONTINUOUS
100
AcDbLine
 10
7.1409789370078736
 20
-4.001985866141732
 30
0
 11
7.1435788188976375
 21
-4.0004848425196853
 31
0
  0
LINE
  5
48F
330
1F
100
AcDbEntity
  8
B.Cu
  6
CONTINUOUS
100
AcDbLine
 10
7.1435788188976375
 20
-4.0004848425196853
 30
0
 11
7.146478622047244
 21
-3.9997078346456694
 31
0
  0
LINE
  5
490
330
1F
100
AcDbEntity
  8
B.Cu
  6
CONTINUOUS
100
AcDbLine
 10
7.146478622047244
 20
-3.9997078346456694
 30
0
 11
7.1494807480314959
 21
-3.9997078346456694
 31
0
  0
LINE
  5
491
330
1F
100
AcDbEntity
  8
B.Cu
  6
CONTINUOUS
100
AcDbLine
 10
7.1494807480314959
 20
-3.9997078346456694
 30
0
 11
7.1523805511811025
 21
-4.0004848425196853
 31
0
  0
LINE
  5
492
330
1F
100
AcDbEntity
  8
B.Cu
  6
CONTINUOUS
100
AcDbLine
 10
7.1838766535433072
 20
-4.0004848425196853
 30
0
 11
7.1864765354330711
 21
-4.001985866141732
 31
0
  0
LINE
  5
493
330
1F
100
AcDbEntity
  8
B.Cu
  6
CONTINUOUS
100
AcDbLine
 10
7.1864765354330711
 20
-4.001985866141732
 30
0
 11
7.1885993700787401
 21
-4.0041087007874019
 31
0
  0
LINE
  5
494
330
1F
100
AcDbEntity
  8
B.Cu
  6
CONTINUOUS
100
AcDbLine
 10
7.1885993700787401
 20
-4.0041087007874019
 30
0
 11
7.1901003937007868
 21
-4.0067085826771649
 31
0
  0
LINE
  5
495
330
1F
100
AcDbEntity
  8
B.Cu
  6
CONTINUOUS
100
AcDbLine
 10
7.1901003937007868
 20
-4.0067085826771649
 30
0
 11
7.1908774015748032
 21
-4.0096083858267715
 31
0
  0
LINE
  5
496
330
1F
100
AcDbEntity
  8
B.Cu
  6
CONTINUOUS
100
AcDbLine
 10
7.1908774015748032
 20
-4.0096083858267715
 30
0
 11
7.1908774015748032
 21
-4.0126105118110234
 31
0
  0
LINE
  5
497
330
1F
100
AcDbEntity
  8
B.Cu
  6
CONTINUOUS
100
AcDbLine
 10
7.1908774015748032
 20
-4.0126105118110234
 30
0
 11
7.1901003937007868
 21
-4.0155103149606299
 31
0
  0
LINE
  5
498
330
1F
100
AcDbEntity
  8
B.Cu
  6
CONTINUOUS
100
AcDbLine
 10
7.1901003937007868
 20
-4.0155103149606299
 30
0
 11
7.1885993700787401
 21
-4.0181101968503938
 31
0
  0
LINE
  5
499
330
1F
100
AcDbEntity
  8
B.Cu
  6
CONTINUOUS
100
AcDbLine
 10
7.1885993700787401
 20
-4.0181101968503938
 30
0
 11
7.1864765354330711
 21
-4.0202330314960628
 31
0
  0
LINE
  5
49A
330
1F
100
AcDbEntity
  8
B.Cu
  6
CONTINUOUS
100
AcDbLine
 10
7.1864765354330711
 20
-4.0202330314960628
 30
0
 11
7.1838766535433072
 21
-4.0217340551181104
 31
0
  0
LINE
  5
49B
330
1F
100
AcDbEntity
  8
B.Cu
  6
CONTINUOUS
100
AcDbLine
 10
7.1838766535433072
 20
-4.0217340551181104
 30
0
 11
7.1809768503937006
 21
-4.0225110629921259
 31
0
  0
LINE
  5
49C
330
1F
100
AcDbEntity
  8
B.Cu
  6
CONTINUOUS
100
AcDbLine
 10
7.1809768503937006
 20
-4.0225110629921259
 30
0
 11
7.1779747244094487
 21
-4.0225110629921259
 31
0
  0
LINE
  5
49D
330
1F
100
AcDbEntity
  8
B.Cu
  6
CONTINUOUS
100
AcDbLine
 10
7.1779747244094487
 20
-4.0225110629921259
 30
0
 11
7.1750749212598421
 21
-4.0217340551181104
 31
0
  0
LINE
  5
49E
330
1F
100
AcDbEntity
  8
B.Cu
  6
CONTINUOUS
100
AcDbLine
 10
7.1750749212598421
 20
-4.0217340551181104
 30
0
 11
7.1724750393700782
 21
-4.0202330314960628
 31
0
  0
LINE
  5
49F
330
1F
100
AcDbEntity
  8
B.Cu
  6
CONTINUOUS
100
AcDbLine
 10
7.1724750393700782
 20
-4.0202330314960628
 30
0
 11
7.1703522047244093
 21
-4.0181101968503938
 31
0
  0
LINE
  5
4A0
330
1F
100
AcDbEntity
  8
B.Cu
  6
CONTINUOUS
100
AcDbLine
 10
7.1703522047244093
 20
-4.0181101968503938
 30
0
 11
7.1688511811023616
 21
-4.0155103149606299
 31
0
  0
LINE
  5
4A1
330
1F
100
AcDbEntity
  8
B.Cu
  6
CONTINUOUS
100
AcDbLine
 10
7.1688511811023616
 20
-4.0155103149606299
 30
0
 11
7.1680741732283462
 21
-4.0126105118110234
 31
0
  0
LINE
  5
4A2
330
1F
100
AcDbEntity
  8
B.Cu
  6
CONTINUOUS
100
AcDbLine
 10
7.1680741732283462
 20
-4.0126105118110234
 30
0
 11
7.1680741732283462
 21
-4.0096083858267715
 31
0
  0
LINE
  5
4A3
330
1F
100
AcDbEntity
  8
B.Cu
  6
CONTINUOUS
100
AcDbLine
 10
7.1680741732283462
 20
-4.0096083858267715
 30
0
 11
7.1688511811023616
 21
-4.0067085826771649
 31
0
  0
LINE
  5
4A4
330
1F
100
AcDbEntity
  8
B.Cu
  6
CONTINUOUS
100
AcDbLine
 10
7.1688511811023616
 20
-4.0067085826771649
 30
0
 11
7.1703522047244093
 21
-4.0041087007874019
 31
0
  0
LINE
  5
4A5
330
1F
100
AcDbEntity
  8
B.Cu
  6
CONTINUOUS
100
AcDbLine
 10
7.1703522047244093
 20
-4.0041087007874019
 30
0
 11
7.1724750393700782
 21
-4.001985866141732
 31
0
  0
LINE
  5
4A6
330
1F
100
AcDbEntity
  8
B.Cu
  6
CONTINUOUS
100
AcDbLine
 10
7.1724750393700782
 20
-4.001985866141732
 30
0
 11
7.1750749212598421
 21
-4.0004848425196853
 31
0
  0
LINE
  5
4A7
330
1F
100
AcDbEntity
  8
B.Cu
  6
CONTINUOUS
100
AcDbLine
 10
7.1750749212598421
 20
-4.0004848425196853
 30
0
 11
7.1779747244094487
 21
-3.9997078346456694
 31
0
  0
LINE
  5
4A8
330
1F
100
AcDbEntity
  8
B.Cu
  6
CONTINUOUS
100
AcDbLine
 10
7.1779747244094487
 20
-3.9997078346456694
 30
0
 11
7.1809768503937006
 21
-3.9997078346456694
 31
0
  0
LINE
  5
4A9
330
1F
100
AcDbEntity
  8
B.Cu
  6
CONTINUOUS
100
AcDbLine
 10
7.1809768503937006
 20
-3.9997078346456694
 30
0
 11
7.1838766535433072
 21
-4.0004848425196853
 31
0
  0
LINE
  5
4AA
330
1F
100
AcDbEntity
  8
B.Cu
  6
CONTINUOUS
100
AcDbLine
 10
7.3324810629921258
 20
-4.0001370078740157
 30
0
 11
7.3350809448818897
 21
-4.0016380314960633
 31
0
  0
LINE
  5
4AB
330
1F
100
AcDbEntity
  8
B.Cu
  6
CONTINUOUS
100
AcDbLine
 10
7.3350809448818897
 20
-4.0016380314960633
 30
0
 11
7.3372037795275586
 21
-4.0037608661417323
 31
0
  0
LINE
  5
4AC
330
1F
100
AcDbEntity
  8
B.Cu
  6
CONTINUOUS
100
AcDbLine
 10
7.3372037795275586
 20
-4.0037608661417323
 30
0
 11
7.3387048031496063
 21
-4.0063607480314962
 31
0
  0
LINE
  5
4AD
330
1F
100
AcDbEntity
  8
B.Cu
  6
CONTINUOUS
100
AcDbLine
 10
7.3387048031496063
 20
-4.0063607480314962
 30
0
 11
7.3394818110236217
 21
-4.0092605511811019
 31
0
  0
LINE
  5
4AE
330
1F
100
AcDbEntity
  8
B.Cu
  6
CONTINUOUS
100
AcDbLine
 10
7.3394818110236217
 20
-4.0092605511811019
 30
0
 11
7.3394818110236217
 21
-4.0122626771653547
 31
0
  0
LINE
  5
4AF
330
1F
100
AcDbEntity
  8
B.Cu
  6
CONTINUOUS
100
AcDbLine
 10
7.3394818110236217
 20
-4.0122626771653547
 30
0
 11
7.3387048031496063
 21
-4.0151624803149604
 31
0
  0
LINE
  5
4B0
330
1F
100
AcDbEntity
  8
B.Cu
  6
CONTINUOUS
100
AcDbLine
 10
7.3387048031496063
 20
-4.0151624803149604
 30
0
 11
7.3372037795275586
 21
-4.0177623622047243
 31
0
  0
LINE
  5
4B1
330
1F
100
AcDbEntity
  8
B.Cu
  6
CONTINUOUS
100
AcDbLine
 10
7.3372037795275586
 20
-4.0177623622047243
 30
0
 11
7.3350809448818897
 21
-4.0198851968503932
 31
0
  0
LINE
  5
4B2
330
1F
100
AcDbEntity
  8
B.Cu
  6
CONTINUOUS
100
AcDbLine
 10
7.3350809448818897
 20
-4.0198851968503932
 30
0
 11
7.3324810629921258
 21
-4.0213862204724409
 31
0
  0
LINE
  5
4B3
330
1F
100
AcDbEntity
  8
B.Cu
  6
CONTINUOUS
100
AcDbLine
 10
7.3324810629921258
 20
-4.0213862204724409
 30
0
 11
7.3295812598425192
 21
-4.0221632283464563
 31
0
  0
LINE
  5
4B4
330
1F
100
AcDbEntity
  8
B.Cu
  6
CONTINUOUS
100
AcDbLine
 10
7.3295812598425192
 20
-4.0221632283464563
 30
0
 11
7.3265791338582673
 21
-4.0221632283464563
 31
0
  0
LINE
  5
4B5
330
1F
100
AcDbEntity
  8
B.Cu
  6
CONTINUOUS
100
AcDbLine
 10
7.3265791338582673
 20
-4.0221632283464563
 30
0
 11
7.3236793307086616
 21
-4.0213862204724409
 31
0
  0
LINE
  5
4B6
330
1F
100
AcDbEntity
  8
B.Cu
  6
CONTINUOUS
100
AcDbLine
 10
7.3236793307086616
 20
-4.0213862204724409
 30
0
 11
7.3210794488188977
 21
-4.0198851968503932
 31
0
  0
LINE
  5
4B7
330
1F
100
AcDbEntity
  8
B.Cu
  6
CONTINUOUS
100
AcDbLine
 10
7.3210794488188977
 20
-4.0198851968503932
 30
0
 11
7.3189566141732278
 21
-4.0177623622047243
 31
0
  0
LINE
  5
4B8
330
1F
100
AcDbEntity
  8
B.Cu
  6
CONTINUOUS
100
AcDbLine
 10
7.3189566141732278
 20
-4.0177623622047243
 30
0
 11
7.3174555905511811
 21
-4.0151624803149604
 31
0
  0
LINE
  5
4B9
330
1F
100
AcDbEntity
  8
B.Cu
  6
CONTINUOUS
100
AcDbLine
 10
7.3174555905511811
 20
-4.0151624803149604
 30
0
 11
7.3166785826771648
 21
-4.0122626771653547
 31
0
  0
LINE
  5
4BA
330
1F
100
AcDbEntity
  8
B.Cu
  6
CONTINUOUS
100
AcDbLine
 10
7.3166785826771648
 20
-4.0122626771653547
 30
0
 11
7.3166785826771648
 21
-4.0092605511811019
 31
0
  0
LINE
  5
4BB
330
1F
100
AcDbEntity
  8
B.Cu
  6
CONTINUOUS
100
AcDbLine
 10
7.3166785826771648
 20
-4.0092605511811019
 30
0
 11
7.3174555905511811
 21
-4.0063607480314962
 31
0
  0
LINE
  5
4BC
330
1F
100
AcDbEntity
  8
B.Cu
  6
CONTINUOUS
100
AcDbLine
 10
7.3174555905511811
 20
-4.0063607480314962
 30
0
 11
7.3189566141732278
 21
-4.0037608661417323
 31
0
  0
LINE
  5
4BD
330
1F
100
AcDbEntity
  8
B.Cu
  6
CONTINUOUS
100
AcDbLine
 10
7.3189566141732278
 20
-4.0037608661417323
 30
0
 11
7.3210794488188977
 21
-4.0016380314960633
 31
0
  0
LINE
  5
4BE
330
1F
100
AcDbEntity
  8
B.Cu
  6
CONTINUOUS
100
AcDbLine
 10
7.3210794488188977
 20
-4.0016380314960633
 30
0
 11
7.3236793307086616
 21
-4.0001370078740157
 31
0
  0
LINE
  5
4BF
330
1F
100
AcDbEntity
  8
B.Cu
  6
CONTINUOUS
100
AcDbLine
 10
7.3236793307086616
 20
-4.0001370078740157
 30
0
 11
7.3265791338582673
 21
-3.9993599999999998
 31
0
  0
LINE
  5
4C0
330
1F
100
AcDbEntity
  8
B.Cu
  6
CONTINUOUS
100
AcDbLine
 10
7.3265791338582673
 20
-3.9993599999999998
 30
0
 11
7.3295812598425192
 21
-3.9993599999999998
 31
0
  0
LINE
  5
4C1
330
1F
100
AcDbEntity
  8
B.Cu
  6
CONTINUOUS
100
AcDbLine
 10
7.3295812598425192
 20
-3.9993599999999998
 30
0
 11
7.3324810629921258
 21
-4.0001370078740157
 31
0
  0
LINE
  5
4C2
330
1F
100
AcDbEntity
  8
B.Cu
  6
CONTINUOUS
100
AcDbLine
 10
7.3639771259842517
 20
-4.0001370078740157
 30
0
 11
7.3665770078740156
 21
-4.0016380314960633
 31
0
  0
LINE
  5
4C3
330
1F
100
AcDbEntity
  8
B.Cu
  6
CONTINUOUS
100
AcDbLine
 10
7.3665770078740156
 20
-4.0016380314960633
 30
0
 11
7.3686998425196846
 21
-4.0037608661417323
 31
0
  0
LINE
  5
4C4
330
1F
100
AcDbEntity
  8
B.Cu
  6
CONTINUOUS
100
AcDbLine
 10
7.3686998425196846
 20
-4.0037608661417323
 30
0
 11
7.3702008661417322
 21
-4.0063607480314962
 31
0
  0
LINE
  5
4C5
330
1F
100
AcDbEntity
  8
B.Cu
  6
CONTINUOUS
100
AcDbLine
 10
7.3702008661417322
 20
-4.0063607480314962
 30
0
 11
7.3709778740157477
 21
-4.0092605511811019
 31
0
  0
LINE
  5
4C6
330
1F
100
AcDbEntity
  8
B.Cu
  6
CONTINUOUS
100
AcDbLine
 10
7.3709778740157477
 20
-4.0092605511811019
 30
0
 11
7.3709778740157477
 21
-4.0122626771653547
 31
0
  0
LINE
  5
4C7
330
1F
100
AcDbEntity
  8
B.Cu
  6
CONTINUOUS
100
AcDbLine
 10
7.3709778740157477
 20
-4.0122626771653547
 30
0
 11
7.3702008661417322
 21
-4.0151624803149604
 31
0
  0
LINE
  5
4C8
330
1F
100
AcDbEntity
  8
B.Cu
  6
CONTINUOUS
100
AcDbLine
 10
7.3702008661417322
 20
-4.0151624803149604
 30
0
 11
7.3686998425196846
 21
-4.0177623622047243
 31
0
  0
LINE
  5
4C9
330
1F
100
AcDbEntity
  8
B.Cu
  6
CONTINUOUS
100
AcDbLine
 10
7.3686998425196846
 20
-4.0177623622047243
 30
0
 11
7.3665770078740156
 21
-4.0198851968503932
 31
0
  0
LINE
  5
4CA
330
1F
100
AcDbEntity
  8
B.Cu
  6
CONTINUOUS
100
AcDbLine
 10
7.3665770078740156
 20
-4.0198851968503932
 30
0
 11
7.3639771259842517
 21
-4.0213862204724409
 31
0
  0
LINE
  5
4CB
330
1F
100
AcDbEntity
  8
B.Cu
  6
CONTINUOUS
100
AcDbLine
 10
7.3639771259842517
 20
-4.0213862204724409
 30
0
 11
7.3610773228346451
 21
-4.0221632283464563
 31
0
  0
LINE
  5
4CC
330
1F
100
AcDbEntity
  8
B.Cu
  6
CONTINUOUS
100
AcDbLine
 10
7.3610773228346451
 20
-4.0221632283464563
 30
0
 11
7.3580751968503932
 21
-4.0221632283464563
 31
0
  0
LINE
  5
4CD
330
1F
100
AcDbEntity
  8
B.Cu
  6
CONTINUOUS
100
AcDbLine
 10
7.3580751968503932
 20
-4.0221632283464563
 30
0
 11
7.3551753937007875
 21
-4.0213862204724409
 31
0
  0
LINE
  5
4CE
330
1F
100
AcDbEntity
  8
B.Cu
  6
CONTINUOUS
100
AcDbLine
 10
7.3551753937007875
 20
-4.0213862204724409
 30
0
 11
7.3525755118110236
 21
-4.0198851968503932
 31
0
  0
LINE
  5
4CF
330
1F
100
AcDbEntity
  8
B.Cu
  6
CONTINUOUS
100
AcDbLine
 10
7.3525755118110236
 20
-4.0198851968503932
 30
0
 11
7.3504526771653538
 21
-4.0177623622047243
 31
0
  0
LINE
  5
4D0
330
1F
100
AcDbEntity
  8
B.Cu
  6
CONTINUOUS
100
AcDbLine
 10
7.3504526771653538
 20
-4.0177623622047243
 30
0
 11
7.348951653543307
 21
-4.0151624803149604
 31
0
  0
LINE
  5
4D1
330
1F
100
AcDbEntity
  8
B.Cu
  6
CONTINUOUS
100
AcDbLine
 10
7.348951653543307
 20
-4.0151624803149604
 30
0
 11
7.3481746456692916
 21
-4.0122626771653547
 31
0
  0
LINE
  5
4D2
330
1F
100
AcDbEntity
  8
B.Cu
  6
CONTINUOUS
100
AcDbLine
 10
7.3481746456692916
 20
-4.0122626771653547
 30
0
 11
7.3481746456692916
 21
-4.0092605511811019
 31
0
  0
LINE
  5
4D3
330
1F
100
AcDbEntity
  8
B.Cu
  6
CONTINUOUS
100
AcDbLine
 10
7.3481746456692916
 20
-4.0092605511811019
 30
0
 11
7.348951653543307
 21
-4.0063607480314962
 31
0
  0
LINE
  5
4D4
330
1F
100
AcDbEntity
  8
B.Cu
  6
CONTINUOUS
100
AcDbLine
 10
7.348951653543307
 20
-4.0063607480314962
 30
0
 11
7.3504526771653538
 21
-4.0037608661417323
 31
0
  0
LINE
  5
4D5
330
1F
100
AcDbEntity
  8
B.Cu
  6
CONTINUOUS
100
AcDbLine
 10
7.3504526771653538
 20
-4.0037608661417323
 30
0
 11
7.3525755118110236
 21
-4.0016380314960633
 31
0
  0
LINE
  5
4D6
330
1F
100
AcDbEntity
  8
B.Cu
  6
CONTINUOUS
100
AcDbLine
 10
7.3525755118110236
 20
-4.0016380314960633
 30
0
 11
7.3551753937007875
 21
-4.0001370078740157
 31
0
  0
LINE
  5
4D7
330
1F
100
AcDbEntity
  8
B.Cu
  6
CONTINUOUS
100
AcDbLine
 10
7.3551753937007875
 20
-4.0001370078740157
 30
0
 11
7.3580751968503932
 21
-3.9993599999999998
 31
0
  0
LINE
  5
4D8
330
1F
100
AcDbEntity
  8
B.Cu
  6
CONTINUOUS
100
AcDbLine
 10
7.3580751968503932
 20
-3.9993599999999998
 30
0
 11
7.3610773228346451
 21
-3.9993599999999998
 31
0
  0
LINE
  5
4D9
330
1F
100
AcDbEntity
  8
B.Cu
  6
CONTINUOUS
100
AcDbLine
 10
7.3610773228346451
 20
-3.9993599999999998
 30
0
 11
7.3639771259842517
 21
-4.0001370078740157
 31
0
  0
LINE
  5
4DA
330
1F
100
AcDbEntity
  8
B.Cu
  6
CONTINUOUS
100
AcDbLine
 10
7.3954731889763776
 20
-4.0001370078740157
 30
0
 11
7.3980730708661415
 21
-4.0016380314960633
 31
0
  0
LINE
  5
4DB
330
1F
100
AcDbEntity
  8
B.Cu
  6
CONTINUOUS
100
AcDbLine
 10
7.3980730708661415
 20
-4.0016380314960633
 30
0
 11
7.4001959055118105
 21
-4.0037608661417323
 31
0
  0
LINE
  5
4DC
330
1F
100
AcDbEntity
  8
B.Cu
  6
CONTINUOUS
100
AcDbLine
 10
7.4001959055118105
 20
-4.0037608661417323
 30
0
 11
7.4016969291338581
 21
-4.0063607480314962
 31
0
  0
LINE
  5
4DD
330
1F
100
AcDbEntity
  8
B.Cu
  6
CONTINUOUS
100
AcDbLine
 10
7.4016969291338581
 20
-4.0063607480314962
 30
0
 11
7.4024739370078736
 21
-4.0092605511811019
 31
0
  0
LINE
  5
4DE
330
1F
100
AcDbEntity
  8
B.Cu
  6
CONTINUOUS
100
AcDbLine
 10
7.4024739370078736
 20
-4.0092605511811019
 30
0
 11
7.4024739370078736
 21
-4.0122626771653547
 31
0
  0
LINE
  5
4DF
330
1F
100
AcDbEntity
  8
B.Cu
  6
CONTINUOUS
100
AcDbLine
 10
7.4024739370078736
 20
-4.0122626771653547
 30
0
 11
7.4016969291338581
 21
-4.0151624803149604
 31
0
  0
LINE
  5
4E0
330
1F
100
AcDbEntity
  8
B.Cu
  6
CONTINUOUS
100
AcDbLine
 10
7.4016969291338581
 20
-4.0151624803149604
 30
0
 11
7.4001959055118105
 21
-4.0177623622047243
 31
0
  0
LINE
  5
4E1
330
1F
100
AcDbEntity
  8
B.Cu
  6
CONTINUOUS
100
AcDbLine
 10
7.4001959055118105
 20
-4.0177623622047243
 30
0
 11
7.3980730708661415
 21
-4.0198851968503932
 31
0
  0
LINE
  5
4E2
330
1F
100
AcDbEntity
  8
B.Cu
  6
CONTINUOUS
100
AcDbLine
 10
7.3980730708661415
 20
-4.0198851968503932
 30
0
 11
7.3954731889763776
 21
-4.0213862204724409
 31
0
  0
LINE
  5
4E3
330
1F
100
AcDbEntity
  8
B.Cu
  6
CONTINUOUS
100
AcDbLine
 10
7.3954731889763776
 20
-4.0213862204724409
 30
0
 11
7.3925733858267719
 21
-4.0221632283464563
 31
0
  0
LINE
  5
4E4
330
1F
100
AcDbEntity
  8
B.Cu
  6
CONTINUOUS
100
AcDbLine
 10
7.3925733858267719
 20
-4.0221632283464563
 30
0
 11
7.3895712598425192
 21
-4.0221632283464563
 31
0
  0
LINE
  5
4E5
330
1F
100
AcDbEntity
  8
B.Cu
  6
CONTINUOUS
100
AcDbLine
 10
7.3895712598425192
 20
-4.0221632283464563
 30
0
 11
7.3866714566929135
 21
-4.0213862204724409
 31
0
  0
LINE
  5
4E6
330
1F
100
AcDbEntity
  8
B.Cu
  6
CONTINUOUS
100
AcDbLine
 10
7.3866714566929135
 20
-4.0213862204724409
 30
0
 11
7.3840715748031496
 21
-4.0198851968503932
 31
0
  0
LINE
  5
4E7
330
1F
100
AcDbEntity
  8
B.Cu
  6
CONTINUOUS
100
AcDbLine
 10
7.3840715748031496
 20
-4.0198851968503932
 30
0
 11
7.3819487401574797
 21
-4.0177623622047243
 31
0
  0
LINE
  5
4E8
330
1F
100
AcDbEntity
  8
B.Cu
  6
CONTINUOUS
100
AcDbLine
 10
7.3819487401574797
 20
-4.0177623622047243
 30
0
 11
7.380447716535433
 21
-4.0151624803149604
 31
0
  0
LINE
  5
4E9
330
1F
100
AcDbEntity
  8
B.Cu
  6
CONTINUOUS
100
AcDbLine
 10
7.380447716535433
 20
-4.0151624803149604
 30
0
 11
7.3796707086614175
 21
-4.0122626771653547
 31
0
  0
LINE
  5
4EA
330
1F
100
AcDbEntity
  8
B.Cu
  6
CONTINUOUS
100
AcDbLine
 10
7.3796707086614175
 20
-4.0122626771653547
 30
0
 11
7.3796707086614175
 21
-4.0092605511811019
 31
0
  0
LINE
  5
4EB
330
1F
100
AcDbEntity
  8
B.Cu
  6
CONTINUOUS
100
AcDbLine
 10
7.3796707086614175
 20
-4.0092605511811019
 30
0
 11
7.380447716535433
 21
-4.0063607480314962
 31
0
  0
LINE
  5
4EC
330
1F
100
AcDbEntity
  8
B.Cu
  6
CONTINUOUS
100
AcDbLine
 10
7.380447716535433
 20
-4.0063607480314962
 30
0
 11
7.3819487401574797
 21
-4.0037608661417323
 31
0
  0
LINE
  5
4ED
330
1F
100
AcDbEntity
  8
B.Cu
  6
CONTINUOUS
100
AcDbLine
 10
7.3819487401574797
 20
-4.0037608661417323
 30
0
 11
7.3840715748031496
 21
-4.0016380314960633
 31
0
  0
LINE
  5
4EE
330
1F
100
AcDbEntity
  8
B.Cu
  6
CONTINUOUS
100
AcDbLine
 10
7.3840715748031496
 20
-4.0016380314960633
 30
0
 11
7.3866714566929135
 21
-4.0001370078740157
 31
0
  0
LINE
  5
4EF
330
1F
100
AcDbEntity
  8
B.Cu
  6
CONTINUOUS
100
AcDbLine
 10
7.3866714566929135
 20
-4.0001370078740157
 30
0
 11
7.3895712598425192
 21
-3.9993599999999998
 31
0
  0
LINE
  5
4F0
330
1F
100
AcDbEntity
  8
B.Cu
  6
CONTINUOUS
100
AcDbLine
 10
7.3895712598425192
 20
-3.9993599999999998
 30
0
 11
7.3925733858267719
 21
-3.9993599999999998
 31
0
  0
LINE
  5
4F1
330
1F
100
AcDbEntity
  8
B.Cu
  6
CONTINUOUS
100
AcDbLine
 10
7.3925733858267719
 20
-3.9993599999999998
 30
0
 11
7.3954731889763776
 21
-4.0001370078740157
 31
0
  0
LINE
  5
4F2
330
1F
100
AcDbEntity
  8
B.Cu
  6
CONTINUOUS
100
AcDbLine
 10
6.3930035039370079
 20
-3.854040708661417
 30
0
 11
6.3956033858267718
 21
-3.8555417322834646
 31
0
  0
LINE
  5
4F3
330
1F
100
AcDbEntity
  8
B.Cu
  6
CONTINUOUS
100
AcDbLine
 10
6.3956033858267718
 20
-3.8555417322834646
 30
0
 11
6.3977262204724408
 21
-3.8576645669291336
 31
0
  0
LINE
  5
4F4
330
1F
100
AcDbEntity
  8
B.Cu
  6
CONTINUOUS
100
AcDbLine
 10
6.3977262204724408
 20
-3.8576645669291336
 30
0
 11
6.3992272440944884
 21
-3.8602644488188975
 31
0
  0
LINE
  5
4F5
330
1F
100
AcDbEntity
  8
B.Cu
  6
CONTINUOUS
100
AcDbLine
 10
6.3992272440944884
 20
-3.8602644488188975
 30
0
 11
6.4000042519685039
 21
-3.8631642519685037
 31
0
  0
LINE
  5
4F6
330
1F
100
AcDbEntity
  8
B.Cu
  6
CONTINUOUS
100
AcDbLine
 10
6.4000042519685039
 20
-3.8631642519685037
 30
0
 11
6.4000042519685039
 21
-3.866166377952756
 31
0
  0
LINE
  5
4F7
330
1F
100
AcDbEntity
  8
B.Cu
  6
CONTINUOUS
100
AcDbLine
 10
6.4000042519685039
 20
-3.866166377952756
 30
0
 11
6.3992272440944884
 21
-3.8690661811023621
 31
0
  0
LINE
  5
4F8
330
1F
100
AcDbEntity
  8
B.Cu
  6
CONTINUOUS
100
AcDbLine
 10
6.3992272440944884
 20
-3.8690661811023621
 30
0
 11
6.3977262204724408
 21
-3.871666062992126
 31
0
  0
LINE
  5
4F9
330
1F
100
AcDbEntity
  8
B.Cu
  6
CONTINUOUS
100
AcDbLine
 10
6.3977262204724408
 20
-3.871666062992126
 30
0
 11
6.3956033858267718
 21
-3.873788897637795
 31
0
  0
LINE
  5
4FA
330
1F
100
AcDbEntity
  8
B.Cu
  6
CONTINUOUS
100
AcDbLine
 10
6.3956033858267718
 20
-3.873788897637795
 30
0
 11
6.3930035039370079
 21
-3.8752899212598426
 31
0
  0
LINE
  5
4FB
330
1F
100
AcDbEntity
  8
B.Cu
  6
CONTINUOUS
100
AcDbLine
 10
6.3930035039370079
 20
-3.8752899212598426
 30
0
 11
6.3901037007874013
 21
-3.8760669291338581
 31
0
  0
LINE
  5
4FC
330
1F
100
AcDbEntity
  8
B.Cu
  6
CONTINUOUS
100
AcDbLine
 10
6.3901037007874013
 20
-3.8760669291338581
 30
0
 11
6.3871015748031494
 21
-3.8760669291338581
 31
0
  0
LINE
  5
4FD
330
1F
100
AcDbEntity
  8
B.Cu
  6
CONTINUOUS
100
AcDbLine
 10
6.3871015748031494
 20
-3.8760669291338581
 30
0
 11
6.384870039370079
 21
-3.8754689763779528
 31
0
  0
LINE
  5
4FE
330
1F
100
AcDbEntity
  8
B.Cu
  6
CONTINUOUS
100
AcDbLine
 10
6.384870039370079
 20
-3.8754689763779528
 30
0
 11
6.3471261417322831
 21
-3.9132128740157479
 31
0
  0
LINE
  5
4FF
330
1F
100
AcDbEntity
  8
B.Cu
  6
CONTINUOUS
100
AcDbLine
 10
6.3471261417322831
 20
-3.9132128740157479
 30
0
 11
6.3471261417322831
 21
-3.9601927165354329
 31
0
  0
LINE
  5
500
330
1F
100
AcDbEntity
  8
B.Cu
  6
CONTINUOUS
100
AcDbLine
 10
6.3471261417322831
 20
-3.9601927165354329
 30
0
 11
6.3848469291338583
 21
-3.9979134251968502
 31
0
  0
LINE
  5
501
330
1F
100
AcDbEntity
  8
B.Cu
  6
CONTINUOUS
100
AcDbLine
 10
6.3848469291338583
 20
-3.9979134251968502
 30
0
 11
6.5444459448818897
 21
-3.9979134251968502
 31
0
  0
LINE
  5
502
330
1F
100
AcDbEntity
  8
B.Cu
  6
CONTINUOUS
100
AcDbLine
 10
6.5444459448818897
 20
-3.9979134251968502
 30
0
 11
6.5456010629921257
 21
-3.9959126771653541
 31
0
  0
LINE
  5
503
330
1F
100
AcDbEntity
  8
B.Cu
  6
CONTINUOUS
100
AcDbLine
 10
6.5456010629921257
 20
-3.9959126771653541
 30
0
 11
6.5477238976377947
 21
-3.9937898425196852
 31
0
  0
LINE
  5
504
330
1F
100
AcDbEntity
  8
B.Cu
  6
CONTINUOUS
100
AcDbLine
 10
6.5477238976377947
 20
-3.9937898425196852
 30
0
 11
6.5503237795275586
 21
-3.9922888188976375
 31
0
  0
LINE
  5
505
330
1F
100
AcDbEntity
  8
B.Cu
  6
CONTINUOUS
100
AcDbLine
 10
6.5503237795275586
 20
-3.9922888188976375
 30
0
 11
6.5532235826771652
 21
-3.9915118110236221
 31
0
  0
LINE
  5
506
330
1F
100
AcDbEntity
  8
B.Cu
  6
CONTINUOUS
100
AcDbLine
 10
6.5532235826771652
 20
-3.9915118110236221
 30
0
 11
6.5562257086614171
 21
-3.9915118110236221
 31
0
  0
LINE
  5
507
330
1F
100
AcDbEntity
  8
B.Cu
  6
CONTINUOUS
100
AcDbLine
 10
6.5562257086614171
 20
-3.9915118110236221
 30
0
 11
6.5591255118110237
 21
-3.9922888188976375
 31
0
  0
LINE
  5
508
330
1F
100
AcDbEntity
  8
B.Cu
  6
CONTINUOUS
100
AcDbLine
 10
6.5591255118110237
 20
-3.9922888188976375
 30
0
 11
6.5617253937007876
 21
-3.9937898425196852
 31
0
  0
LINE
  5
509
330
1F
100
AcDbEntity
  8
B.Cu
  6
CONTINUOUS
100
AcDbLine
 10
6.5617253937007876
 20
-3.9937898425196852
 30
0
 11
6.5638482283464565
 21
-3.9959126771653541
 31
0
  0
LINE
  5
50A
330
1F
100
AcDbEntity
  8
B.Cu
  6
CONTINUOUS
100
AcDbLine
 10
6.5638482283464565
 20
-3.9959126771653541
 30
0
 11
6.5653492519685042
 21
-3.998512559055118
 31
0
  0
LINE
  5
50B
330
1F
100
AcDbEntity
  8
B.Cu
  6
CONTINUOUS
100
AcDbLine
 10
6.5653492519685042
 20
-3.998512559055118
 30
0
 11
6.5661262598425196
 21
-4.0014123622047242
 31
0
  0
LINE
  5
50C
330
1F
100
AcDbEntity
  8
B.Cu
  6
CONTINUOUS
100
AcDbLine
 10
6.5661262598425196
 20
-4.0014123622047242
 30
0
 11
6.5661262598425196
 21
-4.0044144881889761
 31
0
  0
LINE
  5
50D
330
1F
100
AcDbEntity
  8
B.Cu
  6
CONTINUOUS
100
AcDbLine
 10
6.5661262598425196
 20
-4.0044144881889761
 30
0
 11
6.5653492519685042
 21
-4.0073142913385826
 31
0
  0
LINE
  5
50E
330
1F
100
AcDbEntity
  8
B.Cu
  6
CONTINUOUS
100
AcDbLine
 10
6.5653492519685042
 20
-4.0073142913385826
 30
0
 11
6.5638482283464565
 21
-4.0099141732283465
 31
0
  0
LINE
  5
50F
330
1F
100
AcDbEntity
  8
B.Cu
  6
CONTINUOUS
100
AcDbLine
 10
6.5638482283464565
 20
-4.0099141732283465
 30
0
 11
6.5617253937007876
 21
-4.0120370078740155
 31
0
  0
LINE
  5
510
330
1F
100
AcDbEntity
  8
B.Cu
  6
CONTINUOUS
100
AcDbLine
 10
6.5617253937007876
 20
-4.0120370078740155
 30
0
 11
6.5591255118110237
 21
-4.0135380314960631
 31
0
  0
LINE
  5
511
330
1F
100
AcDbEntity
  8
B.Cu
  6
CONTINUOUS
100
AcDbLine
 10
6.5591255118110237
 20
-4.0135380314960631
 30
0
 11
6.5562257086614171
 21
-4.0143150393700786
 31
0
  0
LINE
  5
512
330
1F
100
AcDbEntity
  8
B.Cu
  6
CONTINUOUS
100
AcDbLine
 10
6.5562257086614171
 20
-4.0143150393700786
 30
0
 11
6.5532235826771652
 21
-4.0143150393700786
 31
0
  0
LINE
  5
513
330
1F
100
AcDbEntity
  8
B.Cu
  6
CONTINUOUS
100
AcDbLine
 10
6.5532235826771652
 20
-4.0143150393700786
 30
0
 11
6.5503237795275586
 21
-4.0135380314960631
 31
0
  0
LINE
  5
514
330
1F
100
AcDbEntity
  8
B.Cu
  6
CONTINUOUS
100
AcDbLine
 10
6.5503237795275586
 20
-4.0135380314960631
 30
0
 11
6.5477238976377947
 21
-4.0120370078740155
 31
0
  0
LINE
  5
515
330
1F
100
AcDbEntity
  8
B.Cu
  6
CONTINUOUS
100
AcDbLine
 10
6.5477238976377947
 20
-4.0120370078740155
 30
0
 11
6.5456010629921257
 21
-4.0099141732283465
 31
0
  0
LINE
  5
516
330
1F
100
AcDbEntity
  8
B.Cu
  6
CONTINUOUS
100
AcDbLine
 10
6.5456010629921257
 20
-4.0099141732283465
 30
0
 11
6.5444459448818897
 21
-4.0079134251968505
 31
0
  0
LINE
  5
517
330
1F
100
AcDbEntity
  8
B.Cu
  6
CONTINUOUS
100
AcDbLine
 10
6.5444459448818897
 20
-4.0079134251968505
 30
0
 11
6.3827758661417322
 21
-4.0079134251968505
 31
0
  0
LINE
  5
518
330
1F
100
AcDbEntity
  8
B.Cu
  6
CONTINUOUS
100
AcDbLine
 10
6.3827758661417322
 20
-4.0079134251968505
 30
0
 11
6.3818004330708664
 21
-4.0078173622047242
 31
0
  0
LINE
  5
519
330
1F
100
AcDbEntity
  8
B.Cu
  6
CONTINUOUS
100
AcDbLine
 10
6.3818004330708664
 20
-4.0078173622047242
 30
0
 11
6.3818003937007877
 21
-4.0078173622047242
 31
0
  0
LINE
  5
51A
330
1F
100
AcDbEntity
  8
B.Cu
  6
CONTINUOUS
100
AcDbLine
 10
6.3818003937007877
 20
-4.0078173622047242
 30
0
 11
6.3799979921259844
 21
-4.0070707874015747
 31
0
  0
LINE
  5
51B
330
1F
100
AcDbEntity
  8
B.Cu
  6
CONTINUOUS
100
AcDbLine
 10
6.3799979921259844
 20
-4.0070707874015747
 30
0
 11
6.3792403543307081
 21
-4.0064489763779525
 31
0
  0
LINE
  5
51C
330
1F
100
AcDbEntity
  8
B.Cu
  6
CONTINUOUS
100
AcDbLine
 10
6.3792403543307081
 20
-4.0064489763779525
 30
0
 11
6.33859062992126
 21
-3.9657993700787402
 31
0
  0
LINE
  5
51D
330
1F
100
AcDbEntity
  8
B.Cu
  6
CONTINUOUS
100
AcDbLine
 10
6.33859062992126
 20
-3.9657993700787402
 30
0
 11
6.3379688188976377
 21
-3.9650416929133856
 31
0
  0
LINE
  5
51E
330
1F
100
AcDbEntity
  8
B.Cu
  6
CONTINUOUS
100
AcDbLine
 10
6.3379688188976377
 20
-3.9650416929133856
 30
0
 11
6.337968779527559
 21
-3.9650416535433068
 31
0
  0
LINE
  5
51F
330
1F
100
AcDbEntity
  8
B.Cu
  6
CONTINUOUS
100
AcDbLine
 10
6.337968779527559
 20
-3.9650416535433068
 30
0
 11
6.3373920866141731
 21
-3.9636494094488186
 31
0
  0
LINE
  5
520
330
1F
100
AcDbEntity
  8
B.Cu
  6
CONTINUOUS
100
AcDbLine
 10
6.3373920866141731
 20
-3.9636494094488186
 30
0
 11
6.3372222047244096
 21
-3.9632392913385828
 31
0
  0
LINE
  5
521
330
1F
100
AcDbEntity
  8
B.Cu
  6
CONTINUOUS
100
AcDbLine
 10
6.3372222047244096
 20
-3.9632392913385828
 30
0
 11
6.3372222047244096
 21
-3.963239251968504
 31
0
  0
LINE
  5
522
330
1F
100
AcDbEntity
  8
B.Cu
  6
CONTINUOUS
100
AcDbLine
 10
6.3372222047244096
 20
-3.963239251968504
 30
0
 11
6.3371261417322833
 21
-3.9622638188976378
 31
0
  0
LINE
  5
523
330
1F
100
AcDbEntity
  8
B.Cu
  6
CONTINUOUS
100
AcDbLine
 10
6.3371261417322833
 20
-3.9622638188976378
 30
0
 11
6.337126181102362
 21
-3.911141771653543
 31
0
  0
LINE
  5
524
330
1F
100
AcDbEntity
  8
B.Cu
  6
CONTINUOUS
100
AcDbLine
 10
6.337126181102362
 20
-3.911141771653543
 30
0
 11
6.3372222440944883
 21
-3.9101663385826773
 31
0
  0
LINE
  5
525
330
1F
100
AcDbEntity
  8
B.Cu
  6
CONTINUOUS
100
AcDbLine
 10
6.3372222440944883
 20
-3.9101663385826773
 30
0
 11
6.3373984645669292
 21
-3.9097409448818898
 31
0
  0
LINE
  5
526
330
1F
100
AcDbEntity
  8
B.Cu
  6
CONTINUOUS
100
AcDbLine
 10
6.3373984645669292
 20
-3.9097409448818898
 30
0
 11
6.3378756692913383
 21
-3.9085888188976377
 31
0
  0
LINE
  5
527
330
1F
100
AcDbEntity
  8
B.Cu
  6
CONTINUOUS
100
AcDbLine
 10
6.3378756692913383
 20
-3.9085888188976377
 30
0
 11
6.3379688188976377
 21
-3.908363937007874
 31
0
  0
LINE
  5
528
330
1F
100
AcDbEntity
  8
B.Cu
  6
CONTINUOUS
100
AcDbLine
 10
6.3379688188976377
 20
-3.908363937007874
 30
0
 11
6.3379688582677165
 21
-3.9083638976377952
 31
0
  0
LINE
  5
529
330
1F
100
AcDbEntity
  8
B.Cu
  6
CONTINUOUS
100
AcDbLine
 10
6.3379688582677165
 20
-3.9083638976377952
 30
0
 11
6.33859062992126
 21
-3.9076062204724407
 31
0
  0
LINE
  5
52A
330
1F
100
AcDbEntity
  8
B.Cu
  6
CONTINUOUS
100
AcDbLine
 10
6.33859062992126
 20
-3.9076062204724407
 30
0
 11
6.3777989370078743
 21
-3.8683978740157481
 31
0
  0
LINE
  5
52B
330
1F
100
AcDbEntity
  8
B.Cu
  6
CONTINUOUS
100
AcDbLine
 10
6.3777989370078743
 20
-3.8683978740157481
 30
0
 11
6.3772010236220469
 21
-3.866166377952756
 31
0
  0
LINE
  5
52C
330
1F
100
AcDbEntity
  8
B.Cu
  6
CONTINUOUS
100
AcDbLine
 10
6.3772010236220469
 20
-3.866166377952756
 30
0
 11
6.3772010236220469
 21
-3.8631642519685037
 31
0
  0
LINE
  5
52D
330
1F
100
AcDbEntity
  8
B.Cu
  6
CONTINUOUS
100
AcDbLine
 10
6.3772010236220469
 20
-3.8631642519685037
 30
0
 11
6.3779780314960632
 21
-3.8602644488188975
 31
0
  0
LINE
  5
52E
330
1F
100
AcDbEntity
  8
B.Cu
  6
CONTINUOUS
100
AcDbLine
 10
6.3779780314960632
 20
-3.8602644488188975
 30
0
 11
6.37947905511811
 21
-3.8576645669291336
 31
0
  0
LINE
  5
52F
330
1F
100
AcDbEntity
  8
B.Cu
  6
CONTINUOUS
100
AcDbLine
 10
6.37947905511811
 20
-3.8576645669291336
 30
0
 11
6.381601889763779
 21
-3.8555417322834646
 31
0
  0
LINE
  5
530
330
1F
100
AcDbEntity
  8
B.Cu
  6
CONTINUOUS
100
AcDbLine
 10
6.381601889763779
 20
-3.8555417322834646
 30
0
 11
6.3842017716535429
 21
-3.854040708661417
 31
0
  0
LINE
  5
531
330
1F
100
AcDbEntity
  8
B.Cu
  6
CONTINUOUS
100
AcDbLine
 10
6.3842017716535429
 20
-3.854040708661417
 30
0
 11
6.3871015748031494
 21
-3.8532637007874015
 31
0
  0
LINE
  5
532
330
1F
100
AcDbEntity
  8
B.Cu
  6
CONTINUOUS
100
AcDbLine
 10
6.3871015748031494
 20
-3.8532637007874015
 30
0
 11
6.3901037007874013
 21
-3.8532637007874015
 31
0
  0
LINE
  5
533
330
1F
100
AcDbEntity
  8
B.Cu
  6
CONTINUOUS
100
AcDbLine
 10
6.3901037007874013
 20
-3.8532637007874015
 30
0
 11
6.3930035039370079
 21
-3.854040708661417
 31
0
  0
LINE
  5
534
330
1F
100
AcDbEntity
  8
B.Cu
  6
CONTINUOUS
100
AcDbLine
 10
5.6869994881889765
 20
-3.9903399212598423
 30
0
 11
5.6895993700787404
 21
-3.9918409448818895
 31
0
  0
LINE
  5
535
330
1F
100
AcDbEntity
  8
B.Cu
  6
CONTINUOUS
100
AcDbLine
 10
5.6895993700787404
 20
-3.9918409448818895
 30
0
 11
5.6917222047244094
 21
-3.9939637795275589
 31
0
  0
LINE
  5
536
330
1F
100
AcDbEntity
  8
B.Cu
  6
CONTINUOUS
100
AcDbLine
 10
5.6917222047244094
 20
-3.9939637795275589
 30
0
 11
5.693223228346457
 21
-3.9965636614173228
 31
0
  0
LINE
  5
537
330
1F
100
AcDbEntity
  8
B.Cu
  6
CONTINUOUS
100
AcDbLine
 10
5.693223228346457
 20
-3.9965636614173228
 30
0
 11
5.6940002362204725
 21
-3.9994634645669289
 31
0
  0
LINE
  5
538
330
1F
100
AcDbEntity
  8
B.Cu
  6
CONTINUOUS
100
AcDbLine
 10
5.6940002362204725
 20
-3.9994634645669289
 30
0
 11
5.6940002362204725
 21
-4.0024655905511812
 31
0
  0
LINE
  5
539
330
1F
100
AcDbEntity
  8
B.Cu
  6
CONTINUOUS
100
AcDbLine
 10
5.6940002362204725
 20
-4.0024655905511812
 30
0
 11
5.693223228346457
 21
-4.0053653937007869
 31
0
  0
LINE
  5
53A
330
1F
100
AcDbEntity
  8
B.Cu
  6
CONTINUOUS
100
AcDbLine
 10
5.693223228346457
 20
-4.0053653937007869
 30
0
 11
5.6917222047244094
 21
-4.0079652755905508
 31
0
  0
LINE
  5
53B
330
1F
100
AcDbEntity
  8
B.Cu
  6
CONTINUOUS
100
AcDbLine
 10
5.6917222047244094
 20
-4.0079652755905508
 30
0
 11
5.6895993700787404
 21
-4.0100881102362207
 31
0
  0
LINE
  5
53C
330
1F
100
AcDbEntity
  8
B.Cu
  6
CONTINUOUS
100
AcDbLine
 10
5.6895993700787404
 20
-4.0100881102362207
 30
0
 11
5.6869994881889765
 21
-4.0115891338582674
 31
0
  0
LINE
  5
53D
330
1F
100
AcDbEntity
  8
B.Cu
  6
CONTINUOUS
100
AcDbLine
 10
5.6869994881889765
 20
-4.0115891338582674
 30
0
 11
5.6840996850393699
 21
-4.0123661417322838
 31
0
  0
LINE
  5
53E
330
1F
100
AcDbEntity
  8
B.Cu
  6
CONTINUOUS
100
AcDbLine
 10
5.6840996850393699
 20
-4.0123661417322838
 30
0
 11
5.681097559055118
 21
-4.0123661417322838
 31
0
  0
LINE
  5
53F
330
1F
100
AcDbEntity
  8
B.Cu
  6
CONTINUOUS
100
AcDbLine
 10
5.681097559055118
 20
-4.0123661417322838
 30
0
 11
5.6781977559055115
 21
-4.0115891338582674
 31
0
  0
LINE
  5
540
330
1F
100
AcDbEntity
  8
B.Cu
  6
CONTINUOUS
100
AcDbLine
 10
5.6781977559055115
 20
-4.0115891338582674
 30
0
 11
5.6755978740157476
 21
-4.0100881102362207
 31
0
  0
LINE
  5
541
330
1F
100
AcDbEntity
  8
B.Cu
  6
CONTINUOUS
100
AcDbLine
 10
5.6755978740157476
 20
-4.0100881102362207
 30
0
 11
5.6734750393700786
 21
-4.0079652755905508
 31
0
  0
LINE
  5
542
330
1F
100
AcDbEntity
  8
B.Cu
  6
CONTINUOUS
100
AcDbLine
 10
5.6734750393700786
 20
-4.0079652755905508
 30
0
 11
5.671974015748031
 21
-4.0053653937007869
 31
0
  0
LINE
  5
543
330
1F
100
AcDbEntity
  8
B.Cu
  6
CONTINUOUS
100
AcDbLine
 10
5.671974015748031
 20
-4.0053653937007869
 30
0
 11
5.6711970078740155
 21
-4.0024655905511812
 31
0
  0
LINE
  5
544
330
1F
100
AcDbEntity
  8
B.Cu
  6
CONTINUOUS
100
AcDbLine
 10
5.6711970078740155
 20
-4.0024655905511812
 30
0
 11
5.6711970078740155
 21
-3.9994634645669289
 31
0
  0
LINE
  5
545
330
1F
100
AcDbEntity
  8
B.Cu
  6
CONTINUOUS
100
AcDbLine
 10
5.6711970078740155
 20
-3.9994634645669289
 30
0
 11
5.671974015748031
 21
-3.9965636614173228
 31
0
  0
LINE
  5
546
330
1F
100
AcDbEntity
  8
B.Cu
  6
CONTINUOUS
100
AcDbLine
 10
5.671974015748031
 20
-3.9965636614173228
 30
0
 11
5.6734750393700786
 21
-3.9939637795275589
 31
0
  0
LINE
  5
547
330
1F
100
AcDbEntity
  8
B.Cu
  6
CONTINUOUS
100
AcDbLine
 10
5.6734750393700786
 20
-3.9939637795275589
 30
0
 11
5.6755978740157476
 21
-3.9918409448818895
 31
0
  0
LINE
  5
548
330
1F
100
AcDbEntity
  8
B.Cu
  6
CONTINUOUS
100
AcDbLine
 10
5.6755978740157476
 20
-3.9918409448818895
 30
0
 11
5.6781977559055115
 21
-3.9903399212598423
 31
0
  0
LINE
  5
549
330
1F
100
AcDbEntity
  8
B.Cu
  6
CONTINUOUS
100
AcDbLine
 10
5.6781977559055115
 20
-3.9903399212598423
 30
0
 11
5.681097559055118
 21
-3.9895629133858268
 31
0
  0
LINE
  5
54A
330
1F
100
AcDbEntity
  8
B.Cu
  6
CONTINUOUS
100
AcDbLine
 10
5.681097559055118
 20
-3.9895629133858268
 30
0
 11
5.6840996850393699
 21
-3.9895629133858268
 31
0
  0
LINE
  5
54B
330
1F
100
AcDbEntity
  8
B.Cu
  6
CONTINUOUS
100
AcDbLine
 10
5.6840996850393699
 20
-3.9895629133858268
 30
0
 11
5.6869994881889765
 21
-3.9903399212598423
 31
0
  0
LINE
  5
54C
330
1F
100
AcDbEntity
  8
B.Cu
  6
CONTINUOUS
100
AcDbLine
 10
5.4106618110236218
 20
-3.9730053543307084
 30
0
 11
5.4133320078740157
 21
-3.9745470078740155
 31
0
  0
LINE
  5
54D
330
1F
100
AcDbEntity
  8
B.Cu
  6
CONTINUOUS
100
AcDbLine
 10
5.4133320078740157
 20
-3.9745470078740155
 30
0
 11
5.4155122440944883
 21
-3.9767272440944881
 31
0
  0
LINE
  5
54E
330
1F
100
AcDbEntity
  8
B.Cu
  6
CONTINUOUS
100
AcDbLine
 10
5.4155122440944883
 20
-3.9767272440944881
 30
0
 11
5.4170538976377953
 21
-3.979397440944882
 31
0
  0
LINE
  5
54F
330
1F
100
AcDbEntity
  8
B.Cu
  6
CONTINUOUS
100
AcDbLine
 10
5.4170538976377953
 20
-3.979397440944882
 30
0
 11
5.4178518897637797
 21
-3.9823756692913386
 31
0
  0
LINE
  5
550
330
1F
100
AcDbEntity
  8
B.Cu
  6
CONTINUOUS
100
AcDbLine
 10
5.4178518897637797
 20
-3.9823756692913386
 30
0
 11
5.4178518897637797
 21
-3.9854589763779527
 31
0
  0
LINE
  5
551
330
1F
100
AcDbEntity
  8
B.Cu
  6
CONTINUOUS
100
AcDbLine
 10
5.4178518897637797
 20
-3.9854589763779527
 30
0
 11
5.4170538976377953
 21
-3.9884372047244092
 31
0
  0
LINE
  5
552
330
1F
100
AcDbEntity
  8
B.Cu
  6
CONTINUOUS
100
AcDbLine
 10
5.4170538976377953
 20
-3.9884372047244092
 30
0
 11
5.4155122440944883
 21
-3.9911074015748031
 31
0
  0
LINE
  5
553
330
1F
100
AcDbEntity
  8
B.Cu
  6
CONTINUOUS
100
AcDbLine
 10
5.4155122440944883
 20
-3.9911074015748031
 30
0
 11
5.4133320078740157
 21
-3.9932876377952753
 31
0
  0
LINE
  5
554
330
1F
100
AcDbEntity
  8
B.Cu
  6
CONTINUOUS
100
AcDbLine
 10
5.4133320078740157
 20
-3.9932876377952753
 30
0
 11
5.4106618110236218
 21
-3.9948292913385828
 31
0
  0
LINE
  5
555
330
1F
100
AcDbEntity
  8
B.Cu
  6
CONTINUOUS
100
AcDbLine
 10
5.4106618110236218
 20
-3.9948292913385828
 30
0
 11
5.4076835826771656
 21
-3.9956272834645667
 31
0
  0
LINE
  5
556
330
1F
100
AcDbEntity
  8
B.Cu
  6
CONTINUOUS
100
AcDbLine
 10
5.4076835826771656
 20
-3.9956272834645667
 30
0
 11
5.4046002755905507
 21
-3.9956272834645667
 31
0
  0
LINE
  5
557
330
1F
100
AcDbEntity
  8
B.Cu
  6
CONTINUOUS
100
AcDbLine
 10
5.4046002755905507
 20
-3.9956272834645667
 30
0
 11
5.4016220472440946
 21
-3.9948292913385828
 31
0
  0
LINE
  5
558
330
1F
100
AcDbEntity
  8
B.Cu
  6
CONTINUOUS
100
AcDbLine
 10
5.4016220472440946
 20
-3.9948292913385828
 30
0
 11
5.3989518503937006
 21
-3.9932876377952753
 31
0
  0
LINE
  5
559
330
1F
100
AcDbEntity
  8
B.Cu
  6
CONTINUOUS
100
AcDbLine
 10
5.3989518503937006
 20
-3.9932876377952753
 30
0
 11
5.396771614173228
 21
-3.9911074015748031
 31
0
  0
LINE
  5
55A
330
1F
100
AcDbEntity
  8
B.Cu
  6
CONTINUOUS
100
AcDbLine
 10
5.396771614173228
 20
-3.9911074015748031
 30
0
 11
5.395229960629921
 21
-3.9884372047244092
 31
0
  0
LINE
  5
55B
330
1F
100
AcDbEntity
  8
B.Cu
  6
CONTINUOUS
100
AcDbLine
 10
5.395229960629921
 20
-3.9884372047244092
 30
0
 11
5.3944319685039366
 21
-3.9854589763779527
 31
0
  0
LINE
  5
55C
330
1F
100
AcDbEntity
  8
B.Cu
  6
CONTINUOUS
100
AcDbLine
 10
5.3944319685039366
 20
-3.9854589763779527
 30
0
 11
5.3944319685039366
 21
-3.9823756692913386
 31
0
  0
LINE
  5
55D
330
1F
100
AcDbEntity
  8
B.Cu
  6
CONTINUOUS
100
AcDbLine
 10
5.3944319685039366
 20
-3.9823756692913386
 30
0
 11
5.395229960629921
 21
-3.979397440944882
 31
0
  0
LINE
  5
55E
330
1F
100
AcDbEntity
  8
B.Cu
  6
CONTINUOUS
100
AcDbLine
 10
5.395229960629921
 20
-3.979397440944882
 30
0
 11
5.396771614173228
 21
-3.9767272440944881
 31
0
  0
LINE
  5
55F
330
1F
100
AcDbEntity
  8
B.Cu
  6
CONTINUOUS
100
AcDbLine
 10
5.396771614173228
 20
-3.9767272440944881
 30
0
 11
5.3989518503937006
 21
-3.9745470078740155
 31
0
  0
LINE
  5
560
330
1F
100
AcDbEntity
  8
B.Cu
  6
CONTINUOUS
100
AcDbLine
 10
5.3989518503937006
 20
-3.9745470078740155
 30
0
 11
5.4016220472440946
 21
-3.9730053543307084
 31
0
  0
LINE
  5
561
330
1F
100
AcDbEntity
  8
B.Cu
  6
CONTINUOUS
100
AcDbLine
 10
5.4016220472440946
 20
-3.9730053543307084
 30
0
 11
5.4046002755905507
 21
-3.9722073622047245
 31
0
  0
LINE
  5
562
330
1F
100
AcDbEntity
  8
B.Cu
  6
CONTINUOUS
100
AcDbLine
 10
5.4046002755905507
 20
-3.9722073622047245
 30
0
 11
5.4076835826771656
 21
-3.9722073622047245
 31
0
  0
LINE
  5
563
330
1F
100
AcDbEntity
  8
B.Cu
  6
CONTINUOUS
100
AcDbLine
 10
5.4076835826771656
 20
-3.9722073622047245
 30
0
 11
5.4106618110236218
 21
-3.9730053543307084
 31
0
  0
LINE
  5
564
330
1F
100
AcDbEntity
  8
B.Cu
  6
CONTINUOUS
100
AcDbLine
 10
7.1208844881889766
 20
-3.9689887795275589
 30
0
 11
7.1234843700787396
 21
-3.9704898031496061
 31
0
  0
LINE
  5
565
330
1F
100
AcDbEntity
  8
B.Cu
  6
CONTINUOUS
100
AcDbLine
 10
7.1234843700787396
 20
-3.9704898031496061
 30
0
 11
7.1256072047244094
 21
-3.9726126377952755
 31
0
  0
LINE
  5
566
330
1F
100
AcDbEntity
  8
B.Cu
  6
CONTINUOUS
100
AcDbLine
 10
7.1256072047244094
 20
-3.9726126377952755
 30
0
 11
7.1271082283464562
 21
-3.9752125196850394
 31
0
  0
LINE
  5
567
330
1F
100
AcDbEntity
  8
B.Cu
  6
CONTINUOUS
100
AcDbLine
 10
7.1271082283464562
 20
-3.9752125196850394
 30
0
 11
7.1278852362204725
 21
-3.9781123228346456
 31
0
  0
LINE
  5
568
330
1F
100
AcDbEntity
  8
B.Cu
  6
CONTINUOUS
100
AcDbLine
 10
7.1278852362204725
 20
-3.9781123228346456
 30
0
 11
7.1278852362204725
 21
-3.9811144488188974
 31
0
  0
LINE
  5
569
330
1F
100
AcDbEntity
  8
B.Cu
  6
CONTINUOUS
100
AcDbLine
 10
7.1278852362204725
 20
-3.9811144488188974
 30
0
 11
7.1271082283464562
 21
-3.984014251968504
 31
0
  0
LINE
  5
56A
330
1F
100
AcDbEntity
  8
B.Cu
  6
CONTINUOUS
100
AcDbLine
 10
7.1271082283464562
 20
-3.984014251968504
 30
0
 11
7.1256072047244094
 21
-3.9866141338582675
 31
0
  0
LINE
  5
56B
330
1F
100
AcDbEntity
  8
B.Cu
  6
CONTINUOUS
100
AcDbLine
 10
7.1256072047244094
 20
-3.9866141338582675
 30
0
 11
7.1234843700787396
 21
-3.9887369685039369
 31
0
  0
LINE
  5
56C
330
1F
100
AcDbEntity
  8
B.Cu
  6
CONTINUOUS
100
AcDbLine
 10
7.1234843700787396
 20
-3.9887369685039369
 30
0
 11
7.1208844881889766
 21
-3.9902379921259841
 31
0
  0
LINE
  5
56D
330
1F
100
AcDbEntity
  8
B.Cu
  6
CONTINUOUS
100
AcDbLine
 10
7.1208844881889766
 20
-3.9902379921259841
 30
0
 11
7.11798468503937
 21
-3.991015
 31
0
  0
LINE
  5
56E
330
1F
100
AcDbEntity
  8
B.Cu
  6
CONTINUOUS
100
AcDbLine
 10
7.11798468503937
 20
-3.991015
 30
0
 11
7.1149825590551181
 21
-3.991015
 31
0
  0
LINE
  5
56F
330
1F
100
AcDbEntity
  8
B.Cu
  6
CONTINUOUS
100
AcDbLine
 10
7.1149825590551181
 20
-3.991015
 30
0
 11
7.1120827559055115
 21
-3.9902379921259841
 31
0
  0
LINE
  5
570
330
1F
100
AcDbEntity
  8
B.Cu
  6
CONTINUOUS
100
AcDbLine
 10
7.1120827559055115
 20
-3.9902379921259841
 30
0
 11
7.1094828740157476
 21
-3.9887369685039369
 31
0
  0
LINE
  5
571
330
1F
100
AcDbEntity
  8
B.Cu
  6
CONTINUOUS
100
AcDbLine
 10
7.1094828740157476
 20
-3.9887369685039369
 30
0
 11
7.1073600393700787
 21
-3.9866141338582675
 31
0
  0
LINE
  5
572
330
1F
100
AcDbEntity
  8
B.Cu
  6
CONTINUOUS
100
AcDbLine
 10
7.1073600393700787
 20
-3.9866141338582675
 30
0
 11
7.105859015748031
 21
-3.984014251968504
 31
0
  0
LINE
  5
573
330
1F
100
AcDbEntity
  8
B.Cu
  6
CONTINUOUS
100
AcDbLine
 10
7.105859015748031
 20
-3.984014251968504
 30
0
 11
7.1050820078740156
 21
-3.9811144488188974
 31
0
  0
LINE
  5
574
330
1F
100
AcDbEntity
  8
B.Cu
  6
CONTINUOUS
100
AcDbLine
 10
7.1050820078740156
 20
-3.9811144488188974
 30
0
 11
7.1050820078740156
 21
-3.9781123228346456
 31
0
  0
LINE
  5
575
330
1F
100
AcDbEntity
  8
B.Cu
  6
CONTINUOUS
100
AcDbLine
 10
7.1050820078740156
 20
-3.9781123228346456
 30
0
 11
7.105859015748031
 21
-3.9752125196850394
 31
0
  0
LINE
  5
576
330
1F
100
AcDbEntity
  8
B.Cu
  6
CONTINUOUS
100
AcDbLine
 10
7.105859015748031
 20
-3.9752125196850394
 30
0
 11
7.1073600393700787
 21
-3.9726126377952755
 31
0
  0
LINE
  5
577
330
1F
100
AcDbEntity
  8
B.Cu
  6
CONTINUOUS
100
AcDbLine
 10
7.1073600393700787
 20
-3.9726126377952755
 30
0
 11
7.1094828740157476
 21
-3.9704898031496061
 31
0
  0
LINE
  5
578
330
1F
100
AcDbEntity
  8
B.Cu
  6
CONTINUOUS
100
AcDbLine
 10
7.1094828740157476
 20
-3.9704898031496061
 30
0
 11
7.1120827559055115
 21
-3.9689887795275589
 31
0
  0
LINE
  5
579
330
1F
100
AcDbEntity
  8
B.Cu
  6
CONTINUOUS
100
AcDbLine
 10
7.1120827559055115
 20
-3.9689887795275589
 30
0
 11
7.1149825590551181
 21
-3.968211771653543
 31
0
  0
LINE
  5
57A
330
1F
100
AcDbEntity
  8
B.Cu
  6
CONTINUOUS
100
AcDbLine
 10
7.1149825590551181
 20
-3.968211771653543
 30
0
 11
7.11798468503937
 21
-3.968211771653543
 31
0
  0
LINE
  5
57B
330
1F
100
AcDbEntity
  8
B.Cu
  6
CONTINUOUS
100
AcDbLine
 10
7.11798468503937
 20
-3.968211771653543
 30
0
 11
7.1208844881889766
 21
-3.9689887795275589
 31
0
  0
LINE
  5
57C
330
1F
100
AcDbEntity
  8
B.Cu
  6
CONTINUOUS
100
AcDbLine
 10
7.1523805905511812
 20
-3.9689887795275589
 30
0
 11
7.1549804724409451
 21
-3.9704898031496061
 31
0
  0
LINE
  5
57D
330
1F
100
AcDbEntity
  8
B.Cu
  6
CONTINUOUS
100
AcDbLine
 10
7.1549804724409451
 20
-3.9704898031496061
 30
0
 11
7.1571033070866141
 21
-3.9726126377952755
 31
0
  0
LINE
  5
57E
330
1F
100
AcDbEntity
  8
B.Cu
  6
CONTINUOUS
100
AcDbLine
 10
7.1571033070866141
 20
-3.9726126377952755
 30
0
 11
7.1586043307086609
 21
-3.9752125196850394
 31
0
  0
LINE
  5
57F
330
1F
100
AcDbEntity
  8
B.Cu
  6
CONTINUOUS
100
AcDbLine
 10
7.1586043307086609
 20
-3.9752125196850394
 30
0
 11
7.1593813385826772
 21
-3.9781123228346456
 31
0
  0
LINE
  5
580
330
1F
100
AcDbEntity
  8
B.Cu
  6
CONTINUOUS
100
AcDbLine
 10
7.1593813385826772
 20
-3.9781123228346456
 30
0
 11
7.1593813385826772
 21
-3.9811144488188974
 31
0
  0
LINE
  5
581
330
1F
100
AcDbEntity
  8
B.Cu
  6
CONTINUOUS
100
AcDbLine
 10
7.1593813385826772
 20
-3.9811144488188974
 30
0
 11
7.1586043307086609
 21
-3.984014251968504
 31
0
  0
LINE
  5
582
330
1F
100
AcDbEntity
  8
B.Cu
  6
CONTINUOUS
100
AcDbLine
 10
7.1586043307086609
 20
-3.984014251968504
 30
0
 11
7.1571033070866141
 21
-3.9866141338582675
 31
0
  0
LINE
  5
583
330
1F
100
AcDbEntity
  8
B.Cu
  6
CONTINUOUS
100
AcDbLine
 10
7.1571033070866141
 20
-3.9866141338582675
 30
0
 11
7.1549804724409451
 21
-3.9887369685039369
 31
0
  0
LINE
  5
584
330
1F
100
AcDbEntity
  8
B.Cu
  6
CONTINUOUS
100
AcDbLine
 10
7.1549804724409451
 20
-3.9887369685039369
 30
0
 11
7.1523805905511812
 21
-3.9902379921259841
 31
0
  0
LINE
  5
585
330
1F
100
AcDbEntity
  8
B.Cu
  6
CONTINUOUS
100
AcDbLine
 10
7.1523805905511812
 20
-3.9902379921259841
 30
0
 11
7.1494807874015747
 21
-3.991015
 31
0
  0
LINE
  5
586
330
1F
100
AcDbEntity
  8
B.Cu
  6
CONTINUOUS
100
AcDbLine
 10
7.1494807874015747
 20
-3.991015
 30
0
 11
7.1464786614173228
 21
-3.991015
 31
0
  0
LINE
  5
587
330
1F
100
AcDbEntity
  8
B.Cu
  6
CONTINUOUS
100
AcDbLine
 10
7.1464786614173228
 20
-3.991015
 30
0
 11
7.1435788582677162
 21
-3.9902379921259841
 31
0
  0
LINE
  5
588
330
1F
100
AcDbEntity
  8
B.Cu
  6
CONTINUOUS
100
AcDbLine
 10
7.1435788582677162
 20
-3.9902379921259841
 30
0
 11
7.1409789763779523
 21
-3.9887369685039369
 31
0
  0
LINE
  5
589
330
1F
100
AcDbEntity
  8
B.Cu
  6
CONTINUOUS
100
AcDbLine
 10
7.1409789763779523
 20
-3.9887369685039369
 30
0
 11
7.1388561417322833
 21
-3.9866141338582675
 31
0
  0
LINE
  5
58A
330
1F
100
AcDbEntity
  8
B.Cu
  6
CONTINUOUS
100
AcDbLine
 10
7.1388561417322833
 20
-3.9866141338582675
 30
0
 11
7.1373551181102357
 21
-3.984014251968504
 31
0
  0
LINE
  5
58B
330
1F
100
AcDbEntity
  8
B.Cu
  6
CONTINUOUS
100
AcDbLine
 10
7.1373551181102357
 20
-3.984014251968504
 30
0
 11
7.1365781102362202
 21
-3.9811144488188974
 31
0
  0
LINE
  5
58C
330
1F
100
AcDbEntity
  8
B.Cu
  6
CONTINUOUS
100
AcDbLine
 10
7.1365781102362202
 20
-3.9811144488188974
 30
0
 11
7.1365781102362202
 21
-3.9781123228346456
 31
0
  0
LINE
  5
58D
330
1F
100
AcDbEntity
  8
B.Cu
  6
CONTINUOUS
100
AcDbLine
 10
7.1365781102362202
 20
-3.9781123228346456
 30
0
 11
7.1373551181102357
 21
-3.9752125196850394
 31
0
  0
LINE
  5
58E
330
1F
100
AcDbEntity
  8
B.Cu
  6
CONTINUOUS
100
AcDbLine
 10
7.1373551181102357
 20
-3.9752125196850394
 30
0
 11
7.1388561417322833
 21
-3.9726126377952755
 31
0
  0
LINE
  5
58F
330
1F
100
AcDbEntity
  8
B.Cu
  6
CONTINUOUS
100
AcDbLine
 10
7.1388561417322833
 20
-3.9726126377952755
 30
0
 11
7.1409789763779523
 21
-3.9704898031496061
 31
0
  0
LINE
  5
590
330
1F
100
AcDbEntity
  8
B.Cu
  6
CONTINUOUS
100
AcDbLine
 10
7.1409789763779523
 20
-3.9704898031496061
 30
0
 11
7.1435788582677162
 21
-3.9689887795275589
 31
0
  0
LINE
  5
591
330
1F
100
AcDbEntity
  8
B.Cu
  6
CONTINUOUS
100
AcDbLine
 10
7.1435788582677162
 20
-3.9689887795275589
 30
0
 11
7.1464786614173228
 21
-3.968211771653543
 31
0
  0
LINE
  5
592
330
1F
100
AcDbEntity
  8
B.Cu
  6
CONTINUOUS
100
AcDbLine
 10
7.1464786614173228
 20
-3.968211771653543
 30
0
 11
7.1494807874015747
 21
-3.968211771653543
 31
0
  0
LINE
  5
593
330
1F
100
AcDbEntity
  8
B.Cu
  6
CONTINUOUS
100
AcDbLine
 10
7.1494807874015747
 20
-3.968211771653543
 30
0
 11
7.1523805905511812
 21
-3.9689887795275589
 31
0
  0
LINE
  5
594
330
1F
100
AcDbEntity
  8
B.Cu
  6
CONTINUOUS
100
AcDbLine
 10
7.1838766141732284
 20
-3.9689887795275589
 30
0
 11
7.1864764960629923
 21
-3.9704898031496061
 31
0
  0
LINE
  5
595
330
1F
100
AcDbEntity
  8
B.Cu
  6
CONTINUOUS
100
AcDbLine
 10
7.1864764960629923
 20
-3.9704898031496061
 30
0
 11
7.1885993307086613
 21
-3.9726126377952755
 31
0
  0
LINE
  5
596
330
1F
100
AcDbEntity
  8
B.Cu
  6
CONTINUOUS
100
AcDbLine
 10
7.1885993307086613
 20
-3.9726126377952755
 30
0
 11
7.1901003543307089
 21
-3.9752125196850394
 31
0
  0
LINE
  5
597
330
1F
100
AcDbEntity
  8
B.Cu
  6
CONTINUOUS
100
AcDbLine
 10
7.1901003543307089
 20
-3.9752125196850394
 30
0
 11
7.1908773622047244
 21
-3.9781123228346456
 31
0
  0
LINE
  5
598
330
1F
100
AcDbEntity
  8
B.Cu
  6
CONTINUOUS
100
AcDbLine
 10
7.1908773622047244
 20
-3.9781123228346456
 30
0
 11
7.1908773622047244
 21
-3.9811144488188974
 31
0
  0
LINE
  5
599
330
1F
100
AcDbEntity
  8
B.Cu
  6
CONTINUOUS
100
AcDbLine
 10
7.1908773622047244
 20
-3.9811144488188974
 30
0
 11
7.1901003543307089
 21
-3.984014251968504
 31
0
  0
LINE
  5
59A
330
1F
100
AcDbEntity
  8
B.Cu
  6
CONTINUOUS
100
AcDbLine
 10
7.1901003543307089
 20
-3.984014251968504
 30
0
 11
7.1885993307086613
 21
-3.9866141338582675
 31
0
  0
LINE
  5
59B
330
1F
100
AcDbEntity
  8
B.Cu
  6
CONTINUOUS
100
AcDbLine
 10
7.1885993307086613
 20
-3.9866141338582675
 30
0
 11
7.1864764960629923
 21
-3.9887369685039369
 31
0
  0
LINE
  5
59C
330
1F
100
AcDbEntity
  8
B.Cu
  6
CONTINUOUS
100
AcDbLine
 10
7.1864764960629923
 20
-3.9887369685039369
 30
0
 11
7.1838766141732284
 21
-3.9902379921259841
 31
0
  0
LINE
  5
59D
330
1F
100
AcDbEntity
  8
B.Cu
  6
CONTINUOUS
100
AcDbLine
 10
7.1838766141732284
 20
-3.9902379921259841
 30
0
 11
7.1809768110236218
 21
-3.991015
 31
0
  0
LINE
  5
59E
330
1F
100
AcDbEntity
  8
B.Cu
  6
CONTINUOUS
100
AcDbLine
 10
7.1809768110236218
 20
-3.991015
 30
0
 11
7.17797468503937
 21
-3.991015
 31
0
  0
LINE
  5
59F
330
1F
100
AcDbEntity
  8
B.Cu
  6
CONTINUOUS
100
AcDbLine
 10
7.17797468503937
 20
-3.991015
 30
0
 11
7.1750748818897634
 21
-3.9902379921259841
 31
0
  0
LINE
  5
5A0
330
1F
100
AcDbEntity
  8
B.Cu
  6
CONTINUOUS
100
AcDbLine
 10
7.1750748818897634
 20
-3.9902379921259841
 30
0
 11
7.1724749999999995
 21
-3.9887369685039369
 31
0
  0
LINE
  5
5A1
330
1F
100
AcDbEntity
  8
B.Cu
  6
CONTINUOUS
100
AcDbLine
 10
7.1724749999999995
 20
-3.9887369685039369
 30
0
 11
7.1703521653543305
 21
-3.9866141338582675
 31
0
  0
LINE
  5
5A2
330
1F
100
AcDbEntity
  8
B.Cu
  6
CONTINUOUS
100
AcDbLine
 10
7.1703521653543305
 20
-3.9866141338582675
 30
0
 11
7.1688511417322829
 21
-3.984014251968504
 31
0
  0
LINE
  5
5A3
330
1F
100
AcDbEntity
  8
B.Cu
  6
CONTINUOUS
100
AcDbLine
 10
7.1688511417322829
 20
-3.984014251968504
 30
0
 11
7.1680741338582674
 21
-3.9811144488188974
 31
0
  0
LINE
  5
5A4
330
1F
100
AcDbEntity
  8
B.Cu
  6
CONTINUOUS
100
AcDbLine
 10
7.1680741338582674
 20
-3.9811144488188974
 30
0
 11
7.1680741338582674
 21
-3.9781123228346456
 31
0
  0
LINE
  5
5A5
330
1F
100
AcDbEntity
  8
B.Cu
  6
CONTINUOUS
100
AcDbLine
 10
7.1680741338582674
 20
-3.9781123228346456
 30
0
 11
7.1688511417322829
 21
-3.9752125196850394
 31
0
  0
LINE
  5
5A6
330
1F
100
AcDbEntity
  8
B.Cu
  6
CONTINUOUS
100
AcDbLine
 10
7.1688511417322829
 20
-3.9752125196850394
 30
0
 11
7.1703521653543305
 21
-3.9726126377952755
 31
0
  0
LINE
  5
5A7
330
1F
100
AcDbEntity
  8
B.Cu
  6
CONTINUOUS
100
AcDbLine
 10
7.1703521653543305
 20
-3.9726126377952755
 30
0
 11
7.1724749999999995
 21
-3.9704898031496061
 31
0
  0
LINE
  5
5A8
330
1F
100
AcDbEntity
  8
B.Cu
  6
CONTINUOUS
100
AcDbLine
 10
7.1724749999999995
 20
-3.9704898031496061
 30
0
 11
7.1750748818897634
 21
-3.9689887795275589
 31
0
  0
LINE
  5
5A9
330
1F
100
AcDbEntity
  8
B.Cu
  6
CONTINUOUS
100
AcDbLine
 10
7.1750748818897634
 20
-3.9689887795275589
 30
0
 11
7.17797468503937
 21
-3.968211771653543
 31
0
  0
LINE
  5
5AA
330
1F
100
AcDbEntity
  8
B.Cu
  6
CONTINUOUS
100
AcDbLine
 10
7.17797468503937
 20
-3.968211771653543
 30
0
 11
7.1809768110236218
 21
-3.968211771653543
 31
0
  0
LINE
  5
5AB
330
1F
100
AcDbEntity
  8
B.Cu
  6
CONTINUOUS
100
AcDbLine
 10
7.1809768110236218
 20
-3.968211771653543
 30
0
 11
7.1838766141732284
 21
-3.9689887795275589
 31
0
  0
LINE
  5
5AC
330
1F
100
AcDbEntity
  8
B.Cu
  6
CONTINUOUS
100
AcDbLine
 10
7.3324810629921258
 20
-3.9686409448818898
 30
0
 11
7.3350809448818897
 21
-3.970141968503937
 31
0
  0
LINE
  5
5AD
330
1F
100
AcDbEntity
  8
B.Cu
  6
CONTINUOUS
100
AcDbLine
 10
7.3350809448818897
 20
-3.970141968503937
 30
0
 11
7.3372037795275586
 21
-3.9722648031496064
 31
0
  0
LINE
  5
5AE
330
1F
100
AcDbEntity
  8
B.Cu
  6
CONTINUOUS
100
AcDbLine
 10
7.3372037795275586
 20
-3.9722648031496064
 30
0
 11
7.3387048031496063
 21
-3.9748646850393698
 31
0
  0
LINE
  5
5AF
330
1F
100
AcDbEntity
  8
B.Cu
  6
CONTINUOUS
100
AcDbLine
 10
7.3387048031496063
 20
-3.9748646850393698
 30
0
 11
7.3394818110236217
 21
-3.9777644881889764
 31
0
  0
LINE
  5
5B0
330
1F
100
AcDbEntity
  8
B.Cu
  6
CONTINUOUS
100
AcDbLine
 10
7.3394818110236217
 20
-3.9777644881889764
 30
0
 11
7.3394818110236217
 21
-3.9807666141732283
 31
0
  0
LINE
  5
5B1
330
1F
100
AcDbEntity
  8
B.Cu
  6
CONTINUOUS
100
AcDbLine
 10
7.3394818110236217
 20
-3.9807666141732283
 30
0
 11
7.3387048031496063
 21
-3.9836664173228344
 31
0
  0
LINE
  5
5B2
330
1F
100
AcDbEntity
  8
B.Cu
  6
CONTINUOUS
100
AcDbLine
 10
7.3387048031496063
 20
-3.9836664173228344
 30
0
 11
7.3372037795275586
 21
-3.9862662992125983
 31
0
  0
LINE
  5
5B3
330
1F
100
AcDbEntity
  8
B.Cu
  6
CONTINUOUS
100
AcDbLine
 10
7.3372037795275586
 20
-3.9862662992125983
 30
0
 11
7.3350809448818897
 21
-3.9883891338582678
 31
0
  0
LINE
  5
5B4
330
1F
100
AcDbEntity
  8
B.Cu
  6
CONTINUOUS
100
AcDbLine
 10
7.3350809448818897
 20
-3.9883891338582678
 30
0
 11
7.3324810629921258
 21
-3.9898901574803149
 31
0
  0
LINE
  5
5B5
330
1F
100
AcDbEntity
  8
B.Cu
  6
CONTINUOUS
100
AcDbLine
 10
7.3324810629921258
 20
-3.9898901574803149
 30
0
 11
7.3295812598425192
 21
-3.9906671653543304
 31
0
  0
LINE
  5
5B6
330
1F
100
AcDbEntity
  8
B.Cu
  6
CONTINUOUS
100
AcDbLine
 10
7.3295812598425192
 20
-3.9906671653543304
 30
0
 11
7.3265791338582673
 21
-3.9906671653543304
 31
0
  0
LINE
  5
5B7
330
1F
100
AcDbEntity
  8
B.Cu
  6
CONTINUOUS
100
AcDbLine
 10
7.3265791338582673
 20
-3.9906671653543304
 30
0
 11
7.3236793307086616
 21
-3.9898901574803149
 31
0
  0
LINE
  5
5B8
330
1F
100
AcDbEntity
  8
B.Cu
  6
CONTINUOUS
100
AcDbLine
 10
7.3236793307086616
 20
-3.9898901574803149
 30
0
 11
7.3210794488188977
 21
-3.9883891338582678
 31
0
  0
LINE
  5
5B9
330
1F
100
AcDbEntity
  8
B.Cu
  6
CONTINUOUS
100
AcDbLine
 10
7.3210794488188977
 20
-3.9883891338582678
 30
0
 11
7.3189566141732278
 21
-3.9862662992125983
 31
0
  0
LINE
  5
5BA
330
1F
100
AcDbEntity
  8
B.Cu
  6
CONTINUOUS
100
AcDbLine
 10
7.3189566141732278
 20
-3.9862662992125983
 30
0
 11
7.3174555905511811
 21
-3.9836664173228344
 31
0
  0
LINE
  5
5BB
330
1F
100
AcDbEntity
  8
B.Cu
  6
CONTINUOUS
100
AcDbLine
 10
7.3174555905511811
 20
-3.9836664173228344
 30
0
 11
7.3166785826771648
 21
-3.9807666141732283
 31
0
  0
LINE
  5
5BC
330
1F
100
AcDbEntity
  8
B.Cu
  6
CONTINUOUS
100
AcDbLine
 10
7.3166785826771648
 20
-3.9807666141732283
 30
0
 11
7.3166785826771648
 21
-3.9777644881889764
 31
0
  0
LINE
  5
5BD
330
1F
100
AcDbEntity
  8
B.Cu
  6
CONTINUOUS
100
AcDbLine
 10
7.3166785826771648
 20
-3.9777644881889764
 30
0
 11
7.3174555905511811
 21
-3.9748646850393698
 31
0
  0
LINE
  5
5BE
330
1F
100
AcDbEntity
  8
B.Cu
  6
CONTINUOUS
100
AcDbLine
 10
7.3174555905511811
 20
-3.9748646850393698
 30
0
 11
7.3189566141732278
 21
-3.9722648031496064
 31
0
  0
LINE
  5
5BF
330
1F
100
AcDbEntity
  8
B.Cu
  6
CONTINUOUS
100
AcDbLine
 10
7.3189566141732278
 20
-3.9722648031496064
 30
0
 11
7.3210794488188977
 21
-3.970141968503937
 31
0
  0
LINE
  5
5C0
330
1F
100
AcDbEntity
  8
B.Cu
  6
CONTINUOUS
100
AcDbLine
 10
7.3210794488188977
 20
-3.970141968503937
 30
0
 11
7.3236793307086616
 21
-3.9686409448818898
 31
0
  0
LINE
  5
5C1
330
1F
100
AcDbEntity
  8
B.Cu
  6
CONTINUOUS
100
AcDbLine
 10
7.3236793307086616
 20
-3.9686409448818898
 30
0
 11
7.3265791338582673
 21
-3.9678639370078739
 31
0
  0
LINE
  5
5C2
330
1F
100
AcDbEntity
  8
B.Cu
  6
CONTINUOUS
100
AcDbLine
 10
7.3265791338582673
 20
-3.9678639370078739
 30
0
 11
7.3295812598425192
 21
-3.9678639370078739
 31
0
  0
LINE
  5
5C3
330
1F
100
AcDbEntity
  8
B.Cu
  6
CONTINUOUS
100
AcDbLine
 10
7.3295812598425192
 20
-3.9678639370078739
 30
0
 11
7.3324810629921258
 21
-3.9686409448818898
 31
0
  0
LINE
  5
5C4
330
1F
100
AcDbEntity
  8
B.Cu
  6
CONTINUOUS
100
AcDbLine
 10
7.3639771259842517
 20
-3.9686409448818898
 30
0
 11
7.3665770078740156
 21
-3.970141968503937
 31
0
  0
LINE
  5
5C5
330
1F
100
AcDbEntity
  8
B.Cu
  6
CONTINUOUS
100
AcDbLine
 10
7.3665770078740156
 20
-3.970141968503937
 30
0
 11
7.3686998425196846
 21
-3.9722648031496064
 31
0
  0
LINE
  5
5C6
330
1F
100
AcDbEntity
  8
B.Cu
  6
CONTINUOUS
100
AcDbLine
 10
7.3686998425196846
 20
-3.9722648031496064
 30
0
 11
7.3702008661417322
 21
-3.9748646850393698
 31
0
  0
LINE
  5
5C7
330
1F
100
AcDbEntity
  8
B.Cu
  6
CONTINUOUS
100
AcDbLine
 10
7.3702008661417322
 20
-3.9748646850393698
 30
0
 11
7.3709778740157477
 21
-3.9777644881889764
 31
0
  0
LINE
  5
5C8
330
1F
100
AcDbEntity
  8
B.Cu
  6
CONTINUOUS
100
AcDbLine
 10
7.3709778740157477
 20
-3.9777644881889764
 30
0
 11
7.3709778740157477
 21
-3.9807666141732283
 31
0
  0
LINE
  5
5C9
330
1F
100
AcDbEntity
  8
B.Cu
  6
CONTINUOUS
100
AcDbLine
 10
7.3709778740157477
 20
-3.9807666141732283
 30
0
 11
7.3702008661417322
 21
-3.9836664173228344
 31
0
  0
LINE
  5
5CA
330
1F
100
AcDbEntity
  8
B.Cu
  6
CONTINUOUS
100
AcDbLine
 10
7.3702008661417322
 20
-3.9836664173228344
 30
0
 11
7.3686998425196846
 21
-3.9862662992125983
 31
0
  0
LINE
  5
5CB
330
1F
100
AcDbEntity
  8
B.Cu
  6
CONTINUOUS
100
AcDbLine
 10
7.3686998425196846
 20
-3.9862662992125983
 30
0
 11
7.3665770078740156
 21
-3.9883891338582678
 31
0
  0
LINE
  5
5CC
330
1F
100
AcDbEntity
  8
B.Cu
  6
CONTINUOUS
100
AcDbLine
 10
7.3665770078740156
 20
-3.9883891338582678
 30
0
 11
7.3639771259842517
 21
-3.9898901574803149
 31
0
  0
LINE
  5
5CD
330
1F
100
AcDbEntity
  8
B.Cu
  6
CONTINUOUS
100
AcDbLine
 10
7.3639771259842517
 20
-3.9898901574803149
 30
0
 11
7.3610773228346451
 21
-3.9906671653543304
 31
0
  0
LINE
  5
5CE
330
1F
100
AcDbEntity
  8
B.Cu
  6
CONTINUOUS
100
AcDbLine
 10
7.3610773228346451
 20
-3.9906671653543304
 30
0
 11
7.3580751968503932
 21
-3.9906671653543304
 31
0
  0
LINE
  5
5CF
330
1F
100
AcDbEntity
  8
B.Cu
  6
CONTINUOUS
100
AcDbLine
 10
7.3580751968503932
 20
-3.9906671653543304
 30
0
 11
7.3551753937007875
 21
-3.9898901574803149
 31
0
  0
LINE
  5
5D0
330
1F
100
AcDbEntity
  8
B.Cu
  6
CONTINUOUS
100
AcDbLine
 10
7.3551753937007875
 20
-3.9898901574803149
 30
0
 11
7.3525755118110236
 21
-3.9883891338582678
 31
0
  0
LINE
  5
5D1
330
1F
100
AcDbEntity
  8
B.Cu
  6
CONTINUOUS
100
AcDbLine
 10
7.3525755118110236
 20
-3.9883891338582678
 30
0
 11
7.3504526771653538
 21
-3.9862662992125983
 31
0
  0
LINE
  5
5D2
330
1F
100
AcDbEntity
  8
B.Cu
  6
CONTINUOUS
100
AcDbLine
 10
7.3504526771653538
 20
-3.9862662992125983
 30
0
 11
7.348951653543307
 21
-3.9836664173228344
 31
0
  0
LINE
  5
5D3
330
1F
100
AcDbEntity
  8
B.Cu
  6
CONTINUOUS
100
AcDbLine
 10
7.348951653543307
 20
-3.9836664173228344
 30
0
 11
7.3481746456692916
 21
-3.9807666141732283
 31
0
  0
LINE
  5
5D4
330
1F
100
AcDbEntity
  8
B.Cu
  6
CONTINUOUS
100
AcDbLine
 10
7.3481746456692916
 20
-3.9807666141732283
 30
0
 11
7.3481746456692916
 21
-3.9777644881889764
 31
0
  0
LINE
  5
5D5
330
1F
100
AcDbEntity
  8
B.Cu
  6
CONTINUOUS
100
AcDbLine
 10
7.3481746456692916
 20
-3.9777644881889764
 30
0
 11
7.348951653543307
 21
-3.9748646850393698
 31
0
  0
LINE
  5
5D6
330
1F
100
AcDbEntity
  8
B.Cu
  6
CONTINUOUS
100
AcDbLine
 10
7.348951653543307
 20
-3.9748646850393698
 30
0
 11
7.3504526771653538
 21
-3.9722648031496064
 31
0
  0
LINE
  5
5D7
330
1F
100
AcDbEntity
  8
B.Cu
  6
CONTINUOUS
100
AcDbLine
 10
7.3504526771653538
 20
-3.9722648031496064
 30
0
 11
7.3525755118110236
 21
-3.970141968503937
 31
0
  0
LINE
  5
5D8
330
1F
100
AcDbEntity
  8
B.Cu
  6
CONTINUOUS
100
AcDbLine
 10
7.3525755118110236
 20
-3.970141968503937
 30
0
 11
7.3551753937007875
 21
-3.9686409448818898
 31
0
  0
LINE
  5
5D9
330
1F
100
AcDbEntity
  8
B.Cu
  6
CONTINUOUS
100
AcDbLine
 10
7.3551753937007875
 20
-3.9686409448818898
 30
0
 11
7.3580751968503932
 21
-3.9678639370078739
 31
0
  0
LINE
  5
5DA
330
1F
100
AcDbEntity
  8
B.Cu
  6
CONTINUOUS
100
AcDbLine
 10
7.3580751968503932
 20
-3.9678639370078739
 30
0
 11
7.3610773228346451
 21
-3.9678639370078739
 31
0
  0
LINE
  5
5DB
330
1F
100
AcDbEntity
  8
B.Cu
  6
CONTINUOUS
100
AcDbLine
 10
7.3610773228346451
 20
-3.9678639370078739
 30
0
 11
7.3639771259842517
 21
-3.9686409448818898
 31
0
  0
LINE
  5
5DC
330
1F
100
AcDbEntity
  8
B.Cu
  6
CONTINUOUS
100
AcDbLine
 10
7.3954731889763776
 20
-3.9686409448818898
 30
0
 11
7.3980730708661415
 21
-3.970141968503937
 31
0
  0
LINE
  5
5DD
330
1F
100
AcDbEntity
  8
B.Cu
  6
CONTINUOUS
100
AcDbLine
 10
7.3980730708661415
 20
-3.970141968503937
 30
0
 11
7.4001959055118105
 21
-3.9722648031496064
 31
0
  0
LINE
  5
5DE
330
1F
100
AcDbEntity
  8
B.Cu
  6
CONTINUOUS
100
AcDbLine
 10
7.4001959055118105
 20
-3.9722648031496064
 30
0
 11
7.4016969291338581
 21
-3.9748646850393698
 31
0
  0
LINE
  5
5DF
330
1F
100
AcDbEntity
  8
B.Cu
  6
CONTINUOUS
100
AcDbLine
 10
7.4016969291338581
 20
-3.9748646850393698
 30
0
 11
7.4024739370078736
 21
-3.9777644881889764
 31
0
  0
LINE
  5
5E0
330
1F
100
AcDbEntity
  8
B.Cu
  6
CONTINUOUS
100
AcDbLine
 10
7.4024739370078736
 20
-3.9777644881889764
 30
0
 11
7.4024739370078736
 21
-3.9807666141732283
 31
0
  0
LINE
  5
5E1
330
1F
100
AcDbEntity
  8
B.Cu
  6
CONTINUOUS
100
AcDbLine
 10
7.4024739370078736
 20
-3.9807666141732283
 30
0
 11
7.4016969291338581
 21
-3.9836664173228344
 31
0
  0
LINE
  5
5E2
330
1F
100
AcDbEntity
  8
B.Cu
  6
CONTINUOUS
100
AcDbLine
 10
7.4016969291338581
 20
-3.9836664173228344
 30
0
 11
7.4001959055118105
 21
-3.9862662992125983
 31
0
  0
LINE
  5
5E3
330
1F
100
AcDbEntity
  8
B.Cu
  6
CONTINUOUS
100
AcDbLine
 10
7.4001959055118105
 20
-3.9862662992125983
 30
0
 11
7.3980730708661415
 21
-3.9883891338582678
 31
0
  0
LINE
  5
5E4
330
1F
100
AcDbEntity
  8
B.Cu
  6
CONTINUOUS
100
AcDbLine
 10
7.3980730708661415
 20
-3.9883891338582678
 30
0
 11
7.3954731889763776
 21
-3.9898901574803149
 31
0
  0
LINE
  5
5E5
330
1F
100
AcDbEntity
  8
B.Cu
  6
CONTINUOUS
100
AcDbLine
 10
7.3954731889763776
 20
-3.9898901574803149
 30
0
 11
7.3925733858267719
 21
-3.9906671653543304
 31
0
  0
LINE
  5
5E6
330
1F
100
AcDbEntity
  8
B.Cu
  6
CONTINUOUS
100
AcDbLine
 10
7.3925733858267719
 20
-3.9906671653543304
 30
0
 11
7.3895712598425192
 21
-3.9906671653543304
 31
0
  0
LINE
  5
5E7
330
1F
100
AcDbEntity
  8
B.Cu
  6
CONTINUOUS
100
AcDbLine
 10
7.3895712598425192
 20
-3.9906671653543304
 30
0
 11
7.3866714566929135
 21
-3.9898901574803149
 31
0
  0
LINE
  5
5E8
330
1F
100
AcDbEntity
  8
B.Cu
  6
CONTINUOUS
100
AcDbLine
 10
7.3866714566929135
 20
-3.9898901574803149
 30
0
 11
7.3840715748031496
 21
-3.9883891338582678
 31
0
  0
LINE
  5
5E9
330
1F
100
AcDbEntity
  8
B.Cu
  6
CONTINUOUS
100
AcDbLine
 10
7.3840715748031496
 20
-3.9883891338582678
 30
0
 11
7.3819487401574797
 21
-3.9862662992125983
 31
0
  0
LINE
  5
5EA
330
1F
100
AcDbEntity
  8
B.Cu
  6
CONTINUOUS
100
AcDbLine
 10
7.3819487401574797
 20
-3.9862662992125983
 30
0
 11
7.380447716535433
 21
-3.9836664173228344
 31
0
  0
LINE
  5
5EB
330
1F
100
AcDbEntity
  8
B.Cu
  6
CONTINUOUS
100
AcDbLine
 10
7.380447716535433
 20
-3.9836664173228344
 30
0
 11
7.3796707086614175
 21
-3.9807666141732283
 31
0
  0
LINE
  5
5EC
330
1F
100
AcDbEntity
  8
B.Cu
  6
CONTINUOUS
100
AcDbLine
 10
7.3796707086614175
 20
-3.9807666141732283
 30
0
 11
7.3796707086614175
 21
-3.9777644881889764
 31
0
  0
LINE
  5
5ED
330
1F
100
AcDbEntity
  8
B.Cu
  6
CONTINUOUS
100
AcDbLine
 10
7.3796707086614175
 20
-3.9777644881889764
 30
0
 11
7.380447716535433
 21
-3.9748646850393698
 31
0
  0
LINE
  5
5EE
330
1F
100
AcDbEntity
  8
B.Cu
  6
CONTINUOUS
100
AcDbLine
 10
7.380447716535433
 20
-3.9748646850393698
 30
0
 11
7.3819487401574797
 21
-3.9722648031496064
 31
0
  0
LINE
  5
5EF
330
1F
100
AcDbEntity
  8
B.Cu
  6
CONTINUOUS
100
AcDbLine
 10
7.3819487401574797
 20
-3.9722648031496064
 30
0
 11
7.3840715748031496
 21
-3.970141968503937
 31
0
  0
LINE
  5
5F0
330
1F
100
AcDbEntity
  8
B.Cu
  6
CONTINUOUS
100
AcDbLine
 10
7.3840715748031496
 20
-3.970141968503937
 30
0
 11
7.3866714566929135
 21
-3.9686409448818898
 31
0
  0
LINE
  5
5F1
330
1F
100
AcDbEntity
  8
B.Cu
  6
CONTINUOUS
100
AcDbLine
 10
7.3866714566929135
 20
-3.9686409448818898
 30
0
 11
7.3895712598425192
 21
-3.9678639370078739
 31
0
  0
LINE
  5
5F2
330
1F
100
AcDbEntity
  8
B.Cu
  6
CONTINUOUS
100
AcDbLine
 10
7.3895712598425192
 20
-3.9678639370078739
 30
0
 11
7.3925733858267719
 21
-3.9678639370078739
 31
0
  0
LINE
  5
5F3
330
1F
100
AcDbEntity
  8
B.Cu
  6
CONTINUOUS
100
AcDbLine
 10
7.3925733858267719
 20
-3.9678639370078739
 30
0
 11
7.3954731889763776
 21
-3.9686409448818898
 31
0
  0
LINE
  5
5F4
330
1F
100
AcDbEntity
  8
B.Cu
  6
CONTINUOUS
100
AcDbLine
 10
6.7873931889763774
 20
-3.9614816929133858
 30
0
 11
6.7899930708661413
 21
-3.962982716535433
 31
0
  0
LINE
  5
5F5
330
1F
100
AcDbEntity
  8
B.Cu
  6
CONTINUOUS
100
AcDbLine
 10
6.7899930708661413
 20
-3.962982716535433
 30
0
 11
6.7921159055118112
 21
-3.9651055511811024
 31
0
  0
LINE
  5
5F6
330
1F
100
AcDbEntity
  8
B.Cu
  6
CONTINUOUS
100
AcDbLine
 10
6.7921159055118112
 20
-3.9651055511811024
 30
0
 11
6.793616929133858
 21
-3.9677054330708659
 31
0
  0
LINE
  5
5F7
330
1F
100
AcDbEntity
  8
B.Cu
  6
CONTINUOUS
100
AcDbLine
 10
6.793616929133858
 20
-3.9677054330708659
 30
0
 11
6.7943939370078734
 21
-3.9706052362204725
 31
0
  0
LINE
  5
5F8
330
1F
100
AcDbEntity
  8
B.Cu
  6
CONTINUOUS
100
AcDbLine
 10
6.7943939370078734
 20
-3.9706052362204725
 30
0
 11
6.7943939370078734
 21
-3.9736073622047243
 31
0
  0
LINE
  5
5F9
330
1F
100
AcDbEntity
  8
B.Cu
  6
CONTINUOUS
100
AcDbLine
 10
6.7943939370078734
 20
-3.9736073622047243
 30
0
 11
6.793616929133858
 21
-3.9765071653543305
 31
0
  0
LINE
  5
5FA
330
1F
100
AcDbEntity
  8
B.Cu
  6
CONTINUOUS
100
AcDbLine
 10
6.793616929133858
 20
-3.9765071653543305
 30
0
 11
6.7921159055118112
 21
-3.9791070472440944
 31
0
  0
LINE
  5
5FB
330
1F
100
AcDbEntity
  8
B.Cu
  6
CONTINUOUS
100
AcDbLine
 10
6.7921159055118112
 20
-3.9791070472440944
 30
0
 11
6.7899930708661413
 21
-3.9812298818897638
 31
0
  0
LINE
  5
5FC
330
1F
100
AcDbEntity
  8
B.Cu
  6
CONTINUOUS
100
AcDbLine
 10
6.7899930708661413
 20
-3.9812298818897638
 30
0
 11
6.7873931889763774
 21
-3.982730905511811
 31
0
  0
LINE
  5
5FD
330
1F
100
AcDbEntity
  8
B.Cu
  6
CONTINUOUS
100
AcDbLine
 10
6.7873931889763774
 20
-3.982730905511811
 30
0
 11
6.7844933858267717
 21
-3.9835079133858269
 31
0
  0
LINE
  5
5FE
330
1F
100
AcDbEntity
  8
B.Cu
  6
CONTINUOUS
100
AcDbLine
 10
6.7844933858267717
 20
-3.9835079133858269
 30
0
 11
6.7814912598425199
 21
-3.9835079133858269
 31
0
  0
LINE
  5
5FF
330
1F
100
AcDbEntity
  8
B.Cu
  6
CONTINUOUS
100
AcDbLine
 10
6.7814912598425199
 20
-3.9835079133858269
 30
0
 11
6.7785914566929133
 21
-3.982730905511811
 31
0
  0
LINE
  5
600
330
1F
100
AcDbEntity
  8
B.Cu
  6
CONTINUOUS
100
AcDbLine
 10
6.7785914566929133
 20
-3.982730905511811
 30
0
 11
6.7759915748031494
 21
-3.9812298818897638
 31
0
  0
LINE
  5
601
330
1F
100
AcDbEntity
  8
B.Cu
  6
CONTINUOUS
100
AcDbLine
 10
6.7759915748031494
 20
-3.9812298818897638
 30
0
 11
6.7738687401574804
 21
-3.9791070472440944
 31
0
  0
LINE
  5
602
330
1F
100
AcDbEntity
  8
B.Cu
  6
CONTINUOUS
100
AcDbLine
 10
6.7738687401574804
 20
-3.9791070472440944
 30
0
 11
6.7723677165354328
 21
-3.9765071653543305
 31
0
  0
LINE
  5
603
330
1F
100
AcDbEntity
  8
B.Cu
  6
CONTINUOUS
100
AcDbLine
 10
6.7723677165354328
 20
-3.9765071653543305
 30
0
 11
6.7715907086614173
 21
-3.9736073622047243
 31
0
  0
LINE
  5
604
330
1F
100
AcDbEntity
  8
B.Cu
  6
CONTINUOUS
100
AcDbLine
 10
6.7715907086614173
 20
-3.9736073622047243
 30
0
 11
6.7715907086614173
 21
-3.9706052362204725
 31
0
  0
LINE
  5
605
330
1F
100
AcDbEntity
  8
B.Cu
  6
CONTINUOUS
100
AcDbLine
 10
6.7715907086614173
 20
-3.9706052362204725
 30
0
 11
6.7723677165354328
 21
-3.9677054330708659
 31
0
  0
LINE
  5
606
330
1F
100
AcDbEntity
  8
B.Cu
  6
CONTINUOUS
100
AcDbLine
 10
6.7723677165354328
 20
-3.9677054330708659
 30
0
 11
6.7738687401574804
 21
-3.9651055511811024
 31
0
  0
LINE
  5
607
330
1F
100
AcDbEntity
  8
B.Cu
  6
CONTINUOUS
100
AcDbLine
 10
6.7738687401574804
 20
-3.9651055511811024
 30
0
 11
6.7759915748031494
 21
-3.962982716535433
 31
0
  0
LINE
  5
608
330
1F
100
AcDbEntity
  8
B.Cu
  6
CONTINUOUS
100
AcDbLine
 10
6.7759915748031494
 20
-3.962982716535433
 30
0
 11
6.7785914566929133
 21
-3.9614816929133858
 31
0
  0
LINE
  5
609
330
1F
100
AcDbEntity
  8
B.Cu
  6
CONTINUOUS
100
AcDbLine
 10
6.7785914566929133
 20
-3.9614816929133858
 30
0
 11
6.7814912598425199
 21
-3.9607046850393699
 31
0
  0
LINE
  5
60A
330
1F
100
AcDbEntity
  8
B.Cu
  6
CONTINUOUS
100
AcDbLine
 10
6.7814912598425199
 20
-3.9607046850393699
 30
0
 11
6.7844933858267717
 21
-3.9607046850393699
 31
0
  0
LINE
  5
60B
330
1F
100
AcDbEntity
  8
B.Cu
  6
CONTINUOUS
100
AcDbLine
 10
6.7844933858267717
 20
-3.9607046850393699
 30
0
 11
6.7873931889763774
 21
-3.9614816929133858
 31
0
  0
LINE
  5
60C
330
1F
100
AcDbEntity
  8
B.Cu
  6
CONTINUOUS
100
AcDbLine
 10
6.4893616535433072
 20
-3.9608912204724409
 30
0
 11
6.4919615354330711
 21
-3.9623922440944881
 31
0
  0
LINE
  5
60D
330
1F
100
AcDbEntity
  8
B.Cu
  6
CONTINUOUS
100
AcDbLine
 10
6.4919615354330711
 20
-3.9623922440944881
 30
0
 11
6.4940843700787401
 21
-3.9645150787401575
 31
0
  0
LINE
  5
60E
330
1F
100
AcDbEntity
  8
B.Cu
  6
CONTINUOUS
100
AcDbLine
 10
6.4940843700787401
 20
-3.9645150787401575
 30
0
 11
6.4955853937007877
 21
-3.967114960629921
 31
0
  0
LINE
  5
60F
330
1F
100
AcDbEntity
  8
B.Cu
  6
CONTINUOUS
100
AcDbLine
 10
6.4955853937007877
 20
-3.967114960629921
 30
0
 11
6.4963624015748032
 21
-3.9700147637795276
 31
0
  0
LINE
  5
610
330
1F
100
AcDbEntity
  8
B.Cu
  6
CONTINUOUS
100
AcDbLine
 10
6.4963624015748032
 20
-3.9700147637795276
 30
0
 11
6.4963624015748032
 21
-3.9730168897637794
 31
0
  0
LINE
  5
611
330
1F
100
AcDbEntity
  8
B.Cu
  6
CONTINUOUS
100
AcDbLine
 10
6.4963624015748032
 20
-3.9730168897637794
 30
0
 11
6.4955853937007877
 21
-3.9759166929133856
 31
0
  0
LINE
  5
612
330
1F
100
AcDbEntity
  8
B.Cu
  6
CONTINUOUS
100
AcDbLine
 10
6.4955853937007877
 20
-3.9759166929133856
 30
0
 11
6.4940843700787401
 21
-3.9785165748031495
 31
0
  0
LINE
  5
613
330
1F
100
AcDbEntity
  8
B.Cu
  6
CONTINUOUS
100
AcDbLine
 10
6.4940843700787401
 20
-3.9785165748031495
 30
0
 11
6.4919615354330711
 21
-3.9806394094488189
 31
0
  0
LINE
  5
614
330
1F
100
AcDbEntity
  8
B.Cu
  6
CONTINUOUS
100
AcDbLine
 10
6.4919615354330711
 20
-3.9806394094488189
 30
0
 11
6.4893616535433072
 21
-3.9821404330708661
 31
0
  0
LINE
  5
615
330
1F
100
AcDbEntity
  8
B.Cu
  6
CONTINUOUS
100
AcDbLine
 10
6.4893616535433072
 20
-3.9821404330708661
 30
0
 11
6.4864618503937006
 21
-3.982917440944882
 31
0
  0
LINE
  5
616
330
1F
100
AcDbEntity
  8
B.Cu
  6
CONTINUOUS
100
AcDbLine
 10
6.4864618503937006
 20
-3.982917440944882
 30
0
 11
6.4834597244094487
 21
-3.982917440944882
 31
0
  0
LINE
  5
617
330
1F
100
AcDbEntity
  8
B.Cu
  6
CONTINUOUS
100
AcDbLine
 10
6.4834597244094487
 20
-3.982917440944882
 30
0
 11
6.4805599212598421
 21
-3.9821404330708661
 31
0
  0
LINE
  5
618
330
1F
100
AcDbEntity
  8
B.Cu
  6
CONTINUOUS
100
AcDbLine
 10
6.4805599212598421
 20
-3.9821404330708661
 30
0
 11
6.4779600393700782
 21
-3.9806394094488189
 31
0
  0
LINE
  5
619
330
1F
100
AcDbEntity
  8
B.Cu
  6
CONTINUOUS
100
AcDbLine
 10
6.4779600393700782
 20
-3.9806394094488189
 30
0
 11
6.4758372047244093
 21
-3.9785165748031495
 31
0
  0
LINE
  5
61A
330
1F
100
AcDbEntity
  8
B.Cu
  6
CONTINUOUS
100
AcDbLine
 10
6.4758372047244093
 20
-3.9785165748031495
 30
0
 11
6.4743361811023616
 21
-3.9759166929133856
 31
0
  0
LINE
  5
61B
330
1F
100
AcDbEntity
  8
B.Cu
  6
CONTINUOUS
100
AcDbLine
 10
6.4743361811023616
 20
-3.9759166929133856
 30
0
 11
6.4735591732283462
 21
-3.9730168897637794
 31
0
  0
LINE
  5
61C
330
1F
100
AcDbEntity
  8
B.Cu
  6
CONTINUOUS
100
AcDbLine
 10
6.4735591732283462
 20
-3.9730168897637794
 30
0
 11
6.4735591732283462
 21
-3.9700147637795276
 31
0
  0
LINE
  5
61D
330
1F
100
AcDbEntity
  8
B.Cu
  6
CONTINUOUS
100
AcDbLine
 10
6.4735591732283462
 20
-3.9700147637795276
 30
0
 11
6.4743361811023616
 21
-3.967114960629921
 31
0
  0
LINE
  5
61E
330
1F
100
AcDbEntity
  8
B.Cu
  6
CONTINUOUS
100
AcDbLine
 10
6.4743361811023616
 20
-3.967114960629921
 30
0
 11
6.4758372047244093
 21
-3.9645150787401575
 31
0
  0
LINE
  5
61F
330
1F
100
AcDbEntity
  8
B.Cu
  6
CONTINUOUS
100
AcDbLine
 10
6.4758372047244093
 20
-3.9645150787401575
 30
0
 11
6.4779600393700782
 21
-3.9623922440944881
 31
0
  0
LINE
  5
620
330
1F
100
AcDbEntity
  8
B.Cu
  6
CONTINUOUS
100
AcDbLine
 10
6.4779600393700782
 20
-3.9623922440944881
 30
0
 11
6.4805599212598421
 21
-3.9608912204724409
 31
0
  0
LINE
  5
621
330
1F
100
AcDbEntity
  8
B.Cu
  6
CONTINUOUS
100
AcDbLine
 10
6.4805599212598421
 20
-3.9608912204724409
 30
0
 11
6.4834597244094487
 21
-3.960114212598425
 31
0
  0
LINE
  5
622
330
1F
100
AcDbEntity
  8
B.Cu
  6
CONTINUOUS
100
AcDbLine
 10
6.4834597244094487
 20
-3.960114212598425
 30
0
 11
6.4864618503937006
 21
-3.960114212598425
 31
0
  0
LINE
  5
623
330
1F
100
AcDbEntity
  8
B.Cu
  6
CONTINUOUS
100
AcDbLine
 10
6.4864618503937006
 20
-3.960114212598425
 30
0
 11
6.4893616535433072
 21
-3.9608912204724409
 31
0
  0
LINE
  5
624
330
1F
100
AcDbEntity
  8
B.Cu
  6
CONTINUOUS
100
AcDbLine
 10
6.74802311023622
 20
-3.9595132283464567
 30
0
 11
6.7506229921259839
 21
-3.9610142519685039
 31
0
  0
LINE
  5
625
330
1F
100
AcDbEntity
  8
B.Cu
  6
CONTINUOUS
100
AcDbLine
 10
6.7506229921259839
 20
-3.9610142519685039
 30
0
 11
6.7527458267716538
 21
-3.9631370866141733
 31
0
  0
LINE
  5
626
330
1F
100
AcDbEntity
  8
B.Cu
  6
CONTINUOUS
100
AcDbLine
 10
6.7527458267716538
 20
-3.9631370866141733
 30
0
 11
6.7542468503937005
 21
-3.9657369685039368
 31
0
  0
LINE
  5
627
330
1F
100
AcDbEntity
  8
B.Cu
  6
CONTINUOUS
100
AcDbLine
 10
6.7542468503937005
 20
-3.9657369685039368
 30
0
 11
6.755023858267716
 21
-3.9686367716535433
 31
0
  0
LINE
  5
628
330
1F
100
AcDbEntity
  8
B.Cu
  6
CONTINUOUS
100
AcDbLine
 10
6.755023858267716
 20
-3.9686367716535433
 30
0
 11
6.755023858267716
 21
-3.9716388976377952
 31
0
  0
LINE
  5
629
330
1F
100
AcDbEntity
  8
B.Cu
  6
CONTINUOUS
100
AcDbLine
 10
6.755023858267716
 20
-3.9716388976377952
 30
0
 11
6.7542468503937005
 21
-3.9745387007874013
 31
0
  0
LINE
  5
62A
330
1F
100
AcDbEntity
  8
B.Cu
  6
CONTINUOUS
100
AcDbLine
 10
6.7542468503937005
 20
-3.9745387007874013
 30
0
 11
6.7527458267716538
 21
-3.9771385826771652
 31
0
  0
LINE
  5
62B
330
1F
100
AcDbEntity
  8
B.Cu
  6
CONTINUOUS
100
AcDbLine
 10
6.7527458267716538
 20
-3.9771385826771652
 30
0
 11
6.7506229921259839
 21
-3.9792614173228347
 31
0
  0
LINE
  5
62C
330
1F
100
AcDbEntity
  8
B.Cu
  6
CONTINUOUS
100
AcDbLine
 10
6.7506229921259839
 20
-3.9792614173228347
 30
0
 11
6.74802311023622
 21
-3.9807624409448819
 31
0
  0
LINE
  5
62D
330
1F
100
AcDbEntity
  8
B.Cu
  6
CONTINUOUS
100
AcDbLine
 10
6.74802311023622
 20
-3.9807624409448819
 30
0
 11
6.7451233070866143
 21
-3.9815394488188978
 31
0
  0
LINE
  5
62E
330
1F
100
AcDbEntity
  8
B.Cu
  6
CONTINUOUS
100
AcDbLine
 10
6.7451233070866143
 20
-3.9815394488188978
 30
0
 11
6.7421211811023625
 21
-3.9815394488188978
 31
0
  0
LINE
  5
62F
330
1F
100
AcDbEntity
  8
B.Cu
  6
CONTINUOUS
100
AcDbLine
 10
6.7421211811023625
 20
-3.9815394488188978
 30
0
 11
6.7392213779527559
 21
-3.9807624409448819
 31
0
  0
LINE
  5
630
330
1F
100
AcDbEntity
  8
B.Cu
  6
CONTINUOUS
100
AcDbLine
 10
6.7392213779527559
 20
-3.9807624409448819
 30
0
 11
6.736621496062992
 21
-3.9792614173228347
 31
0
  0
LINE
  5
631
330
1F
100
AcDbEntity
  8
B.Cu
  6
CONTINUOUS
100
AcDbLine
 10
6.736621496062992
 20
-3.9792614173228347
 30
0
 11
6.734498661417323
 21
-3.9771385826771652
 31
0
  0
LINE
  5
632
330
1F
100
AcDbEntity
  8
B.Cu
  6
CONTINUOUS
100
AcDbLine
 10
6.734498661417323
 20
-3.9771385826771652
 30
0
 11
6.7329976377952754
 21
-3.9745387007874013
 31
0
  0
LINE
  5
633
330
1F
100
AcDbEntity
  8
B.Cu
  6
CONTINUOUS
100
AcDbLine
 10
6.7329976377952754
 20
-3.9745387007874013
 30
0
 11
6.7322206299212599
 21
-3.9716388976377952
 31
0
  0
LINE
  5
634
330
1F
100
AcDbEntity
  8
B.Cu
  6
CONTINUOUS
100
AcDbLine
 10
6.7322206299212599
 20
-3.9716388976377952
 30
0
 11
6.7322206299212599
 21
-3.9686367716535433
 31
0
  0
LINE
  5
635
330
1F
100
AcDbEntity
  8
B.Cu
  6
CONTINUOUS
100
AcDbLine
 10
6.7322206299212599
 20
-3.9686367716535433
 30
0
 11
6.7329976377952754
 21
-3.9657369685039368
 31
0
  0
LINE
  5
636
330
1F
100
AcDbEntity
  8
B.Cu
  6
CONTINUOUS
100
AcDbLine
 10
6.7329976377952754
 20
-3.9657369685039368
 30
0
 11
6.734498661417323
 21
-3.9631370866141733
 31
0
  0
LINE
  5
637
330
1F
100
AcDbEntity
  8
B.Cu
  6
CONTINUOUS
100
AcDbLine
 10
6.734498661417323
 20
-3.9631370866141733
 30
0
 11
6.736621496062992
 21
-3.9610142519685039
 31
0
  0
LINE
  5
638
330
1F
100
AcDbEntity
  8
B.Cu
  6
CONTINUOUS
100
AcDbLine
 10
6.736621496062992
 20
-3.9610142519685039
 30
0
 11
6.7392213779527559
 21
-3.9595132283464567
 31
0
  0
LINE
  5
639
330
1F
100
AcDbEntity
  8
B.Cu
  6
CONTINUOUS
100
AcDbLine
 10
6.7392213779527559
 20
-3.9595132283464567
 30
0
 11
6.7421211811023625
 21
-3.9587362204724408
 31
0
  0
LINE
  5
63A
330
1F
100
AcDbEntity
  8
B.Cu
  6
CONTINUOUS
100
AcDbLine
 10
6.7421211811023625
 20
-3.9587362204724408
 30
0
 11
6.7451233070866143
 21
-3.9587362204724408
 31
0
  0
LINE
  5
63B
330
1F
100
AcDbEntity
  8
B.Cu
  6
CONTINUOUS
100
AcDbLine
 10
6.7451233070866143
 20
-3.9587362204724408
 30
0
 11
6.74802311023622
 21
-3.9595132283464567
 31
0
  0
LINE
  5
63C
330
1F
100
AcDbEntity
  8
B.Cu
  6
CONTINUOUS
100
AcDbLine
 10
6.8818813779527561
 20
-3.9595132283464567
 30
0
 11
6.8844812598425191
 21
-3.9610142519685039
 31
0
  0
LINE
  5
63D
330
1F
100
AcDbEntity
  8
B.Cu
  6
CONTINUOUS
100
AcDbLine
 10
6.8844812598425191
 20
-3.9610142519685039
 30
0
 11
6.886604094488189
 21
-3.9631370866141733
 31
0
  0
LINE
  5
63E
330
1F
100
AcDbEntity
  8
B.Cu
  6
CONTINUOUS
100
AcDbLine
 10
6.886604094488189
 20
-3.9631370866141733
 30
0
 11
6.8881051181102357
 21
-3.9657369685039368
 31
0
  0
LINE
  5
63F
330
1F
100
AcDbEntity
  8
B.Cu
  6
CONTINUOUS
100
AcDbLine
 10
6.8881051181102357
 20
-3.9657369685039368
 30
0
 11
6.8888821259842521
 21
-3.9686367716535433
 31
0
  0
LINE
  5
640
330
1F
100
AcDbEntity
  8
B.Cu
  6
CONTINUOUS
100
AcDbLine
 10
6.8888821259842521
 20
-3.9686367716535433
 30
0
 11
6.8888821259842521
 21
-3.9716388976377952
 31
0
  0
LINE
  5
641
330
1F
100
AcDbEntity
  8
B.Cu
  6
CONTINUOUS
100
AcDbLine
 10
6.8888821259842521
 20
-3.9716388976377952
 30
0
 11
6.8881051181102357
 21
-3.9745387007874013
 31
0
  0
LINE
  5
642
330
1F
100
AcDbEntity
  8
B.Cu
  6
CONTINUOUS
100
AcDbLine
 10
6.8881051181102357
 20
-3.9745387007874013
 30
0
 11
6.886604094488189
 21
-3.9771385826771652
 31
0
  0
LINE
  5
643
330
1F
100
AcDbEntity
  8
B.Cu
  6
CONTINUOUS
100
AcDbLine
 10
6.886604094488189
 20
-3.9771385826771652
 30
0
 11
6.8844812598425191
 21
-3.9792614173228347
 31
0
  0
LINE
  5
644
330
1F
100
AcDbEntity
  8
B.Cu
  6
CONTINUOUS
100
AcDbLine
 10
6.8844812598425191
 20
-3.9792614173228347
 30
0
 11
6.8818813779527561
 21
-3.9807624409448819
 31
0
  0
LINE
  5
645
330
1F
100
AcDbEntity
  8
B.Cu
  6
CONTINUOUS
100
AcDbLine
 10
6.8818813779527561
 20
-3.9807624409448819
 30
0
 11
6.8789815748031495
 21
-3.9815394488188978
 31
0
  0
LINE
  5
646
330
1F
100
AcDbEntity
  8
B.Cu
  6
CONTINUOUS
100
AcDbLine
 10
6.8789815748031495
 20
-3.9815394488188978
 30
0
 11
6.8759794488188977
 21
-3.9815394488188978
 31
0
  0
LINE
  5
647
330
1F
100
AcDbEntity
  8
B.Cu
  6
CONTINUOUS
100
AcDbLine
 10
6.8759794488188977
 20
-3.9815394488188978
 30
0
 11
6.8730796456692911
 21
-3.9807624409448819
 31
0
  0
LINE
  5
648
330
1F
100
AcDbEntity
  8
B.Cu
  6
CONTINUOUS
100
AcDbLine
 10
6.8730796456692911
 20
-3.9807624409448819
 30
0
 11
6.8704797637795272
 21
-3.9792614173228347
 31
0
  0
LINE
  5
649
330
1F
100
AcDbEntity
  8
B.Cu
  6
CONTINUOUS
100
AcDbLine
 10
6.8704797637795272
 20
-3.9792614173228347
 30
0
 11
6.8683569291338582
 21
-3.9771385826771652
 31
0
  0
LINE
  5
64A
330
1F
100
AcDbEntity
  8
B.Cu
  6
CONTINUOUS
100
AcDbLine
 10
6.8683569291338582
 20
-3.9771385826771652
 30
0
 11
6.8668559055118106
 21
-3.9745387007874013
 31
0
  0
LINE
  5
64B
330
1F
100
AcDbEntity
  8
B.Cu
  6
CONTINUOUS
100
AcDbLine
 10
6.8668559055118106
 20
-3.9745387007874013
 30
0
 11
6.8660788976377951
 21
-3.9716388976377952
 31
0
  0
LINE
  5
64C
330
1F
100
AcDbEntity
  8
B.Cu
  6
CONTINUOUS
100
AcDbLine
 10
6.8660788976377951
 20
-3.9716388976377952
 30
0
 11
6.8660788976377951
 21
-3.9686367716535433
 31
0
  0
LINE
  5
64D
330
1F
100
AcDbEntity
  8
B.Cu
  6
CONTINUOUS
100
AcDbLine
 10
6.8660788976377951
 20
-3.9686367716535433
 30
0
 11
6.8668559055118106
 21
-3.9657369685039368
 31
0
  0
LINE
  5
64E
330
1F
100
AcDbEntity
  8
B.Cu
  6
CONTINUOUS
100
AcDbLine
 10
6.8668559055118106
 20
-3.9657369685039368
 30
0
 11
6.8683569291338582
 21
-3.9631370866141733
 31
0
  0
LINE
  5
64F
330
1F
100
AcDbEntity
  8
B.Cu
  6
CONTINUOUS
100
AcDbLine
 10
6.8683569291338582
 20
-3.9631370866141733
 30
0
 11
6.8704797637795272
 21
-3.9610142519685039
 31
0
  0
LINE
  5
650
330
1F
100
AcDbEntity
  8
B.Cu
  6
CONTINUOUS
100
AcDbLine
 10
6.8704797637795272
 20
-3.9610142519685039
 30
0
 11
6.8730796456692911
 21
-3.9595132283464567
 31
0
  0
LINE
  5
651
330
1F
100
AcDbEntity
  8
B.Cu
  6
CONTINUOUS
100
AcDbLine
 10
6.8730796456692911
 20
-3.9595132283464567
 30
0
 11
6.8759794488188977
 21
-3.9587362204724408
 31
0
  0
LINE
  5
652
330
1F
100
AcDbEntity
  8
B.Cu
  6
CONTINUOUS
100
AcDbLine
 10
6.8759794488188977
 20
-3.9587362204724408
 30
0
 11
6.8789815748031495
 21
-3.9587362204724408
 31
0
  0
LINE
  5
653
330
1F
100
AcDbEntity
  8
B.Cu
  6
CONTINUOUS
100
AcDbLine
 10
6.8789815748031495
 20
-3.9587362204724408
 30
0
 11
6.8818813779527561
 21
-3.9595132283464567
 31
0
  0
LINE
  5
654
330
1F
100
AcDbEntity
  8
B.Cu
  6
CONTINUOUS
100
AcDbLine
 10
6.929125472440945
 20
-3.9595132283464567
 30
0
 11
6.9317253543307089
 21
-3.9610142519685039
 31
0
  0
LINE
  5
655
330
1F
100
AcDbEntity
  8
B.Cu
  6
CONTINUOUS
100
AcDbLine
 10
6.9317253543307089
 20
-3.9610142519685039
 30
0
 11
6.9338481889763779
 21
-3.9631370866141733
 31
0
  0
LINE
  5
656
330
1F
100
AcDbEntity
  8
B.Cu
  6
CONTINUOUS
100
AcDbLine
 10
6.9338481889763779
 20
-3.9631370866141733
 30
0
 11
6.9353492125984246
 21
-3.9657369685039368
 31
0
  0
LINE
  5
657
330
1F
100
AcDbEntity
  8
B.Cu
  6
CONTINUOUS
100
AcDbLine
 10
6.9353492125984246
 20
-3.9657369685039368
 30
0
 11
6.936126220472441
 21
-3.9686367716535433
 31
0
  0
LINE
  5
658
330
1F
100
AcDbEntity
  8
B.Cu
  6
CONTINUOUS
100
AcDbLine
 10
6.936126220472441
 20
-3.9686367716535433
 30
0
 11
6.936126220472441
 21
-3.9716388976377952
 31
0
  0
LINE
  5
659
330
1F
100
AcDbEntity
  8
B.Cu
  6
CONTINUOUS
100
AcDbLine
 10
6.936126220472441
 20
-3.9716388976377952
 30
0
 11
6.9353492125984246
 21
-3.9745387007874013
 31
0
  0
LINE
  5
65A
330
1F
100
AcDbEntity
  8
B.Cu
  6
CONTINUOUS
100
AcDbLine
 10
6.9353492125984246
 20
-3.9745387007874013
 30
0
 11
6.9338481889763779
 21
-3.9771385826771652
 31
0
  0
LINE
  5
65B
330
1F
100
AcDbEntity
  8
B.Cu
  6
CONTINUOUS
100
AcDbLine
 10
6.9338481889763779
 20
-3.9771385826771652
 30
0
 11
6.9317253543307089
 21
-3.9792614173228347
 31
0
  0
LINE
  5
65C
330
1F
100
AcDbEntity
  8
B.Cu
  6
CONTINUOUS
100
AcDbLine
 10
6.9317253543307089
 20
-3.9792614173228347
 30
0
 11
6.929125472440945
 21
-3.9807624409448819
 31
0
  0
LINE
  5
65D
330
1F
100
AcDbEntity
  8
B.Cu
  6
CONTINUOUS
100
AcDbLine
 10
6.929125472440945
 20
-3.9807624409448819
 30
0
 11
6.9262256692913384
 21
-3.9815394488188978
 31
0
  0
LINE
  5
65E
330
1F
100
AcDbEntity
  8
B.Cu
  6
CONTINUOUS
100
AcDbLine
 10
6.9262256692913384
 20
-3.9815394488188978
 30
0
 11
6.9232235433070866
 21
-3.9815394488188978
 31
0
  0
LINE
  5
65F
330
1F
100
AcDbEntity
  8
B.Cu
  6
CONTINUOUS
100
AcDbLine
 10
6.9232235433070866
 20
-3.9815394488188978
 30
0
 11
6.92032374015748
 21
-3.9807624409448819
 31
0
  0
LINE
  5
660
330
1F
100
AcDbEntity
  8
B.Cu
  6
CONTINUOUS
100
AcDbLine
 10
6.92032374015748
 20
-3.9807624409448819
 30
0
 11
6.9177238582677161
 21
-3.9792614173228347
 31
0
  0
LINE
  5
661
330
1F
100
AcDbEntity
  8
B.Cu
  6
CONTINUOUS
100
AcDbLine
 10
6.9177238582677161
 20
-3.9792614173228347
 30
0
 11
6.9156010236220471
 21
-3.9771385826771652
 31
0
  0
LINE
  5
662
330
1F
100
AcDbEntity
  8
B.Cu
  6
CONTINUOUS
100
AcDbLine
 10
6.9156010236220471
 20
-3.9771385826771652
 30
0
 11
6.9140999999999995
 21
-3.9745387007874013
 31
0
  0
LINE
  5
663
330
1F
100
AcDbEntity
  8
B.Cu
  6
CONTINUOUS
100
AcDbLine
 10
6.9140999999999995
 20
-3.9745387007874013
 30
0
 11
6.913322992125984
 21
-3.9716388976377952
 31
0
  0
LINE
  5
664
330
1F
100
AcDbEntity
  8
B.Cu
  6
CONTINUOUS
100
AcDbLine
 10
6.913322992125984
 20
-3.9716388976377952
 30
0
 11
6.913322992125984
 21
-3.9686367716535433
 31
0
  0
LINE
  5
665
330
1F
100
AcDbEntity
  8
B.Cu
  6
CONTINUOUS
100
AcDbLine
 10
6.913322992125984
 20
-3.9686367716535433
 30
0
 11
6.9140999999999995
 21
-3.9657369685039368
 31
0
  0
LINE
  5
666
330
1F
100
AcDbEntity
  8
B.Cu
  6
CONTINUOUS
100
AcDbLine
 10
6.9140999999999995
 20
-3.9657369685039368
 30
0
 11
6.9156010236220471
 21
-3.9631370866141733
 31
0
  0
LINE
  5
667
330
1F
100
AcDbEntity
  8
B.Cu
  6
CONTINUOUS
100
AcDbLine
 10
6.9156010236220471
 20
-3.9631370866141733
 30
0
 11
6.9177238582677161
 21
-3.9610142519685039
 31
0
  0
LINE
  5
668
330
1F
100
AcDbEntity
  8
B.Cu
  6
CONTINUOUS
100
AcDbLine
 10
6.9177238582677161
 20
-3.9610142519685039
 30
0
 11
6.92032374015748
 21
-3.9595132283464567
 31
0
  0
LINE
  5
669
330
1F
100
AcDbEntity
  8
B.Cu
  6
CONTINUOUS
100
AcDbLine
 10
6.92032374015748
 20
-3.9595132283464567
 30
0
 11
6.9232235433070866
 21
-3.9587362204724408
 31
0
  0
LINE
  5
66A
330
1F
100
AcDbEntity
  8
B.Cu
  6
CONTINUOUS
100
AcDbLine
 10
6.9232235433070866
 20
-3.9587362204724408
 30
0
 11
6.9262256692913384
 21
-3.9587362204724408
 31
0
  0
LINE
  5
66B
330
1F
100
AcDbEntity
  8
B.Cu
  6
CONTINUOUS
100
AcDbLine
 10
6.9262256692913384
 20
-3.9587362204724408
 30
0
 11
6.929125472440945
 21
-3.9595132283464567
 31
0
  0
LINE
  5
66C
330
1F
100
AcDbEntity
  8
B.Cu
  6
CONTINUOUS
100
AcDbLine
 10
6.6693617322834644
 20
-3.9595131889763779
 30
0
 11
6.6719616141732283
 21
-3.9610142125984251
 31
0
  0
LINE
  5
66D
330
1F
100
AcDbEntity
  8
B.Cu
  6
CONTINUOUS
100
AcDbLine
 10
6.6719616141732283
 20
-3.9610142125984251
 30
0
 11
6.6740844488188973
 21
-3.9631370472440945
 31
0
  0
LINE
  5
66E
330
1F
100
AcDbEntity
  8
B.Cu
  6
CONTINUOUS
100
AcDbLine
 10
6.6740844488188973
 20
-3.9631370472440945
 30
0
 11
6.6755854724409449
 21
-3.965736929133858
 31
0
  0
LINE
  5
66F
330
1F
100
AcDbEntity
  8
B.Cu
  6
CONTINUOUS
100
AcDbLine
 10
6.6755854724409449
 20
-3.965736929133858
 30
0
 11
6.6763624803149604
 21
-3.9686367322834646
 31
0
  0
LINE
  5
670
330
1F
100
AcDbEntity
  8
B.Cu
  6
CONTINUOUS
100
AcDbLine
 10
6.6763624803149604
 20
-3.9686367322834646
 30
0
 11
6.6763624803149604
 21
-3.9716388582677165
 31
0
  0
LINE
  5
671
330
1F
100
AcDbEntity
  8
B.Cu
  6
CONTINUOUS
100
AcDbLine
 10
6.6763624803149604
 20
-3.9716388582677165
 30
0
 11
6.6755854724409449
 21
-3.9745386614173226
 31
0
  0
LINE
  5
672
330
1F
100
AcDbEntity
  8
B.Cu
  6
CONTINUOUS
100
AcDbLine
 10
6.6755854724409449
 20
-3.9745386614173226
 30
0
 11
6.6740844488188973
 21
-3.9771385433070865
 31
0
  0
LINE
  5
673
330
1F
100
AcDbEntity
  8
B.Cu
  6
CONTINUOUS
100
AcDbLine
 10
6.6740844488188973
 20
-3.9771385433070865
 30
0
 11
6.6719616141732283
 21
-3.9792613779527559
 31
0
  0
LINE
  5
674
330
1F
100
AcDbEntity
  8
B.Cu
  6
CONTINUOUS
100
AcDbLine
 10
6.6719616141732283
 20
-3.9792613779527559
 30
0
 11
6.6693617322834644
 21
-3.9807624015748031
 31
0
  0
LINE
  5
675
330
1F
100
AcDbEntity
  8
B.Cu
  6
CONTINUOUS
100
AcDbLine
 10
6.6693617322834644
 20
-3.9807624015748031
 30
0
 11
6.6664619291338578
 21
-3.981539409448819
 31
0
  0
LINE
  5
676
330
1F
100
AcDbEntity
  8
B.Cu
  6
CONTINUOUS
100
AcDbLine
 10
6.6664619291338578
 20
-3.981539409448819
 30
0
 11
6.663459803149606
 21
-3.981539409448819
 31
0
  0
LINE
  5
677
330
1F
100
AcDbEntity
  8
B.Cu
  6
CONTINUOUS
100
AcDbLine
 10
6.663459803149606
 20
-3.981539409448819
 30
0
 11
6.6605600000000003
 21
-3.9807624015748031
 31
0
  0
LINE
  5
678
330
1F
100
AcDbEntity
  8
B.Cu
  6
CONTINUOUS
100
AcDbLine
 10
6.6605600000000003
 20
-3.9807624015748031
 30
0
 11
6.6579601181102364
 21
-3.9792613779527559
 31
0
  0
LINE
  5
679
330
1F
100
AcDbEntity
  8
B.Cu
  6
CONTINUOUS
100
AcDbLine
 10
6.6579601181102364
 20
-3.9792613779527559
 30
0
 11
6.6558372834645665
 21
-3.9771385433070865
 31
0
  0
LINE
  5
67A
330
1F
100
AcDbEntity
  8
B.Cu
  6
CONTINUOUS
100
AcDbLine
 10
6.6558372834645665
 20
-3.9771385433070865
 30
0
 11
6.6543362598425198
 21
-3.9745386614173226
 31
0
  0
LINE
  5
67B
330
1F
100
AcDbEntity
  8
B.Cu
  6
CONTINUOUS
100
AcDbLine
 10
6.6543362598425198
 20
-3.9745386614173226
 30
0
 11
6.6535592519685034
 21
-3.9716388582677165
 31
0
  0
LINE
  5
67C
330
1F
100
AcDbEntity
  8
B.Cu
  6
CONTINUOUS
100
AcDbLine
 10
6.6535592519685034
 20
-3.9716388582677165
 30
0
 11
6.6535592519685034
 21
-3.9686367322834646
 31
0
  0
LINE
  5
67D
330
1F
100
AcDbEntity
  8
B.Cu
  6
CONTINUOUS
100
AcDbLine
 10
6.6535592519685034
 20
-3.9686367322834646
 30
0
 11
6.6543362598425198
 21
-3.965736929133858
 31
0
  0
LINE
  5
67E
330
1F
100
AcDbEntity
  8
B.Cu
  6
CONTINUOUS
100
AcDbLine
 10
6.6543362598425198
 20
-3.965736929133858
 30
0
 11
6.6558372834645665
 21
-3.9631370472440945
 31
0
  0
LINE
  5
67F
330
1F
100
AcDbEntity
  8
B.Cu
  6
CONTINUOUS
100
AcDbLine
 10
6.6558372834645665
 20
-3.9631370472440945
 30
0
 11
6.6579601181102364
 21
-3.9610142125984251
 31
0
  0
LINE
  5
680
330
1F
100
AcDbEntity
  8
B.Cu
  6
CONTINUOUS
100
AcDbLine
 10
6.6579601181102364
 20
-3.9610142125984251
 30
0
 11
6.6605600000000003
 21
-3.9595131889763779
 31
0
  0
LINE
  5
681
330
1F
100
AcDbEntity
  8
B.Cu
  6
CONTINUOUS
100
AcDbLine
 10
6.6605600000000003
 20
-3.9595131889763779
 30
0
 11
6.663459803149606
 21
-3.958736181102362
 31
0
  0
LINE
  5
682
330
1F
100
AcDbEntity
  8
B.Cu
  6
CONTINUOUS
100
AcDbLine
 10
6.663459803149606
 20
-3.958736181102362
 30
0
 11
6.6664619291338578
 21
-3.958736181102362
 31
0
  0
LINE
  5
683
330
1F
100
AcDbEntity
  8
B.Cu
  6
CONTINUOUS
100
AcDbLine
 10
6.6664619291338578
 20
-3.958736181102362
 30
0
 11
6.6693617322834644
 21
-3.9595131889763779
 31
0
  0
LINE
  5
684
330
1F
100
AcDbEntity
  8
B.Cu
  6
CONTINUOUS
100
AcDbLine
 10
6.7087318503937006
 20
-3.9595131889763779
 30
0
 11
6.7113317322834645
 21
-3.9610142125984251
 31
0
  0
LINE
  5
685
330
1F
100
AcDbEntity
  8
B.Cu
  6
CONTINUOUS
100
AcDbLine
 10
6.7113317322834645
 20
-3.9610142125984251
 30
0
 11
6.7134545669291334
 21
-3.9631370472440945
 31
0
  0
LINE
  5
686
330
1F
100
AcDbEntity
  8
B.Cu
  6
CONTINUOUS
100
AcDbLine
 10
6.7134545669291334
 20
-3.9631370472440945
 30
0
 11
6.7149555905511811
 21
-3.965736929133858
 31
0
  0
LINE
  5
687
330
1F
100
AcDbEntity
  8
B.Cu
  6
CONTINUOUS
100
AcDbLine
 10
6.7149555905511811
 20
-3.965736929133858
 30
0
 11
6.7157325984251965
 21
-3.9686367322834646
 31
0
  0
LINE
  5
688
330
1F
100
AcDbEntity
  8
B.Cu
  6
CONTINUOUS
100
AcDbLine
 10
6.7157325984251965
 20
-3.9686367322834646
 30
0
 11
6.7157325984251965
 21
-3.9716388582677165
 31
0
  0
LINE
  5
689
330
1F
100
AcDbEntity
  8
B.Cu
  6
CONTINUOUS
100
AcDbLine
 10
6.7157325984251965
 20
-3.9716388582677165
 30
0
 11
6.7149555905511811
 21
-3.9745386614173226
 31
0
  0
LINE
  5
68A
330
1F
100
AcDbEntity
  8
B.Cu
  6
CONTINUOUS
100
AcDbLine
 10
6.7149555905511811
 20
-3.9745386614173226
 30
0
 11
6.7134545669291334
 21
-3.9771385433070865
 31
0
  0
LINE
  5
68B
330
1F
100
AcDbEntity
  8
B.Cu
  6
CONTINUOUS
100
AcDbLine
 10
6.7134545669291334
 20
-3.9771385433070865
 30
0
 11
6.7113317322834645
 21
-3.9792613779527559
 31
0
  0
LINE
  5
68C
330
1F
100
AcDbEntity
  8
B.Cu
  6
CONTINUOUS
100
AcDbLine
 10
6.7113317322834645
 20
-3.9792613779527559
 30
0
 11
6.7087318503937006
 21
-3.9807624015748031
 31
0
  0
LINE
  5
68D
330
1F
100
AcDbEntity
  8
B.Cu
  6
CONTINUOUS
100
AcDbLine
 10
6.7087318503937006
 20
-3.9807624015748031
 30
0
 11
6.705832047244094
 21
-3.981539409448819
 31
0
  0
LINE
  5
68E
330
1F
100
AcDbEntity
  8
B.Cu
  6
CONTINUOUS
100
AcDbLine
 10
6.705832047244094
 20
-3.981539409448819
 30
0
 11
6.7028299212598421
 21
-3.981539409448819
 31
0
  0
LINE
  5
68F
330
1F
100
AcDbEntity
  8
B.Cu
  6
CONTINUOUS
100
AcDbLine
 10
6.7028299212598421
 20
-3.981539409448819
 30
0
 11
6.6999301181102364
 21
-3.9807624015748031
 31
0
  0
LINE
  5
690
330
1F
100
AcDbEntity
  8
B.Cu
  6
CONTINUOUS
100
AcDbLine
 10
6.6999301181102364
 20
-3.9807624015748031
 30
0
 11
6.6973302362204725
 21
-3.9792613779527559
 31
0
  0
LINE
  5
691
330
1F
100
AcDbEntity
  8
B.Cu
  6
CONTINUOUS
100
AcDbLine
 10
6.6973302362204725
 20
-3.9792613779527559
 30
0
 11
6.6952074015748027
 21
-3.9771385433070865
 31
0
  0
LINE
  5
692
330
1F
100
AcDbEntity
  8
B.Cu
  6
CONTINUOUS
100
AcDbLine
 10
6.6952074015748027
 20
-3.9771385433070865
 30
0
 11
6.6937063779527559
 21
-3.9745386614173226
 31
0
  0
LINE
  5
693
330
1F
100
AcDbEntity
  8
B.Cu
  6
CONTINUOUS
100
AcDbLine
 10
6.6937063779527559
 20
-3.9745386614173226
 30
0
 11
6.6929293700787404
 21
-3.9716388582677165
 31
0
  0
LINE
  5
694
330
1F
100
AcDbEntity
  8
B.Cu
  6
CONTINUOUS
100
AcDbLine
 10
6.6929293700787404
 20
-3.9716388582677165
 30
0
 11
6.6929293700787404
 21
-3.9686367322834646
 31
0
  0
LINE
  5
695
330
1F
100
AcDbEntity
  8
B.Cu
  6
CONTINUOUS
100
AcDbLine
 10
6.6929293700787404
 20
-3.9686367322834646
 30
0
 11
6.6937063779527559
 21
-3.965736929133858
 31
0
  0
LINE
  5
696
330
1F
100
AcDbEntity
  8
B.Cu
  6
CONTINUOUS
100
AcDbLine
 10
6.6937063779527559
 20
-3.965736929133858
 30
0
 11
6.6952074015748027
 21
-3.9631370472440945
 31
0
  0
LINE
  5
697
330
1F
100
AcDbEntity
  8
B.Cu
  6
CONTINUOUS
100
AcDbLine
 10
6.6952074015748027
 20
-3.9631370472440945
 30
0
 11
6.6973302362204725
 21
-3.9610142125984251
 31
0
  0
LINE
  5
698
330
1F
100
AcDbEntity
  8
B.Cu
  6
CONTINUOUS
100
AcDbLine
 10
6.6973302362204725
 20
-3.9610142125984251
 30
0
 11
6.6999301181102364
 21
-3.9595131889763779
 31
0
  0
LINE
  5
699
330
1F
100
AcDbEntity
  8
B.Cu
  6
CONTINUOUS
100
AcDbLine
 10
6.6999301181102364
 20
-3.9595131889763779
 30
0
 11
6.7028299212598421
 21
-3.958736181102362
 31
0
  0
LINE
  5
69A
330
1F
100
AcDbEntity
  8
B.Cu
  6
CONTINUOUS
100
AcDbLine
 10
6.7028299212598421
 20
-3.958736181102362
 30
0
 11
6.705832047244094
 21
-3.958736181102362
 31
0
  0
LINE
  5
69B
330
1F
100
AcDbEntity
  8
B.Cu
  6
CONTINUOUS
100
AcDbLine
 10
6.705832047244094
 20
-3.958736181102362
 30
0
 11
6.7087318503937006
 21
-3.9595131889763779
 31
0
  0
LINE
  5
69C
330
1F
100
AcDbEntity
  8
B.Cu
  6
CONTINUOUS
100
AcDbLine
 10
6.8346372834645663
 20
-3.9595131889763779
 30
0
 11
6.8372371653543302
 21
-3.9610142125984251
 31
0
  0
LINE
  5
69D
330
1F
100
AcDbEntity
  8
B.Cu
  6
CONTINUOUS
100
AcDbLine
 10
6.8372371653543302
 20
-3.9610142125984251
 30
0
 11
6.8393600000000001
 21
-3.9631370472440945
 31
0
  0
LINE
  5
69E
330
1F
100
AcDbEntity
  8
B.Cu
  6
CONTINUOUS
100
AcDbLine
 10
6.8393600000000001
 20
-3.9631370472440945
 30
0
 11
6.8408610236220468
 21
-3.965736929133858
 31
0
  0
LINE
  5
69F
330
1F
100
AcDbEntity
  8
B.Cu
  6
CONTINUOUS
100
AcDbLine
 10
6.8408610236220468
 20
-3.965736929133858
 30
0
 11
6.8416380314960632
 21
-3.9686367322834646
 31
0
  0
LINE
  5
6A0
330
1F
100
AcDbEntity
  8
B.Cu
  6
CONTINUOUS
100
AcDbLine
 10
6.8416380314960632
 20
-3.9686367322834646
 30
0
 11
6.8416380314960632
 21
-3.9716388582677165
 31
0
  0
LINE
  5
6A1
330
1F
100
AcDbEntity
  8
B.Cu
  6
CONTINUOUS
100
AcDbLine
 10
6.8416380314960632
 20
-3.9716388582677165
 30
0
 11
6.8408610236220468
 21
-3.9745386614173226
 31
0
  0
LINE
  5
6A2
330
1F
100
AcDbEntity
  8
B.Cu
  6
CONTINUOUS
100
AcDbLine
 10
6.8408610236220468
 20
-3.9745386614173226
 30
0
 11
6.8393600000000001
 21
-3.9771385433070865
 31
0
  0
LINE
  5
6A3
330
1F
100
AcDbEntity
  8
B.Cu
  6
CONTINUOUS
100
AcDbLine
 10
6.8393600000000001
 20
-3.9771385433070865
 30
0
 11
6.8372371653543302
 21
-3.9792613779527559
 31
0
  0
LINE
  5
6A4
330
1F
100
AcDbEntity
  8
B.Cu
  6
CONTINUOUS
100
AcDbLine
 10
6.8372371653543302
 20
-3.9792613779527559
 30
0
 11
6.8346372834645663
 21
-3.9807624015748031
 31
0
  0
LINE
  5
6A5
330
1F
100
AcDbEntity
  8
B.Cu
  6
CONTINUOUS
100
AcDbLine
 10
6.8346372834645663
 20
-3.9807624015748031
 30
0
 11
6.8317374803149606
 21
-3.981539409448819
 31
0
  0
LINE
  5
6A6
330
1F
100
AcDbEntity
  8
B.Cu
  6
CONTINUOUS
100
AcDbLine
 10
6.8317374803149606
 20
-3.981539409448819
 30
0
 11
6.8287353543307088
 21
-3.981539409448819
 31
0
  0
LINE
  5
6A7
330
1F
100
AcDbEntity
  8
B.Cu
  6
CONTINUOUS
100
AcDbLine
 10
6.8287353543307088
 20
-3.981539409448819
 30
0
 11
6.8258355511811022
 21
-3.9807624015748031
 31
0
  0
LINE
  5
6A8
330
1F
100
AcDbEntity
  8
B.Cu
  6
CONTINUOUS
100
AcDbLine
 10
6.8258355511811022
 20
-3.9807624015748031
 30
0
 11
6.8232356692913383
 21
-3.9792613779527559
 31
0
  0
LINE
  5
6A9
330
1F
100
AcDbEntity
  8
B.Cu
  6
CONTINUOUS
100
AcDbLine
 10
6.8232356692913383
 20
-3.9792613779527559
 30
0
 11
6.8211128346456693
 21
-3.9771385433070865
 31
0
  0
LINE
  5
6AA
330
1F
100
AcDbEntity
  8
B.Cu
  6
CONTINUOUS
100
AcDbLine
 10
6.8211128346456693
 20
-3.9771385433070865
 30
0
 11
6.8196118110236217
 21
-3.9745386614173226
 31
0
  0
LINE
  5
6AB
330
1F
100
AcDbEntity
  8
B.Cu
  6
CONTINUOUS
100
AcDbLine
 10
6.8196118110236217
 20
-3.9745386614173226
 30
0
 11
6.8188348031496062
 21
-3.9716388582677165
 31
0
  0
LINE
  5
6AC
330
1F
100
AcDbEntity
  8
B.Cu
  6
CONTINUOUS
100
AcDbLine
 10
6.8188348031496062
 20
-3.9716388582677165
 30
0
 11
6.8188348031496062
 21
-3.9686367322834646
 31
0
  0
LINE
  5
6AD
330
1F
100
AcDbEntity
  8
B.Cu
  6
CONTINUOUS
100
AcDbLine
 10
6.8188348031496062
 20
-3.9686367322834646
 30
0
 11
6.8196118110236217
 21
-3.965736929133858
 31
0
  0
LINE
  5
6AE
330
1F
100
AcDbEntity
  8
B.Cu
  6
CONTINUOUS
100
AcDbLine
 10
6.8196118110236217
 20
-3.965736929133858
 30
0
 11
6.8211128346456693
 21
-3.9631370472440945
 31
0
  0
LINE
  5
6AF
330
1F
100
AcDbEntity
  8
B.Cu
  6
CONTINUOUS
100
AcDbLine
 10
6.8211128346456693
 20
-3.9631370472440945
 30
0
 11
6.8232356692913383
 21
-3.9610142125984251
 31
0
  0
LINE
  5
6B0
330
1F
100
AcDbEntity
  8
B.Cu
  6
CONTINUOUS
100
AcDbLine
 10
6.8232356692913383
 20
-3.9610142125984251
 30
0
 11
6.8258355511811022
 21
-3.9595131889763779
 31
0
  0
LINE
  5
6B1
330
1F
100
AcDbEntity
  8
B.Cu
  6
CONTINUOUS
100
AcDbLine
 10
6.8258355511811022
 20
-3.9595131889763779
 30
0
 11
6.8287353543307088
 21
-3.958736181102362
 31
0
  0
LINE
  5
6B2
330
1F
100
AcDbEntity
  8
B.Cu
  6
CONTINUOUS
100
AcDbLine
 10
6.8287353543307088
 20
-3.958736181102362
 30
0
 11
6.8317374803149606
 21
-3.958736181102362
 31
0
  0
LINE
  5
6B3
330
1F
100
AcDbEntity
  8
B.Cu
  6
CONTINUOUS
100
AcDbLine
 10
6.8317374803149606
 20
-3.958736181102362
 30
0
 11
6.8346372834645663
 21
-3.9595131889763779
 31
0
  0
LINE
  5
6B4
330
1F
100
AcDbEntity
  8
B.Cu
  6
CONTINUOUS
100
AcDbLine
 10
5.3831027559055116
 20
-3.9572573228346455
 30
0
 11
5.3857729527559055
 21
-3.9587989763779525
 31
0
  0
LINE
  5
6B5
330
1F
100
AcDbEntity
  8
B.Cu
  6
CONTINUOUS
100
AcDbLine
 10
5.3857729527559055
 20
-3.9587989763779525
 30
0
 11
5.3879531889763781
 21
-3.9609792125984251
 31
0
  0
LINE
  5
6B6
330
1F
100
AcDbEntity
  8
B.Cu
  6
CONTINUOUS
100
AcDbLine
 10
5.3879531889763781
 20
-3.9609792125984251
 30
0
 11
5.3894948425196851
 21
-3.9636494094488186
 31
0
  0
LINE
  5
6B7
330
1F
100
AcDbEntity
  8
B.Cu
  6
CONTINUOUS
100
AcDbLine
 10
5.3894948425196851
 20
-3.9636494094488186
 30
0
 11
5.3902928346456696
 21
-3.9666276377952756
 31
0
  0
LINE
  5
6B8
330
1F
100
AcDbEntity
  8
B.Cu
  6
CONTINUOUS
100
AcDbLine
 10
5.3902928346456696
 20
-3.9666276377952756
 30
0
 11
5.3902928346456696
 21
-3.9697109448818897
 31
0
  0
LINE
  5
6B9
330
1F
100
AcDbEntity
  8
B.Cu
  6
CONTINUOUS
100
AcDbLine
 10
5.3902928346456696
 20
-3.9697109448818897
 30
0
 11
5.3894948425196851
 21
-3.9726891732283462
 31
0
  0
LINE
  5
6BA
330
1F
100
AcDbEntity
  8
B.Cu
  6
CONTINUOUS
100
AcDbLine
 10
5.3894948425196851
 20
-3.9726891732283462
 30
0
 11
5.3879531889763781
 21
-3.9753593700787402
 31
0
  0
LINE
  5
6BB
330
1F
100
AcDbEntity
  8
B.Cu
  6
CONTINUOUS
100
AcDbLine
 10
5.3879531889763781
 20
-3.9753593700787402
 30
0
 11
5.3857729527559055
 21
-3.9775396062992123
 31
0
  0
LINE
  5
6BC
330
1F
100
AcDbEntity
  8
B.Cu
  6
CONTINUOUS
100
AcDbLine
 10
5.3857729527559055
 20
-3.9775396062992123
 30
0
 11
5.3831027559055116
 21
-3.9790812598425198
 31
0
  0
LINE
  5
6BD
330
1F
100
AcDbEntity
  8
B.Cu
  6
CONTINUOUS
100
AcDbLine
 10
5.3831027559055116
 20
-3.9790812598425198
 30
0
 11
5.3801245275590546
 21
-3.9798792519685038
 31
0
  0
LINE
  5
6BE
330
1F
100
AcDbEntity
  8
B.Cu
  6
CONTINUOUS
100
AcDbLine
 10
5.3801245275590546
 20
-3.9798792519685038
 30
0
 11
5.3770412204724405
 21
-3.9798792519685038
 31
0
  0
LINE
  5
6BF
330
1F
100
AcDbEntity
  8
B.Cu
  6
CONTINUOUS
100
AcDbLine
 10
5.3770412204724405
 20
-3.9798792519685038
 30
0
 11
5.3740629921259844
 21
-3.9790812598425198
 31
0
  0
LINE
  5
6C0
330
1F
100
AcDbEntity
  8
B.Cu
  6
CONTINUOUS
100
AcDbLine
 10
5.3740629921259844
 20
-3.9790812598425198
 30
0
 11
5.3713927952755904
 21
-3.9775396062992123
 31
0
  0
LINE
  5
6C1
330
1F
100
AcDbEntity
  8
B.Cu
  6
CONTINUOUS
100
AcDbLine
 10
5.3713927952755904
 20
-3.9775396062992123
 30
0
 11
5.3692125590551179
 21
-3.9753593700787402
 31
0
  0
LINE
  5
6C2
330
1F
100
AcDbEntity
  8
B.Cu
  6
CONTINUOUS
100
AcDbLine
 10
5.3692125590551179
 20
-3.9753593700787402
 30
0
 11
5.3676709055118108
 21
-3.9726891732283462
 31
0
  0
LINE
  5
6C3
330
1F
100
AcDbEntity
  8
B.Cu
  6
CONTINUOUS
100
AcDbLine
 10
5.3676709055118108
 20
-3.9726891732283462
 30
0
 11
5.3668729133858264
 21
-3.9697109448818897
 31
0
  0
LINE
  5
6C4
330
1F
100
AcDbEntity
  8
B.Cu
  6
CONTINUOUS
100
AcDbLine
 10
5.3668729133858264
 20
-3.9697109448818897
 30
0
 11
5.3668729133858264
 21
-3.9666276377952756
 31
0
  0
LINE
  5
6C5
330
1F
100
AcDbEntity
  8
B.Cu
  6
CONTINUOUS
100
AcDbLine
 10
5.3668729133858264
 20
-3.9666276377952756
 30
0
 11
5.3676709055118108
 21
-3.9636494094488186
 31
0
  0
LINE
  5
6C6
330
1F
100
AcDbEntity
  8
B.Cu
  6
CONTINUOUS
100
AcDbLine
 10
5.3676709055118108
 20
-3.9636494094488186
 30
0
 11
5.3692125590551179
 21
-3.9609792125984251
 31
0
  0
LINE
  5
6C7
330
1F
100
AcDbEntity
  8
B.Cu
  6
CONTINUOUS
100
AcDbLine
 10
5.3692125590551179
 20
-3.9609792125984251
 30
0
 11
5.3713927952755904
 21
-3.9587989763779525
 31
0
  0
LINE
  5
6C8
330
1F
100
AcDbEntity
  8
B.Cu
  6
CONTINUOUS
100
AcDbLine
 10
5.3713927952755904
 20
-3.9587989763779525
 30
0
 11
5.3740629921259844
 21
-3.9572573228346455
 31
0
  0
LINE
  5
6C9
330
1F
100
AcDbEntity
  8
B.Cu
  6
CONTINUOUS
100
AcDbLine
 10
5.3740629921259844
 20
-3.9572573228346455
 30
0
 11
5.3770412204724405
 21
-3.9564593307086615
 31
0
  0
LINE
  5
6CA
330
1F
100
AcDbEntity
  8
B.Cu
  6
CONTINUOUS
100
AcDbLine
 10
5.3770412204724405
 20
-3.9564593307086615
 30
0
 11
5.3801245275590546
 21
-3.9564593307086615
 31
0
  0
LINE
  5
6CB
330
1F
100
AcDbEntity
  8
B.Cu
  6
CONTINUOUS
100
AcDbLine
 10
5.3801245275590546
 20
-3.9564593307086615
 30
0
 11
5.3831027559055116
 21
-3.9572573228346455
 31
0
  0
LINE
  5
6CC
330
1F
100
AcDbEntity
  8
B.Cu
  6
CONTINUOUS
100
AcDbLine
 10
6.051172716535433
 20
-3.9575446850393701
 30
0
 11
6.0537725984251969
 21
-3.9590457086614173
 31
0
  0
LINE
  5
6CD
330
1F
100
AcDbEntity
  8
B.Cu
  6
CONTINUOUS
100
AcDbLine
 10
6.0537725984251969
 20
-3.9590457086614173
 30
0
 11
6.0558954330708659
 21
-3.9611685433070867
 31
0
  0
LINE
  5
6CE
330
1F
100
AcDbEntity
  8
B.Cu
  6
CONTINUOUS
100
AcDbLine
 10
6.0558954330708659
 20
-3.9611685433070867
 30
0
 11
6.0573964566929135
 21
-3.9637684251968501
 31
0
  0
LINE
  5
6CF
330
1F
100
AcDbEntity
  8
B.Cu
  6
CONTINUOUS
100
AcDbLine
 10
6.0573964566929135
 20
-3.9637684251968501
 30
0
 11
6.058173464566929
 21
-3.9666682283464567
 31
0
  0
LINE
  5
6D0
330
1F
100
AcDbEntity
  8
B.Cu
  6
CONTINUOUS
100
AcDbLine
 10
6.058173464566929
 20
-3.9666682283464567
 30
0
 11
6.058173464566929
 21
-3.9696703543307086
 31
0
  0
LINE
  5
6D1
330
1F
100
AcDbEntity
  8
B.Cu
  6
CONTINUOUS
100
AcDbLine
 10
6.058173464566929
 20
-3.9696703543307086
 30
0
 11
6.0573964566929135
 21
-3.9725701574803147
 31
0
  0
LINE
  5
6D2
330
1F
100
AcDbEntity
  8
B.Cu
  6
CONTINUOUS
100
AcDbLine
 10
6.0573964566929135
 20
-3.9725701574803147
 30
0
 11
6.0558954330708659
 21
-3.9751700393700786
 31
0
  0
LINE
  5
6D3
330
1F
100
AcDbEntity
  8
B.Cu
  6
CONTINUOUS
100
AcDbLine
 10
6.0558954330708659
 20
-3.9751700393700786
 30
0
 11
6.0537725984251969
 21
-3.977292874015748
 31
0
  0
LINE
  5
6D4
330
1F
100
AcDbEntity
  8
B.Cu
  6
CONTINUOUS
100
AcDbLine
 10
6.0537725984251969
 20
-3.977292874015748
 30
0
 11
6.051172716535433
 21
-3.9787938976377952
 31
0
  0
LINE
  5
6D5
330
1F
100
AcDbEntity
  8
B.Cu
  6
CONTINUOUS
100
AcDbLine
 10
6.051172716535433
 20
-3.9787938976377952
 30
0
 11
6.0482729133858264
 21
-3.9795709055118111
 31
0
  0
LINE
  5
6D6
330
1F
100
AcDbEntity
  8
B.Cu
  6
CONTINUOUS
100
AcDbLine
 10
6.0482729133858264
 20
-3.9795709055118111
 30
0
 11
6.0452707874015745
 21
-3.9795709055118111
 31
0
  0
LINE
  5
6D7
330
1F
100
AcDbEntity
  8
B.Cu
  6
CONTINUOUS
100
AcDbLine
 10
6.0452707874015745
 20
-3.9795709055118111
 30
0
 11
6.0423709842519679
 21
-3.9787938976377952
 31
0
  0
LINE
  5
6D8
330
1F
100
AcDbEntity
  8
B.Cu
  6
CONTINUOUS
100
AcDbLine
 10
6.0423709842519679
 20
-3.9787938976377952
 30
0
 11
6.0397711023622049
 21
-3.977292874015748
 31
0
  0
LINE
  5
6D9
330
1F
100
AcDbEntity
  8
B.Cu
  6
CONTINUOUS
100
AcDbLine
 10
6.0397711023622049
 20
-3.977292874015748
 30
0
 11
6.0376482677165351
 21
-3.9751700393700786
 31
0
  0
LINE
  5
6DA
330
1F
100
AcDbEntity
  8
B.Cu
  6
CONTINUOUS
100
AcDbLine
 10
6.0376482677165351
 20
-3.9751700393700786
 30
0
 11
6.0361472440944883
 21
-3.9725701574803147
 31
0
  0
LINE
  5
6DB
330
1F
100
AcDbEntity
  8
B.Cu
  6
CONTINUOUS
100
AcDbLine
 10
6.0361472440944883
 20
-3.9725701574803147
 30
0
 11
6.035370236220472
 21
-3.9696703543307086
 31
0
  0
LINE
  5
6DC
330
1F
100
AcDbEntity
  8
B.Cu
  6
CONTINUOUS
100
AcDbLine
 10
6.035370236220472
 20
-3.9696703543307086
 30
0
 11
6.035370236220472
 21
-3.9666682283464567
 31
0
  0
LINE
  5
6DD
330
1F
100
AcDbEntity
  8
B.Cu
  6
CONTINUOUS
100
AcDbLine
 10
6.035370236220472
 20
-3.9666682283464567
 30
0
 11
6.0361472440944883
 21
-3.9637684251968501
 31
0
  0
LINE
  5
6DE
330
1F
100
AcDbEntity
  8
B.Cu
  6
CONTINUOUS
100
AcDbLine
 10
6.0361472440944883
 20
-3.9637684251968501
 30
0
 11
6.0376482677165351
 21
-3.9611685433070867
 31
0
  0
LINE
  5
6DF
330
1F
100
AcDbEntity
  8
B.Cu
  6
CONTINUOUS
100
AcDbLine
 10
6.0376482677165351
 20
-3.9611685433070867
 30
0
 11
6.0397711023622049
 21
-3.9590457086614173
 31
0
  0
LINE
  5
6E0
330
1F
100
AcDbEntity
  8
B.Cu
  6
CONTINUOUS
100
AcDbLine
 10
6.0397711023622049
 20
-3.9590457086614173
 30
0
 11
6.0423709842519679
 21
-3.9575446850393701
 31
0
  0
LINE
  5
6E1
330
1F
100
AcDbEntity
  8
B.Cu
  6
CONTINUOUS
100
AcDbLine
 10
6.0423709842519679
 20
-3.9575446850393701
 30
0
 11
6.0452707874015745
 21
-3.9567676771653542
 31
0
  0
LINE
  5
6E2
330
1F
100
AcDbEntity
  8
B.Cu
  6
CONTINUOUS
100
AcDbLine
 10
6.0452707874015745
 20
-3.9567676771653542
 30
0
 11
6.0482729133858264
 21
-3.9567676771653542
 31
0
  0
LINE
  5
6E3
330
1F
100
AcDbEntity
  8
B.Cu
  6
CONTINUOUS
100
AcDbLine
 10
6.0482729133858264
 20
-3.9567676771653542
 30
0
 11
6.051172716535433
 21
-3.9575446850393701
 31
0
  0
LINE
  5
6E4
330
1F
100
AcDbEntity
  8
B.Cu
  6
CONTINUOUS
100
AcDbLine
 10
6.28542468503937
 20
-3.9516391732283465
 30
0
 11
6.2880245669291339
 21
-3.9531401968503936
 31
0
  0
LINE
  5
6E5
330
1F
100
AcDbEntity
  8
B.Cu
  6
CONTINUOUS
100
AcDbLine
 10
6.2880245669291339
 20
-3.9531401968503936
 30
0
 11
6.2901474015748029
 21
-3.9552630314960631
 31
0
  0
LINE
  5
6E6
330
1F
100
AcDbEntity
  8
B.Cu
  6
CONTINUOUS
100
AcDbLine
 10
6.2901474015748029
 20
-3.9552630314960631
 30
0
 11
6.2916484251968505
 21
-3.9578629133858265
 31
0
  0
LINE
  5
6E7
330
1F
100
AcDbEntity
  8
B.Cu
  6
CONTINUOUS
100
AcDbLine
 10
6.2916484251968505
 20
-3.9578629133858265
 30
0
 11
6.292425433070866
 21
-3.9607627165354331
 31
0
  0
LINE
  5
6E8
330
1F
100
AcDbEntity
  8
B.Cu
  6
CONTINUOUS
100
AcDbLine
 10
6.292425433070866
 20
-3.9607627165354331
 30
0
 11
6.292425433070866
 21
-3.963764842519685
 31
0
  0
LINE
  5
6E9
330
1F
100
AcDbEntity
  8
B.Cu
  6
CONTINUOUS
100
AcDbLine
 10
6.292425433070866
 20
-3.963764842519685
 30
0
 11
6.2916484251968505
 21
-3.9666646456692911
 31
0
  0
LINE
  5
6EA
330
1F
100
AcDbEntity
  8
B.Cu
  6
CONTINUOUS
100
AcDbLine
 10
6.2916484251968505
 20
-3.9666646456692911
 30
0
 11
6.2901474015748029
 21
-3.969264527559055
 31
0
  0
LINE
  5
6EB
330
1F
100
AcDbEntity
  8
B.Cu
  6
CONTINUOUS
100
AcDbLine
 10
6.2901474015748029
 20
-3.969264527559055
 30
0
 11
6.2880245669291339
 21
-3.9713873622047244
 31
0
  0
LINE
  5
6EC
330
1F
100
AcDbEntity
  8
B.Cu
  6
CONTINUOUS
100
AcDbLine
 10
6.2880245669291339
 20
-3.9713873622047244
 30
0
 11
6.28542468503937
 21
-3.9728883858267716
 31
0
  0
LINE
  5
6ED
330
1F
100
AcDbEntity
  8
B.Cu
  6
CONTINUOUS
100
AcDbLine
 10
6.28542468503937
 20
-3.9728883858267716
 30
0
 11
6.2825248818897634
 21
-3.9736653937007875
 31
0
  0
LINE
  5
6EE
330
1F
100
AcDbEntity
  8
B.Cu
  6
CONTINUOUS
100
AcDbLine
 10
6.2825248818897634
 20
-3.9736653937007875
 30
0
 11
6.2795227559055116
 21
-3.9736653937007875
 31
0
  0
LINE
  5
6EF
330
1F
100
AcDbEntity
  8
B.Cu
  6
CONTINUOUS
100
AcDbLine
 10
6.2795227559055116
 20
-3.9736653937007875
 30
0
 11
6.276622952755905
 21
-3.9728883858267716
 31
0
  0
LINE
  5
6F0
330
1F
100
AcDbEntity
  8
B.Cu
  6
CONTINUOUS
100
AcDbLine
 10
6.276622952755905
 20
-3.9728883858267716
 30
0
 11
6.274023070866142
 21
-3.9713873622047244
 31
0
  0
LINE
  5
6F1
330
1F
100
AcDbEntity
  8
B.Cu
  6
CONTINUOUS
100
AcDbLine
 10
6.274023070866142
 20
-3.9713873622047244
 30
0
 11
6.2719002362204721
 21
-3.969264527559055
 31
0
  0
LINE
  5
6F2
330
1F
100
AcDbEntity
  8
B.Cu
  6
CONTINUOUS
100
AcDbLine
 10
6.2719002362204721
 20
-3.969264527559055
 30
0
 11
6.2703992125984254
 21
-3.9666646456692911
 31
0
  0
LINE
  5
6F3
330
1F
100
AcDbEntity
  8
B.Cu
  6
CONTINUOUS
100
AcDbLine
 10
6.2703992125984254
 20
-3.9666646456692911
 30
0
 11
6.269622204724409
 21
-3.963764842519685
 31
0
  0
LINE
  5
6F4
330
1F
100
AcDbEntity
  8
B.Cu
  6
CONTINUOUS
100
AcDbLine
 10
6.269622204724409
 20
-3.963764842519685
 30
0
 11
6.269622204724409
 21
-3.9607627165354331
 31
0
  0
LINE
  5
6F5
330
1F
100
AcDbEntity
  8
B.Cu
  6
CONTINUOUS
100
AcDbLine
 10
6.269622204724409
 20
-3.9607627165354331
 30
0
 11
6.2703992125984254
 21
-3.9578629133858265
 31
0
  0
LINE
  5
6F6
330
1F
100
AcDbEntity
  8
B.Cu
  6
CONTINUOUS
100
AcDbLine
 10
6.2703992125984254
 20
-3.9578629133858265
 30
0
 11
6.2719002362204721
 21
-3.9552630314960631
 31
0
  0
LINE
  5
6F7
330
1F
100
AcDbEntity
  8
B.Cu
  6
CONTINUOUS
100
AcDbLine
 10
6.2719002362204721
 20
-3.9552630314960631
 30
0
 11
6.274023070866142
 21
-3.9531401968503936
 31
0
  0
LINE
  5
6F8
330
1F
100
AcDbEntity
  8
B.Cu
  6
CONTINUOUS
100
AcDbLine
 10
6.274023070866142
 20
-3.9531401968503936
 30
0
 11
6.276622952755905
 21
-3.9516391732283465
 31
0
  0
LINE
  5
6F9
330
1F
100
AcDbEntity
  8
B.Cu
  6
CONTINUOUS
100
AcDbLine
 10
6.276622952755905
 20
-3.9516391732283465
 30
0
 11
6.2795227559055116
 21
-3.9508621653543305
 31
0
  0
LINE
  5
6FA
330
1F
100
AcDbEntity
  8
B.Cu
  6
CONTINUOUS
100
AcDbLine
 10
6.2795227559055116
 20
-3.9508621653543305
 30
0
 11
6.2825248818897634
 21
-3.9508621653543305
 31
0
  0
LINE
  5
6FB
330
1F
100
AcDbEntity
  8
B.Cu
  6
CONTINUOUS
100
AcDbLine
 10
6.2825248818897634
 20
-3.9508621653543305
 30
0
 11
6.28542468503937
 21
-3.9516391732283465
 31
0
  0
LINE
  5
6FC
330
1F
100
AcDbEntity
  8
B.Cu
  6
CONTINUOUS
100
AcDbLine
 10
5.917314409448819
 20
-3.9496706692913386
 30
0
 11
5.9199142913385829
 21
-3.9511716929133858
 31
0
  0
LINE
  5
6FD
330
1F
100
AcDbEntity
  8
B.Cu
  6
CONTINUOUS
100
AcDbLine
 10
5.9199142913385829
 20
-3.9511716929133858
 30
0
 11
5.9220371259842519
 21
-3.9532945275590552
 31
0
  0
LINE
  5
6FE
330
1F
100
AcDbEntity
  8
B.Cu
  6
CONTINUOUS
100
AcDbLine
 10
5.9220371259842519
 20
-3.9532945275590552
 30
0
 11
5.9235381496062987
 21
-3.9558944094488186
 31
0
  0
LINE
  5
6FF
330
1F
100
AcDbEntity
  8
B.Cu
  6
CONTINUOUS
100
AcDbLine
 10
5.9235381496062987
 20
-3.9558944094488186
 30
0
 11
5.924315157480315
 21
-3.9587942125984252
 31
0
  0
LINE
  5
700
330
1F
100
AcDbEntity
  8
B.Cu
  6
CONTINUOUS
100
AcDbLine
 10
5.924315157480315
 20
-3.9587942125984252
 30
0
 11
5.924315157480315
 21
-3.9617963385826771
 31
0
  0
LINE
  5
701
330
1F
100
AcDbEntity
  8
B.Cu
  6
CONTINUOUS
100
AcDbLine
 10
5.924315157480315
 20
-3.9617963385826771
 30
0
 11
5.9235381496062987
 21
-3.9646961417322832
 31
0
  0
LINE
  5
702
330
1F
100
AcDbEntity
  8
B.Cu
  6
CONTINUOUS
100
AcDbLine
 10
5.9235381496062987
 20
-3.9646961417322832
 30
0
 11
5.9220371259842519
 21
-3.9672960236220471
 31
0
  0
LINE
  5
703
330
1F
100
AcDbEntity
  8
B.Cu
  6
CONTINUOUS
100
AcDbLine
 10
5.9220371259842519
 20
-3.9672960236220471
 30
0
 11
5.9199142913385829
 21
-3.9694188582677166
 31
0
  0
LINE
  5
704
330
1F
100
AcDbEntity
  8
B.Cu
  6
CONTINUOUS
100
AcDbLine
 10
5.9199142913385829
 20
-3.9694188582677166
 30
0
 11
5.917314409448819
 21
-3.9709198818897637
 31
0
  0
LINE
  5
705
330
1F
100
AcDbEntity
  8
B.Cu
  6
CONTINUOUS
100
AcDbLine
 10
5.917314409448819
 20
-3.9709198818897637
 30
0
 11
5.9144146062992125
 21
-3.9716968897637797
 31
0
  0
LINE
  5
706
330
1F
100
AcDbEntity
  8
B.Cu
  6
CONTINUOUS
100
AcDbLine
 10
5.9144146062992125
 20
-3.9716968897637797
 30
0
 11
5.9114124803149606
 21
-3.9716968897637797
 31
0
  0
LINE
  5
707
330
1F
100
AcDbEntity
  8
B.Cu
  6
CONTINUOUS
100
AcDbLine
 10
5.9114124803149606
 20
-3.9716968897637797
 30
0
 11
5.908512677165354
 21
-3.9709198818897637
 31
0
  0
LINE
  5
708
330
1F
100
AcDbEntity
  8
B.Cu
  6
CONTINUOUS
100
AcDbLine
 10
5.908512677165354
 20
-3.9709198818897637
 30
0
 11
5.9059127952755901
 21
-3.9694188582677166
 31
0
  0
LINE
  5
709
330
1F
100
AcDbEntity
  8
B.Cu
  6
CONTINUOUS
100
AcDbLine
 10
5.9059127952755901
 20
-3.9694188582677166
 30
0
 11
5.9037899606299211
 21
-3.9672960236220471
 31
0
  0
LINE
  5
70A
330
1F
100
AcDbEntity
  8
B.Cu
  6
CONTINUOUS
100
AcDbLine
 10
5.9037899606299211
 20
-3.9672960236220471
 30
0
 11
5.9022889370078735
 21
-3.9646961417322832
 31
0
  0
LINE
  5
70B
330
1F
100
AcDbEntity
  8
B.Cu
  6
CONTINUOUS
100
AcDbLine
 10
5.9022889370078735
 20
-3.9646961417322832
 30
0
 11
5.901511929133858
 21
-3.9617963385826771
 31
0
  0
LINE
  5
70C
330
1F
100
AcDbEntity
  8
B.Cu
  6
CONTINUOUS
100
AcDbLine
 10
5.901511929133858
 20
-3.9617963385826771
 30
0
 11
5.901511929133858
 21
-3.9587942125984252
 31
0
  0
LINE
  5
70D
330
1F
100
AcDbEntity
  8
B.Cu
  6
CONTINUOUS
100
AcDbLine
 10
5.901511929133858
 20
-3.9587942125984252
 30
0
 11
5.9022889370078735
 21
-3.9558944094488186
 31
0
  0
LINE
  5
70E
330
1F
100
AcDbEntity
  8
B.Cu
  6
CONTINUOUS
100
AcDbLine
 10
5.9022889370078735
 20
-3.9558944094488186
 30
0
 11
5.9037899606299211
 21
-3.9532945275590552
 31
0
  0
LINE
  5
70F
330
1F
100
AcDbEntity
  8
B.Cu
  6
CONTINUOUS
100
AcDbLine
 10
5.9037899606299211
 20
-3.9532945275590552
 30
0
 11
5.9059127952755901
 21
-3.9511716929133858
 31
0
  0
LINE
  5
710
330
1F
100
AcDbEntity
  8
B.Cu
  6
CONTINUOUS
100
AcDbLine
 10
5.9059127952755901
 20
-3.9511716929133858
 30
0
 11
5.908512677165354
 21
-3.9496706692913386
 31
0
  0
LINE
  5
711
330
1F
100
AcDbEntity
  8
B.Cu
  6
CONTINUOUS
100
AcDbLine
 10
5.908512677165354
 20
-3.9496706692913386
 30
0
 11
5.9114124803149606
 21
-3.9488936614173227
 31
0
  0
LINE
  5
712
330
1F
100
AcDbEntity
  8
B.Cu
  6
CONTINUOUS
100
AcDbLine
 10
5.9114124803149606
 20
-3.9488936614173227
 30
0
 11
5.9144146062992125
 21
-3.9488936614173227
 31
0
  0
LINE
  5
713
330
1F
100
AcDbEntity
  8
B.Cu
  6
CONTINUOUS
100
AcDbLine
 10
5.9144146062992125
 20
-3.9488936614173227
 30
0
 11
5.917314409448819
 21
-3.9496706692913386
 31
0
  0
LINE
  5
714
330
1F
100
AcDbEntity
  8
B.Cu
  6
CONTINUOUS
100
AcDbLine
 10
6.9763695669291339
 20
-3.9411273228346455
 30
0
 11
6.9789694488188978
 21
-3.9426283464566927
 31
0
  0
LINE
  5
715
330
1F
100
AcDbEntity
  8
B.Cu
  6
CONTINUOUS
100
AcDbLine
 10
6.9789694488188978
 20
-3.9426283464566927
 30
0
 11
6.9810922834645668
 21
-3.9447511811023621
 31
0
  0
LINE
  5
716
330
1F
100
AcDbEntity
  8
B.Cu
  6
CONTINUOUS
100
AcDbLine
 10
6.9810922834645668
 20
-3.9447511811023621
 30
0
 11
6.9825933070866144
 21
-3.947351062992126
 31
0
  0
LINE
  5
717
330
1F
100
AcDbEntity
  8
B.Cu
  6
CONTINUOUS
100
AcDbLine
 10
6.9825933070866144
 20
-3.947351062992126
 30
0
 11
6.9833703149606299
 21
-3.9502508661417322
 31
0
  0
LINE
  5
718
330
1F
100
AcDbEntity
  8
B.Cu
  6
CONTINUOUS
100
AcDbLine
 10
6.9833703149606299
 20
-3.9502508661417322
 30
0
 11
6.9833703149606299
 21
-3.953252992125984
 31
0
  0
LINE
  5
719
330
1F
100
AcDbEntity
  8
B.Cu
  6
CONTINUOUS
100
AcDbLine
 10
6.9833703149606299
 20
-3.953252992125984
 30
0
 11
6.9825933070866144
 21
-3.9561527952755906
 31
0
  0
LINE
  5
71A
330
1F
100
AcDbEntity
  8
B.Cu
  6
CONTINUOUS
100
AcDbLine
 10
6.9825933070866144
 20
-3.9561527952755906
 30
0
 11
6.9810922834645668
 21
-3.9587526771653541
 31
0
  0
LINE
  5
71B
330
1F
100
AcDbEntity
  8
B.Cu
  6
CONTINUOUS
100
AcDbLine
 10
6.9810922834645668
 20
-3.9587526771653541
 30
0
 11
6.9789694488188978
 21
-3.9608755118110235
 31
0
  0
LINE
  5
71C
330
1F
100
AcDbEntity
  8
B.Cu
  6
CONTINUOUS
100
AcDbLine
 10
6.9789694488188978
 20
-3.9608755118110235
 30
0
 11
6.9763695669291339
 21
-3.9623765354330707
 31
0
  0
LINE
  5
71D
330
1F
100
AcDbEntity
  8
B.Cu
  6
CONTINUOUS
100
AcDbLine
 10
6.9763695669291339
 20
-3.9623765354330707
 30
0
 11
6.9734697637795273
 21
-3.9631535433070866
 31
0
  0
LINE
  5
71E
330
1F
100
AcDbEntity
  8
B.Cu
  6
CONTINUOUS
100
AcDbLine
 10
6.9734697637795273
 20
-3.9631535433070866
 30
0
 11
6.9704676377952755
 21
-3.9631535433070866
 31
0
  0
LINE
  5
71F
330
1F
100
AcDbEntity
  8
B.Cu
  6
CONTINUOUS
100
AcDbLine
 10
6.9704676377952755
 20
-3.9631535433070866
 30
0
 11
6.9675678346456689
 21
-3.9623765354330707
 31
0
  0
LINE
  5
720
330
1F
100
AcDbEntity
  8
B.Cu
  6
CONTINUOUS
100
AcDbLine
 10
6.9675678346456689
 20
-3.9623765354330707
 30
0
 11
6.964967952755905
 21
-3.9608755118110235
 31
0
  0
LINE
  5
721
330
1F
100
AcDbEntity
  8
B.Cu
  6
CONTINUOUS
100
AcDbLine
 10
6.964967952755905
 20
-3.9608755118110235
 30
0
 11
6.962845118110236
 21
-3.9587526771653541
 31
0
  0
LINE
  5
722
330
1F
100
AcDbEntity
  8
B.Cu
  6
CONTINUOUS
100
AcDbLine
 10
6.962845118110236
 20
-3.9587526771653541
 30
0
 11
6.9613440944881892
 21
-3.9561527952755906
 31
0
  0
LINE
  5
723
330
1F
100
AcDbEntity
  8
B.Cu
  6
CONTINUOUS
100
AcDbLine
 10
6.9613440944881892
 20
-3.9561527952755906
 30
0
 11
6.9605670866141729
 21
-3.953252992125984
 31
0
  0
LINE
  5
724
330
1F
100
AcDbEntity
  8
B.Cu
  6
CONTINUOUS
100
AcDbLine
 10
6.9605670866141729
 20
-3.953252992125984
 30
0
 11
6.9605670866141729
 21
-3.9502508661417322
 31
0
  0
LINE
  5
725
330
1F
100
AcDbEntity
  8
B.Cu
  6
CONTINUOUS
100
AcDbLine
 10
6.9605670866141729
 20
-3.9502508661417322
 30
0
 11
6.9613440944881892
 21
-3.947351062992126
 31
0
  0
LINE
  5
726
330
1F
100
AcDbEntity
  8
B.Cu
  6
CONTINUOUS
100
AcDbLine
 10
6.9613440944881892
 20
-3.947351062992126
 30
0
 11
6.962845118110236
 21
-3.9447511811023621
 31
0
  0
LINE
  5
727
330
1F
100
AcDbEntity
  8
B.Cu
  6
CONTINUOUS
100
AcDbLine
 10
6.962845118110236
 20
-3.9447511811023621
 30
0
 11
6.964967952755905
 21
-3.9426283464566927
 31
0
  0
LINE
  5
728
330
1F
100
AcDbEntity
  8
B.Cu
  6
CONTINUOUS
100
AcDbLine
 10
6.964967952755905
 20
-3.9426283464566927
 30
0
 11
6.9675678346456689
 21
-3.9411273228346455
 31
0
  0
LINE
  5
729
330
1F
100
AcDbEntity
  8
B.Cu
  6
CONTINUOUS
100
AcDbLine
 10
6.9675678346456689
 20
-3.9411273228346455
 30
0
 11
6.9704676377952755
 21
-3.94035031496063
 31
0
  0
LINE
  5
72A
330
1F
100
AcDbEntity
  8
B.Cu
  6
CONTINUOUS
100
AcDbLine
 10
6.9704676377952755
 20
-3.94035031496063
 30
0
 11
6.9734697637795273
 21
-3.94035031496063
 31
0
  0
LINE
  5
72B
330
1F
100
AcDbEntity
  8
B.Cu
  6
CONTINUOUS
100
AcDbLine
 10
6.9734697637795273
 20
-3.94035031496063
 30
0
 11
6.9763695669291339
 21
-3.9411273228346455
 31
0
  0
LINE
  5
72C
330
1F
100
AcDbEntity
  8
B.Cu
  6
CONTINUOUS
100
AcDbLine
 10
6.5069600393700782
 20
-3.9400250393700786
 30
0
 11
6.5095599212598421
 21
-3.9415260629921258
 31
0
  0
LINE
  5
72D
330
1F
100
AcDbEntity
  8
B.Cu
  6
CONTINUOUS
100
AcDbLine
 10
6.5095599212598421
 20
-3.9415260629921258
 30
0
 11
6.5116827559055119
 21
-3.9436488976377952
 31
0
  0
LINE
  5
72E
330
1F
100
AcDbEntity
  8
B.Cu
  6
CONTINUOUS
100
AcDbLine
 10
6.5116827559055119
 20
-3.9436488976377952
 30
0
 11
6.5131837795275587
 21
-3.9462487795275591
 31
0
  0
LINE
  5
72F
330
1F
100
AcDbEntity
  8
B.Cu
  6
CONTINUOUS
100
AcDbLine
 10
6.5131837795275587
 20
-3.9462487795275591
 30
0
 11
6.513960787401575
 21
-3.9491485826771653
 31
0
  0
LINE
  5
730
330
1F
100
AcDbEntity
  8
B.Cu
  6
CONTINUOUS
100
AcDbLine
 10
6.513960787401575
 20
-3.9491485826771653
 30
0
 11
6.513960787401575
 21
-3.9521507086614172
 31
0
  0
LINE
  5
731
330
1F
100
AcDbEntity
  8
B.Cu
  6
CONTINUOUS
100
AcDbLine
 10
6.513960787401575
 20
-3.9521507086614172
 30
0
 11
6.5131837795275587
 21
-3.9550505118110237
 31
0
  0
LINE
  5
732
330
1F
100
AcDbEntity
  8
B.Cu
  6
CONTINUOUS
100
AcDbLine
 10
6.5131837795275587
 20
-3.9550505118110237
 30
0
 11
6.5116827559055119
 21
-3.9576503937007872
 31
0
  0
LINE
  5
733
330
1F
100
AcDbEntity
  8
B.Cu
  6
CONTINUOUS
100
AcDbLine
 10
6.5116827559055119
 20
-3.9576503937007872
 30
0
 11
6.5095599212598421
 21
-3.9597732283464566
 31
0
  0
LINE
  5
734
330
1F
100
AcDbEntity
  8
B.Cu
  6
CONTINUOUS
100
AcDbLine
 10
6.5095599212598421
 20
-3.9597732283464566
 30
0
 11
6.5069600393700782
 21
-3.9612742519685038
 31
0
  0
LINE
  5
735
330
1F
100
AcDbEntity
  8
B.Cu
  6
CONTINUOUS
100
AcDbLine
 10
6.5069600393700782
 20
-3.9612742519685038
 30
0
 11
6.5040602362204725
 21
-3.9620512598425197
 31
0
  0
LINE
  5
736
330
1F
100
AcDbEntity
  8
B.Cu
  6
CONTINUOUS
100
AcDbLine
 10
6.5040602362204725
 20
-3.9620512598425197
 30
0
 11
6.5010581102362206
 21
-3.9620512598425197
 31
0
  0
LINE
  5
737
330
1F
100
AcDbEntity
  8
B.Cu
  6
CONTINUOUS
100
AcDbLine
 10
6.5010581102362206
 20
-3.9620512598425197
 30
0
 11
6.498158307086614
 21
-3.9612742519685038
 31
0
  0
LINE
  5
738
330
1F
100
AcDbEntity
  8
B.Cu
  6
CONTINUOUS
100
AcDbLine
 10
6.498158307086614
 20
-3.9612742519685038
 30
0
 11
6.4955584251968501
 21
-3.9597732283464566
 31
0
  0
LINE
  5
739
330
1F
100
AcDbEntity
  8
B.Cu
  6
CONTINUOUS
100
AcDbLine
 10
6.4955584251968501
 20
-3.9597732283464566
 30
0
 11
6.4934355905511811
 21
-3.9576503937007872
 31
0
  0
LINE
  5
73A
330
1F
100
AcDbEntity
  8
B.Cu
  6
CONTINUOUS
100
AcDbLine
 10
6.4934355905511811
 20
-3.9576503937007872
 30
0
 11
6.4919345669291335
 21
-3.9550505118110237
 31
0
  0
LINE
  5
73B
330
1F
100
AcDbEntity
  8
B.Cu
  6
CONTINUOUS
100
AcDbLine
 10
6.4919345669291335
 20
-3.9550505118110237
 30
0
 11
6.491157559055118
 21
-3.9521507086614172
 31
0
  0
LINE
  5
73C
330
1F
100
AcDbEntity
  8
B.Cu
  6
CONTINUOUS
100
AcDbLine
 10
6.491157559055118
 20
-3.9521507086614172
 30
0
 11
6.491157559055118
 21
-3.9491485826771653
 31
0
  0
LINE
  5
73D
330
1F
100
AcDbEntity
  8
B.Cu
  6
CONTINUOUS
100
AcDbLine
 10
6.491157559055118
 20
-3.9491485826771653
 30
0
 11
6.4919345669291335
 21
-3.9462487795275591
 31
0
  0
LINE
  5
73E
330
1F
100
AcDbEntity
  8
B.Cu
  6
CONTINUOUS
100
AcDbLine
 10
6.4919345669291335
 20
-3.9462487795275591
 30
0
 11
6.4934355905511811
 21
-3.9436488976377952
 31
0
  0
LINE
  5
73F
330
1F
100
AcDbEntity
  8
B.Cu
  6
CONTINUOUS
100
AcDbLine
 10
6.4934355905511811
 20
-3.9436488976377952
 30
0
 11
6.4955584251968501
 21
-3.9415260629921258
 31
0
  0
LINE
  5
740
330
1F
100
AcDbEntity
  8
B.Cu
  6
CONTINUOUS
100
AcDbLine
 10
6.4955584251968501
 20
-3.9415260629921258
 30
0
 11
6.498158307086614
 21
-3.9400250393700786
 31
0
  0
LINE
  5
741
330
1F
100
AcDbEntity
  8
B.Cu
  6
CONTINUOUS
100
AcDbLine
 10
6.498158307086614
 20
-3.9400250393700786
 30
0
 11
6.5010581102362206
 21
-3.9392480314960627
 31
0
  0
LINE
  5
742
330
1F
100
AcDbEntity
  8
B.Cu
  6
CONTINUOUS
100
AcDbLine
 10
6.5010581102362206
 20
-3.9392480314960627
 30
0
 11
6.5040602362204725
 21
-3.9392480314960627
 31
0
  0
LINE
  5
743
330
1F
100
AcDbEntity
  8
B.Cu
  6
CONTINUOUS
100
AcDbLine
 10
6.5040602362204725
 20
-3.9392480314960627
 30
0
 11
6.5069600393700782
 21
-3.9400250393700786
 31
0
  0
LINE
  5
744
330
1F
100
AcDbEntity
  8
B.Cu
  6
CONTINUOUS
100
AcDbLine
 10
7.1208845275590553
 20
-3.937492716535433
 30
0
 11
7.1234844094488183
 21
-3.9389937401574802
 31
0
  0
LINE
  5
745
330
1F
100
AcDbEntity
  8
B.Cu
  6
CONTINUOUS
100
AcDbLine
 10
7.1234844094488183
 20
-3.9389937401574802
 30
0
 11
7.1256072440944882
 21
-3.9411165748031496
 31
0
  0
LINE
  5
746
330
1F
100
AcDbEntity
  8
B.Cu
  6
CONTINUOUS
100
AcDbLine
 10
7.1256072440944882
 20
-3.9411165748031496
 30
0
 11
7.1271082677165349
 21
-3.9437164566929135
 31
0
  0
LINE
  5
747
330
1F
100
AcDbEntity
  8
B.Cu
  6
CONTINUOUS
100
AcDbLine
 10
7.1271082677165349
 20
-3.9437164566929135
 30
0
 11
7.1278852755905513
 21
-3.9466162598425196
 31
0
  0
LINE
  5
748
330
1F
100
AcDbEntity
  8
B.Cu
  6
CONTINUOUS
100
AcDbLine
 10
7.1278852755905513
 20
-3.9466162598425196
 30
0
 11
7.1278852755905513
 21
-3.9496183858267715
 31
0
  0
LINE
  5
749
330
1F
100
AcDbEntity
  8
B.Cu
  6
CONTINUOUS
100
AcDbLine
 10
7.1278852755905513
 20
-3.9496183858267715
 30
0
 11
7.1271082677165349
 21
-3.9525181889763781
 31
0
  0
LINE
  5
74A
330
1F
100
AcDbEntity
  8
B.Cu
  6
CONTINUOUS
100
AcDbLine
 10
7.1271082677165349
 20
-3.9525181889763781
 30
0
 11
7.1256072440944882
 21
-3.9551180708661415
 31
0
  0
LINE
  5
74B
330
1F
100
AcDbEntity
  8
B.Cu
  6
CONTINUOUS
100
AcDbLine
 10
7.1256072440944882
 20
-3.9551180708661415
 30
0
 11
7.1234844094488183
 21
-3.957240905511811
 31
0
  0
LINE
  5
74C
330
1F
100
AcDbEntity
  8
B.Cu
  6
CONTINUOUS
100
AcDbLine
 10
7.1234844094488183
 20
-3.957240905511811
 30
0
 11
7.1208845275590553
 21
-3.9587419291338581
 31
0
  0
LINE
  5
74D
330
1F
100
AcDbEntity
  8
B.Cu
  6
CONTINUOUS
100
AcDbLine
 10
7.1208845275590553
 20
-3.9587419291338581
 30
0
 11
7.1179847244094487
 21
-3.9595189370078741
 31
0
  0
LINE
  5
74E
330
1F
100
AcDbEntity
  8
B.Cu
  6
CONTINUOUS
100
AcDbLine
 10
7.1179847244094487
 20
-3.9595189370078741
 30
0
 11
7.1149825984251969
 21
-3.9595189370078741
 31
0
  0
LINE
  5
74F
330
1F
100
AcDbEntity
  8
B.Cu
  6
CONTINUOUS
100
AcDbLine
 10
7.1149825984251969
 20
-3.9595189370078741
 30
0
 11
7.1120827952755903
 21
-3.9587419291338581
 31
0
  0
LINE
  5
750
330
1F
100
AcDbEntity
  8
B.Cu
  6
CONTINUOUS
100
AcDbLine
 10
7.1120827952755903
 20
-3.9587419291338581
 30
0
 11
7.1094829133858264
 21
-3.957240905511811
 31
0
  0
LINE
  5
751
330
1F
100
AcDbEntity
  8
B.Cu
  6
CONTINUOUS
100
AcDbLine
 10
7.1094829133858264
 20
-3.957240905511811
 30
0
 11
7.1073600787401574
 21
-3.9551180708661415
 31
0
  0
LINE
  5
752
330
1F
100
AcDbEntity
  8
B.Cu
  6
CONTINUOUS
100
AcDbLine
 10
7.1073600787401574
 20
-3.9551180708661415
 30
0
 11
7.1058590551181098
 21
-3.9525181889763781
 31
0
  0
LINE
  5
753
330
1F
100
AcDbEntity
  8
B.Cu
  6
CONTINUOUS
100
AcDbLine
 10
7.1058590551181098
 20
-3.9525181889763781
 30
0
 11
7.1050820472440943
 21
-3.9496183858267715
 31
0
  0
LINE
  5
754
330
1F
100
AcDbEntity
  8
B.Cu
  6
CONTINUOUS
100
AcDbLine
 10
7.1050820472440943
 20
-3.9496183858267715
 30
0
 11
7.1050820472440943
 21
-3.9466162598425196
 31
0
  0
LINE
  5
755
330
1F
100
AcDbEntity
  8
B.Cu
  6
CONTINUOUS
100
AcDbLine
 10
7.1050820472440943
 20
-3.9466162598425196
 30
0
 11
7.1058590551181098
 21
-3.9437164566929135
 31
0
  0
LINE
  5
756
330
1F
100
AcDbEntity
  8
B.Cu
  6
CONTINUOUS
100
AcDbLine
 10
7.1058590551181098
 20
-3.9437164566929135
 30
0
 11
7.1073600787401574
 21
-3.9411165748031496
 31
0
  0
LINE
  5
757
330
1F
100
AcDbEntity
  8
B.Cu
  6
CONTINUOUS
100
AcDbLine
 10
7.1073600787401574
 20
-3.9411165748031496
 30
0
 11
7.1094829133858264
 21
-3.9389937401574802
 31
0
  0
LINE
  5
758
330
1F
100
AcDbEntity
  8
B.Cu
  6
CONTINUOUS
100
AcDbLine
 10
7.1094829133858264
 20
-3.9389937401574802
 30
0
 11
7.1120827952755903
 21
-3.937492716535433
 31
0
  0
LINE
  5
759
330
1F
100
AcDbEntity
  8
B.Cu
  6
CONTINUOUS
100
AcDbLine
 10
7.1120827952755903
 20
-3.937492716535433
 30
0
 11
7.1149825984251969
 21
-3.9367157086614171
 31
0
  0
LINE
  5
75A
330
1F
100
AcDbEntity
  8
B.Cu
  6
CONTINUOUS
100
AcDbLine
 10
7.1149825984251969
 20
-3.9367157086614171
 30
0
 11
7.1179847244094487
 21
-3.9367157086614171
 31
0
  0
LINE
  5
75B
330
1F
100
AcDbEntity
  8
B.Cu
  6
CONTINUOUS
100
AcDbLine
 10
7.1179847244094487
 20
-3.9367157086614171
 30
0
 11
7.1208845275590553
 21
-3.937492716535433
 31
0
  0
LINE
  5
75C
330
1F
100
AcDbEntity
  8
B.Cu
  6
CONTINUOUS
100
AcDbLine
 10
7.1523805511811025
 20
-3.937492716535433
 30
0
 11
7.1549804330708664
 21
-3.9389937401574802
 31
0
  0
LINE
  5
75D
330
1F
100
AcDbEntity
  8
B.Cu
  6
CONTINUOUS
100
AcDbLine
 10
7.1549804330708664
 20
-3.9389937401574802
 30
0
 11
7.1571032677165354
 21
-3.9411165748031496
 31
0
  0
LINE
  5
75E
330
1F
100
AcDbEntity
  8
B.Cu
  6
CONTINUOUS
100
AcDbLine
 10
7.1571032677165354
 20
-3.9411165748031496
 30
0
 11
7.1586042913385821
 21
-3.9437164566929135
 31
0
  0
LINE
  5
75F
330
1F
100
AcDbEntity
  8
B.Cu
  6
CONTINUOUS
100
AcDbLine
 10
7.1586042913385821
 20
-3.9437164566929135
 30
0
 11
7.1593812992125985
 21
-3.9466162598425196
 31
0
  0
LINE
  5
760
330
1F
100
AcDbEntity
  8
B.Cu
  6
CONTINUOUS
100
AcDbLine
 10
7.1593812992125985
 20
-3.9466162598425196
 30
0
 11
7.1593812992125985
 21
-3.9496183858267715
 31
0
  0
LINE
  5
761
330
1F
100
AcDbEntity
  8
B.Cu
  6
CONTINUOUS
100
AcDbLine
 10
7.1593812992125985
 20
-3.9496183858267715
 30
0
 11
7.1586042913385821
 21
-3.9525181889763781
 31
0
  0
LINE
  5
762
330
1F
100
AcDbEntity
  8
B.Cu
  6
CONTINUOUS
100
AcDbLine
 10
7.1586042913385821
 20
-3.9525181889763781
 30
0
 11
7.1571032677165354
 21
-3.9551180708661415
 31
0
  0
LINE
  5
763
330
1F
100
AcDbEntity
  8
B.Cu
  6
CONTINUOUS
100
AcDbLine
 10
7.1571032677165354
 20
-3.9551180708661415
 30
0
 11
7.1549804330708664
 21
-3.957240905511811
 31
0
  0
LINE
  5
764
330
1F
100
AcDbEntity
  8
B.Cu
  6
CONTINUOUS
100
AcDbLine
 10
7.1549804330708664
 20
-3.957240905511811
 30
0
 11
7.1523805511811025
 21
-3.9587419291338581
 31
0
  0
LINE
  5
765
330
1F
100
AcDbEntity
  8
B.Cu
  6
CONTINUOUS
100
AcDbLine
 10
7.1523805511811025
 20
-3.9587419291338581
 30
0
 11
7.1494807480314959
 21
-3.9595189370078741
 31
0
  0
LINE
  5
766
330
1F
100
AcDbEntity
  8
B.Cu
  6
CONTINUOUS
100
AcDbLine
 10
7.1494807480314959
 20
-3.9595189370078741
 30
0
 11
7.146478622047244
 21
-3.9595189370078741
 31
0
  0
LINE
  5
767
330
1F
100
AcDbEntity
  8
B.Cu
  6
CONTINUOUS
100
AcDbLine
 10
7.146478622047244
 20
-3.9595189370078741
 30
0
 11
7.1435788188976375
 21
-3.9587419291338581
 31
0
  0
LINE
  5
768
330
1F
100
AcDbEntity
  8
B.Cu
  6
CONTINUOUS
100
AcDbLine
 10
7.1435788188976375
 20
-3.9587419291338581
 30
0
 11
7.1409789370078736
 21
-3.957240905511811
 31
0
  0
LINE
  5
769
330
1F
100
AcDbEntity
  8
B.Cu
  6
CONTINUOUS
100
AcDbLine
 10
7.1409789370078736
 20
-3.957240905511811
 30
0
 11
7.1388561023622046
 21
-3.9551180708661415
 31
0
  0
LINE
  5
76A
330
1F
100
AcDbEntity
  8
B.Cu
  6
CONTINUOUS
100
AcDbLine
 10
7.1388561023622046
 20
-3.9551180708661415
 30
0
 11
7.137355078740157
 21
-3.9525181889763781
 31
0
  0
LINE
  5
76B
330
1F
100
AcDbEntity
  8
B.Cu
  6
CONTINUOUS
100
AcDbLine
 10
7.137355078740157
 20
-3.9525181889763781
 30
0
 11
7.1365780708661415
 21
-3.9496183858267715
 31
0
  0
LINE
  5
76C
330
1F
100
AcDbEntity
  8
B.Cu
  6
CONTINUOUS
100
AcDbLine
 10
7.1365780708661415
 20
-3.9496183858267715
 30
0
 11
7.1365780708661415
 21
-3.9466162598425196
 31
0
  0
LINE
  5
76D
330
1F
100
AcDbEntity
  8
B.Cu
  6
CONTINUOUS
100
AcDbLine
 10
7.1365780708661415
 20
-3.9466162598425196
 30
0
 11
7.137355078740157
 21
-3.9437164566929135
 31
0
  0
LINE
  5
76E
330
1F
100
AcDbEntity
  8
B.Cu
  6
CONTINUOUS
100
AcDbLine
 10
7.137355078740157
 20
-3.9437164566929135
 30
0
 11
7.1388561023622046
 21
-3.9411165748031496
 31
0
  0
LINE
  5
76F
330
1F
100
AcDbEntity
  8
B.Cu
  6
CONTINUOUS
100
AcDbLine
 10
7.1388561023622046
 20
-3.9411165748031496
 30
0
 11
7.1409789370078736
 21
-3.9389937401574802
 31
0
  0
LINE
  5
770
330
1F
100
AcDbEntity
  8
B.Cu
  6
CONTINUOUS
100
AcDbLine
 10
7.1409789370078736
 20
-3.9389937401574802
 30
0
 11
7.1435788188976375
 21
-3.937492716535433
 31
0
  0
LINE
  5
771
330
1F
100
AcDbEntity
  8
B.Cu
  6
CONTINUOUS
100
AcDbLine
 10
7.1435788188976375
 20
-3.937492716535433
 30
0
 11
7.146478622047244
 21
-3.9367157086614171
 31
0
  0
LINE
  5
772
330
1F
100
AcDbEntity
  8
B.Cu
  6
CONTINUOUS
100
AcDbLine
 10
7.146478622047244
 20
-3.9367157086614171
 30
0
 11
7.1494807480314959
 21
-3.9367157086614171
 31
0
  0
LINE
  5
773
330
1F
100
AcDbEntity
  8
B.Cu
  6
CONTINUOUS
100
AcDbLine
 10
7.1494807480314959
 20
-3.9367157086614171
 30
0
 11
7.1523805511811025
 21
-3.937492716535433
 31
0
  0
LINE
  5
774
330
1F
100
AcDbEntity
  8
B.Cu
  6
CONTINUOUS
100
AcDbLine
 10
7.1838766535433072
 20
-3.937492716535433
 30
0
 11
7.1864765354330711
 21
-3.9389937401574802
 31
0
  0
LINE
  5
775
330
1F
100
AcDbEntity
  8
B.Cu
  6
CONTINUOUS
100
AcDbLine
 10
7.1864765354330711
 20
-3.9389937401574802
 30
0
 11
7.1885993700787401
 21
-3.9411165748031496
 31
0
  0
LINE
  5
776
330
1F
100
AcDbEntity
  8
B.Cu
  6
CONTINUOUS
100
AcDbLine
 10
7.1885993700787401
 20
-3.9411165748031496
 30
0
 11
7.1901003937007868
 21
-3.9437164566929135
 31
0
  0
LINE
  5
777
330
1F
100
AcDbEntity
  8
B.Cu
  6
CONTINUOUS
100
AcDbLine
 10
7.1901003937007868
 20
-3.9437164566929135
 30
0
 11
7.1908774015748032
 21
-3.9466162598425196
 31
0
  0
LINE
  5
778
330
1F
100
AcDbEntity
  8
B.Cu
  6
CONTINUOUS
100
AcDbLine
 10
7.1908774015748032
 20
-3.9466162598425196
 30
0
 11
7.1908774015748032
 21
-3.9496183858267715
 31
0
  0
LINE
  5
779
330
1F
100
AcDbEntity
  8
B.Cu
  6
CONTINUOUS
100
AcDbLine
 10
7.1908774015748032
 20
-3.9496183858267715
 30
0
 11
7.1901003937007868
 21
-3.9525181889763781
 31
0
  0
LINE
  5
77A
330
1F
100
AcDbEntity
  8
B.Cu
  6
CONTINUOUS
100
AcDbLine
 10
7.1901003937007868
 20
-3.9525181889763781
 30
0
 11
7.1885993700787401
 21
-3.9551180708661415
 31
0
  0
LINE
  5
77B
330
1F
100
AcDbEntity
  8
B.Cu
  6
CONTINUOUS
100
AcDbLine
 10
7.1885993700787401
 20
-3.9551180708661415
 30
0
 11
7.1864765354330711
 21
-3.957240905511811
 31
0
  0
LINE
  5
77C
330
1F
100
AcDbEntity
  8
B.Cu
  6
CONTINUOUS
100
AcDbLine
 10
7.1864765354330711
 20
-3.957240905511811
 30
0
 11
7.1838766535433072
 21
-3.9587419291338581
 31
0
  0
LINE
  5
77D
330
1F
100
AcDbEntity
  8
B.Cu
  6
CONTINUOUS
100
AcDbLine
 10
7.1838766535433072
 20
-3.9587419291338581
 30
0
 11
7.1809768503937006
 21
-3.9595189370078741
 31
0
  0
LINE
  5
77E
330
1F
100
AcDbEntity
  8
B.Cu
  6
CONTINUOUS
100
AcDbLine
 10
7.1809768503937006
 20
-3.9595189370078741
 30
0
 11
7.1779747244094487
 21
-3.9595189370078741
 31
0
  0
LINE
  5
77F
330
1F
100
AcDbEntity
  8
B.Cu
  6
CONTINUOUS
100
AcDbLine
 10
7.1779747244094487
 20
-3.9595189370078741
 30
0
 11
7.1750749212598421
 21
-3.9587419291338581
 31
0
  0
LINE
  5
780
330
1F
100
AcDbEntity
  8
B.Cu
  6
CONTINUOUS
100
AcDbLine
 10
7.1750749212598421
 20
-3.9587419291338581
 30
0
 11
7.1724750393700782
 21
-3.957240905511811
 31
0
  0
LINE
  5
781
330
1F
100
AcDbEntity
  8
B.Cu
  6
CONTINUOUS
100
AcDbLine
 10
7.1724750393700782
 20
-3.957240905511811
 30
0
 11
7.1703522047244093
 21
-3.9551180708661415
 31
0
  0
LINE
  5
782
330
1F
100
AcDbEntity
  8
B.Cu
  6
CONTINUOUS
100
AcDbLine
 10
7.1703522047244093
 20
-3.9551180708661415
 30
0
 11
7.1688511811023616
 21
-3.9525181889763781
 31
0
  0
LINE
  5
783
330
1F
100
AcDbEntity
  8
B.Cu
  6
CONTINUOUS
100
AcDbLine
 10
7.1688511811023616
 20
-3.9525181889763781
 30
0
 11
7.1680741732283462
 21
-3.9496183858267715
 31
0
  0
LINE
  5
784
330
1F
100
AcDbEntity
  8
B.Cu
  6
CONTINUOUS
100
AcDbLine
 10
7.1680741732283462
 20
-3.9496183858267715
 30
0
 11
7.1680741732283462
 21
-3.9466162598425196
 31
0
  0
LINE
  5
785
330
1F
100
AcDbEntity
  8
B.Cu
  6
CONTINUOUS
100
AcDbLine
 10
7.1680741732283462
 20
-3.9466162598425196
 30
0
 11
7.1688511811023616
 21
-3.9437164566929135
 31
0
  0
LINE
  5
786
330
1F
100
AcDbEntity
  8
B.Cu
  6
CONTINUOUS
100
AcDbLine
 10
7.1688511811023616
 20
-3.9437164566929135
 30
0
 11
7.1703522047244093
 21
-3.9411165748031496
 31
0
  0
LINE
  5
787
330
1F
100
AcDbEntity
  8
B.Cu
  6
CONTINUOUS
100
AcDbLine
 10
7.1703522047244093
 20
-3.9411165748031496
 30
0
 11
7.1724750393700782
 21
-3.9389937401574802
 31
0
  0
LINE
  5
788
330
1F
100
AcDbEntity
  8
B.Cu
  6
CONTINUOUS
100
AcDbLine
 10
7.1724750393700782
 20
-3.9389937401574802
 30
0
 11
7.1750749212598421
 21
-3.937492716535433
 31
0
  0
LINE
  5
789
330
1F
100
AcDbEntity
  8
B.Cu
  6
CONTINUOUS
100
AcDbLine
 10
7.1750749212598421
 20
-3.937492716535433
 30
0
 11
7.1779747244094487
 21
-3.9367157086614171
 31
0
  0
LINE
  5
78A
330
1F
100
AcDbEntity
  8
B.Cu
  6
CONTINUOUS
100
AcDbLine
 10
7.1779747244094487
 20
-3.9367157086614171
 30
0
 11
7.1809768503937006
 21
-3.9367157086614171
 31
0
  0
LINE
  5
78B
330
1F
100
AcDbEntity
  8
B.Cu
  6
CONTINUOUS
100
AcDbLine
 10
7.1809768503937006
 20
-3.9367157086614171
 30
0
 11
7.1838766535433072
 21
-3.937492716535433
 31
0
  0
LINE
  5
78C
330
1F
100
AcDbEntity
  8
B.Cu
  6
CONTINUOUS
100
AcDbLine
 10
7.3324810629921258
 20
-3.9371448818897639
 30
0
 11
7.3350809448818897
 21
-3.938645905511811
 31
0
  0
LINE
  5
78D
330
1F
100
AcDbEntity
  8
B.Cu
  6
CONTINUOUS
100
AcDbLine
 10
7.3350809448818897
 20
-3.938645905511811
 30
0
 11
7.3372037795275586
 21
-3.94076874015748
 31
0
  0
LINE
  5
78E
330
1F
100
AcDbEntity
  8
B.Cu
  6
CONTINUOUS
100
AcDbLine
 10
7.3372037795275586
 20
-3.94076874015748
 30
0
 11
7.3387048031496063
 21
-3.9433686220472439
 31
0
  0
LINE
  5
78F
330
1F
100
AcDbEntity
  8
B.Cu
  6
CONTINUOUS
100
AcDbLine
 10
7.3387048031496063
 20
-3.9433686220472439
 30
0
 11
7.3394818110236217
 21
-3.9462684251968505
 31
0
  0
LINE
  5
790
330
1F
100
AcDbEntity
  8
B.Cu
  6
CONTINUOUS
100
AcDbLine
 10
7.3394818110236217
 20
-3.9462684251968505
 30
0
 11
7.3394818110236217
 21
-3.9492705511811024
 31
0
  0
LINE
  5
791
330
1F
100
AcDbEntity
  8
B.Cu
  6
CONTINUOUS
100
AcDbLine
 10
7.3394818110236217
 20
-3.9492705511811024
 30
0
 11
7.3387048031496063
 21
-3.9521703543307085
 31
0
  0
LINE
  5
792
330
1F
100
AcDbEntity
  8
B.Cu
  6
CONTINUOUS
100
AcDbLine
 10
7.3387048031496063
 20
-3.9521703543307085
 30
0
 11
7.3372037795275586
 21
-3.9547702362204724
 31
0
  0
LINE
  5
793
330
1F
100
AcDbEntity
  8
B.Cu
  6
CONTINUOUS
100
AcDbLine
 10
7.3372037795275586
 20
-3.9547702362204724
 30
0
 11
7.3350809448818897
 21
-3.9568930708661418
 31
0
  0
LINE
  5
794
330
1F
100
AcDbEntity
  8
B.Cu
  6
CONTINUOUS
100
AcDbLine
 10
7.3350809448818897
 20
-3.9568930708661418
 30
0
 11
7.3324810629921258
 21
-3.958394094488189
 31
0
  0
LINE
  5
795
330
1F
100
AcDbEntity
  8
B.Cu
  6
CONTINUOUS
100
AcDbLine
 10
7.3324810629921258
 20
-3.958394094488189
 30
0
 11
7.3295812598425192
 21
-3.9591711023622045
 31
0
  0
LINE
  5
796
330
1F
100
AcDbEntity
  8
B.Cu
  6
CONTINUOUS
100
AcDbLine
 10
7.3295812598425192
 20
-3.9591711023622045
 30
0
 11
7.3265791338582673
 21
-3.9591711023622045
 31
0
  0
LINE
  5
797
330
1F
100
AcDbEntity
  8
B.Cu
  6
CONTINUOUS
100
AcDbLine
 10
7.3265791338582673
 20
-3.9591711023622045
 30
0
 11
7.3236793307086616
 21
-3.958394094488189
 31
0
  0
LINE
  5
798
330
1F
100
AcDbEntity
  8
B.Cu
  6
CONTINUOUS
100
AcDbLine
 10
7.3236793307086616
 20
-3.958394094488189
 30
0
 11
7.3210794488188977
 21
-3.9568930708661418
 31
0
  0
LINE
  5
799
330
1F
100
AcDbEntity
  8
B.Cu
  6
CONTINUOUS
100
AcDbLine
 10
7.3210794488188977
 20
-3.9568930708661418
 30
0
 11
7.3189566141732278
 21
-3.9547702362204724
 31
0
  0
LINE
  5
79A
330
1F
100
AcDbEntity
  8
B.Cu
  6
CONTINUOUS
100
AcDbLine
 10
7.3189566141732278
 20
-3.9547702362204724
 30
0
 11
7.3174555905511811
 21
-3.9521703543307085
 31
0
  0
LINE
  5
79B
330
1F
100
AcDbEntity
  8
B.Cu
  6
CONTINUOUS
100
AcDbLine
 10
7.3174555905511811
 20
-3.9521703543307085
 30
0
 11
7.3166785826771648
 21
-3.9492705511811024
 31
0
  0
LINE
  5
79C
330
1F
100
AcDbEntity
  8
B.Cu
  6
CONTINUOUS
100
AcDbLine
 10
7.3166785826771648
 20
-3.9492705511811024
 30
0
 11
7.3166785826771648
 21
-3.9462684251968505
 31
0
  0
LINE
  5
79D
330
1F
100
AcDbEntity
  8
B.Cu
  6
CONTINUOUS
100
AcDbLine
 10
7.3166785826771648
 20
-3.9462684251968505
 30
0
 11
7.3174555905511811
 21
-3.9433686220472439
 31
0
  0
LINE
  5
79E
330
1F
100
AcDbEntity
  8
B.Cu
  6
CONTINUOUS
100
AcDbLine
 10
7.3174555905511811
 20
-3.9433686220472439
 30
0
 11
7.3189566141732278
 21
-3.94076874015748
 31
0
  0
LINE
  5
79F
330
1F
100
AcDbEntity
  8
B.Cu
  6
CONTINUOUS
100
AcDbLine
 10
7.3189566141732278
 20
-3.94076874015748
 30
0
 11
7.3210794488188977
 21
-3.938645905511811
 31
0
  0
LINE
  5
7A0
330
1F
100
AcDbEntity
  8
B.Cu
  6
CONTINUOUS
100
AcDbLine
 10
7.3210794488188977
 20
-3.938645905511811
 30
0
 11
7.3236793307086616
 21
-3.9371448818897639
 31
0
  0
LINE
  5
7A1
330
1F
100
AcDbEntity
  8
B.Cu
  6
CONTINUOUS
100
AcDbLine
 10
7.3236793307086616
 20
-3.9371448818897639
 30
0
 11
7.3265791338582673
 21
-3.9363678740157479
 31
0
  0
LINE
  5
7A2
330
1F
100
AcDbEntity
  8
B.Cu
  6
CONTINUOUS
100
AcDbLine
 10
7.3265791338582673
 20
-3.9363678740157479
 30
0
 11
7.3295812598425192
 21
-3.9363678740157479
 31
0
  0
LINE
  5
7A3
330
1F
100
AcDbEntity
  8
B.Cu
  6
CONTINUOUS
100
AcDbLine
 10
7.3295812598425192
 20
-3.9363678740157479
 30
0
 11
7.3324810629921258
 21
-3.9371448818897639
 31
0
  0
LINE
  5
7A4
330
1F
100
AcDbEntity
  8
B.Cu
  6
CONTINUOUS
100
AcDbLine
 10
7.3954731889763776
 20
-3.9371448818897639
 30
0
 11
7.3980730708661415
 21
-3.938645905511811
 31
0
  0
LINE
  5
7A5
330
1F
100
AcDbEntity
  8
B.Cu
  6
CONTINUOUS
100
AcDbLine
 10
7.3980730708661415
 20
-3.938645905511811
 30
0
 11
7.4001959055118105
 21
-3.94076874015748
 31
0
  0
LINE
  5
7A6
330
1F
100
AcDbEntity
  8
B.Cu
  6
CONTINUOUS
100
AcDbLine
 10
7.4001959055118105
 20
-3.94076874015748
 30
0
 11
7.4016969291338581
 21
-3.9433686220472439
 31
0
  0
LINE
  5
7A7
330
1F
100
AcDbEntity
  8
B.Cu
  6
CONTINUOUS
100
AcDbLine
 10
7.4016969291338581
 20
-3.9433686220472439
 30
0
 11
7.4024739370078736
 21
-3.9462684251968505
 31
0
  0
LINE
  5
7A8
330
1F
100
AcDbEntity
  8
B.Cu
  6
CONTINUOUS
100
AcDbLine
 10
7.4024739370078736
 20
-3.9462684251968505
 30
0
 11
7.4024739370078736
 21
-3.9492705511811024
 31
0
  0
LINE
  5
7A9
330
1F
100
AcDbEntity
  8
B.Cu
  6
CONTINUOUS
100
AcDbLine
 10
7.4024739370078736
 20
-3.9492705511811024
 30
0
 11
7.4016969291338581
 21
-3.9521703543307085
 31
0
  0
LINE
  5
7AA
330
1F
100
AcDbEntity
  8
B.Cu
  6
CONTINUOUS
100
AcDbLine
 10
7.4016969291338581
 20
-3.9521703543307085
 30
0
 11
7.4001959055118105
 21
-3.9547702362204724
 31
0
  0
LINE
  5
7AB
330
1F
100
AcDbEntity
  8
B.Cu
  6
CONTINUOUS
100
AcDbLine
 10
7.4001959055118105
 20
-3.9547702362204724
 30
0
 11
7.3980730708661415
 21
-3.9568930708661418
 31
0
  0
LINE
  5
7AC
330
1F
100
AcDbEntity
  8
B.Cu
  6
CONTINUOUS
100
AcDbLine
 10
7.3980730708661415
 20
-3.9568930708661418
 30
0
 11
7.3954731889763776
 21
-3.958394094488189
 31
0
  0
LINE
  5
7AD
330
1F
100
AcDbEntity
  8
B.Cu
  6
CONTINUOUS
100
AcDbLine
 10
7.3954731889763776
 20
-3.958394094488189
 30
0
 11
7.3925733858267719
 21
-3.9591711023622045
 31
0
  0
LINE
  5
7AE
330
1F
100
AcDbEntity
  8
B.Cu
  6
CONTINUOUS
100
AcDbLine
 10
7.3925733858267719
 20
-3.9591711023622045
 30
0
 11
7.3895712598425192
 21
-3.9591711023622045
 31
0
  0
LINE
  5
7AF
330
1F
100
AcDbEntity
  8
B.Cu
  6
CONTINUOUS
100
AcDbLine
 10
7.3895712598425192
 20
-3.9591711023622045
 30
0
 11
7.3866714566929135
 21
-3.958394094488189
 31
0
  0
LINE
  5
7B0
330
1F
100
AcDbEntity
  8
B.Cu
  6
CONTINUOUS
100
AcDbLine
 10
7.3866714566929135
 20
-3.958394094488189
 30
0
 11
7.3840715748031496
 21
-3.9568930708661418
 31
0
  0
LINE
  5
7B1
330
1F
100
AcDbEntity
  8
B.Cu
  6
CONTINUOUS
100
AcDbLine
 10
7.3840715748031496
 20
-3.9568930708661418
 30
0
 11
7.3819487401574797
 21
-3.9547702362204724
 31
0
  0
LINE
  5
7B2
330
1F
100
AcDbEntity
  8
B.Cu
  6
CONTINUOUS
100
AcDbLine
 10
7.3819487401574797
 20
-3.9547702362204724
 30
0
 11
7.380447716535433
 21
-3.9521703543307085
 31
0
  0
LINE
  5
7B3
330
1F
100
AcDbEntity
  8
B.Cu
  6
CONTINUOUS
100
AcDbLine
 10
7.380447716535433
 20
-3.9521703543307085
 30
0
 11
7.3796707086614175
 21
-3.9492705511811024
 31
0
  0
LINE
  5
7B4
330
1F
100
AcDbEntity
  8
B.Cu
  6
CONTINUOUS
100
AcDbLine
 10
7.3796707086614175
 20
-3.9492705511811024
 30
0
 11
7.3796707086614175
 21
-3.9462684251968505
 31
0
  0
LINE
  5
7B5
330
1F
100
AcDbEntity
  8
B.Cu
  6
CONTINUOUS
100
AcDbLine
 10
7.3796707086614175
 20
-3.9462684251968505
 30
0
 11
7.380447716535433
 21
-3.9433686220472439
 31
0
  0
LINE
  5
7B6
330
1F
100
AcDbEntity
  8
B.Cu
  6
CONTINUOUS
100
AcDbLine
 10
7.380447716535433
 20
-3.9433686220472439
 30
0
 11
7.3819487401574797
 21
-3.94076874015748
 31
0
  0
LINE
  5
7B7
330
1F
100
AcDbEntity
  8
B.Cu
  6
CONTINUOUS
100
AcDbLine
 10
7.3819487401574797
 20
-3.94076874015748
 30
0
 11
7.3840715748031496
 21
-3.938645905511811
 31
0
  0
LINE
  5
7B8
330
1F
100
AcDbEntity
  8
B.Cu
  6
CONTINUOUS
100
AcDbLine
 10
7.3840715748031496
 20
-3.938645905511811
 30
0
 11
7.3866714566929135
 21
-3.9371448818897639
 31
0
  0
LINE
  5
7B9
330
1F
100
AcDbEntity
  8
B.Cu
  6
CONTINUOUS
100
AcDbLine
 10
7.3866714566929135
 20
-3.9371448818897639
 30
0
 11
7.3895712598425192
 21
-3.9363678740157479
 31
0
  0
LINE
  5
7BA
330
1F
100
AcDbEntity
  8
B.Cu
  6
CONTINUOUS
100
AcDbLine
 10
7.3895712598425192
 20
-3.9363678740157479
 30
0
 11
7.3925733858267719
 21
-3.9363678740157479
 31
0
  0
LINE
  5
7BB
330
1F
100
AcDbEntity
  8
B.Cu
  6
CONTINUOUS
100
AcDbLine
 10
7.3925733858267719
 20
-3.9363678740157479
 30
0
 11
7.3954731889763776
 21
-3.9371448818897639
 31
0
  0
LINE
  5
7BC
330
1F
100
AcDbEntity
  8
B.Cu
  6
CONTINUOUS
100
AcDbLine
 10
7.3639771259842517
 20
-3.9371448425196851
 30
0
 11
7.3665770078740156
 21
-3.9386458661417323
 31
0
  0
LINE
  5
7BD
330
1F
100
AcDbEntity
  8
B.Cu
  6
CONTINUOUS
100
AcDbLine
 10
7.3665770078740156
 20
-3.9386458661417323
 30
0
 11
7.3686998425196846
 21
-3.9407687007874013
 31
0
  0
LINE
  5
7BE
330
1F
100
AcDbEntity
  8
B.Cu
  6
CONTINUOUS
100
AcDbLine
 10
7.3686998425196846
 20
-3.9407687007874013
 30
0
 11
7.3702008661417322
 21
-3.9433685826771652
 31
0
  0
LINE
  5
7BF
330
1F
100
AcDbEntity
  8
B.Cu
  6
CONTINUOUS
100
AcDbLine
 10
7.3702008661417322
 20
-3.9433685826771652
 30
0
 11
7.3709778740157477
 21
-3.9462683858267718
 31
0
  0
LINE
  5
7C0
330
1F
100
AcDbEntity
  8
B.Cu
  6
CONTINUOUS
100
AcDbLine
 10
7.3709778740157477
 20
-3.9462683858267718
 30
0
 11
7.3709778740157477
 21
-3.9492705118110236
 31
0
  0
LINE
  5
7C1
330
1F
100
AcDbEntity
  8
B.Cu
  6
CONTINUOUS
100
AcDbLine
 10
7.3709778740157477
 20
-3.9492705118110236
 30
0
 11
7.3702008661417322
 21
-3.9521703149606298
 31
0
  0
LINE
  5
7C2
330
1F
100
AcDbEntity
  8
B.Cu
  6
CONTINUOUS
100
AcDbLine
 10
7.3702008661417322
 20
-3.9521703149606298
 30
0
 11
7.3686998425196846
 21
-3.9547701968503937
 31
0
  0
LINE
  5
7C3
330
1F
100
AcDbEntity
  8
B.Cu
  6
CONTINUOUS
100
AcDbLine
 10
7.3686998425196846
 20
-3.9547701968503937
 30
0
 11
7.3665770078740156
 21
-3.9568930314960631
 31
0
  0
LINE
  5
7C4
330
1F
100
AcDbEntity
  8
B.Cu
  6
CONTINUOUS
100
AcDbLine
 10
7.3665770078740156
 20
-3.9568930314960631
 30
0
 11
7.3639771259842517
 21
-3.9583940551181103
 31
0
  0
LINE
  5
7C5
330
1F
100
AcDbEntity
  8
B.Cu
  6
CONTINUOUS
100
AcDbLine
 10
7.3639771259842517
 20
-3.9583940551181103
 30
0
 11
7.3610773228346451
 21
-3.9591710629921257
 31
0
  0
LINE
  5
7C6
330
1F
100
AcDbEntity
  8
B.Cu
  6
CONTINUOUS
100
AcDbLine
 10
7.3610773228346451
 20
-3.9591710629921257
 30
0
 11
7.3580751968503932
 21
-3.9591710629921257
 31
0
  0
LINE
  5
7C7
330
1F
100
AcDbEntity
  8
B.Cu
  6
CONTINUOUS
100
AcDbLine
 10
7.3580751968503932
 20
-3.9591710629921257
 30
0
 11
7.3551753937007875
 21
-3.9583940551181103
 31
0
  0
LINE
  5
7C8
330
1F
100
AcDbEntity
  8
B.Cu
  6
CONTINUOUS
100
AcDbLine
 10
7.3551753937007875
 20
-3.9583940551181103
 30
0
 11
7.3525755118110236
 21
-3.9568930314960631
 31
0
  0
LINE
  5
7C9
330
1F
100
AcDbEntity
  8
B.Cu
  6
CONTINUOUS
100
AcDbLine
 10
7.3525755118110236
 20
-3.9568930314960631
 30
0
 11
7.3504526771653538
 21
-3.9547701968503937
 31
0
  0
LINE
  5
7CA
330
1F
100
AcDbEntity
  8
B.Cu
  6
CONTINUOUS
100
AcDbLine
 10
7.3504526771653538
 20
-3.9547701968503937
 30
0
 11
7.348951653543307
 21
-3.9521703149606298
 31
0
  0
LINE
  5
7CB
330
1F
100
AcDbEntity
  8
B.Cu
  6
CONTINUOUS
100
AcDbLine
 10
7.348951653543307
 20
-3.9521703149606298
 30
0
 11
7.3481746456692916
 21
-3.9492705118110236
 31
0
  0
LINE
  5
7CC
330
1F
100
AcDbEntity
  8
B.Cu
  6
CONTINUOUS
100
AcDbLine
 10
7.3481746456692916
 20
-3.9492705118110236
 30
0
 11
7.3481746456692916
 21
-3.9462683858267718
 31
0
  0
LINE
  5
7CD
330
1F
100
AcDbEntity
  8
B.Cu
  6
CONTINUOUS
100
AcDbLine
 10
7.3481746456692916
 20
-3.9462683858267718
 30
0
 11
7.348951653543307
 21
-3.9433685826771652
 31
0
  0
LINE
  5
7CE
330
1F
100
AcDbEntity
  8
B.Cu
  6
CONTINUOUS
100
AcDbLine
 10
7.348951653543307
 20
-3.9433685826771652
 30
0
 11
7.3504526771653538
 21
-3.9407687007874013
 31
0
  0
LINE
  5
7CF
330
1F
100
AcDbEntity
  8
B.Cu
  6
CONTINUOUS
100
AcDbLine
 10
7.3504526771653538
 20
-3.9407687007874013
 30
0
 11
7.3525755118110236
 21
-3.9386458661417323
 31
0
  0
LINE
  5
7D0
330
1F
100
AcDbEntity
  8
B.Cu
  6
CONTINUOUS
100
AcDbLine
 10
7.3525755118110236
 20
-3.9386458661417323
 30
0
 11
7.3551753937007875
 21
-3.9371448425196851
 31
0
  0
LINE
  5
7D1
330
1F
100
AcDbEntity
  8
B.Cu
  6
CONTINUOUS
100
AcDbLine
 10
7.3551753937007875
 20
-3.9371448425196851
 30
0
 11
7.3580751968503932
 21
-3.9363678346456692
 31
0
  0
LINE
  5
7D2
330
1F
100
AcDbEntity
  8
B.Cu
  6
CONTINUOUS
100
AcDbLine
 10
7.3580751968503932
 20
-3.9363678346456692
 30
0
 11
7.3610773228346451
 21
-3.9363678346456692
 31
0
  0
LINE
  5
7D3
330
1F
100
AcDbEntity
  8
B.Cu
  6
CONTINUOUS
100
AcDbLine
 10
7.3610773228346451
 20
-3.9363678346456692
 30
0
 11
7.3639771259842517
 21
-3.9371448425196851
 31
0
  0
LINE
  5
7D4
330
1F
100
AcDbEntity
  8
B.Cu
  6
CONTINUOUS
100
AcDbLine
 10
6.7480230708661413
 20
-3.9319541338582678
 30
0
 11
6.7506229527559052
 21
-3.9334551574803149
 31
0
  0
LINE
  5
7D5
330
1F
100
AcDbEntity
  8
B.Cu
  6
CONTINUOUS
100
AcDbLine
 10
6.7506229527559052
 20
-3.9334551574803149
 30
0
 11
6.7527457874015751
 21
-3.9355779921259844
 31
0
  0
LINE
  5
7D6
330
1F
100
AcDbEntity
  8
B.Cu
  6
CONTINUOUS
100
AcDbLine
 10
6.7527457874015751
 20
-3.9355779921259844
 30
0
 11
6.7542468110236218
 21
-3.9381778740157478
 31
0
  0
LINE
  5
7D7
330
1F
100
AcDbEntity
  8
B.Cu
  6
CONTINUOUS
100
AcDbLine
 10
6.7542468110236218
 20
-3.9381778740157478
 30
0
 11
6.7550238188976373
 21
-3.9410776771653544
 31
0
  0
LINE
  5
7D8
330
1F
100
AcDbEntity
  8
B.Cu
  6
CONTINUOUS
100
AcDbLine
 10
6.7550238188976373
 20
-3.9410776771653544
 30
0
 11
6.7550238188976373
 21
-3.9440798031496063
 31
0
  0
LINE
  5
7D9
330
1F
100
AcDbEntity
  8
B.Cu
  6
CONTINUOUS
100
AcDbLine
 10
6.7550238188976373
 20
-3.9440798031496063
 30
0
 11
6.7542468110236218
 21
-3.9469796062992124
 31
0
  0
LINE
  5
7DA
330
1F
100
AcDbEntity
  8
B.Cu
  6
CONTINUOUS
100
AcDbLine
 10
6.7542468110236218
 20
-3.9469796062992124
 30
0
 11
6.7527457874015751
 21
-3.9495794881889763
 31
0
  0
LINE
  5
7DB
330
1F
100
AcDbEntity
  8
B.Cu
  6
CONTINUOUS
100
AcDbLine
 10
6.7527457874015751
 20
-3.9495794881889763
 30
0
 11
6.7506229527559052
 21
-3.9517023228346457
 31
0
  0
LINE
  5
7DC
330
1F
100
AcDbEntity
  8
B.Cu
  6
CONTINUOUS
100
AcDbLine
 10
6.7506229527559052
 20
-3.9517023228346457
 30
0
 11
6.7480230708661413
 21
-3.9532033464566929
 31
0
  0
LINE
  5
7DD
330
1F
100
AcDbEntity
  8
B.Cu
  6
CONTINUOUS
100
AcDbLine
 10
6.7480230708661413
 20
-3.9532033464566929
 30
0
 11
6.7451232677165356
 21
-3.9539803543307084
 31
0
  0
LINE
  5
7DE
330
1F
100
AcDbEntity
  8
B.Cu
  6
CONTINUOUS
100
AcDbLine
 10
6.7451232677165356
 20
-3.9539803543307084
 30
0
 11
6.7421211417322837
 21
-3.9539803543307084
 31
0
  0
LINE
  5
7DF
330
1F
100
AcDbEntity
  8
B.Cu
  6
CONTINUOUS
100
AcDbLine
 10
6.7421211417322837
 20
-3.9539803543307084
 30
0
 11
6.7392213385826771
 21
-3.9532033464566929
 31
0
  0
LINE
  5
7E0
330
1F
100
AcDbEntity
  8
B.Cu
  6
CONTINUOUS
100
AcDbLine
 10
6.7392213385826771
 20
-3.9532033464566929
 30
0
 11
6.7366214566929132
 21
-3.9517023228346457
 31
0
  0
LINE
  5
7E1
330
1F
100
AcDbEntity
  8
B.Cu
  6
CONTINUOUS
100
AcDbLine
 10
6.7366214566929132
 20
-3.9517023228346457
 30
0
 11
6.7344986220472443
 21
-3.9495794881889763
 31
0
  0
LINE
  5
7E2
330
1F
100
AcDbEntity
  8
B.Cu
  6
CONTINUOUS
100
AcDbLine
 10
6.7344986220472443
 20
-3.9495794881889763
 30
0
 11
6.7329975984251966
 21
-3.9469796062992124
 31
0
  0
LINE
  5
7E3
330
1F
100
AcDbEntity
  8
B.Cu
  6
CONTINUOUS
100
AcDbLine
 10
6.7329975984251966
 20
-3.9469796062992124
 30
0
 11
6.7322205905511812
 21
-3.9440798031496063
 31
0
  0
LINE
  5
7E4
330
1F
100
AcDbEntity
  8
B.Cu
  6
CONTINUOUS
100
AcDbLine
 10
6.7322205905511812
 20
-3.9440798031496063
 30
0
 11
6.7322205905511812
 21
-3.9410776771653544
 31
0
  0
LINE
  5
7E5
330
1F
100
AcDbEntity
  8
B.Cu
  6
CONTINUOUS
100
AcDbLine
 10
6.7322205905511812
 20
-3.9410776771653544
 30
0
 11
6.7329975984251966
 21
-3.9381778740157478
 31
0
  0
LINE
  5
7E6
330
1F
100
AcDbEntity
  8
B.Cu
  6
CONTINUOUS
100
AcDbLine
 10
6.7329975984251966
 20
-3.9381778740157478
 30
0
 11
6.7344986220472443
 21
-3.9355779921259844
 31
0
  0
LINE
  5
7E7
330
1F
100
AcDbEntity
  8
B.Cu
  6
CONTINUOUS
100
AcDbLine
 10
6.7344986220472443
 20
-3.9355779921259844
 30
0
 11
6.7366214566929132
 21
-3.9334551574803149
 31
0
  0
LINE
  5
7E8
330
1F
100
AcDbEntity
  8
B.Cu
  6
CONTINUOUS
100
AcDbLine
 10
6.7366214566929132
 20
-3.9334551574803149
 30
0
 11
6.7392213385826771
 21
-3.9319541338582678
 31
0
  0
LINE
  5
7E9
330
1F
100
AcDbEntity
  8
B.Cu
  6
CONTINUOUS
100
AcDbLine
 10
6.7392213385826771
 20
-3.9319541338582678
 30
0
 11
6.7421211417322837
 21
-3.9311771259842518
 31
0
  0
LINE
  5
7EA
330
1F
100
AcDbEntity
  8
B.Cu
  6
CONTINUOUS
100
AcDbLine
 10
6.7421211417322837
 20
-3.9311771259842518
 30
0
 11
6.7451232677165356
 21
-3.9311771259842518
 31
0
  0
LINE
  5
7EB
330
1F
100
AcDbEntity
  8
B.Cu
  6
CONTINUOUS
100
AcDbLine
 10
6.7451232677165356
 20
-3.9311771259842518
 30
0
 11
6.7480230708661413
 21
-3.9319541338582678
 31
0
  0
LINE
  5
7EC
330
1F
100
AcDbEntity
  8
B.Cu
  6
CONTINUOUS
100
AcDbLine
 10
6.7873931889763774
 20
-3.9319541338582678
 30
0
 11
6.7899930708661413
 21
-3.9334551574803149
 31
0
  0
LINE
  5
7ED
330
1F
100
AcDbEntity
  8
B.Cu
  6
CONTINUOUS
100
AcDbLine
 10
6.7899930708661413
 20
-3.9334551574803149
 30
0
 11
6.7921159055118112
 21
-3.9355779921259844
 31
0
  0
LINE
  5
7EE
330
1F
100
AcDbEntity
  8
B.Cu
  6
CONTINUOUS
100
AcDbLine
 10
6.7921159055118112
 20
-3.9355779921259844
 30
0
 11
6.793616929133858
 21
-3.9381778740157478
 31
0
  0
LINE
  5
7EF
330
1F
100
AcDbEntity
  8
B.Cu
  6
CONTINUOUS
100
AcDbLine
 10
6.793616929133858
 20
-3.9381778740157478
 30
0
 11
6.7943939370078734
 21
-3.9410776771653544
 31
0
  0
LINE
  5
7F0
330
1F
100
AcDbEntity
  8
B.Cu
  6
CONTINUOUS
100
AcDbLine
 10
6.7943939370078734
 20
-3.9410776771653544
 30
0
 11
6.7943939370078734
 21
-3.9440798031496063
 31
0
  0
LINE
  5
7F1
330
1F
100
AcDbEntity
  8
B.Cu
  6
CONTINUOUS
100
AcDbLine
 10
6.7943939370078734
 20
-3.9440798031496063
 30
0
 11
6.793616929133858
 21
-3.9469796062992124
 31
0
  0
LINE
  5
7F2
330
1F
100
AcDbEntity
  8
B.Cu
  6
CONTINUOUS
100
AcDbLine
 10
6.793616929133858
 20
-3.9469796062992124
 30
0
 11
6.7921159055118112
 21
-3.9495794881889763
 31
0
  0
LINE
  5
7F3
330
1F
100
AcDbEntity
  8
B.Cu
  6
CONTINUOUS
100
AcDbLine
 10
6.7921159055118112
 20
-3.9495794881889763
 30
0
 11
6.7899930708661413
 21
-3.9517023228346457
 31
0
  0
LINE
  5
7F4
330
1F
100
AcDbEntity
  8
B.Cu
  6
CONTINUOUS
100
AcDbLine
 10
6.7899930708661413
 20
-3.9517023228346457
 30
0
 11
6.7873931889763774
 21
-3.9532033464566929
 31
0
  0
LINE
  5
7F5
330
1F
100
AcDbEntity
  8
B.Cu
  6
CONTINUOUS
100
AcDbLine
 10
6.7873931889763774
 20
-3.9532033464566929
 30
0
 11
6.7844933858267717
 21
-3.9539803543307084
 31
0
  0
LINE
  5
7F6
330
1F
100
AcDbEntity
  8
B.Cu
  6
CONTINUOUS
100
AcDbLine
 10
6.7844933858267717
 20
-3.9539803543307084
 30
0
 11
6.7814912598425199
 21
-3.9539803543307084
 31
0
  0
LINE
  5
7F7
330
1F
100
AcDbEntity
  8
B.Cu
  6
CONTINUOUS
100
AcDbLine
 10
6.7814912598425199
 20
-3.9539803543307084
 30
0
 11
6.7785914566929133
 21
-3.9532033464566929
 31
0
  0
LINE
  5
7F8
330
1F
100
AcDbEntity
  8
B.Cu
  6
CONTINUOUS
100
AcDbLine
 10
6.7785914566929133
 20
-3.9532033464566929
 30
0
 11
6.7759915748031494
 21
-3.9517023228346457
 31
0
  0
LINE
  5
7F9
330
1F
100
AcDbEntity
  8
B.Cu
  6
CONTINUOUS
100
AcDbLine
 10
6.7759915748031494
 20
-3.9517023228346457
 30
0
 11
6.7738687401574804
 21
-3.9495794881889763
 31
0
  0
LINE
  5
7FA
330
1F
100
AcDbEntity
  8
B.Cu
  6
CONTINUOUS
100
AcDbLine
 10
6.7738687401574804
 20
-3.9495794881889763
 30
0
 11
6.7723677165354328
 21
-3.9469796062992124
 31
0
  0
LINE
  5
7FB
330
1F
100
AcDbEntity
  8
B.Cu
  6
CONTINUOUS
100
AcDbLine
 10
6.7723677165354328
 20
-3.9469796062992124
 30
0
 11
6.7715907086614173
 21
-3.9440798031496063
 31
0
  0
LINE
  5
7FC
330
1F
100
AcDbEntity
  8
B.Cu
  6
CONTINUOUS
100
AcDbLine
 10
6.7715907086614173
 20
-3.9440798031496063
 30
0
 11
6.7715907086614173
 21
-3.9410776771653544
 31
0
  0
LINE
  5
7FD
330
1F
100
AcDbEntity
  8
B.Cu
  6
CONTINUOUS
100
AcDbLine
 10
6.7715907086614173
 20
-3.9410776771653544
 30
0
 11
6.7723677165354328
 21
-3.9381778740157478
 31
0
  0
LINE
  5
7FE
330
1F
100
AcDbEntity
  8
B.Cu
  6
CONTINUOUS
100
AcDbLine
 10
6.7723677165354328
 20
-3.9381778740157478
 30
0
 11
6.7738687401574804
 21
-3.9355779921259844
 31
0
  0
LINE
  5
7FF
330
1F
100
AcDbEntity
  8
B.Cu
  6
CONTINUOUS
100
AcDbLine
 10
6.7738687401574804
 20
-3.9355779921259844
 30
0
 11
6.7759915748031494
 21
-3.9334551574803149
 31
0
  0
LINE
  5
800
330
1F
100
AcDbEntity
  8
B.Cu
  6
CONTINUOUS
100
AcDbLine
 10
6.7759915748031494
 20
-3.9334551574803149
 30
0
 11
6.7785914566929133
 21
-3.9319541338582678
 31
0
  0
LINE
  5
801
330
1F
100
AcDbEntity
  8
B.Cu
  6
CONTINUOUS
100
AcDbLine
 10
6.7785914566929133
 20
-3.9319541338582678
 30
0
 11
6.7814912598425199
 21
-3.9311771259842518
 31
0
  0
LINE
  5
802
330
1F
100
AcDbEntity
  8
B.Cu
  6
CONTINUOUS
100
AcDbLine
 10
6.7814912598425199
 20
-3.9311771259842518
 30
0
 11
6.7844933858267717
 21
-3.9311771259842518
 31
0
  0
LINE
  5
803
330
1F
100
AcDbEntity
  8
B.Cu
  6
CONTINUOUS
100
AcDbLine
 10
6.7844933858267717
 20
-3.9311771259842518
 30
0
 11
6.7873931889763774
 21
-3.9319541338582678
 31
0
  0
LINE
  5
804
330
1F
100
AcDbEntity
  8
B.Cu
  6
CONTINUOUS
100
AcDbLine
 10
7.0255821653543302
 20
-3.9312848031496062
 30
0
 11
7.0281820472440941
 21
-3.9327858267716533
 31
0
  0
LINE
  5
805
330
1F
100
AcDbEntity
  8
B.Cu
  6
CONTINUOUS
100
AcDbLine
 10
7.0281820472440941
 20
-3.9327858267716533
 30
0
 11
7.030304881889764
 21
-3.9349086614173228
 31
0
  0
LINE
  5
806
330
1F
100
AcDbEntity
  8
B.Cu
  6
CONTINUOUS
100
AcDbLine
 10
7.030304881889764
 20
-3.9349086614173228
 30
0
 11
7.0318059055118107
 21
-3.9375085433070867
 31
0
  0
LINE
  5
807
330
1F
100
AcDbEntity
  8
B.Cu
  6
CONTINUOUS
100
AcDbLine
 10
7.0318059055118107
 20
-3.9375085433070867
 30
0
 11
7.0325829133858262
 21
-3.9404083464566928
 31
0
  0
LINE
  5
808
330
1F
100
AcDbEntity
  8
B.Cu
  6
CONTINUOUS
100
AcDbLine
 10
7.0325829133858262
 20
-3.9404083464566928
 30
0
 11
7.0325829133858262
 21
-3.9434104724409447
 31
0
  0
LINE
  5
809
330
1F
100
AcDbEntity
  8
B.Cu
  6
CONTINUOUS
100
AcDbLine
 10
7.0325829133858262
 20
-3.9434104724409447
 30
0
 11
7.0318059055118107
 21
-3.9463102755905513
 31
0
  0
LINE
  5
80A
330
1F
100
AcDbEntity
  8
B.Cu
  6
CONTINUOUS
100
AcDbLine
 10
7.0318059055118107
 20
-3.9463102755905513
 30
0
 11
7.030304881889764
 21
-3.9489101574803147
 31
0
  0
LINE
  5
80B
330
1F
100
AcDbEntity
  8
B.Cu
  6
CONTINUOUS
100
AcDbLine
 10
7.030304881889764
 20
-3.9489101574803147
 30
0
 11
7.0281820472440941
 21
-3.9510329921259841
 31
0
  0
LINE
  5
80C
330
1F
100
AcDbEntity
  8
B.Cu
  6
CONTINUOUS
100
AcDbLine
 10
7.0281820472440941
 20
-3.9510329921259841
 30
0
 11
7.0255821653543302
 21
-3.9525340157480313
 31
0
  0
LINE
  5
80D
330
1F
100
AcDbEntity
  8
B.Cu
  6
CONTINUOUS
100
AcDbLine
 10
7.0255821653543302
 20
-3.9525340157480313
 30
0
 11
7.0226823622047245
 21
-3.9533110236220472
 31
0
  0
LINE
  5
80E
330
1F
100
AcDbEntity
  8
B.Cu
  6
CONTINUOUS
100
AcDbLine
 10
7.0226823622047245
 20
-3.9533110236220472
 30
0
 11
7.0196802362204727
 21
-3.9533110236220472
 31
0
  0
LINE
  5
80F
330
1F
100
AcDbEntity
  8
B.Cu
  6
CONTINUOUS
100
AcDbLine
 10
7.0196802362204727
 20
-3.9533110236220472
 30
0
 11
7.0167804330708661
 21
-3.9525340157480313
 31
0
  0
LINE
  5
810
330
1F
100
AcDbEntity
  8
B.Cu
  6
CONTINUOUS
100
AcDbLine
 10
7.0167804330708661
 20
-3.9525340157480313
 30
0
 11
7.0141805511811022
 21
-3.9510329921259841
 31
0
  0
LINE
  5
811
330
1F
100
AcDbEntity
  8
B.Cu
  6
CONTINUOUS
100
AcDbLine
 10
7.0141805511811022
 20
-3.9510329921259841
 30
0
 11
7.0120577165354332
 21
-3.9489101574803147
 31
0
  0
LINE
  5
812
330
1F
100
AcDbEntity
  8
B.Cu
  6
CONTINUOUS
100
AcDbLine
 10
7.0120577165354332
 20
-3.9489101574803147
 30
0
 11
7.0105566929133856
 21
-3.9463102755905513
 31
0
  0
LINE
  5
813
330
1F
100
AcDbEntity
  8
B.Cu
  6
CONTINUOUS
100
AcDbLine
 10
7.0105566929133856
 20
-3.9463102755905513
 30
0
 11
7.0097796850393701
 21
-3.9434104724409447
 31
0
  0
LINE
  5
814
330
1F
100
AcDbEntity
  8
B.Cu
  6
CONTINUOUS
100
AcDbLine
 10
7.0097796850393701
 20
-3.9434104724409447
 30
0
 11
7.0097796850393701
 21
-3.9404083464566928
 31
0
  0
LINE
  5
815
330
1F
100
AcDbEntity
  8
B.Cu
  6
CONTINUOUS
100
AcDbLine
 10
7.0097796850393701
 20
-3.9404083464566928
 30
0
 11
7.0105566929133856
 21
-3.9375085433070867
 31
0
  0
LINE
  5
816
330
1F
100
AcDbEntity
  8
B.Cu
  6
CONTINUOUS
100
AcDbLine
 10
7.0105566929133856
 20
-3.9375085433070867
 30
0
 11
7.0120577165354332
 21
-3.9349086614173228
 31
0
  0
LINE
  5
817
330
1F
100
AcDbEntity
  8
B.Cu
  6
CONTINUOUS
100
AcDbLine
 10
7.0120577165354332
 20
-3.9349086614173228
 30
0
 11
7.0141805511811022
 21
-3.9327858267716533
 31
0
  0
LINE
  5
818
330
1F
100
AcDbEntity
  8
B.Cu
  6
CONTINUOUS
100
AcDbLine
 10
7.0141805511811022
 20
-3.9327858267716533
 30
0
 11
7.0167804330708661
 21
-3.9312848031496062
 31
0
  0
LINE
  5
819
330
1F
100
AcDbEntity
  8
B.Cu
  6
CONTINUOUS
100
AcDbLine
 10
7.0167804330708661
 20
-3.9312848031496062
 30
0
 11
7.0196802362204727
 21
-3.9305077952755902
 31
0
  0
LINE
  5
81A
330
1F
100
AcDbEntity
  8
B.Cu
  6
CONTINUOUS
100
AcDbLine
 10
7.0196802362204727
 20
-3.9305077952755902
 30
0
 11
7.0226823622047245
 21
-3.9305077952755902
 31
0
  0
LINE
  5
81B
330
1F
100
AcDbEntity
  8
B.Cu
  6
CONTINUOUS
100
AcDbLine
 10
7.0226823622047245
 20
-3.9305077952755902
 30
0
 11
7.0255821653543302
 21
-3.9312848031496062
 31
0
  0
LINE
  5
81C
330
1F
100
AcDbEntity
  8
B.Cu
  6
CONTINUOUS
100
AcDbLine
 10
6.8818813779527561
 20
-3.9280172047244095
 30
0
 11
6.8844812598425191
 21
-3.9295182283464567
 31
0
  0
LINE
  5
81D
330
1F
100
AcDbEntity
  8
B.Cu
  6
CONTINUOUS
100
AcDbLine
 10
6.8844812598425191
 20
-3.9295182283464567
 30
0
 11
6.886604094488189
 21
-3.9316410629921257
 31
0
  0
LINE
  5
81E
330
1F
100
AcDbEntity
  8
B.Cu
  6
CONTINUOUS
100
AcDbLine
 10
6.886604094488189
 20
-3.9316410629921257
 30
0
 11
6.8881051181102357
 21
-3.9342409448818896
 31
0
  0
LINE
  5
81F
330
1F
100
AcDbEntity
  8
B.Cu
  6
CONTINUOUS
100
AcDbLine
 10
6.8881051181102357
 20
-3.9342409448818896
 30
0
 11
6.8888821259842521
 21
-3.9371407480314962
 31
0
  0
LINE
  5
820
330
1F
100
AcDbEntity
  8
B.Cu
  6
CONTINUOUS
100
AcDbLine
 10
6.8888821259842521
 20
-3.9371407480314962
 30
0
 11
6.8888821259842521
 21
-3.940142874015748
 31
0
  0
LINE
  5
821
330
1F
100
AcDbEntity
  8
B.Cu
  6
CONTINUOUS
100
AcDbLine
 10
6.8888821259842521
 20
-3.940142874015748
 30
0
 11
6.8881051181102357
 21
-3.9430426771653542
 31
0
  0
LINE
  5
822
330
1F
100
AcDbEntity
  8
B.Cu
  6
CONTINUOUS
100
AcDbLine
 10
6.8881051181102357
 20
-3.9430426771653542
 30
0
 11
6.886604094488189
 21
-3.9456425590551181
 31
0
  0
LINE
  5
823
330
1F
100
AcDbEntity
  8
B.Cu
  6
CONTINUOUS
100
AcDbLine
 10
6.886604094488189
 20
-3.9456425590551181
 30
0
 11
6.8844812598425191
 21
-3.9477653937007875
 31
0
  0
LINE
  5
824
330
1F
100
AcDbEntity
  8
B.Cu
  6
CONTINUOUS
100
AcDbLine
 10
6.8844812598425191
 20
-3.9477653937007875
 30
0
 11
6.8818813779527561
 21
-3.9492664173228347
 31
0
  0
LINE
  5
825
330
1F
100
AcDbEntity
  8
B.Cu
  6
CONTINUOUS
100
AcDbLine
 10
6.8818813779527561
 20
-3.9492664173228347
 30
0
 11
6.8789815748031495
 21
-3.9500434251968501
 31
0
  0
LINE
  5
826
330
1F
100
AcDbEntity
  8
B.Cu
  6
CONTINUOUS
100
AcDbLine
 10
6.8789815748031495
 20
-3.9500434251968501
 30
0
 11
6.8759794488188977
 21
-3.9500434251968501
 31
0
  0
LINE
  5
827
330
1F
100
AcDbEntity
  8
B.Cu
  6
CONTINUOUS
100
AcDbLine
 10
6.8759794488188977
 20
-3.9500434251968501
 30
0
 11
6.8730796456692911
 21
-3.9492664173228347
 31
0
  0
LINE
  5
828
330
1F
100
AcDbEntity
  8
B.Cu
  6
CONTINUOUS
100
AcDbLine
 10
6.8730796456692911
 20
-3.9492664173228347
 30
0
 11
6.8704797637795272
 21
-3.9477653937007875
 31
0
  0
LINE
  5
829
330
1F
100
AcDbEntity
  8
B.Cu
  6
CONTINUOUS
100
AcDbLine
 10
6.8704797637795272
 20
-3.9477653937007875
 30
0
 11
6.8683569291338582
 21
-3.9456425590551181
 31
0
  0
LINE
  5
82A
330
1F
100
AcDbEntity
  8
B.Cu
  6
CONTINUOUS
100
AcDbLine
 10
6.8683569291338582
 20
-3.9456425590551181
 30
0
 11
6.8668559055118106
 21
-3.9430426771653542
 31
0
  0
LINE
  5
82B
330
1F
100
AcDbEntity
  8
B.Cu
  6
CONTINUOUS
100
AcDbLine
 10
6.8668559055118106
 20
-3.9430426771653542
 30
0
 11
6.8660788976377951
 21
-3.940142874015748
 31
0
  0
LINE
  5
82C
330
1F
100
AcDbEntity
  8
B.Cu
  6
CONTINUOUS
100
AcDbLine
 10
6.8660788976377951
 20
-3.940142874015748
 30
0
 11
6.8660788976377951
 21
-3.9371407480314962
 31
0
  0
LINE
  5
82D
330
1F
100
AcDbEntity
  8
B.Cu
  6
CONTINUOUS
100
AcDbLine
 10
6.8660788976377951
 20
-3.9371407480314962
 30
0
 11
6.8668559055118106
 21
-3.9342409448818896
 31
0
  0
LINE
  5
82E
330
1F
100
AcDbEntity
  8
B.Cu
  6
CONTINUOUS
100
AcDbLine
 10
6.8668559055118106
 20
-3.9342409448818896
 30
0
 11
6.8683569291338582
 21
-3.9316410629921257
 31
0
  0
LINE
  5
82F
330
1F
100
AcDbEntity
  8
B.Cu
  6
CONTINUOUS
100
AcDbLine
 10
6.8683569291338582
 20
-3.9316410629921257
 30
0
 11
6.8704797637795272
 21
-3.9295182283464567
 31
0
  0
LINE
  5
830
330
1F
100
AcDbEntity
  8
B.Cu
  6
CONTINUOUS
100
AcDbLine
 10
6.8704797637795272
 20
-3.9295182283464567
 30
0
 11
6.8730796456692911
 21
-3.9280172047244095
 31
0
  0
LINE
  5
831
330
1F
100
AcDbEntity
  8
B.Cu
  6
CONTINUOUS
100
AcDbLine
 10
6.8730796456692911
 20
-3.9280172047244095
 30
0
 11
6.8759794488188977
 21
-3.9272401968503936
 31
0
  0
LINE
  5
832
330
1F
100
AcDbEntity
  8
B.Cu
  6
CONTINUOUS
100
AcDbLine
 10
6.8759794488188977
 20
-3.9272401968503936
 30
0
 11
6.8789815748031495
 21
-3.9272401968503936
 31
0
  0
LINE
  5
833
330
1F
100
AcDbEntity
  8
B.Cu
  6
CONTINUOUS
100
AcDbLine
 10
6.8789815748031495
 20
-3.9272401968503936
 30
0
 11
6.8818813779527561
 21
-3.9280172047244095
 31
0
  0
LINE
  5
834
330
1F
100
AcDbEntity
  8
B.Cu
  6
CONTINUOUS
100
AcDbLine
 10
6.5965271653543303
 20
-3.7469148031496062
 30
0
 11
6.5991270472440942
 21
-3.7484158267716534
 31
0
  0
LINE
  5
835
330
1F
100
AcDbEntity
  8
B.Cu
  6
CONTINUOUS
100
AcDbLine
 10
6.5991270472440942
 20
-3.7484158267716534
 30
0
 11
6.601249881889764
 21
-3.7505386614173228
 31
0
  0
LINE
  5
836
330
1F
100
AcDbEntity
  8
B.Cu
  6
CONTINUOUS
100
AcDbLine
 10
6.601249881889764
 20
-3.7505386614173228
 30
0
 11
6.6027509055118108
 21
-3.7531385433070867
 31
0
  0
LINE
  5
837
330
1F
100
AcDbEntity
  8
B.Cu
  6
CONTINUOUS
100
AcDbLine
 10
6.6027509055118108
 20
-3.7531385433070867
 30
0
 11
6.6035279133858262
 21
-3.7560383464566929
 31
0
  0
LINE
  5
838
330
1F
100
AcDbEntity
  8
B.Cu
  6
CONTINUOUS
100
AcDbLine
 10
6.6035279133858262
 20
-3.7560383464566929
 30
0
 11
6.6035279133858262
 21
-3.7590404724409447
 31
0
  0
LINE
  5
839
330
1F
100
AcDbEntity
  8
B.Cu
  6
CONTINUOUS
100
AcDbLine
 10
6.6035279133858262
 20
-3.7590404724409447
 30
0
 11
6.6027509055118108
 21
-3.7619402755905509
 31
0
  0
LINE
  5
83A
330
1F
100
AcDbEntity
  8
B.Cu
  6
CONTINUOUS
100
AcDbLine
 10
6.6027509055118108
 20
-3.7619402755905509
 30
0
 11
6.601249881889764
 21
-3.7645401574803148
 31
0
  0
LINE
  5
83B
330
1F
100
AcDbEntity
  8
B.Cu
  6
CONTINUOUS
100
AcDbLine
 10
6.601249881889764
 20
-3.7645401574803148
 30
0
 11
6.5991270472440942
 21
-3.7666629921259842
 31
0
  0
LINE
  5
83C
330
1F
100
AcDbEntity
  8
B.Cu
  6
CONTINUOUS
100
AcDbLine
 10
6.5991270472440942
 20
-3.7666629921259842
 30
0
 11
6.5965271653543303
 21
-3.7681640157480314
 31
0
  0
LINE
  5
83D
330
1F
100
AcDbEntity
  8
B.Cu
  6
CONTINUOUS
100
AcDbLine
 10
6.5965271653543303
 20
-3.7681640157480314
 30
0
 11
6.5936273622047246
 21
-3.7689410236220473
 31
0
  0
LINE
  5
83E
330
1F
100
AcDbEntity
  8
B.Cu
  6
CONTINUOUS
100
AcDbLine
 10
6.5936273622047246
 20
-3.7689410236220473
 30
0
 11
6.5906252362204727
 21
-3.7689410236220473
 31
0
  0
LINE
  5
83F
330
1F
100
AcDbEntity
  8
B.Cu
  6
CONTINUOUS
100
AcDbLine
 10
6.5906252362204727
 20
-3.7689410236220473
 30
0
 11
6.5877254330708661
 21
-3.7681640157480314
 31
0
  0
LINE
  5
840
330
1F
100
AcDbEntity
  8
B.Cu
  6
CONTINUOUS
100
AcDbLine
 10
6.5877254330708661
 20
-3.7681640157480314
 30
0
 11
6.5851255511811022
 21
-3.7666629921259842
 31
0
  0
LINE
  5
841
330
1F
100
AcDbEntity
  8
B.Cu
  6
CONTINUOUS
100
AcDbLine
 10
6.5851255511811022
 20
-3.7666629921259842
 30
0
 11
6.5830027165354332
 21
-3.7645401574803148
 31
0
  0
LINE
  5
842
330
1F
100
AcDbEntity
  8
B.Cu
  6
CONTINUOUS
100
AcDbLine
 10
6.5830027165354332
 20
-3.7645401574803148
 30
0
 11
6.5818475590551175
 21
-3.76253937007874
 31
0
  0
LINE
  5
843
330
1F
100
AcDbEntity
  8
B.Cu
  6
CONTINUOUS
100
AcDbLine
 10
6.5818475590551175
 20
-3.76253937007874
 30
0
 11
6.5804177559055113
 21
-3.76253937007874
 31
0
  0
LINE
  5
844
330
1F
100
AcDbEntity
  8
B.Cu
  6
CONTINUOUS
100
AcDbLine
 10
6.5804177559055113
 20
-3.76253937007874
 30
0
 11
6.4731104724409452
 21
-3.8698466929133857
 31
0
  0
LINE
  5
845
330
1F
100
AcDbEntity
  8
B.Cu
  6
CONTINUOUS
100
AcDbLine
 10
6.4731104724409452
 20
-3.8698466929133857
 30
0
 11
6.4731104724409452
 21
-3.9283630314960627
 31
0
  0
LINE
  5
846
330
1F
100
AcDbEntity
  8
B.Cu
  6
CONTINUOUS
100
AcDbLine
 10
6.4731104724409452
 20
-3.9283630314960627
 30
0
 11
6.4751112204724404
 21
-3.9295181496062992
 31
0
  0
LINE
  5
847
330
1F
100
AcDbEntity
  8
B.Cu
  6
CONTINUOUS
100
AcDbLine
 10
6.4751112204724404
 20
-3.9295181496062992
 30
0
 11
6.4772340551181102
 21
-3.9316409842519686
 31
0
  0
LINE
  5
848
330
1F
100
AcDbEntity
  8
B.Cu
  6
CONTINUOUS
100
AcDbLine
 10
6.4772340551181102
 20
-3.9316409842519686
 30
0
 11
6.478735078740157
 21
-3.9342408661417321
 31
0
  0
LINE
  5
849
330
1F
100
AcDbEntity
  8
B.Cu
  6
CONTINUOUS
100
AcDbLine
 10
6.478735078740157
 20
-3.9342408661417321
 30
0
 11
6.4795120866141733
 21
-3.9371406692913387
 31
0
  0
LINE
  5
84A
330
1F
100
AcDbEntity
  8
B.Cu
  6
CONTINUOUS
100
AcDbLine
 10
6.4795120866141733
 20
-3.9371406692913387
 30
0
 11
6.4795120866141733
 21
-3.9401427952755905
 31
0
  0
LINE
  5
84B
330
1F
100
AcDbEntity
  8
B.Cu
  6
CONTINUOUS
100
AcDbLine
 10
6.4795120866141733
 20
-3.9401427952755905
 30
0
 11
6.478735078740157
 21
-3.9430425984251967
 31
0
  0
LINE
  5
84C
330
1F
100
AcDbEntity
  8
B.Cu
  6
CONTINUOUS
100
AcDbLine
 10
6.478735078740157
 20
-3.9430425984251967
 30
0
 11
6.4772340551181102
 21
-3.9456424803149606
 31
0
  0
LINE
  5
84D
330
1F
100
AcDbEntity
  8
B.Cu
  6
CONTINUOUS
100
AcDbLine
 10
6.4772340551181102
 20
-3.9456424803149606
 30
0
 11
6.4751112204724404
 21
-3.94776531496063
 31
0
  0
LINE
  5
84E
330
1F
100
AcDbEntity
  8
B.Cu
  6
CONTINUOUS
100
AcDbLine
 10
6.4751112204724404
 20
-3.94776531496063
 30
0
 11
6.4725113385826774
 21
-3.9492663385826772
 31
0
  0
LINE
  5
84F
330
1F
100
AcDbEntity
  8
B.Cu
  6
CONTINUOUS
100
AcDbLine
 10
6.4725113385826774
 20
-3.9492663385826772
 30
0
 11
6.4696115354330708
 21
-3.9500433464566926
 31
0
  0
LINE
  5
850
330
1F
100
AcDbEntity
  8
B.Cu
  6
CONTINUOUS
100
AcDbLine
 10
6.4696115354330708
 20
-3.9500433464566926
 30
0
 11
6.4666094094488189
 21
-3.9500433464566926
 31
0
  0
LINE
  5
851
330
1F
100
AcDbEntity
  8
B.Cu
  6
CONTINUOUS
100
AcDbLine
 10
6.4666094094488189
 20
-3.9500433464566926
 30
0
 11
6.4637096062992123
 21
-3.9492663385826772
 31
0
  0
LINE
  5
852
330
1F
100
AcDbEntity
  8
B.Cu
  6
CONTINUOUS
100
AcDbLine
 10
6.4637096062992123
 20
-3.9492663385826772
 30
0
 11
6.4611097244094484
 21
-3.94776531496063
 31
0
  0
LINE
  5
853
330
1F
100
AcDbEntity
  8
B.Cu
  6
CONTINUOUS
100
AcDbLine
 10
6.4611097244094484
 20
-3.94776531496063
 30
0
 11
6.4589868897637794
 21
-3.9456424803149606
 31
0
  0
LINE
  5
854
330
1F
100
AcDbEntity
  8
B.Cu
  6
CONTINUOUS
100
AcDbLine
 10
6.4589868897637794
 20
-3.9456424803149606
 30
0
 11
6.4574858661417318
 21
-3.9430425984251967
 31
0
  0
LINE
  5
855
330
1F
100
AcDbEntity
  8
B.Cu
  6
CONTINUOUS
100
AcDbLine
 10
6.4574858661417318
 20
-3.9430425984251967
 30
0
 11
6.4567088582677163
 21
-3.9401427952755905
 31
0
  0
LINE
  5
856
330
1F
100
AcDbEntity
  8
B.Cu
  6
CONTINUOUS
100
AcDbLine
 10
6.4567088582677163
 20
-3.9401427952755905
 30
0
 11
6.4567088582677163
 21
-3.9371406692913387
 31
0
  0
LINE
  5
857
330
1F
100
AcDbEntity
  8
B.Cu
  6
CONTINUOUS
100
AcDbLine
 10
6.4567088582677163
 20
-3.9371406692913387
 30
0
 11
6.4574858661417318
 21
-3.9342408661417321
 31
0
  0
LINE
  5
858
330
1F
100
AcDbEntity
  8
B.Cu
  6
CONTINUOUS
100
AcDbLine
 10
6.4574858661417318
 20
-3.9342408661417321
 30
0
 11
6.4589868897637794
 21
-3.9316409842519686
 31
0
  0
LINE
  5
859
330
1F
100
AcDbEntity
  8
B.Cu
  6
CONTINUOUS
100
AcDbLine
 10
6.4589868897637794
 20
-3.9316409842519686
 30
0
 11
6.4611097244094484
 21
-3.9295181496062992
 31
0
  0
LINE
  5
85A
330
1F
100
AcDbEntity
  8
B.Cu
  6
CONTINUOUS
100
AcDbLine
 10
6.4611097244094484
 20
-3.9295181496062992
 30
0
 11
6.4631104724409445
 21
-3.9283630314960627
 31
0
  0
LINE
  5
85B
330
1F
100
AcDbEntity
  8
B.Cu
  6
CONTINUOUS
100
AcDbLine
 10
6.4631104724409445
 20
-3.9283630314960627
 30
0
 11
6.4631104724409445
 21
-3.8677755905511808
 31
0
  0
LINE
  5
85C
330
1F
100
AcDbEntity
  8
B.Cu
  6
CONTINUOUS
100
AcDbLine
 10
6.4631104724409445
 20
-3.8677755905511808
 30
0
 11
6.4632065354330708
 21
-3.866800157480315
 31
0
  0
LINE
  5
85D
330
1F
100
AcDbEntity
  8
B.Cu
  6
CONTINUOUS
100
AcDbLine
 10
6.4632065354330708
 20
-3.866800157480315
 30
0
 11
6.4639531102362202
 21
-3.8649977559055118
 31
0
  0
LINE
  5
85E
330
1F
100
AcDbEntity
  8
B.Cu
  6
CONTINUOUS
100
AcDbLine
 10
6.4639531102362202
 20
-3.8649977559055118
 30
0
 11
6.463953149606299
 21
-3.864997716535433
 31
0
  0
LINE
  5
85F
330
1F
100
AcDbEntity
  8
B.Cu
  6
CONTINUOUS
100
AcDbLine
 10
6.463953149606299
 20
-3.864997716535433
 30
0
 11
6.4645749212598425
 21
-3.8642400393700789
 31
0
  0
LINE
  5
860
330
1F
100
AcDbEntity
  8
B.Cu
  6
CONTINUOUS
100
AcDbLine
 10
6.4645749212598425
 20
-3.8642400393700789
 30
0
 11
6.5748111417322832
 21
-3.7540038188976377
 31
0
  0
LINE
  5
861
330
1F
100
AcDbEntity
  8
B.Cu
  6
CONTINUOUS
100
AcDbLine
 10
6.5748111417322832
 20
-3.7540038188976377
 30
0
 11
6.5755688188976373
 21
-3.7533820078740159
 31
0
  0
LINE
  5
862
330
1F
100
AcDbEntity
  8
B.Cu
  6
CONTINUOUS
100
AcDbLine
 10
6.5755688188976373
 20
-3.7533820078740159
 30
0
 11
6.5773712204724406
 21
-3.752635433070866
 31
0
  0
LINE
  5
863
330
1F
100
AcDbEntity
  8
B.Cu
  6
CONTINUOUS
100
AcDbLine
 10
6.5773712204724406
 20
-3.752635433070866
 30
0
 11
6.5773712598425194
 21
-3.752635433070866
 31
0
  0
LINE
  5
864
330
1F
100
AcDbEntity
  8
B.Cu
  6
CONTINUOUS
100
AcDbLine
 10
6.5773712598425194
 20
-3.752635433070866
 30
0
 11
6.578346692913386
 21
-3.7525393700787402
 31
0
  0
LINE
  5
865
330
1F
100
AcDbEntity
  8
B.Cu
  6
CONTINUOUS
100
AcDbLine
 10
6.578346692913386
 20
-3.7525393700787402
 30
0
 11
6.5818475984251963
 21
-3.7525393700787402
 31
0
  0
LINE
  5
866
330
1F
100
AcDbEntity
  8
B.Cu
  6
CONTINUOUS
100
AcDbLine
 10
6.5818475984251963
 20
-3.7525393700787402
 30
0
 11
6.5830027165354332
 21
-3.7505386614173228
 31
0
  0
LINE
  5
867
330
1F
100
AcDbEntity
  8
B.Cu
  6
CONTINUOUS
100
AcDbLine
 10
6.5830027165354332
 20
-3.7505386614173228
 30
0
 11
6.5851255511811022
 21
-3.7484158267716534
 31
0
  0
LINE
  5
868
330
1F
100
AcDbEntity
  8
B.Cu
  6
CONTINUOUS
100
AcDbLine
 10
6.5851255511811022
 20
-3.7484158267716534
 30
0
 11
6.5877254330708661
 21
-3.7469148031496062
 31
0
  0
LINE
  5
869
330
1F
100
AcDbEntity
  8
B.Cu
  6
CONTINUOUS
100
AcDbLine
 10
6.5877254330708661
 20
-3.7469148031496062
 30
0
 11
6.5906252362204727
 21
-3.7461377952755903
 31
0
  0
LINE
  5
86A
330
1F
100
AcDbEntity
  8
B.Cu
  6
CONTINUOUS
100
AcDbLine
 10
6.5906252362204727
 20
-3.7461377952755903
 30
0
 11
6.5936273622047246
 21
-3.7461377952755903
 31
0
  0
LINE
  5
86B
330
1F
100
AcDbEntity
  8
B.Cu
  6
CONTINUOUS
100
AcDbLine
 10
6.5936273622047246
 20
-3.7461377952755903
 30
0
 11
6.5965271653543303
 21
-3.7469148031496062
 31
0
  0
LINE
  5
86C
330
1F
100
AcDbEntity
  8
B.Cu
  6
CONTINUOUS
100
AcDbLine
 10
6.9292042519685042
 20
-3.928017125984252
 30
0
 11
6.9318041338582672
 21
-3.9295181496062992
 31
0
  0
LINE
  5
86D
330
1F
100
AcDbEntity
  8
B.Cu
  6
CONTINUOUS
100
AcDbLine
 10
6.9318041338582672
 20
-3.9295181496062992
 30
0
 11
6.9339269685039371
 21
-3.9316409842519686
 31
0
  0
LINE
  5
86E
330
1F
100
AcDbEntity
  8
B.Cu
  6
CONTINUOUS
100
AcDbLine
 10
6.9339269685039371
 20
-3.9316409842519686
 30
0
 11
6.9354279921259838
 21
-3.9342408661417321
 31
0
  0
LINE
  5
86F
330
1F
100
AcDbEntity
  8
B.Cu
  6
CONTINUOUS
100
AcDbLine
 10
6.9354279921259838
 20
-3.9342408661417321
 30
0
 11
6.9362050000000002
 21
-3.9371406692913387
 31
0
  0
LINE
  5
870
330
1F
100
AcDbEntity
  8
B.Cu
  6
CONTINUOUS
100
AcDbLine
 10
6.9362050000000002
 20
-3.9371406692913387
 30
0
 11
6.9362050000000002
 21
-3.9401427952755905
 31
0
  0
LINE
  5
871
330
1F
100
AcDbEntity
  8
B.Cu
  6
CONTINUOUS
100
AcDbLine
 10
6.9362050000000002
 20
-3.9401427952755905
 30
0
 11
6.9354279921259838
 21
-3.9430425984251967
 31
0
  0
LINE
  5
872
330
1F
100
AcDbEntity
  8
B.Cu
  6
CONTINUOUS
100
AcDbLine
 10
6.9354279921259838
 20
-3.9430425984251967
 30
0
 11
6.9339269685039371
 21
-3.9456424803149606
 31
0
  0
LINE
  5
873
330
1F
100
AcDbEntity
  8
B.Cu
  6
CONTINUOUS
100
AcDbLine
 10
6.9339269685039371
 20
-3.9456424803149606
 30
0
 11
6.9318041338582672
 21
-3.94776531496063
 31
0
  0
LINE
  5
874
330
1F
100
AcDbEntity
  8
B.Cu
  6
CONTINUOUS
100
AcDbLine
 10
6.9318041338582672
 20
-3.94776531496063
 30
0
 11
6.9292042519685042
 21
-3.9492663385826772
 31
0
  0
LINE
  5
875
330
1F
100
AcDbEntity
  8
B.Cu
  6
CONTINUOUS
100
AcDbLine
 10
6.9292042519685042
 20
-3.9492663385826772
 30
0
 11
6.9263044488188976
 21
-3.9500433464566926
 31
0
  0
LINE
  5
876
330
1F
100
AcDbEntity
  8
B.Cu
  6
CONTINUOUS
100
AcDbLine
 10
6.9263044488188976
 20
-3.9500433464566926
 30
0
 11
6.9233023228346458
 21
-3.9500433464566926
 31
0
  0
LINE
  5
877
330
1F
100
AcDbEntity
  8
B.Cu
  6
CONTINUOUS
100
AcDbLine
 10
6.9233023228346458
 20
-3.9500433464566926
 30
0
 11
6.9204025196850392
 21
-3.9492663385826772
 31
0
  0
LINE
  5
878
330
1F
100
AcDbEntity
  8
B.Cu
  6
CONTINUOUS
100
AcDbLine
 10
6.9204025196850392
 20
-3.9492663385826772
 30
0
 11
6.9178026377952753
 21
-3.94776531496063
 31
0
  0
LINE
  5
879
330
1F
100
AcDbEntity
  8
B.Cu
  6
CONTINUOUS
100
AcDbLine
 10
6.9178026377952753
 20
-3.94776531496063
 30
0
 11
6.9156798031496063
 21
-3.9456424803149606
 31
0
  0
LINE
  5
87A
330
1F
100
AcDbEntity
  8
B.Cu
  6
CONTINUOUS
100
AcDbLine
 10
6.9156798031496063
 20
-3.9456424803149606
 30
0
 11
6.9141787795275587
 21
-3.9430425984251967
 31
0
  0
LINE
  5
87B
330
1F
100
AcDbEntity
  8
B.Cu
  6
CONTINUOUS
100
AcDbLine
 10
6.9141787795275587
 20
-3.9430425984251967
 30
0
 11
6.9134017716535432
 21
-3.9401427952755905
 31
0
  0
LINE
  5
87C
330
1F
100
AcDbEntity
  8
B.Cu
  6
CONTINUOUS
100
AcDbLine
 10
6.9134017716535432
 20
-3.9401427952755905
 30
0
 11
6.9134017716535432
 21
-3.9371406692913387
 31
0
  0
LINE
  5
87D
330
1F
100
AcDbEntity
  8
B.Cu
  6
CONTINUOUS
100
AcDbLine
 10
6.9134017716535432
 20
-3.9371406692913387
 30
0
 11
6.9141787795275587
 21
-3.9342408661417321
 31
0
  0
LINE
  5
87E
330
1F
100
AcDbEntity
  8
B.Cu
  6
CONTINUOUS
100
AcDbLine
 10
6.9141787795275587
 20
-3.9342408661417321
 30
0
 11
6.9156798031496063
 21
-3.9316409842519686
 31
0
  0
LINE
  5
87F
330
1F
100
AcDbEntity
  8
B.Cu
  6
CONTINUOUS
100
AcDbLine
 10
6.9156798031496063
 20
-3.9316409842519686
 30
0
 11
6.9178026377952753
 21
-3.9295181496062992
 31
0
  0
LINE
  5
880
330
1F
100
AcDbEntity
  8
B.Cu
  6
CONTINUOUS
100
AcDbLine
 10
6.9178026377952753
 20
-3.9295181496062992
 30
0
 11
6.9204025196850392
 21
-3.928017125984252
 31
0
  0
LINE
  5
881
330
1F
100
AcDbEntity
  8
B.Cu
  6
CONTINUOUS
100
AcDbLine
 10
6.9204025196850392
 20
-3.928017125984252
 30
0
 11
6.9233023228346458
 21
-3.9272401181102361
 31
0
  0
LINE
  5
882
330
1F
100
AcDbEntity
  8
B.Cu
  6
CONTINUOUS
100
AcDbLine
 10
6.9233023228346458
 20
-3.9272401181102361
 30
0
 11
6.9263044488188976
 21
-3.9272401181102361
 31
0
  0
LINE
  5
883
330
1F
100
AcDbEntity
  8
B.Cu
  6
CONTINUOUS
100
AcDbLine
 10
6.9263044488188976
 20
-3.9272401181102361
 30
0
 11
6.9292042519685042
 21
-3.928017125984252
 31
0
  0
LINE
  5
884
330
1F
100
AcDbEntity
  8
B.Cu
  6
CONTINUOUS
100
AcDbLine
 10
5.3831027559055116
 20
-3.9257612598425196
 30
0
 11
5.3857729527559055
 21
-3.9273029133858266
 31
0
  0
LINE
  5
885
330
1F
100
AcDbEntity
  8
B.Cu
  6
CONTINUOUS
100
AcDbLine
 10
5.3857729527559055
 20
-3.9273029133858266
 30
0
 11
5.3879531889763781
 21
-3.9294831496062992
 31
0
  0
LINE
  5
886
330
1F
100
AcDbEntity
  8
B.Cu
  6
CONTINUOUS
100
AcDbLine
 10
5.3879531889763781
 20
-3.9294831496062992
 30
0
 11
5.3894948425196851
 21
-3.9321533464566927
 31
0
  0
LINE
  5
887
330
1F
100
AcDbEntity
  8
B.Cu
  6
CONTINUOUS
100
AcDbLine
 10
5.3894948425196851
 20
-3.9321533464566927
 30
0
 11
5.3902928346456696
 21
-3.9351315748031497
 31
0
  0
LINE
  5
888
330
1F
100
AcDbEntity
  8
B.Cu
  6
CONTINUOUS
100
AcDbLine
 10
5.3902928346456696
 20
-3.9351315748031497
 30
0
 11
5.3902928346456696
 21
-3.9382148818897638
 31
0
  0
LINE
  5
889
330
1F
100
AcDbEntity
  8
B.Cu
  6
CONTINUOUS
100
AcDbLine
 10
5.3902928346456696
 20
-3.9382148818897638
 30
0
 11
5.3894948425196851
 21
-3.9411931102362203
 31
0
  0
LINE
  5
88A
330
1F
100
AcDbEntity
  8
B.Cu
  6
CONTINUOUS
100
AcDbLine
 10
5.3894948425196851
 20
-3.9411931102362203
 30
0
 11
5.3879531889763781
 21
-3.9438633070866143
 31
0
  0
LINE
  5
88B
330
1F
100
AcDbEntity
  8
B.Cu
  6
CONTINUOUS
100
AcDbLine
 10
5.3879531889763781
 20
-3.9438633070866143
 30
0
 11
5.3857729527559055
 21
-3.9460435433070864
 31
0
  0
LINE
  5
88C
330
1F
100
AcDbEntity
  8
B.Cu
  6
CONTINUOUS
100
AcDbLine
 10
5.3857729527559055
 20
-3.9460435433070864
 30
0
 11
5.3831027559055116
 21
-3.9475851968503934
 31
0
  0
LINE
  5
88D
330
1F
100
AcDbEntity
  8
B.Cu
  6
CONTINUOUS
100
AcDbLine
 10
5.3831027559055116
 20
-3.9475851968503934
 30
0
 11
5.3801245275590546
 21
-3.9483831889763779
 31
0
  0
LINE
  5
88E
330
1F
100
AcDbEntity
  8
B.Cu
  6
CONTINUOUS
100
AcDbLine
 10
5.3801245275590546
 20
-3.9483831889763779
 30
0
 11
5.3770412204724405
 21
-3.9483831889763779
 31
0
  0
LINE
  5
88F
330
1F
100
AcDbEntity
  8
B.Cu
  6
CONTINUOUS
100
AcDbLine
 10
5.3770412204724405
 20
-3.9483831889763779
 30
0
 11
5.3740629921259844
 21
-3.9475851968503934
 31
0
  0
LINE
  5
890
330
1F
100
AcDbEntity
  8
B.Cu
  6
CONTINUOUS
100
AcDbLine
 10
5.3740629921259844
 20
-3.9475851968503934
 30
0
 11
5.3713927952755904
 21
-3.9460435433070864
 31
0
  0
LINE
  5
891
330
1F
100
AcDbEntity
  8
B.Cu
  6
CONTINUOUS
100
AcDbLine
 10
5.3713927952755904
 20
-3.9460435433070864
 30
0
 11
5.3692125590551179
 21
-3.9438633070866143
 31
0
  0
LINE
  5
892
330
1F
100
AcDbEntity
  8
B.Cu
  6
CONTINUOUS
100
AcDbLine
 10
5.3692125590551179
 20
-3.9438633070866143
 30
0
 11
5.3676709055118108
 21
-3.9411931102362203
 31
0
  0
LINE
  5
893
330
1F
100
AcDbEntity
  8
B.Cu
  6
CONTINUOUS
100
AcDbLine
 10
5.3676709055118108
 20
-3.9411931102362203
 30
0
 11
5.3668729133858264
 21
-3.9382148818897638
 31
0
  0
LINE
  5
894
330
1F
100
AcDbEntity
  8
B.Cu
  6
CONTINUOUS
100
AcDbLine
 10
5.3668729133858264
 20
-3.9382148818897638
 30
0
 11
5.3668729133858264
 21
-3.9351315748031497
 31
0
  0
LINE
  5
895
330
1F
100
AcDbEntity
  8
B.Cu
  6
CONTINUOUS
100
AcDbLine
 10
5.3668729133858264
 20
-3.9351315748031497
 30
0
 11
5.3676709055118108
 21
-3.9321533464566927
 31
0
  0
LINE
  5
896
330
1F
100
AcDbEntity
  8
B.Cu
  6
CONTINUOUS
100
AcDbLine
 10
5.3676709055118108
 20
-3.9321533464566927
 30
0
 11
5.3692125590551179
 21
-3.9294831496062992
 31
0
  0
LINE
  5
897
330
1F
100
AcDbEntity
  8
B.Cu
  6
CONTINUOUS
100
AcDbLine
 10
5.3692125590551179
 20
-3.9294831496062992
 30
0
 11
5.3713927952755904
 21
-3.9273029133858266
 31
0
  0
LINE
  5
898
330
1F
100
AcDbEntity
  8
B.Cu
  6
CONTINUOUS
100
AcDbLine
 10
5.3713927952755904
 20
-3.9273029133858266
 30
0
 11
5.3740629921259844
 21
-3.9257612598425196
 31
0
  0
LINE
  5
899
330
1F
100
AcDbEntity
  8
B.Cu
  6
CONTINUOUS
100
AcDbLine
 10
5.3740629921259844
 20
-3.9257612598425196
 30
0
 11
5.3770412204724405
 21
-3.9249632677165351
 31
0
  0
LINE
  5
89A
330
1F
100
AcDbEntity
  8
B.Cu
  6
CONTINUOUS
100
AcDbLine
 10
5.3770412204724405
 20
-3.9249632677165351
 30
0
 11
5.3801245275590546
 21
-3.9249632677165351
 31
0
  0
LINE
  5
89B
330
1F
100
AcDbEntity
  8
B.Cu
  6
CONTINUOUS
100
AcDbLine
 10
5.3801245275590546
 20
-3.9249632677165351
 30
0
 11
5.3831027559055116
 21
-3.9257612598425196
 31
0
  0
LINE
  5
89C
330
1F
100
AcDbEntity
  8
B.Cu
  6
CONTINUOUS
100
AcDbLine
 10
5.9640861023622049
 20
-3.9130565354330709
 30
0
 11
5.9666859842519679
 21
-3.914557559055118
 31
0
  0
LINE
  5
89D
330
1F
100
AcDbEntity
  8
B.Cu
  6
CONTINUOUS
100
AcDbLine
 10
5.9666859842519679
 20
-3.914557559055118
 30
0
 11
5.9688088188976378
 21
-3.9166803937007875
 31
0
  0
LINE
  5
89E
330
1F
100
AcDbEntity
  8
B.Cu
  6
CONTINUOUS
100
AcDbLine
 10
5.9688088188976378
 20
-3.9166803937007875
 30
0
 11
5.9703098425196846
 21
-3.9192802755905509
 31
0
  0
LINE
  5
89F
330
1F
100
AcDbEntity
  8
B.Cu
  6
CONTINUOUS
100
AcDbLine
 10
5.9703098425196846
 20
-3.9192802755905509
 30
0
 11
5.9710868503937009
 21
-3.9221800787401575
 31
0
  0
LINE
  5
8A0
330
1F
100
AcDbEntity
  8
B.Cu
  6
CONTINUOUS
100
AcDbLine
 10
5.9710868503937009
 20
-3.9221800787401575
 30
0
 11
5.9710868503937009
 21
-3.9251822047244094
 31
0
  0
LINE
  5
8A1
330
1F
100
AcDbEntity
  8
B.Cu
  6
CONTINUOUS
100
AcDbLine
 10
5.9710868503937009
 20
-3.9251822047244094
 30
0
 11
5.9703098425196846
 21
-3.9280820078740155
 31
0
  0
LINE
  5
8A2
330
1F
100
AcDbEntity
  8
B.Cu
  6
CONTINUOUS
100
AcDbLine
 10
5.9703098425196846
 20
-3.9280820078740155
 30
0
 11
5.9688088188976378
 21
-3.9306818897637794
 31
0
  0
LINE
  5
8A3
330
1F
100
AcDbEntity
  8
B.Cu
  6
CONTINUOUS
100
AcDbLine
 10
5.9688088188976378
 20
-3.9306818897637794
 30
0
 11
5.9666859842519679
 21
-3.9328047244094488
 31
0
  0
LINE
  5
8A4
330
1F
100
AcDbEntity
  8
B.Cu
  6
CONTINUOUS
100
AcDbLine
 10
5.9666859842519679
 20
-3.9328047244094488
 30
0
 11
5.9640861023622049
 21
-3.934305748031496
 31
0
  0
LINE
  5
8A5
330
1F
100
AcDbEntity
  8
B.Cu
  6
CONTINUOUS
100
AcDbLine
 10
5.9640861023622049
 20
-3.934305748031496
 30
0
 11
5.9611862992125983
 21
-3.9350827559055119
 31
0
  0
LINE
  5
8A6
330
1F
100
AcDbEntity
  8
B.Cu
  6
CONTINUOUS
100
AcDbLine
 10
5.9611862992125983
 20
-3.9350827559055119
 30
0
 11
5.9581841732283465
 21
-3.9350827559055119
 31
0
  0
LINE
  5
8A7
330
1F
100
AcDbEntity
  8
B.Cu
  6
CONTINUOUS
100
AcDbLine
 10
5.9581841732283465
 20
-3.9350827559055119
 30
0
 11
5.9552843700787399
 21
-3.934305748031496
 31
0
  0
LINE
  5
8A8
330
1F
100
AcDbEntity
  8
B.Cu
  6
CONTINUOUS
100
AcDbLine
 10
5.9552843700787399
 20
-3.934305748031496
 30
0
 11
5.952684488188976
 21
-3.9328047244094488
 31
0
  0
LINE
  5
8A9
330
1F
100
AcDbEntity
  8
B.Cu
  6
CONTINUOUS
100
AcDbLine
 10
5.952684488188976
 20
-3.9328047244094488
 30
0
 11
5.950561653543307
 21
-3.9306818897637794
 31
0
  0
LINE
  5
8AA
330
1F
100
AcDbEntity
  8
B.Cu
  6
CONTINUOUS
100
AcDbLine
 10
5.950561653543307
 20
-3.9306818897637794
 30
0
 11
5.9490606299212594
 21
-3.9280820078740155
 31
0
  0
LINE
  5
8AB
330
1F
100
AcDbEntity
  8
B.Cu
  6
CONTINUOUS
100
AcDbLine
 10
5.9490606299212594
 20
-3.9280820078740155
 30
0
 11
5.9482836220472439
 21
-3.9251822047244094
 31
0
  0
LINE
  5
8AC
330
1F
100
AcDbEntity
  8
B.Cu
  6
CONTINUOUS
100
AcDbLine
 10
5.9482836220472439
 20
-3.9251822047244094
 30
0
 11
5.9482836220472439
 21
-3.9221800787401575
 31
0
  0
LINE
  5
8AD
330
1F
100
AcDbEntity
  8
B.Cu
  6
CONTINUOUS
100
AcDbLine
 10
5.9482836220472439
 20
-3.9221800787401575
 30
0
 11
5.9490606299212594
 21
-3.9192802755905509
 31
0
  0
LINE
  5
8AE
330
1F
100
AcDbEntity
  8
B.Cu
  6
CONTINUOUS
100
AcDbLine
 10
5.9490606299212594
 20
-3.9192802755905509
 30
0
 11
5.950561653543307
 21
-3.9166803937007875
 31
0
  0
LINE
  5
8AF
330
1F
100
AcDbEntity
  8
B.Cu
  6
CONTINUOUS
100
AcDbLine
 10
5.950561653543307
 20
-3.9166803937007875
 30
0
 11
5.952684488188976
 21
-3.914557559055118
 31
0
  0
LINE
  5
8B0
330
1F
100
AcDbEntity
  8
B.Cu
  6
CONTINUOUS
100
AcDbLine
 10
5.952684488188976
 20
-3.914557559055118
 30
0
 11
5.9552843700787399
 21
-3.9130565354330709
 31
0
  0
LINE
  5
8B1
330
1F
100
AcDbEntity
  8
B.Cu
  6
CONTINUOUS
100
AcDbLine
 10
5.9552843700787399
 20
-3.9130565354330709
 30
0
 11
5.9581841732283465
 21
-3.9122795275590549
 31
0
  0
LINE
  5
8B2
330
1F
100
AcDbEntity
  8
B.Cu
  6
CONTINUOUS
100
AcDbLine
 10
5.9581841732283465
 20
-3.9122795275590549
 30
0
 11
5.9611862992125983
 21
-3.9122795275590549
 31
0
  0
LINE
  5
8B3
330
1F
100
AcDbEntity
  8
B.Cu
  6
CONTINUOUS
100
AcDbLine
 10
5.9611862992125983
 20
-3.9122795275590549
 30
0
 11
5.9640861023622049
 21
-3.9130565354330709
 31
0
  0
LINE
  5
8B4
330
1F
100
AcDbEntity
  8
B.Cu
  6
CONTINUOUS
100
AcDbLine
 10
6.0140861023622048
 20
-3.9130564960629921
 30
0
 11
6.0166859842519687
 21
-3.9145575196850393
 31
0
  0
LINE
  5
8B5
330
1F
100
AcDbEntity
  8
B.Cu
  6
CONTINUOUS
100
AcDbLine
 10
6.0166859842519687
 20
-3.9145575196850393
 30
0
 11
6.0188088188976376
 21
-3.9166803543307087
 31
0
  0
LINE
  5
8B6
330
1F
100
AcDbEntity
  8
B.Cu
  6
CONTINUOUS
100
AcDbLine
 10
6.0188088188976376
 20
-3.9166803543307087
 30
0
 11
6.0203098425196853
 21
-3.9192802362204722
 31
0
  0
LINE
  5
8B7
330
1F
100
AcDbEntity
  8
B.Cu
  6
CONTINUOUS
100
AcDbLine
 10
6.0203098425196853
 20
-3.9192802362204722
 30
0
 11
6.0210868503937007
 21
-3.9221800393700788
 31
0
  0
LINE
  5
8B8
330
1F
100
AcDbEntity
  8
B.Cu
  6
CONTINUOUS
100
AcDbLine
 10
6.0210868503937007
 20
-3.9221800393700788
 30
0
 11
6.0210868503937007
 21
-3.9251821653543306
 31
0
  0
LINE
  5
8B9
330
1F
100
AcDbEntity
  8
B.Cu
  6
CONTINUOUS
100
AcDbLine
 10
6.0210868503937007
 20
-3.9251821653543306
 30
0
 11
6.0203098425196853
 21
-3.9280819685039368
 31
0
  0
LINE
  5
8BA
330
1F
100
AcDbEntity
  8
B.Cu
  6
CONTINUOUS
100
AcDbLine
 10
6.0203098425196853
 20
-3.9280819685039368
 30
0
 11
6.0188088188976376
 21
-3.9306818503937007
 31
0
  0
LINE
  5
8BB
330
1F
100
AcDbEntity
  8
B.Cu
  6
CONTINUOUS
100
AcDbLine
 10
6.0188088188976376
 20
-3.9306818503937007
 30
0
 11
6.0166859842519687
 21
-3.9328046850393701
 31
0
  0
LINE
  5
8BC
330
1F
100
AcDbEntity
  8
B.Cu
  6
CONTINUOUS
100
AcDbLine
 10
6.0166859842519687
 20
-3.9328046850393701
 30
0
 11
6.0140861023622048
 21
-3.9343057086614173
 31
0
  0
LINE
  5
8BD
330
1F
100
AcDbEntity
  8
B.Cu
  6
CONTINUOUS
100
AcDbLine
 10
6.0140861023622048
 20
-3.9343057086614173
 30
0
 11
6.0111862992125982
 21
-3.9350827165354332
 31
0
  0
LINE
  5
8BE
330
1F
100
AcDbEntity
  8
B.Cu
  6
CONTINUOUS
100
AcDbLine
 10
6.0111862992125982
 20
-3.9350827165354332
 30
0
 11
6.0081841732283463
 21
-3.9350827165354332
 31
0
  0
LINE
  5
8BF
330
1F
100
AcDbEntity
  8
B.Cu
  6
CONTINUOUS
100
AcDbLine
 10
6.0081841732283463
 20
-3.9350827165354332
 30
0
 11
6.0052843700787397
 21
-3.9343057086614173
 31
0
  0
LINE
  5
8C0
330
1F
100
AcDbEntity
  8
B.Cu
  6
CONTINUOUS
100
AcDbLine
 10
6.0052843700787397
 20
-3.9343057086614173
 30
0
 11
6.0026844881889758
 21
-3.9328046850393701
 31
0
  0
LINE
  5
8C1
330
1F
100
AcDbEntity
  8
B.Cu
  6
CONTINUOUS
100
AcDbLine
 10
6.0026844881889758
 20
-3.9328046850393701
 30
0
 11
6.0005616535433068
 21
-3.9306818503937007
 31
0
  0
LINE
  5
8C2
330
1F
100
AcDbEntity
  8
B.Cu
  6
CONTINUOUS
100
AcDbLine
 10
6.0005616535433068
 20
-3.9306818503937007
 30
0
 11
5.9990606299212601
 21
-3.9280819685039368
 31
0
  0
LINE
  5
8C3
330
1F
100
AcDbEntity
  8
B.Cu
  6
CONTINUOUS
100
AcDbLine
 10
5.9990606299212601
 20
-3.9280819685039368
 30
0
 11
5.9982836220472437
 21
-3.9251821653543306
 31
0
  0
LINE
  5
8C4
330
1F
100
AcDbEntity
  8
B.Cu
  6
CONTINUOUS
100
AcDbLine
 10
5.9982836220472437
 20
-3.9251821653543306
 30
0
 11
5.9982836220472437
 21
-3.9221800393700788
 31
0
  0
LINE
  5
8C5
330
1F
100
AcDbEntity
  8
B.Cu
  6
CONTINUOUS
100
AcDbLine
 10
5.9982836220472437
 20
-3.9221800393700788
 30
0
 11
5.9990606299212601
 21
-3.9192802362204722
 31
0
  0
LINE
  5
8C6
330
1F
100
AcDbEntity
  8
B.Cu
  6
CONTINUOUS
100
AcDbLine
 10
5.9990606299212601
 20
-3.9192802362204722
 30
0
 11
6.0005616535433068
 21
-3.9166803543307087
 31
0
  0
LINE
  5
8C7
330
1F
100
AcDbEntity
  8
B.Cu
  6
CONTINUOUS
100
AcDbLine
 10
6.0005616535433068
 20
-3.9166803543307087
 30
0
 11
6.0026844881889758
 21
-3.9145575196850393
 31
0
  0
LINE
  5
8C8
330
1F
100
AcDbEntity
  8
B.Cu
  6
CONTINUOUS
100
AcDbLine
 10
6.0026844881889758
 20
-3.9145575196850393
 30
0
 11
6.0052843700787397
 21
-3.9130564960629921
 31
0
  0
LINE
  5
8C9
330
1F
100
AcDbEntity
  8
B.Cu
  6
CONTINUOUS
100
AcDbLine
 10
6.0052843700787397
 20
-3.9130564960629921
 30
0
 11
6.0081841732283463
 21
-3.9122794881889762
 31
0
  0
LINE
  5
8CA
330
1F
100
AcDbEntity
  8
B.Cu
  6
CONTINUOUS
100
AcDbLine
 10
6.0081841732283463
 20
-3.9122794881889762
 30
0
 11
6.0111862992125982
 21
-3.9122794881889762
 31
0
  0
LINE
  5
8CB
330
1F
100
AcDbEntity
  8
B.Cu
  6
CONTINUOUS
100
AcDbLine
 10
6.0111862992125982
 20
-3.9122794881889762
 30
0
 11
6.0140861023622048
 21
-3.9130564960629921
 31
0
  0
LINE
  5
8CC
330
1F
100
AcDbEntity
  8
B.Cu
  6
CONTINUOUS
100
AcDbLine
 10
6.0640861023622046
 20
-3.9130564960629921
 30
0
 11
6.0666859842519685
 21
-3.9145575196850393
 31
0
  0
LINE
  5
8CD
330
1F
100
AcDbEntity
  8
B.Cu
  6
CONTINUOUS
100
AcDbLine
 10
6.0666859842519685
 20
-3.9145575196850393
 30
0
 11
6.0688088188976375
 21
-3.9166803543307087
 31
0
  0
LINE
  5
8CE
330
1F
100
AcDbEntity
  8
B.Cu
  6
CONTINUOUS
100
AcDbLine
 10
6.0688088188976375
 20
-3.9166803543307087
 30
0
 11
6.0703098425196851
 21
-3.9192802362204722
 31
0
  0
LINE
  5
8CF
330
1F
100
AcDbEntity
  8
B.Cu
  6
CONTINUOUS
100
AcDbLine
 10
6.0703098425196851
 20
-3.9192802362204722
 30
0
 11
6.0710868503937006
 21
-3.9221800393700788
 31
0
  0
LINE
  5
8D0
330
1F
100
AcDbEntity
  8
B.Cu
  6
CONTINUOUS
100
AcDbLine
 10
6.0710868503937006
 20
-3.9221800393700788
 30
0
 11
6.0710868503937006
 21
-3.9251821653543306
 31
0
  0
LINE
  5
8D1
330
1F
100
AcDbEntity
  8
B.Cu
  6
CONTINUOUS
100
AcDbLine
 10
6.0710868503937006
 20
-3.9251821653543306
 30
0
 11
6.0703098425196851
 21
-3.9280819685039368
 31
0
  0
LINE
  5
8D2
330
1F
100
AcDbEntity
  8
B.Cu
  6
CONTINUOUS
100
AcDbLine
 10
6.0703098425196851
 20
-3.9280819685039368
 30
0
 11
6.0688088188976375
 21
-3.9306818503937007
 31
0
  0
LINE
  5
8D3
330
1F
100
AcDbEntity
  8
B.Cu
  6
CONTINUOUS
100
AcDbLine
 10
6.0688088188976375
 20
-3.9306818503937007
 30
0
 11
6.0666859842519685
 21
-3.9328046850393701
 31
0
  0
LINE
  5
8D4
330
1F
100
AcDbEntity
  8
B.Cu
  6
CONTINUOUS
100
AcDbLine
 10
6.0666859842519685
 20
-3.9328046850393701
 30
0
 11
6.0640861023622046
 21
-3.9343057086614173
 31
0
  0
LINE
  5
8D5
330
1F
100
AcDbEntity
  8
B.Cu
  6
CONTINUOUS
100
AcDbLine
 10
6.0640861023622046
 20
-3.9343057086614173
 30
0
 11
6.061186299212598
 21
-3.9350827165354332
 31
0
  0
LINE
  5
8D6
330
1F
100
AcDbEntity
  8
B.Cu
  6
CONTINUOUS
100
AcDbLine
 10
6.061186299212598
 20
-3.9350827165354332
 30
0
 11
6.0581841732283461
 21
-3.9350827165354332
 31
0
  0
LINE
  5
8D7
330
1F
100
AcDbEntity
  8
B.Cu
  6
CONTINUOUS
100
AcDbLine
 10
6.0581841732283461
 20
-3.9350827165354332
 30
0
 11
6.0552843700787404
 21
-3.9343057086614173
 31
0
  0
LINE
  5
8D8
330
1F
100
AcDbEntity
  8
B.Cu
  6
CONTINUOUS
100
AcDbLine
 10
6.0552843700787404
 20
-3.9343057086614173
 30
0
 11
6.0526844881889765
 21
-3.9328046850393701
 31
0
  0
LINE
  5
8D9
330
1F
100
AcDbEntity
  8
B.Cu
  6
CONTINUOUS
100
AcDbLine
 10
6.0526844881889765
 20
-3.9328046850393701
 30
0
 11
6.0505616535433067
 21
-3.9306818503937007
 31
0
  0
LINE
  5
8DA
330
1F
100
AcDbEntity
  8
B.Cu
  6
CONTINUOUS
100
AcDbLine
 10
6.0505616535433067
 20
-3.9306818503937007
 30
0
 11
6.0490606299212599
 21
-3.9280819685039368
 31
0
  0
LINE
  5
8DB
330
1F
100
AcDbEntity
  8
B.Cu
  6
CONTINUOUS
100
AcDbLine
 10
6.0490606299212599
 20
-3.9280819685039368
 30
0
 11
6.0482836220472436
 21
-3.9251821653543306
 31
0
  0
LINE
  5
8DC
330
1F
100
AcDbEntity
  8
B.Cu
  6
CONTINUOUS
100
AcDbLine
 10
6.0482836220472436
 20
-3.9251821653543306
 30
0
 11
6.0482836220472436
 21
-3.9221800393700788
 31
0
  0
LINE
  5
8DD
330
1F
100
AcDbEntity
  8
B.Cu
  6
CONTINUOUS
100
AcDbLine
 10
6.0482836220472436
 20
-3.9221800393700788
 30
0
 11
6.0490606299212599
 21
-3.9192802362204722
 31
0
  0
LINE
  5
8DE
330
1F
100
AcDbEntity
  8
B.Cu
  6
CONTINUOUS
100
AcDbLine
 10
6.0490606299212599
 20
-3.9192802362204722
 30
0
 11
6.0505616535433067
 21
-3.9166803543307087
 31
0
  0
LINE
  5
8DF
330
1F
100
AcDbEntity
  8
B.Cu
  6
CONTINUOUS
100
AcDbLine
 10
6.0505616535433067
 20
-3.9166803543307087
 30
0
 11
6.0526844881889765
 21
-3.9145575196850393
 31
0
  0
LINE
  5
8E0
330
1F
100
AcDbEntity
  8
B.Cu
  6
CONTINUOUS
100
AcDbLine
 10
6.0526844881889765
 20
-3.9145575196850393
 30
0
 11
6.0552843700787404
 21
-3.9130564960629921
 31
0
  0
LINE
  5
8E1
330
1F
100
AcDbEntity
  8
B.Cu
  6
CONTINUOUS
100
AcDbLine
 10
6.0552843700787404
 20
-3.9130564960629921
 30
0
 11
6.0581841732283461
 21
-3.9122794881889762
 31
0
  0
LINE
  5
8E2
330
1F
100
AcDbEntity
  8
B.Cu
  6
CONTINUOUS
100
AcDbLine
 10
6.0581841732283461
 20
-3.9122794881889762
 30
0
 11
6.061186299212598
 21
-3.9122794881889762
 31
0
  0
LINE
  5
8E3
330
1F
100
AcDbEntity
  8
B.Cu
  6
CONTINUOUS
100
AcDbLine
 10
6.061186299212598
 20
-3.9122794881889762
 30
0
 11
6.0640861023622046
 21
-3.9130564960629921
 31
0
  0
LINE
  5
8E4
330
1F
100
AcDbEntity
  8
B.Cu
  6
CONTINUOUS
100
AcDbLine
 10
5.6161333464566932
 20
-3.912269094488189
 30
0
 11
5.6187332283464562
 21
-3.9137701181102362
 31
0
  0
LINE
  5
8E5
330
1F
100
AcDbEntity
  8
B.Cu
  6
CONTINUOUS
100
AcDbLine
 10
5.6187332283464562
 20
-3.9137701181102362
 30
0
 11
5.620856062992126
 21
-3.9158929527559052
 31
0
  0
LINE
  5
8E6
330
1F
100
AcDbEntity
  8
B.Cu
  6
CONTINUOUS
100
AcDbLine
 10
5.620856062992126
 20
-3.9158929527559052
 30
0
 11
5.6223570866141728
 21
-3.9184928346456691
 31
0
  0
LINE
  5
8E7
330
1F
100
AcDbEntity
  8
B.Cu
  6
CONTINUOUS
100
AcDbLine
 10
5.6223570866141728
 20
-3.9184928346456691
 30
0
 11
5.6231340944881891
 21
-3.9213926377952757
 31
0
  0
LINE
  5
8E8
330
1F
100
AcDbEntity
  8
B.Cu
  6
CONTINUOUS
100
AcDbLine
 10
5.6231340944881891
 20
-3.9213926377952757
 30
0
 11
5.6231340944881891
 21
-3.9243947637795276
 31
0
  0
LINE
  5
8E9
330
1F
100
AcDbEntity
  8
B.Cu
  6
CONTINUOUS
100
AcDbLine
 10
5.6231340944881891
 20
-3.9243947637795276
 30
0
 11
5.6223570866141728
 21
-3.9272945669291337
 31
0
  0
LINE
  5
8EA
330
1F
100
AcDbEntity
  8
B.Cu
  6
CONTINUOUS
100
AcDbLine
 10
5.6223570866141728
 20
-3.9272945669291337
 30
0
 11
5.620856062992126
 21
-3.9298944488188976
 31
0
  0
LINE
  5
8EB
330
1F
100
AcDbEntity
  8
B.Cu
  6
CONTINUOUS
100
AcDbLine
 10
5.620856062992126
 20
-3.9298944488188976
 30
0
 11
5.6187332283464562
 21
-3.932017283464567
 31
0
  0
LINE
  5
8EC
330
1F
100
AcDbEntity
  8
B.Cu
  6
CONTINUOUS
100
AcDbLine
 10
5.6187332283464562
 20
-3.932017283464567
 30
0
 11
5.6161333464566932
 21
-3.9335183070866142
 31
0
  0
LINE
  5
8ED
330
1F
100
AcDbEntity
  8
B.Cu
  6
CONTINUOUS
100
AcDbLine
 10
5.6161333464566932
 20
-3.9335183070866142
 30
0
 11
5.6132335433070866
 21
-3.9342953149606297
 31
0
  0
LINE
  5
8EE
330
1F
100
AcDbEntity
  8
B.Cu
  6
CONTINUOUS
100
AcDbLine
 10
5.6132335433070866
 20
-3.9342953149606297
 30
0
 11
5.6102314173228347
 21
-3.9342953149606297
 31
0
  0
LINE
  5
8EF
330
1F
100
AcDbEntity
  8
B.Cu
  6
CONTINUOUS
100
AcDbLine
 10
5.6102314173228347
 20
-3.9342953149606297
 30
0
 11
5.6073316141732281
 21
-3.9335183070866142
 31
0
  0
LINE
  5
8F0
330
1F
100
AcDbEntity
  8
B.Cu
  6
CONTINUOUS
100
AcDbLine
 10
5.6073316141732281
 20
-3.9335183070866142
 30
0
 11
5.6047317322834642
 21
-3.932017283464567
 31
0
  0
LINE
  5
8F1
330
1F
100
AcDbEntity
  8
B.Cu
  6
CONTINUOUS
100
AcDbLine
 10
5.6047317322834642
 20
-3.932017283464567
 30
0
 11
5.6026088976377952
 21
-3.9298944488188976
 31
0
  0
LINE
  5
8F2
330
1F
100
AcDbEntity
  8
B.Cu
  6
CONTINUOUS
100
AcDbLine
 10
5.6026088976377952
 20
-3.9298944488188976
 30
0
 11
5.6011078740157476
 21
-3.9272945669291337
 31
0
  0
LINE
  5
8F3
330
1F
100
AcDbEntity
  8
B.Cu
  6
CONTINUOUS
100
AcDbLine
 10
5.6011078740157476
 20
-3.9272945669291337
 30
0
 11
5.6003308661417321
 21
-3.9243947637795276
 31
0
  0
LINE
  5
8F4
330
1F
100
AcDbEntity
  8
B.Cu
  6
CONTINUOUS
100
AcDbLine
 10
5.6003308661417321
 20
-3.9243947637795276
 30
0
 11
5.6003308661417321
 21
-3.9213926377952757
 31
0
  0
LINE
  5
8F5
330
1F
100
AcDbEntity
  8
B.Cu
  6
CONTINUOUS
100
AcDbLine
 10
5.6003308661417321
 20
-3.9213926377952757
 30
0
 11
5.6011078740157476
 21
-3.9184928346456691
 31
0
  0
LINE
  5
8F6
330
1F
100
AcDbEntity
  8
B.Cu
  6
CONTINUOUS
100
AcDbLine
 10
5.6011078740157476
 20
-3.9184928346456691
 30
0
 11
5.6026088976377952
 21
-3.9158929527559052
 31
0
  0
LINE
  5
8F7
330
1F
100
AcDbEntity
  8
B.Cu
  6
CONTINUOUS
100
AcDbLine
 10
5.6026088976377952
 20
-3.9158929527559052
 30
0
 11
5.6047317322834642
 21
-3.9137701181102362
 31
0
  0
LINE
  5
8F8
330
1F
100
AcDbEntity
  8
B.Cu
  6
CONTINUOUS
100
AcDbLine
 10
5.6047317322834642
 20
-3.9137701181102362
 30
0
 11
5.6073316141732281
 21
-3.912269094488189
 31
0
  0
LINE
  5
8F9
330
1F
100
AcDbEntity
  8
B.Cu
  6
CONTINUOUS
100
AcDbLine
 10
5.6073316141732281
 20
-3.912269094488189
 30
0
 11
5.6102314173228347
 21
-3.9114920866141731
 31
0
  0
LINE
  5
8FA
330
1F
100
AcDbEntity
  8
B.Cu
  6
CONTINUOUS
100
AcDbLine
 10
5.6102314173228347
 20
-3.9114920866141731
 30
0
 11
5.6132335433070866
 21
-3.9114920866141731
 31
0
  0
LINE
  5
8FB
330
1F
100
AcDbEntity
  8
B.Cu
  6
CONTINUOUS
100
AcDbLine
 10
5.6132335433070866
 20
-3.9114920866141731
 30
0
 11
5.6161333464566932
 21
-3.912269094488189
 31
0
  0
LINE
  5
8FC
330
1F
100
AcDbEntity
  8
B.Cu
  6
CONTINUOUS
100
AcDbLine
 10
5.4106618110236218
 20
-3.9100132283464566
 30
0
 11
5.4133320078740157
 21
-3.9115548818897636
 31
0
  0
LINE
  5
8FD
330
1F
100
AcDbEntity
  8
B.Cu
  6
CONTINUOUS
100
AcDbLine
 10
5.4133320078740157
 20
-3.9115548818897636
 30
0
 11
5.4155122440944883
 21
-3.9137351181102362
 31
0
  0
LINE
  5
8FE
330
1F
100
AcDbEntity
  8
B.Cu
  6
CONTINUOUS
100
AcDbLine
 10
5.4155122440944883
 20
-3.9137351181102362
 30
0
 11
5.4170538976377953
 21
-3.9164053149606297
 31
0
  0
LINE
  5
8FF
330
1F
100
AcDbEntity
  8
B.Cu
  6
CONTINUOUS
100
AcDbLine
 10
5.4170538976377953
 20
-3.9164053149606297
 30
0
 11
5.4178518897637797
 21
-3.9193835433070867
 31
0
  0
LINE
  5
900
330
1F
100
AcDbEntity
  8
B.Cu
  6
CONTINUOUS
100
AcDbLine
 10
5.4178518897637797
 20
-3.9193835433070867
 30
0
 11
5.4178518897637797
 21
-3.9224668503937008
 31
0
  0
LINE
  5
901
330
1F
100
AcDbEntity
  8
B.Cu
  6
CONTINUOUS
100
AcDbLine
 10
5.4178518897637797
 20
-3.9224668503937008
 30
0
 11
5.4170538976377953
 21
-3.9254450787401574
 31
0
  0
LINE
  5
902
330
1F
100
AcDbEntity
  8
B.Cu
  6
CONTINUOUS
100
AcDbLine
 10
5.4170538976377953
 20
-3.9254450787401574
 30
0
 11
5.4155122440944883
 21
-3.9281152755905513
 31
0
  0
LINE
  5
903
330
1F
100
AcDbEntity
  8
B.Cu
  6
CONTINUOUS
100
AcDbLine
 10
5.4155122440944883
 20
-3.9281152755905513
 30
0
 11
5.4133320078740157
 21
-3.9302955118110234
 31
0
  0
LINE
  5
904
330
1F
100
AcDbEntity
  8
B.Cu
  6
CONTINUOUS
100
AcDbLine
 10
5.4133320078740157
 20
-3.9302955118110234
 30
0
 11
5.4106618110236218
 21
-3.9318371653543305
 31
0
  0
LINE
  5
905
330
1F
100
AcDbEntity
  8
B.Cu
  6
CONTINUOUS
100
AcDbLine
 10
5.4106618110236218
 20
-3.9318371653543305
 30
0
 11
5.4076835826771656
 21
-3.9326351574803149
 31
0
  0
LINE
  5
906
330
1F
100
AcDbEntity
  8
B.Cu
  6
CONTINUOUS
100
AcDbLine
 10
5.4076835826771656
 20
-3.9326351574803149
 30
0
 11
5.4046002755905507
 21
-3.9326351574803149
 31
0
  0
LINE
  5
907
330
1F
100
AcDbEntity
  8
B.Cu
  6
CONTINUOUS
100
AcDbLine
 10
5.4046002755905507
 20
-3.9326351574803149
 30
0
 11
5.4016220472440946
 21
-3.9318371653543305
 31
0
  0
LINE
  5
908
330
1F
100
AcDbEntity
  8
B.Cu
  6
CONTINUOUS
100
AcDbLine
 10
5.4016220472440946
 20
-3.9318371653543305
 30
0
 11
5.3989518503937006
 21
-3.9302955118110234
 31
0
  0
LINE
  5
909
330
1F
100
AcDbEntity
  8
B.Cu
  6
CONTINUOUS
100
AcDbLine
 10
5.3989518503937006
 20
-3.9302955118110234
 30
0
 11
5.396771614173228
 21
-3.9281152755905513
 31
0
  0
LINE
  5
90A
330
1F
100
AcDbEntity
  8
B.Cu
  6
CONTINUOUS
100
AcDbLine
 10
5.396771614173228
 20
-3.9281152755905513
 30
0
 11
5.395229960629921
 21
-3.9254450787401574
 31
0
  0
LINE
  5
90B
330
1F
100
AcDbEntity
  8
B.Cu
  6
CONTINUOUS
100
AcDbLine
 10
5.395229960629921
 20
-3.9254450787401574
 30
0
 11
5.3944319685039366
 21
-3.9224668503937008
 31
0
  0
LINE
  5
90C
330
1F
100
AcDbEntity
  8
B.Cu
  6
CONTINUOUS
100
AcDbLine
 10
5.3944319685039366
 20
-3.9224668503937008
 30
0
 11
5.3944319685039366
 21
-3.9193835433070867
 31
0
  0
LINE
  5
90D
330
1F
100
AcDbEntity
  8
B.Cu
  6
CONTINUOUS
100
AcDbLine
 10
5.3944319685039366
 20
-3.9193835433070867
 30
0
 11
5.395229960629921
 21
-3.9164053149606297
 31
0
  0
LINE
  5
90E
330
1F
100
AcDbEntity
  8
B.Cu
  6
CONTINUOUS
100
AcDbLine
 10
5.395229960629921
 20
-3.9164053149606297
 30
0
 11
5.396771614173228
 21
-3.9137351181102362
 31
0
  0
LINE
  5
90F
330
1F
100
AcDbEntity
  8
B.Cu
  6
CONTINUOUS
100
AcDbLine
 10
5.396771614173228
 20
-3.9137351181102362
 30
0
 11
5.3989518503937006
 21
-3.9115548818897636
 31
0
  0
LINE
  5
910
330
1F
100
AcDbEntity
  8
B.Cu
  6
CONTINUOUS
100
AcDbLine
 10
5.3989518503937006
 20
-3.9115548818897636
 30
0
 11
5.4016220472440946
 21
-3.9100132283464566
 31
0
  0
LINE
  5
911
330
1F
100
AcDbEntity
  8
B.Cu
  6
CONTINUOUS
100
AcDbLine
 10
5.4016220472440946
 20
-3.9100132283464566
 30
0
 11
5.4046002755905507
 21
-3.9092152362204722
 31
0
  0
LINE
  5
912
330
1F
100
AcDbEntity
  8
B.Cu
  6
CONTINUOUS
100
AcDbLine
 10
5.4046002755905507
 20
-3.9092152362204722
 30
0
 11
5.4076835826771656
 21
-3.9092152362204722
 31
0
  0
LINE
  5
913
330
1F
100
AcDbEntity
  8
B.Cu
  6
CONTINUOUS
100
AcDbLine
 10
5.4076835826771656
 20
-3.9092152362204722
 30
0
 11
5.4106618110236218
 21
-3.9100132283464566
 31
0
  0
LINE
  5
914
330
1F
100
AcDbEntity
  8
B.Cu
  6
CONTINUOUS
100
AcDbLine
 10
6.7481018503937005
 20
-3.9043951968503938
 30
0
 11
6.7507017322834644
 21
-3.905896220472441
 31
0
  0
LINE
  5
915
330
1F
100
AcDbEntity
  8
B.Cu
  6
CONTINUOUS
100
AcDbLine
 10
6.7507017322834644
 20
-3.905896220472441
 30
0
 11
6.7528245669291334
 21
-3.90801905511811
 31
0
  0
LINE
  5
916
330
1F
100
AcDbEntity
  8
B.Cu
  6
CONTINUOUS
100
AcDbLine
 10
6.7528245669291334
 20
-3.90801905511811
 30
0
 11
6.754325590551181
 21
-3.9106189370078739
 31
0
  0
LINE
  5
917
330
1F
100
AcDbEntity
  8
B.Cu
  6
CONTINUOUS
100
AcDbLine
 10
6.754325590551181
 20
-3.9106189370078739
 30
0
 11
6.7551025984251964
 21
-3.91351874015748
 31
0
  0
LINE
  5
918
330
1F
100
AcDbEntity
  8
B.Cu
  6
CONTINUOUS
100
AcDbLine
 10
6.7551025984251964
 20
-3.91351874015748
 30
0
 11
6.7551025984251964
 21
-3.9165208661417323
 31
0
  0
LINE
  5
919
330
1F
100
AcDbEntity
  8
B.Cu
  6
CONTINUOUS
100
AcDbLine
 10
6.7551025984251964
 20
-3.9165208661417323
 30
0
 11
6.754325590551181
 21
-3.9194206692913385
 31
0
  0
LINE
  5
91A
330
1F
100
AcDbEntity
  8
B.Cu
  6
CONTINUOUS
100
AcDbLine
 10
6.754325590551181
 20
-3.9194206692913385
 30
0
 11
6.7528245669291334
 21
-3.9220205511811024
 31
0
  0
LINE
  5
91B
330
1F
100
AcDbEntity
  8
B.Cu
  6
CONTINUOUS
100
AcDbLine
 10
6.7528245669291334
 20
-3.9220205511811024
 30
0
 11
6.7507017322834644
 21
-3.9241433858267714
 31
0
  0
LINE
  5
91C
330
1F
100
AcDbEntity
  8
B.Cu
  6
CONTINUOUS
100
AcDbLine
 10
6.7507017322834644
 20
-3.9241433858267714
 30
0
 11
6.7481018503937005
 21
-3.925644409448819
 31
0
  0
LINE
  5
91D
330
1F
100
AcDbEntity
  8
B.Cu
  6
CONTINUOUS
100
AcDbLine
 10
6.7481018503937005
 20
-3.925644409448819
 30
0
 11
6.7452020472440948
 21
-3.9264214173228345
 31
0
  0
LINE
  5
91E
330
1F
100
AcDbEntity
  8
B.Cu
  6
CONTINUOUS
100
AcDbLine
 10
6.7452020472440948
 20
-3.9264214173228345
 30
0
 11
6.742199921259842
 21
-3.9264214173228345
 31
0
  0
LINE
  5
91F
330
1F
100
AcDbEntity
  8
B.Cu
  6
CONTINUOUS
100
AcDbLine
 10
6.742199921259842
 20
-3.9264214173228345
 30
0
 11
6.7393001181102363
 21
-3.925644409448819
 31
0
  0
LINE
  5
920
330
1F
100
AcDbEntity
  8
B.Cu
  6
CONTINUOUS
100
AcDbLine
 10
6.7393001181102363
 20
-3.925644409448819
 30
0
 11
6.7367002362204724
 21
-3.9241433858267714
 31
0
  0
LINE
  5
921
330
1F
100
AcDbEntity
  8
B.Cu
  6
CONTINUOUS
100
AcDbLine
 10
6.7367002362204724
 20
-3.9241433858267714
 30
0
 11
6.7345774015748026
 21
-3.9220205511811024
 31
0
  0
LINE
  5
922
330
1F
100
AcDbEntity
  8
B.Cu
  6
CONTINUOUS
100
AcDbLine
 10
6.7345774015748026
 20
-3.9220205511811024
 30
0
 11
6.7330763779527558
 21
-3.9194206692913385
 31
0
  0
LINE
  5
923
330
1F
100
AcDbEntity
  8
B.Cu
  6
CONTINUOUS
100
AcDbLine
 10
6.7330763779527558
 20
-3.9194206692913385
 30
0
 11
6.7322993700787404
 21
-3.9165208661417323
 31
0
  0
LINE
  5
924
330
1F
100
AcDbEntity
  8
B.Cu
  6
CONTINUOUS
100
AcDbLine
 10
6.7322993700787404
 20
-3.9165208661417323
 30
0
 11
6.7322993700787404
 21
-3.91351874015748
 31
0
  0
LINE
  5
925
330
1F
100
AcDbEntity
  8
B.Cu
  6
CONTINUOUS
100
AcDbLine
 10
6.7322993700787404
 20
-3.91351874015748
 30
0
 11
6.7330763779527558
 21
-3.9106189370078739
 31
0
  0
LINE
  5
926
330
1F
100
AcDbEntity
  8
B.Cu
  6
CONTINUOUS
100
AcDbLine
 10
6.7330763779527558
 20
-3.9106189370078739
 30
0
 11
6.7345774015748026
 21
-3.90801905511811
 31
0
  0
LINE
  5
927
330
1F
100
AcDbEntity
  8
B.Cu
  6
CONTINUOUS
100
AcDbLine
 10
6.7345774015748026
 20
-3.90801905511811
 30
0
 11
6.7367002362204724
 21
-3.905896220472441
 31
0
  0
LINE
  5
928
330
1F
100
AcDbEntity
  8
B.Cu
  6
CONTINUOUS
100
AcDbLine
 10
6.7367002362204724
 20
-3.905896220472441
 30
0
 11
6.7393001181102363
 21
-3.9043951968503938
 31
0
  0
LINE
  5
929
330
1F
100
AcDbEntity
  8
B.Cu
  6
CONTINUOUS
100
AcDbLine
 10
6.7393001181102363
 20
-3.9043951968503938
 30
0
 11
6.742199921259842
 21
-3.9036181889763779
 31
0
  0
LINE
  5
92A
330
1F
100
AcDbEntity
  8
B.Cu
  6
CONTINUOUS
100
AcDbLine
 10
6.742199921259842
 20
-3.9036181889763779
 30
0
 11
6.7452020472440948
 21
-3.9036181889763779
 31
0
  0
LINE
  5
92B
330
1F
100
AcDbEntity
  8
B.Cu
  6
CONTINUOUS
100
AcDbLine
 10
6.7452020472440948
 20
-3.9036181889763779
 30
0
 11
6.7481018503937005
 21
-3.9043951968503938
 31
0
  0
LINE
  5
92C
330
1F
100
AcDbEntity
  8
B.Cu
  6
CONTINUOUS
100
AcDbLine
 10
6.7087317716535431
 20
-3.9043951181102363
 30
0
 11
6.711331653543307
 21
-3.9058961417322835
 31
0
  0
LINE
  5
92D
330
1F
100
AcDbEntity
  8
B.Cu
  6
CONTINUOUS
100
AcDbLine
 10
6.711331653543307
 20
-3.9058961417322835
 30
0
 11
6.7134544881889759
 21
-3.9080189763779525
 31
0
  0
LINE
  5
92E
330
1F
100
AcDbEntity
  8
B.Cu
  6
CONTINUOUS
100
AcDbLine
 10
6.7134544881889759
 20
-3.9080189763779525
 30
0
 11
6.7149555118110236
 21
-3.9106188582677164
 31
0
  0
LINE
  5
92F
330
1F
100
AcDbEntity
  8
B.Cu
  6
CONTINUOUS
100
AcDbLine
 10
6.7149555118110236
 20
-3.9106188582677164
 30
0
 11
6.715732519685039
 21
-3.913518661417323
 31
0
  0
LINE
  5
930
330
1F
100
AcDbEntity
  8
B.Cu
  6
CONTINUOUS
100
AcDbLine
 10
6.715732519685039
 20
-3.913518661417323
 30
0
 11
6.715732519685039
 21
-3.9165207874015748
 31
0
  0
LINE
  5
931
330
1F
100
AcDbEntity
  8
B.Cu
  6
CONTINUOUS
100
AcDbLine
 10
6.715732519685039
 20
-3.9165207874015748
 30
0
 11
6.7149555118110236
 21
-3.919420590551181
 31
0
  0
LINE
  5
932
330
1F
100
AcDbEntity
  8
B.Cu
  6
CONTINUOUS
100
AcDbLine
 10
6.7149555118110236
 20
-3.919420590551181
 30
0
 11
6.7134544881889759
 21
-3.9220204724409449
 31
0
  0
LINE
  5
933
330
1F
100
AcDbEntity
  8
B.Cu
  6
CONTINUOUS
100
AcDbLine
 10
6.7134544881889759
 20
-3.9220204724409449
 30
0
 11
6.711331653543307
 21
-3.9241433070866143
 31
0
  0
LINE
  5
934
330
1F
100
AcDbEntity
  8
B.Cu
  6
CONTINUOUS
100
AcDbLine
 10
6.711331653543307
 20
-3.9241433070866143
 30
0
 11
6.7087317716535431
 21
-3.9256443307086615
 31
0
  0
LINE
  5
935
330
1F
100
AcDbEntity
  8
B.Cu
  6
CONTINUOUS
100
AcDbLine
 10
6.7087317716535431
 20
-3.9256443307086615
 30
0
 11
6.7058319685039365
 21
-3.9264213385826769
 31
0
  0
LINE
  5
936
330
1F
100
AcDbEntity
  8
B.Cu
  6
CONTINUOUS
100
AcDbLine
 10
6.7058319685039365
 20
-3.9264213385826769
 30
0
 11
6.7028298425196846
 21
-3.9264213385826769
 31
0
  0
LINE
  5
937
330
1F
100
AcDbEntity
  8
B.Cu
  6
CONTINUOUS
100
AcDbLine
 10
6.7028298425196846
 20
-3.9264213385826769
 30
0
 11
6.6999300393700789
 21
-3.9256443307086615
 31
0
  0
LINE
  5
938
330
1F
100
AcDbEntity
  8
B.Cu
  6
CONTINUOUS
100
AcDbLine
 10
6.6999300393700789
 20
-3.9256443307086615
 30
0
 11
6.697330157480315
 21
-3.9241433070866143
 31
0
  0
LINE
  5
939
330
1F
100
AcDbEntity
  8
B.Cu
  6
CONTINUOUS
100
AcDbLine
 10
6.697330157480315
 20
-3.9241433070866143
 30
0
 11
6.6952073228346451
 21
-3.9220204724409449
 31
0
  0
LINE
  5
93A
330
1F
100
AcDbEntity
  8
B.Cu
  6
CONTINUOUS
100
AcDbLine
 10
6.6952073228346451
 20
-3.9220204724409449
 30
0
 11
6.6937062992125984
 21
-3.919420590551181
 31
0
  0
LINE
  5
93B
330
1F
100
AcDbEntity
  8
B.Cu
  6
CONTINUOUS
100
AcDbLine
 10
6.6937062992125984
 20
-3.919420590551181
 30
0
 11
6.6929292913385829
 21
-3.9165207874015748
 31
0
  0
LINE
  5
93C
330
1F
100
AcDbEntity
  8
B.Cu
  6
CONTINUOUS
100
AcDbLine
 10
6.6929292913385829
 20
-3.9165207874015748
 30
0
 11
6.6929292913385829
 21
-3.913518661417323
 31
0
  0
LINE
  5
93D
330
1F
100
AcDbEntity
  8
B.Cu
  6
CONTINUOUS
100
AcDbLine
 10
6.6929292913385829
 20
-3.913518661417323
 30
0
 11
6.6937062992125984
 21
-3.9106188582677164
 31
0
  0
LINE
  5
93E
330
1F
100
AcDbEntity
  8
B.Cu
  6
CONTINUOUS
100
AcDbLine
 10
6.6937062992125984
 20
-3.9106188582677164
 30
0
 11
6.6952073228346451
 21
-3.9080189763779525
 31
0
  0
LINE
  5
93F
330
1F
100
AcDbEntity
  8
B.Cu
  6
CONTINUOUS
100
AcDbLine
 10
6.6952073228346451
 20
-3.9080189763779525
 30
0
 11
6.697330157480315
 21
-3.9058961417322835
 31
0
  0
LINE
  5
940
330
1F
100
AcDbEntity
  8
B.Cu
  6
CONTINUOUS
100
AcDbLine
 10
6.697330157480315
 20
-3.9058961417322835
 30
0
 11
6.6999300393700789
 21
-3.9043951181102363
 31
0
  0
LINE
  5
941
330
1F
100
AcDbEntity
  8
B.Cu
  6
CONTINUOUS
100
AcDbLine
 10
6.6999300393700789
 20
-3.9043951181102363
 30
0
 11
6.7028298425196846
 21
-3.9036181102362204
 31
0
  0
LINE
  5
942
330
1F
100
AcDbEntity
  8
B.Cu
  6
CONTINUOUS
100
AcDbLine
 10
6.7028298425196846
 20
-3.9036181102362204
 30
0
 11
6.7058319685039365
 21
-3.9036181102362204
 31
0
  0
LINE
  5
943
330
1F
100
AcDbEntity
  8
B.Cu
  6
CONTINUOUS
100
AcDbLine
 10
6.7058319685039365
 20
-3.9036181102362204
 30
0
 11
6.7087317716535431
 21
-3.9043951181102363
 31
0
  0
LINE
  5
944
330
1F
100
AcDbEntity
  8
B.Cu
  6
CONTINUOUS
100
AcDbLine
 10
6.7874720078740154
 20
-3.9043950787401576
 30
0
 11
6.7900718897637793
 21
-3.9058961023622047
 31
0
  0
LINE
  5
945
330
1F
100
AcDbEntity
  8
B.Cu
  6
CONTINUOUS
100
AcDbLine
 10
6.7900718897637793
 20
-3.9058961023622047
 30
0
 11
6.7921947244094483
 21
-3.9080189370078737
 31
0
  0
LINE
  5
946
330
1F
100
AcDbEntity
  8
B.Cu
  6
CONTINUOUS
100
AcDbLine
 10
6.7921947244094483
 20
-3.9080189370078737
 30
0
 11
6.7936957480314959
 21
-3.9106188188976376
 31
0
  0
LINE
  5
947
330
1F
100
AcDbEntity
  8
B.Cu
  6
CONTINUOUS
100
AcDbLine
 10
6.7936957480314959
 20
-3.9106188188976376
 30
0
 11
6.7944727559055114
 21
-3.9135186220472442
 31
0
  0
LINE
  5
948
330
1F
100
AcDbEntity
  8
B.Cu
  6
CONTINUOUS
100
AcDbLine
 10
6.7944727559055114
 20
-3.9135186220472442
 30
0
 11
6.7944727559055114
 21
-3.9165207480314961
 31
0
  0
LINE
  5
949
330
1F
100
AcDbEntity
  8
B.Cu
  6
CONTINUOUS
100
AcDbLine
 10
6.7944727559055114
 20
-3.9165207480314961
 30
0
 11
6.7936957480314959
 21
-3.9194205511811022
 31
0
  0
LINE
  5
94A
330
1F
100
AcDbEntity
  8
B.Cu
  6
CONTINUOUS
100
AcDbLine
 10
6.7936957480314959
 20
-3.9194205511811022
 30
0
 11
6.7921947244094483
 21
-3.9220204330708661
 31
0
  0
LINE
  5
94B
330
1F
100
AcDbEntity
  8
B.Cu
  6
CONTINUOUS
100
AcDbLine
 10
6.7921947244094483
 20
-3.9220204330708661
 30
0
 11
6.7900718897637793
 21
-3.9241432677165355
 31
0
  0
LINE
  5
94C
330
1F
100
AcDbEntity
  8
B.Cu
  6
CONTINUOUS
100
AcDbLine
 10
6.7900718897637793
 20
-3.9241432677165355
 30
0
 11
6.7874720078740154
 21
-3.9256442913385827
 31
0
  0
LINE
  5
94D
330
1F
100
AcDbEntity
  8
B.Cu
  6
CONTINUOUS
100
AcDbLine
 10
6.7874720078740154
 20
-3.9256442913385827
 30
0
 11
6.7845722047244097
 21
-3.9264212992125982
 31
0
  0
LINE
  5
94E
330
1F
100
AcDbEntity
  8
B.Cu
  6
CONTINUOUS
100
AcDbLine
 10
6.7845722047244097
 20
-3.9264212992125982
 30
0
 11
6.7815700787401569
 21
-3.9264212992125982
 31
0
  0
LINE
  5
94F
330
1F
100
AcDbEntity
  8
B.Cu
  6
CONTINUOUS
100
AcDbLine
 10
6.7815700787401569
 20
-3.9264212992125982
 30
0
 11
6.7786702755905512
 21
-3.9256442913385827
 31
0
  0
LINE
  5
950
330
1F
100
AcDbEntity
  8
B.Cu
  6
CONTINUOUS
100
AcDbLine
 10
6.7786702755905512
 20
-3.9256442913385827
 30
0
 11
6.7760703937007873
 21
-3.9241432677165355
 31
0
  0
LINE
  5
951
330
1F
100
AcDbEntity
  8
B.Cu
  6
CONTINUOUS
100
AcDbLine
 10
6.7760703937007873
 20
-3.9241432677165355
 30
0
 11
6.7739475590551184
 21
-3.9220204330708661
 31
0
  0
LINE
  5
952
330
1F
100
AcDbEntity
  8
B.Cu
  6
CONTINUOUS
100
AcDbLine
 10
6.7739475590551184
 20
-3.9220204330708661
 30
0
 11
6.7724465354330707
 21
-3.9194205511811022
 31
0
  0
LINE
  5
953
330
1F
100
AcDbEntity
  8
B.Cu
  6
CONTINUOUS
100
AcDbLine
 10
6.7724465354330707
 20
-3.9194205511811022
 30
0
 11
6.7716695275590553
 21
-3.9165207480314961
 31
0
  0
LINE
  5
954
330
1F
100
AcDbEntity
  8
B.Cu
  6
CONTINUOUS
100
AcDbLine
 10
6.7716695275590553
 20
-3.9165207480314961
 30
0
 11
6.7716695275590553
 21
-3.9135186220472442
 31
0
  0
LINE
  5
955
330
1F
100
AcDbEntity
  8
B.Cu
  6
CONTINUOUS
100
AcDbLine
 10
6.7716695275590553
 20
-3.9135186220472442
 30
0
 11
6.7724465354330707
 21
-3.9106188188976376
 31
0
  0
LINE
  5
956
330
1F
100
AcDbEntity
  8
B.Cu
  6
CONTINUOUS
100
AcDbLine
 10
6.7724465354330707
 20
-3.9106188188976376
 30
0
 11
6.7739475590551184
 21
-3.9080189370078737
 31
0
  0
LINE
  5
957
330
1F
100
AcDbEntity
  8
B.Cu
  6
CONTINUOUS
100
AcDbLine
 10
6.7739475590551184
 20
-3.9080189370078737
 30
0
 11
6.7760703937007873
 21
-3.9058961023622047
 31
0
  0
LINE
  5
958
330
1F
100
AcDbEntity
  8
B.Cu
  6
CONTINUOUS
100
AcDbLine
 10
6.7760703937007873
 20
-3.9058961023622047
 30
0
 11
6.7786702755905512
 21
-3.9043950787401576
 31
0
  0
LINE
  5
959
330
1F
100
AcDbEntity
  8
B.Cu
  6
CONTINUOUS
100
AcDbLine
 10
6.7786702755905512
 20
-3.9043950787401576
 30
0
 11
6.7815700787401569
 21
-3.9036180708661417
 31
0
  0
LINE
  5
95A
330
1F
100
AcDbEntity
  8
B.Cu
  6
CONTINUOUS
100
AcDbLine
 10
6.7815700787401569
 20
-3.9036180708661417
 30
0
 11
6.7845722047244097
 21
-3.9036180708661417
 31
0
  0
LINE
  5
95B
330
1F
100
AcDbEntity
  8
B.Cu
  6
CONTINUOUS
100
AcDbLine
 10
6.7845722047244097
 20
-3.9036180708661417
 30
0
 11
6.7874720078740154
 21
-3.9043950787401576
 31
0
  0
LINE
  5
95C
330
1F
100
AcDbEntity
  8
B.Cu
  6
CONTINUOUS
100
AcDbLine
 10
6.1062908267716534
 20
-3.9024265748031497
 30
0
 11
6.1088907086614173
 21
-3.9039275984251969
 31
0
  0
LINE
  5
95D
330
1F
100
AcDbEntity
  8
B.Cu
  6
CONTINUOUS
100
AcDbLine
 10
6.1088907086614173
 20
-3.9039275984251969
 30
0
 11
6.1110135433070862
 21
-3.9060504330708659
 31
0
  0
LINE
  5
95E
330
1F
100
AcDbEntity
  8
B.Cu
  6
CONTINUOUS
100
AcDbLine
 10
6.1110135433070862
 20
-3.9060504330708659
 30
0
 11
6.1125145669291339
 21
-3.9086503149606298
 31
0
  0
LINE
  5
95F
330
1F
100
AcDbEntity
  8
B.Cu
  6
CONTINUOUS
100
AcDbLine
 10
6.1125145669291339
 20
-3.9086503149606298
 30
0
 11
6.1132915748031493
 21
-3.9115501181102363
 31
0
  0
LINE
  5
960
330
1F
100
AcDbEntity
  8
B.Cu
  6
CONTINUOUS
100
AcDbLine
 10
6.1132915748031493
 20
-3.9115501181102363
 30
0
 11
6.1132915748031493
 21
-3.9145522440944882
 31
0
  0
LINE
  5
961
330
1F
100
AcDbEntity
  8
B.Cu
  6
CONTINUOUS
100
AcDbLine
 10
6.1132915748031493
 20
-3.9145522440944882
 30
0
 11
6.1125145669291339
 21
-3.9174520472440943
 31
0
  0
LINE
  5
962
330
1F
100
AcDbEntity
  8
B.Cu
  6
CONTINUOUS
100
AcDbLine
 10
6.1125145669291339
 20
-3.9174520472440943
 30
0
 11
6.1110135433070862
 21
-3.9200519291338582
 31
0
  0
LINE
  5
963
330
1F
100
AcDbEntity
  8
B.Cu
  6
CONTINUOUS
100
AcDbLine
 10
6.1110135433070862
 20
-3.9200519291338582
 30
0
 11
6.1088907086614173
 21
-3.9221747637795277
 31
0
  0
LINE
  5
964
330
1F
100
AcDbEntity
  8
B.Cu
  6
CONTINUOUS
100
AcDbLine
 10
6.1088907086614173
 20
-3.9221747637795277
 30
0
 11
6.1062908267716534
 21
-3.9236757874015749
 31
0
  0
LINE
  5
965
330
1F
100
AcDbEntity
  8
B.Cu
  6
CONTINUOUS
100
AcDbLine
 10
6.1062908267716534
 20
-3.9236757874015749
 30
0
 11
6.1033910236220468
 21
-3.9244527952755903
 31
0
  0
LINE
  5
966
330
1F
100
AcDbEntity
  8
B.Cu
  6
CONTINUOUS
100
AcDbLine
 10
6.1033910236220468
 20
-3.9244527952755903
 30
0
 11
6.1003888976377949
 21
-3.9244527952755903
 31
0
  0
LINE
  5
967
330
1F
100
AcDbEntity
  8
B.Cu
  6
CONTINUOUS
100
AcDbLine
 10
6.1003888976377949
 20
-3.9244527952755903
 30
0
 11
6.0974890944881892
 21
-3.9236757874015749
 31
0
  0
LINE
  5
968
330
1F
100
AcDbEntity
  8
B.Cu
  6
CONTINUOUS
100
AcDbLine
 10
6.0974890944881892
 20
-3.9236757874015749
 30
0
 11
6.0948892125984253
 21
-3.9221747637795277
 31
0
  0
LINE
  5
969
330
1F
100
AcDbEntity
  8
B.Cu
  6
CONTINUOUS
100
AcDbLine
 10
6.0948892125984253
 20
-3.9221747637795277
 30
0
 11
6.0927663779527554
 21
-3.9200519291338582
 31
0
  0
LINE
  5
96A
330
1F
100
AcDbEntity
  8
B.Cu
  6
CONTINUOUS
100
AcDbLine
 10
6.0927663779527554
 20
-3.9200519291338582
 30
0
 11
6.0912653543307087
 21
-3.9174520472440943
 31
0
  0
LINE
  5
96B
330
1F
100
AcDbEntity
  8
B.Cu
  6
CONTINUOUS
100
AcDbLine
 10
6.0912653543307087
 20
-3.9174520472440943
 30
0
 11
6.0904883464566923
 21
-3.9145522440944882
 31
0
  0
LINE
  5
96C
330
1F
100
AcDbEntity
  8
B.Cu
  6
CONTINUOUS
100
AcDbLine
 10
6.0904883464566923
 20
-3.9145522440944882
 30
0
 11
6.0904883464566923
 21
-3.9115501181102363
 31
0
  0
LINE
  5
96D
330
1F
100
AcDbEntity
  8
B.Cu
  6
CONTINUOUS
100
AcDbLine
 10
6.0904883464566923
 20
-3.9115501181102363
 30
0
 11
6.0912653543307087
 21
-3.9086503149606298
 31
0
  0
LINE
  5
96E
330
1F
100
AcDbEntity
  8
B.Cu
  6
CONTINUOUS
100
AcDbLine
 10
6.0912653543307087
 20
-3.9086503149606298
 30
0
 11
6.0927663779527554
 21
-3.9060504330708659
 31
0
  0
LINE
  5
96F
330
1F
100
AcDbEntity
  8
B.Cu
  6
CONTINUOUS
100
AcDbLine
 10
6.0927663779527554
 20
-3.9060504330708659
 30
0
 11
6.0948892125984253
 21
-3.9039275984251969
 31
0
  0
LINE
  5
970
330
1F
100
AcDbEntity
  8
B.Cu
  6
CONTINUOUS
100
AcDbLine
 10
6.0948892125984253
 20
-3.9039275984251969
 30
0
 11
6.0974890944881892
 21
-3.9024265748031497
 31
0
  0
LINE
  5
971
330
1F
100
AcDbEntity
  8
B.Cu
  6
CONTINUOUS
100
AcDbLine
 10
6.0974890944881892
 20
-3.9024265748031497
 30
0
 11
6.1003888976377949
 21
-3.9016495669291338
 31
0
  0
LINE
  5
972
330
1F
100
AcDbEntity
  8
B.Cu
  6
CONTINUOUS
100
AcDbLine
 10
6.1003888976377949
 20
-3.9016495669291338
 30
0
 11
6.1033910236220468
 21
-3.9016495669291338
 31
0
  0
LINE
  5
973
330
1F
100
AcDbEntity
  8
B.Cu
  6
CONTINUOUS
100
AcDbLine
 10
6.1033910236220468
 20
-3.9016495669291338
 30
0
 11
6.1062908267716534
 21
-3.9024265748031497
 31
0
  0
LINE
  5
974
330
1F
100
AcDbEntity
  8
B.Cu
  6
CONTINUOUS
100
AcDbLine
 10
6.2037655511811023
 20
-3.9023650787401576
 30
0
 11
6.2063654330708662
 21
-3.9038661023622048
 31
0
  0
LINE
  5
975
330
1F
100
AcDbEntity
  8
B.Cu
  6
CONTINUOUS
100
AcDbLine
 10
6.2063654330708662
 20
-3.9038661023622048
 30
0
 11
6.2084882677165352
 21
-3.9059889370078738
 31
0
  0
LINE
  5
976
330
1F
100
AcDbEntity
  8
B.Cu
  6
CONTINUOUS
100
AcDbLine
 10
6.2084882677165352
 20
-3.9059889370078738
 30
0
 11
6.2099892913385828
 21
-3.9085888188976377
 31
0
  0
LINE
  5
977
330
1F
100
AcDbEntity
  8
B.Cu
  6
CONTINUOUS
100
AcDbLine
 10
6.2099892913385828
 20
-3.9085888188976377
 30
0
 11
6.2107662992125983
 21
-3.9114886220472438
 31
0
  0
LINE
  5
978
330
1F
100
AcDbEntity
  8
B.Cu
  6
CONTINUOUS
100
AcDbLine
 10
6.2107662992125983
 20
-3.9114886220472438
 30
0
 11
6.2107662992125983
 21
-3.9144907480314961
 31
0
  0
LINE
  5
979
330
1F
100
AcDbEntity
  8
B.Cu
  6
CONTINUOUS
100
AcDbLine
 10
6.2107662992125983
 20
-3.9144907480314961
 30
0
 11
6.2099892913385828
 21
-3.9173905511811022
 31
0
  0
LINE
  5
97A
330
1F
100
AcDbEntity
  8
B.Cu
  6
CONTINUOUS
100
AcDbLine
 10
6.2099892913385828
 20
-3.9173905511811022
 30
0
 11
6.2084882677165352
 21
-3.9199904330708661
 31
0
  0
LINE
  5
97B
330
1F
100
AcDbEntity
  8
B.Cu
  6
CONTINUOUS
100
AcDbLine
 10
6.2084882677165352
 20
-3.9199904330708661
 30
0
 11
6.2063654330708662
 21
-3.9221132677165351
 31
0
  0
LINE
  5
97C
330
1F
100
AcDbEntity
  8
B.Cu
  6
CONTINUOUS
100
AcDbLine
 10
6.2063654330708662
 20
-3.9221132677165351
 30
0
 11
6.2037655511811023
 21
-3.9236142913385827
 31
0
  0
LINE
  5
97D
330
1F
100
AcDbEntity
  8
B.Cu
  6
CONTINUOUS
100
AcDbLine
 10
6.2037655511811023
 20
-3.9236142913385827
 30
0
 11
6.2008657480314957
 21
-3.9243912992125982
 31
0
  0
LINE
  5
97E
330
1F
100
AcDbEntity
  8
B.Cu
  6
CONTINUOUS
100
AcDbLine
 10
6.2008657480314957
 20
-3.9243912992125982
 30
0
 11
6.1978636220472438
 21
-3.9243912992125982
 31
0
  0
LINE
  5
97F
330
1F
100
AcDbEntity
  8
B.Cu
  6
CONTINUOUS
100
AcDbLine
 10
6.1978636220472438
 20
-3.9243912992125982
 30
0
 11
6.1949638188976373
 21
-3.9236142913385827
 31
0
  0
LINE
  5
980
330
1F
100
AcDbEntity
  8
B.Cu
  6
CONTINUOUS
100
AcDbLine
 10
6.1949638188976373
 20
-3.9236142913385827
 30
0
 11
6.1923639370078742
 21
-3.9221132677165351
 31
0
  0
LINE
  5
981
330
1F
100
AcDbEntity
  8
B.Cu
  6
CONTINUOUS
100
AcDbLine
 10
6.1923639370078742
 20
-3.9221132677165351
 30
0
 11
6.1902411023622044
 21
-3.9199904330708661
 31
0
  0
LINE
  5
982
330
1F
100
AcDbEntity
  8
B.Cu
  6
CONTINUOUS
100
AcDbLine
 10
6.1902411023622044
 20
-3.9199904330708661
 30
0
 11
6.1887400787401576
 21
-3.9173905511811022
 31
0
  0
LINE
  5
983
330
1F
100
AcDbEntity
  8
B.Cu
  6
CONTINUOUS
100
AcDbLine
 10
6.1887400787401576
 20
-3.9173905511811022
 30
0
 11
6.1879630708661413
 21
-3.9144907480314961
 31
0
  0
LINE
  5
984
330
1F
100
AcDbEntity
  8
B.Cu
  6
CONTINUOUS
100
AcDbLine
 10
6.1879630708661413
 20
-3.9144907480314961
 30
0
 11
6.1879630708661413
 21
-3.9114886220472438
 31
0
  0
LINE
  5
985
330
1F
100
AcDbEntity
  8
B.Cu
  6
CONTINUOUS
100
AcDbLine
 10
6.1879630708661413
 20
-3.9114886220472438
 30
0
 11
6.1887400787401576
 21
-3.9085888188976377
 31
0
  0
LINE
  5
986
330
1F
100
AcDbEntity
  8
B.Cu
  6
CONTINUOUS
100
AcDbLine
 10
6.1887400787401576
 20
-3.9085888188976377
 30
0
 11
6.1902411023622044
 21
-3.9059889370078738
 31
0
  0
LINE
  5
987
330
1F
100
AcDbEntity
  8
B.Cu
  6
CONTINUOUS
100
AcDbLine
 10
6.1902411023622044
 20
-3.9059889370078738
 30
0
 11
6.1923639370078742
 21
-3.9038661023622048
 31
0
  0
LINE
  5
988
330
1F
100
AcDbEntity
  8
B.Cu
  6
CONTINUOUS
100
AcDbLine
 10
6.1923639370078742
 20
-3.9038661023622048
 30
0
 11
6.1949638188976373
 21
-3.9023650787401576
 31
0
  0
LINE
  5
989
330
1F
100
AcDbEntity
  8
B.Cu
  6
CONTINUOUS
100
AcDbLine
 10
6.1949638188976373
 20
-3.9023650787401576
 30
0
 11
6.1978636220472438
 21
-3.9015880708661417
 31
0
  0
LINE
  5
98A
330
1F
100
AcDbEntity
  8
B.Cu
  6
CONTINUOUS
100
AcDbLine
 10
6.1978636220472438
 20
-3.9015880708661417
 30
0
 11
6.2008657480314957
 21
-3.9015880708661417
 31
0
  0
LINE
  5
98B
330
1F
100
AcDbEntity
  8
B.Cu
  6
CONTINUOUS
100
AcDbLine
 10
6.2008657480314957
 20
-3.9015880708661417
 30
0
 11
6.2037655511811023
 21
-3.9023650787401576
 31
0
  0
LINE
  5
98C
330
1F
100
AcDbEntity
  8
B.Cu
  6
CONTINUOUS
100
AcDbLine
 10
6.8818813779527561
 20
-3.9017572440944881
 30
0
 11
6.8844812598425191
 21
-3.9032582677165353
 31
0
  0
LINE
  5
98D
330
1F
100
AcDbEntity
  8
B.Cu
  6
CONTINUOUS
100
AcDbLine
 10
6.8844812598425191
 20
-3.9032582677165353
 30
0
 11
6.886604094488189
 21
-3.9053811023622047
 31
0
  0
LINE
  5
98E
330
1F
100
AcDbEntity
  8
B.Cu
  6
CONTINUOUS
100
AcDbLine
 10
6.886604094488189
 20
-3.9053811023622047
 30
0
 11
6.8881051181102357
 21
-3.9079809842519686
 31
0
  0
LINE
  5
98F
330
1F
100
AcDbEntity
  8
B.Cu
  6
CONTINUOUS
100
AcDbLine
 10
6.8881051181102357
 20
-3.9079809842519686
 30
0
 11
6.8888821259842521
 21
-3.9108807874015747
 31
0
  0
LINE
  5
990
330
1F
100
AcDbEntity
  8
B.Cu
  6
CONTINUOUS
100
AcDbLine
 10
6.8888821259842521
 20
-3.9108807874015747
 30
0
 11
6.8888821259842521
 21
-3.9138829133858266
 31
0
  0
LINE
  5
991
330
1F
100
AcDbEntity
  8
B.Cu
  6
CONTINUOUS
100
AcDbLine
 10
6.8888821259842521
 20
-3.9138829133858266
 30
0
 11
6.8881051181102357
 21
-3.9167827165354332
 31
0
  0
LINE
  5
992
330
1F
100
AcDbEntity
  8
B.Cu
  6
CONTINUOUS
100
AcDbLine
 10
6.8881051181102357
 20
-3.9167827165354332
 30
0
 11
6.886604094488189
 21
-3.9193825984251967
 31
0
  0
LINE
  5
993
330
1F
100
AcDbEntity
  8
B.Cu
  6
CONTINUOUS
100
AcDbLine
 10
6.886604094488189
 20
-3.9193825984251967
 30
0
 11
6.8844812598425191
 21
-3.9215054330708661
 31
0
  0
LINE
  5
994
330
1F
100
AcDbEntity
  8
B.Cu
  6
CONTINUOUS
100
AcDbLine
 10
6.8844812598425191
 20
-3.9215054330708661
 30
0
 11
6.8818813779527561
 21
-3.9230064566929133
 31
0
  0
LINE
  5
995
330
1F
100
AcDbEntity
  8
B.Cu
  6
CONTINUOUS
100
AcDbLine
 10
6.8818813779527561
 20
-3.9230064566929133
 30
0
 11
6.8789815748031495
 21
-3.9237834645669292
 31
0
  0
LINE
  5
996
330
1F
100
AcDbEntity
  8
B.Cu
  6
CONTINUOUS
100
AcDbLine
 10
6.8789815748031495
 20
-3.9237834645669292
 30
0
 11
6.8759794488188977
 21
-3.9237834645669292
 31
0
  0
LINE
  5
997
330
1F
100
AcDbEntity
  8
B.Cu
  6
CONTINUOUS
100
AcDbLine
 10
6.8759794488188977
 20
-3.9237834645669292
 30
0
 11
6.8730796456692911
 21
-3.9230064566929133
 31
0
  0
LINE
  5
998
330
1F
100
AcDbEntity
  8
B.Cu
  6
CONTINUOUS
100
AcDbLine
 10
6.8730796456692911
 20
-3.9230064566929133
 30
0
 11
6.8704797637795272
 21
-3.9215054330708661
 31
0
  0
LINE
  5
999
330
1F
100
AcDbEntity
  8
B.Cu
  6
CONTINUOUS
100
AcDbLine
 10
6.8704797637795272
 20
-3.9215054330708661
 30
0
 11
6.8683569291338582
 21
-3.9193825984251967
 31
0
  0
LINE
  5
99A
330
1F
100
AcDbEntity
  8
B.Cu
  6
CONTINUOUS
100
AcDbLine
 10
6.8683569291338582
 20
-3.9193825984251967
 30
0
 11
6.8668559055118106
 21
-3.9167827165354332
 31
0
  0
LINE
  5
99B
330
1F
100
AcDbEntity
  8
B.Cu
  6
CONTINUOUS
100
AcDbLine
 10
6.8668559055118106
 20
-3.9167827165354332
 30
0
 11
6.8660788976377951
 21
-3.9138829133858266
 31
0
  0
LINE
  5
99C
330
1F
100
AcDbEntity
  8
B.Cu
  6
CONTINUOUS
100
AcDbLine
 10
6.8660788976377951
 20
-3.9138829133858266
 30
0
 11
6.8660788976377951
 21
-3.9108807874015747
 31
0
  0
LINE
  5
99D
330
1F
100
AcDbEntity
  8
B.Cu
  6
CONTINUOUS
100
AcDbLine
 10
6.8660788976377951
 20
-3.9108807874015747
 30
0
 11
6.8668559055118106
 21
-3.9079809842519686
 31
0
  0
LINE
  5
99E
330
1F
100
AcDbEntity
  8
B.Cu
  6
CONTINUOUS
100
AcDbLine
 10
6.8668559055118106
 20
-3.9079809842519686
 30
0
 11
6.8683569291338582
 21
-3.9053811023622047
 31
0
  0
LINE
  5
99F
330
1F
100
AcDbEntity
  8
B.Cu
  6
CONTINUOUS
100
AcDbLine
 10
6.8683569291338582
 20
-3.9053811023622047
 30
0
 11
6.8704797637795272
 21
-3.9032582677165353
 31
0
  0
LINE
  5
9A0
330
1F
100
AcDbEntity
  8
B.Cu
  6
CONTINUOUS
100
AcDbLine
 10
6.8704797637795272
 20
-3.9032582677165353
 30
0
 11
6.8730796456692911
 21
-3.9017572440944881
 31
0
  0
LINE
  5
9A1
330
1F
100
AcDbEntity
  8
B.Cu
  6
CONTINUOUS
100
AcDbLine
 10
6.8730796456692911
 20
-3.9017572440944881
 30
0
 11
6.8759794488188977
 21
-3.9009802362204722
 31
0
  0
LINE
  5
9A2
330
1F
100
AcDbEntity
  8
B.Cu
  6
CONTINUOUS
100
AcDbLine
 10
6.8759794488188977
 20
-3.9009802362204722
 30
0
 11
6.8789815748031495
 21
-3.9009802362204722
 31
0
  0
LINE
  5
9A3
330
1F
100
AcDbEntity
  8
B.Cu
  6
CONTINUOUS
100
AcDbLine
 10
6.8789815748031495
 20
-3.9009802362204722
 30
0
 11
6.8818813779527561
 21
-3.9017572440944881
 31
0
  0
LINE
  5
9A4
330
1F
100
AcDbEntity
  8
B.Cu
  6
CONTINUOUS
100
AcDbLine
 10
6.929125472440945
 20
-3.9017572440944881
 30
0
 11
6.9317253543307089
 21
-3.9032582677165353
 31
0
  0
LINE
  5
9A5
330
1F
100
AcDbEntity
  8
B.Cu
  6
CONTINUOUS
100
AcDbLine
 10
6.9317253543307089
 20
-3.9032582677165353
 30
0
 11
6.9338481889763779
 21
-3.9053811023622047
 31
0
  0
LINE
  5
9A6
330
1F
100
AcDbEntity
  8
B.Cu
  6
CONTINUOUS
100
AcDbLine
 10
6.9338481889763779
 20
-3.9053811023622047
 30
0
 11
6.9353492125984246
 21
-3.9079809842519686
 31
0
  0
LINE
  5
9A7
330
1F
100
AcDbEntity
  8
B.Cu
  6
CONTINUOUS
100
AcDbLine
 10
6.9353492125984246
 20
-3.9079809842519686
 30
0
 11
6.936126220472441
 21
-3.9108807874015747
 31
0
  0
LINE
  5
9A8
330
1F
100
AcDbEntity
  8
B.Cu
  6
CONTINUOUS
100
AcDbLine
 10
6.936126220472441
 20
-3.9108807874015747
 30
0
 11
6.936126220472441
 21
-3.9138829133858266
 31
0
  0
LINE
  5
9A9
330
1F
100
AcDbEntity
  8
B.Cu
  6
CONTINUOUS
100
AcDbLine
 10
6.936126220472441
 20
-3.9138829133858266
 30
0
 11
6.9353492125984246
 21
-3.9167827165354332
 31
0
  0
LINE
  5
9AA
330
1F
100
AcDbEntity
  8
B.Cu
  6
CONTINUOUS
100
AcDbLine
 10
6.9353492125984246
 20
-3.9167827165354332
 30
0
 11
6.9338481889763779
 21
-3.9193825984251967
 31
0
  0
LINE
  5
9AB
330
1F
100
AcDbEntity
  8
B.Cu
  6
CONTINUOUS
100
AcDbLine
 10
6.9338481889763779
 20
-3.9193825984251967
 30
0
 11
6.9317253543307089
 21
-3.9215054330708661
 31
0
  0
LINE
  5
9AC
330
1F
100
AcDbEntity
  8
B.Cu
  6
CONTINUOUS
100
AcDbLine
 10
6.9317253543307089
 20
-3.9215054330708661
 30
0
 11
6.929125472440945
 21
-3.9230064566929133
 31
0
  0
LINE
  5
9AD
330
1F
100
AcDbEntity
  8
B.Cu
  6
CONTINUOUS
100
AcDbLine
 10
6.929125472440945
 20
-3.9230064566929133
 30
0
 11
6.9262256692913384
 21
-3.9237834645669292
 31
0
  0
LINE
  5
9AE
330
1F
100
AcDbEntity
  8
B.Cu
  6
CONTINUOUS
100
AcDbLine
 10
6.9262256692913384
 20
-3.9237834645669292
 30
0
 11
6.9232235433070866
 21
-3.9237834645669292
 31
0
  0
LINE
  5
9AF
330
1F
100
AcDbEntity
  8
B.Cu
  6
CONTINUOUS
100
AcDbLine
 10
6.9232235433070866
 20
-3.9237834645669292
 30
0
 11
6.92032374015748
 21
-3.9230064566929133
 31
0
  0
LINE
  5
9B0
330
1F
100
AcDbEntity
  8
B.Cu
  6
CONTINUOUS
100
AcDbLine
 10
6.92032374015748
 20
-3.9230064566929133
 30
0
 11
6.9177238582677161
 21
-3.9215054330708661
 31
0
  0
LINE
  5
9B1
330
1F
100
AcDbEntity
  8
B.Cu
  6
CONTINUOUS
100
AcDbLine
 10
6.9177238582677161
 20
-3.9215054330708661
 30
0
 11
6.9156010236220471
 21
-3.9193825984251967
 31
0
  0
LINE
  5
9B2
330
1F
100
AcDbEntity
  8
B.Cu
  6
CONTINUOUS
100
AcDbLine
 10
6.9156010236220471
 20
-3.9193825984251967
 30
0
 11
6.9140999999999995
 21
-3.9167827165354332
 31
0
  0
LINE
  5
9B3
330
1F
100
AcDbEntity
  8
B.Cu
  6
CONTINUOUS
100
AcDbLine
 10
6.9140999999999995
 20
-3.9167827165354332
 30
0
 11
6.913322992125984
 21
-3.9138829133858266
 31
0
  0
LINE
  5
9B4
330
1F
100
AcDbEntity
  8
B.Cu
  6
CONTINUOUS
100
AcDbLine
 10
6.913322992125984
 20
-3.9138829133858266
 30
0
 11
6.913322992125984
 21
-3.9108807874015747
 31
0
  0
LINE
  5
9B5
330
1F
100
AcDbEntity
  8
B.Cu
  6
CONTINUOUS
100
AcDbLine
 10
6.913322992125984
 20
-3.9108807874015747
 30
0
 11
6.9140999999999995
 21
-3.9079809842519686
 31
0
  0
LINE
  5
9B6
330
1F
100
AcDbEntity
  8
B.Cu
  6
CONTINUOUS
100
AcDbLine
 10
6.9140999999999995
 20
-3.9079809842519686
 30
0
 11
6.9156010236220471
 21
-3.9053811023622047
 31
0
  0
LINE
  5
9B7
330
1F
100
AcDbEntity
  8
B.Cu
  6
CONTINUOUS
100
AcDbLine
 10
6.9156010236220471
 20
-3.9053811023622047
 30
0
 11
6.9177238582677161
 21
-3.9032582677165353
 31
0
  0
LINE
  5
9B8
330
1F
100
AcDbEntity
  8
B.Cu
  6
CONTINUOUS
100
AcDbLine
 10
6.9177238582677161
 20
-3.9032582677165353
 30
0
 11
6.92032374015748
 21
-3.9017572440944881
 31
0
  0
LINE
  5
9B9
330
1F
100
AcDbEntity
  8
B.Cu
  6
CONTINUOUS
100
AcDbLine
 10
6.92032374015748
 20
-3.9017572440944881
 30
0
 11
6.9232235433070866
 21
-3.9009802362204722
 31
0
  0
LINE
  5
9BA
330
1F
100
AcDbEntity
  8
B.Cu
  6
CONTINUOUS
100
AcDbLine
 10
6.9232235433070866
 20
-3.9009802362204722
 30
0
 11
6.9262256692913384
 21
-3.9009802362204722
 31
0
  0
LINE
  5
9BB
330
1F
100
AcDbEntity
  8
B.Cu
  6
CONTINUOUS
100
AcDbLine
 10
6.9262256692913384
 20
-3.9009802362204722
 30
0
 11
6.929125472440945
 21
-3.9017572440944881
 31
0
  0
LINE
  5
9BC
330
1F
100
AcDbEntity
  8
B.Cu
  6
CONTINUOUS
100
AcDbLine
 10
7.0255821653543302
 20
-3.9017572440944881
 30
0
 11
7.0281820472440941
 21
-3.9032582677165353
 31
0
  0
LINE
  5
9BD
330
1F
100
AcDbEntity
  8
B.Cu
  6
CONTINUOUS
100
AcDbLine
 10
7.0281820472440941
 20
-3.9032582677165353
 30
0
 11
7.030304881889764
 21
-3.9053811023622047
 31
0
  0
LINE
  5
9BE
330
1F
100
AcDbEntity
  8
B.Cu
  6
CONTINUOUS
100
AcDbLine
 10
7.030304881889764
 20
-3.9053811023622047
 30
0
 11
7.0318059055118107
 21
-3.9079809842519686
 31
0
  0
LINE
  5
9BF
330
1F
100
AcDbEntity
  8
B.Cu
  6
CONTINUOUS
100
AcDbLine
 10
7.0318059055118107
 20
-3.9079809842519686
 30
0
 11
7.0325829133858262
 21
-3.9108807874015747
 31
0
  0
LINE
  5
9C0
330
1F
100
AcDbEntity
  8
B.Cu
  6
CONTINUOUS
100
AcDbLine
 10
7.0325829133858262
 20
-3.9108807874015747
 30
0
 11
7.0325829133858262
 21
-3.9138829133858266
 31
0
  0
LINE
  5
9C1
330
1F
100
AcDbEntity
  8
B.Cu
  6
CONTINUOUS
100
AcDbLine
 10
7.0325829133858262
 20
-3.9138829133858266
 30
0
 11
7.0318059055118107
 21
-3.9167827165354332
 31
0
  0
LINE
  5
9C2
330
1F
100
AcDbEntity
  8
B.Cu
  6
CONTINUOUS
100
AcDbLine
 10
7.0318059055118107
 20
-3.9167827165354332
 30
0
 11
7.030304881889764
 21
-3.9193825984251967
 31
0
  0
LINE
  5
9C3
330
1F
100
AcDbEntity
  8
B.Cu
  6
CONTINUOUS
100
AcDbLine
 10
7.030304881889764
 20
-3.9193825984251967
 30
0
 11
7.0281820472440941
 21
-3.9215054330708661
 31
0
  0
LINE
  5
9C4
330
1F
100
AcDbEntity
  8
B.Cu
  6
CONTINUOUS
100
AcDbLine
 10
7.0281820472440941
 20
-3.9215054330708661
 30
0
 11
7.0255821653543302
 21
-3.9230064566929133
 31
0
  0
LINE
  5
9C5
330
1F
100
AcDbEntity
  8
B.Cu
  6
CONTINUOUS
100
AcDbLine
 10
7.0255821653543302
 20
-3.9230064566929133
 30
0
 11
7.0226823622047245
 21
-3.9237834645669292
 31
0
  0
LINE
  5
9C6
330
1F
100
AcDbEntity
  8
B.Cu
  6
CONTINUOUS
100
AcDbLine
 10
7.0226823622047245
 20
-3.9237834645669292
 30
0
 11
7.0196802362204727
 21
-3.9237834645669292
 31
0
  0
LINE
  5
9C7
330
1F
100
AcDbEntity
  8
B.Cu
  6
CONTINUOUS
100
AcDbLine
 10
7.0196802362204727
 20
-3.9237834645669292
 30
0
 11
7.0167804330708661
 21
-3.9230064566929133
 31
0
  0
LINE
  5
9C8
330
1F
100
AcDbEntity
  8
B.Cu
  6
CONTINUOUS
100
AcDbLine
 10
7.0167804330708661
 20
-3.9230064566929133
 30
0
 11
7.0141805511811022
 21
-3.9215054330708661
 31
0
  0
LINE
  5
9C9
330
1F
100
AcDbEntity
  8
B.Cu
  6
CONTINUOUS
100
AcDbLine
 10
7.0141805511811022
 20
-3.9215054330708661
 30
0
 11
7.0120577165354332
 21
-3.9193825984251967
 31
0
  0
LINE
  5
9CA
330
1F
100
AcDbEntity
  8
B.Cu
  6
CONTINUOUS
100
AcDbLine
 10
7.0120577165354332
 20
-3.9193825984251967
 30
0
 11
7.0105566929133856
 21
-3.9167827165354332
 31
0
  0
LINE
  5
9CB
330
1F
100
AcDbEntity
  8
B.Cu
  6
CONTINUOUS
100
AcDbLine
 10
7.0105566929133856
 20
-3.9167827165354332
 30
0
 11
7.0097796850393701
 21
-3.9138829133858266
 31
0
  0
LINE
  5
9CC
330
1F
100
AcDbEntity
  8
B.Cu
  6
CONTINUOUS
100
AcDbLine
 10
7.0097796850393701
 20
-3.9138829133858266
 30
0
 11
7.0097796850393701
 21
-3.9108807874015747
 31
0
  0
LINE
  5
9CD
330
1F
100
AcDbEntity
  8
B.Cu
  6
CONTINUOUS
100
AcDbLine
 10
7.0097796850393701
 20
-3.9108807874015747
 30
0
 11
7.0105566929133856
 21
-3.9079809842519686
 31
0
  0
LINE
  5
9CE
330
1F
100
AcDbEntity
  8
B.Cu
  6
CONTINUOUS
100
AcDbLine
 10
7.0105566929133856
 20
-3.9079809842519686
 30
0
 11
7.0120577165354332
 21
-3.9053811023622047
 31
0
  0
LINE
  5
9CF
330
1F
100
AcDbEntity
  8
B.Cu
  6
CONTINUOUS
100
AcDbLine
 10
7.0120577165354332
 20
-3.9053811023622047
 30
0
 11
7.0141805511811022
 21
-3.9032582677165353
 31
0
  0
LINE
  5
9D0
330
1F
100
AcDbEntity
  8
B.Cu
  6
CONTINUOUS
100
AcDbLine
 10
7.0141805511811022
 20
-3.9032582677165353
 30
0
 11
7.0167804330708661
 21
-3.9017572440944881
 31
0
  0
LINE
  5
9D1
330
1F
100
AcDbEntity
  8
B.Cu
  6
CONTINUOUS
100
AcDbLine
 10
7.0167804330708661
 20
-3.9017572440944881
 30
0
 11
7.0196802362204727
 21
-3.9009802362204722
 31
0
  0
LINE
  5
9D2
330
1F
100
AcDbEntity
  8
B.Cu
  6
CONTINUOUS
100
AcDbLine
 10
7.0196802362204727
 20
-3.9009802362204722
 30
0
 11
7.0226823622047245
 21
-3.9009802362204722
 31
0
  0
LINE
  5
9D3
330
1F
100
AcDbEntity
  8
B.Cu
  6
CONTINUOUS
100
AcDbLine
 10
7.0226823622047245
 20
-3.9009802362204722
 30
0
 11
7.0255821653543302
 21
-3.9017572440944881
 31
0
  0
LINE
  5
9D4
330
1F
100
AcDbEntity
  8
B.Cu
  6
CONTINUOUS
100
AcDbLine
 10
7.0551097244094487
 20
-3.9017572440944881
 30
0
 11
7.0577096062992126
 21
-3.9032582677165353
 31
0
  0
LINE
  5
9D5
330
1F
100
AcDbEntity
  8
B.Cu
  6
CONTINUOUS
100
AcDbLine
 10
7.0577096062992126
 20
-3.9032582677165353
 30
0
 11
7.0598324409448816
 21
-3.9053811023622047
 31
0
  0
LINE
  5
9D6
330
1F
100
AcDbEntity
  8
B.Cu
  6
CONTINUOUS
100
AcDbLine
 10
7.0598324409448816
 20
-3.9053811023622047
 30
0
 11
7.0613334645669292
 21
-3.9079809842519686
 31
0
  0
LINE
  5
9D7
330
1F
100
AcDbEntity
  8
B.Cu
  6
CONTINUOUS
100
AcDbLine
 10
7.0613334645669292
 20
-3.9079809842519686
 30
0
 11
7.0621104724409447
 21
-3.9108807874015747
 31
0
  0
LINE
  5
9D8
330
1F
100
AcDbEntity
  8
B.Cu
  6
CONTINUOUS
100
AcDbLine
 10
7.0621104724409447
 20
-3.9108807874015747
 30
0
 11
7.0621104724409447
 21
-3.9138829133858266
 31
0
  0
LINE
  5
9D9
330
1F
100
AcDbEntity
  8
B.Cu
  6
CONTINUOUS
100
AcDbLine
 10
7.0621104724409447
 20
-3.9138829133858266
 30
0
 11
7.0613334645669292
 21
-3.9167827165354332
 31
0
  0
LINE
  5
9DA
330
1F
100
AcDbEntity
  8
B.Cu
  6
CONTINUOUS
100
AcDbLine
 10
7.0613334645669292
 20
-3.9167827165354332
 30
0
 11
7.0598324409448816
 21
-3.9193825984251967
 31
0
  0
LINE
  5
9DB
330
1F
100
AcDbEntity
  8
B.Cu
  6
CONTINUOUS
100
AcDbLine
 10
7.0598324409448816
 20
-3.9193825984251967
 30
0
 11
7.0577096062992126
 21
-3.9215054330708661
 31
0
  0
LINE
  5
9DC
330
1F
100
AcDbEntity
  8
B.Cu
  6
CONTINUOUS
100
AcDbLine
 10
7.0577096062992126
 20
-3.9215054330708661
 30
0
 11
7.0551097244094487
 21
-3.9230064566929133
 31
0
  0
LINE
  5
9DD
330
1F
100
AcDbEntity
  8
B.Cu
  6
CONTINUOUS
100
AcDbLine
 10
7.0551097244094487
 20
-3.9230064566929133
 30
0
 11
7.0522099212598421
 21
-3.9237834645669292
 31
0
  0
LINE
  5
9DE
330
1F
100
AcDbEntity
  8
B.Cu
  6
CONTINUOUS
100
AcDbLine
 10
7.0522099212598421
 20
-3.9237834645669292
 30
0
 11
7.0492077952755903
 21
-3.9237834645669292
 31
0
  0
LINE
  5
9DF
330
1F
100
AcDbEntity
  8
B.Cu
  6
CONTINUOUS
100
AcDbLine
 10
7.0492077952755903
 20
-3.9237834645669292
 30
0
 11
7.0463079921259837
 21
-3.9230064566929133
 31
0
  0
LINE
  5
9E0
330
1F
100
AcDbEntity
  8
B.Cu
  6
CONTINUOUS
100
AcDbLine
 10
7.0463079921259837
 20
-3.9230064566929133
 30
0
 11
7.0437081102362207
 21
-3.9215054330708661
 31
0
  0
LINE
  5
9E1
330
1F
100
AcDbEntity
  8
B.Cu
  6
CONTINUOUS
100
AcDbLine
 10
7.0437081102362207
 20
-3.9215054330708661
 30
0
 11
7.0415852755905508
 21
-3.9193825984251967
 31
0
  0
LINE
  5
9E2
330
1F
100
AcDbEntity
  8
B.Cu
  6
CONTINUOUS
100
AcDbLine
 10
7.0415852755905508
 20
-3.9193825984251967
 30
0
 11
7.0400842519685041
 21
-3.9167827165354332
 31
0
  0
LINE
  5
9E3
330
1F
100
AcDbEntity
  8
B.Cu
  6
CONTINUOUS
100
AcDbLine
 10
7.0400842519685041
 20
-3.9167827165354332
 30
0
 11
7.0393072440944877
 21
-3.9138829133858266
 31
0
  0
LINE
  5
9E4
330
1F
100
AcDbEntity
  8
B.Cu
  6
CONTINUOUS
100
AcDbLine
 10
7.0393072440944877
 20
-3.9138829133858266
 30
0
 11
7.0393072440944877
 21
-3.9108807874015747
 31
0
  0
LINE
  5
9E5
330
1F
100
AcDbEntity
  8
B.Cu
  6
CONTINUOUS
100
AcDbLine
 10
7.0393072440944877
 20
-3.9108807874015747
 30
0
 11
7.0400842519685041
 21
-3.9079809842519686
 31
0
  0
LINE
  5
9E6
330
1F
100
AcDbEntity
  8
B.Cu
  6
CONTINUOUS
100
AcDbLine
 10
7.0400842519685041
 20
-3.9079809842519686
 30
0
 11
7.0415852755905508
 21
-3.9053811023622047
 31
0
  0
LINE
  5
9E7
330
1F
100
AcDbEntity
  8
B.Cu
  6
CONTINUOUS
100
AcDbLine
 10
7.0415852755905508
 20
-3.9053811023622047
 30
0
 11
7.0437081102362207
 21
-3.9032582677165353
 31
0
  0
LINE
  5
9E8
330
1F
100
AcDbEntity
  8
B.Cu
  6
CONTINUOUS
100
AcDbLine
 10
7.0437081102362207
 20
-3.9032582677165353
 30
0
 11
7.0463079921259837
 21
-3.9017572440944881
 31
0
  0
LINE
  5
9E9
330
1F
100
AcDbEntity
  8
B.Cu
  6
CONTINUOUS
100
AcDbLine
 10
7.0463079921259837
 20
-3.9017572440944881
 30
0
 11
7.0492077952755903
 21
-3.9009802362204722
 31
0
  0
LINE
  5
9EA
330
1F
100
AcDbEntity
  8
B.Cu
  6
CONTINUOUS
100
AcDbLine
 10
7.0492077952755903
 20
-3.9009802362204722
 30
0
 11
7.0522099212598421
 21
-3.9009802362204722
 31
0
  0
LINE
  5
9EB
330
1F
100
AcDbEntity
  8
B.Cu
  6
CONTINUOUS
100
AcDbLine
 10
7.0522099212598421
 20
-3.9009802362204722
 30
0
 11
7.0551097244094487
 21
-3.9017572440944881
 31
0
  0
LINE
  5
9EC
330
1F
100
AcDbEntity
  8
B.Cu
  6
CONTINUOUS
100
AcDbLine
 10
7.0846372834645663
 20
-3.9017572440944881
 30
0
 11
7.0872371653543302
 21
-3.9032582677165353
 31
0
  0
LINE
  5
9ED
330
1F
100
AcDbEntity
  8
B.Cu
  6
CONTINUOUS
100
AcDbLine
 10
7.0872371653543302
 20
-3.9032582677165353
 30
0
 11
7.0893600000000001
 21
-3.9053811023622047
 31
0
  0
LINE
  5
9EE
330
1F
100
AcDbEntity
  8
B.Cu
  6
CONTINUOUS
100
AcDbLine
 10
7.0893600000000001
 20
-3.9053811023622047
 30
0
 11
7.0908610236220468
 21
-3.9079809842519686
 31
0
  0
LINE
  5
9EF
330
1F
100
AcDbEntity
  8
B.Cu
  6
CONTINUOUS
100
AcDbLine
 10
7.0908610236220468
 20
-3.9079809842519686
 30
0
 11
7.0916380314960632
 21
-3.9108807874015747
 31
0
  0
LINE
  5
9F0
330
1F
100
AcDbEntity
  8
B.Cu
  6
CONTINUOUS
100
AcDbLine
 10
7.0916380314960632
 20
-3.9108807874015747
 30
0
 11
7.0916380314960632
 21
-3.9138829133858266
 31
0
  0
LINE
  5
9F1
330
1F
100
AcDbEntity
  8
B.Cu
  6
CONTINUOUS
100
AcDbLine
 10
7.0916380314960632
 20
-3.9138829133858266
 30
0
 11
7.0908610236220468
 21
-3.9167827165354332
 31
0
  0
LINE
  5
9F2
330
1F
100
AcDbEntity
  8
B.Cu
  6
CONTINUOUS
100
AcDbLine
 10
7.0908610236220468
 20
-3.9167827165354332
 30
0
 11
7.0893600000000001
 21
-3.9193825984251967
 31
0
  0
LINE
  5
9F3
330
1F
100
AcDbEntity
  8
B.Cu
  6
CONTINUOUS
100
AcDbLine
 10
7.0893600000000001
 20
-3.9193825984251967
 30
0
 11
7.0872371653543302
 21
-3.9215054330708661
 31
0
  0
LINE
  5
9F4
330
1F
100
AcDbEntity
  8
B.Cu
  6
CONTINUOUS
100
AcDbLine
 10
7.0872371653543302
 20
-3.9215054330708661
 30
0
 11
7.0846372834645663
 21
-3.9230064566929133
 31
0
  0
LINE
  5
9F5
330
1F
100
AcDbEntity
  8
B.Cu
  6
CONTINUOUS
100
AcDbLine
 10
7.0846372834645663
 20
-3.9230064566929133
 30
0
 11
7.0817374803149606
 21
-3.9237834645669292
 31
0
  0
LINE
  5
9F6
330
1F
100
AcDbEntity
  8
B.Cu
  6
CONTINUOUS
100
AcDbLine
 10
7.0817374803149606
 20
-3.9237834645669292
 30
0
 11
7.0787353543307088
 21
-3.9237834645669292
 31
0
  0
LINE
  5
9F7
330
1F
100
AcDbEntity
  8
B.Cu
  6
CONTINUOUS
100
AcDbLine
 10
7.0787353543307088
 20
-3.9237834645669292
 30
0
 11
7.0758355511811022
 21
-3.9230064566929133
 31
0
  0
LINE
  5
9F8
330
1F
100
AcDbEntity
  8
B.Cu
  6
CONTINUOUS
100
AcDbLine
 10
7.0758355511811022
 20
-3.9230064566929133
 30
0
 11
7.0732356692913383
 21
-3.9215054330708661
 31
0
  0
LINE
  5
9F9
330
1F
100
AcDbEntity
  8
B.Cu
  6
CONTINUOUS
100
AcDbLine
 10
7.0732356692913383
 20
-3.9215054330708661
 30
0
 11
7.0711128346456693
 21
-3.9193825984251967
 31
0
  0
LINE
  5
9FA
330
1F
100
AcDbEntity
  8
B.Cu
  6
CONTINUOUS
100
AcDbLine
 10
7.0711128346456693
 20
-3.9193825984251967
 30
0
 11
7.0696118110236217
 21
-3.9167827165354332
 31
0
  0
LINE
  5
9FB
330
1F
100
AcDbEntity
  8
B.Cu
  6
CONTINUOUS
100
AcDbLine
 10
7.0696118110236217
 20
-3.9167827165354332
 30
0
 11
7.0688348031496062
 21
-3.9138829133858266
 31
0
  0
LINE
  5
9FC
330
1F
100
AcDbEntity
  8
B.Cu
  6
CONTINUOUS
100
AcDbLine
 10
7.0688348031496062
 20
-3.9138829133858266
 30
0
 11
7.0688348031496062
 21
-3.9108807874015747
 31
0
  0
LINE
  5
9FD
330
1F
100
AcDbEntity
  8
B.Cu
  6
CONTINUOUS
100
AcDbLine
 10
7.0688348031496062
 20
-3.9108807874015747
 30
0
 11
7.0696118110236217
 21
-3.9079809842519686
 31
0
  0
LINE
  5
9FE
330
1F
100
AcDbEntity
  8
B.Cu
  6
CONTINUOUS
100
AcDbLine
 10
7.0696118110236217
 20
-3.9079809842519686
 30
0
 11
7.0711128346456693
 21
-3.9053811023622047
 31
0
  0
LINE
  5
9FF
330
1F
100
AcDbEntity
  8
B.Cu
  6
CONTINUOUS
100
AcDbLine
 10
7.0711128346456693
 20
-3.9053811023622047
 30
0
 11
7.0732356692913383
 21
-3.9032582677165353
 31
0
  0
LINE
  5
A00
330
1F
100
AcDbEntity
  8
B.Cu
  6
CONTINUOUS
100
AcDbLine
 10
7.0732356692913383
 20
-3.9032582677165353
 30
0
 11
7.0758355511811022
 21
-3.9017572440944881
 31
0
  0
LINE
  5
A01
330
1F
100
AcDbEntity
  8
B.Cu
  6
CONTINUOUS
100
AcDbLine
 10
7.0758355511811022
 20
-3.9017572440944881
 30
0
 11
7.0787353543307088
 21
-3.9009802362204722
 31
0
  0
LINE
  5
A02
330
1F
100
AcDbEntity
  8
B.Cu
  6
CONTINUOUS
100
AcDbLine
 10
7.0787353543307088
 20
-3.9009802362204722
 30
0
 11
7.0817374803149606
 21
-3.9009802362204722
 31
0
  0
LINE
  5
A03
330
1F
100
AcDbEntity
  8
B.Cu
  6
CONTINUOUS
100
AcDbLine
 10
7.0817374803149606
 20
-3.9009802362204722
 30
0
 11
7.0846372834645663
 21
-3.9017572440944881
 31
0
  0
LINE
  5
A04
330
1F
100
AcDbEntity
  8
B.Cu
  6
CONTINUOUS
100
AcDbLine
 10
5.3831027952755903
 20
-3.8942651968503936
 30
0
 11
5.3857729921259843
 21
-3.8958068503937007
 31
0
  0
LINE
  5
A05
330
1F
100
AcDbEntity
  8
B.Cu
  6
CONTINUOUS
100
AcDbLine
 10
5.3857729921259843
 20
-3.8958068503937007
 30
0
 11
5.3879532283464568
 21
-3.8979870866141733
 31
0
  0
LINE
  5
A06
330
1F
100
AcDbEntity
  8
B.Cu
  6
CONTINUOUS
100
AcDbLine
 10
5.3879532283464568
 20
-3.8979870866141733
 30
0
 11
5.3894948818897639
 21
-3.9006572834645667
 31
0
  0
LINE
  5
A07
330
1F
100
AcDbEntity
  8
B.Cu
  6
CONTINUOUS
100
AcDbLine
 10
5.3894948818897639
 20
-3.9006572834645667
 30
0
 11
5.3902928740157483
 21
-3.9036355118110238
 31
0
  0
LINE
  5
A08
330
1F
100
AcDbEntity
  8
B.Cu
  6
CONTINUOUS
100
AcDbLine
 10
5.3902928740157483
 20
-3.9036355118110238
 30
0
 11
5.3902928740157483
 21
-3.9067188188976378
 31
0
  0
LINE
  5
A09
330
1F
100
AcDbEntity
  8
B.Cu
  6
CONTINUOUS
100
AcDbLine
 10
5.3902928740157483
 20
-3.9067188188976378
 30
0
 11
5.3894948818897639
 21
-3.9096970472440944
 31
0
  0
LINE
  5
A0A
330
1F
100
AcDbEntity
  8
B.Cu
  6
CONTINUOUS
100
AcDbLine
 10
5.3894948818897639
 20
-3.9096970472440944
 30
0
 11
5.3879532283464568
 21
-3.9123672440944879
 31
0
  0
LINE
  5
A0B
330
1F
100
AcDbEntity
  8
B.Cu
  6
CONTINUOUS
100
AcDbLine
 10
5.3879532283464568
 20
-3.9123672440944879
 30
0
 11
5.3857729921259843
 21
-3.9145474803149605
 31
0
  0
LINE
  5
A0C
330
1F
100
AcDbEntity
  8
B.Cu
  6
CONTINUOUS
100
AcDbLine
 10
5.3857729921259843
 20
-3.9145474803149605
 30
0
 11
5.3831027952755903
 21
-3.9160891338582675
 31
0
  0
LINE
  5
A0D
330
1F
100
AcDbEntity
  8
B.Cu
  6
CONTINUOUS
100
AcDbLine
 10
5.3831027952755903
 20
-3.9160891338582675
 30
0
 11
5.3801245669291333
 21
-3.9168871259842519
 31
0
  0
LINE
  5
A0E
330
1F
100
AcDbEntity
  8
B.Cu
  6
CONTINUOUS
100
AcDbLine
 10
5.3801245669291333
 20
-3.9168871259842519
 30
0
 11
5.3770412598425192
 21
-3.9168871259842519
 31
0
  0
LINE
  5
A0F
330
1F
100
AcDbEntity
  8
B.Cu
  6
CONTINUOUS
100
AcDbLine
 10
5.3770412598425192
 20
-3.9168871259842519
 30
0
 11
5.3740630314960631
 21
-3.9160891338582675
 31
0
  0
LINE
  5
A10
330
1F
100
AcDbEntity
  8
B.Cu
  6
CONTINUOUS
100
AcDbLine
 10
5.3740630314960631
 20
-3.9160891338582675
 30
0
 11
5.3713928346456692
 21
-3.9145474803149605
 31
0
  0
LINE
  5
A11
330
1F
100
AcDbEntity
  8
B.Cu
  6
CONTINUOUS
100
AcDbLine
 10
5.3713928346456692
 20
-3.9145474803149605
 30
0
 11
5.3692125984251966
 21
-3.9123672440944879
 31
0
  0
LINE
  5
A12
330
1F
100
AcDbEntity
  8
B.Cu
  6
CONTINUOUS
100
AcDbLine
 10
5.3692125984251966
 20
-3.9123672440944879
 30
0
 11
5.3676709448818896
 21
-3.9096970472440944
 31
0
  0
LINE
  5
A13
330
1F
100
AcDbEntity
  8
B.Cu
  6
CONTINUOUS
100
AcDbLine
 10
5.3676709448818896
 20
-3.9096970472440944
 30
0
 11
5.3668729527559051
 21
-3.9067188188976378
 31
0
  0
LINE
  5
A14
330
1F
100
AcDbEntity
  8
B.Cu
  6
CONTINUOUS
100
AcDbLine
 10
5.3668729527559051
 20
-3.9067188188976378
 30
0
 11
5.3668729527559051
 21
-3.9036355118110238
 31
0
  0
LINE
  5
A15
330
1F
100
AcDbEntity
  8
B.Cu
  6
CONTINUOUS
100
AcDbLine
 10
5.3668729527559051
 20
-3.9036355118110238
 30
0
 11
5.3676709448818896
 21
-3.9006572834645667
 31
0
  0
LINE
  5
A16
330
1F
100
AcDbEntity
  8
B.Cu
  6
CONTINUOUS
100
AcDbLine
 10
5.3676709448818896
 20
-3.9006572834645667
 30
0
 11
5.3692125984251966
 21
-3.8979870866141733
 31
0
  0
LINE
  5
A17
330
1F
100
AcDbEntity
  8
B.Cu
  6
CONTINUOUS
100
AcDbLine
 10
5.3692125984251966
 20
-3.8979870866141733
 30
0
 11
5.3713928346456692
 21
-3.8958068503937007
 31
0
  0
LINE
  5
A18
330
1F
100
AcDbEntity
  8
B.Cu
  6
CONTINUOUS
100
AcDbLine
 10
5.3713928346456692
 20
-3.8958068503937007
 30
0
 11
5.3740630314960631
 21
-3.8942651968503936
 31
0
  0
LINE
  5
A19
330
1F
100
AcDbEntity
  8
B.Cu
  6
CONTINUOUS
100
AcDbLine
 10
5.3740630314960631
 20
-3.8942651968503936
 30
0
 11
5.3770412598425192
 21
-3.8934672047244092
 31
0
  0
LINE
  5
A1A
330
1F
100
AcDbEntity
  8
B.Cu
  6
CONTINUOUS
100
AcDbLine
 10
5.3770412598425192
 20
-3.8934672047244092
 30
0
 11
5.3801245669291333
 21
-3.8934672047244092
 31
0
  0
LINE
  5
A1B
330
1F
100
AcDbEntity
  8
B.Cu
  6
CONTINUOUS
100
AcDbLine
 10
5.3801245669291333
 20
-3.8934672047244092
 30
0
 11
5.3831027952755903
 21
-3.8942651968503936
 31
0
  0
LINE
  5
A1C
330
1F
100
AcDbEntity
  8
B.Cu
  6
CONTINUOUS
100
AcDbLine
 10
6.5366585039370078
 20
-3.8947155118110235
 30
0
 11
6.5392583858267717
 21
-3.8962165354330707
 31
0
  0
LINE
  5
A1D
330
1F
100
AcDbEntity
  8
B.Cu
  6
CONTINUOUS
100
AcDbLine
 10
6.5392583858267717
 20
-3.8962165354330707
 30
0
 11
6.5413812204724406
 21
-3.8983393700787401
 31
0
  0
LINE
  5
A1E
330
1F
100
AcDbEntity
  8
B.Cu
  6
CONTINUOUS
100
AcDbLine
 10
6.5413812204724406
 20
-3.8983393700787401
 30
0
 11
6.5428822440944883
 21
-3.900939251968504
 31
0
  0
LINE
  5
A1F
330
1F
100
AcDbEntity
  8
B.Cu
  6
CONTINUOUS
100
AcDbLine
 10
6.5428822440944883
 20
-3.900939251968504
 30
0
 11
6.5436592519685037
 21
-3.9038390551181101
 31
0
  0
LINE
  5
A20
330
1F
100
AcDbEntity
  8
B.Cu
  6
CONTINUOUS
100
AcDbLine
 10
6.5436592519685037
 20
-3.9038390551181101
 30
0
 11
6.5436592519685037
 21
-3.906841181102362
 31
0
  0
LINE
  5
A21
330
1F
100
AcDbEntity
  8
B.Cu
  6
CONTINUOUS
100
AcDbLine
 10
6.5436592519685037
 20
-3.906841181102362
 30
0
 11
6.5428822440944883
 21
-3.9097409842519686
 31
0
  0
LINE
  5
A22
330
1F
100
AcDbEntity
  8
B.Cu
  6
CONTINUOUS
100
AcDbLine
 10
6.5428822440944883
 20
-3.9097409842519686
 30
0
 11
6.5413812204724406
 21
-3.912340866141732
 31
0
  0
LINE
  5
A23
330
1F
100
AcDbEntity
  8
B.Cu
  6
CONTINUOUS
100
AcDbLine
 10
6.5413812204724406
 20
-3.912340866141732
 30
0
 11
6.5392583858267717
 21
-3.9144637007874015
 31
0
  0
LINE
  5
A24
330
1F
100
AcDbEntity
  8
B.Cu
  6
CONTINUOUS
100
AcDbLine
 10
6.5392583858267717
 20
-3.9144637007874015
 30
0
 11
6.5366585039370078
 21
-3.9159647244094486
 31
0
  0
LINE
  5
A25
330
1F
100
AcDbEntity
  8
B.Cu
  6
CONTINUOUS
100
AcDbLine
 10
6.5366585039370078
 20
-3.9159647244094486
 30
0
 11
6.5337587007874012
 21
-3.9167417322834646
 31
0
  0
LINE
  5
A26
330
1F
100
AcDbEntity
  8
B.Cu
  6
CONTINUOUS
100
AcDbLine
 10
6.5337587007874012
 20
-3.9167417322834646
 30
0
 11
6.5307565748031493
 21
-3.9167417322834646
 31
0
  0
LINE
  5
A27
330
1F
100
AcDbEntity
  8
B.Cu
  6
CONTINUOUS
100
AcDbLine
 10
6.5307565748031493
 20
-3.9167417322834646
 30
0
 11
6.5278567716535427
 21
-3.9159647244094486
 31
0
  0
LINE
  5
A28
330
1F
100
AcDbEntity
  8
B.Cu
  6
CONTINUOUS
100
AcDbLine
 10
6.5278567716535427
 20
-3.9159647244094486
 30
0
 11
6.5252568897637797
 21
-3.9144637007874015
 31
0
  0
LINE
  5
A29
330
1F
100
AcDbEntity
  8
B.Cu
  6
CONTINUOUS
100
AcDbLine
 10
6.5252568897637797
 20
-3.9144637007874015
 30
0
 11
6.5231340551181098
 21
-3.912340866141732
 31
0
  0
LINE
  5
A2A
330
1F
100
AcDbEntity
  8
B.Cu
  6
CONTINUOUS
100
AcDbLine
 10
6.5231340551181098
 20
-3.912340866141732
 30
0
 11
6.5216330314960631
 21
-3.9097409842519686
 31
0
  0
LINE
  5
A2B
330
1F
100
AcDbEntity
  8
B.Cu
  6
CONTINUOUS
100
AcDbLine
 10
6.5216330314960631
 20
-3.9097409842519686
 30
0
 11
6.5208560236220467
 21
-3.906841181102362
 31
0
  0
LINE
  5
A2C
330
1F
100
AcDbEntity
  8
B.Cu
  6
CONTINUOUS
100
AcDbLine
 10
6.5208560236220467
 20
-3.906841181102362
 30
0
 11
6.5208560236220467
 21
-3.9038390551181101
 31
0
  0
LINE
  5
A2D
330
1F
100
AcDbEntity
  8
B.Cu
  6
CONTINUOUS
100
AcDbLine
 10
6.5208560236220467
 20
-3.9038390551181101
 30
0
 11
6.5216330314960631
 21
-3.900939251968504
 31
0
  0
LINE
  5
A2E
330
1F
100
AcDbEntity
  8
B.Cu
  6
CONTINUOUS
100
AcDbLine
 10
6.5216330314960631
 20
-3.900939251968504
 30
0
 11
6.5231340551181098
 21
-3.8983393700787401
 31
0
  0
LINE
  5
A2F
330
1F
100
AcDbEntity
  8
B.Cu
  6
CONTINUOUS
100
AcDbLine
 10
6.5231340551181098
 20
-3.8983393700787401
 30
0
 11
6.5252568897637797
 21
-3.8962165354330707
 31
0
  0
LINE
  5
A30
330
1F
100
AcDbEntity
  8
B.Cu
  6
CONTINUOUS
100
AcDbLine
 10
6.5252568897637797
 20
-3.8962165354330707
 30
0
 11
6.5278567716535427
 21
-3.8947155118110235
 31
0
  0
LINE
  5
A31
330
1F
100
AcDbEntity
  8
B.Cu
  6
CONTINUOUS
100
AcDbLine
 10
6.5278567716535427
 20
-3.8947155118110235
 30
0
 11
6.5307565748031493
 21
-3.8939385039370076
 31
0
  0
LINE
  5
A32
330
1F
100
AcDbEntity
  8
B.Cu
  6
CONTINUOUS
100
AcDbLine
 10
6.5307565748031493
 20
-3.8939385039370076
 30
0
 11
6.5337587007874012
 21
-3.8939385039370076
 31
0
  0
LINE
  5
A33
330
1F
100
AcDbEntity
  8
B.Cu
  6
CONTINUOUS
100
AcDbLine
 10
6.5337587007874012
 20
-3.8939385039370076
 30
0
 11
6.5366585039370078
 21
-3.8947155118110235
 31
0
  0
LINE
  5
A34
330
1F
100
AcDbEntity
  8
B.Cu
  6
CONTINUOUS
100
AcDbLine
 10
6.5676584251968499
 20
-3.8947154724409447
 30
0
 11
6.5702583070866138
 21
-3.8962164960629919
 31
0
  0
LINE
  5
A35
330
1F
100
AcDbEntity
  8
B.Cu
  6
CONTINUOUS
100
AcDbLine
 10
6.5702583070866138
 20
-3.8962164960629919
 30
0
 11
6.5723811417322837
 21
-3.8983393307086613
 31
0
  0
LINE
  5
A36
330
1F
100
AcDbEntity
  8
B.Cu
  6
CONTINUOUS
100
AcDbLine
 10
6.5723811417322837
 20
-3.8983393307086613
 30
0
 11
6.5738821653543305
 21
-3.9009392125984252
 31
0
  0
LINE
  5
A37
330
1F
100
AcDbEntity
  8
B.Cu
  6
CONTINUOUS
100
AcDbLine
 10
6.5738821653543305
 20
-3.9009392125984252
 30
0
 11
6.5746591732283459
 21
-3.9038390157480314
 31
0
  0
LINE
  5
A38
330
1F
100
AcDbEntity
  8
B.Cu
  6
CONTINUOUS
100
AcDbLine
 10
6.5746591732283459
 20
-3.9038390157480314
 30
0
 11
6.5746591732283459
 21
-3.9068411417322833
 31
0
  0
LINE
  5
A39
330
1F
100
AcDbEntity
  8
B.Cu
  6
CONTINUOUS
100
AcDbLine
 10
6.5746591732283459
 20
-3.9068411417322833
 30
0
 11
6.5738821653543305
 21
-3.9097409448818898
 31
0
  0
LINE
  5
A3A
330
1F
100
AcDbEntity
  8
B.Cu
  6
CONTINUOUS
100
AcDbLine
 10
6.5738821653543305
 20
-3.9097409448818898
 30
0
 11
6.5723811417322837
 21
-3.9123408267716533
 31
0
  0
LINE
  5
A3B
330
1F
100
AcDbEntity
  8
B.Cu
  6
CONTINUOUS
100
AcDbLine
 10
6.5723811417322837
 20
-3.9123408267716533
 30
0
 11
6.5702583070866138
 21
-3.9144636614173227
 31
0
  0
LINE
  5
A3C
330
1F
100
AcDbEntity
  8
B.Cu
  6
CONTINUOUS
100
AcDbLine
 10
6.5702583070866138
 20
-3.9144636614173227
 30
0
 11
6.5676584251968499
 21
-3.9159646850393699
 31
0
  0
LINE
  5
A3D
330
1F
100
AcDbEntity
  8
B.Cu
  6
CONTINUOUS
100
AcDbLine
 10
6.5676584251968499
 20
-3.9159646850393699
 30
0
 11
6.5647586220472443
 21
-3.9167416929133858
 31
0
  0
LINE
  5
A3E
330
1F
100
AcDbEntity
  8
B.Cu
  6
CONTINUOUS
100
AcDbLine
 10
6.5647586220472443
 20
-3.9167416929133858
 30
0
 11
6.5617564960629924
 21
-3.9167416929133858
 31
0
  0
LINE
  5
A3F
330
1F
100
AcDbEntity
  8
B.Cu
  6
CONTINUOUS
100
AcDbLine
 10
6.5617564960629924
 20
-3.9167416929133858
 30
0
 11
6.5588566929133858
 21
-3.9159646850393699
 31
0
  0
LINE
  5
A40
330
1F
100
AcDbEntity
  8
B.Cu
  6
CONTINUOUS
100
AcDbLine
 10
6.5588566929133858
 20
-3.9159646850393699
 30
0
 11
6.5562568110236219
 21
-3.9144636614173227
 31
0
  0
LINE
  5
A41
330
1F
100
AcDbEntity
  8
B.Cu
  6
CONTINUOUS
100
AcDbLine
 10
6.5562568110236219
 20
-3.9144636614173227
 30
0
 11
6.5541339763779529
 21
-3.9123408267716533
 31
0
  0
LINE
  5
A42
330
1F
100
AcDbEntity
  8
B.Cu
  6
CONTINUOUS
100
AcDbLine
 10
6.5541339763779529
 20
-3.9123408267716533
 30
0
 11
6.5526329527559053
 21
-3.9097409448818898
 31
0
  0
LINE
  5
A43
330
1F
100
AcDbEntity
  8
B.Cu
  6
CONTINUOUS
100
AcDbLine
 10
6.5526329527559053
 20
-3.9097409448818898
 30
0
 11
6.5518559448818898
 21
-3.9068411417322833
 31
0
  0
LINE
  5
A44
330
1F
100
AcDbEntity
  8
B.Cu
  6
CONTINUOUS
100
AcDbLine
 10
6.5518559448818898
 20
-3.9068411417322833
 30
0
 11
6.5518559448818898
 21
-3.9038390157480314
 31
0
  0
LINE
  5
A45
330
1F
100
AcDbEntity
  8
B.Cu
  6
CONTINUOUS
100
AcDbLine
 10
6.5518559448818898
 20
-3.9038390157480314
 30
0
 11
6.5526329527559053
 21
-3.9009392125984252
 31
0
  0
LINE
  5
A46
330
1F
100
AcDbEntity
  8
B.Cu
  6
CONTINUOUS
100
AcDbLine
 10
6.5526329527559053
 20
-3.9009392125984252
 30
0
 11
6.5541339763779529
 21
-3.8983393307086613
 31
0
  0
LINE
  5
A47
330
1F
100
AcDbEntity
  8
B.Cu
  6
CONTINUOUS
100
AcDbLine
 10
6.5541339763779529
 20
-3.8983393307086613
 30
0
 11
6.5562568110236219
 21
-3.8962164960629919
 31
0
  0
LINE
  5
A48
330
1F
100
AcDbEntity
  8
B.Cu
  6
CONTINUOUS
100
AcDbLine
 10
6.5562568110236219
 20
-3.8962164960629919
 30
0
 11
6.5588566929133858
 21
-3.8947154724409447
 31
0
  0
LINE
  5
A49
330
1F
100
AcDbEntity
  8
B.Cu
  6
CONTINUOUS
100
AcDbLine
 10
6.5588566929133858
 20
-3.8947154724409447
 30
0
 11
6.5617564960629924
 21
-3.8939384645669288
 31
0
  0
LINE
  5
A4A
330
1F
100
AcDbEntity
  8
B.Cu
  6
CONTINUOUS
100
AcDbLine
 10
6.5617564960629924
 20
-3.8939384645669288
 30
0
 11
6.5647586220472443
 21
-3.8939384645669288
 31
0
  0
LINE
  5
A4B
330
1F
100
AcDbEntity
  8
B.Cu
  6
CONTINUOUS
100
AcDbLine
 10
6.5647586220472443
 20
-3.8939384645669288
 30
0
 11
6.5676584251968499
 21
-3.8947154724409447
 31
0
  0
LINE
  5
A4C
330
1F
100
AcDbEntity
  8
B.Cu
  6
CONTINUOUS
100
AcDbLine
 10
6.5986584251968505
 20
-3.8947154724409447
 30
0
 11
6.6012583070866144
 21
-3.8962164960629919
 31
0
  0
LINE
  5
A4D
330
1F
100
AcDbEntity
  8
B.Cu
  6
CONTINUOUS
100
AcDbLine
 10
6.6012583070866144
 20
-3.8962164960629919
 30
0
 11
6.6033811417322834
 21
-3.8983393307086613
 31
0
  0
LINE
  5
A4E
330
1F
100
AcDbEntity
  8
B.Cu
  6
CONTINUOUS
100
AcDbLine
 10
6.6033811417322834
 20
-3.8983393307086613
 30
0
 11
6.6048821653543301
 21
-3.9009392125984252
 31
0
  0
LINE
  5
A4F
330
1F
100
AcDbEntity
  8
B.Cu
  6
CONTINUOUS
100
AcDbLine
 10
6.6048821653543301
 20
-3.9009392125984252
 30
0
 11
6.6056591732283465
 21
-3.9038390157480314
 31
0
  0
LINE
  5
A50
330
1F
100
AcDbEntity
  8
B.Cu
  6
CONTINUOUS
100
AcDbLine
 10
6.6056591732283465
 20
-3.9038390157480314
 30
0
 11
6.6056591732283465
 21
-3.9068411417322833
 31
0
  0
LINE
  5
A51
330
1F
100
AcDbEntity
  8
B.Cu
  6
CONTINUOUS
100
AcDbLine
 10
6.6056591732283465
 20
-3.9068411417322833
 30
0
 11
6.6048821653543301
 21
-3.9097409448818898
 31
0
  0
LINE
  5
A52
330
1F
100
AcDbEntity
  8
B.Cu
  6
CONTINUOUS
100
AcDbLine
 10
6.6048821653543301
 20
-3.9097409448818898
 30
0
 11
6.6033811417322834
 21
-3.9123408267716533
 31
0
  0
LINE
  5
A53
330
1F
100
AcDbEntity
  8
B.Cu
  6
CONTINUOUS
100
AcDbLine
 10
6.6033811417322834
 20
-3.9123408267716533
 30
0
 11
6.6012583070866144
 21
-3.9144636614173227
 31
0
  0
LINE
  5
A54
330
1F
100
AcDbEntity
  8
B.Cu
  6
CONTINUOUS
100
AcDbLine
 10
6.6012583070866144
 20
-3.9144636614173227
 30
0
 11
6.5986584251968505
 21
-3.9159646850393699
 31
0
  0
LINE
  5
A55
330
1F
100
AcDbEntity
  8
B.Cu
  6
CONTINUOUS
100
AcDbLine
 10
6.5986584251968505
 20
-3.9159646850393699
 30
0
 11
6.5957586220472439
 21
-3.9167416929133858
 31
0
  0
LINE
  5
A56
330
1F
100
AcDbEntity
  8
B.Cu
  6
CONTINUOUS
100
AcDbLine
 10
6.5957586220472439
 20
-3.9167416929133858
 30
0
 11
6.5927564960629921
 21
-3.9167416929133858
 31
0
  0
LINE
  5
A57
330
1F
100
AcDbEntity
  8
B.Cu
  6
CONTINUOUS
100
AcDbLine
 10
6.5927564960629921
 20
-3.9167416929133858
 30
0
 11
6.5898566929133855
 21
-3.9159646850393699
 31
0
  0
LINE
  5
A58
330
1F
100
AcDbEntity
  8
B.Cu
  6
CONTINUOUS
100
AcDbLine
 10
6.5898566929133855
 20
-3.9159646850393699
 30
0
 11
6.5872568110236216
 21
-3.9144636614173227
 31
0
  0
LINE
  5
A59
330
1F
100
AcDbEntity
  8
B.Cu
  6
CONTINUOUS
100
AcDbLine
 10
6.5872568110236216
 20
-3.9144636614173227
 30
0
 11
6.5851339763779526
 21
-3.9123408267716533
 31
0
  0
LINE
  5
A5A
330
1F
100
AcDbEntity
  8
B.Cu
  6
CONTINUOUS
100
AcDbLine
 10
6.5851339763779526
 20
-3.9123408267716533
 30
0
 11
6.583632952755905
 21
-3.9097409448818898
 31
0
  0
LINE
  5
A5B
330
1F
100
AcDbEntity
  8
B.Cu
  6
CONTINUOUS
100
AcDbLine
 10
6.583632952755905
 20
-3.9097409448818898
 30
0
 11
6.5828559448818895
 21
-3.9068411417322833
 31
0
  0
LINE
  5
A5C
330
1F
100
AcDbEntity
  8
B.Cu
  6
CONTINUOUS
100
AcDbLine
 10
6.5828559448818895
 20
-3.9068411417322833
 30
0
 11
6.5828559448818895
 21
-3.9038390157480314
 31
0
  0
LINE
  5
A5D
330
1F
100
AcDbEntity
  8
B.Cu
  6
CONTINUOUS
100
AcDbLine
 10
6.5828559448818895
 20
-3.9038390157480314
 30
0
 11
6.583632952755905
 21
-3.9009392125984252
 31
0
  0
LINE
  5
A5E
330
1F
100
AcDbEntity
  8
B.Cu
  6
CONTINUOUS
100
AcDbLine
 10
6.583632952755905
 20
-3.9009392125984252
 30
0
 11
6.5851339763779526
 21
-3.8983393307086613
 31
0
  0
LINE
  5
A5F
330
1F
100
AcDbEntity
  8
B.Cu
  6
CONTINUOUS
100
AcDbLine
 10
6.5851339763779526
 20
-3.8983393307086613
 30
0
 11
6.5872568110236216
 21
-3.8962164960629919
 31
0
  0
LINE
  5
A60
330
1F
100
AcDbEntity
  8
B.Cu
  6
CONTINUOUS
100
AcDbLine
 10
6.5872568110236216
 20
-3.8962164960629919
 30
0
 11
6.5898566929133855
 21
-3.8947154724409447
 31
0
  0
LINE
  5
A61
330
1F
100
AcDbEntity
  8
B.Cu
  6
CONTINUOUS
100
AcDbLine
 10
6.5898566929133855
 20
-3.8947154724409447
 30
0
 11
6.5927564960629921
 21
-3.8939384645669288
 31
0
  0
LINE
  5
A62
330
1F
100
AcDbEntity
  8
B.Cu
  6
CONTINUOUS
100
AcDbLine
 10
6.5927564960629921
 20
-3.8939384645669288
 30
0
 11
6.5957586220472439
 21
-3.8939384645669288
 31
0
  0
LINE
  5
A63
330
1F
100
AcDbEntity
  8
B.Cu
  6
CONTINUOUS
100
AcDbLine
 10
6.5957586220472439
 20
-3.8939384645669288
 30
0
 11
6.5986584251968505
 21
-3.8947154724409447
 31
0
  0
LINE
  5
A64
330
1F
100
AcDbEntity
  8
B.Cu
  6
CONTINUOUS
100
AcDbLine
 10
7.1141648425196848
 20
-3.8919147244094487
 30
0
 11
7.1167647244094487
 21
-3.8934157480314959
 31
0
  0
LINE
  5
A65
330
1F
100
AcDbEntity
  8
B.Cu
  6
CONTINUOUS
100
AcDbLine
 10
7.1167647244094487
 20
-3.8934157480314959
 30
0
 11
7.1188875590551177
 21
-3.8955385826771654
 31
0
  0
LINE
  5
A66
330
1F
100
AcDbEntity
  8
B.Cu
  6
CONTINUOUS
100
AcDbLine
 10
7.1188875590551177
 20
-3.8955385826771654
 30
0
 11
7.1203885826771653
 21
-3.8981384645669293
 31
0
  0
LINE
  5
A67
330
1F
100
AcDbEntity
  8
B.Cu
  6
CONTINUOUS
100
AcDbLine
 10
7.1203885826771653
 20
-3.8981384645669293
 30
0
 11
7.1211655905511808
 21
-3.9010382677165354
 31
0
  0
LINE
  5
A68
330
1F
100
AcDbEntity
  8
B.Cu
  6
CONTINUOUS
100
AcDbLine
 10
7.1211655905511808
 20
-3.9010382677165354
 30
0
 11
7.1211655905511808
 21
-3.9040403937007873
 31
0
  0
LINE
  5
A69
330
1F
100
AcDbEntity
  8
B.Cu
  6
CONTINUOUS
100
AcDbLine
 10
7.1211655905511808
 20
-3.9040403937007873
 30
0
 11
7.1203885826771653
 21
-3.9069401968503934
 31
0
  0
LINE
  5
A6A
330
1F
100
AcDbEntity
  8
B.Cu
  6
CONTINUOUS
100
AcDbLine
 10
7.1203885826771653
 20
-3.9069401968503934
 30
0
 11
7.1188875590551177
 21
-3.9095400787401573
 31
0
  0
LINE
  5
A6B
330
1F
100
AcDbEntity
  8
B.Cu
  6
CONTINUOUS
100
AcDbLine
 10
7.1188875590551177
 20
-3.9095400787401573
 30
0
 11
7.1167647244094487
 21
-3.9116629133858267
 31
0
  0
LINE
  5
A6C
330
1F
100
AcDbEntity
  8
B.Cu
  6
CONTINUOUS
100
AcDbLine
 10
7.1167647244094487
 20
-3.9116629133858267
 30
0
 11
7.1141648425196848
 21
-3.9131639370078739
 31
0
  0
LINE
  5
A6D
330
1F
100
AcDbEntity
  8
B.Cu
  6
CONTINUOUS
100
AcDbLine
 10
7.1141648425196848
 20
-3.9131639370078739
 30
0
 11
7.1112650393700783
 21
-3.9139409448818898
 31
0
  0
LINE
  5
A6E
330
1F
100
AcDbEntity
  8
B.Cu
  6
CONTINUOUS
100
AcDbLine
 10
7.1112650393700783
 20
-3.9139409448818898
 30
0
 11
7.1082629133858264
 21
-3.9139409448818898
 31
0
  0
LINE
  5
A6F
330
1F
100
AcDbEntity
  8
B.Cu
  6
CONTINUOUS
100
AcDbLine
 10
7.1082629133858264
 20
-3.9139409448818898
 30
0
 11
7.1053631102362207
 21
-3.9131639370078739
 31
0
  0
LINE
  5
A70
330
1F
100
AcDbEntity
  8
B.Cu
  6
CONTINUOUS
100
AcDbLine
 10
7.1053631102362207
 20
-3.9131639370078739
 30
0
 11
7.1027632283464568
 21
-3.9116629133858267
 31
0
  0
LINE
  5
A71
330
1F
100
AcDbEntity
  8
B.Cu
  6
CONTINUOUS
100
AcDbLine
 10
7.1027632283464568
 20
-3.9116629133858267
 30
0
 11
7.1006403937007869
 21
-3.9095400787401573
 31
0
  0
LINE
  5
A72
330
1F
100
AcDbEntity
  8
B.Cu
  6
CONTINUOUS
100
AcDbLine
 10
7.1006403937007869
 20
-3.9095400787401573
 30
0
 11
7.0991393700787402
 21
-3.9069401968503934
 31
0
  0
LINE
  5
A73
330
1F
100
AcDbEntity
  8
B.Cu
  6
CONTINUOUS
100
AcDbLine
 10
7.0991393700787402
 20
-3.9069401968503934
 30
0
 11
7.0983623622047238
 21
-3.9040403937007873
 31
0
  0
LINE
  5
A74
330
1F
100
AcDbEntity
  8
B.Cu
  6
CONTINUOUS
100
AcDbLine
 10
7.0983623622047238
 20
-3.9040403937007873
 30
0
 11
7.0983623622047238
 21
-3.9010382677165354
 31
0
  0
LINE
  5
A75
330
1F
100
AcDbEntity
  8
B.Cu
  6
CONTINUOUS
100
AcDbLine
 10
7.0983623622047238
 20
-3.9010382677165354
 30
0
 11
7.0991393700787402
 21
-3.8981384645669293
 31
0
  0
LINE
  5
A76
330
1F
100
AcDbEntity
  8
B.Cu
  6
CONTINUOUS
100
AcDbLine
 10
7.0991393700787402
 20
-3.8981384645669293
 30
0
 11
7.1006403937007869
 21
-3.8955385826771654
 31
0
  0
LINE
  5
A77
330
1F
100
AcDbEntity
  8
B.Cu
  6
CONTINUOUS
100
AcDbLine
 10
7.1006403937007869
 20
-3.8955385826771654
 30
0
 11
7.1027632283464568
 21
-3.8934157480314959
 31
0
  0
LINE
  5
A78
330
1F
100
AcDbEntity
  8
B.Cu
  6
CONTINUOUS
100
AcDbLine
 10
7.1027632283464568
 20
-3.8934157480314959
 30
0
 11
7.1053631102362207
 21
-3.8919147244094487
 31
0
  0
LINE
  5
A79
330
1F
100
AcDbEntity
  8
B.Cu
  6
CONTINUOUS
100
AcDbLine
 10
7.1053631102362207
 20
-3.8919147244094487
 30
0
 11
7.1082629133858264
 21
-3.8911377165354328
 31
0
  0
LINE
  5
A7A
330
1F
100
AcDbEntity
  8
B.Cu
  6
CONTINUOUS
100
AcDbLine
 10
7.1082629133858264
 20
-3.8911377165354328
 30
0
 11
7.1112650393700783
 21
-3.8911377165354328
 31
0
  0
LINE
  5
A7B
330
1F
100
AcDbEntity
  8
B.Cu
  6
CONTINUOUS
100
AcDbLine
 10
7.1112650393700783
 20
-3.8911377165354328
 30
0
 11
7.1141648425196848
 21
-3.8919147244094487
 31
0
  0
LINE
  5
A7C
330
1F
100
AcDbEntity
  8
B.Cu
  6
CONTINUOUS
100
AcDbLine
 10
7.1436924015748033
 20
-3.8919147244094487
 30
0
 11
7.1462922834645664
 21
-3.8934157480314959
 31
0
  0
LINE
  5
A7D
330
1F
100
AcDbEntity
  8
B.Cu
  6
CONTINUOUS
100
AcDbLine
 10
7.1462922834645664
 20
-3.8934157480314959
 30
0
 11
7.1484151181102362
 21
-3.8955385826771654
 31
0
  0
LINE
  5
A7E
330
1F
100
AcDbEntity
  8
B.Cu
  6
CONTINUOUS
100
AcDbLine
 10
7.1484151181102362
 20
-3.8955385826771654
 30
0
 11
7.149916141732283
 21
-3.8981384645669293
 31
0
  0
LINE
  5
A7F
330
1F
100
AcDbEntity
  8
B.Cu
  6
CONTINUOUS
100
AcDbLine
 10
7.149916141732283
 20
-3.8981384645669293
 30
0
 11
7.1506931496062993
 21
-3.9010382677165354
 31
0
  0
LINE
  5
A80
330
1F
100
AcDbEntity
  8
B.Cu
  6
CONTINUOUS
100
AcDbLine
 10
7.1506931496062993
 20
-3.9010382677165354
 30
0
 11
7.1506931496062993
 21
-3.9040403937007873
 31
0
  0
LINE
  5
A81
330
1F
100
AcDbEntity
  8
B.Cu
  6
CONTINUOUS
100
AcDbLine
 10
7.1506931496062993
 20
-3.9040403937007873
 30
0
 11
7.149916141732283
 21
-3.9069401968503934
 31
0
  0
LINE
  5
A82
330
1F
100
AcDbEntity
  8
B.Cu
  6
CONTINUOUS
100
AcDbLine
 10
7.149916141732283
 20
-3.9069401968503934
 30
0
 11
7.1484151181102362
 21
-3.9095400787401573
 31
0
  0
LINE
  5
A83
330
1F
100
AcDbEntity
  8
B.Cu
  6
CONTINUOUS
100
AcDbLine
 10
7.1484151181102362
 20
-3.9095400787401573
 30
0
 11
7.1462922834645664
 21
-3.9116629133858267
 31
0
  0
LINE
  5
A84
330
1F
100
AcDbEntity
  8
B.Cu
  6
CONTINUOUS
100
AcDbLine
 10
7.1462922834645664
 20
-3.9116629133858267
 30
0
 11
7.1436924015748033
 21
-3.9131639370078739
 31
0
  0
LINE
  5
A85
330
1F
100
AcDbEntity
  8
B.Cu
  6
CONTINUOUS
100
AcDbLine
 10
7.1436924015748033
 20
-3.9131639370078739
 30
0
 11
7.1407925984251968
 21
-3.9139409448818898
 31
0
  0
LINE
  5
A86
330
1F
100
AcDbEntity
  8
B.Cu
  6
CONTINUOUS
100
AcDbLine
 10
7.1407925984251968
 20
-3.9139409448818898
 30
0
 11
7.1377904724409449
 21
-3.9139409448818898
 31
0
  0
LINE
  5
A87
330
1F
100
AcDbEntity
  8
B.Cu
  6
CONTINUOUS
100
AcDbLine
 10
7.1377904724409449
 20
-3.9139409448818898
 30
0
 11
7.1348906692913383
 21
-3.9131639370078739
 31
0
  0
LINE
  5
A88
330
1F
100
AcDbEntity
  8
B.Cu
  6
CONTINUOUS
100
AcDbLine
 10
7.1348906692913383
 20
-3.9131639370078739
 30
0
 11
7.1322907874015744
 21
-3.9116629133858267
 31
0
  0
LINE
  5
A89
330
1F
100
AcDbEntity
  8
B.Cu
  6
CONTINUOUS
100
AcDbLine
 10
7.1322907874015744
 20
-3.9116629133858267
 30
0
 11
7.1301679527559054
 21
-3.9095400787401573
 31
0
  0
LINE
  5
A8A
330
1F
100
AcDbEntity
  8
B.Cu
  6
CONTINUOUS
100
AcDbLine
 10
7.1301679527559054
 20
-3.9095400787401573
 30
0
 11
7.1286669291338578
 21
-3.9069401968503934
 31
0
  0
LINE
  5
A8B
330
1F
100
AcDbEntity
  8
B.Cu
  6
CONTINUOUS
100
AcDbLine
 10
7.1286669291338578
 20
-3.9069401968503934
 30
0
 11
7.1278899212598423
 21
-3.9040403937007873
 31
0
  0
LINE
  5
A8C
330
1F
100
AcDbEntity
  8
B.Cu
  6
CONTINUOUS
100
AcDbLine
 10
7.1278899212598423
 20
-3.9040403937007873
 30
0
 11
7.1278899212598423
 21
-3.9010382677165354
 31
0
  0
LINE
  5
A8D
330
1F
100
AcDbEntity
  8
B.Cu
  6
CONTINUOUS
100
AcDbLine
 10
7.1278899212598423
 20
-3.9010382677165354
 30
0
 11
7.1286669291338578
 21
-3.8981384645669293
 31
0
  0
LINE
  5
A8E
330
1F
100
AcDbEntity
  8
B.Cu
  6
CONTINUOUS
100
AcDbLine
 10
7.1286669291338578
 20
-3.8981384645669293
 30
0
 11
7.1301679527559054
 21
-3.8955385826771654
 31
0
  0
LINE
  5
A8F
330
1F
100
AcDbEntity
  8
B.Cu
  6
CONTINUOUS
100
AcDbLine
 10
7.1301679527559054
 20
-3.8955385826771654
 30
0
 11
7.1322907874015744
 21
-3.8934157480314959
 31
0
  0
LINE
  5
A90
330
1F
100
AcDbEntity
  8
B.Cu
  6
CONTINUOUS
100
AcDbLine
 10
7.1322907874015744
 20
-3.8934157480314959
 30
0
 11
7.1348906692913383
 21
-3.8919147244094487
 31
0
  0
LINE
  5
A91
330
1F
100
AcDbEntity
  8
B.Cu
  6
CONTINUOUS
100
AcDbLine
 10
7.1348906692913383
 20
-3.8919147244094487
 30
0
 11
7.1377904724409449
 21
-3.8911377165354328
 31
0
  0
LINE
  5
A92
330
1F
100
AcDbEntity
  8
B.Cu
  6
CONTINUOUS
100
AcDbLine
 10
7.1377904724409449
 20
-3.8911377165354328
 30
0
 11
7.1407925984251968
 21
-3.8911377165354328
 31
0
  0
LINE
  5
A93
330
1F
100
AcDbEntity
  8
B.Cu
  6
CONTINUOUS
100
AcDbLine
 10
7.1407925984251968
 20
-3.8911377165354328
 30
0
 11
7.1436924015748033
 21
-3.8919147244094487
 31
0
  0
LINE
  5
A94
330
1F
100
AcDbEntity
  8
B.Cu
  6
CONTINUOUS
100
AcDbLine
 10
7.173219960629921
 20
-3.8919147244094487
 30
0
 11
7.1758198425196849
 21
-3.8934157480314959
 31
0
  0
LINE
  5
A95
330
1F
100
AcDbEntity
  8
B.Cu
  6
CONTINUOUS
100
AcDbLine
 10
7.1758198425196849
 20
-3.8934157480314959
 30
0
 11
7.1779426771653538
 21
-3.8955385826771654
 31
0
  0
LINE
  5
A96
330
1F
100
AcDbEntity
  8
B.Cu
  6
CONTINUOUS
100
AcDbLine
 10
7.1779426771653538
 20
-3.8955385826771654
 30
0
 11
7.1794437007874015
 21
-3.8981384645669293
 31
0
  0
LINE
  5
A97
330
1F
100
AcDbEntity
  8
B.Cu
  6
CONTINUOUS
100
AcDbLine
 10
7.1794437007874015
 20
-3.8981384645669293
 30
0
 11
7.1802207086614169
 21
-3.9010382677165354
 31
0
  0
LINE
  5
A98
330
1F
100
AcDbEntity
  8
B.Cu
  6
CONTINUOUS
100
AcDbLine
 10
7.1802207086614169
 20
-3.9010382677165354
 30
0
 11
7.1802207086614169
 21
-3.9040403937007873
 31
0
  0
LINE
  5
A99
330
1F
100
AcDbEntity
  8
B.Cu
  6
CONTINUOUS
100
AcDbLine
 10
7.1802207086614169
 20
-3.9040403937007873
 30
0
 11
7.1794437007874015
 21
-3.9069401968503934
 31
0
  0
LINE
  5
A9A
330
1F
100
AcDbEntity
  8
B.Cu
  6
CONTINUOUS
100
AcDbLine
 10
7.1794437007874015
 20
-3.9069401968503934
 30
0
 11
7.1779426771653538
 21
-3.9095400787401573
 31
0
  0
LINE
  5
A9B
330
1F
100
AcDbEntity
  8
B.Cu
  6
CONTINUOUS
100
AcDbLine
 10
7.1779426771653538
 20
-3.9095400787401573
 30
0
 11
7.1758198425196849
 21
-3.9116629133858267
 31
0
  0
LINE
  5
A9C
330
1F
100
AcDbEntity
  8
B.Cu
  6
CONTINUOUS
100
AcDbLine
 10
7.1758198425196849
 20
-3.9116629133858267
 30
0
 11
7.173219960629921
 21
-3.9131639370078739
 31
0
  0
LINE
  5
A9D
330
1F
100
AcDbEntity
  8
B.Cu
  6
CONTINUOUS
100
AcDbLine
 10
7.173219960629921
 20
-3.9131639370078739
 30
0
 11
7.1703201574803144
 21
-3.9139409448818898
 31
0
  0
LINE
  5
A9E
330
1F
100
AcDbEntity
  8
B.Cu
  6
CONTINUOUS
100
AcDbLine
 10
7.1703201574803144
 20
-3.9139409448818898
 30
0
 11
7.1673180314960625
 21
-3.9139409448818898
 31
0
  0
LINE
  5
A9F
330
1F
100
AcDbEntity
  8
B.Cu
  6
CONTINUOUS
100
AcDbLine
 10
7.1673180314960625
 20
-3.9139409448818898
 30
0
 11
7.1644182283464568
 21
-3.9131639370078739
 31
0
  0
LINE
  5
AA0
330
1F
100
AcDbEntity
  8
B.Cu
  6
CONTINUOUS
100
AcDbLine
 10
7.1644182283464568
 20
-3.9131639370078739
 30
0
 11
7.1618183464566929
 21
-3.9116629133858267
 31
0
  0
LINE
  5
AA1
330
1F
100
AcDbEntity
  8
B.Cu
  6
CONTINUOUS
100
AcDbLine
 10
7.1618183464566929
 20
-3.9116629133858267
 30
0
 11
7.159695511811023
 21
-3.9095400787401573
 31
0
  0
LINE
  5
AA2
330
1F
100
AcDbEntity
  8
B.Cu
  6
CONTINUOUS
100
AcDbLine
 10
7.159695511811023
 20
-3.9095400787401573
 30
0
 11
7.1581944881889763
 21
-3.9069401968503934
 31
0
  0
LINE
  5
AA3
330
1F
100
AcDbEntity
  8
B.Cu
  6
CONTINUOUS
100
AcDbLine
 10
7.1581944881889763
 20
-3.9069401968503934
 30
0
 11
7.1574174803149608
 21
-3.9040403937007873
 31
0
  0
LINE
  5
AA4
330
1F
100
AcDbEntity
  8
B.Cu
  6
CONTINUOUS
100
AcDbLine
 10
7.1574174803149608
 20
-3.9040403937007873
 30
0
 11
7.1574174803149608
 21
-3.9010382677165354
 31
0
  0
LINE
  5
AA5
330
1F
100
AcDbEntity
  8
B.Cu
  6
CONTINUOUS
100
AcDbLine
 10
7.1574174803149608
 20
-3.9010382677165354
 30
0
 11
7.1581944881889763
 21
-3.8981384645669293
 31
0
  0
LINE
  5
AA6
330
1F
100
AcDbEntity
  8
B.Cu
  6
CONTINUOUS
100
AcDbLine
 10
7.1581944881889763
 20
-3.8981384645669293
 30
0
 11
7.159695511811023
 21
-3.8955385826771654
 31
0
  0
LINE
  5
AA7
330
1F
100
AcDbEntity
  8
B.Cu
  6
CONTINUOUS
100
AcDbLine
 10
7.159695511811023
 20
-3.8955385826771654
 30
0
 11
7.1618183464566929
 21
-3.8934157480314959
 31
0
  0
LINE
  5
AA8
330
1F
100
AcDbEntity
  8
B.Cu
  6
CONTINUOUS
100
AcDbLine
 10
7.1618183464566929
 20
-3.8934157480314959
 30
0
 11
7.1644182283464568
 21
-3.8919147244094487
 31
0
  0
LINE
  5
AA9
330
1F
100
AcDbEntity
  8
B.Cu
  6
CONTINUOUS
100
AcDbLine
 10
7.1644182283464568
 20
-3.8919147244094487
 30
0
 11
7.1673180314960625
 21
-3.8911377165354328
 31
0
  0
LINE
  5
AAA
330
1F
100
AcDbEntity
  8
B.Cu
  6
CONTINUOUS
100
AcDbLine
 10
7.1673180314960625
 20
-3.8911377165354328
 30
0
 11
7.1703201574803144
 21
-3.8911377165354328
 31
0
  0
LINE
  5
AAB
330
1F
100
AcDbEntity
  8
B.Cu
  6
CONTINUOUS
100
AcDbLine
 10
7.1703201574803144
 20
-3.8911377165354328
 30
0
 11
7.173219960629921
 21
-3.8919147244094487
 31
0
  0
LINE
  5
AAC
330
1F
100
AcDbEntity
  8
B.Cu
  6
CONTINUOUS
100
AcDbLine
 10
7.2027475196850395
 20
-3.8919147244094487
 30
0
 11
7.2053474015748034
 21
-3.8934157480314959
 31
0
  0
LINE
  5
AAD
330
1F
100
AcDbEntity
  8
B.Cu
  6
CONTINUOUS
100
AcDbLine
 10
7.2053474015748034
 20
-3.8934157480314959
 30
0
 11
7.2074702362204723
 21
-3.8955385826771654
 31
0
  0
LINE
  5
AAE
330
1F
100
AcDbEntity
  8
B.Cu
  6
CONTINUOUS
100
AcDbLine
 10
7.2074702362204723
 20
-3.8955385826771654
 30
0
 11
7.20897125984252
 21
-3.8981384645669293
 31
0
  0
LINE
  5
AAF
330
1F
100
AcDbEntity
  8
B.Cu
  6
CONTINUOUS
100
AcDbLine
 10
7.20897125984252
 20
-3.8981384645669293
 30
0
 11
7.2097482677165354
 21
-3.9010382677165354
 31
0
  0
LINE
  5
AB0
330
1F
100
AcDbEntity
  8
B.Cu
  6
CONTINUOUS
100
AcDbLine
 10
7.2097482677165354
 20
-3.9010382677165354
 30
0
 11
7.2097482677165354
 21
-3.9040403937007873
 31
0
  0
LINE
  5
AB1
330
1F
100
AcDbEntity
  8
B.Cu
  6
CONTINUOUS
100
AcDbLine
 10
7.2097482677165354
 20
-3.9040403937007873
 30
0
 11
7.20897125984252
 21
-3.9069401968503934
 31
0
  0
LINE
  5
AB2
330
1F
100
AcDbEntity
  8
B.Cu
  6
CONTINUOUS
100
AcDbLine
 10
7.20897125984252
 20
-3.9069401968503934
 30
0
 11
7.2074702362204723
 21
-3.9095400787401573
 31
0
  0
LINE
  5
AB3
330
1F
100
AcDbEntity
  8
B.Cu
  6
CONTINUOUS
100
AcDbLine
 10
7.2074702362204723
 20
-3.9095400787401573
 30
0
 11
7.2053474015748034
 21
-3.9116629133858267
 31
0
  0
LINE
  5
AB4
330
1F
100
AcDbEntity
  8
B.Cu
  6
CONTINUOUS
100
AcDbLine
 10
7.2053474015748034
 20
-3.9116629133858267
 30
0
 11
7.2027475196850395
 21
-3.9131639370078739
 31
0
  0
LINE
  5
AB5
330
1F
100
AcDbEntity
  8
B.Cu
  6
CONTINUOUS
100
AcDbLine
 10
7.2027475196850395
 20
-3.9131639370078739
 30
0
 11
7.1998477165354329
 21
-3.9139409448818898
 31
0
  0
LINE
  5
AB6
330
1F
100
AcDbEntity
  8
B.Cu
  6
CONTINUOUS
100
AcDbLine
 10
7.1998477165354329
 20
-3.9139409448818898
 30
0
 11
7.196845590551181
 21
-3.9139409448818898
 31
0
  0
LINE
  5
AB7
330
1F
100
AcDbEntity
  8
B.Cu
  6
CONTINUOUS
100
AcDbLine
 10
7.196845590551181
 20
-3.9139409448818898
 30
0
 11
7.1939457874015744
 21
-3.9131639370078739
 31
0
  0
LINE
  5
AB8
330
1F
100
AcDbEntity
  8
B.Cu
  6
CONTINUOUS
100
AcDbLine
 10
7.1939457874015744
 20
-3.9131639370078739
 30
0
 11
7.1913459055118105
 21
-3.9116629133858267
 31
0
  0
LINE
  5
AB9
330
1F
100
AcDbEntity
  8
B.Cu
  6
CONTINUOUS
100
AcDbLine
 10
7.1913459055118105
 20
-3.9116629133858267
 30
0
 11
7.1892230708661415
 21
-3.9095400787401573
 31
0
  0
LINE
  5
ABA
330
1F
100
AcDbEntity
  8
B.Cu
  6
CONTINUOUS
100
AcDbLine
 10
7.1892230708661415
 20
-3.9095400787401573
 30
0
 11
7.1877220472440939
 21
-3.9069401968503934
 31
0
  0
LINE
  5
ABB
330
1F
100
AcDbEntity
  8
B.Cu
  6
CONTINUOUS
100
AcDbLine
 10
7.1877220472440939
 20
-3.9069401968503934
 30
0
 11
7.1869450393700784
 21
-3.9040403937007873
 31
0
  0
LINE
  5
ABC
330
1F
100
AcDbEntity
  8
B.Cu
  6
CONTINUOUS
100
AcDbLine
 10
7.1869450393700784
 20
-3.9040403937007873
 30
0
 11
7.1869450393700784
 21
-3.9010382677165354
 31
0
  0
LINE
  5
ABD
330
1F
100
AcDbEntity
  8
B.Cu
  6
CONTINUOUS
100
AcDbLine
 10
7.1869450393700784
 20
-3.9010382677165354
 30
0
 11
7.1877220472440939
 21
-3.8981384645669293
 31
0
  0
LINE
  5
ABE
330
1F
100
AcDbEntity
  8
B.Cu
  6
CONTINUOUS
100
AcDbLine
 10
7.1877220472440939
 20
-3.8981384645669293
 30
0
 11
7.1892230708661415
 21
-3.8955385826771654
 31
0
  0
LINE
  5
ABF
330
1F
100
AcDbEntity
  8
B.Cu
  6
CONTINUOUS
100
AcDbLine
 10
7.1892230708661415
 20
-3.8955385826771654
 30
0
 11
7.1913459055118105
 21
-3.8934157480314959
 31
0
  0
LINE
  5
AC0
330
1F
100
AcDbEntity
  8
B.Cu
  6
CONTINUOUS
100
AcDbLine
 10
7.1913459055118105
 20
-3.8934157480314959
 30
0
 11
7.1939457874015744
 21
-3.8919147244094487
 31
0
  0
LINE
  5
AC1
330
1F
100
AcDbEntity
  8
B.Cu
  6
CONTINUOUS
100
AcDbLine
 10
7.1939457874015744
 20
-3.8919147244094487
 30
0
 11
7.196845590551181
 21
-3.8911377165354328
 31
0
  0
LINE
  5
AC2
330
1F
100
AcDbEntity
  8
B.Cu
  6
CONTINUOUS
100
AcDbLine
 10
7.196845590551181
 20
-3.8911377165354328
 30
0
 11
7.1998477165354329
 21
-3.8911377165354328
 31
0
  0
LINE
  5
AC3
330
1F
100
AcDbEntity
  8
B.Cu
  6
CONTINUOUS
100
AcDbLine
 10
7.1998477165354329
 20
-3.8911377165354328
 30
0
 11
7.2027475196850395
 21
-3.8919147244094487
 31
0
  0
LINE
  5
AC4
330
1F
100
AcDbEntity
  8
B.Cu
  6
CONTINUOUS
100
AcDbLine
 10
5.9251884645669293
 20
-3.7921903543307085
 30
0
 11
5.9277883464566932
 21
-3.7936913779527557
 31
0
  0
LINE
  5
AC5
330
1F
100
AcDbEntity
  8
B.Cu
  6
CONTINUOUS
100
AcDbLine
 10
5.9277883464566932
 20
-3.7936913779527557
 30
0
 11
5.9299111811023621
 21
-3.7958142125984251
 31
0
  0
LINE
  5
AC6
330
1F
100
AcDbEntity
  8
B.Cu
  6
CONTINUOUS
100
AcDbLine
 10
5.9299111811023621
 20
-3.7958142125984251
 30
0
 11
5.9314122047244089
 21
-3.798414094488189
 31
0
  0
LINE
  5
AC7
330
1F
100
AcDbEntity
  8
B.Cu
  6
CONTINUOUS
100
AcDbLine
 10
5.9314122047244089
 20
-3.798414094488189
 30
0
 11
5.9321892125984252
 21
-3.8013138976377951
 31
0
  0
LINE
  5
AC8
330
1F
100
AcDbEntity
  8
B.Cu
  6
CONTINUOUS
100
AcDbLine
 10
5.9321892125984252
 20
-3.8013138976377951
 30
0
 11
5.9321892125984252
 21
-3.804316023622047
 31
0
  0
LINE
  5
AC9
330
1F
100
AcDbEntity
  8
B.Cu
  6
CONTINUOUS
100
AcDbLine
 10
5.9321892125984252
 20
-3.804316023622047
 30
0
 11
5.9314122047244089
 21
-3.8072158267716536
 31
0
  0
LINE
  5
ACA
330
1F
100
AcDbEntity
  8
B.Cu
  6
CONTINUOUS
100
AcDbLine
 10
5.9314122047244089
 20
-3.8072158267716536
 30
0
 11
5.9299111811023621
 21
-3.8098157086614171
 31
0
  0
LINE
  5
ACB
330
1F
100
AcDbEntity
  8
B.Cu
  6
CONTINUOUS
100
AcDbLine
 10
5.9299111811023621
 20
-3.8098157086614171
 30
0
 11
5.9277883464566932
 21
-3.8119385433070865
 31
0
  0
LINE
  5
ACC
330
1F
100
AcDbEntity
  8
B.Cu
  6
CONTINUOUS
100
AcDbLine
 10
5.9277883464566932
 20
-3.8119385433070865
 30
0
 11
5.9251884645669293
 21
-3.8134395669291337
 31
0
  0
LINE
  5
ACD
330
1F
100
AcDbEntity
  8
B.Cu
  6
CONTINUOUS
100
AcDbLine
 10
5.9251884645669293
 20
-3.8134395669291337
 30
0
 11
5.924724606299212
 21
-3.8135638582677163
 31
0
  0
LINE
  5
ACE
330
1F
100
AcDbEntity
  8
B.Cu
  6
CONTINUOUS
100
AcDbLine
 10
5.924724606299212
 20
-3.8135638582677163
 30
0
 11
5.924724606299212
 21
-3.8221683858267714
 31
0
  0
LINE
  5
ACF
330
1F
100
AcDbEntity
  8
B.Cu
  6
CONTINUOUS
100
AcDbLine
 10
5.924724606299212
 20
-3.8221683858267714
 30
0
 11
5.9483238582677167
 21
-3.8457676771653544
 31
0
  0
LINE
  5
AD0
330
1F
100
AcDbEntity
  8
B.Cu
  6
CONTINUOUS
100
AcDbLine
 10
5.9483238582677167
 20
-3.8457676771653544
 30
0
 11
6.076991496062992
 21
-3.8457676771653544
 31
0
  0
LINE
  5
AD1
330
1F
100
AcDbEntity
  8
B.Cu
  6
CONTINUOUS
100
AcDbLine
 10
6.076991496062992
 20
-3.8457676771653544
 30
0
 11
6.091505433070866
 21
-3.8312537007874017
 31
0
  0
LINE
  5
AD2
330
1F
100
AcDbEntity
  8
B.Cu
  6
CONTINUOUS
100
AcDbLine
 10
6.091505433070866
 20
-3.8312537007874017
 30
0
 11
6.0912653543307087
 21
-3.830837874015748
 31
0
  0
LINE
  5
AD3
330
1F
100
AcDbEntity
  8
B.Cu
  6
CONTINUOUS
100
AcDbLine
 10
6.0912653543307087
 20
-3.830837874015748
 30
0
 11
6.0904883464566923
 21
-3.8279380708661415
 31
0
  0
LINE
  5
AD4
330
1F
100
AcDbEntity
  8
B.Cu
  6
CONTINUOUS
100
AcDbLine
 10
6.0904883464566923
 20
-3.8279380708661415
 30
0
 11
6.0904883464566923
 21
-3.8249359448818896
 31
0
  0
LINE
  5
AD5
330
1F
100
AcDbEntity
  8
B.Cu
  6
CONTINUOUS
100
AcDbLine
 10
6.0904883464566923
 20
-3.8249359448818896
 30
0
 11
6.0912653543307087
 21
-3.8220361417322835
 31
0
  0
LINE
  5
AD6
330
1F
100
AcDbEntity
  8
B.Cu
  6
CONTINUOUS
100
AcDbLine
 10
6.0912653543307087
 20
-3.8220361417322835
 30
0
 11
6.0927663779527554
 21
-3.8194362598425196
 31
0
  0
LINE
  5
AD7
330
1F
100
AcDbEntity
  8
B.Cu
  6
CONTINUOUS
100
AcDbLine
 10
6.0927663779527554
 20
-3.8194362598425196
 30
0
 11
6.0948892125984253
 21
-3.8173134251968501
 31
0
  0
LINE
  5
AD8
330
1F
100
AcDbEntity
  8
B.Cu
  6
CONTINUOUS
100
AcDbLine
 10
6.0948892125984253
 20
-3.8173134251968501
 30
0
 11
6.0974890944881892
 21
-3.8158124015748029
 31
0
  0
LINE
  5
AD9
330
1F
100
AcDbEntity
  8
B.Cu
  6
CONTINUOUS
100
AcDbLine
 10
6.0974890944881892
 20
-3.8158124015748029
 30
0
 11
6.1003888976377949
 21
-3.8150353937007875
 31
0
  0
LINE
  5
ADA
330
1F
100
AcDbEntity
  8
B.Cu
  6
CONTINUOUS
100
AcDbLine
 10
6.1003888976377949
 20
-3.8150353937007875
 30
0
 11
6.1033910236220468
 21
-3.8150353937007875
 31
0
  0
LINE
  5
ADB
330
1F
100
AcDbEntity
  8
B.Cu
  6
CONTINUOUS
100
AcDbLine
 10
6.1033910236220468
 20
-3.8150353937007875
 30
0
 11
6.1062908267716534
 21
-3.8158124015748029
 31
0
  0
LINE
  5
ADC
330
1F
100
AcDbEntity
  8
B.Cu
  6
CONTINUOUS
100
AcDbLine
 10
6.1062908267716534
 20
-3.8158124015748029
 30
0
 11
6.1088907086614173
 21
-3.8173134251968501
 31
0
  0
LINE
  5
ADD
330
1F
100
AcDbEntity
  8
B.Cu
  6
CONTINUOUS
100
AcDbLine
 10
6.1088907086614173
 20
-3.8173134251968501
 30
0
 11
6.1110135433070862
 21
-3.8194362598425196
 31
0
  0
LINE
  5
ADE
330
1F
100
AcDbEntity
  8
B.Cu
  6
CONTINUOUS
100
AcDbLine
 10
6.1110135433070862
 20
-3.8194362598425196
 30
0
 11
6.1125145669291339
 21
-3.8220361417322835
 31
0
  0
LINE
  5
ADF
330
1F
100
AcDbEntity
  8
B.Cu
  6
CONTINUOUS
100
AcDbLine
 10
6.1125145669291339
 20
-3.8220361417322835
 30
0
 11
6.1132915748031493
 21
-3.8249359448818896
 31
0
  0
LINE
  5
AE0
330
1F
100
AcDbEntity
  8
B.Cu
  6
CONTINUOUS
100
AcDbLine
 10
6.1132915748031493
 20
-3.8249359448818896
 30
0
 11
6.1132915748031493
 21
-3.8279380708661415
 31
0
  0
LINE
  5
AE1
330
1F
100
AcDbEntity
  8
B.Cu
  6
CONTINUOUS
100
AcDbLine
 10
6.1132915748031493
 20
-3.8279380708661415
 30
0
 11
6.1125145669291339
 21
-3.830837874015748
 31
0
  0
LINE
  5
AE2
330
1F
100
AcDbEntity
  8
B.Cu
  6
CONTINUOUS
100
AcDbLine
 10
6.1125145669291339
 20
-3.830837874015748
 30
0
 11
6.1110135433070862
 21
-3.8334377559055119
 31
0
  0
LINE
  5
AE3
330
1F
100
AcDbEntity
  8
B.Cu
  6
CONTINUOUS
100
AcDbLine
 10
6.1110135433070862
 20
-3.8334377559055119
 30
0
 11
6.1088907086614173
 21
-3.8355605905511809
 31
0
  0
LINE
  5
AE4
330
1F
100
AcDbEntity
  8
B.Cu
  6
CONTINUOUS
100
AcDbLine
 10
6.1088907086614173
 20
-3.8355605905511809
 30
0
 11
6.1062908267716534
 21
-3.8370616141732281
 31
0
  0
LINE
  5
AE5
330
1F
100
AcDbEntity
  8
B.Cu
  6
CONTINUOUS
100
AcDbLine
 10
6.1062908267716534
 20
-3.8370616141732281
 30
0
 11
6.1033910236220468
 21
-3.837838622047244
 31
0
  0
LINE
  5
AE6
330
1F
100
AcDbEntity
  8
B.Cu
  6
CONTINUOUS
100
AcDbLine
 10
6.1033910236220468
 20
-3.837838622047244
 30
0
 11
6.1003888976377949
 21
-3.837838622047244
 31
0
  0
LINE
  5
AE7
330
1F
100
AcDbEntity
  8
B.Cu
  6
CONTINUOUS
100
AcDbLine
 10
6.1003888976377949
 20
-3.837838622047244
 30
0
 11
6.0974890944881892
 21
-3.8370616141732281
 31
0
  0
LINE
  5
AE8
330
1F
100
AcDbEntity
  8
B.Cu
  6
CONTINUOUS
100
AcDbLine
 10
6.0974890944881892
 20
-3.8370616141732281
 30
0
 11
6.0970732283464564
 21
-3.8368214960629921
 31
0
  0
LINE
  5
AE9
330
1F
100
AcDbEntity
  8
B.Cu
  6
CONTINUOUS
100
AcDbLine
 10
6.0970732283464564
 20
-3.8368214960629921
 30
0
 11
6.0814061811023619
 21
-3.8524885826771653
 31
0
  0
LINE
  5
AEA
330
1F
100
AcDbEntity
  8
B.Cu
  6
CONTINUOUS
100
AcDbLine
 10
6.0814061811023619
 20
-3.8524885826771653
 30
0
 11
6.0808095669291333
 21
-3.8529781889763779
 31
0
  0
LINE
  5
AEB
330
1F
100
AcDbEntity
  8
B.Cu
  6
CONTINUOUS
100
AcDbLine
 10
6.0808095669291333
 20
-3.8529781889763779
 30
0
 11
6.0793903543307088
 21
-3.853566062992126
 31
0
  0
LINE
  5
AEC
330
1F
100
AcDbEntity
  8
B.Cu
  6
CONTINUOUS
100
AcDbLine
 10
6.0793903543307088
 20
-3.853566062992126
 30
0
 11
6.0786222834645667
 21
-3.8536416929133859
 31
0
  0
LINE
  5
AED
330
1F
100
AcDbEntity
  8
B.Cu
  6
CONTINUOUS
100
AcDbLine
 10
6.0786222834645667
 20
-3.8536416929133859
 30
0
 11
5.9466931102362199
 21
-3.8536416929133859
 31
0
  0
LINE
  5
AEE
330
1F
100
AcDbEntity
  8
B.Cu
  6
CONTINUOUS
100
AcDbLine
 10
5.9466931102362199
 20
-3.8536416929133859
 30
0
 11
5.9459250393700787
 21
-3.853566062992126
 31
0
  0
LINE
  5
AEF
330
1F
100
AcDbEntity
  8
B.Cu
  6
CONTINUOUS
100
AcDbLine
 10
5.9459250393700787
 20
-3.853566062992126
 30
0
 11
5.9445058267716533
 21
-3.8529782283464566
 31
0
  0
LINE
  5
AF0
330
1F
100
AcDbEntity
  8
B.Cu
  6
CONTINUOUS
100
AcDbLine
 10
5.9445058267716533
 20
-3.8529782283464566
 30
0
 11
5.9439092519685035
 21
-3.8524885826771653
 31
0
  0
LINE
  5
AF1
330
1F
100
AcDbEntity
  8
B.Cu
  6
CONTINUOUS
100
AcDbLine
 10
5.9439092519685035
 20
-3.8524885826771653
 30
0
 11
5.9377875984251967
 21
-3.846366929133858
 31
0
  0
LINE
  5
AF2
330
1F
100
AcDbEntity
  8
B.Cu
  6
CONTINUOUS
100
AcDbLine
 10
5.9377875984251967
 20
-3.846366929133858
 30
0
 11
5.9377875984251967
 21
-3.8744794881889764
 31
0
  0
LINE
  5
AF3
330
1F
100
AcDbEntity
  8
B.Cu
  6
CONTINUOUS
100
AcDbLine
 10
5.9377875984251967
 20
-3.8744794881889764
 30
0
 11
5.9377119685039368
 21
-3.8752475590551181
 31
0
  0
LINE
  5
AF4
330
1F
100
AcDbEntity
  8
B.Cu
  6
CONTINUOUS
100
AcDbLine
 10
5.9377119685039368
 20
-3.8752475590551181
 30
0
 11
5.9375986220472443
 21
-3.875521181102362
 31
0
  0
LINE
  5
AF5
330
1F
100
AcDbEntity
  8
B.Cu
  6
CONTINUOUS
100
AcDbLine
 10
5.9375986220472443
 20
-3.875521181102362
 30
0
 11
5.9375986220472443
 21
-3.8844291732283462
 31
0
  0
LINE
  5
AF6
330
1F
100
AcDbEntity
  8
B.Cu
  6
CONTINUOUS
100
AcDbLine
 10
5.9375986220472443
 20
-3.8844291732283462
 30
0
 11
5.9375229921259844
 21
-3.885197244094488
 31
0
  0
LINE
  5
AF7
330
1F
100
AcDbEntity
  8
B.Cu
  6
CONTINUOUS
100
AcDbLine
 10
5.9375229921259844
 20
-3.885197244094488
 30
0
 11
5.9371072834645666
 21
-3.8862007874015747
 31
0
  0
LINE
  5
AF8
330
1F
100
AcDbEntity
  8
B.Cu
  6
CONTINUOUS
100
AcDbLine
 10
5.9371072834645666
 20
-3.8862007874015747
 30
0
 11
5.9369351181102363
 21
-3.8866164960629921
 31
0
  0
LINE
  5
AF9
330
1F
100
AcDbEntity
  8
B.Cu
  6
CONTINUOUS
100
AcDbLine
 10
5.9369351181102363
 20
-3.8866164960629921
 30
0
 11
5.9364455118110238
 21
-3.8872130708661414
 31
0
  0
LINE
  5
AFA
330
1F
100
AcDbEntity
  8
B.Cu
  6
CONTINUOUS
100
AcDbLine
 10
5.9364455118110238
 20
-3.8872130708661414
 30
0
 11
5.9317429527559051
 21
-3.8919155511811021
 31
0
  0
LINE
  5
AFB
330
1F
100
AcDbEntity
  8
B.Cu
  6
CONTINUOUS
100
AcDbLine
 10
5.9317429527559051
 20
-3.8919155511811021
 30
0
 11
5.9319830708661412
 21
-3.8923314173228345
 31
0
  0
LINE
  5
AFC
330
1F
100
AcDbEntity
  8
B.Cu
  6
CONTINUOUS
100
AcDbLine
 10
5.9319830708661412
 20
-3.8923314173228345
 30
0
 11
5.9327600787401575
 21
-3.8952312204724406
 31
0
  0
LINE
  5
AFD
330
1F
100
AcDbEntity
  8
B.Cu
  6
CONTINUOUS
100
AcDbLine
 10
5.9327600787401575
 20
-3.8952312204724406
 30
0
 11
5.9327600787401575
 21
-3.8982333464566929
 31
0
  0
LINE
  5
AFE
330
1F
100
AcDbEntity
  8
B.Cu
  6
CONTINUOUS
100
AcDbLine
 10
5.9327600787401575
 20
-3.8982333464566929
 30
0
 11
5.9319830708661412
 21
-3.9011331496062991
 31
0
  0
LINE
  5
AFF
330
1F
100
AcDbEntity
  8
B.Cu
  6
CONTINUOUS
100
AcDbLine
 10
5.9319830708661412
 20
-3.9011331496062991
 30
0
 11
5.9304820472440944
 21
-3.903733031496063
 31
0
  0
LINE
  5
B00
330
1F
100
AcDbEntity
  8
B.Cu
  6
CONTINUOUS
100
AcDbLine
 10
5.9304820472440944
 20
-3.903733031496063
 30
0
 11
5.9283592125984255
 21
-3.9058558661417324
 31
0
  0
LINE
  5
B01
330
1F
100
AcDbEntity
  8
B.Cu
  6
CONTINUOUS
100
AcDbLine
 10
5.9283592125984255
 20
-3.9058558661417324
 30
0
 11
5.9257593307086616
 21
-3.9073568897637796
 31
0
  0
LINE
  5
B02
330
1F
100
AcDbEntity
  8
B.Cu
  6
CONTINUOUS
100
AcDbLine
 10
5.9257593307086616
 20
-3.9073568897637796
 30
0
 11
5.922859527559055
 21
-3.9081338976377951
 31
0
  0
LINE
  5
B03
330
1F
100
AcDbEntity
  8
B.Cu
  6
CONTINUOUS
100
AcDbLine
 10
5.922859527559055
 20
-3.9081338976377951
 30
0
 11
5.9198574015748031
 21
-3.9081338976377951
 31
0
  0
LINE
  5
B04
330
1F
100
AcDbEntity
  8
B.Cu
  6
CONTINUOUS
100
AcDbLine
 10
5.9198574015748031
 20
-3.9081338976377951
 30
0
 11
5.9169575984251965
 21
-3.9073568897637796
 31
0
  0
LINE
  5
B05
330
1F
100
AcDbEntity
  8
B.Cu
  6
CONTINUOUS
100
AcDbLine
 10
5.9169575984251965
 20
-3.9073568897637796
 30
0
 11
5.9143577165354326
 21
-3.9058558661417324
 31
0
  0
LINE
  5
B06
330
1F
100
AcDbEntity
  8
B.Cu
  6
CONTINUOUS
100
AcDbLine
 10
5.9143577165354326
 20
-3.9058558661417324
 30
0
 11
5.9122348818897636
 21
-3.903733031496063
 31
0
  0
LINE
  5
B07
330
1F
100
AcDbEntity
  8
B.Cu
  6
CONTINUOUS
100
AcDbLine
 10
5.9122348818897636
 20
-3.903733031496063
 30
0
 11
5.910733858267716
 21
-3.9011331496062991
 31
0
  0
LINE
  5
B08
330
1F
100
AcDbEntity
  8
B.Cu
  6
CONTINUOUS
100
AcDbLine
 10
5.910733858267716
 20
-3.9011331496062991
 30
0
 11
5.9099568503937006
 21
-3.8982333464566929
 31
0
  0
LINE
  5
B09
330
1F
100
AcDbEntity
  8
B.Cu
  6
CONTINUOUS
100
AcDbLine
 10
5.9099568503937006
 20
-3.8982333464566929
 30
0
 11
5.9099568503937006
 21
-3.8952312204724406
 31
0
  0
LINE
  5
B0A
330
1F
100
AcDbEntity
  8
B.Cu
  6
CONTINUOUS
100
AcDbLine
 10
5.9099568503937006
 20
-3.8952312204724406
 30
0
 11
5.910733858267716
 21
-3.8923314173228345
 31
0
  0
LINE
  5
B0B
330
1F
100
AcDbEntity
  8
B.Cu
  6
CONTINUOUS
100
AcDbLine
 10
5.910733858267716
 20
-3.8923314173228345
 30
0
 11
5.9122348818897636
 21
-3.8897315354330706
 31
0
  0
LINE
  5
B0C
330
1F
100
AcDbEntity
  8
B.Cu
  6
CONTINUOUS
100
AcDbLine
 10
5.9122348818897636
 20
-3.8897315354330706
 30
0
 11
5.9143577165354326
 21
-3.8876087007874016
 31
0
  0
LINE
  5
B0D
330
1F
100
AcDbEntity
  8
B.Cu
  6
CONTINUOUS
100
AcDbLine
 10
5.9143577165354326
 20
-3.8876087007874016
 30
0
 11
5.9169575984251965
 21
-3.8861076771653544
 31
0
  0
LINE
  5
B0E
330
1F
100
AcDbEntity
  8
B.Cu
  6
CONTINUOUS
100
AcDbLine
 10
5.9169575984251965
 20
-3.8861076771653544
 30
0
 11
5.9198574015748031
 21
-3.8853306692913385
 31
0
  0
LINE
  5
B0F
330
1F
100
AcDbEntity
  8
B.Cu
  6
CONTINUOUS
100
AcDbLine
 10
5.9198574015748031
 20
-3.8853306692913385
 30
0
 11
5.922859527559055
 21
-3.8853306692913385
 31
0
  0
LINE
  5
B10
330
1F
100
AcDbEntity
  8
B.Cu
  6
CONTINUOUS
100
AcDbLine
 10
5.922859527559055
 20
-3.8853306692913385
 30
0
 11
5.9257593307086616
 21
-3.8861076771653544
 31
0
  0
LINE
  5
B11
330
1F
100
AcDbEntity
  8
B.Cu
  6
CONTINUOUS
100
AcDbLine
 10
5.9257593307086616
 20
-3.8861076771653544
 30
0
 11
5.9261751968503935
 21
-3.8863477559055117
 31
0
  0
LINE
  5
B12
330
1F
100
AcDbEntity
  8
B.Cu
  6
CONTINUOUS
100
AcDbLine
 10
5.9261751968503935
 20
-3.8863477559055117
 30
0
 11
5.9297246062992128
 21
-3.8827983464566929
 31
0
  0
LINE
  5
B13
330
1F
100
AcDbEntity
  8
B.Cu
  6
CONTINUOUS
100
AcDbLine
 10
5.9297246062992128
 20
-3.8827983464566929
 30
0
 11
5.9297246062992128
 21
-3.8746684645669291
 31
0
  0
LINE
  5
B14
330
1F
100
AcDbEntity
  8
B.Cu
  6
CONTINUOUS
100
AcDbLine
 10
5.9297246062992128
 20
-3.8746684645669291
 30
0
 11
5.9298002362204727
 21
-3.8739003937007874
 31
0
  0
LINE
  5
B15
330
1F
100
AcDbEntity
  8
B.Cu
  6
CONTINUOUS
100
AcDbLine
 10
5.9298002362204727
 20
-3.8739003937007874
 30
0
 11
5.9299135826771652
 21
-3.8736267322834643
 31
0
  0
LINE
  5
B16
330
1F
100
AcDbEntity
  8
B.Cu
  6
CONTINUOUS
100
AcDbLine
 10
5.9299135826771652
 20
-3.8736267322834643
 30
0
 11
5.9299135826771652
 21
-3.8384929133858265
 31
0
  0
LINE
  5
B17
330
1F
100
AcDbEntity
  8
B.Cu
  6
CONTINUOUS
100
AcDbLine
 10
5.9299135826771652
 20
-3.8384929133858265
 30
0
 11
5.9180037007874011
 21
-3.8265830708661417
 31
0
  0
LINE
  5
B18
330
1F
100
AcDbEntity
  8
B.Cu
  6
CONTINUOUS
100
AcDbLine
 10
5.9180037007874011
 20
-3.8265830708661417
 30
0
 11
5.9175140944881885
 21
-3.8259864566929132
 31
0
  0
LINE
  5
B19
330
1F
100
AcDbEntity
  8
B.Cu
  6
CONTINUOUS
100
AcDbLine
 10
5.9175140944881885
 20
-3.8259864566929132
 30
0
 11
5.9169262204724404
 21
-3.8245672440944882
 31
0
  0
LINE
  5
B1A
330
1F
100
AcDbEntity
  8
B.Cu
  6
CONTINUOUS
100
AcDbLine
 10
5.9169262204724404
 20
-3.8245672440944882
 30
0
 11
5.9168505905511806
 21
-3.8237991732283465
 31
0
  0
LINE
  5
B1B
330
1F
100
AcDbEntity
  8
B.Cu
  6
CONTINUOUS
100
AcDbLine
 10
5.9168505905511806
 20
-3.8237991732283465
 30
0
 11
5.9168505905511806
 21
-3.8135638582677163
 31
0
  0
LINE
  5
B1C
330
1F
100
AcDbEntity
  8
B.Cu
  6
CONTINUOUS
100
AcDbLine
 10
5.9168505905511806
 20
-3.8135638582677163
 30
0
 11
5.9163867322834642
 21
-3.8134395669291337
 31
0
  0
LINE
  5
B1D
330
1F
100
AcDbEntity
  8
B.Cu
  6
CONTINUOUS
100
AcDbLine
 10
5.9163867322834642
 20
-3.8134395669291337
 30
0
 11
5.9137868503937003
 21
-3.8119385433070865
 31
0
  0
LINE
  5
B1E
330
1F
100
AcDbEntity
  8
B.Cu
  6
CONTINUOUS
100
AcDbLine
 10
5.9137868503937003
 20
-3.8119385433070865
 30
0
 11
5.9116640157480314
 21
-3.8098157086614171
 31
0
  0
LINE
  5
B1F
330
1F
100
AcDbEntity
  8
B.Cu
  6
CONTINUOUS
100
AcDbLine
 10
5.9116640157480314
 20
-3.8098157086614171
 30
0
 11
5.9101629921259837
 21
-3.8072158267716536
 31
0
  0
LINE
  5
B20
330
1F
100
AcDbEntity
  8
B.Cu
  6
CONTINUOUS
100
AcDbLine
 10
5.9101629921259837
 20
-3.8072158267716536
 30
0
 11
5.9093859842519683
 21
-3.804316023622047
 31
0
  0
LINE
  5
B21
330
1F
100
AcDbEntity
  8
B.Cu
  6
CONTINUOUS
100
AcDbLine
 10
5.9093859842519683
 20
-3.804316023622047
 30
0
 11
5.9093859842519683
 21
-3.8013138976377951
 31
0
  0
LINE
  5
B22
330
1F
100
AcDbEntity
  8
B.Cu
  6
CONTINUOUS
100
AcDbLine
 10
5.9093859842519683
 20
-3.8013138976377951
 30
0
 11
5.9101629921259837
 21
-3.798414094488189
 31
0
  0
LINE
  5
B23
330
1F
100
AcDbEntity
  8
B.Cu
  6
CONTINUOUS
100
AcDbLine
 10
5.9101629921259837
 20
-3.798414094488189
 30
0
 11
5.9116640157480314
 21
-3.7958142125984251
 31
0
  0
LINE
  5
B24
330
1F
100
AcDbEntity
  8
B.Cu
  6
CONTINUOUS
100
AcDbLine
 10
5.9116640157480314
 20
-3.7958142125984251
 30
0
 11
5.9137868503937003
 21
-3.7936913779527557
 31
0
  0
LINE
  5
B25
330
1F
100
AcDbEntity
  8
B.Cu
  6
CONTINUOUS
100
AcDbLine
 10
5.9137868503937003
 20
-3.7936913779527557
 30
0
 11
5.9163867322834642
 21
-3.7921903543307085
 31
0
  0
LINE
  5
B26
330
1F
100
AcDbEntity
  8
B.Cu
  6
CONTINUOUS
100
AcDbLine
 10
5.9163867322834642
 20
-3.7921903543307085
 30
0
 11
5.9192865354330708
 21
-3.791413346456693
 31
0
  0
LINE
  5
B27
330
1F
100
AcDbEntity
  8
B.Cu
  6
CONTINUOUS
100
AcDbLine
 10
5.9192865354330708
 20
-3.791413346456693
 30
0
 11
5.9222886614173227
 21
-3.791413346456693
 31
0
  0
LINE
  5
B28
330
1F
100
AcDbEntity
  8
B.Cu
  6
CONTINUOUS
100
AcDbLine
 10
5.9222886614173227
 20
-3.791413346456693
 30
0
 11
5.9251884645669293
 21
-3.7921903543307085
 31
0
  0
LINE
  5
B29
330
1F
100
AcDbEntity
  8
B.Cu
  6
CONTINUOUS
100
AcDbLine
 10
6.64573968503937
 20
-3.8807730708661414
 30
0
 11
6.6483395669291339
 21
-3.8822740944881891
 31
0
  0
LINE
  5
B2A
330
1F
100
AcDbEntity
  8
B.Cu
  6
CONTINUOUS
100
AcDbLine
 10
6.6483395669291339
 20
-3.8822740944881891
 30
0
 11
6.6504624015748028
 21
-3.884396929133858
 31
0
  0
LINE
  5
B2B
330
1F
100
AcDbEntity
  8
B.Cu
  6
CONTINUOUS
100
AcDbLine
 10
6.6504624015748028
 20
-3.884396929133858
 30
0
 11
6.6519634251968505
 21
-3.8869968110236219
 31
0
  0
LINE
  5
B2C
330
1F
100
AcDbEntity
  8
B.Cu
  6
CONTINUOUS
100
AcDbLine
 10
6.6519634251968505
 20
-3.8869968110236219
 30
0
 11
6.6527404330708659
 21
-3.8898966141732281
 31
0
  0
LINE
  5
B2D
330
1F
100
AcDbEntity
  8
B.Cu
  6
CONTINUOUS
100
AcDbLine
 10
6.6527404330708659
 20
-3.8898966141732281
 30
0
 11
6.6527404330708659
 21
-3.8928987401574804
 31
0
  0
LINE
  5
B2E
330
1F
100
AcDbEntity
  8
B.Cu
  6
CONTINUOUS
100
AcDbLine
 10
6.6527404330708659
 20
-3.8928987401574804
 30
0
 11
6.6519634251968505
 21
-3.8957985433070865
 31
0
  0
LINE
  5
B2F
330
1F
100
AcDbEntity
  8
B.Cu
  6
CONTINUOUS
100
AcDbLine
 10
6.6519634251968505
 20
-3.8957985433070865
 30
0
 11
6.6504624015748028
 21
-3.8983984251968504
 31
0
  0
LINE
  5
B30
330
1F
100
AcDbEntity
  8
B.Cu
  6
CONTINUOUS
100
AcDbLine
 10
6.6504624015748028
 20
-3.8983984251968504
 30
0
 11
6.6483395669291339
 21
-3.9005212598425194
 31
0
  0
LINE
  5
B31
330
1F
100
AcDbEntity
  8
B.Cu
  6
CONTINUOUS
100
AcDbLine
 10
6.6483395669291339
 20
-3.9005212598425194
 30
0
 11
6.64573968503937
 21
-3.902022283464567
 31
0
  0
LINE
  5
B32
330
1F
100
AcDbEntity
  8
B.Cu
  6
CONTINUOUS
100
AcDbLine
 10
6.64573968503937
 20
-3.902022283464567
 30
0
 11
6.6428398818897634
 21
-3.9027992913385825
 31
0
  0
LINE
  5
B33
330
1F
100
AcDbEntity
  8
B.Cu
  6
CONTINUOUS
100
AcDbLine
 10
6.6428398818897634
 20
-3.9027992913385825
 30
0
 11
6.6398377559055115
 21
-3.9027992913385825
 31
0
  0
LINE
  5
B34
330
1F
100
AcDbEntity
  8
B.Cu
  6
CONTINUOUS
100
AcDbLine
 10
6.6398377559055115
 20
-3.9027992913385825
 30
0
 11
6.6369379527559049
 21
-3.902022283464567
 31
0
  0
LINE
  5
B35
330
1F
100
AcDbEntity
  8
B.Cu
  6
CONTINUOUS
100
AcDbLine
 10
6.6369379527559049
 20
-3.902022283464567
 30
0
 11
6.6343380708661419
 21
-3.9005212598425194
 31
0
  0
LINE
  5
B36
330
1F
100
AcDbEntity
  8
B.Cu
  6
CONTINUOUS
100
AcDbLine
 10
6.6343380708661419
 20
-3.9005212598425194
 30
0
 11
6.632215236220472
 21
-3.8983984251968504
 31
0
  0
LINE
  5
B37
330
1F
100
AcDbEntity
  8
B.Cu
  6
CONTINUOUS
100
AcDbLine
 10
6.632215236220472
 20
-3.8983984251968504
 30
0
 11
6.6307142125984253
 21
-3.8957985433070865
 31
0
  0
LINE
  5
B38
330
1F
100
AcDbEntity
  8
B.Cu
  6
CONTINUOUS
100
AcDbLine
 10
6.6307142125984253
 20
-3.8957985433070865
 30
0
 11
6.629937204724409
 21
-3.8928987401574804
 31
0
  0
LINE
  5
B39
330
1F
100
AcDbEntity
  8
B.Cu
  6
CONTINUOUS
100
AcDbLine
 10
6.629937204724409
 20
-3.8928987401574804
 30
0
 11
6.629937204724409
 21
-3.8898966141732281
 31
0
  0
LINE
  5
B3A
330
1F
100
AcDbEntity
  8
B.Cu
  6
CONTINUOUS
100
AcDbLine
 10
6.629937204724409
 20
-3.8898966141732281
 30
0
 11
6.6307142125984253
 21
-3.8869968110236219
 31
0
  0
LINE
  5
B3B
330
1F
100
AcDbEntity
  8
B.Cu
  6
CONTINUOUS
100
AcDbLine
 10
6.6307142125984253
 20
-3.8869968110236219
 30
0
 11
6.632215236220472
 21
-3.884396929133858
 31
0
  0
LINE
  5
B3C
330
1F
100
AcDbEntity
  8
B.Cu
  6
CONTINUOUS
100
AcDbLine
 10
6.632215236220472
 20
-3.884396929133858
 30
0
 11
6.6343380708661419
 21
-3.8822740944881891
 31
0
  0
LINE
  5
B3D
330
1F
100
AcDbEntity
  8
B.Cu
  6
CONTINUOUS
100
AcDbLine
 10
6.6343380708661419
 20
-3.8822740944881891
 30
0
 11
6.6369379527559049
 21
-3.8807730708661414
 31
0
  0
LINE
  5
B3E
330
1F
100
AcDbEntity
  8
B.Cu
  6
CONTINUOUS
100
AcDbLine
 10
6.6369379527559049
 20
-3.8807730708661414
 30
0
 11
6.6398377559055115
 21
-3.879996062992126
 31
0
  0
LINE
  5
B3F
330
1F
100
AcDbEntity
  8
B.Cu
  6
CONTINUOUS
100
AcDbLine
 10
6.6398377559055115
 20
-3.879996062992126
 30
0
 11
6.6428398818897634
 21
-3.879996062992126
 31
0
  0
LINE
  5
B40
330
1F
100
AcDbEntity
  8
B.Cu
  6
CONTINUOUS
100
AcDbLine
 10
6.6428398818897634
 20
-3.879996062992126
 30
0
 11
6.64573968503937
 21
-3.8807730708661414
 31
0
  0
LINE
  5
B41
330
1F
100
AcDbEntity
  8
B.Cu
  6
CONTINUOUS
100
AcDbLine
 10
5.673219960629921
 20
-3.8236864173228344
 30
0
 11
5.6758198425196849
 21
-3.8251874409448816
 31
0
  0
LINE
  5
B42
330
1F
100
AcDbEntity
  8
B.Cu
  6
CONTINUOUS
100
AcDbLine
 10
5.6758198425196849
 20
-3.8251874409448816
 30
0
 11
5.6779426771653538
 21
-3.827310275590551
 31
0
  0
LINE
  5
B43
330
1F
100
AcDbEntity
  8
B.Cu
  6
CONTINUOUS
100
AcDbLine
 10
5.6779426771653538
 20
-3.827310275590551
 30
0
 11
5.6794437007874015
 21
-3.8299101574803149
 31
0
  0
LINE
  5
B44
330
1F
100
AcDbEntity
  8
B.Cu
  6
CONTINUOUS
100
AcDbLine
 10
5.6794437007874015
 20
-3.8299101574803149
 30
0
 11
5.6802207086614169
 21
-3.8328099606299211
 31
0
  0
LINE
  5
B45
330
1F
100
AcDbEntity
  8
B.Cu
  6
CONTINUOUS
100
AcDbLine
 10
5.6802207086614169
 20
-3.8328099606299211
 30
0
 11
5.6802207086614169
 21
-3.8358120866141729
 31
0
  0
LINE
  5
B46
330
1F
100
AcDbEntity
  8
B.Cu
  6
CONTINUOUS
100
AcDbLine
 10
5.6802207086614169
 20
-3.8358120866141729
 30
0
 11
5.6794437007874015
 21
-3.8387118897637795
 31
0
  0
LINE
  5
B47
330
1F
100
AcDbEntity
  8
B.Cu
  6
CONTINUOUS
100
AcDbLine
 10
5.6794437007874015
 20
-3.8387118897637795
 30
0
 11
5.6779426771653538
 21
-3.8413117716535434
 31
0
  0
LINE
  5
B48
330
1F
100
AcDbEntity
  8
B.Cu
  6
CONTINUOUS
100
AcDbLine
 10
5.6779426771653538
 20
-3.8413117716535434
 30
0
 11
5.6758198425196849
 21
-3.8434346062992124
 31
0
  0
LINE
  5
B49
330
1F
100
AcDbEntity
  8
B.Cu
  6
CONTINUOUS
100
AcDbLine
 10
5.6758198425196849
 20
-3.8434346062992124
 30
0
 11
5.673219960629921
 21
-3.8449356299212596
 31
0
  0
LINE
  5
B4A
330
1F
100
AcDbEntity
  8
B.Cu
  6
CONTINUOUS
100
AcDbLine
 10
5.673219960629921
 20
-3.8449356299212596
 30
0
 11
5.6703201574803153
 21
-3.8457126377952755
 31
0
  0
LINE
  5
B4B
330
1F
100
AcDbEntity
  8
B.Cu
  6
CONTINUOUS
100
AcDbLine
 10
5.6703201574803153
 20
-3.8457126377952755
 30
0
 11
5.6673180314960625
 21
-3.8457126377952755
 31
0
  0
LINE
  5
B4C
330
1F
100
AcDbEntity
  8
B.Cu
  6
CONTINUOUS
100
AcDbLine
 10
5.6673180314960625
 20
-3.8457126377952755
 30
0
 11
5.6644182283464568
 21
-3.8449356299212596
 31
0
  0
LINE
  5
B4D
330
1F
100
AcDbEntity
  8
B.Cu
  6
CONTINUOUS
100
AcDbLine
 10
5.6644182283464568
 20
-3.8449356299212596
 30
0
 11
5.6618183464566929
 21
-3.8434346062992124
 31
0
  0
LINE
  5
B4E
330
1F
100
AcDbEntity
  8
B.Cu
  6
CONTINUOUS
100
AcDbLine
 10
5.6618183464566929
 20
-3.8434346062992124
 30
0
 11
5.6596955118110239
 21
-3.8413117716535434
 31
0
  0
LINE
  5
B4F
330
1F
100
AcDbEntity
  8
B.Cu
  6
CONTINUOUS
100
AcDbLine
 10
5.6596955118110239
 20
-3.8413117716535434
 30
0
 11
5.6581944881889763
 21
-3.8387118897637795
 31
0
  0
LINE
  5
B50
330
1F
100
AcDbEntity
  8
B.Cu
  6
CONTINUOUS
100
AcDbLine
 10
5.6581944881889763
 20
-3.8387118897637795
 30
0
 11
5.6580701968503933
 21
-3.8382480314960628
 31
0
  0
LINE
  5
B51
330
1F
100
AcDbEntity
  8
B.Cu
  6
CONTINUOUS
100
AcDbLine
 10
5.6580701968503933
 20
-3.8382480314960628
 30
0
 11
5.5287175984251968
 21
-3.8382480314960628
 31
0
  0
LINE
  5
B52
330
1F
100
AcDbEntity
  8
B.Cu
  6
CONTINUOUS
100
AcDbLine
 10
5.5287175984251968
 20
-3.8382480314960628
 30
0
 11
5.5138492125984246
 21
-3.853116338582677
 31
0
  0
LINE
  5
B53
330
1F
100
AcDbEntity
  8
B.Cu
  6
CONTINUOUS
100
AcDbLine
 10
5.5138492125984246
 20
-3.853116338582677
 30
0
 11
5.5140893307086616
 21
-3.8535322047244094
 31
0
  0
LINE
  5
B54
330
1F
100
AcDbEntity
  8
B.Cu
  6
CONTINUOUS
100
AcDbLine
 10
5.5140893307086616
 20
-3.8535322047244094
 30
0
 11
5.5148663385826771
 21
-3.8564320078740155
 31
0
  0
LINE
  5
B55
330
1F
100
AcDbEntity
  8
B.Cu
  6
CONTINUOUS
100
AcDbLine
 10
5.5148663385826771
 20
-3.8564320078740155
 30
0
 11
5.5148663385826771
 21
-3.8594341338582678
 31
0
  0
LINE
  5
B56
330
1F
100
AcDbEntity
  8
B.Cu
  6
CONTINUOUS
100
AcDbLine
 10
5.5148663385826771
 20
-3.8594341338582678
 30
0
 11
5.5140893307086616
 21
-3.862333937007874
 31
0
  0
LINE
  5
B57
330
1F
100
AcDbEntity
  8
B.Cu
  6
CONTINUOUS
100
AcDbLine
 10
5.5140893307086616
 20
-3.862333937007874
 30
0
 11
5.512588307086614
 21
-3.8649338188976379
 31
0
  0
LINE
  5
B58
330
1F
100
AcDbEntity
  8
B.Cu
  6
CONTINUOUS
100
AcDbLine
 10
5.512588307086614
 20
-3.8649338188976379
 30
0
 11
5.510465472440945
 21
-3.8670566535433069
 31
0
  0
LINE
  5
B59
330
1F
100
AcDbEntity
  8
B.Cu
  6
CONTINUOUS
100
AcDbLine
 10
5.510465472440945
 20
-3.8670566535433069
 30
0
 11
5.5078655905511811
 21
-3.868557677165354
 31
0
  0
LINE
  5
B5A
330
1F
100
AcDbEntity
  8
B.Cu
  6
CONTINUOUS
100
AcDbLine
 10
5.5078655905511811
 20
-3.868557677165354
 30
0
 11
5.5049657874015745
 21
-3.8693346850393699
 31
0
  0
LINE
  5
B5B
330
1F
100
AcDbEntity
  8
B.Cu
  6
CONTINUOUS
100
AcDbLine
 10
5.5049657874015745
 20
-3.8693346850393699
 30
0
 11
5.5019636614173226
 21
-3.8693346850393699
 31
0
  0
LINE
  5
B5C
330
1F
100
AcDbEntity
  8
B.Cu
  6
CONTINUOUS
100
AcDbLine
 10
5.5019636614173226
 20
-3.8693346850393699
 30
0
 11
5.499063858267716
 21
-3.868557677165354
 31
0
  0
LINE
  5
B5D
330
1F
100
AcDbEntity
  8
B.Cu
  6
CONTINUOUS
100
AcDbLine
 10
5.499063858267716
 20
-3.868557677165354
 30
0
 11
5.4986479921259841
 21
-3.868317559055118
 31
0
  0
LINE
  5
B5E
330
1F
100
AcDbEntity
  8
B.Cu
  6
CONTINUOUS
100
AcDbLine
 10
5.4986479921259841
 20
-3.868317559055118
 30
0
 11
5.474752598425197
 21
-3.892213031496063
 31
0
  0
LINE
  5
B5F
330
1F
100
AcDbEntity
  8
B.Cu
  6
CONTINUOUS
100
AcDbLine
 10
5.474752598425197
 20
-3.892213031496063
 30
0
 11
5.4741559842519685
 21
-3.8927026377952756
 31
0
  0
LINE
  5
B60
330
1F
100
AcDbEntity
  8
B.Cu
  6
CONTINUOUS
100
AcDbLine
 10
5.4741559842519685
 20
-3.8927026377952756
 30
0
 11
5.4727367716535431
 21
-3.8932905118110237
 31
0
  0
LINE
  5
B61
330
1F
100
AcDbEntity
  8
B.Cu
  6
CONTINUOUS
100
AcDbLine
 10
5.4727367716535431
 20
-3.8932905118110237
 30
0
 11
5.4719687007874018
 21
-3.8933661417322836
 31
0
  0
LINE
  5
B62
330
1F
100
AcDbEntity
  8
B.Cu
  6
CONTINUOUS
100
AcDbLine
 10
5.4719687007874018
 20
-3.8933661417322836
 30
0
 11
5.4172100787401574
 21
-3.8933661417322836
 31
0
  0
LINE
  5
B63
330
1F
100
AcDbEntity
  8
B.Cu
  6
CONTINUOUS
100
AcDbLine
 10
5.4172100787401574
 20
-3.8933661417322836
 30
0
 11
5.4170538976377953
 21
-3.8939490157480314
 31
0
  0
LINE
  5
B64
330
1F
100
AcDbEntity
  8
B.Cu
  6
CONTINUOUS
100
AcDbLine
 10
5.4170538976377953
 20
-3.8939490157480314
 30
0
 11
5.4155122440944883
 21
-3.8966192125984249
 31
0
  0
LINE
  5
B65
330
1F
100
AcDbEntity
  8
B.Cu
  6
CONTINUOUS
100
AcDbLine
 10
5.4155122440944883
 20
-3.8966192125984249
 30
0
 11
5.4133320078740157
 21
-3.8987994488188975
 31
0
  0
LINE
  5
B66
330
1F
100
AcDbEntity
  8
B.Cu
  6
CONTINUOUS
100
AcDbLine
 10
5.4133320078740157
 20
-3.8987994488188975
 30
0
 11
5.4106618110236218
 21
-3.9003411023622045
 31
0
  0
LINE
  5
B67
330
1F
100
AcDbEntity
  8
B.Cu
  6
CONTINUOUS
100
AcDbLine
 10
5.4106618110236218
 20
-3.9003411023622045
 30
0
 11
5.4076835826771656
 21
-3.901139094488189
 31
0
  0
LINE
  5
B68
330
1F
100
AcDbEntity
  8
B.Cu
  6
CONTINUOUS
100
AcDbLine
 10
5.4076835826771656
 20
-3.901139094488189
 30
0
 11
5.4046002755905507
 21
-3.901139094488189
 31
0
  0
LINE
  5
B69
330
1F
100
AcDbEntity
  8
B.Cu
  6
CONTINUOUS
100
AcDbLine
 10
5.4046002755905507
 20
-3.901139094488189
 30
0
 11
5.4016220472440946
 21
-3.9003411023622045
 31
0
  0
LINE
  5
B6A
330
1F
100
AcDbEntity
  8
B.Cu
  6
CONTINUOUS
100
AcDbLine
 10
5.4016220472440946
 20
-3.9003411023622045
 30
0
 11
5.3989518503937006
 21
-3.8987994488188975
 31
0
  0
LINE
  5
B6B
330
1F
100
AcDbEntity
  8
B.Cu
  6
CONTINUOUS
100
AcDbLine
 10
5.3989518503937006
 20
-3.8987994488188975
 30
0
 11
5.396771614173228
 21
-3.8966192125984249
 31
0
  0
LINE
  5
B6C
330
1F
100
AcDbEntity
  8
B.Cu
  6
CONTINUOUS
100
AcDbLine
 10
5.396771614173228
 20
-3.8966192125984249
 30
0
 11
5.395229960629921
 21
-3.8939490157480314
 31
0
  0
LINE
  5
B6D
330
1F
100
AcDbEntity
  8
B.Cu
  6
CONTINUOUS
100
AcDbLine
 10
5.395229960629921
 20
-3.8939490157480314
 30
0
 11
5.3944319685039366
 21
-3.8909707874015749
 31
0
  0
LINE
  5
B6E
330
1F
100
AcDbEntity
  8
B.Cu
  6
CONTINUOUS
100
AcDbLine
 10
5.3944319685039366
 20
-3.8909707874015749
 30
0
 11
5.3944319685039366
 21
-3.8878874803149603
 31
0
  0
LINE
  5
B6F
330
1F
100
AcDbEntity
  8
B.Cu
  6
CONTINUOUS
100
AcDbLine
 10
5.3944319685039366
 20
-3.8878874803149603
 30
0
 11
5.395229960629921
 21
-3.8849092519685038
 31
0
  0
LINE
  5
B70
330
1F
100
AcDbEntity
  8
B.Cu
  6
CONTINUOUS
100
AcDbLine
 10
5.395229960629921
 20
-3.8849092519685038
 30
0
 11
5.396771614173228
 21
-3.8822390551181103
 31
0
  0
LINE
  5
B71
330
1F
100
AcDbEntity
  8
B.Cu
  6
CONTINUOUS
100
AcDbLine
 10
5.396771614173228
 20
-3.8822390551181103
 30
0
 11
5.3989518503937006
 21
-3.8800588188976377
 31
0
  0
LINE
  5
B72
330
1F
100
AcDbEntity
  8
B.Cu
  6
CONTINUOUS
100
AcDbLine
 10
5.3989518503937006
 20
-3.8800588188976377
 30
0
 11
5.4016220472440946
 21
-3.8785171653543307
 31
0
  0
LINE
  5
B73
330
1F
100
AcDbEntity
  8
B.Cu
  6
CONTINUOUS
100
AcDbLine
 10
5.4016220472440946
 20
-3.8785171653543307
 30
0
 11
5.4046002755905507
 21
-3.8777191732283462
 31
0
  0
LINE
  5
B74
330
1F
100
AcDbEntity
  8
B.Cu
  6
CONTINUOUS
100
AcDbLine
 10
5.4046002755905507
 20
-3.8777191732283462
 30
0
 11
5.4076835826771656
 21
-3.8777191732283462
 31
0
  0
LINE
  5
B75
330
1F
100
AcDbEntity
  8
B.Cu
  6
CONTINUOUS
100
AcDbLine
 10
5.4076835826771656
 20
-3.8777191732283462
 30
0
 11
5.4106618110236218
 21
-3.8785171653543307
 31
0
  0
LINE
  5
B76
330
1F
100
AcDbEntity
  8
B.Cu
  6
CONTINUOUS
100
AcDbLine
 10
5.4106618110236218
 20
-3.8785171653543307
 30
0
 11
5.4133320078740157
 21
-3.8800588188976377
 31
0
  0
LINE
  5
B77
330
1F
100
AcDbEntity
  8
B.Cu
  6
CONTINUOUS
100
AcDbLine
 10
5.4133320078740157
 20
-3.8800588188976377
 30
0
 11
5.4155122440944883
 21
-3.8822390551181103
 31
0
  0
LINE
  5
B78
330
1F
100
AcDbEntity
  8
B.Cu
  6
CONTINUOUS
100
AcDbLine
 10
5.4155122440944883
 20
-3.8822390551181103
 30
0
 11
5.4170538976377953
 21
-3.8849092519685038
 31
0
  0
LINE
  5
B79
330
1F
100
AcDbEntity
  8
B.Cu
  6
CONTINUOUS
100
AcDbLine
 10
5.4170538976377953
 20
-3.8849092519685038
 30
0
 11
5.4172100787401574
 21
-3.8854921259842521
 31
0
  0
LINE
  5
B7A
330
1F
100
AcDbEntity
  8
B.Cu
  6
CONTINUOUS
100
AcDbLine
 10
5.4172100787401574
 20
-3.8854921259842521
 30
0
 11
5.4703379133858263
 21
-3.8854921259842521
 31
0
  0
LINE
  5
B7B
330
1F
100
AcDbEntity
  8
B.Cu
  6
CONTINUOUS
100
AcDbLine
 10
5.4703379133858263
 20
-3.8854921259842521
 30
0
 11
5.4930801968503937
 21
-3.8627497637795276
 31
0
  0
LINE
  5
B7C
330
1F
100
AcDbEntity
  8
B.Cu
  6
CONTINUOUS
100
AcDbLine
 10
5.4930801968503937
 20
-3.8627497637795276
 30
0
 11
5.4928401181102364
 21
-3.862333937007874
 31
0
  0
LINE
  5
B7D
330
1F
100
AcDbEntity
  8
B.Cu
  6
CONTINUOUS
100
AcDbLine
 10
5.4928401181102364
 20
-3.862333937007874
 30
0
 11
5.4920631102362201
 21
-3.8594341338582678
 31
0
  0
LINE
  5
B7E
330
1F
100
AcDbEntity
  8
B.Cu
  6
CONTINUOUS
100
AcDbLine
 10
5.4920631102362201
 20
-3.8594341338582678
 30
0
 11
5.4920631102362201
 21
-3.8564320078740155
 31
0
  0
LINE
  5
B7F
330
1F
100
AcDbEntity
  8
B.Cu
  6
CONTINUOUS
100
AcDbLine
 10
5.4920631102362201
 20
-3.8564320078740155
 30
0
 11
5.4928401181102364
 21
-3.8535322047244094
 31
0
  0
LINE
  5
B80
330
1F
100
AcDbEntity
  8
B.Cu
  6
CONTINUOUS
100
AcDbLine
 10
5.4928401181102364
 20
-3.8535322047244094
 30
0
 11
5.4943411417322832
 21
-3.8509323228346455
 31
0
  0
LINE
  5
B81
330
1F
100
AcDbEntity
  8
B.Cu
  6
CONTINUOUS
100
AcDbLine
 10
5.4943411417322832
 20
-3.8509323228346455
 30
0
 11
5.496463976377953
 21
-3.8488094881889765
 31
0
  0
LINE
  5
B82
330
1F
100
AcDbEntity
  8
B.Cu
  6
CONTINUOUS
100
AcDbLine
 10
5.496463976377953
 20
-3.8488094881889765
 30
0
 11
5.499063858267716
 21
-3.8473084645669289
 31
0
  0
LINE
  5
B83
330
1F
100
AcDbEntity
  8
B.Cu
  6
CONTINUOUS
100
AcDbLine
 10
5.499063858267716
 20
-3.8473084645669289
 30
0
 11
5.5019636614173226
 21
-3.8465314566929134
 31
0
  0
LINE
  5
B84
330
1F
100
AcDbEntity
  8
B.Cu
  6
CONTINUOUS
100
AcDbLine
 10
5.5019636614173226
 20
-3.8465314566929134
 30
0
 11
5.5049657874015745
 21
-3.8465314566929134
 31
0
  0
LINE
  5
B85
330
1F
100
AcDbEntity
  8
B.Cu
  6
CONTINUOUS
100
AcDbLine
 10
5.5049657874015745
 20
-3.8465314566929134
 30
0
 11
5.5078655905511811
 21
-3.8473084645669289
 31
0
  0
LINE
  5
B86
330
1F
100
AcDbEntity
  8
B.Cu
  6
CONTINUOUS
100
AcDbLine
 10
5.5078655905511811
 20
-3.8473084645669289
 30
0
 11
5.5082814173228343
 21
-3.8475485433070866
 31
0
  0
LINE
  5
B87
330
1F
100
AcDbEntity
  8
B.Cu
  6
CONTINUOUS
100
AcDbLine
 10
5.5082814173228343
 20
-3.8475485433070866
 30
0
 11
5.524302913385827
 21
-3.8315271259842518
 31
0
  0
LINE
  5
B88
330
1F
100
AcDbEntity
  8
B.Cu
  6
CONTINUOUS
100
AcDbLine
 10
5.524302913385827
 20
-3.8315271259842518
 30
0
 11
5.5248995275590547
 21
-3.8310375196850392
 31
0
  0
LINE
  5
B89
330
1F
100
AcDbEntity
  8
B.Cu
  6
CONTINUOUS
100
AcDbLine
 10
5.5248995275590547
 20
-3.8310375196850392
 30
0
 11
5.52631874015748
 21
-3.8304496456692911
 31
0
  0
LINE
  5
B8A
330
1F
100
AcDbEntity
  8
B.Cu
  6
CONTINUOUS
100
AcDbLine
 10
5.52631874015748
 20
-3.8304496456692911
 30
0
 11
5.5270868110236222
 21
-3.8303740157480313
 31
0
  0
LINE
  5
B8B
330
1F
100
AcDbEntity
  8
B.Cu
  6
CONTINUOUS
100
AcDbLine
 10
5.5270868110236222
 20
-3.8303740157480313
 30
0
 11
5.6580701968503933
 21
-3.8303740157480313
 31
0
  0
LINE
  5
B8C
330
1F
100
AcDbEntity
  8
B.Cu
  6
CONTINUOUS
100
AcDbLine
 10
5.6580701968503933
 20
-3.8303740157480313
 30
0
 11
5.6581944881889763
 21
-3.8299101574803149
 31
0
  0
LINE
  5
B8D
330
1F
100
AcDbEntity
  8
B.Cu
  6
CONTINUOUS
100
AcDbLine
 10
5.6581944881889763
 20
-3.8299101574803149
 30
0
 11
5.6596955118110239
 21
-3.827310275590551
 31
0
  0
LINE
  5
B8E
330
1F
100
AcDbEntity
  8
B.Cu
  6
CONTINUOUS
100
AcDbLine
 10
5.6596955118110239
 20
-3.827310275590551
 30
0
 11
5.6618183464566929
 21
-3.8251874409448816
 31
0
  0
LINE
  5
B8F
330
1F
100
AcDbEntity
  8
B.Cu
  6
CONTINUOUS
100
AcDbLine
 10
5.6618183464566929
 20
-3.8251874409448816
 30
0
 11
5.6644182283464568
 21
-3.8236864173228344
 31
0
  0
LINE
  5
B90
330
1F
100
AcDbEntity
  8
B.Cu
  6
CONTINUOUS
100
AcDbLine
 10
5.6644182283464568
 20
-3.8236864173228344
 30
0
 11
5.6673180314960625
 21
-3.822909409448819
 31
0
  0
LINE
  5
B91
330
1F
100
AcDbEntity
  8
B.Cu
  6
CONTINUOUS
100
AcDbLine
 10
5.6673180314960625
 20
-3.822909409448819
 30
0
 11
5.6703201574803153
 21
-3.822909409448819
 31
0
  0
LINE
  5
B92
330
1F
100
AcDbEntity
  8
B.Cu
  6
CONTINUOUS
100
AcDbLine
 10
5.6703201574803153
 20
-3.822909409448819
 30
0
 11
5.673219960629921
 21
-3.8236864173228344
 31
0
  0
LINE
  5
B93
330
1F
100
AcDbEntity
  8
B.Cu
  6
CONTINUOUS
100
AcDbLine
 10
6.5676585039370075
 20
-3.8637155511811021
 30
0
 11
6.5702583858267714
 21
-3.8652165748031497
 31
0
  0
LINE
  5
B94
330
1F
100
AcDbEntity
  8
B.Cu
  6
CONTINUOUS
100
AcDbLine
 10
6.5702583858267714
 20
-3.8652165748031497
 30
0
 11
6.5723812204724412
 21
-3.8673394094488187
 31
0
  0
LINE
  5
B95
330
1F
100
AcDbEntity
  8
B.Cu
  6
CONTINUOUS
100
AcDbLine
 10
6.5723812204724412
 20
-3.8673394094488187
 30
0
 11
6.573882244094488
 21
-3.8699392913385826
 31
0
  0
LINE
  5
B96
330
1F
100
AcDbEntity
  8
B.Cu
  6
CONTINUOUS
100
AcDbLine
 10
6.573882244094488
 20
-3.8699392913385826
 30
0
 11
6.5746592519685034
 21
-3.8728390944881887
 31
0
  0
LINE
  5
B97
330
1F
100
AcDbEntity
  8
B.Cu
  6
CONTINUOUS
100
AcDbLine
 10
6.5746592519685034
 20
-3.8728390944881887
 30
0
 11
6.5746592519685034
 21
-3.8758412204724411
 31
0
  0
LINE
  5
B98
330
1F
100
AcDbEntity
  8
B.Cu
  6
CONTINUOUS
100
AcDbLine
 10
6.5746592519685034
 20
-3.8758412204724411
 30
0
 11
6.573882244094488
 21
-3.8787410236220472
 31
0
  0
LINE
  5
B99
330
1F
100
AcDbEntity
  8
B.Cu
  6
CONTINUOUS
100
AcDbLine
 10
6.573882244094488
 20
-3.8787410236220472
 30
0
 11
6.5723812204724412
 21
-3.8813409055118111
 31
0
  0
LINE
  5
B9A
330
1F
100
AcDbEntity
  8
B.Cu
  6
CONTINUOUS
100
AcDbLine
 10
6.5723812204724412
 20
-3.8813409055118111
 30
0
 11
6.5702583858267714
 21
-3.8834637401574801
 31
0
  0
LINE
  5
B9B
330
1F
100
AcDbEntity
  8
B.Cu
  6
CONTINUOUS
100
AcDbLine
 10
6.5702583858267714
 20
-3.8834637401574801
 30
0
 11
6.5676585039370075
 21
-3.8849647637795273
 31
0
  0
LINE
  5
B9C
330
1F
100
AcDbEntity
  8
B.Cu
  6
CONTINUOUS
100
AcDbLine
 10
6.5676585039370075
 20
-3.8849647637795273
 30
0
 11
6.5647587007874018
 21
-3.8857417716535432
 31
0
  0
LINE
  5
B9D
330
1F
100
AcDbEntity
  8
B.Cu
  6
CONTINUOUS
100
AcDbLine
 10
6.5647587007874018
 20
-3.8857417716535432
 30
0
 11
6.5617565748031499
 21
-3.8857417716535432
 31
0
  0
LINE
  5
B9E
330
1F
100
AcDbEntity
  8
B.Cu
  6
CONTINUOUS
100
AcDbLine
 10
6.5617565748031499
 20
-3.8857417716535432
 30
0
 11
6.5588567716535433
 21
-3.8849647637795273
 31
0
  0
LINE
  5
B9F
330
1F
100
AcDbEntity
  8
B.Cu
  6
CONTINUOUS
100
AcDbLine
 10
6.5588567716535433
 20
-3.8849647637795273
 30
0
 11
6.5562568897637794
 21
-3.8834637401574801
 31
0
  0
LINE
  5
BA0
330
1F
100
AcDbEntity
  8
B.Cu
  6
CONTINUOUS
100
AcDbLine
 10
6.5562568897637794
 20
-3.8834637401574801
 30
0
 11
6.5541340551181104
 21
-3.8813409055118111
 31
0
  0
LINE
  5
BA1
330
1F
100
AcDbEntity
  8
B.Cu
  6
CONTINUOUS
100
AcDbLine
 10
6.5541340551181104
 20
-3.8813409055118111
 30
0
 11
6.5526330314960628
 21
-3.8787410236220472
 31
0
  0
LINE
  5
BA2
330
1F
100
AcDbEntity
  8
B.Cu
  6
CONTINUOUS
100
AcDbLine
 10
6.5526330314960628
 20
-3.8787410236220472
 30
0
 11
6.5518560236220473
 21
-3.8758412204724411
 31
0
  0
LINE
  5
BA3
330
1F
100
AcDbEntity
  8
B.Cu
  6
CONTINUOUS
100
AcDbLine
 10
6.5518560236220473
 20
-3.8758412204724411
 30
0
 11
6.5518560236220473
 21
-3.8728390944881887
 31
0
  0
LINE
  5
BA4
330
1F
100
AcDbEntity
  8
B.Cu
  6
CONTINUOUS
100
AcDbLine
 10
6.5518560236220473
 20
-3.8728390944881887
 30
0
 11
6.5526330314960628
 21
-3.8699392913385826
 31
0
  0
LINE
  5
BA5
330
1F
100
AcDbEntity
  8
B.Cu
  6
CONTINUOUS
100
AcDbLine
 10
6.5526330314960628
 20
-3.8699392913385826
 30
0
 11
6.5541340551181104
 21
-3.8673394094488187
 31
0
  0
LINE
  5
BA6
330
1F
100
AcDbEntity
  8
B.Cu
  6
CONTINUOUS
100
AcDbLine
 10
6.5541340551181104
 20
-3.8673394094488187
 30
0
 11
6.5562568897637794
 21
-3.8652165748031497
 31
0
  0
LINE
  5
BA7
330
1F
100
AcDbEntity
  8
B.Cu
  6
CONTINUOUS
100
AcDbLine
 10
6.5562568897637794
 20
-3.8652165748031497
 30
0
 11
6.5588567716535433
 21
-3.8637155511811021
 31
0
  0
LINE
  5
BA8
330
1F
100
AcDbEntity
  8
B.Cu
  6
CONTINUOUS
100
AcDbLine
 10
6.5588567716535433
 20
-3.8637155511811021
 30
0
 11
6.5617565748031499
 21
-3.8629385433070866
 31
0
  0
LINE
  5
BA9
330
1F
100
AcDbEntity
  8
B.Cu
  6
CONTINUOUS
100
AcDbLine
 10
6.5617565748031499
 20
-3.8629385433070866
 30
0
 11
6.5647587007874018
 21
-3.8629385433070866
 31
0
  0
LINE
  5
BAA
330
1F
100
AcDbEntity
  8
B.Cu
  6
CONTINUOUS
100
AcDbLine
 10
6.5647587007874018
 20
-3.8629385433070866
 30
0
 11
6.5676585039370075
 21
-3.8637155511811021
 31
0
  0
LINE
  5
BAB
330
1F
100
AcDbEntity
  8
B.Cu
  6
CONTINUOUS
100
AcDbLine
 10
6.536658464566929
 20
-3.8637155118110234
 30
0
 11
6.5392583464566929
 21
-3.865216535433071
 31
0
  0
LINE
  5
BAC
330
1F
100
AcDbEntity
  8
B.Cu
  6
CONTINUOUS
100
AcDbLine
 10
6.5392583464566929
 20
-3.865216535433071
 30
0
 11
6.5413811811023619
 21
-3.86733937007874
 31
0
  0
LINE
  5
BAD
330
1F
100
AcDbEntity
  8
B.Cu
  6
CONTINUOUS
100
AcDbLine
 10
6.5413811811023619
 20
-3.86733937007874
 30
0
 11
6.5428822047244095
 21
-3.8699392519685039
 31
0
  0
LINE
  5
BAE
330
1F
100
AcDbEntity
  8
B.Cu
  6
CONTINUOUS
100
AcDbLine
 10
6.5428822047244095
 20
-3.8699392519685039
 30
0
 11
6.543659212598425
 21
-3.87283905511811
 31
0
  0
LINE
  5
BAF
330
1F
100
AcDbEntity
  8
B.Cu
  6
CONTINUOUS
100
AcDbLine
 10
6.543659212598425
 20
-3.87283905511811
 30
0
 11
6.543659212598425
 21
-3.8758411811023623
 31
0
  0
LINE
  5
BB0
330
1F
100
AcDbEntity
  8
B.Cu
  6
CONTINUOUS
100
AcDbLine
 10
6.543659212598425
 20
-3.8758411811023623
 30
0
 11
6.5428822047244095
 21
-3.8787409842519684
 31
0
  0
LINE
  5
BB1
330
1F
100
AcDbEntity
  8
B.Cu
  6
CONTINUOUS
100
AcDbLine
 10
6.5428822047244095
 20
-3.8787409842519684
 30
0
 11
6.5413811811023619
 21
-3.8813408661417323
 31
0
  0
LINE
  5
BB2
330
1F
100
AcDbEntity
  8
B.Cu
  6
CONTINUOUS
100
AcDbLine
 10
6.5413811811023619
 20
-3.8813408661417323
 30
0
 11
6.5392583464566929
 21
-3.8834637007874013
 31
0
  0
LINE
  5
BB3
330
1F
100
AcDbEntity
  8
B.Cu
  6
CONTINUOUS
100
AcDbLine
 10
6.5392583464566929
 20
-3.8834637007874013
 30
0
 11
6.536658464566929
 21
-3.8849647244094485
 31
0
  0
LINE
  5
BB4
330
1F
100
AcDbEntity
  8
B.Cu
  6
CONTINUOUS
100
AcDbLine
 10
6.536658464566929
 20
-3.8849647244094485
 30
0
 11
6.5337586614173224
 21
-3.8857417322834644
 31
0
  0
LINE
  5
BB5
330
1F
100
AcDbEntity
  8
B.Cu
  6
CONTINUOUS
100
AcDbLine
 10
6.5337586614173224
 20
-3.8857417322834644
 30
0
 11
6.5307565354330706
 21
-3.8857417322834644
 31
0
  0
LINE
  5
BB6
330
1F
100
AcDbEntity
  8
B.Cu
  6
CONTINUOUS
100
AcDbLine
 10
6.5307565354330706
 20
-3.8857417322834644
 30
0
 11
6.5278567322834649
 21
-3.8849647244094485
 31
0
  0
LINE
  5
BB7
330
1F
100
AcDbEntity
  8
B.Cu
  6
CONTINUOUS
100
AcDbLine
 10
6.5278567322834649
 20
-3.8849647244094485
 30
0
 11
6.525256850393701
 21
-3.8834637007874013
 31
0
  0
LINE
  5
BB8
330
1F
100
AcDbEntity
  8
B.Cu
  6
CONTINUOUS
100
AcDbLine
 10
6.525256850393701
 20
-3.8834637007874013
 30
0
 11
6.5231340157480311
 21
-3.8813408661417323
 31
0
  0
LINE
  5
BB9
330
1F
100
AcDbEntity
  8
B.Cu
  6
CONTINUOUS
100
AcDbLine
 10
6.5231340157480311
 20
-3.8813408661417323
 30
0
 11
6.5216329921259844
 21
-3.8787409842519684
 31
0
  0
LINE
  5
BBA
330
1F
100
AcDbEntity
  8
B.Cu
  6
CONTINUOUS
100
AcDbLine
 10
6.5216329921259844
 20
-3.8787409842519684
 30
0
 11
6.520855984251968
 21
-3.8758411811023623
 31
0
  0
LINE
  5
BBB
330
1F
100
AcDbEntity
  8
B.Cu
  6
CONTINUOUS
100
AcDbLine
 10
6.520855984251968
 20
-3.8758411811023623
 30
0
 11
6.520855984251968
 21
-3.87283905511811
 31
0
  0
LINE
  5
BBC
330
1F
100
AcDbEntity
  8
B.Cu
  6
CONTINUOUS
100
AcDbLine
 10
6.520855984251968
 20
-3.87283905511811
 30
0
 11
6.5216329921259844
 21
-3.8699392519685039
 31
0
  0
LINE
  5
BBD
330
1F
100
AcDbEntity
  8
B.Cu
  6
CONTINUOUS
100
AcDbLine
 10
6.5216329921259844
 20
-3.8699392519685039
 30
0
 11
6.5231340157480311
 21
-3.86733937007874
 31
0
  0
LINE
  5
BBE
330
1F
100
AcDbEntity
  8
B.Cu
  6
CONTINUOUS
100
AcDbLine
 10
6.5231340157480311
 20
-3.86733937007874
 30
0
 11
6.525256850393701
 21
-3.865216535433071
 31
0
  0
LINE
  5
BBF
330
1F
100
AcDbEntity
  8
B.Cu
  6
CONTINUOUS
100
AcDbLine
 10
6.525256850393701
 20
-3.865216535433071
 30
0
 11
6.5278567322834649
 21
-3.8637155118110234
 31
0
  0
LINE
  5
BC0
330
1F
100
AcDbEntity
  8
B.Cu
  6
CONTINUOUS
100
AcDbLine
 10
6.5278567322834649
 20
-3.8637155118110234
 30
0
 11
6.5307565354330706
 21
-3.8629385039370079
 31
0
  0
LINE
  5
BC1
330
1F
100
AcDbEntity
  8
B.Cu
  6
CONTINUOUS
100
AcDbLine
 10
6.5307565354330706
 20
-3.8629385039370079
 30
0
 11
6.5337586614173224
 21
-3.8629385039370079
 31
0
  0
LINE
  5
BC2
330
1F
100
AcDbEntity
  8
B.Cu
  6
CONTINUOUS
100
AcDbLine
 10
6.5337586614173224
 20
-3.8629385039370079
 30
0
 11
6.536658464566929
 21
-3.8637155118110234
 31
0
  0
LINE
  5
BC3
330
1F
100
AcDbEntity
  8
B.Cu
  6
CONTINUOUS
100
AcDbLine
 10
6.5986584251968505
 20
-3.8637154724409446
 30
0
 11
6.6012583070866144
 21
-3.8652164960629922
 31
0
  0
LINE
  5
BC4
330
1F
100
AcDbEntity
  8
B.Cu
  6
CONTINUOUS
100
AcDbLine
 10
6.6012583070866144
 20
-3.8652164960629922
 30
0
 11
6.6033811417322834
 21
-3.8673393307086612
 31
0
  0
LINE
  5
BC5
330
1F
100
AcDbEntity
  8
B.Cu
  6
CONTINUOUS
100
AcDbLine
 10
6.6033811417322834
 20
-3.8673393307086612
 30
0
 11
6.6048821653543301
 21
-3.8699392125984251
 31
0
  0
LINE
  5
BC6
330
1F
100
AcDbEntity
  8
B.Cu
  6
CONTINUOUS
100
AcDbLine
 10
6.6048821653543301
 20
-3.8699392125984251
 30
0
 11
6.6056591732283465
 21
-3.8728390157480312
 31
0
  0
LINE
  5
BC7
330
1F
100
AcDbEntity
  8
B.Cu
  6
CONTINUOUS
100
AcDbLine
 10
6.6056591732283465
 20
-3.8728390157480312
 30
0
 11
6.6056591732283465
 21
-3.8758411417322836
 31
0
  0
LINE
  5
BC8
330
1F
100
AcDbEntity
  8
B.Cu
  6
CONTINUOUS
100
AcDbLine
 10
6.6056591732283465
 20
-3.8758411417322836
 30
0
 11
6.6048821653543301
 21
-3.8787409448818897
 31
0
  0
LINE
  5
BC9
330
1F
100
AcDbEntity
  8
B.Cu
  6
CONTINUOUS
100
AcDbLine
 10
6.6048821653543301
 20
-3.8787409448818897
 30
0
 11
6.6033811417322834
 21
-3.8813408267716536
 31
0
  0
LINE
  5
BCA
330
1F
100
AcDbEntity
  8
B.Cu
  6
CONTINUOUS
100
AcDbLine
 10
6.6033811417322834
 20
-3.8813408267716536
 30
0
 11
6.6012583070866144
 21
-3.8834636614173226
 31
0
  0
LINE
  5
BCB
330
1F
100
AcDbEntity
  8
B.Cu
  6
CONTINUOUS
100
AcDbLine
 10
6.6012583070866144
 20
-3.8834636614173226
 30
0
 11
6.5986584251968505
 21
-3.8849646850393702
 31
0
  0
LINE
  5
BCC
330
1F
100
AcDbEntity
  8
B.Cu
  6
CONTINUOUS
100
AcDbLine
 10
6.5986584251968505
 20
-3.8849646850393702
 30
0
 11
6.5957586220472439
 21
-3.8857416929133857
 31
0
  0
LINE
  5
BCD
330
1F
100
AcDbEntity
  8
B.Cu
  6
CONTINUOUS
100
AcDbLine
 10
6.5957586220472439
 20
-3.8857416929133857
 30
0
 11
6.5927564960629921
 21
-3.8857416929133857
 31
0
  0
LINE
  5
BCE
330
1F
100
AcDbEntity
  8
B.Cu
  6
CONTINUOUS
100
AcDbLine
 10
6.5927564960629921
 20
-3.8857416929133857
 30
0
 11
6.5898566929133855
 21
-3.8849646850393702
 31
0
  0
LINE
  5
BCF
330
1F
100
AcDbEntity
  8
B.Cu
  6
CONTINUOUS
100
AcDbLine
 10
6.5898566929133855
 20
-3.8849646850393702
 30
0
 11
6.5872568110236216
 21
-3.8834636614173226
 31
0
  0
LINE
  5
BD0
330
1F
100
AcDbEntity
  8
B.Cu
  6
CONTINUOUS
100
AcDbLine
 10
6.5872568110236216
 20
-3.8834636614173226
 30
0
 11
6.5851339763779526
 21
-3.8813408267716536
 31
0
  0
LINE
  5
BD1
330
1F
100
AcDbEntity
  8
B.Cu
  6
CONTINUOUS
100
AcDbLine
 10
6.5851339763779526
 20
-3.8813408267716536
 30
0
 11
6.583632952755905
 21
-3.8787409448818897
 31
0
  0
LINE
  5
BD2
330
1F
100
AcDbEntity
  8
B.Cu
  6
CONTINUOUS
100
AcDbLine
 10
6.583632952755905
 20
-3.8787409448818897
 30
0
 11
6.5828559448818895
 21
-3.8758411417322836
 31
0
  0
LINE
  5
BD3
330
1F
100
AcDbEntity
  8
B.Cu
  6
CONTINUOUS
100
AcDbLine
 10
6.5828559448818895
 20
-3.8758411417322836
 30
0
 11
6.5828559448818895
 21
-3.8728390157480312
 31
0
  0
LINE
  5
BD4
330
1F
100
AcDbEntity
  8
B.Cu
  6
CONTINUOUS
100
AcDbLine
 10
6.5828559448818895
 20
-3.8728390157480312
 30
0
 11
6.583632952755905
 21
-3.8699392125984251
 31
0
  0
LINE
  5
BD5
330
1F
100
AcDbEntity
  8
B.Cu
  6
CONTINUOUS
100
AcDbLine
 10
6.583632952755905
 20
-3.8699392125984251
 30
0
 11
6.5851339763779526
 21
-3.8673393307086612
 31
0
  0
LINE
  5
BD6
330
1F
100
AcDbEntity
  8
B.Cu
  6
CONTINUOUS
100
AcDbLine
 10
6.5851339763779526
 20
-3.8673393307086612
 30
0
 11
6.5872568110236216
 21
-3.8652164960629922
 31
0
  0
LINE
  5
BD7
330
1F
100
AcDbEntity
  8
B.Cu
  6
CONTINUOUS
100
AcDbLine
 10
6.5872568110236216
 20
-3.8652164960629922
 30
0
 11
6.5898566929133855
 21
-3.8637154724409446
 31
0
  0
LINE
  5
BD8
330
1F
100
AcDbEntity
  8
B.Cu
  6
CONTINUOUS
100
AcDbLine
 10
6.5898566929133855
 20
-3.8637154724409446
 30
0
 11
6.5927564960629921
 21
-3.8629384645669291
 31
0
  0
LINE
  5
BD9
330
1F
100
AcDbEntity
  8
B.Cu
  6
CONTINUOUS
100
AcDbLine
 10
6.5927564960629921
 20
-3.8629384645669291
 30
0
 11
6.5957586220472439
 21
-3.8629384645669291
 31
0
  0
LINE
  5
BDA
330
1F
100
AcDbEntity
  8
B.Cu
  6
CONTINUOUS
100
AcDbLine
 10
6.5957586220472439
 20
-3.8629384645669291
 30
0
 11
6.5986584251968505
 21
-3.8637154724409446
 31
0
  0
LINE
  5
BDB
330
1F
100
AcDbEntity
  8
B.Cu
  6
CONTINUOUS
100
AcDbLine
 10
5.9640861023622049
 20
-3.8630564960629918
 30
0
 11
5.9666859842519679
 21
-3.8645575196850395
 31
0
  0
LINE
  5
BDC
330
1F
100
AcDbEntity
  8
B.Cu
  6
CONTINUOUS
100
AcDbLine
 10
5.9666859842519679
 20
-3.8645575196850395
 30
0
 11
5.9688088188976378
 21
-3.8666803543307084
 31
0
  0
LINE
  5
BDD
330
1F
100
AcDbEntity
  8
B.Cu
  6
CONTINUOUS
100
AcDbLine
 10
5.9688088188976378
 20
-3.8666803543307084
 30
0
 11
5.9703098425196846
 21
-3.8692802362204723
 31
0
  0
LINE
  5
BDE
330
1F
100
AcDbEntity
  8
B.Cu
  6
CONTINUOUS
100
AcDbLine
 10
5.9703098425196846
 20
-3.8692802362204723
 30
0
 11
5.9710868503937009
 21
-3.8721800393700785
 31
0
  0
LINE
  5
BDF
330
1F
100
AcDbEntity
  8
B.Cu
  6
CONTINUOUS
100
AcDbLine
 10
5.9710868503937009
 20
-3.8721800393700785
 30
0
 11
5.9710868503937009
 21
-3.8751821653543308
 31
0
  0
LINE
  5
BE0
330
1F
100
AcDbEntity
  8
B.Cu
  6
CONTINUOUS
100
AcDbLine
 10
5.9710868503937009
 20
-3.8751821653543308
 30
0
 11
5.9703098425196846
 21
-3.8780819685039369
 31
0
  0
LINE
  5
BE1
330
1F
100
AcDbEntity
  8
B.Cu
  6
CONTINUOUS
100
AcDbLine
 10
5.9703098425196846
 20
-3.8780819685039369
 30
0
 11
5.9688088188976378
 21
-3.8806818503937008
 31
0
  0
LINE
  5
BE2
330
1F
100
AcDbEntity
  8
B.Cu
  6
CONTINUOUS
100
AcDbLine
 10
5.9688088188976378
 20
-3.8806818503937008
 30
0
 11
5.9666859842519679
 21
-3.8828046850393698
 31
0
  0
LINE
  5
BE3
330
1F
100
AcDbEntity
  8
B.Cu
  6
CONTINUOUS
100
AcDbLine
 10
5.9666859842519679
 20
-3.8828046850393698
 30
0
 11
5.9640861023622049
 21
-3.8843057086614174
 31
0
  0
LINE
  5
BE4
330
1F
100
AcDbEntity
  8
B.Cu
  6
CONTINUOUS
100
AcDbLine
 10
5.9640861023622049
 20
-3.8843057086614174
 30
0
 11
5.9611862992125983
 21
-3.8850827165354329
 31
0
  0
LINE
  5
BE5
330
1F
100
AcDbEntity
  8
B.Cu
  6
CONTINUOUS
100
AcDbLine
 10
5.9611862992125983
 20
-3.8850827165354329
 30
0
 11
5.9581841732283465
 21
-3.8850827165354329
 31
0
  0
LINE
  5
BE6
330
1F
100
AcDbEntity
  8
B.Cu
  6
CONTINUOUS
100
AcDbLine
 10
5.9581841732283465
 20
-3.8850827165354329
 30
0
 11
5.9552843700787399
 21
-3.8843057086614174
 31
0
  0
LINE
  5
BE7
330
1F
100
AcDbEntity
  8
B.Cu
  6
CONTINUOUS
100
AcDbLine
 10
5.9552843700787399
 20
-3.8843057086614174
 30
0
 11
5.952684488188976
 21
-3.8828046850393698
 31
0
  0
LINE
  5
BE8
330
1F
100
AcDbEntity
  8
B.Cu
  6
CONTINUOUS
100
AcDbLine
 10
5.952684488188976
 20
-3.8828046850393698
 30
0
 11
5.950561653543307
 21
-3.8806818503937008
 31
0
  0
LINE
  5
BE9
330
1F
100
AcDbEntity
  8
B.Cu
  6
CONTINUOUS
100
AcDbLine
 10
5.950561653543307
 20
-3.8806818503937008
 30
0
 11
5.9490606299212594
 21
-3.8780819685039369
 31
0
  0
LINE
  5
BEA
330
1F
100
AcDbEntity
  8
B.Cu
  6
CONTINUOUS
100
AcDbLine
 10
5.9490606299212594
 20
-3.8780819685039369
 30
0
 11
5.9482836220472439
 21
-3.8751821653543308
 31
0
  0
LINE
  5
BEB
330
1F
100
AcDbEntity
  8
B.Cu
  6
CONTINUOUS
100
AcDbLine
 10
5.9482836220472439
 20
-3.8751821653543308
 30
0
 11
5.9482836220472439
 21
-3.8721800393700785
 31
0
  0
LINE
  5
BEC
330
1F
100
AcDbEntity
  8
B.Cu
  6
CONTINUOUS
100
AcDbLine
 10
5.9482836220472439
 20
-3.8721800393700785
 30
0
 11
5.9490606299212594
 21
-3.8692802362204723
 31
0
  0
LINE
  5
BED
330
1F
100
AcDbEntity
  8
B.Cu
  6
CONTINUOUS
100
AcDbLine
 10
5.9490606299212594
 20
-3.8692802362204723
 30
0
 11
5.950561653543307
 21
-3.8666803543307084
 31
0
  0
LINE
  5
BEE
330
1F
100
AcDbEntity
  8
B.Cu
  6
CONTINUOUS
100
AcDbLine
 10
5.950561653543307
 20
-3.8666803543307084
 30
0
 11
5.952684488188976
 21
-3.8645575196850395
 31
0
  0
LINE
  5
BEF
330
1F
100
AcDbEntity
  8
B.Cu
  6
CONTINUOUS
100
AcDbLine
 10
5.952684488188976
 20
-3.8645575196850395
 30
0
 11
5.9552843700787399
 21
-3.8630564960629918
 31
0
  0
LINE
  5
BF0
330
1F
100
AcDbEntity
  8
B.Cu
  6
CONTINUOUS
100
AcDbLine
 10
5.9552843700787399
 20
-3.8630564960629918
 30
0
 11
5.9581841732283465
 21
-3.8622794881889764
 31
0
  0
LINE
  5
BF1
330
1F
100
AcDbEntity
  8
B.Cu
  6
CONTINUOUS
100
AcDbLine
 10
5.9581841732283465
 20
-3.8622794881889764
 30
0
 11
5.9611862992125983
 21
-3.8622794881889764
 31
0
  0
LINE
  5
BF2
330
1F
100
AcDbEntity
  8
B.Cu
  6
CONTINUOUS
100
AcDbLine
 10
5.9611862992125983
 20
-3.8622794881889764
 30
0
 11
5.9640861023622049
 21
-3.8630564960629918
 31
0
  0
LINE
  5
BF3
330
1F
100
AcDbEntity
  8
B.Cu
  6
CONTINUOUS
100
AcDbLine
 10
6.0140861023622048
 20
-3.8630564960629918
 30
0
 11
6.0166859842519687
 21
-3.8645575196850395
 31
0
  0
LINE
  5
BF4
330
1F
100
AcDbEntity
  8
B.Cu
  6
CONTINUOUS
100
AcDbLine
 10
6.0166859842519687
 20
-3.8645575196850395
 30
0
 11
6.0188088188976376
 21
-3.8666803543307084
 31
0
  0
LINE
  5
BF5
330
1F
100
AcDbEntity
  8
B.Cu
  6
CONTINUOUS
100
AcDbLine
 10
6.0188088188976376
 20
-3.8666803543307084
 30
0
 11
6.0203098425196853
 21
-3.8692802362204723
 31
0
  0
LINE
  5
BF6
330
1F
100
AcDbEntity
  8
B.Cu
  6
CONTINUOUS
100
AcDbLine
 10
6.0203098425196853
 20
-3.8692802362204723
 30
0
 11
6.0210868503937007
 21
-3.8721800393700785
 31
0
  0
LINE
  5
BF7
330
1F
100
AcDbEntity
  8
B.Cu
  6
CONTINUOUS
100
AcDbLine
 10
6.0210868503937007
 20
-3.8721800393700785
 30
0
 11
6.0210868503937007
 21
-3.8751821653543308
 31
0
  0
LINE
  5
BF8
330
1F
100
AcDbEntity
  8
B.Cu
  6
CONTINUOUS
100
AcDbLine
 10
6.0210868503937007
 20
-3.8751821653543308
 30
0
 11
6.0203098425196853
 21
-3.8780819685039369
 31
0
  0
LINE
  5
BF9
330
1F
100
AcDbEntity
  8
B.Cu
  6
CONTINUOUS
100
AcDbLine
 10
6.0203098425196853
 20
-3.8780819685039369
 30
0
 11
6.0188088188976376
 21
-3.8806818503937008
 31
0
  0
LINE
  5
BFA
330
1F
100
AcDbEntity
  8
B.Cu
  6
CONTINUOUS
100
AcDbLine
 10
6.0188088188976376
 20
-3.8806818503937008
 30
0
 11
6.0166859842519687
 21
-3.8828046850393698
 31
0
  0
LINE
  5
BFB
330
1F
100
AcDbEntity
  8
B.Cu
  6
CONTINUOUS
100
AcDbLine
 10
6.0166859842519687
 20
-3.8828046850393698
 30
0
 11
6.0140861023622048
 21
-3.8843057086614174
 31
0
  0
LINE
  5
BFC
330
1F
100
AcDbEntity
  8
B.Cu
  6
CONTINUOUS
100
AcDbLine
 10
6.0140861023622048
 20
-3.8843057086614174
 30
0
 11
6.0111862992125982
 21
-3.8850827165354329
 31
0
  0
LINE
  5
BFD
330
1F
100
AcDbEntity
  8
B.Cu
  6
CONTINUOUS
100
AcDbLine
 10
6.0111862992125982
 20
-3.8850827165354329
 30
0
 11
6.0081841732283463
 21
-3.8850827165354329
 31
0
  0
LINE
  5
BFE
330
1F
100
AcDbEntity
  8
B.Cu
  6
CONTINUOUS
100
AcDbLine
 10
6.0081841732283463
 20
-3.8850827165354329
 30
0
 11
6.0052843700787397
 21
-3.8843057086614174
 31
0
  0
LINE
  5
BFF
330
1F
100
AcDbEntity
  8
B.Cu
  6
CONTINUOUS
100
AcDbLine
 10
6.0052843700787397
 20
-3.8843057086614174
 30
0
 11
6.0026844881889758
 21
-3.8828046850393698
 31
0
  0
LINE
  5
C00
330
1F
100
AcDbEntity
  8
B.Cu
  6
CONTINUOUS
100
AcDbLine
 10
6.0026844881889758
 20
-3.8828046850393698
 30
0
 11
6.0005616535433068
 21
-3.8806818503937008
 31
0
  0
LINE
  5
C01
330
1F
100
AcDbEntity
  8
B.Cu
  6
CONTINUOUS
100
AcDbLine
 10
6.0005616535433068
 20
-3.8806818503937008
 30
0
 11
5.9990606299212601
 21
-3.8780819685039369
 31
0
  0
LINE
  5
C02
330
1F
100
AcDbEntity
  8
B.Cu
  6
CONTINUOUS
100
AcDbLine
 10
5.9990606299212601
 20
-3.8780819685039369
 30
0
 11
5.9982836220472437
 21
-3.8751821653543308
 31
0
  0
LINE
  5
C03
330
1F
100
AcDbEntity
  8
B.Cu
  6
CONTINUOUS
100
AcDbLine
 10
5.9982836220472437
 20
-3.8751821653543308
 30
0
 11
5.9982836220472437
 21
-3.8721800393700785
 31
0
  0
LINE
  5
C04
330
1F
100
AcDbEntity
  8
B.Cu
  6
CONTINUOUS
100
AcDbLine
 10
5.9982836220472437
 20
-3.8721800393700785
 30
0
 11
5.9990606299212601
 21
-3.8692802362204723
 31
0
  0
LINE
  5
C05
330
1F
100
AcDbEntity
  8
B.Cu
  6
CONTINUOUS
100
AcDbLine
 10
5.9990606299212601
 20
-3.8692802362204723
 30
0
 11
6.0005616535433068
 21
-3.8666803543307084
 31
0
  0
LINE
  5
C06
330
1F
100
AcDbEntity
  8
B.Cu
  6
CONTINUOUS
100
AcDbLine
 10
6.0005616535433068
 20
-3.8666803543307084
 30
0
 11
6.0026844881889758
 21
-3.8645575196850395
 31
0
  0
LINE
  5
C07
330
1F
100
AcDbEntity
  8
B.Cu
  6
CONTINUOUS
100
AcDbLine
 10
6.0026844881889758
 20
-3.8645575196850395
 30
0
 11
6.0052843700787397
 21
-3.8630564960629918
 31
0
  0
LINE
  5
C08
330
1F
100
AcDbEntity
  8
B.Cu
  6
CONTINUOUS
100
AcDbLine
 10
6.0052843700787397
 20
-3.8630564960629918
 30
0
 11
6.0081841732283463
 21
-3.8622794881889764
 31
0
  0
LINE
  5
C09
330
1F
100
AcDbEntity
  8
B.Cu
  6
CONTINUOUS
100
AcDbLine
 10
6.0081841732283463
 20
-3.8622794881889764
 30
0
 11
6.0111862992125982
 21
-3.8622794881889764
 31
0
  0
LINE
  5
C0A
330
1F
100
AcDbEntity
  8
B.Cu
  6
CONTINUOUS
100
AcDbLine
 10
6.0111862992125982
 20
-3.8622794881889764
 30
0
 11
6.0140861023622048
 21
-3.8630564960629918
 31
0
  0
LINE
  5
C0B
330
1F
100
AcDbEntity
  8
B.Cu
  6
CONTINUOUS
100
AcDbLine
 10
6.0640860629921258
 20
-3.8630564960629918
 30
0
 11
6.0666859448818897
 21
-3.8645575196850395
 31
0
  0
LINE
  5
C0C
330
1F
100
AcDbEntity
  8
B.Cu
  6
CONTINUOUS
100
AcDbLine
 10
6.0666859448818897
 20
-3.8645575196850395
 30
0
 11
6.0688087795275587
 21
-3.8666803543307084
 31
0
  0
LINE
  5
C0D
330
1F
100
AcDbEntity
  8
B.Cu
  6
CONTINUOUS
100
AcDbLine
 10
6.0688087795275587
 20
-3.8666803543307084
 30
0
 11
6.0703098031496063
 21
-3.8692802362204723
 31
0
  0
LINE
  5
C0E
330
1F
100
AcDbEntity
  8
B.Cu
  6
CONTINUOUS
100
AcDbLine
 10
6.0703098031496063
 20
-3.8692802362204723
 30
0
 11
6.0710868110236218
 21
-3.8721800393700785
 31
0
  0
LINE
  5
C0F
330
1F
100
AcDbEntity
  8
B.Cu
  6
CONTINUOUS
100
AcDbLine
 10
6.0710868110236218
 20
-3.8721800393700785
 30
0
 11
6.0710868110236218
 21
-3.8751821653543308
 31
0
  0
LINE
  5
C10
330
1F
100
AcDbEntity
  8
B.Cu
  6
CONTINUOUS
100
AcDbLine
 10
6.0710868110236218
 20
-3.8751821653543308
 30
0
 11
6.0703098031496063
 21
-3.8780819685039369
 31
0
  0
LINE
  5
C11
330
1F
100
AcDbEntity
  8
B.Cu
  6
CONTINUOUS
100
AcDbLine
 10
6.0703098031496063
 20
-3.8780819685039369
 30
0
 11
6.0688087795275587
 21
-3.8806818503937008
 31
0
  0
LINE
  5
C12
330
1F
100
AcDbEntity
  8
B.Cu
  6
CONTINUOUS
100
AcDbLine
 10
6.0688087795275587
 20
-3.8806818503937008
 30
0
 11
6.0666859448818897
 21
-3.8828046850393698
 31
0
  0
LINE
  5
C13
330
1F
100
AcDbEntity
  8
B.Cu
  6
CONTINUOUS
100
AcDbLine
 10
6.0666859448818897
 20
-3.8828046850393698
 30
0
 11
6.0640860629921258
 21
-3.8843057086614174
 31
0
  0
LINE
  5
C14
330
1F
100
AcDbEntity
  8
B.Cu
  6
CONTINUOUS
100
AcDbLine
 10
6.0640860629921258
 20
-3.8843057086614174
 30
0
 11
6.0611862598425192
 21
-3.8850827165354329
 31
0
  0
LINE
  5
C15
330
1F
100
AcDbEntity
  8
B.Cu
  6
CONTINUOUS
100
AcDbLine
 10
6.0611862598425192
 20
-3.8850827165354329
 30
0
 11
6.0581841338582674
 21
-3.8850827165354329
 31
0
  0
LINE
  5
C16
330
1F
100
AcDbEntity
  8
B.Cu
  6
CONTINUOUS
100
AcDbLine
 10
6.0581841338582674
 20
-3.8850827165354329
 30
0
 11
6.0552843307086617
 21
-3.8843057086614174
 31
0
  0
LINE
  5
C17
330
1F
100
AcDbEntity
  8
B.Cu
  6
CONTINUOUS
100
AcDbLine
 10
6.0552843307086617
 20
-3.8843057086614174
 30
0
 11
6.0526844488188978
 21
-3.8828046850393698
 31
0
  0
LINE
  5
C18
330
1F
100
AcDbEntity
  8
B.Cu
  6
CONTINUOUS
100
AcDbLine
 10
6.0526844488188978
 20
-3.8828046850393698
 30
0
 11
6.0505616141732279
 21
-3.8806818503937008
 31
0
  0
LINE
  5
C19
330
1F
100
AcDbEntity
  8
B.Cu
  6
CONTINUOUS
100
AcDbLine
 10
6.0505616141732279
 20
-3.8806818503937008
 30
0
 11
6.0490605905511812
 21
-3.8780819685039369
 31
0
  0
LINE
  5
C1A
330
1F
100
AcDbEntity
  8
B.Cu
  6
CONTINUOUS
100
AcDbLine
 10
6.0490605905511812
 20
-3.8780819685039369
 30
0
 11
6.0482835826771648
 21
-3.8751821653543308
 31
0
  0
LINE
  5
C1B
330
1F
100
AcDbEntity
  8
B.Cu
  6
CONTINUOUS
100
AcDbLine
 10
6.0482835826771648
 20
-3.8751821653543308
 30
0
 11
6.0482835826771648
 21
-3.8721800393700785
 31
0
  0
LINE
  5
C1C
330
1F
100
AcDbEntity
  8
B.Cu
  6
CONTINUOUS
100
AcDbLine
 10
6.0482835826771648
 20
-3.8721800393700785
 30
0
 11
6.0490605905511812
 21
-3.8692802362204723
 31
0
  0
LINE
  5
C1D
330
1F
100
AcDbEntity
  8
B.Cu
  6
CONTINUOUS
100
AcDbLine
 10
6.0490605905511812
 20
-3.8692802362204723
 30
0
 11
6.0505616141732279
 21
-3.8666803543307084
 31
0
  0
LINE
  5
C1E
330
1F
100
AcDbEntity
  8
B.Cu
  6
CONTINUOUS
100
AcDbLine
 10
6.0505616141732279
 20
-3.8666803543307084
 30
0
 11
6.0526844488188978
 21
-3.8645575196850395
 31
0
  0
LINE
  5
C1F
330
1F
100
AcDbEntity
  8
B.Cu
  6
CONTINUOUS
100
AcDbLine
 10
6.0526844488188978
 20
-3.8645575196850395
 30
0
 11
6.0552843307086617
 21
-3.8630564960629918
 31
0
  0
LINE
  5
C20
330
1F
100
AcDbEntity
  8
B.Cu
  6
CONTINUOUS
100
AcDbLine
 10
6.0552843307086617
 20
-3.8630564960629918
 30
0
 11
6.0581841338582674
 21
-3.8622794881889764
 31
0
  0
LINE
  5
C21
330
1F
100
AcDbEntity
  8
B.Cu
  6
CONTINUOUS
100
AcDbLine
 10
6.0581841338582674
 20
-3.8622794881889764
 30
0
 11
6.0611862598425192
 21
-3.8622794881889764
 31
0
  0
LINE
  5
C22
330
1F
100
AcDbEntity
  8
B.Cu
  6
CONTINUOUS
100
AcDbLine
 10
6.0611862598425192
 20
-3.8622794881889764
 30
0
 11
6.0640860629921258
 21
-3.8630564960629918
 31
0
  0
LINE
  5
C23
330
1F
100
AcDbEntity
  8
B.Cu
  6
CONTINUOUS
100
AcDbLine
 10
5.9173144488188978
 20
-3.8551824803149604
 30
0
 11
5.9199143307086617
 21
-3.856683503937008
 31
0
  0
LINE
  5
C24
330
1F
100
AcDbEntity
  8
B.Cu
  6
CONTINUOUS
100
AcDbLine
 10
5.9199143307086617
 20
-3.856683503937008
 30
0
 11
5.9220371653543307
 21
-3.858806338582677
 31
0
  0
LINE
  5
C25
330
1F
100
AcDbEntity
  8
B.Cu
  6
CONTINUOUS
100
AcDbLine
 10
5.9220371653543307
 20
-3.858806338582677
 30
0
 11
5.9235381889763774
 21
-3.8614062204724409
 31
0
  0
LINE
  5
C26
330
1F
100
AcDbEntity
  8
B.Cu
  6
CONTINUOUS
100
AcDbLine
 10
5.9235381889763774
 20
-3.8614062204724409
 30
0
 11
5.9243151968503938
 21
-3.864306023622047
 31
0
  0
LINE
  5
C27
330
1F
100
AcDbEntity
  8
B.Cu
  6
CONTINUOUS
100
AcDbLine
 10
5.9243151968503938
 20
-3.864306023622047
 30
0
 11
5.9243151968503938
 21
-3.8673081496062993
 31
0
  0
LINE
  5
C28
330
1F
100
AcDbEntity
  8
B.Cu
  6
CONTINUOUS
100
AcDbLine
 10
5.9243151968503938
 20
-3.8673081496062993
 30
0
 11
5.9235381889763774
 21
-3.8702079527559055
 31
0
  0
LINE
  5
C29
330
1F
100
AcDbEntity
  8
B.Cu
  6
CONTINUOUS
100
AcDbLine
 10
5.9235381889763774
 20
-3.8702079527559055
 30
0
 11
5.9220371653543307
 21
-3.8728078346456694
 31
0
  0
LINE
  5
C2A
330
1F
100
AcDbEntity
  8
B.Cu
  6
CONTINUOUS
100
AcDbLine
 10
5.9220371653543307
 20
-3.8728078346456694
 30
0
 11
5.9199143307086617
 21
-3.8749306692913383
 31
0
  0
LINE
  5
C2B
330
1F
100
AcDbEntity
  8
B.Cu
  6
CONTINUOUS
100
AcDbLine
 10
5.9199143307086617
 20
-3.8749306692913383
 30
0
 11
5.9173144488188978
 21
-3.8764316929133855
 31
0
  0
LINE
  5
C2C
330
1F
100
AcDbEntity
  8
B.Cu
  6
CONTINUOUS
100
AcDbLine
 10
5.9173144488188978
 20
-3.8764316929133855
 30
0
 11
5.9144146456692912
 21
-3.8772087007874014
 31
0
  0
LINE
  5
C2D
330
1F
100
AcDbEntity
  8
B.Cu
  6
CONTINUOUS
100
AcDbLine
 10
5.9144146456692912
 20
-3.8772087007874014
 30
0
 11
5.9114125196850393
 21
-3.8772087007874014
 31
0
  0
LINE
  5
C2E
330
1F
100
AcDbEntity
  8
B.Cu
  6
CONTINUOUS
100
AcDbLine
 10
5.9114125196850393
 20
-3.8772087007874014
 30
0
 11
5.9085127165354328
 21
-3.8764316929133855
 31
0
  0
LINE
  5
C2F
330
1F
100
AcDbEntity
  8
B.Cu
  6
CONTINUOUS
100
AcDbLine
 10
5.9085127165354328
 20
-3.8764316929133855
 30
0
 11
5.9059128346456689
 21
-3.8749306692913383
 31
0
  0
LINE
  5
C30
330
1F
100
AcDbEntity
  8
B.Cu
  6
CONTINUOUS
100
AcDbLine
 10
5.9059128346456689
 20
-3.8749306692913383
 30
0
 11
5.9037899999999999
 21
-3.8728078346456694
 31
0
  0
LINE
  5
C31
330
1F
100
AcDbEntity
  8
B.Cu
  6
CONTINUOUS
100
AcDbLine
 10
5.9037899999999999
 20
-3.8728078346456694
 30
0
 11
5.9022889763779522
 21
-3.8702079527559055
 31
0
  0
LINE
  5
C32
330
1F
100
AcDbEntity
  8
B.Cu
  6
CONTINUOUS
100
AcDbLine
 10
5.9022889763779522
 20
-3.8702079527559055
 30
0
 11
5.9015119685039368
 21
-3.8673081496062993
 31
0
  0
LINE
  5
C33
330
1F
100
AcDbEntity
  8
B.Cu
  6
CONTINUOUS
100
AcDbLine
 10
5.9015119685039368
 20
-3.8673081496062993
 30
0
 11
5.9015119685039368
 21
-3.864306023622047
 31
0
  0
LINE
  5
C34
330
1F
100
AcDbEntity
  8
B.Cu
  6
CONTINUOUS
100
AcDbLine
 10
5.9015119685039368
 20
-3.864306023622047
 30
0
 11
5.9022889763779522
 21
-3.8614062204724409
 31
0
  0
LINE
  5
C35
330
1F
100
AcDbEntity
  8
B.Cu
  6
CONTINUOUS
100
AcDbLine
 10
5.9022889763779522
 20
-3.8614062204724409
 30
0
 11
5.9037899999999999
 21
-3.858806338582677
 31
0
  0
LINE
  5
C36
330
1F
100
AcDbEntity
  8
B.Cu
  6
CONTINUOUS
100
AcDbLine
 10
5.9037899999999999
 20
-3.858806338582677
 30
0
 11
5.9059128346456689
 21
-3.856683503937008
 31
0
  0
LINE
  5
C37
330
1F
100
AcDbEntity
  8
B.Cu
  6
CONTINUOUS
100
AcDbLine
 10
5.9059128346456689
 20
-3.856683503937008
 30
0
 11
5.9085127165354328
 21
-3.8551824803149604
 31
0
  0
LINE
  5
C38
330
1F
100
AcDbEntity
  8
B.Cu
  6
CONTINUOUS
100
AcDbLine
 10
5.9085127165354328
 20
-3.8551824803149604
 30
0
 11
5.9114125196850393
 21
-3.8544054724409449
 31
0
  0
LINE
  5
C39
330
1F
100
AcDbEntity
  8
B.Cu
  6
CONTINUOUS
100
AcDbLine
 10
5.9114125196850393
 20
-3.8544054724409449
 30
0
 11
5.9144146456692912
 21
-3.8544054724409449
 31
0
  0
LINE
  5
C3A
330
1F
100
AcDbEntity
  8
B.Cu
  6
CONTINUOUS
100
AcDbLine
 10
5.9144146456692912
 20
-3.8544054724409449
 30
0
 11
5.9173144488188978
 21
-3.8551824803149604
 31
0
  0
LINE
  5
C3B
330
1F
100
AcDbEntity
  8
B.Cu
  6
CONTINUOUS
100
AcDbLine
 10
6.1062907874015746
 20
-3.8551824803149604
 30
0
 11
6.1088906692913385
 21
-3.856683503937008
 31
0
  0
LINE
  5
C3C
330
1F
100
AcDbEntity
  8
B.Cu
  6
CONTINUOUS
100
AcDbLine
 10
6.1088906692913385
 20
-3.856683503937008
 30
0
 11
6.1110135039370075
 21
-3.858806338582677
 31
0
  0
LINE
  5
C3D
330
1F
100
AcDbEntity
  8
B.Cu
  6
CONTINUOUS
100
AcDbLine
 10
6.1110135039370075
 20
-3.858806338582677
 30
0
 11
6.1125145275590551
 21
-3.8614062204724409
 31
0
  0
LINE
  5
C3E
330
1F
100
AcDbEntity
  8
B.Cu
  6
CONTINUOUS
100
AcDbLine
 10
6.1125145275590551
 20
-3.8614062204724409
 30
0
 11
6.1132915354330706
 21
-3.864306023622047
 31
0
  0
LINE
  5
C3F
330
1F
100
AcDbEntity
  8
B.Cu
  6
CONTINUOUS
100
AcDbLine
 10
6.1132915354330706
 20
-3.864306023622047
 30
0
 11
6.1132915354330706
 21
-3.8673081496062993
 31
0
  0
LINE
  5
C40
330
1F
100
AcDbEntity
  8
B.Cu
  6
CONTINUOUS
100
AcDbLine
 10
6.1132915354330706
 20
-3.8673081496062993
 30
0
 11
6.1125145275590551
 21
-3.8702079527559055
 31
0
  0
LINE
  5
C41
330
1F
100
AcDbEntity
  8
B.Cu
  6
CONTINUOUS
100
AcDbLine
 10
6.1125145275590551
 20
-3.8702079527559055
 30
0
 11
6.1110135039370075
 21
-3.8728078346456694
 31
0
  0
LINE
  5
C42
330
1F
100
AcDbEntity
  8
B.Cu
  6
CONTINUOUS
100
AcDbLine
 10
6.1110135039370075
 20
-3.8728078346456694
 30
0
 11
6.1088906692913385
 21
-3.8749306692913383
 31
0
  0
LINE
  5
C43
330
1F
100
AcDbEntity
  8
B.Cu
  6
CONTINUOUS
100
AcDbLine
 10
6.1088906692913385
 20
-3.8749306692913383
 30
0
 11
6.1062907874015746
 21
-3.8764316929133855
 31
0
  0
LINE
  5
C44
330
1F
100
AcDbEntity
  8
B.Cu
  6
CONTINUOUS
100
AcDbLine
 10
6.1062907874015746
 20
-3.8764316929133855
 30
0
 11
6.103390984251968
 21
-3.8772087007874014
 31
0
  0
LINE
  5
C45
330
1F
100
AcDbEntity
  8
B.Cu
  6
CONTINUOUS
100
AcDbLine
 10
6.103390984251968
 20
-3.8772087007874014
 30
0
 11
6.1003888582677162
 21
-3.8772087007874014
 31
0
  0
LINE
  5
C46
330
1F
100
AcDbEntity
  8
B.Cu
  6
CONTINUOUS
100
AcDbLine
 10
6.1003888582677162
 20
-3.8772087007874014
 30
0
 11
6.0974890551181105
 21
-3.8764316929133855
 31
0
  0
LINE
  5
C47
330
1F
100
AcDbEntity
  8
B.Cu
  6
CONTINUOUS
100
AcDbLine
 10
6.0974890551181105
 20
-3.8764316929133855
 30
0
 11
6.0948891732283466
 21
-3.8749306692913383
 31
0
  0
LINE
  5
C48
330
1F
100
AcDbEntity
  8
B.Cu
  6
CONTINUOUS
100
AcDbLine
 10
6.0948891732283466
 20
-3.8749306692913383
 30
0
 11
6.0927663385826767
 21
-3.8728078346456694
 31
0
  0
LINE
  5
C49
330
1F
100
AcDbEntity
  8
B.Cu
  6
CONTINUOUS
100
AcDbLine
 10
6.0927663385826767
 20
-3.8728078346456694
 30
0
 11
6.09126531496063
 21
-3.8702079527559055
 31
0
  0
LINE
  5
C4A
330
1F
100
AcDbEntity
  8
B.Cu
  6
CONTINUOUS
100
AcDbLine
 10
6.09126531496063
 20
-3.8702079527559055
 30
0
 11
6.0904883070866136
 21
-3.8673081496062993
 31
0
  0
LINE
  5
C4B
330
1F
100
AcDbEntity
  8
B.Cu
  6
CONTINUOUS
100
AcDbLine
 10
6.0904883070866136
 20
-3.8673081496062993
 30
0
 11
6.0904883070866136
 21
-3.864306023622047
 31
0
  0
LINE
  5
C4C
330
1F
100
AcDbEntity
  8
B.Cu
  6
CONTINUOUS
100
AcDbLine
 10
6.0904883070866136
 20
-3.864306023622047
 30
0
 11
6.09126531496063
 21
-3.8614062204724409
 31
0
  0
LINE
  5
C4D
330
1F
100
AcDbEntity
  8
B.Cu
  6
CONTINUOUS
100
AcDbLine
 10
6.09126531496063
 20
-3.8614062204724409
 30
0
 11
6.0927663385826767
 21
-3.858806338582677
 31
0
  0
LINE
  5
C4E
330
1F
100
AcDbEntity
  8
B.Cu
  6
CONTINUOUS
100
AcDbLine
 10
6.0927663385826767
 20
-3.858806338582677
 30
0
 11
6.0948891732283466
 21
-3.856683503937008
 31
0
  0
LINE
  5
C4F
330
1F
100
AcDbEntity
  8
B.Cu
  6
CONTINUOUS
100
AcDbLine
 10
6.0948891732283466
 20
-3.856683503937008
 30
0
 11
6.0974890551181105
 21
-3.8551824803149604
 31
0
  0
LINE
  5
C50
330
1F
100
AcDbEntity
  8
B.Cu
  6
CONTINUOUS
100
AcDbLine
 10
6.0974890551181105
 20
-3.8551824803149604
 30
0
 11
6.1003888582677162
 21
-3.8544054724409449
 31
0
  0
LINE
  5
C51
330
1F
100
AcDbEntity
  8
B.Cu
  6
CONTINUOUS
100
AcDbLine
 10
6.1003888582677162
 20
-3.8544054724409449
 30
0
 11
6.103390984251968
 21
-3.8544054724409449
 31
0
  0
LINE
  5
C52
330
1F
100
AcDbEntity
  8
B.Cu
  6
CONTINUOUS
100
AcDbLine
 10
6.103390984251968
 20
-3.8544054724409449
 30
0
 11
6.1062907874015746
 21
-3.8551824803149604
 31
0
  0
LINE
  5
C53
330
1F
100
AcDbEntity
  8
B.Cu
  6
CONTINUOUS
100
AcDbLine
 10
5.4106618110236218
 20
-3.8470211023622047
 30
0
 11
5.4133320078740157
 21
-3.8485627559055118
 31
0
  0
LINE
  5
C54
330
1F
100
AcDbEntity
  8
B.Cu
  6
CONTINUOUS
100
AcDbLine
 10
5.4133320078740157
 20
-3.8485627559055118
 30
0
 11
5.4155122440944883
 21
-3.8507429921259844
 31
0
  0
LINE
  5
C55
330
1F
100
AcDbEntity
  8
B.Cu
  6
CONTINUOUS
100
AcDbLine
 10
5.4155122440944883
 20
-3.8507429921259844
 30
0
 11
5.4170538976377953
 21
-3.8534131889763779
 31
0
  0
LINE
  5
C56
330
1F
100
AcDbEntity
  8
B.Cu
  6
CONTINUOUS
100
AcDbLine
 10
5.4170538976377953
 20
-3.8534131889763779
 30
0
 11
5.4178518897637797
 21
-3.8563914173228344
 31
0
  0
LINE
  5
C57
330
1F
100
AcDbEntity
  8
B.Cu
  6
CONTINUOUS
100
AcDbLine
 10
5.4178518897637797
 20
-3.8563914173228344
 30
0
 11
5.4178518897637797
 21
-3.8594747244094489
 31
0
  0
LINE
  5
C58
330
1F
100
AcDbEntity
  8
B.Cu
  6
CONTINUOUS
100
AcDbLine
 10
5.4178518897637797
 20
-3.8594747244094489
 30
0
 11
5.4170538976377953
 21
-3.8624529527559055
 31
0
  0
LINE
  5
C59
330
1F
100
AcDbEntity
  8
B.Cu
  6
CONTINUOUS
100
AcDbLine
 10
5.4170538976377953
 20
-3.8624529527559055
 30
0
 11
5.4155122440944883
 21
-3.865123149606299
 31
0
  0
LINE
  5
C5A
330
1F
100
AcDbEntity
  8
B.Cu
  6
CONTINUOUS
100
AcDbLine
 10
5.4155122440944883
 20
-3.865123149606299
 30
0
 11
5.4133320078740157
 21
-3.8673033858267716
 31
0
  0
LINE
  5
C5B
330
1F
100
AcDbEntity
  8
B.Cu
  6
CONTINUOUS
100
AcDbLine
 10
5.4133320078740157
 20
-3.8673033858267716
 30
0
 11
5.4106618110236218
 21
-3.8688450393700786
 31
0
  0
LINE
  5
C5C
330
1F
100
AcDbEntity
  8
B.Cu
  6
CONTINUOUS
100
AcDbLine
 10
5.4106618110236218
 20
-3.8688450393700786
 30
0
 11
5.4076835826771656
 21
-3.869643031496063
 31
0
  0
LINE
  5
C5D
330
1F
100
AcDbEntity
  8
B.Cu
  6
CONTINUOUS
100
AcDbLine
 10
5.4076835826771656
 20
-3.869643031496063
 30
0
 11
5.4046002755905507
 21
-3.869643031496063
 31
0
  0
LINE
  5
C5E
330
1F
100
AcDbEntity
  8
B.Cu
  6
CONTINUOUS
100
AcDbLine
 10
5.4046002755905507
 20
-3.869643031496063
 30
0
 11
5.4016220472440946
 21
-3.8688450393700786
 31
0
  0
LINE
  5
C5F
330
1F
100
AcDbEntity
  8
B.Cu
  6
CONTINUOUS
100
AcDbLine
 10
5.4016220472440946
 20
-3.8688450393700786
 30
0
 11
5.3989518503937006
 21
-3.8673033858267716
 31
0
  0
LINE
  5
C60
330
1F
100
AcDbEntity
  8
B.Cu
  6
CONTINUOUS
100
AcDbLine
 10
5.3989518503937006
 20
-3.8673033858267716
 30
0
 11
5.396771614173228
 21
-3.865123149606299
 31
0
  0
LINE
  5
C61
330
1F
100
AcDbEntity
  8
B.Cu
  6
CONTINUOUS
100
AcDbLine
 10
5.396771614173228
 20
-3.865123149606299
 30
0
 11
5.395229960629921
 21
-3.8624529527559055
 31
0
  0
LINE
  5
C62
330
1F
100
AcDbEntity
  8
B.Cu
  6
CONTINUOUS
100
AcDbLine
 10
5.395229960629921
 20
-3.8624529527559055
 30
0
 11
5.3944319685039366
 21
-3.8594747244094489
 31
0
  0
LINE
  5
C63
330
1F
100
AcDbEntity
  8
B.Cu
  6
CONTINUOUS
100
AcDbLine
 10
5.3944319685039366
 20
-3.8594747244094489
 30
0
 11
5.3944319685039366
 21
-3.8563914173228344
 31
0
  0
LINE
  5
C64
330
1F
100
AcDbEntity
  8
B.Cu
  6
CONTINUOUS
100
AcDbLine
 10
5.3944319685039366
 20
-3.8563914173228344
 30
0
 11
5.395229960629921
 21
-3.8534131889763779
 31
0
  0
LINE
  5
C65
330
1F
100
AcDbEntity
  8
B.Cu
  6
CONTINUOUS
100
AcDbLine
 10
5.395229960629921
 20
-3.8534131889763779
 30
0
 11
5.396771614173228
 21
-3.8507429921259844
 31
0
  0
LINE
  5
C66
330
1F
100
AcDbEntity
  8
B.Cu
  6
CONTINUOUS
100
AcDbLine
 10
5.396771614173228
 20
-3.8507429921259844
 30
0
 11
5.3989518503937006
 21
-3.8485627559055118
 31
0
  0
LINE
  5
C67
330
1F
100
AcDbEntity
  8
B.Cu
  6
CONTINUOUS
100
AcDbLine
 10
5.3989518503937006
 20
-3.8485627559055118
 30
0
 11
5.4016220472440946
 21
-3.8470211023622047
 31
0
  0
LINE
  5
C68
330
1F
100
AcDbEntity
  8
B.Cu
  6
CONTINUOUS
100
AcDbLine
 10
5.4016220472440946
 20
-3.8470211023622047
 30
0
 11
5.4046002755905507
 21
-3.8462231102362203
 31
0
  0
LINE
  5
C69
330
1F
100
AcDbEntity
  8
B.Cu
  6
CONTINUOUS
100
AcDbLine
 10
5.4046002755905507
 20
-3.8462231102362203
 30
0
 11
5.4076835826771656
 21
-3.8462231102362203
 31
0
  0
LINE
  5
C6A
330
1F
100
AcDbEntity
  8
B.Cu
  6
CONTINUOUS
100
AcDbLine
 10
5.4076835826771656
 20
-3.8462231102362203
 30
0
 11
5.4106618110236218
 21
-3.8470211023622047
 31
0
  0
LINE
  5
C6B
330
1F
100
AcDbEntity
  8
B.Cu
  6
CONTINUOUS
100
AcDbLine
 10
6.5366585039370078
 20
-3.8327155511811024
 30
0
 11
6.5392583858267717
 21
-3.8342165748031496
 31
0
  0
LINE
  5
C6C
330
1F
100
AcDbEntity
  8
B.Cu
  6
CONTINUOUS
100
AcDbLine
 10
6.5392583858267717
 20
-3.8342165748031496
 30
0
 11
6.5413812204724406
 21
-3.836339409448819
 31
0
  0
LINE
  5
C6D
330
1F
100
AcDbEntity
  8
B.Cu
  6
CONTINUOUS
100
AcDbLine
 10
6.5413812204724406
 20
-3.836339409448819
 30
0
 11
6.5428822440944883
 21
-3.8389392913385825
 31
0
  0
LINE
  5
C6E
330
1F
100
AcDbEntity
  8
B.Cu
  6
CONTINUOUS
100
AcDbLine
 10
6.5428822440944883
 20
-3.8389392913385825
 30
0
 11
6.5436592519685037
 21
-3.8418390944881891
 31
0
  0
LINE
  5
C6F
330
1F
100
AcDbEntity
  8
B.Cu
  6
CONTINUOUS
100
AcDbLine
 10
6.5436592519685037
 20
-3.8418390944881891
 30
0
 11
6.5436592519685037
 21
-3.8448412204724409
 31
0
  0
LINE
  5
C70
330
1F
100
AcDbEntity
  8
B.Cu
  6
CONTINUOUS
100
AcDbLine
 10
6.5436592519685037
 20
-3.8448412204724409
 30
0
 11
6.5428822440944883
 21
-3.8477410236220471
 31
0
  0
LINE
  5
C71
330
1F
100
AcDbEntity
  8
B.Cu
  6
CONTINUOUS
100
AcDbLine
 10
6.5428822440944883
 20
-3.8477410236220471
 30
0
 11
6.5413812204724406
 21
-3.850340905511811
 31
0
  0
LINE
  5
C72
330
1F
100
AcDbEntity
  8
B.Cu
  6
CONTINUOUS
100
AcDbLine
 10
6.5413812204724406
 20
-3.850340905511811
 30
0
 11
6.5392583858267717
 21
-3.8524637401574804
 31
0
  0
LINE
  5
C73
330
1F
100
AcDbEntity
  8
B.Cu
  6
CONTINUOUS
100
AcDbLine
 10
6.5392583858267717
 20
-3.8524637401574804
 30
0
 11
6.5366585039370078
 21
-3.8539647637795276
 31
0
  0
LINE
  5
C74
330
1F
100
AcDbEntity
  8
B.Cu
  6
CONTINUOUS
100
AcDbLine
 10
6.5366585039370078
 20
-3.8539647637795276
 30
0
 11
6.5337587007874012
 21
-3.854741771653543
 31
0
  0
LINE
  5
C75
330
1F
100
AcDbEntity
  8
B.Cu
  6
CONTINUOUS
100
AcDbLine
 10
6.5337587007874012
 20
-3.854741771653543
 30
0
 11
6.5307565748031493
 21
-3.854741771653543
 31
0
  0
LINE
  5
C76
330
1F
100
AcDbEntity
  8
B.Cu
  6
CONTINUOUS
100
AcDbLine
 10
6.5307565748031493
 20
-3.854741771653543
 30
0
 11
6.5278567716535427
 21
-3.8539647637795276
 31
0
  0
LINE
  5
C77
330
1F
100
AcDbEntity
  8
B.Cu
  6
CONTINUOUS
100
AcDbLine
 10
6.5278567716535427
 20
-3.8539647637795276
 30
0
 11
6.5252568897637797
 21
-3.8524637401574804
 31
0
  0
LINE
  5
C78
330
1F
100
AcDbEntity
  8
B.Cu
  6
CONTINUOUS
100
AcDbLine
 10
6.5252568897637797
 20
-3.8524637401574804
 30
0
 11
6.5231340551181098
 21
-3.850340905511811
 31
0
  0
LINE
  5
C79
330
1F
100
AcDbEntity
  8
B.Cu
  6
CONTINUOUS
100
AcDbLine
 10
6.5231340551181098
 20
-3.850340905511811
 30
0
 11
6.5216330314960631
 21
-3.8477410236220471
 31
0
  0
LINE
  5
C7A
330
1F
100
AcDbEntity
  8
B.Cu
  6
CONTINUOUS
100
AcDbLine
 10
6.5216330314960631
 20
-3.8477410236220471
 30
0
 11
6.5208560236220467
 21
-3.8448412204724409
 31
0
  0
LINE
  5
C7B
330
1F
100
AcDbEntity
  8
B.Cu
  6
CONTINUOUS
100
AcDbLine
 10
6.5208560236220467
 20
-3.8448412204724409
 30
0
 11
6.5208560236220467
 21
-3.8418390944881891
 31
0
  0
LINE
  5
C7C
330
1F
100
AcDbEntity
  8
B.Cu
  6
CONTINUOUS
100
AcDbLine
 10
6.5208560236220467
 20
-3.8418390944881891
 30
0
 11
6.5216330314960631
 21
-3.8389392913385825
 31
0
  0
LINE
  5
C7D
330
1F
100
AcDbEntity
  8
B.Cu
  6
CONTINUOUS
100
AcDbLine
 10
6.5216330314960631
 20
-3.8389392913385825
 30
0
 11
6.5231340551181098
 21
-3.836339409448819
 31
0
  0
LINE
  5
C7E
330
1F
100
AcDbEntity
  8
B.Cu
  6
CONTINUOUS
100
AcDbLine
 10
6.5231340551181098
 20
-3.836339409448819
 30
0
 11
6.5252568897637797
 21
-3.8342165748031496
 31
0
  0
LINE
  5
C7F
330
1F
100
AcDbEntity
  8
B.Cu
  6
CONTINUOUS
100
AcDbLine
 10
6.5252568897637797
 20
-3.8342165748031496
 30
0
 11
6.5278567716535427
 21
-3.8327155511811024
 31
0
  0
LINE
  5
C80
330
1F
100
AcDbEntity
  8
B.Cu
  6
CONTINUOUS
100
AcDbLine
 10
6.5278567716535427
 20
-3.8327155511811024
 30
0
 11
6.5307565748031493
 21
-3.8319385433070865
 31
0
  0
LINE
  5
C81
330
1F
100
AcDbEntity
  8
B.Cu
  6
CONTINUOUS
100
AcDbLine
 10
6.5307565748031493
 20
-3.8319385433070865
 30
0
 11
6.5337587007874012
 21
-3.8319385433070865
 31
0
  0
LINE
  5
C82
330
1F
100
AcDbEntity
  8
B.Cu
  6
CONTINUOUS
100
AcDbLine
 10
6.5337587007874012
 20
-3.8319385433070865
 30
0
 11
6.5366585039370078
 21
-3.8327155511811024
 31
0
  0
LINE
  5
C83
330
1F
100
AcDbEntity
  8
B.Cu
  6
CONTINUOUS
100
AcDbLine
 10
6.5986584645669293
 20
-3.8327155511811024
 30
0
 11
6.6012583464566932
 21
-3.8342165748031496
 31
0
  0
LINE
  5
C84
330
1F
100
AcDbEntity
  8
B.Cu
  6
CONTINUOUS
100
AcDbLine
 10
6.6012583464566932
 20
-3.8342165748031496
 30
0
 11
6.6033811811023622
 21
-3.836339409448819
 31
0
  0
LINE
  5
C85
330
1F
100
AcDbEntity
  8
B.Cu
  6
CONTINUOUS
100
AcDbLine
 10
6.6033811811023622
 20
-3.836339409448819
 30
0
 11
6.6048822047244089
 21
-3.8389392913385825
 31
0
  0
LINE
  5
C86
330
1F
100
AcDbEntity
  8
B.Cu
  6
CONTINUOUS
100
AcDbLine
 10
6.6048822047244089
 20
-3.8389392913385825
 30
0
 11
6.6056592125984253
 21
-3.8418390944881891
 31
0
  0
LINE
  5
C87
330
1F
100
AcDbEntity
  8
B.Cu
  6
CONTINUOUS
100
AcDbLine
 10
6.6056592125984253
 20
-3.8418390944881891
 30
0
 11
6.6056592125984253
 21
-3.8448412204724409
 31
0
  0
LINE
  5
C88
330
1F
100
AcDbEntity
  8
B.Cu
  6
CONTINUOUS
100
AcDbLine
 10
6.6056592125984253
 20
-3.8448412204724409
 30
0
 11
6.6048822047244089
 21
-3.8477410236220471
 31
0
  0
LINE
  5
C89
330
1F
100
AcDbEntity
  8
B.Cu
  6
CONTINUOUS
100
AcDbLine
 10
6.6048822047244089
 20
-3.8477410236220471
 30
0
 11
6.6033811811023622
 21
-3.850340905511811
 31
0
  0
LINE
  5
C8A
330
1F
100
AcDbEntity
  8
B.Cu
  6
CONTINUOUS
100
AcDbLine
 10
6.6033811811023622
 20
-3.850340905511811
 30
0
 11
6.6012583464566932
 21
-3.8524637401574804
 31
0
  0
LINE
  5
C8B
330
1F
100
AcDbEntity
  8
B.Cu
  6
CONTINUOUS
100
AcDbLine
 10
6.6012583464566932
 20
-3.8524637401574804
 30
0
 11
6.5986584645669293
 21
-3.8539647637795276
 31
0
  0
LINE
  5
C8C
330
1F
100
AcDbEntity
  8
B.Cu
  6
CONTINUOUS
100
AcDbLine
 10
6.5986584645669293
 20
-3.8539647637795276
 30
0
 11
6.5957586614173227
 21
-3.854741771653543
 31
0
  0
LINE
  5
C8D
330
1F
100
AcDbEntity
  8
B.Cu
  6
CONTINUOUS
100
AcDbLine
 10
6.5957586614173227
 20
-3.854741771653543
 30
0
 11
6.5927565354330708
 21
-3.854741771653543
 31
0
  0
LINE
  5
C8E
330
1F
100
AcDbEntity
  8
B.Cu
  6
CONTINUOUS
100
AcDbLine
 10
6.5927565354330708
 20
-3.854741771653543
 30
0
 11
6.5898567322834642
 21
-3.8539647637795276
 31
0
  0
LINE
  5
C8F
330
1F
100
AcDbEntity
  8
B.Cu
  6
CONTINUOUS
100
AcDbLine
 10
6.5898567322834642
 20
-3.8539647637795276
 30
0
 11
6.5872568503937003
 21
-3.8524637401574804
 31
0
  0
LINE
  5
C90
330
1F
100
AcDbEntity
  8
B.Cu
  6
CONTINUOUS
100
AcDbLine
 10
6.5872568503937003
 20
-3.8524637401574804
 30
0
 11
6.5851340157480314
 21
-3.850340905511811
 31
0
  0
LINE
  5
C91
330
1F
100
AcDbEntity
  8
B.Cu
  6
CONTINUOUS
100
AcDbLine
 10
6.5851340157480314
 20
-3.850340905511811
 30
0
 11
6.5836329921259837
 21
-3.8477410236220471
 31
0
  0
LINE
  5
C92
330
1F
100
AcDbEntity
  8
B.Cu
  6
CONTINUOUS
100
AcDbLine
 10
6.5836329921259837
 20
-3.8477410236220471
 30
0
 11
6.5828559842519683
 21
-3.8448412204724409
 31
0
  0
LINE
  5
C93
330
1F
100
AcDbEntity
  8
B.Cu
  6
CONTINUOUS
100
AcDbLine
 10
6.5828559842519683
 20
-3.8448412204724409
 30
0
 11
6.5828559842519683
 21
-3.8418390944881891
 31
0
  0
LINE
  5
C94
330
1F
100
AcDbEntity
  8
B.Cu
  6
CONTINUOUS
100
AcDbLine
 10
6.5828559842519683
 20
-3.8418390944881891
 30
0
 11
6.5836329921259837
 21
-3.8389392913385825
 31
0
  0
LINE
  5
C95
330
1F
100
AcDbEntity
  8
B.Cu
  6
CONTINUOUS
100
AcDbLine
 10
6.5836329921259837
 20
-3.8389392913385825
 30
0
 11
6.5851340157480314
 21
-3.836339409448819
 31
0
  0
LINE
  5
C96
330
1F
100
AcDbEntity
  8
B.Cu
  6
CONTINUOUS
100
AcDbLine
 10
6.5851340157480314
 20
-3.836339409448819
 30
0
 11
6.5872568503937003
 21
-3.8342165748031496
 31
0
  0
LINE
  5
C97
330
1F
100
AcDbEntity
  8
B.Cu
  6
CONTINUOUS
100
AcDbLine
 10
6.5872568503937003
 20
-3.8342165748031496
 30
0
 11
6.5898567322834642
 21
-3.8327155511811024
 31
0
  0
LINE
  5
C98
330
1F
100
AcDbEntity
  8
B.Cu
  6
CONTINUOUS
100
AcDbLine
 10
6.5898567322834642
 20
-3.8327155511811024
 30
0
 11
6.5927565354330708
 21
-3.8319385433070865
 31
0
  0
LINE
  5
C99
330
1F
100
AcDbEntity
  8
B.Cu
  6
CONTINUOUS
100
AcDbLine
 10
6.5927565354330708
 20
-3.8319385433070865
 30
0
 11
6.5957586614173227
 21
-3.8319385433070865
 31
0
  0
LINE
  5
C9A
330
1F
100
AcDbEntity
  8
B.Cu
  6
CONTINUOUS
100
AcDbLine
 10
6.5957586614173227
 20
-3.8319385433070865
 30
0
 11
6.5986584645669293
 21
-3.8327155511811024
 31
0
  0
LINE
  5
C9B
330
1F
100
AcDbEntity
  8
B.Cu
  6
CONTINUOUS
100
AcDbLine
 10
6.5676585039370075
 20
-3.8327154724409449
 30
0
 11
6.5702583858267714
 21
-3.8342164960629921
 31
0
  0
LINE
  5
C9C
330
1F
100
AcDbEntity
  8
B.Cu
  6
CONTINUOUS
100
AcDbLine
 10
6.5702583858267714
 20
-3.8342164960629921
 30
0
 11
6.5723812204724412
 21
-3.8363393307086615
 31
0
  0
LINE
  5
C9D
330
1F
100
AcDbEntity
  8
B.Cu
  6
CONTINUOUS
100
AcDbLine
 10
6.5723812204724412
 20
-3.8363393307086615
 30
0
 11
6.573882244094488
 21
-3.838939212598425
 31
0
  0
LINE
  5
C9E
330
1F
100
AcDbEntity
  8
B.Cu
  6
CONTINUOUS
100
AcDbLine
 10
6.573882244094488
 20
-3.838939212598425
 30
0
 11
6.5746592519685034
 21
-3.8418390157480315
 31
0
  0
LINE
  5
C9F
330
1F
100
AcDbEntity
  8
B.Cu
  6
CONTINUOUS
100
AcDbLine
 10
6.5746592519685034
 20
-3.8418390157480315
 30
0
 11
6.5746592519685034
 21
-3.8448411417322834
 31
0
  0
LINE
  5
CA0
330
1F
100
AcDbEntity
  8
B.Cu
  6
CONTINUOUS
100
AcDbLine
 10
6.5746592519685034
 20
-3.8448411417322834
 30
0
 11
6.573882244094488
 21
-3.8477409448818896
 31
0
  0
LINE
  5
CA1
330
1F
100
AcDbEntity
  8
B.Cu
  6
CONTINUOUS
100
AcDbLine
 10
6.573882244094488
 20
-3.8477409448818896
 30
0
 11
6.5723812204724412
 21
-3.8503408267716535
 31
0
  0
LINE
  5
CA2
330
1F
100
AcDbEntity
  8
B.Cu
  6
CONTINUOUS
100
AcDbLine
 10
6.5723812204724412
 20
-3.8503408267716535
 30
0
 11
6.5702583858267714
 21
-3.8524636614173229
 31
0
  0
LINE
  5
CA3
330
1F
100
AcDbEntity
  8
B.Cu
  6
CONTINUOUS
100
AcDbLine
 10
6.5702583858267714
 20
-3.8524636614173229
 30
0
 11
6.5676585039370075
 21
-3.8539646850393701
 31
0
  0
LINE
  5
CA4
330
1F
100
AcDbEntity
  8
B.Cu
  6
CONTINUOUS
100
AcDbLine
 10
6.5676585039370075
 20
-3.8539646850393701
 30
0
 11
6.5647587007874018
 21
-3.8547416929133855
 31
0
  0
LINE
  5
CA5
330
1F
100
AcDbEntity
  8
B.Cu
  6
CONTINUOUS
100
AcDbLine
 10
6.5647587007874018
 20
-3.8547416929133855
 30
0
 11
6.5617565748031499
 21
-3.8547416929133855
 31
0
  0
LINE
  5
CA6
330
1F
100
AcDbEntity
  8
B.Cu
  6
CONTINUOUS
100
AcDbLine
 10
6.5617565748031499
 20
-3.8547416929133855
 30
0
 11
6.5588567716535433
 21
-3.8539646850393701
 31
0
  0
LINE
  5
CA7
330
1F
100
AcDbEntity
  8
B.Cu
  6
CONTINUOUS
100
AcDbLine
 10
6.5588567716535433
 20
-3.8539646850393701
 30
0
 11
6.5562568897637794
 21
-3.8524636614173229
 31
0
  0
LINE
  5
CA8
330
1F
100
AcDbEntity
  8
B.Cu
  6
CONTINUOUS
100
AcDbLine
 10
6.5562568897637794
 20
-3.8524636614173229
 30
0
 11
6.5541340551181104
 21
-3.8503408267716535
 31
0
  0
LINE
  5
CA9
330
1F
100
AcDbEntity
  8
B.Cu
  6
CONTINUOUS
100
AcDbLine
 10
6.5541340551181104
 20
-3.8503408267716535
 30
0
 11
6.5526330314960628
 21
-3.8477409448818896
 31
0
  0
LINE
  5
CAA
330
1F
100
AcDbEntity
  8
B.Cu
  6
CONTINUOUS
100
AcDbLine
 10
6.5526330314960628
 20
-3.8477409448818896
 30
0
 11
6.5518560236220473
 21
-3.8448411417322834
 31
0
  0
LINE
  5
CAB
330
1F
100
AcDbEntity
  8
B.Cu
  6
CONTINUOUS
100
AcDbLine
 10
6.5518560236220473
 20
-3.8448411417322834
 30
0
 11
6.5518560236220473
 21
-3.8418390157480315
 31
0
  0
LINE
  5
CAC
330
1F
100
AcDbEntity
  8
B.Cu
  6
CONTINUOUS
100
AcDbLine
 10
6.5518560236220473
 20
-3.8418390157480315
 30
0
 11
6.5526330314960628
 21
-3.838939212598425
 31
0
  0
LINE
  5
CAD
330
1F
100
AcDbEntity
  8
B.Cu
  6
CONTINUOUS
100
AcDbLine
 10
6.5526330314960628
 20
-3.838939212598425
 30
0
 11
6.5541340551181104
 21
-3.8363393307086615
 31
0
  0
LINE
  5
CAE
330
1F
100
AcDbEntity
  8
B.Cu
  6
CONTINUOUS
100
AcDbLine
 10
6.5541340551181104
 20
-3.8363393307086615
 30
0
 11
6.5562568897637794
 21
-3.8342164960629921
 31
0
  0
LINE
  5
CAF
330
1F
100
AcDbEntity
  8
B.Cu
  6
CONTINUOUS
100
AcDbLine
 10
6.5562568897637794
 20
-3.8342164960629921
 30
0
 11
6.5588567716535433
 21
-3.8327154724409449
 31
0
  0
LINE
  5
CB0
330
1F
100
AcDbEntity
  8
B.Cu
  6
CONTINUOUS
100
AcDbLine
 10
6.5588567716535433
 20
-3.8327154724409449
 30
0
 11
6.5617565748031499
 21
-3.831938464566929
 31
0
  0
LINE
  5
CB1
330
1F
100
AcDbEntity
  8
B.Cu
  6
CONTINUOUS
100
AcDbLine
 10
6.5617565748031499
 20
-3.831938464566929
 30
0
 11
6.5647587007874018
 21
-3.831938464566929
 31
0
  0
LINE
  5
CB2
330
1F
100
AcDbEntity
  8
B.Cu
  6
CONTINUOUS
100
AcDbLine
 10
6.5647587007874018
 20
-3.831938464566929
 30
0
 11
6.5676585039370075
 21
-3.8327154724409449
 31
0
  0
LINE
  5
CB3
330
1F
100
AcDbEntity
  8
B.Cu
  6
CONTINUOUS
100
AcDbLine
 10
5.3831027952755903
 20
-3.8312730708661418
 30
0
 11
5.3857729921259843
 21
-3.8328147244094488
 31
0
  0
LINE
  5
CB4
330
1F
100
AcDbEntity
  8
B.Cu
  6
CONTINUOUS
100
AcDbLine
 10
5.3857729921259843
 20
-3.8328147244094488
 30
0
 11
5.3879532283464568
 21
-3.834994960629921
 31
0
  0
LINE
  5
CB5
330
1F
100
AcDbEntity
  8
B.Cu
  6
CONTINUOUS
100
AcDbLine
 10
5.3879532283464568
 20
-3.834994960629921
 30
0
 11
5.3894948818897639
 21
-3.8376651574803149
 31
0
  0
LINE
  5
CB6
330
1F
100
AcDbEntity
  8
B.Cu
  6
CONTINUOUS
100
AcDbLine
 10
5.3894948818897639
 20
-3.8376651574803149
 30
0
 11
5.3902928740157483
 21
-3.8406433858267714
 31
0
  0
LINE
  5
CB7
330
1F
100
AcDbEntity
  8
B.Cu
  6
CONTINUOUS
100
AcDbLine
 10
5.3902928740157483
 20
-3.8406433858267714
 30
0
 11
5.3902928740157483
 21
-3.8437266929133855
 31
0
  0
LINE
  5
CB8
330
1F
100
AcDbEntity
  8
B.Cu
  6
CONTINUOUS
100
AcDbLine
 10
5.3902928740157483
 20
-3.8437266929133855
 30
0
 11
5.3894948818897639
 21
-3.8467049212598425
 31
0
  0
LINE
  5
CB9
330
1F
100
AcDbEntity
  8
B.Cu
  6
CONTINUOUS
100
AcDbLine
 10
5.3894948818897639
 20
-3.8467049212598425
 30
0
 11
5.3879532283464568
 21
-3.849375118110236
 31
0
  0
LINE
  5
CBA
330
1F
100
AcDbEntity
  8
B.Cu
  6
CONTINUOUS
100
AcDbLine
 10
5.3879532283464568
 20
-3.849375118110236
 30
0
 11
5.3857729921259843
 21
-3.8515553543307086
 31
0
  0
LINE
  5
CBB
330
1F
100
AcDbEntity
  8
B.Cu
  6
CONTINUOUS
100
AcDbLine
 10
5.3857729921259843
 20
-3.8515553543307086
 30
0
 11
5.3831027952755903
 21
-3.8530970078740157
 31
0
  0
LINE
  5
CBC
330
1F
100
AcDbEntity
  8
B.Cu
  6
CONTINUOUS
100
AcDbLine
 10
5.3831027952755903
 20
-3.8530970078740157
 30
0
 11
5.3801245669291333
 21
-3.8538950000000001
 31
0
  0
LINE
  5
CBD
330
1F
100
AcDbEntity
  8
B.Cu
  6
CONTINUOUS
100
AcDbLine
 10
5.3801245669291333
 20
-3.8538950000000001
 30
0
 11
5.3770412598425192
 21
-3.8538950000000001
 31
0
  0
LINE
  5
CBE
330
1F
100
AcDbEntity
  8
B.Cu
  6
CONTINUOUS
100
AcDbLine
 10
5.3770412598425192
 20
-3.8538950000000001
 30
0
 11
5.3740630314960631
 21
-3.8530970078740157
 31
0
  0
LINE
  5
CBF
330
1F
100
AcDbEntity
  8
B.Cu
  6
CONTINUOUS
100
AcDbLine
 10
5.3740630314960631
 20
-3.8530970078740157
 30
0
 11
5.3713928346456692
 21
-3.8515553543307086
 31
0
  0
LINE
  5
CC0
330
1F
100
AcDbEntity
  8
B.Cu
  6
CONTINUOUS
100
AcDbLine
 10
5.3713928346456692
 20
-3.8515553543307086
 30
0
 11
5.3692125984251966
 21
-3.849375118110236
 31
0
  0
LINE
  5
CC1
330
1F
100
AcDbEntity
  8
B.Cu
  6
CONTINUOUS
100
AcDbLine
 10
5.3692125984251966
 20
-3.849375118110236
 30
0
 11
5.3676709448818896
 21
-3.8467049212598425
 31
0
  0
LINE
  5
CC2
330
1F
100
AcDbEntity
  8
B.Cu
  6
CONTINUOUS
100
AcDbLine
 10
5.3676709448818896
 20
-3.8467049212598425
 30
0
 11
5.3668729527559051
 21
-3.8437266929133855
 31
0
  0
LINE
  5
CC3
330
1F
100
AcDbEntity
  8
B.Cu
  6
CONTINUOUS
100
AcDbLine
 10
5.3668729527559051
 20
-3.8437266929133855
 30
0
 11
5.3668729527559051
 21
-3.8406433858267714
 31
0
  0
LINE
  5
CC4
330
1F
100
AcDbEntity
  8
B.Cu
  6
CONTINUOUS
100
AcDbLine
 10
5.3668729527559051
 20
-3.8406433858267714
 30
0
 11
5.3676709448818896
 21
-3.8376651574803149
 31
0
  0
LINE
  5
CC5
330
1F
100
AcDbEntity
  8
B.Cu
  6
CONTINUOUS
100
AcDbLine
 10
5.3676709448818896
 20
-3.8376651574803149
 30
0
 11
5.3692125984251966
 21
-3.834994960629921
 31
0
  0
LINE
  5
CC6
330
1F
100
AcDbEntity
  8
B.Cu
  6
CONTINUOUS
100
AcDbLine
 10
5.3692125984251966
 20
-3.834994960629921
 30
0
 11
5.3713928346456692
 21
-3.8328147244094488
 31
0
  0
LINE
  5
CC7
330
1F
100
AcDbEntity
  8
B.Cu
  6
CONTINUOUS
100
AcDbLine
 10
5.3713928346456692
 20
-3.8328147244094488
 30
0
 11
5.3740630314960631
 21
-3.8312730708661418
 31
0
  0
LINE
  5
CC8
330
1F
100
AcDbEntity
  8
B.Cu
  6
CONTINUOUS
100
AcDbLine
 10
5.3740630314960631
 20
-3.8312730708661418
 30
0
 11
5.3770412598425192
 21
-3.8304750787401574
 31
0
  0
LINE
  5
CC9
330
1F
100
AcDbEntity
  8
B.Cu
  6
CONTINUOUS
100
AcDbLine
 10
5.3770412598425192
 20
-3.8304750787401574
 30
0
 11
5.3801245669291333
 21
-3.8304750787401574
 31
0
  0
LINE
  5
CCA
330
1F
100
AcDbEntity
  8
B.Cu
  6
CONTINUOUS
100
AcDbLine
 10
5.3801245669291333
 20
-3.8304750787401574
 30
0
 11
5.3831027952755903
 21
-3.8312730708661418
 31
0
  0
LINE
  5
CCB
330
1F
100
AcDbEntity
  8
B.Cu
  6
CONTINUOUS
100
AcDbLine
 10
7.1141648425196848
 20
-3.8230170866141733
 30
0
 11
7.1167647244094487
 21
-3.8245181102362205
 31
0
  0
LINE
  5
CCC
330
1F
100
AcDbEntity
  8
B.Cu
  6
CONTINUOUS
100
AcDbLine
 10
7.1167647244094487
 20
-3.8245181102362205
 30
0
 11
7.1188875590551177
 21
-3.8266409448818899
 31
0
  0
LINE
  5
CCD
330
1F
100
AcDbEntity
  8
B.Cu
  6
CONTINUOUS
100
AcDbLine
 10
7.1188875590551177
 20
-3.8266409448818899
 30
0
 11
7.1203885826771653
 21
-3.8292408267716533
 31
0
  0
LINE
  5
CCE
330
1F
100
AcDbEntity
  8
B.Cu
  6
CONTINUOUS
100
AcDbLine
 10
7.1203885826771653
 20
-3.8292408267716533
 30
0
 11
7.1211655905511808
 21
-3.8321406299212599
 31
0
  0
LINE
  5
CCF
330
1F
100
AcDbEntity
  8
B.Cu
  6
CONTINUOUS
100
AcDbLine
 10
7.1211655905511808
 20
-3.8321406299212599
 30
0
 11
7.1211655905511808
 21
-3.8351427559055118
 31
0
  0
LINE
  5
CD0
330
1F
100
AcDbEntity
  8
B.Cu
  6
CONTINUOUS
100
AcDbLine
 10
7.1211655905511808
 20
-3.8351427559055118
 30
0
 11
7.1203885826771653
 21
-3.8380425590551179
 31
0
  0
LINE
  5
CD1
330
1F
100
AcDbEntity
  8
B.Cu
  6
CONTINUOUS
100
AcDbLine
 10
7.1203885826771653
 20
-3.8380425590551179
 30
0
 11
7.1188875590551177
 21
-3.8406424409448818
 31
0
  0
LINE
  5
CD2
330
1F
100
AcDbEntity
  8
B.Cu
  6
CONTINUOUS
100
AcDbLine
 10
7.1188875590551177
 20
-3.8406424409448818
 30
0
 11
7.1167647244094487
 21
-3.8427652755905513
 31
0
  0
LINE
  5
CD3
330
1F
100
AcDbEntity
  8
B.Cu
  6
CONTINUOUS
100
AcDbLine
 10
7.1167647244094487
 20
-3.8427652755905513
 30
0
 11
7.1141648425196848
 21
-3.8442662992125984
 31
0
  0
LINE
  5
CD4
330
1F
100
AcDbEntity
  8
B.Cu
  6
CONTINUOUS
100
AcDbLine
 10
7.1141648425196848
 20
-3.8442662992125984
 30
0
 11
7.1112650393700783
 21
-3.8450433070866139
 31
0
  0
LINE
  5
CD5
330
1F
100
AcDbEntity
  8
B.Cu
  6
CONTINUOUS
100
AcDbLine
 10
7.1112650393700783
 20
-3.8450433070866139
 30
0
 11
7.1082629133858264
 21
-3.8450433070866139
 31
0
  0
LINE
  5
CD6
330
1F
100
AcDbEntity
  8
B.Cu
  6
CONTINUOUS
100
AcDbLine
 10
7.1082629133858264
 20
-3.8450433070866139
 30
0
 11
7.1053631102362207
 21
-3.8442662992125984
 31
0
  0
LINE
  5
CD7
330
1F
100
AcDbEntity
  8
B.Cu
  6
CONTINUOUS
100
AcDbLine
 10
7.1053631102362207
 20
-3.8442662992125984
 30
0
 11
7.1027632283464568
 21
-3.8427652755905513
 31
0
  0
LINE
  5
CD8
330
1F
100
AcDbEntity
  8
B.Cu
  6
CONTINUOUS
100
AcDbLine
 10
7.1027632283464568
 20
-3.8427652755905513
 30
0
 11
7.1006403937007869
 21
-3.8406424409448818
 31
0
  0
LINE
  5
CD9
330
1F
100
AcDbEntity
  8
B.Cu
  6
CONTINUOUS
100
AcDbLine
 10
7.1006403937007869
 20
-3.8406424409448818
 30
0
 11
7.0991393700787402
 21
-3.8380425590551179
 31
0
  0
LINE
  5
CDA
330
1F
100
AcDbEntity
  8
B.Cu
  6
CONTINUOUS
100
AcDbLine
 10
7.0991393700787402
 20
-3.8380425590551179
 30
0
 11
7.0983623622047238
 21
-3.8351427559055118
 31
0
  0
LINE
  5
CDB
330
1F
100
AcDbEntity
  8
B.Cu
  6
CONTINUOUS
100
AcDbLine
 10
7.0983623622047238
 20
-3.8351427559055118
 30
0
 11
7.0983623622047238
 21
-3.8321406299212599
 31
0
  0
LINE
  5
CDC
330
1F
100
AcDbEntity
  8
B.Cu
  6
CONTINUOUS
100
AcDbLine
 10
7.0983623622047238
 20
-3.8321406299212599
 30
0
 11
7.0991393700787402
 21
-3.8292408267716533
 31
0
  0
LINE
  5
CDD
330
1F
100
AcDbEntity
  8
B.Cu
  6
CONTINUOUS
100
AcDbLine
 10
7.0991393700787402
 20
-3.8292408267716533
 30
0
 11
7.1006403937007869
 21
-3.8266409448818899
 31
0
  0
LINE
  5
CDE
330
1F
100
AcDbEntity
  8
B.Cu
  6
CONTINUOUS
100
AcDbLine
 10
7.1006403937007869
 20
-3.8266409448818899
 30
0
 11
7.1027632283464568
 21
-3.8245181102362205
 31
0
  0
LINE
  5
CDF
330
1F
100
AcDbEntity
  8
B.Cu
  6
CONTINUOUS
100
AcDbLine
 10
7.1027632283464568
 20
-3.8245181102362205
 30
0
 11
7.1053631102362207
 21
-3.8230170866141733
 31
0
  0
LINE
  5
CE0
330
1F
100
AcDbEntity
  8
B.Cu
  6
CONTINUOUS
100
AcDbLine
 10
7.1053631102362207
 20
-3.8230170866141733
 30
0
 11
7.1082629133858264
 21
-3.8222400787401574
 31
0
  0
LINE
  5
CE1
330
1F
100
AcDbEntity
  8
B.Cu
  6
CONTINUOUS
100
AcDbLine
 10
7.1082629133858264
 20
-3.8222400787401574
 30
0
 11
7.1112650393700783
 21
-3.8222400787401574
 31
0
  0
LINE
  5
CE2
330
1F
100
AcDbEntity
  8
B.Cu
  6
CONTINUOUS
100
AcDbLine
 10
7.1112650393700783
 20
-3.8222400787401574
 30
0
 11
7.1141648425196848
 21
-3.8230170866141733
 31
0
  0
LINE
  5
CE3
330
1F
100
AcDbEntity
  8
B.Cu
  6
CONTINUOUS
100
AcDbLine
 10
7.1436924015748033
 20
-3.8230170866141733
 30
0
 11
7.1462922834645664
 21
-3.8245181102362205
 31
0
  0
LINE
  5
CE4
330
1F
100
AcDbEntity
  8
B.Cu
  6
CONTINUOUS
100
AcDbLine
 10
7.1462922834645664
 20
-3.8245181102362205
 30
0
 11
7.1484151181102362
 21
-3.8266409448818899
 31
0
  0
LINE
  5
CE5
330
1F
100
AcDbEntity
  8
B.Cu
  6
CONTINUOUS
100
AcDbLine
 10
7.1484151181102362
 20
-3.8266409448818899
 30
0
 11
7.149916141732283
 21
-3.8292408267716533
 31
0
  0
LINE
  5
CE6
330
1F
100
AcDbEntity
  8
B.Cu
  6
CONTINUOUS
100
AcDbLine
 10
7.149916141732283
 20
-3.8292408267716533
 30
0
 11
7.1506931496062993
 21
-3.8321406299212599
 31
0
  0
LINE
  5
CE7
330
1F
100
AcDbEntity
  8
B.Cu
  6
CONTINUOUS
100
AcDbLine
 10
7.1506931496062993
 20
-3.8321406299212599
 30
0
 11
7.1506931496062993
 21
-3.8351427559055118
 31
0
  0
LINE
  5
CE8
330
1F
100
AcDbEntity
  8
B.Cu
  6
CONTINUOUS
100
AcDbLine
 10
7.1506931496062993
 20
-3.8351427559055118
 30
0
 11
7.149916141732283
 21
-3.8380425590551179
 31
0
  0
LINE
  5
CE9
330
1F
100
AcDbEntity
  8
B.Cu
  6
CONTINUOUS
100
AcDbLine
 10
7.149916141732283
 20
-3.8380425590551179
 30
0
 11
7.1484151181102362
 21
-3.8406424409448818
 31
0
  0
LINE
  5
CEA
330
1F
100
AcDbEntity
  8
B.Cu
  6
CONTINUOUS
100
AcDbLine
 10
7.1484151181102362
 20
-3.8406424409448818
 30
0
 11
7.1462922834645664
 21
-3.8427652755905513
 31
0
  0
LINE
  5
CEB
330
1F
100
AcDbEntity
  8
B.Cu
  6
CONTINUOUS
100
AcDbLine
 10
7.1462922834645664
 20
-3.8427652755905513
 30
0
 11
7.1436924015748033
 21
-3.8442662992125984
 31
0
  0
LINE
  5
CEC
330
1F
100
AcDbEntity
  8
B.Cu
  6
CONTINUOUS
100
AcDbLine
 10
7.1436924015748033
 20
-3.8442662992125984
 30
0
 11
7.1407925984251968
 21
-3.8450433070866139
 31
0
  0
LINE
  5
CED
330
1F
100
AcDbEntity
  8
B.Cu
  6
CONTINUOUS
100
AcDbLine
 10
7.1407925984251968
 20
-3.8450433070866139
 30
0
 11
7.1377904724409449
 21
-3.8450433070866139
 31
0
  0
LINE
  5
CEE
330
1F
100
AcDbEntity
  8
B.Cu
  6
CONTINUOUS
100
AcDbLine
 10
7.1377904724409449
 20
-3.8450433070866139
 30
0
 11
7.1348906692913383
 21
-3.8442662992125984
 31
0
  0
LINE
  5
CEF
330
1F
100
AcDbEntity
  8
B.Cu
  6
CONTINUOUS
100
AcDbLine
 10
7.1348906692913383
 20
-3.8442662992125984
 30
0
 11
7.1322907874015744
 21
-3.8427652755905513
 31
0
  0
LINE
  5
CF0
330
1F
100
AcDbEntity
  8
B.Cu
  6
CONTINUOUS
100
AcDbLine
 10
7.1322907874015744
 20
-3.8427652755905513
 30
0
 11
7.1301679527559054
 21
-3.8406424409448818
 31
0
  0
LINE
  5
CF1
330
1F
100
AcDbEntity
  8
B.Cu
  6
CONTINUOUS
100
AcDbLine
 10
7.1301679527559054
 20
-3.8406424409448818
 30
0
 11
7.1286669291338578
 21
-3.8380425590551179
 31
0
  0
LINE
  5
CF2
330
1F
100
AcDbEntity
  8
B.Cu
  6
CONTINUOUS
100
AcDbLine
 10
7.1286669291338578
 20
-3.8380425590551179
 30
0
 11
7.1278899212598423
 21
-3.8351427559055118
 31
0
  0
LINE
  5
CF3
330
1F
100
AcDbEntity
  8
B.Cu
  6
CONTINUOUS
100
AcDbLine
 10
7.1278899212598423
 20
-3.8351427559055118
 30
0
 11
7.1278899212598423
 21
-3.8321406299212599
 31
0
  0
LINE
  5
CF4
330
1F
100
AcDbEntity
  8
B.Cu
  6
CONTINUOUS
100
AcDbLine
 10
7.1278899212598423
 20
-3.8321406299212599
 30
0
 11
7.1286669291338578
 21
-3.8292408267716533
 31
0
  0
LINE
  5
CF5
330
1F
100
AcDbEntity
  8
B.Cu
  6
CONTINUOUS
100
AcDbLine
 10
7.1286669291338578
 20
-3.8292408267716533
 30
0
 11
7.1301679527559054
 21
-3.8266409448818899
 31
0
  0
LINE
  5
CF6
330
1F
100
AcDbEntity
  8
B.Cu
  6
CONTINUOUS
100
AcDbLine
 10
7.1301679527559054
 20
-3.8266409448818899
 30
0
 11
7.1322907874015744
 21
-3.8245181102362205
 31
0
  0
LINE
  5
CF7
330
1F
100
AcDbEntity
  8
B.Cu
  6
CONTINUOUS
100
AcDbLine
 10
7.1322907874015744
 20
-3.8245181102362205
 30
0
 11
7.1348906692913383
 21
-3.8230170866141733
 31
0
  0
LINE
  5
CF8
330
1F
100
AcDbEntity
  8
B.Cu
  6
CONTINUOUS
100
AcDbLine
 10
7.1348906692913383
 20
-3.8230170866141733
 30
0
 11
7.1377904724409449
 21
-3.8222400787401574
 31
0
  0
LINE
  5
CF9
330
1F
100
AcDbEntity
  8
B.Cu
  6
CONTINUOUS
100
AcDbLine
 10
7.1377904724409449
 20
-3.8222400787401574
 30
0
 11
7.1407925984251968
 21
-3.8222400787401574
 31
0
  0
LINE
  5
CFA
330
1F
100
AcDbEntity
  8
B.Cu
  6
CONTINUOUS
100
AcDbLine
 10
7.1407925984251968
 20
-3.8222400787401574
 30
0
 11
7.1436924015748033
 21
-3.8230170866141733
 31
0
  0
LINE
  5
CFB
330
1F
100
AcDbEntity
  8
B.Cu
  6
CONTINUOUS
100
AcDbLine
 10
7.173219960629921
 20
-3.8230170866141733
 30
0
 11
7.1758198425196849
 21
-3.8245181102362205
 31
0
  0
LINE
  5
CFC
330
1F
100
AcDbEntity
  8
B.Cu
  6
CONTINUOUS
100
AcDbLine
 10
7.1758198425196849
 20
-3.8245181102362205
 30
0
 11
7.1779426771653538
 21
-3.8266409448818899
 31
0
  0
LINE
  5
CFD
330
1F
100
AcDbEntity
  8
B.Cu
  6
CONTINUOUS
100
AcDbLine
 10
7.1779426771653538
 20
-3.8266409448818899
 30
0
 11
7.1794437007874015
 21
-3.8292408267716533
 31
0
  0
LINE
  5
CFE
330
1F
100
AcDbEntity
  8
B.Cu
  6
CONTINUOUS
100
AcDbLine
 10
7.1794437007874015
 20
-3.8292408267716533
 30
0
 11
7.1802207086614169
 21
-3.8321406299212599
 31
0
  0
LINE
  5
CFF
330
1F
100
AcDbEntity
  8
B.Cu
  6
CONTINUOUS
100
AcDbLine
 10
7.1802207086614169
 20
-3.8321406299212599
 30
0
 11
7.1802207086614169
 21
-3.8351427559055118
 31
0
  0
LINE
  5
D00
330
1F
100
AcDbEntity
  8
B.Cu
  6
CONTINUOUS
100
AcDbLine
 10
7.1802207086614169
 20
-3.8351427559055118
 30
0
 11
7.1794437007874015
 21
-3.8380425590551179
 31
0
  0
LINE
  5
D01
330
1F
100
AcDbEntity
  8
B.Cu
  6
CONTINUOUS
100
AcDbLine
 10
7.1794437007874015
 20
-3.8380425590551179
 30
0
 11
7.1779426771653538
 21
-3.8406424409448818
 31
0
  0
LINE
  5
D02
330
1F
100
AcDbEntity
  8
B.Cu
  6
CONTINUOUS
100
AcDbLine
 10
7.1779426771653538
 20
-3.8406424409448818
 30
0
 11
7.1758198425196849
 21
-3.8427652755905513
 31
0
  0
LINE
  5
D03
330
1F
100
AcDbEntity
  8
B.Cu
  6
CONTINUOUS
100
AcDbLine
 10
7.1758198425196849
 20
-3.8427652755905513
 30
0
 11
7.173219960629921
 21
-3.8442662992125984
 31
0
  0
LINE
  5
D04
330
1F
100
AcDbEntity
  8
B.Cu
  6
CONTINUOUS
100
AcDbLine
 10
7.173219960629921
 20
-3.8442662992125984
 30
0
 11
7.1703201574803144
 21
-3.8450433070866139
 31
0
  0
LINE
  5
D05
330
1F
100
AcDbEntity
  8
B.Cu
  6
CONTINUOUS
100
AcDbLine
 10
7.1703201574803144
 20
-3.8450433070866139
 30
0
 11
7.1673180314960625
 21
-3.8450433070866139
 31
0
  0
LINE
  5
D06
330
1F
100
AcDbEntity
  8
B.Cu
  6
CONTINUOUS
100
AcDbLine
 10
7.1673180314960625
 20
-3.8450433070866139
 30
0
 11
7.1644182283464568
 21
-3.8442662992125984
 31
0
  0
LINE
  5
D07
330
1F
100
AcDbEntity
  8
B.Cu
  6
CONTINUOUS
100
AcDbLine
 10
7.1644182283464568
 20
-3.8442662992125984
 30
0
 11
7.1618183464566929
 21
-3.8427652755905513
 31
0
  0
LINE
  5
D08
330
1F
100
AcDbEntity
  8
B.Cu
  6
CONTINUOUS
100
AcDbLine
 10
7.1618183464566929
 20
-3.8427652755905513
 30
0
 11
7.159695511811023
 21
-3.8406424409448818
 31
0
  0
LINE
  5
D09
330
1F
100
AcDbEntity
  8
B.Cu
  6
CONTINUOUS
100
AcDbLine
 10
7.159695511811023
 20
-3.8406424409448818
 30
0
 11
7.1581944881889763
 21
-3.8380425590551179
 31
0
  0
LINE
  5
D0A
330
1F
100
AcDbEntity
  8
B.Cu
  6
CONTINUOUS
100
AcDbLine
 10
7.1581944881889763
 20
-3.8380425590551179
 30
0
 11
7.1574174803149608
 21
-3.8351427559055118
 31
0
  0
LINE
  5
D0B
330
1F
100
AcDbEntity
  8
B.Cu
  6
CONTINUOUS
100
AcDbLine
 10
7.1574174803149608
 20
-3.8351427559055118
 30
0
 11
7.1574174803149608
 21
-3.8321406299212599
 31
0
  0
LINE
  5
D0C
330
1F
100
AcDbEntity
  8
B.Cu
  6
CONTINUOUS
100
AcDbLine
 10
7.1574174803149608
 20
-3.8321406299212599
 30
0
 11
7.1581944881889763
 21
-3.8292408267716533
 31
0
  0
LINE
  5
D0D
330
1F
100
AcDbEntity
  8
B.Cu
  6
CONTINUOUS
100
AcDbLine
 10
7.1581944881889763
 20
-3.8292408267716533
 30
0
 11
7.159695511811023
 21
-3.8266409448818899
 31
0
  0
LINE
  5
D0E
330
1F
100
AcDbEntity
  8
B.Cu
  6
CONTINUOUS
100
AcDbLine
 10
7.159695511811023
 20
-3.8266409448818899
 30
0
 11
7.1618183464566929
 21
-3.8245181102362205
 31
0
  0
LINE
  5
D0F
330
1F
100
AcDbEntity
  8
B.Cu
  6
CONTINUOUS
100
AcDbLine
 10
7.1618183464566929
 20
-3.8245181102362205
 30
0
 11
7.1644182283464568
 21
-3.8230170866141733
 31
0
  0
LINE
  5
D10
330
1F
100
AcDbEntity
  8
B.Cu
  6
CONTINUOUS
100
AcDbLine
 10
7.1644182283464568
 20
-3.8230170866141733
 30
0
 11
7.1673180314960625
 21
-3.8222400787401574
 31
0
  0
LINE
  5
D11
330
1F
100
AcDbEntity
  8
B.Cu
  6
CONTINUOUS
100
AcDbLine
 10
7.1673180314960625
 20
-3.8222400787401574
 30
0
 11
7.1703201574803144
 21
-3.8222400787401574
 31
0
  0
LINE
  5
D12
330
1F
100
AcDbEntity
  8
B.Cu
  6
CONTINUOUS
100
AcDbLine
 10
7.1703201574803144
 20
-3.8222400787401574
 30
0
 11
7.173219960629921
 21
-3.8230170866141733
 31
0
  0
LINE
  5
D13
330
1F
100
AcDbEntity
  8
B.Cu
  6
CONTINUOUS
100
AcDbLine
 10
7.2027475196850395
 20
-3.8230170866141733
 30
0
 11
7.2053474015748034
 21
-3.8245181102362205
 31
0
  0
LINE
  5
D14
330
1F
100
AcDbEntity
  8
B.Cu
  6
CONTINUOUS
100
AcDbLine
 10
7.2053474015748034
 20
-3.8245181102362205
 30
0
 11
7.2074702362204723
 21
-3.8266409448818899
 31
0
  0
LINE
  5
D15
330
1F
100
AcDbEntity
  8
B.Cu
  6
CONTINUOUS
100
AcDbLine
 10
7.2074702362204723
 20
-3.8266409448818899
 30
0
 11
7.20897125984252
 21
-3.8292408267716533
 31
0
  0
LINE
  5
D16
330
1F
100
AcDbEntity
  8
B.Cu
  6
CONTINUOUS
100
AcDbLine
 10
7.20897125984252
 20
-3.8292408267716533
 30
0
 11
7.2097482677165354
 21
-3.8321406299212599
 31
0
  0
LINE
  5
D17
330
1F
100
AcDbEntity
  8
B.Cu
  6
CONTINUOUS
100
AcDbLine
 10
7.2097482677165354
 20
-3.8321406299212599
 30
0
 11
7.2097482677165354
 21
-3.8351427559055118
 31
0
  0
LINE
  5
D18
330
1F
100
AcDbEntity
  8
B.Cu
  6
CONTINUOUS
100
AcDbLine
 10
7.2097482677165354
 20
-3.8351427559055118
 30
0
 11
7.20897125984252
 21
-3.8380425590551179
 31
0
  0
LINE
  5
D19
330
1F
100
AcDbEntity
  8
B.Cu
  6
CONTINUOUS
100
AcDbLine
 10
7.20897125984252
 20
-3.8380425590551179
 30
0
 11
7.2074702362204723
 21
-3.8406424409448818
 31
0
  0
LINE
  5
D1A
330
1F
100
AcDbEntity
  8
B.Cu
  6
CONTINUOUS
100
AcDbLine
 10
7.2074702362204723
 20
-3.8406424409448818
 30
0
 11
7.2053474015748034
 21
-3.8427652755905513
 31
0
  0
LINE
  5
D1B
330
1F
100
AcDbEntity
  8
B.Cu
  6
CONTINUOUS
100
AcDbLine
 10
7.2053474015748034
 20
-3.8427652755905513
 30
0
 11
7.2027475196850395
 21
-3.8442662992125984
 31
0
  0
LINE
  5
D1C
330
1F
100
AcDbEntity
  8
B.Cu
  6
CONTINUOUS
100
AcDbLine
 10
7.2027475196850395
 20
-3.8442662992125984
 30
0
 11
7.1998477165354329
 21
-3.8450433070866139
 31
0
  0
LINE
  5
D1D
330
1F
100
AcDbEntity
  8
B.Cu
  6
CONTINUOUS
100
AcDbLine
 10
7.1998477165354329
 20
-3.8450433070866139
 30
0
 11
7.196845590551181
 21
-3.8450433070866139
 31
0
  0
LINE
  5
D1E
330
1F
100
AcDbEntity
  8
B.Cu
  6
CONTINUOUS
100
AcDbLine
 10
7.196845590551181
 20
-3.8450433070866139
 30
0
 11
7.1939457874015744
 21
-3.8442662992125984
 31
0
  0
LINE
  5
D1F
330
1F
100
AcDbEntity
  8
B.Cu
  6
CONTINUOUS
100
AcDbLine
 10
7.1939457874015744
 20
-3.8442662992125984
 30
0
 11
7.1913459055118105
 21
-3.8427652755905513
 31
0
  0
LINE
  5
D20
330
1F
100
AcDbEntity
  8
B.Cu
  6
CONTINUOUS
100
AcDbLine
 10
7.1913459055118105
 20
-3.8427652755905513
 30
0
 11
7.1892230708661415
 21
-3.8406424409448818
 31
0
  0
LINE
  5
D21
330
1F
100
AcDbEntity
  8
B.Cu
  6
CONTINUOUS
100
AcDbLine
 10
7.1892230708661415
 20
-3.8406424409448818
 30
0
 11
7.1877220472440939
 21
-3.8380425590551179
 31
0
  0
LINE
  5
D22
330
1F
100
AcDbEntity
  8
B.Cu
  6
CONTINUOUS
100
AcDbLine
 10
7.1877220472440939
 20
-3.8380425590551179
 30
0
 11
7.1869450393700784
 21
-3.8351427559055118
 31
0
  0
LINE
  5
D23
330
1F
100
AcDbEntity
  8
B.Cu
  6
CONTINUOUS
100
AcDbLine
 10
7.1869450393700784
 20
-3.8351427559055118
 30
0
 11
7.1869450393700784
 21
-3.8321406299212599
 31
0
  0
LINE
  5
D24
330
1F
100
AcDbEntity
  8
B.Cu
  6
CONTINUOUS
100
AcDbLine
 10
7.1869450393700784
 20
-3.8321406299212599
 30
0
 11
7.1877220472440939
 21
-3.8292408267716533
 31
0
  0
LINE
  5
D25
330
1F
100
AcDbEntity
  8
B.Cu
  6
CONTINUOUS
100
AcDbLine
 10
7.1877220472440939
 20
-3.8292408267716533
 30
0
 11
7.1892230708661415
 21
-3.8266409448818899
 31
0
  0
LINE
  5
D26
330
1F
100
AcDbEntity
  8
B.Cu
  6
CONTINUOUS
100
AcDbLine
 10
7.1892230708661415
 20
-3.8266409448818899
 30
0
 11
7.1913459055118105
 21
-3.8245181102362205
 31
0
  0
LINE
  5
D27
330
1F
100
AcDbEntity
  8
B.Cu
  6
CONTINUOUS
100
AcDbLine
 10
7.1913459055118105
 20
-3.8245181102362205
 30
0
 11
7.1939457874015744
 21
-3.8230170866141733
 31
0
  0
LINE
  5
D28
330
1F
100
AcDbEntity
  8
B.Cu
  6
CONTINUOUS
100
AcDbLine
 10
7.1939457874015744
 20
-3.8230170866141733
 30
0
 11
7.196845590551181
 21
-3.8222400787401574
 31
0
  0
LINE
  5
D29
330
1F
100
AcDbEntity
  8
B.Cu
  6
CONTINUOUS
100
AcDbLine
 10
7.196845590551181
 20
-3.8222400787401574
 30
0
 11
7.1998477165354329
 21
-3.8222400787401574
 31
0
  0
LINE
  5
D2A
330
1F
100
AcDbEntity
  8
B.Cu
  6
CONTINUOUS
100
AcDbLine
 10
7.1998477165354329
 20
-3.8222400787401574
 30
0
 11
7.2027475196850395
 21
-3.8230170866141733
 31
0
  0
LINE
  5
D2B
330
1F
100
AcDbEntity
  8
B.Cu
  6
CONTINUOUS
100
AcDbLine
 10
5.4106618110236218
 20
-3.8155250393700788
 30
0
 11
5.4133320078740157
 21
-3.8170666929133859
 31
0
  0
LINE
  5
D2C
330
1F
100
AcDbEntity
  8
B.Cu
  6
CONTINUOUS
100
AcDbLine
 10
5.4133320078740157
 20
-3.8170666929133859
 30
0
 11
5.4155122440944883
 21
-3.819246929133858
 31
0
  0
LINE
  5
D2D
330
1F
100
AcDbEntity
  8
B.Cu
  6
CONTINUOUS
100
AcDbLine
 10
5.4155122440944883
 20
-3.819246929133858
 30
0
 11
5.4170538976377953
 21
-3.8219171259842519
 31
0
  0
LINE
  5
D2E
330
1F
100
AcDbEntity
  8
B.Cu
  6
CONTINUOUS
100
AcDbLine
 10
5.4170538976377953
 20
-3.8219171259842519
 30
0
 11
5.4178518897637797
 21
-3.8248953543307085
 31
0
  0
LINE
  5
D2F
330
1F
100
AcDbEntity
  8
B.Cu
  6
CONTINUOUS
100
AcDbLine
 10
5.4178518897637797
 20
-3.8248953543307085
 30
0
 11
5.4178518897637797
 21
-3.8279786614173226
 31
0
  0
LINE
  5
D30
330
1F
100
AcDbEntity
  8
B.Cu
  6
CONTINUOUS
100
AcDbLine
 10
5.4178518897637797
 20
-3.8279786614173226
 30
0
 11
5.4170538976377953
 21
-3.8309568897637796
 31
0
  0
LINE
  5
D31
330
1F
100
AcDbEntity
  8
B.Cu
  6
CONTINUOUS
100
AcDbLine
 10
5.4170538976377953
 20
-3.8309568897637796
 30
0
 11
5.4155122440944883
 21
-3.8336270866141731
 31
0
  0
LINE
  5
D32
330
1F
100
AcDbEntity
  8
B.Cu
  6
CONTINUOUS
100
AcDbLine
 10
5.4155122440944883
 20
-3.8336270866141731
 30
0
 11
5.4133320078740157
 21
-3.8358073228346456
 31
0
  0
LINE
  5
D33
330
1F
100
AcDbEntity
  8
B.Cu
  6
CONTINUOUS
100
AcDbLine
 10
5.4133320078740157
 20
-3.8358073228346456
 30
0
 11
5.4106618110236218
 21
-3.8373489763779527
 31
0
  0
LINE
  5
D34
330
1F
100
AcDbEntity
  8
B.Cu
  6
CONTINUOUS
100
AcDbLine
 10
5.4106618110236218
 20
-3.8373489763779527
 30
0
 11
5.4076835826771656
 21
-3.8381469685039371
 31
0
  0
LINE
  5
D35
330
1F
100
AcDbEntity
  8
B.Cu
  6
CONTINUOUS
100
AcDbLine
 10
5.4076835826771656
 20
-3.8381469685039371
 30
0
 11
5.4046002755905507
 21
-3.8381469685039371
 31
0
  0
LINE
  5
D36
330
1F
100
AcDbEntity
  8
B.Cu
  6
CONTINUOUS
100
AcDbLine
 10
5.4046002755905507
 20
-3.8381469685039371
 30
0
 11
5.4016220472440946
 21
-3.8373489763779527
 31
0
  0
LINE
  5
D37
330
1F
100
AcDbEntity
  8
B.Cu
  6
CONTINUOUS
100
AcDbLine
 10
5.4016220472440946
 20
-3.8373489763779527
 30
0
 11
5.3989518503937006
 21
-3.8358073228346456
 31
0
  0
LINE
  5
D38
330
1F
100
AcDbEntity
  8
B.Cu
  6
CONTINUOUS
100
AcDbLine
 10
5.3989518503937006
 20
-3.8358073228346456
 30
0
 11
5.396771614173228
 21
-3.8336270866141731
 31
0
  0
LINE
  5
D39
330
1F
100
AcDbEntity
  8
B.Cu
  6
CONTINUOUS
100
AcDbLine
 10
5.396771614173228
 20
-3.8336270866141731
 30
0
 11
5.395229960629921
 21
-3.8309568897637796
 31
0
  0
LINE
  5
D3A
330
1F
100
AcDbEntity
  8
B.Cu
  6
CONTINUOUS
100
AcDbLine
 10
5.395229960629921
 20
-3.8309568897637796
 30
0
 11
5.3944319685039366
 21
-3.8279786614173226
 31
0
  0
LINE
  5
D3B
330
1F
100
AcDbEntity
  8
B.Cu
  6
CONTINUOUS
100
AcDbLine
 10
5.3944319685039366
 20
-3.8279786614173226
 30
0
 11
5.3944319685039366
 21
-3.8248953543307085
 31
0
  0
LINE
  5
D3C
330
1F
100
AcDbEntity
  8
B.Cu
  6
CONTINUOUS
100
AcDbLine
 10
5.3944319685039366
 20
-3.8248953543307085
 30
0
 11
5.395229960629921
 21
-3.8219171259842519
 31
0
  0
LINE
  5
D3D
330
1F
100
AcDbEntity
  8
B.Cu
  6
CONTINUOUS
100
AcDbLine
 10
5.395229960629921
 20
-3.8219171259842519
 30
0
 11
5.396771614173228
 21
-3.819246929133858
 31
0
  0
LINE
  5
D3E
330
1F
100
AcDbEntity
  8
B.Cu
  6
CONTINUOUS
100
AcDbLine
 10
5.396771614173228
 20
-3.819246929133858
 30
0
 11
5.3989518503937006
 21
-3.8170666929133859
 31
0
  0
LINE
  5
D3F
330
1F
100
AcDbEntity
  8
B.Cu
  6
CONTINUOUS
100
AcDbLine
 10
5.3989518503937006
 20
-3.8170666929133859
 30
0
 11
5.4016220472440946
 21
-3.8155250393700788
 31
0
  0
LINE
  5
D40
330
1F
100
AcDbEntity
  8
B.Cu
  6
CONTINUOUS
100
AcDbLine
 10
5.4016220472440946
 20
-3.8155250393700788
 30
0
 11
5.4046002755905507
 21
-3.8147270472440944
 31
0
  0
LINE
  5
D41
330
1F
100
AcDbEntity
  8
B.Cu
  6
CONTINUOUS
100
AcDbLine
 10
5.4046002755905507
 20
-3.8147270472440944
 30
0
 11
5.4076835826771656
 21
-3.8147270472440944
 31
0
  0
LINE
  5
D42
330
1F
100
AcDbEntity
  8
B.Cu
  6
CONTINUOUS
100
AcDbLine
 10
5.4076835826771656
 20
-3.8147270472440944
 30
0
 11
5.4106618110236218
 21
-3.8155250393700788
 31
0
  0
LINE
  5
D43
330
1F
100
AcDbEntity
  8
B.Cu
  6
CONTINUOUS
100
AcDbLine
 10
6.6909364960629922
 20
-3.8131745669291339
 30
0
 11
6.6935363779527561
 21
-3.8146755905511811
 31
0
  0
LINE
  5
D44
330
1F
100
AcDbEntity
  8
B.Cu
  6
CONTINUOUS
100
AcDbLine
 10
6.6935363779527561
 20
-3.8146755905511811
 30
0
 11
6.6956592125984251
 21
-3.8167984251968501
 31
0
  0
LINE
  5
D45
330
1F
100
AcDbEntity
  8
B.Cu
  6
CONTINUOUS
100
AcDbLine
 10
6.6956592125984251
 20
-3.8167984251968501
 30
0
 11
6.6971602362204719
 21
-3.819398307086614
 31
0
  0
LINE
  5
D46
330
1F
100
AcDbEntity
  8
B.Cu
  6
CONTINUOUS
100
AcDbLine
 10
6.6971602362204719
 20
-3.819398307086614
 30
0
 11
6.6979372440944882
 21
-3.8222981102362206
 31
0
  0
LINE
  5
D47
330
1F
100
AcDbEntity
  8
B.Cu
  6
CONTINUOUS
100
AcDbLine
 10
6.6979372440944882
 20
-3.8222981102362206
 30
0
 11
6.6979372440944882
 21
-3.8253002362204724
 31
0
  0
LINE
  5
D48
330
1F
100
AcDbEntity
  8
B.Cu
  6
CONTINUOUS
100
AcDbLine
 10
6.6979372440944882
 20
-3.8253002362204724
 30
0
 11
6.6971602362204719
 21
-3.8282000393700786
 31
0
  0
LINE
  5
D49
330
1F
100
AcDbEntity
  8
B.Cu
  6
CONTINUOUS
100
AcDbLine
 10
6.6971602362204719
 20
-3.8282000393700786
 30
0
 11
6.6956592125984251
 21
-3.8307999212598425
 31
0
  0
LINE
  5
D4A
330
1F
100
AcDbEntity
  8
B.Cu
  6
CONTINUOUS
100
AcDbLine
 10
6.6956592125984251
 20
-3.8307999212598425
 30
0
 11
6.6935363779527561
 21
-3.8329227559055119
 31
0
  0
LINE
  5
D4B
330
1F
100
AcDbEntity
  8
B.Cu
  6
CONTINUOUS
100
AcDbLine
 10
6.6935363779527561
 20
-3.8329227559055119
 30
0
 11
6.6909364960629922
 21
-3.8344237795275591
 31
0
  0
LINE
  5
D4C
330
1F
100
AcDbEntity
  8
B.Cu
  6
CONTINUOUS
100
AcDbLine
 10
6.6909364960629922
 20
-3.8344237795275591
 30
0
 11
6.6880366929133857
 21
-3.8352007874015746
 31
0
  0
LINE
  5
D4D
330
1F
100
AcDbEntity
  8
B.Cu
  6
CONTINUOUS
100
AcDbLine
 10
6.6880366929133857
 20
-3.8352007874015746
 30
0
 11
6.6850345669291338
 21
-3.8352007874015746
 31
0
  0
LINE
  5
D4E
330
1F
100
AcDbEntity
  8
B.Cu
  6
CONTINUOUS
100
AcDbLine
 10
6.6850345669291338
 20
-3.8352007874015746
 30
0
 11
6.6821347637795272
 21
-3.8344237795275591
 31
0
  0
LINE
  5
D4F
330
1F
100
AcDbEntity
  8
B.Cu
  6
CONTINUOUS
100
AcDbLine
 10
6.6821347637795272
 20
-3.8344237795275591
 30
0
 11
6.6795348818897633
 21
-3.8329227559055119
 31
0
  0
LINE
  5
D50
330
1F
100
AcDbEntity
  8
B.Cu
  6
CONTINUOUS
100
AcDbLine
 10
6.6795348818897633
 20
-3.8329227559055119
 30
0
 11
6.6774120472440943
 21
-3.8307999212598425
 31
0
  0
LINE
  5
D51
330
1F
100
AcDbEntity
  8
B.Cu
  6
CONTINUOUS
100
AcDbLine
 10
6.6774120472440943
 20
-3.8307999212598425
 30
0
 11
6.6759110236220467
 21
-3.8282000393700786
 31
0
  0
LINE
  5
D52
330
1F
100
AcDbEntity
  8
B.Cu
  6
CONTINUOUS
100
AcDbLine
 10
6.6759110236220467
 20
-3.8282000393700786
 30
0
 11
6.6751340157480312
 21
-3.8253002362204724
 31
0
  0
LINE
  5
D53
330
1F
100
AcDbEntity
  8
B.Cu
  6
CONTINUOUS
100
AcDbLine
 10
6.6751340157480312
 20
-3.8253002362204724
 30
0
 11
6.6751340157480312
 21
-3.8222981102362206
 31
0
  0
LINE
  5
D54
330
1F
100
AcDbEntity
  8
B.Cu
  6
CONTINUOUS
100
AcDbLine
 10
6.6751340157480312
 20
-3.8222981102362206
 30
0
 11
6.6759110236220467
 21
-3.819398307086614
 31
0
  0
LINE
  5
D55
330
1F
100
AcDbEntity
  8
B.Cu
  6
CONTINUOUS
100
AcDbLine
 10
6.6759110236220467
 20
-3.819398307086614
 30
0
 11
6.6774120472440943
 21
-3.8167984251968501
 31
0
  0
LINE
  5
D56
330
1F
100
AcDbEntity
  8
B.Cu
  6
CONTINUOUS
100
AcDbLine
 10
6.6774120472440943
 20
-3.8167984251968501
 30
0
 11
6.6795348818897633
 21
-3.8146755905511811
 31
0
  0
LINE
  5
D57
330
1F
100
AcDbEntity
  8
B.Cu
  6
CONTINUOUS
100
AcDbLine
 10
6.6795348818897633
 20
-3.8146755905511811
 30
0
 11
6.6821347637795272
 21
-3.8131745669291339
 31
0
  0
LINE
  5
D58
330
1F
100
AcDbEntity
  8
B.Cu
  6
CONTINUOUS
100
AcDbLine
 10
6.6821347637795272
 20
-3.8131745669291339
 30
0
 11
6.6850345669291338
 21
-3.812397559055118
 31
0
  0
LINE
  5
D59
330
1F
100
AcDbEntity
  8
B.Cu
  6
CONTINUOUS
100
AcDbLine
 10
6.6850345669291338
 20
-3.812397559055118
 30
0
 11
6.6880366929133857
 21
-3.812397559055118
 31
0
  0
LINE
  5
D5A
330
1F
100
AcDbEntity
  8
B.Cu
  6
CONTINUOUS
100
AcDbLine
 10
6.6880366929133857
 20
-3.812397559055118
 30
0
 11
6.6909364960629922
 21
-3.8131745669291339
 31
0
  0
LINE
  5
D5B
330
1F
100
AcDbEntity
  8
B.Cu
  6
CONTINUOUS
100
AcDbLine
 10
6.7204640551181098
 20
-3.8131745669291339
 30
0
 11
6.7230639370078737
 21
-3.8146755905511811
 31
0
  0
LINE
  5
D5C
330
1F
100
AcDbEntity
  8
B.Cu
  6
CONTINUOUS
100
AcDbLine
 10
6.7230639370078737
 20
-3.8146755905511811
 30
0
 11
6.7251867716535427
 21
-3.8167984251968501
 31
0
  0
LINE
  5
D5D
330
1F
100
AcDbEntity
  8
B.Cu
  6
CONTINUOUS
100
AcDbLine
 10
6.7251867716535427
 20
-3.8167984251968501
 30
0
 11
6.7266877952755904
 21
-3.819398307086614
 31
0
  0
LINE
  5
D5E
330
1F
100
AcDbEntity
  8
B.Cu
  6
CONTINUOUS
100
AcDbLine
 10
6.7266877952755904
 20
-3.819398307086614
 30
0
 11
6.7274648031496058
 21
-3.8222981102362206
 31
0
  0
LINE
  5
D5F
330
1F
100
AcDbEntity
  8
B.Cu
  6
CONTINUOUS
100
AcDbLine
 10
6.7274648031496058
 20
-3.8222981102362206
 30
0
 11
6.7274648031496058
 21
-3.8253002362204724
 31
0
  0
LINE
  5
D60
330
1F
100
AcDbEntity
  8
B.Cu
  6
CONTINUOUS
100
AcDbLine
 10
6.7274648031496058
 20
-3.8253002362204724
 30
0
 11
6.7266877952755904
 21
-3.8282000393700786
 31
0
  0
LINE
  5
D61
330
1F
100
AcDbEntity
  8
B.Cu
  6
CONTINUOUS
100
AcDbLine
 10
6.7266877952755904
 20
-3.8282000393700786
 30
0
 11
6.7251867716535427
 21
-3.8307999212598425
 31
0
  0
LINE
  5
D62
330
1F
100
AcDbEntity
  8
B.Cu
  6
CONTINUOUS
100
AcDbLine
 10
6.7251867716535427
 20
-3.8307999212598425
 30
0
 11
6.7230639370078737
 21
-3.8329227559055119
 31
0
  0
LINE
  5
D63
330
1F
100
AcDbEntity
  8
B.Cu
  6
CONTINUOUS
100
AcDbLine
 10
6.7230639370078737
 20
-3.8329227559055119
 30
0
 11
6.7204640551181098
 21
-3.8344237795275591
 31
0
  0
LINE
  5
D64
330
1F
100
AcDbEntity
  8
B.Cu
  6
CONTINUOUS
100
AcDbLine
 10
6.7204640551181098
 20
-3.8344237795275591
 30
0
 11
6.7175642519685042
 21
-3.8352007874015746
 31
0
  0
LINE
  5
D65
330
1F
100
AcDbEntity
  8
B.Cu
  6
CONTINUOUS
100
AcDbLine
 10
6.7175642519685042
 20
-3.8352007874015746
 30
0
 11
6.7145621259842514
 21
-3.8352007874015746
 31
0
  0
LINE
  5
D66
330
1F
100
AcDbEntity
  8
B.Cu
  6
CONTINUOUS
100
AcDbLine
 10
6.7145621259842514
 20
-3.8352007874015746
 30
0
 11
6.7116623228346457
 21
-3.8344237795275591
 31
0
  0
LINE
  5
D67
330
1F
100
AcDbEntity
  8
B.Cu
  6
CONTINUOUS
100
AcDbLine
 10
6.7116623228346457
 20
-3.8344237795275591
 30
0
 11
6.7090624409448818
 21
-3.8329227559055119
 31
0
  0
LINE
  5
D68
330
1F
100
AcDbEntity
  8
B.Cu
  6
CONTINUOUS
100
AcDbLine
 10
6.7090624409448818
 20
-3.8329227559055119
 30
0
 11
6.7069396062992128
 21
-3.8307999212598425
 31
0
  0
LINE
  5
D69
330
1F
100
AcDbEntity
  8
B.Cu
  6
CONTINUOUS
100
AcDbLine
 10
6.7069396062992128
 20
-3.8307999212598425
 30
0
 11
6.7054385826771652
 21
-3.8282000393700786
 31
0
  0
LINE
  5
D6A
330
1F
100
AcDbEntity
  8
B.Cu
  6
CONTINUOUS
100
AcDbLine
 10
6.7054385826771652
 20
-3.8282000393700786
 30
0
 11
6.7046615748031497
 21
-3.8253002362204724
 31
0
  0
LINE
  5
D6B
330
1F
100
AcDbEntity
  8
B.Cu
  6
CONTINUOUS
100
AcDbLine
 10
6.7046615748031497
 20
-3.8253002362204724
 30
0
 11
6.7046615748031497
 21
-3.8222981102362206
 31
0
  0
LINE
  5
D6C
330
1F
100
AcDbEntity
  8
B.Cu
  6
CONTINUOUS
100
AcDbLine
 10
6.7046615748031497
 20
-3.8222981102362206
 30
0
 11
6.7054385826771652
 21
-3.819398307086614
 31
0
  0
LINE
  5
D6D
330
1F
100
AcDbEntity
  8
B.Cu
  6
CONTINUOUS
100
AcDbLine
 10
6.7054385826771652
 20
-3.819398307086614
 30
0
 11
6.7069396062992128
 21
-3.8167984251968501
 31
0
  0
LINE
  5
D6E
330
1F
100
AcDbEntity
  8
B.Cu
  6
CONTINUOUS
100
AcDbLine
 10
6.7069396062992128
 20
-3.8167984251968501
 30
0
 11
6.7090624409448818
 21
-3.8146755905511811
 31
0
  0
LINE
  5
D6F
330
1F
100
AcDbEntity
  8
B.Cu
  6
CONTINUOUS
100
AcDbLine
 10
6.7090624409448818
 20
-3.8146755905511811
 30
0
 11
6.7116623228346457
 21
-3.8131745669291339
 31
0
  0
LINE
  5
D70
330
1F
100
AcDbEntity
  8
B.Cu
  6
CONTINUOUS
100
AcDbLine
 10
6.7116623228346457
 20
-3.8131745669291339
 30
0
 11
6.7145621259842514
 21
-3.812397559055118
 31
0
  0
LINE
  5
D71
330
1F
100
AcDbEntity
  8
B.Cu
  6
CONTINUOUS
100
AcDbLine
 10
6.7145621259842514
 20
-3.812397559055118
 30
0
 11
6.7175642519685042
 21
-3.812397559055118
 31
0
  0
LINE
  5
D72
330
1F
100
AcDbEntity
  8
B.Cu
  6
CONTINUOUS
100
AcDbLine
 10
6.7175642519685042
 20
-3.812397559055118
 30
0
 11
6.7204640551181098
 21
-3.8131745669291339
 31
0
  0
LINE
  5
D73
330
1F
100
AcDbEntity
  8
B.Cu
  6
CONTINUOUS
100
AcDbLine
 10
6.7499916141732283
 20
-3.8131745669291339
 30
0
 11
6.7525914960629922
 21
-3.8146755905511811
 31
0
  0
LINE
  5
D74
330
1F
100
AcDbEntity
  8
B.Cu
  6
CONTINUOUS
100
AcDbLine
 10
6.7525914960629922
 20
-3.8146755905511811
 30
0
 11
6.7547143307086612
 21
-3.8167984251968501
 31
0
  0
LINE
  5
D75
330
1F
100
AcDbEntity
  8
B.Cu
  6
CONTINUOUS
100
AcDbLine
 10
6.7547143307086612
 20
-3.8167984251968501
 30
0
 11
6.7562153543307089
 21
-3.819398307086614
 31
0
  0
LINE
  5
D76
330
1F
100
AcDbEntity
  8
B.Cu
  6
CONTINUOUS
100
AcDbLine
 10
6.7562153543307089
 20
-3.819398307086614
 30
0
 11
6.7569923622047243
 21
-3.8222981102362206
 31
0
  0
LINE
  5
D77
330
1F
100
AcDbEntity
  8
B.Cu
  6
CONTINUOUS
100
AcDbLine
 10
6.7569923622047243
 20
-3.8222981102362206
 30
0
 11
6.7569923622047243
 21
-3.8253002362204724
 31
0
  0
LINE
  5
D78
330
1F
100
AcDbEntity
  8
B.Cu
  6
CONTINUOUS
100
AcDbLine
 10
6.7569923622047243
 20
-3.8253002362204724
 30
0
 11
6.7562153543307089
 21
-3.8282000393700786
 31
0
  0
LINE
  5
D79
330
1F
100
AcDbEntity
  8
B.Cu
  6
CONTINUOUS
100
AcDbLine
 10
6.7562153543307089
 20
-3.8282000393700786
 30
0
 11
6.7547143307086612
 21
-3.8307999212598425
 31
0
  0
LINE
  5
D7A
330
1F
100
AcDbEntity
  8
B.Cu
  6
CONTINUOUS
100
AcDbLine
 10
6.7547143307086612
 20
-3.8307999212598425
 30
0
 11
6.7525914960629922
 21
-3.8329227559055119
 31
0
  0
LINE
  5
D7B
330
1F
100
AcDbEntity
  8
B.Cu
  6
CONTINUOUS
100
AcDbLine
 10
6.7525914960629922
 20
-3.8329227559055119
 30
0
 11
6.7499916141732283
 21
-3.8344237795275591
 31
0
  0
LINE
  5
D7C
330
1F
100
AcDbEntity
  8
B.Cu
  6
CONTINUOUS
100
AcDbLine
 10
6.7499916141732283
 20
-3.8344237795275591
 30
0
 11
6.7470918110236218
 21
-3.8352007874015746
 31
0
  0
LINE
  5
D7D
330
1F
100
AcDbEntity
  8
B.Cu
  6
CONTINUOUS
100
AcDbLine
 10
6.7470918110236218
 20
-3.8352007874015746
 30
0
 11
6.7440896850393699
 21
-3.8352007874015746
 31
0
  0
LINE
  5
D7E
330
1F
100
AcDbEntity
  8
B.Cu
  6
CONTINUOUS
100
AcDbLine
 10
6.7440896850393699
 20
-3.8352007874015746
 30
0
 11
6.7411898818897633
 21
-3.8344237795275591
 31
0
  0
LINE
  5
D7F
330
1F
100
AcDbEntity
  8
B.Cu
  6
CONTINUOUS
100
AcDbLine
 10
6.7411898818897633
 20
-3.8344237795275591
 30
0
 11
6.7385899999999994
 21
-3.8329227559055119
 31
0
  0
LINE
  5
D80
330
1F
100
AcDbEntity
  8
B.Cu
  6
CONTINUOUS
100
AcDbLine
 10
6.7385899999999994
 20
-3.8329227559055119
 30
0
 11
6.7364671653543304
 21
-3.8307999212598425
 31
0
  0
LINE
  5
D81
330
1F
100
AcDbEntity
  8
B.Cu
  6
CONTINUOUS
100
AcDbLine
 10
6.7364671653543304
 20
-3.8307999212598425
 30
0
 11
6.7349661417322837
 21
-3.8282000393700786
 31
0
  0
LINE
  5
D82
330
1F
100
AcDbEntity
  8
B.Cu
  6
CONTINUOUS
100
AcDbLine
 10
6.7349661417322837
 20
-3.8282000393700786
 30
0
 11
6.7341891338582673
 21
-3.8253002362204724
 31
0
  0
LINE
  5
D83
330
1F
100
AcDbEntity
  8
B.Cu
  6
CONTINUOUS
100
AcDbLine
 10
6.7341891338582673
 20
-3.8253002362204724
 30
0
 11
6.7341891338582673
 21
-3.8222981102362206
 31
0
  0
LINE
  5
D84
330
1F
100
AcDbEntity
  8
B.Cu
  6
CONTINUOUS
100
AcDbLine
 10
6.7341891338582673
 20
-3.8222981102362206
 30
0
 11
6.7349661417322837
 21
-3.819398307086614
 31
0
  0
LINE
  5
D85
330
1F
100
AcDbEntity
  8
B.Cu
  6
CONTINUOUS
100
AcDbLine
 10
6.7349661417322837
 20
-3.819398307086614
 30
0
 11
6.7364671653543304
 21
-3.8167984251968501
 31
0
  0
LINE
  5
D86
330
1F
100
AcDbEntity
  8
B.Cu
  6
CONTINUOUS
100
AcDbLine
 10
6.7364671653543304
 20
-3.8167984251968501
 30
0
 11
6.7385899999999994
 21
-3.8146755905511811
 31
0
  0
LINE
  5
D87
330
1F
100
AcDbEntity
  8
B.Cu
  6
CONTINUOUS
100
AcDbLine
 10
6.7385899999999994
 20
-3.8146755905511811
 30
0
 11
6.7411898818897633
 21
-3.8131745669291339
 31
0
  0
LINE
  5
D88
330
1F
100
AcDbEntity
  8
B.Cu
  6
CONTINUOUS
100
AcDbLine
 10
6.7411898818897633
 20
-3.8131745669291339
 30
0
 11
6.7440896850393699
 21
-3.812397559055118
 31
0
  0
LINE
  5
D89
330
1F
100
AcDbEntity
  8
B.Cu
  6
CONTINUOUS
100
AcDbLine
 10
6.7440896850393699
 20
-3.812397559055118
 30
0
 11
6.7470918110236218
 21
-3.812397559055118
 31
0
  0
LINE
  5
D8A
330
1F
100
AcDbEntity
  8
B.Cu
  6
CONTINUOUS
100
AcDbLine
 10
6.7470918110236218
 20
-3.812397559055118
 30
0
 11
6.7499916141732283
 21
-3.8131745669291339
 31
0
  0
LINE
  5
D8B
330
1F
100
AcDbEntity
  8
B.Cu
  6
CONTINUOUS
100
AcDbLine
 10
6.779519173228346
 20
-3.8131745669291339
 30
0
 11
6.7821190551181099
 21
-3.8146755905511811
 31
0
  0
LINE
  5
D8C
330
1F
100
AcDbEntity
  8
B.Cu
  6
CONTINUOUS
100
AcDbLine
 10
6.7821190551181099
 20
-3.8146755905511811
 30
0
 11
6.7842418897637797
 21
-3.8167984251968501
 31
0
  0
LINE
  5
D8D
330
1F
100
AcDbEntity
  8
B.Cu
  6
CONTINUOUS
100
AcDbLine
 10
6.7842418897637797
 20
-3.8167984251968501
 30
0
 11
6.7857429133858265
 21
-3.819398307086614
 31
0
  0
LINE
  5
D8E
330
1F
100
AcDbEntity
  8
B.Cu
  6
CONTINUOUS
100
AcDbLine
 10
6.7857429133858265
 20
-3.819398307086614
 30
0
 11
6.7865199212598419
 21
-3.8222981102362206
 31
0
  0
LINE
  5
D8F
330
1F
100
AcDbEntity
  8
B.Cu
  6
CONTINUOUS
100
AcDbLine
 10
6.7865199212598419
 20
-3.8222981102362206
 30
0
 11
6.7865199212598419
 21
-3.8253002362204724
 31
0
  0
LINE
  5
D90
330
1F
100
AcDbEntity
  8
B.Cu
  6
CONTINUOUS
100
AcDbLine
 10
6.7865199212598419
 20
-3.8253002362204724
 30
0
 11
6.7857429133858265
 21
-3.8282000393700786
 31
0
  0
LINE
  5
D91
330
1F
100
AcDbEntity
  8
B.Cu
  6
CONTINUOUS
100
AcDbLine
 10
6.7857429133858265
 20
-3.8282000393700786
 30
0
 11
6.7842418897637797
 21
-3.8307999212598425
 31
0
  0
LINE
  5
D92
330
1F
100
AcDbEntity
  8
B.Cu
  6
CONTINUOUS
100
AcDbLine
 10
6.7842418897637797
 20
-3.8307999212598425
 30
0
 11
6.7821190551181099
 21
-3.8329227559055119
 31
0
  0
LINE
  5
D93
330
1F
100
AcDbEntity
  8
B.Cu
  6
CONTINUOUS
100
AcDbLine
 10
6.7821190551181099
 20
-3.8329227559055119
 30
0
 11
6.779519173228346
 21
-3.8344237795275591
 31
0
  0
LINE
  5
D94
330
1F
100
AcDbEntity
  8
B.Cu
  6
CONTINUOUS
100
AcDbLine
 10
6.779519173228346
 20
-3.8344237795275591
 30
0
 11
6.7766193700787403
 21
-3.8352007874015746
 31
0
  0
LINE
  5
D95
330
1F
100
AcDbEntity
  8
B.Cu
  6
CONTINUOUS
100
AcDbLine
 10
6.7766193700787403
 20
-3.8352007874015746
 30
0
 11
6.7736172440944884
 21
-3.8352007874015746
 31
0
  0
LINE
  5
D96
330
1F
100
AcDbEntity
  8
B.Cu
  6
CONTINUOUS
100
AcDbLine
 10
6.7736172440944884
 20
-3.8352007874015746
 30
0
 11
6.7707174409448818
 21
-3.8344237795275591
 31
0
  0
LINE
  5
D97
330
1F
100
AcDbEntity
  8
B.Cu
  6
CONTINUOUS
100
AcDbLine
 10
6.7707174409448818
 20
-3.8344237795275591
 30
0
 11
6.7681175590551179
 21
-3.8329227559055119
 31
0
  0
LINE
  5
D98
330
1F
100
AcDbEntity
  8
B.Cu
  6
CONTINUOUS
100
AcDbLine
 10
6.7681175590551179
 20
-3.8329227559055119
 30
0
 11
6.7659947244094489
 21
-3.8307999212598425
 31
0
  0
LINE
  5
D99
330
1F
100
AcDbEntity
  8
B.Cu
  6
CONTINUOUS
100
AcDbLine
 10
6.7659947244094489
 20
-3.8307999212598425
 30
0
 11
6.7644937007874013
 21
-3.8282000393700786
 31
0
  0
LINE
  5
D9A
330
1F
100
AcDbEntity
  8
B.Cu
  6
CONTINUOUS
100
AcDbLine
 10
6.7644937007874013
 20
-3.8282000393700786
 30
0
 11
6.7637166929133858
 21
-3.8253002362204724
 31
0
  0
LINE
  5
D9B
330
1F
100
AcDbEntity
  8
B.Cu
  6
CONTINUOUS
100
AcDbLine
 10
6.7637166929133858
 20
-3.8253002362204724
 30
0
 11
6.7637166929133858
 21
-3.8222981102362206
 31
0
  0
LINE
  5
D9C
330
1F
100
AcDbEntity
  8
B.Cu
  6
CONTINUOUS
100
AcDbLine
 10
6.7637166929133858
 20
-3.8222981102362206
 30
0
 11
6.7644937007874013
 21
-3.819398307086614
 31
0
  0
LINE
  5
D9D
330
1F
100
AcDbEntity
  8
B.Cu
  6
CONTINUOUS
100
AcDbLine
 10
6.7644937007874013
 20
-3.819398307086614
 30
0
 11
6.7659947244094489
 21
-3.8167984251968501
 31
0
  0
LINE
  5
D9E
330
1F
100
AcDbEntity
  8
B.Cu
  6
CONTINUOUS
100
AcDbLine
 10
6.7659947244094489
 20
-3.8167984251968501
 30
0
 11
6.7681175590551179
 21
-3.8146755905511811
 31
0
  0
LINE
  5
D9F
330
1F
100
AcDbEntity
  8
B.Cu
  6
CONTINUOUS
100
AcDbLine
 10
6.7681175590551179
 20
-3.8146755905511811
 30
0
 11
6.7707174409448818
 21
-3.8131745669291339
 31
0
  0
LINE
  5
DA0
330
1F
100
AcDbEntity
  8
B.Cu
  6
CONTINUOUS
100
AcDbLine
 10
6.7707174409448818
 20
-3.8131745669291339
 30
0
 11
6.7736172440944884
 21
-3.812397559055118
 31
0
  0
LINE
  5
DA1
330
1F
100
AcDbEntity
  8
B.Cu
  6
CONTINUOUS
100
AcDbLine
 10
6.7736172440944884
 20
-3.812397559055118
 30
0
 11
6.7766193700787403
 21
-3.812397559055118
 31
0
  0
LINE
  5
DA2
330
1F
100
AcDbEntity
  8
B.Cu
  6
CONTINUOUS
100
AcDbLine
 10
6.7766193700787403
 20
-3.812397559055118
 30
0
 11
6.779519173228346
 21
-3.8131745669291339
 31
0
  0
LINE
  5
DA3
330
1F
100
AcDbEntity
  8
B.Cu
  6
CONTINUOUS
100
AcDbLine
 10
6.8090467322834645
 20
-3.8131745669291339
 30
0
 11
6.8116466141732284
 21
-3.8146755905511811
 31
0
  0
LINE
  5
DA4
330
1F
100
AcDbEntity
  8
B.Cu
  6
CONTINUOUS
100
AcDbLine
 10
6.8116466141732284
 20
-3.8146755905511811
 30
0
 11
6.8137694488188973
 21
-3.8167984251968501
 31
0
  0
LINE
  5
DA5
330
1F
100
AcDbEntity
  8
B.Cu
  6
CONTINUOUS
100
AcDbLine
 10
6.8137694488188973
 20
-3.8167984251968501
 30
0
 11
6.815270472440945
 21
-3.819398307086614
 31
0
  0
LINE
  5
DA6
330
1F
100
AcDbEntity
  8
B.Cu
  6
CONTINUOUS
100
AcDbLine
 10
6.815270472440945
 20
-3.819398307086614
 30
0
 11
6.8160474803149604
 21
-3.8222981102362206
 31
0
  0
LINE
  5
DA7
330
1F
100
AcDbEntity
  8
B.Cu
  6
CONTINUOUS
100
AcDbLine
 10
6.8160474803149604
 20
-3.8222981102362206
 30
0
 11
6.8160474803149604
 21
-3.8253002362204724
 31
0
  0
LINE
  5
DA8
330
1F
100
AcDbEntity
  8
B.Cu
  6
CONTINUOUS
100
AcDbLine
 10
6.8160474803149604
 20
-3.8253002362204724
 30
0
 11
6.815270472440945
 21
-3.8282000393700786
 31
0
  0
LINE
  5
DA9
330
1F
100
AcDbEntity
  8
B.Cu
  6
CONTINUOUS
100
AcDbLine
 10
6.815270472440945
 20
-3.8282000393700786
 30
0
 11
6.8137694488188973
 21
-3.8307999212598425
 31
0
  0
LINE
  5
DAA
330
1F
100
AcDbEntity
  8
B.Cu
  6
CONTINUOUS
100
AcDbLine
 10
6.8137694488188973
 20
-3.8307999212598425
 30
0
 11
6.8116466141732284
 21
-3.8329227559055119
 31
0
  0
LINE
  5
DAB
330
1F
100
AcDbEntity
  8
B.Cu
  6
CONTINUOUS
100
AcDbLine
 10
6.8116466141732284
 20
-3.8329227559055119
 30
0
 11
6.8090467322834645
 21
-3.8344237795275591
 31
0
  0
LINE
  5
DAC
330
1F
100
AcDbEntity
  8
B.Cu
  6
CONTINUOUS
100
AcDbLine
 10
6.8090467322834645
 20
-3.8344237795275591
 30
0
 11
6.8061469291338579
 21
-3.8352007874015746
 31
0
  0
LINE
  5
DAD
330
1F
100
AcDbEntity
  8
B.Cu
  6
CONTINUOUS
100
AcDbLine
 10
6.8061469291338579
 20
-3.8352007874015746
 30
0
 11
6.803144803149606
 21
-3.8352007874015746
 31
0
  0
LINE
  5
DAE
330
1F
100
AcDbEntity
  8
B.Cu
  6
CONTINUOUS
100
AcDbLine
 10
6.803144803149606
 20
-3.8352007874015746
 30
0
 11
6.8002449999999994
 21
-3.8344237795275591
 31
0
  0
LINE
  5
DAF
330
1F
100
AcDbEntity
  8
B.Cu
  6
CONTINUOUS
100
AcDbLine
 10
6.8002449999999994
 20
-3.8344237795275591
 30
0
 11
6.7976451181102364
 21
-3.8329227559055119
 31
0
  0
LINE
  5
DB0
330
1F
100
AcDbEntity
  8
B.Cu
  6
CONTINUOUS
100
AcDbLine
 10
6.7976451181102364
 20
-3.8329227559055119
 30
0
 11
6.7955222834645665
 21
-3.8307999212598425
 31
0
  0
LINE
  5
DB1
330
1F
100
AcDbEntity
  8
B.Cu
  6
CONTINUOUS
100
AcDbLine
 10
6.7955222834645665
 20
-3.8307999212598425
 30
0
 11
6.7940212598425198
 21
-3.8282000393700786
 31
0
  0
LINE
  5
DB2
330
1F
100
AcDbEntity
  8
B.Cu
  6
CONTINUOUS
100
AcDbLine
 10
6.7940212598425198
 20
-3.8282000393700786
 30
0
 11
6.7932442519685035
 21
-3.8253002362204724
 31
0
  0
LINE
  5
DB3
330
1F
100
AcDbEntity
  8
B.Cu
  6
CONTINUOUS
100
AcDbLine
 10
6.7932442519685035
 20
-3.8253002362204724
 30
0
 11
6.7932442519685035
 21
-3.8222981102362206
 31
0
  0
LINE
  5
DB4
330
1F
100
AcDbEntity
  8
B.Cu
  6
CONTINUOUS
100
AcDbLine
 10
6.7932442519685035
 20
-3.8222981102362206
 30
0
 11
6.7940212598425198
 21
-3.819398307086614
 31
0
  0
LINE
  5
DB5
330
1F
100
AcDbEntity
  8
B.Cu
  6
CONTINUOUS
100
AcDbLine
 10
6.7940212598425198
 20
-3.819398307086614
 30
0
 11
6.7955222834645665
 21
-3.8167984251968501
 31
0
  0
LINE
  5
DB6
330
1F
100
AcDbEntity
  8
B.Cu
  6
CONTINUOUS
100
AcDbLine
 10
6.7955222834645665
 20
-3.8167984251968501
 30
0
 11
6.7976451181102364
 21
-3.8146755905511811
 31
0
  0
LINE
  5
DB7
330
1F
100
AcDbEntity
  8
B.Cu
  6
CONTINUOUS
100
AcDbLine
 10
6.7976451181102364
 20
-3.8146755905511811
 30
0
 11
6.8002449999999994
 21
-3.8131745669291339
 31
0
  0
LINE
  5
DB8
330
1F
100
AcDbEntity
  8
B.Cu
  6
CONTINUOUS
100
AcDbLine
 10
6.8002449999999994
 20
-3.8131745669291339
 30
0
 11
6.803144803149606
 21
-3.812397559055118
 31
0
  0
LINE
  5
DB9
330
1F
100
AcDbEntity
  8
B.Cu
  6
CONTINUOUS
100
AcDbLine
 10
6.803144803149606
 20
-3.812397559055118
 30
0
 11
6.8061469291338579
 21
-3.812397559055118
 31
0
  0
LINE
  5
DBA
330
1F
100
AcDbEntity
  8
B.Cu
  6
CONTINUOUS
100
AcDbLine
 10
6.8061469291338579
 20
-3.812397559055118
 30
0
 11
6.8090467322834645
 21
-3.8131745669291339
 31
0
  0
LINE
  5
DBB
330
1F
100
AcDbEntity
  8
B.Cu
  6
CONTINUOUS
100
AcDbLine
 10
6.8385742913385821
 20
-3.8131745669291339
 30
0
 11
6.841174173228346
 21
-3.8146755905511811
 31
0
  0
LINE
  5
DBC
330
1F
100
AcDbEntity
  8
B.Cu
  6
CONTINUOUS
100
AcDbLine
 10
6.841174173228346
 20
-3.8146755905511811
 30
0
 11
6.8432970078740158
 21
-3.8167984251968501
 31
0
  0
LINE
  5
DBD
330
1F
100
AcDbEntity
  8
B.Cu
  6
CONTINUOUS
100
AcDbLine
 10
6.8432970078740158
 20
-3.8167984251968501
 30
0
 11
6.8447980314960626
 21
-3.819398307086614
 31
0
  0
LINE
  5
DBE
330
1F
100
AcDbEntity
  8
B.Cu
  6
CONTINUOUS
100
AcDbLine
 10
6.8447980314960626
 20
-3.819398307086614
 30
0
 11
6.8455750393700789
 21
-3.8222981102362206
 31
0
  0
LINE
  5
DBF
330
1F
100
AcDbEntity
  8
B.Cu
  6
CONTINUOUS
100
AcDbLine
 10
6.8455750393700789
 20
-3.8222981102362206
 30
0
 11
6.8455750393700789
 21
-3.8253002362204724
 31
0
  0
LINE
  5
DC0
330
1F
100
AcDbEntity
  8
B.Cu
  6
CONTINUOUS
100
AcDbLine
 10
6.8455750393700789
 20
-3.8253002362204724
 30
0
 11
6.8447980314960626
 21
-3.8282000393700786
 31
0
  0
LINE
  5
DC1
330
1F
100
AcDbEntity
  8
B.Cu
  6
CONTINUOUS
100
AcDbLine
 10
6.8447980314960626
 20
-3.8282000393700786
 30
0
 11
6.8432970078740158
 21
-3.8307999212598425
 31
0
  0
LINE
  5
DC2
330
1F
100
AcDbEntity
  8
B.Cu
  6
CONTINUOUS
100
AcDbLine
 10
6.8432970078740158
 20
-3.8307999212598425
 30
0
 11
6.841174173228346
 21
-3.8329227559055119
 31
0
  0
LINE
  5
DC3
330
1F
100
AcDbEntity
  8
B.Cu
  6
CONTINUOUS
100
AcDbLine
 10
6.841174173228346
 20
-3.8329227559055119
 30
0
 11
6.8385742913385821
 21
-3.8344237795275591
 31
0
  0
LINE
  5
DC4
330
1F
100
AcDbEntity
  8
B.Cu
  6
CONTINUOUS
100
AcDbLine
 10
6.8385742913385821
 20
-3.8344237795275591
 30
0
 11
6.8356744881889764
 21
-3.8352007874015746
 31
0
  0
LINE
  5
DC5
330
1F
100
AcDbEntity
  8
B.Cu
  6
CONTINUOUS
100
AcDbLine
 10
6.8356744881889764
 20
-3.8352007874015746
 30
0
 11
6.8326723622047245
 21
-3.8352007874015746
 31
0
  0
LINE
  5
DC6
330
1F
100
AcDbEntity
  8
B.Cu
  6
CONTINUOUS
100
AcDbLine
 10
6.8326723622047245
 20
-3.8352007874015746
 30
0
 11
6.8297725590551179
 21
-3.8344237795275591
 31
0
  0
LINE
  5
DC7
330
1F
100
AcDbEntity
  8
B.Cu
  6
CONTINUOUS
100
AcDbLine
 10
6.8297725590551179
 20
-3.8344237795275591
 30
0
 11
6.827172677165354
 21
-3.8329227559055119
 31
0
  0
LINE
  5
DC8
330
1F
100
AcDbEntity
  8
B.Cu
  6
CONTINUOUS
100
AcDbLine
 10
6.827172677165354
 20
-3.8329227559055119
 30
0
 11
6.8250498425196851
 21
-3.8307999212598425
 31
0
  0
LINE
  5
DC9
330
1F
100
AcDbEntity
  8
B.Cu
  6
CONTINUOUS
100
AcDbLine
 10
6.8250498425196851
 20
-3.8307999212598425
 30
0
 11
6.8235488188976374
 21
-3.8282000393700786
 31
0
  0
LINE
  5
DCA
330
1F
100
AcDbEntity
  8
B.Cu
  6
CONTINUOUS
100
AcDbLine
 10
6.8235488188976374
 20
-3.8282000393700786
 30
0
 11
6.822771811023622
 21
-3.8253002362204724
 31
0
  0
LINE
  5
DCB
330
1F
100
AcDbEntity
  8
B.Cu
  6
CONTINUOUS
100
AcDbLine
 10
6.822771811023622
 20
-3.8253002362204724
 30
0
 11
6.822771811023622
 21
-3.8222981102362206
 31
0
  0
LINE
  5
DCC
330
1F
100
AcDbEntity
  8
B.Cu
  6
CONTINUOUS
100
AcDbLine
 10
6.822771811023622
 20
-3.8222981102362206
 30
0
 11
6.8235488188976374
 21
-3.819398307086614
 31
0
  0
LINE
  5
DCD
330
1F
100
AcDbEntity
  8
B.Cu
  6
CONTINUOUS
100
AcDbLine
 10
6.8235488188976374
 20
-3.819398307086614
 30
0
 11
6.8250498425196851
 21
-3.8167984251968501
 31
0
  0
LINE
  5
DCE
330
1F
100
AcDbEntity
  8
B.Cu
  6
CONTINUOUS
100
AcDbLine
 10
6.8250498425196851
 20
-3.8167984251968501
 30
0
 11
6.827172677165354
 21
-3.8146755905511811
 31
0
  0
LINE
  5
DCF
330
1F
100
AcDbEntity
  8
B.Cu
  6
CONTINUOUS
100
AcDbLine
 10
6.827172677165354
 20
-3.8146755905511811
 30
0
 11
6.8297725590551179
 21
-3.8131745669291339
 31
0
  0
LINE
  5
DD0
330
1F
100
AcDbEntity
  8
B.Cu
  6
CONTINUOUS
100
AcDbLine
 10
6.8297725590551179
 20
-3.8131745669291339
 30
0
 11
6.8326723622047245
 21
-3.812397559055118
 31
0
  0
LINE
  5
DD1
330
1F
100
AcDbEntity
  8
B.Cu
  6
CONTINUOUS
100
AcDbLine
 10
6.8326723622047245
 20
-3.812397559055118
 30
0
 11
6.8356744881889764
 21
-3.812397559055118
 31
0
  0
LINE
  5
DD2
330
1F
100
AcDbEntity
  8
B.Cu
  6
CONTINUOUS
100
AcDbLine
 10
6.8356744881889764
 20
-3.812397559055118
 30
0
 11
6.8385742913385821
 21
-3.8131745669291339
 31
0
  0
LINE
  5
DD3
330
1F
100
AcDbEntity
  8
B.Cu
  6
CONTINUOUS
100
AcDbLine
 10
6.9665270472440941
 20
-3.8131745669291339
 30
0
 11
6.969126929133858
 21
-3.8146755905511811
 31
0
  0
LINE
  5
DD4
330
1F
100
AcDbEntity
  8
B.Cu
  6
CONTINUOUS
100
AcDbLine
 10
6.969126929133858
 20
-3.8146755905511811
 30
0
 11
6.971249763779527
 21
-3.8167984251968501
 31
0
  0
LINE
  5
DD5
330
1F
100
AcDbEntity
  8
B.Cu
  6
CONTINUOUS
100
AcDbLine
 10
6.971249763779527
 20
-3.8167984251968501
 30
0
 11
6.9727507874015746
 21
-3.819398307086614
 31
0
  0
LINE
  5
DD6
330
1F
100
AcDbEntity
  8
B.Cu
  6
CONTINUOUS
100
AcDbLine
 10
6.9727507874015746
 20
-3.819398307086614
 30
0
 11
6.9735277952755901
 21
-3.8222981102362206
 31
0
  0
LINE
  5
DD7
330
1F
100
AcDbEntity
  8
B.Cu
  6
CONTINUOUS
100
AcDbLine
 10
6.9735277952755901
 20
-3.8222981102362206
 30
0
 11
6.9735277952755901
 21
-3.8253002362204724
 31
0
  0
LINE
  5
DD8
330
1F
100
AcDbEntity
  8
B.Cu
  6
CONTINUOUS
100
AcDbLine
 10
6.9735277952755901
 20
-3.8253002362204724
 30
0
 11
6.9727507874015746
 21
-3.8282000393700786
 31
0
  0
LINE
  5
DD9
330
1F
100
AcDbEntity
  8
B.Cu
  6
CONTINUOUS
100
AcDbLine
 10
6.9727507874015746
 20
-3.8282000393700786
 30
0
 11
6.971249763779527
 21
-3.8307999212598425
 31
0
  0
LINE
  5
DDA
330
1F
100
AcDbEntity
  8
B.Cu
  6
CONTINUOUS
100
AcDbLine
 10
6.971249763779527
 20
-3.8307999212598425
 30
0
 11
6.969126929133858
 21
-3.8329227559055119
 31
0
  0
LINE
  5
DDB
330
1F
100
AcDbEntity
  8
B.Cu
  6
CONTINUOUS
100
AcDbLine
 10
6.969126929133858
 20
-3.8329227559055119
 30
0
 11
6.9665270472440941
 21
-3.8344237795275591
 31
0
  0
LINE
  5
DDC
330
1F
100
AcDbEntity
  8
B.Cu
  6
CONTINUOUS
100
AcDbLine
 10
6.9665270472440941
 20
-3.8344237795275591
 30
0
 11
6.9636272440944884
 21
-3.8352007874015746
 31
0
  0
LINE
  5
DDD
330
1F
100
AcDbEntity
  8
B.Cu
  6
CONTINUOUS
100
AcDbLine
 10
6.9636272440944884
 20
-3.8352007874015746
 30
0
 11
6.9606251181102357
 21
-3.8352007874015746
 31
0
  0
LINE
  5
DDE
330
1F
100
AcDbEntity
  8
B.Cu
  6
CONTINUOUS
100
AcDbLine
 10
6.9606251181102357
 20
-3.8352007874015746
 30
0
 11
6.95772531496063
 21
-3.8344237795275591
 31
0
  0
LINE
  5
DDF
330
1F
100
AcDbEntity
  8
B.Cu
  6
CONTINUOUS
100
AcDbLine
 10
6.95772531496063
 20
-3.8344237795275591
 30
0
 11
6.9551254330708661
 21
-3.8329227559055119
 31
0
  0
LINE
  5
DE0
330
1F
100
AcDbEntity
  8
B.Cu
  6
CONTINUOUS
100
AcDbLine
 10
6.9551254330708661
 20
-3.8329227559055119
 30
0
 11
6.9530025984251971
 21
-3.8307999212598425
 31
0
  0
LINE
  5
DE1
330
1F
100
AcDbEntity
  8
B.Cu
  6
CONTINUOUS
100
AcDbLine
 10
6.9530025984251971
 20
-3.8307999212598425
 30
0
 11
6.9515015748031495
 21
-3.8282000393700786
 31
0
  0
LINE
  5
DE2
330
1F
100
AcDbEntity
  8
B.Cu
  6
CONTINUOUS
100
AcDbLine
 10
6.9515015748031495
 20
-3.8282000393700786
 30
0
 11
6.950724566929134
 21
-3.8253002362204724
 31
0
  0
LINE
  5
DE3
330
1F
100
AcDbEntity
  8
B.Cu
  6
CONTINUOUS
100
AcDbLine
 10
6.950724566929134
 20
-3.8253002362204724
 30
0
 11
6.950724566929134
 21
-3.8222981102362206
 31
0
  0
LINE
  5
DE4
330
1F
100
AcDbEntity
  8
B.Cu
  6
CONTINUOUS
100
AcDbLine
 10
6.950724566929134
 20
-3.8222981102362206
 30
0
 11
6.9515015748031495
 21
-3.819398307086614
 31
0
  0
LINE
  5
DE5
330
1F
100
AcDbEntity
  8
B.Cu
  6
CONTINUOUS
100
AcDbLine
 10
6.9515015748031495
 20
-3.819398307086614
 30
0
 11
6.9530025984251971
 21
-3.8167984251968501
 31
0
  0
LINE
  5
DE6
330
1F
100
AcDbEntity
  8
B.Cu
  6
CONTINUOUS
100
AcDbLine
 10
6.9530025984251971
 20
-3.8167984251968501
 30
0
 11
6.9551254330708661
 21
-3.8146755905511811
 31
0
  0
LINE
  5
DE7
330
1F
100
AcDbEntity
  8
B.Cu
  6
CONTINUOUS
100
AcDbLine
 10
6.9551254330708661
 20
-3.8146755905511811
 30
0
 11
6.95772531496063
 21
-3.8131745669291339
 31
0
  0
LINE
  5
DE8
330
1F
100
AcDbEntity
  8
B.Cu
  6
CONTINUOUS
100
AcDbLine
 10
6.95772531496063
 20
-3.8131745669291339
 30
0
 11
6.9606251181102357
 21
-3.812397559055118
 31
0
  0
LINE
  5
DE9
330
1F
100
AcDbEntity
  8
B.Cu
  6
CONTINUOUS
100
AcDbLine
 10
6.9606251181102357
 20
-3.812397559055118
 30
0
 11
6.9636272440944884
 21
-3.812397559055118
 31
0
  0
LINE
  5
DEA
330
1F
100
AcDbEntity
  8
B.Cu
  6
CONTINUOUS
100
AcDbLine
 10
6.9636272440944884
 20
-3.812397559055118
 30
0
 11
6.9665270472440941
 21
-3.8131745669291339
 31
0
  0
LINE
  5
DEB
330
1F
100
AcDbEntity
  8
B.Cu
  6
CONTINUOUS
100
AcDbLine
 10
6.9960546062992126
 20
-3.8131745669291339
 30
0
 11
6.9986544881889765
 21
-3.8146755905511811
 31
0
  0
LINE
  5
DEC
330
1F
100
AcDbEntity
  8
B.Cu
  6
CONTINUOUS
100
AcDbLine
 10
6.9986544881889765
 20
-3.8146755905511811
 30
0
 11
7.0007773228346455
 21
-3.8167984251968501
 31
0
  0
LINE
  5
DED
330
1F
100
AcDbEntity
  8
B.Cu
  6
CONTINUOUS
100
AcDbLine
 10
7.0007773228346455
 20
-3.8167984251968501
 30
0
 11
7.0022783464566931
 21
-3.819398307086614
 31
0
  0
LINE
  5
DEE
330
1F
100
AcDbEntity
  8
B.Cu
  6
CONTINUOUS
100
AcDbLine
 10
7.0022783464566931
 20
-3.819398307086614
 30
0
 11
7.0030553543307086
 21
-3.8222981102362206
 31
0
  0
LINE
  5
DEF
330
1F
100
AcDbEntity
  8
B.Cu
  6
CONTINUOUS
100
AcDbLine
 10
7.0030553543307086
 20
-3.8222981102362206
 30
0
 11
7.0030553543307086
 21
-3.8253002362204724
 31
0
  0
LINE
  5
DF0
330
1F
100
AcDbEntity
  8
B.Cu
  6
CONTINUOUS
100
AcDbLine
 10
7.0030553543307086
 20
-3.8253002362204724
 30
0
 11
7.0022783464566931
 21
-3.8282000393700786
 31
0
  0
LINE
  5
DF1
330
1F
100
AcDbEntity
  8
B.Cu
  6
CONTINUOUS
100
AcDbLine
 10
7.0022783464566931
 20
-3.8282000393700786
 30
0
 11
7.0007773228346455
 21
-3.8307999212598425
 31
0
  0
LINE
  5
DF2
330
1F
100
AcDbEntity
  8
B.Cu
  6
CONTINUOUS
100
AcDbLine
 10
7.0007773228346455
 20
-3.8307999212598425
 30
0
 11
6.9986544881889765
 21
-3.8329227559055119
 31
0
  0
LINE
  5
DF3
330
1F
100
AcDbEntity
  8
B.Cu
  6
CONTINUOUS
100
AcDbLine
 10
6.9986544881889765
 20
-3.8329227559055119
 30
0
 11
6.9960546062992126
 21
-3.8344237795275591
 31
0
  0
LINE
  5
DF4
330
1F
100
AcDbEntity
  8
B.Cu
  6
CONTINUOUS
100
AcDbLine
 10
6.9960546062992126
 20
-3.8344237795275591
 30
0
 11
6.993154803149606
 21
-3.8352007874015746
 31
0
  0
LINE
  5
DF5
330
1F
100
AcDbEntity
  8
B.Cu
  6
CONTINUOUS
100
AcDbLine
 10
6.993154803149606
 20
-3.8352007874015746
 30
0
 11
6.9901526771653542
 21
-3.8352007874015746
 31
0
  0
LINE
  5
DF6
330
1F
100
AcDbEntity
  8
B.Cu
  6
CONTINUOUS
100
AcDbLine
 10
6.9901526771653542
 20
-3.8352007874015746
 30
0
 11
6.9872528740157476
 21
-3.8344237795275591
 31
0
  0
LINE
  5
DF7
330
1F
100
AcDbEntity
  8
B.Cu
  6
CONTINUOUS
100
AcDbLine
 10
6.9872528740157476
 20
-3.8344237795275591
 30
0
 11
6.9846529921259837
 21
-3.8329227559055119
 31
0
  0
LINE
  5
DF8
330
1F
100
AcDbEntity
  8
B.Cu
  6
CONTINUOUS
100
AcDbLine
 10
6.9846529921259837
 20
-3.8329227559055119
 30
0
 11
6.9825301574803147
 21
-3.8307999212598425
 31
0
  0
LINE
  5
DF9
330
1F
100
AcDbEntity
  8
B.Cu
  6
CONTINUOUS
100
AcDbLine
 10
6.9825301574803147
 20
-3.8307999212598425
 30
0
 11
6.981029133858268
 21
-3.8282000393700786
 31
0
  0
LINE
  5
DFA
330
1F
100
AcDbEntity
  8
B.Cu
  6
CONTINUOUS
100
AcDbLine
 10
6.981029133858268
 20
-3.8282000393700786
 30
0
 11
6.9802521259842516
 21
-3.8253002362204724
 31
0
  0
LINE
  5
DFB
330
1F
100
AcDbEntity
  8
B.Cu
  6
CONTINUOUS
100
AcDbLine
 10
6.9802521259842516
 20
-3.8253002362204724
 30
0
 11
6.9802521259842516
 21
-3.8222981102362206
 31
0
  0
LINE
  5
DFC
330
1F
100
AcDbEntity
  8
B.Cu
  6
CONTINUOUS
100
AcDbLine
 10
6.9802521259842516
 20
-3.8222981102362206
 30
0
 11
6.981029133858268
 21
-3.819398307086614
 31
0
  0
LINE
  5
DFD
330
1F
100
AcDbEntity
  8
B.Cu
  6
CONTINUOUS
100
AcDbLine
 10
6.981029133858268
 20
-3.819398307086614
 30
0
 11
6.9825301574803147
 21
-3.8167984251968501
 31
0
  0
LINE
  5
DFE
330
1F
100
AcDbEntity
  8
B.Cu
  6
CONTINUOUS
100
AcDbLine
 10
6.9825301574803147
 20
-3.8167984251968501
 30
0
 11
6.9846529921259837
 21
-3.8146755905511811
 31
0
  0
LINE
  5
DFF
330
1F
100
AcDbEntity
  8
B.Cu
  6
CONTINUOUS
100
AcDbLine
 10
6.9846529921259837
 20
-3.8146755905511811
 30
0
 11
6.9872528740157476
 21
-3.8131745669291339
 31
0
  0
LINE
  5
E00
330
1F
100
AcDbEntity
  8
B.Cu
  6
CONTINUOUS
100
AcDbLine
 10
6.9872528740157476
 20
-3.8131745669291339
 30
0
 11
6.9901526771653542
 21
-3.812397559055118
 31
0
  0
LINE
  5
E01
330
1F
100
AcDbEntity
  8
B.Cu
  6
CONTINUOUS
100
AcDbLine
 10
6.9901526771653542
 20
-3.812397559055118
 30
0
 11
6.993154803149606
 21
-3.812397559055118
 31
0
  0
LINE
  5
E02
330
1F
100
AcDbEntity
  8
B.Cu
  6
CONTINUOUS
100
AcDbLine
 10
6.993154803149606
 20
-3.812397559055118
 30
0
 11
6.9960546062992126
 21
-3.8131745669291339
 31
0
  0
LINE
  5
E03
330
1F
100
AcDbEntity
  8
B.Cu
  6
CONTINUOUS
100
AcDbLine
 10
7.0255821653543302
 20
-3.8131745669291339
 30
0
 11
7.0281820472440941
 21
-3.8146755905511811
 31
0
  0
LINE
  5
E04
330
1F
100
AcDbEntity
  8
B.Cu
  6
CONTINUOUS
100
AcDbLine
 10
7.0281820472440941
 20
-3.8146755905511811
 30
0
 11
7.030304881889764
 21
-3.8167984251968501
 31
0
  0
LINE
  5
E05
330
1F
100
AcDbEntity
  8
B.Cu
  6
CONTINUOUS
100
AcDbLine
 10
7.030304881889764
 20
-3.8167984251968501
 30
0
 11
7.0318059055118107
 21
-3.819398307086614
 31
0
  0
LINE
  5
E06
330
1F
100
AcDbEntity
  8
B.Cu
  6
CONTINUOUS
100
AcDbLine
 10
7.0318059055118107
 20
-3.819398307086614
 30
0
 11
7.0325829133858262
 21
-3.8222981102362206
 31
0
  0
LINE
  5
E07
330
1F
100
AcDbEntity
  8
B.Cu
  6
CONTINUOUS
100
AcDbLine
 10
7.0325829133858262
 20
-3.8222981102362206
 30
0
 11
7.0325829133858262
 21
-3.8253002362204724
 31
0
  0
LINE
  5
E08
330
1F
100
AcDbEntity
  8
B.Cu
  6
CONTINUOUS
100
AcDbLine
 10
7.0325829133858262
 20
-3.8253002362204724
 30
0
 11
7.0318059055118107
 21
-3.8282000393700786
 31
0
  0
LINE
  5
E09
330
1F
100
AcDbEntity
  8
B.Cu
  6
CONTINUOUS
100
AcDbLine
 10
7.0318059055118107
 20
-3.8282000393700786
 30
0
 11
7.030304881889764
 21
-3.8307999212598425
 31
0
  0
LINE
  5
E0A
330
1F
100
AcDbEntity
  8
B.Cu
  6
CONTINUOUS
100
AcDbLine
 10
7.030304881889764
 20
-3.8307999212598425
 30
0
 11
7.0281820472440941
 21
-3.8329227559055119
 31
0
  0
LINE
  5
E0B
330
1F
100
AcDbEntity
  8
B.Cu
  6
CONTINUOUS
100
AcDbLine
 10
7.0281820472440941
 20
-3.8329227559055119
 30
0
 11
7.0255821653543302
 21
-3.8344237795275591
 31
0
  0
LINE
  5
E0C
330
1F
100
AcDbEntity
  8
B.Cu
  6
CONTINUOUS
100
AcDbLine
 10
7.0255821653543302
 20
-3.8344237795275591
 30
0
 11
7.0226823622047245
 21
-3.8352007874015746
 31
0
  0
LINE
  5
E0D
330
1F
100
AcDbEntity
  8
B.Cu
  6
CONTINUOUS
100
AcDbLine
 10
7.0226823622047245
 20
-3.8352007874015746
 30
0
 11
7.0196802362204727
 21
-3.8352007874015746
 31
0
  0
LINE
  5
E0E
330
1F
100
AcDbEntity
  8
B.Cu
  6
CONTINUOUS
100
AcDbLine
 10
7.0196802362204727
 20
-3.8352007874015746
 30
0
 11
7.0167804330708661
 21
-3.8344237795275591
 31
0
  0
LINE
  5
E0F
330
1F
100
AcDbEntity
  8
B.Cu
  6
CONTINUOUS
100
AcDbLine
 10
7.0167804330708661
 20
-3.8344237795275591
 30
0
 11
7.0141805511811022
 21
-3.8329227559055119
 31
0
  0
LINE
  5
E10
330
1F
100
AcDbEntity
  8
B.Cu
  6
CONTINUOUS
100
AcDbLine
 10
7.0141805511811022
 20
-3.8329227559055119
 30
0
 11
7.0120577165354332
 21
-3.8307999212598425
 31
0
  0
LINE
  5
E11
330
1F
100
AcDbEntity
  8
B.Cu
  6
CONTINUOUS
100
AcDbLine
 10
7.0120577165354332
 20
-3.8307999212598425
 30
0
 11
7.0105566929133856
 21
-3.8282000393700786
 31
0
  0
LINE
  5
E12
330
1F
100
AcDbEntity
  8
B.Cu
  6
CONTINUOUS
100
AcDbLine
 10
7.0105566929133856
 20
-3.8282000393700786
 30
0
 11
7.0097796850393701
 21
-3.8253002362204724
 31
0
  0
LINE
  5
E13
330
1F
100
AcDbEntity
  8
B.Cu
  6
CONTINUOUS
100
AcDbLine
 10
7.0097796850393701
 20
-3.8253002362204724
 30
0
 11
7.0097796850393701
 21
-3.8222981102362206
 31
0
  0
LINE
  5
E14
330
1F
100
AcDbEntity
  8
B.Cu
  6
CONTINUOUS
100
AcDbLine
 10
7.0097796850393701
 20
-3.8222981102362206
 30
0
 11
7.0105566929133856
 21
-3.819398307086614
 31
0
  0
LINE
  5
E15
330
1F
100
AcDbEntity
  8
B.Cu
  6
CONTINUOUS
100
AcDbLine
 10
7.0105566929133856
 20
-3.819398307086614
 30
0
 11
7.0120577165354332
 21
-3.8167984251968501
 31
0
  0
LINE
  5
E16
330
1F
100
AcDbEntity
  8
B.Cu
  6
CONTINUOUS
100
AcDbLine
 10
7.0120577165354332
 20
-3.8167984251968501
 30
0
 11
7.0141805511811022
 21
-3.8146755905511811
 31
0
  0
LINE
  5
E17
330
1F
100
AcDbEntity
  8
B.Cu
  6
CONTINUOUS
100
AcDbLine
 10
7.0141805511811022
 20
-3.8146755905511811
 30
0
 11
7.0167804330708661
 21
-3.8131745669291339
 31
0
  0
LINE
  5
E18
330
1F
100
AcDbEntity
  8
B.Cu
  6
CONTINUOUS
100
AcDbLine
 10
7.0167804330708661
 20
-3.8131745669291339
 30
0
 11
7.0196802362204727
 21
-3.812397559055118
 31
0
  0
LINE
  5
E19
330
1F
100
AcDbEntity
  8
B.Cu
  6
CONTINUOUS
100
AcDbLine
 10
7.0196802362204727
 20
-3.812397559055118
 30
0
 11
7.0226823622047245
 21
-3.812397559055118
 31
0
  0
LINE
  5
E1A
330
1F
100
AcDbEntity
  8
B.Cu
  6
CONTINUOUS
100
AcDbLine
 10
7.0226823622047245
 20
-3.812397559055118
 30
0
 11
7.0255821653543302
 21
-3.8131745669291339
 31
0
  0
LINE
  5
E1B
330
1F
100
AcDbEntity
  8
B.Cu
  6
CONTINUOUS
100
AcDbLine
 10
7.0551097244094487
 20
-3.8131745669291339
 30
0
 11
7.0577096062992126
 21
-3.8146755905511811
 31
0
  0
LINE
  5
E1C
330
1F
100
AcDbEntity
  8
B.Cu
  6
CONTINUOUS
100
AcDbLine
 10
7.0577096062992126
 20
-3.8146755905511811
 30
0
 11
7.0598324409448816
 21
-3.8167984251968501
 31
0
  0
LINE
  5
E1D
330
1F
100
AcDbEntity
  8
B.Cu
  6
CONTINUOUS
100
AcDbLine
 10
7.0598324409448816
 20
-3.8167984251968501
 30
0
 11
7.0613334645669292
 21
-3.819398307086614
 31
0
  0
LINE
  5
E1E
330
1F
100
AcDbEntity
  8
B.Cu
  6
CONTINUOUS
100
AcDbLine
 10
7.0613334645669292
 20
-3.819398307086614
 30
0
 11
7.0621104724409447
 21
-3.8222981102362206
 31
0
  0
LINE
  5
E1F
330
1F
100
AcDbEntity
  8
B.Cu
  6
CONTINUOUS
100
AcDbLine
 10
7.0621104724409447
 20
-3.8222981102362206
 30
0
 11
7.0621104724409447
 21
-3.8253002362204724
 31
0
  0
LINE
  5
E20
330
1F
100
AcDbEntity
  8
B.Cu
  6
CONTINUOUS
100
AcDbLine
 10
7.0621104724409447
 20
-3.8253002362204724
 30
0
 11
7.0613334645669292
 21
-3.8282000393700786
 31
0
  0
LINE
  5
E21
330
1F
100
AcDbEntity
  8
B.Cu
  6
CONTINUOUS
100
AcDbLine
 10
7.0613334645669292
 20
-3.8282000393700786
 30
0
 11
7.0598324409448816
 21
-3.8307999212598425
 31
0
  0
LINE
  5
E22
330
1F
100
AcDbEntity
  8
B.Cu
  6
CONTINUOUS
100
AcDbLine
 10
7.0598324409448816
 20
-3.8307999212598425
 30
0
 11
7.0577096062992126
 21
-3.8329227559055119
 31
0
  0
LINE
  5
E23
330
1F
100
AcDbEntity
  8
B.Cu
  6
CONTINUOUS
100
AcDbLine
 10
7.0577096062992126
 20
-3.8329227559055119
 30
0
 11
7.0551097244094487
 21
-3.8344237795275591
 31
0
  0
LINE
  5
E24
330
1F
100
AcDbEntity
  8
B.Cu
  6
CONTINUOUS
100
AcDbLine
 10
7.0551097244094487
 20
-3.8344237795275591
 30
0
 11
7.0522099212598421
 21
-3.8352007874015746
 31
0
  0
LINE
  5
E25
330
1F
100
AcDbEntity
  8
B.Cu
  6
CONTINUOUS
100
AcDbLine
 10
7.0522099212598421
 20
-3.8352007874015746
 30
0
 11
7.0492077952755903
 21
-3.8352007874015746
 31
0
  0
LINE
  5
E26
330
1F
100
AcDbEntity
  8
B.Cu
  6
CONTINUOUS
100
AcDbLine
 10
7.0492077952755903
 20
-3.8352007874015746
 30
0
 11
7.0463079921259837
 21
-3.8344237795275591
 31
0
  0
LINE
  5
E27
330
1F
100
AcDbEntity
  8
B.Cu
  6
CONTINUOUS
100
AcDbLine
 10
7.0463079921259837
 20
-3.8344237795275591
 30
0
 11
7.0437081102362207
 21
-3.8329227559055119
 31
0
  0
LINE
  5
E28
330
1F
100
AcDbEntity
  8
B.Cu
  6
CONTINUOUS
100
AcDbLine
 10
7.0437081102362207
 20
-3.8329227559055119
 30
0
 11
7.0415852755905508
 21
-3.8307999212598425
 31
0
  0
LINE
  5
E29
330
1F
100
AcDbEntity
  8
B.Cu
  6
CONTINUOUS
100
AcDbLine
 10
7.0415852755905508
 20
-3.8307999212598425
 30
0
 11
7.0400842519685041
 21
-3.8282000393700786
 31
0
  0
LINE
  5
E2A
330
1F
100
AcDbEntity
  8
B.Cu
  6
CONTINUOUS
100
AcDbLine
 10
7.0400842519685041
 20
-3.8282000393700786
 30
0
 11
7.0393072440944877
 21
-3.8253002362204724
 31
0
  0
LINE
  5
E2B
330
1F
100
AcDbEntity
  8
B.Cu
  6
CONTINUOUS
100
AcDbLine
 10
7.0393072440944877
 20
-3.8253002362204724
 30
0
 11
7.0393072440944877
 21
-3.8222981102362206
 31
0
  0
LINE
  5
E2C
330
1F
100
AcDbEntity
  8
B.Cu
  6
CONTINUOUS
100
AcDbLine
 10
7.0393072440944877
 20
-3.8222981102362206
 30
0
 11
7.0400842519685041
 21
-3.819398307086614
 31
0
  0
LINE
  5
E2D
330
1F
100
AcDbEntity
  8
B.Cu
  6
CONTINUOUS
100
AcDbLine
 10
7.0400842519685041
 20
-3.819398307086614
 30
0
 11
7.0415852755905508
 21
-3.8167984251968501
 31
0
  0
LINE
  5
E2E
330
1F
100
AcDbEntity
  8
B.Cu
  6
CONTINUOUS
100
AcDbLine
 10
7.0415852755905508
 20
-3.8167984251968501
 30
0
 11
7.0437081102362207
 21
-3.8146755905511811
 31
0
  0
LINE
  5
E2F
330
1F
100
AcDbEntity
  8
B.Cu
  6
CONTINUOUS
100
AcDbLine
 10
7.0437081102362207
 20
-3.8146755905511811
 30
0
 11
7.0463079921259837
 21
-3.8131745669291339
 31
0
  0
LINE
  5
E30
330
1F
100
AcDbEntity
  8
B.Cu
  6
CONTINUOUS
100
AcDbLine
 10
7.0463079921259837
 20
-3.8131745669291339
 30
0
 11
7.0492077952755903
 21
-3.812397559055118
 31
0
  0
LINE
  5
E31
330
1F
100
AcDbEntity
  8
B.Cu
  6
CONTINUOUS
100
AcDbLine
 10
7.0492077952755903
 20
-3.812397559055118
 30
0
 11
7.0522099212598421
 21
-3.812397559055118
 31
0
  0
LINE
  5
E32
330
1F
100
AcDbEntity
  8
B.Cu
  6
CONTINUOUS
100
AcDbLine
 10
7.0522099212598421
 20
-3.812397559055118
 30
0
 11
7.0551097244094487
 21
-3.8131745669291339
 31
0
  0
LINE
  5
E33
330
1F
100
AcDbEntity
  8
B.Cu
  6
CONTINUOUS
100
AcDbLine
 10
7.0846372834645663
 20
-3.8131745669291339
 30
0
 11
7.0872371653543302
 21
-3.8146755905511811
 31
0
  0
LINE
  5
E34
330
1F
100
AcDbEntity
  8
B.Cu
  6
CONTINUOUS
100
AcDbLine
 10
7.0872371653543302
 20
-3.8146755905511811
 30
0
 11
7.0893600000000001
 21
-3.8167984251968501
 31
0
  0
LINE
  5
E35
330
1F
100
AcDbEntity
  8
B.Cu
  6
CONTINUOUS
100
AcDbLine
 10
7.0893600000000001
 20
-3.8167984251968501
 30
0
 11
7.0908610236220468
 21
-3.819398307086614
 31
0
  0
LINE
  5
E36
330
1F
100
AcDbEntity
  8
B.Cu
  6
CONTINUOUS
100
AcDbLine
 10
7.0908610236220468
 20
-3.819398307086614
 30
0
 11
7.0916380314960632
 21
-3.8222981102362206
 31
0
  0
LINE
  5
E37
330
1F
100
AcDbEntity
  8
B.Cu
  6
CONTINUOUS
100
AcDbLine
 10
7.0916380314960632
 20
-3.8222981102362206
 30
0
 11
7.0916380314960632
 21
-3.8253002362204724
 31
0
  0
LINE
  5
E38
330
1F
100
AcDbEntity
  8
B.Cu
  6
CONTINUOUS
100
AcDbLine
 10
7.0916380314960632
 20
-3.8253002362204724
 30
0
 11
7.0908610236220468
 21
-3.8282000393700786
 31
0
  0
LINE
  5
E39
330
1F
100
AcDbEntity
  8
B.Cu
  6
CONTINUOUS
100
AcDbLine
 10
7.0908610236220468
 20
-3.8282000393700786
 30
0
 11
7.0893600000000001
 21
-3.8307999212598425
 31
0
  0
LINE
  5
E3A
330
1F
100
AcDbEntity
  8
B.Cu
  6
CONTINUOUS
100
AcDbLine
 10
7.0893600000000001
 20
-3.8307999212598425
 30
0
 11
7.0872371653543302
 21
-3.8329227559055119
 31
0
  0
LINE
  5
E3B
330
1F
100
AcDbEntity
  8
B.Cu
  6
CONTINUOUS
100
AcDbLine
 10
7.0872371653543302
 20
-3.8329227559055119
 30
0
 11
7.0846372834645663
 21
-3.8344237795275591
 31
0
  0
LINE
  5
E3C
330
1F
100
AcDbEntity
  8
B.Cu
  6
CONTINUOUS
100
AcDbLine
 10
7.0846372834645663
 20
-3.8344237795275591
 30
0
 11
7.0817374803149606
 21
-3.8352007874015746
 31
0
  0
LINE
  5
E3D
330
1F
100
AcDbEntity
  8
B.Cu
  6
CONTINUOUS
100
AcDbLine
 10
7.0817374803149606
 20
-3.8352007874015746
 30
0
 11
7.0787353543307088
 21
-3.8352007874015746
 31
0
  0
LINE
  5
E3E
330
1F
100
AcDbEntity
  8
B.Cu
  6
CONTINUOUS
100
AcDbLine
 10
7.0787353543307088
 20
-3.8352007874015746
 30
0
 11
7.0758355511811022
 21
-3.8344237795275591
 31
0
  0
LINE
  5
E3F
330
1F
100
AcDbEntity
  8
B.Cu
  6
CONTINUOUS
100
AcDbLine
 10
7.0758355511811022
 20
-3.8344237795275591
 30
0
 11
7.0732356692913383
 21
-3.8329227559055119
 31
0
  0
LINE
  5
E40
330
1F
100
AcDbEntity
  8
B.Cu
  6
CONTINUOUS
100
AcDbLine
 10
7.0732356692913383
 20
-3.8329227559055119
 30
0
 11
7.0711128346456693
 21
-3.8307999212598425
 31
0
  0
LINE
  5
E41
330
1F
100
AcDbEntity
  8
B.Cu
  6
CONTINUOUS
100
AcDbLine
 10
7.0711128346456693
 20
-3.8307999212598425
 30
0
 11
7.0696118110236217
 21
-3.8282000393700786
 31
0
  0
LINE
  5
E42
330
1F
100
AcDbEntity
  8
B.Cu
  6
CONTINUOUS
100
AcDbLine
 10
7.0696118110236217
 20
-3.8282000393700786
 30
0
 11
7.0688348031496062
 21
-3.8253002362204724
 31
0
  0
LINE
  5
E43
330
1F
100
AcDbEntity
  8
B.Cu
  6
CONTINUOUS
100
AcDbLine
 10
7.0688348031496062
 20
-3.8253002362204724
 30
0
 11
7.0688348031496062
 21
-3.8222981102362206
 31
0
  0
LINE
  5
E44
330
1F
100
AcDbEntity
  8
B.Cu
  6
CONTINUOUS
100
AcDbLine
 10
7.0688348031496062
 20
-3.8222981102362206
 30
0
 11
7.0696118110236217
 21
-3.819398307086614
 31
0
  0
LINE
  5
E45
330
1F
100
AcDbEntity
  8
B.Cu
  6
CONTINUOUS
100
AcDbLine
 10
7.0696118110236217
 20
-3.819398307086614
 30
0
 11
7.0711128346456693
 21
-3.8167984251968501
 31
0
  0
LINE
  5
E46
330
1F
100
AcDbEntity
  8
B.Cu
  6
CONTINUOUS
100
AcDbLine
 10
7.0711128346456693
 20
-3.8167984251968501
 30
0
 11
7.0732356692913383
 21
-3.8146755905511811
 31
0
  0
LINE
  5
E47
330
1F
100
AcDbEntity
  8
B.Cu
  6
CONTINUOUS
100
AcDbLine
 10
7.0732356692913383
 20
-3.8146755905511811
 30
0
 11
7.0758355511811022
 21
-3.8131745669291339
 31
0
  0
LINE
  5
E48
330
1F
100
AcDbEntity
  8
B.Cu
  6
CONTINUOUS
100
AcDbLine
 10
7.0758355511811022
 20
-3.8131745669291339
 30
0
 11
7.0787353543307088
 21
-3.812397559055118
 31
0
  0
LINE
  5
E49
330
1F
100
AcDbEntity
  8
B.Cu
  6
CONTINUOUS
100
AcDbLine
 10
7.0787353543307088
 20
-3.812397559055118
 30
0
 11
7.0817374803149606
 21
-3.812397559055118
 31
0
  0
LINE
  5
E4A
330
1F
100
AcDbEntity
  8
B.Cu
  6
CONTINUOUS
100
AcDbLine
 10
7.0817374803149606
 20
-3.812397559055118
 30
0
 11
7.0846372834645663
 21
-3.8131745669291339
 31
0
  0
LINE
  5
E4B
330
1F
100
AcDbEntity
  8
B.Cu
  6
CONTINUOUS
100
AcDbLine
 10
6.0140861023622048
 20
-3.813056496062992
 30
0
 11
6.0166859842519687
 21
-3.8145575196850392
 31
0
  0
LINE
  5
E4C
330
1F
100
AcDbEntity
  8
B.Cu
  6
CONTINUOUS
100
AcDbLine
 10
6.0166859842519687
 20
-3.8145575196850392
 30
0
 11
6.0188088188976376
 21
-3.8166803543307086
 31
0
  0
LINE
  5
E4D
330
1F
100
AcDbEntity
  8
B.Cu
  6
CONTINUOUS
100
AcDbLine
 10
6.0188088188976376
 20
-3.8166803543307086
 30
0
 11
6.0203098425196853
 21
-3.8192802362204725
 31
0
  0
LINE
  5
E4E
330
1F
100
AcDbEntity
  8
B.Cu
  6
CONTINUOUS
100
AcDbLine
 10
6.0203098425196853
 20
-3.8192802362204725
 30
0
 11
6.0210868503937007
 21
-3.8221800393700787
 31
0
  0
LINE
  5
E4F
330
1F
100
AcDbEntity
  8
B.Cu
  6
CONTINUOUS
100
AcDbLine
 10
6.0210868503937007
 20
-3.8221800393700787
 30
0
 11
6.0210868503937007
 21
-3.8251821653543305
 31
0
  0
LINE
  5
E50
330
1F
100
AcDbEntity
  8
B.Cu
  6
CONTINUOUS
100
AcDbLine
 10
6.0210868503937007
 20
-3.8251821653543305
 30
0
 11
6.0203098425196853
 21
-3.8280819685039371
 31
0
  0
LINE
  5
E51
330
1F
100
AcDbEntity
  8
B.Cu
  6
CONTINUOUS
100
AcDbLine
 10
6.0203098425196853
 20
-3.8280819685039371
 30
0
 11
6.0188088188976376
 21
-3.8306818503937006
 31
0
  0
LINE
  5
E52
330
1F
100
AcDbEntity
  8
B.Cu
  6
CONTINUOUS
100
AcDbLine
 10
6.0188088188976376
 20
-3.8306818503937006
 30
0
 11
6.0166859842519687
 21
-3.83280468503937
 31
0
  0
LINE
  5
E53
330
1F
100
AcDbEntity
  8
B.Cu
  6
CONTINUOUS
100
AcDbLine
 10
6.0166859842519687
 20
-3.83280468503937
 30
0
 11
6.0140861023622048
 21
-3.8343057086614172
 31
0
  0
LINE
  5
E54
330
1F
100
AcDbEntity
  8
B.Cu
  6
CONTINUOUS
100
AcDbLine
 10
6.0140861023622048
 20
-3.8343057086614172
 30
0
 11
6.0111862992125982
 21
-3.8350827165354331
 31
0
  0
LINE
  5
E55
330
1F
100
AcDbEntity
  8
B.Cu
  6
CONTINUOUS
100
AcDbLine
 10
6.0111862992125982
 20
-3.8350827165354331
 30
0
 11
6.0081841732283463
 21
-3.8350827165354331
 31
0
  0
LINE
  5
E56
330
1F
100
AcDbEntity
  8
B.Cu
  6
CONTINUOUS
100
AcDbLine
 10
6.0081841732283463
 20
-3.8350827165354331
 30
0
 11
6.0052843700787397
 21
-3.8343057086614172
 31
0
  0
LINE
  5
E57
330
1F
100
AcDbEntity
  8
B.Cu
  6
CONTINUOUS
100
AcDbLine
 10
6.0052843700787397
 20
-3.8343057086614172
 30
0
 11
6.0026844881889758
 21
-3.83280468503937
 31
0
  0
LINE
  5
E58
330
1F
100
AcDbEntity
  8
B.Cu
  6
CONTINUOUS
100
AcDbLine
 10
6.0026844881889758
 20
-3.83280468503937
 30
0
 11
6.0005616535433068
 21
-3.8306818503937006
 31
0
  0
LINE
  5
E59
330
1F
100
AcDbEntity
  8
B.Cu
  6
CONTINUOUS
100
AcDbLine
 10
6.0005616535433068
 20
-3.8306818503937006
 30
0
 11
5.9990606299212601
 21
-3.8280819685039371
 31
0
  0
LINE
  5
E5A
330
1F
100
AcDbEntity
  8
B.Cu
  6
CONTINUOUS
100
AcDbLine
 10
5.9990606299212601
 20
-3.8280819685039371
 30
0
 11
5.9982836220472437
 21
-3.8251821653543305
 31
0
  0
LINE
  5
E5B
330
1F
100
AcDbEntity
  8
B.Cu
  6
CONTINUOUS
100
AcDbLine
 10
5.9982836220472437
 20
-3.8251821653543305
 30
0
 11
5.9982836220472437
 21
-3.8221800393700787
 31
0
  0
LINE
  5
E5C
330
1F
100
AcDbEntity
  8
B.Cu
  6
CONTINUOUS
100
AcDbLine
 10
5.9982836220472437
 20
-3.8221800393700787
 30
0
 11
5.9990606299212601
 21
-3.8192802362204725
 31
0
  0
LINE
  5
E5D
330
1F
100
AcDbEntity
  8
B.Cu
  6
CONTINUOUS
100
AcDbLine
 10
5.9990606299212601
 20
-3.8192802362204725
 30
0
 11
6.0005616535433068
 21
-3.8166803543307086
 31
0
  0
LINE
  5
E5E
330
1F
100
AcDbEntity
  8
B.Cu
  6
CONTINUOUS
100
AcDbLine
 10
6.0005616535433068
 20
-3.8166803543307086
 30
0
 11
6.0026844881889758
 21
-3.8145575196850392
 31
0
  0
LINE
  5
E5F
330
1F
100
AcDbEntity
  8
B.Cu
  6
CONTINUOUS
100
AcDbLine
 10
6.0026844881889758
 20
-3.8145575196850392
 30
0
 11
6.0052843700787397
 21
-3.813056496062992
 31
0
  0
LINE
  5
E60
330
1F
100
AcDbEntity
  8
B.Cu
  6
CONTINUOUS
100
AcDbLine
 10
6.0052843700787397
 20
-3.813056496062992
 30
0
 11
6.0081841732283463
 21
-3.8122794881889761
 31
0
  0
LINE
  5
E61
330
1F
100
AcDbEntity
  8
B.Cu
  6
CONTINUOUS
100
AcDbLine
 10
6.0081841732283463
 20
-3.8122794881889761
 30
0
 11
6.0111862992125982
 21
-3.8122794881889761
 31
0
  0
LINE
  5
E62
330
1F
100
AcDbEntity
  8
B.Cu
  6
CONTINUOUS
100
AcDbLine
 10
6.0111862992125982
 20
-3.8122794881889761
 30
0
 11
6.0140861023622048
 21
-3.813056496062992
 31
0
  0
LINE
  5
E63
330
1F
100
AcDbEntity
  8
B.Cu
  6
CONTINUOUS
100
AcDbLine
 10
6.0640861023622046
 20
-3.813056496062992
 30
0
 11
6.0666859842519685
 21
-3.8145575196850392
 31
0
  0
LINE
  5
E64
330
1F
100
AcDbEntity
  8
B.Cu
  6
CONTINUOUS
100
AcDbLine
 10
6.0666859842519685
 20
-3.8145575196850392
 30
0
 11
6.0688088188976375
 21
-3.8166803543307086
 31
0
  0
LINE
  5
E65
330
1F
100
AcDbEntity
  8
B.Cu
  6
CONTINUOUS
100
AcDbLine
 10
6.0688088188976375
 20
-3.8166803543307086
 30
0
 11
6.0703098425196851
 21
-3.8192802362204725
 31
0
  0
LINE
  5
E66
330
1F
100
AcDbEntity
  8
B.Cu
  6
CONTINUOUS
100
AcDbLine
 10
6.0703098425196851
 20
-3.8192802362204725
 30
0
 11
6.0710868503937006
 21
-3.8221800393700787
 31
0
  0
LINE
  5
E67
330
1F
100
AcDbEntity
  8
B.Cu
  6
CONTINUOUS
100
AcDbLine
 10
6.0710868503937006
 20
-3.8221800393700787
 30
0
 11
6.0710868503937006
 21
-3.8251821653543305
 31
0
  0
LINE
  5
E68
330
1F
100
AcDbEntity
  8
B.Cu
  6
CONTINUOUS
100
AcDbLine
 10
6.0710868503937006
 20
-3.8251821653543305
 30
0
 11
6.0703098425196851
 21
-3.8280819685039371
 31
0
  0
LINE
  5
E69
330
1F
100
AcDbEntity
  8
B.Cu
  6
CONTINUOUS
100
AcDbLine
 10
6.0703098425196851
 20
-3.8280819685039371
 30
0
 11
6.0688088188976375
 21
-3.8306818503937006
 31
0
  0
LINE
  5
E6A
330
1F
100
AcDbEntity
  8
B.Cu
  6
CONTINUOUS
100
AcDbLine
 10
6.0688088188976375
 20
-3.8306818503937006
 30
0
 11
6.0666859842519685
 21
-3.83280468503937
 31
0
  0
LINE
  5
E6B
330
1F
100
AcDbEntity
  8
B.Cu
  6
CONTINUOUS
100
AcDbLine
 10
6.0666859842519685
 20
-3.83280468503937
 30
0
 11
6.0640861023622046
 21
-3.8343057086614172
 31
0
  0
LINE
  5
E6C
330
1F
100
AcDbEntity
  8
B.Cu
  6
CONTINUOUS
100
AcDbLine
 10
6.0640861023622046
 20
-3.8343057086614172
 30
0
 11
6.061186299212598
 21
-3.8350827165354331
 31
0
  0
LINE
  5
E6D
330
1F
100
AcDbEntity
  8
B.Cu
  6
CONTINUOUS
100
AcDbLine
 10
6.061186299212598
 20
-3.8350827165354331
 30
0
 11
6.0581841732283461
 21
-3.8350827165354331
 31
0
  0
LINE
  5
E6E
330
1F
100
AcDbEntity
  8
B.Cu
  6
CONTINUOUS
100
AcDbLine
 10
6.0581841732283461
 20
-3.8350827165354331
 30
0
 11
6.0552843700787404
 21
-3.8343057086614172
 31
0
  0
LINE
  5
E6F
330
1F
100
AcDbEntity
  8
B.Cu
  6
CONTINUOUS
100
AcDbLine
 10
6.0552843700787404
 20
-3.8343057086614172
 30
0
 11
6.0526844881889765
 21
-3.83280468503937
 31
0
  0
LINE
  5
E70
330
1F
100
AcDbEntity
  8
B.Cu
  6
CONTINUOUS
100
AcDbLine
 10
6.0526844881889765
 20
-3.83280468503937
 30
0
 11
6.0505616535433067
 21
-3.8306818503937006
 31
0
  0
LINE
  5
E71
330
1F
100
AcDbEntity
  8
B.Cu
  6
CONTINUOUS
100
AcDbLine
 10
6.0505616535433067
 20
-3.8306818503937006
 30
0
 11
6.0490606299212599
 21
-3.8280819685039371
 31
0
  0
LINE
  5
E72
330
1F
100
AcDbEntity
  8
B.Cu
  6
CONTINUOUS
100
AcDbLine
 10
6.0490606299212599
 20
-3.8280819685039371
 30
0
 11
6.0482836220472436
 21
-3.8251821653543305
 31
0
  0
LINE
  5
E73
330
1F
100
AcDbEntity
  8
B.Cu
  6
CONTINUOUS
100
AcDbLine
 10
6.0482836220472436
 20
-3.8251821653543305
 30
0
 11
6.0482836220472436
 21
-3.8221800393700787
 31
0
  0
LINE
  5
E74
330
1F
100
AcDbEntity
  8
B.Cu
  6
CONTINUOUS
100
AcDbLine
 10
6.0482836220472436
 20
-3.8221800393700787
 30
0
 11
6.0490606299212599
 21
-3.8192802362204725
 31
0
  0
LINE
  5
E75
330
1F
100
AcDbEntity
  8
B.Cu
  6
CONTINUOUS
100
AcDbLine
 10
6.0490606299212599
 20
-3.8192802362204725
 30
0
 11
6.0505616535433067
 21
-3.8166803543307086
 31
0
  0
LINE
  5
E76
330
1F
100
AcDbEntity
  8
B.Cu
  6
CONTINUOUS
100
AcDbLine
 10
6.0505616535433067
 20
-3.8166803543307086
 30
0
 11
6.0526844881889765
 21
-3.8145575196850392
 31
0
  0
LINE
  5
E77
330
1F
100
AcDbEntity
  8
B.Cu
  6
CONTINUOUS
100
AcDbLine
 10
6.0526844881889765
 20
-3.8145575196850392
 30
0
 11
6.0552843700787404
 21
-3.813056496062992
 31
0
  0
LINE
  5
E78
330
1F
100
AcDbEntity
  8
B.Cu
  6
CONTINUOUS
100
AcDbLine
 10
6.0552843700787404
 20
-3.813056496062992
 30
0
 11
6.0581841732283461
 21
-3.8122794881889761
 31
0
  0
LINE
  5
E79
330
1F
100
AcDbEntity
  8
B.Cu
  6
CONTINUOUS
100
AcDbLine
 10
6.0581841732283461
 20
-3.8122794881889761
 30
0
 11
6.061186299212598
 21
-3.8122794881889761
 31
0
  0
LINE
  5
E7A
330
1F
100
AcDbEntity
  8
B.Cu
  6
CONTINUOUS
100
AcDbLine
 10
6.061186299212598
 20
-3.8122794881889761
 30
0
 11
6.0640861023622046
 21
-3.813056496062992
 31
0
  0
LINE
  5
E7B
330
1F
100
AcDbEntity
  8
B.Cu
  6
CONTINUOUS
100
AcDbLine
 10
5.9640861023622049
 20
-3.8130564566929133
 30
0
 11
5.9666859842519679
 21
-3.8145574803149604
 31
0
  0
LINE
  5
E7C
330
1F
100
AcDbEntity
  8
B.Cu
  6
CONTINUOUS
100
AcDbLine
 10
5.9666859842519679
 20
-3.8145574803149604
 30
0
 11
5.9688088188976378
 21
-3.8166803149606299
 31
0
  0
LINE
  5
E7D
330
1F
100
AcDbEntity
  8
B.Cu
  6
CONTINUOUS
100
AcDbLine
 10
5.9688088188976378
 20
-3.8166803149606299
 30
0
 11
5.9703098425196846
 21
-3.8192801968503938
 31
0
  0
LINE
  5
E7E
330
1F
100
AcDbEntity
  8
B.Cu
  6
CONTINUOUS
100
AcDbLine
 10
5.9703098425196846
 20
-3.8192801968503938
 30
0
 11
5.9710868503937009
 21
-3.8221799999999999
 31
0
  0
LINE
  5
E7F
330
1F
100
AcDbEntity
  8
B.Cu
  6
CONTINUOUS
100
AcDbLine
 10
5.9710868503937009
 20
-3.8221799999999999
 30
0
 11
5.9710868503937009
 21
-3.8251821259842518
 31
0
  0
LINE
  5
E80
330
1F
100
AcDbEntity
  8
B.Cu
  6
CONTINUOUS
100
AcDbLine
 10
5.9710868503937009
 20
-3.8251821259842518
 30
0
 11
5.9703098425196846
 21
-3.8280819291338584
 31
0
  0
LINE
  5
E81
330
1F
100
AcDbEntity
  8
B.Cu
  6
CONTINUOUS
100
AcDbLine
 10
5.9703098425196846
 20
-3.8280819291338584
 30
0
 11
5.9688088188976378
 21
-3.8306818110236218
 31
0
  0
LINE
  5
E82
330
1F
100
AcDbEntity
  8
B.Cu
  6
CONTINUOUS
100
AcDbLine
 10
5.9688088188976378
 20
-3.8306818110236218
 30
0
 11
5.9666859842519679
 21
-3.8328046456692912
 31
0
  0
LINE
  5
E83
330
1F
100
AcDbEntity
  8
B.Cu
  6
CONTINUOUS
100
AcDbLine
 10
5.9666859842519679
 20
-3.8328046456692912
 30
0
 11
5.9640861023622049
 21
-3.8343056692913384
 31
0
  0
LINE
  5
E84
330
1F
100
AcDbEntity
  8
B.Cu
  6
CONTINUOUS
100
AcDbLine
 10
5.9640861023622049
 20
-3.8343056692913384
 30
0
 11
5.9611862992125983
 21
-3.8350826771653543
 31
0
  0
LINE
  5
E85
330
1F
100
AcDbEntity
  8
B.Cu
  6
CONTINUOUS
100
AcDbLine
 10
5.9611862992125983
 20
-3.8350826771653543
 30
0
 11
5.9581841732283465
 21
-3.8350826771653543
 31
0
  0
LINE
  5
E86
330
1F
100
AcDbEntity
  8
B.Cu
  6
CONTINUOUS
100
AcDbLine
 10
5.9581841732283465
 20
-3.8350826771653543
 30
0
 11
5.9552843700787399
 21
-3.8343056692913384
 31
0
  0
LINE
  5
E87
330
1F
100
AcDbEntity
  8
B.Cu
  6
CONTINUOUS
100
AcDbLine
 10
5.9552843700787399
 20
-3.8343056692913384
 30
0
 11
5.952684488188976
 21
-3.8328046456692912
 31
0
  0
LINE
  5
E88
330
1F
100
AcDbEntity
  8
B.Cu
  6
CONTINUOUS
100
AcDbLine
 10
5.952684488188976
 20
-3.8328046456692912
 30
0
 11
5.950561653543307
 21
-3.8306818110236218
 31
0
  0
LINE
  5
E89
330
1F
100
AcDbEntity
  8
B.Cu
  6
CONTINUOUS
100
AcDbLine
 10
5.950561653543307
 20
-3.8306818110236218
 30
0
 11
5.9490606299212594
 21
-3.8280819291338584
 31
0
  0
LINE
  5
E8A
330
1F
100
AcDbEntity
  8
B.Cu
  6
CONTINUOUS
100
AcDbLine
 10
5.9490606299212594
 20
-3.8280819291338584
 30
0
 11
5.9482836220472439
 21
-3.8251821259842518
 31
0
  0
LINE
  5
E8B
330
1F
100
AcDbEntity
  8
B.Cu
  6
CONTINUOUS
100
AcDbLine
 10
5.9482836220472439
 20
-3.8251821259842518
 30
0
 11
5.9482836220472439
 21
-3.8221799999999999
 31
0
  0
LINE
  5
E8C
330
1F
100
AcDbEntity
  8
B.Cu
  6
CONTINUOUS
100
AcDbLine
 10
5.9482836220472439
 20
-3.8221799999999999
 30
0
 11
5.9490606299212594
 21
-3.8192801968503938
 31
0
  0
LINE
  5
E8D
330
1F
100
AcDbEntity
  8
B.Cu
  6
CONTINUOUS
100
AcDbLine
 10
5.9490606299212594
 20
-3.8192801968503938
 30
0
 11
5.950561653543307
 21
-3.8166803149606299
 31
0
  0
LINE
  5
E8E
330
1F
100
AcDbEntity
  8
B.Cu
  6
CONTINUOUS
100
AcDbLine
 10
5.950561653543307
 20
-3.8166803149606299
 30
0
 11
5.952684488188976
 21
-3.8145574803149604
 31
0
  0
LINE
  5
E8F
330
1F
100
AcDbEntity
  8
B.Cu
  6
CONTINUOUS
100
AcDbLine
 10
5.952684488188976
 20
-3.8145574803149604
 30
0
 11
5.9552843700787399
 21
-3.8130564566929133
 31
0
  0
LINE
  5
E90
330
1F
100
AcDbEntity
  8
B.Cu
  6
CONTINUOUS
100
AcDbLine
 10
5.9552843700787399
 20
-3.8130564566929133
 30
0
 11
5.9581841732283465
 21
-3.8122794488188974
 31
0
  0
LINE
  5
E91
330
1F
100
AcDbEntity
  8
B.Cu
  6
CONTINUOUS
100
AcDbLine
 10
5.9581841732283465
 20
-3.8122794488188974
 30
0
 11
5.9611862992125983
 21
-3.8122794488188974
 31
0
  0
LINE
  5
E92
330
1F
100
AcDbEntity
  8
B.Cu
  6
CONTINUOUS
100
AcDbLine
 10
5.9611862992125983
 20
-3.8122794488188974
 30
0
 11
5.9640861023622049
 21
-3.8130564566929133
 31
0
  0
LINE
  5
E93
330
1F
100
AcDbEntity
  8
B.Cu
  6
CONTINUOUS
100
AcDbLine
 10
5.3831027559055116
 20
-3.7997770078740158
 30
0
 11
5.3857729527559055
 21
-3.8013186614173229
 31
0
  0
LINE
  5
E94
330
1F
100
AcDbEntity
  8
B.Cu
  6
CONTINUOUS
100
AcDbLine
 10
5.3857729527559055
 20
-3.8013186614173229
 30
0
 11
5.3879531889763781
 21
-3.803498897637795
 31
0
  0
LINE
  5
E95
330
1F
100
AcDbEntity
  8
B.Cu
  6
CONTINUOUS
100
AcDbLine
 10
5.3879531889763781
 20
-3.803498897637795
 30
0
 11
5.3894948425196851
 21
-3.806169094488189
 31
0
  0
LINE
  5
E96
330
1F
100
AcDbEntity
  8
B.Cu
  6
CONTINUOUS
100
AcDbLine
 10
5.3894948425196851
 20
-3.806169094488189
 30
0
 11
5.3902928346456696
 21
-3.8091473228346455
 31
0
  0
LINE
  5
E97
330
1F
100
AcDbEntity
  8
B.Cu
  6
CONTINUOUS
100
AcDbLine
 10
5.3902928346456696
 20
-3.8091473228346455
 30
0
 11
5.3902928346456696
 21
-3.8122306299212596
 31
0
  0
LINE
  5
E98
330
1F
100
AcDbEntity
  8
B.Cu
  6
CONTINUOUS
100
AcDbLine
 10
5.3902928346456696
 20
-3.8122306299212596
 30
0
 11
5.3894948425196851
 21
-3.8152088582677166
 31
0
  0
LINE
  5
E99
330
1F
100
AcDbEntity
  8
B.Cu
  6
CONTINUOUS
100
AcDbLine
 10
5.3894948425196851
 20
-3.8152088582677166
 30
0
 11
5.3879531889763781
 21
-3.8178790551181101
 31
0
  0
LINE
  5
E9A
330
1F
100
AcDbEntity
  8
B.Cu
  6
CONTINUOUS
100
AcDbLine
 10
5.3879531889763781
 20
-3.8178790551181101
 30
0
 11
5.3857729527559055
 21
-3.8200592913385827
 31
0
  0
LINE
  5
E9B
330
1F
100
AcDbEntity
  8
B.Cu
  6
CONTINUOUS
100
AcDbLine
 10
5.3857729527559055
 20
-3.8200592913385827
 30
0
 11
5.3831027559055116
 21
-3.8216009448818897
 31
0
  0
LINE
  5
E9C
330
1F
100
AcDbEntity
  8
B.Cu
  6
CONTINUOUS
100
AcDbLine
 10
5.3831027559055116
 20
-3.8216009448818897
 30
0
 11
5.3801245275590546
 21
-3.8223989370078741
 31
0
  0
LINE
  5
E9D
330
1F
100
AcDbEntity
  8
B.Cu
  6
CONTINUOUS
100
AcDbLine
 10
5.3801245275590546
 20
-3.8223989370078741
 30
0
 11
5.3770412204724405
 21
-3.8223989370078741
 31
0
  0
LINE
  5
E9E
330
1F
100
AcDbEntity
  8
B.Cu
  6
CONTINUOUS
100
AcDbLine
 10
5.3770412204724405
 20
-3.8223989370078741
 30
0
 11
5.3740629921259844
 21
-3.8216009448818897
 31
0
  0
LINE
  5
E9F
330
1F
100
AcDbEntity
  8
B.Cu
  6
CONTINUOUS
100
AcDbLine
 10
5.3740629921259844
 20
-3.8216009448818897
 30
0
 11
5.3713927952755904
 21
-3.8200592913385827
 31
0
  0
LINE
  5
EA0
330
1F
100
AcDbEntity
  8
B.Cu
  6
CONTINUOUS
100
AcDbLine
 10
5.3713927952755904
 20
-3.8200592913385827
 30
0
 11
5.3692125590551179
 21
-3.8178790551181101
 31
0
  0
LINE
  5
EA1
330
1F
100
AcDbEntity
  8
B.Cu
  6
CONTINUOUS
100
AcDbLine
 10
5.3692125590551179
 20
-3.8178790551181101
 30
0
 11
5.3676709055118108
 21
-3.8152088582677166
 31
0
  0
LINE
  5
EA2
330
1F
100
AcDbEntity
  8
B.Cu
  6
CONTINUOUS
100
AcDbLine
 10
5.3676709055118108
 20
-3.8152088582677166
 30
0
 11
5.3668729133858264
 21
-3.8122306299212596
 31
0
  0
LINE
  5
EA3
330
1F
100
AcDbEntity
  8
B.Cu
  6
CONTINUOUS
100
AcDbLine
 10
5.3668729133858264
 20
-3.8122306299212596
 30
0
 11
5.3668729133858264
 21
-3.8091473228346455
 31
0
  0
LINE
  5
EA4
330
1F
100
AcDbEntity
  8
B.Cu
  6
CONTINUOUS
100
AcDbLine
 10
5.3668729133858264
 20
-3.8091473228346455
 30
0
 11
5.3676709055118108
 21
-3.806169094488189
 31
0
  0
LINE
  5
EA5
330
1F
100
AcDbEntity
  8
B.Cu
  6
CONTINUOUS
100
AcDbLine
 10
5.3676709055118108
 20
-3.806169094488189
 30
0
 11
5.3692125590551179
 21
-3.803498897637795
 31
0
  0
LINE
  5
EA6
330
1F
100
AcDbEntity
  8
B.Cu
  6
CONTINUOUS
100
AcDbLine
 10
5.3692125590551179
 20
-3.803498897637795
 30
0
 11
5.3713927952755904
 21
-3.8013186614173229
 31
0
  0
LINE
  5
EA7
330
1F
100
AcDbEntity
  8
B.Cu
  6
CONTINUOUS
100
AcDbLine
 10
5.3713927952755904
 20
-3.8013186614173229
 30
0
 11
5.3740629921259844
 21
-3.7997770078740158
 31
0
  0
LINE
  5
EA8
330
1F
100
AcDbEntity
  8
B.Cu
  6
CONTINUOUS
100
AcDbLine
 10
5.3740629921259844
 20
-3.7997770078740158
 30
0
 11
5.3770412204724405
 21
-3.7989790157480314
 31
0
  0
LINE
  5
EA9
330
1F
100
AcDbEntity
  8
B.Cu
  6
CONTINUOUS
100
AcDbLine
 10
5.3770412204724405
 20
-3.7989790157480314
 30
0
 11
5.3801245275590546
 21
-3.7989790157480314
 31
0
  0
LINE
  5
EAA
330
1F
100
AcDbEntity
  8
B.Cu
  6
CONTINUOUS
100
AcDbLine
 10
5.3801245275590546
 20
-3.7989790157480314
 30
0
 11
5.3831027559055116
 21
-3.7997770078740158
 31
0
  0
LINE
  5
EAB
330
1F
100
AcDbEntity
  8
B.Cu
  6
CONTINUOUS
100
AcDbLine
 10
5.5787317716535432
 20
-3.80006437007874
 30
0
 11
5.5813316535433071
 21
-3.8015653937007872
 31
0
  0
LINE
  5
EAC
330
1F
100
AcDbEntity
  8
B.Cu
  6
CONTINUOUS
100
AcDbLine
 10
5.5813316535433071
 20
-3.8015653937007872
 30
0
 11
5.5834544881889761
 21
-3.8036882283464566
 31
0
  0
LINE
  5
EAD
330
1F
100
AcDbEntity
  8
B.Cu
  6
CONTINUOUS
100
AcDbLine
 10
5.5834544881889761
 20
-3.8036882283464566
 30
0
 11
5.5849555118110237
 21
-3.8062881102362205
 31
0
  0
LINE
  5
EAE
330
1F
100
AcDbEntity
  8
B.Cu
  6
CONTINUOUS
100
AcDbLine
 10
5.5849555118110237
 20
-3.8062881102362205
 30
0
 11
5.5857325196850391
 21
-3.8091879133858266
 31
0
  0
LINE
  5
EAF
330
1F
100
AcDbEntity
  8
B.Cu
  6
CONTINUOUS
100
AcDbLine
 10
5.5857325196850391
 20
-3.8091879133858266
 30
0
 11
5.5857325196850391
 21
-3.8121900393700785
 31
0
  0
LINE
  5
EB0
330
1F
100
AcDbEntity
  8
B.Cu
  6
CONTINUOUS
100
AcDbLine
 10
5.5857325196850391
 20
-3.8121900393700785
 30
0
 11
5.5849555118110237
 21
-3.8150898425196851
 31
0
  0
LINE
  5
EB1
330
1F
100
AcDbEntity
  8
B.Cu
  6
CONTINUOUS
100
AcDbLine
 10
5.5849555118110237
 20
-3.8150898425196851
 30
0
 11
5.5834544881889761
 21
-3.8176897244094485
 31
0
  0
LINE
  5
EB2
330
1F
100
AcDbEntity
  8
B.Cu
  6
CONTINUOUS
100
AcDbLine
 10
5.5834544881889761
 20
-3.8176897244094485
 30
0
 11
5.5813316535433071
 21
-3.819812559055118
 31
0
  0
LINE
  5
EB3
330
1F
100
AcDbEntity
  8
B.Cu
  6
CONTINUOUS
100
AcDbLine
 10
5.5813316535433071
 20
-3.819812559055118
 30
0
 11
5.5787317716535432
 21
-3.8213135826771651
 31
0
  0
LINE
  5
EB4
330
1F
100
AcDbEntity
  8
B.Cu
  6
CONTINUOUS
100
AcDbLine
 10
5.5787317716535432
 20
-3.8213135826771651
 30
0
 11
5.5758319685039366
 21
-3.8220905905511811
 31
0
  0
LINE
  5
EB5
330
1F
100
AcDbEntity
  8
B.Cu
  6
CONTINUOUS
100
AcDbLine
 10
5.5758319685039366
 20
-3.8220905905511811
 30
0
 11
5.5728298425196847
 21
-3.8220905905511811
 31
0
  0
LINE
  5
EB6
330
1F
100
AcDbEntity
  8
B.Cu
  6
CONTINUOUS
100
AcDbLine
 10
5.5728298425196847
 20
-3.8220905905511811
 30
0
 11
5.569930039370079
 21
-3.8213135826771651
 31
0
  0
LINE
  5
EB7
330
1F
100
AcDbEntity
  8
B.Cu
  6
CONTINUOUS
100
AcDbLine
 10
5.569930039370079
 20
-3.8213135826771651
 30
0
 11
5.5673301574803151
 21
-3.819812559055118
 31
0
  0
LINE
  5
EB8
330
1F
100
AcDbEntity
  8
B.Cu
  6
CONTINUOUS
100
AcDbLine
 10
5.5673301574803151
 20
-3.819812559055118
 30
0
 11
5.5652073228346453
 21
-3.8176897244094485
 31
0
  0
LINE
  5
EB9
330
1F
100
AcDbEntity
  8
B.Cu
  6
CONTINUOUS
100
AcDbLine
 10
5.5652073228346453
 20
-3.8176897244094485
 30
0
 11
5.5637062992125985
 21
-3.8150898425196851
 31
0
  0
LINE
  5
EBA
330
1F
100
AcDbEntity
  8
B.Cu
  6
CONTINUOUS
100
AcDbLine
 10
5.5637062992125985
 20
-3.8150898425196851
 30
0
 11
5.5629292913385822
 21
-3.8121900393700785
 31
0
  0
LINE
  5
EBB
330
1F
100
AcDbEntity
  8
B.Cu
  6
CONTINUOUS
100
AcDbLine
 10
5.5629292913385822
 20
-3.8121900393700785
 30
0
 11
5.5629292913385822
 21
-3.8091879133858266
 31
0
  0
LINE
  5
EBC
330
1F
100
AcDbEntity
  8
B.Cu
  6
CONTINUOUS
100
AcDbLine
 10
5.5629292913385822
 20
-3.8091879133858266
 30
0
 11
5.5637062992125985
 21
-3.8062881102362205
 31
0
  0
LINE
  5
EBD
330
1F
100
AcDbEntity
  8
B.Cu
  6
CONTINUOUS
100
AcDbLine
 10
5.5637062992125985
 20
-3.8062881102362205
 30
0
 11
5.5652073228346453
 21
-3.8036882283464566
 31
0
  0
LINE
  5
EBE
330
1F
100
AcDbEntity
  8
B.Cu
  6
CONTINUOUS
100
AcDbLine
 10
5.5652073228346453
 20
-3.8036882283464566
 30
0
 11
5.5673301574803151
 21
-3.8015653937007872
 31
0
  0
LINE
  5
EBF
330
1F
100
AcDbEntity
  8
B.Cu
  6
CONTINUOUS
100
AcDbLine
 10
5.5673301574803151
 20
-3.8015653937007872
 30
0
 11
5.569930039370079
 21
-3.80006437007874
 31
0
  0
LINE
  5
EC0
330
1F
100
AcDbEntity
  8
B.Cu
  6
CONTINUOUS
100
AcDbLine
 10
5.569930039370079
 20
-3.80006437007874
 30
0
 11
5.5728298425196847
 21
-3.7992873622047245
 31
0
  0
LINE
  5
EC1
330
1F
100
AcDbEntity
  8
B.Cu
  6
CONTINUOUS
100
AcDbLine
 10
5.5728298425196847
 20
-3.7992873622047245
 30
0
 11
5.5758319685039366
 21
-3.7992873622047245
 31
0
  0
LINE
  5
EC2
330
1F
100
AcDbEntity
  8
B.Cu
  6
CONTINUOUS
100
AcDbLine
 10
5.5758319685039366
 20
-3.7992873622047245
 30
0
 11
5.5787317716535432
 21
-3.80006437007874
 31
0
  0
LINE
  5
EC3
330
1F
100
AcDbEntity
  8
B.Cu
  6
CONTINUOUS
100
AcDbLine
 10
7.3657818897637792
 20
-3.7907809055118111
 30
0
 11
7.3683817716535431
 21
-3.7922819291338583
 31
0
  0
LINE
  5
EC4
330
1F
100
AcDbEntity
  8
B.Cu
  6
CONTINUOUS
100
AcDbLine
 10
7.3683817716535431
 20
-3.7922819291338583
 30
0
 11
7.3705046062992121
 21
-3.7944047637795273
 31
0
  0
LINE
  5
EC5
330
1F
100
AcDbEntity
  8
B.Cu
  6
CONTINUOUS
100
AcDbLine
 10
7.3705046062992121
 20
-3.7944047637795273
 30
0
 11
7.3720056299212597
 21
-3.7970046456692912
 31
0
  0
LINE
  5
EC6
330
1F
100
AcDbEntity
  8
B.Cu
  6
CONTINUOUS
100
AcDbLine
 10
7.3720056299212597
 20
-3.7970046456692912
 30
0
 11
7.3727826377952752
 21
-3.7999044488188978
 31
0
  0
LINE
  5
EC7
330
1F
100
AcDbEntity
  8
B.Cu
  6
CONTINUOUS
100
AcDbLine
 10
7.3727826377952752
 20
-3.7999044488188978
 30
0
 11
7.3727826377952752
 21
-3.8029065748031496
 31
0
  0
LINE
  5
EC8
330
1F
100
AcDbEntity
  8
B.Cu
  6
CONTINUOUS
100
AcDbLine
 10
7.3727826377952752
 20
-3.8029065748031496
 30
0
 11
7.3720056299212597
 21
-3.8058063779527558
 31
0
  0
LINE
  5
EC9
330
1F
100
AcDbEntity
  8
B.Cu
  6
CONTINUOUS
100
AcDbLine
 10
7.3720056299212597
 20
-3.8058063779527558
 30
0
 11
7.3705046062992121
 21
-3.8084062598425197
 31
0
  0
LINE
  5
ECA
330
1F
100
AcDbEntity
  8
B.Cu
  6
CONTINUOUS
100
AcDbLine
 10
7.3705046062992121
 20
-3.8084062598425197
 30
0
 11
7.3683817716535431
 21
-3.8105290944881891
 31
0
  0
LINE
  5
ECB
330
1F
100
AcDbEntity
  8
B.Cu
  6
CONTINUOUS
100
AcDbLine
 10
7.3683817716535431
 20
-3.8105290944881891
 30
0
 11
7.3657818897637792
 21
-3.8120301181102363
 31
0
  0
LINE
  5
ECC
330
1F
100
AcDbEntity
  8
B.Cu
  6
CONTINUOUS
100
AcDbLine
 10
7.3657818897637792
 20
-3.8120301181102363
 30
0
 11
7.3628820866141726
 21
-3.8128071259842518
 31
0
  0
LINE
  5
ECD
330
1F
100
AcDbEntity
  8
B.Cu
  6
CONTINUOUS
100
AcDbLine
 10
7.3628820866141726
 20
-3.8128071259842518
 30
0
 11
7.3598799606299208
 21
-3.8128071259842518
 31
0
  0
LINE
  5
ECE
330
1F
100
AcDbEntity
  8
B.Cu
  6
CONTINUOUS
100
AcDbLine
 10
7.3598799606299208
 20
-3.8128071259842518
 30
0
 11
7.3569801574803151
 21
-3.8120301181102363
 31
0
  0
LINE
  5
ECF
330
1F
100
AcDbEntity
  8
B.Cu
  6
CONTINUOUS
100
AcDbLine
 10
7.3569801574803151
 20
-3.8120301181102363
 30
0
 11
7.3543802755905512
 21
-3.8105290944881891
 31
0
  0
LINE
  5
ED0
330
1F
100
AcDbEntity
  8
B.Cu
  6
CONTINUOUS
100
AcDbLine
 10
7.3543802755905512
 20
-3.8105290944881891
 30
0
 11
7.3522574409448813
 21
-3.8084062598425197
 31
0
  0
LINE
  5
ED1
330
1F
100
AcDbEntity
  8
B.Cu
  6
CONTINUOUS
100
AcDbLine
 10
7.3522574409448813
 20
-3.8084062598425197
 30
0
 11
7.3507564173228346
 21
-3.8058063779527558
 31
0
  0
LINE
  5
ED2
330
1F
100
AcDbEntity
  8
B.Cu
  6
CONTINUOUS
100
AcDbLine
 10
7.3507564173228346
 20
-3.8058063779527558
 30
0
 11
7.3499794094488191
 21
-3.8029065748031496
 31
0
  0
LINE
  5
ED3
330
1F
100
AcDbEntity
  8
B.Cu
  6
CONTINUOUS
100
AcDbLine
 10
7.3499794094488191
 20
-3.8029065748031496
 30
0
 11
7.3499794094488191
 21
-3.7999044488188978
 31
0
  0
LINE
  5
ED4
330
1F
100
AcDbEntity
  8
B.Cu
  6
CONTINUOUS
100
AcDbLine
 10
7.3499794094488191
 20
-3.7999044488188978
 30
0
 11
7.3507564173228346
 21
-3.7970046456692912
 31
0
  0
LINE
  5
ED5
330
1F
100
AcDbEntity
  8
B.Cu
  6
CONTINUOUS
100
AcDbLine
 10
7.3507564173228346
 20
-3.7970046456692912
 30
0
 11
7.3522574409448813
 21
-3.7944047637795273
 31
0
  0
LINE
  5
ED6
330
1F
100
AcDbEntity
  8
B.Cu
  6
CONTINUOUS
100
AcDbLine
 10
7.3522574409448813
 20
-3.7944047637795273
 30
0
 11
7.3543802755905512
 21
-3.7922819291338583
 31
0
  0
LINE
  5
ED7
330
1F
100
AcDbEntity
  8
B.Cu
  6
CONTINUOUS
100
AcDbLine
 10
7.3543802755905512
 20
-3.7922819291338583
 30
0
 11
7.3569801574803151
 21
-3.7907809055118111
 31
0
  0
LINE
  5
ED8
330
1F
100
AcDbEntity
  8
B.Cu
  6
CONTINUOUS
100
AcDbLine
 10
7.3569801574803151
 20
-3.7907809055118111
 30
0
 11
7.3598799606299208
 21
-3.7900038976377952
 31
0
  0
LINE
  5
ED9
330
1F
100
AcDbEntity
  8
B.Cu
  6
CONTINUOUS
100
AcDbLine
 10
7.3598799606299208
 20
-3.7900038976377952
 30
0
 11
7.3628820866141726
 21
-3.7900038976377952
 31
0
  0
LINE
  5
EDA
330
1F
100
AcDbEntity
  8
B.Cu
  6
CONTINUOUS
100
AcDbLine
 10
7.3628820866141726
 20
-3.7900038976377952
 30
0
 11
7.3657818897637792
 21
-3.7907809055118111
 31
0
  0
LINE
  5
EDB
330
1F
100
AcDbEntity
  8
B.Cu
  6
CONTINUOUS
100
AcDbLine
 10
7.3342858267716533
 20
-3.7907808661417324
 30
0
 11
7.3368857086614172
 21
-3.7922818897637796
 31
0
  0
LINE
  5
EDC
330
1F
100
AcDbEntity
  8
B.Cu
  6
CONTINUOUS
100
AcDbLine
 10
7.3368857086614172
 20
-3.7922818897637796
 30
0
 11
7.3390085433070862
 21
-3.7944047244094485
 31
0
  0
LINE
  5
EDD
330
1F
100
AcDbEntity
  8
B.Cu
  6
CONTINUOUS
100
AcDbLine
 10
7.3390085433070862
 20
-3.7944047244094485
 30
0
 11
7.3405095669291338
 21
-3.7970046062992124
 31
0
  0
LINE
  5
EDE
330
1F
100
AcDbEntity
  8
B.Cu
  6
CONTINUOUS
100
AcDbLine
 10
7.3405095669291338
 20
-3.7970046062992124
 30
0
 11
7.3412865748031493
 21
-3.799904409448819
 31
0
  0
LINE
  5
EDF
330
1F
100
AcDbEntity
  8
B.Cu
  6
CONTINUOUS
100
AcDbLine
 10
7.3412865748031493
 20
-3.799904409448819
 30
0
 11
7.3412865748031493
 21
-3.8029065354330709
 31
0
  0
LINE
  5
EE0
330
1F
100
AcDbEntity
  8
B.Cu
  6
CONTINUOUS
100
AcDbLine
 10
7.3412865748031493
 20
-3.8029065354330709
 30
0
 11
7.3405095669291338
 21
-3.805806338582677
 31
0
  0
LINE
  5
EE1
330
1F
100
AcDbEntity
  8
B.Cu
  6
CONTINUOUS
100
AcDbLine
 10
7.3405095669291338
 20
-3.805806338582677
 30
0
 11
7.3390085433070862
 21
-3.8084062204724409
 31
0
  0
LINE
  5
EE2
330
1F
100
AcDbEntity
  8
B.Cu
  6
CONTINUOUS
100
AcDbLine
 10
7.3390085433070862
 20
-3.8084062204724409
 30
0
 11
7.3368857086614172
 21
-3.8105290551181104
 31
0
  0
LINE
  5
EE3
330
1F
100
AcDbEntity
  8
B.Cu
  6
CONTINUOUS
100
AcDbLine
 10
7.3368857086614172
 20
-3.8105290551181104
 30
0
 11
7.3342858267716533
 21
-3.8120300787401575
 31
0
  0
LINE
  5
EE4
330
1F
100
AcDbEntity
  8
B.Cu
  6
CONTINUOUS
100
AcDbLine
 10
7.3342858267716533
 20
-3.8120300787401575
 30
0
 11
7.3313860236220467
 21
-3.812807086614173
 31
0
  0
LINE
  5
EE5
330
1F
100
AcDbEntity
  8
B.Cu
  6
CONTINUOUS
100
AcDbLine
 10
7.3313860236220467
 20
-3.812807086614173
 30
0
 11
7.3283838976377949
 21
-3.812807086614173
 31
0
  0
LINE
  5
EE6
330
1F
100
AcDbEntity
  8
B.Cu
  6
CONTINUOUS
100
AcDbLine
 10
7.3283838976377949
 20
-3.812807086614173
 30
0
 11
7.3254840944881892
 21
-3.8120300787401575
 31
0
  0
LINE
  5
EE7
330
1F
100
AcDbEntity
  8
B.Cu
  6
CONTINUOUS
100
AcDbLine
 10
7.3254840944881892
 20
-3.8120300787401575
 30
0
 11
7.3228842125984253
 21
-3.8105290551181104
 31
0
  0
LINE
  5
EE8
330
1F
100
AcDbEntity
  8
B.Cu
  6
CONTINUOUS
100
AcDbLine
 10
7.3228842125984253
 20
-3.8105290551181104
 30
0
 11
7.3207613779527554
 21
-3.8084062204724409
 31
0
  0
LINE
  5
EE9
330
1F
100
AcDbEntity
  8
B.Cu
  6
CONTINUOUS
100
AcDbLine
 10
7.3207613779527554
 20
-3.8084062204724409
 30
0
 11
7.3192603543307087
 21
-3.805806338582677
 31
0
  0
LINE
  5
EEA
330
1F
100
AcDbEntity
  8
B.Cu
  6
CONTINUOUS
100
AcDbLine
 10
7.3192603543307087
 20
-3.805806338582677
 30
0
 11
7.3184833464566932
 21
-3.8029065354330709
 31
0
  0
LINE
  5
EEB
330
1F
100
AcDbEntity
  8
B.Cu
  6
CONTINUOUS
100
AcDbLine
 10
7.3184833464566932
 20
-3.8029065354330709
 30
0
 11
7.3184833464566932
 21
-3.799904409448819
 31
0
  0
LINE
  5
EEC
330
1F
100
AcDbEntity
  8
B.Cu
  6
CONTINUOUS
100
AcDbLine
 10
7.3184833464566932
 20
-3.799904409448819
 30
0
 11
7.3192603543307087
 21
-3.7970046062992124
 31
0
  0
LINE
  5
EED
330
1F
100
AcDbEntity
  8
B.Cu
  6
CONTINUOUS
100
AcDbLine
 10
7.3192603543307087
 20
-3.7970046062992124
 30
0
 11
7.3207613779527554
 21
-3.7944047244094485
 31
0
  0
LINE
  5
EEE
330
1F
100
AcDbEntity
  8
B.Cu
  6
CONTINUOUS
100
AcDbLine
 10
7.3207613779527554
 20
-3.7944047244094485
 30
0
 11
7.3228842125984253
 21
-3.7922818897637796
 31
0
  0
LINE
  5
EEF
330
1F
100
AcDbEntity
  8
B.Cu
  6
CONTINUOUS
100
AcDbLine
 10
7.3228842125984253
 20
-3.7922818897637796
 30
0
 11
7.3254840944881892
 21
-3.7907808661417324
 31
0
  0
LINE
  5
EF0
330
1F
100
AcDbEntity
  8
B.Cu
  6
CONTINUOUS
100
AcDbLine
 10
7.3254840944881892
 20
-3.7907808661417324
 30
0
 11
7.3283838976377949
 21
-3.7900038582677165
 31
0
  0
LINE
  5
EF1
330
1F
100
AcDbEntity
  8
B.Cu
  6
CONTINUOUS
100
AcDbLine
 10
7.3283838976377949
 20
-3.7900038582677165
 30
0
 11
7.3313860236220467
 21
-3.7900038582677165
 31
0
  0
LINE
  5
EF2
330
1F
100
AcDbEntity
  8
B.Cu
  6
CONTINUOUS
100
AcDbLine
 10
7.3313860236220467
 20
-3.7900038582677165
 30
0
 11
7.3342858267716533
 21
-3.7907808661417324
 31
0
  0
LINE
  5
EF3
330
1F
100
AcDbEntity
  8
B.Cu
  6
CONTINUOUS
100
AcDbLine
 10
7.3972779527559052
 20
-3.7907808661417324
 30
0
 11
7.3998778346456691
 21
-3.7922818897637796
 31
0
  0
LINE
  5
EF4
330
1F
100
AcDbEntity
  8
B.Cu
  6
CONTINUOUS
100
AcDbLine
 10
7.3998778346456691
 20
-3.7922818897637796
 30
0
 11
7.402000669291338
 21
-3.7944047244094485
 31
0
  0
LINE
  5
EF5
330
1F
100
AcDbEntity
  8
B.Cu
  6
CONTINUOUS
100
AcDbLine
 10
7.402000669291338
 20
-3.7944047244094485
 30
0
 11
7.4035016929133857
 21
-3.7970046062992124
 31
0
  0
LINE
  5
EF6
330
1F
100
AcDbEntity
  8
B.Cu
  6
CONTINUOUS
100
AcDbLine
 10
7.4035016929133857
 20
-3.7970046062992124
 30
0
 11
7.4042787007874011
 21
-3.799904409448819
 31
0
  0
LINE
  5
EF7
330
1F
100
AcDbEntity
  8
B.Cu
  6
CONTINUOUS
100
AcDbLine
 10
7.4042787007874011
 20
-3.799904409448819
 30
0
 11
7.4042787007874011
 21
-3.8029065354330709
 31
0
  0
LINE
  5
EF8
330
1F
100
AcDbEntity
  8
B.Cu
  6
CONTINUOUS
100
AcDbLine
 10
7.4042787007874011
 20
-3.8029065354330709
 30
0
 11
7.4035016929133857
 21
-3.805806338582677
 31
0
  0
LINE
  5
EF9
330
1F
100
AcDbEntity
  8
B.Cu
  6
CONTINUOUS
100
AcDbLine
 10
7.4035016929133857
 20
-3.805806338582677
 30
0
 11
7.402000669291338
 21
-3.8084062204724409
 31
0
  0
LINE
  5
EFA
330
1F
100
AcDbEntity
  8
B.Cu
  6
CONTINUOUS
100
AcDbLine
 10
7.402000669291338
 20
-3.8084062204724409
 30
0
 11
7.3998778346456691
 21
-3.8105290551181104
 31
0
  0
LINE
  5
EFB
330
1F
100
AcDbEntity
  8
B.Cu
  6
CONTINUOUS
100
AcDbLine
 10
7.3998778346456691
 20
-3.8105290551181104
 30
0
 11
7.3972779527559052
 21
-3.8120300787401575
 31
0
  0
LINE
  5
EFC
330
1F
100
AcDbEntity
  8
B.Cu
  6
CONTINUOUS
100
AcDbLine
 10
7.3972779527559052
 20
-3.8120300787401575
 30
0
 11
7.3943781496062995
 21
-3.812807086614173
 31
0
  0
LINE
  5
EFD
330
1F
100
AcDbEntity
  8
B.Cu
  6
CONTINUOUS
100
AcDbLine
 10
7.3943781496062995
 20
-3.812807086614173
 30
0
 11
7.3913760236220467
 21
-3.812807086614173
 31
0
  0
LINE
  5
EFE
330
1F
100
AcDbEntity
  8
B.Cu
  6
CONTINUOUS
100
AcDbLine
 10
7.3913760236220467
 20
-3.812807086614173
 30
0
 11
7.388476220472441
 21
-3.8120300787401575
 31
0
  0
LINE
  5
EFF
330
1F
100
AcDbEntity
  8
B.Cu
  6
CONTINUOUS
100
AcDbLine
 10
7.388476220472441
 20
-3.8120300787401575
 30
0
 11
7.3858763385826771
 21
-3.8105290551181104
 31
0
  0
LINE
  5
F00
330
1F
100
AcDbEntity
  8
B.Cu
  6
CONTINUOUS
100
AcDbLine
 10
7.3858763385826771
 20
-3.8105290551181104
 30
0
 11
7.3837535039370081
 21
-3.8084062204724409
 31
0
  0
LINE
  5
F01
330
1F
100
AcDbEntity
  8
B.Cu
  6
CONTINUOUS
100
AcDbLine
 10
7.3837535039370081
 20
-3.8084062204724409
 30
0
 11
7.3822524803149605
 21
-3.805806338582677
 31
0
  0
LINE
  5
F02
330
1F
100
AcDbEntity
  8
B.Cu
  6
CONTINUOUS
100
AcDbLine
 10
7.3822524803149605
 20
-3.805806338582677
 30
0
 11
7.381475472440945
 21
-3.8029065354330709
 31
0
  0
LINE
  5
F03
330
1F
100
AcDbEntity
  8
B.Cu
  6
CONTINUOUS
100
AcDbLine
 10
7.381475472440945
 20
-3.8029065354330709
 30
0
 11
7.381475472440945
 21
-3.799904409448819
 31
0
  0
LINE
  5
F04
330
1F
100
AcDbEntity
  8
B.Cu
  6
CONTINUOUS
100
AcDbLine
 10
7.381475472440945
 20
-3.799904409448819
 30
0
 11
7.3822524803149605
 21
-3.7970046062992124
 31
0
  0
LINE
  5
F05
330
1F
100
AcDbEntity
  8
B.Cu
  6
CONTINUOUS
100
AcDbLine
 10
7.3822524803149605
 20
-3.7970046062992124
 30
0
 11
7.3837535039370081
 21
-3.7944047244094485
 31
0
  0
LINE
  5
F06
330
1F
100
AcDbEntity
  8
B.Cu
  6
CONTINUOUS
100
AcDbLine
 10
7.3837535039370081
 20
-3.7944047244094485
 30
0
 11
7.3858763385826771
 21
-3.7922818897637796
 31
0
  0
LINE
  5
F07
330
1F
100
AcDbEntity
  8
B.Cu
  6
CONTINUOUS
100
AcDbLine
 10
7.3858763385826771
 20
-3.7922818897637796
 30
0
 11
7.388476220472441
 21
-3.7907808661417324
 31
0
  0
LINE
  5
F08
330
1F
100
AcDbEntity
  8
B.Cu
  6
CONTINUOUS
100
AcDbLine
 10
7.388476220472441
 20
-3.7907808661417324
 30
0
 11
7.3913760236220467
 21
-3.7900038582677165
 31
0
  0
LINE
  5
F09
330
1F
100
AcDbEntity
  8
B.Cu
  6
CONTINUOUS
100
AcDbLine
 10
7.3913760236220467
 20
-3.7900038582677165
 30
0
 11
7.3943781496062995
 21
-3.7900038582677165
 31
0
  0
LINE
  5
F0A
330
1F
100
AcDbEntity
  8
B.Cu
  6
CONTINUOUS
100
AcDbLine
 10
7.3943781496062995
 20
-3.7900038582677165
 30
0
 11
7.3972779527559052
 21
-3.7907808661417324
 31
0
  0
LINE
  5
F0B
330
1F
100
AcDbEntity
  8
B.Cu
  6
CONTINUOUS
100
AcDbLine
 10
7.1199665748031498
 20
-3.7880737401574804
 30
0
 11
7.1225664566929137
 21
-3.7895747637795276
 31
0
  0
LINE
  5
F0C
330
1F
100
AcDbEntity
  8
B.Cu
  6
CONTINUOUS
100
AcDbLine
 10
7.1225664566929137
 20
-3.7895747637795276
 30
0
 11
7.1246892913385826
 21
-3.7916975984251966
 31
0
  0
LINE
  5
F0D
330
1F
100
AcDbEntity
  8
B.Cu
  6
CONTINUOUS
100
AcDbLine
 10
7.1246892913385826
 20
-3.7916975984251966
 30
0
 11
7.1261903149606294
 21
-3.7942974803149605
 31
0
  0
LINE
  5
F0E
330
1F
100
AcDbEntity
  8
B.Cu
  6
CONTINUOUS
100
AcDbLine
 10
7.1261903149606294
 20
-3.7942974803149605
 30
0
 11
7.1269673228346457
 21
-3.7971972834645666
 31
0
  0
LINE
  5
F0F
330
1F
100
AcDbEntity
  8
B.Cu
  6
CONTINUOUS
100
AcDbLine
 10
7.1269673228346457
 20
-3.7971972834645666
 30
0
 11
7.1269673228346457
 21
-3.800199409448819
 31
0
  0
LINE
  5
F10
330
1F
100
AcDbEntity
  8
B.Cu
  6
CONTINUOUS
100
AcDbLine
 10
7.1269673228346457
 20
-3.800199409448819
 30
0
 11
7.1261903149606294
 21
-3.8030992125984251
 31
0
  0
LINE
  5
F11
330
1F
100
AcDbEntity
  8
B.Cu
  6
CONTINUOUS
100
AcDbLine
 10
7.1261903149606294
 20
-3.8030992125984251
 30
0
 11
7.1246892913385826
 21
-3.805699094488189
 31
0
  0
LINE
  5
F12
330
1F
100
AcDbEntity
  8
B.Cu
  6
CONTINUOUS
100
AcDbLine
 10
7.1246892913385826
 20
-3.805699094488189
 30
0
 11
7.1225664566929137
 21
-3.807821929133858
 31
0
  0
LINE
  5
F13
330
1F
100
AcDbEntity
  8
B.Cu
  6
CONTINUOUS
100
AcDbLine
 10
7.1225664566929137
 20
-3.807821929133858
 30
0
 11
7.1199665748031498
 21
-3.8093229527559056
 31
0
  0
LINE
  5
F14
330
1F
100
AcDbEntity
  8
B.Cu
  6
CONTINUOUS
100
AcDbLine
 10
7.1199665748031498
 20
-3.8093229527559056
 30
0
 11
7.1170667716535432
 21
-3.8100999606299211
 31
0
  0
LINE
  5
F15
330
1F
100
AcDbEntity
  8
B.Cu
  6
CONTINUOUS
100
AcDbLine
 10
7.1170667716535432
 20
-3.8100999606299211
 30
0
 11
7.1140646456692913
 21
-3.8100999606299211
 31
0
  0
LINE
  5
F16
330
1F
100
AcDbEntity
  8
B.Cu
  6
CONTINUOUS
100
AcDbLine
 10
7.1140646456692913
 20
-3.8100999606299211
 30
0
 11
7.1111648425196847
 21
-3.8093229527559056
 31
0
  0
LINE
  5
F17
330
1F
100
AcDbEntity
  8
B.Cu
  6
CONTINUOUS
100
AcDbLine
 10
7.1111648425196847
 20
-3.8093229527559056
 30
0
 11
7.1085649606299208
 21
-3.807821929133858
 31
0
  0
LINE
  5
F18
330
1F
100
AcDbEntity
  8
B.Cu
  6
CONTINUOUS
100
AcDbLine
 10
7.1085649606299208
 20
-3.807821929133858
 30
0
 11
7.1064421259842518
 21
-3.805699094488189
 31
0
  0
LINE
  5
F19
330
1F
100
AcDbEntity
  8
B.Cu
  6
CONTINUOUS
100
AcDbLine
 10
7.1064421259842518
 20
-3.805699094488189
 30
0
 11
7.1049411023622042
 21
-3.8030992125984251
 31
0
  0
LINE
  5
F1A
330
1F
100
AcDbEntity
  8
B.Cu
  6
CONTINUOUS
100
AcDbLine
 10
7.1049411023622042
 20
-3.8030992125984251
 30
0
 11
7.1041640944881888
 21
-3.800199409448819
 31
0
  0
LINE
  5
F1B
330
1F
100
AcDbEntity
  8
B.Cu
  6
CONTINUOUS
100
AcDbLine
 10
7.1041640944881888
 20
-3.800199409448819
 30
0
 11
7.1041640944881888
 21
-3.7971972834645666
 31
0
  0
LINE
  5
F1C
330
1F
100
AcDbEntity
  8
B.Cu
  6
CONTINUOUS
100
AcDbLine
 10
7.1041640944881888
 20
-3.7971972834645666
 30
0
 11
7.1049411023622042
 21
-3.7942974803149605
 31
0
  0
LINE
  5
F1D
330
1F
100
AcDbEntity
  8
B.Cu
  6
CONTINUOUS
100
AcDbLine
 10
7.1049411023622042
 20
-3.7942974803149605
 30
0
 11
7.1064421259842518
 21
-3.7916975984251966
 31
0
  0
LINE
  5
F1E
330
1F
100
AcDbEntity
  8
B.Cu
  6
CONTINUOUS
100
AcDbLine
 10
7.1064421259842518
 20
-3.7916975984251966
 30
0
 11
7.1085649606299208
 21
-3.7895747637795276
 31
0
  0
LINE
  5
F1F
330
1F
100
AcDbEntity
  8
B.Cu
  6
CONTINUOUS
100
AcDbLine
 10
7.1085649606299208
 20
-3.7895747637795276
 30
0
 11
7.1111648425196847
 21
-3.7880737401574804
 31
0
  0
LINE
  5
F20
330
1F
100
AcDbEntity
  8
B.Cu
  6
CONTINUOUS
100
AcDbLine
 10
7.1111648425196847
 20
-3.7880737401574804
 30
0
 11
7.1140646456692913
 21
-3.7872967322834645
 31
0
  0
LINE
  5
F21
330
1F
100
AcDbEntity
  8
B.Cu
  6
CONTINUOUS
100
AcDbLine
 10
7.1140646456692913
 20
-3.7872967322834645
 30
0
 11
7.1170667716535432
 21
-3.7872967322834645
 31
0
  0
LINE
  5
F22
330
1F
100
AcDbEntity
  8
B.Cu
  6
CONTINUOUS
100
AcDbLine
 10
7.1170667716535432
 20
-3.7872967322834645
 30
0
 11
7.1199665748031498
 21
-3.7880737401574804
 31
0
  0
LINE
  5
F23
330
1F
100
AcDbEntity
  8
B.Cu
  6
CONTINUOUS
100
AcDbLine
 10
7.1514626377952757
 20
-3.7880737401574804
 30
0
 11
7.1540625196850396
 21
-3.7895747637795276
 31
0
  0
LINE
  5
F24
330
1F
100
AcDbEntity
  8
B.Cu
  6
CONTINUOUS
100
AcDbLine
 10
7.1540625196850396
 20
-3.7895747637795276
 30
0
 11
7.1561853543307086
 21
-3.7916975984251966
 31
0
  0
LINE
  5
F25
330
1F
100
AcDbEntity
  8
B.Cu
  6
CONTINUOUS
100
AcDbLine
 10
7.1561853543307086
 20
-3.7916975984251966
 30
0
 11
7.1576863779527553
 21
-3.7942974803149605
 31
0
  0
LINE
  5
F26
330
1F
100
AcDbEntity
  8
B.Cu
  6
CONTINUOUS
100
AcDbLine
 10
7.1576863779527553
 20
-3.7942974803149605
 30
0
 11
7.1584633858267717
 21
-3.7971972834645666
 31
0
  0
LINE
  5
F27
330
1F
100
AcDbEntity
  8
B.Cu
  6
CONTINUOUS
100
AcDbLine
 10
7.1584633858267717
 20
-3.7971972834645666
 30
0
 11
7.1584633858267717
 21
-3.800199409448819
 31
0
  0
LINE
  5
F28
330
1F
100
AcDbEntity
  8
B.Cu
  6
CONTINUOUS
100
AcDbLine
 10
7.1584633858267717
 20
-3.800199409448819
 30
0
 11
7.1576863779527553
 21
-3.8030992125984251
 31
0
  0
LINE
  5
F29
330
1F
100
AcDbEntity
  8
B.Cu
  6
CONTINUOUS
100
AcDbLine
 10
7.1576863779527553
 20
-3.8030992125984251
 30
0
 11
7.1561853543307086
 21
-3.805699094488189
 31
0
  0
LINE
  5
F2A
330
1F
100
AcDbEntity
  8
B.Cu
  6
CONTINUOUS
100
AcDbLine
 10
7.1561853543307086
 20
-3.805699094488189
 30
0
 11
7.1540625196850396
 21
-3.807821929133858
 31
0
  0
LINE
  5
F2B
330
1F
100
AcDbEntity
  8
B.Cu
  6
CONTINUOUS
100
AcDbLine
 10
7.1540625196850396
 20
-3.807821929133858
 30
0
 11
7.1514626377952757
 21
-3.8093229527559056
 31
0
  0
LINE
  5
F2C
330
1F
100
AcDbEntity
  8
B.Cu
  6
CONTINUOUS
100
AcDbLine
 10
7.1514626377952757
 20
-3.8093229527559056
 30
0
 11
7.1485628346456691
 21
-3.8100999606299211
 31
0
  0
LINE
  5
F2D
330
1F
100
AcDbEntity
  8
B.Cu
  6
CONTINUOUS
100
AcDbLine
 10
7.1485628346456691
 20
-3.8100999606299211
 30
0
 11
7.1455607086614172
 21
-3.8100999606299211
 31
0
  0
LINE
  5
F2E
330
1F
100
AcDbEntity
  8
B.Cu
  6
CONTINUOUS
100
AcDbLine
 10
7.1455607086614172
 20
-3.8100999606299211
 30
0
 11
7.1426609055118107
 21
-3.8093229527559056
 31
0
  0
LINE
  5
F2F
330
1F
100
AcDbEntity
  8
B.Cu
  6
CONTINUOUS
100
AcDbLine
 10
7.1426609055118107
 20
-3.8093229527559056
 30
0
 11
7.1400610236220468
 21
-3.807821929133858
 31
0
  0
LINE
  5
F30
330
1F
100
AcDbEntity
  8
B.Cu
  6
CONTINUOUS
100
AcDbLine
 10
7.1400610236220468
 20
-3.807821929133858
 30
0
 11
7.1379381889763778
 21
-3.805699094488189
 31
0
  0
LINE
  5
F31
330
1F
100
AcDbEntity
  8
B.Cu
  6
CONTINUOUS
100
AcDbLine
 10
7.1379381889763778
 20
-3.805699094488189
 30
0
 11
7.1364371653543301
 21
-3.8030992125984251
 31
0
  0
LINE
  5
F32
330
1F
100
AcDbEntity
  8
B.Cu
  6
CONTINUOUS
100
AcDbLine
 10
7.1364371653543301
 20
-3.8030992125984251
 30
0
 11
7.1356601574803147
 21
-3.800199409448819
 31
0
  0
LINE
  5
F33
330
1F
100
AcDbEntity
  8
B.Cu
  6
CONTINUOUS
100
AcDbLine
 10
7.1356601574803147
 20
-3.800199409448819
 30
0
 11
7.1356601574803147
 21
-3.7971972834645666
 31
0
  0
LINE
  5
F34
330
1F
100
AcDbEntity
  8
B.Cu
  6
CONTINUOUS
100
AcDbLine
 10
7.1356601574803147
 20
-3.7971972834645666
 30
0
 11
7.1364371653543301
 21
-3.7942974803149605
 31
0
  0
LINE
  5
F35
330
1F
100
AcDbEntity
  8
B.Cu
  6
CONTINUOUS
100
AcDbLine
 10
7.1364371653543301
 20
-3.7942974803149605
 30
0
 11
7.1379381889763778
 21
-3.7916975984251966
 31
0
  0
LINE
  5
F36
330
1F
100
AcDbEntity
  8
B.Cu
  6
CONTINUOUS
100
AcDbLine
 10
7.1379381889763778
 20
-3.7916975984251966
 30
0
 11
7.1400610236220468
 21
-3.7895747637795276
 31
0
  0
LINE
  5
F37
330
1F
100
AcDbEntity
  8
B.Cu
  6
CONTINUOUS
100
AcDbLine
 10
7.1400610236220468
 20
-3.7895747637795276
 30
0
 11
7.1426609055118107
 21
-3.7880737401574804
 31
0
  0
LINE
  5
F38
330
1F
100
AcDbEntity
  8
B.Cu
  6
CONTINUOUS
100
AcDbLine
 10
7.1426609055118107
 20
-3.7880737401574804
 30
0
 11
7.1455607086614172
 21
-3.7872967322834645
 31
0
  0
LINE
  5
F39
330
1F
100
AcDbEntity
  8
B.Cu
  6
CONTINUOUS
100
AcDbLine
 10
7.1455607086614172
 20
-3.7872967322834645
 30
0
 11
7.1485628346456691
 21
-3.7872967322834645
 31
0
  0
LINE
  5
F3A
330
1F
100
AcDbEntity
  8
B.Cu
  6
CONTINUOUS
100
AcDbLine
 10
7.1485628346456691
 20
-3.7872967322834645
 30
0
 11
7.1514626377952757
 21
-3.7880737401574804
 31
0
  0
LINE
  5
F3B
330
1F
100
AcDbEntity
  8
B.Cu
  6
CONTINUOUS
100
AcDbLine
 10
7.1829587007874016
 20
-3.7880737401574804
 30
0
 11
7.1855585826771655
 21
-3.7895747637795276
 31
0
  0
LINE
  5
F3C
330
1F
100
AcDbEntity
  8
B.Cu
  6
CONTINUOUS
100
AcDbLine
 10
7.1855585826771655
 20
-3.7895747637795276
 30
0
 11
7.1876814173228345
 21
-3.7916975984251966
 31
0
  0
LINE
  5
F3D
330
1F
100
AcDbEntity
  8
B.Cu
  6
CONTINUOUS
100
AcDbLine
 10
7.1876814173228345
 20
-3.7916975984251966
 30
0
 11
7.1891824409448821
 21
-3.7942974803149605
 31
0
  0
LINE
  5
F3E
330
1F
100
AcDbEntity
  8
B.Cu
  6
CONTINUOUS
100
AcDbLine
 10
7.1891824409448821
 20
-3.7942974803149605
 30
0
 11
7.1899594488188976
 21
-3.7971972834645666
 31
0
  0
LINE
  5
F3F
330
1F
100
AcDbEntity
  8
B.Cu
  6
CONTINUOUS
100
AcDbLine
 10
7.1899594488188976
 20
-3.7971972834645666
 30
0
 11
7.1899594488188976
 21
-3.800199409448819
 31
0
  0
LINE
  5
F40
330
1F
100
AcDbEntity
  8
B.Cu
  6
CONTINUOUS
100
AcDbLine
 10
7.1899594488188976
 20
-3.800199409448819
 30
0
 11
7.1891824409448821
 21
-3.8030992125984251
 31
0
  0
LINE
  5
F41
330
1F
100
AcDbEntity
  8
B.Cu
  6
CONTINUOUS
100
AcDbLine
 10
7.1891824409448821
 20
-3.8030992125984251
 30
0
 11
7.1876814173228345
 21
-3.805699094488189
 31
0
  0
LINE
  5
F42
330
1F
100
AcDbEntity
  8
B.Cu
  6
CONTINUOUS
100
AcDbLine
 10
7.1876814173228345
 20
-3.805699094488189
 30
0
 11
7.1855585826771655
 21
-3.807821929133858
 31
0
  0
LINE
  5
F43
330
1F
100
AcDbEntity
  8
B.Cu
  6
CONTINUOUS
100
AcDbLine
 10
7.1855585826771655
 20
-3.807821929133858
 30
0
 11
7.1829587007874016
 21
-3.8093229527559056
 31
0
  0
LINE
  5
F44
330
1F
100
AcDbEntity
  8
B.Cu
  6
CONTINUOUS
100
AcDbLine
 10
7.1829587007874016
 20
-3.8093229527559056
 30
0
 11
7.180058897637795
 21
-3.8100999606299211
 31
0
  0
LINE
  5
F45
330
1F
100
AcDbEntity
  8
B.Cu
  6
CONTINUOUS
100
AcDbLine
 10
7.180058897637795
 20
-3.8100999606299211
 30
0
 11
7.1770567716535432
 21
-3.8100999606299211
 31
0
  0
LINE
  5
F46
330
1F
100
AcDbEntity
  8
B.Cu
  6
CONTINUOUS
100
AcDbLine
 10
7.1770567716535432
 20
-3.8100999606299211
 30
0
 11
7.1741569685039366
 21
-3.8093229527559056
 31
0
  0
LINE
  5
F47
330
1F
100
AcDbEntity
  8
B.Cu
  6
CONTINUOUS
100
AcDbLine
 10
7.1741569685039366
 20
-3.8093229527559056
 30
0
 11
7.1715570866141727
 21
-3.807821929133858
 31
0
  0
LINE
  5
F48
330
1F
100
AcDbEntity
  8
B.Cu
  6
CONTINUOUS
100
AcDbLine
 10
7.1715570866141727
 20
-3.807821929133858
 30
0
 11
7.1694342519685037
 21
-3.805699094488189
 31
0
  0
LINE
  5
F49
330
1F
100
AcDbEntity
  8
B.Cu
  6
CONTINUOUS
100
AcDbLine
 10
7.1694342519685037
 20
-3.805699094488189
 30
0
 11
7.167933228346457
 21
-3.8030992125984251
 31
0
  0
LINE
  5
F4A
330
1F
100
AcDbEntity
  8
B.Cu
  6
CONTINUOUS
100
AcDbLine
 10
7.167933228346457
 20
-3.8030992125984251
 30
0
 11
7.1671562204724406
 21
-3.800199409448819
 31
0
  0
LINE
  5
F4B
330
1F
100
AcDbEntity
  8
B.Cu
  6
CONTINUOUS
100
AcDbLine
 10
7.1671562204724406
 20
-3.800199409448819
 30
0
 11
7.1671562204724406
 21
-3.7971972834645666
 31
0
  0
LINE
  5
F4C
330
1F
100
AcDbEntity
  8
B.Cu
  6
CONTINUOUS
100
AcDbLine
 10
7.1671562204724406
 20
-3.7971972834645666
 30
0
 11
7.167933228346457
 21
-3.7942974803149605
 31
0
  0
LINE
  5
F4D
330
1F
100
AcDbEntity
  8
B.Cu
  6
CONTINUOUS
100
AcDbLine
 10
7.167933228346457
 20
-3.7942974803149605
 30
0
 11
7.1694342519685037
 21
-3.7916975984251966
 31
0
  0
LINE
  5
F4E
330
1F
100
AcDbEntity
  8
B.Cu
  6
CONTINUOUS
100
AcDbLine
 10
7.1694342519685037
 20
-3.7916975984251966
 30
0
 11
7.1715570866141727
 21
-3.7895747637795276
 31
0
  0
LINE
  5
F4F
330
1F
100
AcDbEntity
  8
B.Cu
  6
CONTINUOUS
100
AcDbLine
 10
7.1715570866141727
 20
-3.7895747637795276
 30
0
 11
7.1741569685039366
 21
-3.7880737401574804
 31
0
  0
LINE
  5
F50
330
1F
100
AcDbEntity
  8
B.Cu
  6
CONTINUOUS
100
AcDbLine
 10
7.1741569685039366
 20
-3.7880737401574804
 30
0
 11
7.1770567716535432
 21
-3.7872967322834645
 31
0
  0
LINE
  5
F51
330
1F
100
AcDbEntity
  8
B.Cu
  6
CONTINUOUS
100
AcDbLine
 10
7.1770567716535432
 20
-3.7872967322834645
 30
0
 11
7.180058897637795
 21
-3.7872967322834645
 31
0
  0
LINE
  5
F52
330
1F
100
AcDbEntity
  8
B.Cu
  6
CONTINUOUS
100
AcDbLine
 10
7.180058897637795
 20
-3.7872967322834645
 30
0
 11
7.1829587007874016
 21
-3.7880737401574804
 31
0
  0
LINE
  5
F53
330
1F
100
AcDbEntity
  8
B.Cu
  6
CONTINUOUS
100
AcDbLine
 10
6.8385742913385821
 20
-3.7836470078740159
 30
0
 11
6.841174173228346
 21
-3.785148031496063
 31
0
  0
LINE
  5
F54
330
1F
100
AcDbEntity
  8
B.Cu
  6
CONTINUOUS
100
AcDbLine
 10
6.841174173228346
 20
-3.785148031496063
 30
0
 11
6.8432970078740158
 21
-3.787270866141732
 31
0
  0
LINE
  5
F55
330
1F
100
AcDbEntity
  8
B.Cu
  6
CONTINUOUS
100
AcDbLine
 10
6.8432970078740158
 20
-3.787270866141732
 30
0
 11
6.8447980314960626
 21
-3.7898707480314959
 31
0
  0
LINE
  5
F56
330
1F
100
AcDbEntity
  8
B.Cu
  6
CONTINUOUS
100
AcDbLine
 10
6.8447980314960626
 20
-3.7898707480314959
 30
0
 11
6.8455750393700789
 21
-3.7927705511811021
 31
0
  0
LINE
  5
F57
330
1F
100
AcDbEntity
  8
B.Cu
  6
CONTINUOUS
100
AcDbLine
 10
6.8455750393700789
 20
-3.7927705511811021
 30
0
 11
6.8455750393700789
 21
-3.7957726771653544
 31
0
  0
LINE
  5
F58
330
1F
100
AcDbEntity
  8
B.Cu
  6
CONTINUOUS
100
AcDbLine
 10
6.8455750393700789
 20
-3.7957726771653544
 30
0
 11
6.8447980314960626
 21
-3.7986724803149605
 31
0
  0
LINE
  5
F59
330
1F
100
AcDbEntity
  8
B.Cu
  6
CONTINUOUS
100
AcDbLine
 10
6.8447980314960626
 20
-3.7986724803149605
 30
0
 11
6.8432970078740158
 21
-3.8012723622047244
 31
0
  0
LINE
  5
F5A
330
1F
100
AcDbEntity
  8
B.Cu
  6
CONTINUOUS
100
AcDbLine
 10
6.8432970078740158
 20
-3.8012723622047244
 30
0
 11
6.841174173228346
 21
-3.8033951968503934
 31
0
  0
LINE
  5
F5B
330
1F
100
AcDbEntity
  8
B.Cu
  6
CONTINUOUS
100
AcDbLine
 10
6.841174173228346
 20
-3.8033951968503934
 30
0
 11
6.8385742913385821
 21
-3.804896220472441
 31
0
  0
LINE
  5
F5C
330
1F
100
AcDbEntity
  8
B.Cu
  6
CONTINUOUS
100
AcDbLine
 10
6.8385742913385821
 20
-3.804896220472441
 30
0
 11
6.8356744881889764
 21
-3.8056732283464565
 31
0
  0
LINE
  5
F5D
330
1F
100
AcDbEntity
  8
B.Cu
  6
CONTINUOUS
100
AcDbLine
 10
6.8356744881889764
 20
-3.8056732283464565
 30
0
 11
6.8326723622047245
 21
-3.8056732283464565
 31
0
  0
LINE
  5
F5E
330
1F
100
AcDbEntity
  8
B.Cu
  6
CONTINUOUS
100
AcDbLine
 10
6.8326723622047245
 20
-3.8056732283464565
 30
0
 11
6.8297725590551179
 21
-3.804896220472441
 31
0
  0
LINE
  5
F5F
330
1F
100
AcDbEntity
  8
B.Cu
  6
CONTINUOUS
100
AcDbLine
 10
6.8297725590551179
 20
-3.804896220472441
 30
0
 11
6.827172677165354
 21
-3.8033951968503934
 31
0
  0
LINE
  5
F60
330
1F
100
AcDbEntity
  8
B.Cu
  6
CONTINUOUS
100
AcDbLine
 10
6.827172677165354
 20
-3.8033951968503934
 30
0
 11
6.8250498425196851
 21
-3.8012723622047244
 31
0
  0
LINE
  5
F61
330
1F
100
AcDbEntity
  8
B.Cu
  6
CONTINUOUS
100
AcDbLine
 10
6.8250498425196851
 20
-3.8012723622047244
 30
0
 11
6.8235488188976374
 21
-3.7986724803149605
 31
0
  0
LINE
  5
F62
330
1F
100
AcDbEntity
  8
B.Cu
  6
CONTINUOUS
100
AcDbLine
 10
6.8235488188976374
 20
-3.7986724803149605
 30
0
 11
6.822771811023622
 21
-3.7957726771653544
 31
0
  0
LINE
  5
F63
330
1F
100
AcDbEntity
  8
B.Cu
  6
CONTINUOUS
100
AcDbLine
 10
6.822771811023622
 20
-3.7957726771653544
 30
0
 11
6.822771811023622
 21
-3.7927705511811021
 31
0
  0
LINE
  5
F64
330
1F
100
AcDbEntity
  8
B.Cu
  6
CONTINUOUS
100
AcDbLine
 10
6.822771811023622
 20
-3.7927705511811021
 30
0
 11
6.8235488188976374
 21
-3.7898707480314959
 31
0
  0
LINE
  5
F65
330
1F
100
AcDbEntity
  8
B.Cu
  6
CONTINUOUS
100
AcDbLine
 10
6.8235488188976374
 20
-3.7898707480314959
 30
0
 11
6.8250498425196851
 21
-3.787270866141732
 31
0
  0
LINE
  5
F66
330
1F
100
AcDbEntity
  8
B.Cu
  6
CONTINUOUS
100
AcDbLine
 10
6.8250498425196851
 20
-3.787270866141732
 30
0
 11
6.827172677165354
 21
-3.785148031496063
 31
0
  0
LINE
  5
F67
330
1F
100
AcDbEntity
  8
B.Cu
  6
CONTINUOUS
100
AcDbLine
 10
6.827172677165354
 20
-3.785148031496063
 30
0
 11
6.8297725590551179
 21
-3.7836470078740159
 31
0
  0
LINE
  5
F68
330
1F
100
AcDbEntity
  8
B.Cu
  6
CONTINUOUS
100
AcDbLine
 10
6.8297725590551179
 20
-3.7836470078740159
 30
0
 11
6.8326723622047245
 21
-3.78287
 31
0
  0
LINE
  5
F69
330
1F
100
AcDbEntity
  8
B.Cu
  6
CONTINUOUS
100
AcDbLine
 10
6.8326723622047245
 20
-3.78287
 30
0
 11
6.8356744881889764
 21
-3.78287
 31
0
  0
LINE
  5
F6A
330
1F
100
AcDbEntity
  8
B.Cu
  6
CONTINUOUS
100
AcDbLine
 10
6.8356744881889764
 20
-3.78287
 30
0
 11
6.8385742913385821
 21
-3.7836470078740159
 31
0
  0
LINE
  5
F6B
330
1F
100
AcDbEntity
  8
B.Cu
  6
CONTINUOUS
100
AcDbLine
 10
6.9665270472440941
 20
-3.7836470078740159
 30
0
 11
6.969126929133858
 21
-3.785148031496063
 31
0
  0
LINE
  5
F6C
330
1F
100
AcDbEntity
  8
B.Cu
  6
CONTINUOUS
100
AcDbLine
 10
6.969126929133858
 20
-3.785148031496063
 30
0
 11
6.971249763779527
 21
-3.787270866141732
 31
0
  0
LINE
  5
F6D
330
1F
100
AcDbEntity
  8
B.Cu
  6
CONTINUOUS
100
AcDbLine
 10
6.971249763779527
 20
-3.787270866141732
 30
0
 11
6.9727507874015746
 21
-3.7898707480314959
 31
0
  0
LINE
  5
F6E
330
1F
100
AcDbEntity
  8
B.Cu
  6
CONTINUOUS
100
AcDbLine
 10
6.9727507874015746
 20
-3.7898707480314959
 30
0
 11
6.9735277952755901
 21
-3.7927705511811021
 31
0
  0
LINE
  5
F6F
330
1F
100
AcDbEntity
  8
B.Cu
  6
CONTINUOUS
100
AcDbLine
 10
6.9735277952755901
 20
-3.7927705511811021
 30
0
 11
6.9735277952755901
 21
-3.7957726771653544
 31
0
  0
LINE
  5
F70
330
1F
100
AcDbEntity
  8
B.Cu
  6
CONTINUOUS
100
AcDbLine
 10
6.9735277952755901
 20
-3.7957726771653544
 30
0
 11
6.9727507874015746
 21
-3.7986724803149605
 31
0
  0
LINE
  5
F71
330
1F
100
AcDbEntity
  8
B.Cu
  6
CONTINUOUS
100
AcDbLine
 10
6.9727507874015746
 20
-3.7986724803149605
 30
0
 11
6.971249763779527
 21
-3.8012723622047244
 31
0
  0
LINE
  5
F72
330
1F
100
AcDbEntity
  8
B.Cu
  6
CONTINUOUS
100
AcDbLine
 10
6.971249763779527
 20
-3.8012723622047244
 30
0
 11
6.969126929133858
 21
-3.8033951968503934
 31
0
  0
LINE
  5
F73
330
1F
100
AcDbEntity
  8
B.Cu
  6
CONTINUOUS
100
AcDbLine
 10
6.969126929133858
 20
-3.8033951968503934
 30
0
 11
6.9665270472440941
 21
-3.804896220472441
 31
0
  0
LINE
  5
F74
330
1F
100
AcDbEntity
  8
B.Cu
  6
CONTINUOUS
100
AcDbLine
 10
6.9665270472440941
 20
-3.804896220472441
 30
0
 11
6.9636272440944884
 21
-3.8056732283464565
 31
0
  0
LINE
  5
F75
330
1F
100
AcDbEntity
  8
B.Cu
  6
CONTINUOUS
100
AcDbLine
 10
6.9636272440944884
 20
-3.8056732283464565
 30
0
 11
6.9606251181102357
 21
-3.8056732283464565
 31
0
  0
LINE
  5
F76
330
1F
100
AcDbEntity
  8
B.Cu
  6
CONTINUOUS
100
AcDbLine
 10
6.9606251181102357
 20
-3.8056732283464565
 30
0
 11
6.95772531496063
 21
-3.804896220472441
 31
0
  0
LINE
  5
F77
330
1F
100
AcDbEntity
  8
B.Cu
  6
CONTINUOUS
100
AcDbLine
 10
6.95772531496063
 20
-3.804896220472441
 30
0
 11
6.9551254330708661
 21
-3.8033951968503934
 31
0
  0
LINE
  5
F78
330
1F
100
AcDbEntity
  8
B.Cu
  6
CONTINUOUS
100
AcDbLine
 10
6.9551254330708661
 20
-3.8033951968503934
 30
0
 11
6.9530025984251971
 21
-3.8012723622047244
 31
0
  0
LINE
  5
F79
330
1F
100
AcDbEntity
  8
B.Cu
  6
CONTINUOUS
100
AcDbLine
 10
6.9530025984251971
 20
-3.8012723622047244
 30
0
 11
6.9515015748031495
 21
-3.7986724803149605
 31
0
  0
LINE
  5
F7A
330
1F
100
AcDbEntity
  8
B.Cu
  6
CONTINUOUS
100
AcDbLine
 10
6.9515015748031495
 20
-3.7986724803149605
 30
0
 11
6.950724566929134
 21
-3.7957726771653544
 31
0
  0
LINE
  5
F7B
330
1F
100
AcDbEntity
  8
B.Cu
  6
CONTINUOUS
100
AcDbLine
 10
6.950724566929134
 20
-3.7957726771653544
 30
0
 11
6.950724566929134
 21
-3.7927705511811021
 31
0
  0
LINE
  5
F7C
330
1F
100
AcDbEntity
  8
B.Cu
  6
CONTINUOUS
100
AcDbLine
 10
6.950724566929134
 20
-3.7927705511811021
 30
0
 11
6.9515015748031495
 21
-3.7898707480314959
 31
0
  0
LINE
  5
F7D
330
1F
100
AcDbEntity
  8
B.Cu
  6
CONTINUOUS
100
AcDbLine
 10
6.9515015748031495
 20
-3.7898707480314959
 30
0
 11
6.9530025984251971
 21
-3.787270866141732
 31
0
  0
LINE
  5
F7E
330
1F
100
AcDbEntity
  8
B.Cu
  6
CONTINUOUS
100
AcDbLine
 10
6.9530025984251971
 20
-3.787270866141732
 30
0
 11
6.9551254330708661
 21
-3.785148031496063
 31
0
  0
LINE
  5
F7F
330
1F
100
AcDbEntity
  8
B.Cu
  6
CONTINUOUS
100
AcDbLine
 10
6.9551254330708661
 20
-3.785148031496063
 30
0
 11
6.95772531496063
 21
-3.7836470078740159
 31
0
  0
LINE
  5
F80
330
1F
100
AcDbEntity
  8
B.Cu
  6
CONTINUOUS
100
AcDbLine
 10
6.95772531496063
 20
-3.7836470078740159
 30
0
 11
6.9606251181102357
 21
-3.78287
 31
0
  0
LINE
  5
F81
330
1F
100
AcDbEntity
  8
B.Cu
  6
CONTINUOUS
100
AcDbLine
 10
6.9606251181102357
 20
-3.78287
 30
0
 11
6.9636272440944884
 21
-3.78287
 31
0
  0
LINE
  5
F82
330
1F
100
AcDbEntity
  8
B.Cu
  6
CONTINUOUS
100
AcDbLine
 10
6.9636272440944884
 20
-3.78287
 30
0
 11
6.9665270472440941
 21
-3.7836470078740159
 31
0
  0
LINE
  5
F83
330
1F
100
AcDbEntity
  8
B.Cu
  6
CONTINUOUS
100
AcDbLine
 10
6.0511726771653542
 20
-3.7764423228346455
 30
0
 11
6.0537725590551181
 21
-3.7779433464566927
 31
0
  0
LINE
  5
F84
330
1F
100
AcDbEntity
  8
B.Cu
  6
CONTINUOUS
100
AcDbLine
 10
6.0537725590551181
 20
-3.7779433464566927
 30
0
 11
6.0558953937007871
 21
-3.7800661811023621
 31
0
  0
LINE
  5
F85
330
1F
100
AcDbEntity
  8
B.Cu
  6
CONTINUOUS
100
AcDbLine
 10
6.0558953937007871
 20
-3.7800661811023621
 30
0
 11
6.0573964173228347
 21
-3.782666062992126
 31
0
  0
LINE
  5
F86
330
1F
100
AcDbEntity
  8
B.Cu
  6
CONTINUOUS
100
AcDbLine
 10
6.0573964173228347
 20
-3.782666062992126
 30
0
 11
6.0581734251968502
 21
-3.7855658661417322
 31
0
  0
LINE
  5
F87
330
1F
100
AcDbEntity
  8
B.Cu
  6
CONTINUOUS
100
AcDbLine
 10
6.0581734251968502
 20
-3.7855658661417322
 30
0
 11
6.0581734251968502
 21
-3.7885679921259841
 31
0
  0
LINE
  5
F88
330
1F
100
AcDbEntity
  8
B.Cu
  6
CONTINUOUS
100
AcDbLine
 10
6.0581734251968502
 20
-3.7885679921259841
 30
0
 11
6.0573964173228347
 21
-3.7914677952755906
 31
0
  0
LINE
  5
F89
330
1F
100
AcDbEntity
  8
B.Cu
  6
CONTINUOUS
100
AcDbLine
 10
6.0573964173228347
 20
-3.7914677952755906
 30
0
 11
6.0558953937007871
 21
-3.7940676771653541
 31
0
  0
LINE
  5
F8A
330
1F
100
AcDbEntity
  8
B.Cu
  6
CONTINUOUS
100
AcDbLine
 10
6.0558953937007871
 20
-3.7940676771653541
 30
0
 11
6.0537725590551181
 21
-3.7961905118110235
 31
0
  0
LINE
  5
F8B
330
1F
100
AcDbEntity
  8
B.Cu
  6
CONTINUOUS
100
AcDbLine
 10
6.0537725590551181
 20
-3.7961905118110235
 30
0
 11
6.0511726771653542
 21
-3.7976915354330707
 31
0
  0
LINE
  5
F8C
330
1F
100
AcDbEntity
  8
B.Cu
  6
CONTINUOUS
100
AcDbLine
 10
6.0511726771653542
 20
-3.7976915354330707
 30
0
 11
6.0482728740157476
 21
-3.7984685433070866
 31
0
  0
LINE
  5
F8D
330
1F
100
AcDbEntity
  8
B.Cu
  6
CONTINUOUS
100
AcDbLine
 10
6.0482728740157476
 20
-3.7984685433070866
 30
0
 11
6.0452707480314958
 21
-3.7984685433070866
 31
0
  0
LINE
  5
F8E
330
1F
100
AcDbEntity
  8
B.Cu
  6
CONTINUOUS
100
AcDbLine
 10
6.0452707480314958
 20
-3.7984685433070866
 30
0
 11
6.0423709448818892
 21
-3.7976915354330707
 31
0
  0
LINE
  5
F8F
330
1F
100
AcDbEntity
  8
B.Cu
  6
CONTINUOUS
100
AcDbLine
 10
6.0423709448818892
 20
-3.7976915354330707
 30
0
 11
6.0397710629921262
 21
-3.7961905118110235
 31
0
  0
LINE
  5
F90
330
1F
100
AcDbEntity
  8
B.Cu
  6
CONTINUOUS
100
AcDbLine
 10
6.0397710629921262
 20
-3.7961905118110235
 30
0
 11
6.0376482283464563
 21
-3.7940676771653541
 31
0
  0
LINE
  5
F91
330
1F
100
AcDbEntity
  8
B.Cu
  6
CONTINUOUS
100
AcDbLine
 10
6.0376482283464563
 20
-3.7940676771653541
 30
0
 11
6.0361472047244096
 21
-3.7914677952755906
 31
0
  0
LINE
  5
F92
330
1F
100
AcDbEntity
  8
B.Cu
  6
CONTINUOUS
100
AcDbLine
 10
6.0361472047244096
 20
-3.7914677952755906
 30
0
 11
6.0353701968503932
 21
-3.7885679921259841
 31
0
  0
LINE
  5
F93
330
1F
100
AcDbEntity
  8
B.Cu
  6
CONTINUOUS
100
AcDbLine
 10
6.0353701968503932
 20
-3.7885679921259841
 30
0
 11
6.0353701968503932
 21
-3.7855658661417322
 31
0
  0
LINE
  5
F94
330
1F
100
AcDbEntity
  8
B.Cu
  6
CONTINUOUS
100
AcDbLine
 10
6.0353701968503932
 20
-3.7855658661417322
 30
0
 11
6.0361472047244096
 21
-3.782666062992126
 31
0
  0
LINE
  5
F95
330
1F
100
AcDbEntity
  8
B.Cu
  6
CONTINUOUS
100
AcDbLine
 10
6.0361472047244096
 20
-3.782666062992126
 30
0
 11
6.0376482283464563
 21
-3.7800661811023621
 31
0
  0
LINE
  5
F96
330
1F
100
AcDbEntity
  8
B.Cu
  6
CONTINUOUS
100
AcDbLine
 10
6.0376482283464563
 20
-3.7800661811023621
 30
0
 11
6.0397710629921262
 21
-3.7779433464566927
 31
0
  0
LINE
  5
F97
330
1F
100
AcDbEntity
  8
B.Cu
  6
CONTINUOUS
100
AcDbLine
 10
6.0397710629921262
 20
-3.7779433464566927
 30
0
 11
6.0423709448818892
 21
-3.7764423228346455
 31
0
  0
LINE
  5
F98
330
1F
100
AcDbEntity
  8
B.Cu
  6
CONTINUOUS
100
AcDbLine
 10
6.0423709448818892
 20
-3.7764423228346455
 30
0
 11
6.0452707480314958
 21
-3.7756653149606296
 31
0
  0
LINE
  5
F99
330
1F
100
AcDbEntity
  8
B.Cu
  6
CONTINUOUS
100
AcDbLine
 10
6.0452707480314958
 20
-3.7756653149606296
 30
0
 11
6.0482728740157476
 21
-3.7756653149606296
 31
0
  0
LINE
  5
F9A
330
1F
100
AcDbEntity
  8
B.Cu
  6
CONTINUOUS
100
AcDbLine
 10
6.0482728740157476
 20
-3.7756653149606296
 30
0
 11
6.0511726771653542
 21
-3.7764423228346455
 31
0
  0
LINE
  5
F9B
330
1F
100
AcDbEntity
  8
B.Cu
  6
CONTINUOUS
100
AcDbLine
 10
5.3831027559055116
 20
-3.7682809448818895
 30
0
 11
5.3857729527559055
 21
-3.769822598425197
 31
0
  0
LINE
  5
F9C
330
1F
100
AcDbEntity
  8
B.Cu
  6
CONTINUOUS
100
AcDbLine
 10
5.3857729527559055
 20
-3.769822598425197
 30
0
 11
5.3879531889763781
 21
-3.7720028346456691
 31
0
  0
LINE
  5
F9D
330
1F
100
AcDbEntity
  8
B.Cu
  6
CONTINUOUS
100
AcDbLine
 10
5.3879531889763781
 20
-3.7720028346456691
 30
0
 11
5.3894948425196851
 21
-3.774673031496063
 31
0
  0
LINE
  5
F9E
330
1F
100
AcDbEntity
  8
B.Cu
  6
CONTINUOUS
100
AcDbLine
 10
5.3894948425196851
 20
-3.774673031496063
 30
0
 11
5.3902928346456696
 21
-3.7776512598425196
 31
0
  0
LINE
  5
F9F
330
1F
100
AcDbEntity
  8
B.Cu
  6
CONTINUOUS
100
AcDbLine
 10
5.3902928346456696
 20
-3.7776512598425196
 30
0
 11
5.3902928346456696
 21
-3.7807345669291337
 31
0
  0
LINE
  5
FA0
330
1F
100
AcDbEntity
  8
B.Cu
  6
CONTINUOUS
100
AcDbLine
 10
5.3902928346456696
 20
-3.7807345669291337
 30
0
 11
5.3894948425196851
 21
-3.7837127952755907
 31
0
  0
LINE
  5
FA1
330
1F
100
AcDbEntity
  8
B.Cu
  6
CONTINUOUS
100
AcDbLine
 10
5.3894948425196851
 20
-3.7837127952755907
 30
0
 11
5.3879531889763781
 21
-3.7863829921259842
 31
0
  0
LINE
  5
FA2
330
1F
100
AcDbEntity
  8
B.Cu
  6
CONTINUOUS
100
AcDbLine
 10
5.3879531889763781
 20
-3.7863829921259842
 30
0
 11
5.3857729527559055
 21
-3.7885632283464568
 31
0
  0
LINE
  5
FA3
330
1F
100
AcDbEntity
  8
B.Cu
  6
CONTINUOUS
100
AcDbLine
 10
5.3857729527559055
 20
-3.7885632283464568
 30
0
 11
5.3831027559055116
 21
-3.7901048818897638
 31
0
  0
LINE
  5
FA4
330
1F
100
AcDbEntity
  8
B.Cu
  6
CONTINUOUS
100
AcDbLine
 10
5.3831027559055116
 20
-3.7901048818897638
 30
0
 11
5.3801245275590546
 21
-3.7909028740157478
 31
0
  0
LINE
  5
FA5
330
1F
100
AcDbEntity
  8
B.Cu
  6
CONTINUOUS
100
AcDbLine
 10
5.3801245275590546
 20
-3.7909028740157478
 30
0
 11
5.3770412204724405
 21
-3.7909028740157478
 31
0
  0
LINE
  5
FA6
330
1F
100
AcDbEntity
  8
B.Cu
  6
CONTINUOUS
100
AcDbLine
 10
5.3770412204724405
 20
-3.7909028740157478
 30
0
 11
5.3740629921259844
 21
-3.7901048818897638
 31
0
  0
LINE
  5
FA7
330
1F
100
AcDbEntity
  8
B.Cu
  6
CONTINUOUS
100
AcDbLine
 10
5.3740629921259844
 20
-3.7901048818897638
 30
0
 11
5.3713927952755904
 21
-3.7885632283464568
 31
0
  0
LINE
  5
FA8
330
1F
100
AcDbEntity
  8
B.Cu
  6
CONTINUOUS
100
AcDbLine
 10
5.3713927952755904
 20
-3.7885632283464568
 30
0
 11
5.3692125590551179
 21
-3.7863829921259842
 31
0
  0
LINE
  5
FA9
330
1F
100
AcDbEntity
  8
B.Cu
  6
CONTINUOUS
100
AcDbLine
 10
5.3692125590551179
 20
-3.7863829921259842
 30
0
 11
5.3676709055118108
 21
-3.7837127952755907
 31
0
  0
LINE
  5
FAA
330
1F
100
AcDbEntity
  8
B.Cu
  6
CONTINUOUS
100
AcDbLine
 10
5.3676709055118108
 20
-3.7837127952755907
 30
0
 11
5.3668729133858264
 21
-3.7807345669291337
 31
0
  0
LINE
  5
FAB
330
1F
100
AcDbEntity
  8
B.Cu
  6
CONTINUOUS
100
AcDbLine
 10
5.3668729133858264
 20
-3.7807345669291337
 30
0
 11
5.3668729133858264
 21
-3.7776512598425196
 31
0
  0
LINE
  5
FAC
330
1F
100
AcDbEntity
  8
B.Cu
  6
CONTINUOUS
100
AcDbLine
 10
5.3668729133858264
 20
-3.7776512598425196
 30
0
 11
5.3676709055118108
 21
-3.774673031496063
 31
0
  0
LINE
  5
FAD
330
1F
100
AcDbEntity
  8
B.Cu
  6
CONTINUOUS
100
AcDbLine
 10
5.3676709055118108
 20
-3.774673031496063
 30
0
 11
5.3692125590551179
 21
-3.7720028346456691
 31
0
  0
LINE
  5
FAE
330
1F
100
AcDbEntity
  8
B.Cu
  6
CONTINUOUS
100
AcDbLine
 10
5.3692125590551179
 20
-3.7720028346456691
 30
0
 11
5.3713927952755904
 21
-3.769822598425197
 31
0
  0
LINE
  5
FAF
330
1F
100
AcDbEntity
  8
B.Cu
  6
CONTINUOUS
100
AcDbLine
 10
5.3713927952755904
 20
-3.769822598425197
 30
0
 11
5.3740629921259844
 21
-3.7682809448818895
 31
0
  0
LINE
  5
FB0
330
1F
100
AcDbEntity
  8
B.Cu
  6
CONTINUOUS
100
AcDbLine
 10
5.3740629921259844
 20
-3.7682809448818895
 30
0
 11
5.3770412204724405
 21
-3.7674829527559055
 31
0
  0
LINE
  5
FB1
330
1F
100
AcDbEntity
  8
B.Cu
  6
CONTINUOUS
100
AcDbLine
 10
5.3770412204724405
 20
-3.7674829527559055
 30
0
 11
5.3801245275590546
 21
-3.7674829527559055
 31
0
  0
LINE
  5
FB2
330
1F
100
AcDbEntity
  8
B.Cu
  6
CONTINUOUS
100
AcDbLine
 10
5.3801245275590546
 20
-3.7674829527559055
 30
0
 11
5.3831027559055116
 21
-3.7682809448818895
 31
0
  0
LINE
  5
FB3
330
1F
100
AcDbEntity
  8
B.Cu
  6
CONTINUOUS
100
AcDbLine
 10
6.8779443700787404
 20
-3.7646312992125983
 30
0
 11
6.8805442519685034
 21
-3.7661323228346455
 31
0
  0
LINE
  5
FB4
330
1F
100
AcDbEntity
  8
B.Cu
  6
CONTINUOUS
100
AcDbLine
 10
6.8805442519685034
 20
-3.7661323228346455
 30
0
 11
6.8826670866141733
 21
-3.7682551574803149
 31
0
  0
LINE
  5
FB5
330
1F
100
AcDbEntity
  8
B.Cu
  6
CONTINUOUS
100
AcDbLine
 10
6.8826670866141733
 20
-3.7682551574803149
 30
0
 11
6.88416811023622
 21
-3.7708550393700788
 31
0
  0
LINE
  5
FB6
330
1F
100
AcDbEntity
  8
B.Cu
  6
CONTINUOUS
100
AcDbLine
 10
6.88416811023622
 20
-3.7708550393700788
 30
0
 11
6.8849451181102364
 21
-3.773754842519685
 31
0
  0
LINE
  5
FB7
330
1F
100
AcDbEntity
  8
B.Cu
  6
CONTINUOUS
100
AcDbLine
 10
6.8849451181102364
 20
-3.773754842519685
 30
0
 11
6.8849451181102364
 21
-3.7767569685039368
 31
0
  0
LINE
  5
FB8
330
1F
100
AcDbEntity
  8
B.Cu
  6
CONTINUOUS
100
AcDbLine
 10
6.8849451181102364
 20
-3.7767569685039368
 30
0
 11
6.88416811023622
 21
-3.7796567716535434
 31
0
  0
LINE
  5
FB9
330
1F
100
AcDbEntity
  8
B.Cu
  6
CONTINUOUS
100
AcDbLine
 10
6.88416811023622
 20
-3.7796567716535434
 30
0
 11
6.8826670866141733
 21
-3.7822566535433069
 31
0
  0
LINE
  5
FBA
330
1F
100
AcDbEntity
  8
B.Cu
  6
CONTINUOUS
100
AcDbLine
 10
6.8826670866141733
 20
-3.7822566535433069
 30
0
 11
6.8805442519685034
 21
-3.7843794881889763
 31
0
  0
LINE
  5
FBB
330
1F
100
AcDbEntity
  8
B.Cu
  6
CONTINUOUS
100
AcDbLine
 10
6.8805442519685034
 20
-3.7843794881889763
 30
0
 11
6.8779443700787404
 21
-3.7858805118110235
 31
0
  0
LINE
  5
FBC
330
1F
100
AcDbEntity
  8
B.Cu
  6
CONTINUOUS
100
AcDbLine
 10
6.8779443700787404
 20
-3.7858805118110235
 30
0
 11
6.8750445669291338
 21
-3.7866575196850394
 31
0
  0
LINE
  5
FBD
330
1F
100
AcDbEntity
  8
B.Cu
  6
CONTINUOUS
100
AcDbLine
 10
6.8750445669291338
 20
-3.7866575196850394
 30
0
 11
6.8720424409448819
 21
-3.7866575196850394
 31
0
  0
LINE
  5
FBE
330
1F
100
AcDbEntity
  8
B.Cu
  6
CONTINUOUS
100
AcDbLine
 10
6.8720424409448819
 20
-3.7866575196850394
 30
0
 11
6.8691426377952753
 21
-3.7858805118110235
 31
0
  0
LINE
  5
FBF
330
1F
100
AcDbEntity
  8
B.Cu
  6
CONTINUOUS
100
AcDbLine
 10
6.8691426377952753
 20
-3.7858805118110235
 30
0
 11
6.8665427559055114
 21
-3.7843794881889763
 31
0
  0
LINE
  5
FC0
330
1F
100
AcDbEntity
  8
B.Cu
  6
CONTINUOUS
100
AcDbLine
 10
6.8665427559055114
 20
-3.7843794881889763
 30
0
 11
6.8644199212598425
 21
-3.7822566535433069
 31
0
  0
LINE
  5
FC1
330
1F
100
AcDbEntity
  8
B.Cu
  6
CONTINUOUS
100
AcDbLine
 10
6.8644199212598425
 20
-3.7822566535433069
 30
0
 11
6.8629188976377948
 21
-3.7796567716535434
 31
0
  0
LINE
  5
FC2
330
1F
100
AcDbEntity
  8
B.Cu
  6
CONTINUOUS
100
AcDbLine
 10
6.8629188976377948
 20
-3.7796567716535434
 30
0
 11
6.8621418897637794
 21
-3.7767569685039368
 31
0
  0
LINE
  5
FC3
330
1F
100
AcDbEntity
  8
B.Cu
  6
CONTINUOUS
100
AcDbLine
 10
6.8621418897637794
 20
-3.7767569685039368
 30
0
 11
6.8621418897637794
 21
-3.773754842519685
 31
0
  0
LINE
  5
FC4
330
1F
100
AcDbEntity
  8
B.Cu
  6
CONTINUOUS
100
AcDbLine
 10
6.8621418897637794
 20
-3.773754842519685
 30
0
 11
6.8629188976377948
 21
-3.7708550393700788
 31
0
  0
LINE
  5
FC5
330
1F
100
AcDbEntity
  8
B.Cu
  6
CONTINUOUS
100
AcDbLine
 10
6.8629188976377948
 20
-3.7708550393700788
 30
0
 11
6.8644199212598425
 21
-3.7682551574803149
 31
0
  0
LINE
  5
FC6
330
1F
100
AcDbEntity
  8
B.Cu
  6
CONTINUOUS
100
AcDbLine
 10
6.8644199212598425
 20
-3.7682551574803149
 30
0
 11
6.8665427559055114
 21
-3.7661323228346455
 31
0
  0
LINE
  5
FC7
330
1F
100
AcDbEntity
  8
B.Cu
  6
CONTINUOUS
100
AcDbLine
 10
6.8665427559055114
 20
-3.7661323228346455
 30
0
 11
6.8691426377952753
 21
-3.7646312992125983
 31
0
  0
LINE
  5
FC8
330
1F
100
AcDbEntity
  8
B.Cu
  6
CONTINUOUS
100
AcDbLine
 10
6.8691426377952753
 20
-3.7646312992125983
 30
0
 11
6.8720424409448819
 21
-3.7638542913385824
 31
0
  0
LINE
  5
FC9
330
1F
100
AcDbEntity
  8
B.Cu
  6
CONTINUOUS
100
AcDbLine
 10
6.8720424409448819
 20
-3.7638542913385824
 30
0
 11
6.8750445669291338
 21
-3.7638542913385824
 31
0
  0
LINE
  5
FCA
330
1F
100
AcDbEntity
  8
B.Cu
  6
CONTINUOUS
100
AcDbLine
 10
6.8750445669291338
 20
-3.7638542913385824
 30
0
 11
6.8779443700787404
 21
-3.7646312992125983
 31
0
  0
LINE
  5
FCB
330
1F
100
AcDbEntity
  8
B.Cu
  6
CONTINUOUS
100
AcDbLine
 10
6.907471929133858
 20
-3.7639619685039367
 30
0
 11
6.9100718110236219
 21
-3.7654629921259843
 31
0
  0
LINE
  5
FCC
330
1F
100
AcDbEntity
  8
B.Cu
  6
CONTINUOUS
100
AcDbLine
 10
6.9100718110236219
 20
-3.7654629921259843
 30
0
 11
6.9121946456692909
 21
-3.7675858267716533
 31
0
  0
LINE
  5
FCD
330
1F
100
AcDbEntity
  8
B.Cu
  6
CONTINUOUS
100
AcDbLine
 10
6.9121946456692909
 20
-3.7675858267716533
 30
0
 11
6.9136956692913385
 21
-3.7701857086614172
 31
0
  0
LINE
  5
FCE
330
1F
100
AcDbEntity
  8
B.Cu
  6
CONTINUOUS
100
AcDbLine
 10
6.9136956692913385
 20
-3.7701857086614172
 30
0
 11
6.914472677165354
 21
-3.7730855118110234
 31
0
  0
LINE
  5
FCF
330
1F
100
AcDbEntity
  8
B.Cu
  6
CONTINUOUS
100
AcDbLine
 10
6.914472677165354
 20
-3.7730855118110234
 30
0
 11
6.914472677165354
 21
-3.7760876377952757
 31
0
  0
LINE
  5
FD0
330
1F
100
AcDbEntity
  8
B.Cu
  6
CONTINUOUS
100
AcDbLine
 10
6.914472677165354
 20
-3.7760876377952757
 30
0
 11
6.9136956692913385
 21
-3.7789874409448818
 31
0
  0
LINE
  5
FD1
330
1F
100
AcDbEntity
  8
B.Cu
  6
CONTINUOUS
100
AcDbLine
 10
6.9136956692913385
 20
-3.7789874409448818
 30
0
 11
6.9121946456692909
 21
-3.7815873228346457
 31
0
  0
LINE
  5
FD2
330
1F
100
AcDbEntity
  8
B.Cu
  6
CONTINUOUS
100
AcDbLine
 10
6.9121946456692909
 20
-3.7815873228346457
 30
0
 11
6.9100718110236219
 21
-3.7837101574803147
 31
0
  0
LINE
  5
FD3
330
1F
100
AcDbEntity
  8
B.Cu
  6
CONTINUOUS
100
AcDbLine
 10
6.9100718110236219
 20
-3.7837101574803147
 30
0
 11
6.907471929133858
 21
-3.7852111811023623
 31
0
  0
LINE
  5
FD4
330
1F
100
AcDbEntity
  8
B.Cu
  6
CONTINUOUS
100
AcDbLine
 10
6.907471929133858
 20
-3.7852111811023623
 30
0
 11
6.9045721259842514
 21
-3.7859881889763778
 31
0
  0
LINE
  5
FD5
330
1F
100
AcDbEntity
  8
B.Cu
  6
CONTINUOUS
100
AcDbLine
 10
6.9045721259842514
 20
-3.7859881889763778
 30
0
 11
6.9015699999999995
 21
-3.7859881889763778
 31
0
  0
LINE
  5
FD6
330
1F
100
AcDbEntity
  8
B.Cu
  6
CONTINUOUS
100
AcDbLine
 10
6.9015699999999995
 20
-3.7859881889763778
 30
0
 11
6.8986701968503938
 21
-3.7852111811023623
 31
0
  0
LINE
  5
FD7
330
1F
100
AcDbEntity
  8
B.Cu
  6
CONTINUOUS
100
AcDbLine
 10
6.8986701968503938
 20
-3.7852111811023623
 30
0
 11
6.8960703149606299
 21
-3.7837101574803147
 31
0
  0
LINE
  5
FD8
330
1F
100
AcDbEntity
  8
B.Cu
  6
CONTINUOUS
100
AcDbLine
 10
6.8960703149606299
 20
-3.7837101574803147
 30
0
 11
6.8939474803149601
 21
-3.7815873228346457
 31
0
  0
LINE
  5
FD9
330
1F
100
AcDbEntity
  8
B.Cu
  6
CONTINUOUS
100
AcDbLine
 10
6.8939474803149601
 20
-3.7815873228346457
 30
0
 11
6.8924464566929133
 21
-3.7789874409448818
 31
0
  0
LINE
  5
FDA
330
1F
100
AcDbEntity
  8
B.Cu
  6
CONTINUOUS
100
AcDbLine
 10
6.8924464566929133
 20
-3.7789874409448818
 30
0
 11
6.8916694488188979
 21
-3.7760876377952757
 31
0
  0
LINE
  5
FDB
330
1F
100
AcDbEntity
  8
B.Cu
  6
CONTINUOUS
100
AcDbLine
 10
6.8916694488188979
 20
-3.7760876377952757
 30
0
 11
6.8916694488188979
 21
-3.7730855118110234
 31
0
  0
LINE
  5
FDC
330
1F
100
AcDbEntity
  8
B.Cu
  6
CONTINUOUS
100
AcDbLine
 10
6.8916694488188979
 20
-3.7730855118110234
 30
0
 11
6.8924464566929133
 21
-3.7701857086614172
 31
0
  0
LINE
  5
FDD
330
1F
100
AcDbEntity
  8
B.Cu
  6
CONTINUOUS
100
AcDbLine
 10
6.8924464566929133
 20
-3.7701857086614172
 30
0
 11
6.8939474803149601
 21
-3.7675858267716533
 31
0
  0
LINE
  5
FDE
330
1F
100
AcDbEntity
  8
B.Cu
  6
CONTINUOUS
100
AcDbLine
 10
6.8939474803149601
 20
-3.7675858267716533
 30
0
 11
6.8960703149606299
 21
-3.7654629921259843
 31
0
  0
LINE
  5
FDF
330
1F
100
AcDbEntity
  8
B.Cu
  6
CONTINUOUS
100
AcDbLine
 10
6.8960703149606299
 20
-3.7654629921259843
 30
0
 11
6.8986701968503938
 21
-3.7639619685039367
 31
0
  0
LINE
  5
FE0
330
1F
100
AcDbEntity
  8
B.Cu
  6
CONTINUOUS
100
AcDbLine
 10
6.8986701968503938
 20
-3.7639619685039367
 30
0
 11
6.9015699999999995
 21
-3.7631849606299212
 31
0
  0
LINE
  5
FE1
330
1F
100
AcDbEntity
  8
B.Cu
  6
CONTINUOUS
100
AcDbLine
 10
6.9015699999999995
 20
-3.7631849606299212
 30
0
 11
6.9045721259842514
 21
-3.7631849606299212
 31
0
  0
LINE
  5
FE2
330
1F
100
AcDbEntity
  8
B.Cu
  6
CONTINUOUS
100
AcDbLine
 10
6.9045721259842514
 20
-3.7631849606299212
 30
0
 11
6.907471929133858
 21
-3.7639619685039367
 31
0
  0
LINE
  5
FE3
330
1F
100
AcDbEntity
  8
B.Cu
  6
CONTINUOUS
100
AcDbLine
 10
6.9369994881889765
 20
-3.7639619685039367
 30
0
 11
6.9395993700787404
 21
-3.7654629921259843
 31
0
  0
LINE
  5
FE4
330
1F
100
AcDbEntity
  8
B.Cu
  6
CONTINUOUS
100
AcDbLine
 10
6.9395993700787404
 20
-3.7654629921259843
 30
0
 11
6.9417222047244094
 21
-3.7675858267716533
 31
0
  0
LINE
  5
FE5
330
1F
100
AcDbEntity
  8
B.Cu
  6
CONTINUOUS
100
AcDbLine
 10
6.9417222047244094
 20
-3.7675858267716533
 30
0
 11
6.9432232283464561
 21
-3.7701857086614172
 31
0
  0
LINE
  5
FE6
330
1F
100
AcDbEntity
  8
B.Cu
  6
CONTINUOUS
100
AcDbLine
 10
6.9432232283464561
 20
-3.7701857086614172
 30
0
 11
6.9440002362204725
 21
-3.7730855118110234
 31
0
  0
LINE
  5
FE7
330
1F
100
AcDbEntity
  8
B.Cu
  6
CONTINUOUS
100
AcDbLine
 10
6.9440002362204725
 20
-3.7730855118110234
 30
0
 11
6.9440002362204725
 21
-3.7760876377952757
 31
0
  0
LINE
  5
FE8
330
1F
100
AcDbEntity
  8
B.Cu
  6
CONTINUOUS
100
AcDbLine
 10
6.9440002362204725
 20
-3.7760876377952757
 30
0
 11
6.9432232283464561
 21
-3.7789874409448818
 31
0
  0
LINE
  5
FE9
330
1F
100
AcDbEntity
  8
B.Cu
  6
CONTINUOUS
100
AcDbLine
 10
6.9432232283464561
 20
-3.7789874409448818
 30
0
 11
6.9417222047244094
 21
-3.7815873228346457
 31
0
  0
LINE
  5
FEA
330
1F
100
AcDbEntity
  8
B.Cu
  6
CONTINUOUS
100
AcDbLine
 10
6.9417222047244094
 20
-3.7815873228346457
 30
0
 11
6.9395993700787404
 21
-3.7837101574803147
 31
0
  0
LINE
  5
FEB
330
1F
100
AcDbEntity
  8
B.Cu
  6
CONTINUOUS
100
AcDbLine
 10
6.9395993700787404
 20
-3.7837101574803147
 30
0
 11
6.9369994881889765
 21
-3.7852111811023623
 31
0
  0
LINE
  5
FEC
330
1F
100
AcDbEntity
  8
B.Cu
  6
CONTINUOUS
100
AcDbLine
 10
6.9369994881889765
 20
-3.7852111811023623
 30
0
 11
6.9340996850393699
 21
-3.7859881889763778
 31
0
  0
LINE
  5
FED
330
1F
100
AcDbEntity
  8
B.Cu
  6
CONTINUOUS
100
AcDbLine
 10
6.9340996850393699
 20
-3.7859881889763778
 30
0
 11
6.931097559055118
 21
-3.7859881889763778
 31
0
  0
LINE
  5
FEE
330
1F
100
AcDbEntity
  8
B.Cu
  6
CONTINUOUS
100
AcDbLine
 10
6.931097559055118
 20
-3.7859881889763778
 30
0
 11
6.9281977559055115
 21
-3.7852111811023623
 31
0
  0
LINE
  5
FEF
330
1F
100
AcDbEntity
  8
B.Cu
  6
CONTINUOUS
100
AcDbLine
 10
6.9281977559055115
 20
-3.7852111811023623
 30
0
 11
6.9255978740157476
 21
-3.7837101574803147
 31
0
  0
LINE
  5
FF0
330
1F
100
AcDbEntity
  8
B.Cu
  6
CONTINUOUS
100
AcDbLine
 10
6.9255978740157476
 20
-3.7837101574803147
 30
0
 11
6.9234750393700786
 21
-3.7815873228346457
 31
0
  0
LINE
  5
FF1
330
1F
100
AcDbEntity
  8
B.Cu
  6
CONTINUOUS
100
AcDbLine
 10
6.9234750393700786
 20
-3.7815873228346457
 30
0
 11
6.921974015748031
 21
-3.7789874409448818
 31
0
  0
LINE
  5
FF2
330
1F
100
AcDbEntity
  8
B.Cu
  6
CONTINUOUS
100
AcDbLine
 10
6.921974015748031
 20
-3.7789874409448818
 30
0
 11
6.9211970078740155
 21
-3.7760876377952757
 31
0
  0
LINE
  5
FF3
330
1F
100
AcDbEntity
  8
B.Cu
  6
CONTINUOUS
100
AcDbLine
 10
6.9211970078740155
 20
-3.7760876377952757
 30
0
 11
6.9211970078740155
 21
-3.7730855118110234
 31
0
  0
LINE
  5
FF4
330
1F
100
AcDbEntity
  8
B.Cu
  6
CONTINUOUS
100
AcDbLine
 10
6.9211970078740155
 20
-3.7730855118110234
 30
0
 11
6.921974015748031
 21
-3.7701857086614172
 31
0
  0
LINE
  5
FF5
330
1F
100
AcDbEntity
  8
B.Cu
  6
CONTINUOUS
100
AcDbLine
 10
6.921974015748031
 20
-3.7701857086614172
 30
0
 11
6.9234750393700786
 21
-3.7675858267716533
 31
0
  0
LINE
  5
FF6
330
1F
100
AcDbEntity
  8
B.Cu
  6
CONTINUOUS
100
AcDbLine
 10
6.9234750393700786
 20
-3.7675858267716533
 30
0
 11
6.9255978740157476
 21
-3.7654629921259843
 31
0
  0
LINE
  5
FF7
330
1F
100
AcDbEntity
  8
B.Cu
  6
CONTINUOUS
100
AcDbLine
 10
6.9255978740157476
 20
-3.7654629921259843
 30
0
 11
6.9281977559055115
 21
-3.7639619685039367
 31
0
  0
LINE
  5
FF8
330
1F
100
AcDbEntity
  8
B.Cu
  6
CONTINUOUS
100
AcDbLine
 10
6.9281977559055115
 20
-3.7639619685039367
 30
0
 11
6.931097559055118
 21
-3.7631849606299212
 31
0
  0
LINE
  5
FF9
330
1F
100
AcDbEntity
  8
B.Cu
  6
CONTINUOUS
100
AcDbLine
 10
6.931097559055118
 20
-3.7631849606299212
 30
0
 11
6.9340996850393699
 21
-3.7631849606299212
 31
0
  0
LINE
  5
FFA
330
1F
100
AcDbEntity
  8
B.Cu
  6
CONTINUOUS
100
AcDbLine
 10
6.9340996850393699
 20
-3.7631849606299212
 30
0
 11
6.9369994881889765
 21
-3.7639619685039367
 31
0
  0
LINE
  5
FFB
330
1F
100
AcDbEntity
  8
B.Cu
  6
CONTINUOUS
100
AcDbLine
 10
7.3342858267716533
 20
-3.7592848425196848
 30
0
 11
7.3368857086614172
 21
-3.7607858661417324
 31
0
  0
LINE
  5
FFC
330
1F
100
AcDbEntity
  8
B.Cu
  6
CONTINUOUS
100
AcDbLine
 10
7.3368857086614172
 20
-3.7607858661417324
 30
0
 11
7.3390085433070862
 21
-3.7629087007874014
 31
0
  0
LINE
  5
FFD
330
1F
100
AcDbEntity
  8
B.Cu
  6
CONTINUOUS
100
AcDbLine
 10
7.3390085433070862
 20
-3.7629087007874014
 30
0
 11
7.3405095669291338
 21
-3.7655085826771653
 31
0
  0
LINE
  5
FFE
330
1F
100
AcDbEntity
  8
B.Cu
  6
CONTINUOUS
100
AcDbLine
 10
7.3405095669291338
 20
-3.7655085826771653
 30
0
 11
7.3412865748031493
 21
-3.7684083858267714
 31
0
  0
LINE
  5
FFF
330
1F
100
AcDbEntity
  8
B.Cu
  6
CONTINUOUS
100
AcDbLine
 10
7.3412865748031493
 20
-3.7684083858267714
 30
0
 11
7.3412865748031493
 21
-3.7714105118110237
 31
0
  0
LINE
  5
1000
330
1F
100
AcDbEntity
  8
B.Cu
  6
CONTINUOUS
100
AcDbLine
 10
7.3412865748031493
 20
-3.7714105118110237
 30
0
 11
7.3405095669291338
 21
-3.7743103149606299
 31
0
  0
LINE
  5
1001
330
1F
100
AcDbEntity
  8
B.Cu
  6
CONTINUOUS
100
AcDbLine
 10
7.3405095669291338
 20
-3.7743103149606299
 30
0
 11
7.3390085433070862
 21
-3.7769101968503938
 31
0
  0
LINE
  5
1002
330
1F
100
AcDbEntity
  8
B.Cu
  6
CONTINUOUS
100
AcDbLine
 10
7.3390085433070862
 20
-3.7769101968503938
 30
0
 11
7.3368857086614172
 21
-3.7790330314960627
 31
0
  0
LINE
  5
1003
330
1F
100
AcDbEntity
  8
B.Cu
  6
CONTINUOUS
100
AcDbLine
 10
7.3368857086614172
 20
-3.7790330314960627
 30
0
 11
7.3342858267716533
 21
-3.7805340551181104
 31
0
  0
LINE
  5
1004
330
1F
100
AcDbEntity
  8
B.Cu
  6
CONTINUOUS
100
AcDbLine
 10
7.3342858267716533
 20
-3.7805340551181104
 30
0
 11
7.3313860236220467
 21
-3.7813110629921258
 31
0
  0
LINE
  5
1005
330
1F
100
AcDbEntity
  8
B.Cu
  6
CONTINUOUS
100
AcDbLine
 10
7.3313860236220467
 20
-3.7813110629921258
 30
0
 11
7.3283838976377949
 21
-3.7813110629921258
 31
0
  0
LINE
  5
1006
330
1F
100
AcDbEntity
  8
B.Cu
  6
CONTINUOUS
100
AcDbLine
 10
7.3283838976377949
 20
-3.7813110629921258
 30
0
 11
7.3254840944881892
 21
-3.7805340551181104
 31
0
  0
LINE
  5
1007
330
1F
100
AcDbEntity
  8
B.Cu
  6
CONTINUOUS
100
AcDbLine
 10
7.3254840944881892
 20
-3.7805340551181104
 30
0
 11
7.3228842125984253
 21
-3.7790330314960627
 31
0
  0
LINE
  5
1008
330
1F
100
AcDbEntity
  8
B.Cu
  6
CONTINUOUS
100
AcDbLine
 10
7.3228842125984253
 20
-3.7790330314960627
 30
0
 11
7.3207613779527554
 21
-3.7769101968503938
 31
0
  0
LINE
  5
1009
330
1F
100
AcDbEntity
  8
B.Cu
  6
CONTINUOUS
100
AcDbLine
 10
7.3207613779527554
 20
-3.7769101968503938
 30
0
 11
7.3192603543307087
 21
-3.7743103149606299
 31
0
  0
LINE
  5
100A
330
1F
100
AcDbEntity
  8
B.Cu
  6
CONTINUOUS
100
AcDbLine
 10
7.3192603543307087
 20
-3.7743103149606299
 30
0
 11
7.3184833464566932
 21
-3.7714105118110237
 31
0
  0
LINE
  5
100B
330
1F
100
AcDbEntity
  8
B.Cu
  6
CONTINUOUS
100
AcDbLine
 10
7.3184833464566932
 20
-3.7714105118110237
 30
0
 11
7.3184833464566932
 21
-3.7684083858267714
 31
0
  0
LINE
  5
100C
330
1F
100
AcDbEntity
  8
B.Cu
  6
CONTINUOUS
100
AcDbLine
 10
7.3184833464566932
 20
-3.7684083858267714
 30
0
 11
7.3192603543307087
 21
-3.7655085826771653
 31
0
  0
LINE
  5
100D
330
1F
100
AcDbEntity
  8
B.Cu
  6
CONTINUOUS
100
AcDbLine
 10
7.3192603543307087
 20
-3.7655085826771653
 30
0
 11
7.3207613779527554
 21
-3.7629087007874014
 31
0
  0
LINE
  5
100E
330
1F
100
AcDbEntity
  8
B.Cu
  6
CONTINUOUS
100
AcDbLine
 10
7.3207613779527554
 20
-3.7629087007874014
 30
0
 11
7.3228842125984253
 21
-3.7607858661417324
 31
0
  0
LINE
  5
100F
330
1F
100
AcDbEntity
  8
B.Cu
  6
CONTINUOUS
100
AcDbLine
 10
7.3228842125984253
 20
-3.7607858661417324
 30
0
 11
7.3254840944881892
 21
-3.7592848425196848
 31
0
  0
LINE
  5
1010
330
1F
100
AcDbEntity
  8
B.Cu
  6
CONTINUOUS
100
AcDbLine
 10
7.3254840944881892
 20
-3.7592848425196848
 30
0
 11
7.3283838976377949
 21
-3.7585078346456693
 31
0
  0
LINE
  5
1011
330
1F
100
AcDbEntity
  8
B.Cu
  6
CONTINUOUS
100
AcDbLine
 10
7.3283838976377949
 20
-3.7585078346456693
 30
0
 11
7.3313860236220467
 21
-3.7585078346456693
 31
0
  0
LINE
  5
1012
330
1F
100
AcDbEntity
  8
B.Cu
  6
CONTINUOUS
100
AcDbLine
 10
7.3313860236220467
 20
-3.7585078346456693
 30
0
 11
7.3342858267716533
 21
-3.7592848425196848
 31
0
  0
LINE
  5
1013
330
1F
100
AcDbEntity
  8
B.Cu
  6
CONTINUOUS
100
AcDbLine
 10
7.3972779527559052
 20
-3.7592848425196848
 30
0
 11
7.3998778346456691
 21
-3.7607858661417324
 31
0
  0
LINE
  5
1014
330
1F
100
AcDbEntity
  8
B.Cu
  6
CONTINUOUS
100
AcDbLine
 10
7.3998778346456691
 20
-3.7607858661417324
 30
0
 11
7.402000669291338
 21
-3.7629087007874014
 31
0
  0
LINE
  5
1015
330
1F
100
AcDbEntity
  8
B.Cu
  6
CONTINUOUS
100
AcDbLine
 10
7.402000669291338
 20
-3.7629087007874014
 30
0
 11
7.4035016929133857
 21
-3.7655085826771653
 31
0
  0
LINE
  5
1016
330
1F
100
AcDbEntity
  8
B.Cu
  6
CONTINUOUS
100
AcDbLine
 10
7.4035016929133857
 20
-3.7655085826771653
 30
0
 11
7.4042787007874011
 21
-3.7684083858267714
 31
0
  0
LINE
  5
1017
330
1F
100
AcDbEntity
  8
B.Cu
  6
CONTINUOUS
100
AcDbLine
 10
7.4042787007874011
 20
-3.7684083858267714
 30
0
 11
7.4042787007874011
 21
-3.7714105118110237
 31
0
  0
LINE
  5
1018
330
1F
100
AcDbEntity
  8
B.Cu
  6
CONTINUOUS
100
AcDbLine
 10
7.4042787007874011
 20
-3.7714105118110237
 30
0
 11
7.4035016929133857
 21
-3.7743103149606299
 31
0
  0
LINE
  5
1019
330
1F
100
AcDbEntity
  8
B.Cu
  6
CONTINUOUS
100
AcDbLine
 10
7.4035016929133857
 20
-3.7743103149606299
 30
0
 11
7.402000669291338
 21
-3.7769101968503938
 31
0
  0
LINE
  5
101A
330
1F
100
AcDbEntity
  8
B.Cu
  6
CONTINUOUS
100
AcDbLine
 10
7.402000669291338
 20
-3.7769101968503938
 30
0
 11
7.3998778346456691
 21
-3.7790330314960627
 31
0
  0
LINE
  5
101B
330
1F
100
AcDbEntity
  8
B.Cu
  6
CONTINUOUS
100
AcDbLine
 10
7.3998778346456691
 20
-3.7790330314960627
 30
0
 11
7.3972779527559052
 21
-3.7805340551181104
 31
0
  0
LINE
  5
101C
330
1F
100
AcDbEntity
  8
B.Cu
  6
CONTINUOUS
100
AcDbLine
 10
7.3972779527559052
 20
-3.7805340551181104
 30
0
 11
7.3943781496062995
 21
-3.7813110629921258
 31
0
  0
LINE
  5
101D
330
1F
100
AcDbEntity
  8
B.Cu
  6
CONTINUOUS
100
AcDbLine
 10
7.3943781496062995
 20
-3.7813110629921258
 30
0
 11
7.3913760236220467
 21
-3.7813110629921258
 31
0
  0
LINE
  5
101E
330
1F
100
AcDbEntity
  8
B.Cu
  6
CONTINUOUS
100
AcDbLine
 10
7.3913760236220467
 20
-3.7813110629921258
 30
0
 11
7.388476220472441
 21
-3.7805340551181104
 31
0
  0
LINE
  5
101F
330
1F
100
AcDbEntity
  8
B.Cu
  6
CONTINUOUS
100
AcDbLine
 10
7.388476220472441
 20
-3.7805340551181104
 30
0
 11
7.3858763385826771
 21
-3.7790330314960627
 31
0
  0
LINE
  5
1020
330
1F
100
AcDbEntity
  8
B.Cu
  6
CONTINUOUS
100
AcDbLine
 10
7.3858763385826771
 20
-3.7790330314960627
 30
0
 11
7.3837535039370081
 21
-3.7769101968503938
 31
0
  0
LINE
  5
1021
330
1F
100
AcDbEntity
  8
B.Cu
  6
CONTINUOUS
100
AcDbLine
 10
7.3837535039370081
 20
-3.7769101968503938
 30
0
 11
7.3822524803149605
 21
-3.7743103149606299
 31
0
  0
LINE
  5
1022
330
1F
100
AcDbEntity
  8
B.Cu
  6
CONTINUOUS
100
AcDbLine
 10
7.3822524803149605
 20
-3.7743103149606299
 30
0
 11
7.381475472440945
 21
-3.7714105118110237
 31
0
  0
LINE
  5
1023
330
1F
100
AcDbEntity
  8
B.Cu
  6
CONTINUOUS
100
AcDbLine
 10
7.381475472440945
 20
-3.7714105118110237
 30
0
 11
7.381475472440945
 21
-3.7684083858267714
 31
0
  0
LINE
  5
1024
330
1F
100
AcDbEntity
  8
B.Cu
  6
CONTINUOUS
100
AcDbLine
 10
7.381475472440945
 20
-3.7684083858267714
 30
0
 11
7.3822524803149605
 21
-3.7655085826771653
 31
0
  0
LINE
  5
1025
330
1F
100
AcDbEntity
  8
B.Cu
  6
CONTINUOUS
100
AcDbLine
 10
7.3822524803149605
 20
-3.7655085826771653
 30
0
 11
7.3837535039370081
 21
-3.7629087007874014
 31
0
  0
LINE
  5
1026
330
1F
100
AcDbEntity
  8
B.Cu
  6
CONTINUOUS
100
AcDbLine
 10
7.3837535039370081
 20
-3.7629087007874014
 30
0
 11
7.3858763385826771
 21
-3.7607858661417324
 31
0
  0
LINE
  5
1027
330
1F
100
AcDbEntity
  8
B.Cu
  6
CONTINUOUS
100
AcDbLine
 10
7.3858763385826771
 20
-3.7607858661417324
 30
0
 11
7.388476220472441
 21
-3.7592848425196848
 31
0
  0
LINE
  5
1028
330
1F
100
AcDbEntity
  8
B.Cu
  6
CONTINUOUS
100
AcDbLine
 10
7.388476220472441
 20
-3.7592848425196848
 30
0
 11
7.3913760236220467
 21
-3.7585078346456693
 31
0
  0
LINE
  5
1029
330
1F
100
AcDbEntity
  8
B.Cu
  6
CONTINUOUS
100
AcDbLine
 10
7.3913760236220467
 20
-3.7585078346456693
 30
0
 11
7.3943781496062995
 21
-3.7585078346456693
 31
0
  0
LINE
  5
102A
330
1F
100
AcDbEntity
  8
B.Cu
  6
CONTINUOUS
100
AcDbLine
 10
7.3943781496062995
 20
-3.7585078346456693
 30
0
 11
7.3972779527559052
 21
-3.7592848425196848
 31
0
  0
LINE
  5
102B
330
1F
100
AcDbEntity
  8
B.Cu
  6
CONTINUOUS
100
AcDbLine
 10
7.3657818897637792
 20
-3.759284803149606
 30
0
 11
7.3683817716535431
 21
-3.7607858267716536
 31
0
  0
LINE
  5
102C
330
1F
100
AcDbEntity
  8
B.Cu
  6
CONTINUOUS
100
AcDbLine
 10
7.3683817716535431
 20
-3.7607858267716536
 30
0
 11
7.3705046062992121
 21
-3.7629086614173226
 31
0
  0
LINE
  5
102D
330
1F
100
AcDbEntity
  8
B.Cu
  6
CONTINUOUS
100
AcDbLine
 10
7.3705046062992121
 20
-3.7629086614173226
 30
0
 11
7.3720056299212597
 21
-3.7655085433070865
 31
0
  0
LINE
  5
102E
330
1F
100
AcDbEntity
  8
B.Cu
  6
CONTINUOUS
100
AcDbLine
 10
7.3720056299212597
 20
-3.7655085433070865
 30
0
 11
7.3727826377952752
 21
-3.7684083464566926
 31
0
  0
LINE
  5
102F
330
1F
100
AcDbEntity
  8
B.Cu
  6
CONTINUOUS
100
AcDbLine
 10
7.3727826377952752
 20
-3.7684083464566926
 30
0
 11
7.3727826377952752
 21
-3.771410472440945
 31
0
  0
LINE
  5
1030
330
1F
100
AcDbEntity
  8
B.Cu
  6
CONTINUOUS
100
AcDbLine
 10
7.3727826377952752
 20
-3.771410472440945
 30
0
 11
7.3720056299212597
 21
-3.7743102755905511
 31
0
  0
LINE
  5
1031
330
1F
100
AcDbEntity
  8
B.Cu
  6
CONTINUOUS
100
AcDbLine
 10
7.3720056299212597
 20
-3.7743102755905511
 30
0
 11
7.3705046062992121
 21
-3.776910157480315
 31
0
  0
LINE
  5
1032
330
1F
100
AcDbEntity
  8
B.Cu
  6
CONTINUOUS
100
AcDbLine
 10
7.3705046062992121
 20
-3.776910157480315
 30
0
 11
7.3683817716535431
 21
-3.779032992125984
 31
0
  0
LINE
  5
1033
330
1F
100
AcDbEntity
  8
B.Cu
  6
CONTINUOUS
100
AcDbLine
 10
7.3683817716535431
 20
-3.779032992125984
 30
0
 11
7.3657818897637792
 21
-3.7805340157480316
 31
0
  0
LINE
  5
1034
330
1F
100
AcDbEntity
  8
B.Cu
  6
CONTINUOUS
100
AcDbLine
 10
7.3657818897637792
 20
-3.7805340157480316
 30
0
 11
7.3628820866141726
 21
-3.7813110236220471
 31
0
  0
LINE
  5
1035
330
1F
100
AcDbEntity
  8
B.Cu
  6
CONTINUOUS
100
AcDbLine
 10
7.3628820866141726
 20
-3.7813110236220471
 30
0
 11
7.3598799606299208
 21
-3.7813110236220471
 31
0
  0
LINE
  5
1036
330
1F
100
AcDbEntity
  8
B.Cu
  6
CONTINUOUS
100
AcDbLine
 10
7.3598799606299208
 20
-3.7813110236220471
 30
0
 11
7.3569801574803151
 21
-3.7805340157480316
 31
0
  0
LINE
  5
1037
330
1F
100
AcDbEntity
  8
B.Cu
  6
CONTINUOUS
100
AcDbLine
 10
7.3569801574803151
 20
-3.7805340157480316
 30
0
 11
7.3543802755905512
 21
-3.779032992125984
 31
0
  0
LINE
  5
1038
330
1F
100
AcDbEntity
  8
B.Cu
  6
CONTINUOUS
100
AcDbLine
 10
7.3543802755905512
 20
-3.779032992125984
 30
0
 11
7.3522574409448813
 21
-3.776910157480315
 31
0
  0
LINE
  5
1039
330
1F
100
AcDbEntity
  8
B.Cu
  6
CONTINUOUS
100
AcDbLine
 10
7.3522574409448813
 20
-3.776910157480315
 30
0
 11
7.3507564173228346
 21
-3.7743102755905511
 31
0
  0
LINE
  5
103A
330
1F
100
AcDbEntity
  8
B.Cu
  6
CONTINUOUS
100
AcDbLine
 10
7.3507564173228346
 20
-3.7743102755905511
 30
0
 11
7.3499794094488191
 21
-3.771410472440945
 31
0
  0
LINE
  5
103B
330
1F
100
AcDbEntity
  8
B.Cu
  6
CONTINUOUS
100
AcDbLine
 10
7.3499794094488191
 20
-3.771410472440945
 30
0
 11
7.3499794094488191
 21
-3.7684083464566926
 31
0
  0
LINE
  5
103C
330
1F
100
AcDbEntity
  8
B.Cu
  6
CONTINUOUS
100
AcDbLine
 10
7.3499794094488191
 20
-3.7684083464566926
 30
0
 11
7.3507564173228346
 21
-3.7655085433070865
 31
0
  0
LINE
  5
103D
330
1F
100
AcDbEntity
  8
B.Cu
  6
CONTINUOUS
100
AcDbLine
 10
7.3507564173228346
 20
-3.7655085433070865
 30
0
 11
7.3522574409448813
 21
-3.7629086614173226
 31
0
  0
LINE
  5
103E
330
1F
100
AcDbEntity
  8
B.Cu
  6
CONTINUOUS
100
AcDbLine
 10
7.3522574409448813
 20
-3.7629086614173226
 30
0
 11
7.3543802755905512
 21
-3.7607858267716536
 31
0
  0
LINE
  5
103F
330
1F
100
AcDbEntity
  8
B.Cu
  6
CONTINUOUS
100
AcDbLine
 10
7.3543802755905512
 20
-3.7607858267716536
 30
0
 11
7.3569801574803151
 21
-3.759284803149606
 31
0
  0
LINE
  5
1040
330
1F
100
AcDbEntity
  8
B.Cu
  6
CONTINUOUS
100
AcDbLine
 10
7.3569801574803151
 20
-3.759284803149606
 30
0
 11
7.3598799606299208
 21
-3.7585077952755905
 31
0
  0
LINE
  5
1041
330
1F
100
AcDbEntity
  8
B.Cu
  6
CONTINUOUS
100
AcDbLine
 10
7.3598799606299208
 20
-3.7585077952755905
 30
0
 11
7.3628820866141726
 21
-3.7585077952755905
 31
0
  0
LINE
  5
1042
330
1F
100
AcDbEntity
  8
B.Cu
  6
CONTINUOUS
100
AcDbLine
 10
7.3628820866141726
 20
-3.7585077952755905
 30
0
 11
7.3657818897637792
 21
-3.759284803149606
 31
0
  0
LINE
  5
1043
330
1F
100
AcDbEntity
  8
B.Cu
  6
CONTINUOUS
100
AcDbLine
 10
7.1514626377952757
 20
-3.7565776771653541
 30
0
 11
7.1540625196850396
 21
-3.7580787007874017
 31
0
  0
LINE
  5
1044
330
1F
100
AcDbEntity
  8
B.Cu
  6
CONTINUOUS
100
AcDbLine
 10
7.1540625196850396
 20
-3.7580787007874017
 30
0
 11
7.1561853543307086
 21
-3.7602015354330707
 31
0
  0
LINE
  5
1045
330
1F
100
AcDbEntity
  8
B.Cu
  6
CONTINUOUS
100
AcDbLine
 10
7.1561853543307086
 20
-3.7602015354330707
 30
0
 11
7.1576863779527553
 21
-3.7628014173228346
 31
0
  0
LINE
  5
1046
330
1F
100
AcDbEntity
  8
B.Cu
  6
CONTINUOUS
100
AcDbLine
 10
7.1576863779527553
 20
-3.7628014173228346
 30
0
 11
7.1584633858267717
 21
-3.7657012204724407
 31
0
  0
LINE
  5
1047
330
1F
100
AcDbEntity
  8
B.Cu
  6
CONTINUOUS
100
AcDbLine
 10
7.1584633858267717
 20
-3.7657012204724407
 30
0
 11
7.1584633858267717
 21
-3.768703346456693
 31
0
  0
LINE
  5
1048
330
1F
100
AcDbEntity
  8
B.Cu
  6
CONTINUOUS
100
AcDbLine
 10
7.1584633858267717
 20
-3.768703346456693
 30
0
 11
7.1576863779527553
 21
-3.7716031496062992
 31
0
  0
LINE
  5
1049
330
1F
100
AcDbEntity
  8
B.Cu
  6
CONTINUOUS
100
AcDbLine
 10
7.1576863779527553
 20
-3.7716031496062992
 30
0
 11
7.1561853543307086
 21
-3.7742030314960631
 31
0
  0
LINE
  5
104A
330
1F
100
AcDbEntity
  8
B.Cu
  6
CONTINUOUS
100
AcDbLine
 10
7.1561853543307086
 20
-3.7742030314960631
 30
0
 11
7.1540625196850396
 21
-3.776325866141732
 31
0
  0
LINE
  5
104B
330
1F
100
AcDbEntity
  8
B.Cu
  6
CONTINUOUS
100
AcDbLine
 10
7.1540625196850396
 20
-3.776325866141732
 30
0
 11
7.1514626377952757
 21
-3.7778268897637792
 31
0
  0
LINE
  5
104C
330
1F
100
AcDbEntity
  8
B.Cu
  6
CONTINUOUS
100
AcDbLine
 10
7.1514626377952757
 20
-3.7778268897637792
 30
0
 11
7.1485628346456691
 21
-3.7786038976377951
 31
0
  0
LINE
  5
104D
330
1F
100
AcDbEntity
  8
B.Cu
  6
CONTINUOUS
100
AcDbLine
 10
7.1485628346456691
 20
-3.7786038976377951
 30
0
 11
7.1455607086614172
 21
-3.7786038976377951
 31
0
  0
LINE
  5
104E
330
1F
100
AcDbEntity
  8
B.Cu
  6
CONTINUOUS
100
AcDbLine
 10
7.1455607086614172
 20
-3.7786038976377951
 30
0
 11
7.1426609055118107
 21
-3.7778268897637792
 31
0
  0
LINE
  5
104F
330
1F
100
AcDbEntity
  8
B.Cu
  6
CONTINUOUS
100
AcDbLine
 10
7.1426609055118107
 20
-3.7778268897637792
 30
0
 11
7.1400610236220468
 21
-3.776325866141732
 31
0
  0
LINE
  5
1050
330
1F
100
AcDbEntity
  8
B.Cu
  6
CONTINUOUS
100
AcDbLine
 10
7.1400610236220468
 20
-3.776325866141732
 30
0
 11
7.1379381889763778
 21
-3.7742030314960631
 31
0
  0
LINE
  5
1051
330
1F
100
AcDbEntity
  8
B.Cu
  6
CONTINUOUS
100
AcDbLine
 10
7.1379381889763778
 20
-3.7742030314960631
 30
0
 11
7.1364371653543301
 21
-3.7716031496062992
 31
0
  0
LINE
  5
1052
330
1F
100
AcDbEntity
  8
B.Cu
  6
CONTINUOUS
100
AcDbLine
 10
7.1364371653543301
 20
-3.7716031496062992
 30
0
 11
7.1356601574803147
 21
-3.768703346456693
 31
0
  0
LINE
  5
1053
330
1F
100
AcDbEntity
  8
B.Cu
  6
CONTINUOUS
100
AcDbLine
 10
7.1356601574803147
 20
-3.768703346456693
 30
0
 11
7.1356601574803147
 21
-3.7657012204724407
 31
0
  0
LINE
  5
1054
330
1F
100
AcDbEntity
  8
B.Cu
  6
CONTINUOUS
100
AcDbLine
 10
7.1356601574803147
 20
-3.7657012204724407
 30
0
 11
7.1364371653543301
 21
-3.7628014173228346
 31
0
  0
LINE
  5
1055
330
1F
100
AcDbEntity
  8
B.Cu
  6
CONTINUOUS
100
AcDbLine
 10
7.1364371653543301
 20
-3.7628014173228346
 30
0
 11
7.1379381889763778
 21
-3.7602015354330707
 31
0
  0
LINE
  5
1056
330
1F
100
AcDbEntity
  8
B.Cu
  6
CONTINUOUS
100
AcDbLine
 10
7.1379381889763778
 20
-3.7602015354330707
 30
0
 11
7.1400610236220468
 21
-3.7580787007874017
 31
0
  0
LINE
  5
1057
330
1F
100
AcDbEntity
  8
B.Cu
  6
CONTINUOUS
100
AcDbLine
 10
7.1400610236220468
 20
-3.7580787007874017
 30
0
 11
7.1426609055118107
 21
-3.7565776771653541
 31
0
  0
LINE
  5
1058
330
1F
100
AcDbEntity
  8
B.Cu
  6
CONTINUOUS
100
AcDbLine
 10
7.1426609055118107
 20
-3.7565776771653541
 30
0
 11
7.1455607086614172
 21
-3.7558006692913386
 31
0
  0
LINE
  5
1059
330
1F
100
AcDbEntity
  8
B.Cu
  6
CONTINUOUS
100
AcDbLine
 10
7.1455607086614172
 20
-3.7558006692913386
 30
0
 11
7.1485628346456691
 21
-3.7558006692913386
 31
0
  0
LINE
  5
105A
330
1F
100
AcDbEntity
  8
B.Cu
  6
CONTINUOUS
100
AcDbLine
 10
7.1485628346456691
 20
-3.7558006692913386
 30
0
 11
7.1514626377952757
 21
-3.7565776771653541
 31
0
  0
LINE
  5
105B
330
1F
100
AcDbEntity
  8
B.Cu
  6
CONTINUOUS
100
AcDbLine
 10
7.1829586614173229
 20
-3.7565776771653541
 30
0
 11
7.1855585433070868
 21
-3.7580787007874017
 31
0
  0
LINE
  5
105C
330
1F
100
AcDbEntity
  8
B.Cu
  6
CONTINUOUS
100
AcDbLine
 10
7.1855585433070868
 20
-3.7580787007874017
 30
0
 11
7.1876813779527557
 21
-3.7602015354330707
 31
0
  0
LINE
  5
105D
330
1F
100
AcDbEntity
  8
B.Cu
  6
CONTINUOUS
100
AcDbLine
 10
7.1876813779527557
 20
-3.7602015354330707
 30
0
 11
7.1891824015748034
 21
-3.7628014173228346
 31
0
  0
LINE
  5
105E
330
1F
100
AcDbEntity
  8
B.Cu
  6
CONTINUOUS
100
AcDbLine
 10
7.1891824015748034
 20
-3.7628014173228346
 30
0
 11
7.1899594094488188
 21
-3.7657012204724407
 31
0
  0
LINE
  5
105F
330
1F
100
AcDbEntity
  8
B.Cu
  6
CONTINUOUS
100
AcDbLine
 10
7.1899594094488188
 20
-3.7657012204724407
 30
0
 11
7.1899594094488188
 21
-3.768703346456693
 31
0
  0
LINE
  5
1060
330
1F
100
AcDbEntity
  8
B.Cu
  6
CONTINUOUS
100
AcDbLine
 10
7.1899594094488188
 20
-3.768703346456693
 30
0
 11
7.1891824015748034
 21
-3.7716031496062992
 31
0
  0
LINE
  5
1061
330
1F
100
AcDbEntity
  8
B.Cu
  6
CONTINUOUS
100
AcDbLine
 10
7.1891824015748034
 20
-3.7716031496062992
 30
0
 11
7.1876813779527557
 21
-3.7742030314960631
 31
0
  0
LINE
  5
1062
330
1F
100
AcDbEntity
  8
B.Cu
  6
CONTINUOUS
100
AcDbLine
 10
7.1876813779527557
 20
-3.7742030314960631
 30
0
 11
7.1855585433070868
 21
-3.776325866141732
 31
0
  0
LINE
  5
1063
330
1F
100
AcDbEntity
  8
B.Cu
  6
CONTINUOUS
100
AcDbLine
 10
7.1855585433070868
 20
-3.776325866141732
 30
0
 11
7.1829586614173229
 21
-3.7778268897637792
 31
0
  0
LINE
  5
1064
330
1F
100
AcDbEntity
  8
B.Cu
  6
CONTINUOUS
100
AcDbLine
 10
7.1829586614173229
 20
-3.7778268897637792
 30
0
 11
7.1800588582677163
 21
-3.7786038976377951
 31
0
  0
LINE
  5
1065
330
1F
100
AcDbEntity
  8
B.Cu
  6
CONTINUOUS
100
AcDbLine
 10
7.1800588582677163
 20
-3.7786038976377951
 30
0
 11
7.1770567322834644
 21
-3.7786038976377951
 31
0
  0
LINE
  5
1066
330
1F
100
AcDbEntity
  8
B.Cu
  6
CONTINUOUS
100
AcDbLine
 10
7.1770567322834644
 20
-3.7786038976377951
 30
0
 11
7.1741569291338578
 21
-3.7778268897637792
 31
0
  0
LINE
  5
1067
330
1F
100
AcDbEntity
  8
B.Cu
  6
CONTINUOUS
100
AcDbLine
 10
7.1741569291338578
 20
-3.7778268897637792
 30
0
 11
7.1715570472440939
 21
-3.776325866141732
 31
0
  0
LINE
  5
1068
330
1F
100
AcDbEntity
  8
B.Cu
  6
CONTINUOUS
100
AcDbLine
 10
7.1715570472440939
 20
-3.776325866141732
 30
0
 11
7.1694342125984249
 21
-3.7742030314960631
 31
0
  0
LINE
  5
1069
330
1F
100
AcDbEntity
  8
B.Cu
  6
CONTINUOUS
100
AcDbLine
 10
7.1694342125984249
 20
-3.7742030314960631
 30
0
 11
7.1679331889763782
 21
-3.7716031496062992
 31
0
  0
LINE
  5
106A
330
1F
100
AcDbEntity
  8
B.Cu
  6
CONTINUOUS
100
AcDbLine
 10
7.1679331889763782
 20
-3.7716031496062992
 30
0
 11
7.1671561811023619
 21
-3.768703346456693
 31
0
  0
LINE
  5
106B
330
1F
100
AcDbEntity
  8
B.Cu
  6
CONTINUOUS
100
AcDbLine
 10
7.1671561811023619
 20
-3.768703346456693
 30
0
 11
7.1671561811023619
 21
-3.7657012204724407
 31
0
  0
LINE
  5
106C
330
1F
100
AcDbEntity
  8
B.Cu
  6
CONTINUOUS
100
AcDbLine
 10
7.1671561811023619
 20
-3.7657012204724407
 30
0
 11
7.1679331889763782
 21
-3.7628014173228346
 31
0
  0
LINE
  5
106D
330
1F
100
AcDbEntity
  8
B.Cu
  6
CONTINUOUS
100
AcDbLine
 10
7.1679331889763782
 20
-3.7628014173228346
 30
0
 11
7.1694342125984249
 21
-3.7602015354330707
 31
0
  0
LINE
  5
106E
330
1F
100
AcDbEntity
  8
B.Cu
  6
CONTINUOUS
100
AcDbLine
 10
7.1694342125984249
 20
-3.7602015354330707
 30
0
 11
7.1715570472440939
 21
-3.7580787007874017
 31
0
  0
LINE
  5
106F
330
1F
100
AcDbEntity
  8
B.Cu
  6
CONTINUOUS
100
AcDbLine
 10
7.1715570472440939
 20
-3.7580787007874017
 30
0
 11
7.1741569291338578
 21
-3.7565776771653541
 31
0
  0
LINE
  5
1070
330
1F
100
AcDbEntity
  8
B.Cu
  6
CONTINUOUS
100
AcDbLine
 10
7.1741569291338578
 20
-3.7565776771653541
 30
0
 11
7.1770567322834644
 21
-3.7558006692913386
 31
0
  0
LINE
  5
1071
330
1F
100
AcDbEntity
  8
B.Cu
  6
CONTINUOUS
100
AcDbLine
 10
7.1770567322834644
 20
-3.7558006692913386
 30
0
 11
7.1800588582677163
 21
-3.7558006692913386
 31
0
  0
LINE
  5
1072
330
1F
100
AcDbEntity
  8
B.Cu
  6
CONTINUOUS
100
AcDbLine
 10
7.1800588582677163
 20
-3.7558006692913386
 30
0
 11
7.1829586614173229
 21
-3.7565776771653541
 31
0
  0
LINE
  5
1073
330
1F
100
AcDbEntity
  8
B.Cu
  6
CONTINUOUS
100
AcDbLine
 10
7.1199665748031498
 20
-3.7565776377952753
 30
0
 11
7.1225664566929137
 21
-3.7580786614173229
 31
0
  0
LINE
  5
1074
330
1F
100
AcDbEntity
  8
B.Cu
  6
CONTINUOUS
100
AcDbLine
 10
7.1225664566929137
 20
-3.7580786614173229
 30
0
 11
7.1246892913385826
 21
-3.7602014960629919
 31
0
  0
LINE
  5
1075
330
1F
100
AcDbEntity
  8
B.Cu
  6
CONTINUOUS
100
AcDbLine
 10
7.1246892913385826
 20
-3.7602014960629919
 30
0
 11
7.1261903149606294
 21
-3.7628013779527558
 31
0
  0
LINE
  5
1076
330
1F
100
AcDbEntity
  8
B.Cu
  6
CONTINUOUS
100
AcDbLine
 10
7.1261903149606294
 20
-3.7628013779527558
 30
0
 11
7.1269673228346457
 21
-3.765701181102362
 31
0
  0
LINE
  5
1077
330
1F
100
AcDbEntity
  8
B.Cu
  6
CONTINUOUS
100
AcDbLine
 10
7.1269673228346457
 20
-3.765701181102362
 30
0
 11
7.1269673228346457
 21
-3.7687033070866143
 31
0
  0
LINE
  5
1078
330
1F
100
AcDbEntity
  8
B.Cu
  6
CONTINUOUS
100
AcDbLine
 10
7.1269673228346457
 20
-3.7687033070866143
 30
0
 11
7.1261903149606294
 21
-3.7716031102362204
 31
0
  0
LINE
  5
1079
330
1F
100
AcDbEntity
  8
B.Cu
  6
CONTINUOUS
100
AcDbLine
 10
7.1261903149606294
 20
-3.7716031102362204
 30
0
 11
7.1246892913385826
 21
-3.7742029921259843
 31
0
  0
LINE
  5
107A
330
1F
100
AcDbEntity
  8
B.Cu
  6
CONTINUOUS
100
AcDbLine
 10
7.1246892913385826
 20
-3.7742029921259843
 30
0
 11
7.1225664566929137
 21
-3.7763258267716533
 31
0
  0
LINE
  5
107B
330
1F
100
AcDbEntity
  8
B.Cu
  6
CONTINUOUS
100
AcDbLine
 10
7.1225664566929137
 20
-3.7763258267716533
 30
0
 11
7.1199665748031498
 21
-3.7778268503937009
 31
0
  0
LINE
  5
107C
330
1F
100
AcDbEntity
  8
B.Cu
  6
CONTINUOUS
100
AcDbLine
 10
7.1199665748031498
 20
-3.7778268503937009
 30
0
 11
7.1170667716535432
 21
-3.7786038582677164
 31
0
  0
LINE
  5
107D
330
1F
100
AcDbEntity
  8
B.Cu
  6
CONTINUOUS
100
AcDbLine
 10
7.1170667716535432
 20
-3.7786038582677164
 30
0
 11
7.1140646456692913
 21
-3.7786038582677164
 31
0
  0
LINE
  5
107E
330
1F
100
AcDbEntity
  8
B.Cu
  6
CONTINUOUS
100
AcDbLine
 10
7.1140646456692913
 20
-3.7786038582677164
 30
0
 11
7.1111648425196847
 21
-3.7778268503937009
 31
0
  0
LINE
  5
107F
330
1F
100
AcDbEntity
  8
B.Cu
  6
CONTINUOUS
100
AcDbLine
 10
7.1111648425196847
 20
-3.7778268503937009
 30
0
 11
7.1085649606299208
 21
-3.7763258267716533
 31
0
  0
LINE
  5
1080
330
1F
100
AcDbEntity
  8
B.Cu
  6
CONTINUOUS
100
AcDbLine
 10
7.1085649606299208
 20
-3.7763258267716533
 30
0
 11
7.1064421259842518
 21
-3.7742029921259843
 31
0
  0
LINE
  5
1081
330
1F
100
AcDbEntity
  8
B.Cu
  6
CONTINUOUS
100
AcDbLine
 10
7.1064421259842518
 20
-3.7742029921259843
 30
0
 11
7.1049411023622042
 21
-3.7716031102362204
 31
0
  0
LINE
  5
1082
330
1F
100
AcDbEntity
  8
B.Cu
  6
CONTINUOUS
100
AcDbLine
 10
7.1049411023622042
 20
-3.7716031102362204
 30
0
 11
7.1041640944881888
 21
-3.7687033070866143
 31
0
  0
LINE
  5
1083
330
1F
100
AcDbEntity
  8
B.Cu
  6
CONTINUOUS
100
AcDbLine
 10
7.1041640944881888
 20
-3.7687033070866143
 30
0
 11
7.1041640944881888
 21
-3.765701181102362
 31
0
  0
LINE
  5
1084
330
1F
100
AcDbEntity
  8
B.Cu
  6
CONTINUOUS
100
AcDbLine
 10
7.1041640944881888
 20
-3.765701181102362
 30
0
 11
7.1049411023622042
 21
-3.7628013779527558
 31
0
  0
LINE
  5
1085
330
1F
100
AcDbEntity
  8
B.Cu
  6
CONTINUOUS
100
AcDbLine
 10
7.1049411023622042
 20
-3.7628013779527558
 30
0
 11
7.1064421259842518
 21
-3.7602014960629919
 31
0
  0
LINE
  5
1086
330
1F
100
AcDbEntity
  8
B.Cu
  6
CONTINUOUS
100
AcDbLine
 10
7.1064421259842518
 20
-3.7602014960629919
 30
0
 11
7.1085649606299208
 21
-3.7580786614173229
 31
0
  0
LINE
  5
1087
330
1F
100
AcDbEntity
  8
B.Cu
  6
CONTINUOUS
100
AcDbLine
 10
7.1085649606299208
 20
-3.7580786614173229
 30
0
 11
7.1111648425196847
 21
-3.7565776377952753
 31
0
  0
LINE
  5
1088
330
1F
100
AcDbEntity
  8
B.Cu
  6
CONTINUOUS
100
AcDbLine
 10
7.1111648425196847
 20
-3.7565776377952753
 30
0
 11
7.1140646456692913
 21
-3.7558006299212598
 31
0
  0
LINE
  5
1089
330
1F
100
AcDbEntity
  8
B.Cu
  6
CONTINUOUS
100
AcDbLine
 10
7.1140646456692913
 20
-3.7558006299212598
 30
0
 11
7.1170667716535432
 21
-3.7558006299212598
 31
0
  0
LINE
  5
108A
330
1F
100
AcDbEntity
  8
B.Cu
  6
CONTINUOUS
100
AcDbLine
 10
7.1170667716535432
 20
-3.7558006299212598
 30
0
 11
7.1199665748031498
 21
-3.7565776377952753
 31
0
  0
LINE
  5
108B
330
1F
100
AcDbEntity
  8
B.Cu
  6
CONTINUOUS
100
AcDbLine
 10
5.4106618110236218
 20
-3.7525329133858265
 30
0
 11
5.4133320078740157
 21
-3.754074566929134
 31
0
  0
LINE
  5
108C
330
1F
100
AcDbEntity
  8
B.Cu
  6
CONTINUOUS
100
AcDbLine
 10
5.4133320078740157
 20
-3.754074566929134
 30
0
 11
5.4155122440944883
 21
-3.7562548031496061
 31
0
  0
LINE
  5
108D
330
1F
100
AcDbEntity
  8
B.Cu
  6
CONTINUOUS
100
AcDbLine
 10
5.4155122440944883
 20
-3.7562548031496061
 30
0
 11
5.4170538976377953
 21
-3.7589250000000001
 31
0
  0
LINE
  5
108E
330
1F
100
AcDbEntity
  8
B.Cu
  6
CONTINUOUS
100
AcDbLine
 10
5.4170538976377953
 20
-3.7589250000000001
 30
0
 11
5.4178518897637797
 21
-3.7619032283464566
 31
0
  0
LINE
  5
108F
330
1F
100
AcDbEntity
  8
B.Cu
  6
CONTINUOUS
100
AcDbLine
 10
5.4178518897637797
 20
-3.7619032283464566
 30
0
 11
5.4178518897637797
 21
-3.7649865354330707
 31
0
  0
LINE
  5
1090
330
1F
100
AcDbEntity
  8
B.Cu
  6
CONTINUOUS
100
AcDbLine
 10
5.4178518897637797
 20
-3.7649865354330707
 30
0
 11
5.4170538976377953
 21
-3.7679647637795273
 31
0
  0
LINE
  5
1091
330
1F
100
AcDbEntity
  8
B.Cu
  6
CONTINUOUS
100
AcDbLine
 10
5.4170538976377953
 20
-3.7679647637795273
 30
0
 11
5.4155122440944883
 21
-3.7706349606299212
 31
0
  0
LINE
  5
1092
330
1F
100
AcDbEntity
  8
B.Cu
  6
CONTINUOUS
100
AcDbLine
 10
5.4155122440944883
 20
-3.7706349606299212
 30
0
 11
5.4133320078740157
 21
-3.7728151968503938
 31
0
  0
LINE
  5
1093
330
1F
100
AcDbEntity
  8
B.Cu
  6
CONTINUOUS
100
AcDbLine
 10
5.4133320078740157
 20
-3.7728151968503938
 30
0
 11
5.4106618110236218
 21
-3.7743568503937008
 31
0
  0
LINE
  5
1094
330
1F
100
AcDbEntity
  8
B.Cu
  6
CONTINUOUS
100
AcDbLine
 10
5.4106618110236218
 20
-3.7743568503937008
 30
0
 11
5.4076835826771656
 21
-3.7751548425196848
 31
0
  0
LINE
  5
1095
330
1F
100
AcDbEntity
  8
B.Cu
  6
CONTINUOUS
100
AcDbLine
 10
5.4076835826771656
 20
-3.7751548425196848
 30
0
 11
5.4046002755905507
 21
-3.7751548425196848
 31
0
  0
LINE
  5
1096
330
1F
100
AcDbEntity
  8
B.Cu
  6
CONTINUOUS
100
AcDbLine
 10
5.4046002755905507
 20
-3.7751548425196848
 30
0
 11
5.4016220472440946
 21
-3.7743568503937008
 31
0
  0
LINE
  5
1097
330
1F
100
AcDbEntity
  8
B.Cu
  6
CONTINUOUS
100
AcDbLine
 10
5.4016220472440946
 20
-3.7743568503937008
 30
0
 11
5.3989518503937006
 21
-3.7728151968503938
 31
0
  0
LINE
  5
1098
330
1F
100
AcDbEntity
  8
B.Cu
  6
CONTINUOUS
100
AcDbLine
 10
5.3989518503937006
 20
-3.7728151968503938
 30
0
 11
5.396771614173228
 21
-3.7706349606299212
 31
0
  0
LINE
  5
1099
330
1F
100
AcDbEntity
  8
B.Cu
  6
CONTINUOUS
100
AcDbLine
 10
5.396771614173228
 20
-3.7706349606299212
 30
0
 11
5.395229960629921
 21
-3.7679647637795273
 31
0
  0
LINE
  5
109A
330
1F
100
AcDbEntity
  8
B.Cu
  6
CONTINUOUS
100
AcDbLine
 10
5.395229960629921
 20
-3.7679647637795273
 30
0
 11
5.3944319685039366
 21
-3.7649865354330707
 31
0
  0
LINE
  5
109B
330
1F
100
AcDbEntity
  8
B.Cu
  6
CONTINUOUS
100
AcDbLine
 10
5.3944319685039366
 20
-3.7649865354330707
 30
0
 11
5.3944319685039366
 21
-3.7619032283464566
 31
0
  0
LINE
  5
109C
330
1F
100
AcDbEntity
  8
B.Cu
  6
CONTINUOUS
100
AcDbLine
 10
5.3944319685039366
 20
-3.7619032283464566
 30
0
 11
5.395229960629921
 21
-3.7589250000000001
 31
0
  0
LINE
  5
109D
330
1F
100
AcDbEntity
  8
B.Cu
  6
CONTINUOUS
100
AcDbLine
 10
5.395229960629921
 20
-3.7589250000000001
 30
0
 11
5.396771614173228
 21
-3.7562548031496061
 31
0
  0
LINE
  5
109E
330
1F
100
AcDbEntity
  8
B.Cu
  6
CONTINUOUS
100
AcDbLine
 10
5.396771614173228
 20
-3.7562548031496061
 30
0
 11
5.3989518503937006
 21
-3.754074566929134
 31
0
  0
LINE
  5
109F
330
1F
100
AcDbEntity
  8
B.Cu
  6
CONTINUOUS
100
AcDbLine
 10
5.3989518503937006
 20
-3.754074566929134
 30
0
 11
5.4016220472440946
 21
-3.7525329133858265
 31
0
  0
LINE
  5
10A0
330
1F
100
AcDbEntity
  8
B.Cu
  6
CONTINUOUS
100
AcDbLine
 10
5.4016220472440946
 20
-3.7525329133858265
 30
0
 11
5.4046002755905507
 21
-3.7517349212598425
 31
0
  0
LINE
  5
10A1
330
1F
100
AcDbEntity
  8
B.Cu
  6
CONTINUOUS
100
AcDbLine
 10
5.4046002755905507
 20
-3.7517349212598425
 30
0
 11
5.4076835826771656
 21
-3.7517349212598425
 31
0
  0
LINE
  5
10A2
330
1F
100
AcDbEntity
  8
B.Cu
  6
CONTINUOUS
100
AcDbLine
 10
5.4076835826771656
 20
-3.7517349212598425
 30
0
 11
5.4106618110236218
 21
-3.7525329133858265
 31
0
  0
LINE
  5
10A3
330
1F
100
AcDbEntity
  8
B.Cu
  6
CONTINUOUS
100
AcDbLine
 10
6.3976294094488191
 20
-3.7528202755905511
 30
0
 11
6.4002292913385821
 21
-3.7543212992125983
 31
0
  0
LINE
  5
10A4
330
1F
100
AcDbEntity
  8
B.Cu
  6
CONTINUOUS
100
AcDbLine
 10
6.4002292913385821
 20
-3.7543212992125983
 30
0
 11
6.402352125984252
 21
-3.7564441338582677
 31
0
  0
LINE
  5
10A5
330
1F
100
AcDbEntity
  8
B.Cu
  6
CONTINUOUS
100
AcDbLine
 10
6.402352125984252
 20
-3.7564441338582677
 30
0
 11
6.4038531496062987
 21
-3.7590440157480316
 31
0
  0
LINE
  5
10A6
330
1F
100
AcDbEntity
  8
B.Cu
  6
CONTINUOUS
100
AcDbLine
 10
6.4038531496062987
 20
-3.7590440157480316
 30
0
 11
6.4046301574803151
 21
-3.7619438188976377
 31
0
  0
LINE
  5
10A7
330
1F
100
AcDbEntity
  8
B.Cu
  6
CONTINUOUS
100
AcDbLine
 10
6.4046301574803151
 20
-3.7619438188976377
 30
0
 11
6.4046301574803151
 21
-3.7649459448818896
 31
0
  0
LINE
  5
10A8
330
1F
100
AcDbEntity
  8
B.Cu
  6
CONTINUOUS
100
AcDbLine
 10
6.4046301574803151
 20
-3.7649459448818896
 30
0
 11
6.4038531496062987
 21
-3.7678457480314962
 31
0
  0
LINE
  5
10A9
330
1F
100
AcDbEntity
  8
B.Cu
  6
CONTINUOUS
100
AcDbLine
 10
6.4038531496062987
 20
-3.7678457480314962
 30
0
 11
6.402352125984252
 21
-3.7704456299212596
 31
0
  0
LINE
  5
10AA
330
1F
100
AcDbEntity
  8
B.Cu
  6
CONTINUOUS
100
AcDbLine
 10
6.402352125984252
 20
-3.7704456299212596
 30
0
 11
6.4002292913385821
 21
-3.7725684645669291
 31
0
  0
LINE
  5
10AB
330
1F
100
AcDbEntity
  8
B.Cu
  6
CONTINUOUS
100
AcDbLine
 10
6.4002292913385821
 20
-3.7725684645669291
 30
0
 11
6.3976294094488191
 21
-3.7740694881889763
 31
0
  0
LINE
  5
10AC
330
1F
100
AcDbEntity
  8
B.Cu
  6
CONTINUOUS
100
AcDbLine
 10
6.3976294094488191
 20
-3.7740694881889763
 30
0
 11
6.3947296062992125
 21
-3.7748464960629922
 31
0
  0
LINE
  5
10AD
330
1F
100
AcDbEntity
  8
B.Cu
  6
CONTINUOUS
100
AcDbLine
 10
6.3947296062992125
 20
-3.7748464960629922
 30
0
 11
6.3917274803149606
 21
-3.7748464960629922
 31
0
  0
LINE
  5
10AE
330
1F
100
AcDbEntity
  8
B.Cu
  6
CONTINUOUS
100
AcDbLine
 10
6.3917274803149606
 20
-3.7748464960629922
 30
0
 11
6.388827677165354
 21
-3.7740694881889763
 31
0
  0
LINE
  5
10AF
330
1F
100
AcDbEntity
  8
B.Cu
  6
CONTINUOUS
100
AcDbLine
 10
6.388827677165354
 20
-3.7740694881889763
 30
0
 11
6.3862277952755901
 21
-3.7725684645669291
 31
0
  0
LINE
  5
10B0
330
1F
100
AcDbEntity
  8
B.Cu
  6
CONTINUOUS
100
AcDbLine
 10
6.3862277952755901
 20
-3.7725684645669291
 30
0
 11
6.3841049606299212
 21
-3.7704456299212596
 31
0
  0
LINE
  5
10B1
330
1F
100
AcDbEntity
  8
B.Cu
  6
CONTINUOUS
100
AcDbLine
 10
6.3841049606299212
 20
-3.7704456299212596
 30
0
 11
6.3826039370078735
 21
-3.7678457480314962
 31
0
  0
LINE
  5
10B2
330
1F
100
AcDbEntity
  8
B.Cu
  6
CONTINUOUS
100
AcDbLine
 10
6.3826039370078735
 20
-3.7678457480314962
 30
0
 11
6.3818269291338581
 21
-3.7649459448818896
 31
0
  0
LINE
  5
10B3
330
1F
100
AcDbEntity
  8
B.Cu
  6
CONTINUOUS
100
AcDbLine
 10
6.3818269291338581
 20
-3.7649459448818896
 30
0
 11
6.3818269291338581
 21
-3.7619438188976377
 31
0
  0
LINE
  5
10B4
330
1F
100
AcDbEntity
  8
B.Cu
  6
CONTINUOUS
100
AcDbLine
 10
6.3818269291338581
 20
-3.7619438188976377
 30
0
 11
6.3826039370078735
 21
-3.7590440157480316
 31
0
  0
LINE
  5
10B5
330
1F
100
AcDbEntity
  8
B.Cu
  6
CONTINUOUS
100
AcDbLine
 10
6.3826039370078735
 20
-3.7590440157480316
 30
0
 11
6.3841049606299212
 21
-3.7564441338582677
 31
0
  0
LINE
  5
10B6
330
1F
100
AcDbEntity
  8
B.Cu
  6
CONTINUOUS
100
AcDbLine
 10
6.3841049606299212
 20
-3.7564441338582677
 30
0
 11
6.3862277952755901
 21
-3.7543212992125983
 31
0
  0
LINE
  5
10B7
330
1F
100
AcDbEntity
  8
B.Cu
  6
CONTINUOUS
100
AcDbLine
 10
6.3862277952755901
 20
-3.7543212992125983
 30
0
 11
6.388827677165354
 21
-3.7528202755905511
 31
0
  0
LINE
  5
10B8
330
1F
100
AcDbEntity
  8
B.Cu
  6
CONTINUOUS
100
AcDbLine
 10
6.388827677165354
 20
-3.7528202755905511
 30
0
 11
6.3917274803149606
 21
-3.7520432677165352
 31
0
  0
LINE
  5
10B9
330
1F
100
AcDbEntity
  8
B.Cu
  6
CONTINUOUS
100
AcDbLine
 10
6.3917274803149606
 20
-3.7520432677165352
 30
0
 11
6.3947296062992125
 21
-3.7520432677165352
 31
0
  0
LINE
  5
10BA
330
1F
100
AcDbEntity
  8
B.Cu
  6
CONTINUOUS
100
AcDbLine
 10
6.3947296062992125
 20
-3.7520432677165352
 30
0
 11
6.3976294094488191
 21
-3.7528202755905511
 31
0
  0
LINE
  5
10BB
330
1F
100
AcDbEntity
  8
B.Cu
  6
CONTINUOUS
100
AcDbLine
 10
7.3657818897637792
 20
-3.7277887795275588
 30
0
 11
7.3683817716535431
 21
-3.729289803149606
 31
0
  0
LINE
  5
10BC
330
1F
100
AcDbEntity
  8
B.Cu
  6
CONTINUOUS
100
AcDbLine
 10
7.3683817716535431
 20
-3.729289803149606
 30
0
 11
7.3705046062992121
 21
-3.7314126377952754
 31
0
  0
LINE
  5
10BD
330
1F
100
AcDbEntity
  8
B.Cu
  6
CONTINUOUS
100
AcDbLine
 10
7.3705046062992121
 20
-3.7314126377952754
 30
0
 11
7.3720056299212597
 21
-3.7340125196850393
 31
0
  0
LINE
  5
10BE
330
1F
100
AcDbEntity
  8
B.Cu
  6
CONTINUOUS
100
AcDbLine
 10
7.3720056299212597
 20
-3.7340125196850393
 30
0
 11
7.3727826377952752
 21
-3.7369123228346455
 31
0
  0
LINE
  5
10BF
330
1F
100
AcDbEntity
  8
B.Cu
  6
CONTINUOUS
100
AcDbLine
 10
7.3727826377952752
 20
-3.7369123228346455
 30
0
 11
7.3727826377952752
 21
-3.7399144488188973
 31
0
  0
LINE
  5
10C0
330
1F
100
AcDbEntity
  8
B.Cu
  6
CONTINUOUS
100
AcDbLine
 10
7.3727826377952752
 20
-3.7399144488188973
 30
0
 11
7.3720056299212597
 21
-3.7428142519685039
 31
0
  0
LINE
  5
10C1
330
1F
100
AcDbEntity
  8
B.Cu
  6
CONTINUOUS
100
AcDbLine
 10
7.3720056299212597
 20
-3.7428142519685039
 30
0
 11
7.3705046062992121
 21
-3.7454141338582678
 31
0
  0
LINE
  5
10C2
330
1F
100
AcDbEntity
  8
B.Cu
  6
CONTINUOUS
100
AcDbLine
 10
7.3705046062992121
 20
-3.7454141338582678
 30
0
 11
7.3683817716535431
 21
-3.7475369685039368
 31
0
  0
LINE
  5
10C3
330
1F
100
AcDbEntity
  8
B.Cu
  6
CONTINUOUS
100
AcDbLine
 10
7.3683817716535431
 20
-3.7475369685039368
 30
0
 11
7.3657818897637792
 21
-3.749037992125984
 31
0
  0
LINE
  5
10C4
330
1F
100
AcDbEntity
  8
B.Cu
  6
CONTINUOUS
100
AcDbLine
 10
7.3657818897637792
 20
-3.749037992125984
 30
0
 11
7.3628820866141726
 21
-3.7498149999999999
 31
0
  0
LINE
  5
10C5
330
1F
100
AcDbEntity
  8
B.Cu
  6
CONTINUOUS
100
AcDbLine
 10
7.3628820866141726
 20
-3.7498149999999999
 30
0
 11
7.3598799606299208
 21
-3.7498149999999999
 31
0
  0
LINE
  5
10C6
330
1F
100
AcDbEntity
  8
B.Cu
  6
CONTINUOUS
100
AcDbLine
 10
7.3598799606299208
 20
-3.7498149999999999
 30
0
 11
7.3569801574803151
 21
-3.749037992125984
 31
0
  0
LINE
  5
10C7
330
1F
100
AcDbEntity
  8
B.Cu
  6
CONTINUOUS
100
AcDbLine
 10
7.3569801574803151
 20
-3.749037992125984
 30
0
 11
7.3543802755905512
 21
-3.7475369685039368
 31
0
  0
LINE
  5
10C8
330
1F
100
AcDbEntity
  8
B.Cu
  6
CONTINUOUS
100
AcDbLine
 10
7.3543802755905512
 20
-3.7475369685039368
 30
0
 11
7.3522574409448813
 21
-3.7454141338582678
 31
0
  0
LINE
  5
10C9
330
1F
100
AcDbEntity
  8
B.Cu
  6
CONTINUOUS
100
AcDbLine
 10
7.3522574409448813
 20
-3.7454141338582678
 30
0
 11
7.3507564173228346
 21
-3.7428142519685039
 31
0
  0
LINE
  5
10CA
330
1F
100
AcDbEntity
  8
B.Cu
  6
CONTINUOUS
100
AcDbLine
 10
7.3507564173228346
 20
-3.7428142519685039
 30
0
 11
7.3499794094488191
 21
-3.7399144488188973
 31
0
  0
LINE
  5
10CB
330
1F
100
AcDbEntity
  8
B.Cu
  6
CONTINUOUS
100
AcDbLine
 10
7.3499794094488191
 20
-3.7399144488188973
 30
0
 11
7.3499794094488191
 21
-3.7369123228346455
 31
0
  0
LINE
  5
10CC
330
1F
100
AcDbEntity
  8
B.Cu
  6
CONTINUOUS
100
AcDbLine
 10
7.3499794094488191
 20
-3.7369123228346455
 30
0
 11
7.3507564173228346
 21
-3.7340125196850393
 31
0
  0
LINE
  5
10CD
330
1F
100
AcDbEntity
  8
B.Cu
  6
CONTINUOUS
100
AcDbLine
 10
7.3507564173228346
 20
-3.7340125196850393
 30
0
 11
7.3522574409448813
 21
-3.7314126377952754
 31
0
  0
LINE
  5
10CE
330
1F
100
AcDbEntity
  8
B.Cu
  6
CONTINUOUS
100
AcDbLine
 10
7.3522574409448813
 20
-3.7314126377952754
 30
0
 11
7.3543802755905512
 21
-3.729289803149606
 31
0
  0
LINE
  5
10CF
330
1F
100
AcDbEntity
  8
B.Cu
  6
CONTINUOUS
100
AcDbLine
 10
7.3543802755905512
 20
-3.729289803149606
 30
0
 11
7.3569801574803151
 21
-3.7277887795275588
 31
0
  0
LINE
  5
10D0
330
1F
100
AcDbEntity
  8
B.Cu
  6
CONTINUOUS
100
AcDbLine
 10
7.3569801574803151
 20
-3.7277887795275588
 30
0
 11
7.3598799606299208
 21
-3.7270117716535434
 31
0
  0
LINE
  5
10D1
330
1F
100
AcDbEntity
  8
B.Cu
  6
CONTINUOUS
100
AcDbLine
 10
7.3598799606299208
 20
-3.7270117716535434
 30
0
 11
7.3628820866141726
 21
-3.7270117716535434
 31
0
  0
LINE
  5
10D2
330
1F
100
AcDbEntity
  8
B.Cu
  6
CONTINUOUS
100
AcDbLine
 10
7.3628820866141726
 20
-3.7270117716535434
 30
0
 11
7.3657818897637792
 21
-3.7277887795275588
 31
0
  0
LINE
  5
10D3
330
1F
100
AcDbEntity
  8
B.Cu
  6
CONTINUOUS
100
AcDbLine
 10
7.3972779133858264
 20
-3.7277887795275588
 30
0
 11
7.3998777952755903
 21
-3.729289803149606
 31
0
  0
LINE
  5
10D4
330
1F
100
AcDbEntity
  8
B.Cu
  6
CONTINUOUS
100
AcDbLine
 10
7.3998777952755903
 20
-3.729289803149606
 30
0
 11
7.4020006299212593
 21
-3.7314126377952754
 31
0
  0
LINE
  5
10D5
330
1F
100
AcDbEntity
  8
B.Cu
  6
CONTINUOUS
100
AcDbLine
 10
7.4020006299212593
 20
-3.7314126377952754
 30
0
 11
7.4035016535433069
 21
-3.7340125196850393
 31
0
  0
LINE
  5
10D6
330
1F
100
AcDbEntity
  8
B.Cu
  6
CONTINUOUS
100
AcDbLine
 10
7.4035016535433069
 20
-3.7340125196850393
 30
0
 11
7.4042786614173224
 21
-3.7369123228346455
 31
0
  0
LINE
  5
10D7
330
1F
100
AcDbEntity
  8
B.Cu
  6
CONTINUOUS
100
AcDbLine
 10
7.4042786614173224
 20
-3.7369123228346455
 30
0
 11
7.4042786614173224
 21
-3.7399144488188973
 31
0
  0
LINE
  5
10D8
330
1F
100
AcDbEntity
  8
B.Cu
  6
CONTINUOUS
100
AcDbLine
 10
7.4042786614173224
 20
-3.7399144488188973
 30
0
 11
7.4035016535433069
 21
-3.7428142519685039
 31
0
  0
LINE
  5
10D9
330
1F
100
AcDbEntity
  8
B.Cu
  6
CONTINUOUS
100
AcDbLine
 10
7.4035016535433069
 20
-3.7428142519685039
 30
0
 11
7.4020006299212593
 21
-3.7454141338582678
 31
0
  0
LINE
  5
10DA
330
1F
100
AcDbEntity
  8
B.Cu
  6
CONTINUOUS
100
AcDbLine
 10
7.4020006299212593
 20
-3.7454141338582678
 30
0
 11
7.3998777952755903
 21
-3.7475369685039368
 31
0
  0
LINE
  5
10DB
330
1F
100
AcDbEntity
  8
B.Cu
  6
CONTINUOUS
100
AcDbLine
 10
7.3998777952755903
 20
-3.7475369685039368
 30
0
 11
7.3972779133858264
 21
-3.749037992125984
 31
0
  0
LINE
  5
10DC
330
1F
100
AcDbEntity
  8
B.Cu
  6
CONTINUOUS
100
AcDbLine
 10
7.3972779133858264
 20
-3.749037992125984
 30
0
 11
7.3943781102362207
 21
-3.7498149999999999
 31
0
  0
LINE
  5
10DD
330
1F
100
AcDbEntity
  8
B.Cu
  6
CONTINUOUS
100
AcDbLine
 10
7.3943781102362207
 20
-3.7498149999999999
 30
0
 11
7.391375984251968
 21
-3.7498149999999999
 31
0
  0
LINE
  5
10DE
330
1F
100
AcDbEntity
  8
B.Cu
  6
CONTINUOUS
100
AcDbLine
 10
7.391375984251968
 20
-3.7498149999999999
 30
0
 11
7.3884761811023623
 21
-3.749037992125984
 31
0
  0
LINE
  5
10DF
330
1F
100
AcDbEntity
  8
B.Cu
  6
CONTINUOUS
100
AcDbLine
 10
7.3884761811023623
 20
-3.749037992125984
 30
0
 11
7.3858762992125984
 21
-3.7475369685039368
 31
0
  0
LINE
  5
10E0
330
1F
100
AcDbEntity
  8
B.Cu
  6
CONTINUOUS
100
AcDbLine
 10
7.3858762992125984
 20
-3.7475369685039368
 30
0
 11
7.3837534645669294
 21
-3.7454141338582678
 31
0
  0
LINE
  5
10E1
330
1F
100
AcDbEntity
  8
B.Cu
  6
CONTINUOUS
100
AcDbLine
 10
7.3837534645669294
 20
-3.7454141338582678
 30
0
 11
7.3822524409448818
 21
-3.7428142519685039
 31
0
  0
LINE
  5
10E2
330
1F
100
AcDbEntity
  8
B.Cu
  6
CONTINUOUS
100
AcDbLine
 10
7.3822524409448818
 20
-3.7428142519685039
 30
0
 11
7.3814754330708663
 21
-3.7399144488188973
 31
0
  0
LINE
  5
10E3
330
1F
100
AcDbEntity
  8
B.Cu
  6
CONTINUOUS
100
AcDbLine
 10
7.3814754330708663
 20
-3.7399144488188973
 30
0
 11
7.3814754330708663
 21
-3.7369123228346455
 31
0
  0
LINE
  5
10E4
330
1F
100
AcDbEntity
  8
B.Cu
  6
CONTINUOUS
100
AcDbLine
 10
7.3814754330708663
 20
-3.7369123228346455
 30
0
 11
7.3822524409448818
 21
-3.7340125196850393
 31
0
  0
LINE
  5
10E5
330
1F
100
AcDbEntity
  8
B.Cu
  6
CONTINUOUS
100
AcDbLine
 10
7.3822524409448818
 20
-3.7340125196850393
 30
0
 11
7.3837534645669294
 21
-3.7314126377952754
 31
0
  0
LINE
  5
10E6
330
1F
100
AcDbEntity
  8
B.Cu
  6
CONTINUOUS
100
AcDbLine
 10
7.3837534645669294
 20
-3.7314126377952754
 30
0
 11
7.3858762992125984
 21
-3.729289803149606
 31
0
  0
LINE
  5
10E7
330
1F
100
AcDbEntity
  8
B.Cu
  6
CONTINUOUS
100
AcDbLine
 10
7.3858762992125984
 20
-3.729289803149606
 30
0
 11
7.3884761811023623
 21
-3.7277887795275588
 31
0
  0
LINE
  5
10E8
330
1F
100
AcDbEntity
  8
B.Cu
  6
CONTINUOUS
100
AcDbLine
 10
7.3884761811023623
 20
-3.7277887795275588
 30
0
 11
7.391375984251968
 21
-3.7270117716535434
 31
0
  0
LINE
  5
10E9
330
1F
100
AcDbEntity
  8
B.Cu
  6
CONTINUOUS
100
AcDbLine
 10
7.391375984251968
 20
-3.7270117716535434
 30
0
 11
7.3943781102362207
 21
-3.7270117716535434
 31
0
  0
LINE
  5
10EA
330
1F
100
AcDbEntity
  8
B.Cu
  6
CONTINUOUS
100
AcDbLine
 10
7.3943781102362207
 20
-3.7270117716535434
 30
0
 11
7.3972779133858264
 21
-3.7277887795275588
 31
0
  0
LINE
  5
10EB
330
1F
100
AcDbEntity
  8
B.Cu
  6
CONTINUOUS
100
AcDbLine
 10
7.3342858267716533
 20
-3.7277887401574801
 30
0
 11
7.3368857086614172
 21
-3.7292897637795273
 31
0
  0
LINE
  5
10EC
330
1F
100
AcDbEntity
  8
B.Cu
  6
CONTINUOUS
100
AcDbLine
 10
7.3368857086614172
 20
-3.7292897637795273
 30
0
 11
7.3390085433070862
 21
-3.7314125984251967
 31
0
  0
LINE
  5
10ED
330
1F
100
AcDbEntity
  8
B.Cu
  6
CONTINUOUS
100
AcDbLine
 10
7.3390085433070862
 20
-3.7314125984251967
 30
0
 11
7.3405095669291338
 21
-3.7340124803149606
 31
0
  0
LINE
  5
10EE
330
1F
100
AcDbEntity
  8
B.Cu
  6
CONTINUOUS
100
AcDbLine
 10
7.3405095669291338
 20
-3.7340124803149606
 30
0
 11
7.3412865748031493
 21
-3.7369122834645667
 31
0
  0
LINE
  5
10EF
330
1F
100
AcDbEntity
  8
B.Cu
  6
CONTINUOUS
100
AcDbLine
 10
7.3412865748031493
 20
-3.7369122834645667
 30
0
 11
7.3412865748031493
 21
-3.739914409448819
 31
0
  0
LINE
  5
10F0
330
1F
100
AcDbEntity
  8
B.Cu
  6
CONTINUOUS
100
AcDbLine
 10
7.3412865748031493
 20
-3.739914409448819
 30
0
 11
7.3405095669291338
 21
-3.7428142125984252
 31
0
  0
LINE
  5
10F1
330
1F
100
AcDbEntity
  8
B.Cu
  6
CONTINUOUS
100
AcDbLine
 10
7.3405095669291338
 20
-3.7428142125984252
 30
0
 11
7.3390085433070862
 21
-3.7454140944881891
 31
0
  0
LINE
  5
10F2
330
1F
100
AcDbEntity
  8
B.Cu
  6
CONTINUOUS
100
AcDbLine
 10
7.3390085433070862
 20
-3.7454140944881891
 30
0
 11
7.3368857086614172
 21
-3.7475369291338581
 31
0
  0
LINE
  5
10F3
330
1F
100
AcDbEntity
  8
B.Cu
  6
CONTINUOUS
100
AcDbLine
 10
7.3368857086614172
 20
-3.7475369291338581
 30
0
 11
7.3342858267716533
 21
-3.7490379527559052
 31
0
  0
LINE
  5
10F4
330
1F
100
AcDbEntity
  8
B.Cu
  6
CONTINUOUS
100
AcDbLine
 10
7.3342858267716533
 20
-3.7490379527559052
 30
0
 11
7.3313860236220467
 21
-3.7498149606299211
 31
0
  0
LINE
  5
10F5
330
1F
100
AcDbEntity
  8
B.Cu
  6
CONTINUOUS
100
AcDbLine
 10
7.3313860236220467
 20
-3.7498149606299211
 30
0
 11
7.3283838976377949
 21
-3.7498149606299211
 31
0
  0
LINE
  5
10F6
330
1F
100
AcDbEntity
  8
B.Cu
  6
CONTINUOUS
100
AcDbLine
 10
7.3283838976377949
 20
-3.7498149606299211
 30
0
 11
7.3254840944881892
 21
-3.7490379527559052
 31
0
  0
LINE
  5
10F7
330
1F
100
AcDbEntity
  8
B.Cu
  6
CONTINUOUS
100
AcDbLine
 10
7.3254840944881892
 20
-3.7490379527559052
 30
0
 11
7.3228842125984253
 21
-3.7475369291338581
 31
0
  0
LINE
  5
10F8
330
1F
100
AcDbEntity
  8
B.Cu
  6
CONTINUOUS
100
AcDbLine
 10
7.3228842125984253
 20
-3.7475369291338581
 30
0
 11
7.3207613779527554
 21
-3.7454140944881891
 31
0
  0
LINE
  5
10F9
330
1F
100
AcDbEntity
  8
B.Cu
  6
CONTINUOUS
100
AcDbLine
 10
7.3207613779527554
 20
-3.7454140944881891
 30
0
 11
7.3192603543307087
 21
-3.7428142125984252
 31
0
  0
LINE
  5
10FA
330
1F
100
AcDbEntity
  8
B.Cu
  6
CONTINUOUS
100
AcDbLine
 10
7.3192603543307087
 20
-3.7428142125984252
 30
0
 11
7.3184833464566932
 21
-3.739914409448819
 31
0
  0
LINE
  5
10FB
330
1F
100
AcDbEntity
  8
B.Cu
  6
CONTINUOUS
100
AcDbLine
 10
7.3184833464566932
 20
-3.739914409448819
 30
0
 11
7.3184833464566932
 21
-3.7369122834645667
 31
0
  0
LINE
  5
10FC
330
1F
100
AcDbEntity
  8
B.Cu
  6
CONTINUOUS
100
AcDbLine
 10
7.3184833464566932
 20
-3.7369122834645667
 30
0
 11
7.3192603543307087
 21
-3.7340124803149606
 31
0
  0
LINE
  5
10FD
330
1F
100
AcDbEntity
  8
B.Cu
  6
CONTINUOUS
100
AcDbLine
 10
7.3192603543307087
 20
-3.7340124803149606
 30
0
 11
7.3207613779527554
 21
-3.7314125984251967
 31
0
  0
LINE
  5
10FE
330
1F
100
AcDbEntity
  8
B.Cu
  6
CONTINUOUS
100
AcDbLine
 10
7.3207613779527554
 20
-3.7314125984251967
 30
0
 11
7.3228842125984253
 21
-3.7292897637795273
 31
0
  0
LINE
  5
10FF
330
1F
100
AcDbEntity
  8
B.Cu
  6
CONTINUOUS
100
AcDbLine
 10
7.3228842125984253
 20
-3.7292897637795273
 30
0
 11
7.3254840944881892
 21
-3.7277887401574801
 31
0
  0
LINE
  5
1100
330
1F
100
AcDbEntity
  8
B.Cu
  6
CONTINUOUS
100
AcDbLine
 10
7.3254840944881892
 20
-3.7277887401574801
 30
0
 11
7.3283838976377949
 21
-3.7270117322834646
 31
0
  0
LINE
  5
1101
330
1F
100
AcDbEntity
  8
B.Cu
  6
CONTINUOUS
100
AcDbLine
 10
7.3283838976377949
 20
-3.7270117322834646
 30
0
 11
7.3313860236220467
 21
-3.7270117322834646
 31
0
  0
LINE
  5
1102
330
1F
100
AcDbEntity
  8
B.Cu
  6
CONTINUOUS
100
AcDbLine
 10
7.3313860236220467
 20
-3.7270117322834646
 30
0
 11
7.3342858267716533
 21
-3.7277887401574801
 31
0
  0
LINE
  5
1103
330
1F
100
AcDbEntity
  8
B.Cu
  6
CONTINUOUS
100
AcDbLine
 10
6.5213302362204724
 20
-3.7268360629921258
 30
0
 11
6.5239301181102363
 21
-3.728337086614173
 31
0
  0
LINE
  5
1104
330
1F
100
AcDbEntity
  8
B.Cu
  6
CONTINUOUS
100
AcDbLine
 10
6.5239301181102363
 20
-3.728337086614173
 30
0
 11
6.5260529527559052
 21
-3.7304599212598424
 31
0
  0
LINE
  5
1105
330
1F
100
AcDbEntity
  8
B.Cu
  6
CONTINUOUS
100
AcDbLine
 10
6.5260529527559052
 20
-3.7304599212598424
 30
0
 11
6.5275539763779529
 21
-3.7330598031496063
 31
0
  0
LINE
  5
1106
330
1F
100
AcDbEntity
  8
B.Cu
  6
CONTINUOUS
100
AcDbLine
 10
6.5275539763779529
 20
-3.7330598031496063
 30
0
 11
6.5283309842519683
 21
-3.7359596062992124
 31
0
  0
LINE
  5
1107
330
1F
100
AcDbEntity
  8
B.Cu
  6
CONTINUOUS
100
AcDbLine
 10
6.5283309842519683
 20
-3.7359596062992124
 30
0
 11
6.5283309842519683
 21
-3.7389617322834643
 31
0
  0
LINE
  5
1108
330
1F
100
AcDbEntity
  8
B.Cu
  6
CONTINUOUS
100
AcDbLine
 10
6.5283309842519683
 20
-3.7389617322834643
 30
0
 11
6.5275539763779529
 21
-3.7418615354330709
 31
0
  0
LINE
  5
1109
330
1F
100
AcDbEntity
  8
B.Cu
  6
CONTINUOUS
100
AcDbLine
 10
6.5275539763779529
 20
-3.7418615354330709
 30
0
 11
6.5260529527559052
 21
-3.7444614173228348
 31
0
  0
LINE
  5
110A
330
1F
100
AcDbEntity
  8
B.Cu
  6
CONTINUOUS
100
AcDbLine
 10
6.5260529527559052
 20
-3.7444614173228348
 30
0
 11
6.5239301181102363
 21
-3.7465842519685038
 31
0
  0
LINE
  5
110B
330
1F
100
AcDbEntity
  8
B.Cu
  6
CONTINUOUS
100
AcDbLine
 10
6.5239301181102363
 20
-3.7465842519685038
 30
0
 11
6.5213302362204724
 21
-3.7480852755905509
 31
0
  0
LINE
  5
110C
330
1F
100
AcDbEntity
  8
B.Cu
  6
CONTINUOUS
100
AcDbLine
 10
6.5213302362204724
 20
-3.7480852755905509
 30
0
 11
6.5184304330708658
 21
-3.7488622834645668
 31
0
  0
LINE
  5
110D
330
1F
100
AcDbEntity
  8
B.Cu
  6
CONTINUOUS
100
AcDbLine
 10
6.5184304330708658
 20
-3.7488622834645668
 30
0
 11
6.5154283070866139
 21
-3.7488622834645668
 31
0
  0
LINE
  5
110E
330
1F
100
AcDbEntity
  8
B.Cu
  6
CONTINUOUS
100
AcDbLine
 10
6.5154283070866139
 20
-3.7488622834645668
 30
0
 11
6.5125285039370073
 21
-3.7480852755905509
 31
0
  0
LINE
  5
110F
330
1F
100
AcDbEntity
  8
B.Cu
  6
CONTINUOUS
100
AcDbLine
 10
6.5125285039370073
 20
-3.7480852755905509
 30
0
 11
6.5099286220472443
 21
-3.7465842519685038
 31
0
  0
LINE
  5
1110
330
1F
100
AcDbEntity
  8
B.Cu
  6
CONTINUOUS
100
AcDbLine
 10
6.5099286220472443
 20
-3.7465842519685038
 30
0
 11
6.5078057874015744
 21
-3.7444614173228348
 31
0
  0
LINE
  5
1111
330
1F
100
AcDbEntity
  8
B.Cu
  6
CONTINUOUS
100
AcDbLine
 10
6.5078057874015744
 20
-3.7444614173228348
 30
0
 11
6.5063047637795277
 21
-3.7418615354330709
 31
0
  0
LINE
  5
1112
330
1F
100
AcDbEntity
  8
B.Cu
  6
CONTINUOUS
100
AcDbLine
 10
6.5063047637795277
 20
-3.7418615354330709
 30
0
 11
6.5055277559055114
 21
-3.7389617322834643
 31
0
  0
LINE
  5
1113
330
1F
100
AcDbEntity
  8
B.Cu
  6
CONTINUOUS
100
AcDbLine
 10
6.5055277559055114
 20
-3.7389617322834643
 30
0
 11
6.5055277559055114
 21
-3.7359596062992124
 31
0
  0
LINE
  5
1114
330
1F
100
AcDbEntity
  8
B.Cu
  6
CONTINUOUS
100
AcDbLine
 10
6.5055277559055114
 20
-3.7359596062992124
 30
0
 11
6.5063047637795277
 21
-3.7330598031496063
 31
0
  0
LINE
  5
1115
330
1F
100
AcDbEntity
  8
B.Cu
  6
CONTINUOUS
100
AcDbLine
 10
6.5063047637795277
 20
-3.7330598031496063
 30
0
 11
6.5078057874015744
 21
-3.7304599212598424
 31
0
  0
LINE
  5
1116
330
1F
100
AcDbEntity
  8
B.Cu
  6
CONTINUOUS
100
AcDbLine
 10
6.5078057874015744
 20
-3.7304599212598424
 30
0
 11
6.5099286220472443
 21
-3.728337086614173
 31
0
  0
LINE
  5
1117
330
1F
100
AcDbEntity
  8
B.Cu
  6
CONTINUOUS
100
AcDbLine
 10
6.5099286220472443
 20
-3.728337086614173
 30
0
 11
6.5125285039370073
 21
-3.7268360629921258
 31
0
  0
LINE
  5
1118
330
1F
100
AcDbEntity
  8
B.Cu
  6
CONTINUOUS
100
AcDbLine
 10
6.5125285039370073
 20
-3.7268360629921258
 30
0
 11
6.5154283070866139
 21
-3.7260590551181103
 31
0
  0
LINE
  5
1119
330
1F
100
AcDbEntity
  8
B.Cu
  6
CONTINUOUS
100
AcDbLine
 10
6.5154283070866139
 20
-3.7260590551181103
 30
0
 11
6.5184304330708658
 21
-3.7260590551181103
 31
0
  0
LINE
  5
111A
330
1F
100
AcDbEntity
  8
B.Cu
  6
CONTINUOUS
100
AcDbLine
 10
6.5184304330708658
 20
-3.7260590551181103
 30
0
 11
6.5213302362204724
 21
-3.7268360629921258
 31
0
  0
LINE
  5
111B
330
1F
100
AcDbEntity
  8
B.Cu
  6
CONTINUOUS
100
AcDbLine
 10
7.1199665748031498
 20
-3.7250816141732281
 30
0
 11
7.1225664566929137
 21
-3.7265826377952753
 31
0
  0
LINE
  5
111C
330
1F
100
AcDbEntity
  8
B.Cu
  6
CONTINUOUS
100
AcDbLine
 10
7.1225664566929137
 20
-3.7265826377952753
 30
0
 11
7.1246892913385826
 21
-3.7287054724409447
 31
0
  0
LINE
  5
111D
330
1F
100
AcDbEntity
  8
B.Cu
  6
CONTINUOUS
100
AcDbLine
 10
7.1246892913385826
 20
-3.7287054724409447
 30
0
 11
7.1261903149606294
 21
-3.7313053543307086
 31
0
  0
LINE
  5
111E
330
1F
100
AcDbEntity
  8
B.Cu
  6
CONTINUOUS
100
AcDbLine
 10
7.1261903149606294
 20
-3.7313053543307086
 30
0
 11
7.1269673228346457
 21
-3.7342051574803148
 31
0
  0
LINE
  5
111F
330
1F
100
AcDbEntity
  8
B.Cu
  6
CONTINUOUS
100
AcDbLine
 10
7.1269673228346457
 20
-3.7342051574803148
 30
0
 11
7.1269673228346457
 21
-3.7372072834645667
 31
0
  0
LINE
  5
1120
330
1F
100
AcDbEntity
  8
B.Cu
  6
CONTINUOUS
100
AcDbLine
 10
7.1269673228346457
 20
-3.7372072834645667
 30
0
 11
7.1261903149606294
 21
-3.7401070866141732
 31
0
  0
LINE
  5
1121
330
1F
100
AcDbEntity
  8
B.Cu
  6
CONTINUOUS
100
AcDbLine
 10
7.1261903149606294
 20
-3.7401070866141732
 30
0
 11
7.1246892913385826
 21
-3.7427069685039371
 31
0
  0
LINE
  5
1122
330
1F
100
AcDbEntity
  8
B.Cu
  6
CONTINUOUS
100
AcDbLine
 10
7.1246892913385826
 20
-3.7427069685039371
 30
0
 11
7.1225664566929137
 21
-3.7448298031496061
 31
0
  0
LINE
  5
1123
330
1F
100
AcDbEntity
  8
B.Cu
  6
CONTINUOUS
100
AcDbLine
 10
7.1225664566929137
 20
-3.7448298031496061
 30
0
 11
7.1199665748031498
 21
-3.7463308267716533
 31
0
  0
LINE
  5
1124
330
1F
100
AcDbEntity
  8
B.Cu
  6
CONTINUOUS
100
AcDbLine
 10
7.1199665748031498
 20
-3.7463308267716533
 30
0
 11
7.1170667716535432
 21
-3.7471078346456692
 31
0
  0
LINE
  5
1125
330
1F
100
AcDbEntity
  8
B.Cu
  6
CONTINUOUS
100
AcDbLine
 10
7.1170667716535432
 20
-3.7471078346456692
 30
0
 11
7.1140646456692913
 21
-3.7471078346456692
 31
0
  0
LINE
  5
1126
330
1F
100
AcDbEntity
  8
B.Cu
  6
CONTINUOUS
100
AcDbLine
 10
7.1140646456692913
 20
-3.7471078346456692
 30
0
 11
7.1111648425196847
 21
-3.7463308267716533
 31
0
  0
LINE
  5
1127
330
1F
100
AcDbEntity
  8
B.Cu
  6
CONTINUOUS
100
AcDbLine
 10
7.1111648425196847
 20
-3.7463308267716533
 30
0
 11
7.1085649606299208
 21
-3.7448298031496061
 31
0
  0
LINE
  5
1128
330
1F
100
AcDbEntity
  8
B.Cu
  6
CONTINUOUS
100
AcDbLine
 10
7.1085649606299208
 20
-3.7448298031496061
 30
0
 11
7.1064421259842518
 21
-3.7427069685039371
 31
0
  0
LINE
  5
1129
330
1F
100
AcDbEntity
  8
B.Cu
  6
CONTINUOUS
100
AcDbLine
 10
7.1064421259842518
 20
-3.7427069685039371
 30
0
 11
7.1049411023622042
 21
-3.7401070866141732
 31
0
  0
LINE
  5
112A
330
1F
100
AcDbEntity
  8
B.Cu
  6
CONTINUOUS
100
AcDbLine
 10
7.1049411023622042
 20
-3.7401070866141732
 30
0
 11
7.1041640944881888
 21
-3.7372072834645667
 31
0
  0
LINE
  5
112B
330
1F
100
AcDbEntity
  8
B.Cu
  6
CONTINUOUS
100
AcDbLine
 10
7.1041640944881888
 20
-3.7372072834645667
 30
0
 11
7.1041640944881888
 21
-3.7342051574803148
 31
0
  0
LINE
  5
112C
330
1F
100
AcDbEntity
  8
B.Cu
  6
CONTINUOUS
100
AcDbLine
 10
7.1041640944881888
 20
-3.7342051574803148
 30
0
 11
7.1049411023622042
 21
-3.7313053543307086
 31
0
  0
LINE
  5
112D
330
1F
100
AcDbEntity
  8
B.Cu
  6
CONTINUOUS
100
AcDbLine
 10
7.1049411023622042
 20
-3.7313053543307086
 30
0
 11
7.1064421259842518
 21
-3.7287054724409447
 31
0
  0
LINE
  5
112E
330
1F
100
AcDbEntity
  8
B.Cu
  6
CONTINUOUS
100
AcDbLine
 10
7.1064421259842518
 20
-3.7287054724409447
 30
0
 11
7.1085649606299208
 21
-3.7265826377952753
 31
0
  0
LINE
  5
112F
330
1F
100
AcDbEntity
  8
B.Cu
  6
CONTINUOUS
100
AcDbLine
 10
7.1085649606299208
 20
-3.7265826377952753
 30
0
 11
7.1111648425196847
 21
-3.7250816141732281
 31
0
  0
LINE
  5
1130
330
1F
100
AcDbEntity
  8
B.Cu
  6
CONTINUOUS
100
AcDbLine
 10
7.1111648425196847
 20
-3.7250816141732281
 30
0
 11
7.1140646456692913
 21
-3.7243046062992127
 31
0
  0
LINE
  5
1131
330
1F
100
AcDbEntity
  8
B.Cu
  6
CONTINUOUS
100
AcDbLine
 10
7.1140646456692913
 20
-3.7243046062992127
 30
0
 11
7.1170667716535432
 21
-3.7243046062992127
 31
0
  0
LINE
  5
1132
330
1F
100
AcDbEntity
  8
B.Cu
  6
CONTINUOUS
100
AcDbLine
 10
7.1170667716535432
 20
-3.7243046062992127
 30
0
 11
7.1199665748031498
 21
-3.7250816141732281
 31
0
  0
LINE
  5
1133
330
1F
100
AcDbEntity
  8
B.Cu
  6
CONTINUOUS
100
AcDbLine
 10
7.1514625984251969
 20
-3.7250816141732281
 30
0
 11
7.1540624803149608
 21
-3.7265826377952753
 31
0
  0
LINE
  5
1134
330
1F
100
AcDbEntity
  8
B.Cu
  6
CONTINUOUS
100
AcDbLine
 10
7.1540624803149608
 20
-3.7265826377952753
 30
0
 11
7.1561853149606298
 21
-3.7287054724409447
 31
0
  0
LINE
  5
1135
330
1F
100
AcDbEntity
  8
B.Cu
  6
CONTINUOUS
100
AcDbLine
 10
7.1561853149606298
 20
-3.7287054724409447
 30
0
 11
7.1576863385826774
 21
-3.7313053543307086
 31
0
  0
LINE
  5
1136
330
1F
100
AcDbEntity
  8
B.Cu
  6
CONTINUOUS
100
AcDbLine
 10
7.1576863385826774
 20
-3.7313053543307086
 30
0
 11
7.1584633464566929
 21
-3.7342051574803148
 31
0
  0
LINE
  5
1137
330
1F
100
AcDbEntity
  8
B.Cu
  6
CONTINUOUS
100
AcDbLine
 10
7.1584633464566929
 20
-3.7342051574803148
 30
0
 11
7.1584633464566929
 21
-3.7372072834645667
 31
0
  0
LINE
  5
1138
330
1F
100
AcDbEntity
  8
B.Cu
  6
CONTINUOUS
100
AcDbLine
 10
7.1584633464566929
 20
-3.7372072834645667
 30
0
 11
7.1576863385826774
 21
-3.7401070866141732
 31
0
  0
LINE
  5
1139
330
1F
100
AcDbEntity
  8
B.Cu
  6
CONTINUOUS
100
AcDbLine
 10
7.1576863385826774
 20
-3.7401070866141732
 30
0
 11
7.1561853149606298
 21
-3.7427069685039371
 31
0
  0
LINE
  5
113A
330
1F
100
AcDbEntity
  8
B.Cu
  6
CONTINUOUS
100
AcDbLine
 10
7.1561853149606298
 20
-3.7427069685039371
 30
0
 11
7.1540624803149608
 21
-3.7448298031496061
 31
0
  0
LINE
  5
113B
330
1F
100
AcDbEntity
  8
B.Cu
  6
CONTINUOUS
100
AcDbLine
 10
7.1540624803149608
 20
-3.7448298031496061
 30
0
 11
7.1514625984251969
 21
-3.7463308267716533
 31
0
  0
LINE
  5
113C
330
1F
100
AcDbEntity
  8
B.Cu
  6
CONTINUOUS
100
AcDbLine
 10
7.1514625984251969
 20
-3.7463308267716533
 30
0
 11
7.1485627952755904
 21
-3.7471078346456692
 31
0
  0
LINE
  5
113D
330
1F
100
AcDbEntity
  8
B.Cu
  6
CONTINUOUS
100
AcDbLine
 10
7.1485627952755904
 20
-3.7471078346456692
 30
0
 11
7.1455606692913385
 21
-3.7471078346456692
 31
0
  0
LINE
  5
113E
330
1F
100
AcDbEntity
  8
B.Cu
  6
CONTINUOUS
100
AcDbLine
 10
7.1455606692913385
 20
-3.7471078346456692
 30
0
 11
7.1426608661417319
 21
-3.7463308267716533
 31
0
  0
LINE
  5
113F
330
1F
100
AcDbEntity
  8
B.Cu
  6
CONTINUOUS
100
AcDbLine
 10
7.1426608661417319
 20
-3.7463308267716533
 30
0
 11
7.140060984251968
 21
-3.7448298031496061
 31
0
  0
LINE
  5
1140
330
1F
100
AcDbEntity
  8
B.Cu
  6
CONTINUOUS
100
AcDbLine
 10
7.140060984251968
 20
-3.7448298031496061
 30
0
 11
7.137938149606299
 21
-3.7427069685039371
 31
0
  0
LINE
  5
1141
330
1F
100
AcDbEntity
  8
B.Cu
  6
CONTINUOUS
100
AcDbLine
 10
7.137938149606299
 20
-3.7427069685039371
 30
0
 11
7.1364371259842514
 21
-3.7401070866141732
 31
0
  0
LINE
  5
1142
330
1F
100
AcDbEntity
  8
B.Cu
  6
CONTINUOUS
100
AcDbLine
 10
7.1364371259842514
 20
-3.7401070866141732
 30
0
 11
7.1356601181102359
 21
-3.7372072834645667
 31
0
  0
LINE
  5
1143
330
1F
100
AcDbEntity
  8
B.Cu
  6
CONTINUOUS
100
AcDbLine
 10
7.1356601181102359
 20
-3.7372072834645667
 30
0
 11
7.1356601181102359
 21
-3.7342051574803148
 31
0
  0
LINE
  5
1144
330
1F
100
AcDbEntity
  8
B.Cu
  6
CONTINUOUS
100
AcDbLine
 10
7.1356601181102359
 20
-3.7342051574803148
 30
0
 11
7.1364371259842514
 21
-3.7313053543307086
 31
0
  0
LINE
  5
1145
330
1F
100
AcDbEntity
  8
B.Cu
  6
CONTINUOUS
100
AcDbLine
 10
7.1364371259842514
 20
-3.7313053543307086
 30
0
 11
7.137938149606299
 21
-3.7287054724409447
 31
0
  0
LINE
  5
1146
330
1F
100
AcDbEntity
  8
B.Cu
  6
CONTINUOUS
100
AcDbLine
 10
7.137938149606299
 20
-3.7287054724409447
 30
0
 11
7.140060984251968
 21
-3.7265826377952753
 31
0
  0
LINE
  5
1147
330
1F
100
AcDbEntity
  8
B.Cu
  6
CONTINUOUS
100
AcDbLine
 10
7.140060984251968
 20
-3.7265826377952753
 30
0
 11
7.1426608661417319
 21
-3.7250816141732281
 31
0
  0
LINE
  5
1148
330
1F
100
AcDbEntity
  8
B.Cu
  6
CONTINUOUS
100
AcDbLine
 10
7.1426608661417319
 20
-3.7250816141732281
 30
0
 11
7.1455606692913385
 21
-3.7243046062992127
 31
0
  0
LINE
  5
1149
330
1F
100
AcDbEntity
  8
B.Cu
  6
CONTINUOUS
100
AcDbLine
 10
7.1455606692913385
 20
-3.7243046062992127
 30
0
 11
7.1485627952755904
 21
-3.7243046062992127
 31
0
  0
LINE
  5
114A
330
1F
100
AcDbEntity
  8
B.Cu
  6
CONTINUOUS
100
AcDbLine
 10
7.1485627952755904
 20
-3.7243046062992127
 30
0
 11
7.1514625984251969
 21
-3.7250816141732281
 31
0
  0
LINE
  5
114B
330
1F
100
AcDbEntity
  8
B.Cu
  6
CONTINUOUS
100
AcDbLine
 10
7.1829587007874016
 20
-3.7250816141732281
 30
0
 11
7.1855585826771655
 21
-3.7265826377952753
 31
0
  0
LINE
  5
114C
330
1F
100
AcDbEntity
  8
B.Cu
  6
CONTINUOUS
100
AcDbLine
 10
7.1855585826771655
 20
-3.7265826377952753
 30
0
 11
7.1876814173228345
 21
-3.7287054724409447
 31
0
  0
LINE
  5
114D
330
1F
100
AcDbEntity
  8
B.Cu
  6
CONTINUOUS
100
AcDbLine
 10
7.1876814173228345
 20
-3.7287054724409447
 30
0
 11
7.1891824409448821
 21
-3.7313053543307086
 31
0
  0
LINE
  5
114E
330
1F
100
AcDbEntity
  8
B.Cu
  6
CONTINUOUS
100
AcDbLine
 10
7.1891824409448821
 20
-3.7313053543307086
 30
0
 11
7.1899594488188976
 21
-3.7342051574803148
 31
0
  0
LINE
  5
114F
330
1F
100
AcDbEntity
  8
B.Cu
  6
CONTINUOUS
100
AcDbLine
 10
7.1899594488188976
 20
-3.7342051574803148
 30
0
 11
7.1899594488188976
 21
-3.7372072834645667
 31
0
  0
LINE
  5
1150
330
1F
100
AcDbEntity
  8
B.Cu
  6
CONTINUOUS
100
AcDbLine
 10
7.1899594488188976
 20
-3.7372072834645667
 30
0
 11
7.1891824409448821
 21
-3.7401070866141732
 31
0
  0
LINE
  5
1151
330
1F
100
AcDbEntity
  8
B.Cu
  6
CONTINUOUS
100
AcDbLine
 10
7.1891824409448821
 20
-3.7401070866141732
 30
0
 11
7.1876814173228345
 21
-3.7427069685039371
 31
0
  0
LINE
  5
1152
330
1F
100
AcDbEntity
  8
B.Cu
  6
CONTINUOUS
100
AcDbLine
 10
7.1876814173228345
 20
-3.7427069685039371
 30
0
 11
7.1855585826771655
 21
-3.7448298031496061
 31
0
  0
LINE
  5
1153
330
1F
100
AcDbEntity
  8
B.Cu
  6
CONTINUOUS
100
AcDbLine
 10
7.1855585826771655
 20
-3.7448298031496061
 30
0
 11
7.1829587007874016
 21
-3.7463308267716533
 31
0
  0
LINE
  5
1154
330
1F
100
AcDbEntity
  8
B.Cu
  6
CONTINUOUS
100
AcDbLine
 10
7.1829587007874016
 20
-3.7463308267716533
 30
0
 11
7.180058897637795
 21
-3.7471078346456692
 31
0
  0
LINE
  5
1155
330
1F
100
AcDbEntity
  8
B.Cu
  6
CONTINUOUS
100
AcDbLine
 10
7.180058897637795
 20
-3.7471078346456692
 30
0
 11
7.1770567716535432
 21
-3.7471078346456692
 31
0
  0
LINE
  5
1156
330
1F
100
AcDbEntity
  8
B.Cu
  6
CONTINUOUS
100
AcDbLine
 10
7.1770567716535432
 20
-3.7471078346456692
 30
0
 11
7.1741569685039366
 21
-3.7463308267716533
 31
0
  0
LINE
  5
1157
330
1F
100
AcDbEntity
  8
B.Cu
  6
CONTINUOUS
100
AcDbLine
 10
7.1741569685039366
 20
-3.7463308267716533
 30
0
 11
7.1715570866141727
 21
-3.7448298031496061
 31
0
  0
LINE
  5
1158
330
1F
100
AcDbEntity
  8
B.Cu
  6
CONTINUOUS
100
AcDbLine
 10
7.1715570866141727
 20
-3.7448298031496061
 30
0
 11
7.1694342519685037
 21
-3.7427069685039371
 31
0
  0
LINE
  5
1159
330
1F
100
AcDbEntity
  8
B.Cu
  6
CONTINUOUS
100
AcDbLine
 10
7.1694342519685037
 20
-3.7427069685039371
 30
0
 11
7.167933228346457
 21
-3.7401070866141732
 31
0
  0
LINE
  5
115A
330
1F
100
AcDbEntity
  8
B.Cu
  6
CONTINUOUS
100
AcDbLine
 10
7.167933228346457
 20
-3.7401070866141732
 30
0
 11
7.1671562204724406
 21
-3.7372072834645667
 31
0
  0
LINE
  5
115B
330
1F
100
AcDbEntity
  8
B.Cu
  6
CONTINUOUS
100
AcDbLine
 10
7.1671562204724406
 20
-3.7372072834645667
 30
0
 11
7.1671562204724406
 21
-3.7342051574803148
 31
0
  0
LINE
  5
115C
330
1F
100
AcDbEntity
  8
B.Cu
  6
CONTINUOUS
100
AcDbLine
 10
7.1671562204724406
 20
-3.7342051574803148
 30
0
 11
7.167933228346457
 21
-3.7313053543307086
 31
0
  0
LINE
  5
115D
330
1F
100
AcDbEntity
  8
B.Cu
  6
CONTINUOUS
100
AcDbLine
 10
7.167933228346457
 20
-3.7313053543307086
 30
0
 11
7.1694342519685037
 21
-3.7287054724409447
 31
0
  0
LINE
  5
115E
330
1F
100
AcDbEntity
  8
B.Cu
  6
CONTINUOUS
100
AcDbLine
 10
7.1694342519685037
 20
-3.7287054724409447
 30
0
 11
7.1715570866141727
 21
-3.7265826377952753
 31
0
  0
LINE
  5
115F
330
1F
100
AcDbEntity
  8
B.Cu
  6
CONTINUOUS
100
AcDbLine
 10
7.1715570866141727
 20
-3.7265826377952753
 30
0
 11
7.1741569685039366
 21
-3.7250816141732281
 31
0
  0
LINE
  5
1160
330
1F
100
AcDbEntity
  8
B.Cu
  6
CONTINUOUS
100
AcDbLine
 10
7.1741569685039366
 20
-3.7250816141732281
 30
0
 11
7.1770567716535432
 21
-3.7243046062992127
 31
0
  0
LINE
  5
1161
330
1F
100
AcDbEntity
  8
B.Cu
  6
CONTINUOUS
100
AcDbLine
 10
7.1770567716535432
 20
-3.7243046062992127
 30
0
 11
7.180058897637795
 21
-3.7243046062992127
 31
0
  0
LINE
  5
1162
330
1F
100
AcDbEntity
  8
B.Cu
  6
CONTINUOUS
100
AcDbLine
 10
7.180058897637795
 20
-3.7243046062992127
 30
0
 11
7.1829587007874016
 21
-3.7250816141732281
 31
0
  0
LINE
  5
1163
330
1F
100
AcDbEntity
  8
B.Cu
  6
CONTINUOUS
100
AcDbLine
 10
6.2540665354330711
 20
-3.6676992125984249
 30
0
 11
6.2611969291338578
 21
-3.6706527165354328
 31
0
  0
LINE
  5
1164
330
1F
100
AcDbEntity
  8
B.Cu
  6
CONTINUOUS
100
AcDbLine
 10
6.2611969291338578
 20
-3.6706527165354328
 30
0
 11
6.2676140944881888
 21
-3.6749405511811024
 31
0
  0
LINE
  5
1165
330
1F
100
AcDbEntity
  8
B.Cu
  6
CONTINUOUS
100
AcDbLine
 10
6.2676140944881888
 20
-3.6749405511811024
 30
0
 11
6.2730714566929136
 21
-3.6803979133858267
 31
0
  0
LINE
  5
1166
330
1F
100
AcDbEntity
  8
B.Cu
  6
CONTINUOUS
100
AcDbLine
 10
6.2730714566929136
 20
-3.6803979133858267
 30
0
 11
6.2773592913385823
 21
-3.6868150787401572
 31
0
  0
LINE
  5
1167
330
1F
100
AcDbEntity
  8
B.Cu
  6
CONTINUOUS
100
AcDbLine
 10
6.2773592913385823
 20
-3.6868150787401572
 30
0
 11
6.2803127952755906
 21
-3.6939454724409448
 31
0
  0
LINE
  5
1168
330
1F
100
AcDbEntity
  8
B.Cu
  6
CONTINUOUS
100
AcDbLine
 10
6.2803127952755906
 20
-3.6939454724409448
 30
0
 11
6.281818503937008
 21
-3.7015150787401576
 31
0
  0
LINE
  5
1169
330
1F
100
AcDbEntity
  8
B.Cu
  6
CONTINUOUS
100
AcDbLine
 10
6.281818503937008
 20
-3.7015150787401576
 30
0
 11
6.281818503937008
 21
-3.7092329527559054
 31
0
  0
LINE
  5
116A
330
1F
100
AcDbEntity
  8
B.Cu
  6
CONTINUOUS
100
AcDbLine
 10
6.281818503937008
 20
-3.7092329527559054
 30
0
 11
6.2803127952755906
 21
-3.7168025590551181
 31
0
  0
LINE
  5
116B
330
1F
100
AcDbEntity
  8
B.Cu
  6
CONTINUOUS
100
AcDbLine
 10
6.2803127952755906
 20
-3.7168025590551181
 30
0
 11
6.2773592913385823
 21
-3.7239329527559053
 31
0
  0
LINE
  5
116C
330
1F
100
AcDbEntity
  8
B.Cu
  6
CONTINUOUS
100
AcDbLine
 10
6.2773592913385823
 20
-3.7239329527559053
 30
0
 11
6.2730714566929136
 21
-3.7303501181102363
 31
0
  0
LINE
  5
116D
330
1F
100
AcDbEntity
  8
B.Cu
  6
CONTINUOUS
100
AcDbLine
 10
6.2730714566929136
 20
-3.7303501181102363
 30
0
 11
6.2676140944881888
 21
-3.7358074803149606
 31
0
  0
LINE
  5
116E
330
1F
100
AcDbEntity
  8
B.Cu
  6
CONTINUOUS
100
AcDbLine
 10
6.2676140944881888
 20
-3.7358074803149606
 30
0
 11
6.2611969291338578
 21
-3.7400953149606297
 31
0
  0
LINE
  5
116F
330
1F
100
AcDbEntity
  8
B.Cu
  6
CONTINUOUS
100
AcDbLine
 10
6.2611969291338578
 20
-3.7400953149606297
 30
0
 11
6.2540665354330711
 21
-3.7430488188976376
 31
0
  0
LINE
  5
1170
330
1F
100
AcDbEntity
  8
B.Cu
  6
CONTINUOUS
100
AcDbLine
 10
6.2540665354330711
 20
-3.7430488188976376
 30
0
 11
6.2464969291338583
 21
-3.744554527559055
 31
0
  0
LINE
  5
1171
330
1F
100
AcDbEntity
  8
B.Cu
  6
CONTINUOUS
100
AcDbLine
 10
6.2464969291338583
 20
-3.744554527559055
 30
0
 11
6.2387790551181102
 21
-3.744554527559055
 31
0
  0
LINE
  5
1172
330
1F
100
AcDbEntity
  8
B.Cu
  6
CONTINUOUS
100
AcDbLine
 10
6.2387790551181102
 20
-3.744554527559055
 30
0
 11
6.2312094488188974
 21
-3.7430488188976376
 31
0
  0
LINE
  5
1173
330
1F
100
AcDbEntity
  8
B.Cu
  6
CONTINUOUS
100
AcDbLine
 10
6.2312094488188974
 20
-3.7430488188976376
 30
0
 11
6.2240790551181098
 21
-3.7400953149606297
 31
0
  0
LINE
  5
1174
330
1F
100
AcDbEntity
  8
B.Cu
  6
CONTINUOUS
100
AcDbLine
 10
6.2240790551181098
 20
-3.7400953149606297
 30
0
 11
6.2176618897637796
 21
-3.7358074803149606
 31
0
  0
LINE
  5
1175
330
1F
100
AcDbEntity
  8
B.Cu
  6
CONTINUOUS
100
AcDbLine
 10
6.2176618897637796
 20
-3.7358074803149606
 30
0
 11
6.2122045275590549
 21
-3.7303501181102363
 31
0
  0
LINE
  5
1176
330
1F
100
AcDbEntity
  8
B.Cu
  6
CONTINUOUS
100
AcDbLine
 10
6.2122045275590549
 20
-3.7303501181102363
 30
0
 11
6.2079166929133853
 21
-3.7239329527559053
 31
0
  0
LINE
  5
1177
330
1F
100
AcDbEntity
  8
B.Cu
  6
CONTINUOUS
100
AcDbLine
 10
6.2079166929133853
 20
-3.7239329527559053
 30
0
 11
6.2049631889763779
 21
-3.7168025590551181
 31
0
  0
LINE
  5
1178
330
1F
100
AcDbEntity
  8
B.Cu
  6
CONTINUOUS
100
AcDbLine
 10
6.2049631889763779
 20
-3.7168025590551181
 30
0
 11
6.2034574803149605
 21
-3.7092329527559054
 31
0
  0
LINE
  5
1179
330
1F
100
AcDbEntity
  8
B.Cu
  6
CONTINUOUS
100
AcDbLine
 10
6.2034574803149605
 20
-3.7092329527559054
 30
0
 11
6.2034574803149605
 21
-3.7015150787401576
 31
0
  0
LINE
  5
117A
330
1F
100
AcDbEntity
  8
B.Cu
  6
CONTINUOUS
100
AcDbLine
 10
6.2034574803149605
 20
-3.7015150787401576
 30
0
 11
6.2049631889763779
 21
-3.6939454724409448
 31
0
  0
LINE
  5
117B
330
1F
100
AcDbEntity
  8
B.Cu
  6
CONTINUOUS
100
AcDbLine
 10
6.2049631889763779
 20
-3.6939454724409448
 30
0
 11
6.2079166929133853
 21
-3.6868150787401572
 31
0
  0
LINE
  5
117C
330
1F
100
AcDbEntity
  8
B.Cu
  6
CONTINUOUS
100
AcDbLine
 10
6.2079166929133853
 20
-3.6868150787401572
 30
0
 11
6.2122045275590549
 21
-3.6803979133858267
 31
0
  0
LINE
  5
117D
330
1F
100
AcDbEntity
  8
B.Cu
  6
CONTINUOUS
100
AcDbLine
 10
6.2122045275590549
 20
-3.6803979133858267
 30
0
 11
6.2176618897637796
 21
-3.6749405511811024
 31
0
  0
LINE
  5
117E
330
1F
100
AcDbEntity
  8
B.Cu
  6
CONTINUOUS
100
AcDbLine
 10
6.2176618897637796
 20
-3.6749405511811024
 30
0
 11
6.2240790551181098
 21
-3.6706527165354328
 31
0
  0
LINE
  5
117F
330
1F
100
AcDbEntity
  8
B.Cu
  6
CONTINUOUS
100
AcDbLine
 10
6.2240790551181098
 20
-3.6706527165354328
 30
0
 11
6.2312094488188974
 21
-3.6676992125984249
 31
0
  0
LINE
  5
1180
330
1F
100
AcDbEntity
  8
B.Cu
  6
CONTINUOUS
100
AcDbLine
 10
6.2312094488188974
 20
-3.6676992125984249
 30
0
 11
6.2387790551181102
 21
-3.6661935039370079
 31
0
  0
LINE
  5
1181
330
1F
100
AcDbEntity
  8
B.Cu
  6
CONTINUOUS
100
AcDbLine
 10
6.2387790551181102
 20
-3.6661935039370079
 30
0
 11
6.2464969291338583
 21
-3.6661935039370079
 31
0
  0
LINE
  5
1182
330
1F
100
AcDbEntity
  8
B.Cu
  6
CONTINUOUS
100
AcDbLine
 10
6.2464969291338583
 20
-3.6661935039370079
 30
0
 11
6.2540665354330711
 21
-3.6676992125984249
 31
0
  0
LINE
  5
1183
330
1F
100
AcDbEntity
  8
B.Cu
  6
CONTINUOUS
100
AcDbLine
 10
5.6495979133858265
 20
-3.7213242125984252
 30
0
 11
5.6521977952755904
 21
-3.7228252362204723
 31
0
  0
LINE
  5
1184
330
1F
100
AcDbEntity
  8
B.Cu
  6
CONTINUOUS
100
AcDbLine
 10
5.6521977952755904
 20
-3.7228252362204723
 30
0
 11
5.6543206299212594
 21
-3.7249480708661418
 31
0
  0
LINE
  5
1185
330
1F
100
AcDbEntity
  8
B.Cu
  6
CONTINUOUS
100
AcDbLine
 10
5.6543206299212594
 20
-3.7249480708661418
 30
0
 11
5.655821653543307
 21
-3.7275479527559052
 31
0
  0
LINE
  5
1186
330
1F
100
AcDbEntity
  8
B.Cu
  6
CONTINUOUS
100
AcDbLine
 10
5.655821653543307
 20
-3.7275479527559052
 30
0
 11
5.6565986614173225
 21
-3.7304477559055118
 31
0
  0
LINE
  5
1187
330
1F
100
AcDbEntity
  8
B.Cu
  6
CONTINUOUS
100
AcDbLine
 10
5.6565986614173225
 20
-3.7304477559055118
 30
0
 11
5.6565986614173225
 21
-3.7334498818897637
 31
0
  0
LINE
  5
1188
330
1F
100
AcDbEntity
  8
B.Cu
  6
CONTINUOUS
100
AcDbLine
 10
5.6565986614173225
 20
-3.7334498818897637
 30
0
 11
5.655821653543307
 21
-3.7363496850393698
 31
0
  0
LINE
  5
1189
330
1F
100
AcDbEntity
  8
B.Cu
  6
CONTINUOUS
100
AcDbLine
 10
5.655821653543307
 20
-3.7363496850393698
 30
0
 11
5.6543206299212594
 21
-3.7389495669291337
 31
0
  0
LINE
  5
118A
330
1F
100
AcDbEntity
  8
B.Cu
  6
CONTINUOUS
100
AcDbLine
 10
5.6543206299212594
 20
-3.7389495669291337
 30
0
 11
5.6521977952755904
 21
-3.7410724015748031
 31
0
  0
LINE
  5
118B
330
1F
100
AcDbEntity
  8
B.Cu
  6
CONTINUOUS
100
AcDbLine
 10
5.6521977952755904
 20
-3.7410724015748031
 30
0
 11
5.6495979133858265
 21
-3.7425734251968503
 31
0
  0
LINE
  5
118C
330
1F
100
AcDbEntity
  8
B.Cu
  6
CONTINUOUS
100
AcDbLine
 10
5.6495979133858265
 20
-3.7425734251968503
 30
0
 11
5.6466981102362199
 21
-3.7433504330708662
 31
0
  0
LINE
  5
118D
330
1F
100
AcDbEntity
  8
B.Cu
  6
CONTINUOUS
100
AcDbLine
 10
5.6466981102362199
 20
-3.7433504330708662
 30
0
 11
5.6436959842519681
 21
-3.7433504330708662
 31
0
  0
LINE
  5
118E
330
1F
100
AcDbEntity
  8
B.Cu
  6
CONTINUOUS
100
AcDbLine
 10
5.6436959842519681
 20
-3.7433504330708662
 30
0
 11
5.6407961811023624
 21
-3.7425734251968503
 31
0
  0
LINE
  5
118F
330
1F
100
AcDbEntity
  8
B.Cu
  6
CONTINUOUS
100
AcDbLine
 10
5.6407961811023624
 20
-3.7425734251968503
 30
0
 11
5.6381962992125985
 21
-3.7410724015748031
 31
0
  0
LINE
  5
1190
330
1F
100
AcDbEntity
  8
B.Cu
  6
CONTINUOUS
100
AcDbLine
 10
5.6381962992125985
 20
-3.7410724015748031
 30
0
 11
5.6360734645669286
 21
-3.7389495669291337
 31
0
  0
LINE
  5
1191
330
1F
100
AcDbEntity
  8
B.Cu
  6
CONTINUOUS
100
AcDbLine
 10
5.6360734645669286
 20
-3.7389495669291337
 30
0
 11
5.6345724409448819
 21
-3.7363496850393698
 31
0
  0
LINE
  5
1192
330
1F
100
AcDbEntity
  8
B.Cu
  6
CONTINUOUS
100
AcDbLine
 10
5.6345724409448819
 20
-3.7363496850393698
 30
0
 11
5.6337954330708664
 21
-3.7334498818897637
 31
0
  0
LINE
  5
1193
330
1F
100
AcDbEntity
  8
B.Cu
  6
CONTINUOUS
100
AcDbLine
 10
5.6337954330708664
 20
-3.7334498818897637
 30
0
 11
5.6337954330708664
 21
-3.7304477559055118
 31
0
  0
LINE
  5
1194
330
1F
100
AcDbEntity
  8
B.Cu
  6
CONTINUOUS
100
AcDbLine
 10
5.6337954330708664
 20
-3.7304477559055118
 30
0
 11
5.6345724409448819
 21
-3.7275479527559052
 31
0
  0
LINE
  5
1195
330
1F
100
AcDbEntity
  8
B.Cu
  6
CONTINUOUS
100
AcDbLine
 10
5.6345724409448819
 20
-3.7275479527559052
 30
0
 11
5.6360734645669286
 21
-3.7249480708661418
 31
0
  0
LINE
  5
1196
330
1F
100
AcDbEntity
  8
B.Cu
  6
CONTINUOUS
100
AcDbLine
 10
5.6360734645669286
 20
-3.7249480708661418
 30
0
 11
5.6381962992125985
 21
-3.7228252362204723
 31
0
  0
LINE
  5
1197
330
1F
100
AcDbEntity
  8
B.Cu
  6
CONTINUOUS
100
AcDbLine
 10
5.6381962992125985
 20
-3.7228252362204723
 30
0
 11
5.6407961811023624
 21
-3.7213242125984252
 31
0
  0
LINE
  5
1198
330
1F
100
AcDbEntity
  8
B.Cu
  6
CONTINUOUS
100
AcDbLine
 10
5.6407961811023624
 20
-3.7213242125984252
 30
0
 11
5.6436959842519681
 21
-3.7205472047244093
 31
0
  0
LINE
  5
1199
330
1F
100
AcDbEntity
  8
B.Cu
  6
CONTINUOUS
100
AcDbLine
 10
5.6436959842519681
 20
-3.7205472047244093
 30
0
 11
5.6466981102362199
 21
-3.7205472047244093
 31
0
  0
LINE
  5
119A
330
1F
100
AcDbEntity
  8
B.Cu
  6
CONTINUOUS
100
AcDbLine
 10
5.6466981102362199
 20
-3.7205472047244093
 30
0
 11
5.6495979133858265
 21
-3.7213242125984252
 31
0
  0
LINE
  5
119B
330
1F
100
AcDbEntity
  8
B.Cu
  6
CONTINUOUS
100
AcDbLine
 10
5.7125900393700784
 20
-3.7134501968503937
 30
0
 11
5.7151899212598423
 21
-3.7149512204724409
 31
0
  0
LINE
  5
119C
330
1F
100
AcDbEntity
  8
B.Cu
  6
CONTINUOUS
100
AcDbLine
 10
5.7151899212598423
 20
-3.7149512204724409
 30
0
 11
5.7173127559055112
 21
-3.7170740551181103
 31
0
  0
LINE
  5
119D
330
1F
100
AcDbEntity
  8
B.Cu
  6
CONTINUOUS
100
AcDbLine
 10
5.7173127559055112
 20
-3.7170740551181103
 30
0
 11
5.7188137795275589
 21
-3.7196739370078737
 31
0
  0
LINE
  5
119E
330
1F
100
AcDbEntity
  8
B.Cu
  6
CONTINUOUS
100
AcDbLine
 10
5.7188137795275589
 20
-3.7196739370078737
 30
0
 11
5.7195907874015743
 21
-3.7225737401574803
 31
0
  0
LINE
  5
119F
330
1F
100
AcDbEntity
  8
B.Cu
  6
CONTINUOUS
100
AcDbLine
 10
5.7195907874015743
 20
-3.7225737401574803
 30
0
 11
5.7195907874015743
 21
-3.7255758661417322
 31
0
  0
LINE
  5
11A0
330
1F
100
AcDbEntity
  8
B.Cu
  6
CONTINUOUS
100
AcDbLine
 10
5.7195907874015743
 20
-3.7255758661417322
 30
0
 11
5.7188137795275589
 21
-3.7284756692913383
 31
0
  0
LINE
  5
11A1
330
1F
100
AcDbEntity
  8
B.Cu
  6
CONTINUOUS
100
AcDbLine
 10
5.7188137795275589
 20
-3.7284756692913383
 30
0
 11
5.7173127559055112
 21
-3.7310755511811022
 31
0
  0
LINE
  5
11A2
330
1F
100
AcDbEntity
  8
B.Cu
  6
CONTINUOUS
100
AcDbLine
 10
5.7173127559055112
 20
-3.7310755511811022
 30
0
 11
5.7151899212598423
 21
-3.7331983858267717
 31
0
  0
LINE
  5
11A3
330
1F
100
AcDbEntity
  8
B.Cu
  6
CONTINUOUS
100
AcDbLine
 10
5.7151899212598423
 20
-3.7331983858267717
 30
0
 11
5.7125900393700784
 21
-3.7346994094488188
 31
0
  0
LINE
  5
11A4
330
1F
100
AcDbEntity
  8
B.Cu
  6
CONTINUOUS
100
AcDbLine
 10
5.7125900393700784
 20
-3.7346994094488188
 30
0
 11
5.7096902362204727
 21
-3.7354764173228348
 31
0
  0
LINE
  5
11A5
330
1F
100
AcDbEntity
  8
B.Cu
  6
CONTINUOUS
100
AcDbLine
 10
5.7096902362204727
 20
-3.7354764173228348
 30
0
 11
5.7066881102362199
 21
-3.7354764173228348
 31
0
  0
LINE
  5
11A6
330
1F
100
AcDbEntity
  8
B.Cu
  6
CONTINUOUS
100
AcDbLine
 10
5.7066881102362199
 20
-3.7354764173228348
 30
0
 11
5.7037883070866142
 21
-3.7346994094488188
 31
0
  0
LINE
  5
11A7
330
1F
100
AcDbEntity
  8
B.Cu
  6
CONTINUOUS
100
AcDbLine
 10
5.7037883070866142
 20
-3.7346994094488188
 30
0
 11
5.7011884251968503
 21
-3.7331983858267717
 31
0
  0
LINE
  5
11A8
330
1F
100
AcDbEntity
  8
B.Cu
  6
CONTINUOUS
100
AcDbLine
 10
5.7011884251968503
 20
-3.7331983858267717
 30
0
 11
5.6990655905511813
 21
-3.7310755511811022
 31
0
  0
LINE
  5
11A9
330
1F
100
AcDbEntity
  8
B.Cu
  6
CONTINUOUS
100
AcDbLine
 10
5.6990655905511813
 20
-3.7310755511811022
 30
0
 11
5.6975645669291337
 21
-3.7284756692913383
 31
0
  0
LINE
  5
11AA
330
1F
100
AcDbEntity
  8
B.Cu
  6
CONTINUOUS
100
AcDbLine
 10
5.6975645669291337
 20
-3.7284756692913383
 30
0
 11
5.6967875590551182
 21
-3.7255758661417322
 31
0
  0
LINE
  5
11AB
330
1F
100
AcDbEntity
  8
B.Cu
  6
CONTINUOUS
100
AcDbLine
 10
5.6967875590551182
 20
-3.7255758661417322
 30
0
 11
5.6967875590551182
 21
-3.7225737401574803
 31
0
  0
LINE
  5
11AC
330
1F
100
AcDbEntity
  8
B.Cu
  6
CONTINUOUS
100
AcDbLine
 10
5.6967875590551182
 20
-3.7225737401574803
 30
0
 11
5.6975645669291337
 21
-3.7196739370078737
 31
0
  0
LINE
  5
11AD
330
1F
100
AcDbEntity
  8
B.Cu
  6
CONTINUOUS
100
AcDbLine
 10
5.6975645669291337
 20
-3.7196739370078737
 30
0
 11
5.6990655905511813
 21
-3.7170740551181103
 31
0
  0
LINE
  5
11AE
330
1F
100
AcDbEntity
  8
B.Cu
  6
CONTINUOUS
100
AcDbLine
 10
5.6990655905511813
 20
-3.7170740551181103
 30
0
 11
5.7011884251968503
 21
-3.7149512204724409
 31
0
  0
LINE
  5
11AF
330
1F
100
AcDbEntity
  8
B.Cu
  6
CONTINUOUS
100
AcDbLine
 10
5.7011884251968503
 20
-3.7149512204724409
 30
0
 11
5.7037883070866142
 21
-3.7134501968503937
 31
0
  0
LINE
  5
11B0
330
1F
100
AcDbEntity
  8
B.Cu
  6
CONTINUOUS
100
AcDbLine
 10
5.7037883070866142
 20
-3.7134501968503937
 30
0
 11
5.7066881102362199
 21
-3.7126731889763778
 31
0
  0
LINE
  5
11B1
330
1F
100
AcDbEntity
  8
B.Cu
  6
CONTINUOUS
100
AcDbLine
 10
5.7066881102362199
 20
-3.7126731889763778
 30
0
 11
5.7096902362204727
 21
-3.7126731889763778
 31
0
  0
LINE
  5
11B2
330
1F
100
AcDbEntity
  8
B.Cu
  6
CONTINUOUS
100
AcDbLine
 10
5.7096902362204727
 20
-3.7126731889763778
 30
0
 11
5.7125900393700784
 21
-3.7134501968503937
 31
0
  0
LINE
  5
11B3
330
1F
100
AcDbEntity
  8
B.Cu
  6
CONTINUOUS
100
AcDbLine
 10
5.3967801181102359
 20
-3.6954693700787402
 30
0
 11
5.4007511023622046
 21
-3.6965333858267715
 31
0
  0
LINE
  5
11B4
330
1F
100
AcDbEntity
  8
B.Cu
  6
CONTINUOUS
100
AcDbLine
 10
5.4007511023622046
 20
-3.6965333858267715
 30
0
 11
5.4043114173228348
 21
-3.6985889370078739
 31
0
  0
LINE
  5
11B5
330
1F
100
AcDbEntity
  8
B.Cu
  6
CONTINUOUS
100
AcDbLine
 10
5.4043114173228348
 20
-3.6985889370078739
 30
0
 11
5.407218346456693
 21
-3.7014958661417321
 31
0
  0
LINE
  5
11B6
330
1F
100
AcDbEntity
  8
B.Cu
  6
CONTINUOUS
100
AcDbLine
 10
5.407218346456693
 20
-3.7014958661417321
 30
0
 11
5.409273897637795
 21
-3.7050561811023619
 31
0
  0
LINE
  5
11B7
330
1F
100
AcDbEntity
  8
B.Cu
  6
CONTINUOUS
100
AcDbLine
 10
5.409273897637795
 20
-3.7050561811023619
 30
0
 11
5.4103379133858267
 21
-3.7090271653543305
 31
0
  0
LINE
  5
11B8
330
1F
100
AcDbEntity
  8
B.Cu
  6
CONTINUOUS
100
AcDbLine
 10
5.4103379133858267
 20
-3.7090271653543305
 30
0
 11
5.4103379133858267
 21
-3.7131381889763779
 31
0
  0
LINE
  5
11B9
330
1F
100
AcDbEntity
  8
B.Cu
  6
CONTINUOUS
100
AcDbLine
 10
5.4103379133858267
 20
-3.7131381889763779
 30
0
 11
5.409273897637795
 21
-3.7171091732283466
 31
0
  0
LINE
  5
11BA
330
1F
100
AcDbEntity
  8
B.Cu
  6
CONTINUOUS
100
AcDbLine
 10
5.409273897637795
 20
-3.7171091732283466
 30
0
 11
5.407218346456693
 21
-3.7206694881889764
 31
0
  0
LINE
  5
11BB
330
1F
100
AcDbEntity
  8
B.Cu
  6
CONTINUOUS
100
AcDbLine
 10
5.407218346456693
 20
-3.7206694881889764
 30
0
 11
5.4043114173228348
 21
-3.7235764173228345
 31
0
  0
LINE
  5
11BC
330
1F
100
AcDbEntity
  8
B.Cu
  6
CONTINUOUS
100
AcDbLine
 10
5.4043114173228348
 20
-3.7235764173228345
 30
0
 11
5.4007511023622046
 21
-3.725631968503937
 31
0
  0
LINE
  5
11BD
330
1F
100
AcDbEntity
  8
B.Cu
  6
CONTINUOUS
100
AcDbLine
 10
5.4007511023622046
 20
-3.725631968503937
 30
0
 11
5.3967801181102359
 21
-3.7266959842519682
 31
0
  0
LINE
  5
11BE
330
1F
100
AcDbEntity
  8
B.Cu
  6
CONTINUOUS
100
AcDbLine
 10
5.3967801181102359
 20
-3.7266959842519682
 30
0
 11
5.3947246062992127
 21
-3.7268307086614172
 31
0
  0
LINE
  5
11BF
330
1F
100
AcDbEntity
  8
B.Cu
  6
CONTINUOUS
100
AcDbLine
 10
5.3947246062992127
 20
-3.7268307086614172
 30
0
 11
5.3711025590551182
 21
-3.7268307086614172
 31
0
  0
LINE
  5
11C0
330
1F
100
AcDbEntity
  8
B.Cu
  6
CONTINUOUS
100
AcDbLine
 10
5.3711025590551182
 20
-3.7268307086614172
 30
0
 11
5.3690470472440941
 21
-3.7266959842519682
 31
0
  0
LINE
  5
11C1
330
1F
100
AcDbEntity
  8
B.Cu
  6
CONTINUOUS
100
AcDbLine
 10
5.3690470472440941
 20
-3.7266959842519682
 30
0
 11
5.3650760629921255
 21
-3.725631968503937
 31
0
  0
LINE
  5
11C2
330
1F
100
AcDbEntity
  8
B.Cu
  6
CONTINUOUS
100
AcDbLine
 10
5.3650760629921255
 20
-3.725631968503937
 30
0
 11
5.3615157480314961
 21
-3.7235764173228345
 31
0
  0
LINE
  5
11C3
330
1F
100
AcDbEntity
  8
B.Cu
  6
CONTINUOUS
100
AcDbLine
 10
5.3615157480314961
 20
-3.7235764173228345
 30
0
 11
5.358608818897638
 21
-3.7206694881889764
 31
0
  0
LINE
  5
11C4
330
1F
100
AcDbEntity
  8
B.Cu
  6
CONTINUOUS
100
AcDbLine
 10
5.358608818897638
 20
-3.7206694881889764
 30
0
 11
5.3565532677165351
 21
-3.7171091732283466
 31
0
  0
LINE
  5
11C5
330
1F
100
AcDbEntity
  8
B.Cu
  6
CONTINUOUS
100
AcDbLine
 10
5.3565532677165351
 20
-3.7171091732283466
 30
0
 11
5.3554892519685042
 21
-3.7131381889763779
 31
0
  0
LINE
  5
11C6
330
1F
100
AcDbEntity
  8
B.Cu
  6
CONTINUOUS
100
AcDbLine
 10
5.3554892519685042
 20
-3.7131381889763779
 30
0
 11
5.3554892519685042
 21
-3.7090271653543305
 31
0
  0
LINE
  5
11C7
330
1F
100
AcDbEntity
  8
B.Cu
  6
CONTINUOUS
100
AcDbLine
 10
5.3554892519685042
 20
-3.7090271653543305
 30
0
 11
5.3565532677165351
 21
-3.7050561811023619
 31
0
  0
LINE
  5
11C8
330
1F
100
AcDbEntity
  8
B.Cu
  6
CONTINUOUS
100
AcDbLine
 10
5.3565532677165351
 20
-3.7050561811023619
 30
0
 11
5.358608818897638
 21
-3.7014958661417321
 31
0
  0
LINE
  5
11C9
330
1F
100
AcDbEntity
  8
B.Cu
  6
CONTINUOUS
100
AcDbLine
 10
5.358608818897638
 20
-3.7014958661417321
 30
0
 11
5.3615157480314961
 21
-3.6985889370078739
 31
0
  0
LINE
  5
11CA
330
1F
100
AcDbEntity
  8
B.Cu
  6
CONTINUOUS
100
AcDbLine
 10
5.3615157480314961
 20
-3.6985889370078739
 30
0
 11
5.3650760629921255
 21
-3.6965333858267715
 31
0
  0
LINE
  5
11CB
330
1F
100
AcDbEntity
  8
B.Cu
  6
CONTINUOUS
100
AcDbLine
 10
5.3650760629921255
 20
-3.6965333858267715
 30
0
 11
5.3690470472440941
 21
-3.6954693700787402
 31
0
  0
LINE
  5
11CC
330
1F
100
AcDbEntity
  8
B.Cu
  6
CONTINUOUS
100
AcDbLine
 10
5.3690470472440941
 20
-3.6954693700787402
 30
0
 11
5.3711025590551182
 21
-3.6953346456692913
 31
0
  0
LINE
  5
11CD
330
1F
100
AcDbEntity
  8
B.Cu
  6
CONTINUOUS
100
AcDbLine
 10
5.3711025590551182
 20
-3.6953346456692913
 30
0
 11
5.3947246062992127
 21
-3.6953346456692913
 31
0
  0
LINE
  5
11CE
330
1F
100
AcDbEntity
  8
B.Cu
  6
CONTINUOUS
100
AcDbLine
 10
5.3947246062992127
 20
-3.6953346456692913
 30
0
 11
5.3967801181102359
 21
-3.6954693700787402
 31
0
  0
LINE
  5
11CF
330
1F
100
AcDbEntity
  8
B.Cu
  6
CONTINUOUS
100
AcDbLine
 10
5.7736136614173228
 20
-3.6957336614173228
 30
0
 11
5.7762135433070867
 21
-3.69723468503937
 31
0
  0
LINE
  5
11D0
330
1F
100
AcDbEntity
  8
B.Cu
  6
CONTINUOUS
100
AcDbLine
 10
5.7762135433070867
 20
-3.69723468503937
 30
0
 11
5.7783363779527557
 21
-3.6993575196850395
 31
0
  0
LINE
  5
11D1
330
1F
100
AcDbEntity
  8
B.Cu
  6
CONTINUOUS
100
AcDbLine
 10
5.7783363779527557
 20
-3.6993575196850395
 30
0
 11
5.7798374015748033
 21
-3.7019574015748029
 31
0
  0
LINE
  5
11D2
330
1F
100
AcDbEntity
  8
B.Cu
  6
CONTINUOUS
100
AcDbLine
 10
5.7798374015748033
 20
-3.7019574015748029
 30
0
 11
5.7806144094488188
 21
-3.7048572047244095
 31
0
  0
LINE
  5
11D3
330
1F
100
AcDbEntity
  8
B.Cu
  6
CONTINUOUS
100
AcDbLine
 10
5.7806144094488188
 20
-3.7048572047244095
 30
0
 11
5.7806144094488188
 21
-3.7078593307086614
 31
0
  0
LINE
  5
11D4
330
1F
100
AcDbEntity
  8
B.Cu
  6
CONTINUOUS
100
AcDbLine
 10
5.7806144094488188
 20
-3.7078593307086614
 30
0
 11
5.7798374015748033
 21
-3.7107591338582675
 31
0
  0
LINE
  5
11D5
330
1F
100
AcDbEntity
  8
B.Cu
  6
CONTINUOUS
100
AcDbLine
 10
5.7798374015748033
 20
-3.7107591338582675
 30
0
 11
5.7783363779527557
 21
-3.7133590157480314
 31
0
  0
LINE
  5
11D6
330
1F
100
AcDbEntity
  8
B.Cu
  6
CONTINUOUS
100
AcDbLine
 10
5.7783363779527557
 20
-3.7133590157480314
 30
0
 11
5.7762135433070867
 21
-3.7154818503937008
 31
0
  0
LINE
  5
11D7
330
1F
100
AcDbEntity
  8
B.Cu
  6
CONTINUOUS
100
AcDbLine
 10
5.7762135433070867
 20
-3.7154818503937008
 30
0
 11
5.7736136614173228
 21
-3.716982874015748
 31
0
  0
LINE
  5
11D8
330
1F
100
AcDbEntity
  8
B.Cu
  6
CONTINUOUS
100
AcDbLine
 10
5.7736136614173228
 20
-3.716982874015748
 30
0
 11
5.7707138582677162
 21
-3.7177598818897635
 31
0
  0
LINE
  5
11D9
330
1F
100
AcDbEntity
  8
B.Cu
  6
CONTINUOUS
100
AcDbLine
 10
5.7707138582677162
 20
-3.7177598818897635
 30
0
 11
5.7677117322834643
 21
-3.7177598818897635
 31
0
  0
LINE
  5
11DA
330
1F
100
AcDbEntity
  8
B.Cu
  6
CONTINUOUS
100
AcDbLine
 10
5.7677117322834643
 20
-3.7177598818897635
 30
0
 11
5.7648119291338578
 21
-3.716982874015748
 31
0
  0
LINE
  5
11DB
330
1F
100
AcDbEntity
  8
B.Cu
  6
CONTINUOUS
100
AcDbLine
 10
5.7648119291338578
 20
-3.716982874015748
 30
0
 11
5.7622120472440947
 21
-3.7154818503937008
 31
0
  0
LINE
  5
11DC
330
1F
100
AcDbEntity
  8
B.Cu
  6
CONTINUOUS
100
AcDbLine
 10
5.7622120472440947
 20
-3.7154818503937008
 30
0
 11
5.7600892125984249
 21
-3.7133590157480314
 31
0
  0
LINE
  5
11DD
330
1F
100
AcDbEntity
  8
B.Cu
  6
CONTINUOUS
100
AcDbLine
 10
5.7600892125984249
 20
-3.7133590157480314
 30
0
 11
5.7585881889763781
 21
-3.7107591338582675
 31
0
  0
LINE
  5
11DE
330
1F
100
AcDbEntity
  8
B.Cu
  6
CONTINUOUS
100
AcDbLine
 10
5.7585881889763781
 20
-3.7107591338582675
 30
0
 11
5.7578111811023618
 21
-3.7078593307086614
 31
0
  0
LINE
  5
11DF
330
1F
100
AcDbEntity
  8
B.Cu
  6
CONTINUOUS
100
AcDbLine
 10
5.7578111811023618
 20
-3.7078593307086614
 30
0
 11
5.7578111811023618
 21
-3.7048572047244095
 31
0
  0
LINE
  5
11E0
330
1F
100
AcDbEntity
  8
B.Cu
  6
CONTINUOUS
100
AcDbLine
 10
5.7578111811023618
 20
-3.7048572047244095
 30
0
 11
5.7585881889763781
 21
-3.7019574015748029
 31
0
  0
LINE
  5
11E1
330
1F
100
AcDbEntity
  8
B.Cu
  6
CONTINUOUS
100
AcDbLine
 10
5.7585881889763781
 20
-3.7019574015748029
 30
0
 11
5.7600892125984249
 21
-3.6993575196850395
 31
0
  0
LINE
  5
11E2
330
1F
100
AcDbEntity
  8
B.Cu
  6
CONTINUOUS
100
AcDbLine
 10
5.7600892125984249
 20
-3.6993575196850395
 30
0
 11
5.7622120472440947
 21
-3.69723468503937
 31
0
  0
LINE
  5
11E3
330
1F
100
AcDbEntity
  8
B.Cu
  6
CONTINUOUS
100
AcDbLine
 10
5.7622120472440947
 20
-3.69723468503937
 30
0
 11
5.7648119291338578
 21
-3.6957336614173228
 31
0
  0
LINE
  5
11E4
330
1F
100
AcDbEntity
  8
B.Cu
  6
CONTINUOUS
100
AcDbLine
 10
5.7648119291338578
 20
-3.6957336614173228
 30
0
 11
5.7677117322834643
 21
-3.6949566535433069
 31
0
  0
LINE
  5
11E5
330
1F
100
AcDbEntity
  8
B.Cu
  6
CONTINUOUS
100
AcDbLine
 10
5.7677117322834643
 20
-3.6949566535433069
 30
0
 11
5.7707138582677162
 21
-3.6949566535433069
 31
0
  0
LINE
  5
11E6
330
1F
100
AcDbEntity
  8
B.Cu
  6
CONTINUOUS
100
AcDbLine
 10
5.7707138582677162
 20
-3.6949566535433069
 30
0
 11
5.7736136614173228
 21
-3.6957336614173228
 31
0
  0
LINE
  5
11E7
330
1F
100
AcDbEntity
  8
B.Cu
  6
CONTINUOUS
100
AcDbLine
 10
5.4704640551181098
 20
-3.6950643307086612
 30
0
 11
5.4730639370078737
 21
-3.6965653543307084
 31
0
  0
LINE
  5
11E8
330
1F
100
AcDbEntity
  8
B.Cu
  6
CONTINUOUS
100
AcDbLine
 10
5.4730639370078737
 20
-3.6965653543307084
 30
0
 11
5.4751867716535436
 21
-3.6986881889763779
 31
0
  0
LINE
  5
11E9
330
1F
100
AcDbEntity
  8
B.Cu
  6
CONTINUOUS
100
AcDbLine
 10
5.4751867716535436
 20
-3.6986881889763779
 30
0
 11
5.4766877952755904
 21
-3.7012880708661418
 31
0
  0
LINE
  5
11EA
330
1F
100
AcDbEntity
  8
B.Cu
  6
CONTINUOUS
100
AcDbLine
 10
5.4766877952755904
 20
-3.7012880708661418
 30
0
 11
5.4774648031496058
 21
-3.7041878740157479
 31
0
  0
LINE
  5
11EB
330
1F
100
AcDbEntity
  8
B.Cu
  6
CONTINUOUS
100
AcDbLine
 10
5.4774648031496058
 20
-3.7041878740157479
 30
0
 11
5.4774648031496058
 21
-3.7071899999999998
 31
0
  0
LINE
  5
11EC
330
1F
100
AcDbEntity
  8
B.Cu
  6
CONTINUOUS
100
AcDbLine
 10
5.4774648031496058
 20
-3.7071899999999998
 30
0
 11
5.4766877952755904
 21
-3.7100898031496063
 31
0
  0
LINE
  5
11ED
330
1F
100
AcDbEntity
  8
B.Cu
  6
CONTINUOUS
100
AcDbLine
 10
5.4766877952755904
 20
-3.7100898031496063
 30
0
 11
5.4751867716535436
 21
-3.7126896850393698
 31
0
  0
LINE
  5
11EE
330
1F
100
AcDbEntity
  8
B.Cu
  6
CONTINUOUS
100
AcDbLine
 10
5.4751867716535436
 20
-3.7126896850393698
 30
0
 11
5.4730639370078737
 21
-3.7148125196850392
 31
0
  0
LINE
  5
11EF
330
1F
100
AcDbEntity
  8
B.Cu
  6
CONTINUOUS
100
AcDbLine
 10
5.4730639370078737
 20
-3.7148125196850392
 30
0
 11
5.4704640551181098
 21
-3.7163135433070864
 31
0
  0
LINE
  5
11F0
330
1F
100
AcDbEntity
  8
B.Cu
  6
CONTINUOUS
100
AcDbLine
 10
5.4704640551181098
 20
-3.7163135433070864
 30
0
 11
5.4675642519685042
 21
-3.7170905511811023
 31
0
  0
LINE
  5
11F1
330
1F
100
AcDbEntity
  8
B.Cu
  6
CONTINUOUS
100
AcDbLine
 10
5.4675642519685042
 20
-3.7170905511811023
 30
0
 11
5.4645621259842523
 21
-3.7170905511811023
 31
0
  0
LINE
  5
11F2
330
1F
100
AcDbEntity
  8
B.Cu
  6
CONTINUOUS
100
AcDbLine
 10
5.4645621259842523
 20
-3.7170905511811023
 30
0
 11
5.4616623228346457
 21
-3.7163135433070864
 31
0
  0
LINE
  5
11F3
330
1F
100
AcDbEntity
  8
B.Cu
  6
CONTINUOUS
100
AcDbLine
 10
5.4616623228346457
 20
-3.7163135433070864
 30
0
 11
5.4590624409448818
 21
-3.7148125196850392
 31
0
  0
LINE
  5
11F4
330
1F
100
AcDbEntity
  8
B.Cu
  6
CONTINUOUS
100
AcDbLine
 10
5.4590624409448818
 20
-3.7148125196850392
 30
0
 11
5.4569396062992128
 21
-3.7126896850393698
 31
0
  0
LINE
  5
11F5
330
1F
100
AcDbEntity
  8
B.Cu
  6
CONTINUOUS
100
AcDbLine
 10
5.4569396062992128
 20
-3.7126896850393698
 30
0
 11
5.4554385826771652
 21
-3.7100898031496063
 31
0
  0
LINE
  5
11F6
330
1F
100
AcDbEntity
  8
B.Cu
  6
CONTINUOUS
100
AcDbLine
 10
5.4554385826771652
 20
-3.7100898031496063
 30
0
 11
5.4546615748031497
 21
-3.7071899999999998
 31
0
  0
LINE
  5
11F7
330
1F
100
AcDbEntity
  8
B.Cu
  6
CONTINUOUS
100
AcDbLine
 10
5.4546615748031497
 20
-3.7071899999999998
 30
0
 11
5.4546615748031497
 21
-3.7041878740157479
 31
0
  0
LINE
  5
11F8
330
1F
100
AcDbEntity
  8
B.Cu
  6
CONTINUOUS
100
AcDbLine
 10
5.4546615748031497
 20
-3.7041878740157479
 30
0
 11
5.4554385826771652
 21
-3.7012880708661418
 31
0
  0
LINE
  5
11F9
330
1F
100
AcDbEntity
  8
B.Cu
  6
CONTINUOUS
100
AcDbLine
 10
5.4554385826771652
 20
-3.7012880708661418
 30
0
 11
5.4569396062992128
 21
-3.6986881889763779
 31
0
  0
LINE
  5
11FA
330
1F
100
AcDbEntity
  8
B.Cu
  6
CONTINUOUS
100
AcDbLine
 10
5.4569396062992128
 20
-3.6986881889763779
 30
0
 11
5.4590624409448818
 21
-3.6965653543307084
 31
0
  0
LINE
  5
11FB
330
1F
100
AcDbEntity
  8
B.Cu
  6
CONTINUOUS
100
AcDbLine
 10
5.4590624409448818
 20
-3.6965653543307084
 30
0
 11
5.4616623228346457
 21
-3.6950643307086612
 31
0
  0
LINE
  5
11FC
330
1F
100
AcDbEntity
  8
B.Cu
  6
CONTINUOUS
100
AcDbLine
 10
5.4616623228346457
 20
-3.6950643307086612
 30
0
 11
5.4645621259842523
 21
-3.6942873228346458
 31
0
  0
LINE
  5
11FD
330
1F
100
AcDbEntity
  8
B.Cu
  6
CONTINUOUS
100
AcDbLine
 10
5.4645621259842523
 20
-3.6942873228346458
 30
0
 11
5.4675642519685042
 21
-3.6942873228346458
 31
0
  0
LINE
  5
11FE
330
1F
100
AcDbEntity
  8
B.Cu
  6
CONTINUOUS
100
AcDbLine
 10
5.4675642519685042
 20
-3.6942873228346458
 30
0
 11
5.4704640551181098
 21
-3.6950643307086612
 31
0
  0
LINE
  5
11FF
330
1F
100
AcDbEntity
  8
B.Cu
  6
CONTINUOUS
100
AcDbLine
 10
5.2235517716535433
 20
-3.6812961811023621
 30
0
 11
5.227522755905512
 21
-3.6823601968503934
 31
0
  0
LINE
  5
1200
330
1F
100
AcDbEntity
  8
B.Cu
  6
CONTINUOUS
100
AcDbLine
 10
5.227522755905512
 20
-3.6823601968503934
 30
0
 11
5.2310830708661413
 21
-3.6844157480314959
 31
0
  0
LINE
  5
1201
330
1F
100
AcDbEntity
  8
B.Cu
  6
CONTINUOUS
100
AcDbLine
 10
5.2310830708661413
 20
-3.6844157480314959
 30
0
 11
5.2339899999999995
 21
-3.6873226771653544
 31
0
  0
LINE
  5
1202
330
1F
100
AcDbEntity
  8
B.Cu
  6
CONTINUOUS
100
AcDbLine
 10
5.2339899999999995
 20
-3.6873226771653544
 30
0
 11
5.2360455511811024
 21
-3.6908829921259843
 31
0
  0
LINE
  5
1203
330
1F
100
AcDbEntity
  8
B.Cu
  6
CONTINUOUS
100
AcDbLine
 10
5.2360455511811024
 20
-3.6908829921259843
 30
0
 11
5.2371095669291341
 21
-3.6948539763779529
 31
0
  0
LINE
  5
1204
330
1F
100
AcDbEntity
  8
B.Cu
  6
CONTINUOUS
100
AcDbLine
 10
5.2371095669291341
 20
-3.6948539763779529
 30
0
 11
5.2371095669291341
 21
-3.6989649999999998
 31
0
  0
LINE
  5
1205
330
1F
100
AcDbEntity
  8
B.Cu
  6
CONTINUOUS
100
AcDbLine
 10
5.2371095669291341
 20
-3.6989649999999998
 30
0
 11
5.2360455511811024
 21
-3.7029359842519685
 31
0
  0
LINE
  5
1206
330
1F
100
AcDbEntity
  8
B.Cu
  6
CONTINUOUS
100
AcDbLine
 10
5.2360455511811024
 20
-3.7029359842519685
 30
0
 11
5.2339899999999995
 21
-3.7064962992125983
 31
0
  0
LINE
  5
1207
330
1F
100
AcDbEntity
  8
B.Cu
  6
CONTINUOUS
100
AcDbLine
 10
5.2339899999999995
 20
-3.7064962992125983
 30
0
 11
5.2310830708661413
 21
-3.7094032283464564
 31
0
  0
LINE
  5
1208
330
1F
100
AcDbEntity
  8
B.Cu
  6
CONTINUOUS
100
AcDbLine
 10
5.2310830708661413
 20
-3.7094032283464564
 30
0
 11
5.227522755905512
 21
-3.7114587795275589
 31
0
  0
LINE
  5
1209
330
1F
100
AcDbEntity
  8
B.Cu
  6
CONTINUOUS
100
AcDbLine
 10
5.227522755905512
 20
-3.7114587795275589
 30
0
 11
5.2235517716535433
 21
-3.7125227952755906
 31
0
  0
LINE
  5
120A
330
1F
100
AcDbEntity
  8
B.Cu
  6
CONTINUOUS
100
AcDbLine
 10
5.2235517716535433
 20
-3.7125227952755906
 30
0
 11
5.2214962598425192
 21
-3.7126575196850391
 31
0
  0
LINE
  5
120B
330
1F
100
AcDbEntity
  8
B.Cu
  6
CONTINUOUS
100
AcDbLine
 10
5.2214962598425192
 20
-3.7126575196850391
 30
0
 11
5.1978742125984247
 21
-3.7126575196850391
 31
0
  0
LINE
  5
120C
330
1F
100
AcDbEntity
  8
B.Cu
  6
CONTINUOUS
100
AcDbLine
 10
5.1978742125984247
 20
-3.7126575196850391
 30
0
 11
5.1958187007874015
 21
-3.7125227952755906
 31
0
  0
LINE
  5
120D
330
1F
100
AcDbEntity
  8
B.Cu
  6
CONTINUOUS
100
AcDbLine
 10
5.1958187007874015
 20
-3.7125227952755906
 30
0
 11
5.1918477165354329
 21
-3.7114587795275589
 31
0
  0
LINE
  5
120E
330
1F
100
AcDbEntity
  8
B.Cu
  6
CONTINUOUS
100
AcDbLine
 10
5.1918477165354329
 20
-3.7114587795275589
 30
0
 11
5.1882874015748026
 21
-3.7094032283464564
 31
0
  0
LINE
  5
120F
330
1F
100
AcDbEntity
  8
B.Cu
  6
CONTINUOUS
100
AcDbLine
 10
5.1882874015748026
 20
-3.7094032283464564
 30
0
 11
5.1853804724409445
 21
-3.7064962992125983
 31
0
  0
LINE
  5
1210
330
1F
100
AcDbEntity
  8
B.Cu
  6
CONTINUOUS
100
AcDbLine
 10
5.1853804724409445
 20
-3.7064962992125983
 30
0
 11
5.1833249212598425
 21
-3.7029359842519685
 31
0
  0
LINE
  5
1211
330
1F
100
AcDbEntity
  8
B.Cu
  6
CONTINUOUS
100
AcDbLine
 10
5.1833249212598425
 20
-3.7029359842519685
 30
0
 11
5.1822609055118107
 21
-3.6989649999999998
 31
0
  0
LINE
  5
1212
330
1F
100
AcDbEntity
  8
B.Cu
  6
CONTINUOUS
100
AcDbLine
 10
5.1822609055118107
 20
-3.6989649999999998
 30
0
 11
5.1822609055118107
 21
-3.6948539763779529
 31
0
  0
LINE
  5
1213
330
1F
100
AcDbEntity
  8
B.Cu
  6
CONTINUOUS
100
AcDbLine
 10
5.1822609055118107
 20
-3.6948539763779529
 30
0
 11
5.1833249212598425
 21
-3.6908829921259843
 31
0
  0
LINE
  5
1214
330
1F
100
AcDbEntity
  8
B.Cu
  6
CONTINUOUS
100
AcDbLine
 10
5.1833249212598425
 20
-3.6908829921259843
 30
0
 11
5.1853804724409445
 21
-3.6873226771653544
 31
0
  0
LINE
  5
1215
330
1F
100
AcDbEntity
  8
B.Cu
  6
CONTINUOUS
100
AcDbLine
 10
5.1853804724409445
 20
-3.6873226771653544
 30
0
 11
5.1882874015748026
 21
-3.6844157480314959
 31
0
  0
LINE
  5
1216
330
1F
100
AcDbEntity
  8
B.Cu
  6
CONTINUOUS
100
AcDbLine
 10
5.1882874015748026
 20
-3.6844157480314959
 30
0
 11
5.1918477165354329
 21
-3.6823601968503934
 31
0
  0
LINE
  5
1217
330
1F
100
AcDbEntity
  8
B.Cu
  6
CONTINUOUS
100
AcDbLine
 10
5.1918477165354329
 20
-3.6823601968503934
 30
0
 11
5.1958187007874015
 21
-3.6812961811023621
 31
0
  0
LINE
  5
1218
330
1F
100
AcDbEntity
  8
B.Cu
  6
CONTINUOUS
100
AcDbLine
 10
5.1958187007874015
 20
-3.6812961811023621
 30
0
 11
5.1978742125984247
 21
-3.6811614566929132
 31
0
  0
LINE
  5
1219
330
1F
100
AcDbEntity
  8
B.Cu
  6
CONTINUOUS
100
AcDbLine
 10
5.1978742125984247
 20
-3.6811614566929132
 30
0
 11
5.2214962598425192
 21
-3.6811614566929132
 31
0
  0
LINE
  5
121A
330
1F
100
AcDbEntity
  8
B.Cu
  6
CONTINUOUS
100
AcDbLine
 10
5.2214962598425192
 20
-3.6811614566929132
 30
0
 11
5.2235517716535433
 21
-3.6812961811023621
 31
0
  0
LINE
  5
121B
330
1F
100
AcDbEntity
  8
B.Cu
  6
CONTINUOUS
100
AcDbLine
 10
6.0098341338582673
 20
-3.6858911417322835
 30
0
 11
6.0124340157480312
 21
-3.6873921653543307
 31
0
  0
LINE
  5
121C
330
1F
100
AcDbEntity
  8
B.Cu
  6
CONTINUOUS
100
AcDbLine
 10
6.0124340157480312
 20
-3.6873921653543307
 30
0
 11
6.014556850393701
 21
-3.6895150000000001
 31
0
  0
LINE
  5
121D
330
1F
100
AcDbEntity
  8
B.Cu
  6
CONTINUOUS
100
AcDbLine
 10
6.014556850393701
 20
-3.6895150000000001
 30
0
 11
6.0160578740157478
 21
-3.6921148818897636
 31
0
  0
LINE
  5
121E
330
1F
100
AcDbEntity
  8
B.Cu
  6
CONTINUOUS
100
AcDbLine
 10
6.0160578740157478
 20
-3.6921148818897636
 30
0
 11
6.0168348818897632
 21
-3.6950146850393701
 31
0
  0
LINE
  5
121F
330
1F
100
AcDbEntity
  8
B.Cu
  6
CONTINUOUS
100
AcDbLine
 10
6.0168348818897632
 20
-3.6950146850393701
 30
0
 11
6.0168348818897632
 21
-3.698016811023622
 31
0
  0
LINE
  5
1220
330
1F
100
AcDbEntity
  8
B.Cu
  6
CONTINUOUS
100
AcDbLine
 10
6.0168348818897632
 20
-3.698016811023622
 30
0
 11
6.0160578740157478
 21
-3.7009166141732281
 31
0
  0
LINE
  5
1221
330
1F
100
AcDbEntity
  8
B.Cu
  6
CONTINUOUS
100
AcDbLine
 10
6.0160578740157478
 20
-3.7009166141732281
 30
0
 11
6.014556850393701
 21
-3.703516496062992
 31
0
  0
LINE
  5
1222
330
1F
100
AcDbEntity
  8
B.Cu
  6
CONTINUOUS
100
AcDbLine
 10
6.014556850393701
 20
-3.703516496062992
 30
0
 11
6.0124340157480312
 21
-3.7056393307086615
 31
0
  0
LINE
  5
1223
330
1F
100
AcDbEntity
  8
B.Cu
  6
CONTINUOUS
100
AcDbLine
 10
6.0124340157480312
 20
-3.7056393307086615
 30
0
 11
6.0098341338582673
 21
-3.7071403543307087
 31
0
  0
LINE
  5
1224
330
1F
100
AcDbEntity
  8
B.Cu
  6
CONTINUOUS
100
AcDbLine
 10
6.0098341338582673
 20
-3.7071403543307087
 30
0
 11
6.0069343307086616
 21
-3.7079173622047241
 31
0
  0
LINE
  5
1225
330
1F
100
AcDbEntity
  8
B.Cu
  6
CONTINUOUS
100
AcDbLine
 10
6.0069343307086616
 20
-3.7079173622047241
 30
0
 11
6.0039322047244097
 21
-3.7079173622047241
 31
0
  0
LINE
  5
1226
330
1F
100
AcDbEntity
  8
B.Cu
  6
CONTINUOUS
100
AcDbLine
 10
6.0039322047244097
 20
-3.7079173622047241
 30
0
 11
6.0010324015748031
 21
-3.7071403543307087
 31
0
  0
LINE
  5
1227
330
1F
100
AcDbEntity
  8
B.Cu
  6
CONTINUOUS
100
AcDbLine
 10
6.0010324015748031
 20
-3.7071403543307087
 30
0
 11
5.9984325196850392
 21
-3.7056393307086615
 31
0
  0
LINE
  5
1228
330
1F
100
AcDbEntity
  8
B.Cu
  6
CONTINUOUS
100
AcDbLine
 10
5.9984325196850392
 20
-3.7056393307086615
 30
0
 11
5.9963096850393702
 21
-3.703516496062992
 31
0
  0
LINE
  5
1229
330
1F
100
AcDbEntity
  8
B.Cu
  6
CONTINUOUS
100
AcDbLine
 10
5.9963096850393702
 20
-3.703516496062992
 30
0
 11
5.9948086614173226
 21
-3.7009166141732281
 31
0
  0
LINE
  5
122A
330
1F
100
AcDbEntity
  8
B.Cu
  6
CONTINUOUS
100
AcDbLine
 10
5.9948086614173226
 20
-3.7009166141732281
 30
0
 11
5.9940316535433071
 21
-3.698016811023622
 31
0
  0
LINE
  5
122B
330
1F
100
AcDbEntity
  8
B.Cu
  6
CONTINUOUS
100
AcDbLine
 10
5.9940316535433071
 20
-3.698016811023622
 30
0
 11
5.9940316535433071
 21
-3.6950146850393701
 31
0
  0
LINE
  5
122C
330
1F
100
AcDbEntity
  8
B.Cu
  6
CONTINUOUS
100
AcDbLine
 10
5.9940316535433071
 20
-3.6950146850393701
 30
0
 11
5.9948086614173226
 21
-3.6921148818897636
 31
0
  0
LINE
  5
122D
330
1F
100
AcDbEntity
  8
B.Cu
  6
CONTINUOUS
100
AcDbLine
 10
5.9948086614173226
 20
-3.6921148818897636
 30
0
 11
5.9963096850393702
 21
-3.6895150000000001
 31
0
  0
LINE
  5
122E
330
1F
100
AcDbEntity
  8
B.Cu
  6
CONTINUOUS
100
AcDbLine
 10
5.9963096850393702
 20
-3.6895150000000001
 30
0
 11
5.9984325196850392
 21
-3.6873921653543307
 31
0
  0
LINE
  5
122F
330
1F
100
AcDbEntity
  8
B.Cu
  6
CONTINUOUS
100
AcDbLine
 10
5.9984325196850392
 20
-3.6873921653543307
 30
0
 11
6.0010324015748031
 21
-3.6858911417322835
 31
0
  0
LINE
  5
1230
330
1F
100
AcDbEntity
  8
B.Cu
  6
CONTINUOUS
100
AcDbLine
 10
6.0010324015748031
 20
-3.6858911417322835
 30
0
 11
6.0039322047244097
 21
-3.6851141338582676
 31
0
  0
LINE
  5
1231
330
1F
100
AcDbEntity
  8
B.Cu
  6
CONTINUOUS
100
AcDbLine
 10
6.0039322047244097
 20
-3.6851141338582676
 30
0
 11
6.0069343307086616
 21
-3.6851141338582676
 31
0
  0
LINE
  5
1232
330
1F
100
AcDbEntity
  8
B.Cu
  6
CONTINUOUS
100
AcDbLine
 10
6.0069343307086616
 20
-3.6851141338582676
 30
0
 11
6.0098341338582673
 21
-3.6858911417322835
 31
0
  0
LINE
  5
1233
330
1F
100
AcDbEntity
  8
B.Cu
  6
CONTINUOUS
100
AcDbLine
 10
5.9803065748031496
 20
-3.6662061023622048
 30
0
 11
5.9829064566929135
 21
-3.667707125984252
 31
0
  0
LINE
  5
1234
330
1F
100
AcDbEntity
  8
B.Cu
  6
CONTINUOUS
100
AcDbLine
 10
5.9829064566929135
 20
-3.667707125984252
 30
0
 11
5.9850292913385825
 21
-3.6698299606299214
 31
0
  0
LINE
  5
1235
330
1F
100
AcDbEntity
  8
B.Cu
  6
CONTINUOUS
100
AcDbLine
 10
5.9850292913385825
 20
-3.6698299606299214
 30
0
 11
5.9865303149606302
 21
-3.6724298425196849
 31
0
  0
LINE
  5
1236
330
1F
100
AcDbEntity
  8
B.Cu
  6
CONTINUOUS
100
AcDbLine
 10
5.9865303149606302
 20
-3.6724298425196849
 30
0
 11
5.9873073228346456
 21
-3.6753296456692914
 31
0
  0
LINE
  5
1237
330
1F
100
AcDbEntity
  8
B.Cu
  6
CONTINUOUS
100
AcDbLine
 10
5.9873073228346456
 20
-3.6753296456692914
 30
0
 11
5.9873073228346456
 21
-3.6783317716535433
 31
0
  0
LINE
  5
1238
330
1F
100
AcDbEntity
  8
B.Cu
  6
CONTINUOUS
100
AcDbLine
 10
5.9873073228346456
 20
-3.6783317716535433
 30
0
 11
5.9865303149606302
 21
-3.6812315748031494
 31
0
  0
LINE
  5
1239
330
1F
100
AcDbEntity
  8
B.Cu
  6
CONTINUOUS
100
AcDbLine
 10
5.9865303149606302
 20
-3.6812315748031494
 30
0
 11
5.9850292913385825
 21
-3.6838314566929133
 31
0
  0
LINE
  5
123A
330
1F
100
AcDbEntity
  8
B.Cu
  6
CONTINUOUS
100
AcDbLine
 10
5.9850292913385825
 20
-3.6838314566929133
 30
0
 11
5.9829064566929135
 21
-3.6859542913385828
 31
0
  0
LINE
  5
123B
330
1F
100
AcDbEntity
  8
B.Cu
  6
CONTINUOUS
100
AcDbLine
 10
5.9829064566929135
 20
-3.6859542913385828
 30
0
 11
5.9803065748031496
 21
-3.6874553149606299
 31
0
  0
LINE
  5
123C
330
1F
100
AcDbEntity
  8
B.Cu
  6
CONTINUOUS
100
AcDbLine
 10
5.9803065748031496
 20
-3.6874553149606299
 30
0
 11
5.9774067716535431
 21
-3.6882323228346454
 31
0
  0
LINE
  5
123D
330
1F
100
AcDbEntity
  8
B.Cu
  6
CONTINUOUS
100
AcDbLine
 10
5.9774067716535431
 20
-3.6882323228346454
 30
0
 11
5.9744046456692912
 21
-3.6882323228346454
 31
0
  0
LINE
  5
123E
330
1F
100
AcDbEntity
  8
B.Cu
  6
CONTINUOUS
100
AcDbLine
 10
5.9744046456692912
 20
-3.6882323228346454
 30
0
 11
5.9715048425196846
 21
-3.6874553149606299
 31
0
  0
LINE
  5
123F
330
1F
100
AcDbEntity
  8
B.Cu
  6
CONTINUOUS
100
AcDbLine
 10
5.9715048425196846
 20
-3.6874553149606299
 30
0
 11
5.9689049606299207
 21
-3.6859542913385828
 31
0
  0
LINE
  5
1240
330
1F
100
AcDbEntity
  8
B.Cu
  6
CONTINUOUS
100
AcDbLine
 10
5.9689049606299207
 20
-3.6859542913385828
 30
0
 11
5.9667821259842517
 21
-3.6838314566929133
 31
0
  0
LINE
  5
1241
330
1F
100
AcDbEntity
  8
B.Cu
  6
CONTINUOUS
100
AcDbLine
 10
5.9667821259842517
 20
-3.6838314566929133
 30
0
 11
5.965281102362205
 21
-3.6812315748031494
 31
0
  0
LINE
  5
1242
330
1F
100
AcDbEntity
  8
B.Cu
  6
CONTINUOUS
100
AcDbLine
 10
5.965281102362205
 20
-3.6812315748031494
 30
0
 11
5.9645040944881886
 21
-3.6783317716535433
 31
0
  0
LINE
  5
1243
330
1F
100
AcDbEntity
  8
B.Cu
  6
CONTINUOUS
100
AcDbLine
 10
5.9645040944881886
 20
-3.6783317716535433
 30
0
 11
5.9645040944881886
 21
-3.6753296456692914
 31
0
  0
LINE
  5
1244
330
1F
100
AcDbEntity
  8
B.Cu
  6
CONTINUOUS
100
AcDbLine
 10
5.9645040944881886
 20
-3.6753296456692914
 30
0
 11
5.965281102362205
 21
-3.6724298425196849
 31
0
  0
LINE
  5
1245
330
1F
100
AcDbEntity
  8
B.Cu
  6
CONTINUOUS
100
AcDbLine
 10
5.965281102362205
 20
-3.6724298425196849
 30
0
 11
5.9667821259842517
 21
-3.6698299606299214
 31
0
  0
LINE
  5
1246
330
1F
100
AcDbEntity
  8
B.Cu
  6
CONTINUOUS
100
AcDbLine
 10
5.9667821259842517
 20
-3.6698299606299214
 30
0
 11
5.9689049606299207
 21
-3.667707125984252
 31
0
  0
LINE
  5
1247
330
1F
100
AcDbEntity
  8
B.Cu
  6
CONTINUOUS
100
AcDbLine
 10
5.9689049606299207
 20
-3.667707125984252
 30
0
 11
5.9715048425196846
 21
-3.6662061023622048
 31
0
  0
LINE
  5
1248
330
1F
100
AcDbEntity
  8
B.Cu
  6
CONTINUOUS
100
AcDbLine
 10
5.9715048425196846
 20
-3.6662061023622048
 30
0
 11
5.9744046456692912
 21
-3.6654290944881889
 31
0
  0
LINE
  5
1249
330
1F
100
AcDbEntity
  8
B.Cu
  6
CONTINUOUS
100
AcDbLine
 10
5.9744046456692912
 20
-3.6654290944881889
 30
0
 11
5.9774067716535431
 21
-3.6654290944881889
 31
0
  0
LINE
  5
124A
330
1F
100
AcDbEntity
  8
B.Cu
  6
CONTINUOUS
100
AcDbLine
 10
5.9774067716535431
 20
-3.6654290944881889
 30
0
 11
5.9803065748031496
 21
-3.6662061023622048
 31
0
  0
LINE
  5
124B
330
1F
100
AcDbEntity
  8
B.Cu
  6
CONTINUOUS
100
AcDbLine
 10
6.3716845275590552
 20
-3.6621115748031494
 30
0
 11
6.3742844094488191
 21
-3.6636125984251966
 31
0
  0
LINE
  5
124C
330
1F
100
AcDbEntity
  8
B.Cu
  6
CONTINUOUS
100
AcDbLine
 10
6.3742844094488191
 20
-3.6636125984251966
 30
0
 11
6.3764072440944881
 21
-3.665735433070866
 31
0
  0
LINE
  5
124D
330
1F
100
AcDbEntity
  8
B.Cu
  6
CONTINUOUS
100
AcDbLine
 10
6.3764072440944881
 20
-3.665735433070866
 30
0
 11
6.3779082677165349
 21
-3.6683353149606299
 31
0
  0
LINE
  5
124E
330
1F
100
AcDbEntity
  8
B.Cu
  6
CONTINUOUS
100
AcDbLine
 10
6.3779082677165349
 20
-3.6683353149606299
 30
0
 11
6.3786852755905512
 21
-3.6712351181102361
 31
0
  0
LINE
  5
124F
330
1F
100
AcDbEntity
  8
B.Cu
  6
CONTINUOUS
100
AcDbLine
 10
6.3786852755905512
 20
-3.6712351181102361
 30
0
 11
6.3786852755905512
 21
-3.6742372440944879
 31
0
  0
LINE
  5
1250
330
1F
100
AcDbEntity
  8
B.Cu
  6
CONTINUOUS
100
AcDbLine
 10
6.3786852755905512
 20
-3.6742372440944879
 30
0
 11
6.3779082677165349
 21
-3.6771370472440945
 31
0
  0
LINE
  5
1251
330
1F
100
AcDbEntity
  8
B.Cu
  6
CONTINUOUS
100
AcDbLine
 10
6.3779082677165349
 20
-3.6771370472440945
 30
0
 11
6.3764072440944881
 21
-3.679736929133858
 31
0
  0
LINE
  5
1252
330
1F
100
AcDbEntity
  8
B.Cu
  6
CONTINUOUS
100
AcDbLine
 10
6.3764072440944881
 20
-3.679736929133858
 30
0
 11
6.3742844094488191
 21
-3.6818597637795274
 31
0
  0
LINE
  5
1253
330
1F
100
AcDbEntity
  8
B.Cu
  6
CONTINUOUS
100
AcDbLine
 10
6.3742844094488191
 20
-3.6818597637795274
 30
0
 11
6.3716845275590552
 21
-3.6833607874015746
 31
0
  0
LINE
  5
1254
330
1F
100
AcDbEntity
  8
B.Cu
  6
CONTINUOUS
100
AcDbLine
 10
6.3716845275590552
 20
-3.6833607874015746
 30
0
 11
6.3687847244094486
 21
-3.6841377952755905
 31
0
  0
LINE
  5
1255
330
1F
100
AcDbEntity
  8
B.Cu
  6
CONTINUOUS
100
AcDbLine
 10
6.3687847244094486
 20
-3.6841377952755905
 30
0
 11
6.3657825984251968
 21
-3.6841377952755905
 31
0
  0
LINE
  5
1256
330
1F
100
AcDbEntity
  8
B.Cu
  6
CONTINUOUS
100
AcDbLine
 10
6.3657825984251968
 20
-3.6841377952755905
 30
0
 11
6.3628827952755902
 21
-3.6833607874015746
 31
0
  0
LINE
  5
1257
330
1F
100
AcDbEntity
  8
B.Cu
  6
CONTINUOUS
100
AcDbLine
 10
6.3628827952755902
 20
-3.6833607874015746
 30
0
 11
6.3602829133858263
 21
-3.6818597637795274
 31
0
  0
LINE
  5
1258
330
1F
100
AcDbEntity
  8
B.Cu
  6
CONTINUOUS
100
AcDbLine
 10
6.3602829133858263
 20
-3.6818597637795274
 30
0
 11
6.3581600787401573
 21
-3.679736929133858
 31
0
  0
LINE
  5
1259
330
1F
100
AcDbEntity
  8
B.Cu
  6
CONTINUOUS
100
AcDbLine
 10
6.3581600787401573
 20
-3.679736929133858
 30
0
 11
6.3566590551181097
 21
-3.6771370472440945
 31
0
  0
LINE
  5
125A
330
1F
100
AcDbEntity
  8
B.Cu
  6
CONTINUOUS
100
AcDbLine
 10
6.3566590551181097
 20
-3.6771370472440945
 30
0
 11
6.3558820472440942
 21
-3.6742372440944879
 31
0
  0
LINE
  5
125B
330
1F
100
AcDbEntity
  8
B.Cu
  6
CONTINUOUS
100
AcDbLine
 10
6.3558820472440942
 20
-3.6742372440944879
 30
0
 11
6.3558820472440942
 21
-3.6712351181102361
 31
0
  0
LINE
  5
125C
330
1F
100
AcDbEntity
  8
B.Cu
  6
CONTINUOUS
100
AcDbLine
 10
6.3558820472440942
 20
-3.6712351181102361
 30
0
 11
6.3566590551181097
 21
-3.6683353149606299
 31
0
  0
LINE
  5
125D
330
1F
100
AcDbEntity
  8
B.Cu
  6
CONTINUOUS
100
AcDbLine
 10
6.3566590551181097
 20
-3.6683353149606299
 30
0
 11
6.3581600787401573
 21
-3.665735433070866
 31
0
  0
LINE
  5
125E
330
1F
100
AcDbEntity
  8
B.Cu
  6
CONTINUOUS
100
AcDbLine
 10
6.3581600787401573
 20
-3.665735433070866
 30
0
 11
6.3602829133858263
 21
-3.6636125984251966
 31
0
  0
LINE
  5
125F
330
1F
100
AcDbEntity
  8
B.Cu
  6
CONTINUOUS
100
AcDbLine
 10
6.3602829133858263
 20
-3.6636125984251966
 30
0
 11
6.3628827952755902
 21
-3.6621115748031494
 31
0
  0
LINE
  5
1260
330
1F
100
AcDbEntity
  8
B.Cu
  6
CONTINUOUS
100
AcDbLine
 10
6.3628827952755902
 20
-3.6621115748031494
 30
0
 11
6.3657825984251968
 21
-3.6613345669291339
 31
0
  0
LINE
  5
1261
330
1F
100
AcDbEntity
  8
B.Cu
  6
CONTINUOUS
100
AcDbLine
 10
6.3657825984251968
 20
-3.6613345669291339
 30
0
 11
6.3687847244094486
 21
-3.6613345669291339
 31
0
  0
LINE
  5
1262
330
1F
100
AcDbEntity
  8
B.Cu
  6
CONTINUOUS
100
AcDbLine
 10
6.3687847244094486
 20
-3.6613345669291339
 30
0
 11
6.3716845275590552
 21
-3.6621115748031494
 31
0
  0
LINE
  5
1263
330
1F
100
AcDbEntity
  8
B.Cu
  6
CONTINUOUS
100
AcDbLine
 10
6.1771569685039367
 20
-3.6465210629921261
 30
0
 11
6.1797568503937006
 21
-3.6480220866141733
 31
0
  0
LINE
  5
1264
330
1F
100
AcDbEntity
  8
B.Cu
  6
CONTINUOUS
100
AcDbLine
 10
6.1797568503937006
 20
-3.6480220866141733
 30
0
 11
6.1818796850393696
 21
-3.6501449212598422
 31
0
  0
LINE
  5
1265
330
1F
100
AcDbEntity
  8
B.Cu
  6
CONTINUOUS
100
AcDbLine
 10
6.1818796850393696
 20
-3.6501449212598422
 30
0
 11
6.1833807086614172
 21
-3.6527448031496061
 31
0
  0
LINE
  5
1266
330
1F
100
AcDbEntity
  8
B.Cu
  6
CONTINUOUS
100
AcDbLine
 10
6.1833807086614172
 20
-3.6527448031496061
 30
0
 11
6.1841577165354327
 21
-3.6556446062992127
 31
0
  0
LINE
  5
1267
330
1F
100
AcDbEntity
  8
B.Cu
  6
CONTINUOUS
100
AcDbLine
 10
6.1841577165354327
 20
-3.6556446062992127
 30
0
 11
6.1841577165354327
 21
-3.6586467322834646
 31
0
  0
LINE
  5
1268
330
1F
100
AcDbEntity
  8
B.Cu
  6
CONTINUOUS
100
AcDbLine
 10
6.1841577165354327
 20
-3.6586467322834646
 30
0
 11
6.1833807086614172
 21
-3.6615465354330707
 31
0
  0
LINE
  5
1269
330
1F
100
AcDbEntity
  8
B.Cu
  6
CONTINUOUS
100
AcDbLine
 10
6.1833807086614172
 20
-3.6615465354330707
 30
0
 11
6.1818796850393696
 21
-3.6641464173228346
 31
0
  0
LINE
  5
126A
330
1F
100
AcDbEntity
  8
B.Cu
  6
CONTINUOUS
100
AcDbLine
 10
6.1818796850393696
 20
-3.6641464173228346
 30
0
 11
6.1797568503937006
 21
-3.6662692519685041
 31
0
  0
LINE
  5
126B
330
1F
100
AcDbEntity
  8
B.Cu
  6
CONTINUOUS
100
AcDbLine
 10
6.1797568503937006
 20
-3.6662692519685041
 30
0
 11
6.1771569685039367
 21
-3.6677702755905512
 31
0
  0
LINE
  5
126C
330
1F
100
AcDbEntity
  8
B.Cu
  6
CONTINUOUS
100
AcDbLine
 10
6.1771569685039367
 20
-3.6677702755905512
 30
0
 11
6.174257165354331
 21
-3.6685472834645667
 31
0
  0
LINE
  5
126D
330
1F
100
AcDbEntity
  8
B.Cu
  6
CONTINUOUS
100
AcDbLine
 10
6.174257165354331
 20
-3.6685472834645667
 30
0
 11
6.1712550393700782
 21
-3.6685472834645667
 31
0
  0
LINE
  5
126E
330
1F
100
AcDbEntity
  8
B.Cu
  6
CONTINUOUS
100
AcDbLine
 10
6.1712550393700782
 20
-3.6685472834645667
 30
0
 11
6.1683552362204725
 21
-3.6677702755905512
 31
0
  0
LINE
  5
126F
330
1F
100
AcDbEntity
  8
B.Cu
  6
CONTINUOUS
100
AcDbLine
 10
6.1683552362204725
 20
-3.6677702755905512
 30
0
 11
6.1657553543307086
 21
-3.6662692519685041
 31
0
  0
LINE
  5
1270
330
1F
100
AcDbEntity
  8
B.Cu
  6
CONTINUOUS
100
AcDbLine
 10
6.1657553543307086
 20
-3.6662692519685041
 30
0
 11
6.1636325196850397
 21
-3.6641464173228346
 31
0
  0
LINE
  5
1271
330
1F
100
AcDbEntity
  8
B.Cu
  6
CONTINUOUS
100
AcDbLine
 10
6.1636325196850397
 20
-3.6641464173228346
 30
0
 11
6.162131496062992
 21
-3.6615465354330707
 31
0
  0
LINE
  5
1272
330
1F
100
AcDbEntity
  8
B.Cu
  6
CONTINUOUS
100
AcDbLine
 10
6.162131496062992
 20
-3.6615465354330707
 30
0
 11
6.1613544881889766
 21
-3.6586467322834646
 31
0
  0
LINE
  5
1273
330
1F
100
AcDbEntity
  8
B.Cu
  6
CONTINUOUS
100
AcDbLine
 10
6.1613544881889766
 20
-3.6586467322834646
 30
0
 11
6.1613544881889766
 21
-3.6556446062992127
 31
0
  0
LINE
  5
1274
330
1F
100
AcDbEntity
  8
B.Cu
  6
CONTINUOUS
100
AcDbLine
 10
6.1613544881889766
 20
-3.6556446062992127
 30
0
 11
6.162131496062992
 21
-3.6527448031496061
 31
0
  0
LINE
  5
1275
330
1F
100
AcDbEntity
  8
B.Cu
  6
CONTINUOUS
100
AcDbLine
 10
6.162131496062992
 20
-3.6527448031496061
 30
0
 11
6.1636325196850397
 21
-3.6501449212598422
 31
0
  0
LINE
  5
1276
330
1F
100
AcDbEntity
  8
B.Cu
  6
CONTINUOUS
100
AcDbLine
 10
6.1636325196850397
 20
-3.6501449212598422
 30
0
 11
6.1657553543307086
 21
-3.6480220866141733
 31
0
  0
LINE
  5
1277
330
1F
100
AcDbEntity
  8
B.Cu
  6
CONTINUOUS
100
AcDbLine
 10
6.1657553543307086
 20
-3.6480220866141733
 30
0
 11
6.1683552362204725
 21
-3.6465210629921261
 31
0
  0
LINE
  5
1278
330
1F
100
AcDbEntity
  8
B.Cu
  6
CONTINUOUS
100
AcDbLine
 10
6.1683552362204725
 20
-3.6465210629921261
 30
0
 11
6.1712550393700782
 21
-3.6457440551181102
 31
0
  0
LINE
  5
1279
330
1F
100
AcDbEntity
  8
B.Cu
  6
CONTINUOUS
100
AcDbLine
 10
6.1712550393700782
 20
-3.6457440551181102
 30
0
 11
6.174257165354331
 21
-3.6457440551181102
 31
0
  0
LINE
  5
127A
330
1F
100
AcDbEntity
  8
B.Cu
  6
CONTINUOUS
100
AcDbLine
 10
6.174257165354331
 20
-3.6457440551181102
 30
0
 11
6.1771569685039367
 21
-3.6465210629921261
 31
0
  0
LINE
  5
127B
330
1F
100
AcDbEntity
  8
B.Cu
  6
CONTINUOUS
100
AcDbLine
 10
6.28542468503937
 20
-3.6268360236220474
 30
0
 11
6.2880245669291339
 21
-3.6283370472440946
 31
0
  0
LINE
  5
127C
330
1F
100
AcDbEntity
  8
B.Cu
  6
CONTINUOUS
100
AcDbLine
 10
6.2880245669291339
 20
-3.6283370472440946
 30
0
 11
6.2901474015748029
 21
-3.6304598818897635
 31
0
  0
LINE
  5
127D
330
1F
100
AcDbEntity
  8
B.Cu
  6
CONTINUOUS
100
AcDbLine
 10
6.2901474015748029
 20
-3.6304598818897635
 30
0
 11
6.2916484251968505
 21
-3.6330597637795274
 31
0
  0
LINE
  5
127E
330
1F
100
AcDbEntity
  8
B.Cu
  6
CONTINUOUS
100
AcDbLine
 10
6.2916484251968505
 20
-3.6330597637795274
 30
0
 11
6.292425433070866
 21
-3.6359595669291336
 31
0
  0
LINE
  5
127F
330
1F
100
AcDbEntity
  8
B.Cu
  6
CONTINUOUS
100
AcDbLine
 10
6.292425433070866
 20
-3.6359595669291336
 30
0
 11
6.292425433070866
 21
-3.6389616929133859
 31
0
  0
LINE
  5
1280
330
1F
100
AcDbEntity
  8
B.Cu
  6
CONTINUOUS
100
AcDbLine
 10
6.292425433070866
 20
-3.6389616929133859
 30
0
 11
6.2916484251968505
 21
-3.641861496062992
 31
0
  0
LINE
  5
1281
330
1F
100
AcDbEntity
  8
B.Cu
  6
CONTINUOUS
100
AcDbLine
 10
6.2916484251968505
 20
-3.641861496062992
 30
0
 11
6.2901474015748029
 21
-3.6444613779527559
 31
0
  0
LINE
  5
1282
330
1F
100
AcDbEntity
  8
B.Cu
  6
CONTINUOUS
100
AcDbLine
 10
6.2901474015748029
 20
-3.6444613779527559
 30
0
 11
6.2880245669291339
 21
-3.6465842125984249
 31
0
  0
LINE
  5
1283
330
1F
100
AcDbEntity
  8
B.Cu
  6
CONTINUOUS
100
AcDbLine
 10
6.2880245669291339
 20
-3.6465842125984249
 30
0
 11
6.28542468503937
 21
-3.6480852362204725
 31
0
  0
LINE
  5
1284
330
1F
100
AcDbEntity
  8
B.Cu
  6
CONTINUOUS
100
AcDbLine
 10
6.28542468503937
 20
-3.6480852362204725
 30
0
 11
6.2825248818897634
 21
-3.648862244094488
 31
0
  0
LINE
  5
1285
330
1F
100
AcDbEntity
  8
B.Cu
  6
CONTINUOUS
100
AcDbLine
 10
6.2825248818897634
 20
-3.648862244094488
 30
0
 11
6.2795227559055116
 21
-3.648862244094488
 31
0
  0
LINE
  5
1286
330
1F
100
AcDbEntity
  8
B.Cu
  6
CONTINUOUS
100
AcDbLine
 10
6.2795227559055116
 20
-3.648862244094488
 30
0
 11
6.276622952755905
 21
-3.6480852362204725
 31
0
  0
LINE
  5
1287
330
1F
100
AcDbEntity
  8
B.Cu
  6
CONTINUOUS
100
AcDbLine
 10
6.276622952755905
 20
-3.6480852362204725
 30
0
 11
6.274023070866142
 21
-3.6465842125984249
 31
0
  0
LINE
  5
1288
330
1F
100
AcDbEntity
  8
B.Cu
  6
CONTINUOUS
100
AcDbLine
 10
6.274023070866142
 20
-3.6465842125984249
 30
0
 11
6.2719002362204721
 21
-3.6444613779527559
 31
0
  0
LINE
  5
1289
330
1F
100
AcDbEntity
  8
B.Cu
  6
CONTINUOUS
100
AcDbLine
 10
6.2719002362204721
 20
-3.6444613779527559
 30
0
 11
6.2703992125984254
 21
-3.641861496062992
 31
0
  0
LINE
  5
128A
330
1F
100
AcDbEntity
  8
B.Cu
  6
CONTINUOUS
100
AcDbLine
 10
6.2703992125984254
 20
-3.641861496062992
 30
0
 11
6.269622204724409
 21
-3.6389616929133859
 31
0
  0
LINE
  5
128B
330
1F
100
AcDbEntity
  8
B.Cu
  6
CONTINUOUS
100
AcDbLine
 10
6.269622204724409
 20
-3.6389616929133859
 30
0
 11
6.269622204724409
 21
-3.6359595669291336
 31
0
  0
LINE
  5
128C
330
1F
100
AcDbEntity
  8
B.Cu
  6
CONTINUOUS
100
AcDbLine
 10
6.269622204724409
 20
-3.6359595669291336
 30
0
 11
6.2703992125984254
 21
-3.6330597637795274
 31
0
  0
LINE
  5
128D
330
1F
100
AcDbEntity
  8
B.Cu
  6
CONTINUOUS
100
AcDbLine
 10
6.2703992125984254
 20
-3.6330597637795274
 30
0
 11
6.2719002362204721
 21
-3.6304598818897635
 31
0
  0
LINE
  5
128E
330
1F
100
AcDbEntity
  8
B.Cu
  6
CONTINUOUS
100
AcDbLine
 10
6.2719002362204721
 20
-3.6304598818897635
 30
0
 11
6.274023070866142
 21
-3.6283370472440946
 31
0
  0
LINE
  5
128F
330
1F
100
AcDbEntity
  8
B.Cu
  6
CONTINUOUS
100
AcDbLine
 10
6.274023070866142
 20
-3.6283370472440946
 30
0
 11
6.276622952755905
 21
-3.6268360236220474
 31
0
  0
LINE
  5
1290
330
1F
100
AcDbEntity
  8
B.Cu
  6
CONTINUOUS
100
AcDbLine
 10
6.276622952755905
 20
-3.6268360236220474
 30
0
 11
6.2795227559055116
 21
-3.6260590157480315
 31
0
  0
LINE
  5
1291
330
1F
100
AcDbEntity
  8
B.Cu
  6
CONTINUOUS
100
AcDbLine
 10
6.2795227559055116
 20
-3.6260590157480315
 30
0
 11
6.2825248818897634
 21
-3.6260590157480315
 31
0
  0
LINE
  5
1292
330
1F
100
AcDbEntity
  8
B.Cu
  6
CONTINUOUS
100
AcDbLine
 10
6.2825248818897634
 20
-3.6260590157480315
 30
0
 11
6.28542468503937
 21
-3.6268360236220474
 31
0
  0
LINE
  5
1293
330
1F
100
AcDbEntity
  8
B.Cu
  6
CONTINUOUS
100
AcDbLine
 10
6.4527475196850395
 20
-3.6268360236220474
 30
0
 11
6.4553474015748034
 21
-3.6283370472440946
 31
0
  0
LINE
  5
1294
330
1F
100
AcDbEntity
  8
B.Cu
  6
CONTINUOUS
100
AcDbLine
 10
6.4553474015748034
 20
-3.6283370472440946
 30
0
 11
6.4574702362204723
 21
-3.6304598818897635
 31
0
  0
LINE
  5
1295
330
1F
100
AcDbEntity
  8
B.Cu
  6
CONTINUOUS
100
AcDbLine
 10
6.4574702362204723
 20
-3.6304598818897635
 30
0
 11
6.45897125984252
 21
-3.6330597637795274
 31
0
  0
LINE
  5
1296
330
1F
100
AcDbEntity
  8
B.Cu
  6
CONTINUOUS
100
AcDbLine
 10
6.45897125984252
 20
-3.6330597637795274
 30
0
 11
6.4597482677165354
 21
-3.6359595669291336
 31
0
  0
LINE
  5
1297
330
1F
100
AcDbEntity
  8
B.Cu
  6
CONTINUOUS
100
AcDbLine
 10
6.4597482677165354
 20
-3.6359595669291336
 30
0
 11
6.4597482677165354
 21
-3.6389616929133859
 31
0
  0
LINE
  5
1298
330
1F
100
AcDbEntity
  8
B.Cu
  6
CONTINUOUS
100
AcDbLine
 10
6.4597482677165354
 20
-3.6389616929133859
 30
0
 11
6.45897125984252
 21
-3.641861496062992
 31
0
  0
LINE
  5
1299
330
1F
100
AcDbEntity
  8
B.Cu
  6
CONTINUOUS
100
AcDbLine
 10
6.45897125984252
 20
-3.641861496062992
 30
0
 11
6.4574702362204723
 21
-3.6444613779527559
 31
0
  0
LINE
  5
129A
330
1F
100
AcDbEntity
  8
B.Cu
  6
CONTINUOUS
100
AcDbLine
 10
6.4574702362204723
 20
-3.6444613779527559
 30
0
 11
6.4553474015748034
 21
-3.6465842125984249
 31
0
  0
LINE
  5
129B
330
1F
100
AcDbEntity
  8
B.Cu
  6
CONTINUOUS
100
AcDbLine
 10
6.4553474015748034
 20
-3.6465842125984249
 30
0
 11
6.4527475196850395
 21
-3.6480852362204725
 31
0
  0
LINE
  5
129C
330
1F
100
AcDbEntity
  8
B.Cu
  6
CONTINUOUS
100
AcDbLine
 10
6.4527475196850395
 20
-3.6480852362204725
 30
0
 11
6.4498477165354329
 21
-3.648862244094488
 31
0
  0
LINE
  5
129D
330
1F
100
AcDbEntity
  8
B.Cu
  6
CONTINUOUS
100
AcDbLine
 10
6.4498477165354329
 20
-3.648862244094488
 30
0
 11
6.446845590551181
 21
-3.648862244094488
 31
0
  0
LINE
  5
129E
330
1F
100
AcDbEntity
  8
B.Cu
  6
CONTINUOUS
100
AcDbLine
 10
6.446845590551181
 20
-3.648862244094488
 30
0
 11
6.4439457874015744
 21
-3.6480852362204725
 31
0
  0
LINE
  5
129F
330
1F
100
AcDbEntity
  8
B.Cu
  6
CONTINUOUS
100
AcDbLine
 10
6.4439457874015744
 20
-3.6480852362204725
 30
0
 11
6.4413459055118105
 21
-3.6465842125984249
 31
0
  0
LINE
  5
12A0
330
1F
100
AcDbEntity
  8
B.Cu
  6
CONTINUOUS
100
AcDbLine
 10
6.4413459055118105
 20
-3.6465842125984249
 30
0
 11
6.4392230708661415
 21
-3.6444613779527559
 31
0
  0
LINE
  5
12A1
330
1F
100
AcDbEntity
  8
B.Cu
  6
CONTINUOUS
100
AcDbLine
 10
6.4392230708661415
 20
-3.6444613779527559
 30
0
 11
6.4377220472440939
 21
-3.641861496062992
 31
0
  0
LINE
  5
12A2
330
1F
100
AcDbEntity
  8
B.Cu
  6
CONTINUOUS
100
AcDbLine
 10
6.4377220472440939
 20
-3.641861496062992
 30
0
 11
6.4369450393700784
 21
-3.6389616929133859
 31
0
  0
LINE
  5
12A3
330
1F
100
AcDbEntity
  8
B.Cu
  6
CONTINUOUS
100
AcDbLine
 10
6.4369450393700784
 20
-3.6389616929133859
 30
0
 11
6.4369450393700784
 21
-3.6359595669291336
 31
0
  0
LINE
  5
12A4
330
1F
100
AcDbEntity
  8
B.Cu
  6
CONTINUOUS
100
AcDbLine
 10
6.4369450393700784
 20
-3.6359595669291336
 30
0
 11
6.4377220472440939
 21
-3.6330597637795274
 31
0
  0
LINE
  5
12A5
330
1F
100
AcDbEntity
  8
B.Cu
  6
CONTINUOUS
100
AcDbLine
 10
6.4377220472440939
 20
-3.6330597637795274
 30
0
 11
6.4392230708661415
 21
-3.6304598818897635
 31
0
  0
LINE
  5
12A6
330
1F
100
AcDbEntity
  8
B.Cu
  6
CONTINUOUS
100
AcDbLine
 10
6.4392230708661415
 20
-3.6304598818897635
 30
0
 11
6.4413459055118105
 21
-3.6283370472440946
 31
0
  0
LINE
  5
12A7
330
1F
100
AcDbEntity
  8
B.Cu
  6
CONTINUOUS
100
AcDbLine
 10
6.4413459055118105
 20
-3.6283370472440946
 30
0
 11
6.4439457874015744
 21
-3.6268360236220474
 31
0
  0
LINE
  5
12A8
330
1F
100
AcDbEntity
  8
B.Cu
  6
CONTINUOUS
100
AcDbLine
 10
6.4439457874015744
 20
-3.6268360236220474
 30
0
 11
6.446845590551181
 21
-3.6260590157480315
 31
0
  0
LINE
  5
12A9
330
1F
100
AcDbEntity
  8
B.Cu
  6
CONTINUOUS
100
AcDbLine
 10
6.446845590551181
 20
-3.6260590157480315
 30
0
 11
6.4498477165354329
 21
-3.6260590157480315
 31
0
  0
LINE
  5
12AA
330
1F
100
AcDbEntity
  8
B.Cu
  6
CONTINUOUS
100
AcDbLine
 10
6.4498477165354329
 20
-3.6260590157480315
 30
0
 11
6.4527475196850395
 21
-3.6268360236220474
 31
0
  0
LINE
  5
12AB
330
1F
100
AcDbEntity
  8
B.Cu
  6
CONTINUOUS
100
AcDbLine
 10
6.4921175984251969
 20
-3.6268360236220474
 30
0
 11
6.4947174803149608
 21
-3.6283370472440946
 31
0
  0
LINE
  5
12AC
330
1F
100
AcDbEntity
  8
B.Cu
  6
CONTINUOUS
100
AcDbLine
 10
6.4947174803149608
 20
-3.6283370472440946
 30
0
 11
6.4968403149606297
 21
-3.6304598818897635
 31
0
  0
LINE
  5
12AD
330
1F
100
AcDbEntity
  8
B.Cu
  6
CONTINUOUS
100
AcDbLine
 10
6.4968403149606297
 20
-3.6304598818897635
 30
0
 11
6.4983413385826774
 21
-3.6330597637795274
 31
0
  0
LINE
  5
12AE
330
1F
100
AcDbEntity
  8
B.Cu
  6
CONTINUOUS
100
AcDbLine
 10
6.4983413385826774
 20
-3.6330597637795274
 30
0
 11
6.4991183464566928
 21
-3.6359595669291336
 31
0
  0
LINE
  5
12AF
330
1F
100
AcDbEntity
  8
B.Cu
  6
CONTINUOUS
100
AcDbLine
 10
6.4991183464566928
 20
-3.6359595669291336
 30
0
 11
6.4991183464566928
 21
-3.6389616929133859
 31
0
  0
LINE
  5
12B0
330
1F
100
AcDbEntity
  8
B.Cu
  6
CONTINUOUS
100
AcDbLine
 10
6.4991183464566928
 20
-3.6389616929133859
 30
0
 11
6.4983413385826774
 21
-3.641861496062992
 31
0
  0
LINE
  5
12B1
330
1F
100
AcDbEntity
  8
B.Cu
  6
CONTINUOUS
100
AcDbLine
 10
6.4983413385826774
 20
-3.641861496062992
 30
0
 11
6.4968403149606297
 21
-3.6444613779527559
 31
0
  0
LINE
  5
12B2
330
1F
100
AcDbEntity
  8
B.Cu
  6
CONTINUOUS
100
AcDbLine
 10
6.4968403149606297
 20
-3.6444613779527559
 30
0
 11
6.4947174803149608
 21
-3.6465842125984249
 31
0
  0
LINE
  5
12B3
330
1F
100
AcDbEntity
  8
B.Cu
  6
CONTINUOUS
100
AcDbLine
 10
6.4947174803149608
 20
-3.6465842125984249
 30
0
 11
6.4921175984251969
 21
-3.6480852362204725
 31
0
  0
LINE
  5
12B4
330
1F
100
AcDbEntity
  8
B.Cu
  6
CONTINUOUS
100
AcDbLine
 10
6.4921175984251969
 20
-3.6480852362204725
 30
0
 11
6.4892177952755903
 21
-3.648862244094488
 31
0
  0
LINE
  5
12B5
330
1F
100
AcDbEntity
  8
B.Cu
  6
CONTINUOUS
100
AcDbLine
 10
6.4892177952755903
 20
-3.648862244094488
 30
0
 11
6.4862156692913384
 21
-3.648862244094488
 31
0
  0
LINE
  5
12B6
330
1F
100
AcDbEntity
  8
B.Cu
  6
CONTINUOUS
100
AcDbLine
 10
6.4862156692913384
 20
-3.648862244094488
 30
0
 11
6.4833158661417318
 21
-3.6480852362204725
 31
0
  0
LINE
  5
12B7
330
1F
100
AcDbEntity
  8
B.Cu
  6
CONTINUOUS
100
AcDbLine
 10
6.4833158661417318
 20
-3.6480852362204725
 30
0
 11
6.4807159842519679
 21
-3.6465842125984249
 31
0
  0
LINE
  5
12B8
330
1F
100
AcDbEntity
  8
B.Cu
  6
CONTINUOUS
100
AcDbLine
 10
6.4807159842519679
 20
-3.6465842125984249
 30
0
 11
6.478593149606299
 21
-3.6444613779527559
 31
0
  0
LINE
  5
12B9
330
1F
100
AcDbEntity
  8
B.Cu
  6
CONTINUOUS
100
AcDbLine
 10
6.478593149606299
 20
-3.6444613779527559
 30
0
 11
6.4770921259842522
 21
-3.641861496062992
 31
0
  0
LINE
  5
12BA
330
1F
100
AcDbEntity
  8
B.Cu
  6
CONTINUOUS
100
AcDbLine
 10
6.4770921259842522
 20
-3.641861496062992
 30
0
 11
6.4763151181102359
 21
-3.6389616929133859
 31
0
  0
LINE
  5
12BB
330
1F
100
AcDbEntity
  8
B.Cu
  6
CONTINUOUS
100
AcDbLine
 10
6.4763151181102359
 20
-3.6389616929133859
 30
0
 11
6.4763151181102359
 21
-3.6359595669291336
 31
0
  0
LINE
  5
12BC
330
1F
100
AcDbEntity
  8
B.Cu
  6
CONTINUOUS
100
AcDbLine
 10
6.4763151181102359
 20
-3.6359595669291336
 30
0
 11
6.4770921259842522
 21
-3.6330597637795274
 31
0
  0
LINE
  5
12BD
330
1F
100
AcDbEntity
  8
B.Cu
  6
CONTINUOUS
100
AcDbLine
 10
6.4770921259842522
 20
-3.6330597637795274
 30
0
 11
6.478593149606299
 21
-3.6304598818897635
 31
0
  0
LINE
  5
12BE
330
1F
100
AcDbEntity
  8
B.Cu
  6
CONTINUOUS
100
AcDbLine
 10
6.478593149606299
 20
-3.6304598818897635
 30
0
 11
6.4807159842519679
 21
-3.6283370472440946
 31
0
  0
LINE
  5
12BF
330
1F
100
AcDbEntity
  8
B.Cu
  6
CONTINUOUS
100
AcDbLine
 10
6.4807159842519679
 20
-3.6283370472440946
 30
0
 11
6.4833158661417318
 21
-3.6268360236220474
 31
0
  0
LINE
  5
12C0
330
1F
100
AcDbEntity
  8
B.Cu
  6
CONTINUOUS
100
AcDbLine
 10
6.4833158661417318
 20
-3.6268360236220474
 30
0
 11
6.4862156692913384
 21
-3.6260590157480315
 31
0
  0
LINE
  5
12C1
330
1F
100
AcDbEntity
  8
B.Cu
  6
CONTINUOUS
100
AcDbLine
 10
6.4862156692913384
 20
-3.6260590157480315
 30
0
 11
6.4892177952755903
 21
-3.6260590157480315
 31
0
  0
LINE
  5
12C2
330
1F
100
AcDbEntity
  8
B.Cu
  6
CONTINUOUS
100
AcDbLine
 10
6.4892177952755903
 20
-3.6260590157480315
 30
0
 11
6.4921175984251969
 21
-3.6268360236220474
 31
0
  0
LINE
  5
12C3
330
1F
100
AcDbEntity
  8
B.Cu
  6
CONTINUOUS
100
AcDbLine
 10
6.5314876771653543
 20
-3.6268360236220474
 30
0
 11
6.5340875590551182
 21
-3.6283370472440946
 31
0
  0
LINE
  5
12C4
330
1F
100
AcDbEntity
  8
B.Cu
  6
CONTINUOUS
100
AcDbLine
 10
6.5340875590551182
 20
-3.6283370472440946
 30
0
 11
6.5362103937007872
 21
-3.6304598818897635
 31
0
  0
LINE
  5
12C5
330
1F
100
AcDbEntity
  8
B.Cu
  6
CONTINUOUS
100
AcDbLine
 10
6.5362103937007872
 20
-3.6304598818897635
 30
0
 11
6.5377114173228348
 21
-3.6330597637795274
 31
0
  0
LINE
  5
12C6
330
1F
100
AcDbEntity
  8
B.Cu
  6
CONTINUOUS
100
AcDbLine
 10
6.5377114173228348
 20
-3.6330597637795274
 30
0
 11
6.5384884251968503
 21
-3.6359595669291336
 31
0
  0
LINE
  5
12C7
330
1F
100
AcDbEntity
  8
B.Cu
  6
CONTINUOUS
100
AcDbLine
 10
6.5384884251968503
 20
-3.6359595669291336
 30
0
 11
6.5384884251968503
 21
-3.6389616929133859
 31
0
  0
LINE
  5
12C8
330
1F
100
AcDbEntity
  8
B.Cu
  6
CONTINUOUS
100
AcDbLine
 10
6.5384884251968503
 20
-3.6389616929133859
 30
0
 11
6.5377114173228348
 21
-3.641861496062992
 31
0
  0
LINE
  5
12C9
330
1F
100
AcDbEntity
  8
B.Cu
  6
CONTINUOUS
100
AcDbLine
 10
6.5377114173228348
 20
-3.641861496062992
 30
0
 11
6.5362103937007872
 21
-3.6444613779527559
 31
0
  0
LINE
  5
12CA
330
1F
100
AcDbEntity
  8
B.Cu
  6
CONTINUOUS
100
AcDbLine
 10
6.5362103937007872
 20
-3.6444613779527559
 30
0
 11
6.5340875590551182
 21
-3.6465842125984249
 31
0
  0
LINE
  5
12CB
330
1F
100
AcDbEntity
  8
B.Cu
  6
CONTINUOUS
100
AcDbLine
 10
6.5340875590551182
 20
-3.6465842125984249
 30
0
 11
6.5314876771653543
 21
-3.6480852362204725
 31
0
  0
LINE
  5
12CC
330
1F
100
AcDbEntity
  8
B.Cu
  6
CONTINUOUS
100
AcDbLine
 10
6.5314876771653543
 20
-3.6480852362204725
 30
0
 11
6.5285878740157477
 21
-3.648862244094488
 31
0
  0
LINE
  5
12CD
330
1F
100
AcDbEntity
  8
B.Cu
  6
CONTINUOUS
100
AcDbLine
 10
6.5285878740157477
 20
-3.648862244094488
 30
0
 11
6.5255857480314958
 21
-3.648862244094488
 31
0
  0
LINE
  5
12CE
330
1F
100
AcDbEntity
  8
B.Cu
  6
CONTINUOUS
100
AcDbLine
 10
6.5255857480314958
 20
-3.648862244094488
 30
0
 11
6.5226859448818892
 21
-3.6480852362204725
 31
0
  0
LINE
  5
12CF
330
1F
100
AcDbEntity
  8
B.Cu
  6
CONTINUOUS
100
AcDbLine
 10
6.5226859448818892
 20
-3.6480852362204725
 30
0
 11
6.5200860629921262
 21
-3.6465842125984249
 31
0
  0
LINE
  5
12D0
330
1F
100
AcDbEntity
  8
B.Cu
  6
CONTINUOUS
100
AcDbLine
 10
6.5200860629921262
 20
-3.6465842125984249
 30
0
 11
6.5179632283464564
 21
-3.6444613779527559
 31
0
  0
LINE
  5
12D1
330
1F
100
AcDbEntity
  8
B.Cu
  6
CONTINUOUS
100
AcDbLine
 10
6.5179632283464564
 20
-3.6444613779527559
 30
0
 11
6.5164622047244096
 21
-3.641861496062992
 31
0
  0
LINE
  5
12D2
330
1F
100
AcDbEntity
  8
B.Cu
  6
CONTINUOUS
100
AcDbLine
 10
6.5164622047244096
 20
-3.641861496062992
 30
0
 11
6.5156851968503933
 21
-3.6389616929133859
 31
0
  0
LINE
  5
12D3
330
1F
100
AcDbEntity
  8
B.Cu
  6
CONTINUOUS
100
AcDbLine
 10
6.5156851968503933
 20
-3.6389616929133859
 30
0
 11
6.5156851968503933
 21
-3.6359595669291336
 31
0
  0
LINE
  5
12D4
330
1F
100
AcDbEntity
  8
B.Cu
  6
CONTINUOUS
100
AcDbLine
 10
6.5156851968503933
 20
-3.6359595669291336
 30
0
 11
6.5164622047244096
 21
-3.6330597637795274
 31
0
  0
LINE
  5
12D5
330
1F
100
AcDbEntity
  8
B.Cu
  6
CONTINUOUS
100
AcDbLine
 10
6.5164622047244096
 20
-3.6330597637795274
 30
0
 11
6.5179632283464564
 21
-3.6304598818897635
 31
0
  0
LINE
  5
12D6
330
1F
100
AcDbEntity
  8
B.Cu
  6
CONTINUOUS
100
AcDbLine
 10
6.5179632283464564
 20
-3.6304598818897635
 30
0
 11
6.5200860629921262
 21
-3.6283370472440946
 31
0
  0
LINE
  5
12D7
330
1F
100
AcDbEntity
  8
B.Cu
  6
CONTINUOUS
100
AcDbLine
 10
6.5200860629921262
 20
-3.6283370472440946
 30
0
 11
6.5226859448818892
 21
-3.6268360236220474
 31
0
  0
LINE
  5
12D8
330
1F
100
AcDbEntity
  8
B.Cu
  6
CONTINUOUS
100
AcDbLine
 10
6.5226859448818892
 20
-3.6268360236220474
 30
0
 11
6.5255857480314958
 21
-3.6260590157480315
 31
0
  0
LINE
  5
12D9
330
1F
100
AcDbEntity
  8
B.Cu
  6
CONTINUOUS
100
AcDbLine
 10
6.5255857480314958
 20
-3.6260590157480315
 30
0
 11
6.5285878740157477
 21
-3.6260590157480315
 31
0
  0
LINE
  5
12DA
330
1F
100
AcDbEntity
  8
B.Cu
  6
CONTINUOUS
100
AcDbLine
 10
6.5285878740157477
 20
-3.6260590157480315
 30
0
 11
6.5314876771653543
 21
-3.6268360236220474
 31
0
  0
LINE
  5
12DB
330
1F
100
AcDbEntity
  8
B.Cu
  6
CONTINUOUS
100
AcDbLine
 10
6.5610152362204719
 20
-3.6268360236220474
 30
0
 11
6.5636151181102358
 21
-3.6283370472440946
 31
0
  0
LINE
  5
12DC
330
1F
100
AcDbEntity
  8
B.Cu
  6
CONTINUOUS
100
AcDbLine
 10
6.5636151181102358
 20
-3.6283370472440946
 30
0
 11
6.5657379527559057
 21
-3.6304598818897635
 31
0
  0
LINE
  5
12DD
330
1F
100
AcDbEntity
  8
B.Cu
  6
CONTINUOUS
100
AcDbLine
 10
6.5657379527559057
 20
-3.6304598818897635
 30
0
 11
6.5672389763779524
 21
-3.6330597637795274
 31
0
  0
LINE
  5
12DE
330
1F
100
AcDbEntity
  8
B.Cu
  6
CONTINUOUS
100
AcDbLine
 10
6.5672389763779524
 20
-3.6330597637795274
 30
0
 11
6.5680159842519688
 21
-3.6359595669291336
 31
0
  0
LINE
  5
12DF
330
1F
100
AcDbEntity
  8
B.Cu
  6
CONTINUOUS
100
AcDbLine
 10
6.5680159842519688
 20
-3.6359595669291336
 30
0
 11
6.5680159842519688
 21
-3.6389616929133859
 31
0
  0
LINE
  5
12E0
330
1F
100
AcDbEntity
  8
B.Cu
  6
CONTINUOUS
100
AcDbLine
 10
6.5680159842519688
 20
-3.6389616929133859
 30
0
 11
6.5672389763779524
 21
-3.641861496062992
 31
0
  0
LINE
  5
12E1
330
1F
100
AcDbEntity
  8
B.Cu
  6
CONTINUOUS
100
AcDbLine
 10
6.5672389763779524
 20
-3.641861496062992
 30
0
 11
6.5657379527559057
 21
-3.6444613779527559
 31
0
  0
LINE
  5
12E2
330
1F
100
AcDbEntity
  8
B.Cu
  6
CONTINUOUS
100
AcDbLine
 10
6.5657379527559057
 20
-3.6444613779527559
 30
0
 11
6.5636151181102358
 21
-3.6465842125984249
 31
0
  0
LINE
  5
12E3
330
1F
100
AcDbEntity
  8
B.Cu
  6
CONTINUOUS
100
AcDbLine
 10
6.5636151181102358
 20
-3.6465842125984249
 30
0
 11
6.5610152362204719
 21
-3.6480852362204725
 31
0
  0
LINE
  5
12E4
330
1F
100
AcDbEntity
  8
B.Cu
  6
CONTINUOUS
100
AcDbLine
 10
6.5610152362204719
 20
-3.6480852362204725
 30
0
 11
6.5581154330708662
 21
-3.648862244094488
 31
0
  0
LINE
  5
12E5
330
1F
100
AcDbEntity
  8
B.Cu
  6
CONTINUOUS
100
AcDbLine
 10
6.5581154330708662
 20
-3.648862244094488
 30
0
 11
6.5551133070866143
 21
-3.648862244094488
 31
0
  0
LINE
  5
12E6
330
1F
100
AcDbEntity
  8
B.Cu
  6
CONTINUOUS
100
AcDbLine
 10
6.5551133070866143
 20
-3.648862244094488
 30
0
 11
6.5522135039370077
 21
-3.6480852362204725
 31
0
  0
LINE
  5
12E7
330
1F
100
AcDbEntity
  8
B.Cu
  6
CONTINUOUS
100
AcDbLine
 10
6.5522135039370077
 20
-3.6480852362204725
 30
0
 11
6.5496136220472438
 21
-3.6465842125984249
 31
0
  0
LINE
  5
12E8
330
1F
100
AcDbEntity
  8
B.Cu
  6
CONTINUOUS
100
AcDbLine
 10
6.5496136220472438
 20
-3.6465842125984249
 30
0
 11
6.5474907874015749
 21
-3.6444613779527559
 31
0
  0
LINE
  5
12E9
330
1F
100
AcDbEntity
  8
B.Cu
  6
CONTINUOUS
100
AcDbLine
 10
6.5474907874015749
 20
-3.6444613779527559
 30
0
 11
6.5459897637795272
 21
-3.641861496062992
 31
0
  0
LINE
  5
12EA
330
1F
100
AcDbEntity
  8
B.Cu
  6
CONTINUOUS
100
AcDbLine
 10
6.5459897637795272
 20
-3.641861496062992
 30
0
 11
6.5452127559055118
 21
-3.6389616929133859
 31
0
  0
LINE
  5
12EB
330
1F
100
AcDbEntity
  8
B.Cu
  6
CONTINUOUS
100
AcDbLine
 10
6.5452127559055118
 20
-3.6389616929133859
 30
0
 11
6.5452127559055118
 21
-3.6359595669291336
 31
0
  0
LINE
  5
12EC
330
1F
100
AcDbEntity
  8
B.Cu
  6
CONTINUOUS
100
AcDbLine
 10
6.5452127559055118
 20
-3.6359595669291336
 30
0
 11
6.5459897637795272
 21
-3.6330597637795274
 31
0
  0
LINE
  5
12ED
330
1F
100
AcDbEntity
  8
B.Cu
  6
CONTINUOUS
100
AcDbLine
 10
6.5459897637795272
 20
-3.6330597637795274
 30
0
 11
6.5474907874015749
 21
-3.6304598818897635
 31
0
  0
LINE
  5
12EE
330
1F
100
AcDbEntity
  8
B.Cu
  6
CONTINUOUS
100
AcDbLine
 10
6.5474907874015749
 20
-3.6304598818897635
 30
0
 11
6.5496136220472438
 21
-3.6283370472440946
 31
0
  0
LINE
  5
12EF
330
1F
100
AcDbEntity
  8
B.Cu
  6
CONTINUOUS
100
AcDbLine
 10
6.5496136220472438
 20
-3.6283370472440946
 30
0
 11
6.5522135039370077
 21
-3.6268360236220474
 31
0
  0
LINE
  5
12F0
330
1F
100
AcDbEntity
  8
B.Cu
  6
CONTINUOUS
100
AcDbLine
 10
6.5522135039370077
 20
-3.6268360236220474
 30
0
 11
6.5551133070866143
 21
-3.6260590157480315
 31
0
  0
LINE
  5
12F1
330
1F
100
AcDbEntity
  8
B.Cu
  6
CONTINUOUS
100
AcDbLine
 10
6.5551133070866143
 20
-3.6260590157480315
 30
0
 11
6.5581154330708662
 21
-3.6260590157480315
 31
0
  0
LINE
  5
12F2
330
1F
100
AcDbEntity
  8
B.Cu
  6
CONTINUOUS
100
AcDbLine
 10
6.5581154330708662
 20
-3.6260590157480315
 30
0
 11
6.5610152362204719
 21
-3.6268360236220474
 31
0
  0
LINE
  5
12F3
330
1F
100
AcDbEntity
  8
B.Cu
  6
CONTINUOUS
100
AcDbLine
 10
5.8503853149606302
 20
-3.6182926771653543
 30
0
 11
5.8529851968503932
 21
-3.6197937007874015
 31
0
  0
LINE
  5
12F4
330
1F
100
AcDbEntity
  8
B.Cu
  6
CONTINUOUS
100
AcDbLine
 10
5.8529851968503932
 20
-3.6197937007874015
 30
0
 11
5.8551080314960631
 21
-3.6219165354330709
 31
0
  0
LINE
  5
12F5
330
1F
100
AcDbEntity
  8
B.Cu
  6
CONTINUOUS
100
AcDbLine
 10
5.8551080314960631
 20
-3.6219165354330709
 30
0
 11
5.8566090551181098
 21
-3.6245164173228344
 31
0
  0
LINE
  5
12F6
330
1F
100
AcDbEntity
  8
B.Cu
  6
CONTINUOUS
100
AcDbLine
 10
5.8566090551181098
 20
-3.6245164173228344
 30
0
 11
5.8573860629921262
 21
-3.6274162204724409
 31
0
  0
LINE
  5
12F7
330
1F
100
AcDbEntity
  8
B.Cu
  6
CONTINUOUS
100
AcDbLine
 10
5.8573860629921262
 20
-3.6274162204724409
 30
0
 11
5.8573860629921262
 21
-3.6304183464566928
 31
0
  0
LINE
  5
12F8
330
1F
100
AcDbEntity
  8
B.Cu
  6
CONTINUOUS
100
AcDbLine
 10
5.8573860629921262
 20
-3.6304183464566928
 30
0
 11
5.8566090551181098
 21
-3.633318149606299
 31
0
  0
LINE
  5
12F9
330
1F
100
AcDbEntity
  8
B.Cu
  6
CONTINUOUS
100
AcDbLine
 10
5.8566090551181098
 20
-3.633318149606299
 30
0
 11
5.8551080314960631
 21
-3.6359180314960629
 31
0
  0
LINE
  5
12FA
330
1F
100
AcDbEntity
  8
B.Cu
  6
CONTINUOUS
100
AcDbLine
 10
5.8551080314960631
 20
-3.6359180314960629
 30
0
 11
5.8529851968503932
 21
-3.6380408661417323
 31
0
  0
LINE
  5
12FB
330
1F
100
AcDbEntity
  8
B.Cu
  6
CONTINUOUS
100
AcDbLine
 10
5.8529851968503932
 20
-3.6380408661417323
 30
0
 11
5.8503853149606302
 21
-3.6395418897637795
 31
0
  0
LINE
  5
12FC
330
1F
100
AcDbEntity
  8
B.Cu
  6
CONTINUOUS
100
AcDbLine
 10
5.8503853149606302
 20
-3.6395418897637795
 30
0
 11
5.8474855118110236
 21
-3.6403188976377954
 31
0
  0
LINE
  5
12FD
330
1F
100
AcDbEntity
  8
B.Cu
  6
CONTINUOUS
100
AcDbLine
 10
5.8474855118110236
 20
-3.6403188976377954
 30
0
 11
5.8444833858267717
 21
-3.6403188976377954
 31
0
  0
LINE
  5
12FE
330
1F
100
AcDbEntity
  8
B.Cu
  6
CONTINUOUS
100
AcDbLine
 10
5.8444833858267717
 20
-3.6403188976377954
 30
0
 11
5.8415835826771652
 21
-3.6395418897637795
 31
0
  0
LINE
  5
12FF
330
1F
100
AcDbEntity
  8
B.Cu
  6
CONTINUOUS
100
AcDbLine
 10
5.8415835826771652
 20
-3.6395418897637795
 30
0
 11
5.8389837007874013
 21
-3.6380408661417323
 31
0
  0
LINE
  5
1300
330
1F
100
AcDbEntity
  8
B.Cu
  6
CONTINUOUS
100
AcDbLine
 10
5.8389837007874013
 20
-3.6380408661417323
 30
0
 11
5.8368608661417323
 21
-3.6359180314960629
 31
0
  0
LINE
  5
1301
330
1F
100
AcDbEntity
  8
B.Cu
  6
CONTINUOUS
100
AcDbLine
 10
5.8368608661417323
 20
-3.6359180314960629
 30
0
 11
5.8353598425196846
 21
-3.633318149606299
 31
0
  0
LINE
  5
1302
330
1F
100
AcDbEntity
  8
B.Cu
  6
CONTINUOUS
100
AcDbLine
 10
5.8353598425196846
 20
-3.633318149606299
 30
0
 11
5.8345828346456692
 21
-3.6304183464566928
 31
0
  0
LINE
  5
1303
330
1F
100
AcDbEntity
  8
B.Cu
  6
CONTINUOUS
100
AcDbLine
 10
5.8345828346456692
 20
-3.6304183464566928
 30
0
 11
5.8345828346456692
 21
-3.6274162204724409
 31
0
  0
LINE
  5
1304
330
1F
100
AcDbEntity
  8
B.Cu
  6
CONTINUOUS
100
AcDbLine
 10
5.8345828346456692
 20
-3.6274162204724409
 30
0
 11
5.8353598425196846
 21
-3.6245164173228344
 31
0
  0
LINE
  5
1305
330
1F
100
AcDbEntity
  8
B.Cu
  6
CONTINUOUS
100
AcDbLine
 10
5.8353598425196846
 20
-3.6245164173228344
 30
0
 11
5.8368608661417323
 21
-3.6219165354330709
 31
0
  0
LINE
  5
1306
330
1F
100
AcDbEntity
  8
B.Cu
  6
CONTINUOUS
100
AcDbLine
 10
5.8368608661417323
 20
-3.6219165354330709
 30
0
 11
5.8389837007874013
 21
-3.6197937007874015
 31
0
  0
LINE
  5
1307
330
1F
100
AcDbEntity
  8
B.Cu
  6
CONTINUOUS
100
AcDbLine
 10
5.8389837007874013
 20
-3.6197937007874015
 30
0
 11
5.8415835826771652
 21
-3.6182926771653543
 31
0
  0
LINE
  5
1308
330
1F
100
AcDbEntity
  8
B.Cu
  6
CONTINUOUS
100
AcDbLine
 10
5.8415835826771652
 20
-3.6182926771653543
 30
0
 11
5.8444833858267717
 21
-3.6175156692913384
 31
0
  0
LINE
  5
1309
330
1F
100
AcDbEntity
  8
B.Cu
  6
CONTINUOUS
100
AcDbLine
 10
5.8444833858267717
 20
-3.6175156692913384
 30
0
 11
5.8474855118110236
 21
-3.6175156692913384
 31
0
  0
LINE
  5
130A
330
1F
100
AcDbEntity
  8
B.Cu
  6
CONTINUOUS
100
AcDbLine
 10
5.8474855118110236
 20
-3.6175156692913384
 30
0
 11
5.8503853149606302
 21
-3.6182926771653543
 31
0
  0
LINE
  5
130B
330
1F
100
AcDbEntity
  8
B.Cu
  6
CONTINUOUS
100
AcDbLine
 10
6.0492042125984247
 20
-3.6071509842519682
 30
0
 11
6.0518040944881886
 21
-3.6086520078740159
 31
0
  0
LINE
  5
130C
330
1F
100
AcDbEntity
  8
B.Cu
  6
CONTINUOUS
100
AcDbLine
 10
6.0518040944881886
 20
-3.6086520078740159
 30
0
 11
6.0539269291338584
 21
-3.6107748425196848
 31
0
  0
LINE
  5
130D
330
1F
100
AcDbEntity
  8
B.Cu
  6
CONTINUOUS
100
AcDbLine
 10
6.0539269291338584
 20
-3.6107748425196848
 30
0
 11
6.0554279527559052
 21
-3.6133747244094487
 31
0
  0
LINE
  5
130E
330
1F
100
AcDbEntity
  8
B.Cu
  6
CONTINUOUS
100
AcDbLine
 10
6.0554279527559052
 20
-3.6133747244094487
 30
0
 11
6.0562049606299215
 21
-3.6162745275590549
 31
0
  0
LINE
  5
130F
330
1F
100
AcDbEntity
  8
B.Cu
  6
CONTINUOUS
100
AcDbLine
 10
6.0562049606299215
 20
-3.6162745275590549
 30
0
 11
6.0562049606299215
 21
-3.6192766535433072
 31
0
  0
LINE
  5
1310
330
1F
100
AcDbEntity
  8
B.Cu
  6
CONTINUOUS
100
AcDbLine
 10
6.0562049606299215
 20
-3.6192766535433072
 30
0
 11
6.0554279527559052
 21
-3.6221764566929133
 31
0
  0
LINE
  5
1311
330
1F
100
AcDbEntity
  8
B.Cu
  6
CONTINUOUS
100
AcDbLine
 10
6.0554279527559052
 20
-3.6221764566929133
 30
0
 11
6.0539269291338584
 21
-3.6247763385826772
 31
0
  0
LINE
  5
1312
330
1F
100
AcDbEntity
  8
B.Cu
  6
CONTINUOUS
100
AcDbLine
 10
6.0539269291338584
 20
-3.6247763385826772
 30
0
 11
6.0518040944881886
 21
-3.6268991732283462
 31
0
  0
LINE
  5
1313
330
1F
100
AcDbEntity
  8
B.Cu
  6
CONTINUOUS
100
AcDbLine
 10
6.0518040944881886
 20
-3.6268991732283462
 30
0
 11
6.0492042125984247
 21
-3.6284001968503938
 31
0
  0
LINE
  5
1314
330
1F
100
AcDbEntity
  8
B.Cu
  6
CONTINUOUS
100
AcDbLine
 10
6.0492042125984247
 20
-3.6284001968503938
 30
0
 11
6.046304409448819
 21
-3.6291772047244093
 31
0
  0
LINE
  5
1315
330
1F
100
AcDbEntity
  8
B.Cu
  6
CONTINUOUS
100
AcDbLine
 10
6.046304409448819
 20
-3.6291772047244093
 30
0
 11
6.0433022834645671
 21
-3.6291772047244093
 31
0
  0
LINE
  5
1316
330
1F
100
AcDbEntity
  8
B.Cu
  6
CONTINUOUS
100
AcDbLine
 10
6.0433022834645671
 20
-3.6291772047244093
 30
0
 11
6.0404024803149605
 21
-3.6284001968503938
 31
0
  0
LINE
  5
1317
330
1F
100
AcDbEntity
  8
B.Cu
  6
CONTINUOUS
100
AcDbLine
 10
6.0404024803149605
 20
-3.6284001968503938
 30
0
 11
6.0378025984251966
 21
-3.6268991732283462
 31
0
  0
LINE
  5
1318
330
1F
100
AcDbEntity
  8
B.Cu
  6
CONTINUOUS
100
AcDbLine
 10
6.0378025984251966
 20
-3.6268991732283462
 30
0
 11
6.0356797637795276
 21
-3.6247763385826772
 31
0
  0
LINE
  5
1319
330
1F
100
AcDbEntity
  8
B.Cu
  6
CONTINUOUS
100
AcDbLine
 10
6.0356797637795276
 20
-3.6247763385826772
 30
0
 11
6.03417874015748
 21
-3.6221764566929133
 31
0
  0
LINE
  5
131A
330
1F
100
AcDbEntity
  8
B.Cu
  6
CONTINUOUS
100
AcDbLine
 10
6.03417874015748
 20
-3.6221764566929133
 30
0
 11
6.0334017322834645
 21
-3.6192766535433072
 31
0
  0
LINE
  5
131B
330
1F
100
AcDbEntity
  8
B.Cu
  6
CONTINUOUS
100
AcDbLine
 10
6.0334017322834645
 20
-3.6192766535433072
 30
0
 11
6.0334017322834645
 21
-3.6162745275590549
 31
0
  0
LINE
  5
131C
330
1F
100
AcDbEntity
  8
B.Cu
  6
CONTINUOUS
100
AcDbLine
 10
6.0334017322834645
 20
-3.6162745275590549
 30
0
 11
6.03417874015748
 21
-3.6133747244094487
 31
0
  0
LINE
  5
131D
330
1F
100
AcDbEntity
  8
B.Cu
  6
CONTINUOUS
100
AcDbLine
 10
6.03417874015748
 20
-3.6133747244094487
 30
0
 11
6.0356797637795276
 21
-3.6107748425196848
 31
0
  0
LINE
  5
131E
330
1F
100
AcDbEntity
  8
B.Cu
  6
CONTINUOUS
100
AcDbLine
 10
6.0356797637795276
 20
-3.6107748425196848
 30
0
 11
6.0378025984251966
 21
-3.6086520078740159
 31
0
  0
LINE
  5
131F
330
1F
100
AcDbEntity
  8
B.Cu
  6
CONTINUOUS
100
AcDbLine
 10
6.0378025984251966
 20
-3.6086520078740159
 30
0
 11
6.0404024803149605
 21
-3.6071509842519682
 31
0
  0
LINE
  5
1320
330
1F
100
AcDbEntity
  8
B.Cu
  6
CONTINUOUS
100
AcDbLine
 10
6.0404024803149605
 20
-3.6071509842519682
 30
0
 11
6.0433022834645671
 21
-3.6063739763779528
 31
0
  0
LINE
  5
1321
330
1F
100
AcDbEntity
  8
B.Cu
  6
CONTINUOUS
100
AcDbLine
 10
6.0433022834645671
 20
-3.6063739763779528
 30
0
 11
6.046304409448819
 21
-3.6063739763779528
 31
0
  0
LINE
  5
1322
330
1F
100
AcDbEntity
  8
B.Cu
  6
CONTINUOUS
100
AcDbLine
 10
6.046304409448819
 20
-3.6063739763779528
 30
0
 11
6.0492042125984247
 21
-3.6071509842519682
 31
0
  0
LINE
  5
1323
330
1F
100
AcDbEntity
  8
B.Cu
  6
CONTINUOUS
100
AcDbLine
 10
6.0070192913385823
 20
-3.5308881889763777
 30
0
 11
6.0141496850393699
 21
-3.5338416929133856
 31
0
  0
LINE
  5
1324
330
1F
100
AcDbEntity
  8
B.Cu
  6
CONTINUOUS
100
AcDbLine
 10
6.0141496850393699
 20
-3.5338416929133856
 30
0
 11
6.0205668503937009
 21
-3.5381295275590552
 31
0
  0
LINE
  5
1325
330
1F
100
AcDbEntity
  8
B.Cu
  6
CONTINUOUS
100
AcDbLine
 10
6.0205668503937009
 20
-3.5381295275590552
 30
0
 11
6.0260242125984247
 21
-3.5435868897637794
 31
0
  0
LINE
  5
1326
330
1F
100
AcDbEntity
  8
B.Cu
  6
CONTINUOUS
100
AcDbLine
 10
6.0260242125984247
 20
-3.5435868897637794
 30
0
 11
6.0303120472440943
 21
-3.55000405511811
 31
0
  0
LINE
  5
1327
330
1F
100
AcDbEntity
  8
B.Cu
  6
CONTINUOUS
100
AcDbLine
 10
6.0303120472440943
 20
-3.55000405511811
 30
0
 11
6.0332655511811026
 21
-3.5571344488188976
 31
0
  0
LINE
  5
1328
330
1F
100
AcDbEntity
  8
B.Cu
  6
CONTINUOUS
100
AcDbLine
 10
6.0332655511811026
 20
-3.5571344488188976
 30
0
 11
6.0347712598425192
 21
-3.5647040551181099
 31
0
  0
LINE
  5
1329
330
1F
100
AcDbEntity
  8
B.Cu
  6
CONTINUOUS
100
AcDbLine
 10
6.0347712598425192
 20
-3.5647040551181099
 30
0
 11
6.0347712598425192
 21
-3.5724219291338581
 31
0
  0
LINE
  5
132A
330
1F
100
AcDbEntity
  8
B.Cu
  6
CONTINUOUS
100
AcDbLine
 10
6.0347712598425192
 20
-3.5724219291338581
 30
0
 11
6.0332655511811026
 21
-3.5799915354330709
 31
0
  0
LINE
  5
132B
330
1F
100
AcDbEntity
  8
B.Cu
  6
CONTINUOUS
100
AcDbLine
 10
6.0332655511811026
 20
-3.5799915354330709
 30
0
 11
6.0303120472440943
 21
-3.5871219291338581
 31
0
  0
LINE
  5
132C
330
1F
100
AcDbEntity
  8
B.Cu
  6
CONTINUOUS
100
AcDbLine
 10
6.0303120472440943
 20
-3.5871219291338581
 30
0
 11
6.0260242125984247
 21
-3.5935390944881891
 31
0
  0
LINE
  5
132D
330
1F
100
AcDbEntity
  8
B.Cu
  6
CONTINUOUS
100
AcDbLine
 10
6.0260242125984247
 20
-3.5935390944881891
 30
0
 11
6.0205668503937009
 21
-3.5989964566929133
 31
0
  0
LINE
  5
132E
330
1F
100
AcDbEntity
  8
B.Cu
  6
CONTINUOUS
100
AcDbLine
 10
6.0205668503937009
 20
-3.5989964566929133
 30
0
 11
6.0141496850393699
 21
-3.6032842913385825
 31
0
  0
LINE
  5
132F
330
1F
100
AcDbEntity
  8
B.Cu
  6
CONTINUOUS
100
AcDbLine
 10
6.0141496850393699
 20
-3.6032842913385825
 30
0
 11
6.0070192913385823
 21
-3.6062377952755904
 31
0
  0
LINE
  5
1330
330
1F
100
AcDbEntity
  8
B.Cu
  6
CONTINUOUS
100
AcDbLine
 10
6.0070192913385823
 20
-3.6062377952755904
 30
0
 11
5.9994496850393704
 21
-3.6077435039370078
 31
0
  0
LINE
  5
1331
330
1F
100
AcDbEntity
  8
B.Cu
  6
CONTINUOUS
100
AcDbLine
 10
5.9994496850393704
 20
-3.6077435039370078
 30
0
 11
5.9917318110236222
 21
-3.6077435039370078
 31
0
  0
LINE
  5
1332
330
1F
100
AcDbEntity
  8
B.Cu
  6
CONTINUOUS
100
AcDbLine
 10
5.9917318110236222
 20
-3.6077435039370078
 30
0
 11
5.9841622047244094
 21
-3.6062377952755904
 31
0
  0
LINE
  5
1333
330
1F
100
AcDbEntity
  8
B.Cu
  6
CONTINUOUS
100
AcDbLine
 10
5.9841622047244094
 20
-3.6062377952755904
 30
0
 11
5.9770318110236218
 21
-3.6032842913385825
 31
0
  0
LINE
  5
1334
330
1F
100
AcDbEntity
  8
B.Cu
  6
CONTINUOUS
100
AcDbLine
 10
5.9770318110236218
 20
-3.6032842913385825
 30
0
 11
5.9706146456692908
 21
-3.5989964566929133
 31
0
  0
LINE
  5
1335
330
1F
100
AcDbEntity
  8
B.Cu
  6
CONTINUOUS
100
AcDbLine
 10
5.9706146456692908
 20
-3.5989964566929133
 30
0
 11
5.965157283464567
 21
-3.5935390944881891
 31
0
  0
LINE
  5
1336
330
1F
100
AcDbEntity
  8
B.Cu
  6
CONTINUOUS
100
AcDbLine
 10
5.965157283464567
 20
-3.5935390944881891
 30
0
 11
5.9608694488188974
 21
-3.5871219291338581
 31
0
  0
LINE
  5
1337
330
1F
100
AcDbEntity
  8
B.Cu
  6
CONTINUOUS
100
AcDbLine
 10
5.9608694488188974
 20
-3.5871219291338581
 30
0
 11
5.9579159448818899
 21
-3.5799915354330709
 31
0
  0
LINE
  5
1338
330
1F
100
AcDbEntity
  8
B.Cu
  6
CONTINUOUS
100
AcDbLine
 10
5.9579159448818899
 20
-3.5799915354330709
 30
0
 11
5.9564102362204725
 21
-3.5724219291338581
 31
0
  0
LINE
  5
1339
330
1F
100
AcDbEntity
  8
B.Cu
  6
CONTINUOUS
100
AcDbLine
 10
5.9564102362204725
 20
-3.5724219291338581
 30
0
 11
5.9564102362204725
 21
-3.5647040551181099
 31
0
  0
LINE
  5
133A
330
1F
100
AcDbEntity
  8
B.Cu
  6
CONTINUOUS
100
AcDbLine
 10
5.9564102362204725
 20
-3.5647040551181099
 30
0
 11
5.9579159448818899
 21
-3.5571344488188976
 31
0
  0
LINE
  5
133B
330
1F
100
AcDbEntity
  8
B.Cu
  6
CONTINUOUS
100
AcDbLine
 10
5.9579159448818899
 20
-3.5571344488188976
 30
0
 11
5.9608694488188974
 21
-3.55000405511811
 31
0
  0
LINE
  5
133C
330
1F
100
AcDbEntity
  8
B.Cu
  6
CONTINUOUS
100
AcDbLine
 10
5.9608694488188974
 20
-3.55000405511811
 30
0
 11
5.965157283464567
 21
-3.5435868897637794
 31
0
  0
LINE
  5
133D
330
1F
100
AcDbEntity
  8
B.Cu
  6
CONTINUOUS
100
AcDbLine
 10
5.965157283464567
 20
-3.5435868897637794
 30
0
 11
5.9706146456692908
 21
-3.5381295275590552
 31
0
  0
LINE
  5
133E
330
1F
100
AcDbEntity
  8
B.Cu
  6
CONTINUOUS
100
AcDbLine
 10
5.9706146456692908
 20
-3.5381295275590552
 30
0
 11
5.9770318110236218
 21
-3.5338416929133856
 31
0
  0
LINE
  5
133F
330
1F
100
AcDbEntity
  8
B.Cu
  6
CONTINUOUS
100
AcDbLine
 10
5.9770318110236218
 20
-3.5338416929133856
 30
0
 11
5.9841622047244094
 21
-3.5308881889763777
 31
0
  0
LINE
  5
1340
330
1F
100
AcDbEntity
  8
B.Cu
  6
CONTINUOUS
100
AcDbLine
 10
5.9841622047244094
 20
-3.5308881889763777
 30
0
 11
5.9917318110236222
 21
-3.5293824803149607
 31
0
  0
LINE
  5
1341
330
1F
100
AcDbEntity
  8
B.Cu
  6
CONTINUOUS
100
AcDbLine
 10
5.9917318110236222
 20
-3.5293824803149607
 30
0
 11
5.9994496850393704
 21
-3.5293824803149607
 31
0
  0
LINE
  5
1342
330
1F
100
AcDbEntity
  8
B.Cu
  6
CONTINUOUS
100
AcDbLine
 10
5.9994496850393704
 20
-3.5293824803149607
 30
0
 11
6.0070192913385823
 21
-3.5308881889763777
 31
0
  0
LINE
  5
1343
330
1F
100
AcDbEntity
  8
B.Cu
  6
CONTINUOUS
100
AcDbLine
 10
6.1644996062992128
 20
-3.5308881889763777
 30
0
 11
6.1716299999999995
 21
-3.5338416929133856
 31
0
  0
LINE
  5
1344
330
1F
100
AcDbEntity
  8
B.Cu
  6
CONTINUOUS
100
AcDbLine
 10
6.1716299999999995
 20
-3.5338416929133856
 30
0
 11
6.1780471653543305
 21
-3.5381295275590552
 31
0
  0
LINE
  5
1345
330
1F
100
AcDbEntity
  8
B.Cu
  6
CONTINUOUS
100
AcDbLine
 10
6.1780471653543305
 20
-3.5381295275590552
 30
0
 11
6.1835045275590552
 21
-3.5435868897637794
 31
0
  0
LINE
  5
1346
330
1F
100
AcDbEntity
  8
B.Cu
  6
CONTINUOUS
100
AcDbLine
 10
6.1835045275590552
 20
-3.5435868897637794
 30
0
 11
6.187792362204724
 21
-3.55000405511811
 31
0
  0
LINE
  5
1347
330
1F
100
AcDbEntity
  8
B.Cu
  6
CONTINUOUS
100
AcDbLine
 10
6.187792362204724
 20
-3.55000405511811
 30
0
 11
6.1907458661417323
 21
-3.5571344488188976
 31
0
  0
LINE
  5
1348
330
1F
100
AcDbEntity
  8
B.Cu
  6
CONTINUOUS
100
AcDbLine
 10
6.1907458661417323
 20
-3.5571344488188976
 30
0
 11
6.1922515748031497
 21
-3.5647040551181099
 31
0
  0
LINE
  5
1349
330
1F
100
AcDbEntity
  8
B.Cu
  6
CONTINUOUS
100
AcDbLine
 10
6.1922515748031497
 20
-3.5647040551181099
 30
0
 11
6.1922515748031497
 21
-3.5724219291338581
 31
0
  0
LINE
  5
134A
330
1F
100
AcDbEntity
  8
B.Cu
  6
CONTINUOUS
100
AcDbLine
 10
6.1922515748031497
 20
-3.5724219291338581
 30
0
 11
6.1907458661417323
 21
-3.5799915354330709
 31
0
  0
LINE
  5
134B
330
1F
100
AcDbEntity
  8
B.Cu
  6
CONTINUOUS
100
AcDbLine
 10
6.1907458661417323
 20
-3.5799915354330709
 30
0
 11
6.187792362204724
 21
-3.5871219291338581
 31
0
  0
LINE
  5
134C
330
1F
100
AcDbEntity
  8
B.Cu
  6
CONTINUOUS
100
AcDbLine
 10
6.187792362204724
 20
-3.5871219291338581
 30
0
 11
6.1835045275590552
 21
-3.5935390944881891
 31
0
  0
LINE
  5
134D
330
1F
100
AcDbEntity
  8
B.Cu
  6
CONTINUOUS
100
AcDbLine
 10
6.1835045275590552
 20
-3.5935390944881891
 30
0
 11
6.1780471653543305
 21
-3.5989964566929133
 31
0
  0
LINE
  5
134E
330
1F
100
AcDbEntity
  8
B.Cu
  6
CONTINUOUS
100
AcDbLine
 10
6.1780471653543305
 20
-3.5989964566929133
 30
0
 11
6.1716299999999995
 21
-3.6032842913385825
 31
0
  0
LINE
  5
134F
330
1F
100
AcDbEntity
  8
B.Cu
  6
CONTINUOUS
100
AcDbLine
 10
6.1716299999999995
 20
-3.6032842913385825
 30
0
 11
6.1644996062992128
 21
-3.6062377952755904
 31
0
  0
LINE
  5
1350
330
1F
100
AcDbEntity
  8
B.Cu
  6
CONTINUOUS
100
AcDbLine
 10
6.1644996062992128
 20
-3.6062377952755904
 30
0
 11
6.15693
 21
-3.6077435039370078
 31
0
  0
LINE
  5
1351
330
1F
100
AcDbEntity
  8
B.Cu
  6
CONTINUOUS
100
AcDbLine
 10
6.15693
 20
-3.6077435039370078
 30
0
 11
6.1492121259842518
 21
-3.6077435039370078
 31
0
  0
LINE
  5
1352
330
1F
100
AcDbEntity
  8
B.Cu
  6
CONTINUOUS
100
AcDbLine
 10
6.1492121259842518
 20
-3.6077435039370078
 30
0
 11
6.141642519685039
 21
-3.6062377952755904
 31
0
  0
LINE
  5
1353
330
1F
100
AcDbEntity
  8
B.Cu
  6
CONTINUOUS
100
AcDbLine
 10
6.141642519685039
 20
-3.6062377952755904
 30
0
 11
6.1345121259842514
 21
-3.6032842913385825
 31
0
  0
LINE
  5
1354
330
1F
100
AcDbEntity
  8
B.Cu
  6
CONTINUOUS
100
AcDbLine
 10
6.1345121259842514
 20
-3.6032842913385825
 30
0
 11
6.1280949606299213
 21
-3.5989964566929133
 31
0
  0
LINE
  5
1355
330
1F
100
AcDbEntity
  8
B.Cu
  6
CONTINUOUS
100
AcDbLine
 10
6.1280949606299213
 20
-3.5989964566929133
 30
0
 11
6.1226375984251966
 21
-3.5935390944881891
 31
0
  0
LINE
  5
1356
330
1F
100
AcDbEntity
  8
B.Cu
  6
CONTINUOUS
100
AcDbLine
 10
6.1226375984251966
 20
-3.5935390944881891
 30
0
 11
6.118349763779527
 21
-3.5871219291338581
 31
0
  0
LINE
  5
1357
330
1F
100
AcDbEntity
  8
B.Cu
  6
CONTINUOUS
100
AcDbLine
 10
6.118349763779527
 20
-3.5871219291338581
 30
0
 11
6.1153962598425196
 21
-3.5799915354330709
 31
0
  0
LINE
  5
1358
330
1F
100
AcDbEntity
  8
B.Cu
  6
CONTINUOUS
100
AcDbLine
 10
6.1153962598425196
 20
-3.5799915354330709
 30
0
 11
6.1138905511811021
 21
-3.5724219291338581
 31
0
  0
LINE
  5
1359
330
1F
100
AcDbEntity
  8
B.Cu
  6
CONTINUOUS
100
AcDbLine
 10
6.1138905511811021
 20
-3.5724219291338581
 30
0
 11
6.1138905511811021
 21
-3.5647040551181099
 31
0
  0
LINE
  5
135A
330
1F
100
AcDbEntity
  8
B.Cu
  6
CONTINUOUS
100
AcDbLine
 10
6.1138905511811021
 20
-3.5647040551181099
 30
0
 11
6.1153962598425196
 21
-3.5571344488188976
 31
0
  0
LINE
  5
135B
330
1F
100
AcDbEntity
  8
B.Cu
  6
CONTINUOUS
100
AcDbLine
 10
6.1153962598425196
 20
-3.5571344488188976
 30
0
 11
6.118349763779527
 21
-3.55000405511811
 31
0
  0
LINE
  5
135C
330
1F
100
AcDbEntity
  8
B.Cu
  6
CONTINUOUS
100
AcDbLine
 10
6.118349763779527
 20
-3.55000405511811
 30
0
 11
6.1226375984251966
 21
-3.5435868897637794
 31
0
  0
LINE
  5
135D
330
1F
100
AcDbEntity
  8
B.Cu
  6
CONTINUOUS
100
AcDbLine
 10
6.1226375984251966
 20
-3.5435868897637794
 30
0
 11
6.1280949606299213
 21
-3.5381295275590552
 31
0
  0
LINE
  5
135E
330
1F
100
AcDbEntity
  8
B.Cu
  6
CONTINUOUS
100
AcDbLine
 10
6.1280949606299213
 20
-3.5381295275590552
 30
0
 11
6.1345121259842514
 21
-3.5338416929133856
 31
0
  0
LINE
  5
135F
330
1F
100
AcDbEntity
  8
B.Cu
  6
CONTINUOUS
100
AcDbLine
 10
6.1345121259842514
 20
-3.5338416929133856
 30
0
 11
6.141642519685039
 21
-3.5308881889763777
 31
0
  0
LINE
  5
1360
330
1F
100
AcDbEntity
  8
B.Cu
  6
CONTINUOUS
100
AcDbLine
 10
6.141642519685039
 20
-3.5308881889763777
 30
0
 11
6.1492121259842518
 21
-3.5293824803149607
 31
0
  0
LINE
  5
1361
330
1F
100
AcDbEntity
  8
B.Cu
  6
CONTINUOUS
100
AcDbLine
 10
6.1492121259842518
 20
-3.5293824803149607
 30
0
 11
6.15693
 21
-3.5293824803149607
 31
0
  0
LINE
  5
1362
330
1F
100
AcDbEntity
  8
B.Cu
  6
CONTINUOUS
100
AcDbLine
 10
6.15693
 20
-3.5293824803149607
 30
0
 11
6.1644996062992128
 21
-3.5308881889763777
 31
0
  0
LINE
  5
1363
330
1F
100
AcDbEntity
  8
B.Cu
  6
CONTINUOUS
100
AcDbLine
 10
6.7873931889763774
 20
-3.5776234251968502
 30
0
 11
6.7899930708661413
 21
-3.5791244488188974
 31
0
  0
LINE
  5
1364
330
1F
100
AcDbEntity
  8
B.Cu
  6
CONTINUOUS
100
AcDbLine
 10
6.7899930708661413
 20
-3.5791244488188974
 30
0
 11
6.7921159055118112
 21
-3.5812472834645668
 31
0
  0
LINE
  5
1365
330
1F
100
AcDbEntity
  8
B.Cu
  6
CONTINUOUS
100
AcDbLine
 10
6.7921159055118112
 20
-3.5812472834645668
 30
0
 11
6.793616929133858
 21
-3.5838471653543307
 31
0
  0
LINE
  5
1366
330
1F
100
AcDbEntity
  8
B.Cu
  6
CONTINUOUS
100
AcDbLine
 10
6.793616929133858
 20
-3.5838471653543307
 30
0
 11
6.7943939370078734
 21
-3.5867469685039368
 31
0
  0
LINE
  5
1367
330
1F
100
AcDbEntity
  8
B.Cu
  6
CONTINUOUS
100
AcDbLine
 10
6.7943939370078734
 20
-3.5867469685039368
 30
0
 11
6.7943939370078734
 21
-3.5897490944881887
 31
0
  0
LINE
  5
1368
330
1F
100
AcDbEntity
  8
B.Cu
  6
CONTINUOUS
100
AcDbLine
 10
6.7943939370078734
 20
-3.5897490944881887
 30
0
 11
6.793616929133858
 21
-3.5926488976377953
 31
0
  0
LINE
  5
1369
330
1F
100
AcDbEntity
  8
B.Cu
  6
CONTINUOUS
100
AcDbLine
 10
6.793616929133858
 20
-3.5926488976377953
 30
0
 11
6.7921159055118112
 21
-3.5952487795275592
 31
0
  0
LINE
  5
136A
330
1F
100
AcDbEntity
  8
B.Cu
  6
CONTINUOUS
100
AcDbLine
 10
6.7921159055118112
 20
-3.5952487795275592
 30
0
 11
6.7899930708661413
 21
-3.5973716141732281
 31
0
  0
LINE
  5
136B
330
1F
100
AcDbEntity
  8
B.Cu
  6
CONTINUOUS
100
AcDbLine
 10
6.7899930708661413
 20
-3.5973716141732281
 30
0
 11
6.7873931889763774
 21
-3.5988726377952753
 31
0
  0
LINE
  5
136C
330
1F
100
AcDbEntity
  8
B.Cu
  6
CONTINUOUS
100
AcDbLine
 10
6.7873931889763774
 20
-3.5988726377952753
 30
0
 11
6.7844933858267717
 21
-3.5996496456692912
 31
0
  0
LINE
  5
136D
330
1F
100
AcDbEntity
  8
B.Cu
  6
CONTINUOUS
100
AcDbLine
 10
6.7844933858267717
 20
-3.5996496456692912
 30
0
 11
6.7814912598425199
 21
-3.5996496456692912
 31
0
  0
LINE
  5
136E
330
1F
100
AcDbEntity
  8
B.Cu
  6
CONTINUOUS
100
AcDbLine
 10
6.7814912598425199
 20
-3.5996496456692912
 30
0
 11
6.7785914566929133
 21
-3.5988726377952753
 31
0
  0
LINE
  5
136F
330
1F
100
AcDbEntity
  8
B.Cu
  6
CONTINUOUS
100
AcDbLine
 10
6.7785914566929133
 20
-3.5988726377952753
 30
0
 11
6.7759915748031494
 21
-3.5973716141732281
 31
0
  0
LINE
  5
1370
330
1F
100
AcDbEntity
  8
B.Cu
  6
CONTINUOUS
100
AcDbLine
 10
6.7759915748031494
 20
-3.5973716141732281
 30
0
 11
6.7738687401574804
 21
-3.5952487795275592
 31
0
  0
LINE
  5
1371
330
1F
100
AcDbEntity
  8
B.Cu
  6
CONTINUOUS
100
AcDbLine
 10
6.7738687401574804
 20
-3.5952487795275592
 30
0
 11
6.7723677165354328
 21
-3.5926488976377953
 31
0
  0
LINE
  5
1372
330
1F
100
AcDbEntity
  8
B.Cu
  6
CONTINUOUS
100
AcDbLine
 10
6.7723677165354328
 20
-3.5926488976377953
 30
0
 11
6.7715907086614173
 21
-3.5897490944881887
 31
0
  0
LINE
  5
1373
330
1F
100
AcDbEntity
  8
B.Cu
  6
CONTINUOUS
100
AcDbLine
 10
6.7715907086614173
 20
-3.5897490944881887
 30
0
 11
6.7715907086614173
 21
-3.5867469685039368
 31
0
  0
LINE
  5
1374
330
1F
100
AcDbEntity
  8
B.Cu
  6
CONTINUOUS
100
AcDbLine
 10
6.7715907086614173
 20
-3.5867469685039368
 30
0
 11
6.7723677165354328
 21
-3.5838471653543307
 31
0
  0
LINE
  5
1375
330
1F
100
AcDbEntity
  8
B.Cu
  6
CONTINUOUS
100
AcDbLine
 10
6.7723677165354328
 20
-3.5838471653543307
 30
0
 11
6.7738687401574804
 21
-3.5812472834645668
 31
0
  0
LINE
  5
1376
330
1F
100
AcDbEntity
  8
B.Cu
  6
CONTINUOUS
100
AcDbLine
 10
6.7738687401574804
 20
-3.5812472834645668
 30
0
 11
6.7759915748031494
 21
-3.5791244488188974
 31
0
  0
LINE
  5
1377
330
1F
100
AcDbEntity
  8
B.Cu
  6
CONTINUOUS
100
AcDbLine
 10
6.7759915748031494
 20
-3.5791244488188974
 30
0
 11
6.7785914566929133
 21
-3.5776234251968502
 31
0
  0
LINE
  5
1378
330
1F
100
AcDbEntity
  8
B.Cu
  6
CONTINUOUS
100
AcDbLine
 10
6.7785914566929133
 20
-3.5776234251968502
 30
0
 11
6.7814912598425199
 21
-3.5768464173228347
 31
0
  0
LINE
  5
1379
330
1F
100
AcDbEntity
  8
B.Cu
  6
CONTINUOUS
100
AcDbLine
 10
6.7814912598425199
 20
-3.5768464173228347
 30
0
 11
6.7844933858267717
 21
-3.5768464173228347
 31
0
  0
LINE
  5
137A
330
1F
100
AcDbEntity
  8
B.Cu
  6
CONTINUOUS
100
AcDbLine
 10
6.7844933858267717
 20
-3.5768464173228347
 30
0
 11
6.7873931889763774
 21
-3.5776234251968502
 31
0
  0
LINE
  5
137B
330
1F
100
AcDbEntity
  8
B.Cu
  6
CONTINUOUS
100
AcDbLine
 10
6.4346766535433071
 20
-3.5361273228346457
 30
0
 11
6.437276535433071
 21
-3.5376283464566929
 31
0
  0
LINE
  5
137C
330
1F
100
AcDbEntity
  8
B.Cu
  6
CONTINUOUS
100
AcDbLine
 10
6.437276535433071
 20
-3.5376283464566929
 30
0
 11
6.43939937007874
 21
-3.5397511811023623
 31
0
  0
LINE
  5
137D
330
1F
100
AcDbEntity
  8
B.Cu
  6
CONTINUOUS
100
AcDbLine
 10
6.43939937007874
 20
-3.5397511811023623
 30
0
 11
6.4409003937007876
 21
-3.5423510629921258
 31
0
  0
LINE
  5
137E
330
1F
100
AcDbEntity
  8
B.Cu
  6
CONTINUOUS
100
AcDbLine
 10
6.4409003937007876
 20
-3.5423510629921258
 30
0
 11
6.4416774015748031
 21
-3.5452508661417323
 31
0
  0
LINE
  5
137F
330
1F
100
AcDbEntity
  8
B.Cu
  6
CONTINUOUS
100
AcDbLine
 10
6.4416774015748031
 20
-3.5452508661417323
 30
0
 11
6.4416774015748031
 21
-3.5482529921259842
 31
0
  0
LINE
  5
1380
330
1F
100
AcDbEntity
  8
B.Cu
  6
CONTINUOUS
100
AcDbLine
 10
6.4416774015748031
 20
-3.5482529921259842
 30
0
 11
6.4409003937007876
 21
-3.5511527952755904
 31
0
  0
LINE
  5
1381
330
1F
100
AcDbEntity
  8
B.Cu
  6
CONTINUOUS
100
AcDbLine
 10
6.4409003937007876
 20
-3.5511527952755904
 30
0
 11
6.43939937007874
 21
-3.5537526771653543
 31
0
  0
LINE
  5
1382
330
1F
100
AcDbEntity
  8
B.Cu
  6
CONTINUOUS
100
AcDbLine
 10
6.43939937007874
 20
-3.5537526771653543
 30
0
 11
6.437276535433071
 21
-3.5558755118110237
 31
0
  0
LINE
  5
1383
330
1F
100
AcDbEntity
  8
B.Cu
  6
CONTINUOUS
100
AcDbLine
 10
6.437276535433071
 20
-3.5558755118110237
 30
0
 11
6.4346766535433071
 21
-3.5573765354330709
 31
0
  0
LINE
  5
1384
330
1F
100
AcDbEntity
  8
B.Cu
  6
CONTINUOUS
100
AcDbLine
 10
6.4346766535433071
 20
-3.5573765354330709
 30
0
 11
6.4317768503937005
 21
-3.5581535433070863
 31
0
  0
LINE
  5
1385
330
1F
100
AcDbEntity
  8
B.Cu
  6
CONTINUOUS
100
AcDbLine
 10
6.4317768503937005
 20
-3.5581535433070863
 30
0
 11
6.4287747244094486
 21
-3.5581535433070863
 31
0
  0
LINE
  5
1386
330
1F
100
AcDbEntity
  8
B.Cu
  6
CONTINUOUS
100
AcDbLine
 10
6.4287747244094486
 20
-3.5581535433070863
 30
0
 11
6.4258749212598421
 21
-3.5573765354330709
 31
0
  0
LINE
  5
1387
330
1F
100
AcDbEntity
  8
B.Cu
  6
CONTINUOUS
100
AcDbLine
 10
6.4258749212598421
 20
-3.5573765354330709
 30
0
 11
6.4232750393700782
 21
-3.5558755118110237
 31
0
  0
LINE
  5
1388
330
1F
100
AcDbEntity
  8
B.Cu
  6
CONTINUOUS
100
AcDbLine
 10
6.4232750393700782
 20
-3.5558755118110237
 30
0
 11
6.4211522047244092
 21
-3.5537526771653543
 31
0
  0
LINE
  5
1389
330
1F
100
AcDbEntity
  8
B.Cu
  6
CONTINUOUS
100
AcDbLine
 10
6.4211522047244092
 20
-3.5537526771653543
 30
0
 11
6.4196511811023624
 21
-3.5511527952755904
 31
0
  0
LINE
  5
138A
330
1F
100
AcDbEntity
  8
B.Cu
  6
CONTINUOUS
100
AcDbLine
 10
6.4196511811023624
 20
-3.5511527952755904
 30
0
 11
6.4188741732283461
 21
-3.5482529921259842
 31
0
  0
LINE
  5
138B
330
1F
100
AcDbEntity
  8
B.Cu
  6
CONTINUOUS
100
AcDbLine
 10
6.4188741732283461
 20
-3.5482529921259842
 30
0
 11
6.4188741732283461
 21
-3.5452508661417323
 31
0
  0
LINE
  5
138C
330
1F
100
AcDbEntity
  8
B.Cu
  6
CONTINUOUS
100
AcDbLine
 10
6.4188741732283461
 20
-3.5452508661417323
 30
0
 11
6.4196511811023624
 21
-3.5423510629921258
 31
0
  0
LINE
  5
138D
330
1F
100
AcDbEntity
  8
B.Cu
  6
CONTINUOUS
100
AcDbLine
 10
6.4196511811023624
 20
-3.5423510629921258
 30
0
 11
6.4211522047244092
 21
-3.5397511811023623
 31
0
  0
LINE
  5
138E
330
1F
100
AcDbEntity
  8
B.Cu
  6
CONTINUOUS
100
AcDbLine
 10
6.4211522047244092
 20
-3.5397511811023623
 30
0
 11
6.4232750393700782
 21
-3.5376283464566929
 31
0
  0
LINE
  5
138F
330
1F
100
AcDbEntity
  8
B.Cu
  6
CONTINUOUS
100
AcDbLine
 10
6.4232750393700782
 20
-3.5376283464566929
 30
0
 11
6.4258749212598421
 21
-3.5361273228346457
 31
0
  0
LINE
  5
1390
330
1F
100
AcDbEntity
  8
B.Cu
  6
CONTINUOUS
100
AcDbLine
 10
6.4258749212598421
 20
-3.5361273228346457
 30
0
 11
6.4287747244094486
 21
-3.5353503149606298
 31
0
  0
LINE
  5
1391
330
1F
100
AcDbEntity
  8
B.Cu
  6
CONTINUOUS
100
AcDbLine
 10
6.4287747244094486
 20
-3.5353503149606298
 30
0
 11
6.4317768503937005
 21
-3.5353503149606298
 31
0
  0
LINE
  5
1392
330
1F
100
AcDbEntity
  8
B.Cu
  6
CONTINUOUS
100
AcDbLine
 10
6.4317768503937005
 20
-3.5353503149606298
 30
0
 11
6.4346766535433071
 21
-3.5361273228346457
 31
0
  0
LINE
  5
1393
330
1F
100
AcDbEntity
  8
B.Cu
  6
CONTINUOUS
100
AcDbLine
 10
6.2929443700787404
 20
-3.5125052362204725
 30
0
 11
6.2955442519685034
 21
-3.5140062598425197
 31
0
  0
LINE
  5
1394
330
1F
100
AcDbEntity
  8
B.Cu
  6
CONTINUOUS
100
AcDbLine
 10
6.2955442519685034
 20
-3.5140062598425197
 30
0
 11
6.2976670866141733
 21
-3.5161290944881891
 31
0
  0
LINE
  5
1395
330
1F
100
AcDbEntity
  8
B.Cu
  6
CONTINUOUS
100
AcDbLine
 10
6.2976670866141733
 20
-3.5161290944881891
 30
0
 11
6.29916811023622
 21
-3.5187289763779526
 31
0
  0
LINE
  5
1396
330
1F
100
AcDbEntity
  8
B.Cu
  6
CONTINUOUS
100
AcDbLine
 10
6.29916811023622
 20
-3.5187289763779526
 30
0
 11
6.2999451181102364
 21
-3.5216287795275591
 31
0
  0
LINE
  5
1397
330
1F
100
AcDbEntity
  8
B.Cu
  6
CONTINUOUS
100
AcDbLine
 10
6.2999451181102364
 20
-3.5216287795275591
 30
0
 11
6.2999451181102364
 21
-3.524630905511811
 31
0
  0
LINE
  5
1398
330
1F
100
AcDbEntity
  8
B.Cu
  6
CONTINUOUS
100
AcDbLine
 10
6.2999451181102364
 20
-3.524630905511811
 30
0
 11
6.29916811023622
 21
-3.5275307086614172
 31
0
  0
LINE
  5
1399
330
1F
100
AcDbEntity
  8
B.Cu
  6
CONTINUOUS
100
AcDbLine
 10
6.29916811023622
 20
-3.5275307086614172
 30
0
 11
6.2976670866141733
 21
-3.5301305905511811
 31
0
  0
LINE
  5
139A
330
1F
100
AcDbEntity
  8
B.Cu
  6
CONTINUOUS
100
AcDbLine
 10
6.2976670866141733
 20
-3.5301305905511811
 30
0
 11
6.2955442519685034
 21
-3.5322534251968505
 31
0
  0
LINE
  5
139B
330
1F
100
AcDbEntity
  8
B.Cu
  6
CONTINUOUS
100
AcDbLine
 10
6.2955442519685034
 20
-3.5322534251968505
 30
0
 11
6.2929443700787404
 21
-3.5337544488188977
 31
0
  0
LINE
  5
139C
330
1F
100
AcDbEntity
  8
B.Cu
  6
CONTINUOUS
100
AcDbLine
 10
6.2929443700787404
 20
-3.5337544488188977
 30
0
 11
6.2900445669291338
 21
-3.5345314566929131
 31
0
  0
LINE
  5
139D
330
1F
100
AcDbEntity
  8
B.Cu
  6
CONTINUOUS
100
AcDbLine
 10
6.2900445669291338
 20
-3.5345314566929131
 30
0
 11
6.287042440944882
 21
-3.5345314566929131
 31
0
  0
LINE
  5
139E
330
1F
100
AcDbEntity
  8
B.Cu
  6
CONTINUOUS
100
AcDbLine
 10
6.287042440944882
 20
-3.5345314566929131
 30
0
 11
6.2841426377952754
 21
-3.5337544488188977
 31
0
  0
LINE
  5
139F
330
1F
100
AcDbEntity
  8
B.Cu
  6
CONTINUOUS
100
AcDbLine
 10
6.2841426377952754
 20
-3.5337544488188977
 30
0
 11
6.2815427559055115
 21
-3.5322534251968505
 31
0
  0
LINE
  5
13A0
330
1F
100
AcDbEntity
  8
B.Cu
  6
CONTINUOUS
100
AcDbLine
 10
6.2815427559055115
 20
-3.5322534251968505
 30
0
 11
6.2794199212598425
 21
-3.5301305905511811
 31
0
  0
LINE
  5
13A1
330
1F
100
AcDbEntity
  8
B.Cu
  6
CONTINUOUS
100
AcDbLine
 10
6.2794199212598425
 20
-3.5301305905511811
 30
0
 11
6.2779188976377949
 21
-3.5275307086614172
 31
0
  0
LINE
  5
13A2
330
1F
100
AcDbEntity
  8
B.Cu
  6
CONTINUOUS
100
AcDbLine
 10
6.2779188976377949
 20
-3.5275307086614172
 30
0
 11
6.2771418897637794
 21
-3.524630905511811
 31
0
  0
LINE
  5
13A3
330
1F
100
AcDbEntity
  8
B.Cu
  6
CONTINUOUS
100
AcDbLine
 10
6.2771418897637794
 20
-3.524630905511811
 30
0
 11
6.2771418897637794
 21
-3.5216287795275591
 31
0
  0
LINE
  5
13A4
330
1F
100
AcDbEntity
  8
B.Cu
  6
CONTINUOUS
100
AcDbLine
 10
6.2771418897637794
 20
-3.5216287795275591
 30
0
 11
6.2779188976377949
 21
-3.5187289763779526
 31
0
  0
LINE
  5
13A5
330
1F
100
AcDbEntity
  8
B.Cu
  6
CONTINUOUS
100
AcDbLine
 10
6.2779188976377949
 20
-3.5187289763779526
 30
0
 11
6.2794199212598425
 21
-3.5161290944881891
 31
0
  0
LINE
  5
13A6
330
1F
100
AcDbEntity
  8
B.Cu
  6
CONTINUOUS
100
AcDbLine
 10
6.2794199212598425
 20
-3.5161290944881891
 30
0
 11
6.2815427559055115
 21
-3.5140062598425197
 31
0
  0
LINE
  5
13A7
330
1F
100
AcDbEntity
  8
B.Cu
  6
CONTINUOUS
100
AcDbLine
 10
6.2815427559055115
 20
-3.5140062598425197
 30
0
 11
6.2841426377952754
 21
-3.5125052362204725
 31
0
  0
LINE
  5
13A8
330
1F
100
AcDbEntity
  8
B.Cu
  6
CONTINUOUS
100
AcDbLine
 10
6.2841426377952754
 20
-3.5125052362204725
 30
0
 11
6.287042440944882
 21
-3.5117282283464566
 31
0
  0
LINE
  5
13A9
330
1F
100
AcDbEntity
  8
B.Cu
  6
CONTINUOUS
100
AcDbLine
 10
6.287042440944882
 20
-3.5117282283464566
 30
0
 11
6.2900445669291338
 21
-3.5117282283464566
 31
0
  0
LINE
  5
13AA
330
1F
100
AcDbEntity
  8
B.Cu
  6
CONTINUOUS
100
AcDbLine
 10
6.2900445669291338
 20
-3.5117282283464566
 30
0
 11
6.2929443700787404
 21
-3.5125052362204725
 31
0
  0
LINE
  5
13AB
330
1F
100
AcDbEntity
  8
B.Cu
  6
CONTINUOUS
100
AcDbLine
 10
5.5078655905511811
 20
-3.4299856299212599
 30
0
 11
5.510465472440945
 21
-3.4314866535433071
 31
0
  0
LINE
  5
13AC
330
1F
100
AcDbEntity
  8
B.Cu
  6
CONTINUOUS
100
AcDbLine
 10
5.510465472440945
 20
-3.4314866535433071
 30
0
 11
5.512588307086614
 21
-3.4336094881889765
 31
0
  0
LINE
  5
13AD
330
1F
100
AcDbEntity
  8
B.Cu
  6
CONTINUOUS
100
AcDbLine
 10
5.512588307086614
 20
-3.4336094881889765
 30
0
 11
5.5140893307086616
 21
-3.4362093700787399
 31
0
  0
LINE
  5
13AE
330
1F
100
AcDbEntity
  8
B.Cu
  6
CONTINUOUS
100
AcDbLine
 10
5.5140893307086616
 20
-3.4362093700787399
 30
0
 11
5.5148663385826771
 21
-3.4391091732283465
 31
0
  0
LINE
  5
13AF
330
1F
100
AcDbEntity
  8
B.Cu
  6
CONTINUOUS
100
AcDbLine
 10
5.5148663385826771
 20
-3.4391091732283465
 30
0
 11
5.5148663385826771
 21
-3.4421112992125984
 31
0
  0
LINE
  5
13B0
330
1F
100
AcDbEntity
  8
B.Cu
  6
CONTINUOUS
100
AcDbLine
 10
5.5148663385826771
 20
-3.4421112992125984
 30
0
 11
5.5140893307086616
 21
-3.4450111023622045
 31
0
  0
LINE
  5
13B1
330
1F
100
AcDbEntity
  8
B.Cu
  6
CONTINUOUS
100
AcDbLine
 10
5.5140893307086616
 20
-3.4450111023622045
 30
0
 11
5.512588307086614
 21
-3.4476109842519684
 31
0
  0
LINE
  5
13B2
330
1F
100
AcDbEntity
  8
B.Cu
  6
CONTINUOUS
100
AcDbLine
 10
5.512588307086614
 20
-3.4476109842519684
 30
0
 11
5.510465472440945
 21
-3.4497338188976379
 31
0
  0
LINE
  5
13B3
330
1F
100
AcDbEntity
  8
B.Cu
  6
CONTINUOUS
100
AcDbLine
 10
5.510465472440945
 20
-3.4497338188976379
 30
0
 11
5.5078655905511811
 21
-3.451234842519685
 31
0
  0
LINE
  5
13B4
330
1F
100
AcDbEntity
  8
B.Cu
  6
CONTINUOUS
100
AcDbLine
 10
5.5078655905511811
 20
-3.451234842519685
 30
0
 11
5.5049657874015745
 21
-3.4520118503937005
 31
0
  0
LINE
  5
13B5
330
1F
100
AcDbEntity
  8
B.Cu
  6
CONTINUOUS
100
AcDbLine
 10
5.5049657874015745
 20
-3.4520118503937005
 30
0
 11
5.5019636614173226
 21
-3.4520118503937005
 31
0
  0
LINE
  5
13B6
330
1F
100
AcDbEntity
  8
B.Cu
  6
CONTINUOUS
100
AcDbLine
 10
5.5019636614173226
 20
-3.4520118503937005
 30
0
 11
5.499063858267716
 21
-3.451234842519685
 31
0
  0
LINE
  5
13B7
330
1F
100
AcDbEntity
  8
B.Cu
  6
CONTINUOUS
100
AcDbLine
 10
5.499063858267716
 20
-3.451234842519685
 30
0
 11
5.496463976377953
 21
-3.4497338188976379
 31
0
  0
LINE
  5
13B8
330
1F
100
AcDbEntity
  8
B.Cu
  6
CONTINUOUS
100
AcDbLine
 10
5.496463976377953
 20
-3.4497338188976379
 30
0
 11
5.4943411417322832
 21
-3.4476109842519684
 31
0
  0
LINE
  5
13B9
330
1F
100
AcDbEntity
  8
B.Cu
  6
CONTINUOUS
100
AcDbLine
 10
5.4943411417322832
 20
-3.4476109842519684
 30
0
 11
5.4928401181102364
 21
-3.4450111023622045
 31
0
  0
LINE
  5
13BA
330
1F
100
AcDbEntity
  8
B.Cu
  6
CONTINUOUS
100
AcDbLine
 10
5.4928401181102364
 20
-3.4450111023622045
 30
0
 11
5.4920631102362201
 21
-3.4421112992125984
 31
0
  0
LINE
  5
13BB
330
1F
100
AcDbEntity
  8
B.Cu
  6
CONTINUOUS
100
AcDbLine
 10
5.4920631102362201
 20
-3.4421112992125984
 30
0
 11
5.4920631102362201
 21
-3.4391091732283465
 31
0
  0
LINE
  5
13BC
330
1F
100
AcDbEntity
  8
B.Cu
  6
CONTINUOUS
100
AcDbLine
 10
5.4920631102362201
 20
-3.4391091732283465
 30
0
 11
5.4928401181102364
 21
-3.4362093700787399
 31
0
  0
LINE
  5
13BD
330
1F
100
AcDbEntity
  8
B.Cu
  6
CONTINUOUS
100
AcDbLine
 10
5.4928401181102364
 20
-3.4362093700787399
 30
0
 11
5.4943411417322832
 21
-3.4336094881889765
 31
0
  0
LINE
  5
13BE
330
1F
100
AcDbEntity
  8
B.Cu
  6
CONTINUOUS
100
AcDbLine
 10
5.4943411417322832
 20
-3.4336094881889765
 30
0
 11
5.496463976377953
 21
-3.4314866535433071
 31
0
  0
LINE
  5
13BF
330
1F
100
AcDbEntity
  8
B.Cu
  6
CONTINUOUS
100
AcDbLine
 10
5.496463976377953
 20
-3.4314866535433071
 30
0
 11
5.499063858267716
 21
-3.4299856299212599
 31
0
  0
LINE
  5
13C0
330
1F
100
AcDbEntity
  8
B.Cu
  6
CONTINUOUS
100
AcDbLine
 10
5.499063858267716
 20
-3.4299856299212599
 30
0
 11
5.5019636614173226
 21
-3.429208622047244
 31
0
  0
LINE
  5
13C1
330
1F
100
AcDbEntity
  8
B.Cu
  6
CONTINUOUS
100
AcDbLine
 10
5.5019636614173226
 20
-3.429208622047244
 30
0
 11
5.5049657874015745
 21
-3.429208622047244
 31
0
  0
LINE
  5
13C2
330
1F
100
AcDbEntity
  8
B.Cu
  6
CONTINUOUS
100
AcDbLine
 10
5.5049657874015745
 20
-3.429208622047244
 30
0
 11
5.5078655905511811
 21
-3.4299856299212599
 31
0
  0
LINE
  5
13C3
330
1F
100
AcDbEntity
  8
B.Cu
  6
CONTINUOUS
100
AcDbLine
 10
5.6810939763779524
 20
-3.4299856299212599
 30
0
 11
5.6836938582677163
 21
-3.4314866535433071
 31
0
  0
LINE
  5
13C4
330
1F
100
AcDbEntity
  8
B.Cu
  6
CONTINUOUS
100
AcDbLine
 10
5.6836938582677163
 20
-3.4314866535433071
 30
0
 11
5.6858166929133853
 21
-3.4336094881889765
 31
0
  0
LINE
  5
13C5
330
1F
100
AcDbEntity
  8
B.Cu
  6
CONTINUOUS
100
AcDbLine
 10
5.6858166929133853
 20
-3.4336094881889765
 30
0
 11
5.6873177165354329
 21
-3.4362093700787399
 31
0
  0
LINE
  5
13C6
330
1F
100
AcDbEntity
  8
B.Cu
  6
CONTINUOUS
100
AcDbLine
 10
5.6873177165354329
 20
-3.4362093700787399
 30
0
 11
5.6880947244094484
 21
-3.4391091732283465
 31
0
  0
LINE
  5
13C7
330
1F
100
AcDbEntity
  8
B.Cu
  6
CONTINUOUS
100
AcDbLine
 10
5.6880947244094484
 20
-3.4391091732283465
 30
0
 11
5.6880947244094484
 21
-3.4421112992125984
 31
0
  0
LINE
  5
13C8
330
1F
100
AcDbEntity
  8
B.Cu
  6
CONTINUOUS
100
AcDbLine
 10
5.6880947244094484
 20
-3.4421112992125984
 30
0
 11
5.6873177165354329
 21
-3.4450111023622045
 31
0
  0
LINE
  5
13C9
330
1F
100
AcDbEntity
  8
B.Cu
  6
CONTINUOUS
100
AcDbLine
 10
5.6873177165354329
 20
-3.4450111023622045
 30
0
 11
5.6858166929133853
 21
-3.4476109842519684
 31
0
  0
LINE
  5
13CA
330
1F
100
AcDbEntity
  8
B.Cu
  6
CONTINUOUS
100
AcDbLine
 10
5.6858166929133853
 20
-3.4476109842519684
 30
0
 11
5.6836938582677163
 21
-3.4497338188976379
 31
0
  0
LINE
  5
13CB
330
1F
100
AcDbEntity
  8
B.Cu
  6
CONTINUOUS
100
AcDbLine
 10
5.6836938582677163
 20
-3.4497338188976379
 30
0
 11
5.6810939763779524
 21
-3.451234842519685
 31
0
  0
LINE
  5
13CC
330
1F
100
AcDbEntity
  8
B.Cu
  6
CONTINUOUS
100
AcDbLine
 10
5.6810939763779524
 20
-3.451234842519685
 30
0
 11
5.6781941732283467
 21
-3.4520118503937005
 31
0
  0
LINE
  5
13CD
330
1F
100
AcDbEntity
  8
B.Cu
  6
CONTINUOUS
100
AcDbLine
 10
5.6781941732283467
 20
-3.4520118503937005
 30
0
 11
5.675192047244094
 21
-3.4520118503937005
 31
0
  0
LINE
  5
13CE
330
1F
100
AcDbEntity
  8
B.Cu
  6
CONTINUOUS
100
AcDbLine
 10
5.675192047244094
 20
-3.4520118503937005
 30
0
 11
5.6722922440944883
 21
-3.451234842519685
 31
0
  0
LINE
  5
13CF
330
1F
100
AcDbEntity
  8
B.Cu
  6
CONTINUOUS
100
AcDbLine
 10
5.6722922440944883
 20
-3.451234842519685
 30
0
 11
5.6696923622047244
 21
-3.4497338188976379
 31
0
  0
LINE
  5
13D0
330
1F
100
AcDbEntity
  8
B.Cu
  6
CONTINUOUS
100
AcDbLine
 10
5.6696923622047244
 20
-3.4497338188976379
 30
0
 11
5.6675695275590554
 21
-3.4476109842519684
 31
0
  0
LINE
  5
13D1
330
1F
100
AcDbEntity
  8
B.Cu
  6
CONTINUOUS
100
AcDbLine
 10
5.6675695275590554
 20
-3.4476109842519684
 30
0
 11
5.6660685039370078
 21
-3.4450111023622045
 31
0
  0
LINE
  5
13D2
330
1F
100
AcDbEntity
  8
B.Cu
  6
CONTINUOUS
100
AcDbLine
 10
5.6660685039370078
 20
-3.4450111023622045
 30
0
 11
5.6652914960629923
 21
-3.4421112992125984
 31
0
  0
LINE
  5
13D3
330
1F
100
AcDbEntity
  8
B.Cu
  6
CONTINUOUS
100
AcDbLine
 10
5.6652914960629923
 20
-3.4421112992125984
 30
0
 11
5.6652914960629923
 21
-3.4391091732283465
 31
0
  0
LINE
  5
13D4
330
1F
100
AcDbEntity
  8
B.Cu
  6
CONTINUOUS
100
AcDbLine
 10
5.6652914960629923
 20
-3.4391091732283465
 30
0
 11
5.6660685039370078
 21
-3.4362093700787399
 31
0
  0
LINE
  5
13D5
330
1F
100
AcDbEntity
  8
B.Cu
  6
CONTINUOUS
100
AcDbLine
 10
5.6660685039370078
 20
-3.4362093700787399
 30
0
 11
5.6675695275590554
 21
-3.4336094881889765
 31
0
  0
LINE
  5
13D6
330
1F
100
AcDbEntity
  8
B.Cu
  6
CONTINUOUS
100
AcDbLine
 10
5.6675695275590554
 20
-3.4336094881889765
 30
0
 11
5.6696923622047244
 21
-3.4314866535433071
 31
0
  0
LINE
  5
13D7
330
1F
100
AcDbEntity
  8
B.Cu
  6
CONTINUOUS
100
AcDbLine
 10
5.6696923622047244
 20
-3.4314866535433071
 30
0
 11
5.6722922440944883
 21
-3.4299856299212599
 31
0
  0
LINE
  5
13D8
330
1F
100
AcDbEntity
  8
B.Cu
  6
CONTINUOUS
100
AcDbLine
 10
5.6722922440944883
 20
-3.4299856299212599
 30
0
 11
5.675192047244094
 21
-3.429208622047244
 31
0
  0
LINE
  5
13D9
330
1F
100
AcDbEntity
  8
B.Cu
  6
CONTINUOUS
100
AcDbLine
 10
5.675192047244094
 20
-3.429208622047244
 30
0
 11
5.6781941732283467
 21
-3.429208622047244
 31
0
  0
LINE
  5
13DA
330
1F
100
AcDbEntity
  8
B.Cu
  6
CONTINUOUS
100
AcDbLine
 10
5.6781941732283467
 20
-3.429208622047244
 30
0
 11
5.6810939763779524
 21
-3.4299856299212599
 31
0
  0
LINE
  5
13DB
330
1F
100
AcDbEntity
  8
B.Cu
  6
CONTINUOUS
100
AcDbLine
 10
6.4425506299212598
 20
-3.4258911023622045
 30
0
 11
6.4451505118110237
 21
-3.4273921259842517
 31
0
  0
LINE
  5
13DC
330
1F
100
AcDbEntity
  8
B.Cu
  6
CONTINUOUS
100
AcDbLine
 10
6.4451505118110237
 20
-3.4273921259842517
 30
0
 11
6.4472733464566927
 21
-3.4295149606299211
 31
0
  0
LINE
  5
13DD
330
1F
100
AcDbEntity
  8
B.Cu
  6
CONTINUOUS
100
AcDbLine
 10
6.4472733464566927
 20
-3.4295149606299211
 30
0
 11
6.4487743700787403
 21
-3.432114842519685
 31
0
  0
LINE
  5
13DE
330
1F
100
AcDbEntity
  8
B.Cu
  6
CONTINUOUS
100
AcDbLine
 10
6.4487743700787403
 20
-3.432114842519685
 30
0
 11
6.4495513779527558
 21
-3.4350146456692912
 31
0
  0
LINE
  5
13DF
330
1F
100
AcDbEntity
  8
B.Cu
  6
CONTINUOUS
100
AcDbLine
 10
6.4495513779527558
 20
-3.4350146456692912
 30
0
 11
6.4495513779527558
 21
-3.438016771653543
 31
0
  0
LINE
  5
13E0
330
1F
100
AcDbEntity
  8
B.Cu
  6
CONTINUOUS
100
AcDbLine
 10
6.4495513779527558
 20
-3.438016771653543
 30
0
 11
6.4487743700787403
 21
-3.4409165748031496
 31
0
  0
LINE
  5
13E1
330
1F
100
AcDbEntity
  8
B.Cu
  6
CONTINUOUS
100
AcDbLine
 10
6.4487743700787403
 20
-3.4409165748031496
 30
0
 11
6.4472733464566927
 21
-3.4435164566929135
 31
0
  0
LINE
  5
13E2
330
1F
100
AcDbEntity
  8
B.Cu
  6
CONTINUOUS
100
AcDbLine
 10
6.4472733464566927
 20
-3.4435164566929135
 30
0
 11
6.4451505118110237
 21
-3.4456392913385825
 31
0
  0
LINE
  5
13E3
330
1F
100
AcDbEntity
  8
B.Cu
  6
CONTINUOUS
100
AcDbLine
 10
6.4451505118110237
 20
-3.4456392913385825
 30
0
 11
6.4425506299212598
 21
-3.4471403149606297
 31
0
  0
LINE
  5
13E4
330
1F
100
AcDbEntity
  8
B.Cu
  6
CONTINUOUS
100
AcDbLine
 10
6.4425506299212598
 20
-3.4471403149606297
 30
0
 11
6.4396508267716532
 21
-3.4479173228346456
 31
0
  0
LINE
  5
13E5
330
1F
100
AcDbEntity
  8
B.Cu
  6
CONTINUOUS
100
AcDbLine
 10
6.4396508267716532
 20
-3.4479173228346456
 30
0
 11
6.4366487007874014
 21
-3.4479173228346456
 31
0
  0
LINE
  5
13E6
330
1F
100
AcDbEntity
  8
B.Cu
  6
CONTINUOUS
100
AcDbLine
 10
6.4366487007874014
 20
-3.4479173228346456
 30
0
 11
6.4337488976377948
 21
-3.4471403149606297
 31
0
  0
LINE
  5
13E7
330
1F
100
AcDbEntity
  8
B.Cu
  6
CONTINUOUS
100
AcDbLine
 10
6.4337488976377948
 20
-3.4471403149606297
 30
0
 11
6.4311490157480318
 21
-3.4456392913385825
 31
0
  0
LINE
  5
13E8
330
1F
100
AcDbEntity
  8
B.Cu
  6
CONTINUOUS
100
AcDbLine
 10
6.4311490157480318
 20
-3.4456392913385825
 30
0
 11
6.4290261811023619
 21
-3.4435164566929135
 31
0
  0
LINE
  5
13E9
330
1F
100
AcDbEntity
  8
B.Cu
  6
CONTINUOUS
100
AcDbLine
 10
6.4290261811023619
 20
-3.4435164566929135
 30
0
 11
6.4275251574803152
 21
-3.4409165748031496
 31
0
  0
LINE
  5
13EA
330
1F
100
AcDbEntity
  8
B.Cu
  6
CONTINUOUS
100
AcDbLine
 10
6.4275251574803152
 20
-3.4409165748031496
 30
0
 11
6.4267481496062988
 21
-3.438016771653543
 31
0
  0
LINE
  5
13EB
330
1F
100
AcDbEntity
  8
B.Cu
  6
CONTINUOUS
100
AcDbLine
 10
6.4267481496062988
 20
-3.438016771653543
 30
0
 11
6.4267481496062988
 21
-3.4350146456692912
 31
0
  0
LINE
  5
13EC
330
1F
100
AcDbEntity
  8
B.Cu
  6
CONTINUOUS
100
AcDbLine
 10
6.4267481496062988
 20
-3.4350146456692912
 30
0
 11
6.4275251574803152
 21
-3.432114842519685
 31
0
  0
LINE
  5
13ED
330
1F
100
AcDbEntity
  8
B.Cu
  6
CONTINUOUS
100
AcDbLine
 10
6.4275251574803152
 20
-3.432114842519685
 30
0
 11
6.4290261811023619
 21
-3.4295149606299211
 31
0
  0
LINE
  5
13EE
330
1F
100
AcDbEntity
  8
B.Cu
  6
CONTINUOUS
100
AcDbLine
 10
6.4290261811023619
 20
-3.4295149606299211
 30
0
 11
6.4311490157480318
 21
-3.4273921259842517
 31
0
  0
LINE
  5
13EF
330
1F
100
AcDbEntity
  8
B.Cu
  6
CONTINUOUS
100
AcDbLine
 10
6.4311490157480318
 20
-3.4273921259842517
 30
0
 11
6.4337488976377948
 21
-3.4258911023622045
 31
0
  0
LINE
  5
13F0
330
1F
100
AcDbEntity
  8
B.Cu
  6
CONTINUOUS
100
AcDbLine
 10
6.4337488976377948
 20
-3.4258911023622045
 30
0
 11
6.4366487007874014
 21
-3.425114094488189
 31
0
  0
LINE
  5
13F1
330
1F
100
AcDbEntity
  8
B.Cu
  6
CONTINUOUS
100
AcDbLine
 10
6.4366487007874014
 20
-3.425114094488189
 30
0
 11
6.4396508267716532
 21
-3.425114094488189
 31
0
  0
LINE
  5
13F2
330
1F
100
AcDbEntity
  8
B.Cu
  6
CONTINUOUS
100
AcDbLine
 10
6.4396508267716532
 20
-3.425114094488189
 30
0
 11
6.4425506299212598
 21
-3.4258911023622045
 31
0
  0
LINE
  5
13F3
330
1F
100
AcDbEntity
  8
B.Cu
  6
CONTINUOUS
100
AcDbLine
 10
6.1715620472440946
 20
-3.3088398031496062
 30
0
 11
6.174755196850394
 21
-3.3109734251968503
 31
0
  0
LINE
  5
13F4
330
1F
100
AcDbEntity
  8
B.Cu
  6
CONTINUOUS
100
AcDbLine
 10
6.174755196850394
 20
-3.3109734251968503
 30
0
 11
6.1768888188976376
 21
-3.3141665748031497
 31
0
  0
LINE
  5
13F5
330
1F
100
AcDbEntity
  8
B.Cu
  6
CONTINUOUS
100
AcDbLine
 10
6.1768888188976376
 20
-3.3141665748031497
 30
0
 11
6.1776379921259839
 21
-3.3179331889763777
 31
0
  0
LINE
  5
13F6
330
1F
100
AcDbEntity
  8
B.Cu
  6
CONTINUOUS
100
AcDbLine
 10
6.1776379921259839
 20
-3.3179331889763777
 30
0
 11
6.1776380314960626
 21
-3.3927362204724409
 31
0
  0
LINE
  5
13F7
330
1F
100
AcDbEntity
  8
B.Cu
  6
CONTINUOUS
100
AcDbLine
 10
6.1776380314960626
 20
-3.3927362204724409
 30
0
 11
6.1768888188976376
 21
-3.3965027952755906
 31
0
  0
LINE
  5
13F8
330
1F
100
AcDbEntity
  8
B.Cu
  6
CONTINUOUS
100
AcDbLine
 10
6.1768888188976376
 20
-3.3965027952755906
 30
0
 11
6.174755196850394
 21
-3.3996959448818895
 31
0
  0
LINE
  5
13F9
330
1F
100
AcDbEntity
  8
B.Cu
  6
CONTINUOUS
100
AcDbLine
 10
6.174755196850394
 20
-3.3996959448818895
 30
0
 11
6.1715620472440946
 21
-3.4018295669291336
 31
0
  0
LINE
  5
13FA
330
1F
100
AcDbEntity
  8
B.Cu
  6
CONTINUOUS
100
AcDbLine
 10
6.1715620472440946
 20
-3.4018295669291336
 30
0
 11
6.1677954330708662
 21
-3.4025787401574803
 31
0
  0
LINE
  5
13FB
330
1F
100
AcDbEntity
  8
B.Cu
  6
CONTINUOUS
100
AcDbLine
 10
6.1677954330708662
 20
-3.4025787401574803
 30
0
 11
6.0929924015748034
 21
-3.402578779527559
 31
0
  0
LINE
  5
13FC
330
1F
100
AcDbEntity
  8
B.Cu
  6
CONTINUOUS
100
AcDbLine
 10
6.0929924015748034
 20
-3.402578779527559
 30
0
 11
6.0892258267716537
 21
-3.4018295669291336
 31
0
  0
LINE
  5
13FD
330
1F
100
AcDbEntity
  8
B.Cu
  6
CONTINUOUS
100
AcDbLine
 10
6.0892258267716537
 20
-3.4018295669291336
 30
0
 11
6.0860326771653543
 21
-3.3996959448818895
 31
0
  0
LINE
  5
13FE
330
1F
100
AcDbEntity
  8
B.Cu
  6
CONTINUOUS
100
AcDbLine
 10
6.0860326771653543
 20
-3.3996959448818895
 30
0
 11
6.0838990551181098
 21
-3.3965027952755906
 31
0
  0
LINE
  5
13FF
330
1F
100
AcDbEntity
  8
B.Cu
  6
CONTINUOUS
100
AcDbLine
 10
6.0838990551181098
 20
-3.3965027952755906
 30
0
 11
6.0831498818897636
 21
-3.3927361811023622
 31
0
  0
LINE
  5
1400
330
1F
100
AcDbEntity
  8
B.Cu
  6
CONTINUOUS
100
AcDbLine
 10
6.0831498818897636
 20
-3.3927361811023622
 30
0
 11
6.0831498425196848
 21
-3.3179331496062989
 31
0
  0
LINE
  5
1401
330
1F
100
AcDbEntity
  8
B.Cu
  6
CONTINUOUS
100
AcDbLine
 10
6.0831498425196848
 20
-3.3179331496062989
 30
0
 11
6.0838990551181098
 21
-3.3141665748031497
 31
0
  0
LINE
  5
1402
330
1F
100
AcDbEntity
  8
B.Cu
  6
CONTINUOUS
100
AcDbLine
 10
6.0838990551181098
 20
-3.3141665748031497
 30
0
 11
6.0860326771653543
 21
-3.3109734251968503
 31
0
  0
LINE
  5
1403
330
1F
100
AcDbEntity
  8
B.Cu
  6
CONTINUOUS
100
AcDbLine
 10
6.0860326771653543
 20
-3.3109734251968503
 30
0
 11
6.0892258267716537
 21
-3.3088398031496062
 31
0
  0
LINE
  5
1404
330
1F
100
AcDbEntity
  8
B.Cu
  6
CONTINUOUS
100
AcDbLine
 10
6.0892258267716537
 20
-3.3088398031496062
 30
0
 11
6.0929924409448821
 21
-3.3080906299212596
 31
0
  0
LINE
  5
1405
330
1F
100
AcDbEntity
  8
B.Cu
  6
CONTINUOUS
100
AcDbLine
 10
6.0929924409448821
 20
-3.3080906299212596
 30
0
 11
6.1677954724409449
 21
-3.3080905905511808
 31
0
  0
LINE
  5
1406
330
1F
100
AcDbEntity
  8
B.Cu
  6
CONTINUOUS
100
AcDbLine
 10
6.1677954724409449
 20
-3.3080905905511808
 30
0
 11
6.1715620472440946
 21
-3.3088398031496062
 31
0
  0
LINE
  5
1407
330
1F
100
AcDbEntity
  8
B.Cu
  6
CONTINUOUS
100
AcDbLine
 10
6.0036275590551176
 20
-3.3093959448818895
 30
0
 11
6.0106781889763781
 21
-3.3116868503937007
 31
0
  0
LINE
  5
1408
330
1F
100
AcDbEntity
  8
B.Cu
  6
CONTINUOUS
100
AcDbLine
 10
6.0106781889763781
 20
-3.3116868503937007
 30
0
 11
6.0172836220472439
 21
-3.3150524803149604
 31
0
  0
LINE
  5
1409
330
1F
100
AcDbEntity
  8
B.Cu
  6
CONTINUOUS
100
AcDbLine
 10
6.0172836220472439
 20
-3.3150524803149604
 30
0
 11
6.0232812598425198
 21
-3.31941
 31
0
  0
LINE
  5
140A
330
1F
100
AcDbEntity
  8
B.Cu
  6
CONTINUOUS
100
AcDbLine
 10
6.0232812598425198
 20
-3.31941
 30
0
 11
6.0285233464566925
 21
-3.3246520866141731
 31
0
  0
LINE
  5
140B
330
1F
100
AcDbEntity
  8
B.Cu
  6
CONTINUOUS
100
AcDbLine
 10
6.0285233464566925
 20
-3.3246520866141731
 30
0
 11
6.0328808661417321
 21
-3.3306497244094486
 31
0
  0
LINE
  5
140C
330
1F
100
AcDbEntity
  8
B.Cu
  6
CONTINUOUS
100
AcDbLine
 10
6.0328808661417321
 20
-3.3306497244094486
 30
0
 11
6.0362464960629918
 21
-3.3372551574803149
 31
0
  0
LINE
  5
140D
330
1F
100
AcDbEntity
  8
B.Cu
  6
CONTINUOUS
100
AcDbLine
 10
6.0362464960629918
 20
-3.3372551574803149
 30
0
 11
6.0385374015748035
 21
-3.3443057874015749
 31
0
  0
LINE
  5
140E
330
1F
100
AcDbEntity
  8
B.Cu
  6
CONTINUOUS
100
AcDbLine
 10
6.0385374015748035
 20
-3.3443057874015749
 30
0
 11
6.0396971259842518
 21
-3.3516279527559054
 31
0
  0
LINE
  5
140F
330
1F
100
AcDbEntity
  8
B.Cu
  6
CONTINUOUS
100
AcDbLine
 10
6.0396971259842518
 20
-3.3516279527559054
 30
0
 11
6.0396971259842518
 21
-3.3590414173228345
 31
0
  0
LINE
  5
1410
330
1F
100
AcDbEntity
  8
B.Cu
  6
CONTINUOUS
100
AcDbLine
 10
6.0396971259842518
 20
-3.3590414173228345
 30
0
 11
6.0385374015748035
 21
-3.3663635826771654
 31
0
  0
LINE
  5
1411
330
1F
100
AcDbEntity
  8
B.Cu
  6
CONTINUOUS
100
AcDbLine
 10
6.0385374015748035
 20
-3.3663635826771654
 30
0
 11
6.0362464960629918
 21
-3.373414212598425
 31
0
  0
LINE
  5
1412
330
1F
100
AcDbEntity
  8
B.Cu
  6
CONTINUOUS
100
AcDbLine
 10
6.0362464960629918
 20
-3.373414212598425
 30
0
 11
6.0328808661417321
 21
-3.3800196456692913
 31
0
  0
LINE
  5
1413
330
1F
100
AcDbEntity
  8
B.Cu
  6
CONTINUOUS
100
AcDbLine
 10
6.0328808661417321
 20
-3.3800196456692913
 30
0
 11
6.0285233464566925
 21
-3.3860172834645668
 31
0
  0
LINE
  5
1414
330
1F
100
AcDbEntity
  8
B.Cu
  6
CONTINUOUS
100
AcDbLine
 10
6.0285233464566925
 20
-3.3860172834645668
 30
0
 11
6.0232812598425198
 21
-3.3912593700787399
 31
0
  0
LINE
  5
1415
330
1F
100
AcDbEntity
  8
B.Cu
  6
CONTINUOUS
100
AcDbLine
 10
6.0232812598425198
 20
-3.3912593700787399
 30
0
 11
6.0172836220472439
 21
-3.3956168897637795
 31
0
  0
LINE
  5
1416
330
1F
100
AcDbEntity
  8
B.Cu
  6
CONTINUOUS
100
AcDbLine
 10
6.0172836220472439
 20
-3.3956168897637795
 30
0
 11
6.0106781889763781
 21
-3.3989825196850392
 31
0
  0
LINE
  5
1417
330
1F
100
AcDbEntity
  8
B.Cu
  6
CONTINUOUS
100
AcDbLine
 10
6.0106781889763781
 20
-3.3989825196850392
 30
0
 11
6.0036275590551176
 21
-3.4012734251968504
 31
0
  0
LINE
  5
1418
330
1F
100
AcDbEntity
  8
B.Cu
  6
CONTINUOUS
100
AcDbLine
 10
6.0036275590551176
 20
-3.4012734251968504
 30
0
 11
5.9963053937007871
 21
-3.4024331496062992
 31
0
  0
LINE
  5
1419
330
1F
100
AcDbEntity
  8
B.Cu
  6
CONTINUOUS
100
AcDbLine
 10
5.9963053937007871
 20
-3.4024331496062992
 30
0
 11
5.9888919291338585
 21
-3.4024331496062992
 31
0
  0
LINE
  5
141A
330
1F
100
AcDbEntity
  8
B.Cu
  6
CONTINUOUS
100
AcDbLine
 10
5.9888919291338585
 20
-3.4024331496062992
 30
0
 11
5.9815697637795271
 21
-3.4012734251968504
 31
0
  0
LINE
  5
141B
330
1F
100
AcDbEntity
  8
B.Cu
  6
CONTINUOUS
100
AcDbLine
 10
5.9815697637795271
 20
-3.4012734251968504
 30
0
 11
5.9745191338582675
 21
-3.3989825196850392
 31
0
  0
LINE
  5
141C
330
1F
100
AcDbEntity
  8
B.Cu
  6
CONTINUOUS
100
AcDbLine
 10
5.9745191338582675
 20
-3.3989825196850392
 30
0
 11
5.9679137007874017
 21
-3.3956168897637795
 31
0
  0
LINE
  5
141D
330
1F
100
AcDbEntity
  8
B.Cu
  6
CONTINUOUS
100
AcDbLine
 10
5.9679137007874017
 20
-3.3956168897637795
 30
0
 11
5.9619160629921257
 21
-3.3912593700787399
 31
0
  0
LINE
  5
141E
330
1F
100
AcDbEntity
  8
B.Cu
  6
CONTINUOUS
100
AcDbLine
 10
5.9619160629921257
 20
-3.3912593700787399
 30
0
 11
5.956673976377953
 21
-3.3860172834645668
 31
0
  0
LINE
  5
141F
330
1F
100
AcDbEntity
  8
B.Cu
  6
CONTINUOUS
100
AcDbLine
 10
5.956673976377953
 20
-3.3860172834645668
 30
0
 11
5.9523164566929134
 21
-3.3800196456692913
 31
0
  0
LINE
  5
1420
330
1F
100
AcDbEntity
  8
B.Cu
  6
CONTINUOUS
100
AcDbLine
 10
5.9523164566929134
 20
-3.3800196456692913
 30
0
 11
5.9489508267716538
 21
-3.373414212598425
 31
0
  0
LINE
  5
1421
330
1F
100
AcDbEntity
  8
B.Cu
  6
CONTINUOUS
100
AcDbLine
 10
5.9489508267716538
 20
-3.373414212598425
 30
0
 11
5.9466599212598421
 21
-3.3663635826771654
 31
0
  0
LINE
  5
1422
330
1F
100
AcDbEntity
  8
B.Cu
  6
CONTINUOUS
100
AcDbLine
 10
5.9466599212598421
 20
-3.3663635826771654
 30
0
 11
5.9455001968503938
 21
-3.3590414173228345
 31
0
  0
LINE
  5
1423
330
1F
100
AcDbEntity
  8
B.Cu
  6
CONTINUOUS
100
AcDbLine
 10
5.9455001968503938
 20
-3.3590414173228345
 30
0
 11
5.9455001968503938
 21
-3.3516279527559054
 31
0
  0
LINE
  5
1424
330
1F
100
AcDbEntity
  8
B.Cu
  6
CONTINUOUS
100
AcDbLine
 10
5.9455001968503938
 20
-3.3516279527559054
 30
0
 11
5.9466599212598421
 21
-3.3443057874015749
 31
0
  0
LINE
  5
1425
330
1F
100
AcDbEntity
  8
B.Cu
  6
CONTINUOUS
100
AcDbLine
 10
5.9466599212598421
 20
-3.3443057874015749
 30
0
 11
5.9489508267716538
 21
-3.3372551574803149
 31
0
  0
LINE
  5
1426
330
1F
100
AcDbEntity
  8
B.Cu
  6
CONTINUOUS
100
AcDbLine
 10
5.9489508267716538
 20
-3.3372551574803149
 30
0
 11
5.9523164566929134
 21
-3.3306497244094486
 31
0
  0
LINE
  5
1427
330
1F
100
AcDbEntity
  8
B.Cu
  6
CONTINUOUS
100
AcDbLine
 10
5.9523164566929134
 20
-3.3306497244094486
 30
0
 11
5.956673976377953
 21
-3.3246520866141731
 31
0
  0
LINE
  5
1428
330
1F
100
AcDbEntity
  8
B.Cu
  6
CONTINUOUS
100
AcDbLine
 10
5.956673976377953
 20
-3.3246520866141731
 30
0
 11
5.9619160629921257
 21
-3.31941
 31
0
  0
LINE
  5
1429
330
1F
100
AcDbEntity
  8
B.Cu
  6
CONTINUOUS
100
AcDbLine
 10
5.9619160629921257
 20
-3.31941
 30
0
 11
5.9679137007874017
 21
-3.3150524803149604
 31
0
  0
LINE
  5
142A
330
1F
100
AcDbEntity
  8
B.Cu
  6
CONTINUOUS
100
AcDbLine
 10
5.9679137007874017
 20
-3.3150524803149604
 30
0
 11
5.9745191338582675
 21
-3.3116868503937007
 31
0
  0
LINE
  5
142B
330
1F
100
AcDbEntity
  8
B.Cu
  6
CONTINUOUS
100
AcDbLine
 10
5.9745191338582675
 20
-3.3116868503937007
 30
0
 11
5.9815697637795271
 21
-3.3093959448818895
 31
0
  0
LINE
  5
142C
330
1F
100
AcDbEntity
  8
B.Cu
  6
CONTINUOUS
100
AcDbLine
 10
5.9815697637795271
 20
-3.3093959448818895
 30
0
 11
5.9888919291338585
 21
-3.3082362204724407
 31
0
  0
LINE
  5
142D
330
1F
100
AcDbEntity
  8
B.Cu
  6
CONTINUOUS
100
AcDbLine
 10
5.9888919291338585
 20
-3.3082362204724407
 30
0
 11
5.9963053937007871
 21
-3.3082362204724407
 31
0
  0
LINE
  5
142E
330
1F
100
AcDbEntity
  8
B.Cu
  6
CONTINUOUS
100
AcDbLine
 10
5.9963053937007871
 20
-3.3082362204724407
 30
0
 11
6.0036275590551176
 21
-3.3093959448818895
 31
0
  0
LINE
  5
142F
330
1F
100
AcDbEntity
  8
B.Cu
  6
CONTINUOUS
100
AcDbLine
 10
5.5866057874015747
 20
-3.3669935039370076
 30
0
 11
5.5892056692913386
 21
-3.3684945275590552
 31
0
  0
LINE
  5
1430
330
1F
100
AcDbEntity
  8
B.Cu
  6
CONTINUOUS
100
AcDbLine
 10
5.5892056692913386
 20
-3.3684945275590552
 30
0
 11
5.5913285039370075
 21
-3.3706173622047242
 31
0
  0
LINE
  5
1431
330
1F
100
AcDbEntity
  8
B.Cu
  6
CONTINUOUS
100
AcDbLine
 10
5.5913285039370075
 20
-3.3706173622047242
 30
0
 11
5.5928295275590552
 21
-3.3732172440944881
 31
0
  0
LINE
  5
1432
330
1F
100
AcDbEntity
  8
B.Cu
  6
CONTINUOUS
100
AcDbLine
 10
5.5928295275590552
 20
-3.3732172440944881
 30
0
 11
5.5936065354330706
 21
-3.3761170472440942
 31
0
  0
LINE
  5
1433
330
1F
100
AcDbEntity
  8
B.Cu
  6
CONTINUOUS
100
AcDbLine
 10
5.5936065354330706
 20
-3.3761170472440942
 30
0
 11
5.5936065354330706
 21
-3.3791191732283465
 31
0
  0
LINE
  5
1434
330
1F
100
AcDbEntity
  8
B.Cu
  6
CONTINUOUS
100
AcDbLine
 10
5.5936065354330706
 20
-3.3791191732283465
 30
0
 11
5.5928295275590552
 21
-3.3820189763779527
 31
0
  0
LINE
  5
1435
330
1F
100
AcDbEntity
  8
B.Cu
  6
CONTINUOUS
100
AcDbLine
 10
5.5928295275590552
 20
-3.3820189763779527
 30
0
 11
5.5913285039370075
 21
-3.3846188582677166
 31
0
  0
LINE
  5
1436
330
1F
100
AcDbEntity
  8
B.Cu
  6
CONTINUOUS
100
AcDbLine
 10
5.5913285039370075
 20
-3.3846188582677166
 30
0
 11
5.5892056692913386
 21
-3.3867416929133856
 31
0
  0
LINE
  5
1437
330
1F
100
AcDbEntity
  8
B.Cu
  6
CONTINUOUS
100
AcDbLine
 10
5.5892056692913386
 20
-3.3867416929133856
 30
0
 11
5.5866057874015747
 21
-3.3882427165354332
 31
0
  0
LINE
  5
1438
330
1F
100
AcDbEntity
  8
B.Cu
  6
CONTINUOUS
100
AcDbLine
 10
5.5866057874015747
 20
-3.3882427165354332
 30
0
 11
5.5837059842519681
 21
-3.3890197244094487
 31
0
  0
LINE
  5
1439
330
1F
100
AcDbEntity
  8
B.Cu
  6
CONTINUOUS
100
AcDbLine
 10
5.5837059842519681
 20
-3.3890197244094487
 30
0
 11
5.5807038582677162
 21
-3.3890197244094487
 31
0
  0
LINE
  5
143A
330
1F
100
AcDbEntity
  8
B.Cu
  6
CONTINUOUS
100
AcDbLine
 10
5.5807038582677162
 20
-3.3890197244094487
 30
0
 11
5.5778040551181105
 21
-3.3882427165354332
 31
0
  0
LINE
  5
143B
330
1F
100
AcDbEntity
  8
B.Cu
  6
CONTINUOUS
100
AcDbLine
 10
5.5778040551181105
 20
-3.3882427165354332
 30
0
 11
5.5752041732283466
 21
-3.3867416929133856
 31
0
  0
LINE
  5
143C
330
1F
100
AcDbEntity
  8
B.Cu
  6
CONTINUOUS
100
AcDbLine
 10
5.5752041732283466
 20
-3.3867416929133856
 30
0
 11
5.5730813385826767
 21
-3.3846188582677166
 31
0
  0
LINE
  5
143D
330
1F
100
AcDbEntity
  8
B.Cu
  6
CONTINUOUS
100
AcDbLine
 10
5.5730813385826767
 20
-3.3846188582677166
 30
0
 11
5.57158031496063
 21
-3.3820189763779527
 31
0
  0
LINE
  5
143E
330
1F
100
AcDbEntity
  8
B.Cu
  6
CONTINUOUS
100
AcDbLine
 10
5.57158031496063
 20
-3.3820189763779527
 30
0
 11
5.5708033070866136
 21
-3.3791191732283465
 31
0
  0
LINE
  5
143F
330
1F
100
AcDbEntity
  8
B.Cu
  6
CONTINUOUS
100
AcDbLine
 10
5.5708033070866136
 20
-3.3791191732283465
 30
0
 11
5.5708033070866136
 21
-3.3761170472440942
 31
0
  0
LINE
  5
1440
330
1F
100
AcDbEntity
  8
B.Cu
  6
CONTINUOUS
100
AcDbLine
 10
5.5708033070866136
 20
-3.3761170472440942
 30
0
 11
5.57158031496063
 21
-3.3732172440944881
 31
0
  0
LINE
  5
1441
330
1F
100
AcDbEntity
  8
B.Cu
  6
CONTINUOUS
100
AcDbLine
 10
5.57158031496063
 20
-3.3732172440944881
 30
0
 11
5.5730813385826767
 21
-3.3706173622047242
 31
0
  0
LINE
  5
1442
330
1F
100
AcDbEntity
  8
B.Cu
  6
CONTINUOUS
100
AcDbLine
 10
5.5730813385826767
 20
-3.3706173622047242
 30
0
 11
5.5752041732283466
 21
-3.3684945275590552
 31
0
  0
LINE
  5
1443
330
1F
100
AcDbEntity
  8
B.Cu
  6
CONTINUOUS
100
AcDbLine
 10
5.5752041732283466
 20
-3.3684945275590552
 30
0
 11
5.5778040551181105
 21
-3.3669935039370076
 31
0
  0
LINE
  5
1444
330
1F
100
AcDbEntity
  8
B.Cu
  6
CONTINUOUS
100
AcDbLine
 10
5.5778040551181105
 20
-3.3669935039370076
 30
0
 11
5.5807038582677162
 21
-3.3662164960629921
 31
0
  0
LINE
  5
1445
330
1F
100
AcDbEntity
  8
B.Cu
  6
CONTINUOUS
100
AcDbLine
 10
5.5807038582677162
 20
-3.3662164960629921
 30
0
 11
5.5837059842519681
 21
-3.3662164960629921
 31
0
  0
LINE
  5
1446
330
1F
100
AcDbEntity
  8
B.Cu
  6
CONTINUOUS
100
AcDbLine
 10
5.5837059842519681
 20
-3.3662164960629921
 30
0
 11
5.5866057874015747
 21
-3.3669935039370076
 31
0
  0
LINE
  5
1447
330
1F
100
AcDbEntity
  8
B.Cu
  6
CONTINUOUS
100
AcDbLine
 10
6.6157790157480312
 20
-3.3156548818897638
 30
0
 11
6.6183788976377951
 21
-3.3171559055118109
 31
0
  0
LINE
  5
1448
330
1F
100
AcDbEntity
  8
B.Cu
  6
CONTINUOUS
100
AcDbLine
 10
6.6183788976377951
 20
-3.3171559055118109
 30
0
 11
6.6205017322834641
 21
-3.3192787401574804
 31
0
  0
LINE
  5
1449
330
1F
100
AcDbEntity
  8
B.Cu
  6
CONTINUOUS
100
AcDbLine
 10
6.6205017322834641
 20
-3.3192787401574804
 30
0
 11
6.6220027559055117
 21
-3.3218786220472438
 31
0
  0
LINE
  5
144A
330
1F
100
AcDbEntity
  8
B.Cu
  6
CONTINUOUS
100
AcDbLine
 10
6.6220027559055117
 20
-3.3218786220472438
 30
0
 11
6.6227797637795272
 21
-3.3247784251968504
 31
0
  0
LINE
  5
144B
330
1F
100
AcDbEntity
  8
B.Cu
  6
CONTINUOUS
100
AcDbLine
 10
6.6227797637795272
 20
-3.3247784251968504
 30
0
 11
6.6227797637795272
 21
-3.3277805511811023
 31
0
  0
LINE
  5
144C
330
1F
100
AcDbEntity
  8
B.Cu
  6
CONTINUOUS
100
AcDbLine
 10
6.6227797637795272
 20
-3.3277805511811023
 30
0
 11
6.6220027559055117
 21
-3.3306803543307084
 31
0
  0
LINE
  5
144D
330
1F
100
AcDbEntity
  8
B.Cu
  6
CONTINUOUS
100
AcDbLine
 10
6.6220027559055117
 20
-3.3306803543307084
 30
0
 11
6.6205017322834641
 21
-3.3332802362204723
 31
0
  0
LINE
  5
144E
330
1F
100
AcDbEntity
  8
B.Cu
  6
CONTINUOUS
100
AcDbLine
 10
6.6205017322834641
 20
-3.3332802362204723
 30
0
 11
6.6183788976377951
 21
-3.3354030708661417
 31
0
  0
LINE
  5
144F
330
1F
100
AcDbEntity
  8
B.Cu
  6
CONTINUOUS
100
AcDbLine
 10
6.6183788976377951
 20
-3.3354030708661417
 30
0
 11
6.6157790157480312
 21
-3.3369040944881889
 31
0
  0
LINE
  5
1450
330
1F
100
AcDbEntity
  8
B.Cu
  6
CONTINUOUS
100
AcDbLine
 10
6.6157790157480312
 20
-3.3369040944881889
 30
0
 11
6.6128792125984255
 21
-3.3376811023622048
 31
0
  0
LINE
  5
1451
330
1F
100
AcDbEntity
  8
B.Cu
  6
CONTINUOUS
100
AcDbLine
 10
6.6128792125984255
 20
-3.3376811023622048
 30
0
 11
6.6098770866141727
 21
-3.3376811023622048
 31
0
  0
LINE
  5
1452
330
1F
100
AcDbEntity
  8
B.Cu
  6
CONTINUOUS
100
AcDbLine
 10
6.6098770866141727
 20
-3.3376811023622048
 30
0
 11
6.606977283464567
 21
-3.3369040944881889
 31
0
  0
LINE
  5
1453
330
1F
100
AcDbEntity
  8
B.Cu
  6
CONTINUOUS
100
AcDbLine
 10
6.606977283464567
 20
-3.3369040944881889
 30
0
 11
6.6043774015748031
 21
-3.3354030708661417
 31
0
  0
LINE
  5
1454
330
1F
100
AcDbEntity
  8
B.Cu
  6
CONTINUOUS
100
AcDbLine
 10
6.6043774015748031
 20
-3.3354030708661417
 30
0
 11
6.6022545669291341
 21
-3.3332802362204723
 31
0
  0
LINE
  5
1455
330
1F
100
AcDbEntity
  8
B.Cu
  6
CONTINUOUS
100
AcDbLine
 10
6.6022545669291341
 20
-3.3332802362204723
 30
0
 11
6.6007535433070865
 21
-3.3306803543307084
 31
0
  0
LINE
  5
1456
330
1F
100
AcDbEntity
  8
B.Cu
  6
CONTINUOUS
100
AcDbLine
 10
6.6007535433070865
 20
-3.3306803543307084
 30
0
 11
6.5999765354330711
 21
-3.3277805511811023
 31
0
  0
LINE
  5
1457
330
1F
100
AcDbEntity
  8
B.Cu
  6
CONTINUOUS
100
AcDbLine
 10
6.5999765354330711
 20
-3.3277805511811023
 30
0
 11
6.5999765354330711
 21
-3.3247784251968504
 31
0
  0
LINE
  5
1458
330
1F
100
AcDbEntity
  8
B.Cu
  6
CONTINUOUS
100
AcDbLine
 10
6.5999765354330711
 20
-3.3247784251968504
 30
0
 11
6.6007535433070865
 21
-3.3218786220472438
 31
0
  0
LINE
  5
1459
330
1F
100
AcDbEntity
  8
B.Cu
  6
CONTINUOUS
100
AcDbLine
 10
6.6007535433070865
 20
-3.3218786220472438
 30
0
 11
6.6022545669291341
 21
-3.3192787401574804
 31
0
  0
LINE
  5
145A
330
1F
100
AcDbEntity
  8
B.Cu
  6
CONTINUOUS
100
AcDbLine
 10
6.6022545669291341
 20
-3.3192787401574804
 30
0
 11
6.6043774015748031
 21
-3.3171559055118109
 31
0
  0
LINE
  5
145B
330
1F
100
AcDbEntity
  8
B.Cu
  6
CONTINUOUS
100
AcDbLine
 10
6.6043774015748031
 20
-3.3171559055118109
 30
0
 11
6.606977283464567
 21
-3.3156548818897638
 31
0
  0
LINE
  5
145C
330
1F
100
AcDbEntity
  8
B.Cu
  6
CONTINUOUS
100
AcDbLine
 10
6.606977283464567
 20
-3.3156548818897638
 30
0
 11
6.6098770866141727
 21
-3.3148778740157478
 31
0
  0
LINE
  5
145D
330
1F
100
AcDbEntity
  8
B.Cu
  6
CONTINUOUS
100
AcDbLine
 10
6.6098770866141727
 20
-3.3148778740157478
 30
0
 11
6.6128792125984255
 21
-3.3148778740157478
 31
0
  0
LINE
  5
145E
330
1F
100
AcDbEntity
  8
B.Cu
  6
CONTINUOUS
100
AcDbLine
 10
6.6128792125984255
 20
-3.3148778740157478
 30
0
 11
6.6157790157480312
 21
-3.3156548818897638
 31
0
  0
LINE
  5
145F
330
1F
100
AcDbEntity
  8
B.Cu
  6
CONTINUOUS
100
AcDbLine
 10
5.6810939763779524
 20
-3.3118753937007872
 30
0
 11
5.6836938582677163
 21
-3.3133764173228344
 31
0
  0
LINE
  5
1460
330
1F
100
AcDbEntity
  8
B.Cu
  6
CONTINUOUS
100
AcDbLine
 10
5.6836938582677163
 20
-3.3133764173228344
 30
0
 11
5.6858166929133853
 21
-3.3154992519685038
 31
0
  0
LINE
  5
1461
330
1F
100
AcDbEntity
  8
B.Cu
  6
CONTINUOUS
100
AcDbLine
 10
5.6858166929133853
 20
-3.3154992519685038
 30
0
 11
5.6873177165354329
 21
-3.3180991338582677
 31
0
  0
LINE
  5
1462
330
1F
100
AcDbEntity
  8
B.Cu
  6
CONTINUOUS
100
AcDbLine
 10
5.6873177165354329
 20
-3.3180991338582677
 30
0
 11
5.6880947244094484
 21
-3.3209989370078739
 31
0
  0
LINE
  5
1463
330
1F
100
AcDbEntity
  8
B.Cu
  6
CONTINUOUS
100
AcDbLine
 10
5.6880947244094484
 20
-3.3209989370078739
 30
0
 11
5.6880947244094484
 21
-3.3240010629921257
 31
0
  0
LINE
  5
1464
330
1F
100
AcDbEntity
  8
B.Cu
  6
CONTINUOUS
100
AcDbLine
 10
5.6880947244094484
 20
-3.3240010629921257
 30
0
 11
5.6873177165354329
 21
-3.3269008661417323
 31
0
  0
LINE
  5
1465
330
1F
100
AcDbEntity
  8
B.Cu
  6
CONTINUOUS
100
AcDbLine
 10
5.6873177165354329
 20
-3.3269008661417323
 30
0
 11
5.6858166929133853
 21
-3.3295007480314962
 31
0
  0
LINE
  5
1466
330
1F
100
AcDbEntity
  8
B.Cu
  6
CONTINUOUS
100
AcDbLine
 10
5.6858166929133853
 20
-3.3295007480314962
 30
0
 11
5.6836938582677163
 21
-3.3316235826771652
 31
0
  0
LINE
  5
1467
330
1F
100
AcDbEntity
  8
B.Cu
  6
CONTINUOUS
100
AcDbLine
 10
5.6836938582677163
 20
-3.3316235826771652
 30
0
 11
5.6810939763779524
 21
-3.3331246062992124
 31
0
  0
LINE
  5
1468
330
1F
100
AcDbEntity
  8
B.Cu
  6
CONTINUOUS
100
AcDbLine
 10
5.6810939763779524
 20
-3.3331246062992124
 30
0
 11
5.6781941732283467
 21
-3.3339016141732283
 31
0
  0
LINE
  5
1469
330
1F
100
AcDbEntity
  8
B.Cu
  6
CONTINUOUS
100
AcDbLine
 10
5.6781941732283467
 20
-3.3339016141732283
 30
0
 11
5.675192047244094
 21
-3.3339016141732283
 31
0
  0
LINE
  5
146A
330
1F
100
AcDbEntity
  8
B.Cu
  6
CONTINUOUS
100
AcDbLine
 10
5.675192047244094
 20
-3.3339016141732283
 30
0
 11
5.6722922440944883
 21
-3.3331246062992124
 31
0
  0
LINE
  5
146B
330
1F
100
AcDbEntity
  8
B.Cu
  6
CONTINUOUS
100
AcDbLine
 10
5.6722922440944883
 20
-3.3331246062992124
 30
0
 11
5.6696923622047244
 21
-3.3316235826771652
 31
0
  0
LINE
  5
146C
330
1F
100
AcDbEntity
  8
B.Cu
  6
CONTINUOUS
100
AcDbLine
 10
5.6696923622047244
 20
-3.3316235826771652
 30
0
 11
5.6675695275590554
 21
-3.3295007480314962
 31
0
  0
LINE
  5
146D
330
1F
100
AcDbEntity
  8
B.Cu
  6
CONTINUOUS
100
AcDbLine
 10
5.6675695275590554
 20
-3.3295007480314962
 30
0
 11
5.6660685039370078
 21
-3.3269008661417323
 31
0
  0
LINE
  5
146E
330
1F
100
AcDbEntity
  8
B.Cu
  6
CONTINUOUS
100
AcDbLine
 10
5.6660685039370078
 20
-3.3269008661417323
 30
0
 11
5.6652914960629923
 21
-3.3240010629921257
 31
0
  0
LINE
  5
146F
330
1F
100
AcDbEntity
  8
B.Cu
  6
CONTINUOUS
100
AcDbLine
 10
5.6652914960629923
 20
-3.3240010629921257
 30
0
 11
5.6652914960629923
 21
-3.3209989370078739
 31
0
  0
LINE
  5
1470
330
1F
100
AcDbEntity
  8
B.Cu
  6
CONTINUOUS
100
AcDbLine
 10
5.6652914960629923
 20
-3.3209989370078739
 30
0
 11
5.6660685039370078
 21
-3.3180991338582677
 31
0
  0
LINE
  5
1471
330
1F
100
AcDbEntity
  8
B.Cu
  6
CONTINUOUS
100
AcDbLine
 10
5.6660685039370078
 20
-3.3180991338582677
 30
0
 11
5.6675695275590554
 21
-3.3154992519685038
 31
0
  0
LINE
  5
1472
330
1F
100
AcDbEntity
  8
B.Cu
  6
CONTINUOUS
100
AcDbLine
 10
5.6675695275590554
 20
-3.3154992519685038
 30
0
 11
5.6696923622047244
 21
-3.3133764173228344
 31
0
  0
LINE
  5
1473
330
1F
100
AcDbEntity
  8
B.Cu
  6
CONTINUOUS
100
AcDbLine
 10
5.6696923622047244
 20
-3.3133764173228344
 30
0
 11
5.6722922440944883
 21
-3.3118753937007872
 31
0
  0
LINE
  5
1474
330
1F
100
AcDbEntity
  8
B.Cu
  6
CONTINUOUS
100
AcDbLine
 10
5.6722922440944883
 20
-3.3118753937007872
 30
0
 11
5.675192047244094
 21
-3.3110983858267717
 31
0
  0
LINE
  5
1475
330
1F
100
AcDbEntity
  8
B.Cu
  6
CONTINUOUS
100
AcDbLine
 10
5.675192047244094
 20
-3.3110983858267717
 30
0
 11
5.6781941732283467
 21
-3.3110983858267717
 31
0
  0
LINE
  5
1476
330
1F
100
AcDbEntity
  8
B.Cu
  6
CONTINUOUS
100
AcDbLine
 10
5.6781941732283467
 20
-3.3110983858267717
 30
0
 11
5.6810939763779524
 21
-3.3118753937007872
 31
0
  0
LINE
  5
1477
330
1F
100
AcDbEntity
  8
B.Cu
  6
CONTINUOUS
100
AcDbLine
 10
5.7834561811023617
 20
-3.2961273622047242
 30
0
 11
5.7860560629921256
 21
-3.2976283858267714
 31
0
  0
LINE
  5
1478
330
1F
100
AcDbEntity
  8
B.Cu
  6
CONTINUOUS
100
AcDbLine
 10
5.7860560629921256
 20
-3.2976283858267714
 30
0
 11
5.7881788976377955
 21
-3.2997512204724408
 31
0
  0
LINE
  5
1479
330
1F
100
AcDbEntity
  8
B.Cu
  6
CONTINUOUS
100
AcDbLine
 10
5.7881788976377955
 20
-3.2997512204724408
 30
0
 11
5.7896799212598422
 21
-3.3023511023622047
 31
0
  0
LINE
  5
147A
330
1F
100
AcDbEntity
  8
B.Cu
  6
CONTINUOUS
100
AcDbLine
 10
5.7896799212598422
 20
-3.3023511023622047
 30
0
 11
5.7904569291338586
 21
-3.3052509055118109
 31
0
  0
LINE
  5
147B
330
1F
100
AcDbEntity
  8
B.Cu
  6
CONTINUOUS
100
AcDbLine
 10
5.7904569291338586
 20
-3.3052509055118109
 30
0
 11
5.7904569291338586
 21
-3.3082530314960628
 31
0
  0
LINE
  5
147C
330
1F
100
AcDbEntity
  8
B.Cu
  6
CONTINUOUS
100
AcDbLine
 10
5.7904569291338586
 20
-3.3082530314960628
 30
0
 11
5.7896799212598422
 21
-3.3111528346456693
 31
0
  0
LINE
  5
147D
330
1F
100
AcDbEntity
  8
B.Cu
  6
CONTINUOUS
100
AcDbLine
 10
5.7896799212598422
 20
-3.3111528346456693
 30
0
 11
5.7881788976377955
 21
-3.3137527165354328
 31
0
  0
LINE
  5
147E
330
1F
100
AcDbEntity
  8
B.Cu
  6
CONTINUOUS
100
AcDbLine
 10
5.7881788976377955
 20
-3.3137527165354328
 30
0
 11
5.7860560629921256
 21
-3.3158755511811022
 31
0
  0
LINE
  5
147F
330
1F
100
AcDbEntity
  8
B.Cu
  6
CONTINUOUS
100
AcDbLine
 10
5.7860560629921256
 20
-3.3158755511811022
 30
0
 11
5.7834561811023617
 21
-3.3173765748031494
 31
0
  0
LINE
  5
1480
330
1F
100
AcDbEntity
  8
B.Cu
  6
CONTINUOUS
100
AcDbLine
 10
5.7834561811023617
 20
-3.3173765748031494
 30
0
 11
5.780556377952756
 21
-3.3181535826771653
 31
0
  0
LINE
  5
1481
330
1F
100
AcDbEntity
  8
B.Cu
  6
CONTINUOUS
100
AcDbLine
 10
5.780556377952756
 20
-3.3181535826771653
 30
0
 11
5.7775542519685041
 21
-3.3181535826771653
 31
0
  0
LINE
  5
1482
330
1F
100
AcDbEntity
  8
B.Cu
  6
CONTINUOUS
100
AcDbLine
 10
5.7775542519685041
 20
-3.3181535826771653
 30
0
 11
5.7746544488188976
 21
-3.3173765748031494
 31
0
  0
LINE
  5
1483
330
1F
100
AcDbEntity
  8
B.Cu
  6
CONTINUOUS
100
AcDbLine
 10
5.7746544488188976
 20
-3.3173765748031494
 30
0
 11
5.7720545669291337
 21
-3.3158755511811022
 31
0
  0
LINE
  5
1484
330
1F
100
AcDbEntity
  8
B.Cu
  6
CONTINUOUS
100
AcDbLine
 10
5.7720545669291337
 20
-3.3158755511811022
 30
0
 11
5.7699317322834647
 21
-3.3137527165354328
 31
0
  0
LINE
  5
1485
330
1F
100
AcDbEntity
  8
B.Cu
  6
CONTINUOUS
100
AcDbLine
 10
5.7699317322834647
 20
-3.3137527165354328
 30
0
 11
5.7684307086614171
 21
-3.3111528346456693
 31
0
  0
LINE
  5
1486
330
1F
100
AcDbEntity
  8
B.Cu
  6
CONTINUOUS
100
AcDbLine
 10
5.7684307086614171
 20
-3.3111528346456693
 30
0
 11
5.7676537007874016
 21
-3.3082530314960628
 31
0
  0
LINE
  5
1487
330
1F
100
AcDbEntity
  8
B.Cu
  6
CONTINUOUS
100
AcDbLine
 10
5.7676537007874016
 20
-3.3082530314960628
 30
0
 11
5.7676537007874016
 21
-3.3052509055118109
 31
0
  0
LINE
  5
1488
330
1F
100
AcDbEntity
  8
B.Cu
  6
CONTINUOUS
100
AcDbLine
 10
5.7676537007874016
 20
-3.3052509055118109
 30
0
 11
5.7684307086614171
 21
-3.3023511023622047
 31
0
  0
LINE
  5
1489
330
1F
100
AcDbEntity
  8
B.Cu
  6
CONTINUOUS
100
AcDbLine
 10
5.7684307086614171
 20
-3.3023511023622047
 30
0
 11
5.7699317322834647
 21
-3.2997512204724408
 31
0
  0
LINE
  5
148A
330
1F
100
AcDbEntity
  8
B.Cu
  6
CONTINUOUS
100
AcDbLine
 10
5.7699317322834647
 20
-3.2997512204724408
 30
0
 11
5.7720545669291337
 21
-3.2976283858267714
 31
0
  0
LINE
  5
148B
330
1F
100
AcDbEntity
  8
B.Cu
  6
CONTINUOUS
100
AcDbLine
 10
5.7720545669291337
 20
-3.2976283858267714
 30
0
 11
5.7746544488188976
 21
-3.2961273622047242
 31
0
  0
LINE
  5
148C
330
1F
100
AcDbEntity
  8
B.Cu
  6
CONTINUOUS
100
AcDbLine
 10
5.7746544488188976
 20
-3.2961273622047242
 30
0
 11
5.7775542519685041
 21
-3.2953503543307088
 31
0
  0
LINE
  5
148D
330
1F
100
AcDbEntity
  8
B.Cu
  6
CONTINUOUS
100
AcDbLine
 10
5.7775542519685041
 20
-3.2953503543307088
 30
0
 11
5.780556377952756
 21
-3.2953503543307088
 31
0
  0
LINE
  5
148E
330
1F
100
AcDbEntity
  8
B.Cu
  6
CONTINUOUS
100
AcDbLine
 10
5.780556377952756
 20
-3.2953503543307088
 30
0
 11
5.7834561811023617
 21
-3.2961273622047242
 31
0
  0
LINE
  5
148F
330
1F
100
AcDbEntity
  8
B.Cu
  6
CONTINUOUS
100
AcDbLine
 10
6.6551490551181098
 20
-3.2369147244094489
 30
0
 11
6.6577489370078737
 21
-3.2384157480314961
 31
0
  0
LINE
  5
1490
330
1F
100
AcDbEntity
  8
B.Cu
  6
CONTINUOUS
100
AcDbLine
 10
6.6577489370078737
 20
-3.2384157480314961
 30
0
 11
6.6598717716535427
 21
-3.2405385826771651
 31
0
  0
LINE
  5
1491
330
1F
100
AcDbEntity
  8
B.Cu
  6
CONTINUOUS
100
AcDbLine
 10
6.6598717716535427
 20
-3.2405385826771651
 30
0
 11
6.6613727952755903
 21
-3.243138464566929
 31
0
  0
LINE
  5
1492
330
1F
100
AcDbEntity
  8
B.Cu
  6
CONTINUOUS
100
AcDbLine
 10
6.6613727952755903
 20
-3.243138464566929
 30
0
 11
6.6621498031496058
 21
-3.2460382677165351
 31
0
  0
LINE
  5
1493
330
1F
100
AcDbEntity
  8
B.Cu
  6
CONTINUOUS
100
AcDbLine
 10
6.6621498031496058
 20
-3.2460382677165351
 30
0
 11
6.6621498031496058
 21
-3.2490403937007875
 31
0
  0
LINE
  5
1494
330
1F
100
AcDbEntity
  8
B.Cu
  6
CONTINUOUS
100
AcDbLine
 10
6.6621498031496058
 20
-3.2490403937007875
 30
0
 11
6.6613727952755903
 21
-3.2519401968503936
 31
0
  0
LINE
  5
1495
330
1F
100
AcDbEntity
  8
B.Cu
  6
CONTINUOUS
100
AcDbLine
 10
6.6613727952755903
 20
-3.2519401968503936
 30
0
 11
6.6598717716535427
 21
-3.2545400787401575
 31
0
  0
LINE
  5
1496
330
1F
100
AcDbEntity
  8
B.Cu
  6
CONTINUOUS
100
AcDbLine
 10
6.6598717716535427
 20
-3.2545400787401575
 30
0
 11
6.6577489370078737
 21
-3.2566629133858269
 31
0
  0
LINE
  5
1497
330
1F
100
AcDbEntity
  8
B.Cu
  6
CONTINUOUS
100
AcDbLine
 10
6.6577489370078737
 20
-3.2566629133858269
 30
0
 11
6.6551490551181098
 21
-3.2581639370078741
 31
0
  0
LINE
  5
1498
330
1F
100
AcDbEntity
  8
B.Cu
  6
CONTINUOUS
100
AcDbLine
 10
6.6551490551181098
 20
-3.2581639370078741
 30
0
 11
6.6522492519685041
 21
-3.2589409448818896
 31
0
  0
LINE
  5
1499
330
1F
100
AcDbEntity
  8
B.Cu
  6
CONTINUOUS
100
AcDbLine
 10
6.6522492519685041
 20
-3.2589409448818896
 30
0
 11
6.6492471259842514
 21
-3.2589409448818896
 31
0
  0
LINE
  5
149A
330
1F
100
AcDbEntity
  8
B.Cu
  6
CONTINUOUS
100
AcDbLine
 10
6.6492471259842514
 20
-3.2589409448818896
 30
0
 11
6.6463473228346457
 21
-3.2581639370078741
 31
0
  0
LINE
  5
149B
330
1F
100
AcDbEntity
  8
B.Cu
  6
CONTINUOUS
100
AcDbLine
 10
6.6463473228346457
 20
-3.2581639370078741
 30
0
 11
6.6437474409448818
 21
-3.2566629133858269
 31
0
  0
LINE
  5
149C
330
1F
100
AcDbEntity
  8
B.Cu
  6
CONTINUOUS
100
AcDbLine
 10
6.6437474409448818
 20
-3.2566629133858269
 30
0
 11
6.6416246062992128
 21
-3.2545400787401575
 31
0
  0
LINE
  5
149D
330
1F
100
AcDbEntity
  8
B.Cu
  6
CONTINUOUS
100
AcDbLine
 10
6.6416246062992128
 20
-3.2545400787401575
 30
0
 11
6.6401235826771652
 21
-3.2519401968503936
 31
0
  0
LINE
  5
149E
330
1F
100
AcDbEntity
  8
B.Cu
  6
CONTINUOUS
100
AcDbLine
 10
6.6401235826771652
 20
-3.2519401968503936
 30
0
 11
6.6393465748031497
 21
-3.2490403937007875
 31
0
  0
LINE
  5
149F
330
1F
100
AcDbEntity
  8
B.Cu
  6
CONTINUOUS
100
AcDbLine
 10
6.6393465748031497
 20
-3.2490403937007875
 30
0
 11
6.6393465748031497
 21
-3.2460382677165351
 31
0
  0
LINE
  5
14A0
330
1F
100
AcDbEntity
  8
B.Cu
  6
CONTINUOUS
100
AcDbLine
 10
6.6393465748031497
 20
-3.2460382677165351
 30
0
 11
6.6401235826771652
 21
-3.243138464566929
 31
0
  0
LINE
  5
14A1
330
1F
100
AcDbEntity
  8
B.Cu
  6
CONTINUOUS
100
AcDbLine
 10
6.6401235826771652
 20
-3.243138464566929
 30
0
 11
6.6416246062992128
 21
-3.2405385826771651
 31
0
  0
LINE
  5
14A2
330
1F
100
AcDbEntity
  8
B.Cu
  6
CONTINUOUS
100
AcDbLine
 10
6.6416246062992128
 20
-3.2405385826771651
 30
0
 11
6.6437474409448818
 21
-3.2384157480314961
 31
0
  0
LINE
  5
14A3
330
1F
100
AcDbEntity
  8
B.Cu
  6
CONTINUOUS
100
AcDbLine
 10
6.6437474409448818
 20
-3.2384157480314961
 30
0
 11
6.6463473228346457
 21
-3.2369147244094489
 31
0
  0
LINE
  5
14A4
330
1F
100
AcDbEntity
  8
B.Cu
  6
CONTINUOUS
100
AcDbLine
 10
6.6463473228346457
 20
-3.2369147244094489
 30
0
 11
6.6492471259842514
 21
-3.236137716535433
 31
0
  0
LINE
  5
14A5
330
1F
100
AcDbEntity
  8
B.Cu
  6
CONTINUOUS
100
AcDbLine
 10
6.6492471259842514
 20
-3.236137716535433
 30
0
 11
6.6522492519685041
 21
-3.236137716535433
 31
0
  0
LINE
  5
14A6
330
1F
100
AcDbEntity
  8
B.Cu
  6
CONTINUOUS
100
AcDbLine
 10
6.6522492519685041
 20
-3.236137716535433
 30
0
 11
6.6551490551181098
 21
-3.2369147244094489
 31
0
  0
LINE
  5
14A7
330
1F
100
AcDbEntity
  8
B.Cu
  6
CONTINUOUS
100
AcDbLine
 10
5.5787317322834644
 20
-3.2331352362204724
 30
0
 11
5.5813316141732283
 21
-3.2346362598425196
 31
0
  0
LINE
  5
14A8
330
1F
100
AcDbEntity
  8
B.Cu
  6
CONTINUOUS
100
AcDbLine
 10
5.5813316141732283
 20
-3.2346362598425196
 30
0
 11
5.5834544488188973
 21
-3.236759094488189
 31
0
  0
LINE
  5
14A9
330
1F
100
AcDbEntity
  8
B.Cu
  6
CONTINUOUS
100
AcDbLine
 10
5.5834544488188973
 20
-3.236759094488189
 30
0
 11
5.5849554724409449
 21
-3.2393589763779529
 31
0
  0
LINE
  5
14AA
330
1F
100
AcDbEntity
  8
B.Cu
  6
CONTINUOUS
100
AcDbLine
 10
5.5849554724409449
 20
-3.2393589763779529
 30
0
 11
5.5857324803149604
 21
-3.242258779527559
 31
0
  0
LINE
  5
14AB
330
1F
100
AcDbEntity
  8
B.Cu
  6
CONTINUOUS
100
AcDbLine
 10
5.5857324803149604
 20
-3.242258779527559
 30
0
 11
5.5857324803149604
 21
-3.2452609055118109
 31
0
  0
LINE
  5
14AC
330
1F
100
AcDbEntity
  8
B.Cu
  6
CONTINUOUS
100
AcDbLine
 10
5.5857324803149604
 20
-3.2452609055118109
 30
0
 11
5.5849554724409449
 21
-3.248160708661417
 31
0
  0
LINE
  5
14AD
330
1F
100
AcDbEntity
  8
B.Cu
  6
CONTINUOUS
100
AcDbLine
 10
5.5849554724409449
 20
-3.248160708661417
 30
0
 11
5.5834544488188973
 21
-3.2507605905511809
 31
0
  0
LINE
  5
14AE
330
1F
100
AcDbEntity
  8
B.Cu
  6
CONTINUOUS
100
AcDbLine
 10
5.5834544488188973
 20
-3.2507605905511809
 30
0
 11
5.5813316141732283
 21
-3.2528834251968504
 31
0
  0
LINE
  5
14AF
330
1F
100
AcDbEntity
  8
B.Cu
  6
CONTINUOUS
100
AcDbLine
 10
5.5813316141732283
 20
-3.2528834251968504
 30
0
 11
5.5787317322834644
 21
-3.2543844488188975
 31
0
  0
LINE
  5
14B0
330
1F
100
AcDbEntity
  8
B.Cu
  6
CONTINUOUS
100
AcDbLine
 10
5.5787317322834644
 20
-3.2543844488188975
 30
0
 11
5.5758319291338578
 21
-3.2551614566929135
 31
0
  0
LINE
  5
14B1
330
1F
100
AcDbEntity
  8
B.Cu
  6
CONTINUOUS
100
AcDbLine
 10
5.5758319291338578
 20
-3.2551614566929135
 30
0
 11
5.572829803149606
 21
-3.2551614566929135
 31
0
  0
LINE
  5
14B2
330
1F
100
AcDbEntity
  8
B.Cu
  6
CONTINUOUS
100
AcDbLine
 10
5.572829803149606
 20
-3.2551614566929135
 30
0
 11
5.5699300000000003
 21
-3.2543844488188975
 31
0
  0
LINE
  5
14B3
330
1F
100
AcDbEntity
  8
B.Cu
  6
CONTINUOUS
100
AcDbLine
 10
5.5699300000000003
 20
-3.2543844488188975
 30
0
 11
5.5673301181102364
 21
-3.2528834251968504
 31
0
  0
LINE
  5
14B4
330
1F
100
AcDbEntity
  8
B.Cu
  6
CONTINUOUS
100
AcDbLine
 10
5.5673301181102364
 20
-3.2528834251968504
 30
0
 11
5.5652072834645665
 21
-3.2507605905511809
 31
0
  0
LINE
  5
14B5
330
1F
100
AcDbEntity
  8
B.Cu
  6
CONTINUOUS
100
AcDbLine
 10
5.5652072834645665
 20
-3.2507605905511809
 30
0
 11
5.5637062598425198
 21
-3.248160708661417
 31
0
  0
LINE
  5
14B6
330
1F
100
AcDbEntity
  8
B.Cu
  6
CONTINUOUS
100
AcDbLine
 10
5.5637062598425198
 20
-3.248160708661417
 30
0
 11
5.5629292519685034
 21
-3.2452609055118109
 31
0
  0
LINE
  5
14B7
330
1F
100
AcDbEntity
  8
B.Cu
  6
CONTINUOUS
100
AcDbLine
 10
5.5629292519685034
 20
-3.2452609055118109
 30
0
 11
5.5629292519685034
 21
-3.242258779527559
 31
0
  0
LINE
  5
14B8
330
1F
100
AcDbEntity
  8
B.Cu
  6
CONTINUOUS
100
AcDbLine
 10
5.5629292519685034
 20
-3.242258779527559
 30
0
 11
5.5637062598425198
 21
-3.2393589763779529
 31
0
  0
LINE
  5
14B9
330
1F
100
AcDbEntity
  8
B.Cu
  6
CONTINUOUS
100
AcDbLine
 10
5.5637062598425198
 20
-3.2393589763779529
 30
0
 11
5.5652072834645665
 21
-3.236759094488189
 31
0
  0
LINE
  5
14BA
330
1F
100
AcDbEntity
  8
B.Cu
  6
CONTINUOUS
100
AcDbLine
 10
5.5652072834645665
 20
-3.236759094488189
 30
0
 11
5.5673301181102364
 21
-3.2346362598425196
 31
0
  0
LINE
  5
14BB
330
1F
100
AcDbEntity
  8
B.Cu
  6
CONTINUOUS
100
AcDbLine
 10
5.5673301181102364
 20
-3.2346362598425196
 30
0
 11
5.5699300000000003
 21
-3.2331352362204724
 31
0
  0
LINE
  5
14BC
330
1F
100
AcDbEntity
  8
B.Cu
  6
CONTINUOUS
100
AcDbLine
 10
5.5699300000000003
 20
-3.2331352362204724
 30
0
 11
5.572829803149606
 21
-3.2323582283464565
 31
0
  0
LINE
  5
14BD
330
1F
100
AcDbEntity
  8
B.Cu
  6
CONTINUOUS
100
AcDbLine
 10
5.572829803149606
 20
-3.2323582283464565
 30
0
 11
5.5758319291338578
 21
-3.2323582283464565
 31
0
  0
LINE
  5
14BE
330
1F
100
AcDbEntity
  8
B.Cu
  6
CONTINUOUS
100
AcDbLine
 10
5.5758319291338578
 20
-3.2323582283464565
 30
0
 11
5.5787317322834644
 21
-3.2331352362204724
 31
0
  0
LINE
  5
14BF
330
1F
100
AcDbEntity
  8
B.Cu
  6
CONTINUOUS
100
AcDbLine
 10
5.7755821259842515
 20
-3.2331352362204724
 30
0
 11
5.7781820078740154
 21
-3.2346362598425196
 31
0
  0
LINE
  5
14C0
330
1F
100
AcDbEntity
  8
B.Cu
  6
CONTINUOUS
100
AcDbLine
 10
5.7781820078740154
 20
-3.2346362598425196
 30
0
 11
5.7803048425196852
 21
-3.236759094488189
 31
0
  0
LINE
  5
14C1
330
1F
100
AcDbEntity
  8
B.Cu
  6
CONTINUOUS
100
AcDbLine
 10
5.7803048425196852
 20
-3.236759094488189
 30
0
 11
5.781805866141732
 21
-3.2393589763779529
 31
0
  0
LINE
  5
14C2
330
1F
100
AcDbEntity
  8
B.Cu
  6
CONTINUOUS
100
AcDbLine
 10
5.781805866141732
 20
-3.2393589763779529
 30
0
 11
5.7825828740157483
 21
-3.242258779527559
 31
0
  0
LINE
  5
14C3
330
1F
100
AcDbEntity
  8
B.Cu
  6
CONTINUOUS
100
AcDbLine
 10
5.7825828740157483
 20
-3.242258779527559
 30
0
 11
5.7825828740157483
 21
-3.2452609055118109
 31
0
  0
LINE
  5
14C4
330
1F
100
AcDbEntity
  8
B.Cu
  6
CONTINUOUS
100
AcDbLine
 10
5.7825828740157483
 20
-3.2452609055118109
 30
0
 11
5.781805866141732
 21
-3.248160708661417
 31
0
  0
LINE
  5
14C5
330
1F
100
AcDbEntity
  8
B.Cu
  6
CONTINUOUS
100
AcDbLine
 10
5.781805866141732
 20
-3.248160708661417
 30
0
 11
5.7803048425196852
 21
-3.2507605905511809
 31
0
  0
LINE
  5
14C6
330
1F
100
AcDbEntity
  8
B.Cu
  6
CONTINUOUS
100
AcDbLine
 10
5.7803048425196852
 20
-3.2507605905511809
 30
0
 11
5.7781820078740154
 21
-3.2528834251968504
 31
0
  0
LINE
  5
14C7
330
1F
100
AcDbEntity
  8
B.Cu
  6
CONTINUOUS
100
AcDbLine
 10
5.7781820078740154
 20
-3.2528834251968504
 30
0
 11
5.7755821259842515
 21
-3.2543844488188975
 31
0
  0
LINE
  5
14C8
330
1F
100
AcDbEntity
  8
B.Cu
  6
CONTINUOUS
100
AcDbLine
 10
5.7755821259842515
 20
-3.2543844488188975
 30
0
 11
5.7726823228346458
 21
-3.2551614566929135
 31
0
  0
LINE
  5
14C9
330
1F
100
AcDbEntity
  8
B.Cu
  6
CONTINUOUS
100
AcDbLine
 10
5.7726823228346458
 20
-3.2551614566929135
 30
0
 11
5.7696801968503939
 21
-3.2551614566929135
 31
0
  0
LINE
  5
14CA
330
1F
100
AcDbEntity
  8
B.Cu
  6
CONTINUOUS
100
AcDbLine
 10
5.7696801968503939
 20
-3.2551614566929135
 30
0
 11
5.7667803937007873
 21
-3.2543844488188975
 31
0
  0
LINE
  5
14CB
330
1F
100
AcDbEntity
  8
B.Cu
  6
CONTINUOUS
100
AcDbLine
 10
5.7667803937007873
 20
-3.2543844488188975
 30
0
 11
5.7641805118110234
 21
-3.2528834251968504
 31
0
  0
LINE
  5
14CC
330
1F
100
AcDbEntity
  8
B.Cu
  6
CONTINUOUS
100
AcDbLine
 10
5.7641805118110234
 20
-3.2528834251968504
 30
0
 11
5.7620576771653544
 21
-3.2507605905511809
 31
0
  0
LINE
  5
14CD
330
1F
100
AcDbEntity
  8
B.Cu
  6
CONTINUOUS
100
AcDbLine
 10
5.7620576771653544
 20
-3.2507605905511809
 30
0
 11
5.7605566535433068
 21
-3.248160708661417
 31
0
  0
LINE
  5
14CE
330
1F
100
AcDbEntity
  8
B.Cu
  6
CONTINUOUS
100
AcDbLine
 10
5.7605566535433068
 20
-3.248160708661417
 30
0
 11
5.7597796456692913
 21
-3.2452609055118109
 31
0
  0
LINE
  5
14CF
330
1F
100
AcDbEntity
  8
B.Cu
  6
CONTINUOUS
100
AcDbLine
 10
5.7597796456692913
 20
-3.2452609055118109
 30
0
 11
5.7597796456692913
 21
-3.242258779527559
 31
0
  0
LINE
  5
14D0
330
1F
100
AcDbEntity
  8
B.Cu
  6
CONTINUOUS
100
AcDbLine
 10
5.7597796456692913
 20
-3.242258779527559
 30
0
 11
5.7605566535433068
 21
-3.2393589763779529
 31
0
  0
LINE
  5
14D1
330
1F
100
AcDbEntity
  8
B.Cu
  6
CONTINUOUS
100
AcDbLine
 10
5.7605566535433068
 20
-3.2393589763779529
 30
0
 11
5.7620576771653544
 21
-3.236759094488189
 31
0
  0
LINE
  5
14D2
330
1F
100
AcDbEntity
  8
B.Cu
  6
CONTINUOUS
100
AcDbLine
 10
5.7620576771653544
 20
-3.236759094488189
 30
0
 11
5.7641805118110234
 21
-3.2346362598425196
 31
0
  0
LINE
  5
14D3
330
1F
100
AcDbEntity
  8
B.Cu
  6
CONTINUOUS
100
AcDbLine
 10
5.7641805118110234
 20
-3.2346362598425196
 30
0
 11
5.7667803937007873
 21
-3.2331352362204724
 31
0
  0
LINE
  5
14D4
330
1F
100
AcDbEntity
  8
B.Cu
  6
CONTINUOUS
100
AcDbLine
 10
5.7667803937007873
 20
-3.2331352362204724
 30
0
 11
5.7696801968503939
 21
-3.2323582283464565
 31
0
  0
LINE
  5
14D5
330
1F
100
AcDbEntity
  8
B.Cu
  6
CONTINUOUS
100
AcDbLine
 10
5.7696801968503939
 20
-3.2323582283464565
 30
0
 11
5.7726823228346458
 21
-3.2323582283464565
 31
0
  0
LINE
  5
14D6
330
1F
100
AcDbEntity
  8
B.Cu
  6
CONTINUOUS
100
AcDbLine
 10
5.7726823228346458
 20
-3.2323582283464565
 30
0
 11
5.7755821259842515
 21
-3.2331352362204724
 31
0
  0
LINE
  5
14D7
330
1F
100
AcDbEntity
  8
B.Cu
  6
CONTINUOUS
100
AcDbLine
 10
5.6810939763779524
 20
-3.1858911417322835
 30
0
 11
5.6836938582677163
 21
-3.1873921653543307
 31
0
  0
LINE
  5
14D8
330
1F
100
AcDbEntity
  8
B.Cu
  6
CONTINUOUS
100
AcDbLine
 10
5.6836938582677163
 20
-3.1873921653543307
 30
0
 11
5.6858166929133853
 21
-3.1895150000000001
 31
0
  0
LINE
  5
14D9
330
1F
100
AcDbEntity
  8
B.Cu
  6
CONTINUOUS
100
AcDbLine
 10
5.6858166929133853
 20
-3.1895150000000001
 30
0
 11
5.6873177165354329
 21
-3.1921148818897636
 31
0
  0
LINE
  5
14DA
330
1F
100
AcDbEntity
  8
B.Cu
  6
CONTINUOUS
100
AcDbLine
 10
5.6873177165354329
 20
-3.1921148818897636
 30
0
 11
5.6880947244094484
 21
-3.1950146850393701
 31
0
  0
LINE
  5
14DB
330
1F
100
AcDbEntity
  8
B.Cu
  6
CONTINUOUS
100
AcDbLine
 10
5.6880947244094484
 20
-3.1950146850393701
 30
0
 11
5.6880947244094484
 21
-3.198016811023622
 31
0
  0
LINE
  5
14DC
330
1F
100
AcDbEntity
  8
B.Cu
  6
CONTINUOUS
100
AcDbLine
 10
5.6880947244094484
 20
-3.198016811023622
 30
0
 11
5.6873177165354329
 21
-3.2009166141732281
 31
0
  0
LINE
  5
14DD
330
1F
100
AcDbEntity
  8
B.Cu
  6
CONTINUOUS
100
AcDbLine
 10
5.6873177165354329
 20
-3.2009166141732281
 30
0
 11
5.6858166929133853
 21
-3.203516496062992
 31
0
  0
LINE
  5
14DE
330
1F
100
AcDbEntity
  8
B.Cu
  6
CONTINUOUS
100
AcDbLine
 10
5.6858166929133853
 20
-3.203516496062992
 30
0
 11
5.6836938582677163
 21
-3.2056393307086615
 31
0
  0
LINE
  5
14DF
330
1F
100
AcDbEntity
  8
B.Cu
  6
CONTINUOUS
100
AcDbLine
 10
5.6836938582677163
 20
-3.2056393307086615
 30
0
 11
5.6810939763779524
 21
-3.2071403543307087
 31
0
  0
LINE
  5
14E0
330
1F
100
AcDbEntity
  8
B.Cu
  6
CONTINUOUS
100
AcDbLine
 10
5.6810939763779524
 20
-3.2071403543307087
 30
0
 11
5.6781941732283467
 21
-3.2079173622047241
 31
0
  0
LINE
  5
14E1
330
1F
100
AcDbEntity
  8
B.Cu
  6
CONTINUOUS
100
AcDbLine
 10
5.6781941732283467
 20
-3.2079173622047241
 30
0
 11
5.675192047244094
 21
-3.2079173622047241
 31
0
  0
LINE
  5
14E2
330
1F
100
AcDbEntity
  8
B.Cu
  6
CONTINUOUS
100
AcDbLine
 10
5.675192047244094
 20
-3.2079173622047241
 30
0
 11
5.6722922440944883
 21
-3.2071403543307087
 31
0
  0
LINE
  5
14E3
330
1F
100
AcDbEntity
  8
B.Cu
  6
CONTINUOUS
100
AcDbLine
 10
5.6722922440944883
 20
-3.2071403543307087
 30
0
 11
5.6696923622047244
 21
-3.2056393307086615
 31
0
  0
LINE
  5
14E4
330
1F
100
AcDbEntity
  8
B.Cu
  6
CONTINUOUS
100
AcDbLine
 10
5.6696923622047244
 20
-3.2056393307086615
 30
0
 11
5.6675695275590554
 21
-3.203516496062992
 31
0
  0
LINE
  5
14E5
330
1F
100
AcDbEntity
  8
B.Cu
  6
CONTINUOUS
100
AcDbLine
 10
5.6675695275590554
 20
-3.203516496062992
 30
0
 11
5.6660685039370078
 21
-3.2009166141732281
 31
0
  0
LINE
  5
14E6
330
1F
100
AcDbEntity
  8
B.Cu
  6
CONTINUOUS
100
AcDbLine
 10
5.6660685039370078
 20
-3.2009166141732281
 30
0
 11
5.6652914960629923
 21
-3.198016811023622
 31
0
  0
LINE
  5
14E7
330
1F
100
AcDbEntity
  8
B.Cu
  6
CONTINUOUS
100
AcDbLine
 10
5.6652914960629923
 20
-3.198016811023622
 30
0
 11
5.6652914960629923
 21
-3.1950146850393701
 31
0
  0
LINE
  5
14E8
330
1F
100
AcDbEntity
  8
B.Cu
  6
CONTINUOUS
100
AcDbLine
 10
5.6652914960629923
 20
-3.1950146850393701
 30
0
 11
5.6660685039370078
 21
-3.1921148818897636
 31
0
  0
LINE
  5
14E9
330
1F
100
AcDbEntity
  8
B.Cu
  6
CONTINUOUS
100
AcDbLine
 10
5.6660685039370078
 20
-3.1921148818897636
 30
0
 11
5.6675695275590554
 21
-3.1895150000000001
 31
0
  0
LINE
  5
14EA
330
1F
100
AcDbEntity
  8
B.Cu
  6
CONTINUOUS
100
AcDbLine
 10
5.6675695275590554
 20
-3.1895150000000001
 30
0
 11
5.6696923622047244
 21
-3.1873921653543307
 31
0
  0
LINE
  5
14EB
330
1F
100
AcDbEntity
  8
B.Cu
  6
CONTINUOUS
100
AcDbLine
 10
5.6696923622047244
 20
-3.1873921653543307
 30
0
 11
5.6722922440944883
 21
-3.1858911417322835
 31
0
  0
LINE
  5
14EC
330
1F
100
AcDbEntity
  8
B.Cu
  6
CONTINUOUS
100
AcDbLine
 10
5.6722922440944883
 20
-3.1858911417322835
 30
0
 11
5.675192047244094
 21
-3.1851141338582676
 31
0
  0
LINE
  5
14ED
330
1F
100
AcDbEntity
  8
B.Cu
  6
CONTINUOUS
100
AcDbLine
 10
5.675192047244094
 20
-3.1851141338582676
 30
0
 11
5.6781941732283467
 21
-3.1851141338582676
 31
0
  0
LINE
  5
14EE
330
1F
100
AcDbEntity
  8
B.Cu
  6
CONTINUOUS
100
AcDbLine
 10
5.6781941732283467
 20
-3.1851141338582676
 30
0
 11
5.6810939763779524
 21
-3.1858911417322835
 31
0
  0
CIRCLE
  5
14EF
330
1F
100
AcDbEntity
  8
B.Cu
100
AcDbCircle
 10
6.5942575984251963
 20
-3.843340157480315
 30
0
 40
0.004
  0
CIRCLE
  5
14F0
330
1F
100
AcDbEntity
  8
B.Cu
100
AcDbCircle
 10
6.3007088582677166
 20
-4.1886417322834646
 30
0
 40
0.004
  0
CIRCLE
  5
14F1
330
1F
100
AcDbEntity
  8
B.Cu
100
AcDbCircle
 10
6.5632576377952754
 20
-3.8743401574803147
 30
0
 40
0.004
  0
CIRCLE
  5
14F2
330
1F
100
AcDbEntity
  8
B.Cu
100
AcDbCircle
 10
6.0448033464566926
 20
-3.6177755905511808
 30
0
 40
0.004
  0
CIRCLE
  5
14F3
330
1F
100
AcDbEntity
  8
B.Cu
100
AcDbCircle
 10
5.959685236220472
 20
-3.8736811023622044
 30
0
 40
0.004
  0
CIRCLE
  5
14F4
330
1F
100
AcDbEntity
  8
B.Cu
100
AcDbCircle
 10
6.5942575590551176
 20
-3.8743400787401572
 30
0
 40
0.004
  0
CIRCLE
  5
14F5
330
1F
100
AcDbEntity
  8
B.Cu
100
AcDbCircle
 10
6.5942575590551176
 20
-3.9053400787401573
 30
0
 40
0.004
  0
CIRCLE
  5
14F6
330
1F
100
AcDbEntity
  8
B.Cu
100
AcDbCircle
 10
6.5270868110236222
 20
-3.63746062992126
 30
0
 40
0.004
  0
CIRCLE
  5
14F7
330
1F
100
AcDbEntity
  8
B.Cu
100
AcDbCircle
 10
6.83417342519685
 20
-3.7942716141732284
 30
0
 40
0.004
  0
CIRCLE
  5
14F8
330
1F
100
AcDbEntity
  8
B.Cu
100
AcDbCircle
 10
6.83417342519685
 20
-3.8237991732283465
 30
0
 40
0.004
  0
CIRCLE
  5
14F9
330
1F
100
AcDbEntity
  8
B.Cu
100
AcDbCircle
 10
6.1993646850393702
 20
-3.9129896850393702
 30
0
 40
0.004
  0
CIRCLE
  5
14FA
330
1F
100
AcDbEntity
  8
B.Cu
100
AcDbCircle
 10
7.3595762598425196
 20
-4.0107616141732283
 30
0
 40
0.004
  0
CIRCLE
  5
14FB
330
1F
100
AcDbEntity
  8
B.Cu
100
AcDbCircle
 10
7.1155657086614168
 20
-3.7357062204724407
 30
0
 40
0.004
  0
CIRCLE
  5
14FC
330
1F
100
AcDbEntity
  8
B.Cu
100
AcDbCircle
 10
6.6413388188976379
 20
-3.8913976771653545
 30
0
 40
0.004
  0
CIRCLE
  5
14FD
330
1F
100
AcDbEntity
  8
B.Cu
100
AcDbCircle
 10
5.8971655511811019
 20
-4.4878543307086609
 30
0
 40
0.004
  0
CIRCLE
  5
14FE
330
1F
100
AcDbEntity
  8
B.Cu
100
AcDbCircle
 10
6.3538584645669287
 20
-4.0547834645669294
 30
0
 40
0.004
  0
CIRCLE
  5
14FF
330
1F
100
AcDbEntity
  8
B.Cu
100
AcDbCircle
 10
6.8774805118110232
 20
-3.9123818503937007
 30
0
 40
0.004
  0
CIRCLE
  5
1500
330
1F
100
AcDbEntity
  8
B.Cu
100
AcDbCircle
 10
7.1785578346456695
 20
-3.798698346456693
 30
0
 40
0.004
  0
CIRCLE
  5
1501
330
1F
100
AcDbEntity
  8
B.Cu
100
AcDbCircle
 10
6.8774805118110232
 20
-3.9386418110236221
 30
0
 40
0.004
  0
CIRCLE
  5
1502
330
1F
100
AcDbEntity
  8
B.Cu
100
AcDbCircle
 10
6.4877167322834648
 20
-3.63746062992126
 30
0
 40
0.004
  0
CIRCLE
  5
1503
330
1F
100
AcDbEntity
  8
B.Cu
100
AcDbCircle
 10
6.0546458661417324
 20
-4.1689566929133859
 30
0
 40
0.004
  0
CIRCLE
  5
1504
330
1F
100
AcDbEntity
  8
B.Cu
100
AcDbCircle
 10
6.743622244094488
 20
-3.9701378346456693
 30
0
 40
0.004
  0
CIRCLE
  5
1505
330
1F
100
AcDbEntity
  8
B.Cu
100
AcDbCircle
 10
7.0211812992125981
 20
-3.9123818503937007
 30
0
 40
0.004
  0
CIRCLE
  5
1506
330
1F
100
AcDbEntity
  8
B.Cu
100
AcDbCircle
 10
6.4188190944881889
 20
-4.1886417322834646
 30
0
 40
0.004
  0
CIRCLE
  5
1507
330
1F
100
AcDbEntity
  8
B.Cu
100
AcDbCircle
 10
6.08417342519685
 20
-4.2988779527559053
 30
0
 40
0.004
  0
CIRCLE
  5
1508
330
1F
100
AcDbEntity
  8
B.Cu
100
AcDbCircle
 10
5.4640946850393703
 20
-4.3362795275590553
 30
0
 40
0.004
  0
CIRCLE
  5
1509
330
1F
100
AcDbEntity
  8
B.Cu
100
AcDbCircle
 10
6.962126181102362
 20
-3.8237991732283465
 30
0
 40
0.004
  0
CIRCLE
  5
150A
330
1F
100
AcDbEntity
  8
B.Cu
100
AcDbCircle
 10
6.0596852362204725
 20
-3.9236811023622047
 30
0
 40
0.004
  0
CIRCLE
  5
150B
330
1F
100
AcDbEntity
  8
B.Cu
100
AcDbCircle
 10
6.6865356299212593
 20
-3.8237991732283465
 30
0
 40
0.004
  0
CIRCLE
  5
150C
330
1F
100
AcDbEntity
  8
B.Cu
100
AcDbCircle
 10
7.0802364173228343
 20
-3.9123818503937007
 30
0
 40
0.004
  0
CIRCLE
  5
150D
330
1F
100
AcDbEntity
  8
B.Cu
100
AcDbCircle
 10
6.0096852362204727
 20
-3.8236811023622046
 30
0
 40
0.004
  0
CIRCLE
  5
150E
330
1F
100
AcDbEntity
  8
B.Cu
100
AcDbCircle
 10
7.1164836614173224
 20
-3.9481173228346456
 30
0
 40
0.004
  0
CIRCLE
  5
150F
330
1F
100
AcDbEntity
  8
B.Cu
100
AcDbCircle
 10
6.924724606299212
 20
-3.9123818503937007
 30
0
 40
0.004
  0
CIRCLE
  5
1510
330
1F
100
AcDbEntity
  8
B.Cu
100
AcDbCircle
 10
6.7829923228346454
 20
-3.9721062992125984
 30
0
 40
0.004
  0
CIRCLE
  5
1511
330
1F
100
AcDbEntity
  8
B.Cu
100
AcDbCircle
 10
7.3910723228346455
 20
-3.9477694881889764
 30
0
 40
0.004
  0
CIRCLE
  5
1512
330
1F
100
AcDbEntity
  8
B.Cu
100
AcDbCircle
 10
6.0054332677165352
 20
-3.6965157480314961
 30
0
 40
0.004
  0
CIRCLE
  5
1513
330
1F
100
AcDbEntity
  8
B.Cu
100
AcDbCircle
 10
7.1097639763779528
 20
-3.9025393307086613
 30
0
 40
0.004
  0
CIRCLE
  5
1514
330
1F
100
AcDbEntity
  8
B.Cu
100
AcDbCircle
 10
7.0507088582677166
 20
-3.8237991732283465
 30
0
 40
0.004
  0
CIRCLE
  5
1515
330
1F
100
AcDbEntity
  8
B.Cu
100
AcDbCircle
 10
5.999527755905512
 20
-4.2988779527559053
 30
0
 40
0.004
  0
CIRCLE
  5
1516
330
1F
100
AcDbEntity
  8
B.Cu
100
AcDbCircle
 10
7.1983466535433065
 20
-3.9025393307086613
 30
0
 40
0.004
  0
CIRCLE
  5
1517
330
1F
100
AcDbEntity
  8
B.Cu
100
AcDbCircle
 10
7.3298849606299212
 20
-3.7699094488188973
 30
0
 40
0.004
  0
CIRCLE
  5
1518
330
1F
100
AcDbEntity
  8
B.Cu
100
AcDbCircle
 10
7.3928770472440943
 20
-3.7384133858267714
 30
0
 40
0.004
  0
CIRCLE
  5
1519
330
1F
100
AcDbEntity
  8
B.Cu
100
AcDbCircle
 10
6.7437009842519684
 20
-3.9150198031496064
 30
0
 40
0.004
  0
CIRCLE
  5
151A
330
1F
100
AcDbEntity
  8
B.Cu
100
AcDbCircle
 10
5.5743309055118111
 20
-3.8106889763779526
 30
0
 40
0.004
  0
CIRCLE
  5
151B
330
1F
100
AcDbEntity
  8
B.Cu
100
AcDbCircle
 10
5.7081891732283463
 20
-3.7240748031496063
 30
0
 40
0.004
  0
CIRCLE
  5
151C
330
1F
100
AcDbEntity
  8
B.Cu
100
AcDbCircle
 10
7.1794757874015742
 20
-3.9481173228346456
 30
0
 40
0.004
  0
CIRCLE
  5
151D
330
1F
100
AcDbEntity
  8
B.Cu
100
AcDbCircle
 10
6.3853545275590546
 20
-4.3618700787401572
 30
0
 40
0.004
  0
CIRCLE
  5
151E
330
1F
100
AcDbEntity
  8
B.Cu
100
AcDbCircle
 10
6.5322576377952757
 20
-3.9053401181102361
 30
0
 40
0.004
  0
CIRCLE
  5
151F
330
1F
100
AcDbEntity
  8
B.Cu
100
AcDbCircle
 10
6.3672836614173223
 20
-3.672736181102362
 30
0
 40
0.004
  0
CIRCLE
  5
1520
330
1F
100
AcDbEntity
  8
B.Cu
100
AcDbCircle
 10
7.1479797244094483
 20
-3.9796133858267715
 30
0
 40
0.004
  0
CIRCLE
  5
1521
330
1F
100
AcDbEntity
  8
B.Cu
100
AcDbCircle
 10
7.3910723228346455
 20
-3.9792655511811024
 30
0
 40
0.004
  0
CIRCLE
  5
1522
330
1F
100
AcDbEntity
  8
B.Cu
100
AcDbCircle
 10
7.3613810236220472
 20
-3.8014055118110237
 30
0
 40
0.004
  0
CIRCLE
  5
1523
330
1F
100
AcDbEntity
  8
B.Cu
100
AcDbCircle
 10
7.3280801968503937
 20
-4.0107616141732283
 30
0
 40
0.004
  0
CIRCLE
  5
1524
330
1F
100
AcDbEntity
  8
B.Cu
100
AcDbCircle
 10
7.3298849606299212
 20
-3.7384133464566927
 30
0
 40
0.004
  0
CIRCLE
  5
1525
330
1F
100
AcDbEntity
  8
B.Cu
100
AcDbCircle
 10
6.2810238188976379
 20
-3.962263779527559
 30
0
 40
0.004
  0
CIRCLE
  5
1526
330
1F
100
AcDbEntity
  8
B.Cu
100
AcDbCircle
 10
6.5322575984251969
 20
-3.8743401181102359
 30
0
 40
0.004
  0
CIRCLE
  5
1527
330
1F
100
AcDbEntity
  8
B.Cu
100
AcDbCircle
 10
5.924724606299212
 20
-4.3060826377952752
 30
0
 40
0.004
  0
CIRCLE
  5
1528
330
1F
100
AcDbEntity
  8
B.Cu
100
AcDbCircle
 10
5.621575
 20
-4.0520984251968502
 30
0
 40
0.004
  0
CIRCLE
  5
1529
330
1F
100
AcDbEntity
  8
B.Cu
100
AcDbCircle
 10
6.4955907480314963
 20
-4.3067519685039368
 30
0
 40
0.004
  0
CIRCLE
  5
152A
330
1F
100
AcDbEntity
  8
B.Cu
100
AcDbCircle
 10
7.3595762598425196
 20
-3.9792655511811024
 30
0
 40
0.004
  0
CIRCLE
  5
152B
330
1F
100
AcDbEntity
  8
B.Cu
100
AcDbCircle
 10
7.0507088582677166
 20
-3.9123818503937007
 30
0
 40
0.004
  0
CIRCLE
  5
152C
330
1F
100
AcDbEntity
  8
B.Cu
100
AcDbCircle
 10
7.1785577952755908
 20
-3.7672022834645666
 30
0
 40
0.004
  0
CIRCLE
  5
152D
330
1F
100
AcDbEntity
  8
B.Cu
100
AcDbCircle
 10
6.962126181102362
 20
-3.7942716141732284
 30
0
 40
0.004
  0
CIRCLE
  5
152E
330
1F
100
AcDbEntity
  8
B.Cu
100
AcDbCircle
 10
7.1097639763779528
 20
-3.8336416929133859
 30
0
 40
0.004
  0
CIRCLE
  5
152F
330
1F
100
AcDbEntity
  8
B.Cu
100
AcDbCircle
 10
7.1479796850393695
 20
-3.9481173228346456
 30
0
 40
0.004
  0
CIRCLE
  5
1530
330
1F
100
AcDbEntity
  8
B.Cu
100
AcDbCircle
 10
7.1164836614173224
 20
-4.0111094488188979
 30
0
 40
0.004
  0
CIRCLE
  5
1531
330
1F
100
AcDbEntity
  8
B.Cu
100
AcDbCircle
 10
6.5113387795275592
 20
-4.0862795275590553
 30
0
 40
0.004
  0
CIRCLE
  5
1532
330
1F
100
AcDbEntity
  8
B.Cu
100
AcDbCircle
 10
6.5025591732283461
 20
-3.9506496456692912
 30
0
 40
0.004
  0
CIRCLE
  5
1533
330
1F
100
AcDbEntity
  8
B.Cu
100
AcDbCircle
 10
6.9248033858267712
 20
-3.9386417322834646
 30
0
 40
0.004
  0
CIRCLE
  5
1534
330
1F
100
AcDbEntity
  8
B.Cu
100
AcDbCircle
 10
6.6649608661417323
 20
-3.9701377952755905
 30
0
 40
0.004
  0
CIRCLE
  5
1535
330
1F
100
AcDbEntity
  8
B.Cu
100
AcDbCircle
 10
6.1235435039370074
 20
-4.1295866535433072
 30
0
 40
0.004
  0
CIRCLE
  5
1536
330
1F
100
AcDbEntity
  8
B.Cu
100
AcDbCircle
 10
5.959685236220472
 20
-3.8236810629921258
 30
0
 40
0.004
  0
CIRCLE
  5
1537
330
1F
100
AcDbEntity
  8
B.Cu
100
AcDbCircle
 10
7.3280801968503937
 20
-3.9792655511811024
 30
0
 40
0.004
  0
CIRCLE
  5
1538
330
1F
100
AcDbEntity
  8
B.Cu
100
AcDbCircle
 10
6.430275787401575
 20
-3.5467519291338583
 30
0
 40
0.004
  0
CIRCLE
  5
1539
330
1F
100
AcDbEntity
  8
B.Cu
100
AcDbCircle
 10
7.3595762598425196
 20
-3.9477694488188977
 30
0
 40
0.004
  0
CIRCLE
  5
153A
330
1F
100
AcDbEntity
  8
B.Cu
100
AcDbCircle
 10
6.7455907480314963
 20
-3.8237991732283465
 30
0
 40
0.004
  0
CIRCLE
  5
153B
330
1F
100
AcDbEntity
  8
B.Cu
100
AcDbCircle
 10
6.3597639763779528
 20
-4.1886417322834646
 30
0
 40
0.004
  0
CIRCLE
  5
153C
330
1F
100
AcDbEntity
  8
B.Cu
100
AcDbCircle
 10
7.1392915354330704
 20
-3.8336416929133859
 30
0
 40
0.004
  0
CIRCLE
  5
153D
330
1F
100
AcDbEntity
  8
B.Cu
100
AcDbCircle
 10
7.0802364173228343
 20
-3.8237991732283465
 30
0
 40
0.004
  0
CIRCLE
  5
153E
330
1F
100
AcDbEntity
  8
B.Cu
100
AcDbCircle
 10
7.1794757874015742
 20
-4.0111094488188979
 30
0
 40
0.004
  0
CIRCLE
  5
153F
330
1F
100
AcDbEntity
  8
B.Cu
100
AcDbCircle
 10
5.8085828740157481
 20
-4.1099015748031498
 30
0
 40
0.004
  0
CIRCLE
  5
1540
330
1F
100
AcDbEntity
  8
B.Cu
100
AcDbCircle
 10
5.5822049212598426
 20
-3.3776181102362206
 30
0
 40
0.004
  0
CIRCLE
  5
1541
330
1F
100
AcDbEntity
  8
B.Cu
100
AcDbCircle
 10
7.0211812992125981
 20
-3.8237991732283465
 30
0
 40
0.004
  0
CIRCLE
  5
1542
330
1F
100
AcDbEntity
  8
B.Cu
100
AcDbCircle
 10
7.1164836220472436
 20
-3.9796133858267715
 30
0
 40
0.004
  0
CIRCLE
  5
1543
330
1F
100
AcDbEntity
  8
B.Cu
100
AcDbCircle
 10
6.1018899606299213
 20
-3.9130511811023623
 30
0
 40
0.004
  0
CIRCLE
  5
1544
330
1F
100
AcDbEntity
  8
B.Cu
100
AcDbCircle
 10
6.9325986220472435
 20
-3.7745865748031497
 30
0
 40
0.004
  0
CIRCLE
  5
1545
330
1F
100
AcDbEntity
  8
B.Cu
100
AcDbCircle
 10
7.3613810236220472
 20
-3.769909409448819
 30
0
 40
0.004
  0
CIRCLE
  5
1546
330
1F
100
AcDbEntity
  8
B.Cu
100
AcDbCircle
 10
6.7043309842519685
 20
-3.9701377952755905
 30
0
 40
0.004
  0
CIRCLE
  5
1547
330
1F
100
AcDbEntity
  8
B.Cu
100
AcDbCircle
 10
6.8302364173228343
 20
-3.9701377952755905
 30
0
 40
0.004
  0
CIRCLE
  5
1548
330
1F
100
AcDbEntity
  8
B.Cu
100
AcDbCircle
 10
7.1155657086614168
 20
-3.7672022440944879
 30
0
 40
0.004
  0
CIRCLE
  5
1549
330
1F
100
AcDbEntity
  8
B.Cu
100
AcDbCircle
 10
7.3928770866141731
 20
-3.7699094488188973
 30
0
 40
0.004
  0
CIRCLE
  5
154A
330
1F
100
AcDbEntity
  8
B.Cu
100
AcDbCircle
 10
7.1392915354330704
 20
-3.9025393307086613
 30
0
 40
0.004
  0
CIRCLE
  5
154B
330
1F
100
AcDbEntity
  8
B.Cu
100
AcDbCircle
 10
6.5632575590551179
 20
-3.9053400787401573
 30
0
 40
0.004
  0
CIRCLE
  5
154C
330
1F
100
AcDbEntity
  8
B.Cu
100
AcDbCircle
 10
5.5133072834645667
 20
-4.3953346456692914
 30
0
 40
0.004
  0
CIRCLE
  5
154D
330
1F
100
AcDbEntity
  8
B.Cu
100
AcDbCircle
 10
5.6373229921259842
 20
-4.1965157480314961
 30
0
 40
0.004
  0
CIRCLE
  5
154E
330
1F
100
AcDbEntity
  8
B.Cu
100
AcDbCircle
 10
6.7829923228346454
 20
-3.5882480314960628
 30
0
 40
0.004
  0
CIRCLE
  5
154F
330
1F
100
AcDbEntity
  8
B.Cu
100
AcDbCircle
 10
5.424724606299212
 20
-4.1099015748031498
 30
0
 40
0.004
  0
CIRCLE
  5
1550
330
1F
100
AcDbEntity
  8
B.Cu
100
AcDbCircle
 10
6.0596852362204725
 20
-3.8236811023622046
 30
0
 40
0.004
  0
CIRCLE
  5
1551
330
1F
100
AcDbEntity
  8
B.Cu
100
AcDbCircle
 10
7.1794757480314955
 20
-3.9796133858267715
 30
0
 40
0.004
  0
CIRCLE
  5
1552
330
1F
100
AcDbEntity
  8
B.Cu
100
AcDbCircle
 10
7.1155657086614168
 20
-3.798698346456693
 30
0
 40
0.004
  0
CIRCLE
  5
1553
330
1F
100
AcDbEntity
  8
B.Cu
100
AcDbCircle
 10
7.3928770866141731
 20
-3.801405472440945
 30
0
 40
0.004
  0
CIRCLE
  5
1554
330
1F
100
AcDbEntity
  8
B.Cu
100
AcDbCircle
 10
7.147061732283464
 20
-3.7357062204724407
 30
0
 40
0.004
  0
CIRCLE
  5
1555
330
1F
100
AcDbEntity
  8
B.Cu
100
AcDbCircle
 10
5.959685236220472
 20
-3.9236811417322834
 30
0
 40
0.004
  0
CIRCLE
  5
1556
330
1F
100
AcDbEntity
  8
B.Cu
100
AcDbCircle
 10
7.1470617716535427
 20
-3.798698346456693
 30
0
 40
0.004
  0
CIRCLE
  5
1557
330
1F
100
AcDbEntity
  8
B.Cu
100
AcDbCircle
 10
6.5566143700787398
 20
-3.63746062992126
 30
0
 40
0.004
  0
CIRCLE
  5
1558
330
1F
100
AcDbEntity
  8
B.Cu
100
AcDbCircle
 10
5.7790553149606296
 20
-3.3067519685039368
 30
0
 40
0.004
  0
CIRCLE
  5
1559
330
1F
100
AcDbEntity
  8
B.Cu
100
AcDbCircle
 10
5.7593702362204722
 20
-4.2083267716535433
 30
0
 40
0.004
  0
CIRCLE
  5
155A
330
1F
100
AcDbEntity
  8
B.Cu
100
AcDbCircle
 10
6.3991340551181102
 20
-4.3067520078740156
 30
0
 40
0.004
  0
CIRCLE
  5
155B
330
1F
100
AcDbEntity
  8
B.Cu
100
AcDbCircle
 10
7.3910723228346455
 20
-4.0107616141732283
 30
0
 40
0.004
  0
CIRCLE
  5
155C
330
1F
100
AcDbEntity
  8
B.Cu
100
AcDbCircle
 10
6.2810238188976379
 20
-3.63746062992126
 30
0
 40
0.004
  0
CIRCLE
  5
155D
330
1F
100
AcDbEntity
  8
B.Cu
100
AcDbCircle
 10
6.1333860236220472
 20
-4.2378543307086609
 30
0
 40
0.004
  0
CIRCLE
  5
155E
330
1F
100
AcDbEntity
  8
B.Cu
100
AcDbCircle
 10
6.1038584645669287
 20
-4.2083267716535433
 30
0
 40
0.004
  0
CIRCLE
  5
155F
330
1F
100
AcDbEntity
  8
B.Cu
100
AcDbCircle
 10
6.5169293700787403
 20
-3.7374606692913384
 30
0
 40
0.004
  0
CIRCLE
  5
1560
330
1F
100
AcDbEntity
  8
B.Cu
100
AcDbCircle
 10
6.8735435039370074
 20
-3.7752559055118109
 30
0
 40
0.004
  0
CIRCLE
  5
1561
330
1F
100
AcDbEntity
  8
B.Cu
100
AcDbCircle
 10
6.4849607874015742
 20
-3.9715158267716535
 30
0
 40
0.004
  0
CIRCLE
  5
1562
330
1F
100
AcDbEntity
  8
B.Cu
100
AcDbCircle
 10
6.924724606299212
 20
-3.9701378346456693
 30
0
 40
0.004
  0
CIRCLE
  5
1563
330
1F
100
AcDbEntity
  8
B.Cu
100
AcDbCircle
 10
7.3280801968503937
 20
-3.9477694881889764
 30
0
 40
0.004
  0
CIRCLE
  5
1564
330
1F
100
AcDbEntity
  8
B.Cu
100
AcDbCircle
 10
6.8046458661417324
 20
-3.8237991732283465
 30
0
 40
0.004
  0
CIRCLE
  5
1565
330
1F
100
AcDbEntity
  8
B.Cu
100
AcDbCircle
 10
6.0596851968503938
 20
-3.8736811023622044
 30
0
 40
0.004
  0
CIRCLE
  5
1566
330
1F
100
AcDbEntity
  8
B.Cu
100
AcDbCircle
 10
6.0096852362204727
 20
-3.9236811023622047
 30
0
 40
0.004
  0
CIRCLE
  5
1567
330
1F
100
AcDbEntity
  8
B.Cu
100
AcDbCircle
 10
6.1727560629921259
 20
-4.2831299212598424
 30
0
 40
0.004
  0
CIRCLE
  5
1568
330
1F
100
AcDbEntity
  8
B.Cu
100
AcDbCircle
 10
6.704330905511811
 20
-3.9150197244094489
 30
0
 40
0.004
  0
CIRCLE
  5
1569
330
1F
100
AcDbEntity
  8
B.Cu
100
AcDbCircle
 10
6.4719687007874018
 20
-4.3618701181102359
 30
0
 40
0.004
  0
CIRCLE
  5
156A
330
1F
100
AcDbEntity
  8
B.Cu
100
AcDbCircle
 10
6.4483466535433074
 20
-3.63746062992126
 30
0
 40
0.004
  0
CIRCLE
  5
156B
330
1F
100
AcDbEntity
  8
B.Cu
100
AcDbCircle
 10
5.999527755905512
 20
-4.228011811023622
 30
0
 40
0.004
  0
CIRCLE
  5
156C
330
1F
100
AcDbEntity
  8
B.Cu
100
AcDbCircle
 10
6.1727561023622046
 20
-4.0705314960629924
 30
0
 40
0.004
  0
CIRCLE
  5
156D
330
1F
100
AcDbEntity
  8
B.Cu
100
AcDbCircle
 10
5.6451970472440944
 20
-3.7319488188976377
 30
0
 40
0.004
  0
CIRCLE
  5
156E
330
1F
100
AcDbEntity
  8
B.Cu
100
AcDbCircle
 10
6.9030710629921259
 20
-3.7745865748031497
 30
0
 40
0.004
  0
CIRCLE
  5
156F
330
1F
100
AcDbEntity
  8
B.Cu
100
AcDbCircle
 10
5.8577954724409445
 20
-4.2870669291338581
 30
0
 40
0.004
  0
CIRCLE
  5
1570
330
1F
100
AcDbEntity
  8
B.Cu
100
AcDbCircle
 10
7.1983466535433065
 20
-3.8336416929133859
 30
0
 40
0.004
  0
CIRCLE
  5
1571
330
1F
100
AcDbEntity
  8
B.Cu
100
AcDbCircle
 10
6.7160631889763778
 20
-3.8237991732283465
 30
0
 40
0.004
  0
CIRCLE
  5
1572
330
1F
100
AcDbEntity
  8
B.Cu
100
AcDbCircle
 10
6.0096852362204727
 20
-3.8736811023622044
 30
0
 40
0.004
  0
CIRCLE
  5
1573
330
1F
100
AcDbEntity
  8
B.Cu
100
AcDbCircle
 10
7.1479796850393695
 20
-4.0111094488188979
 30
0
 40
0.004
  0
CIRCLE
  5
1574
330
1F
100
AcDbEntity
  8
B.Cu
100
AcDbCircle
 10
6.6507481889763778
 20
-3.2475393307086615
 30
0
 40
0.004
  0
CIRCLE
  5
1575
330
1F
100
AcDbEntity
  8
B.Cu
100
AcDbCircle
 10
5.999527755905512
 20
-4.1728937007874016
 30
0
 40
0.004
  0
CIRCLE
  5
1576
330
1F
100
AcDbEntity
  8
B.Cu
100
AcDbCircle
 10
6.5369292913385824
 20
-4.1886417322834646
 30
0
 40
0.004
  0
CIRCLE
  5
1577
330
1F
100
AcDbEntity
  8
B.Cu
100
AcDbCircle
 10
5.8459844488188972
 20
-3.6289172834645669
 30
0
 40
0.004
  0
CIRCLE
  5
1578
330
1F
100
AcDbEntity
  8
B.Cu
100
AcDbCircle
 10
6.477874212598425
 20
-4.1886417322834646
 30
0
 40
0.004
  0
CIRCLE
  5
1579
330
1F
100
AcDbEntity
  8
B.Cu
100
AcDbCircle
 10
7.0211812992125981
 20
-3.9419094094488187
 30
0
 40
0.004
  0
CIRCLE
  5
157A
330
1F
100
AcDbEntity
  8
B.Cu
100
AcDbCircle
 10
6.4089765748031491
 20
-4.0784055118110238
 30
0
 40
0.004
  0
CIRCLE
  5
157B
330
1F
100
AcDbEntity
  8
B.Cu
100
AcDbCircle
 10
6.5322576377952757
 20
-3.843340157480315
 30
0
 40
0.004
  0
CIRCLE
  5
157C
330
1F
100
AcDbEntity
  8
B.Cu
100
AcDbCircle
 10
6.9916537401574805
 20
-3.8237991732283465
 30
0
 40
0.004
  0
CIRCLE
  5
157D
330
1F
100
AcDbEntity
  8
B.Cu
100
AcDbCircle
 10
6.8774805118110232
 20
-3.9701378346456693
 30
0
 40
0.004
  0
CIRCLE
  5
157E
330
1F
100
AcDbEntity
  8
B.Cu
100
AcDbCircle
 10
7.3613810236220472
 20
-3.7384133858267714
 30
0
 40
0.004
  0
CIRCLE
  5
157F
330
1F
100
AcDbEntity
  8
B.Cu
100
AcDbCircle
 10
6.7436222047244092
 20
-3.9425787401574803
 30
0
 40
0.004
  0
CIRCLE
  5
1580
330
1F
100
AcDbEntity
  8
B.Cu
100
AcDbCircle
 10
7.1470617716535427
 20
-3.7672022834645666
 30
0
 40
0.004
  0
CIRCLE
  5
1581
330
1F
100
AcDbEntity
  8
B.Cu
100
AcDbCircle
 10
6.7829923228346454
 20
-3.9425787401574803
 30
0
 40
0.004
  0
CIRCLE
  5
1582
330
1F
100
AcDbEntity
  8
B.Cu
100
AcDbCircle
 10
6.0546458661417324
 20
-4.228011811023622
 30
0
 40
0.004
  0
CIRCLE
  5
1583
330
1F
100
AcDbEntity
  8
B.Cu
100
AcDbCircle
 10
7.1785578346456695
 20
-3.7357062204724407
 30
0
 40
0.004
  0
CIRCLE
  5
1584
330
1F
100
AcDbEntity
  8
B.Cu
100
AcDbCircle
 10
7.1688190944881889
 20
-3.8336416929133859
 30
0
 40
0.004
  0
CIRCLE
  5
1585
330
1F
100
AcDbEntity
  8
B.Cu
100
AcDbCircle
 10
6.7830711417322833
 20
-3.9150196850393701
 30
0
 40
0.004
  0
CIRCLE
  5
1586
330
1F
100
AcDbEntity
  8
B.Cu
100
AcDbCircle
 10
5.4660631889763778
 20
-3.7056889370078738
 30
0
 40
0.004
  0
CIRCLE
  5
1587
330
1F
100
AcDbEntity
  8
B.Cu
100
AcDbCircle
 10
6.9700001968503935
 20
-4.1787992125984248
 30
0
 40
0.004
  0
CIRCLE
  5
1588
330
1F
100
AcDbEntity
  8
B.Cu
100
AcDbCircle
 10
6.5632576377952754
 20
-3.8433400787401575
 30
0
 40
0.004
  0
CIRCLE
  5
1589
330
1F
100
AcDbEntity
  8
B.Cu
100
AcDbCircle
 10
5.6825986220472435
 20
-4.0009645275590549
 30
0
 40
0.004
  0
CIRCLE
  5
158A
330
1F
100
AcDbEntity
  8
B.Cu
100
AcDbCircle
 10
7.3298849606299212
 20
-3.801405472440945
 30
0
 40
0.004
  0
CIRCLE
  5
158B
330
1F
100
AcDbEntity
  8
B.Cu
100
AcDbCircle
 10
5.6117324803149602
 20
-3.9228937007874016
 30
0
 40
0.004
  0
CIRCLE
  5
158C
330
1F
100
AcDbEntity
  8
B.Cu
100
AcDbCircle
 10
7.1688190944881889
 20
-3.9025393307086613
 30
0
 40
0.004
  0
CIRCLE
  5
158D
330
1F
100
AcDbEntity
  8
B.Cu
100
AcDbCircle
 10
6.9719687007874018
 20
-3.9517519291338581
 30
0
 40
0.004
  0
CIRCLE
  5
158E
330
1F
100
AcDbEntity
  8
B.Cu
100
AcDbCircle
 10
6.7751183070866139
 20
-3.8237991732283465
 30
0
 40
0.004
  0
CIRCLE
  5
158F
330
1F
100
AcDbEntity
  8
B.Cu
100
AcDbCircle
 10
6.3932285433070861
 20
-3.7634448818897637
 30
0
 40
0.004
  0
CIRCLE
  5
1590
330
1F
100
AcDbEntity
  8
B.Cu
100
AcDbCircle
 10
5.9129135826771648
 20
-3.8658070866141729
 30
0
 40
0.004
  0
CIRCLE
  5
1591
330
1F
100
AcDbEntity
  8
B.Cu
100
AcDbCircle
 10
5.7711812598425194
 20
-3.243759842519685
 30
0
 40
0.004
  0
CIRCLE
  5
1592
330
1F
100
AcDbEntity
  8
B.Cu
100
AcDbCircle
 10
6.1727561023622046
 20
-3.6571456692913387
 30
0
 40
0.004
  0
CIRCLE
  5
1593
330
1F
100
AcDbEntity
  8
B.Cu
100
AcDbCircle
 10
5.4483466141732286
 20
-4.2516338582677164
 30
0
 40
0.004
  0
CIRCLE
  5
1594
330
1F
100
AcDbEntity
  8
B.Cu
100
AcDbCircle
 10
5.9759057086614176
 20
-3.6768307086614174
 30
0
 40
0.004
  0
CIRCLE
  5
1595
330
1F
100
AcDbEntity
  8
B.Cu
100
AcDbCircle
 10
6.4381497637795277
 20
-3.4365157086614171
 30
0
 40
0.004
  0
CIRCLE
  5
1596
330
1F
100
AcDbEntity
  8
B.Cu
100
AcDbCircle
 10
5.6766931102362204
 20
-3.3224999999999998
 30
0
 40
0.004
  0
CIRCLE
  5
1597
330
1F
100
AcDbEntity
  8
B.Cu
100
AcDbCircle
 10
6.3886026377952758
 20
-3.86466531496063
 30
0
 40
0.004
  0
CIRCLE
  5
1598
330
1F
100
AcDbEntity
  8
B.Cu
100
AcDbCircle
 10
6.6113781496062991
 20
-3.3262794881889763
 30
0
 40
0.004
  0
CIRCLE
  5
1599
330
1F
100
AcDbEntity
  8
B.Cu
100
AcDbCircle
 10
6.1018899212598425
 20
-3.8658070866141729
 30
0
 40
0.004
  0
CIRCLE
  5
159A
330
1F
100
AcDbEntity
  8
B.Cu
100
AcDbCircle
 10
5.6766931102362204
 20
-3.1965157480314961
 30
0
 40
0.004
  0
CIRCLE
  5
159B
330
1F
100
AcDbEntity
  8
B.Cu
100
AcDbCircle
 10
6.2885435039370075
 20
-3.5231298425196851
 30
0
 40
0.004
  0
CIRCLE
  5
159C
330
1F
100
AcDbEntity
  8
B.Cu
100
AcDbCircle
 10
6.0467718503937009
 20
-3.9681692913385826
 30
0
 40
0.004
  0
CIRCLE
  5
159D
330
1F
100
AcDbEntity
  8
B.Cu
100
AcDbCircle
 10
6.0467718110236222
 20
-3.7870669291338581
 30
0
 40
0.004
  0
CIRCLE
  5
159E
330
1F
100
AcDbEntity
  8
B.Cu
100
AcDbCircle
 10
5.5428348425196852
 20
-4.3362795275590553
 30
0
 40
0.004
  0
CIRCLE
  5
159F
330
1F
100
AcDbEntity
  8
B.Cu
100
AcDbCircle
 10
5.9129135433070861
 20
-3.9602952755905512
 30
0
 40
0.004
  0
CIRCLE
  5
15A0
330
1F
100
AcDbEntity
  8
B.Cu
100
AcDbCircle
 10
6.5547246456692916
 20
-4.0029134251968506
 30
0
 40
0.004
  0
CIRCLE
  5
15A1
330
1F
100
AcDbEntity
  8
B.Cu
100
AcDbCircle
 10
5.5743308661417323
 20
-3.243759842519685
 30
0
 40
0.004
  0
CIRCLE
  5
15A2
330
1F
100
AcDbEntity
  8
B.Cu
100
AcDbCircle
 10
5.6766931102362204
 20
-3.4406102362204725
 30
0
 40
0.004
  0
CIRCLE
  5
15A3
330
1F
100
AcDbEntity
  8
B.Cu
100
AcDbCircle
 10
5.503464724409449
 20
-3.4406102362204725
 30
0
 40
0.004
  0
CIRCLE
  5
15A4
330
1F
100
AcDbEntity
  8
B.Cu
100
AcDbCircle
 10
5.7692127952755907
 20
-3.7063582677165354
 30
0
 40
0.004
  0
CIRCLE
  5
15A5
330
1F
100
AcDbEntity
  8
B.Cu
100
AcDbCircle
 10
5.9213584645669286
 20
-3.896732283464567
 30
0
 40
0.004
  0
CIRCLE
  5
15A6
330
1F
100
AcDbEntity
  8
B.Cu
100
AcDbCircle
 10
6.1018899606299213
 20
-3.8264370078740155
 30
0
 40
0.004
  0
CIRCLE
  5
15A7
330
1F
100
AcDbEntity
  8
B.Cu
100
AcDbCircle
 10
5.9207875984251963
 20
-3.8028149606299211
 30
0
 40
0.004
  0
CIRCLE
  5
15A8
330
1F
100
AcDbEntity
  8
B.Cu
100
AcDbCircle
 10
6.4681104724409444
 20
-3.9386417322834646
 30
0
 40
0.004
  0
CIRCLE
  5
15A9
330
1F
100
AcDbEntity
  8
B.Cu
100
AcDbCircle
 10
6.5921262992125982
 20
-3.7575394094488188
 30
0
 40
0.004
  0
CIRCLE
  5
15AA
330
1F
100
AcDbEntity
  8
B.Cu
100
AcDbCircle
 10
6.1018899606299213
 20
-3.9602952755905512
 30
0
 40
0.004
  0
CIRCLE
  5
15AB
330
1F
100
AcDbEntity
  8
B.Cu
100
AcDbCircle
 10
6.637323031496063
 20
-4.1413976377952757
 30
0
 40
0.004
  0
CIRCLE
  5
15AC
330
1F
100
AcDbEntity
  8
B.Cu
100
AcDbCircle
 10
5.6688190944881889
 20
-3.834311023622047
 30
0
 40
0.004
  0
CIRCLE
  5
15AD
330
1F
100
AcDbEntity
  8
B.Cu
100
AcDbCircle
 10
5.503464724409449
 20
-3.8579330708661415
 30
0
 40
0.004
  0
ENDSEC
  0
SECTION
  2
OBJECTS
  0
DICTIONARY
  5
25
330
0
100
AcDbDictionary
281
1
  3
ACAD_GROUP
350
15AE
  3
ACAD_LAYOUT
350
26
  3
ACAD_PLOTSTYLENAME
350
11
  0
DICTIONARY
  5
15AE
330
25
100
AcDbDictionary
281
1
  0
ACDBDICTIONARYWDFLT
  5
11
330
25
100
AcDbDictionary
281
1
  3
Normal
350
10
100
AcDbDictionaryWithDefault
340
10
  0
ACDBPLACEHOLDER
  5
10
330
11
  0
DICTIONARY
  5
26
330
25
100
AcDbDictionary
281
1
  3
Model
350
22
  3
Layout1
350
23
  3
Layout2
350
24
  0
LAYOUT
  5
22
330
26
100
AcDbPlotSettings
  1

  2
none_device
  4
A3
  6

 40
0.0
 41
0.0
 42
0.0
 43
0.0
 44
420.0
 45
297.0
 46
0.0
 47
0.0
 48
0.0
 49
0.0
140
0.0
141
0.0
142
1.0
143
1.0
 70
1024
 72
1
 73
0
 74
5
  7

 75
16
 76
0
 77
2
 78
300
147
1.0
148
0.0
149
0.0
100
AcDbLayout
  1
Model
 70
1
 71
0
 10
0.0
 20
0.0
 11
420.0
 21
297.0
 12
0.0
 22
0.0
 32
0.0
 14
1e+20
 24
1e+20
 34
1e+20
 15
-1e+20
 25
-1e+20
 35
-1e+20
146
0.0
 13
0.0
 23
0.0
 33
0.0
 16
1.0
 26
0.0
 36
0.0
 17
0.0
 27
1.0
 37
0.0
 76
0
330
1F
  0
LAYOUT
  5
23
330
26
100
AcDbPlotSettings
  1

  2
none_device
  4
A3
  6

 40
0.0
 41
0.0
 42
0.0
 43
0.0
 44
420.0
 45
297.0
 46
0.0
 47
0.0
 48
0.0
 49
0.0
140
0.0
141
0.0
142
1.0
143
1.0
 70
0
 72
1
 73
0
 74
5
  7

 75
16
 76
0
 77
2
 78
300
147
1.0
148
0.0
149
0.0
100
AcDbLayout
  1
Layout1
 70
1
 71
1
 10
0.0
 20
0.0
 11
420.0
 21
297.0
 12
0.0
 22
0.0
 32
0.0
 14
1e+20
 24
1e+20
 34
1e+20
 15
-1e+20
 25
-1e+20
 35
-1e+20
146
0.0
 13
0.0
 23
0.0
 33
0.0
 16
1.0
 26
0.0
 36
0.0
 17
0.0
 27
1.0
 37
0.0
 76
0
330
20
  0
LAYOUT
  5
24
330
26
100
AcDbPlotSettings
  1

  2
none_device
  4
A3
  6

 40
0.0
 41
0.0
 42
0.0
 43
0.0
 44
420.0
 45
297.0
 46
0.0
 47
0.0
 48
0.0
 49
0.0
140
0.0
141
0.0
142
1.0
143
1.0
 70
0
 72
1
 73
0
 74
5
  7

 75
16
 76
0
 77
2
 78
300
147
1.0
148
0.0
149
0.0
100
AcDbLayout
  1
Layout2
 70
1
 71
2
 10
0.0
 20
0.0
 11
420.0
 21
297.0
 12
0.0
 22
0.0
 32
0.0
 14
1e+20
 24
1e+20
 34
1e+20
 15
-1e+20
 25
-1e+20
 35
-1e+20
146
0.0
 13
0.0
 23
0.0
 33
0.0
 16
1.0
 26
0.0
 36
0.0
 17
0.0
 27
1.0
 37
0.0
 76
0
330
21
  0
ENDSEC
  0
EOF
