  0
SECTION
  2
HEADER
  9
$ACADVER
  1
AC1018
  9
$HANDSEED
  5
FFFFFFFF
  9
$ANGBASE
  50
0.0
  9
$ANGDIR
  70
1
  9
$MEASUREMENT
  70
0
  9
$INSUNITS
  70
1
  0
ENDSEC
  0
SECTION
  2
TABLES
  0
TABLE
  2
APPID
  5
1
330
0
100
AcDbSymbolTable
 70
1
  0
APPID
  5
2
330
1
100
AcDbSymbolTableRecord
100
AcDbRegAppTableRecord
  2
ACAD
 70
0
  0
ENDTAB
  0
TABLE
  2
LTYPE
  5
3
330
0
100
AcDbSymbolTable
 70
6
  0
LTYPE
  5
4
330
3
100
AcDbSymbolTableRecord
100
AcDbLinetypeTableRecord
  2
ByBlock
 70
0
  3

 72
65
 73
0
 40
0
  0
LTYPE
  5
5
330
3
100
AcDbSymbolTableRecord
100
AcDbLinetypeTableRecord
  2
ByLayer
 70
0
  3

 72
65
 73
0
 40
0
  0
LTYPE
  5
6
330
3
100
AcDbSymbolTableRecord
100
AcDbLinetypeTableRecord
  2
CONTINUOUS
 70
0
  3
Solid line
 72
65
 73
0
 40
0
  0
LTYPE
  5
7
330
3
100
AcDbSymbolTableRecord
100
AcDbLinetypeTableRecord
  2
DASHDOT
 70
0
  3
Dash Dot ____ _ ____ _
 72
65
 73
4
 40
2
 49
1.25
 74
0
 49
-0.25
 74
0
 49
0.25
 74
0
 49
-0.25
 74
0
  0
LTYPE
  5
8
330
3
100
AcDbSymbolTableRecord
100
AcDbLinetypeTableRecord
  2
DASHED
 70
0
  3
Dashed __ __ __ __ __
 72
65
 73
2
 40
0.75
 49
0.5
 74
0
 49
-0.25
 74
0
  0
LTYPE
  5
9
330
3
100
AcDbSymbolTableRecord
100
AcDbLinetypeTableRecord
  2
DOTTED
 70
0
  3
Dotted .  .  .  .
 72
65
 73
2
 40
0.2
 49
0.0
 74
0
 49
-0.2
 74
0
  0
ENDTAB
  0
TABLE
  2
STYLE
  5
A
330
0
100
AcDbSymbolTable
 70
4
  0
STYLE
  5
B
330
A
100
AcDbSymbolTableRecord
100
AcDbTextStyleTableRecord
  2
KICAD
 70
0
 40
0
 41
1
 42
1
 50
0
 71
0
  3
isocp.shx
  0
STYLE
  5
C
330
A
100
AcDbSymbolTableRecord
100
AcDbTextStyleTableRecord
  2
KICADB
 70
0
 40
0
 41
1
 42
1
 50
0
 71
0
  3
isocp.shx
  0
STYLE
  5
D
330
A
100
AcDbSymbolTableRecord
100
AcDbTextStyleTableRecord
  2
KICADI
 70
0
 40
0
 41
1
 42
1
 50
15
 71
0
  3
isocp.shx
  0
STYLE
  5
E
330
A
100
AcDbSymbolTableRecord
100
AcDbTextStyleTableRecord
  2
KICADBI
 70
0
 40
0
 41
1
 42
1
 50
15
 71
0
  3
isocp.shx
  0
ENDTAB
  0
TABLE
  2
LAYER
  5
F
330
0
100
AcDbSymbolTable
 70
7
  0
LAYER
  5
12
330
F
100
AcDbSymbolTableRecord
100
AcDbLayerTableRecord
  2
0
 70
0
 62
7
  6
CONTINUOUS
390
10
  0
LAYER
  5
13
330
F
100
AcDbSymbolTableRecord
100
AcDbLayerTableRecord
  2
F.Cu
 70
0
 62
13
420
13120564
  6
CONTINUOUS
390
10
  0
LAYER
  5
14
330
F
100
AcDbSymbolTableRecord
100
AcDbLayerTableRecord
  2
In1.Cu
 70
0
 62
91
420
8374399
  6
CONTINUOUS
390
10
  0
LAYER
  5
15
330
F
100
AcDbSymbolTableRecord
100
AcDbLayerTableRecord
  2
In2.Cu
 70
0
 62
33
420
13532460
  6
CONTINUOUS
390
10
  0
LAYER
  5
16
330
F
100
AcDbSymbolTableRecord
100
AcDbLayerTableRecord
  2
B.Cu
 70
0
 62
153
420
5078980
  6
CONTINUOUS
390
10
  0
LAYER
  5
17
330
F
100
AcDbSymbolTableRecord
100
AcDbLayerTableRecord
  2
B.Paste
 70
0
 62
132
420
49858
  6
CONTINUOUS
390
10
  0
LAYER
  5
18
330
F
100
AcDbSymbolTableRecord
100
AcDbLayerTableRecord
  2
Edge.Cuts
 70
0
 62
254
420
13685453
  6
CONTINUOUS
390
10
  0
ENDTAB
  0
TABLE
  2
VPORT
  5
19
330
0
100
AcDbSymbolTable
 70
0
  0
ENDTAB
  0
TABLE
  2
VIEW
  5
1A
330
0
100
AcDbSymbolTable
 70
0
  0
ENDTAB
  0
TABLE
  2
UCS
  5
1B
330
0
100
AcDbSymbolTable
 70
0
  0
ENDTAB
  0
TABLE
  2
DIMSTYLE
  5
1C
330
0
100
AcDbSymbolTable
 70
1
100
AcDbDimStyleTable
 71
0
  0
DIMSTYLE
105
1D
330
1C
100
AcDbSymbolTableRecord
100
AcDbDimStyleTableRecord
  2
Standard
 70
0
  0
ENDTAB
  0
TABLE
  2
BLOCK_RECORD
  5
1E
330
0
100
AcDbSymbolTable
 70
3
  0
BLOCK_RECORD
  5
1F
330
1E
100
AcDbSymbolTableRecord
100
AcDbBlockTableRecord
  2
*Model_Space
340
22
 70
0
280
1
281
0
  0
BLOCK_RECORD
  5
20
330
1E
100
AcDbSymbolTableRecord
100
AcDbBlockTableRecord
  2
*Paper_Space
340
23
 70
0
280
1
281
0
  0
BLOCK_RECORD
  5
21
330
1E
100
AcDbSymbolTableRecord
100
AcDbBlockTableRecord
  2
*Paper_Space0
340
24
 70
0
280
1
281
0
  0
ENDTAB
  0
ENDSEC
  0
SECTION
  2
BLOCKS
  0
BLOCK
  5
28
330
1F
100
AcDbEntity
  8
0
100
AcDbBlockBegin
  2
*Model_Space
 70
0
 10
0.0
 20
0.0
 30
0.0
  3
*Model_Space
  1

  0
ENDBLK
  5
27
330
1F
100
AcDbEntity
  8
0
100
AcDbBlockEnd
  0
BLOCK
  5
2A
330
20
100
AcDbEntity
 67
1
  8
0
100
AcDbBlockBegin
  2
*Paper_Space
 70
0
 10
0.0
 20
0.0
 30
0.0
  3
*Paper_Space
  1

  0
ENDBLK
  5
29
330
20
100
AcDbEntity
 67
1
  8
0
100
AcDbBlockEnd
  0
BLOCK
  5
2C
330
21
100
AcDbEntity
 67
1
  8
0
100
AcDbBlockBegin
  2
*Paper_Space0
 70
0
 10
0.0
 20
0.0
 30
0.0
  3
*Paper_Space0
  1

  0
ENDBLK
  5
2B
330
21
100
AcDbEntity
 67
1
  8
0
100
AcDbBlockEnd
  0
ENDSEC
  0
SECTION
  2
ENTITIES
  0
LINE
  5
2D
330
1F
100
AcDbEntity
  8
In1.Cu
  6
CONTINUOUS
100
AcDbLine
 10
5.692312874015748
 20
-4.4658307874015746
 30
0
 11
5.6983737007874016
 21
-4.4683412598425196
 31
0
  0
LINE
  5
2E
330
1F
100
AcDbEntity
  8
In1.Cu
  6
CONTINUOUS
100
AcDbLine
 10
5.6983737007874016
 20
-4.4683412598425196
 30
0
 11
5.7038283070866145
 21
-4.4719859055118105
 31
0
  0
LINE
  5
2F
330
1F
100
AcDbEntity
  8
In1.Cu
  6
CONTINUOUS
100
AcDbLine
 10
5.7038283070866145
 20
-4.4719859055118105
 30
0
 11
5.7084670866141733
 21
-4.4766246850393703
 31
0
  0
LINE
  5
30
330
1F
100
AcDbEntity
  8
In1.Cu
  6
CONTINUOUS
100
AcDbLine
 10
5.7084670866141733
 20
-4.4766246850393703
 30
0
 11
5.7121117322834642
 21
-4.4820792913385823
 31
0
  0
LINE
  5
31
330
1F
100
AcDbEntity
  8
In1.Cu
  6
CONTINUOUS
100
AcDbLine
 10
5.7121117322834642
 20
-4.4820792913385823
 30
0
 11
5.7146222047244093
 21
-4.4881401181102358
 31
0
  0
LINE
  5
32
330
1F
100
AcDbEntity
  8
In1.Cu
  6
CONTINUOUS
100
AcDbLine
 10
5.7146222047244093
 20
-4.4881401181102358
 30
0
 11
5.7159020472440947
 21
-4.4945742519685039
 31
0
  0
LINE
  5
33
330
1F
100
AcDbEntity
  8
In1.Cu
  6
CONTINUOUS
100
AcDbLine
 10
5.7159020472440947
 20
-4.4945742519685039
 30
0
 11
5.7159020472440947
 21
-4.5011344881889759
 31
0
  0
LINE
  5
34
330
1F
100
AcDbEntity
  8
In1.Cu
  6
CONTINUOUS
100
AcDbLine
 10
5.7159020472440947
 20
-4.5011344881889759
 30
0
 11
5.7146222047244093
 21
-4.507568622047244
 31
0
  0
LINE
  5
35
330
1F
100
AcDbEntity
  8
In1.Cu
  6
CONTINUOUS
100
AcDbLine
 10
5.7146222047244093
 20
-4.507568622047244
 30
0
 11
5.7121117322834642
 21
-4.5136294488188975
 31
0
  0
LINE
  5
36
330
1F
100
AcDbEntity
  8
In1.Cu
  6
CONTINUOUS
100
AcDbLine
 10
5.7121117322834642
 20
-4.5136294488188975
 30
0
 11
5.7084670866141733
 21
-4.5190840551181104
 31
0
  0
LINE
  5
37
330
1F
100
AcDbEntity
  8
In1.Cu
  6
CONTINUOUS
100
AcDbLine
 10
5.7084670866141733
 20
-4.5190840551181104
 30
0
 11
5.7038283070866145
 21
-4.5237228346456693
 31
0
  0
LINE
  5
38
330
1F
100
AcDbEntity
  8
In1.Cu
  6
CONTINUOUS
100
AcDbLine
 10
5.7038283070866145
 20
-4.5237228346456693
 30
0
 11
5.6983737007874016
 21
-4.5273674803149602
 31
0
  0
LINE
  5
39
330
1F
100
AcDbEntity
  8
In1.Cu
  6
CONTINUOUS
100
AcDbLine
 10
5.6983737007874016
 20
-4.5273674803149602
 30
0
 11
5.692312874015748
 21
-4.5298779527559052
 31
0
  0
LINE
  5
3A
330
1F
100
AcDbEntity
  8
In1.Cu
  6
CONTINUOUS
100
AcDbLine
 10
5.692312874015748
 20
-4.5298779527559052
 30
0
 11
5.68587874015748
 21
-4.5311577952755906
 31
0
  0
LINE
  5
3B
330
1F
100
AcDbEntity
  8
In1.Cu
  6
CONTINUOUS
100
AcDbLine
 10
5.68587874015748
 20
-4.5311577952755906
 30
0
 11
5.679318503937008
 21
-4.5311577952755906
 31
0
  0
LINE
  5
3C
330
1F
100
AcDbEntity
  8
In1.Cu
  6
CONTINUOUS
100
AcDbLine
 10
5.679318503937008
 20
-4.5311577952755906
 30
0
 11
5.6728843700787399
 21
-4.5298779527559052
 31
0
  0
LINE
  5
3D
330
1F
100
AcDbEntity
  8
In1.Cu
  6
CONTINUOUS
100
AcDbLine
 10
5.6728843700787399
 20
-4.5298779527559052
 30
0
 11
5.6668235433070864
 21
-4.5273674803149602
 31
0
  0
LINE
  5
3E
330
1F
100
AcDbEntity
  8
In1.Cu
  6
CONTINUOUS
100
AcDbLine
 10
5.6668235433070864
 20
-4.5273674803149602
 30
0
 11
5.6613689370078735
 21
-4.5237228346456693
 31
0
  0
LINE
  5
3F
330
1F
100
AcDbEntity
  8
In1.Cu
  6
CONTINUOUS
100
AcDbLine
 10
5.6613689370078735
 20
-4.5237228346456693
 30
0
 11
5.6567301574803146
 21
-4.5190840551181104
 31
0
  0
LINE
  5
40
330
1F
100
AcDbEntity
  8
In1.Cu
  6
CONTINUOUS
100
AcDbLine
 10
5.6567301574803146
 20
-4.5190840551181104
 30
0
 11
5.6530855118110237
 21
-4.5136294488188975
 31
0
  0
LINE
  5
41
330
1F
100
AcDbEntity
  8
In1.Cu
  6
CONTINUOUS
100
AcDbLine
 10
5.6530855118110237
 20
-4.5136294488188975
 30
0
 11
5.6505750393700787
 21
-4.507568622047244
 31
0
  0
LINE
  5
42
330
1F
100
AcDbEntity
  8
In1.Cu
  6
CONTINUOUS
100
AcDbLine
 10
5.6505750393700787
 20
-4.507568622047244
 30
0
 11
5.6492951968503933
 21
-4.5011344881889759
 31
0
  0
LINE
  5
43
330
1F
100
AcDbEntity
  8
In1.Cu
  6
CONTINUOUS
100
AcDbLine
 10
5.6492951968503933
 20
-4.5011344881889759
 30
0
 11
5.6492951968503933
 21
-4.4945742519685039
 31
0
  0
LINE
  5
44
330
1F
100
AcDbEntity
  8
In1.Cu
  6
CONTINUOUS
100
AcDbLine
 10
5.6492951968503933
 20
-4.4945742519685039
 30
0
 11
5.6505750393700787
 21
-4.4881401181102358
 31
0
  0
LINE
  5
45
330
1F
100
AcDbEntity
  8
In1.Cu
  6
CONTINUOUS
100
AcDbLine
 10
5.6505750393700787
 20
-4.4881401181102358
 30
0
 11
5.6530855118110237
 21
-4.4820792913385823
 31
0
  0
LINE
  5
46
330
1F
100
AcDbEntity
  8
In1.Cu
  6
CONTINUOUS
100
AcDbLine
 10
5.6530855118110237
 20
-4.4820792913385823
 30
0
 11
5.6567301574803146
 21
-4.4766246850393703
 31
0
  0
LINE
  5
47
330
1F
100
AcDbEntity
  8
In1.Cu
  6
CONTINUOUS
100
AcDbLine
 10
5.6567301574803146
 20
-4.4766246850393703
 30
0
 11
5.6613689370078735
 21
-4.4719859055118105
 31
0
  0
LINE
  5
48
330
1F
100
AcDbEntity
  8
In1.Cu
  6
CONTINUOUS
100
AcDbLine
 10
5.6613689370078735
 20
-4.4719859055118105
 30
0
 11
5.6668235433070864
 21
-4.4683412598425196
 31
0
  0
LINE
  5
49
330
1F
100
AcDbEntity
  8
In1.Cu
  6
CONTINUOUS
100
AcDbLine
 10
5.6668235433070864
 20
-4.4683412598425196
 30
0
 11
5.6728843700787399
 21
-4.4658307874015746
 31
0
  0
LINE
  5
4A
330
1F
100
AcDbEntity
  8
In1.Cu
  6
CONTINUOUS
100
AcDbLine
 10
5.6728843700787399
 20
-4.4658307874015746
 30
0
 11
5.679318503937008
 21
-4.4645509448818901
 31
0
  0
LINE
  5
4B
330
1F
100
AcDbEntity
  8
In1.Cu
  6
CONTINUOUS
100
AcDbLine
 10
5.679318503937008
 20
-4.4645509448818901
 30
0
 11
5.68587874015748
 21
-4.4645509448818901
 31
0
  0
LINE
  5
4C
330
1F
100
AcDbEntity
  8
In1.Cu
  6
CONTINUOUS
100
AcDbLine
 10
5.68587874015748
 20
-4.4645509448818901
 30
0
 11
5.692312874015748
 21
-4.4658307874015746
 31
0
  0
LINE
  5
4D
330
1F
100
AcDbEntity
  8
In1.Cu
  6
CONTINUOUS
100
AcDbLine
 10
5.5472357086614172
 20
-4.3256549212598427
 30
0
 11
5.5498355905511811
 21
-4.3271559448818895
 31
0
  0
LINE
  5
4E
330
1F
100
AcDbEntity
  8
In1.Cu
  6
CONTINUOUS
100
AcDbLine
 10
5.5498355905511811
 20
-4.3271559448818895
 30
0
 11
5.5519584251968501
 21
-4.3292787795275594
 31
0
  0
LINE
  5
4F
330
1F
100
AcDbEntity
  8
In1.Cu
  6
CONTINUOUS
100
AcDbLine
 10
5.5519584251968501
 20
-4.3292787795275594
 30
0
 11
5.5534594488188977
 21
-4.3318786614173224
 31
0
  0
LINE
  5
50
330
1F
100
AcDbEntity
  8
In1.Cu
  6
CONTINUOUS
100
AcDbLine
 10
5.5534594488188977
 20
-4.3318786614173224
 30
0
 11
5.5542364566929132
 21
-4.3347784645669289
 31
0
  0
LINE
  5
51
330
1F
100
AcDbEntity
  8
In1.Cu
  6
CONTINUOUS
100
AcDbLine
 10
5.5542364566929132
 20
-4.3347784645669289
 30
0
 11
5.5542364566929132
 21
-4.3377805905511808
 31
0
  0
LINE
  5
52
330
1F
100
AcDbEntity
  8
In1.Cu
  6
CONTINUOUS
100
AcDbLine
 10
5.5542364566929132
 20
-4.3377805905511808
 30
0
 11
5.5534594488188977
 21
-4.3406803937007874
 31
0
  0
LINE
  5
53
330
1F
100
AcDbEntity
  8
In1.Cu
  6
CONTINUOUS
100
AcDbLine
 10
5.5534594488188977
 20
-4.3406803937007874
 30
0
 11
5.5519584251968501
 21
-4.3432802755905513
 31
0
  0
LINE
  5
54
330
1F
100
AcDbEntity
  8
In1.Cu
  6
CONTINUOUS
100
AcDbLine
 10
5.5519584251968501
 20
-4.3432802755905513
 30
0
 11
5.5498355905511811
 21
-4.3454031102362203
 31
0
  0
LINE
  5
55
330
1F
100
AcDbEntity
  8
In1.Cu
  6
CONTINUOUS
100
AcDbLine
 10
5.5498355905511811
 20
-4.3454031102362203
 30
0
 11
5.5472357086614172
 21
-4.3469041338582679
 31
0
  0
LINE
  5
56
330
1F
100
AcDbEntity
  8
In1.Cu
  6
CONTINUOUS
100
AcDbLine
 10
5.5472357086614172
 20
-4.3469041338582679
 30
0
 11
5.5443359055118107
 21
-4.3476811417322834
 31
0
  0
LINE
  5
57
330
1F
100
AcDbEntity
  8
In1.Cu
  6
CONTINUOUS
100
AcDbLine
 10
5.5443359055118107
 20
-4.3476811417322834
 30
0
 11
5.5413337795275588
 21
-4.3476811417322834
 31
0
  0
LINE
  5
58
330
1F
100
AcDbEntity
  8
In1.Cu
  6
CONTINUOUS
100
AcDbLine
 10
5.5413337795275588
 20
-4.3476811417322834
 30
0
 11
5.5384339763779522
 21
-4.3469041338582679
 31
0
  0
LINE
  5
59
330
1F
100
AcDbEntity
  8
In1.Cu
  6
CONTINUOUS
100
AcDbLine
 10
5.5384339763779522
 20
-4.3469041338582679
 30
0
 11
5.5358340944881892
 21
-4.3454031102362203
 31
0
  0
LINE
  5
5A
330
1F
100
AcDbEntity
  8
In1.Cu
  6
CONTINUOUS
100
AcDbLine
 10
5.5358340944881892
 20
-4.3454031102362203
 30
0
 11
5.5337112598425193
 21
-4.3432802755905513
 31
0
  0
LINE
  5
5B
330
1F
100
AcDbEntity
  8
In1.Cu
  6
CONTINUOUS
100
AcDbLine
 10
5.5337112598425193
 20
-4.3432802755905513
 30
0
 11
5.5322102362204726
 21
-4.3406803937007874
 31
0
  0
LINE
  5
5C
330
1F
100
AcDbEntity
  8
In1.Cu
  6
CONTINUOUS
100
AcDbLine
 10
5.5322102362204726
 20
-4.3406803937007874
 30
0
 11
5.5314332283464562
 21
-4.3377805905511808
 31
0
  0
LINE
  5
5D
330
1F
100
AcDbEntity
  8
In1.Cu
  6
CONTINUOUS
100
AcDbLine
 10
5.5314332283464562
 20
-4.3377805905511808
 30
0
 11
5.5314332283464562
 21
-4.3347784645669289
 31
0
  0
LINE
  5
5E
330
1F
100
AcDbEntity
  8
In1.Cu
  6
CONTINUOUS
100
AcDbLine
 10
5.5314332283464562
 20
-4.3347784645669289
 30
0
 11
5.5322102362204726
 21
-4.3318786614173224
 31
0
  0
LINE
  5
5F
330
1F
100
AcDbEntity
  8
In1.Cu
  6
CONTINUOUS
100
AcDbLine
 10
5.5322102362204726
 20
-4.3318786614173224
 30
0
 11
5.5337112598425193
 21
-4.3292787795275594
 31
0
  0
LINE
  5
60
330
1F
100
AcDbEntity
  8
In1.Cu
  6
CONTINUOUS
100
AcDbLine
 10
5.5337112598425193
 20
-4.3292787795275594
 30
0
 11
5.5358340944881892
 21
-4.3271559448818895
 31
0
  0
LINE
  5
61
330
1F
100
AcDbEntity
  8
In1.Cu
  6
CONTINUOUS
100
AcDbLine
 10
5.5358340944881892
 20
-4.3271559448818895
 30
0
 11
5.5384339763779522
 21
-4.3256549212598427
 31
0
  0
LINE
  5
62
330
1F
100
AcDbEntity
  8
In1.Cu
  6
CONTINUOUS
100
AcDbLine
 10
5.5384339763779522
 20
-4.3256549212598427
 30
0
 11
5.5413337795275588
 21
-4.3248779133858264
 31
0
  0
LINE
  5
63
330
1F
100
AcDbEntity
  8
In1.Cu
  6
CONTINUOUS
100
AcDbLine
 10
5.5413337795275588
 20
-4.3248779133858264
 30
0
 11
5.5443359055118107
 21
-4.3248779133858264
 31
0
  0
LINE
  5
64
330
1F
100
AcDbEntity
  8
In1.Cu
  6
CONTINUOUS
100
AcDbLine
 10
5.5443359055118107
 20
-4.3248779133858264
 30
0
 11
5.5472357086614172
 21
-4.3256549212598427
 31
0
  0
LINE
  5
65
330
1F
100
AcDbEntity
  8
In1.Cu
  6
CONTINUOUS
100
AcDbLine
 10
5.8987515748031498
 20
-4.1804944881889758
 30
0
 11
5.9058819685039365
 21
-4.1834479921259842
 31
0
  0
LINE
  5
66
330
1F
100
AcDbEntity
  8
In1.Cu
  6
CONTINUOUS
100
AcDbLine
 10
5.9058819685039365
 20
-4.1834479921259842
 30
0
 11
5.9122991338582676
 21
-4.1877358267716538
 31
0
  0
LINE
  5
67
330
1F
100
AcDbEntity
  8
In1.Cu
  6
CONTINUOUS
100
AcDbLine
 10
5.9122991338582676
 20
-4.1877358267716538
 30
0
 11
5.9177564960629923
 21
-4.1931931889763776
 31
0
  0
LINE
  5
68
330
1F
100
AcDbEntity
  8
In1.Cu
  6
CONTINUOUS
100
AcDbLine
 10
5.9177564960629923
 20
-4.1931931889763776
 30
0
 11
5.922044330708661
 21
-4.1996103543307086
 31
0
  0
LINE
  5
69
330
1F
100
AcDbEntity
  8
In1.Cu
  6
CONTINUOUS
100
AcDbLine
 10
5.922044330708661
 20
-4.1996103543307086
 30
0
 11
5.9249978346456693
 21
-4.2067407480314962
 31
0
  0
LINE
  5
6A
330
1F
100
AcDbEntity
  8
In1.Cu
  6
CONTINUOUS
100
AcDbLine
 10
5.9249978346456693
 20
-4.2067407480314962
 30
0
 11
5.9265035433070867
 21
-4.214310354330709
 31
0
  0
LINE
  5
6B
330
1F
100
AcDbEntity
  8
In1.Cu
  6
CONTINUOUS
100
AcDbLine
 10
5.9265035433070867
 20
-4.214310354330709
 30
0
 11
5.9265035433070867
 21
-4.2220282283464563
 31
0
  0
LINE
  5
6C
330
1F
100
AcDbEntity
  8
In1.Cu
  6
CONTINUOUS
100
AcDbLine
 10
5.9265035433070867
 20
-4.2220282283464563
 30
0
 11
5.9249978346456693
 21
-4.2295978346456691
 31
0
  0
LINE
  5
6D
330
1F
100
AcDbEntity
  8
In1.Cu
  6
CONTINUOUS
100
AcDbLine
 10
5.9249978346456693
 20
-4.2295978346456691
 30
0
 11
5.922044330708661
 21
-4.2367282283464567
 31
0
  0
LINE
  5
6E
330
1F
100
AcDbEntity
  8
In1.Cu
  6
CONTINUOUS
100
AcDbLine
 10
5.922044330708661
 20
-4.2367282283464567
 30
0
 11
5.9177564960629923
 21
-4.2431453937007877
 31
0
  0
LINE
  5
6F
330
1F
100
AcDbEntity
  8
In1.Cu
  6
CONTINUOUS
100
AcDbLine
 10
5.9177564960629923
 20
-4.2431453937007877
 30
0
 11
5.9122991338582676
 21
-4.2486027559055115
 31
0
  0
LINE
  5
70
330
1F
100
AcDbEntity
  8
In1.Cu
  6
CONTINUOUS
100
AcDbLine
 10
5.9122991338582676
 20
-4.2486027559055115
 30
0
 11
5.9058819685039365
 21
-4.2528905905511811
 31
0
  0
LINE
  5
71
330
1F
100
AcDbEntity
  8
In1.Cu
  6
CONTINUOUS
100
AcDbLine
 10
5.9058819685039365
 20
-4.2528905905511811
 30
0
 11
5.8987515748031498
 21
-4.2558440944881886
 31
0
  0
LINE
  5
72
330
1F
100
AcDbEntity
  8
In1.Cu
  6
CONTINUOUS
100
AcDbLine
 10
5.8987515748031498
 20
-4.2558440944881886
 30
0
 11
5.891181968503937
 21
-4.257349803149606
 31
0
  0
LINE
  5
73
330
1F
100
AcDbEntity
  8
In1.Cu
  6
CONTINUOUS
100
AcDbLine
 10
5.891181968503937
 20
-4.257349803149606
 30
0
 11
5.8834640944881889
 21
-4.257349803149606
 31
0
  0
LINE
  5
74
330
1F
100
AcDbEntity
  8
In1.Cu
  6
CONTINUOUS
100
AcDbLine
 10
5.8834640944881889
 20
-4.257349803149606
 30
0
 11
5.8758944881889761
 21
-4.2558440944881886
 31
0
  0
LINE
  5
75
330
1F
100
AcDbEntity
  8
In1.Cu
  6
CONTINUOUS
100
AcDbLine
 10
5.8758944881889761
 20
-4.2558440944881886
 30
0
 11
5.8687640944881885
 21
-4.2528905905511811
 31
0
  0
LINE
  5
76
330
1F
100
AcDbEntity
  8
In1.Cu
  6
CONTINUOUS
100
AcDbLine
 10
5.8687640944881885
 20
-4.2528905905511811
 30
0
 11
5.8623469291338584
 21
-4.2486027559055115
 31
0
  0
LINE
  5
77
330
1F
100
AcDbEntity
  8
In1.Cu
  6
CONTINUOUS
100
AcDbLine
 10
5.8623469291338584
 20
-4.2486027559055115
 30
0
 11
5.8568895669291337
 21
-4.2431453937007877
 31
0
  0
LINE
  5
78
330
1F
100
AcDbEntity
  8
In1.Cu
  6
CONTINUOUS
100
AcDbLine
 10
5.8568895669291337
 20
-4.2431453937007877
 30
0
 11
5.852601732283464
 21
-4.2367282283464567
 31
0
  0
LINE
  5
79
330
1F
100
AcDbEntity
  8
In1.Cu
  6
CONTINUOUS
100
AcDbLine
 10
5.852601732283464
 20
-4.2367282283464567
 30
0
 11
5.8496482283464566
 21
-4.2295978346456691
 31
0
  0
LINE
  5
7A
330
1F
100
AcDbEntity
  8
In1.Cu
  6
CONTINUOUS
100
AcDbLine
 10
5.8496482283464566
 20
-4.2295978346456691
 30
0
 11
5.8481425196850392
 21
-4.2220282283464563
 31
0
  0
LINE
  5
7B
330
1F
100
AcDbEntity
  8
In1.Cu
  6
CONTINUOUS
100
AcDbLine
 10
5.8481425196850392
 20
-4.2220282283464563
 30
0
 11
5.8481425196850392
 21
-4.214310354330709
 31
0
  0
LINE
  5
7C
330
1F
100
AcDbEntity
  8
In1.Cu
  6
CONTINUOUS
100
AcDbLine
 10
5.8481425196850392
 20
-4.214310354330709
 30
0
 11
5.8496482283464566
 21
-4.2067407480314962
 31
0
  0
LINE
  5
7D
330
1F
100
AcDbEntity
  8
In1.Cu
  6
CONTINUOUS
100
AcDbLine
 10
5.8496482283464566
 20
-4.2067407480314962
 30
0
 11
5.852601732283464
 21
-4.1996103543307086
 31
0
  0
LINE
  5
7E
330
1F
100
AcDbEntity
  8
In1.Cu
  6
CONTINUOUS
100
AcDbLine
 10
5.852601732283464
 20
-4.1996103543307086
 30
0
 11
5.8568895669291337
 21
-4.1931931889763776
 31
0
  0
LINE
  5
7F
330
1F
100
AcDbEntity
  8
In1.Cu
  6
CONTINUOUS
100
AcDbLine
 10
5.8568895669291337
 20
-4.1931931889763776
 30
0
 11
5.8623469291338584
 21
-4.1877358267716538
 31
0
  0
LINE
  5
80
330
1F
100
AcDbEntity
  8
In1.Cu
  6
CONTINUOUS
100
AcDbLine
 10
5.8623469291338584
 20
-4.1877358267716538
 30
0
 11
5.8687640944881885
 21
-4.1834479921259842
 31
0
  0
LINE
  5
81
330
1F
100
AcDbEntity
  8
In1.Cu
  6
CONTINUOUS
100
AcDbLine
 10
5.8687640944881885
 20
-4.1834479921259842
 30
0
 11
5.8758944881889761
 21
-4.1804944881889758
 31
0
  0
LINE
  5
82
330
1F
100
AcDbEntity
  8
In1.Cu
  6
CONTINUOUS
100
AcDbLine
 10
5.8758944881889761
 20
-4.1804944881889758
 30
0
 11
5.8834640944881889
 21
-4.1789887795275593
 31
0
  0
LINE
  5
83
330
1F
100
AcDbEntity
  8
In1.Cu
  6
CONTINUOUS
100
AcDbLine
 10
5.8834640944881889
 20
-4.1789887795275593
 30
0
 11
5.891181968503937
 21
-4.1789887795275593
 31
0
  0
LINE
  5
84
330
1F
100
AcDbEntity
  8
In1.Cu
  6
CONTINUOUS
100
AcDbLine
 10
5.891181968503937
 20
-4.1789887795275593
 30
0
 11
5.8987515748031498
 21
-4.1804944881889758
 31
0
  0
LINE
  5
85
330
1F
100
AcDbEntity
  8
In1.Cu
  6
CONTINUOUS
100
AcDbLine
 10
5.4527474803149607
 20
-4.2410092519685039
 30
0
 11
5.4553473622047246
 21
-4.2425102755905515
 31
0
  0
LINE
  5
86
330
1F
100
AcDbEntity
  8
In1.Cu
  6
CONTINUOUS
100
AcDbLine
 10
5.4553473622047246
 20
-4.2425102755905515
 30
0
 11
5.4574701968503936
 21
-4.2446331102362205
 31
0
  0
LINE
  5
87
330
1F
100
AcDbEntity
  8
In1.Cu
  6
CONTINUOUS
100
AcDbLine
 10
5.4574701968503936
 20
-4.2446331102362205
 30
0
 11
5.4589712204724412
 21
-4.2472329921259844
 31
0
  0
LINE
  5
88
330
1F
100
AcDbEntity
  8
In1.Cu
  6
CONTINUOUS
100
AcDbLine
 10
5.4589712204724412
 20
-4.2472329921259844
 30
0
 11
5.4597482283464567
 21
-4.2501327952755901
 31
0
  0
LINE
  5
89
330
1F
100
AcDbEntity
  8
In1.Cu
  6
CONTINUOUS
100
AcDbLine
 10
5.4597482283464567
 20
-4.2501327952755901
 30
0
 11
5.4597482283464567
 21
-4.2531349212598428
 31
0
  0
LINE
  5
8A
330
1F
100
AcDbEntity
  8
In1.Cu
  6
CONTINUOUS
100
AcDbLine
 10
5.4597482283464567
 20
-4.2531349212598428
 30
0
 11
5.4589712204724412
 21
-4.2560347244094485
 31
0
  0
LINE
  5
8B
330
1F
100
AcDbEntity
  8
In1.Cu
  6
CONTINUOUS
100
AcDbLine
 10
5.4589712204724412
 20
-4.2560347244094485
 30
0
 11
5.4574701968503936
 21
-4.2586346062992124
 31
0
  0
LINE
  5
8C
330
1F
100
AcDbEntity
  8
In1.Cu
  6
CONTINUOUS
100
AcDbLine
 10
5.4574701968503936
 20
-4.2586346062992124
 30
0
 11
5.4553473622047246
 21
-4.2607574409448814
 31
0
  0
LINE
  5
8D
330
1F
100
AcDbEntity
  8
In1.Cu
  6
CONTINUOUS
100
AcDbLine
 10
5.4553473622047246
 20
-4.2607574409448814
 30
0
 11
5.4527474803149607
 21
-4.262258464566929
 31
0
  0
LINE
  5
8E
330
1F
100
AcDbEntity
  8
In1.Cu
  6
CONTINUOUS
100
AcDbLine
 10
5.4527474803149607
 20
-4.262258464566929
 30
0
 11
5.4498476771653541
 21
-4.2630354724409445
 31
0
  0
LINE
  5
8F
330
1F
100
AcDbEntity
  8
In1.Cu
  6
CONTINUOUS
100
AcDbLine
 10
5.4498476771653541
 20
-4.2630354724409445
 30
0
 11
5.4468455511811023
 21
-4.2630354724409445
 31
0
  0
LINE
  5
90
330
1F
100
AcDbEntity
  8
In1.Cu
  6
CONTINUOUS
100
AcDbLine
 10
5.4468455511811023
 20
-4.2630354724409445
 30
0
 11
5.4439457480314957
 21
-4.262258464566929
 31
0
  0
LINE
  5
91
330
1F
100
AcDbEntity
  8
In1.Cu
  6
CONTINUOUS
100
AcDbLine
 10
5.4439457480314957
 20
-4.262258464566929
 30
0
 11
5.4413458661417318
 21
-4.2607574409448814
 31
0
  0
LINE
  5
92
330
1F
100
AcDbEntity
  8
In1.Cu
  6
CONTINUOUS
100
AcDbLine
 10
5.4413458661417318
 20
-4.2607574409448814
 30
0
 11
5.4392230314960628
 21
-4.2586346062992124
 31
0
  0
LINE
  5
93
330
1F
100
AcDbEntity
  8
In1.Cu
  6
CONTINUOUS
100
AcDbLine
 10
5.4392230314960628
 20
-4.2586346062992124
 30
0
 11
5.4377220078740161
 21
-4.2560347244094485
 31
0
  0
LINE
  5
94
330
1F
100
AcDbEntity
  8
In1.Cu
  6
CONTINUOUS
100
AcDbLine
 10
5.4377220078740161
 20
-4.2560347244094485
 30
0
 11
5.4369449999999997
 21
-4.2531349212598428
 31
0
  0
LINE
  5
95
330
1F
100
AcDbEntity
  8
In1.Cu
  6
CONTINUOUS
100
AcDbLine
 10
5.4369449999999997
 20
-4.2531349212598428
 30
0
 11
5.4369449999999997
 21
-4.2501327952755901
 31
0
  0
LINE
  5
96
330
1F
100
AcDbEntity
  8
In1.Cu
  6
CONTINUOUS
100
AcDbLine
 10
5.4369449999999997
 20
-4.2501327952755901
 30
0
 11
5.4377220078740161
 21
-4.2472329921259844
 31
0
  0
LINE
  5
97
330
1F
100
AcDbEntity
  8
In1.Cu
  6
CONTINUOUS
100
AcDbLine
 10
5.4377220078740161
 20
-4.2472329921259844
 30
0
 11
5.4392230314960628
 21
-4.2446331102362205
 31
0
  0
LINE
  5
98
330
1F
100
AcDbEntity
  8
In1.Cu
  6
CONTINUOUS
100
AcDbLine
 10
5.4392230314960628
 20
-4.2446331102362205
 30
0
 11
5.4413458661417318
 21
-4.2425102755905515
 31
0
  0
LINE
  5
99
330
1F
100
AcDbEntity
  8
In1.Cu
  6
CONTINUOUS
100
AcDbLine
 10
5.4413458661417318
 20
-4.2425102755905515
 30
0
 11
5.4439457480314957
 21
-4.2410092519685039
 31
0
  0
LINE
  5
9A
330
1F
100
AcDbEntity
  8
In1.Cu
  6
CONTINUOUS
100
AcDbLine
 10
5.4439457480314957
 20
-4.2410092519685039
 30
0
 11
5.4468455511811023
 21
-4.2402322440944884
 31
0
  0
LINE
  5
9B
330
1F
100
AcDbEntity
  8
In1.Cu
  6
CONTINUOUS
100
AcDbLine
 10
5.4468455511811023
 20
-4.2402322440944884
 30
0
 11
5.4498476771653541
 21
-4.2402322440944884
 31
0
  0
LINE
  5
9C
330
1F
100
AcDbEntity
  8
In1.Cu
  6
CONTINUOUS
100
AcDbLine
 10
5.4498476771653541
 20
-4.2402322440944884
 30
0
 11
5.4527474803149607
 21
-4.2410092519685039
 31
0
  0
LINE
  5
9D
330
1F
100
AcDbEntity
  8
In1.Cu
  6
CONTINUOUS
100
AcDbLine
 10
6.641723897637795
 20
-4.1307730314960631
 30
0
 11
6.6443237795275589
 21
-4.1322740551181099
 31
0
  0
LINE
  5
9E
330
1F
100
AcDbEntity
  8
In1.Cu
  6
CONTINUOUS
100
AcDbLine
 10
6.6443237795275589
 20
-4.1322740551181099
 30
0
 11
6.6464466141732279
 21
-4.1343968897637797
 31
0
  0
LINE
  5
9F
330
1F
100
AcDbEntity
  8
In1.Cu
  6
CONTINUOUS
100
AcDbLine
 10
6.6464466141732279
 20
-4.1343968897637797
 30
0
 11
6.6479476377952755
 21
-4.1369967716535436
 31
0
  0
LINE
  5
A0
330
1F
100
AcDbEntity
  8
In1.Cu
  6
CONTINUOUS
100
AcDbLine
 10
6.6479476377952755
 20
-4.1369967716535436
 30
0
 11
6.648724645669291
 21
-4.1398965748031493
 31
0
  0
LINE
  5
A1
330
1F
100
AcDbEntity
  8
In1.Cu
  6
CONTINUOUS
100
AcDbLine
 10
6.648724645669291
 20
-4.1398965748031493
 30
0
 11
6.648724645669291
 21
-4.1428987007874012
 31
0
  0
LINE
  5
A2
330
1F
100
AcDbEntity
  8
In1.Cu
  6
CONTINUOUS
100
AcDbLine
 10
6.648724645669291
 20
-4.1428987007874012
 30
0
 11
6.6479476377952755
 21
-4.1457985039370078
 31
0
  0
LINE
  5
A3
330
1F
100
AcDbEntity
  8
In1.Cu
  6
CONTINUOUS
100
AcDbLine
 10
6.6479476377952755
 20
-4.1457985039370078
 30
0
 11
6.6464466141732279
 21
-4.1483983858267717
 31
0
  0
LINE
  5
A4
330
1F
100
AcDbEntity
  8
In1.Cu
  6
CONTINUOUS
100
AcDbLine
 10
6.6464466141732279
 20
-4.1483983858267717
 30
0
 11
6.6443237795275589
 21
-4.1505212204724407
 31
0
  0
LINE
  5
A5
330
1F
100
AcDbEntity
  8
In1.Cu
  6
CONTINUOUS
100
AcDbLine
 10
6.6443237795275589
 20
-4.1505212204724407
 30
0
 11
6.641723897637795
 21
-4.1520222440944883
 31
0
  0
LINE
  5
A6
330
1F
100
AcDbEntity
  8
In1.Cu
  6
CONTINUOUS
100
AcDbLine
 10
6.641723897637795
 20
-4.1520222440944883
 30
0
 11
6.6388240944881884
 21
-4.1527992519685037
 31
0
  0
LINE
  5
A7
330
1F
100
AcDbEntity
  8
In1.Cu
  6
CONTINUOUS
100
AcDbLine
 10
6.6388240944881884
 20
-4.1527992519685037
 30
0
 11
6.6358219685039366
 21
-4.1527992519685037
 31
0
  0
LINE
  5
A8
330
1F
100
AcDbEntity
  8
In1.Cu
  6
CONTINUOUS
100
AcDbLine
 10
6.6358219685039366
 20
-4.1527992519685037
 30
0
 11
6.6329221653543309
 21
-4.1520222440944883
 31
0
  0
LINE
  5
A9
330
1F
100
AcDbEntity
  8
In1.Cu
  6
CONTINUOUS
100
AcDbLine
 10
6.6329221653543309
 20
-4.1520222440944883
 30
0
 11
6.630322283464567
 21
-4.1505212204724407
 31
0
  0
LINE
  5
AA
330
1F
100
AcDbEntity
  8
In1.Cu
  6
CONTINUOUS
100
AcDbLine
 10
6.630322283464567
 20
-4.1505212204724407
 30
0
 11
6.6281994488188971
 21
-4.1483983858267717
 31
0
  0
LINE
  5
AB
330
1F
100
AcDbEntity
  8
In1.Cu
  6
CONTINUOUS
100
AcDbLine
 10
6.6281994488188971
 20
-4.1483983858267717
 30
0
 11
6.6266984251968504
 21
-4.1457985039370078
 31
0
  0
LINE
  5
AC
330
1F
100
AcDbEntity
  8
In1.Cu
  6
CONTINUOUS
100
AcDbLine
 10
6.6266984251968504
 20
-4.1457985039370078
 30
0
 11
6.6259214173228349
 21
-4.1428987007874012
 31
0
  0
LINE
  5
AD
330
1F
100
AcDbEntity
  8
In1.Cu
  6
CONTINUOUS
100
AcDbLine
 10
6.6259214173228349
 20
-4.1428987007874012
 30
0
 11
6.6259214173228349
 21
-4.1398965748031493
 31
0
  0
LINE
  5
AE
330
1F
100
AcDbEntity
  8
In1.Cu
  6
CONTINUOUS
100
AcDbLine
 10
6.6259214173228349
 20
-4.1398965748031493
 30
0
 11
6.6266984251968504
 21
-4.1369967716535436
 31
0
  0
LINE
  5
AF
330
1F
100
AcDbEntity
  8
In1.Cu
  6
CONTINUOUS
100
AcDbLine
 10
6.6266984251968504
 20
-4.1369967716535436
 30
0
 11
6.6281994488188971
 21
-4.1343968897637797
 31
0
  0
LINE
  5
B0
330
1F
100
AcDbEntity
  8
In1.Cu
  6
CONTINUOUS
100
AcDbLine
 10
6.6281994488188971
 20
-4.1343968897637797
 30
0
 11
6.630322283464567
 21
-4.1322740551181099
 31
0
  0
LINE
  5
B1
330
1F
100
AcDbEntity
  8
In1.Cu
  6
CONTINUOUS
100
AcDbLine
 10
6.630322283464567
 20
-4.1322740551181099
 30
0
 11
6.6329221653543309
 21
-4.1307730314960631
 31
0
  0
LINE
  5
B2
330
1F
100
AcDbEntity
  8
In1.Cu
  6
CONTINUOUS
100
AcDbLine
 10
6.6329221653543309
 20
-4.1307730314960631
 30
0
 11
6.6358219685039366
 21
-4.1299960236220468
 31
0
  0
LINE
  5
B3
330
1F
100
AcDbEntity
  8
In1.Cu
  6
CONTINUOUS
100
AcDbLine
 10
6.6358219685039366
 20
-4.1299960236220468
 30
0
 11
6.6388240944881884
 21
-4.1299960236220468
 31
0
  0
LINE
  5
B4
330
1F
100
AcDbEntity
  8
In1.Cu
  6
CONTINUOUS
100
AcDbLine
 10
6.6388240944881884
 20
-4.1299960236220468
 30
0
 11
6.641723897637795
 21
-4.1307730314960631
 31
0
  0
LINE
  5
B5
330
1F
100
AcDbEntity
  8
In1.Cu
  6
CONTINUOUS
100
AcDbLine
 10
5.8987515748031498
 20
-4.0623842519685036
 30
0
 11
5.9058819685039365
 21
-4.0653377559055119
 31
0
  0
LINE
  5
B6
330
1F
100
AcDbEntity
  8
In1.Cu
  6
CONTINUOUS
100
AcDbLine
 10
5.9058819685039365
 20
-4.0653377559055119
 30
0
 11
5.9122991338582676
 21
-4.0696255905511807
 31
0
  0
LINE
  5
B7
330
1F
100
AcDbEntity
  8
In1.Cu
  6
CONTINUOUS
100
AcDbLine
 10
5.9122991338582676
 20
-4.0696255905511807
 30
0
 11
5.9177564960629923
 21
-4.0750829527559054
 31
0
  0
LINE
  5
B8
330
1F
100
AcDbEntity
  8
In1.Cu
  6
CONTINUOUS
100
AcDbLine
 10
5.9177564960629923
 20
-4.0750829527559054
 30
0
 11
5.922044330708661
 21
-4.0815001181102364
 31
0
  0
LINE
  5
B9
330
1F
100
AcDbEntity
  8
In1.Cu
  6
CONTINUOUS
100
AcDbLine
 10
5.922044330708661
 20
-4.0815001181102364
 30
0
 11
5.9249978346456693
 21
-4.0886305118110231
 31
0
  0
LINE
  5
BA
330
1F
100
AcDbEntity
  8
In1.Cu
  6
CONTINUOUS
100
AcDbLine
 10
5.9249978346456693
 20
-4.0886305118110231
 30
0
 11
5.9265035433070867
 21
-4.0962001181102359
 31
0
  0
LINE
  5
BB
330
1F
100
AcDbEntity
  8
In1.Cu
  6
CONTINUOUS
100
AcDbLine
 10
5.9265035433070867
 20
-4.0962001181102359
 30
0
 11
5.9265035433070867
 21
-4.1039179921259841
 31
0
  0
LINE
  5
BC
330
1F
100
AcDbEntity
  8
In1.Cu
  6
CONTINUOUS
100
AcDbLine
 10
5.9265035433070867
 20
-4.1039179921259841
 30
0
 11
5.9249978346456693
 21
-4.1114875984251968
 31
0
  0
LINE
  5
BD
330
1F
100
AcDbEntity
  8
In1.Cu
  6
CONTINUOUS
100
AcDbLine
 10
5.9249978346456693
 20
-4.1114875984251968
 30
0
 11
5.922044330708661
 21
-4.1186179921259845
 31
0
  0
LINE
  5
BE
330
1F
100
AcDbEntity
  8
In1.Cu
  6
CONTINUOUS
100
AcDbLine
 10
5.922044330708661
 20
-4.1186179921259845
 30
0
 11
5.9177564960629923
 21
-4.1250351574803146
 31
0
  0
LINE
  5
BF
330
1F
100
AcDbEntity
  8
In1.Cu
  6
CONTINUOUS
100
AcDbLine
 10
5.9177564960629923
 20
-4.1250351574803146
 30
0
 11
5.9122991338582676
 21
-4.1304925196850393
 31
0
  0
LINE
  5
C0
330
1F
100
AcDbEntity
  8
In1.Cu
  6
CONTINUOUS
100
AcDbLine
 10
5.9122991338582676
 20
-4.1304925196850393
 30
0
 11
5.9058819685039365
 21
-4.1347803543307089
 31
0
  0
LINE
  5
C1
330
1F
100
AcDbEntity
  8
In1.Cu
  6
CONTINUOUS
100
AcDbLine
 10
5.9058819685039365
 20
-4.1347803543307089
 30
0
 11
5.8987515748031498
 21
-4.1377338582677163
 31
0
  0
LINE
  5
C2
330
1F
100
AcDbEntity
  8
In1.Cu
  6
CONTINUOUS
100
AcDbLine
 10
5.8987515748031498
 20
-4.1377338582677163
 30
0
 11
5.891181968503937
 21
-4.1392395669291338
 31
0
  0
LINE
  5
C3
330
1F
100
AcDbEntity
  8
In1.Cu
  6
CONTINUOUS
100
AcDbLine
 10
5.891181968503937
 20
-4.1392395669291338
 30
0
 11
5.8834640944881889
 21
-4.1392395669291338
 31
0
  0
LINE
  5
C4
330
1F
100
AcDbEntity
  8
In1.Cu
  6
CONTINUOUS
100
AcDbLine
 10
5.8834640944881889
 20
-4.1392395669291338
 30
0
 11
5.8758944881889761
 21
-4.1377338582677163
 31
0
  0
LINE
  5
C5
330
1F
100
AcDbEntity
  8
In1.Cu
  6
CONTINUOUS
100
AcDbLine
 10
5.8758944881889761
 20
-4.1377338582677163
 30
0
 11
5.8687640944881885
 21
-4.1347803543307089
 31
0
  0
LINE
  5
C6
330
1F
100
AcDbEntity
  8
In1.Cu
  6
CONTINUOUS
100
AcDbLine
 10
5.8687640944881885
 20
-4.1347803543307089
 30
0
 11
5.8623469291338584
 21
-4.1304925196850393
 31
0
  0
LINE
  5
C7
330
1F
100
AcDbEntity
  8
In1.Cu
  6
CONTINUOUS
100
AcDbLine
 10
5.8623469291338584
 20
-4.1304925196850393
 30
0
 11
5.8568895669291337
 21
-4.1250351574803146
 31
0
  0
LINE
  5
C8
330
1F
100
AcDbEntity
  8
In1.Cu
  6
CONTINUOUS
100
AcDbLine
 10
5.8568895669291337
 20
-4.1250351574803146
 30
0
 11
5.852601732283464
 21
-4.1186179921259845
 31
0
  0
LINE
  5
C9
330
1F
100
AcDbEntity
  8
In1.Cu
  6
CONTINUOUS
100
AcDbLine
 10
5.852601732283464
 20
-4.1186179921259845
 30
0
 11
5.8496482283464566
 21
-4.1114875984251968
 31
0
  0
LINE
  5
CA
330
1F
100
AcDbEntity
  8
In1.Cu
  6
CONTINUOUS
100
AcDbLine
 10
5.8496482283464566
 20
-4.1114875984251968
 30
0
 11
5.8481425196850392
 21
-4.1039179921259841
 31
0
  0
LINE
  5
CB
330
1F
100
AcDbEntity
  8
In1.Cu
  6
CONTINUOUS
100
AcDbLine
 10
5.8481425196850392
 20
-4.1039179921259841
 30
0
 11
5.8481425196850392
 21
-4.0962001181102359
 31
0
  0
LINE
  5
CC
330
1F
100
AcDbEntity
  8
In1.Cu
  6
CONTINUOUS
100
AcDbLine
 10
5.8481425196850392
 20
-4.0962001181102359
 30
0
 11
5.8496482283464566
 21
-4.0886305118110231
 31
0
  0
LINE
  5
CD
330
1F
100
AcDbEntity
  8
In1.Cu
  6
CONTINUOUS
100
AcDbLine
 10
5.8496482283464566
 20
-4.0886305118110231
 30
0
 11
5.852601732283464
 21
-4.0815001181102364
 31
0
  0
LINE
  5
CE
330
1F
100
AcDbEntity
  8
In1.Cu
  6
CONTINUOUS
100
AcDbLine
 10
5.852601732283464
 20
-4.0815001181102364
 30
0
 11
5.8568895669291337
 21
-4.0750829527559054
 31
0
  0
LINE
  5
CF
330
1F
100
AcDbEntity
  8
In1.Cu
  6
CONTINUOUS
100
AcDbLine
 10
5.8568895669291337
 20
-4.0750829527559054
 30
0
 11
5.8623469291338584
 21
-4.0696255905511807
 31
0
  0
LINE
  5
D0
330
1F
100
AcDbEntity
  8
In1.Cu
  6
CONTINUOUS
100
AcDbLine
 10
5.8623469291338584
 20
-4.0696255905511807
 30
0
 11
5.8687640944881885
 21
-4.0653377559055119
 31
0
  0
LINE
  5
D1
330
1F
100
AcDbEntity
  8
In1.Cu
  6
CONTINUOUS
100
AcDbLine
 10
5.8687640944881885
 20
-4.0653377559055119
 30
0
 11
5.8758944881889761
 21
-4.0623842519685036
 31
0
  0
LINE
  5
D2
330
1F
100
AcDbEntity
  8
In1.Cu
  6
CONTINUOUS
100
AcDbLine
 10
5.8758944881889761
 20
-4.0623842519685036
 30
0
 11
5.8834640944881889
 21
-4.0608785433070862
 31
0
  0
LINE
  5
D3
330
1F
100
AcDbEntity
  8
In1.Cu
  6
CONTINUOUS
100
AcDbLine
 10
5.8834640944881889
 20
-4.0608785433070862
 30
0
 11
5.891181968503937
 21
-4.0608785433070862
 31
0
  0
LINE
  5
D4
330
1F
100
AcDbEntity
  8
In1.Cu
  6
CONTINUOUS
100
AcDbLine
 10
5.891181968503937
 20
-4.0608785433070862
 30
0
 11
5.8987515748031498
 21
-4.0623842519685036
 31
0
  0
LINE
  5
D5
330
1F
100
AcDbEntity
  8
In1.Cu
  6
CONTINUOUS
100
AcDbLine
 10
6.5591255118110237
 20
-3.9922888188976375
 30
0
 11
6.5617253937007876
 21
-3.9937898425196852
 31
0
  0
LINE
  5
D6
330
1F
100
AcDbEntity
  8
In1.Cu
  6
CONTINUOUS
100
AcDbLine
 10
6.5617253937007876
 20
-3.9937898425196852
 30
0
 11
6.5638482283464565
 21
-3.9959126771653541
 31
0
  0
LINE
  5
D7
330
1F
100
AcDbEntity
  8
In1.Cu
  6
CONTINUOUS
100
AcDbLine
 10
6.5638482283464565
 20
-3.9959126771653541
 30
0
 11
6.5653492519685042
 21
-3.998512559055118
 31
0
  0
LINE
  5
D8
330
1F
100
AcDbEntity
  8
In1.Cu
  6
CONTINUOUS
100
AcDbLine
 10
6.5653492519685042
 20
-3.998512559055118
 30
0
 11
6.5661262598425196
 21
-4.0014123622047242
 31
0
  0
LINE
  5
D9
330
1F
100
AcDbEntity
  8
In1.Cu
  6
CONTINUOUS
100
AcDbLine
 10
6.5661262598425196
 20
-4.0014123622047242
 30
0
 11
6.5661262598425196
 21
-4.0044144881889761
 31
0
  0
LINE
  5
DA
330
1F
100
AcDbEntity
  8
In1.Cu
  6
CONTINUOUS
100
AcDbLine
 10
6.5661262598425196
 20
-4.0044144881889761
 30
0
 11
6.5653492519685042
 21
-4.0073142913385826
 31
0
  0
LINE
  5
DB
330
1F
100
AcDbEntity
  8
In1.Cu
  6
CONTINUOUS
100
AcDbLine
 10
6.5653492519685042
 20
-4.0073142913385826
 30
0
 11
6.5638482283464565
 21
-4.0099141732283465
 31
0
  0
LINE
  5
DC
330
1F
100
AcDbEntity
  8
In1.Cu
  6
CONTINUOUS
100
AcDbLine
 10
6.5638482283464565
 20
-4.0099141732283465
 30
0
 11
6.5617253937007876
 21
-4.0120370078740155
 31
0
  0
LINE
  5
DD
330
1F
100
AcDbEntity
  8
In1.Cu
  6
CONTINUOUS
100
AcDbLine
 10
6.5617253937007876
 20
-4.0120370078740155
 30
0
 11
6.5591255118110237
 21
-4.0135380314960631
 31
0
  0
LINE
  5
DE
330
1F
100
AcDbEntity
  8
In1.Cu
  6
CONTINUOUS
100
AcDbLine
 10
6.5591255118110237
 20
-4.0135380314960631
 30
0
 11
6.5562257086614171
 21
-4.0143150393700786
 31
0
  0
LINE
  5
DF
330
1F
100
AcDbEntity
  8
In1.Cu
  6
CONTINUOUS
100
AcDbLine
 10
6.5562257086614171
 20
-4.0143150393700786
 30
0
 11
6.5532235826771652
 21
-4.0143150393700786
 31
0
  0
LINE
  5
E0
330
1F
100
AcDbEntity
  8
In1.Cu
  6
CONTINUOUS
100
AcDbLine
 10
6.5532235826771652
 20
-4.0143150393700786
 30
0
 11
6.5503237795275586
 21
-4.0135380314960631
 31
0
  0
LINE
  5
E1
330
1F
100
AcDbEntity
  8
In1.Cu
  6
CONTINUOUS
100
AcDbLine
 10
6.5503237795275586
 20
-4.0135380314960631
 30
0
 11
6.5477238976377947
 21
-4.0120370078740155
 31
0
  0
LINE
  5
E2
330
1F
100
AcDbEntity
  8
In1.Cu
  6
CONTINUOUS
100
AcDbLine
 10
6.5477238976377947
 20
-4.0120370078740155
 30
0
 11
6.5456010629921257
 21
-4.0099141732283465
 31
0
  0
LINE
  5
E3
330
1F
100
AcDbEntity
  8
In1.Cu
  6
CONTINUOUS
100
AcDbLine
 10
6.5456010629921257
 20
-4.0099141732283465
 30
0
 11
6.544100039370079
 21
-4.0073142913385826
 31
0
  0
LINE
  5
E4
330
1F
100
AcDbEntity
  8
In1.Cu
  6
CONTINUOUS
100
AcDbLine
 10
6.544100039370079
 20
-4.0073142913385826
 30
0
 11
6.5433230314960626
 21
-4.0044144881889761
 31
0
  0
LINE
  5
E5
330
1F
100
AcDbEntity
  8
In1.Cu
  6
CONTINUOUS
100
AcDbLine
 10
6.5433230314960626
 20
-4.0044144881889761
 30
0
 11
6.5433230314960626
 21
-4.0014123622047242
 31
0
  0
LINE
  5
E6
330
1F
100
AcDbEntity
  8
In1.Cu
  6
CONTINUOUS
100
AcDbLine
 10
6.5433230314960626
 20
-4.0014123622047242
 30
0
 11
6.544100039370079
 21
-3.998512559055118
 31
0
  0
LINE
  5
E7
330
1F
100
AcDbEntity
  8
In1.Cu
  6
CONTINUOUS
100
AcDbLine
 10
6.544100039370079
 20
-3.998512559055118
 30
0
 11
6.5456010629921257
 21
-3.9959126771653541
 31
0
  0
LINE
  5
E8
330
1F
100
AcDbEntity
  8
In1.Cu
  6
CONTINUOUS
100
AcDbLine
 10
6.5456010629921257
 20
-3.9959126771653541
 30
0
 11
6.5477238976377947
 21
-3.9937898425196852
 31
0
  0
LINE
  5
E9
330
1F
100
AcDbEntity
  8
In1.Cu
  6
CONTINUOUS
100
AcDbLine
 10
6.5477238976377947
 20
-3.9937898425196852
 30
0
 11
6.5503237795275586
 21
-3.9922888188976375
 31
0
  0
LINE
  5
EA
330
1F
100
AcDbEntity
  8
In1.Cu
  6
CONTINUOUS
100
AcDbLine
 10
6.5503237795275586
 20
-3.9922888188976375
 30
0
 11
6.5532235826771652
 21
-3.9915118110236221
 31
0
  0
LINE
  5
EB
330
1F
100
AcDbEntity
  8
In1.Cu
  6
CONTINUOUS
100
AcDbLine
 10
6.5532235826771652
 20
-3.9915118110236221
 30
0
 11
6.5562257086614171
 21
-3.9915118110236221
 31
0
  0
LINE
  5
EC
330
1F
100
AcDbEntity
  8
In1.Cu
  6
CONTINUOUS
100
AcDbLine
 10
6.5562257086614171
 20
-3.9915118110236221
 30
0
 11
6.5591255118110237
 21
-3.9922888188976375
 31
0
  0
LINE
  5
ED
330
1F
100
AcDbEntity
  8
In1.Cu
  6
CONTINUOUS
100
AcDbLine
 10
5.3831027559055116
 20
-3.9572573228346455
 30
0
 11
5.3857729527559055
 21
-3.9587989763779525
 31
0
  0
LINE
  5
EE
330
1F
100
AcDbEntity
  8
In1.Cu
  6
CONTINUOUS
100
AcDbLine
 10
5.3857729527559055
 20
-3.9587989763779525
 30
0
 11
5.3879531889763781
 21
-3.9609792125984251
 31
0
  0
LINE
  5
EF
330
1F
100
AcDbEntity
  8
In1.Cu
  6
CONTINUOUS
100
AcDbLine
 10
5.3879531889763781
 20
-3.9609792125984251
 30
0
 11
5.3894948425196851
 21
-3.9636494094488186
 31
0
  0
LINE
  5
F0
330
1F
100
AcDbEntity
  8
In1.Cu
  6
CONTINUOUS
100
AcDbLine
 10
5.3894948425196851
 20
-3.9636494094488186
 30
0
 11
5.3902928346456696
 21
-3.9666276377952756
 31
0
  0
LINE
  5
F1
330
1F
100
AcDbEntity
  8
In1.Cu
  6
CONTINUOUS
100
AcDbLine
 10
5.3902928346456696
 20
-3.9666276377952756
 30
0
 11
5.3902928346456696
 21
-3.9697109448818897
 31
0
  0
LINE
  5
F2
330
1F
100
AcDbEntity
  8
In1.Cu
  6
CONTINUOUS
100
AcDbLine
 10
5.3902928346456696
 20
-3.9697109448818897
 30
0
 11
5.3894948425196851
 21
-3.9726891732283462
 31
0
  0
LINE
  5
F3
330
1F
100
AcDbEntity
  8
In1.Cu
  6
CONTINUOUS
100
AcDbLine
 10
5.3894948425196851
 20
-3.9726891732283462
 30
0
 11
5.3879531889763781
 21
-3.9753593700787402
 31
0
  0
LINE
  5
F4
330
1F
100
AcDbEntity
  8
In1.Cu
  6
CONTINUOUS
100
AcDbLine
 10
5.3879531889763781
 20
-3.9753593700787402
 30
0
 11
5.3857729527559055
 21
-3.9775396062992123
 31
0
  0
LINE
  5
F5
330
1F
100
AcDbEntity
  8
In1.Cu
  6
CONTINUOUS
100
AcDbLine
 10
5.3857729527559055
 20
-3.9775396062992123
 30
0
 11
5.3831027559055116
 21
-3.9790812598425198
 31
0
  0
LINE
  5
F6
330
1F
100
AcDbEntity
  8
In1.Cu
  6
CONTINUOUS
100
AcDbLine
 10
5.3831027559055116
 20
-3.9790812598425198
 30
0
 11
5.3801245275590546
 21
-3.9798792519685038
 31
0
  0
LINE
  5
F7
330
1F
100
AcDbEntity
  8
In1.Cu
  6
CONTINUOUS
100
AcDbLine
 10
5.3801245275590546
 20
-3.9798792519685038
 30
0
 11
5.3770412204724405
 21
-3.9798792519685038
 31
0
  0
LINE
  5
F8
330
1F
100
AcDbEntity
  8
In1.Cu
  6
CONTINUOUS
100
AcDbLine
 10
5.3770412204724405
 20
-3.9798792519685038
 30
0
 11
5.3740629921259844
 21
-3.9790812598425198
 31
0
  0
LINE
  5
F9
330
1F
100
AcDbEntity
  8
In1.Cu
  6
CONTINUOUS
100
AcDbLine
 10
5.3740629921259844
 20
-3.9790812598425198
 30
0
 11
5.3713927952755904
 21
-3.9775396062992123
 31
0
  0
LINE
  5
FA
330
1F
100
AcDbEntity
  8
In1.Cu
  6
CONTINUOUS
100
AcDbLine
 10
5.3713927952755904
 20
-3.9775396062992123
 30
0
 11
5.3692125590551179
 21
-3.9753593700787402
 31
0
  0
LINE
  5
FB
330
1F
100
AcDbEntity
  8
In1.Cu
  6
CONTINUOUS
100
AcDbLine
 10
5.3692125590551179
 20
-3.9753593700787402
 30
0
 11
5.3676709055118108
 21
-3.9726891732283462
 31
0
  0
LINE
  5
FC
330
1F
100
AcDbEntity
  8
In1.Cu
  6
CONTINUOUS
100
AcDbLine
 10
5.3676709055118108
 20
-3.9726891732283462
 30
0
 11
5.3668729133858264
 21
-3.9697109448818897
 31
0
  0
LINE
  5
FD
330
1F
100
AcDbEntity
  8
In1.Cu
  6
CONTINUOUS
100
AcDbLine
 10
5.3668729133858264
 20
-3.9697109448818897
 30
0
 11
5.3668729133858264
 21
-3.9666276377952756
 31
0
  0
LINE
  5
FE
330
1F
100
AcDbEntity
  8
In1.Cu
  6
CONTINUOUS
100
AcDbLine
 10
5.3668729133858264
 20
-3.9666276377952756
 30
0
 11
5.3676709055118108
 21
-3.9636494094488186
 31
0
  0
LINE
  5
FF
330
1F
100
AcDbEntity
  8
In1.Cu
  6
CONTINUOUS
100
AcDbLine
 10
5.3676709055118108
 20
-3.9636494094488186
 30
0
 11
5.3692125590551179
 21
-3.9609792125984251
 31
0
  0
LINE
  5
100
330
1F
100
AcDbEntity
  8
In1.Cu
  6
CONTINUOUS
100
AcDbLine
 10
5.3692125590551179
 20
-3.9609792125984251
 30
0
 11
5.3713927952755904
 21
-3.9587989763779525
 31
0
  0
LINE
  5
101
330
1F
100
AcDbEntity
  8
In1.Cu
  6
CONTINUOUS
100
AcDbLine
 10
5.3713927952755904
 20
-3.9587989763779525
 30
0
 11
5.3740629921259844
 21
-3.9572573228346455
 31
0
  0
LINE
  5
102
330
1F
100
AcDbEntity
  8
In1.Cu
  6
CONTINUOUS
100
AcDbLine
 10
5.3740629921259844
 20
-3.9572573228346455
 30
0
 11
5.3770412204724405
 21
-3.9564593307086615
 31
0
  0
LINE
  5
103
330
1F
100
AcDbEntity
  8
In1.Cu
  6
CONTINUOUS
100
AcDbLine
 10
5.3770412204724405
 20
-3.9564593307086615
 30
0
 11
5.3801245275590546
 21
-3.9564593307086615
 31
0
  0
LINE
  5
104
330
1F
100
AcDbEntity
  8
In1.Cu
  6
CONTINUOUS
100
AcDbLine
 10
5.3801245275590546
 20
-3.9564593307086615
 30
0
 11
5.3831027559055116
 21
-3.9572573228346455
 31
0
  0
LINE
  5
105
330
1F
100
AcDbEntity
  8
In1.Cu
  6
CONTINUOUS
100
AcDbLine
 10
5.3831027559055116
 20
-3.9257612598425196
 30
0
 11
5.3857729527559055
 21
-3.9273029133858266
 31
0
  0
LINE
  5
106
330
1F
100
AcDbEntity
  8
In1.Cu
  6
CONTINUOUS
100
AcDbLine
 10
5.3857729527559055
 20
-3.9273029133858266
 30
0
 11
5.3879531889763781
 21
-3.9294831496062992
 31
0
  0
LINE
  5
107
330
1F
100
AcDbEntity
  8
In1.Cu
  6
CONTINUOUS
100
AcDbLine
 10
5.3879531889763781
 20
-3.9294831496062992
 30
0
 11
5.3894948425196851
 21
-3.9321533464566927
 31
0
  0
LINE
  5
108
330
1F
100
AcDbEntity
  8
In1.Cu
  6
CONTINUOUS
100
AcDbLine
 10
5.3894948425196851
 20
-3.9321533464566927
 30
0
 11
5.3902928346456696
 21
-3.9351315748031497
 31
0
  0
LINE
  5
109
330
1F
100
AcDbEntity
  8
In1.Cu
  6
CONTINUOUS
100
AcDbLine
 10
5.3902928346456696
 20
-3.9351315748031497
 30
0
 11
5.3902928346456696
 21
-3.9382148818897638
 31
0
  0
LINE
  5
10A
330
1F
100
AcDbEntity
  8
In1.Cu
  6
CONTINUOUS
100
AcDbLine
 10
5.3902928346456696
 20
-3.9382148818897638
 30
0
 11
5.3894948425196851
 21
-3.9411931102362203
 31
0
  0
LINE
  5
10B
330
1F
100
AcDbEntity
  8
In1.Cu
  6
CONTINUOUS
100
AcDbLine
 10
5.3894948425196851
 20
-3.9411931102362203
 30
0
 11
5.3879531889763781
 21
-3.9438633070866143
 31
0
  0
LINE
  5
10C
330
1F
100
AcDbEntity
  8
In1.Cu
  6
CONTINUOUS
100
AcDbLine
 10
5.3879531889763781
 20
-3.9438633070866143
 30
0
 11
5.3857729527559055
 21
-3.9460435433070864
 31
0
  0
LINE
  5
10D
330
1F
100
AcDbEntity
  8
In1.Cu
  6
CONTINUOUS
100
AcDbLine
 10
5.3857729527559055
 20
-3.9460435433070864
 30
0
 11
5.3831027559055116
 21
-3.9475851968503934
 31
0
  0
LINE
  5
10E
330
1F
100
AcDbEntity
  8
In1.Cu
  6
CONTINUOUS
100
AcDbLine
 10
5.3831027559055116
 20
-3.9475851968503934
 30
0
 11
5.3801245275590546
 21
-3.9483831889763779
 31
0
  0
LINE
  5
10F
330
1F
100
AcDbEntity
  8
In1.Cu
  6
CONTINUOUS
100
AcDbLine
 10
5.3801245275590546
 20
-3.9483831889763779
 30
0
 11
5.3770412204724405
 21
-3.9483831889763779
 31
0
  0
LINE
  5
110
330
1F
100
AcDbEntity
  8
In1.Cu
  6
CONTINUOUS
100
AcDbLine
 10
5.3770412204724405
 20
-3.9483831889763779
 30
0
 11
5.3740629921259844
 21
-3.9475851968503934
 31
0
  0
LINE
  5
111
330
1F
100
AcDbEntity
  8
In1.Cu
  6
CONTINUOUS
100
AcDbLine
 10
5.3740629921259844
 20
-3.9475851968503934
 30
0
 11
5.3713927952755904
 21
-3.9460435433070864
 31
0
  0
LINE
  5
112
330
1F
100
AcDbEntity
  8
In1.Cu
  6
CONTINUOUS
100
AcDbLine
 10
5.3713927952755904
 20
-3.9460435433070864
 30
0
 11
5.3692125590551179
 21
-3.9438633070866143
 31
0
  0
LINE
  5
113
330
1F
100
AcDbEntity
  8
In1.Cu
  6
CONTINUOUS
100
AcDbLine
 10
5.3692125590551179
 20
-3.9438633070866143
 30
0
 11
5.3676709055118108
 21
-3.9411931102362203
 31
0
  0
LINE
  5
114
330
1F
100
AcDbEntity
  8
In1.Cu
  6
CONTINUOUS
100
AcDbLine
 10
5.3676709055118108
 20
-3.9411931102362203
 30
0
 11
5.3668729133858264
 21
-3.9382148818897638
 31
0
  0
LINE
  5
115
330
1F
100
AcDbEntity
  8
In1.Cu
  6
CONTINUOUS
100
AcDbLine
 10
5.3668729133858264
 20
-3.9382148818897638
 30
0
 11
5.3668729133858264
 21
-3.9351315748031497
 31
0
  0
LINE
  5
116
330
1F
100
AcDbEntity
  8
In1.Cu
  6
CONTINUOUS
100
AcDbLine
 10
5.3668729133858264
 20
-3.9351315748031497
 30
0
 11
5.3676709055118108
 21
-3.9321533464566927
 31
0
  0
LINE
  5
117
330
1F
100
AcDbEntity
  8
In1.Cu
  6
CONTINUOUS
100
AcDbLine
 10
5.3676709055118108
 20
-3.9321533464566927
 30
0
 11
5.3692125590551179
 21
-3.9294831496062992
 31
0
  0
LINE
  5
118
330
1F
100
AcDbEntity
  8
In1.Cu
  6
CONTINUOUS
100
AcDbLine
 10
5.3692125590551179
 20
-3.9294831496062992
 30
0
 11
5.3713927952755904
 21
-3.9273029133858266
 31
0
  0
LINE
  5
119
330
1F
100
AcDbEntity
  8
In1.Cu
  6
CONTINUOUS
100
AcDbLine
 10
5.3713927952755904
 20
-3.9273029133858266
 30
0
 11
5.3740629921259844
 21
-3.9257612598425196
 31
0
  0
LINE
  5
11A
330
1F
100
AcDbEntity
  8
In1.Cu
  6
CONTINUOUS
100
AcDbLine
 10
5.3740629921259844
 20
-3.9257612598425196
 30
0
 11
5.3770412204724405
 21
-3.9249632677165351
 31
0
  0
LINE
  5
11B
330
1F
100
AcDbEntity
  8
In1.Cu
  6
CONTINUOUS
100
AcDbLine
 10
5.3770412204724405
 20
-3.9249632677165351
 30
0
 11
5.3801245275590546
 21
-3.9249632677165351
 31
0
  0
LINE
  5
11C
330
1F
100
AcDbEntity
  8
In1.Cu
  6
CONTINUOUS
100
AcDbLine
 10
5.3801245275590546
 20
-3.9249632677165351
 30
0
 11
5.3831027559055116
 21
-3.9257612598425196
 31
0
  0
LINE
  5
11D
330
1F
100
AcDbEntity
  8
In1.Cu
  6
CONTINUOUS
100
AcDbLine
 10
5.4106618110236218
 20
-3.9100132283464566
 30
0
 11
5.4133320078740157
 21
-3.9115548818897636
 31
0
  0
LINE
  5
11E
330
1F
100
AcDbEntity
  8
In1.Cu
  6
CONTINUOUS
100
AcDbLine
 10
5.4133320078740157
 20
-3.9115548818897636
 30
0
 11
5.4155122440944883
 21
-3.9137351181102362
 31
0
  0
LINE
  5
11F
330
1F
100
AcDbEntity
  8
In1.Cu
  6
CONTINUOUS
100
AcDbLine
 10
5.4155122440944883
 20
-3.9137351181102362
 30
0
 11
5.4170538976377953
 21
-3.9164053149606297
 31
0
  0
LINE
  5
120
330
1F
100
AcDbEntity
  8
In1.Cu
  6
CONTINUOUS
100
AcDbLine
 10
5.4170538976377953
 20
-3.9164053149606297
 30
0
 11
5.4178518897637797
 21
-3.9193835433070867
 31
0
  0
LINE
  5
121
330
1F
100
AcDbEntity
  8
In1.Cu
  6
CONTINUOUS
100
AcDbLine
 10
5.4178518897637797
 20
-3.9193835433070867
 30
0
 11
5.4178518897637797
 21
-3.9224668503937008
 31
0
  0
LINE
  5
122
330
1F
100
AcDbEntity
  8
In1.Cu
  6
CONTINUOUS
100
AcDbLine
 10
5.4178518897637797
 20
-3.9224668503937008
 30
0
 11
5.4170538976377953
 21
-3.9254450787401574
 31
0
  0
LINE
  5
123
330
1F
100
AcDbEntity
  8
In1.Cu
  6
CONTINUOUS
100
AcDbLine
 10
5.4170538976377953
 20
-3.9254450787401574
 30
0
 11
5.4155122440944883
 21
-3.9281152755905513
 31
0
  0
LINE
  5
124
330
1F
100
AcDbEntity
  8
In1.Cu
  6
CONTINUOUS
100
AcDbLine
 10
5.4155122440944883
 20
-3.9281152755905513
 30
0
 11
5.4133320078740157
 21
-3.9302955118110234
 31
0
  0
LINE
  5
125
330
1F
100
AcDbEntity
  8
In1.Cu
  6
CONTINUOUS
100
AcDbLine
 10
5.4133320078740157
 20
-3.9302955118110234
 30
0
 11
5.4106618110236218
 21
-3.9318371653543305
 31
0
  0
LINE
  5
126
330
1F
100
AcDbEntity
  8
In1.Cu
  6
CONTINUOUS
100
AcDbLine
 10
5.4106618110236218
 20
-3.9318371653543305
 30
0
 11
5.4076835826771656
 21
-3.9326351574803149
 31
0
  0
LINE
  5
127
330
1F
100
AcDbEntity
  8
In1.Cu
  6
CONTINUOUS
100
AcDbLine
 10
5.4076835826771656
 20
-3.9326351574803149
 30
0
 11
5.4046002755905507
 21
-3.9326351574803149
 31
0
  0
LINE
  5
128
330
1F
100
AcDbEntity
  8
In1.Cu
  6
CONTINUOUS
100
AcDbLine
 10
5.4046002755905507
 20
-3.9326351574803149
 30
0
 11
5.4016220472440946
 21
-3.9318371653543305
 31
0
  0
LINE
  5
129
330
1F
100
AcDbEntity
  8
In1.Cu
  6
CONTINUOUS
100
AcDbLine
 10
5.4016220472440946
 20
-3.9318371653543305
 30
0
 11
5.3989518503937006
 21
-3.9302955118110234
 31
0
  0
LINE
  5
12A
330
1F
100
AcDbEntity
  8
In1.Cu
  6
CONTINUOUS
100
AcDbLine
 10
5.3989518503937006
 20
-3.9302955118110234
 30
0
 11
5.396771614173228
 21
-3.9281152755905513
 31
0
  0
LINE
  5
12B
330
1F
100
AcDbEntity
  8
In1.Cu
  6
CONTINUOUS
100
AcDbLine
 10
5.396771614173228
 20
-3.9281152755905513
 30
0
 11
5.395229960629921
 21
-3.9254450787401574
 31
0
  0
LINE
  5
12C
330
1F
100
AcDbEntity
  8
In1.Cu
  6
CONTINUOUS
100
AcDbLine
 10
5.395229960629921
 20
-3.9254450787401574
 30
0
 11
5.3944319685039366
 21
-3.9224668503937008
 31
0
  0
LINE
  5
12D
330
1F
100
AcDbEntity
  8
In1.Cu
  6
CONTINUOUS
100
AcDbLine
 10
5.3944319685039366
 20
-3.9224668503937008
 30
0
 11
5.3944319685039366
 21
-3.9193835433070867
 31
0
  0
LINE
  5
12E
330
1F
100
AcDbEntity
  8
In1.Cu
  6
CONTINUOUS
100
AcDbLine
 10
5.3944319685039366
 20
-3.9193835433070867
 30
0
 11
5.395229960629921
 21
-3.9164053149606297
 31
0
  0
LINE
  5
12F
330
1F
100
AcDbEntity
  8
In1.Cu
  6
CONTINUOUS
100
AcDbLine
 10
5.395229960629921
 20
-3.9164053149606297
 30
0
 11
5.396771614173228
 21
-3.9137351181102362
 31
0
  0
LINE
  5
130
330
1F
100
AcDbEntity
  8
In1.Cu
  6
CONTINUOUS
100
AcDbLine
 10
5.396771614173228
 20
-3.9137351181102362
 30
0
 11
5.3989518503937006
 21
-3.9115548818897636
 31
0
  0
LINE
  5
131
330
1F
100
AcDbEntity
  8
In1.Cu
  6
CONTINUOUS
100
AcDbLine
 10
5.3989518503937006
 20
-3.9115548818897636
 30
0
 11
5.4016220472440946
 21
-3.9100132283464566
 31
0
  0
LINE
  5
132
330
1F
100
AcDbEntity
  8
In1.Cu
  6
CONTINUOUS
100
AcDbLine
 10
5.4016220472440946
 20
-3.9100132283464566
 30
0
 11
5.4046002755905507
 21
-3.9092152362204722
 31
0
  0
LINE
  5
133
330
1F
100
AcDbEntity
  8
In1.Cu
  6
CONTINUOUS
100
AcDbLine
 10
5.4046002755905507
 20
-3.9092152362204722
 30
0
 11
5.4076835826771656
 21
-3.9092152362204722
 31
0
  0
LINE
  5
134
330
1F
100
AcDbEntity
  8
In1.Cu
  6
CONTINUOUS
100
AcDbLine
 10
5.4076835826771656
 20
-3.9092152362204722
 30
0
 11
5.4106618110236218
 21
-3.9100132283464566
 31
0
  0
LINE
  5
135
330
1F
100
AcDbEntity
  8
In1.Cu
  6
CONTINUOUS
100
AcDbLine
 10
5.3831027952755903
 20
-3.8942651968503936
 30
0
 11
5.3857729921259843
 21
-3.8958068503937007
 31
0
  0
LINE
  5
136
330
1F
100
AcDbEntity
  8
In1.Cu
  6
CONTINUOUS
100
AcDbLine
 10
5.3857729921259843
 20
-3.8958068503937007
 30
0
 11
5.3879532283464568
 21
-3.8979870866141733
 31
0
  0
LINE
  5
137
330
1F
100
AcDbEntity
  8
In1.Cu
  6
CONTINUOUS
100
AcDbLine
 10
5.3879532283464568
 20
-3.8979870866141733
 30
0
 11
5.3894948818897639
 21
-3.9006572834645667
 31
0
  0
LINE
  5
138
330
1F
100
AcDbEntity
  8
In1.Cu
  6
CONTINUOUS
100
AcDbLine
 10
5.3894948818897639
 20
-3.9006572834645667
 30
0
 11
5.3902928740157483
 21
-3.9036355118110238
 31
0
  0
LINE
  5
139
330
1F
100
AcDbEntity
  8
In1.Cu
  6
CONTINUOUS
100
AcDbLine
 10
5.3902928740157483
 20
-3.9036355118110238
 30
0
 11
5.3902928740157483
 21
-3.9067188188976378
 31
0
  0
LINE
  5
13A
330
1F
100
AcDbEntity
  8
In1.Cu
  6
CONTINUOUS
100
AcDbLine
 10
5.3902928740157483
 20
-3.9067188188976378
 30
0
 11
5.3894948818897639
 21
-3.9096970472440944
 31
0
  0
LINE
  5
13B
330
1F
100
AcDbEntity
  8
In1.Cu
  6
CONTINUOUS
100
AcDbLine
 10
5.3894948818897639
 20
-3.9096970472440944
 30
0
 11
5.3879532283464568
 21
-3.9123672440944879
 31
0
  0
LINE
  5
13C
330
1F
100
AcDbEntity
  8
In1.Cu
  6
CONTINUOUS
100
AcDbLine
 10
5.3879532283464568
 20
-3.9123672440944879
 30
0
 11
5.3857729921259843
 21
-3.9145474803149605
 31
0
  0
LINE
  5
13D
330
1F
100
AcDbEntity
  8
In1.Cu
  6
CONTINUOUS
100
AcDbLine
 10
5.3857729921259843
 20
-3.9145474803149605
 30
0
 11
5.3831027952755903
 21
-3.9160891338582675
 31
0
  0
LINE
  5
13E
330
1F
100
AcDbEntity
  8
In1.Cu
  6
CONTINUOUS
100
AcDbLine
 10
5.3831027952755903
 20
-3.9160891338582675
 30
0
 11
5.3801245669291333
 21
-3.9168871259842519
 31
0
  0
LINE
  5
13F
330
1F
100
AcDbEntity
  8
In1.Cu
  6
CONTINUOUS
100
AcDbLine
 10
5.3801245669291333
 20
-3.9168871259842519
 30
0
 11
5.3770412598425192
 21
-3.9168871259842519
 31
0
  0
LINE
  5
140
330
1F
100
AcDbEntity
  8
In1.Cu
  6
CONTINUOUS
100
AcDbLine
 10
5.3770412598425192
 20
-3.9168871259842519
 30
0
 11
5.3740630314960631
 21
-3.9160891338582675
 31
0
  0
LINE
  5
141
330
1F
100
AcDbEntity
  8
In1.Cu
  6
CONTINUOUS
100
AcDbLine
 10
5.3740630314960631
 20
-3.9160891338582675
 30
0
 11
5.3713928346456692
 21
-3.9145474803149605
 31
0
  0
LINE
  5
142
330
1F
100
AcDbEntity
  8
In1.Cu
  6
CONTINUOUS
100
AcDbLine
 10
5.3713928346456692
 20
-3.9145474803149605
 30
0
 11
5.3692125984251966
 21
-3.9123672440944879
 31
0
  0
LINE
  5
143
330
1F
100
AcDbEntity
  8
In1.Cu
  6
CONTINUOUS
100
AcDbLine
 10
5.3692125984251966
 20
-3.9123672440944879
 30
0
 11
5.3676709448818896
 21
-3.9096970472440944
 31
0
  0
LINE
  5
144
330
1F
100
AcDbEntity
  8
In1.Cu
  6
CONTINUOUS
100
AcDbLine
 10
5.3676709448818896
 20
-3.9096970472440944
 30
0
 11
5.3668729527559051
 21
-3.9067188188976378
 31
0
  0
LINE
  5
145
330
1F
100
AcDbEntity
  8
In1.Cu
  6
CONTINUOUS
100
AcDbLine
 10
5.3668729527559051
 20
-3.9067188188976378
 30
0
 11
5.3668729527559051
 21
-3.9036355118110238
 31
0
  0
LINE
  5
146
330
1F
100
AcDbEntity
  8
In1.Cu
  6
CONTINUOUS
100
AcDbLine
 10
5.3668729527559051
 20
-3.9036355118110238
 30
0
 11
5.3676709448818896
 21
-3.9006572834645667
 31
0
  0
LINE
  5
147
330
1F
100
AcDbEntity
  8
In1.Cu
  6
CONTINUOUS
100
AcDbLine
 10
5.3676709448818896
 20
-3.9006572834645667
 30
0
 11
5.3692125984251966
 21
-3.8979870866141733
 31
0
  0
LINE
  5
148
330
1F
100
AcDbEntity
  8
In1.Cu
  6
CONTINUOUS
100
AcDbLine
 10
5.3692125984251966
 20
-3.8979870866141733
 30
0
 11
5.3713928346456692
 21
-3.8958068503937007
 31
0
  0
LINE
  5
149
330
1F
100
AcDbEntity
  8
In1.Cu
  6
CONTINUOUS
100
AcDbLine
 10
5.3713928346456692
 20
-3.8958068503937007
 30
0
 11
5.3740630314960631
 21
-3.8942651968503936
 31
0
  0
LINE
  5
14A
330
1F
100
AcDbEntity
  8
In1.Cu
  6
CONTINUOUS
100
AcDbLine
 10
5.3740630314960631
 20
-3.8942651968503936
 30
0
 11
5.3770412598425192
 21
-3.8934672047244092
 31
0
  0
LINE
  5
14B
330
1F
100
AcDbEntity
  8
In1.Cu
  6
CONTINUOUS
100
AcDbLine
 10
5.3770412598425192
 20
-3.8934672047244092
 30
0
 11
5.3801245669291333
 21
-3.8934672047244092
 31
0
  0
LINE
  5
14C
330
1F
100
AcDbEntity
  8
In1.Cu
  6
CONTINUOUS
100
AcDbLine
 10
5.3801245669291333
 20
-3.8934672047244092
 30
0
 11
5.3831027952755903
 21
-3.8942651968503936
 31
0
  0
LINE
  5
14D
330
1F
100
AcDbEntity
  8
In1.Cu
  6
CONTINUOUS
100
AcDbLine
 10
5.4106618110236218
 20
-3.8785171653543307
 30
0
 11
5.4133320078740157
 21
-3.8800588188976377
 31
0
  0
LINE
  5
14E
330
1F
100
AcDbEntity
  8
In1.Cu
  6
CONTINUOUS
100
AcDbLine
 10
5.4133320078740157
 20
-3.8800588188976377
 30
0
 11
5.4155122440944883
 21
-3.8822390551181103
 31
0
  0
LINE
  5
14F
330
1F
100
AcDbEntity
  8
In1.Cu
  6
CONTINUOUS
100
AcDbLine
 10
5.4155122440944883
 20
-3.8822390551181103
 30
0
 11
5.4170538976377953
 21
-3.8849092519685038
 31
0
  0
LINE
  5
150
330
1F
100
AcDbEntity
  8
In1.Cu
  6
CONTINUOUS
100
AcDbLine
 10
5.4170538976377953
 20
-3.8849092519685038
 30
0
 11
5.4178518897637797
 21
-3.8878874803149603
 31
0
  0
LINE
  5
151
330
1F
100
AcDbEntity
  8
In1.Cu
  6
CONTINUOUS
100
AcDbLine
 10
5.4178518897637797
 20
-3.8878874803149603
 30
0
 11
5.4178518897637797
 21
-3.8909707874015749
 31
0
  0
LINE
  5
152
330
1F
100
AcDbEntity
  8
In1.Cu
  6
CONTINUOUS
100
AcDbLine
 10
5.4178518897637797
 20
-3.8909707874015749
 30
0
 11
5.4170538976377953
 21
-3.8939490157480314
 31
0
  0
LINE
  5
153
330
1F
100
AcDbEntity
  8
In1.Cu
  6
CONTINUOUS
100
AcDbLine
 10
5.4170538976377953
 20
-3.8939490157480314
 30
0
 11
5.4155122440944883
 21
-3.8966192125984249
 31
0
  0
LINE
  5
154
330
1F
100
AcDbEntity
  8
In1.Cu
  6
CONTINUOUS
100
AcDbLine
 10
5.4155122440944883
 20
-3.8966192125984249
 30
0
 11
5.4133320078740157
 21
-3.8987994488188975
 31
0
  0
LINE
  5
155
330
1F
100
AcDbEntity
  8
In1.Cu
  6
CONTINUOUS
100
AcDbLine
 10
5.4133320078740157
 20
-3.8987994488188975
 30
0
 11
5.4106618110236218
 21
-3.9003411023622045
 31
0
  0
LINE
  5
156
330
1F
100
AcDbEntity
  8
In1.Cu
  6
CONTINUOUS
100
AcDbLine
 10
5.4106618110236218
 20
-3.9003411023622045
 30
0
 11
5.4076835826771656
 21
-3.901139094488189
 31
0
  0
LINE
  5
157
330
1F
100
AcDbEntity
  8
In1.Cu
  6
CONTINUOUS
100
AcDbLine
 10
5.4076835826771656
 20
-3.901139094488189
 30
0
 11
5.4046002755905507
 21
-3.901139094488189
 31
0
  0
LINE
  5
158
330
1F
100
AcDbEntity
  8
In1.Cu
  6
CONTINUOUS
100
AcDbLine
 10
5.4046002755905507
 20
-3.901139094488189
 30
0
 11
5.4016220472440946
 21
-3.9003411023622045
 31
0
  0
LINE
  5
159
330
1F
100
AcDbEntity
  8
In1.Cu
  6
CONTINUOUS
100
AcDbLine
 10
5.4016220472440946
 20
-3.9003411023622045
 30
0
 11
5.3989518503937006
 21
-3.8987994488188975
 31
0
  0
LINE
  5
15A
330
1F
100
AcDbEntity
  8
In1.Cu
  6
CONTINUOUS
100
AcDbLine
 10
5.3989518503937006
 20
-3.8987994488188975
 30
0
 11
5.396771614173228
 21
-3.8966192125984249
 31
0
  0
LINE
  5
15B
330
1F
100
AcDbEntity
  8
In1.Cu
  6
CONTINUOUS
100
AcDbLine
 10
5.396771614173228
 20
-3.8966192125984249
 30
0
 11
5.395229960629921
 21
-3.8939490157480314
 31
0
  0
LINE
  5
15C
330
1F
100
AcDbEntity
  8
In1.Cu
  6
CONTINUOUS
100
AcDbLine
 10
5.395229960629921
 20
-3.8939490157480314
 30
0
 11
5.3944319685039366
 21
-3.8909707874015749
 31
0
  0
LINE
  5
15D
330
1F
100
AcDbEntity
  8
In1.Cu
  6
CONTINUOUS
100
AcDbLine
 10
5.3944319685039366
 20
-3.8909707874015749
 30
0
 11
5.3944319685039366
 21
-3.8878874803149603
 31
0
  0
LINE
  5
15E
330
1F
100
AcDbEntity
  8
In1.Cu
  6
CONTINUOUS
100
AcDbLine
 10
5.3944319685039366
 20
-3.8878874803149603
 30
0
 11
5.395229960629921
 21
-3.8849092519685038
 31
0
  0
LINE
  5
15F
330
1F
100
AcDbEntity
  8
In1.Cu
  6
CONTINUOUS
100
AcDbLine
 10
5.395229960629921
 20
-3.8849092519685038
 30
0
 11
5.396771614173228
 21
-3.8822390551181103
 31
0
  0
LINE
  5
160
330
1F
100
AcDbEntity
  8
In1.Cu
  6
CONTINUOUS
100
AcDbLine
 10
5.396771614173228
 20
-3.8822390551181103
 30
0
 11
5.3989518503937006
 21
-3.8800588188976377
 31
0
  0
LINE
  5
161
330
1F
100
AcDbEntity
  8
In1.Cu
  6
CONTINUOUS
100
AcDbLine
 10
5.3989518503937006
 20
-3.8800588188976377
 30
0
 11
5.4016220472440946
 21
-3.8785171653543307
 31
0
  0
LINE
  5
162
330
1F
100
AcDbEntity
  8
In1.Cu
  6
CONTINUOUS
100
AcDbLine
 10
5.4016220472440946
 20
-3.8785171653543307
 30
0
 11
5.4046002755905507
 21
-3.8777191732283462
 31
0
  0
LINE
  5
163
330
1F
100
AcDbEntity
  8
In1.Cu
  6
CONTINUOUS
100
AcDbLine
 10
5.4046002755905507
 20
-3.8777191732283462
 30
0
 11
5.4076835826771656
 21
-3.8777191732283462
 31
0
  0
LINE
  5
164
330
1F
100
AcDbEntity
  8
In1.Cu
  6
CONTINUOUS
100
AcDbLine
 10
5.4076835826771656
 20
-3.8777191732283462
 30
0
 11
5.4106618110236218
 21
-3.8785171653543307
 31
0
  0
LINE
  5
165
330
1F
100
AcDbEntity
  8
In1.Cu
  6
CONTINUOUS
100
AcDbLine
 10
5.4106618110236218
 20
-3.8470211023622047
 30
0
 11
5.4133320078740157
 21
-3.8485627559055118
 31
0
  0
LINE
  5
166
330
1F
100
AcDbEntity
  8
In1.Cu
  6
CONTINUOUS
100
AcDbLine
 10
5.4133320078740157
 20
-3.8485627559055118
 30
0
 11
5.4155122440944883
 21
-3.8507429921259844
 31
0
  0
LINE
  5
167
330
1F
100
AcDbEntity
  8
In1.Cu
  6
CONTINUOUS
100
AcDbLine
 10
5.4155122440944883
 20
-3.8507429921259844
 30
0
 11
5.4170538976377953
 21
-3.8534131889763779
 31
0
  0
LINE
  5
168
330
1F
100
AcDbEntity
  8
In1.Cu
  6
CONTINUOUS
100
AcDbLine
 10
5.4170538976377953
 20
-3.8534131889763779
 30
0
 11
5.4178518897637797
 21
-3.8563914173228344
 31
0
  0
LINE
  5
169
330
1F
100
AcDbEntity
  8
In1.Cu
  6
CONTINUOUS
100
AcDbLine
 10
5.4178518897637797
 20
-3.8563914173228344
 30
0
 11
5.4178518897637797
 21
-3.8594747244094489
 31
0
  0
LINE
  5
16A
330
1F
100
AcDbEntity
  8
In1.Cu
  6
CONTINUOUS
100
AcDbLine
 10
5.4178518897637797
 20
-3.8594747244094489
 30
0
 11
5.4170538976377953
 21
-3.8624529527559055
 31
0
  0
LINE
  5
16B
330
1F
100
AcDbEntity
  8
In1.Cu
  6
CONTINUOUS
100
AcDbLine
 10
5.4170538976377953
 20
-3.8624529527559055
 30
0
 11
5.4155122440944883
 21
-3.865123149606299
 31
0
  0
LINE
  5
16C
330
1F
100
AcDbEntity
  8
In1.Cu
  6
CONTINUOUS
100
AcDbLine
 10
5.4155122440944883
 20
-3.865123149606299
 30
0
 11
5.4133320078740157
 21
-3.8673033858267716
 31
0
  0
LINE
  5
16D
330
1F
100
AcDbEntity
  8
In1.Cu
  6
CONTINUOUS
100
AcDbLine
 10
5.4133320078740157
 20
-3.8673033858267716
 30
0
 11
5.4106618110236218
 21
-3.8688450393700786
 31
0
  0
LINE
  5
16E
330
1F
100
AcDbEntity
  8
In1.Cu
  6
CONTINUOUS
100
AcDbLine
 10
5.4106618110236218
 20
-3.8688450393700786
 30
0
 11
5.4076835826771656
 21
-3.869643031496063
 31
0
  0
LINE
  5
16F
330
1F
100
AcDbEntity
  8
In1.Cu
  6
CONTINUOUS
100
AcDbLine
 10
5.4076835826771656
 20
-3.869643031496063
 30
0
 11
5.4046002755905507
 21
-3.869643031496063
 31
0
  0
LINE
  5
170
330
1F
100
AcDbEntity
  8
In1.Cu
  6
CONTINUOUS
100
AcDbLine
 10
5.4046002755905507
 20
-3.869643031496063
 30
0
 11
5.4016220472440946
 21
-3.8688450393700786
 31
0
  0
LINE
  5
171
330
1F
100
AcDbEntity
  8
In1.Cu
  6
CONTINUOUS
100
AcDbLine
 10
5.4016220472440946
 20
-3.8688450393700786
 30
0
 11
5.3989518503937006
 21
-3.8673033858267716
 31
0
  0
LINE
  5
172
330
1F
100
AcDbEntity
  8
In1.Cu
  6
CONTINUOUS
100
AcDbLine
 10
5.3989518503937006
 20
-3.8673033858267716
 30
0
 11
5.396771614173228
 21
-3.865123149606299
 31
0
  0
LINE
  5
173
330
1F
100
AcDbEntity
  8
In1.Cu
  6
CONTINUOUS
100
AcDbLine
 10
5.396771614173228
 20
-3.865123149606299
 30
0
 11
5.395229960629921
 21
-3.8624529527559055
 31
0
  0
LINE
  5
174
330
1F
100
AcDbEntity
  8
In1.Cu
  6
CONTINUOUS
100
AcDbLine
 10
5.395229960629921
 20
-3.8624529527559055
 30
0
 11
5.3944319685039366
 21
-3.8594747244094489
 31
0
  0
LINE
  5
175
330
1F
100
AcDbEntity
  8
In1.Cu
  6
CONTINUOUS
100
AcDbLine
 10
5.3944319685039366
 20
-3.8594747244094489
 30
0
 11
5.3944319685039366
 21
-3.8563914173228344
 31
0
  0
LINE
  5
176
330
1F
100
AcDbEntity
  8
In1.Cu
  6
CONTINUOUS
100
AcDbLine
 10
5.3944319685039366
 20
-3.8563914173228344
 30
0
 11
5.395229960629921
 21
-3.8534131889763779
 31
0
  0
LINE
  5
177
330
1F
100
AcDbEntity
  8
In1.Cu
  6
CONTINUOUS
100
AcDbLine
 10
5.395229960629921
 20
-3.8534131889763779
 30
0
 11
5.396771614173228
 21
-3.8507429921259844
 31
0
  0
LINE
  5
178
330
1F
100
AcDbEntity
  8
In1.Cu
  6
CONTINUOUS
100
AcDbLine
 10
5.396771614173228
 20
-3.8507429921259844
 30
0
 11
5.3989518503937006
 21
-3.8485627559055118
 31
0
  0
LINE
  5
179
330
1F
100
AcDbEntity
  8
In1.Cu
  6
CONTINUOUS
100
AcDbLine
 10
5.3989518503937006
 20
-3.8485627559055118
 30
0
 11
5.4016220472440946
 21
-3.8470211023622047
 31
0
  0
LINE
  5
17A
330
1F
100
AcDbEntity
  8
In1.Cu
  6
CONTINUOUS
100
AcDbLine
 10
5.4016220472440946
 20
-3.8470211023622047
 30
0
 11
5.4046002755905507
 21
-3.8462231102362203
 31
0
  0
LINE
  5
17B
330
1F
100
AcDbEntity
  8
In1.Cu
  6
CONTINUOUS
100
AcDbLine
 10
5.4046002755905507
 20
-3.8462231102362203
 30
0
 11
5.4076835826771656
 21
-3.8462231102362203
 31
0
  0
LINE
  5
17C
330
1F
100
AcDbEntity
  8
In1.Cu
  6
CONTINUOUS
100
AcDbLine
 10
5.4076835826771656
 20
-3.8462231102362203
 30
0
 11
5.4106618110236218
 21
-3.8470211023622047
 31
0
  0
LINE
  5
17D
330
1F
100
AcDbEntity
  8
In1.Cu
  6
CONTINUOUS
100
AcDbLine
 10
5.3831027952755903
 20
-3.8312730708661418
 30
0
 11
5.3857729921259843
 21
-3.8328147244094488
 31
0
  0
LINE
  5
17E
330
1F
100
AcDbEntity
  8
In1.Cu
  6
CONTINUOUS
100
AcDbLine
 10
5.3857729921259843
 20
-3.8328147244094488
 30
0
 11
5.3879532283464568
 21
-3.834994960629921
 31
0
  0
LINE
  5
17F
330
1F
100
AcDbEntity
  8
In1.Cu
  6
CONTINUOUS
100
AcDbLine
 10
5.3879532283464568
 20
-3.834994960629921
 30
0
 11
5.3894948818897639
 21
-3.8376651574803149
 31
0
  0
LINE
  5
180
330
1F
100
AcDbEntity
  8
In1.Cu
  6
CONTINUOUS
100
AcDbLine
 10
5.3894948818897639
 20
-3.8376651574803149
 30
0
 11
5.3902928740157483
 21
-3.8406433858267714
 31
0
  0
LINE
  5
181
330
1F
100
AcDbEntity
  8
In1.Cu
  6
CONTINUOUS
100
AcDbLine
 10
5.3902928740157483
 20
-3.8406433858267714
 30
0
 11
5.3902928740157483
 21
-3.8437266929133855
 31
0
  0
LINE
  5
182
330
1F
100
AcDbEntity
  8
In1.Cu
  6
CONTINUOUS
100
AcDbLine
 10
5.3902928740157483
 20
-3.8437266929133855
 30
0
 11
5.3894948818897639
 21
-3.8467049212598425
 31
0
  0
LINE
  5
183
330
1F
100
AcDbEntity
  8
In1.Cu
  6
CONTINUOUS
100
AcDbLine
 10
5.3894948818897639
 20
-3.8467049212598425
 30
0
 11
5.3879532283464568
 21
-3.849375118110236
 31
0
  0
LINE
  5
184
330
1F
100
AcDbEntity
  8
In1.Cu
  6
CONTINUOUS
100
AcDbLine
 10
5.3879532283464568
 20
-3.849375118110236
 30
0
 11
5.3857729921259843
 21
-3.8515553543307086
 31
0
  0
LINE
  5
185
330
1F
100
AcDbEntity
  8
In1.Cu
  6
CONTINUOUS
100
AcDbLine
 10
5.3857729921259843
 20
-3.8515553543307086
 30
0
 11
5.3831027952755903
 21
-3.8530970078740157
 31
0
  0
LINE
  5
186
330
1F
100
AcDbEntity
  8
In1.Cu
  6
CONTINUOUS
100
AcDbLine
 10
5.3831027952755903
 20
-3.8530970078740157
 30
0
 11
5.3801245669291333
 21
-3.8538950000000001
 31
0
  0
LINE
  5
187
330
1F
100
AcDbEntity
  8
In1.Cu
  6
CONTINUOUS
100
AcDbLine
 10
5.3801245669291333
 20
-3.8538950000000001
 30
0
 11
5.3770412598425192
 21
-3.8538950000000001
 31
0
  0
LINE
  5
188
330
1F
100
AcDbEntity
  8
In1.Cu
  6
CONTINUOUS
100
AcDbLine
 10
5.3770412598425192
 20
-3.8538950000000001
 30
0
 11
5.3740630314960631
 21
-3.8530970078740157
 31
0
  0
LINE
  5
189
330
1F
100
AcDbEntity
  8
In1.Cu
  6
CONTINUOUS
100
AcDbLine
 10
5.3740630314960631
 20
-3.8530970078740157
 30
0
 11
5.3713928346456692
 21
-3.8515553543307086
 31
0
  0
LINE
  5
18A
330
1F
100
AcDbEntity
  8
In1.Cu
  6
CONTINUOUS
100
AcDbLine
 10
5.3713928346456692
 20
-3.8515553543307086
 30
0
 11
5.3692125984251966
 21
-3.849375118110236
 31
0
  0
LINE
  5
18B
330
1F
100
AcDbEntity
  8
In1.Cu
  6
CONTINUOUS
100
AcDbLine
 10
5.3692125984251966
 20
-3.849375118110236
 30
0
 11
5.3676709448818896
 21
-3.8467049212598425
 31
0
  0
LINE
  5
18C
330
1F
100
AcDbEntity
  8
In1.Cu
  6
CONTINUOUS
100
AcDbLine
 10
5.3676709448818896
 20
-3.8467049212598425
 30
0
 11
5.3668729527559051
 21
-3.8437266929133855
 31
0
  0
LINE
  5
18D
330
1F
100
AcDbEntity
  8
In1.Cu
  6
CONTINUOUS
100
AcDbLine
 10
5.3668729527559051
 20
-3.8437266929133855
 30
0
 11
5.3668729527559051
 21
-3.8406433858267714
 31
0
  0
LINE
  5
18E
330
1F
100
AcDbEntity
  8
In1.Cu
  6
CONTINUOUS
100
AcDbLine
 10
5.3668729527559051
 20
-3.8406433858267714
 30
0
 11
5.3676709448818896
 21
-3.8376651574803149
 31
0
  0
LINE
  5
18F
330
1F
100
AcDbEntity
  8
In1.Cu
  6
CONTINUOUS
100
AcDbLine
 10
5.3676709448818896
 20
-3.8376651574803149
 30
0
 11
5.3692125984251966
 21
-3.834994960629921
 31
0
  0
LINE
  5
190
330
1F
100
AcDbEntity
  8
In1.Cu
  6
CONTINUOUS
100
AcDbLine
 10
5.3692125984251966
 20
-3.834994960629921
 30
0
 11
5.3713928346456692
 21
-3.8328147244094488
 31
0
  0
LINE
  5
191
330
1F
100
AcDbEntity
  8
In1.Cu
  6
CONTINUOUS
100
AcDbLine
 10
5.3713928346456692
 20
-3.8328147244094488
 30
0
 11
5.3740630314960631
 21
-3.8312730708661418
 31
0
  0
LINE
  5
192
330
1F
100
AcDbEntity
  8
In1.Cu
  6
CONTINUOUS
100
AcDbLine
 10
5.3740630314960631
 20
-3.8312730708661418
 30
0
 11
5.3770412598425192
 21
-3.8304750787401574
 31
0
  0
LINE
  5
193
330
1F
100
AcDbEntity
  8
In1.Cu
  6
CONTINUOUS
100
AcDbLine
 10
5.3770412598425192
 20
-3.8304750787401574
 30
0
 11
5.3801245669291333
 21
-3.8304750787401574
 31
0
  0
LINE
  5
194
330
1F
100
AcDbEntity
  8
In1.Cu
  6
CONTINUOUS
100
AcDbLine
 10
5.3801245669291333
 20
-3.8304750787401574
 30
0
 11
5.3831027952755903
 21
-3.8312730708661418
 31
0
  0
LINE
  5
195
330
1F
100
AcDbEntity
  8
In1.Cu
  6
CONTINUOUS
100
AcDbLine
 10
5.4106618110236218
 20
-3.8155250393700788
 30
0
 11
5.4133320078740157
 21
-3.8170666929133859
 31
0
  0
LINE
  5
196
330
1F
100
AcDbEntity
  8
In1.Cu
  6
CONTINUOUS
100
AcDbLine
 10
5.4133320078740157
 20
-3.8170666929133859
 30
0
 11
5.4155122440944883
 21
-3.819246929133858
 31
0
  0
LINE
  5
197
330
1F
100
AcDbEntity
  8
In1.Cu
  6
CONTINUOUS
100
AcDbLine
 10
5.4155122440944883
 20
-3.819246929133858
 30
0
 11
5.4170538976377953
 21
-3.8219171259842519
 31
0
  0
LINE
  5
198
330
1F
100
AcDbEntity
  8
In1.Cu
  6
CONTINUOUS
100
AcDbLine
 10
5.4170538976377953
 20
-3.8219171259842519
 30
0
 11
5.4178518897637797
 21
-3.8248953543307085
 31
0
  0
LINE
  5
199
330
1F
100
AcDbEntity
  8
In1.Cu
  6
CONTINUOUS
100
AcDbLine
 10
5.4178518897637797
 20
-3.8248953543307085
 30
0
 11
5.4178518897637797
 21
-3.8279786614173226
 31
0
  0
LINE
  5
19A
330
1F
100
AcDbEntity
  8
In1.Cu
  6
CONTINUOUS
100
AcDbLine
 10
5.4178518897637797
 20
-3.8279786614173226
 30
0
 11
5.4170538976377953
 21
-3.8309568897637796
 31
0
  0
LINE
  5
19B
330
1F
100
AcDbEntity
  8
In1.Cu
  6
CONTINUOUS
100
AcDbLine
 10
5.4170538976377953
 20
-3.8309568897637796
 30
0
 11
5.4155122440944883
 21
-3.8336270866141731
 31
0
  0
LINE
  5
19C
330
1F
100
AcDbEntity
  8
In1.Cu
  6
CONTINUOUS
100
AcDbLine
 10
5.4155122440944883
 20
-3.8336270866141731
 30
0
 11
5.4133320078740157
 21
-3.8358073228346456
 31
0
  0
LINE
  5
19D
330
1F
100
AcDbEntity
  8
In1.Cu
  6
CONTINUOUS
100
AcDbLine
 10
5.4133320078740157
 20
-3.8358073228346456
 30
0
 11
5.4106618110236218
 21
-3.8373489763779527
 31
0
  0
LINE
  5
19E
330
1F
100
AcDbEntity
  8
In1.Cu
  6
CONTINUOUS
100
AcDbLine
 10
5.4106618110236218
 20
-3.8373489763779527
 30
0
 11
5.4076835826771656
 21
-3.8381469685039371
 31
0
  0
LINE
  5
19F
330
1F
100
AcDbEntity
  8
In1.Cu
  6
CONTINUOUS
100
AcDbLine
 10
5.4076835826771656
 20
-3.8381469685039371
 30
0
 11
5.4046002755905507
 21
-3.8381469685039371
 31
0
  0
LINE
  5
1A0
330
1F
100
AcDbEntity
  8
In1.Cu
  6
CONTINUOUS
100
AcDbLine
 10
5.4046002755905507
 20
-3.8381469685039371
 30
0
 11
5.4016220472440946
 21
-3.8373489763779527
 31
0
  0
LINE
  5
1A1
330
1F
100
AcDbEntity
  8
In1.Cu
  6
CONTINUOUS
100
AcDbLine
 10
5.4016220472440946
 20
-3.8373489763779527
 30
0
 11
5.3989518503937006
 21
-3.8358073228346456
 31
0
  0
LINE
  5
1A2
330
1F
100
AcDbEntity
  8
In1.Cu
  6
CONTINUOUS
100
AcDbLine
 10
5.3989518503937006
 20
-3.8358073228346456
 30
0
 11
5.396771614173228
 21
-3.8336270866141731
 31
0
  0
LINE
  5
1A3
330
1F
100
AcDbEntity
  8
In1.Cu
  6
CONTINUOUS
100
AcDbLine
 10
5.396771614173228
 20
-3.8336270866141731
 30
0
 11
5.395229960629921
 21
-3.8309568897637796
 31
0
  0
LINE
  5
1A4
330
1F
100
AcDbEntity
  8
In1.Cu
  6
CONTINUOUS
100
AcDbLine
 10
5.395229960629921
 20
-3.8309568897637796
 30
0
 11
5.3944319685039366
 21
-3.8279786614173226
 31
0
  0
LINE
  5
1A5
330
1F
100
AcDbEntity
  8
In1.Cu
  6
CONTINUOUS
100
AcDbLine
 10
5.3944319685039366
 20
-3.8279786614173226
 30
0
 11
5.3944319685039366
 21
-3.8248953543307085
 31
0
  0
LINE
  5
1A6
330
1F
100
AcDbEntity
  8
In1.Cu
  6
CONTINUOUS
100
AcDbLine
 10
5.3944319685039366
 20
-3.8248953543307085
 30
0
 11
5.395229960629921
 21
-3.8219171259842519
 31
0
  0
LINE
  5
1A7
330
1F
100
AcDbEntity
  8
In1.Cu
  6
CONTINUOUS
100
AcDbLine
 10
5.395229960629921
 20
-3.8219171259842519
 30
0
 11
5.396771614173228
 21
-3.819246929133858
 31
0
  0
LINE
  5
1A8
330
1F
100
AcDbEntity
  8
In1.Cu
  6
CONTINUOUS
100
AcDbLine
 10
5.396771614173228
 20
-3.819246929133858
 30
0
 11
5.3989518503937006
 21
-3.8170666929133859
 31
0
  0
LINE
  5
1A9
330
1F
100
AcDbEntity
  8
In1.Cu
  6
CONTINUOUS
100
AcDbLine
 10
5.3989518503937006
 20
-3.8170666929133859
 30
0
 11
5.4016220472440946
 21
-3.8155250393700788
 31
0
  0
LINE
  5
1AA
330
1F
100
AcDbEntity
  8
In1.Cu
  6
CONTINUOUS
100
AcDbLine
 10
5.4016220472440946
 20
-3.8155250393700788
 30
0
 11
5.4046002755905507
 21
-3.8147270472440944
 31
0
  0
LINE
  5
1AB
330
1F
100
AcDbEntity
  8
In1.Cu
  6
CONTINUOUS
100
AcDbLine
 10
5.4046002755905507
 20
-3.8147270472440944
 30
0
 11
5.4076835826771656
 21
-3.8147270472440944
 31
0
  0
LINE
  5
1AC
330
1F
100
AcDbEntity
  8
In1.Cu
  6
CONTINUOUS
100
AcDbLine
 10
5.4076835826771656
 20
-3.8147270472440944
 30
0
 11
5.4106618110236218
 21
-3.8155250393700788
 31
0
  0
LINE
  5
1AD
330
1F
100
AcDbEntity
  8
In1.Cu
  6
CONTINUOUS
100
AcDbLine
 10
5.3831027559055116
 20
-3.7997770078740158
 30
0
 11
5.3857729527559055
 21
-3.8013186614173229
 31
0
  0
LINE
  5
1AE
330
1F
100
AcDbEntity
  8
In1.Cu
  6
CONTINUOUS
100
AcDbLine
 10
5.3857729527559055
 20
-3.8013186614173229
 30
0
 11
5.3879531889763781
 21
-3.803498897637795
 31
0
  0
LINE
  5
1AF
330
1F
100
AcDbEntity
  8
In1.Cu
  6
CONTINUOUS
100
AcDbLine
 10
5.3879531889763781
 20
-3.803498897637795
 30
0
 11
5.3894948425196851
 21
-3.806169094488189
 31
0
  0
LINE
  5
1B0
330
1F
100
AcDbEntity
  8
In1.Cu
  6
CONTINUOUS
100
AcDbLine
 10
5.3894948425196851
 20
-3.806169094488189
 30
0
 11
5.3902928346456696
 21
-3.8091473228346455
 31
0
  0
LINE
  5
1B1
330
1F
100
AcDbEntity
  8
In1.Cu
  6
CONTINUOUS
100
AcDbLine
 10
5.3902928346456696
 20
-3.8091473228346455
 30
0
 11
5.3902928346456696
 21
-3.8122306299212596
 31
0
  0
LINE
  5
1B2
330
1F
100
AcDbEntity
  8
In1.Cu
  6
CONTINUOUS
100
AcDbLine
 10
5.3902928346456696
 20
-3.8122306299212596
 30
0
 11
5.3894948425196851
 21
-3.8152088582677166
 31
0
  0
LINE
  5
1B3
330
1F
100
AcDbEntity
  8
In1.Cu
  6
CONTINUOUS
100
AcDbLine
 10
5.3894948425196851
 20
-3.8152088582677166
 30
0
 11
5.3879531889763781
 21
-3.8178790551181101
 31
0
  0
LINE
  5
1B4
330
1F
100
AcDbEntity
  8
In1.Cu
  6
CONTINUOUS
100
AcDbLine
 10
5.3879531889763781
 20
-3.8178790551181101
 30
0
 11
5.3857729527559055
 21
-3.8200592913385827
 31
0
  0
LINE
  5
1B5
330
1F
100
AcDbEntity
  8
In1.Cu
  6
CONTINUOUS
100
AcDbLine
 10
5.3857729527559055
 20
-3.8200592913385827
 30
0
 11
5.3831027559055116
 21
-3.8216009448818897
 31
0
  0
LINE
  5
1B6
330
1F
100
AcDbEntity
  8
In1.Cu
  6
CONTINUOUS
100
AcDbLine
 10
5.3831027559055116
 20
-3.8216009448818897
 30
0
 11
5.3801245275590546
 21
-3.8223989370078741
 31
0
  0
LINE
  5
1B7
330
1F
100
AcDbEntity
  8
In1.Cu
  6
CONTINUOUS
100
AcDbLine
 10
5.3801245275590546
 20
-3.8223989370078741
 30
0
 11
5.3770412204724405
 21
-3.8223989370078741
 31
0
  0
LINE
  5
1B8
330
1F
100
AcDbEntity
  8
In1.Cu
  6
CONTINUOUS
100
AcDbLine
 10
5.3770412204724405
 20
-3.8223989370078741
 30
0
 11
5.3740629921259844
 21
-3.8216009448818897
 31
0
  0
LINE
  5
1B9
330
1F
100
AcDbEntity
  8
In1.Cu
  6
CONTINUOUS
100
AcDbLine
 10
5.3740629921259844
 20
-3.8216009448818897
 30
0
 11
5.3713927952755904
 21
-3.8200592913385827
 31
0
  0
LINE
  5
1BA
330
1F
100
AcDbEntity
  8
In1.Cu
  6
CONTINUOUS
100
AcDbLine
 10
5.3713927952755904
 20
-3.8200592913385827
 30
0
 11
5.3692125590551179
 21
-3.8178790551181101
 31
0
  0
LINE
  5
1BB
330
1F
100
AcDbEntity
  8
In1.Cu
  6
CONTINUOUS
100
AcDbLine
 10
5.3692125590551179
 20
-3.8178790551181101
 30
0
 11
5.3676709055118108
 21
-3.8152088582677166
 31
0
  0
LINE
  5
1BC
330
1F
100
AcDbEntity
  8
In1.Cu
  6
CONTINUOUS
100
AcDbLine
 10
5.3676709055118108
 20
-3.8152088582677166
 30
0
 11
5.3668729133858264
 21
-3.8122306299212596
 31
0
  0
LINE
  5
1BD
330
1F
100
AcDbEntity
  8
In1.Cu
  6
CONTINUOUS
100
AcDbLine
 10
5.3668729133858264
 20
-3.8122306299212596
 30
0
 11
5.3668729133858264
 21
-3.8091473228346455
 31
0
  0
LINE
  5
1BE
330
1F
100
AcDbEntity
  8
In1.Cu
  6
CONTINUOUS
100
AcDbLine
 10
5.3668729133858264
 20
-3.8091473228346455
 30
0
 11
5.3676709055118108
 21
-3.806169094488189
 31
0
  0
LINE
  5
1BF
330
1F
100
AcDbEntity
  8
In1.Cu
  6
CONTINUOUS
100
AcDbLine
 10
5.3676709055118108
 20
-3.806169094488189
 30
0
 11
5.3692125590551179
 21
-3.803498897637795
 31
0
  0
LINE
  5
1C0
330
1F
100
AcDbEntity
  8
In1.Cu
  6
CONTINUOUS
100
AcDbLine
 10
5.3692125590551179
 20
-3.803498897637795
 30
0
 11
5.3713927952755904
 21
-3.8013186614173229
 31
0
  0
LINE
  5
1C1
330
1F
100
AcDbEntity
  8
In1.Cu
  6
CONTINUOUS
100
AcDbLine
 10
5.3713927952755904
 20
-3.8013186614173229
 30
0
 11
5.3740629921259844
 21
-3.7997770078740158
 31
0
  0
LINE
  5
1C2
330
1F
100
AcDbEntity
  8
In1.Cu
  6
CONTINUOUS
100
AcDbLine
 10
5.3740629921259844
 20
-3.7997770078740158
 30
0
 11
5.3770412204724405
 21
-3.7989790157480314
 31
0
  0
LINE
  5
1C3
330
1F
100
AcDbEntity
  8
In1.Cu
  6
CONTINUOUS
100
AcDbLine
 10
5.3770412204724405
 20
-3.7989790157480314
 30
0
 11
5.3801245275590546
 21
-3.7989790157480314
 31
0
  0
LINE
  5
1C4
330
1F
100
AcDbEntity
  8
In1.Cu
  6
CONTINUOUS
100
AcDbLine
 10
5.3801245275590546
 20
-3.7989790157480314
 30
0
 11
5.3831027559055116
 21
-3.7997770078740158
 31
0
  0
LINE
  5
1C5
330
1F
100
AcDbEntity
  8
In1.Cu
  6
CONTINUOUS
100
AcDbLine
 10
5.3831027559055116
 20
-3.7682809448818895
 30
0
 11
5.3857729527559055
 21
-3.769822598425197
 31
0
  0
LINE
  5
1C6
330
1F
100
AcDbEntity
  8
In1.Cu
  6
CONTINUOUS
100
AcDbLine
 10
5.3857729527559055
 20
-3.769822598425197
 30
0
 11
5.3879531889763781
 21
-3.7720028346456691
 31
0
  0
LINE
  5
1C7
330
1F
100
AcDbEntity
  8
In1.Cu
  6
CONTINUOUS
100
AcDbLine
 10
5.3879531889763781
 20
-3.7720028346456691
 30
0
 11
5.3894948425196851
 21
-3.774673031496063
 31
0
  0
LINE
  5
1C8
330
1F
100
AcDbEntity
  8
In1.Cu
  6
CONTINUOUS
100
AcDbLine
 10
5.3894948425196851
 20
-3.774673031496063
 30
0
 11
5.3902928346456696
 21
-3.7776512598425196
 31
0
  0
LINE
  5
1C9
330
1F
100
AcDbEntity
  8
In1.Cu
  6
CONTINUOUS
100
AcDbLine
 10
5.3902928346456696
 20
-3.7776512598425196
 30
0
 11
5.3902928346456696
 21
-3.7807345669291337
 31
0
  0
LINE
  5
1CA
330
1F
100
AcDbEntity
  8
In1.Cu
  6
CONTINUOUS
100
AcDbLine
 10
5.3902928346456696
 20
-3.7807345669291337
 30
0
 11
5.3894948425196851
 21
-3.7837127952755907
 31
0
  0
LINE
  5
1CB
330
1F
100
AcDbEntity
  8
In1.Cu
  6
CONTINUOUS
100
AcDbLine
 10
5.3894948425196851
 20
-3.7837127952755907
 30
0
 11
5.3879531889763781
 21
-3.7863829921259842
 31
0
  0
LINE
  5
1CC
330
1F
100
AcDbEntity
  8
In1.Cu
  6
CONTINUOUS
100
AcDbLine
 10
5.3879531889763781
 20
-3.7863829921259842
 30
0
 11
5.3857729527559055
 21
-3.7885632283464568
 31
0
  0
LINE
  5
1CD
330
1F
100
AcDbEntity
  8
In1.Cu
  6
CONTINUOUS
100
AcDbLine
 10
5.3857729527559055
 20
-3.7885632283464568
 30
0
 11
5.3831027559055116
 21
-3.7901048818897638
 31
0
  0
LINE
  5
1CE
330
1F
100
AcDbEntity
  8
In1.Cu
  6
CONTINUOUS
100
AcDbLine
 10
5.3831027559055116
 20
-3.7901048818897638
 30
0
 11
5.3801245275590546
 21
-3.7909028740157478
 31
0
  0
LINE
  5
1CF
330
1F
100
AcDbEntity
  8
In1.Cu
  6
CONTINUOUS
100
AcDbLine
 10
5.3801245275590546
 20
-3.7909028740157478
 30
0
 11
5.3770412204724405
 21
-3.7909028740157478
 31
0
  0
LINE
  5
1D0
330
1F
100
AcDbEntity
  8
In1.Cu
  6
CONTINUOUS
100
AcDbLine
 10
5.3770412204724405
 20
-3.7909028740157478
 30
0
 11
5.3740629921259844
 21
-3.7901048818897638
 31
0
  0
LINE
  5
1D1
330
1F
100
AcDbEntity
  8
In1.Cu
  6
CONTINUOUS
100
AcDbLine
 10
5.3740629921259844
 20
-3.7901048818897638
 30
0
 11
5.3713927952755904
 21
-3.7885632283464568
 31
0
  0
LINE
  5
1D2
330
1F
100
AcDbEntity
  8
In1.Cu
  6
CONTINUOUS
100
AcDbLine
 10
5.3713927952755904
 20
-3.7885632283464568
 30
0
 11
5.3692125590551179
 21
-3.7863829921259842
 31
0
  0
LINE
  5
1D3
330
1F
100
AcDbEntity
  8
In1.Cu
  6
CONTINUOUS
100
AcDbLine
 10
5.3692125590551179
 20
-3.7863829921259842
 30
0
 11
5.3676709055118108
 21
-3.7837127952755907
 31
0
  0
LINE
  5
1D4
330
1F
100
AcDbEntity
  8
In1.Cu
  6
CONTINUOUS
100
AcDbLine
 10
5.3676709055118108
 20
-3.7837127952755907
 30
0
 11
5.3668729133858264
 21
-3.7807345669291337
 31
0
  0
LINE
  5
1D5
330
1F
100
AcDbEntity
  8
In1.Cu
  6
CONTINUOUS
100
AcDbLine
 10
5.3668729133858264
 20
-3.7807345669291337
 30
0
 11
5.3668729133858264
 21
-3.7776512598425196
 31
0
  0
LINE
  5
1D6
330
1F
100
AcDbEntity
  8
In1.Cu
  6
CONTINUOUS
100
AcDbLine
 10
5.3668729133858264
 20
-3.7776512598425196
 30
0
 11
5.3676709055118108
 21
-3.774673031496063
 31
0
  0
LINE
  5
1D7
330
1F
100
AcDbEntity
  8
In1.Cu
  6
CONTINUOUS
100
AcDbLine
 10
5.3676709055118108
 20
-3.774673031496063
 30
0
 11
5.3692125590551179
 21
-3.7720028346456691
 31
0
  0
LINE
  5
1D8
330
1F
100
AcDbEntity
  8
In1.Cu
  6
CONTINUOUS
100
AcDbLine
 10
5.3692125590551179
 20
-3.7720028346456691
 30
0
 11
5.3713927952755904
 21
-3.769822598425197
 31
0
  0
LINE
  5
1D9
330
1F
100
AcDbEntity
  8
In1.Cu
  6
CONTINUOUS
100
AcDbLine
 10
5.3713927952755904
 20
-3.769822598425197
 30
0
 11
5.3740629921259844
 21
-3.7682809448818895
 31
0
  0
LINE
  5
1DA
330
1F
100
AcDbEntity
  8
In1.Cu
  6
CONTINUOUS
100
AcDbLine
 10
5.3740629921259844
 20
-3.7682809448818895
 30
0
 11
5.3770412204724405
 21
-3.7674829527559055
 31
0
  0
LINE
  5
1DB
330
1F
100
AcDbEntity
  8
In1.Cu
  6
CONTINUOUS
100
AcDbLine
 10
5.3770412204724405
 20
-3.7674829527559055
 30
0
 11
5.3801245275590546
 21
-3.7674829527559055
 31
0
  0
LINE
  5
1DC
330
1F
100
AcDbEntity
  8
In1.Cu
  6
CONTINUOUS
100
AcDbLine
 10
5.3801245275590546
 20
-3.7674829527559055
 30
0
 11
5.3831027559055116
 21
-3.7682809448818895
 31
0
  0
LINE
  5
1DD
330
1F
100
AcDbEntity
  8
In1.Cu
  6
CONTINUOUS
100
AcDbLine
 10
6.051172716535433
 20
-3.9575446850393701
 30
0
 11
6.0537725984251969
 21
-3.9590457086614173
 31
0
  0
LINE
  5
1DE
330
1F
100
AcDbEntity
  8
In1.Cu
  6
CONTINUOUS
100
AcDbLine
 10
6.0537725984251969
 20
-3.9590457086614173
 30
0
 11
6.0558954330708659
 21
-3.9611685433070867
 31
0
  0
LINE
  5
1DF
330
1F
100
AcDbEntity
  8
In1.Cu
  6
CONTINUOUS
100
AcDbLine
 10
6.0558954330708659
 20
-3.9611685433070867
 30
0
 11
6.0573964566929135
 21
-3.9637684251968501
 31
0
  0
LINE
  5
1E0
330
1F
100
AcDbEntity
  8
In1.Cu
  6
CONTINUOUS
100
AcDbLine
 10
6.0573964566929135
 20
-3.9637684251968501
 30
0
 11
6.058173464566929
 21
-3.9666682283464567
 31
0
  0
LINE
  5
1E1
330
1F
100
AcDbEntity
  8
In1.Cu
  6
CONTINUOUS
100
AcDbLine
 10
6.058173464566929
 20
-3.9666682283464567
 30
0
 11
6.058173464566929
 21
-3.9696703543307086
 31
0
  0
LINE
  5
1E2
330
1F
100
AcDbEntity
  8
In1.Cu
  6
CONTINUOUS
100
AcDbLine
 10
6.058173464566929
 20
-3.9696703543307086
 30
0
 11
6.0573964566929135
 21
-3.9725701574803147
 31
0
  0
LINE
  5
1E3
330
1F
100
AcDbEntity
  8
In1.Cu
  6
CONTINUOUS
100
AcDbLine
 10
6.0573964566929135
 20
-3.9725701574803147
 30
0
 11
6.0558954330708659
 21
-3.9751700393700786
 31
0
  0
LINE
  5
1E4
330
1F
100
AcDbEntity
  8
In1.Cu
  6
CONTINUOUS
100
AcDbLine
 10
6.0558954330708659
 20
-3.9751700393700786
 30
0
 11
6.0537725984251969
 21
-3.977292874015748
 31
0
  0
LINE
  5
1E5
330
1F
100
AcDbEntity
  8
In1.Cu
  6
CONTINUOUS
100
AcDbLine
 10
6.0537725984251969
 20
-3.977292874015748
 30
0
 11
6.051172716535433
 21
-3.9787938976377952
 31
0
  0
LINE
  5
1E6
330
1F
100
AcDbEntity
  8
In1.Cu
  6
CONTINUOUS
100
AcDbLine
 10
6.051172716535433
 20
-3.9787938976377952
 30
0
 11
6.0482729133858264
 21
-3.9795709055118111
 31
0
  0
LINE
  5
1E7
330
1F
100
AcDbEntity
  8
In1.Cu
  6
CONTINUOUS
100
AcDbLine
 10
6.0482729133858264
 20
-3.9795709055118111
 30
0
 11
6.0452707874015745
 21
-3.9795709055118111
 31
0
  0
LINE
  5
1E8
330
1F
100
AcDbEntity
  8
In1.Cu
  6
CONTINUOUS
100
AcDbLine
 10
6.0452707874015745
 20
-3.9795709055118111
 30
0
 11
6.0423709842519679
 21
-3.9787938976377952
 31
0
  0
LINE
  5
1E9
330
1F
100
AcDbEntity
  8
In1.Cu
  6
CONTINUOUS
100
AcDbLine
 10
6.0423709842519679
 20
-3.9787938976377952
 30
0
 11
6.0397711023622049
 21
-3.977292874015748
 31
0
  0
LINE
  5
1EA
330
1F
100
AcDbEntity
  8
In1.Cu
  6
CONTINUOUS
100
AcDbLine
 10
6.0397711023622049
 20
-3.977292874015748
 30
0
 11
6.0376482677165351
 21
-3.9751700393700786
 31
0
  0
LINE
  5
1EB
330
1F
100
AcDbEntity
  8
In1.Cu
  6
CONTINUOUS
100
AcDbLine
 10
6.0376482677165351
 20
-3.9751700393700786
 30
0
 11
6.0361472440944883
 21
-3.9725701574803147
 31
0
  0
LINE
  5
1EC
330
1F
100
AcDbEntity
  8
In1.Cu
  6
CONTINUOUS
100
AcDbLine
 10
6.0361472440944883
 20
-3.9725701574803147
 30
0
 11
6.035370236220472
 21
-3.9696703543307086
 31
0
  0
LINE
  5
1ED
330
1F
100
AcDbEntity
  8
In1.Cu
  6
CONTINUOUS
100
AcDbLine
 10
6.035370236220472
 20
-3.9696703543307086
 30
0
 11
6.035370236220472
 21
-3.9666682283464567
 31
0
  0
LINE
  5
1EE
330
1F
100
AcDbEntity
  8
In1.Cu
  6
CONTINUOUS
100
AcDbLine
 10
6.035370236220472
 20
-3.9666682283464567
 30
0
 11
6.0361472440944883
 21
-3.9637684251968501
 31
0
  0
LINE
  5
1EF
330
1F
100
AcDbEntity
  8
In1.Cu
  6
CONTINUOUS
100
AcDbLine
 10
6.0361472440944883
 20
-3.9637684251968501
 30
0
 11
6.0376482677165351
 21
-3.9611685433070867
 31
0
  0
LINE
  5
1F0
330
1F
100
AcDbEntity
  8
In1.Cu
  6
CONTINUOUS
100
AcDbLine
 10
6.0376482677165351
 20
-3.9611685433070867
 30
0
 11
6.0397711023622049
 21
-3.9590457086614173
 31
0
  0
LINE
  5
1F1
330
1F
100
AcDbEntity
  8
In1.Cu
  6
CONTINUOUS
100
AcDbLine
 10
6.0397711023622049
 20
-3.9590457086614173
 30
0
 11
6.0423709842519679
 21
-3.9575446850393701
 31
0
  0
LINE
  5
1F2
330
1F
100
AcDbEntity
  8
In1.Cu
  6
CONTINUOUS
100
AcDbLine
 10
6.0423709842519679
 20
-3.9575446850393701
 30
0
 11
6.0452707874015745
 21
-3.9567676771653542
 31
0
  0
LINE
  5
1F3
330
1F
100
AcDbEntity
  8
In1.Cu
  6
CONTINUOUS
100
AcDbLine
 10
6.0452707874015745
 20
-3.9567676771653542
 30
0
 11
6.0482729133858264
 21
-3.9567676771653542
 31
0
  0
LINE
  5
1F4
330
1F
100
AcDbEntity
  8
In1.Cu
  6
CONTINUOUS
100
AcDbLine
 10
6.0482729133858264
 20
-3.9567676771653542
 30
0
 11
6.051172716535433
 21
-3.9575446850393701
 31
0
  0
LINE
  5
1F5
330
1F
100
AcDbEntity
  8
In1.Cu
  6
CONTINUOUS
100
AcDbLine
 10
5.917314409448819
 20
-3.9496706692913386
 30
0
 11
5.9199142913385829
 21
-3.9511716929133858
 31
0
  0
LINE
  5
1F6
330
1F
100
AcDbEntity
  8
In1.Cu
  6
CONTINUOUS
100
AcDbLine
 10
5.9199142913385829
 20
-3.9511716929133858
 30
0
 11
5.9220371259842519
 21
-3.9532945275590552
 31
0
  0
LINE
  5
1F7
330
1F
100
AcDbEntity
  8
In1.Cu
  6
CONTINUOUS
100
AcDbLine
 10
5.9220371259842519
 20
-3.9532945275590552
 30
0
 11
5.9235381496062987
 21
-3.9558944094488186
 31
0
  0
LINE
  5
1F8
330
1F
100
AcDbEntity
  8
In1.Cu
  6
CONTINUOUS
100
AcDbLine
 10
5.9235381496062987
 20
-3.9558944094488186
 30
0
 11
5.924315157480315
 21
-3.9587942125984252
 31
0
  0
LINE
  5
1F9
330
1F
100
AcDbEntity
  8
In1.Cu
  6
CONTINUOUS
100
AcDbLine
 10
5.924315157480315
 20
-3.9587942125984252
 30
0
 11
5.924315157480315
 21
-3.9617963385826771
 31
0
  0
LINE
  5
1FA
330
1F
100
AcDbEntity
  8
In1.Cu
  6
CONTINUOUS
100
AcDbLine
 10
5.924315157480315
 20
-3.9617963385826771
 30
0
 11
5.9235381496062987
 21
-3.9646961417322832
 31
0
  0
LINE
  5
1FB
330
1F
100
AcDbEntity
  8
In1.Cu
  6
CONTINUOUS
100
AcDbLine
 10
5.9235381496062987
 20
-3.9646961417322832
 30
0
 11
5.9220371259842519
 21
-3.9672960236220471
 31
0
  0
LINE
  5
1FC
330
1F
100
AcDbEntity
  8
In1.Cu
  6
CONTINUOUS
100
AcDbLine
 10
5.9220371259842519
 20
-3.9672960236220471
 30
0
 11
5.9199142913385829
 21
-3.9694188582677166
 31
0
  0
LINE
  5
1FD
330
1F
100
AcDbEntity
  8
In1.Cu
  6
CONTINUOUS
100
AcDbLine
 10
5.9199142913385829
 20
-3.9694188582677166
 30
0
 11
5.917314409448819
 21
-3.9709198818897637
 31
0
  0
LINE
  5
1FE
330
1F
100
AcDbEntity
  8
In1.Cu
  6
CONTINUOUS
100
AcDbLine
 10
5.917314409448819
 20
-3.9709198818897637
 30
0
 11
5.9144146062992125
 21
-3.9716968897637797
 31
0
  0
LINE
  5
1FF
330
1F
100
AcDbEntity
  8
In1.Cu
  6
CONTINUOUS
100
AcDbLine
 10
5.9144146062992125
 20
-3.9716968897637797
 30
0
 11
5.9114124803149606
 21
-3.9716968897637797
 31
0
  0
LINE
  5
200
330
1F
100
AcDbEntity
  8
In1.Cu
  6
CONTINUOUS
100
AcDbLine
 10
5.9114124803149606
 20
-3.9716968897637797
 30
0
 11
5.908512677165354
 21
-3.9709198818897637
 31
0
  0
LINE
  5
201
330
1F
100
AcDbEntity
  8
In1.Cu
  6
CONTINUOUS
100
AcDbLine
 10
5.908512677165354
 20
-3.9709198818897637
 30
0
 11
5.9059127952755901
 21
-3.9694188582677166
 31
0
  0
LINE
  5
202
330
1F
100
AcDbEntity
  8
In1.Cu
  6
CONTINUOUS
100
AcDbLine
 10
5.9059127952755901
 20
-3.9694188582677166
 30
0
 11
5.9037899606299211
 21
-3.9672960236220471
 31
0
  0
LINE
  5
203
330
1F
100
AcDbEntity
  8
In1.Cu
  6
CONTINUOUS
100
AcDbLine
 10
5.9037899606299211
 20
-3.9672960236220471
 30
0
 11
5.9022889370078735
 21
-3.9646961417322832
 31
0
  0
LINE
  5
204
330
1F
100
AcDbEntity
  8
In1.Cu
  6
CONTINUOUS
100
AcDbLine
 10
5.9022889370078735
 20
-3.9646961417322832
 30
0
 11
5.901511929133858
 21
-3.9617963385826771
 31
0
  0
LINE
  5
205
330
1F
100
AcDbEntity
  8
In1.Cu
  6
CONTINUOUS
100
AcDbLine
 10
5.901511929133858
 20
-3.9617963385826771
 30
0
 11
5.901511929133858
 21
-3.9587942125984252
 31
0
  0
LINE
  5
206
330
1F
100
AcDbEntity
  8
In1.Cu
  6
CONTINUOUS
100
AcDbLine
 10
5.901511929133858
 20
-3.9587942125984252
 30
0
 11
5.9022889370078735
 21
-3.9558944094488186
 31
0
  0
LINE
  5
207
330
1F
100
AcDbEntity
  8
In1.Cu
  6
CONTINUOUS
100
AcDbLine
 10
5.9022889370078735
 20
-3.9558944094488186
 30
0
 11
5.9037899606299211
 21
-3.9532945275590552
 31
0
  0
LINE
  5
208
330
1F
100
AcDbEntity
  8
In1.Cu
  6
CONTINUOUS
100
AcDbLine
 10
5.9037899606299211
 20
-3.9532945275590552
 30
0
 11
5.9059127952755901
 21
-3.9511716929133858
 31
0
  0
LINE
  5
209
330
1F
100
AcDbEntity
  8
In1.Cu
  6
CONTINUOUS
100
AcDbLine
 10
5.9059127952755901
 20
-3.9511716929133858
 30
0
 11
5.908512677165354
 21
-3.9496706692913386
 31
0
  0
LINE
  5
20A
330
1F
100
AcDbEntity
  8
In1.Cu
  6
CONTINUOUS
100
AcDbLine
 10
5.908512677165354
 20
-3.9496706692913386
 30
0
 11
5.9114124803149606
 21
-3.9488936614173227
 31
0
  0
LINE
  5
20B
330
1F
100
AcDbEntity
  8
In1.Cu
  6
CONTINUOUS
100
AcDbLine
 10
5.9114124803149606
 20
-3.9488936614173227
 30
0
 11
5.9144146062992125
 21
-3.9488936614173227
 31
0
  0
LINE
  5
20C
330
1F
100
AcDbEntity
  8
In1.Cu
  6
CONTINUOUS
100
AcDbLine
 10
5.9144146062992125
 20
-3.9488936614173227
 30
0
 11
5.917314409448819
 21
-3.9496706692913386
 31
0
  0
LINE
  5
20D
330
1F
100
AcDbEntity
  8
In1.Cu
  6
CONTINUOUS
100
AcDbLine
 10
6.1062908267716534
 20
-3.9496706692913386
 30
0
 11
6.1088907086614173
 21
-3.9511716929133858
 31
0
  0
LINE
  5
20E
330
1F
100
AcDbEntity
  8
In1.Cu
  6
CONTINUOUS
100
AcDbLine
 10
6.1088907086614173
 20
-3.9511716929133858
 30
0
 11
6.1110135433070862
 21
-3.9532945275590552
 31
0
  0
LINE
  5
20F
330
1F
100
AcDbEntity
  8
In1.Cu
  6
CONTINUOUS
100
AcDbLine
 10
6.1110135433070862
 20
-3.9532945275590552
 30
0
 11
6.1125145669291339
 21
-3.9558944094488186
 31
0
  0
LINE
  5
210
330
1F
100
AcDbEntity
  8
In1.Cu
  6
CONTINUOUS
100
AcDbLine
 10
6.1125145669291339
 20
-3.9558944094488186
 30
0
 11
6.1132915748031493
 21
-3.9587942125984252
 31
0
  0
LINE
  5
211
330
1F
100
AcDbEntity
  8
In1.Cu
  6
CONTINUOUS
100
AcDbLine
 10
6.1132915748031493
 20
-3.9587942125984252
 30
0
 11
6.1132915748031493
 21
-3.9617963385826771
 31
0
  0
LINE
  5
212
330
1F
100
AcDbEntity
  8
In1.Cu
  6
CONTINUOUS
100
AcDbLine
 10
6.1132915748031493
 20
-3.9617963385826771
 30
0
 11
6.1125145669291339
 21
-3.9646961417322832
 31
0
  0
LINE
  5
213
330
1F
100
AcDbEntity
  8
In1.Cu
  6
CONTINUOUS
100
AcDbLine
 10
6.1125145669291339
 20
-3.9646961417322832
 30
0
 11
6.1110135433070862
 21
-3.9672960236220471
 31
0
  0
LINE
  5
214
330
1F
100
AcDbEntity
  8
In1.Cu
  6
CONTINUOUS
100
AcDbLine
 10
6.1110135433070862
 20
-3.9672960236220471
 30
0
 11
6.1088907086614173
 21
-3.9694188582677166
 31
0
  0
LINE
  5
215
330
1F
100
AcDbEntity
  8
In1.Cu
  6
CONTINUOUS
100
AcDbLine
 10
6.1088907086614173
 20
-3.9694188582677166
 30
0
 11
6.1062908267716534
 21
-3.9709198818897637
 31
0
  0
LINE
  5
216
330
1F
100
AcDbEntity
  8
In1.Cu
  6
CONTINUOUS
100
AcDbLine
 10
6.1062908267716534
 20
-3.9709198818897637
 30
0
 11
6.1033910236220468
 21
-3.9716968897637797
 31
0
  0
LINE
  5
217
330
1F
100
AcDbEntity
  8
In1.Cu
  6
CONTINUOUS
100
AcDbLine
 10
6.1033910236220468
 20
-3.9716968897637797
 30
0
 11
6.1003888976377949
 21
-3.9716968897637797
 31
0
  0
LINE
  5
218
330
1F
100
AcDbEntity
  8
In1.Cu
  6
CONTINUOUS
100
AcDbLine
 10
6.1003888976377949
 20
-3.9716968897637797
 30
0
 11
6.0974890944881892
 21
-3.9709198818897637
 31
0
  0
LINE
  5
219
330
1F
100
AcDbEntity
  8
In1.Cu
  6
CONTINUOUS
100
AcDbLine
 10
6.0974890944881892
 20
-3.9709198818897637
 30
0
 11
6.0948892125984253
 21
-3.9694188582677166
 31
0
  0
LINE
  5
21A
330
1F
100
AcDbEntity
  8
In1.Cu
  6
CONTINUOUS
100
AcDbLine
 10
6.0948892125984253
 20
-3.9694188582677166
 30
0
 11
6.0927663779527554
 21
-3.9672960236220471
 31
0
  0
LINE
  5
21B
330
1F
100
AcDbEntity
  8
In1.Cu
  6
CONTINUOUS
100
AcDbLine
 10
6.0927663779527554
 20
-3.9672960236220471
 30
0
 11
6.0912653543307087
 21
-3.9646961417322832
 31
0
  0
LINE
  5
21C
330
1F
100
AcDbEntity
  8
In1.Cu
  6
CONTINUOUS
100
AcDbLine
 10
6.0912653543307087
 20
-3.9646961417322832
 30
0
 11
6.0904883464566923
 21
-3.9617963385826771
 31
0
  0
LINE
  5
21D
330
1F
100
AcDbEntity
  8
In1.Cu
  6
CONTINUOUS
100
AcDbLine
 10
6.0904883464566923
 20
-3.9617963385826771
 30
0
 11
6.0904883464566923
 21
-3.9587942125984252
 31
0
  0
LINE
  5
21E
330
1F
100
AcDbEntity
  8
In1.Cu
  6
CONTINUOUS
100
AcDbLine
 10
6.0904883464566923
 20
-3.9587942125984252
 30
0
 11
6.0912653543307087
 21
-3.9558944094488186
 31
0
  0
LINE
  5
21F
330
1F
100
AcDbEntity
  8
In1.Cu
  6
CONTINUOUS
100
AcDbLine
 10
6.0912653543307087
 20
-3.9558944094488186
 30
0
 11
6.0927663779527554
 21
-3.9532945275590552
 31
0
  0
LINE
  5
220
330
1F
100
AcDbEntity
  8
In1.Cu
  6
CONTINUOUS
100
AcDbLine
 10
6.0927663779527554
 20
-3.9532945275590552
 30
0
 11
6.0948892125984253
 21
-3.9511716929133858
 31
0
  0
LINE
  5
221
330
1F
100
AcDbEntity
  8
In1.Cu
  6
CONTINUOUS
100
AcDbLine
 10
6.0948892125984253
 20
-3.9511716929133858
 30
0
 11
6.0974890944881892
 21
-3.9496706692913386
 31
0
  0
LINE
  5
222
330
1F
100
AcDbEntity
  8
In1.Cu
  6
CONTINUOUS
100
AcDbLine
 10
6.0974890944881892
 20
-3.9496706692913386
 30
0
 11
6.1003888976377949
 21
-3.9488936614173227
 31
0
  0
LINE
  5
223
330
1F
100
AcDbEntity
  8
In1.Cu
  6
CONTINUOUS
100
AcDbLine
 10
6.1003888976377949
 20
-3.9488936614173227
 30
0
 11
6.1033910236220468
 21
-3.9488936614173227
 31
0
  0
LINE
  5
224
330
1F
100
AcDbEntity
  8
In1.Cu
  6
CONTINUOUS
100
AcDbLine
 10
6.1033910236220468
 20
-3.9488936614173227
 30
0
 11
6.1062908267716534
 21
-3.9496706692913386
 31
0
  0
LINE
  5
225
330
1F
100
AcDbEntity
  8
In1.Cu
  6
CONTINUOUS
100
AcDbLine
 10
6.4725113385826774
 20
-3.928017125984252
 30
0
 11
6.4751112204724404
 21
-3.9295181496062992
 31
0
  0
LINE
  5
226
330
1F
100
AcDbEntity
  8
In1.Cu
  6
CONTINUOUS
100
AcDbLine
 10
6.4751112204724404
 20
-3.9295181496062992
 30
0
 11
6.4772340551181102
 21
-3.9316409842519686
 31
0
  0
LINE
  5
227
330
1F
100
AcDbEntity
  8
In1.Cu
  6
CONTINUOUS
100
AcDbLine
 10
6.4772340551181102
 20
-3.9316409842519686
 30
0
 11
6.478735078740157
 21
-3.9342408661417321
 31
0
  0
LINE
  5
228
330
1F
100
AcDbEntity
  8
In1.Cu
  6
CONTINUOUS
100
AcDbLine
 10
6.478735078740157
 20
-3.9342408661417321
 30
0
 11
6.4795120866141733
 21
-3.9371406692913387
 31
0
  0
LINE
  5
229
330
1F
100
AcDbEntity
  8
In1.Cu
  6
CONTINUOUS
100
AcDbLine
 10
6.4795120866141733
 20
-3.9371406692913387
 30
0
 11
6.4795120866141733
 21
-3.9401427952755905
 31
0
  0
LINE
  5
22A
330
1F
100
AcDbEntity
  8
In1.Cu
  6
CONTINUOUS
100
AcDbLine
 10
6.4795120866141733
 20
-3.9401427952755905
 30
0
 11
6.478735078740157
 21
-3.9430425984251967
 31
0
  0
LINE
  5
22B
330
1F
100
AcDbEntity
  8
In1.Cu
  6
CONTINUOUS
100
AcDbLine
 10
6.478735078740157
 20
-3.9430425984251967
 30
0
 11
6.4772340551181102
 21
-3.9456424803149606
 31
0
  0
LINE
  5
22C
330
1F
100
AcDbEntity
  8
In1.Cu
  6
CONTINUOUS
100
AcDbLine
 10
6.4772340551181102
 20
-3.9456424803149606
 30
0
 11
6.4751112204724404
 21
-3.94776531496063
 31
0
  0
LINE
  5
22D
330
1F
100
AcDbEntity
  8
In1.Cu
  6
CONTINUOUS
100
AcDbLine
 10
6.4751112204724404
 20
-3.94776531496063
 30
0
 11
6.4725113385826774
 21
-3.9492663385826772
 31
0
  0
LINE
  5
22E
330
1F
100
AcDbEntity
  8
In1.Cu
  6
CONTINUOUS
100
AcDbLine
 10
6.4725113385826774
 20
-3.9492663385826772
 30
0
 11
6.4696115354330708
 21
-3.9500433464566926
 31
0
  0
LINE
  5
22F
330
1F
100
AcDbEntity
  8
In1.Cu
  6
CONTINUOUS
100
AcDbLine
 10
6.4696115354330708
 20
-3.9500433464566926
 30
0
 11
6.4666094094488189
 21
-3.9500433464566926
 31
0
  0
LINE
  5
230
330
1F
100
AcDbEntity
  8
In1.Cu
  6
CONTINUOUS
100
AcDbLine
 10
6.4666094094488189
 20
-3.9500433464566926
 30
0
 11
6.4637096062992123
 21
-3.9492663385826772
 31
0
  0
LINE
  5
231
330
1F
100
AcDbEntity
  8
In1.Cu
  6
CONTINUOUS
100
AcDbLine
 10
6.4637096062992123
 20
-3.9492663385826772
 30
0
 11
6.4611097244094484
 21
-3.94776531496063
 31
0
  0
LINE
  5
232
330
1F
100
AcDbEntity
  8
In1.Cu
  6
CONTINUOUS
100
AcDbLine
 10
6.4611097244094484
 20
-3.94776531496063
 30
0
 11
6.4589868897637794
 21
-3.9456424803149606
 31
0
  0
LINE
  5
233
330
1F
100
AcDbEntity
  8
In1.Cu
  6
CONTINUOUS
100
AcDbLine
 10
6.4589868897637794
 20
-3.9456424803149606
 30
0
 11
6.4574858661417318
 21
-3.9430425984251967
 31
0
  0
LINE
  5
234
330
1F
100
AcDbEntity
  8
In1.Cu
  6
CONTINUOUS
100
AcDbLine
 10
6.4574858661417318
 20
-3.9430425984251967
 30
0
 11
6.4567088582677163
 21
-3.9401427952755905
 31
0
  0
LINE
  5
235
330
1F
100
AcDbEntity
  8
In1.Cu
  6
CONTINUOUS
100
AcDbLine
 10
6.4567088582677163
 20
-3.9401427952755905
 30
0
 11
6.4567088582677163
 21
-3.9371406692913387
 31
0
  0
LINE
  5
236
330
1F
100
AcDbEntity
  8
In1.Cu
  6
CONTINUOUS
100
AcDbLine
 10
6.4567088582677163
 20
-3.9371406692913387
 30
0
 11
6.4574858661417318
 21
-3.9342408661417321
 31
0
  0
LINE
  5
237
330
1F
100
AcDbEntity
  8
In1.Cu
  6
CONTINUOUS
100
AcDbLine
 10
6.4574858661417318
 20
-3.9342408661417321
 30
0
 11
6.4589868897637794
 21
-3.9316409842519686
 31
0
  0
LINE
  5
238
330
1F
100
AcDbEntity
  8
In1.Cu
  6
CONTINUOUS
100
AcDbLine
 10
6.4589868897637794
 20
-3.9316409842519686
 30
0
 11
6.4611097244094484
 21
-3.9295181496062992
 31
0
  0
LINE
  5
239
330
1F
100
AcDbEntity
  8
In1.Cu
  6
CONTINUOUS
100
AcDbLine
 10
6.4611097244094484
 20
-3.9295181496062992
 30
0
 11
6.4637096062992123
 21
-3.928017125984252
 31
0
  0
LINE
  5
23A
330
1F
100
AcDbEntity
  8
In1.Cu
  6
CONTINUOUS
100
AcDbLine
 10
6.4637096062992123
 20
-3.928017125984252
 30
0
 11
6.4666094094488189
 21
-3.9272401181102361
 31
0
  0
LINE
  5
23B
330
1F
100
AcDbEntity
  8
In1.Cu
  6
CONTINUOUS
100
AcDbLine
 10
6.4666094094488189
 20
-3.9272401181102361
 30
0
 11
6.4696115354330708
 21
-3.9272401181102361
 31
0
  0
LINE
  5
23C
330
1F
100
AcDbEntity
  8
In1.Cu
  6
CONTINUOUS
100
AcDbLine
 10
6.4696115354330708
 20
-3.9272401181102361
 30
0
 11
6.4725113385826774
 21
-3.928017125984252
 31
0
  0
LINE
  5
23D
330
1F
100
AcDbEntity
  8
In1.Cu
  6
CONTINUOUS
100
AcDbLine
 10
5.9257593307086616
 20
-3.8861076771653544
 30
0
 11
5.9283592125984255
 21
-3.8876087007874016
 31
0
  0
LINE
  5
23E
330
1F
100
AcDbEntity
  8
In1.Cu
  6
CONTINUOUS
100
AcDbLine
 10
5.9283592125984255
 20
-3.8876087007874016
 30
0
 11
5.9304820472440944
 21
-3.8897315354330706
 31
0
  0
LINE
  5
23F
330
1F
100
AcDbEntity
  8
In1.Cu
  6
CONTINUOUS
100
AcDbLine
 10
5.9304820472440944
 20
-3.8897315354330706
 30
0
 11
5.9319830708661412
 21
-3.8923314173228345
 31
0
  0
LINE
  5
240
330
1F
100
AcDbEntity
  8
In1.Cu
  6
CONTINUOUS
100
AcDbLine
 10
5.9319830708661412
 20
-3.8923314173228345
 30
0
 11
5.9327600787401575
 21
-3.8952312204724406
 31
0
  0
LINE
  5
241
330
1F
100
AcDbEntity
  8
In1.Cu
  6
CONTINUOUS
100
AcDbLine
 10
5.9327600787401575
 20
-3.8952312204724406
 30
0
 11
5.9327600787401575
 21
-3.8982333464566929
 31
0
  0
LINE
  5
242
330
1F
100
AcDbEntity
  8
In1.Cu
  6
CONTINUOUS
100
AcDbLine
 10
5.9327600787401575
 20
-3.8982333464566929
 30
0
 11
5.9319830708661412
 21
-3.9011331496062991
 31
0
  0
LINE
  5
243
330
1F
100
AcDbEntity
  8
In1.Cu
  6
CONTINUOUS
100
AcDbLine
 10
5.9319830708661412
 20
-3.9011331496062991
 30
0
 11
5.9304820472440944
 21
-3.903733031496063
 31
0
  0
LINE
  5
244
330
1F
100
AcDbEntity
  8
In1.Cu
  6
CONTINUOUS
100
AcDbLine
 10
5.9304820472440944
 20
-3.903733031496063
 30
0
 11
5.9283592125984255
 21
-3.9058558661417324
 31
0
  0
LINE
  5
245
330
1F
100
AcDbEntity
  8
In1.Cu
  6
CONTINUOUS
100
AcDbLine
 10
5.9283592125984255
 20
-3.9058558661417324
 30
0
 11
5.9257593307086616
 21
-3.9073568897637796
 31
0
  0
LINE
  5
246
330
1F
100
AcDbEntity
  8
In1.Cu
  6
CONTINUOUS
100
AcDbLine
 10
5.9257593307086616
 20
-3.9073568897637796
 30
0
 11
5.922859527559055
 21
-3.9081338976377951
 31
0
  0
LINE
  5
247
330
1F
100
AcDbEntity
  8
In1.Cu
  6
CONTINUOUS
100
AcDbLine
 10
5.922859527559055
 20
-3.9081338976377951
 30
0
 11
5.9198574015748031
 21
-3.9081338976377951
 31
0
  0
LINE
  5
248
330
1F
100
AcDbEntity
  8
In1.Cu
  6
CONTINUOUS
100
AcDbLine
 10
5.9198574015748031
 20
-3.9081338976377951
 30
0
 11
5.9169575984251965
 21
-3.9073568897637796
 31
0
  0
LINE
  5
249
330
1F
100
AcDbEntity
  8
In1.Cu
  6
CONTINUOUS
100
AcDbLine
 10
5.9169575984251965
 20
-3.9073568897637796
 30
0
 11
5.9143577165354326
 21
-3.9058558661417324
 31
0
  0
LINE
  5
24A
330
1F
100
AcDbEntity
  8
In1.Cu
  6
CONTINUOUS
100
AcDbLine
 10
5.9143577165354326
 20
-3.9058558661417324
 30
0
 11
5.9122348818897636
 21
-3.903733031496063
 31
0
  0
LINE
  5
24B
330
1F
100
AcDbEntity
  8
In1.Cu
  6
CONTINUOUS
100
AcDbLine
 10
5.9122348818897636
 20
-3.903733031496063
 30
0
 11
5.910733858267716
 21
-3.9011331496062991
 31
0
  0
LINE
  5
24C
330
1F
100
AcDbEntity
  8
In1.Cu
  6
CONTINUOUS
100
AcDbLine
 10
5.910733858267716
 20
-3.9011331496062991
 30
0
 11
5.9099568503937006
 21
-3.8982333464566929
 31
0
  0
LINE
  5
24D
330
1F
100
AcDbEntity
  8
In1.Cu
  6
CONTINUOUS
100
AcDbLine
 10
5.9099568503937006
 20
-3.8982333464566929
 30
0
 11
5.9099568503937006
 21
-3.8952312204724406
 31
0
  0
LINE
  5
24E
330
1F
100
AcDbEntity
  8
In1.Cu
  6
CONTINUOUS
100
AcDbLine
 10
5.9099568503937006
 20
-3.8952312204724406
 30
0
 11
5.910733858267716
 21
-3.8923314173228345
 31
0
  0
LINE
  5
24F
330
1F
100
AcDbEntity
  8
In1.Cu
  6
CONTINUOUS
100
AcDbLine
 10
5.910733858267716
 20
-3.8923314173228345
 30
0
 11
5.9122348818897636
 21
-3.8897315354330706
 31
0
  0
LINE
  5
250
330
1F
100
AcDbEntity
  8
In1.Cu
  6
CONTINUOUS
100
AcDbLine
 10
5.9122348818897636
 20
-3.8897315354330706
 30
0
 11
5.9143577165354326
 21
-3.8876087007874016
 31
0
  0
LINE
  5
251
330
1F
100
AcDbEntity
  8
In1.Cu
  6
CONTINUOUS
100
AcDbLine
 10
5.9143577165354326
 20
-3.8876087007874016
 30
0
 11
5.9169575984251965
 21
-3.8861076771653544
 31
0
  0
LINE
  5
252
330
1F
100
AcDbEntity
  8
In1.Cu
  6
CONTINUOUS
100
AcDbLine
 10
5.9169575984251965
 20
-3.8861076771653544
 30
0
 11
5.9198574015748031
 21
-3.8853306692913385
 31
0
  0
LINE
  5
253
330
1F
100
AcDbEntity
  8
In1.Cu
  6
CONTINUOUS
100
AcDbLine
 10
5.9198574015748031
 20
-3.8853306692913385
 30
0
 11
5.922859527559055
 21
-3.8853306692913385
 31
0
  0
LINE
  5
254
330
1F
100
AcDbEntity
  8
In1.Cu
  6
CONTINUOUS
100
AcDbLine
 10
5.922859527559055
 20
-3.8853306692913385
 30
0
 11
5.9257593307086616
 21
-3.8861076771653544
 31
0
  0
LINE
  5
255
330
1F
100
AcDbEntity
  8
In1.Cu
  6
CONTINUOUS
100
AcDbLine
 10
5.9173144488188978
 20
-3.8551824803149604
 30
0
 11
5.9199143307086617
 21
-3.856683503937008
 31
0
  0
LINE
  5
256
330
1F
100
AcDbEntity
  8
In1.Cu
  6
CONTINUOUS
100
AcDbLine
 10
5.9199143307086617
 20
-3.856683503937008
 30
0
 11
5.9220371653543307
 21
-3.858806338582677
 31
0
  0
LINE
  5
257
330
1F
100
AcDbEntity
  8
In1.Cu
  6
CONTINUOUS
100
AcDbLine
 10
5.9220371653543307
 20
-3.858806338582677
 30
0
 11
5.9235381889763774
 21
-3.8614062204724409
 31
0
  0
LINE
  5
258
330
1F
100
AcDbEntity
  8
In1.Cu
  6
CONTINUOUS
100
AcDbLine
 10
5.9235381889763774
 20
-3.8614062204724409
 30
0
 11
5.9243151968503938
 21
-3.864306023622047
 31
0
  0
LINE
  5
259
330
1F
100
AcDbEntity
  8
In1.Cu
  6
CONTINUOUS
100
AcDbLine
 10
5.9243151968503938
 20
-3.864306023622047
 30
0
 11
5.9243151968503938
 21
-3.8673081496062993
 31
0
  0
LINE
  5
25A
330
1F
100
AcDbEntity
  8
In1.Cu
  6
CONTINUOUS
100
AcDbLine
 10
5.9243151968503938
 20
-3.8673081496062993
 30
0
 11
5.9235381889763774
 21
-3.8702079527559055
 31
0
  0
LINE
  5
25B
330
1F
100
AcDbEntity
  8
In1.Cu
  6
CONTINUOUS
100
AcDbLine
 10
5.9235381889763774
 20
-3.8702079527559055
 30
0
 11
5.9220371653543307
 21
-3.8728078346456694
 31
0
  0
LINE
  5
25C
330
1F
100
AcDbEntity
  8
In1.Cu
  6
CONTINUOUS
100
AcDbLine
 10
5.9220371653543307
 20
-3.8728078346456694
 30
0
 11
5.9199143307086617
 21
-3.8749306692913383
 31
0
  0
LINE
  5
25D
330
1F
100
AcDbEntity
  8
In1.Cu
  6
CONTINUOUS
100
AcDbLine
 10
5.9199143307086617
 20
-3.8749306692913383
 30
0
 11
5.9173144488188978
 21
-3.8764316929133855
 31
0
  0
LINE
  5
25E
330
1F
100
AcDbEntity
  8
In1.Cu
  6
CONTINUOUS
100
AcDbLine
 10
5.9173144488188978
 20
-3.8764316929133855
 30
0
 11
5.9144146456692912
 21
-3.8772087007874014
 31
0
  0
LINE
  5
25F
330
1F
100
AcDbEntity
  8
In1.Cu
  6
CONTINUOUS
100
AcDbLine
 10
5.9144146456692912
 20
-3.8772087007874014
 30
0
 11
5.9114125196850393
 21
-3.8772087007874014
 31
0
  0
LINE
  5
260
330
1F
100
AcDbEntity
  8
In1.Cu
  6
CONTINUOUS
100
AcDbLine
 10
5.9114125196850393
 20
-3.8772087007874014
 30
0
 11
5.9085127165354328
 21
-3.8764316929133855
 31
0
  0
LINE
  5
261
330
1F
100
AcDbEntity
  8
In1.Cu
  6
CONTINUOUS
100
AcDbLine
 10
5.9085127165354328
 20
-3.8764316929133855
 30
0
 11
5.9059128346456689
 21
-3.8749306692913383
 31
0
  0
LINE
  5
262
330
1F
100
AcDbEntity
  8
In1.Cu
  6
CONTINUOUS
100
AcDbLine
 10
5.9059128346456689
 20
-3.8749306692913383
 30
0
 11
5.9037899999999999
 21
-3.8728078346456694
 31
0
  0
LINE
  5
263
330
1F
100
AcDbEntity
  8
In1.Cu
  6
CONTINUOUS
100
AcDbLine
 10
5.9037899999999999
 20
-3.8728078346456694
 30
0
 11
5.9022889763779522
 21
-3.8702079527559055
 31
0
  0
LINE
  5
264
330
1F
100
AcDbEntity
  8
In1.Cu
  6
CONTINUOUS
100
AcDbLine
 10
5.9022889763779522
 20
-3.8702079527559055
 30
0
 11
5.9015119685039368
 21
-3.8673081496062993
 31
0
  0
LINE
  5
265
330
1F
100
AcDbEntity
  8
In1.Cu
  6
CONTINUOUS
100
AcDbLine
 10
5.9015119685039368
 20
-3.8673081496062993
 30
0
 11
5.9015119685039368
 21
-3.864306023622047
 31
0
  0
LINE
  5
266
330
1F
100
AcDbEntity
  8
In1.Cu
  6
CONTINUOUS
100
AcDbLine
 10
5.9015119685039368
 20
-3.864306023622047
 30
0
 11
5.9022889763779522
 21
-3.8614062204724409
 31
0
  0
LINE
  5
267
330
1F
100
AcDbEntity
  8
In1.Cu
  6
CONTINUOUS
100
AcDbLine
 10
5.9022889763779522
 20
-3.8614062204724409
 30
0
 11
5.9037899999999999
 21
-3.858806338582677
 31
0
  0
LINE
  5
268
330
1F
100
AcDbEntity
  8
In1.Cu
  6
CONTINUOUS
100
AcDbLine
 10
5.9037899999999999
 20
-3.858806338582677
 30
0
 11
5.9059128346456689
 21
-3.856683503937008
 31
0
  0
LINE
  5
269
330
1F
100
AcDbEntity
  8
In1.Cu
  6
CONTINUOUS
100
AcDbLine
 10
5.9059128346456689
 20
-3.856683503937008
 30
0
 11
5.9085127165354328
 21
-3.8551824803149604
 31
0
  0
LINE
  5
26A
330
1F
100
AcDbEntity
  8
In1.Cu
  6
CONTINUOUS
100
AcDbLine
 10
5.9085127165354328
 20
-3.8551824803149604
 30
0
 11
5.9114125196850393
 21
-3.8544054724409449
 31
0
  0
LINE
  5
26B
330
1F
100
AcDbEntity
  8
In1.Cu
  6
CONTINUOUS
100
AcDbLine
 10
5.9114125196850393
 20
-3.8544054724409449
 30
0
 11
5.9144146456692912
 21
-3.8544054724409449
 31
0
  0
LINE
  5
26C
330
1F
100
AcDbEntity
  8
In1.Cu
  6
CONTINUOUS
100
AcDbLine
 10
5.9144146456692912
 20
-3.8544054724409449
 30
0
 11
5.9173144488188978
 21
-3.8551824803149604
 31
0
  0
LINE
  5
26D
330
1F
100
AcDbEntity
  8
In1.Cu
  6
CONTINUOUS
100
AcDbLine
 10
6.1062907874015746
 20
-3.8551824803149604
 30
0
 11
6.1088906692913385
 21
-3.856683503937008
 31
0
  0
LINE
  5
26E
330
1F
100
AcDbEntity
  8
In1.Cu
  6
CONTINUOUS
100
AcDbLine
 10
6.1088906692913385
 20
-3.856683503937008
 30
0
 11
6.1110135039370075
 21
-3.858806338582677
 31
0
  0
LINE
  5
26F
330
1F
100
AcDbEntity
  8
In1.Cu
  6
CONTINUOUS
100
AcDbLine
 10
6.1110135039370075
 20
-3.858806338582677
 30
0
 11
6.1125145275590551
 21
-3.8614062204724409
 31
0
  0
LINE
  5
270
330
1F
100
AcDbEntity
  8
In1.Cu
  6
CONTINUOUS
100
AcDbLine
 10
6.1125145275590551
 20
-3.8614062204724409
 30
0
 11
6.1132915354330706
 21
-3.864306023622047
 31
0
  0
LINE
  5
271
330
1F
100
AcDbEntity
  8
In1.Cu
  6
CONTINUOUS
100
AcDbLine
 10
6.1132915354330706
 20
-3.864306023622047
 30
0
 11
6.1132915354330706
 21
-3.8673081496062993
 31
0
  0
LINE
  5
272
330
1F
100
AcDbEntity
  8
In1.Cu
  6
CONTINUOUS
100
AcDbLine
 10
6.1132915354330706
 20
-3.8673081496062993
 30
0
 11
6.1125145275590551
 21
-3.8702079527559055
 31
0
  0
LINE
  5
273
330
1F
100
AcDbEntity
  8
In1.Cu
  6
CONTINUOUS
100
AcDbLine
 10
6.1125145275590551
 20
-3.8702079527559055
 30
0
 11
6.1110135039370075
 21
-3.8728078346456694
 31
0
  0
LINE
  5
274
330
1F
100
AcDbEntity
  8
In1.Cu
  6
CONTINUOUS
100
AcDbLine
 10
6.1110135039370075
 20
-3.8728078346456694
 30
0
 11
6.1088906692913385
 21
-3.8749306692913383
 31
0
  0
LINE
  5
275
330
1F
100
AcDbEntity
  8
In1.Cu
  6
CONTINUOUS
100
AcDbLine
 10
6.1088906692913385
 20
-3.8749306692913383
 30
0
 11
6.1062907874015746
 21
-3.8764316929133855
 31
0
  0
LINE
  5
276
330
1F
100
AcDbEntity
  8
In1.Cu
  6
CONTINUOUS
100
AcDbLine
 10
6.1062907874015746
 20
-3.8764316929133855
 30
0
 11
6.103390984251968
 21
-3.8772087007874014
 31
0
  0
LINE
  5
277
330
1F
100
AcDbEntity
  8
In1.Cu
  6
CONTINUOUS
100
AcDbLine
 10
6.103390984251968
 20
-3.8772087007874014
 30
0
 11
6.1003888582677162
 21
-3.8772087007874014
 31
0
  0
LINE
  5
278
330
1F
100
AcDbEntity
  8
In1.Cu
  6
CONTINUOUS
100
AcDbLine
 10
6.1003888582677162
 20
-3.8772087007874014
 30
0
 11
6.0974890551181105
 21
-3.8764316929133855
 31
0
  0
LINE
  5
279
330
1F
100
AcDbEntity
  8
In1.Cu
  6
CONTINUOUS
100
AcDbLine
 10
6.0974890551181105
 20
-3.8764316929133855
 30
0
 11
6.0948891732283466
 21
-3.8749306692913383
 31
0
  0
LINE
  5
27A
330
1F
100
AcDbEntity
  8
In1.Cu
  6
CONTINUOUS
100
AcDbLine
 10
6.0948891732283466
 20
-3.8749306692913383
 30
0
 11
6.0927663385826767
 21
-3.8728078346456694
 31
0
  0
LINE
  5
27B
330
1F
100
AcDbEntity
  8
In1.Cu
  6
CONTINUOUS
100
AcDbLine
 10
6.0927663385826767
 20
-3.8728078346456694
 30
0
 11
6.09126531496063
 21
-3.8702079527559055
 31
0
  0
LINE
  5
27C
330
1F
100
AcDbEntity
  8
In1.Cu
  6
CONTINUOUS
100
AcDbLine
 10
6.09126531496063
 20
-3.8702079527559055
 30
0
 11
6.0904883070866136
 21
-3.8673081496062993
 31
0
  0
LINE
  5
27D
330
1F
100
AcDbEntity
  8
In1.Cu
  6
CONTINUOUS
100
AcDbLine
 10
6.0904883070866136
 20
-3.8673081496062993
 30
0
 11
6.0904883070866136
 21
-3.864306023622047
 31
0
  0
LINE
  5
27E
330
1F
100
AcDbEntity
  8
In1.Cu
  6
CONTINUOUS
100
AcDbLine
 10
6.0904883070866136
 20
-3.864306023622047
 30
0
 11
6.09126531496063
 21
-3.8614062204724409
 31
0
  0
LINE
  5
27F
330
1F
100
AcDbEntity
  8
In1.Cu
  6
CONTINUOUS
100
AcDbLine
 10
6.09126531496063
 20
-3.8614062204724409
 30
0
 11
6.0927663385826767
 21
-3.858806338582677
 31
0
  0
LINE
  5
280
330
1F
100
AcDbEntity
  8
In1.Cu
  6
CONTINUOUS
100
AcDbLine
 10
6.0927663385826767
 20
-3.858806338582677
 30
0
 11
6.0948891732283466
 21
-3.856683503937008
 31
0
  0
LINE
  5
281
330
1F
100
AcDbEntity
  8
In1.Cu
  6
CONTINUOUS
100
AcDbLine
 10
6.0948891732283466
 20
-3.856683503937008
 30
0
 11
6.0974890551181105
 21
-3.8551824803149604
 31
0
  0
LINE
  5
282
330
1F
100
AcDbEntity
  8
In1.Cu
  6
CONTINUOUS
100
AcDbLine
 10
6.0974890551181105
 20
-3.8551824803149604
 30
0
 11
6.1003888582677162
 21
-3.8544054724409449
 31
0
  0
LINE
  5
283
330
1F
100
AcDbEntity
  8
In1.Cu
  6
CONTINUOUS
100
AcDbLine
 10
6.1003888582677162
 20
-3.8544054724409449
 30
0
 11
6.103390984251968
 21
-3.8544054724409449
 31
0
  0
LINE
  5
284
330
1F
100
AcDbEntity
  8
In1.Cu
  6
CONTINUOUS
100
AcDbLine
 10
6.103390984251968
 20
-3.8544054724409449
 30
0
 11
6.1062907874015746
 21
-3.8551824803149604
 31
0
  0
LINE
  5
285
330
1F
100
AcDbEntity
  8
In1.Cu
  6
CONTINUOUS
100
AcDbLine
 10
6.1062908267716534
 20
-3.8158124015748029
 30
0
 11
6.1088907086614173
 21
-3.8173134251968501
 31
0
  0
LINE
  5
286
330
1F
100
AcDbEntity
  8
In1.Cu
  6
CONTINUOUS
100
AcDbLine
 10
6.1088907086614173
 20
-3.8173134251968501
 30
0
 11
6.1110135433070862
 21
-3.8194362598425196
 31
0
  0
LINE
  5
287
330
1F
100
AcDbEntity
  8
In1.Cu
  6
CONTINUOUS
100
AcDbLine
 10
6.1110135433070862
 20
-3.8194362598425196
 30
0
 11
6.1125145669291339
 21
-3.8220361417322835
 31
0
  0
LINE
  5
288
330
1F
100
AcDbEntity
  8
In1.Cu
  6
CONTINUOUS
100
AcDbLine
 10
6.1125145669291339
 20
-3.8220361417322835
 30
0
 11
6.1132915748031493
 21
-3.8249359448818896
 31
0
  0
LINE
  5
289
330
1F
100
AcDbEntity
  8
In1.Cu
  6
CONTINUOUS
100
AcDbLine
 10
6.1132915748031493
 20
-3.8249359448818896
 30
0
 11
6.1132915748031493
 21
-3.8279380708661415
 31
0
  0
LINE
  5
28A
330
1F
100
AcDbEntity
  8
In1.Cu
  6
CONTINUOUS
100
AcDbLine
 10
6.1132915748031493
 20
-3.8279380708661415
 30
0
 11
6.1125145669291339
 21
-3.830837874015748
 31
0
  0
LINE
  5
28B
330
1F
100
AcDbEntity
  8
In1.Cu
  6
CONTINUOUS
100
AcDbLine
 10
6.1125145669291339
 20
-3.830837874015748
 30
0
 11
6.1110135433070862
 21
-3.8334377559055119
 31
0
  0
LINE
  5
28C
330
1F
100
AcDbEntity
  8
In1.Cu
  6
CONTINUOUS
100
AcDbLine
 10
6.1110135433070862
 20
-3.8334377559055119
 30
0
 11
6.1088907086614173
 21
-3.8355605905511809
 31
0
  0
LINE
  5
28D
330
1F
100
AcDbEntity
  8
In1.Cu
  6
CONTINUOUS
100
AcDbLine
 10
6.1088907086614173
 20
-3.8355605905511809
 30
0
 11
6.1062908267716534
 21
-3.8370616141732281
 31
0
  0
LINE
  5
28E
330
1F
100
AcDbEntity
  8
In1.Cu
  6
CONTINUOUS
100
AcDbLine
 10
6.1062908267716534
 20
-3.8370616141732281
 30
0
 11
6.1033910236220468
 21
-3.837838622047244
 31
0
  0
LINE
  5
28F
330
1F
100
AcDbEntity
  8
In1.Cu
  6
CONTINUOUS
100
AcDbLine
 10
6.1033910236220468
 20
-3.837838622047244
 30
0
 11
6.1003888976377949
 21
-3.837838622047244
 31
0
  0
LINE
  5
290
330
1F
100
AcDbEntity
  8
In1.Cu
  6
CONTINUOUS
100
AcDbLine
 10
6.1003888976377949
 20
-3.837838622047244
 30
0
 11
6.0974890944881892
 21
-3.8370616141732281
 31
0
  0
LINE
  5
291
330
1F
100
AcDbEntity
  8
In1.Cu
  6
CONTINUOUS
100
AcDbLine
 10
6.0974890944881892
 20
-3.8370616141732281
 30
0
 11
6.0948892125984253
 21
-3.8355605905511809
 31
0
  0
LINE
  5
292
330
1F
100
AcDbEntity
  8
In1.Cu
  6
CONTINUOUS
100
AcDbLine
 10
6.0948892125984253
 20
-3.8355605905511809
 30
0
 11
6.0927663779527554
 21
-3.8334377559055119
 31
0
  0
LINE
  5
293
330
1F
100
AcDbEntity
  8
In1.Cu
  6
CONTINUOUS
100
AcDbLine
 10
6.0927663779527554
 20
-3.8334377559055119
 30
0
 11
6.0912653543307087
 21
-3.830837874015748
 31
0
  0
LINE
  5
294
330
1F
100
AcDbEntity
  8
In1.Cu
  6
CONTINUOUS
100
AcDbLine
 10
6.0912653543307087
 20
-3.830837874015748
 30
0
 11
6.0904883464566923
 21
-3.8279380708661415
 31
0
  0
LINE
  5
295
330
1F
100
AcDbEntity
  8
In1.Cu
  6
CONTINUOUS
100
AcDbLine
 10
6.0904883464566923
 20
-3.8279380708661415
 30
0
 11
6.0904883464566923
 21
-3.8249359448818896
 31
0
  0
LINE
  5
296
330
1F
100
AcDbEntity
  8
In1.Cu
  6
CONTINUOUS
100
AcDbLine
 10
6.0904883464566923
 20
-3.8249359448818896
 30
0
 11
6.0912653543307087
 21
-3.8220361417322835
 31
0
  0
LINE
  5
297
330
1F
100
AcDbEntity
  8
In1.Cu
  6
CONTINUOUS
100
AcDbLine
 10
6.0912653543307087
 20
-3.8220361417322835
 30
0
 11
6.0927663779527554
 21
-3.8194362598425196
 31
0
  0
LINE
  5
298
330
1F
100
AcDbEntity
  8
In1.Cu
  6
CONTINUOUS
100
AcDbLine
 10
6.0927663779527554
 20
-3.8194362598425196
 30
0
 11
6.0948892125984253
 21
-3.8173134251968501
 31
0
  0
LINE
  5
299
330
1F
100
AcDbEntity
  8
In1.Cu
  6
CONTINUOUS
100
AcDbLine
 10
6.0948892125984253
 20
-3.8173134251968501
 30
0
 11
6.0974890944881892
 21
-3.8158124015748029
 31
0
  0
LINE
  5
29A
330
1F
100
AcDbEntity
  8
In1.Cu
  6
CONTINUOUS
100
AcDbLine
 10
6.0974890944881892
 20
-3.8158124015748029
 30
0
 11
6.1003888976377949
 21
-3.8150353937007875
 31
0
  0
LINE
  5
29B
330
1F
100
AcDbEntity
  8
In1.Cu
  6
CONTINUOUS
100
AcDbLine
 10
6.1003888976377949
 20
-3.8150353937007875
 30
0
 11
6.1033910236220468
 21
-3.8150353937007875
 31
0
  0
LINE
  5
29C
330
1F
100
AcDbEntity
  8
In1.Cu
  6
CONTINUOUS
100
AcDbLine
 10
6.1033910236220468
 20
-3.8150353937007875
 30
0
 11
6.1062908267716534
 21
-3.8158124015748029
 31
0
  0
LINE
  5
29D
330
1F
100
AcDbEntity
  8
In1.Cu
  6
CONTINUOUS
100
AcDbLine
 10
6.3930035039370079
 20
-3.854040708661417
 30
0
 11
6.3956033858267718
 21
-3.8555417322834646
 31
0
  0
LINE
  5
29E
330
1F
100
AcDbEntity
  8
In1.Cu
  6
CONTINUOUS
100
AcDbLine
 10
6.3956033858267718
 20
-3.8555417322834646
 30
0
 11
6.3977262204724408
 21
-3.8576645669291336
 31
0
  0
LINE
  5
29F
330
1F
100
AcDbEntity
  8
In1.Cu
  6
CONTINUOUS
100
AcDbLine
 10
6.3977262204724408
 20
-3.8576645669291336
 30
0
 11
6.3992272440944884
 21
-3.8602644488188975
 31
0
  0
LINE
  5
2A0
330
1F
100
AcDbEntity
  8
In1.Cu
  6
CONTINUOUS
100
AcDbLine
 10
6.3992272440944884
 20
-3.8602644488188975
 30
0
 11
6.4000042519685039
 21
-3.8631642519685037
 31
0
  0
LINE
  5
2A1
330
1F
100
AcDbEntity
  8
In1.Cu
  6
CONTINUOUS
100
AcDbLine
 10
6.4000042519685039
 20
-3.8631642519685037
 30
0
 11
6.4000042519685039
 21
-3.866166377952756
 31
0
  0
LINE
  5
2A2
330
1F
100
AcDbEntity
  8
In1.Cu
  6
CONTINUOUS
100
AcDbLine
 10
6.4000042519685039
 20
-3.866166377952756
 30
0
 11
6.3992272440944884
 21
-3.8690661811023621
 31
0
  0
LINE
  5
2A3
330
1F
100
AcDbEntity
  8
In1.Cu
  6
CONTINUOUS
100
AcDbLine
 10
6.3992272440944884
 20
-3.8690661811023621
 30
0
 11
6.3977262204724408
 21
-3.871666062992126
 31
0
  0
LINE
  5
2A4
330
1F
100
AcDbEntity
  8
In1.Cu
  6
CONTINUOUS
100
AcDbLine
 10
6.3977262204724408
 20
-3.871666062992126
 30
0
 11
6.3956033858267718
 21
-3.873788897637795
 31
0
  0
LINE
  5
2A5
330
1F
100
AcDbEntity
  8
In1.Cu
  6
CONTINUOUS
100
AcDbLine
 10
6.3956033858267718
 20
-3.873788897637795
 30
0
 11
6.3930035039370079
 21
-3.8752899212598426
 31
0
  0
LINE
  5
2A6
330
1F
100
AcDbEntity
  8
In1.Cu
  6
CONTINUOUS
100
AcDbLine
 10
6.3930035039370079
 20
-3.8752899212598426
 30
0
 11
6.3901037007874013
 21
-3.8760669291338581
 31
0
  0
LINE
  5
2A7
330
1F
100
AcDbEntity
  8
In1.Cu
  6
CONTINUOUS
100
AcDbLine
 10
6.3901037007874013
 20
-3.8760669291338581
 30
0
 11
6.3871015748031494
 21
-3.8760669291338581
 31
0
  0
LINE
  5
2A8
330
1F
100
AcDbEntity
  8
In1.Cu
  6
CONTINUOUS
100
AcDbLine
 10
6.3871015748031494
 20
-3.8760669291338581
 30
0
 11
6.3842017716535429
 21
-3.8752899212598426
 31
0
  0
LINE
  5
2A9
330
1F
100
AcDbEntity
  8
In1.Cu
  6
CONTINUOUS
100
AcDbLine
 10
6.3842017716535429
 20
-3.8752899212598426
 30
0
 11
6.381601889763779
 21
-3.873788897637795
 31
0
  0
LINE
  5
2AA
330
1F
100
AcDbEntity
  8
In1.Cu
  6
CONTINUOUS
100
AcDbLine
 10
6.381601889763779
 20
-3.873788897637795
 30
0
 11
6.37947905511811
 21
-3.871666062992126
 31
0
  0
LINE
  5
2AB
330
1F
100
AcDbEntity
  8
In1.Cu
  6
CONTINUOUS
100
AcDbLine
 10
6.37947905511811
 20
-3.871666062992126
 30
0
 11
6.3779780314960632
 21
-3.8690661811023621
 31
0
  0
LINE
  5
2AC
330
1F
100
AcDbEntity
  8
In1.Cu
  6
CONTINUOUS
100
AcDbLine
 10
6.3779780314960632
 20
-3.8690661811023621
 30
0
 11
6.3772010236220469
 21
-3.866166377952756
 31
0
  0
LINE
  5
2AD
330
1F
100
AcDbEntity
  8
In1.Cu
  6
CONTINUOUS
100
AcDbLine
 10
6.3772010236220469
 20
-3.866166377952756
 30
0
 11
6.3772010236220469
 21
-3.8631642519685037
 31
0
  0
LINE
  5
2AE
330
1F
100
AcDbEntity
  8
In1.Cu
  6
CONTINUOUS
100
AcDbLine
 10
6.3772010236220469
 20
-3.8631642519685037
 30
0
 11
6.3779780314960632
 21
-3.8602644488188975
 31
0
  0
LINE
  5
2AF
330
1F
100
AcDbEntity
  8
In1.Cu
  6
CONTINUOUS
100
AcDbLine
 10
6.3779780314960632
 20
-3.8602644488188975
 30
0
 11
6.37947905511811
 21
-3.8576645669291336
 31
0
  0
LINE
  5
2B0
330
1F
100
AcDbEntity
  8
In1.Cu
  6
CONTINUOUS
100
AcDbLine
 10
6.37947905511811
 20
-3.8576645669291336
 30
0
 11
6.381601889763779
 21
-3.8555417322834646
 31
0
  0
LINE
  5
2B1
330
1F
100
AcDbEntity
  8
In1.Cu
  6
CONTINUOUS
100
AcDbLine
 10
6.381601889763779
 20
-3.8555417322834646
 30
0
 11
6.3842017716535429
 21
-3.854040708661417
 31
0
  0
LINE
  5
2B2
330
1F
100
AcDbEntity
  8
In1.Cu
  6
CONTINUOUS
100
AcDbLine
 10
6.3842017716535429
 20
-3.854040708661417
 30
0
 11
6.3871015748031494
 21
-3.8532637007874015
 31
0
  0
LINE
  5
2B3
330
1F
100
AcDbEntity
  8
In1.Cu
  6
CONTINUOUS
100
AcDbLine
 10
6.3871015748031494
 20
-3.8532637007874015
 30
0
 11
6.3901037007874013
 21
-3.8532637007874015
 31
0
  0
LINE
  5
2B4
330
1F
100
AcDbEntity
  8
In1.Cu
  6
CONTINUOUS
100
AcDbLine
 10
6.3901037007874013
 20
-3.8532637007874015
 30
0
 11
6.3930035039370079
 21
-3.854040708661417
 31
0
  0
LINE
  5
2B5
330
1F
100
AcDbEntity
  8
In1.Cu
  6
CONTINUOUS
100
AcDbLine
 10
5.5078655905511811
 20
-3.8473084645669289
 30
0
 11
5.510465472440945
 21
-3.8488094881889765
 31
0
  0
LINE
  5
2B6
330
1F
100
AcDbEntity
  8
In1.Cu
  6
CONTINUOUS
100
AcDbLine
 10
5.510465472440945
 20
-3.8488094881889765
 30
0
 11
5.512588307086614
 21
-3.8509323228346455
 31
0
  0
LINE
  5
2B7
330
1F
100
AcDbEntity
  8
In1.Cu
  6
CONTINUOUS
100
AcDbLine
 10
5.512588307086614
 20
-3.8509323228346455
 30
0
 11
5.5140893307086616
 21
-3.8535322047244094
 31
0
  0
LINE
  5
2B8
330
1F
100
AcDbEntity
  8
In1.Cu
  6
CONTINUOUS
100
AcDbLine
 10
5.5140893307086616
 20
-3.8535322047244094
 30
0
 11
5.5148663385826771
 21
-3.8564320078740155
 31
0
  0
LINE
  5
2B9
330
1F
100
AcDbEntity
  8
In1.Cu
  6
CONTINUOUS
100
AcDbLine
 10
5.5148663385826771
 20
-3.8564320078740155
 30
0
 11
5.5148663385826771
 21
-3.8594341338582678
 31
0
  0
LINE
  5
2BA
330
1F
100
AcDbEntity
  8
In1.Cu
  6
CONTINUOUS
100
AcDbLine
 10
5.5148663385826771
 20
-3.8594341338582678
 30
0
 11
5.5140893307086616
 21
-3.862333937007874
 31
0
  0
LINE
  5
2BB
330
1F
100
AcDbEntity
  8
In1.Cu
  6
CONTINUOUS
100
AcDbLine
 10
5.5140893307086616
 20
-3.862333937007874
 30
0
 11
5.512588307086614
 21
-3.8649338188976379
 31
0
  0
LINE
  5
2BC
330
1F
100
AcDbEntity
  8
In1.Cu
  6
CONTINUOUS
100
AcDbLine
 10
5.512588307086614
 20
-3.8649338188976379
 30
0
 11
5.510465472440945
 21
-3.8670566535433069
 31
0
  0
LINE
  5
2BD
330
1F
100
AcDbEntity
  8
In1.Cu
  6
CONTINUOUS
100
AcDbLine
 10
5.510465472440945
 20
-3.8670566535433069
 30
0
 11
5.5078655905511811
 21
-3.868557677165354
 31
0
  0
LINE
  5
2BE
330
1F
100
AcDbEntity
  8
In1.Cu
  6
CONTINUOUS
100
AcDbLine
 10
5.5078655905511811
 20
-3.868557677165354
 30
0
 11
5.5049657874015745
 21
-3.8693346850393699
 31
0
  0
LINE
  5
2BF
330
1F
100
AcDbEntity
  8
In1.Cu
  6
CONTINUOUS
100
AcDbLine
 10
5.5049657874015745
 20
-3.8693346850393699
 30
0
 11
5.5019636614173226
 21
-3.8693346850393699
 31
0
  0
LINE
  5
2C0
330
1F
100
AcDbEntity
  8
In1.Cu
  6
CONTINUOUS
100
AcDbLine
 10
5.5019636614173226
 20
-3.8693346850393699
 30
0
 11
5.499063858267716
 21
-3.868557677165354
 31
0
  0
LINE
  5
2C1
330
1F
100
AcDbEntity
  8
In1.Cu
  6
CONTINUOUS
100
AcDbLine
 10
5.499063858267716
 20
-3.868557677165354
 30
0
 11
5.496463976377953
 21
-3.8670566535433069
 31
0
  0
LINE
  5
2C2
330
1F
100
AcDbEntity
  8
In1.Cu
  6
CONTINUOUS
100
AcDbLine
 10
5.496463976377953
 20
-3.8670566535433069
 30
0
 11
5.4943411417322832
 21
-3.8649338188976379
 31
0
  0
LINE
  5
2C3
330
1F
100
AcDbEntity
  8
In1.Cu
  6
CONTINUOUS
100
AcDbLine
 10
5.4943411417322832
 20
-3.8649338188976379
 30
0
 11
5.4928401181102364
 21
-3.862333937007874
 31
0
  0
LINE
  5
2C4
330
1F
100
AcDbEntity
  8
In1.Cu
  6
CONTINUOUS
100
AcDbLine
 10
5.4928401181102364
 20
-3.862333937007874
 30
0
 11
5.4920631102362201
 21
-3.8594341338582678
 31
0
  0
LINE
  5
2C5
330
1F
100
AcDbEntity
  8
In1.Cu
  6
CONTINUOUS
100
AcDbLine
 10
5.4920631102362201
 20
-3.8594341338582678
 30
0
 11
5.4920631102362201
 21
-3.8564320078740155
 31
0
  0
LINE
  5
2C6
330
1F
100
AcDbEntity
  8
In1.Cu
  6
CONTINUOUS
100
AcDbLine
 10
5.4920631102362201
 20
-3.8564320078740155
 30
0
 11
5.4928401181102364
 21
-3.8535322047244094
 31
0
  0
LINE
  5
2C7
330
1F
100
AcDbEntity
  8
In1.Cu
  6
CONTINUOUS
100
AcDbLine
 10
5.4928401181102364
 20
-3.8535322047244094
 30
0
 11
5.4943411417322832
 21
-3.8509323228346455
 31
0
  0
LINE
  5
2C8
330
1F
100
AcDbEntity
  8
In1.Cu
  6
CONTINUOUS
100
AcDbLine
 10
5.4943411417322832
 20
-3.8509323228346455
 30
0
 11
5.496463976377953
 21
-3.8488094881889765
 31
0
  0
LINE
  5
2C9
330
1F
100
AcDbEntity
  8
In1.Cu
  6
CONTINUOUS
100
AcDbLine
 10
5.496463976377953
 20
-3.8488094881889765
 30
0
 11
5.499063858267716
 21
-3.8473084645669289
 31
0
  0
LINE
  5
2CA
330
1F
100
AcDbEntity
  8
In1.Cu
  6
CONTINUOUS
100
AcDbLine
 10
5.499063858267716
 20
-3.8473084645669289
 30
0
 11
5.5019636614173226
 21
-3.8465314566929134
 31
0
  0
LINE
  5
2CB
330
1F
100
AcDbEntity
  8
In1.Cu
  6
CONTINUOUS
100
AcDbLine
 10
5.5019636614173226
 20
-3.8465314566929134
 30
0
 11
5.5049657874015745
 21
-3.8465314566929134
 31
0
  0
LINE
  5
2CC
330
1F
100
AcDbEntity
  8
In1.Cu
  6
CONTINUOUS
100
AcDbLine
 10
5.5049657874015745
 20
-3.8465314566929134
 30
0
 11
5.5078655905511811
 21
-3.8473084645669289
 31
0
  0
LINE
  5
2CD
330
1F
100
AcDbEntity
  8
In1.Cu
  6
CONTINUOUS
100
AcDbLine
 10
5.673219960629921
 20
-3.8236864173228344
 30
0
 11
5.6758198425196849
 21
-3.8251874409448816
 31
0
  0
LINE
  5
2CE
330
1F
100
AcDbEntity
  8
In1.Cu
  6
CONTINUOUS
100
AcDbLine
 10
5.6758198425196849
 20
-3.8251874409448816
 30
0
 11
5.6779426771653538
 21
-3.827310275590551
 31
0
  0
LINE
  5
2CF
330
1F
100
AcDbEntity
  8
In1.Cu
  6
CONTINUOUS
100
AcDbLine
 10
5.6779426771653538
 20
-3.827310275590551
 30
0
 11
5.6794437007874015
 21
-3.8299101574803149
 31
0
  0
LINE
  5
2D0
330
1F
100
AcDbEntity
  8
In1.Cu
  6
CONTINUOUS
100
AcDbLine
 10
5.6794437007874015
 20
-3.8299101574803149
 30
0
 11
5.6802207086614169
 21
-3.8328099606299211
 31
0
  0
LINE
  5
2D1
330
1F
100
AcDbEntity
  8
In1.Cu
  6
CONTINUOUS
100
AcDbLine
 10
5.6802207086614169
 20
-3.8328099606299211
 30
0
 11
5.6802207086614169
 21
-3.8358120866141729
 31
0
  0
LINE
  5
2D2
330
1F
100
AcDbEntity
  8
In1.Cu
  6
CONTINUOUS
100
AcDbLine
 10
5.6802207086614169
 20
-3.8358120866141729
 30
0
 11
5.6794437007874015
 21
-3.8387118897637795
 31
0
  0
LINE
  5
2D3
330
1F
100
AcDbEntity
  8
In1.Cu
  6
CONTINUOUS
100
AcDbLine
 10
5.6794437007874015
 20
-3.8387118897637795
 30
0
 11
5.6779426771653538
 21
-3.8413117716535434
 31
0
  0
LINE
  5
2D4
330
1F
100
AcDbEntity
  8
In1.Cu
  6
CONTINUOUS
100
AcDbLine
 10
5.6779426771653538
 20
-3.8413117716535434
 30
0
 11
5.6758198425196849
 21
-3.8434346062992124
 31
0
  0
LINE
  5
2D5
330
1F
100
AcDbEntity
  8
In1.Cu
  6
CONTINUOUS
100
AcDbLine
 10
5.6758198425196849
 20
-3.8434346062992124
 30
0
 11
5.673219960629921
 21
-3.8449356299212596
 31
0
  0
LINE
  5
2D6
330
1F
100
AcDbEntity
  8
In1.Cu
  6
CONTINUOUS
100
AcDbLine
 10
5.673219960629921
 20
-3.8449356299212596
 30
0
 11
5.6703201574803153
 21
-3.8457126377952755
 31
0
  0
LINE
  5
2D7
330
1F
100
AcDbEntity
  8
In1.Cu
  6
CONTINUOUS
100
AcDbLine
 10
5.6703201574803153
 20
-3.8457126377952755
 30
0
 11
5.6673180314960625
 21
-3.8457126377952755
 31
0
  0
LINE
  5
2D8
330
1F
100
AcDbEntity
  8
In1.Cu
  6
CONTINUOUS
100
AcDbLine
 10
5.6673180314960625
 20
-3.8457126377952755
 30
0
 11
5.6644182283464568
 21
-3.8449356299212596
 31
0
  0
LINE
  5
2D9
330
1F
100
AcDbEntity
  8
In1.Cu
  6
CONTINUOUS
100
AcDbLine
 10
5.6644182283464568
 20
-3.8449356299212596
 30
0
 11
5.6618183464566929
 21
-3.8434346062992124
 31
0
  0
LINE
  5
2DA
330
1F
100
AcDbEntity
  8
In1.Cu
  6
CONTINUOUS
100
AcDbLine
 10
5.6618183464566929
 20
-3.8434346062992124
 30
0
 11
5.6596955118110239
 21
-3.8413117716535434
 31
0
  0
LINE
  5
2DB
330
1F
100
AcDbEntity
  8
In1.Cu
  6
CONTINUOUS
100
AcDbLine
 10
5.6596955118110239
 20
-3.8413117716535434
 30
0
 11
5.6581944881889763
 21
-3.8387118897637795
 31
0
  0
LINE
  5
2DC
330
1F
100
AcDbEntity
  8
In1.Cu
  6
CONTINUOUS
100
AcDbLine
 10
5.6581944881889763
 20
-3.8387118897637795
 30
0
 11
5.6574174803149608
 21
-3.8358120866141729
 31
0
  0
LINE
  5
2DD
330
1F
100
AcDbEntity
  8
In1.Cu
  6
CONTINUOUS
100
AcDbLine
 10
5.6574174803149608
 20
-3.8358120866141729
 30
0
 11
5.6574174803149608
 21
-3.8328099606299211
 31
0
  0
LINE
  5
2DE
330
1F
100
AcDbEntity
  8
In1.Cu
  6
CONTINUOUS
100
AcDbLine
 10
5.6574174803149608
 20
-3.8328099606299211
 30
0
 11
5.6581944881889763
 21
-3.8299101574803149
 31
0
  0
LINE
  5
2DF
330
1F
100
AcDbEntity
  8
In1.Cu
  6
CONTINUOUS
100
AcDbLine
 10
5.6581944881889763
 20
-3.8299101574803149
 30
0
 11
5.6596955118110239
 21
-3.827310275590551
 31
0
  0
LINE
  5
2E0
330
1F
100
AcDbEntity
  8
In1.Cu
  6
CONTINUOUS
100
AcDbLine
 10
5.6596955118110239
 20
-3.827310275590551
 30
0
 11
5.6618183464566929
 21
-3.8251874409448816
 31
0
  0
LINE
  5
2E1
330
1F
100
AcDbEntity
  8
In1.Cu
  6
CONTINUOUS
100
AcDbLine
 10
5.6618183464566929
 20
-3.8251874409448816
 30
0
 11
5.6644182283464568
 21
-3.8236864173228344
 31
0
  0
LINE
  5
2E2
330
1F
100
AcDbEntity
  8
In1.Cu
  6
CONTINUOUS
100
AcDbLine
 10
5.6644182283464568
 20
-3.8236864173228344
 30
0
 11
5.6673180314960625
 21
-3.822909409448819
 31
0
  0
LINE
  5
2E3
330
1F
100
AcDbEntity
  8
In1.Cu
  6
CONTINUOUS
100
AcDbLine
 10
5.6673180314960625
 20
-3.822909409448819
 30
0
 11
5.6703201574803153
 21
-3.822909409448819
 31
0
  0
LINE
  5
2E4
330
1F
100
AcDbEntity
  8
In1.Cu
  6
CONTINUOUS
100
AcDbLine
 10
5.6703201574803153
 20
-3.822909409448819
 30
0
 11
5.673219960629921
 21
-3.8236864173228344
 31
0
  0
LINE
  5
2E5
330
1F
100
AcDbEntity
  8
In1.Cu
  6
CONTINUOUS
100
AcDbLine
 10
5.9251884645669293
 20
-3.7921903543307085
 30
0
 11
5.9277883464566932
 21
-3.7936913779527557
 31
0
  0
LINE
  5
2E6
330
1F
100
AcDbEntity
  8
In1.Cu
  6
CONTINUOUS
100
AcDbLine
 10
5.9277883464566932
 20
-3.7936913779527557
 30
0
 11
5.9299111811023621
 21
-3.7958142125984251
 31
0
  0
LINE
  5
2E7
330
1F
100
AcDbEntity
  8
In1.Cu
  6
CONTINUOUS
100
AcDbLine
 10
5.9299111811023621
 20
-3.7958142125984251
 30
0
 11
5.9314122047244089
 21
-3.798414094488189
 31
0
  0
LINE
  5
2E8
330
1F
100
AcDbEntity
  8
In1.Cu
  6
CONTINUOUS
100
AcDbLine
 10
5.9314122047244089
 20
-3.798414094488189
 30
0
 11
5.9321892125984252
 21
-3.8013138976377951
 31
0
  0
LINE
  5
2E9
330
1F
100
AcDbEntity
  8
In1.Cu
  6
CONTINUOUS
100
AcDbLine
 10
5.9321892125984252
 20
-3.8013138976377951
 30
0
 11
5.9321892125984252
 21
-3.804316023622047
 31
0
  0
LINE
  5
2EA
330
1F
100
AcDbEntity
  8
In1.Cu
  6
CONTINUOUS
100
AcDbLine
 10
5.9321892125984252
 20
-3.804316023622047
 30
0
 11
5.9314122047244089
 21
-3.8072158267716536
 31
0
  0
LINE
  5
2EB
330
1F
100
AcDbEntity
  8
In1.Cu
  6
CONTINUOUS
100
AcDbLine
 10
5.9314122047244089
 20
-3.8072158267716536
 30
0
 11
5.9299111811023621
 21
-3.8098157086614171
 31
0
  0
LINE
  5
2EC
330
1F
100
AcDbEntity
  8
In1.Cu
  6
CONTINUOUS
100
AcDbLine
 10
5.9299111811023621
 20
-3.8098157086614171
 30
0
 11
5.9277883464566932
 21
-3.8119385433070865
 31
0
  0
LINE
  5
2ED
330
1F
100
AcDbEntity
  8
In1.Cu
  6
CONTINUOUS
100
AcDbLine
 10
5.9277883464566932
 20
-3.8119385433070865
 30
0
 11
5.9251884645669293
 21
-3.8134395669291337
 31
0
  0
LINE
  5
2EE
330
1F
100
AcDbEntity
  8
In1.Cu
  6
CONTINUOUS
100
AcDbLine
 10
5.9251884645669293
 20
-3.8134395669291337
 30
0
 11
5.9222886614173227
 21
-3.8142165748031496
 31
0
  0
LINE
  5
2EF
330
1F
100
AcDbEntity
  8
In1.Cu
  6
CONTINUOUS
100
AcDbLine
 10
5.9222886614173227
 20
-3.8142165748031496
 30
0
 11
5.9192865354330708
 21
-3.8142165748031496
 31
0
  0
LINE
  5
2F0
330
1F
100
AcDbEntity
  8
In1.Cu
  6
CONTINUOUS
100
AcDbLine
 10
5.9192865354330708
 20
-3.8142165748031496
 30
0
 11
5.9163867322834642
 21
-3.8134395669291337
 31
0
  0
LINE
  5
2F1
330
1F
100
AcDbEntity
  8
In1.Cu
  6
CONTINUOUS
100
AcDbLine
 10
5.9163867322834642
 20
-3.8134395669291337
 30
0
 11
5.9137868503937003
 21
-3.8119385433070865
 31
0
  0
LINE
  5
2F2
330
1F
100
AcDbEntity
  8
In1.Cu
  6
CONTINUOUS
100
AcDbLine
 10
5.9137868503937003
 20
-3.8119385433070865
 30
0
 11
5.9116640157480314
 21
-3.8098157086614171
 31
0
  0
LINE
  5
2F3
330
1F
100
AcDbEntity
  8
In1.Cu
  6
CONTINUOUS
100
AcDbLine
 10
5.9116640157480314
 20
-3.8098157086614171
 30
0
 11
5.9101629921259837
 21
-3.8072158267716536
 31
0
  0
LINE
  5
2F4
330
1F
100
AcDbEntity
  8
In1.Cu
  6
CONTINUOUS
100
AcDbLine
 10
5.9101629921259837
 20
-3.8072158267716536
 30
0
 11
5.9093859842519683
 21
-3.804316023622047
 31
0
  0
LINE
  5
2F5
330
1F
100
AcDbEntity
  8
In1.Cu
  6
CONTINUOUS
100
AcDbLine
 10
5.9093859842519683
 20
-3.804316023622047
 30
0
 11
5.9093859842519683
 21
-3.8013138976377951
 31
0
  0
LINE
  5
2F6
330
1F
100
AcDbEntity
  8
In1.Cu
  6
CONTINUOUS
100
AcDbLine
 10
5.9093859842519683
 20
-3.8013138976377951
 30
0
 11
5.9101629921259837
 21
-3.798414094488189
 31
0
  0
LINE
  5
2F7
330
1F
100
AcDbEntity
  8
In1.Cu
  6
CONTINUOUS
100
AcDbLine
 10
5.9101629921259837
 20
-3.798414094488189
 30
0
 11
5.9116640157480314
 21
-3.7958142125984251
 31
0
  0
LINE
  5
2F8
330
1F
100
AcDbEntity
  8
In1.Cu
  6
CONTINUOUS
100
AcDbLine
 10
5.9116640157480314
 20
-3.7958142125984251
 30
0
 11
5.9137868503937003
 21
-3.7936913779527557
 31
0
  0
LINE
  5
2F9
330
1F
100
AcDbEntity
  8
In1.Cu
  6
CONTINUOUS
100
AcDbLine
 10
5.9137868503937003
 20
-3.7936913779527557
 30
0
 11
5.9163867322834642
 21
-3.7921903543307085
 31
0
  0
LINE
  5
2FA
330
1F
100
AcDbEntity
  8
In1.Cu
  6
CONTINUOUS
100
AcDbLine
 10
5.9163867322834642
 20
-3.7921903543307085
 30
0
 11
5.9192865354330708
 21
-3.791413346456693
 31
0
  0
LINE
  5
2FB
330
1F
100
AcDbEntity
  8
In1.Cu
  6
CONTINUOUS
100
AcDbLine
 10
5.9192865354330708
 20
-3.791413346456693
 30
0
 11
5.9222886614173227
 21
-3.791413346456693
 31
0
  0
LINE
  5
2FC
330
1F
100
AcDbEntity
  8
In1.Cu
  6
CONTINUOUS
100
AcDbLine
 10
5.9222886614173227
 20
-3.791413346456693
 30
0
 11
5.9251884645669293
 21
-3.7921903543307085
 31
0
  0
LINE
  5
2FD
330
1F
100
AcDbEntity
  8
In1.Cu
  6
CONTINUOUS
100
AcDbLine
 10
6.0511726771653542
 20
-3.7764423228346455
 30
0
 11
6.0537725590551181
 21
-3.7779433464566927
 31
0
  0
LINE
  5
2FE
330
1F
100
AcDbEntity
  8
In1.Cu
  6
CONTINUOUS
100
AcDbLine
 10
6.0537725590551181
 20
-3.7779433464566927
 30
0
 11
6.0558953937007871
 21
-3.7800661811023621
 31
0
  0
LINE
  5
2FF
330
1F
100
AcDbEntity
  8
In1.Cu
  6
CONTINUOUS
100
AcDbLine
 10
6.0558953937007871
 20
-3.7800661811023621
 30
0
 11
6.0573964173228347
 21
-3.782666062992126
 31
0
  0
LINE
  5
300
330
1F
100
AcDbEntity
  8
In1.Cu
  6
CONTINUOUS
100
AcDbLine
 10
6.0573964173228347
 20
-3.782666062992126
 30
0
 11
6.0581734251968502
 21
-3.7855658661417322
 31
0
  0
LINE
  5
301
330
1F
100
AcDbEntity
  8
In1.Cu
  6
CONTINUOUS
100
AcDbLine
 10
6.0581734251968502
 20
-3.7855658661417322
 30
0
 11
6.0581734251968502
 21
-3.7885679921259841
 31
0
  0
LINE
  5
302
330
1F
100
AcDbEntity
  8
In1.Cu
  6
CONTINUOUS
100
AcDbLine
 10
6.0581734251968502
 20
-3.7885679921259841
 30
0
 11
6.0573964173228347
 21
-3.7914677952755906
 31
0
  0
LINE
  5
303
330
1F
100
AcDbEntity
  8
In1.Cu
  6
CONTINUOUS
100
AcDbLine
 10
6.0573964173228347
 20
-3.7914677952755906
 30
0
 11
6.0558953937007871
 21
-3.7940676771653541
 31
0
  0
LINE
  5
304
330
1F
100
AcDbEntity
  8
In1.Cu
  6
CONTINUOUS
100
AcDbLine
 10
6.0558953937007871
 20
-3.7940676771653541
 30
0
 11
6.0537725590551181
 21
-3.7961905118110235
 31
0
  0
LINE
  5
305
330
1F
100
AcDbEntity
  8
In1.Cu
  6
CONTINUOUS
100
AcDbLine
 10
6.0537725590551181
 20
-3.7961905118110235
 30
0
 11
6.0511726771653542
 21
-3.7976915354330707
 31
0
  0
LINE
  5
306
330
1F
100
AcDbEntity
  8
In1.Cu
  6
CONTINUOUS
100
AcDbLine
 10
6.0511726771653542
 20
-3.7976915354330707
 30
0
 11
6.0482728740157476
 21
-3.7984685433070866
 31
0
  0
LINE
  5
307
330
1F
100
AcDbEntity
  8
In1.Cu
  6
CONTINUOUS
100
AcDbLine
 10
6.0482728740157476
 20
-3.7984685433070866
 30
0
 11
6.0452707480314958
 21
-3.7984685433070866
 31
0
  0
LINE
  5
308
330
1F
100
AcDbEntity
  8
In1.Cu
  6
CONTINUOUS
100
AcDbLine
 10
6.0452707480314958
 20
-3.7984685433070866
 30
0
 11
6.0423709448818892
 21
-3.7976915354330707
 31
0
  0
LINE
  5
309
330
1F
100
AcDbEntity
  8
In1.Cu
  6
CONTINUOUS
100
AcDbLine
 10
6.0423709448818892
 20
-3.7976915354330707
 30
0
 11
6.0397710629921262
 21
-3.7961905118110235
 31
0
  0
LINE
  5
30A
330
1F
100
AcDbEntity
  8
In1.Cu
  6
CONTINUOUS
100
AcDbLine
 10
6.0397710629921262
 20
-3.7961905118110235
 30
0
 11
6.0376482283464563
 21
-3.7940676771653541
 31
0
  0
LINE
  5
30B
330
1F
100
AcDbEntity
  8
In1.Cu
  6
CONTINUOUS
100
AcDbLine
 10
6.0376482283464563
 20
-3.7940676771653541
 30
0
 11
6.0361472047244096
 21
-3.7914677952755906
 31
0
  0
LINE
  5
30C
330
1F
100
AcDbEntity
  8
In1.Cu
  6
CONTINUOUS
100
AcDbLine
 10
6.0361472047244096
 20
-3.7914677952755906
 30
0
 11
6.0353701968503932
 21
-3.7885679921259841
 31
0
  0
LINE
  5
30D
330
1F
100
AcDbEntity
  8
In1.Cu
  6
CONTINUOUS
100
AcDbLine
 10
6.0353701968503932
 20
-3.7885679921259841
 30
0
 11
6.0353701968503932
 21
-3.7855658661417322
 31
0
  0
LINE
  5
30E
330
1F
100
AcDbEntity
  8
In1.Cu
  6
CONTINUOUS
100
AcDbLine
 10
6.0353701968503932
 20
-3.7855658661417322
 30
0
 11
6.0361472047244096
 21
-3.782666062992126
 31
0
  0
LINE
  5
30F
330
1F
100
AcDbEntity
  8
In1.Cu
  6
CONTINUOUS
100
AcDbLine
 10
6.0361472047244096
 20
-3.782666062992126
 30
0
 11
6.0376482283464563
 21
-3.7800661811023621
 31
0
  0
LINE
  5
310
330
1F
100
AcDbEntity
  8
In1.Cu
  6
CONTINUOUS
100
AcDbLine
 10
6.0376482283464563
 20
-3.7800661811023621
 30
0
 11
6.0397710629921262
 21
-3.7779433464566927
 31
0
  0
LINE
  5
311
330
1F
100
AcDbEntity
  8
In1.Cu
  6
CONTINUOUS
100
AcDbLine
 10
6.0397710629921262
 20
-3.7779433464566927
 30
0
 11
6.0423709448818892
 21
-3.7764423228346455
 31
0
  0
LINE
  5
312
330
1F
100
AcDbEntity
  8
In1.Cu
  6
CONTINUOUS
100
AcDbLine
 10
6.0423709448818892
 20
-3.7764423228346455
 30
0
 11
6.0452707480314958
 21
-3.7756653149606296
 31
0
  0
LINE
  5
313
330
1F
100
AcDbEntity
  8
In1.Cu
  6
CONTINUOUS
100
AcDbLine
 10
6.0452707480314958
 20
-3.7756653149606296
 30
0
 11
6.0482728740157476
 21
-3.7756653149606296
 31
0
  0
LINE
  5
314
330
1F
100
AcDbEntity
  8
In1.Cu
  6
CONTINUOUS
100
AcDbLine
 10
6.0482728740157476
 20
-3.7756653149606296
 30
0
 11
6.0511726771653542
 21
-3.7764423228346455
 31
0
  0
LINE
  5
315
330
1F
100
AcDbEntity
  8
In1.Cu
  6
CONTINUOUS
100
AcDbLine
 10
6.5965271653543303
 20
-3.7469148031496062
 30
0
 11
6.5991270472440942
 21
-3.7484158267716534
 31
0
  0
LINE
  5
316
330
1F
100
AcDbEntity
  8
In1.Cu
  6
CONTINUOUS
100
AcDbLine
 10
6.5991270472440942
 20
-3.7484158267716534
 30
0
 11
6.601249881889764
 21
-3.7505386614173228
 31
0
  0
LINE
  5
317
330
1F
100
AcDbEntity
  8
In1.Cu
  6
CONTINUOUS
100
AcDbLine
 10
6.601249881889764
 20
-3.7505386614173228
 30
0
 11
6.6027509055118108
 21
-3.7531385433070867
 31
0
  0
LINE
  5
318
330
1F
100
AcDbEntity
  8
In1.Cu
  6
CONTINUOUS
100
AcDbLine
 10
6.6027509055118108
 20
-3.7531385433070867
 30
0
 11
6.6035279133858262
 21
-3.7560383464566929
 31
0
  0
LINE
  5
319
330
1F
100
AcDbEntity
  8
In1.Cu
  6
CONTINUOUS
100
AcDbLine
 10
6.6035279133858262
 20
-3.7560383464566929
 30
0
 11
6.6035279133858262
 21
-3.7590404724409447
 31
0
  0
LINE
  5
31A
330
1F
100
AcDbEntity
  8
In1.Cu
  6
CONTINUOUS
100
AcDbLine
 10
6.6035279133858262
 20
-3.7590404724409447
 30
0
 11
6.6027509055118108
 21
-3.7619402755905509
 31
0
  0
LINE
  5
31B
330
1F
100
AcDbEntity
  8
In1.Cu
  6
CONTINUOUS
100
AcDbLine
 10
6.6027509055118108
 20
-3.7619402755905509
 30
0
 11
6.601249881889764
 21
-3.7645401574803148
 31
0
  0
LINE
  5
31C
330
1F
100
AcDbEntity
  8
In1.Cu
  6
CONTINUOUS
100
AcDbLine
 10
6.601249881889764
 20
-3.7645401574803148
 30
0
 11
6.5991270472440942
 21
-3.7666629921259842
 31
0
  0
LINE
  5
31D
330
1F
100
AcDbEntity
  8
In1.Cu
  6
CONTINUOUS
100
AcDbLine
 10
6.5991270472440942
 20
-3.7666629921259842
 30
0
 11
6.5965271653543303
 21
-3.7681640157480314
 31
0
  0
LINE
  5
31E
330
1F
100
AcDbEntity
  8
In1.Cu
  6
CONTINUOUS
100
AcDbLine
 10
6.5965271653543303
 20
-3.7681640157480314
 30
0
 11
6.5936273622047246
 21
-3.7689410236220473
 31
0
  0
LINE
  5
31F
330
1F
100
AcDbEntity
  8
In1.Cu
  6
CONTINUOUS
100
AcDbLine
 10
6.5936273622047246
 20
-3.7689410236220473
 30
0
 11
6.5906252362204727
 21
-3.7689410236220473
 31
0
  0
LINE
  5
320
330
1F
100
AcDbEntity
  8
In1.Cu
  6
CONTINUOUS
100
AcDbLine
 10
6.5906252362204727
 20
-3.7689410236220473
 30
0
 11
6.5877254330708661
 21
-3.7681640157480314
 31
0
  0
LINE
  5
321
330
1F
100
AcDbEntity
  8
In1.Cu
  6
CONTINUOUS
100
AcDbLine
 10
6.5877254330708661
 20
-3.7681640157480314
 30
0
 11
6.5851255511811022
 21
-3.7666629921259842
 31
0
  0
LINE
  5
322
330
1F
100
AcDbEntity
  8
In1.Cu
  6
CONTINUOUS
100
AcDbLine
 10
6.5851255511811022
 20
-3.7666629921259842
 30
0
 11
6.5830027165354332
 21
-3.7645401574803148
 31
0
  0
LINE
  5
323
330
1F
100
AcDbEntity
  8
In1.Cu
  6
CONTINUOUS
100
AcDbLine
 10
6.5830027165354332
 20
-3.7645401574803148
 30
0
 11
6.5815016929133856
 21
-3.7619402755905509
 31
0
  0
LINE
  5
324
330
1F
100
AcDbEntity
  8
In1.Cu
  6
CONTINUOUS
100
AcDbLine
 10
6.5815016929133856
 20
-3.7619402755905509
 30
0
 11
6.5807246850393701
 21
-3.7590404724409447
 31
0
  0
LINE
  5
325
330
1F
100
AcDbEntity
  8
In1.Cu
  6
CONTINUOUS
100
AcDbLine
 10
6.5807246850393701
 20
-3.7590404724409447
 30
0
 11
6.5807246850393701
 21
-3.7560383464566929
 31
0
  0
LINE
  5
326
330
1F
100
AcDbEntity
  8
In1.Cu
  6
CONTINUOUS
100
AcDbLine
 10
6.5807246850393701
 20
-3.7560383464566929
 30
0
 11
6.5815016929133856
 21
-3.7531385433070867
 31
0
  0
LINE
  5
327
330
1F
100
AcDbEntity
  8
In1.Cu
  6
CONTINUOUS
100
AcDbLine
 10
6.5815016929133856
 20
-3.7531385433070867
 30
0
 11
6.5830027165354332
 21
-3.7505386614173228
 31
0
  0
LINE
  5
328
330
1F
100
AcDbEntity
  8
In1.Cu
  6
CONTINUOUS
100
AcDbLine
 10
6.5830027165354332
 20
-3.7505386614173228
 30
0
 11
6.5851255511811022
 21
-3.7484158267716534
 31
0
  0
LINE
  5
329
330
1F
100
AcDbEntity
  8
In1.Cu
  6
CONTINUOUS
100
AcDbLine
 10
6.5851255511811022
 20
-3.7484158267716534
 30
0
 11
6.5877254330708661
 21
-3.7469148031496062
 31
0
  0
LINE
  5
32A
330
1F
100
AcDbEntity
  8
In1.Cu
  6
CONTINUOUS
100
AcDbLine
 10
6.5877254330708661
 20
-3.7469148031496062
 30
0
 11
6.5906252362204727
 21
-3.7461377952755903
 31
0
  0
LINE
  5
32B
330
1F
100
AcDbEntity
  8
In1.Cu
  6
CONTINUOUS
100
AcDbLine
 10
6.5906252362204727
 20
-3.7461377952755903
 30
0
 11
6.5936273622047246
 21
-3.7461377952755903
 31
0
  0
LINE
  5
32C
330
1F
100
AcDbEntity
  8
In1.Cu
  6
CONTINUOUS
100
AcDbLine
 10
6.5936273622047246
 20
-3.7461377952755903
 30
0
 11
6.5965271653543303
 21
-3.7469148031496062
 31
0
  0
LINE
  5
32D
330
1F
100
AcDbEntity
  8
In1.Cu
  6
CONTINUOUS
100
AcDbLine
 10
6.2540665354330711
 20
-3.6676992125984249
 30
0
 11
6.2611969291338578
 21
-3.6706527165354328
 31
0
  0
LINE
  5
32E
330
1F
100
AcDbEntity
  8
In1.Cu
  6
CONTINUOUS
100
AcDbLine
 10
6.2611969291338578
 20
-3.6706527165354328
 30
0
 11
6.2676140944881888
 21
-3.6749405511811024
 31
0
  0
LINE
  5
32F
330
1F
100
AcDbEntity
  8
In1.Cu
  6
CONTINUOUS
100
AcDbLine
 10
6.2676140944881888
 20
-3.6749405511811024
 30
0
 11
6.2730714566929136
 21
-3.6803979133858267
 31
0
  0
LINE
  5
330
330
1F
100
AcDbEntity
  8
In1.Cu
  6
CONTINUOUS
100
AcDbLine
 10
6.2730714566929136
 20
-3.6803979133858267
 30
0
 11
6.2773592913385823
 21
-3.6868150787401572
 31
0
  0
LINE
  5
331
330
1F
100
AcDbEntity
  8
In1.Cu
  6
CONTINUOUS
100
AcDbLine
 10
6.2773592913385823
 20
-3.6868150787401572
 30
0
 11
6.2803127952755906
 21
-3.6939454724409448
 31
0
  0
LINE
  5
332
330
1F
100
AcDbEntity
  8
In1.Cu
  6
CONTINUOUS
100
AcDbLine
 10
6.2803127952755906
 20
-3.6939454724409448
 30
0
 11
6.281818503937008
 21
-3.7015150787401576
 31
0
  0
LINE
  5
333
330
1F
100
AcDbEntity
  8
In1.Cu
  6
CONTINUOUS
100
AcDbLine
 10
6.281818503937008
 20
-3.7015150787401576
 30
0
 11
6.281818503937008
 21
-3.7092329527559054
 31
0
  0
LINE
  5
334
330
1F
100
AcDbEntity
  8
In1.Cu
  6
CONTINUOUS
100
AcDbLine
 10
6.281818503937008
 20
-3.7092329527559054
 30
0
 11
6.2803127952755906
 21
-3.7168025590551181
 31
0
  0
LINE
  5
335
330
1F
100
AcDbEntity
  8
In1.Cu
  6
CONTINUOUS
100
AcDbLine
 10
6.2803127952755906
 20
-3.7168025590551181
 30
0
 11
6.2773592913385823
 21
-3.7239329527559053
 31
0
  0
LINE
  5
336
330
1F
100
AcDbEntity
  8
In1.Cu
  6
CONTINUOUS
100
AcDbLine
 10
6.2773592913385823
 20
-3.7239329527559053
 30
0
 11
6.2730714566929136
 21
-3.7303501181102363
 31
0
  0
LINE
  5
337
330
1F
100
AcDbEntity
  8
In1.Cu
  6
CONTINUOUS
100
AcDbLine
 10
6.2730714566929136
 20
-3.7303501181102363
 30
0
 11
6.2676140944881888
 21
-3.7358074803149606
 31
0
  0
LINE
  5
338
330
1F
100
AcDbEntity
  8
In1.Cu
  6
CONTINUOUS
100
AcDbLine
 10
6.2676140944881888
 20
-3.7358074803149606
 30
0
 11
6.2611969291338578
 21
-3.7400953149606297
 31
0
  0
LINE
  5
339
330
1F
100
AcDbEntity
  8
In1.Cu
  6
CONTINUOUS
100
AcDbLine
 10
6.2611969291338578
 20
-3.7400953149606297
 30
0
 11
6.2540665354330711
 21
-3.7430488188976376
 31
0
  0
LINE
  5
33A
330
1F
100
AcDbEntity
  8
In1.Cu
  6
CONTINUOUS
100
AcDbLine
 10
6.2540665354330711
 20
-3.7430488188976376
 30
0
 11
6.2464969291338583
 21
-3.744554527559055
 31
0
  0
LINE
  5
33B
330
1F
100
AcDbEntity
  8
In1.Cu
  6
CONTINUOUS
100
AcDbLine
 10
6.2464969291338583
 20
-3.744554527559055
 30
0
 11
6.2387790551181102
 21
-3.744554527559055
 31
0
  0
LINE
  5
33C
330
1F
100
AcDbEntity
  8
In1.Cu
  6
CONTINUOUS
100
AcDbLine
 10
6.2387790551181102
 20
-3.744554527559055
 30
0
 11
6.2312094488188974
 21
-3.7430488188976376
 31
0
  0
LINE
  5
33D
330
1F
100
AcDbEntity
  8
In1.Cu
  6
CONTINUOUS
100
AcDbLine
 10
6.2312094488188974
 20
-3.7430488188976376
 30
0
 11
6.2240790551181098
 21
-3.7400953149606297
 31
0
  0
LINE
  5
33E
330
1F
100
AcDbEntity
  8
In1.Cu
  6
CONTINUOUS
100
AcDbLine
 10
6.2240790551181098
 20
-3.7400953149606297
 30
0
 11
6.2176618897637796
 21
-3.7358074803149606
 31
0
  0
LINE
  5
33F
330
1F
100
AcDbEntity
  8
In1.Cu
  6
CONTINUOUS
100
AcDbLine
 10
6.2176618897637796
 20
-3.7358074803149606
 30
0
 11
6.2122045275590549
 21
-3.7303501181102363
 31
0
  0
LINE
  5
340
330
1F
100
AcDbEntity
  8
In1.Cu
  6
CONTINUOUS
100
AcDbLine
 10
6.2122045275590549
 20
-3.7303501181102363
 30
0
 11
6.2079166929133853
 21
-3.7239329527559053
 31
0
  0
LINE
  5
341
330
1F
100
AcDbEntity
  8
In1.Cu
  6
CONTINUOUS
100
AcDbLine
 10
6.2079166929133853
 20
-3.7239329527559053
 30
0
 11
6.2049631889763779
 21
-3.7168025590551181
 31
0
  0
LINE
  5
342
330
1F
100
AcDbEntity
  8
In1.Cu
  6
CONTINUOUS
100
AcDbLine
 10
6.2049631889763779
 20
-3.7168025590551181
 30
0
 11
6.2034574803149605
 21
-3.7092329527559054
 31
0
  0
LINE
  5
343
330
1F
100
AcDbEntity
  8
In1.Cu
  6
CONTINUOUS
100
AcDbLine
 10
6.2034574803149605
 20
-3.7092329527559054
 30
0
 11
6.2034574803149605
 21
-3.7015150787401576
 31
0
  0
LINE
  5
344
330
1F
100
AcDbEntity
  8
In1.Cu
  6
CONTINUOUS
100
AcDbLine
 10
6.2034574803149605
 20
-3.7015150787401576
 30
0
 11
6.2049631889763779
 21
-3.6939454724409448
 31
0
  0
LINE
  5
345
330
1F
100
AcDbEntity
  8
In1.Cu
  6
CONTINUOUS
100
AcDbLine
 10
6.2049631889763779
 20
-3.6939454724409448
 30
0
 11
6.2079166929133853
 21
-3.6868150787401572
 31
0
  0
LINE
  5
346
330
1F
100
AcDbEntity
  8
In1.Cu
  6
CONTINUOUS
100
AcDbLine
 10
6.2079166929133853
 20
-3.6868150787401572
 30
0
 11
6.2122045275590549
 21
-3.6803979133858267
 31
0
  0
LINE
  5
347
330
1F
100
AcDbEntity
  8
In1.Cu
  6
CONTINUOUS
100
AcDbLine
 10
6.2122045275590549
 20
-3.6803979133858267
 30
0
 11
6.2176618897637796
 21
-3.6749405511811024
 31
0
  0
LINE
  5
348
330
1F
100
AcDbEntity
  8
In1.Cu
  6
CONTINUOUS
100
AcDbLine
 10
6.2176618897637796
 20
-3.6749405511811024
 30
0
 11
6.2240790551181098
 21
-3.6706527165354328
 31
0
  0
LINE
  5
349
330
1F
100
AcDbEntity
  8
In1.Cu
  6
CONTINUOUS
100
AcDbLine
 10
6.2240790551181098
 20
-3.6706527165354328
 30
0
 11
6.2312094488188974
 21
-3.6676992125984249
 31
0
  0
LINE
  5
34A
330
1F
100
AcDbEntity
  8
In1.Cu
  6
CONTINUOUS
100
AcDbLine
 10
6.2312094488188974
 20
-3.6676992125984249
 30
0
 11
6.2387790551181102
 21
-3.6661935039370079
 31
0
  0
LINE
  5
34B
330
1F
100
AcDbEntity
  8
In1.Cu
  6
CONTINUOUS
100
AcDbLine
 10
6.2387790551181102
 20
-3.6661935039370079
 30
0
 11
6.2464969291338583
 21
-3.6661935039370079
 31
0
  0
LINE
  5
34C
330
1F
100
AcDbEntity
  8
In1.Cu
  6
CONTINUOUS
100
AcDbLine
 10
6.2464969291338583
 20
-3.6661935039370079
 30
0
 11
6.2540665354330711
 21
-3.6676992125984249
 31
0
  0
LINE
  5
34D
330
1F
100
AcDbEntity
  8
In1.Cu
  6
CONTINUOUS
100
AcDbLine
 10
5.7736136614173228
 20
-3.6957336614173228
 30
0
 11
5.7762135433070867
 21
-3.69723468503937
 31
0
  0
LINE
  5
34E
330
1F
100
AcDbEntity
  8
In1.Cu
  6
CONTINUOUS
100
AcDbLine
 10
5.7762135433070867
 20
-3.69723468503937
 30
0
 11
5.7783363779527557
 21
-3.6993575196850395
 31
0
  0
LINE
  5
34F
330
1F
100
AcDbEntity
  8
In1.Cu
  6
CONTINUOUS
100
AcDbLine
 10
5.7783363779527557
 20
-3.6993575196850395
 30
0
 11
5.7798374015748033
 21
-3.7019574015748029
 31
0
  0
LINE
  5
350
330
1F
100
AcDbEntity
  8
In1.Cu
  6
CONTINUOUS
100
AcDbLine
 10
5.7798374015748033
 20
-3.7019574015748029
 30
0
 11
5.7806144094488188
 21
-3.7048572047244095
 31
0
  0
LINE
  5
351
330
1F
100
AcDbEntity
  8
In1.Cu
  6
CONTINUOUS
100
AcDbLine
 10
5.7806144094488188
 20
-3.7048572047244095
 30
0
 11
5.7806144094488188
 21
-3.7078593307086614
 31
0
  0
LINE
  5
352
330
1F
100
AcDbEntity
  8
In1.Cu
  6
CONTINUOUS
100
AcDbLine
 10
5.7806144094488188
 20
-3.7078593307086614
 30
0
 11
5.7798374015748033
 21
-3.7107591338582675
 31
0
  0
LINE
  5
353
330
1F
100
AcDbEntity
  8
In1.Cu
  6
CONTINUOUS
100
AcDbLine
 10
5.7798374015748033
 20
-3.7107591338582675
 30
0
 11
5.7783363779527557
 21
-3.7133590157480314
 31
0
  0
LINE
  5
354
330
1F
100
AcDbEntity
  8
In1.Cu
  6
CONTINUOUS
100
AcDbLine
 10
5.7783363779527557
 20
-3.7133590157480314
 30
0
 11
5.7762135433070867
 21
-3.7154818503937008
 31
0
  0
LINE
  5
355
330
1F
100
AcDbEntity
  8
In1.Cu
  6
CONTINUOUS
100
AcDbLine
 10
5.7762135433070867
 20
-3.7154818503937008
 30
0
 11
5.7736136614173228
 21
-3.716982874015748
 31
0
  0
LINE
  5
356
330
1F
100
AcDbEntity
  8
In1.Cu
  6
CONTINUOUS
100
AcDbLine
 10
5.7736136614173228
 20
-3.716982874015748
 30
0
 11
5.7707138582677162
 21
-3.7177598818897635
 31
0
  0
LINE
  5
357
330
1F
100
AcDbEntity
  8
In1.Cu
  6
CONTINUOUS
100
AcDbLine
 10
5.7707138582677162
 20
-3.7177598818897635
 30
0
 11
5.7677117322834643
 21
-3.7177598818897635
 31
0
  0
LINE
  5
358
330
1F
100
AcDbEntity
  8
In1.Cu
  6
CONTINUOUS
100
AcDbLine
 10
5.7677117322834643
 20
-3.7177598818897635
 30
0
 11
5.7648119291338578
 21
-3.716982874015748
 31
0
  0
LINE
  5
359
330
1F
100
AcDbEntity
  8
In1.Cu
  6
CONTINUOUS
100
AcDbLine
 10
5.7648119291338578
 20
-3.716982874015748
 30
0
 11
5.7622120472440947
 21
-3.7154818503937008
 31
0
  0
LINE
  5
35A
330
1F
100
AcDbEntity
  8
In1.Cu
  6
CONTINUOUS
100
AcDbLine
 10
5.7622120472440947
 20
-3.7154818503937008
 30
0
 11
5.7600892125984249
 21
-3.7133590157480314
 31
0
  0
LINE
  5
35B
330
1F
100
AcDbEntity
  8
In1.Cu
  6
CONTINUOUS
100
AcDbLine
 10
5.7600892125984249
 20
-3.7133590157480314
 30
0
 11
5.7585881889763781
 21
-3.7107591338582675
 31
0
  0
LINE
  5
35C
330
1F
100
AcDbEntity
  8
In1.Cu
  6
CONTINUOUS
100
AcDbLine
 10
5.7585881889763781
 20
-3.7107591338582675
 30
0
 11
5.7578111811023618
 21
-3.7078593307086614
 31
0
  0
LINE
  5
35D
330
1F
100
AcDbEntity
  8
In1.Cu
  6
CONTINUOUS
100
AcDbLine
 10
5.7578111811023618
 20
-3.7078593307086614
 30
0
 11
5.7578111811023618
 21
-3.7048572047244095
 31
0
  0
LINE
  5
35E
330
1F
100
AcDbEntity
  8
In1.Cu
  6
CONTINUOUS
100
AcDbLine
 10
5.7578111811023618
 20
-3.7048572047244095
 30
0
 11
5.7585881889763781
 21
-3.7019574015748029
 31
0
  0
LINE
  5
35F
330
1F
100
AcDbEntity
  8
In1.Cu
  6
CONTINUOUS
100
AcDbLine
 10
5.7585881889763781
 20
-3.7019574015748029
 30
0
 11
5.7600892125984249
 21
-3.6993575196850395
 31
0
  0
LINE
  5
360
330
1F
100
AcDbEntity
  8
In1.Cu
  6
CONTINUOUS
100
AcDbLine
 10
5.7600892125984249
 20
-3.6993575196850395
 30
0
 11
5.7622120472440947
 21
-3.69723468503937
 31
0
  0
LINE
  5
361
330
1F
100
AcDbEntity
  8
In1.Cu
  6
CONTINUOUS
100
AcDbLine
 10
5.7622120472440947
 20
-3.69723468503937
 30
0
 11
5.7648119291338578
 21
-3.6957336614173228
 31
0
  0
LINE
  5
362
330
1F
100
AcDbEntity
  8
In1.Cu
  6
CONTINUOUS
100
AcDbLine
 10
5.7648119291338578
 20
-3.6957336614173228
 30
0
 11
5.7677117322834643
 21
-3.6949566535433069
 31
0
  0
LINE
  5
363
330
1F
100
AcDbEntity
  8
In1.Cu
  6
CONTINUOUS
100
AcDbLine
 10
5.7677117322834643
 20
-3.6949566535433069
 30
0
 11
5.7707138582677162
 21
-3.6949566535433069
 31
0
  0
LINE
  5
364
330
1F
100
AcDbEntity
  8
In1.Cu
  6
CONTINUOUS
100
AcDbLine
 10
5.7707138582677162
 20
-3.6949566535433069
 30
0
 11
5.7736136614173228
 21
-3.6957336614173228
 31
0
  0
LINE
  5
365
330
1F
100
AcDbEntity
  8
In1.Cu
  6
CONTINUOUS
100
AcDbLine
 10
5.9803065748031496
 20
-3.6662061023622048
 30
0
 11
5.9829064566929135
 21
-3.667707125984252
 31
0
  0
LINE
  5
366
330
1F
100
AcDbEntity
  8
In1.Cu
  6
CONTINUOUS
100
AcDbLine
 10
5.9829064566929135
 20
-3.667707125984252
 30
0
 11
5.9850292913385825
 21
-3.6698299606299214
 31
0
  0
LINE
  5
367
330
1F
100
AcDbEntity
  8
In1.Cu
  6
CONTINUOUS
100
AcDbLine
 10
5.9850292913385825
 20
-3.6698299606299214
 30
0
 11
5.9865303149606302
 21
-3.6724298425196849
 31
0
  0
LINE
  5
368
330
1F
100
AcDbEntity
  8
In1.Cu
  6
CONTINUOUS
100
AcDbLine
 10
5.9865303149606302
 20
-3.6724298425196849
 30
0
 11
5.9873073228346456
 21
-3.6753296456692914
 31
0
  0
LINE
  5
369
330
1F
100
AcDbEntity
  8
In1.Cu
  6
CONTINUOUS
100
AcDbLine
 10
5.9873073228346456
 20
-3.6753296456692914
 30
0
 11
5.9873073228346456
 21
-3.6783317716535433
 31
0
  0
LINE
  5
36A
330
1F
100
AcDbEntity
  8
In1.Cu
  6
CONTINUOUS
100
AcDbLine
 10
5.9873073228346456
 20
-3.6783317716535433
 30
0
 11
5.9865303149606302
 21
-3.6812315748031494
 31
0
  0
LINE
  5
36B
330
1F
100
AcDbEntity
  8
In1.Cu
  6
CONTINUOUS
100
AcDbLine
 10
5.9865303149606302
 20
-3.6812315748031494
 30
0
 11
5.9850292913385825
 21
-3.6838314566929133
 31
0
  0
LINE
  5
36C
330
1F
100
AcDbEntity
  8
In1.Cu
  6
CONTINUOUS
100
AcDbLine
 10
5.9850292913385825
 20
-3.6838314566929133
 30
0
 11
5.9829064566929135
 21
-3.6859542913385828
 31
0
  0
LINE
  5
36D
330
1F
100
AcDbEntity
  8
In1.Cu
  6
CONTINUOUS
100
AcDbLine
 10
5.9829064566929135
 20
-3.6859542913385828
 30
0
 11
5.9803065748031496
 21
-3.6874553149606299
 31
0
  0
LINE
  5
36E
330
1F
100
AcDbEntity
  8
In1.Cu
  6
CONTINUOUS
100
AcDbLine
 10
5.9803065748031496
 20
-3.6874553149606299
 30
0
 11
5.9774067716535431
 21
-3.6882323228346454
 31
0
  0
LINE
  5
36F
330
1F
100
AcDbEntity
  8
In1.Cu
  6
CONTINUOUS
100
AcDbLine
 10
5.9774067716535431
 20
-3.6882323228346454
 30
0
 11
5.9744046456692912
 21
-3.6882323228346454
 31
0
  0
LINE
  5
370
330
1F
100
AcDbEntity
  8
In1.Cu
  6
CONTINUOUS
100
AcDbLine
 10
5.9744046456692912
 20
-3.6882323228346454
 30
0
 11
5.9715048425196846
 21
-3.6874553149606299
 31
0
  0
LINE
  5
371
330
1F
100
AcDbEntity
  8
In1.Cu
  6
CONTINUOUS
100
AcDbLine
 10
5.9715048425196846
 20
-3.6874553149606299
 30
0
 11
5.9689049606299207
 21
-3.6859542913385828
 31
0
  0
LINE
  5
372
330
1F
100
AcDbEntity
  8
In1.Cu
  6
CONTINUOUS
100
AcDbLine
 10
5.9689049606299207
 20
-3.6859542913385828
 30
0
 11
5.9667821259842517
 21
-3.6838314566929133
 31
0
  0
LINE
  5
373
330
1F
100
AcDbEntity
  8
In1.Cu
  6
CONTINUOUS
100
AcDbLine
 10
5.9667821259842517
 20
-3.6838314566929133
 30
0
 11
5.965281102362205
 21
-3.6812315748031494
 31
0
  0
LINE
  5
374
330
1F
100
AcDbEntity
  8
In1.Cu
  6
CONTINUOUS
100
AcDbLine
 10
5.965281102362205
 20
-3.6812315748031494
 30
0
 11
5.9645040944881886
 21
-3.6783317716535433
 31
0
  0
LINE
  5
375
330
1F
100
AcDbEntity
  8
In1.Cu
  6
CONTINUOUS
100
AcDbLine
 10
5.9645040944881886
 20
-3.6783317716535433
 30
0
 11
5.9645040944881886
 21
-3.6753296456692914
 31
0
  0
LINE
  5
376
330
1F
100
AcDbEntity
  8
In1.Cu
  6
CONTINUOUS
100
AcDbLine
 10
5.9645040944881886
 20
-3.6753296456692914
 30
0
 11
5.965281102362205
 21
-3.6724298425196849
 31
0
  0
LINE
  5
377
330
1F
100
AcDbEntity
  8
In1.Cu
  6
CONTINUOUS
100
AcDbLine
 10
5.965281102362205
 20
-3.6724298425196849
 30
0
 11
5.9667821259842517
 21
-3.6698299606299214
 31
0
  0
LINE
  5
378
330
1F
100
AcDbEntity
  8
In1.Cu
  6
CONTINUOUS
100
AcDbLine
 10
5.9667821259842517
 20
-3.6698299606299214
 30
0
 11
5.9689049606299207
 21
-3.667707125984252
 31
0
  0
LINE
  5
379
330
1F
100
AcDbEntity
  8
In1.Cu
  6
CONTINUOUS
100
AcDbLine
 10
5.9689049606299207
 20
-3.667707125984252
 30
0
 11
5.9715048425196846
 21
-3.6662061023622048
 31
0
  0
LINE
  5
37A
330
1F
100
AcDbEntity
  8
In1.Cu
  6
CONTINUOUS
100
AcDbLine
 10
5.9715048425196846
 20
-3.6662061023622048
 30
0
 11
5.9744046456692912
 21
-3.6654290944881889
 31
0
  0
LINE
  5
37B
330
1F
100
AcDbEntity
  8
In1.Cu
  6
CONTINUOUS
100
AcDbLine
 10
5.9744046456692912
 20
-3.6654290944881889
 30
0
 11
5.9774067716535431
 21
-3.6654290944881889
 31
0
  0
LINE
  5
37C
330
1F
100
AcDbEntity
  8
In1.Cu
  6
CONTINUOUS
100
AcDbLine
 10
5.9774067716535431
 20
-3.6654290944881889
 30
0
 11
5.9803065748031496
 21
-3.6662061023622048
 31
0
  0
LINE
  5
37D
330
1F
100
AcDbEntity
  8
In1.Cu
  6
CONTINUOUS
100
AcDbLine
 10
6.1771569685039367
 20
-3.6465210629921261
 30
0
 11
6.1797568503937006
 21
-3.6480220866141733
 31
0
  0
LINE
  5
37E
330
1F
100
AcDbEntity
  8
In1.Cu
  6
CONTINUOUS
100
AcDbLine
 10
6.1797568503937006
 20
-3.6480220866141733
 30
0
 11
6.1818796850393696
 21
-3.6501449212598422
 31
0
  0
LINE
  5
37F
330
1F
100
AcDbEntity
  8
In1.Cu
  6
CONTINUOUS
100
AcDbLine
 10
6.1818796850393696
 20
-3.6501449212598422
 30
0
 11
6.1833807086614172
 21
-3.6527448031496061
 31
0
  0
LINE
  5
380
330
1F
100
AcDbEntity
  8
In1.Cu
  6
CONTINUOUS
100
AcDbLine
 10
6.1833807086614172
 20
-3.6527448031496061
 30
0
 11
6.1841577165354327
 21
-3.6556446062992127
 31
0
  0
LINE
  5
381
330
1F
100
AcDbEntity
  8
In1.Cu
  6
CONTINUOUS
100
AcDbLine
 10
6.1841577165354327
 20
-3.6556446062992127
 30
0
 11
6.1841577165354327
 21
-3.6586467322834646
 31
0
  0
LINE
  5
382
330
1F
100
AcDbEntity
  8
In1.Cu
  6
CONTINUOUS
100
AcDbLine
 10
6.1841577165354327
 20
-3.6586467322834646
 30
0
 11
6.1833807086614172
 21
-3.6615465354330707
 31
0
  0
LINE
  5
383
330
1F
100
AcDbEntity
  8
In1.Cu
  6
CONTINUOUS
100
AcDbLine
 10
6.1833807086614172
 20
-3.6615465354330707
 30
0
 11
6.1818796850393696
 21
-3.6641464173228346
 31
0
  0
LINE
  5
384
330
1F
100
AcDbEntity
  8
In1.Cu
  6
CONTINUOUS
100
AcDbLine
 10
6.1818796850393696
 20
-3.6641464173228346
 30
0
 11
6.1797568503937006
 21
-3.6662692519685041
 31
0
  0
LINE
  5
385
330
1F
100
AcDbEntity
  8
In1.Cu
  6
CONTINUOUS
100
AcDbLine
 10
6.1797568503937006
 20
-3.6662692519685041
 30
0
 11
6.1771569685039367
 21
-3.6677702755905512
 31
0
  0
LINE
  5
386
330
1F
100
AcDbEntity
  8
In1.Cu
  6
CONTINUOUS
100
AcDbLine
 10
6.1771569685039367
 20
-3.6677702755905512
 30
0
 11
6.174257165354331
 21
-3.6685472834645667
 31
0
  0
LINE
  5
387
330
1F
100
AcDbEntity
  8
In1.Cu
  6
CONTINUOUS
100
AcDbLine
 10
6.174257165354331
 20
-3.6685472834645667
 30
0
 11
6.1712550393700782
 21
-3.6685472834645667
 31
0
  0
LINE
  5
388
330
1F
100
AcDbEntity
  8
In1.Cu
  6
CONTINUOUS
100
AcDbLine
 10
6.1712550393700782
 20
-3.6685472834645667
 30
0
 11
6.1683552362204725
 21
-3.6677702755905512
 31
0
  0
LINE
  5
389
330
1F
100
AcDbEntity
  8
In1.Cu
  6
CONTINUOUS
100
AcDbLine
 10
6.1683552362204725
 20
-3.6677702755905512
 30
0
 11
6.1657553543307086
 21
-3.6662692519685041
 31
0
  0
LINE
  5
38A
330
1F
100
AcDbEntity
  8
In1.Cu
  6
CONTINUOUS
100
AcDbLine
 10
6.1657553543307086
 20
-3.6662692519685041
 30
0
 11
6.1636325196850397
 21
-3.6641464173228346
 31
0
  0
LINE
  5
38B
330
1F
100
AcDbEntity
  8
In1.Cu
  6
CONTINUOUS
100
AcDbLine
 10
6.1636325196850397
 20
-3.6641464173228346
 30
0
 11
6.162131496062992
 21
-3.6615465354330707
 31
0
  0
LINE
  5
38C
330
1F
100
AcDbEntity
  8
In1.Cu
  6
CONTINUOUS
100
AcDbLine
 10
6.162131496062992
 20
-3.6615465354330707
 30
0
 11
6.1613544881889766
 21
-3.6586467322834646
 31
0
  0
LINE
  5
38D
330
1F
100
AcDbEntity
  8
In1.Cu
  6
CONTINUOUS
100
AcDbLine
 10
6.1613544881889766
 20
-3.6586467322834646
 30
0
 11
6.1613544881889766
 21
-3.6556446062992127
 31
0
  0
LINE
  5
38E
330
1F
100
AcDbEntity
  8
In1.Cu
  6
CONTINUOUS
100
AcDbLine
 10
6.1613544881889766
 20
-3.6556446062992127
 30
0
 11
6.162131496062992
 21
-3.6527448031496061
 31
0
  0
LINE
  5
38F
330
1F
100
AcDbEntity
  8
In1.Cu
  6
CONTINUOUS
100
AcDbLine
 10
6.162131496062992
 20
-3.6527448031496061
 30
0
 11
6.1636325196850397
 21
-3.6501449212598422
 31
0
  0
LINE
  5
390
330
1F
100
AcDbEntity
  8
In1.Cu
  6
CONTINUOUS
100
AcDbLine
 10
6.1636325196850397
 20
-3.6501449212598422
 30
0
 11
6.1657553543307086
 21
-3.6480220866141733
 31
0
  0
LINE
  5
391
330
1F
100
AcDbEntity
  8
In1.Cu
  6
CONTINUOUS
100
AcDbLine
 10
6.1657553543307086
 20
-3.6480220866141733
 30
0
 11
6.1683552362204725
 21
-3.6465210629921261
 31
0
  0
LINE
  5
392
330
1F
100
AcDbEntity
  8
In1.Cu
  6
CONTINUOUS
100
AcDbLine
 10
6.1683552362204725
 20
-3.6465210629921261
 30
0
 11
6.1712550393700782
 21
-3.6457440551181102
 31
0
  0
LINE
  5
393
330
1F
100
AcDbEntity
  8
In1.Cu
  6
CONTINUOUS
100
AcDbLine
 10
6.1712550393700782
 20
-3.6457440551181102
 30
0
 11
6.174257165354331
 21
-3.6457440551181102
 31
0
  0
LINE
  5
394
330
1F
100
AcDbEntity
  8
In1.Cu
  6
CONTINUOUS
100
AcDbLine
 10
6.174257165354331
 20
-3.6457440551181102
 30
0
 11
6.1771569685039367
 21
-3.6465210629921261
 31
0
  0
LINE
  5
395
330
1F
100
AcDbEntity
  8
In1.Cu
  6
CONTINUOUS
100
AcDbLine
 10
6.0070192913385823
 20
-3.5308881889763777
 30
0
 11
6.0141496850393699
 21
-3.5338416929133856
 31
0
  0
LINE
  5
396
330
1F
100
AcDbEntity
  8
In1.Cu
  6
CONTINUOUS
100
AcDbLine
 10
6.0141496850393699
 20
-3.5338416929133856
 30
0
 11
6.0205668503937009
 21
-3.5381295275590552
 31
0
  0
LINE
  5
397
330
1F
100
AcDbEntity
  8
In1.Cu
  6
CONTINUOUS
100
AcDbLine
 10
6.0205668503937009
 20
-3.5381295275590552
 30
0
 11
6.0260242125984247
 21
-3.5435868897637794
 31
0
  0
LINE
  5
398
330
1F
100
AcDbEntity
  8
In1.Cu
  6
CONTINUOUS
100
AcDbLine
 10
6.0260242125984247
 20
-3.5435868897637794
 30
0
 11
6.0303120472440943
 21
-3.55000405511811
 31
0
  0
LINE
  5
399
330
1F
100
AcDbEntity
  8
In1.Cu
  6
CONTINUOUS
100
AcDbLine
 10
6.0303120472440943
 20
-3.55000405511811
 30
0
 11
6.0332655511811026
 21
-3.5571344488188976
 31
0
  0
LINE
  5
39A
330
1F
100
AcDbEntity
  8
In1.Cu
  6
CONTINUOUS
100
AcDbLine
 10
6.0332655511811026
 20
-3.5571344488188976
 30
0
 11
6.0347712598425192
 21
-3.5647040551181099
 31
0
  0
LINE
  5
39B
330
1F
100
AcDbEntity
  8
In1.Cu
  6
CONTINUOUS
100
AcDbLine
 10
6.0347712598425192
 20
-3.5647040551181099
 30
0
 11
6.0347712598425192
 21
-3.5724219291338581
 31
0
  0
LINE
  5
39C
330
1F
100
AcDbEntity
  8
In1.Cu
  6
CONTINUOUS
100
AcDbLine
 10
6.0347712598425192
 20
-3.5724219291338581
 30
0
 11
6.0332655511811026
 21
-3.5799915354330709
 31
0
  0
LINE
  5
39D
330
1F
100
AcDbEntity
  8
In1.Cu
  6
CONTINUOUS
100
AcDbLine
 10
6.0332655511811026
 20
-3.5799915354330709
 30
0
 11
6.0303120472440943
 21
-3.5871219291338581
 31
0
  0
LINE
  5
39E
330
1F
100
AcDbEntity
  8
In1.Cu
  6
CONTINUOUS
100
AcDbLine
 10
6.0303120472440943
 20
-3.5871219291338581
 30
0
 11
6.0260242125984247
 21
-3.5935390944881891
 31
0
  0
LINE
  5
39F
330
1F
100
AcDbEntity
  8
In1.Cu
  6
CONTINUOUS
100
AcDbLine
 10
6.0260242125984247
 20
-3.5935390944881891
 30
0
 11
6.0205668503937009
 21
-3.5989964566929133
 31
0
  0
LINE
  5
3A0
330
1F
100
AcDbEntity
  8
In1.Cu
  6
CONTINUOUS
100
AcDbLine
 10
6.0205668503937009
 20
-3.5989964566929133
 30
0
 11
6.0141496850393699
 21
-3.6032842913385825
 31
0
  0
LINE
  5
3A1
330
1F
100
AcDbEntity
  8
In1.Cu
  6
CONTINUOUS
100
AcDbLine
 10
6.0141496850393699
 20
-3.6032842913385825
 30
0
 11
6.0070192913385823
 21
-3.6062377952755904
 31
0
  0
LINE
  5
3A2
330
1F
100
AcDbEntity
  8
In1.Cu
  6
CONTINUOUS
100
AcDbLine
 10
6.0070192913385823
 20
-3.6062377952755904
 30
0
 11
5.9994496850393704
 21
-3.6077435039370078
 31
0
  0
LINE
  5
3A3
330
1F
100
AcDbEntity
  8
In1.Cu
  6
CONTINUOUS
100
AcDbLine
 10
5.9994496850393704
 20
-3.6077435039370078
 30
0
 11
5.9917318110236222
 21
-3.6077435039370078
 31
0
  0
LINE
  5
3A4
330
1F
100
AcDbEntity
  8
In1.Cu
  6
CONTINUOUS
100
AcDbLine
 10
5.9917318110236222
 20
-3.6077435039370078
 30
0
 11
5.9841622047244094
 21
-3.6062377952755904
 31
0
  0
LINE
  5
3A5
330
1F
100
AcDbEntity
  8
In1.Cu
  6
CONTINUOUS
100
AcDbLine
 10
5.9841622047244094
 20
-3.6062377952755904
 30
0
 11
5.9770318110236218
 21
-3.6032842913385825
 31
0
  0
LINE
  5
3A6
330
1F
100
AcDbEntity
  8
In1.Cu
  6
CONTINUOUS
100
AcDbLine
 10
5.9770318110236218
 20
-3.6032842913385825
 30
0
 11
5.9706146456692908
 21
-3.5989964566929133
 31
0
  0
LINE
  5
3A7
330
1F
100
AcDbEntity
  8
In1.Cu
  6
CONTINUOUS
100
AcDbLine
 10
5.9706146456692908
 20
-3.5989964566929133
 30
0
 11
5.965157283464567
 21
-3.5935390944881891
 31
0
  0
LINE
  5
3A8
330
1F
100
AcDbEntity
  8
In1.Cu
  6
CONTINUOUS
100
AcDbLine
 10
5.965157283464567
 20
-3.5935390944881891
 30
0
 11
5.9608694488188974
 21
-3.5871219291338581
 31
0
  0
LINE
  5
3A9
330
1F
100
AcDbEntity
  8
In1.Cu
  6
CONTINUOUS
100
AcDbLine
 10
5.9608694488188974
 20
-3.5871219291338581
 30
0
 11
5.9579159448818899
 21
-3.5799915354330709
 31
0
  0
LINE
  5
3AA
330
1F
100
AcDbEntity
  8
In1.Cu
  6
CONTINUOUS
100
AcDbLine
 10
5.9579159448818899
 20
-3.5799915354330709
 30
0
 11
5.9564102362204725
 21
-3.5724219291338581
 31
0
  0
LINE
  5
3AB
330
1F
100
AcDbEntity
  8
In1.Cu
  6
CONTINUOUS
100
AcDbLine
 10
5.9564102362204725
 20
-3.5724219291338581
 30
0
 11
5.9564102362204725
 21
-3.5647040551181099
 31
0
  0
LINE
  5
3AC
330
1F
100
AcDbEntity
  8
In1.Cu
  6
CONTINUOUS
100
AcDbLine
 10
5.9564102362204725
 20
-3.5647040551181099
 30
0
 11
5.9579159448818899
 21
-3.5571344488188976
 31
0
  0
LINE
  5
3AD
330
1F
100
AcDbEntity
  8
In1.Cu
  6
CONTINUOUS
100
AcDbLine
 10
5.9579159448818899
 20
-3.5571344488188976
 30
0
 11
5.9608694488188974
 21
-3.55000405511811
 31
0
  0
LINE
  5
3AE
330
1F
100
AcDbEntity
  8
In1.Cu
  6
CONTINUOUS
100
AcDbLine
 10
5.9608694488188974
 20
-3.55000405511811
 30
0
 11
5.965157283464567
 21
-3.5435868897637794
 31
0
  0
LINE
  5
3AF
330
1F
100
AcDbEntity
  8
In1.Cu
  6
CONTINUOUS
100
AcDbLine
 10
5.965157283464567
 20
-3.5435868897637794
 30
0
 11
5.9706146456692908
 21
-3.5381295275590552
 31
0
  0
LINE
  5
3B0
330
1F
100
AcDbEntity
  8
In1.Cu
  6
CONTINUOUS
100
AcDbLine
 10
5.9706146456692908
 20
-3.5381295275590552
 30
0
 11
5.9770318110236218
 21
-3.5338416929133856
 31
0
  0
LINE
  5
3B1
330
1F
100
AcDbEntity
  8
In1.Cu
  6
CONTINUOUS
100
AcDbLine
 10
5.9770318110236218
 20
-3.5338416929133856
 30
0
 11
5.9841622047244094
 21
-3.5308881889763777
 31
0
  0
LINE
  5
3B2
330
1F
100
AcDbEntity
  8
In1.Cu
  6
CONTINUOUS
100
AcDbLine
 10
5.9841622047244094
 20
-3.5308881889763777
 30
0
 11
5.9917318110236222
 21
-3.5293824803149607
 31
0
  0
LINE
  5
3B3
330
1F
100
AcDbEntity
  8
In1.Cu
  6
CONTINUOUS
100
AcDbLine
 10
5.9917318110236222
 20
-3.5293824803149607
 30
0
 11
5.9994496850393704
 21
-3.5293824803149607
 31
0
  0
LINE
  5
3B4
330
1F
100
AcDbEntity
  8
In1.Cu
  6
CONTINUOUS
100
AcDbLine
 10
5.9994496850393704
 20
-3.5293824803149607
 30
0
 11
6.0070192913385823
 21
-3.5308881889763777
 31
0
  0
LINE
  5
3B5
330
1F
100
AcDbEntity
  8
In1.Cu
  6
CONTINUOUS
100
AcDbLine
 10
6.1644996062992128
 20
-3.5308881889763777
 30
0
 11
6.1716299999999995
 21
-3.5338416929133856
 31
0
  0
LINE
  5
3B6
330
1F
100
AcDbEntity
  8
In1.Cu
  6
CONTINUOUS
100
AcDbLine
 10
6.1716299999999995
 20
-3.5338416929133856
 30
0
 11
6.1780471653543305
 21
-3.5381295275590552
 31
0
  0
LINE
  5
3B7
330
1F
100
AcDbEntity
  8
In1.Cu
  6
CONTINUOUS
100
AcDbLine
 10
6.1780471653543305
 20
-3.5381295275590552
 30
0
 11
6.1835045275590552
 21
-3.5435868897637794
 31
0
  0
LINE
  5
3B8
330
1F
100
AcDbEntity
  8
In1.Cu
  6
CONTINUOUS
100
AcDbLine
 10
6.1835045275590552
 20
-3.5435868897637794
 30
0
 11
6.187792362204724
 21
-3.55000405511811
 31
0
  0
LINE
  5
3B9
330
1F
100
AcDbEntity
  8
In1.Cu
  6
CONTINUOUS
100
AcDbLine
 10
6.187792362204724
 20
-3.55000405511811
 30
0
 11
6.1907458661417323
 21
-3.5571344488188976
 31
0
  0
LINE
  5
3BA
330
1F
100
AcDbEntity
  8
In1.Cu
  6
CONTINUOUS
100
AcDbLine
 10
6.1907458661417323
 20
-3.5571344488188976
 30
0
 11
6.1922515748031497
 21
-3.5647040551181099
 31
0
  0
LINE
  5
3BB
330
1F
100
AcDbEntity
  8
In1.Cu
  6
CONTINUOUS
100
AcDbLine
 10
6.1922515748031497
 20
-3.5647040551181099
 30
0
 11
6.1922515748031497
 21
-3.5724219291338581
 31
0
  0
LINE
  5
3BC
330
1F
100
AcDbEntity
  8
In1.Cu
  6
CONTINUOUS
100
AcDbLine
 10
6.1922515748031497
 20
-3.5724219291338581
 30
0
 11
6.1907458661417323
 21
-3.5799915354330709
 31
0
  0
LINE
  5
3BD
330
1F
100
AcDbEntity
  8
In1.Cu
  6
CONTINUOUS
100
AcDbLine
 10
6.1907458661417323
 20
-3.5799915354330709
 30
0
 11
6.187792362204724
 21
-3.5871219291338581
 31
0
  0
LINE
  5
3BE
330
1F
100
AcDbEntity
  8
In1.Cu
  6
CONTINUOUS
100
AcDbLine
 10
6.187792362204724
 20
-3.5871219291338581
 30
0
 11
6.1835045275590552
 21
-3.5935390944881891
 31
0
  0
LINE
  5
3BF
330
1F
100
AcDbEntity
  8
In1.Cu
  6
CONTINUOUS
100
AcDbLine
 10
6.1835045275590552
 20
-3.5935390944881891
 30
0
 11
6.1780471653543305
 21
-3.5989964566929133
 31
0
  0
LINE
  5
3C0
330
1F
100
AcDbEntity
  8
In1.Cu
  6
CONTINUOUS
100
AcDbLine
 10
6.1780471653543305
 20
-3.5989964566929133
 30
0
 11
6.1716299999999995
 21
-3.6032842913385825
 31
0
  0
LINE
  5
3C1
330
1F
100
AcDbEntity
  8
In1.Cu
  6
CONTINUOUS
100
AcDbLine
 10
6.1716299999999995
 20
-3.6032842913385825
 30
0
 11
6.1644996062992128
 21
-3.6062377952755904
 31
0
  0
LINE
  5
3C2
330
1F
100
AcDbEntity
  8
In1.Cu
  6
CONTINUOUS
100
AcDbLine
 10
6.1644996062992128
 20
-3.6062377952755904
 30
0
 11
6.15693
 21
-3.6077435039370078
 31
0
  0
LINE
  5
3C3
330
1F
100
AcDbEntity
  8
In1.Cu
  6
CONTINUOUS
100
AcDbLine
 10
6.15693
 20
-3.6077435039370078
 30
0
 11
6.1492121259842518
 21
-3.6077435039370078
 31
0
  0
LINE
  5
3C4
330
1F
100
AcDbEntity
  8
In1.Cu
  6
CONTINUOUS
100
AcDbLine
 10
6.1492121259842518
 20
-3.6077435039370078
 30
0
 11
6.141642519685039
 21
-3.6062377952755904
 31
0
  0
LINE
  5
3C5
330
1F
100
AcDbEntity
  8
In1.Cu
  6
CONTINUOUS
100
AcDbLine
 10
6.141642519685039
 20
-3.6062377952755904
 30
0
 11
6.1345121259842514
 21
-3.6032842913385825
 31
0
  0
LINE
  5
3C6
330
1F
100
AcDbEntity
  8
In1.Cu
  6
CONTINUOUS
100
AcDbLine
 10
6.1345121259842514
 20
-3.6032842913385825
 30
0
 11
6.1280949606299213
 21
-3.5989964566929133
 31
0
  0
LINE
  5
3C7
330
1F
100
AcDbEntity
  8
In1.Cu
  6
CONTINUOUS
100
AcDbLine
 10
6.1280949606299213
 20
-3.5989964566929133
 30
0
 11
6.1226375984251966
 21
-3.5935390944881891
 31
0
  0
LINE
  5
3C8
330
1F
100
AcDbEntity
  8
In1.Cu
  6
CONTINUOUS
100
AcDbLine
 10
6.1226375984251966
 20
-3.5935390944881891
 30
0
 11
6.118349763779527
 21
-3.5871219291338581
 31
0
  0
LINE
  5
3C9
330
1F
100
AcDbEntity
  8
In1.Cu
  6
CONTINUOUS
100
AcDbLine
 10
6.118349763779527
 20
-3.5871219291338581
 30
0
 11
6.1153962598425196
 21
-3.5799915354330709
 31
0
  0
LINE
  5
3CA
330
1F
100
AcDbEntity
  8
In1.Cu
  6
CONTINUOUS
100
AcDbLine
 10
6.1153962598425196
 20
-3.5799915354330709
 30
0
 11
6.1138905511811021
 21
-3.5724219291338581
 31
0
  0
LINE
  5
3CB
330
1F
100
AcDbEntity
  8
In1.Cu
  6
CONTINUOUS
100
AcDbLine
 10
6.1138905511811021
 20
-3.5724219291338581
 30
0
 11
6.1138905511811021
 21
-3.5647040551181099
 31
0
  0
LINE
  5
3CC
330
1F
100
AcDbEntity
  8
In1.Cu
  6
CONTINUOUS
100
AcDbLine
 10
6.1138905511811021
 20
-3.5647040551181099
 30
0
 11
6.1153962598425196
 21
-3.5571344488188976
 31
0
  0
LINE
  5
3CD
330
1F
100
AcDbEntity
  8
In1.Cu
  6
CONTINUOUS
100
AcDbLine
 10
6.1153962598425196
 20
-3.5571344488188976
 30
0
 11
6.118349763779527
 21
-3.55000405511811
 31
0
  0
LINE
  5
3CE
330
1F
100
AcDbEntity
  8
In1.Cu
  6
CONTINUOUS
100
AcDbLine
 10
6.118349763779527
 20
-3.55000405511811
 30
0
 11
6.1226375984251966
 21
-3.5435868897637794
 31
0
  0
LINE
  5
3CF
330
1F
100
AcDbEntity
  8
In1.Cu
  6
CONTINUOUS
100
AcDbLine
 10
6.1226375984251966
 20
-3.5435868897637794
 30
0
 11
6.1280949606299213
 21
-3.5381295275590552
 31
0
  0
LINE
  5
3D0
330
1F
100
AcDbEntity
  8
In1.Cu
  6
CONTINUOUS
100
AcDbLine
 10
6.1280949606299213
 20
-3.5381295275590552
 30
0
 11
6.1345121259842514
 21
-3.5338416929133856
 31
0
  0
LINE
  5
3D1
330
1F
100
AcDbEntity
  8
In1.Cu
  6
CONTINUOUS
100
AcDbLine
 10
6.1345121259842514
 20
-3.5338416929133856
 30
0
 11
6.141642519685039
 21
-3.5308881889763777
 31
0
  0
LINE
  5
3D2
330
1F
100
AcDbEntity
  8
In1.Cu
  6
CONTINUOUS
100
AcDbLine
 10
6.141642519685039
 20
-3.5308881889763777
 30
0
 11
6.1492121259842518
 21
-3.5293824803149607
 31
0
  0
LINE
  5
3D3
330
1F
100
AcDbEntity
  8
In1.Cu
  6
CONTINUOUS
100
AcDbLine
 10
6.1492121259842518
 20
-3.5293824803149607
 30
0
 11
6.15693
 21
-3.5293824803149607
 31
0
  0
LINE
  5
3D4
330
1F
100
AcDbEntity
  8
In1.Cu
  6
CONTINUOUS
100
AcDbLine
 10
6.15693
 20
-3.5293824803149607
 30
0
 11
6.1644996062992128
 21
-3.5308881889763777
 31
0
  0
LINE
  5
3D5
330
1F
100
AcDbEntity
  8
In1.Cu
  6
CONTINUOUS
100
AcDbLine
 10
6.2929443700787404
 20
-3.5125052362204725
 30
0
 11
6.2955442519685034
 21
-3.5140062598425197
 31
0
  0
LINE
  5
3D6
330
1F
100
AcDbEntity
  8
In1.Cu
  6
CONTINUOUS
100
AcDbLine
 10
6.2955442519685034
 20
-3.5140062598425197
 30
0
 11
6.2976670866141733
 21
-3.5161290944881891
 31
0
  0
LINE
  5
3D7
330
1F
100
AcDbEntity
  8
In1.Cu
  6
CONTINUOUS
100
AcDbLine
 10
6.2976670866141733
 20
-3.5161290944881891
 30
0
 11
6.29916811023622
 21
-3.5187289763779526
 31
0
  0
LINE
  5
3D8
330
1F
100
AcDbEntity
  8
In1.Cu
  6
CONTINUOUS
100
AcDbLine
 10
6.29916811023622
 20
-3.5187289763779526
 30
0
 11
6.2999451181102364
 21
-3.5216287795275591
 31
0
  0
LINE
  5
3D9
330
1F
100
AcDbEntity
  8
In1.Cu
  6
CONTINUOUS
100
AcDbLine
 10
6.2999451181102364
 20
-3.5216287795275591
 30
0
 11
6.2999451181102364
 21
-3.524630905511811
 31
0
  0
LINE
  5
3DA
330
1F
100
AcDbEntity
  8
In1.Cu
  6
CONTINUOUS
100
AcDbLine
 10
6.2999451181102364
 20
-3.524630905511811
 30
0
 11
6.29916811023622
 21
-3.5275307086614172
 31
0
  0
LINE
  5
3DB
330
1F
100
AcDbEntity
  8
In1.Cu
  6
CONTINUOUS
100
AcDbLine
 10
6.29916811023622
 20
-3.5275307086614172
 30
0
 11
6.2976670866141733
 21
-3.5301305905511811
 31
0
  0
LINE
  5
3DC
330
1F
100
AcDbEntity
  8
In1.Cu
  6
CONTINUOUS
100
AcDbLine
 10
6.2976670866141733
 20
-3.5301305905511811
 30
0
 11
6.2955442519685034
 21
-3.5322534251968505
 31
0
  0
LINE
  5
3DD
330
1F
100
AcDbEntity
  8
In1.Cu
  6
CONTINUOUS
100
AcDbLine
 10
6.2955442519685034
 20
-3.5322534251968505
 30
0
 11
6.2929443700787404
 21
-3.5337544488188977
 31
0
  0
LINE
  5
3DE
330
1F
100
AcDbEntity
  8
In1.Cu
  6
CONTINUOUS
100
AcDbLine
 10
6.2929443700787404
 20
-3.5337544488188977
 30
0
 11
6.2900445669291338
 21
-3.5345314566929131
 31
0
  0
LINE
  5
3DF
330
1F
100
AcDbEntity
  8
In1.Cu
  6
CONTINUOUS
100
AcDbLine
 10
6.2900445669291338
 20
-3.5345314566929131
 30
0
 11
6.287042440944882
 21
-3.5345314566929131
 31
0
  0
LINE
  5
3E0
330
1F
100
AcDbEntity
  8
In1.Cu
  6
CONTINUOUS
100
AcDbLine
 10
6.287042440944882
 20
-3.5345314566929131
 30
0
 11
6.2841426377952754
 21
-3.5337544488188977
 31
0
  0
LINE
  5
3E1
330
1F
100
AcDbEntity
  8
In1.Cu
  6
CONTINUOUS
100
AcDbLine
 10
6.2841426377952754
 20
-3.5337544488188977
 30
0
 11
6.2815427559055115
 21
-3.5322534251968505
 31
0
  0
LINE
  5
3E2
330
1F
100
AcDbEntity
  8
In1.Cu
  6
CONTINUOUS
100
AcDbLine
 10
6.2815427559055115
 20
-3.5322534251968505
 30
0
 11
6.2794199212598425
 21
-3.5301305905511811
 31
0
  0
LINE
  5
3E3
330
1F
100
AcDbEntity
  8
In1.Cu
  6
CONTINUOUS
100
AcDbLine
 10
6.2794199212598425
 20
-3.5301305905511811
 30
0
 11
6.2779188976377949
 21
-3.5275307086614172
 31
0
  0
LINE
  5
3E4
330
1F
100
AcDbEntity
  8
In1.Cu
  6
CONTINUOUS
100
AcDbLine
 10
6.2779188976377949
 20
-3.5275307086614172
 30
0
 11
6.2771418897637794
 21
-3.524630905511811
 31
0
  0
LINE
  5
3E5
330
1F
100
AcDbEntity
  8
In1.Cu
  6
CONTINUOUS
100
AcDbLine
 10
6.2771418897637794
 20
-3.524630905511811
 30
0
 11
6.2771418897637794
 21
-3.5216287795275591
 31
0
  0
LINE
  5
3E6
330
1F
100
AcDbEntity
  8
In1.Cu
  6
CONTINUOUS
100
AcDbLine
 10
6.2771418897637794
 20
-3.5216287795275591
 30
0
 11
6.2779188976377949
 21
-3.5187289763779526
 31
0
  0
LINE
  5
3E7
330
1F
100
AcDbEntity
  8
In1.Cu
  6
CONTINUOUS
100
AcDbLine
 10
6.2779188976377949
 20
-3.5187289763779526
 30
0
 11
6.2794199212598425
 21
-3.5161290944881891
 31
0
  0
LINE
  5
3E8
330
1F
100
AcDbEntity
  8
In1.Cu
  6
CONTINUOUS
100
AcDbLine
 10
6.2794199212598425
 20
-3.5161290944881891
 30
0
 11
6.2815427559055115
 21
-3.5140062598425197
 31
0
  0
LINE
  5
3E9
330
1F
100
AcDbEntity
  8
In1.Cu
  6
CONTINUOUS
100
AcDbLine
 10
6.2815427559055115
 20
-3.5140062598425197
 30
0
 11
6.2841426377952754
 21
-3.5125052362204725
 31
0
  0
LINE
  5
3EA
330
1F
100
AcDbEntity
  8
In1.Cu
  6
CONTINUOUS
100
AcDbLine
 10
6.2841426377952754
 20
-3.5125052362204725
 30
0
 11
6.287042440944882
 21
-3.5117282283464566
 31
0
  0
LINE
  5
3EB
330
1F
100
AcDbEntity
  8
In1.Cu
  6
CONTINUOUS
100
AcDbLine
 10
6.287042440944882
 20
-3.5117282283464566
 30
0
 11
6.2900445669291338
 21
-3.5117282283464566
 31
0
  0
LINE
  5
3EC
330
1F
100
AcDbEntity
  8
In1.Cu
  6
CONTINUOUS
100
AcDbLine
 10
6.2900445669291338
 20
-3.5117282283464566
 30
0
 11
6.2929443700787404
 21
-3.5125052362204725
 31
0
  0
LINE
  5
3ED
330
1F
100
AcDbEntity
  8
In1.Cu
  6
CONTINUOUS
100
AcDbLine
 10
5.5078655905511811
 20
-3.4299856299212599
 30
0
 11
5.510465472440945
 21
-3.4314866535433071
 31
0
  0
LINE
  5
3EE
330
1F
100
AcDbEntity
  8
In1.Cu
  6
CONTINUOUS
100
AcDbLine
 10
5.510465472440945
 20
-3.4314866535433071
 30
0
 11
5.512588307086614
 21
-3.4336094881889765
 31
0
  0
LINE
  5
3EF
330
1F
100
AcDbEntity
  8
In1.Cu
  6
CONTINUOUS
100
AcDbLine
 10
5.512588307086614
 20
-3.4336094881889765
 30
0
 11
5.5140893307086616
 21
-3.4362093700787399
 31
0
  0
LINE
  5
3F0
330
1F
100
AcDbEntity
  8
In1.Cu
  6
CONTINUOUS
100
AcDbLine
 10
5.5140893307086616
 20
-3.4362093700787399
 30
0
 11
5.5148663385826771
 21
-3.4391091732283465
 31
0
  0
LINE
  5
3F1
330
1F
100
AcDbEntity
  8
In1.Cu
  6
CONTINUOUS
100
AcDbLine
 10
5.5148663385826771
 20
-3.4391091732283465
 30
0
 11
5.5148663385826771
 21
-3.4421112992125984
 31
0
  0
LINE
  5
3F2
330
1F
100
AcDbEntity
  8
In1.Cu
  6
CONTINUOUS
100
AcDbLine
 10
5.5148663385826771
 20
-3.4421112992125984
 30
0
 11
5.5140893307086616
 21
-3.4450111023622045
 31
0
  0
LINE
  5
3F3
330
1F
100
AcDbEntity
  8
In1.Cu
  6
CONTINUOUS
100
AcDbLine
 10
5.5140893307086616
 20
-3.4450111023622045
 30
0
 11
5.512588307086614
 21
-3.4476109842519684
 31
0
  0
LINE
  5
3F4
330
1F
100
AcDbEntity
  8
In1.Cu
  6
CONTINUOUS
100
AcDbLine
 10
5.512588307086614
 20
-3.4476109842519684
 30
0
 11
5.510465472440945
 21
-3.4497338188976379
 31
0
  0
LINE
  5
3F5
330
1F
100
AcDbEntity
  8
In1.Cu
  6
CONTINUOUS
100
AcDbLine
 10
5.510465472440945
 20
-3.4497338188976379
 30
0
 11
5.5078655905511811
 21
-3.451234842519685
 31
0
  0
LINE
  5
3F6
330
1F
100
AcDbEntity
  8
In1.Cu
  6
CONTINUOUS
100
AcDbLine
 10
5.5078655905511811
 20
-3.451234842519685
 30
0
 11
5.5049657874015745
 21
-3.4520118503937005
 31
0
  0
LINE
  5
3F7
330
1F
100
AcDbEntity
  8
In1.Cu
  6
CONTINUOUS
100
AcDbLine
 10
5.5049657874015745
 20
-3.4520118503937005
 30
0
 11
5.5019636614173226
 21
-3.4520118503937005
 31
0
  0
LINE
  5
3F8
330
1F
100
AcDbEntity
  8
In1.Cu
  6
CONTINUOUS
100
AcDbLine
 10
5.5019636614173226
 20
-3.4520118503937005
 30
0
 11
5.499063858267716
 21
-3.451234842519685
 31
0
  0
LINE
  5
3F9
330
1F
100
AcDbEntity
  8
In1.Cu
  6
CONTINUOUS
100
AcDbLine
 10
5.499063858267716
 20
-3.451234842519685
 30
0
 11
5.496463976377953
 21
-3.4497338188976379
 31
0
  0
LINE
  5
3FA
330
1F
100
AcDbEntity
  8
In1.Cu
  6
CONTINUOUS
100
AcDbLine
 10
5.496463976377953
 20
-3.4497338188976379
 30
0
 11
5.4943411417322832
 21
-3.4476109842519684
 31
0
  0
LINE
  5
3FB
330
1F
100
AcDbEntity
  8
In1.Cu
  6
CONTINUOUS
100
AcDbLine
 10
5.4943411417322832
 20
-3.4476109842519684
 30
0
 11
5.4928401181102364
 21
-3.4450111023622045
 31
0
  0
LINE
  5
3FC
330
1F
100
AcDbEntity
  8
In1.Cu
  6
CONTINUOUS
100
AcDbLine
 10
5.4928401181102364
 20
-3.4450111023622045
 30
0
 11
5.4920631102362201
 21
-3.4421112992125984
 31
0
  0
LINE
  5
3FD
330
1F
100
AcDbEntity
  8
In1.Cu
  6
CONTINUOUS
100
AcDbLine
 10
5.4920631102362201
 20
-3.4421112992125984
 30
0
 11
5.4920631102362201
 21
-3.4391091732283465
 31
0
  0
LINE
  5
3FE
330
1F
100
AcDbEntity
  8
In1.Cu
  6
CONTINUOUS
100
AcDbLine
 10
5.4920631102362201
 20
-3.4391091732283465
 30
0
 11
5.4928401181102364
 21
-3.4362093700787399
 31
0
  0
LINE
  5
3FF
330
1F
100
AcDbEntity
  8
In1.Cu
  6
CONTINUOUS
100
AcDbLine
 10
5.4928401181102364
 20
-3.4362093700787399
 30
0
 11
5.4943411417322832
 21
-3.4336094881889765
 31
0
  0
LINE
  5
400
330
1F
100
AcDbEntity
  8
In1.Cu
  6
CONTINUOUS
100
AcDbLine
 10
5.4943411417322832
 20
-3.4336094881889765
 30
0
 11
5.496463976377953
 21
-3.4314866535433071
 31
0
  0
LINE
  5
401
330
1F
100
AcDbEntity
  8
In1.Cu
  6
CONTINUOUS
100
AcDbLine
 10
5.496463976377953
 20
-3.4314866535433071
 30
0
 11
5.499063858267716
 21
-3.4299856299212599
 31
0
  0
LINE
  5
402
330
1F
100
AcDbEntity
  8
In1.Cu
  6
CONTINUOUS
100
AcDbLine
 10
5.499063858267716
 20
-3.4299856299212599
 30
0
 11
5.5019636614173226
 21
-3.429208622047244
 31
0
  0
LINE
  5
403
330
1F
100
AcDbEntity
  8
In1.Cu
  6
CONTINUOUS
100
AcDbLine
 10
5.5019636614173226
 20
-3.429208622047244
 30
0
 11
5.5049657874015745
 21
-3.429208622047244
 31
0
  0
LINE
  5
404
330
1F
100
AcDbEntity
  8
In1.Cu
  6
CONTINUOUS
100
AcDbLine
 10
5.5049657874015745
 20
-3.429208622047244
 30
0
 11
5.5078655905511811
 21
-3.4299856299212599
 31
0
  0
LINE
  5
405
330
1F
100
AcDbEntity
  8
In1.Cu
  6
CONTINUOUS
100
AcDbLine
 10
5.6810939763779524
 20
-3.4299856299212599
 30
0
 11
5.6836938582677163
 21
-3.4314866535433071
 31
0
  0
LINE
  5
406
330
1F
100
AcDbEntity
  8
In1.Cu
  6
CONTINUOUS
100
AcDbLine
 10
5.6836938582677163
 20
-3.4314866535433071
 30
0
 11
5.6858166929133853
 21
-3.4336094881889765
 31
0
  0
LINE
  5
407
330
1F
100
AcDbEntity
  8
In1.Cu
  6
CONTINUOUS
100
AcDbLine
 10
5.6858166929133853
 20
-3.4336094881889765
 30
0
 11
5.6873177165354329
 21
-3.4362093700787399
 31
0
  0
LINE
  5
408
330
1F
100
AcDbEntity
  8
In1.Cu
  6
CONTINUOUS
100
AcDbLine
 10
5.6873177165354329
 20
-3.4362093700787399
 30
0
 11
5.6880947244094484
 21
-3.4391091732283465
 31
0
  0
LINE
  5
409
330
1F
100
AcDbEntity
  8
In1.Cu
  6
CONTINUOUS
100
AcDbLine
 10
5.6880947244094484
 20
-3.4391091732283465
 30
0
 11
5.6880947244094484
 21
-3.4421112992125984
 31
0
  0
LINE
  5
40A
330
1F
100
AcDbEntity
  8
In1.Cu
  6
CONTINUOUS
100
AcDbLine
 10
5.6880947244094484
 20
-3.4421112992125984
 30
0
 11
5.6873177165354329
 21
-3.4450111023622045
 31
0
  0
LINE
  5
40B
330
1F
100
AcDbEntity
  8
In1.Cu
  6
CONTINUOUS
100
AcDbLine
 10
5.6873177165354329
 20
-3.4450111023622045
 30
0
 11
5.6858166929133853
 21
-3.4476109842519684
 31
0
  0
LINE
  5
40C
330
1F
100
AcDbEntity
  8
In1.Cu
  6
CONTINUOUS
100
AcDbLine
 10
5.6858166929133853
 20
-3.4476109842519684
 30
0
 11
5.6836938582677163
 21
-3.4497338188976379
 31
0
  0
LINE
  5
40D
330
1F
100
AcDbEntity
  8
In1.Cu
  6
CONTINUOUS
100
AcDbLine
 10
5.6836938582677163
 20
-3.4497338188976379
 30
0
 11
5.6810939763779524
 21
-3.451234842519685
 31
0
  0
LINE
  5
40E
330
1F
100
AcDbEntity
  8
In1.Cu
  6
CONTINUOUS
100
AcDbLine
 10
5.6810939763779524
 20
-3.451234842519685
 30
0
 11
5.6781941732283467
 21
-3.4520118503937005
 31
0
  0
LINE
  5
40F
330
1F
100
AcDbEntity
  8
In1.Cu
  6
CONTINUOUS
100
AcDbLine
 10
5.6781941732283467
 20
-3.4520118503937005
 30
0
 11
5.675192047244094
 21
-3.4520118503937005
 31
0
  0
LINE
  5
410
330
1F
100
AcDbEntity
  8
In1.Cu
  6
CONTINUOUS
100
AcDbLine
 10
5.675192047244094
 20
-3.4520118503937005
 30
0
 11
5.6722922440944883
 21
-3.451234842519685
 31
0
  0
LINE
  5
411
330
1F
100
AcDbEntity
  8
In1.Cu
  6
CONTINUOUS
100
AcDbLine
 10
5.6722922440944883
 20
-3.451234842519685
 30
0
 11
5.6696923622047244
 21
-3.4497338188976379
 31
0
  0
LINE
  5
412
330
1F
100
AcDbEntity
  8
In1.Cu
  6
CONTINUOUS
100
AcDbLine
 10
5.6696923622047244
 20
-3.4497338188976379
 30
0
 11
5.6675695275590554
 21
-3.4476109842519684
 31
0
  0
LINE
  5
413
330
1F
100
AcDbEntity
  8
In1.Cu
  6
CONTINUOUS
100
AcDbLine
 10
5.6675695275590554
 20
-3.4476109842519684
 30
0
 11
5.6660685039370078
 21
-3.4450111023622045
 31
0
  0
LINE
  5
414
330
1F
100
AcDbEntity
  8
In1.Cu
  6
CONTINUOUS
100
AcDbLine
 10
5.6660685039370078
 20
-3.4450111023622045
 30
0
 11
5.6652914960629923
 21
-3.4421112992125984
 31
0
  0
LINE
  5
415
330
1F
100
AcDbEntity
  8
In1.Cu
  6
CONTINUOUS
100
AcDbLine
 10
5.6652914960629923
 20
-3.4421112992125984
 30
0
 11
5.6652914960629923
 21
-3.4391091732283465
 31
0
  0
LINE
  5
416
330
1F
100
AcDbEntity
  8
In1.Cu
  6
CONTINUOUS
100
AcDbLine
 10
5.6652914960629923
 20
-3.4391091732283465
 30
0
 11
5.6660685039370078
 21
-3.4362093700787399
 31
0
  0
LINE
  5
417
330
1F
100
AcDbEntity
  8
In1.Cu
  6
CONTINUOUS
100
AcDbLine
 10
5.6660685039370078
 20
-3.4362093700787399
 30
0
 11
5.6675695275590554
 21
-3.4336094881889765
 31
0
  0
LINE
  5
418
330
1F
100
AcDbEntity
  8
In1.Cu
  6
CONTINUOUS
100
AcDbLine
 10
5.6675695275590554
 20
-3.4336094881889765
 30
0
 11
5.6696923622047244
 21
-3.4314866535433071
 31
0
  0
LINE
  5
419
330
1F
100
AcDbEntity
  8
In1.Cu
  6
CONTINUOUS
100
AcDbLine
 10
5.6696923622047244
 20
-3.4314866535433071
 30
0
 11
5.6722922440944883
 21
-3.4299856299212599
 31
0
  0
LINE
  5
41A
330
1F
100
AcDbEntity
  8
In1.Cu
  6
CONTINUOUS
100
AcDbLine
 10
5.6722922440944883
 20
-3.4299856299212599
 30
0
 11
5.675192047244094
 21
-3.429208622047244
 31
0
  0
LINE
  5
41B
330
1F
100
AcDbEntity
  8
In1.Cu
  6
CONTINUOUS
100
AcDbLine
 10
5.675192047244094
 20
-3.429208622047244
 30
0
 11
5.6781941732283467
 21
-3.429208622047244
 31
0
  0
LINE
  5
41C
330
1F
100
AcDbEntity
  8
In1.Cu
  6
CONTINUOUS
100
AcDbLine
 10
5.6781941732283467
 20
-3.429208622047244
 30
0
 11
5.6810939763779524
 21
-3.4299856299212599
 31
0
  0
LINE
  5
41D
330
1F
100
AcDbEntity
  8
In1.Cu
  6
CONTINUOUS
100
AcDbLine
 10
6.4425506299212598
 20
-3.4258911023622045
 30
0
 11
6.4451505118110237
 21
-3.4273921259842517
 31
0
  0
LINE
  5
41E
330
1F
100
AcDbEntity
  8
In1.Cu
  6
CONTINUOUS
100
AcDbLine
 10
6.4451505118110237
 20
-3.4273921259842517
 30
0
 11
6.4472733464566927
 21
-3.4295149606299211
 31
0
  0
LINE
  5
41F
330
1F
100
AcDbEntity
  8
In1.Cu
  6
CONTINUOUS
100
AcDbLine
 10
6.4472733464566927
 20
-3.4295149606299211
 30
0
 11
6.4487743700787403
 21
-3.432114842519685
 31
0
  0
LINE
  5
420
330
1F
100
AcDbEntity
  8
In1.Cu
  6
CONTINUOUS
100
AcDbLine
 10
6.4487743700787403
 20
-3.432114842519685
 30
0
 11
6.4495513779527558
 21
-3.4350146456692912
 31
0
  0
LINE
  5
421
330
1F
100
AcDbEntity
  8
In1.Cu
  6
CONTINUOUS
100
AcDbLine
 10
6.4495513779527558
 20
-3.4350146456692912
 30
0
 11
6.4495513779527558
 21
-3.438016771653543
 31
0
  0
LINE
  5
422
330
1F
100
AcDbEntity
  8
In1.Cu
  6
CONTINUOUS
100
AcDbLine
 10
6.4495513779527558
 20
-3.438016771653543
 30
0
 11
6.4487743700787403
 21
-3.4409165748031496
 31
0
  0
LINE
  5
423
330
1F
100
AcDbEntity
  8
In1.Cu
  6
CONTINUOUS
100
AcDbLine
 10
6.4487743700787403
 20
-3.4409165748031496
 30
0
 11
6.4472733464566927
 21
-3.4435164566929135
 31
0
  0
LINE
  5
424
330
1F
100
AcDbEntity
  8
In1.Cu
  6
CONTINUOUS
100
AcDbLine
 10
6.4472733464566927
 20
-3.4435164566929135
 30
0
 11
6.4451505118110237
 21
-3.4456392913385825
 31
0
  0
LINE
  5
425
330
1F
100
AcDbEntity
  8
In1.Cu
  6
CONTINUOUS
100
AcDbLine
 10
6.4451505118110237
 20
-3.4456392913385825
 30
0
 11
6.4425506299212598
 21
-3.4471403149606297
 31
0
  0
LINE
  5
426
330
1F
100
AcDbEntity
  8
In1.Cu
  6
CONTINUOUS
100
AcDbLine
 10
6.4425506299212598
 20
-3.4471403149606297
 30
0
 11
6.4396508267716532
 21
-3.4479173228346456
 31
0
  0
LINE
  5
427
330
1F
100
AcDbEntity
  8
In1.Cu
  6
CONTINUOUS
100
AcDbLine
 10
6.4396508267716532
 20
-3.4479173228346456
 30
0
 11
6.4366487007874014
 21
-3.4479173228346456
 31
0
  0
LINE
  5
428
330
1F
100
AcDbEntity
  8
In1.Cu
  6
CONTINUOUS
100
AcDbLine
 10
6.4366487007874014
 20
-3.4479173228346456
 30
0
 11
6.4337488976377948
 21
-3.4471403149606297
 31
0
  0
LINE
  5
429
330
1F
100
AcDbEntity
  8
In1.Cu
  6
CONTINUOUS
100
AcDbLine
 10
6.4337488976377948
 20
-3.4471403149606297
 30
0
 11
6.4311490157480318
 21
-3.4456392913385825
 31
0
  0
LINE
  5
42A
330
1F
100
AcDbEntity
  8
In1.Cu
  6
CONTINUOUS
100
AcDbLine
 10
6.4311490157480318
 20
-3.4456392913385825
 30
0
 11
6.4290261811023619
 21
-3.4435164566929135
 31
0
  0
LINE
  5
42B
330
1F
100
AcDbEntity
  8
In1.Cu
  6
CONTINUOUS
100
AcDbLine
 10
6.4290261811023619
 20
-3.4435164566929135
 30
0
 11
6.4275251574803152
 21
-3.4409165748031496
 31
0
  0
LINE
  5
42C
330
1F
100
AcDbEntity
  8
In1.Cu
  6
CONTINUOUS
100
AcDbLine
 10
6.4275251574803152
 20
-3.4409165748031496
 30
0
 11
6.4267481496062988
 21
-3.438016771653543
 31
0
  0
LINE
  5
42D
330
1F
100
AcDbEntity
  8
In1.Cu
  6
CONTINUOUS
100
AcDbLine
 10
6.4267481496062988
 20
-3.438016771653543
 30
0
 11
6.4267481496062988
 21
-3.4350146456692912
 31
0
  0
LINE
  5
42E
330
1F
100
AcDbEntity
  8
In1.Cu
  6
CONTINUOUS
100
AcDbLine
 10
6.4267481496062988
 20
-3.4350146456692912
 30
0
 11
6.4275251574803152
 21
-3.432114842519685
 31
0
  0
LINE
  5
42F
330
1F
100
AcDbEntity
  8
In1.Cu
  6
CONTINUOUS
100
AcDbLine
 10
6.4275251574803152
 20
-3.432114842519685
 30
0
 11
6.4290261811023619
 21
-3.4295149606299211
 31
0
  0
LINE
  5
430
330
1F
100
AcDbEntity
  8
In1.Cu
  6
CONTINUOUS
100
AcDbLine
 10
6.4290261811023619
 20
-3.4295149606299211
 30
0
 11
6.4311490157480318
 21
-3.4273921259842517
 31
0
  0
LINE
  5
431
330
1F
100
AcDbEntity
  8
In1.Cu
  6
CONTINUOUS
100
AcDbLine
 10
6.4311490157480318
 20
-3.4273921259842517
 30
0
 11
6.4337488976377948
 21
-3.4258911023622045
 31
0
  0
LINE
  5
432
330
1F
100
AcDbEntity
  8
In1.Cu
  6
CONTINUOUS
100
AcDbLine
 10
6.4337488976377948
 20
-3.4258911023622045
 30
0
 11
6.4366487007874014
 21
-3.425114094488189
 31
0
  0
LINE
  5
433
330
1F
100
AcDbEntity
  8
In1.Cu
  6
CONTINUOUS
100
AcDbLine
 10
6.4366487007874014
 20
-3.425114094488189
 30
0
 11
6.4396508267716532
 21
-3.425114094488189
 31
0
  0
LINE
  5
434
330
1F
100
AcDbEntity
  8
In1.Cu
  6
CONTINUOUS
100
AcDbLine
 10
6.4396508267716532
 20
-3.425114094488189
 30
0
 11
6.4425506299212598
 21
-3.4258911023622045
 31
0
  0
LINE
  5
435
330
1F
100
AcDbEntity
  8
In1.Cu
  6
CONTINUOUS
100
AcDbLine
 10
6.0036275590551176
 20
-3.3093959448818895
 30
0
 11
6.0106781889763781
 21
-3.3116868503937007
 31
0
  0
LINE
  5
436
330
1F
100
AcDbEntity
  8
In1.Cu
  6
CONTINUOUS
100
AcDbLine
 10
6.0106781889763781
 20
-3.3116868503937007
 30
0
 11
6.0172836220472439
 21
-3.3150524803149604
 31
0
  0
LINE
  5
437
330
1F
100
AcDbEntity
  8
In1.Cu
  6
CONTINUOUS
100
AcDbLine
 10
6.0172836220472439
 20
-3.3150524803149604
 30
0
 11
6.0232812598425198
 21
-3.31941
 31
0
  0
LINE
  5
438
330
1F
100
AcDbEntity
  8
In1.Cu
  6
CONTINUOUS
100
AcDbLine
 10
6.0232812598425198
 20
-3.31941
 30
0
 11
6.0285233464566925
 21
-3.3246520866141731
 31
0
  0
LINE
  5
439
330
1F
100
AcDbEntity
  8
In1.Cu
  6
CONTINUOUS
100
AcDbLine
 10
6.0285233464566925
 20
-3.3246520866141731
 30
0
 11
6.0328808661417321
 21
-3.3306497244094486
 31
0
  0
LINE
  5
43A
330
1F
100
AcDbEntity
  8
In1.Cu
  6
CONTINUOUS
100
AcDbLine
 10
6.0328808661417321
 20
-3.3306497244094486
 30
0
 11
6.0362464960629918
 21
-3.3372551574803149
 31
0
  0
LINE
  5
43B
330
1F
100
AcDbEntity
  8
In1.Cu
  6
CONTINUOUS
100
AcDbLine
 10
6.0362464960629918
 20
-3.3372551574803149
 30
0
 11
6.0385374015748035
 21
-3.3443057874015749
 31
0
  0
LINE
  5
43C
330
1F
100
AcDbEntity
  8
In1.Cu
  6
CONTINUOUS
100
AcDbLine
 10
6.0385374015748035
 20
-3.3443057874015749
 30
0
 11
6.0396971259842518
 21
-3.3516279527559054
 31
0
  0
LINE
  5
43D
330
1F
100
AcDbEntity
  8
In1.Cu
  6
CONTINUOUS
100
AcDbLine
 10
6.0396971259842518
 20
-3.3516279527559054
 30
0
 11
6.0396971259842518
 21
-3.3590414173228345
 31
0
  0
LINE
  5
43E
330
1F
100
AcDbEntity
  8
In1.Cu
  6
CONTINUOUS
100
AcDbLine
 10
6.0396971259842518
 20
-3.3590414173228345
 30
0
 11
6.0385374015748035
 21
-3.3663635826771654
 31
0
  0
LINE
  5
43F
330
1F
100
AcDbEntity
  8
In1.Cu
  6
CONTINUOUS
100
AcDbLine
 10
6.0385374015748035
 20
-3.3663635826771654
 30
0
 11
6.0362464960629918
 21
-3.373414212598425
 31
0
  0
LINE
  5
440
330
1F
100
AcDbEntity
  8
In1.Cu
  6
CONTINUOUS
100
AcDbLine
 10
6.0362464960629918
 20
-3.373414212598425
 30
0
 11
6.0328808661417321
 21
-3.3800196456692913
 31
0
  0
LINE
  5
441
330
1F
100
AcDbEntity
  8
In1.Cu
  6
CONTINUOUS
100
AcDbLine
 10
6.0328808661417321
 20
-3.3800196456692913
 30
0
 11
6.0285233464566925
 21
-3.3860172834645668
 31
0
  0
LINE
  5
442
330
1F
100
AcDbEntity
  8
In1.Cu
  6
CONTINUOUS
100
AcDbLine
 10
6.0285233464566925
 20
-3.3860172834645668
 30
0
 11
6.0232812598425198
 21
-3.3912593700787399
 31
0
  0
LINE
  5
443
330
1F
100
AcDbEntity
  8
In1.Cu
  6
CONTINUOUS
100
AcDbLine
 10
6.0232812598425198
 20
-3.3912593700787399
 30
0
 11
6.0172836220472439
 21
-3.3956168897637795
 31
0
  0
LINE
  5
444
330
1F
100
AcDbEntity
  8
In1.Cu
  6
CONTINUOUS
100
AcDbLine
 10
6.0172836220472439
 20
-3.3956168897637795
 30
0
 11
6.0106781889763781
 21
-3.3989825196850392
 31
0
  0
LINE
  5
445
330
1F
100
AcDbEntity
  8
In1.Cu
  6
CONTINUOUS
100
AcDbLine
 10
6.0106781889763781
 20
-3.3989825196850392
 30
0
 11
6.0036275590551176
 21
-3.4012734251968504
 31
0
  0
LINE
  5
446
330
1F
100
AcDbEntity
  8
In1.Cu
  6
CONTINUOUS
100
AcDbLine
 10
6.0036275590551176
 20
-3.4012734251968504
 30
0
 11
5.9963053937007871
 21
-3.4024331496062992
 31
0
  0
LINE
  5
447
330
1F
100
AcDbEntity
  8
In1.Cu
  6
CONTINUOUS
100
AcDbLine
 10
5.9963053937007871
 20
-3.4024331496062992
 30
0
 11
5.9888919291338585
 21
-3.4024331496062992
 31
0
  0
LINE
  5
448
330
1F
100
AcDbEntity
  8
In1.Cu
  6
CONTINUOUS
100
AcDbLine
 10
5.9888919291338585
 20
-3.4024331496062992
 30
0
 11
5.9815697637795271
 21
-3.4012734251968504
 31
0
  0
LINE
  5
449
330
1F
100
AcDbEntity
  8
In1.Cu
  6
CONTINUOUS
100
AcDbLine
 10
5.9815697637795271
 20
-3.4012734251968504
 30
0
 11
5.9745191338582675
 21
-3.3989825196850392
 31
0
  0
LINE
  5
44A
330
1F
100
AcDbEntity
  8
In1.Cu
  6
CONTINUOUS
100
AcDbLine
 10
5.9745191338582675
 20
-3.3989825196850392
 30
0
 11
5.9679137007874017
 21
-3.3956168897637795
 31
0
  0
LINE
  5
44B
330
1F
100
AcDbEntity
  8
In1.Cu
  6
CONTINUOUS
100
AcDbLine
 10
5.9679137007874017
 20
-3.3956168897637795
 30
0
 11
5.9619160629921257
 21
-3.3912593700787399
 31
0
  0
LINE
  5
44C
330
1F
100
AcDbEntity
  8
In1.Cu
  6
CONTINUOUS
100
AcDbLine
 10
5.9619160629921257
 20
-3.3912593700787399
 30
0
 11
5.956673976377953
 21
-3.3860172834645668
 31
0
  0
LINE
  5
44D
330
1F
100
AcDbEntity
  8
In1.Cu
  6
CONTINUOUS
100
AcDbLine
 10
5.956673976377953
 20
-3.3860172834645668
 30
0
 11
5.9523164566929134
 21
-3.3800196456692913
 31
0
  0
LINE
  5
44E
330
1F
100
AcDbEntity
  8
In1.Cu
  6
CONTINUOUS
100
AcDbLine
 10
5.9523164566929134
 20
-3.3800196456692913
 30
0
 11
5.9489508267716538
 21
-3.373414212598425
 31
0
  0
LINE
  5
44F
330
1F
100
AcDbEntity
  8
In1.Cu
  6
CONTINUOUS
100
AcDbLine
 10
5.9489508267716538
 20
-3.373414212598425
 30
0
 11
5.9466599212598421
 21
-3.3663635826771654
 31
0
  0
LINE
  5
450
330
1F
100
AcDbEntity
  8
In1.Cu
  6
CONTINUOUS
100
AcDbLine
 10
5.9466599212598421
 20
-3.3663635826771654
 30
0
 11
5.9455001968503938
 21
-3.3590414173228345
 31
0
  0
LINE
  5
451
330
1F
100
AcDbEntity
  8
In1.Cu
  6
CONTINUOUS
100
AcDbLine
 10
5.9455001968503938
 20
-3.3590414173228345
 30
0
 11
5.9455001968503938
 21
-3.3516279527559054
 31
0
  0
LINE
  5
452
330
1F
100
AcDbEntity
  8
In1.Cu
  6
CONTINUOUS
100
AcDbLine
 10
5.9455001968503938
 20
-3.3516279527559054
 30
0
 11
5.9466599212598421
 21
-3.3443057874015749
 31
0
  0
LINE
  5
453
330
1F
100
AcDbEntity
  8
In1.Cu
  6
CONTINUOUS
100
AcDbLine
 10
5.9466599212598421
 20
-3.3443057874015749
 30
0
 11
5.9489508267716538
 21
-3.3372551574803149
 31
0
  0
LINE
  5
454
330
1F
100
AcDbEntity
  8
In1.Cu
  6
CONTINUOUS
100
AcDbLine
 10
5.9489508267716538
 20
-3.3372551574803149
 30
0
 11
5.9523164566929134
 21
-3.3306497244094486
 31
0
  0
LINE
  5
455
330
1F
100
AcDbEntity
  8
In1.Cu
  6
CONTINUOUS
100
AcDbLine
 10
5.9523164566929134
 20
-3.3306497244094486
 30
0
 11
5.956673976377953
 21
-3.3246520866141731
 31
0
  0
LINE
  5
456
330
1F
100
AcDbEntity
  8
In1.Cu
  6
CONTINUOUS
100
AcDbLine
 10
5.956673976377953
 20
-3.3246520866141731
 30
0
 11
5.9619160629921257
 21
-3.31941
 31
0
  0
LINE
  5
457
330
1F
100
AcDbEntity
  8
In1.Cu
  6
CONTINUOUS
100
AcDbLine
 10
5.9619160629921257
 20
-3.31941
 30
0
 11
5.9679137007874017
 21
-3.3150524803149604
 31
0
  0
LINE
  5
458
330
1F
100
AcDbEntity
  8
In1.Cu
  6
CONTINUOUS
100
AcDbLine
 10
5.9679137007874017
 20
-3.3150524803149604
 30
0
 11
5.9745191338582675
 21
-3.3116868503937007
 31
0
  0
LINE
  5
459
330
1F
100
AcDbEntity
  8
In1.Cu
  6
CONTINUOUS
100
AcDbLine
 10
5.9745191338582675
 20
-3.3116868503937007
 30
0
 11
5.9815697637795271
 21
-3.3093959448818895
 31
0
  0
LINE
  5
45A
330
1F
100
AcDbEntity
  8
In1.Cu
  6
CONTINUOUS
100
AcDbLine
 10
5.9815697637795271
 20
-3.3093959448818895
 30
0
 11
5.9888919291338585
 21
-3.3082362204724407
 31
0
  0
LINE
  5
45B
330
1F
100
AcDbEntity
  8
In1.Cu
  6
CONTINUOUS
100
AcDbLine
 10
5.9888919291338585
 20
-3.3082362204724407
 30
0
 11
5.9963053937007871
 21
-3.3082362204724407
 31
0
  0
LINE
  5
45C
330
1F
100
AcDbEntity
  8
In1.Cu
  6
CONTINUOUS
100
AcDbLine
 10
5.9963053937007871
 20
-3.3082362204724407
 30
0
 11
6.0036275590551176
 21
-3.3093959448818895
 31
0
  0
LINE
  5
45D
330
1F
100
AcDbEntity
  8
In1.Cu
  6
CONTINUOUS
100
AcDbLine
 10
6.6157790157480312
 20
-3.3156548818897638
 30
0
 11
6.6183788976377951
 21
-3.3171559055118109
 31
0
  0
LINE
  5
45E
330
1F
100
AcDbEntity
  8
In1.Cu
  6
CONTINUOUS
100
AcDbLine
 10
6.6183788976377951
 20
-3.3171559055118109
 30
0
 11
6.6205017322834641
 21
-3.3192787401574804
 31
0
  0
LINE
  5
45F
330
1F
100
AcDbEntity
  8
In1.Cu
  6
CONTINUOUS
100
AcDbLine
 10
6.6205017322834641
 20
-3.3192787401574804
 30
0
 11
6.6220027559055117
 21
-3.3218786220472438
 31
0
  0
LINE
  5
460
330
1F
100
AcDbEntity
  8
In1.Cu
  6
CONTINUOUS
100
AcDbLine
 10
6.6220027559055117
 20
-3.3218786220472438
 30
0
 11
6.6227797637795272
 21
-3.3247784251968504
 31
0
  0
LINE
  5
461
330
1F
100
AcDbEntity
  8
In1.Cu
  6
CONTINUOUS
100
AcDbLine
 10
6.6227797637795272
 20
-3.3247784251968504
 30
0
 11
6.6227797637795272
 21
-3.3277805511811023
 31
0
  0
LINE
  5
462
330
1F
100
AcDbEntity
  8
In1.Cu
  6
CONTINUOUS
100
AcDbLine
 10
6.6227797637795272
 20
-3.3277805511811023
 30
0
 11
6.6220027559055117
 21
-3.3306803543307084
 31
0
  0
LINE
  5
463
330
1F
100
AcDbEntity
  8
In1.Cu
  6
CONTINUOUS
100
AcDbLine
 10
6.6220027559055117
 20
-3.3306803543307084
 30
0
 11
6.6205017322834641
 21
-3.3332802362204723
 31
0
  0
LINE
  5
464
330
1F
100
AcDbEntity
  8
In1.Cu
  6
CONTINUOUS
100
AcDbLine
 10
6.6205017322834641
 20
-3.3332802362204723
 30
0
 11
6.6183788976377951
 21
-3.3354030708661417
 31
0
  0
LINE
  5
465
330
1F
100
AcDbEntity
  8
In1.Cu
  6
CONTINUOUS
100
AcDbLine
 10
6.6183788976377951
 20
-3.3354030708661417
 30
0
 11
6.6157790157480312
 21
-3.3369040944881889
 31
0
  0
LINE
  5
466
330
1F
100
AcDbEntity
  8
In1.Cu
  6
CONTINUOUS
100
AcDbLine
 10
6.6157790157480312
 20
-3.3369040944881889
 30
0
 11
6.6128792125984255
 21
-3.3376811023622048
 31
0
  0
LINE
  5
467
330
1F
100
AcDbEntity
  8
In1.Cu
  6
CONTINUOUS
100
AcDbLine
 10
6.6128792125984255
 20
-3.3376811023622048
 30
0
 11
6.6098770866141727
 21
-3.3376811023622048
 31
0
  0
LINE
  5
468
330
1F
100
AcDbEntity
  8
In1.Cu
  6
CONTINUOUS
100
AcDbLine
 10
6.6098770866141727
 20
-3.3376811023622048
 30
0
 11
6.606977283464567
 21
-3.3369040944881889
 31
0
  0
LINE
  5
469
330
1F
100
AcDbEntity
  8
In1.Cu
  6
CONTINUOUS
100
AcDbLine
 10
6.606977283464567
 20
-3.3369040944881889
 30
0
 11
6.6043774015748031
 21
-3.3354030708661417
 31
0
  0
LINE
  5
46A
330
1F
100
AcDbEntity
  8
In1.Cu
  6
CONTINUOUS
100
AcDbLine
 10
6.6043774015748031
 20
-3.3354030708661417
 30
0
 11
6.6022545669291341
 21
-3.3332802362204723
 31
0
  0
LINE
  5
46B
330
1F
100
AcDbEntity
  8
In1.Cu
  6
CONTINUOUS
100
AcDbLine
 10
6.6022545669291341
 20
-3.3332802362204723
 30
0
 11
6.6007535433070865
 21
-3.3306803543307084
 31
0
  0
LINE
  5
46C
330
1F
100
AcDbEntity
  8
In1.Cu
  6
CONTINUOUS
100
AcDbLine
 10
6.6007535433070865
 20
-3.3306803543307084
 30
0
 11
6.5999765354330711
 21
-3.3277805511811023
 31
0
  0
LINE
  5
46D
330
1F
100
AcDbEntity
  8
In1.Cu
  6
CONTINUOUS
100
AcDbLine
 10
6.5999765354330711
 20
-3.3277805511811023
 30
0
 11
6.5999765354330711
 21
-3.3247784251968504
 31
0
  0
LINE
  5
46E
330
1F
100
AcDbEntity
  8
In1.Cu
  6
CONTINUOUS
100
AcDbLine
 10
6.5999765354330711
 20
-3.3247784251968504
 30
0
 11
6.6007535433070865
 21
-3.3218786220472438
 31
0
  0
LINE
  5
46F
330
1F
100
AcDbEntity
  8
In1.Cu
  6
CONTINUOUS
100
AcDbLine
 10
6.6007535433070865
 20
-3.3218786220472438
 30
0
 11
6.6022545669291341
 21
-3.3192787401574804
 31
0
  0
LINE
  5
470
330
1F
100
AcDbEntity
  8
In1.Cu
  6
CONTINUOUS
100
AcDbLine
 10
6.6022545669291341
 20
-3.3192787401574804
 30
0
 11
6.6043774015748031
 21
-3.3171559055118109
 31
0
  0
LINE
  5
471
330
1F
100
AcDbEntity
  8
In1.Cu
  6
CONTINUOUS
100
AcDbLine
 10
6.6043774015748031
 20
-3.3171559055118109
 30
0
 11
6.606977283464567
 21
-3.3156548818897638
 31
0
  0
LINE
  5
472
330
1F
100
AcDbEntity
  8
In1.Cu
  6
CONTINUOUS
100
AcDbLine
 10
6.606977283464567
 20
-3.3156548818897638
 30
0
 11
6.6098770866141727
 21
-3.3148778740157478
 31
0
  0
LINE
  5
473
330
1F
100
AcDbEntity
  8
In1.Cu
  6
CONTINUOUS
100
AcDbLine
 10
6.6098770866141727
 20
-3.3148778740157478
 30
0
 11
6.6128792125984255
 21
-3.3148778740157478
 31
0
  0
LINE
  5
474
330
1F
100
AcDbEntity
  8
In1.Cu
  6
CONTINUOUS
100
AcDbLine
 10
6.6128792125984255
 20
-3.3148778740157478
 30
0
 11
6.6157790157480312
 21
-3.3156548818897638
 31
0
  0
LINE
  5
475
330
1F
100
AcDbEntity
  8
In1.Cu
  6
CONTINUOUS
100
AcDbLine
 10
5.6810939763779524
 20
-3.3118753937007872
 30
0
 11
5.6836938582677163
 21
-3.3133764173228344
 31
0
  0
LINE
  5
476
330
1F
100
AcDbEntity
  8
In1.Cu
  6
CONTINUOUS
100
AcDbLine
 10
5.6836938582677163
 20
-3.3133764173228344
 30
0
 11
5.6858166929133853
 21
-3.3154992519685038
 31
0
  0
LINE
  5
477
330
1F
100
AcDbEntity
  8
In1.Cu
  6
CONTINUOUS
100
AcDbLine
 10
5.6858166929133853
 20
-3.3154992519685038
 30
0
 11
5.6873177165354329
 21
-3.3180991338582677
 31
0
  0
LINE
  5
478
330
1F
100
AcDbEntity
  8
In1.Cu
  6
CONTINUOUS
100
AcDbLine
 10
5.6873177165354329
 20
-3.3180991338582677
 30
0
 11
5.6880947244094484
 21
-3.3209989370078739
 31
0
  0
LINE
  5
479
330
1F
100
AcDbEntity
  8
In1.Cu
  6
CONTINUOUS
100
AcDbLine
 10
5.6880947244094484
 20
-3.3209989370078739
 30
0
 11
5.6880947244094484
 21
-3.3240010629921257
 31
0
  0
LINE
  5
47A
330
1F
100
AcDbEntity
  8
In1.Cu
  6
CONTINUOUS
100
AcDbLine
 10
5.6880947244094484
 20
-3.3240010629921257
 30
0
 11
5.6873177165354329
 21
-3.3269008661417323
 31
0
  0
LINE
  5
47B
330
1F
100
AcDbEntity
  8
In1.Cu
  6
CONTINUOUS
100
AcDbLine
 10
5.6873177165354329
 20
-3.3269008661417323
 30
0
 11
5.6858166929133853
 21
-3.3295007480314962
 31
0
  0
LINE
  5
47C
330
1F
100
AcDbEntity
  8
In1.Cu
  6
CONTINUOUS
100
AcDbLine
 10
5.6858166929133853
 20
-3.3295007480314962
 30
0
 11
5.6836938582677163
 21
-3.3316235826771652
 31
0
  0
LINE
  5
47D
330
1F
100
AcDbEntity
  8
In1.Cu
  6
CONTINUOUS
100
AcDbLine
 10
5.6836938582677163
 20
-3.3316235826771652
 30
0
 11
5.6810939763779524
 21
-3.3331246062992124
 31
0
  0
LINE
  5
47E
330
1F
100
AcDbEntity
  8
In1.Cu
  6
CONTINUOUS
100
AcDbLine
 10
5.6810939763779524
 20
-3.3331246062992124
 30
0
 11
5.6781941732283467
 21
-3.3339016141732283
 31
0
  0
LINE
  5
47F
330
1F
100
AcDbEntity
  8
In1.Cu
  6
CONTINUOUS
100
AcDbLine
 10
5.6781941732283467
 20
-3.3339016141732283
 30
0
 11
5.675192047244094
 21
-3.3339016141732283
 31
0
  0
LINE
  5
480
330
1F
100
AcDbEntity
  8
In1.Cu
  6
CONTINUOUS
100
AcDbLine
 10
5.675192047244094
 20
-3.3339016141732283
 30
0
 11
5.6722922440944883
 21
-3.3331246062992124
 31
0
  0
LINE
  5
481
330
1F
100
AcDbEntity
  8
In1.Cu
  6
CONTINUOUS
100
AcDbLine
 10
5.6722922440944883
 20
-3.3331246062992124
 30
0
 11
5.6696923622047244
 21
-3.3316235826771652
 31
0
  0
LINE
  5
482
330
1F
100
AcDbEntity
  8
In1.Cu
  6
CONTINUOUS
100
AcDbLine
 10
5.6696923622047244
 20
-3.3316235826771652
 30
0
 11
5.6675695275590554
 21
-3.3295007480314962
 31
0
  0
LINE
  5
483
330
1F
100
AcDbEntity
  8
In1.Cu
  6
CONTINUOUS
100
AcDbLine
 10
5.6675695275590554
 20
-3.3295007480314962
 30
0
 11
5.6660685039370078
 21
-3.3269008661417323
 31
0
  0
LINE
  5
484
330
1F
100
AcDbEntity
  8
In1.Cu
  6
CONTINUOUS
100
AcDbLine
 10
5.6660685039370078
 20
-3.3269008661417323
 30
0
 11
5.6652914960629923
 21
-3.3240010629921257
 31
0
  0
LINE
  5
485
330
1F
100
AcDbEntity
  8
In1.Cu
  6
CONTINUOUS
100
AcDbLine
 10
5.6652914960629923
 20
-3.3240010629921257
 30
0
 11
5.6652914960629923
 21
-3.3209989370078739
 31
0
  0
LINE
  5
486
330
1F
100
AcDbEntity
  8
In1.Cu
  6
CONTINUOUS
100
AcDbLine
 10
5.6652914960629923
 20
-3.3209989370078739
 30
0
 11
5.6660685039370078
 21
-3.3180991338582677
 31
0
  0
LINE
  5
487
330
1F
100
AcDbEntity
  8
In1.Cu
  6
CONTINUOUS
100
AcDbLine
 10
5.6660685039370078
 20
-3.3180991338582677
 30
0
 11
5.6675695275590554
 21
-3.3154992519685038
 31
0
  0
LINE
  5
488
330
1F
100
AcDbEntity
  8
In1.Cu
  6
CONTINUOUS
100
AcDbLine
 10
5.6675695275590554
 20
-3.3154992519685038
 30
0
 11
5.6696923622047244
 21
-3.3133764173228344
 31
0
  0
LINE
  5
489
330
1F
100
AcDbEntity
  8
In1.Cu
  6
CONTINUOUS
100
AcDbLine
 10
5.6696923622047244
 20
-3.3133764173228344
 30
0
 11
5.6722922440944883
 21
-3.3118753937007872
 31
0
  0
LINE
  5
48A
330
1F
100
AcDbEntity
  8
In1.Cu
  6
CONTINUOUS
100
AcDbLine
 10
5.6722922440944883
 20
-3.3118753937007872
 30
0
 11
5.675192047244094
 21
-3.3110983858267717
 31
0
  0
LINE
  5
48B
330
1F
100
AcDbEntity
  8
In1.Cu
  6
CONTINUOUS
100
AcDbLine
 10
5.675192047244094
 20
-3.3110983858267717
 30
0
 11
5.6781941732283467
 21
-3.3110983858267717
 31
0
  0
LINE
  5
48C
330
1F
100
AcDbEntity
  8
In1.Cu
  6
CONTINUOUS
100
AcDbLine
 10
5.6781941732283467
 20
-3.3110983858267717
 30
0
 11
5.6810939763779524
 21
-3.3118753937007872
 31
0
  0
LINE
  5
48D
330
1F
100
AcDbEntity
  8
In1.Cu
  6
CONTINUOUS
100
AcDbLine
 10
5.5787317322834644
 20
-3.2331352362204724
 30
0
 11
5.5813316141732283
 21
-3.2346362598425196
 31
0
  0
LINE
  5
48E
330
1F
100
AcDbEntity
  8
In1.Cu
  6
CONTINUOUS
100
AcDbLine
 10
5.5813316141732283
 20
-3.2346362598425196
 30
0
 11
5.5834544488188973
 21
-3.236759094488189
 31
0
  0
LINE
  5
48F
330
1F
100
AcDbEntity
  8
In1.Cu
  6
CONTINUOUS
100
AcDbLine
 10
5.5834544488188973
 20
-3.236759094488189
 30
0
 11
5.5849554724409449
 21
-3.2393589763779529
 31
0
  0
LINE
  5
490
330
1F
100
AcDbEntity
  8
In1.Cu
  6
CONTINUOUS
100
AcDbLine
 10
5.5849554724409449
 20
-3.2393589763779529
 30
0
 11
5.5857324803149604
 21
-3.242258779527559
 31
0
  0
LINE
  5
491
330
1F
100
AcDbEntity
  8
In1.Cu
  6
CONTINUOUS
100
AcDbLine
 10
5.5857324803149604
 20
-3.242258779527559
 30
0
 11
5.5857324803149604
 21
-3.2452609055118109
 31
0
  0
LINE
  5
492
330
1F
100
AcDbEntity
  8
In1.Cu
  6
CONTINUOUS
100
AcDbLine
 10
5.5857324803149604
 20
-3.2452609055118109
 30
0
 11
5.5849554724409449
 21
-3.248160708661417
 31
0
  0
LINE
  5
493
330
1F
100
AcDbEntity
  8
In1.Cu
  6
CONTINUOUS
100
AcDbLine
 10
5.5849554724409449
 20
-3.248160708661417
 30
0
 11
5.5834544488188973
 21
-3.2507605905511809
 31
0
  0
LINE
  5
494
330
1F
100
AcDbEntity
  8
In1.Cu
  6
CONTINUOUS
100
AcDbLine
 10
5.5834544488188973
 20
-3.2507605905511809
 30
0
 11
5.5813316141732283
 21
-3.2528834251968504
 31
0
  0
LINE
  5
495
330
1F
100
AcDbEntity
  8
In1.Cu
  6
CONTINUOUS
100
AcDbLine
 10
5.5813316141732283
 20
-3.2528834251968504
 30
0
 11
5.5787317322834644
 21
-3.2543844488188975
 31
0
  0
LINE
  5
496
330
1F
100
AcDbEntity
  8
In1.Cu
  6
CONTINUOUS
100
AcDbLine
 10
5.5787317322834644
 20
-3.2543844488188975
 30
0
 11
5.5758319291338578
 21
-3.2551614566929135
 31
0
  0
LINE
  5
497
330
1F
100
AcDbEntity
  8
In1.Cu
  6
CONTINUOUS
100
AcDbLine
 10
5.5758319291338578
 20
-3.2551614566929135
 30
0
 11
5.572829803149606
 21
-3.2551614566929135
 31
0
  0
LINE
  5
498
330
1F
100
AcDbEntity
  8
In1.Cu
  6
CONTINUOUS
100
AcDbLine
 10
5.572829803149606
 20
-3.2551614566929135
 30
0
 11
5.5699300000000003
 21
-3.2543844488188975
 31
0
  0
LINE
  5
499
330
1F
100
AcDbEntity
  8
In1.Cu
  6
CONTINUOUS
100
AcDbLine
 10
5.5699300000000003
 20
-3.2543844488188975
 30
0
 11
5.5673301181102364
 21
-3.2528834251968504
 31
0
  0
LINE
  5
49A
330
1F
100
AcDbEntity
  8
In1.Cu
  6
CONTINUOUS
100
AcDbLine
 10
5.5673301181102364
 20
-3.2528834251968504
 30
0
 11
5.5652072834645665
 21
-3.2507605905511809
 31
0
  0
LINE
  5
49B
330
1F
100
AcDbEntity
  8
In1.Cu
  6
CONTINUOUS
100
AcDbLine
 10
5.5652072834645665
 20
-3.2507605905511809
 30
0
 11
5.5637062598425198
 21
-3.248160708661417
 31
0
  0
LINE
  5
49C
330
1F
100
AcDbEntity
  8
In1.Cu
  6
CONTINUOUS
100
AcDbLine
 10
5.5637062598425198
 20
-3.248160708661417
 30
0
 11
5.5629292519685034
 21
-3.2452609055118109
 31
0
  0
LINE
  5
49D
330
1F
100
AcDbEntity
  8
In1.Cu
  6
CONTINUOUS
100
AcDbLine
 10
5.5629292519685034
 20
-3.2452609055118109
 30
0
 11
5.5629292519685034
 21
-3.242258779527559
 31
0
  0
LINE
  5
49E
330
1F
100
AcDbEntity
  8
In1.Cu
  6
CONTINUOUS
100
AcDbLine
 10
5.5629292519685034
 20
-3.242258779527559
 30
0
 11
5.5637062598425198
 21
-3.2393589763779529
 31
0
  0
LINE
  5
49F
330
1F
100
AcDbEntity
  8
In1.Cu
  6
CONTINUOUS
100
AcDbLine
 10
5.5637062598425198
 20
-3.2393589763779529
 30
0
 11
5.5652072834645665
 21
-3.236759094488189
 31
0
  0
LINE
  5
4A0
330
1F
100
AcDbEntity
  8
In1.Cu
  6
CONTINUOUS
100
AcDbLine
 10
5.5652072834645665
 20
-3.236759094488189
 30
0
 11
5.5673301181102364
 21
-3.2346362598425196
 31
0
  0
LINE
  5
4A1
330
1F
100
AcDbEntity
  8
In1.Cu
  6
CONTINUOUS
100
AcDbLine
 10
5.5673301181102364
 20
-3.2346362598425196
 30
0
 11
5.5699300000000003
 21
-3.2331352362204724
 31
0
  0
LINE
  5
4A2
330
1F
100
AcDbEntity
  8
In1.Cu
  6
CONTINUOUS
100
AcDbLine
 10
5.5699300000000003
 20
-3.2331352362204724
 30
0
 11
5.572829803149606
 21
-3.2323582283464565
 31
0
  0
LINE
  5
4A3
330
1F
100
AcDbEntity
  8
In1.Cu
  6
CONTINUOUS
100
AcDbLine
 10
5.572829803149606
 20
-3.2323582283464565
 30
0
 11
5.5758319291338578
 21
-3.2323582283464565
 31
0
  0
LINE
  5
4A4
330
1F
100
AcDbEntity
  8
In1.Cu
  6
CONTINUOUS
100
AcDbLine
 10
5.5758319291338578
 20
-3.2323582283464565
 30
0
 11
5.5787317322834644
 21
-3.2331352362204724
 31
0
  0
LINE
  5
4A5
330
1F
100
AcDbEntity
  8
In1.Cu
  6
CONTINUOUS
100
AcDbLine
 10
5.7755821259842515
 20
-3.2331352362204724
 30
0
 11
5.7781820078740154
 21
-3.2346362598425196
 31
0
  0
LINE
  5
4A6
330
1F
100
AcDbEntity
  8
In1.Cu
  6
CONTINUOUS
100
AcDbLine
 10
5.7781820078740154
 20
-3.2346362598425196
 30
0
 11
5.7803048425196852
 21
-3.236759094488189
 31
0
  0
LINE
  5
4A7
330
1F
100
AcDbEntity
  8
In1.Cu
  6
CONTINUOUS
100
AcDbLine
 10
5.7803048425196852
 20
-3.236759094488189
 30
0
 11
5.781805866141732
 21
-3.2393589763779529
 31
0
  0
LINE
  5
4A8
330
1F
100
AcDbEntity
  8
In1.Cu
  6
CONTINUOUS
100
AcDbLine
 10
5.781805866141732
 20
-3.2393589763779529
 30
0
 11
5.7825828740157483
 21
-3.242258779527559
 31
0
  0
LINE
  5
4A9
330
1F
100
AcDbEntity
  8
In1.Cu
  6
CONTINUOUS
100
AcDbLine
 10
5.7825828740157483
 20
-3.242258779527559
 30
0
 11
5.7825828740157483
 21
-3.2452609055118109
 31
0
  0
LINE
  5
4AA
330
1F
100
AcDbEntity
  8
In1.Cu
  6
CONTINUOUS
100
AcDbLine
 10
5.7825828740157483
 20
-3.2452609055118109
 30
0
 11
5.781805866141732
 21
-3.248160708661417
 31
0
  0
LINE
  5
4AB
330
1F
100
AcDbEntity
  8
In1.Cu
  6
CONTINUOUS
100
AcDbLine
 10
5.781805866141732
 20
-3.248160708661417
 30
0
 11
5.7803048425196852
 21
-3.2507605905511809
 31
0
  0
LINE
  5
4AC
330
1F
100
AcDbEntity
  8
In1.Cu
  6
CONTINUOUS
100
AcDbLine
 10
5.7803048425196852
 20
-3.2507605905511809
 30
0
 11
5.7781820078740154
 21
-3.2528834251968504
 31
0
  0
LINE
  5
4AD
330
1F
100
AcDbEntity
  8
In1.Cu
  6
CONTINUOUS
100
AcDbLine
 10
5.7781820078740154
 20
-3.2528834251968504
 30
0
 11
5.7755821259842515
 21
-3.2543844488188975
 31
0
  0
LINE
  5
4AE
330
1F
100
AcDbEntity
  8
In1.Cu
  6
CONTINUOUS
100
AcDbLine
 10
5.7755821259842515
 20
-3.2543844488188975
 30
0
 11
5.7726823228346458
 21
-3.2551614566929135
 31
0
  0
LINE
  5
4AF
330
1F
100
AcDbEntity
  8
In1.Cu
  6
CONTINUOUS
100
AcDbLine
 10
5.7726823228346458
 20
-3.2551614566929135
 30
0
 11
5.7696801968503939
 21
-3.2551614566929135
 31
0
  0
LINE
  5
4B0
330
1F
100
AcDbEntity
  8
In1.Cu
  6
CONTINUOUS
100
AcDbLine
 10
5.7696801968503939
 20
-3.2551614566929135
 30
0
 11
5.7667803937007873
 21
-3.2543844488188975
 31
0
  0
LINE
  5
4B1
330
1F
100
AcDbEntity
  8
In1.Cu
  6
CONTINUOUS
100
AcDbLine
 10
5.7667803937007873
 20
-3.2543844488188975
 30
0
 11
5.7641805118110234
 21
-3.2528834251968504
 31
0
  0
LINE
  5
4B2
330
1F
100
AcDbEntity
  8
In1.Cu
  6
CONTINUOUS
100
AcDbLine
 10
5.7641805118110234
 20
-3.2528834251968504
 30
0
 11
5.7620576771653544
 21
-3.2507605905511809
 31
0
  0
LINE
  5
4B3
330
1F
100
AcDbEntity
  8
In1.Cu
  6
CONTINUOUS
100
AcDbLine
 10
5.7620576771653544
 20
-3.2507605905511809
 30
0
 11
5.7605566535433068
 21
-3.248160708661417
 31
0
  0
LINE
  5
4B4
330
1F
100
AcDbEntity
  8
In1.Cu
  6
CONTINUOUS
100
AcDbLine
 10
5.7605566535433068
 20
-3.248160708661417
 30
0
 11
5.7597796456692913
 21
-3.2452609055118109
 31
0
  0
LINE
  5
4B5
330
1F
100
AcDbEntity
  8
In1.Cu
  6
CONTINUOUS
100
AcDbLine
 10
5.7597796456692913
 20
-3.2452609055118109
 30
0
 11
5.7597796456692913
 21
-3.242258779527559
 31
0
  0
LINE
  5
4B6
330
1F
100
AcDbEntity
  8
In1.Cu
  6
CONTINUOUS
100
AcDbLine
 10
5.7597796456692913
 20
-3.242258779527559
 30
0
 11
5.7605566535433068
 21
-3.2393589763779529
 31
0
  0
LINE
  5
4B7
330
1F
100
AcDbEntity
  8
In1.Cu
  6
CONTINUOUS
100
AcDbLine
 10
5.7605566535433068
 20
-3.2393589763779529
 30
0
 11
5.7620576771653544
 21
-3.236759094488189
 31
0
  0
LINE
  5
4B8
330
1F
100
AcDbEntity
  8
In1.Cu
  6
CONTINUOUS
100
AcDbLine
 10
5.7620576771653544
 20
-3.236759094488189
 30
0
 11
5.7641805118110234
 21
-3.2346362598425196
 31
0
  0
LINE
  5
4B9
330
1F
100
AcDbEntity
  8
In1.Cu
  6
CONTINUOUS
100
AcDbLine
 10
5.7641805118110234
 20
-3.2346362598425196
 30
0
 11
5.7667803937007873
 21
-3.2331352362204724
 31
0
  0
LINE
  5
4BA
330
1F
100
AcDbEntity
  8
In1.Cu
  6
CONTINUOUS
100
AcDbLine
 10
5.7667803937007873
 20
-3.2331352362204724
 30
0
 11
5.7696801968503939
 21
-3.2323582283464565
 31
0
  0
LINE
  5
4BB
330
1F
100
AcDbEntity
  8
In1.Cu
  6
CONTINUOUS
100
AcDbLine
 10
5.7696801968503939
 20
-3.2323582283464565
 30
0
 11
5.7726823228346458
 21
-3.2323582283464565
 31
0
  0
LINE
  5
4BC
330
1F
100
AcDbEntity
  8
In1.Cu
  6
CONTINUOUS
100
AcDbLine
 10
5.7726823228346458
 20
-3.2323582283464565
 30
0
 11
5.7755821259842515
 21
-3.2331352362204724
 31
0
  0
LINE
  5
4BD
330
1F
100
AcDbEntity
  8
In1.Cu
  6
CONTINUOUS
100
AcDbLine
 10
5.6590888188976374
 20
-3.1836687401574801
 30
0
 11
5.660890196850394
 21
-3.1857476377952754
 31
0
  0
LINE
  5
4BE
330
1F
100
AcDbEntity
  8
In1.Cu
  6
CONTINUOUS
100
AcDbLine
 10
5.660890196850394
 20
-3.1857476377952754
 30
0
 11
5.661281692913386
 21
-3.1884703937007872
 31
0
  0
LINE
  5
4BF
330
1F
100
AcDbEntity
  8
In1.Cu
  6
CONTINUOUS
100
AcDbLine
 10
5.661281692913386
 20
-3.1884703937007872
 30
0
 11
5.6608839370078741
 21
-3.1896209842519685
 31
0
  0
LINE
  5
4C0
330
1F
100
AcDbEntity
  8
In1.Cu
  6
CONTINUOUS
100
AcDbLine
 10
5.6608839370078741
 20
-3.1896209842519685
 30
0
 11
5.6609557874015746
 21
-3.1896507480314962
 31
0
  0
LINE
  5
4C1
330
1F
100
AcDbEntity
  8
In1.Cu
  6
CONTINUOUS
100
AcDbLine
 10
5.6609557874015746
 20
-3.1896507480314962
 30
0
 11
5.6608333070866141
 21
-3.189946338582677
 31
0
  0
LINE
  5
4C2
330
1F
100
AcDbEntity
  8
In1.Cu
  6
CONTINUOUS
100
AcDbLine
 10
5.6608333070866141
 20
-3.189946338582677
 30
0
 11
5.6600600393700784
 21
-3.1928321653543308
 31
0
  0
LINE
  5
4C3
330
1F
100
AcDbEntity
  8
In1.Cu
  6
CONTINUOUS
100
AcDbLine
 10
5.6600600393700784
 20
-3.1928321653543308
 30
0
 11
5.6596734251968499
 21
-3.1942750787401573
 31
0
  0
LINE
  5
4C4
330
1F
100
AcDbEntity
  8
In1.Cu
  6
CONTINUOUS
100
AcDbLine
 10
5.6596734251968499
 20
-3.1942750787401573
 30
0
 11
5.6596734251968499
 21
-3.1987564173228344
 31
0
  0
LINE
  5
4C5
330
1F
100
AcDbEntity
  8
In1.Cu
  6
CONTINUOUS
100
AcDbLine
 10
5.6596734251968499
 20
-3.1987564173228344
 30
0
 11
5.6604466535433069
 21
-3.2016421653543308
 31
0
  0
LINE
  5
4C6
330
1F
100
AcDbEntity
  8
In1.Cu
  6
CONTINUOUS
100
AcDbLine
 10
5.6604466535433069
 20
-3.2016421653543308
 30
0
 11
5.6608333070866141
 21
-3.203085118110236
 31
0
  0
LINE
  5
4C7
330
1F
100
AcDbEntity
  8
In1.Cu
  6
CONTINUOUS
100
AcDbLine
 10
5.6608333070866141
 20
-3.203085118110236
 30
0
 11
5.6608334251968504
 21
-3.2030853149606298
 31
0
  0
LINE
  5
4C8
330
1F
100
AcDbEntity
  8
In1.Cu
  6
CONTINUOUS
100
AcDbLine
 10
5.6608334251968504
 20
-3.2030853149606298
 30
0
 11
5.6630737795275587
 21
-3.2069657874015749
 31
0
  0
LINE
  5
4C9
330
1F
100
AcDbEntity
  8
In1.Cu
  6
CONTINUOUS
100
AcDbLine
 10
5.6630737795275587
 20
-3.2069657874015749
 30
0
 11
5.6630739370078738
 21
-3.2069659842519682
 31
0
  0
LINE
  5
4CA
330
1F
100
AcDbEntity
  8
In1.Cu
  6
CONTINUOUS
100
AcDbLine
 10
5.6630739370078738
 20
-3.2069659842519682
 30
0
 11
5.6630739763779525
 21
-3.2069660629921257
 31
0
  0
LINE
  5
4CB
330
1F
100
AcDbEntity
  8
In1.Cu
  6
CONTINUOUS
100
AcDbLine
 10
5.6630739763779525
 20
-3.2069660629921257
 30
0
 11
5.6662427952755907
 21
-3.2101348818897639
 31
0
  0
LINE
  5
4CC
330
1F
100
AcDbEntity
  8
In1.Cu
  6
CONTINUOUS
100
AcDbLine
 10
5.6662427952755907
 20
-3.2101348818897639
 30
0
 11
5.6662428740157482
 21
-3.2101349212598422
 31
0
  0
LINE
  5
4CD
330
1F
100
AcDbEntity
  8
In1.Cu
  6
CONTINUOUS
100
AcDbLine
 10
5.6662428740157482
 20
-3.2101349212598422
 30
0
 11
5.6662430314960632
 21
-3.2101350393700785
 31
0
  0
LINE
  5
4CE
330
1F
100
AcDbEntity
  8
In1.Cu
  6
CONTINUOUS
100
AcDbLine
 10
5.6662430314960632
 20
-3.2101350393700785
 30
0
 11
5.6701235039370079
 21
-3.2123753937007873
 31
0
  0
LINE
  5
4CF
330
1F
100
AcDbEntity
  8
In1.Cu
  6
CONTINUOUS
100
AcDbLine
 10
5.6701235039370079
 20
-3.2123753937007873
 30
0
 11
5.6701237795275592
 21
-3.2123755511811023
 31
0
  0
LINE
  5
4D0
330
1F
100
AcDbEntity
  8
In1.Cu
  6
CONTINUOUS
100
AcDbLine
 10
5.6701237795275592
 20
-3.2123755511811023
 30
0
 11
5.674452440944882
 21
-3.2135354330708661
 31
0
  0
LINE
  5
4D1
330
1F
100
AcDbEntity
  8
In1.Cu
  6
CONTINUOUS
100
AcDbLine
 10
5.674452440944882
 20
-3.2135354330708661
 30
0
 11
5.6744525196850395
 21
-3.2135354330708661
 31
0
  0
LINE
  5
4D2
330
1F
100
AcDbEntity
  8
In1.Cu
  6
CONTINUOUS
100
AcDbLine
 10
5.6744525196850395
 20
-3.2135354330708661
 30
0
 11
5.6789337007874012
 21
-3.2135354330708661
 31
0
  0
LINE
  5
4D3
330
1F
100
AcDbEntity
  8
In1.Cu
  6
CONTINUOUS
100
AcDbLine
 10
5.6789337007874012
 20
-3.2135354330708661
 30
0
 11
5.6789337795275587
 21
-3.2135354330708661
 31
0
  0
LINE
  5
4D4
330
1F
100
AcDbEntity
  8
In1.Cu
  6
CONTINUOUS
100
AcDbLine
 10
5.6789337795275587
 20
-3.2135354330708661
 30
0
 11
5.6832624409448815
 21
-3.2123755511811023
 31
0
  0
LINE
  5
4D5
330
1F
100
AcDbEntity
  8
In1.Cu
  6
CONTINUOUS
100
AcDbLine
 10
5.6832624409448815
 20
-3.2123755511811023
 30
0
 11
5.68714342519685
 21
-3.2101348818897639
 31
0
  0
LINE
  5
4D6
330
1F
100
AcDbEntity
  8
In1.Cu
  6
CONTINUOUS
100
AcDbLine
 10
5.68714342519685
 20
-3.2101348818897639
 30
0
 11
5.6903122440944882
 21
-3.2069660629921257
 31
0
  0
LINE
  5
4D7
330
1F
100
AcDbEntity
  8
In1.Cu
  6
CONTINUOUS
100
AcDbLine
 10
5.6903122440944882
 20
-3.2069660629921257
 30
0
 11
5.6925529133858266
 21
-3.2030850787401572
 31
0
  0
LINE
  5
4D8
330
1F
100
AcDbEntity
  8
In1.Cu
  6
CONTINUOUS
100
AcDbLine
 10
5.6925529133858266
 20
-3.2030850787401572
 30
0
 11
5.6937127952755908
 21
-3.1987564173228344
 31
0
  0
LINE
  5
4D9
330
1F
100
AcDbEntity
  8
In1.Cu
  6
CONTINUOUS
100
AcDbLine
 10
5.6937127952755908
 20
-3.1987564173228344
 30
0
 11
5.6937127952755908
 21
-3.1942750787401573
 31
0
  0
LINE
  5
4DA
330
1F
100
AcDbEntity
  8
In1.Cu
  6
CONTINUOUS
100
AcDbLine
 10
5.6937127952755908
 20
-3.1942750787401573
 30
0
 11
5.6925529133858266
 21
-3.1899464173228345
 31
0
  0
LINE
  5
4DB
330
1F
100
AcDbEntity
  8
In1.Cu
  6
CONTINUOUS
100
AcDbLine
 10
5.6925529133858266
 20
-3.1899464173228345
 30
0
 11
5.6925528740157478
 21
-3.189946338582677
 31
0
  0
LINE
  5
4DC
330
1F
100
AcDbEntity
  8
In1.Cu
  6
CONTINUOUS
100
AcDbLine
 10
5.6925528740157478
 20
-3.189946338582677
 30
0
 11
5.6924304330708662
 21
-3.1896507480314962
 31
0
  0
LINE
  5
4DD
330
1F
100
AcDbEntity
  8
In1.Cu
  6
CONTINUOUS
100
AcDbLine
 10
5.6924304330708662
 20
-3.1896507480314962
 30
0
 11
5.6925581496062989
 21
-3.189597834645669
 31
0
  0
LINE
  5
4DE
330
1F
100
AcDbEntity
  8
In1.Cu
  6
CONTINUOUS
100
AcDbLine
 10
5.6925581496062989
 20
-3.189597834645669
 30
0
 11
5.6920605511811022
 21
-3.187539409448819
 31
0
  0
LINE
  5
4DF
330
1F
100
AcDbEntity
  8
In1.Cu
  6
CONTINUOUS
100
AcDbLine
 10
5.6920605511811022
 20
-3.187539409448819
 30
0
 11
5.6929623622047245
 21
-3.1849406299212597
 31
0
  0
LINE
  5
4E0
330
1F
100
AcDbEntity
  8
In1.Cu
  6
CONTINUOUS
100
AcDbLine
 10
5.6929623622047245
 20
-3.1849406299212597
 30
0
 11
5.6951259842519688
 21
-3.1832419685039368
 31
0
  0
LINE
  5
4E1
330
1F
100
AcDbEntity
  8
In1.Cu
  6
CONTINUOUS
100
AcDbLine
 10
5.6951259842519688
 20
-3.1832419685039368
 30
0
 11
5.6969367322834641
 21
-3.1828937401574802
 31
0
  0
LINE
  5
4E2
330
1F
100
AcDbEntity
  8
In1.Cu
  6
CONTINUOUS
100
AcDbLine
 10
5.6969367322834641
 20
-3.1828937401574802
 30
0
 11
7.4196970472440942
 21
-3.1828937401574802
 31
0
  0
LINE
  5
4E3
330
1F
100
AcDbEntity
  8
In1.Cu
  6
CONTINUOUS
100
AcDbLine
 10
7.4196970472440942
 20
-3.1828937401574802
 30
0
 11
7.4223363779527558
 21
-3.1836687401574801
 31
0
  0
LINE
  5
4E4
330
1F
100
AcDbEntity
  8
In1.Cu
  6
CONTINUOUS
100
AcDbLine
 10
7.4223363779527558
 20
-3.1836687401574801
 30
0
 11
7.4241377559055115
 21
-3.1857476377952754
 31
0
  0
LINE
  5
4E5
330
1F
100
AcDbEntity
  8
In1.Cu
  6
CONTINUOUS
100
AcDbLine
 10
7.4241377559055115
 20
-3.1857476377952754
 30
0
 11
7.4245789370078734
 21
-3.1877756299212598
 31
0
  0
LINE
  5
4E6
330
1F
100
AcDbEntity
  8
In1.Cu
  6
CONTINUOUS
100
AcDbLine
 10
7.4245789370078734
 20
-3.1877756299212598
 30
0
 11
7.4245789370078734
 21
-4.5607795275590552
 31
0
  0
LINE
  5
4E7
330
1F
100
AcDbEntity
  8
In1.Cu
  6
CONTINUOUS
100
AcDbLine
 10
7.4245789370078734
 20
-4.5607795275590552
 30
0
 11
7.4238039370078734
 21
-4.5634188582677169
 31
0
  0
LINE
  5
4E8
330
1F
100
AcDbEntity
  8
In1.Cu
  6
CONTINUOUS
100
AcDbLine
 10
7.4238039370078734
 20
-4.5634188582677169
 30
0
 11
7.4217250393700782
 21
-4.5652202362204726
 31
0
  0
LINE
  5
4E9
330
1F
100
AcDbEntity
  8
In1.Cu
  6
CONTINUOUS
100
AcDbLine
 10
7.4217250393700782
 20
-4.5652202362204726
 30
0
 11
7.4196970472440942
 21
-4.5656614173228345
 31
0
  0
LINE
  5
4EA
330
1F
100
AcDbEntity
  8
In1.Cu
  6
CONTINUOUS
100
AcDbLine
 10
7.4196970472440942
 20
-4.5656614173228345
 30
0
 11
5.1455001574803152
 21
-4.5656614173228345
 31
0
  0
LINE
  5
4EB
330
1F
100
AcDbEntity
  8
In1.Cu
  6
CONTINUOUS
100
AcDbLine
 10
5.1455001574803152
 20
-4.5656614173228345
 30
0
 11
5.1428608267716536
 21
-4.5648864173228345
 31
0
  0
LINE
  5
4EC
330
1F
100
AcDbEntity
  8
In1.Cu
  6
CONTINUOUS
100
AcDbLine
 10
5.1428608267716536
 20
-4.5648864173228345
 30
0
 11
5.1410594488188979
 21
-4.5628075196850393
 31
0
  0
LINE
  5
4ED
330
1F
100
AcDbEntity
  8
In1.Cu
  6
CONTINUOUS
100
AcDbLine
 10
5.1410594488188979
 20
-4.5628075196850393
 30
0
 11
5.1406182677165351
 21
-4.5607795275590552
 31
0
  0
LINE
  5
4EE
330
1F
100
AcDbEntity
  8
In1.Cu
  6
CONTINUOUS
100
AcDbLine
 10
5.1406182677165351
 20
-4.5607795275590552
 30
0
 11
5.1406182677165351
 21
-4.3935722047244097
 31
0
  0
LINE
  5
4EF
330
1F
100
AcDbEntity
  8
In1.Cu
  6
CONTINUOUS
100
AcDbLine
 10
5.1406182677165351
 20
-4.3935722047244097
 30
0
 11
5.1406182677165351
 21
-4.2493931889763781
 31
0
  0
LINE
  5
4F0
330
1F
100
AcDbEntity
  8
In1.Cu
  6
CONTINUOUS
100
AcDbLine
 10
5.1406182677165351
 20
-4.2493931889763781
 30
0
 11
5.1406182677165351
 21
-4.2146361417322833
 31
0
  0
LINE
  5
4F1
330
1F
100
AcDbEntity
  8
In1.Cu
  6
CONTINUOUS
100
AcDbLine
 10
5.1406182677165351
 20
-4.2146361417322833
 30
0
 11
5.1406182677165351
 21
-4.0965259055118111
 31
0
  0
LINE
  5
4F2
330
1F
100
AcDbEntity
  8
In1.Cu
  6
CONTINUOUS
100
AcDbLine
 10
5.1406182677165351
 20
-4.0965259055118111
 30
0
 11
5.1406182677165351
 21
-4.0406101968503938
 31
0
  0
LINE
  5
4F3
330
1F
100
AcDbEntity
  8
In1.Cu
  6
CONTINUOUS
100
AcDbLine
 10
5.1406182677165351
 20
-4.0406101968503938
 30
0
 11
5.1406182677165351
 21
-3.7768371653543307
 31
0
  0
LINE
  5
4F4
330
1F
100
AcDbEntity
  8
In1.Cu
  6
CONTINUOUS
100
AcDbLine
 10
5.1406182677165351
 20
-3.7768371653543307
 30
0
 11
5.1406182677165351
 21
-3.6870669685039368
 31
0
  0
LINE
  5
4F5
330
1F
100
AcDbEntity
  8
In1.Cu
  6
CONTINUOUS
100
AcDbLine
 10
5.1406182677165351
 20
-3.6870669685039368
 30
0
 11
5.1406182677165351
 21
-3.6549049999999998
 31
0
  0
LINE
  5
4F6
330
1F
100
AcDbEntity
  8
In1.Cu
  6
CONTINUOUS
100
AcDbLine
 10
5.1406182677165351
 20
-3.6549049999999998
 30
0
 11
5.1406182677165351
 21
-3.5650298425196851
 31
0
  0
LINE
  5
4F7
330
1F
100
AcDbEntity
  8
In1.Cu
  6
CONTINUOUS
100
AcDbLine
 10
5.1406182677165351
 20
-3.5650298425196851
 30
0
 11
5.1406182677165351
 21
-3.5208891732283463
 31
0
  0
LINE
  5
4F8
330
1F
100
AcDbEntity
  8
In1.Cu
  6
CONTINUOUS
100
AcDbLine
 10
5.1406182677165351
 20
-3.5208891732283463
 30
0
 11
5.1406182677165351
 21
-3.3471257874015747
 31
0
  0
LINE
  5
4F9
330
1F
100
AcDbEntity
  8
In1.Cu
  6
CONTINUOUS
100
AcDbLine
 10
5.1406182677165351
 20
-3.3471257874015747
 30
0
 11
5.1406182677165351
 21
-3.1877756299212598
 31
0
  0
LINE
  5
4FA
330
1F
100
AcDbEntity
  8
In1.Cu
  6
CONTINUOUS
100
AcDbLine
 10
5.1406182677165351
 20
-3.1877756299212598
 30
0
 11
5.141393267716535
 21
-3.1851362992125982
 31
0
  0
LINE
  5
4FB
330
1F
100
AcDbEntity
  8
In1.Cu
  6
CONTINUOUS
100
AcDbLine
 10
5.141393267716535
 20
-3.1851362992125982
 30
0
 11
5.1434721653543303
 21
-3.1833349212598425
 31
0
  0
LINE
  5
4FC
330
1F
100
AcDbEntity
  8
In1.Cu
  6
CONTINUOUS
100
AcDbLine
 10
5.1434721653543303
 20
-3.1833349212598425
 30
0
 11
5.1455001574803152
 21
-3.1828937401574802
 31
0
  0
LINE
  5
4FD
330
1F
100
AcDbEntity
  8
In1.Cu
  6
CONTINUOUS
100
AcDbLine
 10
5.1455001574803152
 20
-3.1828937401574802
 30
0
 11
5.6564494881889766
 21
-3.1828937401574802
 31
0
  0
LINE
  5
4FE
330
1F
100
AcDbEntity
  8
In1.Cu
  6
CONTINUOUS
100
AcDbLine
 10
5.6564494881889766
 20
-3.1828937401574802
 30
0
 11
5.6590888188976374
 21
-3.1836687401574801
 31
0
  0
LINE
  5
4FF
330
1F
100
AcDbEntity
  8
In1.Cu
  6
CONTINUOUS
100
AcDbLine
 10
5.5294490157480309
 20
-4.5076968897637792
 30
0
 11
5.5294490157480309
 21
-4.5332025590551179
 31
0
  0
LINE
  5
500
330
1F
100
AcDbEntity
  8
In1.Cu
  6
CONTINUOUS
100
AcDbLine
 10
5.5294490157480309
 20
-4.5332025590551179
 30
0
 11
5.5297010236220467
 21
-4.5355461811023625
 31
0
  0
LINE
  5
501
330
1F
100
AcDbEntity
  8
In1.Cu
  6
CONTINUOUS
100
AcDbLine
 10
5.5297010236220467
 20
-4.5355461811023625
 30
0
 11
5.5297011023622042
 21
-4.5355464566929129
 31
0
  0
LINE
  5
502
330
1F
100
AcDbEntity
  8
In1.Cu
  6
CONTINUOUS
100
AcDbLine
 10
5.5297011023622042
 20
-4.5355464566929129
 30
0
 11
5.5316791338582672
 21
-4.5408498818897636
 31
0
  0
LINE
  5
503
330
1F
100
AcDbEntity
  8
In1.Cu
  6
CONTINUOUS
100
AcDbLine
 10
5.5316791338582672
 20
-4.5408498818897636
 30
0
 11
5.5316792913385822
 21
-4.5408501574803148
 31
0
  0
LINE
  5
504
330
1F
100
AcDbEntity
  8
In1.Cu
  6
CONTINUOUS
100
AcDbLine
 10
5.5316792913385822
 20
-4.5408501574803148
 30
0
 11
5.5350714173228344
 21
-4.5453814173228348
 31
0
  0
LINE
  5
505
330
1F
100
AcDbEntity
  8
In1.Cu
  6
CONTINUOUS
100
AcDbLine
 10
5.5350714173228344
 20
-4.5453814173228348
 30
0
 11
5.5350715354330706
 21
-4.5453815354330711
 31
0
  0
LINE
  5
506
330
1F
100
AcDbEntity
  8
In1.Cu
  6
CONTINUOUS
100
AcDbLine
 10
5.5350715354330706
 20
-4.5453815354330711
 30
0
 11
5.5396027952755906
 21
-4.5487736614173224
 31
0
  0
LINE
  5
507
330
1F
100
AcDbEntity
  8
In1.Cu
  6
CONTINUOUS
100
AcDbLine
 10
5.5396027952755906
 20
-4.5487736614173224
 30
0
 11
5.5396030708661419
 21
-4.5487738188976374
 31
0
  0
LINE
  5
508
330
1F
100
AcDbEntity
  8
In1.Cu
  6
CONTINUOUS
100
AcDbLine
 10
5.5396030708661419
 20
-4.5487738188976374
 30
0
 11
5.5449064960629917
 21
-4.5507518503937003
 31
0
  0
LINE
  5
509
330
1F
100
AcDbEntity
  8
In1.Cu
  6
CONTINUOUS
100
AcDbLine
 10
5.5449064960629917
 20
-4.5507518503937003
 30
0
 11
5.544906771653543
 21
-4.5507519291338578
 31
0
  0
LINE
  5
50A
330
1F
100
AcDbEntity
  8
In1.Cu
  6
CONTINUOUS
100
AcDbLine
 10
5.544906771653543
 20
-4.5507519291338578
 30
0
 11
5.5472503937007875
 21
-4.5510039370078736
 31
0
  0
LINE
  5
50B
330
1F
100
AcDbEntity
  8
In1.Cu
  6
CONTINUOUS
100
AcDbLine
 10
5.5472503937007875
 20
-4.5510039370078736
 30
0
 11
5.5472510629921254
 21
-4.5510039763779524
 31
0
  0
LINE
  5
50C
330
1F
100
AcDbEntity
  8
In1.Cu
  6
CONTINUOUS
100
AcDbLine
 10
5.5472510629921254
 20
-4.5510039763779524
 30
0
 11
5.572756102362205
 21
-4.5510039763779524
 31
0
  0
LINE
  5
50D
330
1F
100
AcDbEntity
  8
In1.Cu
  6
CONTINUOUS
100
AcDbLine
 10
5.572756102362205
 20
-4.5510039763779524
 30
0
 11
5.572756102362205
 21
-4.5313189370078737
 31
0
  0
LINE
  5
50E
330
1F
100
AcDbEntity
  8
In1.Cu
  6
CONTINUOUS
100
AcDbLine
 10
5.572756102362205
 20
-4.5313189370078737
 30
0
 11
5.5491340551181105
 21
-4.5313189370078737
 31
0
  0
LINE
  5
50F
330
1F
100
AcDbEntity
  8
In1.Cu
  6
CONTINUOUS
100
AcDbLine
 10
5.5491340551181105
 20
-4.5313189370078737
 30
0
 11
5.5491340551181105
 21
-4.5076968897637792
 31
0
  0
LINE
  5
510
330
1F
100
AcDbEntity
  8
In1.Cu
  6
CONTINUOUS
100
AcDbLine
 10
5.5491340551181105
 20
-4.5076968897637792
 30
0
 11
5.5294490157480309
 21
-4.5076968897637792
 31
0
  0
LINE
  5
511
330
1F
100
AcDbEntity
  8
In1.Cu
  6
CONTINUOUS
100
AcDbLine
 10
5.5924411417322837
 20
-4.4643898031496061
 30
0
 11
5.6160631889763781
 21
-4.4643898031496061
 31
0
  0
LINE
  5
512
330
1F
100
AcDbEntity
  8
In1.Cu
  6
CONTINUOUS
100
AcDbLine
 10
5.6160631889763781
 20
-4.4643898031496061
 30
0
 11
5.6160631889763781
 21
-4.5313189370078737
 31
0
  0
LINE
  5
513
330
1F
100
AcDbEntity
  8
In1.Cu
  6
CONTINUOUS
100
AcDbLine
 10
5.6160631889763781
 20
-4.5313189370078737
 30
0
 11
5.5924411417322837
 21
-4.5313189370078737
 31
0
  0
LINE
  5
514
330
1F
100
AcDbEntity
  8
In1.Cu
  6
CONTINUOUS
100
AcDbLine
 10
5.5924411417322837
 20
-4.5313189370078737
 30
0
 11
5.5924411417322837
 21
-4.5510039763779524
 31
0
  0
LINE
  5
515
330
1F
100
AcDbEntity
  8
In1.Cu
  6
CONTINUOUS
100
AcDbLine
 10
5.5924411417322837
 20
-4.5510039763779524
 30
0
 11
5.6179461811023623
 21
-4.5510039763779524
 31
0
  0
LINE
  5
516
330
1F
100
AcDbEntity
  8
In1.Cu
  6
CONTINUOUS
100
AcDbLine
 10
5.6179461811023623
 20
-4.5510039763779524
 30
0
 11
5.6179468110236215
 21
-4.5510039370078736
 31
0
  0
LINE
  5
517
330
1F
100
AcDbEntity
  8
In1.Cu
  6
CONTINUOUS
100
AcDbLine
 10
5.6179468110236215
 20
-4.5510039370078736
 30
0
 11
5.6202904330708661
 21
-4.5507519291338578
 31
0
  0
LINE
  5
518
330
1F
100
AcDbEntity
  8
In1.Cu
  6
CONTINUOUS
100
AcDbLine
 10
5.6202904330708661
 20
-4.5507519291338578
 30
0
 11
5.6202907086614173
 21
-4.5507518503937003
 31
0
  0
LINE
  5
519
330
1F
100
AcDbEntity
  8
In1.Cu
  6
CONTINUOUS
100
AcDbLine
 10
5.6202907086614173
 20
-4.5507518503937003
 30
0
 11
5.625594133858268
 21
-4.5487738188976374
 31
0
  0
LINE
  5
51A
330
1F
100
AcDbEntity
  8
In1.Cu
  6
CONTINUOUS
100
AcDbLine
 10
5.625594133858268
 20
-4.5487738188976374
 30
0
 11
5.6255944094488184
 21
-4.5487736614173224
 31
0
  0
LINE
  5
51B
330
1F
100
AcDbEntity
  8
In1.Cu
  6
CONTINUOUS
100
AcDbLine
 10
5.6255944094488184
 20
-4.5487736614173224
 30
0
 11
5.6301256692913384
 21
-4.5453815354330711
 31
0
  0
LINE
  5
51C
330
1F
100
AcDbEntity
  8
In1.Cu
  6
CONTINUOUS
100
AcDbLine
 10
5.6301256692913384
 20
-4.5453815354330711
 30
0
 11
5.6301257874015747
 21
-4.5453814173228348
 31
0
  0
LINE
  5
51D
330
1F
100
AcDbEntity
  8
In1.Cu
  6
CONTINUOUS
100
AcDbLine
 10
5.6301257874015747
 20
-4.5453814173228348
 30
0
 11
5.6335179133858269
 21
-4.5408501574803148
 31
0
  0
LINE
  5
51E
330
1F
100
AcDbEntity
  8
In1.Cu
  6
CONTINUOUS
100
AcDbLine
 10
5.6335179133858269
 20
-4.5408501574803148
 30
0
 11
5.6335180708661419
 21
-4.5408498818897636
 31
0
  0
LINE
  5
51F
330
1F
100
AcDbEntity
  8
In1.Cu
  6
CONTINUOUS
100
AcDbLine
 10
5.6335180708661419
 20
-4.5408498818897636
 30
0
 11
5.6354961023622048
 21
-4.5355464566929129
 31
0
  0
LINE
  5
520
330
1F
100
AcDbEntity
  8
In1.Cu
  6
CONTINUOUS
100
AcDbLine
 10
5.6354961023622048
 20
-4.5355464566929129
 30
0
 11
5.6354961811023623
 21
-4.5355461811023625
 31
0
  0
LINE
  5
521
330
1F
100
AcDbEntity
  8
In1.Cu
  6
CONTINUOUS
100
AcDbLine
 10
5.6354961811023623
 20
-4.5355461811023625
 30
0
 11
5.6357481889763781
 21
-4.5332025590551179
 31
0
  0
LINE
  5
522
330
1F
100
AcDbEntity
  8
In1.Cu
  6
CONTINUOUS
100
AcDbLine
 10
5.6357481889763781
 20
-4.5332025590551179
 30
0
 11
5.6357482283464568
 21
-4.5332018897637791
 31
0
  0
LINE
  5
523
330
1F
100
AcDbEntity
  8
In1.Cu
  6
CONTINUOUS
100
AcDbLine
 10
5.6357482283464568
 20
-4.5332018897637791
 30
0
 11
5.6357482283464568
 21
-4.5111611417322832
 31
0
  0
LINE
  5
524
330
1F
100
AcDbEntity
  8
In1.Cu
  6
CONTINUOUS
100
AcDbLine
 10
5.6357482283464568
 20
-4.5111611417322832
 30
0
 11
5.6365232283464568
 21
-4.5085218110236216
 31
0
  0
LINE
  5
525
330
1F
100
AcDbEntity
  8
In1.Cu
  6
CONTINUOUS
100
AcDbLine
 10
5.6365232283464568
 20
-4.5085218110236216
 30
0
 11
5.638602125984252
 21
-4.5067204330708659
 31
0
  0
LINE
  5
526
330
1F
100
AcDbEntity
  8
In1.Cu
  6
CONTINUOUS
100
AcDbLine
 10
5.638602125984252
 20
-4.5067204330708659
 30
0
 11
5.6413248818897639
 21
-4.5063289370078738
 31
0
  0
LINE
  5
527
330
1F
100
AcDbEntity
  8
In1.Cu
  6
CONTINUOUS
100
AcDbLine
 10
5.6413248818897639
 20
-4.5063289370078738
 30
0
 11
5.6438270866141735
 21
-4.5074716535433073
 31
0
  0
LINE
  5
528
330
1F
100
AcDbEntity
  8
In1.Cu
  6
CONTINUOUS
100
AcDbLine
 10
5.6438270866141735
 20
-4.5074716535433073
 30
0
 11
5.6451403937007871
 21
-4.5092929527559056
 31
0
  0
LINE
  5
529
330
1F
100
AcDbEntity
  8
In1.Cu
  6
CONTINUOUS
100
AcDbLine
 10
5.6451403937007871
 20
-4.5092929527559056
 30
0
 11
5.6480511023622046
 21
-4.5163201574803145
 31
0
  0
LINE
  5
52A
330
1F
100
AcDbEntity
  8
In1.Cu
  6
CONTINUOUS
100
AcDbLine
 10
5.6480511023622046
 20
-4.5163201574803145
 30
0
 11
5.6480511417322834
 21
-4.516320236220472
 31
0
  0
LINE
  5
52B
330
1F
100
AcDbEntity
  8
In1.Cu
  6
CONTINUOUS
100
AcDbLine
 10
5.6480511417322834
 20
-4.516320236220472
 30
0
 11
5.6523175590551178
 21
-4.522705354330709
 31
0
  0
LINE
  5
52C
330
1F
100
AcDbEntity
  8
In1.Cu
  6
CONTINUOUS
100
AcDbLine
 10
5.6523175590551178
 20
-4.522705354330709
 30
0
 11
5.652317677165354
 21
-4.5227055118110231
 31
0
  0
LINE
  5
52D
330
1F
100
AcDbEntity
  8
In1.Cu
  6
CONTINUOUS
100
AcDbLine
 10
5.652317677165354
 20
-4.5227055118110231
 30
0
 11
5.657747440944882
 21
-4.5281352755905511
 31
0
  0
LINE
  5
52E
330
1F
100
AcDbEntity
  8
In1.Cu
  6
CONTINUOUS
100
AcDbLine
 10
5.657747440944882
 20
-4.5281352755905511
 30
0
 11
5.657747598425197
 21
-4.5281353937007873
 31
0
  0
LINE
  5
52F
330
1F
100
AcDbEntity
  8
In1.Cu
  6
CONTINUOUS
100
AcDbLine
 10
5.657747598425197
 20
-4.5281353937007873
 30
0
 11
5.6641326377952756
 21
-4.532401771653543
 31
0
  0
LINE
  5
530
330
1F
100
AcDbEntity
  8
In1.Cu
  6
CONTINUOUS
100
AcDbLine
 10
5.6641326377952756
 20
-4.532401771653543
 30
0
 11
5.6641326771653544
 21
-4.532401771653543
 31
0
  0
LINE
  5
531
330
1F
100
AcDbEntity
  8
In1.Cu
  6
CONTINUOUS
100
AcDbLine
 10
5.6641326771653544
 20
-4.532401771653543
 30
0
 11
5.6641327165354332
 21
-4.5324018110236217
 31
0
  0
LINE
  5
532
330
1F
100
AcDbEntity
  8
In1.Cu
  6
CONTINUOUS
100
AcDbLine
 10
5.6641327165354332
 20
-4.5324018110236217
 30
0
 11
5.6641327952755907
 21
-4.5324018503937005
 31
0
  0
LINE
  5
533
330
1F
100
AcDbEntity
  8
In1.Cu
  6
CONTINUOUS
100
AcDbLine
 10
5.6641327952755907
 20
-4.5324018503937005
 30
0
 11
5.6703704724409452
 21
-4.5349855511811024
 31
0
  0
LINE
  5
534
330
1F
100
AcDbEntity
  8
In1.Cu
  6
CONTINUOUS
100
AcDbLine
 10
5.6703704724409452
 20
-4.5349855511811024
 30
0
 11
5.6712273228346453
 21
-4.5353404724409447
 31
0
  0
LINE
  5
535
330
1F
100
AcDbEntity
  8
In1.Cu
  6
CONTINUOUS
100
AcDbLine
 10
5.6712273228346453
 20
-4.5353404724409447
 30
0
 11
5.677395118110236
 21
-4.5365673228346459
 31
0
  0
LINE
  5
536
330
1F
100
AcDbEntity
  8
In1.Cu
  6
CONTINUOUS
100
AcDbLine
 10
5.677395118110236
 20
-4.5365673228346459
 30
0
 11
5.6787588188976379
 21
-4.5368385826771656
 31
0
  0
LINE
  5
537
330
1F
100
AcDbEntity
  8
In1.Cu
  6
CONTINUOUS
100
AcDbLine
 10
5.6787588188976379
 20
-4.5368385826771656
 30
0
 11
5.6787589370078742
 21
-4.5368386220472443
 31
0
  0
LINE
  5
538
330
1F
100
AcDbEntity
  8
In1.Cu
  6
CONTINUOUS
100
AcDbLine
 10
5.6787589370078742
 20
-4.5368386220472443
 30
0
 11
5.6787590157480317
 21
-4.5368386220472443
 31
0
  0
LINE
  5
539
330
1F
100
AcDbEntity
  8
In1.Cu
  6
CONTINUOUS
100
AcDbLine
 10
5.6787590157480317
 20
-4.5368386220472443
 30
0
 11
5.6864383070866138
 21
-4.5368386220472443
 31
0
  0
LINE
  5
53A
330
1F
100
AcDbEntity
  8
In1.Cu
  6
CONTINUOUS
100
AcDbLine
 10
5.6864383070866138
 20
-4.5368386220472443
 30
0
 11
5.6864383464566925
 21
-4.5368385826771656
 31
0
  0
LINE
  5
53B
330
1F
100
AcDbEntity
  8
In1.Cu
  6
CONTINUOUS
100
AcDbLine
 10
5.6864383464566925
 20
-4.5368385826771656
 30
0
 11
5.6939699212598427
 21
-4.5353404724409447
 31
0
  0
LINE
  5
53C
330
1F
100
AcDbEntity
  8
In1.Cu
  6
CONTINUOUS
100
AcDbLine
 10
5.6939699212598427
 20
-4.5353404724409447
 30
0
 11
5.7010646062992123
 21
-4.532401771653543
 31
0
  0
LINE
  5
53D
330
1F
100
AcDbEntity
  8
In1.Cu
  6
CONTINUOUS
100
AcDbLine
 10
5.7010646062992123
 20
-4.532401771653543
 30
0
 11
5.7074496456692909
 21
-4.5281353937007873
 31
0
  0
LINE
  5
53E
330
1F
100
AcDbEntity
  8
In1.Cu
  6
CONTINUOUS
100
AcDbLine
 10
5.7074496456692909
 20
-4.5281353937007873
 30
0
 11
5.7128796456692914
 21
-4.5227053937007877
 31
0
  0
LINE
  5
53F
330
1F
100
AcDbEntity
  8
In1.Cu
  6
CONTINUOUS
100
AcDbLine
 10
5.7128796456692914
 20
-4.5227053937007877
 30
0
 11
5.717146023622047
 21
-4.5163203543307082
 31
0
  0
LINE
  5
540
330
1F
100
AcDbEntity
  8
In1.Cu
  6
CONTINUOUS
100
AcDbLine
 10
5.717146023622047
 20
-4.5163203543307082
 30
0
 11
5.7200847244094488
 21
-4.5092256692913386
 31
0
  0
LINE
  5
541
330
1F
100
AcDbEntity
  8
In1.Cu
  6
CONTINUOUS
100
AcDbLine
 10
5.7200847244094488
 20
-4.5092256692913386
 30
0
 11
5.7215828740157475
 21
-4.5016939763779522
 31
0
  0
LINE
  5
542
330
1F
100
AcDbEntity
  8
In1.Cu
  6
CONTINUOUS
100
AcDbLine
 10
5.7215828740157475
 20
-4.5016939763779522
 30
0
 11
5.7215828740157475
 21
-4.4940147637795276
 31
0
  0
LINE
  5
543
330
1F
100
AcDbEntity
  8
In1.Cu
  6
CONTINUOUS
100
AcDbLine
 10
5.7215828740157475
 20
-4.4940147637795276
 30
0
 11
5.7215828740157475
 21
-4.4940146456692913
 31
0
  0
LINE
  5
544
330
1F
100
AcDbEntity
  8
In1.Cu
  6
CONTINUOUS
100
AcDbLine
 10
5.7215828740157475
 20
-4.4940146456692913
 30
0
 11
5.7215828346456687
 21
-4.4940145669291338
 31
0
  0
LINE
  5
545
330
1F
100
AcDbEntity
  8
In1.Cu
  6
CONTINUOUS
100
AcDbLine
 10
5.7215828346456687
 20
-4.4940145669291338
 30
0
 11
5.721001141732283
 21
-4.4910901574803148
 31
0
  0
LINE
  5
546
330
1F
100
AcDbEntity
  8
In1.Cu
  6
CONTINUOUS
100
AcDbLine
 10
5.721001141732283
 20
-4.4910901574803148
 30
0
 11
5.7200847244094488
 21
-4.4864830708661421
 31
0
  0
LINE
  5
547
330
1F
100
AcDbEntity
  8
In1.Cu
  6
CONTINUOUS
100
AcDbLine
 10
5.7200847244094488
 20
-4.4864830708661421
 30
0
 11
5.7199069291338578
 21
-4.4860538188976378
 31
0
  0
LINE
  5
548
330
1F
100
AcDbEntity
  8
In1.Cu
  6
CONTINUOUS
100
AcDbLine
 10
5.7199069291338578
 20
-4.4860538188976378
 30
0
 11
5.7171461023622046
 21
-4.4793885433070866
 31
0
  0
LINE
  5
549
330
1F
100
AcDbEntity
  8
In1.Cu
  6
CONTINUOUS
100
AcDbLine
 10
5.7171461023622046
 20
-4.4793885433070866
 30
0
 11
5.7171460629921258
 21
-4.4793884645669291
 31
0
  0
LINE
  5
54A
330
1F
100
AcDbEntity
  8
In1.Cu
  6
CONTINUOUS
100
AcDbLine
 10
5.7171460629921258
 20
-4.4793884645669291
 30
0
 11
5.7128796456692914
 21
-4.473003346456693
 31
0
  0
LINE
  5
54B
330
1F
100
AcDbEntity
  8
In1.Cu
  6
CONTINUOUS
100
AcDbLine
 10
5.7128796456692914
 20
-4.473003346456693
 30
0
 11
5.7128795275590551
 21
-4.4730031889763779
 31
0
  0
LINE
  5
54C
330
1F
100
AcDbEntity
  8
In1.Cu
  6
CONTINUOUS
100
AcDbLine
 10
5.7128795275590551
 20
-4.4730031889763779
 30
0
 11
5.7074497637795272
 21
-4.46757342519685
 31
0
  0
LINE
  5
54D
330
1F
100
AcDbEntity
  8
In1.Cu
  6
CONTINUOUS
100
AcDbLine
 10
5.7074497637795272
 20
-4.46757342519685
 30
0
 11
5.7074496062992122
 21
-4.4675733070866137
 31
0
  0
LINE
  5
54E
330
1F
100
AcDbEntity
  8
In1.Cu
  6
CONTINUOUS
100
AcDbLine
 10
5.7074496062992122
 20
-4.4675733070866137
 30
0
 11
5.701064488188976
 21
-4.4633068897637793
 31
0
  0
LINE
  5
54F
330
1F
100
AcDbEntity
  8
In1.Cu
  6
CONTINUOUS
100
AcDbLine
 10
5.701064488188976
 20
-4.4633068897637793
 30
0
 11
5.7010644094488185
 21
-4.4633068503937006
 31
0
  0
LINE
  5
550
330
1F
100
AcDbEntity
  8
In1.Cu
  6
CONTINUOUS
100
AcDbLine
 10
5.7010644094488185
 20
-4.4633068503937006
 30
0
 11
5.6939700787401577
 21
-4.4603683070866138
 31
0
  0
LINE
  5
551
330
1F
100
AcDbEntity
  8
In1.Cu
  6
CONTINUOUS
100
AcDbLine
 10
5.6939700787401577
 20
-4.4603683070866138
 30
0
 11
5.6939696062992127
 21
-4.4603681889763775
 31
0
  0
LINE
  5
552
330
1F
100
AcDbEntity
  8
In1.Cu
  6
CONTINUOUS
100
AcDbLine
 10
5.6939696062992127
 20
-4.4603681889763775
 30
0
 11
5.6864383464566925
 21
-4.4588701181102364
 31
0
  0
LINE
  5
553
330
1F
100
AcDbEntity
  8
In1.Cu
  6
CONTINUOUS
100
AcDbLine
 10
5.6864383464566925
 20
-4.4588701181102364
 30
0
 11
5.6864382283464563
 21
-4.4588701181102364
 31
0
  0
LINE
  5
554
330
1F
100
AcDbEntity
  8
In1.Cu
  6
CONTINUOUS
100
AcDbLine
 10
5.6864382283464563
 20
-4.4588701181102364
 30
0
 11
5.6787590157480317
 21
-4.4588701181102364
 31
0
  0
LINE
  5
555
330
1F
100
AcDbEntity
  8
In1.Cu
  6
CONTINUOUS
100
AcDbLine
 10
5.6787590157480317
 20
-4.4588701181102364
 30
0
 11
5.6787588976377954
 21
-4.4588701181102364
 31
0
  0
LINE
  5
556
330
1F
100
AcDbEntity
  8
In1.Cu
  6
CONTINUOUS
100
AcDbLine
 10
5.6787588976377954
 20
-4.4588701181102364
 30
0
 11
5.6712275984251965
 21
-4.4603681889763775
 31
0
  0
LINE
  5
557
330
1F
100
AcDbEntity
  8
In1.Cu
  6
CONTINUOUS
100
AcDbLine
 10
5.6712275984251965
 20
-4.4603681889763775
 30
0
 11
5.6712271259842515
 21
-4.4603683070866138
 31
0
  0
LINE
  5
558
330
1F
100
AcDbEntity
  8
In1.Cu
  6
CONTINUOUS
100
AcDbLine
 10
5.6712271259842515
 20
-4.4603683070866138
 30
0
 11
5.6641327952755907
 21
-4.4633068503937006
 31
0
  0
LINE
  5
559
330
1F
100
AcDbEntity
  8
In1.Cu
  6
CONTINUOUS
100
AcDbLine
 10
5.6641327952755907
 20
-4.4633068503937006
 30
0
 11
5.6641327165354332
 21
-4.4633068897637793
 31
0
  0
LINE
  5
55A
330
1F
100
AcDbEntity
  8
In1.Cu
  6
CONTINUOUS
100
AcDbLine
 10
5.6641327165354332
 20
-4.4633068897637793
 30
0
 11
5.657747598425197
 21
-4.4675733070866137
 31
0
  0
LINE
  5
55B
330
1F
100
AcDbEntity
  8
In1.Cu
  6
CONTINUOUS
100
AcDbLine
 10
5.657747598425197
 20
-4.4675733070866137
 30
0
 11
5.657747440944882
 21
-4.46757342519685
 31
0
  0
LINE
  5
55C
330
1F
100
AcDbEntity
  8
In1.Cu
  6
CONTINUOUS
100
AcDbLine
 10
5.657747440944882
 20
-4.46757342519685
 30
0
 11
5.652317677165354
 21
-4.4730031889763779
 31
0
  0
LINE
  5
55D
330
1F
100
AcDbEntity
  8
In1.Cu
  6
CONTINUOUS
100
AcDbLine
 10
5.652317677165354
 20
-4.4730031889763779
 30
0
 11
5.6523175590551178
 21
-4.473003346456693
 31
0
  0
LINE
  5
55E
330
1F
100
AcDbEntity
  8
In1.Cu
  6
CONTINUOUS
100
AcDbLine
 10
5.6523175590551178
 20
-4.473003346456693
 30
0
 11
5.6480511417322834
 21
-4.4793884645669291
 31
0
  0
LINE
  5
55F
330
1F
100
AcDbEntity
  8
In1.Cu
  6
CONTINUOUS
100
AcDbLine
 10
5.6480511417322834
 20
-4.4793884645669291
 30
0
 11
5.6480511023622046
 21
-4.4793885433070866
 31
0
  0
LINE
  5
560
330
1F
100
AcDbEntity
  8
In1.Cu
  6
CONTINUOUS
100
AcDbLine
 10
5.6480511023622046
 20
-4.4793885433070866
 30
0
 11
5.6451403937007871
 21
-4.4864157480314963
 31
0
  0
LINE
  5
561
330
1F
100
AcDbEntity
  8
In1.Cu
  6
CONTINUOUS
100
AcDbLine
 10
5.6451403937007871
 20
-4.4864157480314963
 30
0
 11
5.64341437007874
 21
-4.4885576377952754
 31
0
  0
LINE
  5
562
330
1F
100
AcDbEntity
  8
In1.Cu
  6
CONTINUOUS
100
AcDbLine
 10
5.64341437007874
 20
-4.4885576377952754
 30
0
 11
5.6408043700787402
 21
-4.4894263385826774
 31
0
  0
LINE
  5
563
330
1F
100
AcDbEntity
  8
In1.Cu
  6
CONTINUOUS
100
AcDbLine
 10
5.6408043700787402
 20
-4.4894263385826774
 30
0
 11
5.6381390551181099
 21
-4.4887460629921261
 31
0
  0
LINE
  5
564
330
1F
100
AcDbEntity
  8
In1.Cu
  6
CONTINUOUS
100
AcDbLine
 10
5.6381390551181099
 20
-4.4887460629921261
 30
0
 11
5.6362646062992123
 21
-4.4867327952755902
 31
0
  0
LINE
  5
565
330
1F
100
AcDbEntity
  8
In1.Cu
  6
CONTINUOUS
100
AcDbLine
 10
5.6362646062992123
 20
-4.4867327952755902
 30
0
 11
5.6357482283464568
 21
-4.4845475590551178
 31
0
  0
LINE
  5
566
330
1F
100
AcDbEntity
  8
In1.Cu
  6
CONTINUOUS
100
AcDbLine
 10
5.6357482283464568
 20
-4.4845475590551178
 30
0
 11
5.6357482283464568
 21
-4.4625068110236219
 31
0
  0
LINE
  5
567
330
1F
100
AcDbEntity
  8
In1.Cu
  6
CONTINUOUS
100
AcDbLine
 10
5.6357482283464568
 20
-4.4625068110236219
 30
0
 11
5.6357481889763781
 21
-4.4625061417322831
 31
0
  0
LINE
  5
568
330
1F
100
AcDbEntity
  8
In1.Cu
  6
CONTINUOUS
100
AcDbLine
 10
5.6357481889763781
 20
-4.4625061417322831
 30
0
 11
5.6354961811023623
 21
-4.4601625196850394
 31
0
  0
LINE
  5
569
330
1F
100
AcDbEntity
  8
In1.Cu
  6
CONTINUOUS
100
AcDbLine
 10
5.6354961811023623
 20
-4.4601625196850394
 30
0
 11
5.6354961023622048
 21
-4.4601622440944881
 31
0
  0
LINE
  5
56A
330
1F
100
AcDbEntity
  8
In1.Cu
  6
CONTINUOUS
100
AcDbLine
 10
5.6354961023622048
 20
-4.4601622440944881
 30
0
 11
5.6335180708661419
 21
-4.4548588188976375
 31
0
  0
LINE
  5
56B
330
1F
100
AcDbEntity
  8
In1.Cu
  6
CONTINUOUS
100
AcDbLine
 10
5.6335180708661419
 20
-4.4548588188976375
 30
0
 11
5.6335179133858269
 21
-4.4548585433070862
 31
0
  0
LINE
  5
56C
330
1F
100
AcDbEntity
  8
In1.Cu
  6
CONTINUOUS
100
AcDbLine
 10
5.6335179133858269
 20
-4.4548585433070862
 30
0
 11
5.6301257874015747
 21
-4.4503272834645671
 31
0
  0
LINE
  5
56D
330
1F
100
AcDbEntity
  8
In1.Cu
  6
CONTINUOUS
100
AcDbLine
 10
5.6301257874015747
 20
-4.4503272834645671
 30
0
 11
5.6301256692913384
 21
-4.4503271653543308
 31
0
  0
LINE
  5
56E
330
1F
100
AcDbEntity
  8
In1.Cu
  6
CONTINUOUS
100
AcDbLine
 10
5.6301256692913384
 20
-4.4503271653543308
 30
0
 11
5.6255944094488184
 21
-4.4469350393700786
 31
0
  0
LINE
  5
56F
330
1F
100
AcDbEntity
  8
In1.Cu
  6
CONTINUOUS
100
AcDbLine
 10
5.6255944094488184
 20
-4.4469350393700786
 30
0
 11
5.625594133858268
 21
-4.4469348818897636
 31
0
  0
LINE
  5
570
330
1F
100
AcDbEntity
  8
In1.Cu
  6
CONTINUOUS
100
AcDbLine
 10
5.625594133858268
 20
-4.4469348818897636
 30
0
 11
5.6202907086614173
 21
-4.4449568503937007
 31
0
  0
LINE
  5
571
330
1F
100
AcDbEntity
  8
In1.Cu
  6
CONTINUOUS
100
AcDbLine
 10
5.6202907086614173
 20
-4.4449568503937007
 30
0
 11
5.6202904330708661
 21
-4.4449567716535432
 31
0
  0
LINE
  5
572
330
1F
100
AcDbEntity
  8
In1.Cu
  6
CONTINUOUS
100
AcDbLine
 10
5.6202904330708661
 20
-4.4449567716535432
 30
0
 11
5.6179468110236215
 21
-4.4447047637795274
 31
0
  0
LINE
  5
573
330
1F
100
AcDbEntity
  8
In1.Cu
  6
CONTINUOUS
100
AcDbLine
 10
5.6179468110236215
 20
-4.4447047637795274
 30
0
 11
5.5924411417322837
 21
-4.4447047637795274
 31
0
  0
LINE
  5
574
330
1F
100
AcDbEntity
  8
In1.Cu
  6
CONTINUOUS
100
AcDbLine
 10
5.5924411417322837
 20
-4.4447047637795274
 30
0
 11
5.5924411417322837
 21
-4.4643898031496061
 31
0
  0
LINE
  5
575
330
1F
100
AcDbEntity
  8
In1.Cu
  6
CONTINUOUS
100
AcDbLine
 10
7.2458330314960628
 20
-4.2572413385826771
 30
0
 11
7.2458329133858266
 21
-4.2572413385826771
 31
0
  0
LINE
  5
576
330
1F
100
AcDbEntity
  8
In1.Cu
  6
CONTINUOUS
100
AcDbLine
 10
7.2458329133858266
 20
-4.2572413385826771
 30
0
 11
7.2458323228346453
 21
-4.2572413779527558
 31
0
  0
LINE
  5
577
330
1F
100
AcDbEntity
  8
In1.Cu
  6
CONTINUOUS
100
AcDbLine
 10
7.2458323228346453
 20
-4.2572413779527558
 30
0
 11
7.2458314173228349
 21
-4.2572414566929133
 31
0
  0
LINE
  5
578
330
1F
100
AcDbEntity
  8
In1.Cu
  6
CONTINUOUS
100
AcDbLine
 10
7.2458314173228349
 20
-4.2572414566929133
 30
0
 11
7.2391999212598428
 21
-4.257874724409449
 31
0
  0
LINE
  5
579
330
1F
100
AcDbEntity
  8
In1.Cu
  6
CONTINUOUS
100
AcDbLine
 10
7.2391999212598428
 20
-4.257874724409449
 30
0
 11
7.2391990551181102
 21
-4.2578748031496065
 31
0
  0
LINE
  5
57A
330
1F
100
AcDbEntity
  8
In1.Cu
  6
CONTINUOUS
100
AcDbLine
 10
7.2391990551181102
 20
-4.2578748031496065
 30
0
 11
7.2391988976377952
 21
-4.2578748425196853
 31
0
  0
LINE
  5
57B
330
1F
100
AcDbEntity
  8
In1.Cu
  6
CONTINUOUS
100
AcDbLine
 10
7.2391988976377952
 20
-4.2578748425196853
 30
0
 11
7.2391987401574802
 21
-4.2578748425196853
 31
0
  0
LINE
  5
57C
330
1F
100
AcDbEntity
  8
In1.Cu
  6
CONTINUOUS
100
AcDbLine
 10
7.2391987401574802
 20
-4.2578748425196853
 30
0
 11
7.2391982677165352
 21
-4.2578749212598428
 31
0
  0
LINE
  5
57D
330
1F
100
AcDbEntity
  8
In1.Cu
  6
CONTINUOUS
100
AcDbLine
 10
7.2391982677165352
 20
-4.2578749212598428
 30
0
 11
7.2326033858267715
 21
-4.2588231102362206
 31
0
  0
LINE
  5
57E
330
1F
100
AcDbEntity
  8
In1.Cu
  6
CONTINUOUS
100
AcDbLine
 10
7.2326033858267715
 20
-4.2588231102362206
 30
0
 11
7.2326019685039364
 21
-4.2588233464566931
 31
0
  0
LINE
  5
57F
330
1F
100
AcDbEntity
  8
In1.Cu
  6
CONTINUOUS
100
AcDbLine
 10
7.2326019685039364
 20
-4.2588233464566931
 30
0
 11
7.2260586614173228
 21
-4.2600844488188976
 31
0
  0
LINE
  5
580
330
1F
100
AcDbEntity
  8
In1.Cu
  6
CONTINUOUS
100
AcDbLine
 10
7.2260586614173228
 20
-4.2600844488188976
 30
0
 11
7.219581850393701
 21
-4.2616556692913381
 31
0
  0
LINE
  5
581
330
1F
100
AcDbEntity
  8
In1.Cu
  6
CONTINUOUS
100
AcDbLine
 10
7.219581850393701
 20
-4.2616556692913381
 30
0
 11
7.2131874803149607
 21
-4.263533267716535
 31
0
  0
LINE
  5
582
330
1F
100
AcDbEntity
  8
In1.Cu
  6
CONTINUOUS
100
AcDbLine
 10
7.2131874803149607
 20
-4.263533267716535
 30
0
 11
7.2093732677165354
 21
-4.2648533858267719
 31
0
  0
LINE
  5
583
330
1F
100
AcDbEntity
  8
In1.Cu
  6
CONTINUOUS
100
AcDbLine
 10
7.2093732677165354
 20
-4.2648533858267719
 30
0
 11
7.2068899999999996
 21
-4.2657128740157475
 31
0
  0
LINE
  5
584
330
1F
100
AcDbEntity
  8
In1.Cu
  6
CONTINUOUS
100
AcDbLine
 10
7.2068899999999996
 20
-4.2657128740157475
 30
0
 11
7.206889606299212
 21
-4.2657129921259838
 31
0
  0
LINE
  5
585
330
1F
100
AcDbEntity
  8
In1.Cu
  6
CONTINUOUS
100
AcDbLine
 10
7.206889606299212
 20
-4.2657129921259838
 30
0
 11
7.2068894881889758
 21
-4.2657130708661413
 31
0
  0
LINE
  5
586
330
1F
100
AcDbEntity
  8
In1.Cu
  6
CONTINUOUS
100
AcDbLine
 10
7.2068894881889758
 20
-4.2657130708661413
 30
0
 11
7.2068889763779529
 21
-4.2657132283464563
 31
0
  0
LINE
  5
587
330
1F
100
AcDbEntity
  8
In1.Cu
  6
CONTINUOUS
100
AcDbLine
 10
7.2068889763779529
 20
-4.2657132283464563
 30
0
 11
7.2007030314960625
 21
-4.2681897637795272
 31
0
  0
LINE
  5
588
330
1F
100
AcDbEntity
  8
In1.Cu
  6
CONTINUOUS
100
AcDbLine
 10
7.2007030314960625
 20
-4.2681897637795272
 30
0
 11
7.1946405118110235
 21
-4.2709583858267717
 31
0
  0
LINE
  5
589
330
1F
100
AcDbEntity
  8
In1.Cu
  6
CONTINUOUS
100
AcDbLine
 10
7.1946405118110235
 20
-4.2709583858267717
 30
0
 11
7.1887181889763774
 21
-4.2740116141732285
 31
0
  0
LINE
  5
58A
330
1F
100
AcDbEntity
  8
In1.Cu
  6
CONTINUOUS
100
AcDbLine
 10
7.1887181889763774
 20
-4.2740116141732285
 30
0
 11
7.1887165748031494
 21
-4.2740125196850389
 31
0
  0
LINE
  5
58B
330
1F
100
AcDbEntity
  8
In1.Cu
  6
CONTINUOUS
100
AcDbLine
 10
7.1887165748031494
 20
-4.2740125196850389
 30
0
 11
7.1829463779527556
 21
-4.2773438976377953
 31
0
  0
LINE
  5
58C
330
1F
100
AcDbEntity
  8
In1.Cu
  6
CONTINUOUS
100
AcDbLine
 10
7.1829463779527556
 20
-4.2773438976377953
 30
0
 11
7.1829462598425193
 21
-4.2773439763779528
 31
0
  0
LINE
  5
58D
330
1F
100
AcDbEntity
  8
In1.Cu
  6
CONTINUOUS
100
AcDbLine
 10
7.1829462598425193
 20
-4.2773439763779528
 30
0
 11
7.1773404330708663
 21
-4.280946614173228
 31
0
  0
LINE
  5
58E
330
1F
100
AcDbEntity
  8
In1.Cu
  6
CONTINUOUS
100
AcDbLine
 10
7.1773404330708663
 20
-4.280946614173228
 30
0
 11
7.1773391732283462
 21
-4.2809474409448818
 31
0
  0
LINE
  5
58F
330
1F
100
AcDbEntity
  8
In1.Cu
  6
CONTINUOUS
100
AcDbLine
 10
7.1773391732283462
 20
-4.2809474409448818
 30
0
 11
7.1719118110236222
 21
-4.284812283464567
 31
0
  0
LINE
  5
590
330
1F
100
AcDbEntity
  8
In1.Cu
  6
CONTINUOUS
100
AcDbLine
 10
7.1719118110236222
 20
-4.284812283464567
 30
0
 11
7.1719096850393695
 21
-4.2848138582677162
 31
0
  0
LINE
  5
591
330
1F
100
AcDbEntity
  8
In1.Cu
  6
CONTINUOUS
100
AcDbLine
 10
7.1719096850393695
 20
-4.2848138582677162
 30
0
 11
7.166673188976378
 21
-4.2889318897637798
 31
0
  0
LINE
  5
592
330
1F
100
AcDbEntity
  8
In1.Cu
  6
CONTINUOUS
100
AcDbLine
 10
7.166673188976378
 20
-4.2889318897637798
 30
0
 11
7.1666725196850392
 21
-4.2889324803149602
 31
0
  0
LINE
  5
593
330
1F
100
AcDbEntity
  8
In1.Cu
  6
CONTINUOUS
100
AcDbLine
 10
7.1666725196850392
 20
-4.2889324803149602
 30
0
 11
7.1616368110236222
 21
-4.293295905511811
 31
0
  0
LINE
  5
594
330
1F
100
AcDbEntity
  8
In1.Cu
  6
CONTINUOUS
100
AcDbLine
 10
7.1616368110236222
 20
-4.293295905511811
 30
0
 11
7.1616366535433071
 21
-4.2932960236220472
 31
0
  0
LINE
  5
595
330
1F
100
AcDbEntity
  8
In1.Cu
  6
CONTINUOUS
100
AcDbLine
 10
7.1616366535433071
 20
-4.2932960236220472
 30
0
 11
7.1568129133858269
 21
-4.2978953937007871
 31
0
  0
LINE
  5
596
330
1F
100
AcDbEntity
  8
In1.Cu
  6
CONTINUOUS
100
AcDbLine
 10
7.1568129133858269
 20
-4.2978953937007871
 30
0
 11
7.1522135433070861
 21
-4.3027191338582673
 31
0
  0
LINE
  5
597
330
1F
100
AcDbEntity
  8
In1.Cu
  6
CONTINUOUS
100
AcDbLine
 10
7.1522135433070861
 20
-4.3027191338582673
 30
0
 11
7.1522134251968499
 21
-4.3027192913385823
 31
0
  0
LINE
  5
598
330
1F
100
AcDbEntity
  8
In1.Cu
  6
CONTINUOUS
100
AcDbLine
 10
7.1522134251968499
 20
-4.3027192913385823
 30
0
 11
7.14785
 21
-4.3077550000000002
 31
0
  0
LINE
  5
599
330
1F
100
AcDbEntity
  8
In1.Cu
  6
CONTINUOUS
100
AcDbLine
 10
7.14785
 20
-4.3077550000000002
 30
0
 11
7.1478494094488187
 21
-4.3077556692913381
 31
0
  0
LINE
  5
59A
330
1F
100
AcDbEntity
  8
In1.Cu
  6
CONTINUOUS
100
AcDbLine
 10
7.1478494094488187
 20
-4.3077556692913381
 30
0
 11
7.143731377952756
 21
-4.3129921653543306
 31
0
  0
LINE
  5
59B
330
1F
100
AcDbEntity
  8
In1.Cu
  6
CONTINUOUS
100
AcDbLine
 10
7.143731377952756
 20
-4.3129921653543306
 30
0
 11
7.1437298031496059
 21
-4.3129942913385824
 31
0
  0
LINE
  5
59C
330
1F
100
AcDbEntity
  8
In1.Cu
  6
CONTINUOUS
100
AcDbLine
 10
7.1437298031496059
 20
-4.3129942913385824
 30
0
 11
7.1398649606299207
 21
-4.3184216535433073
 31
0
  0
LINE
  5
59D
330
1F
100
AcDbEntity
  8
In1.Cu
  6
CONTINUOUS
100
AcDbLine
 10
7.1398649606299207
 20
-4.3184216535433073
 30
0
 11
7.1398641338582678
 21
-4.3184229133858265
 31
0
  0
LINE
  5
59E
330
1F
100
AcDbEntity
  8
In1.Cu
  6
CONTINUOUS
100
AcDbLine
 10
7.1398641338582678
 20
-4.3184229133858265
 30
0
 11
7.1362614960629918
 21
-4.3240287401574804
 31
0
  0
LINE
  5
59F
330
1F
100
AcDbEntity
  8
In1.Cu
  6
CONTINUOUS
100
AcDbLine
 10
7.1362614960629918
 20
-4.3240287401574804
 30
0
 11
7.1362614173228343
 21
-4.3240288582677167
 31
0
  0
LINE
  5
5A0
330
1F
100
AcDbEntity
  8
In1.Cu
  6
CONTINUOUS
100
AcDbLine
 10
7.1362614173228343
 20
-4.3240288582677167
 30
0
 11
7.1329300393700787
 21
-4.3297990551181105
 31
0
  0
LINE
  5
5A1
330
1F
100
AcDbEntity
  8
In1.Cu
  6
CONTINUOUS
100
AcDbLine
 10
7.1329300393700787
 20
-4.3297990551181105
 30
0
 11
7.1329291338582674
 21
-4.3298006692913384
 31
0
  0
LINE
  5
5A2
330
1F
100
AcDbEntity
  8
In1.Cu
  6
CONTINUOUS
100
AcDbLine
 10
7.1329291338582674
 20
-4.3298006692913384
 30
0
 11
7.1298759055118106
 21
-4.3357229921259846
 31
0
  0
LINE
  5
5A3
330
1F
100
AcDbEntity
  8
In1.Cu
  6
CONTINUOUS
100
AcDbLine
 10
7.1298759055118106
 20
-4.3357229921259846
 30
0
 11
7.127107283464567
 21
-4.3417855118110236
 31
0
  0
LINE
  5
5A4
330
1F
100
AcDbEntity
  8
In1.Cu
  6
CONTINUOUS
100
AcDbLine
 10
7.127107283464567
 20
-4.3417855118110236
 30
0
 11
7.1246307480314961
 21
-4.3479714566929131
 31
0
  0
LINE
  5
5A5
330
1F
100
AcDbEntity
  8
In1.Cu
  6
CONTINUOUS
100
AcDbLine
 10
7.1246307480314961
 20
-4.3479714566929131
 30
0
 11
7.1246305905511811
 21
-4.3479719685039369
 31
0
  0
LINE
  5
5A6
330
1F
100
AcDbEntity
  8
In1.Cu
  6
CONTINUOUS
100
AcDbLine
 10
7.1246305905511811
 20
-4.3479719685039369
 30
0
 11
7.1246303937007873
 21
-4.3479724803149606
 31
0
  0
LINE
  5
5A7
330
1F
100
AcDbEntity
  8
In1.Cu
  6
CONTINUOUS
100
AcDbLine
 10
7.1246303937007873
 20
-4.3479724803149606
 30
0
 11
7.1246303937007873
 21
-4.3479725196850394
 31
0
  0
LINE
  5
5A8
330
1F
100
AcDbEntity
  8
In1.Cu
  6
CONTINUOUS
100
AcDbLine
 10
7.1246303937007873
 20
-4.3479725196850394
 30
0
 11
7.1224507874015748
 21
-4.3542699606299209
 31
0
  0
LINE
  5
5A9
330
1F
100
AcDbEntity
  8
In1.Cu
  6
CONTINUOUS
100
AcDbLine
 10
7.1224507874015748
 20
-4.3542699606299209
 30
0
 11
7.1205731889763779
 21
-4.3606643307086612
 31
0
  0
LINE
  5
5AA
330
1F
100
AcDbEntity
  8
In1.Cu
  6
CONTINUOUS
100
AcDbLine
 10
7.1205731889763779
 20
-4.3606643307086612
 30
0
 11
7.1190019685039365
 21
-4.367141141732283
 31
0
  0
LINE
  5
5AB
330
1F
100
AcDbEntity
  8
In1.Cu
  6
CONTINUOUS
100
AcDbLine
 10
7.1190019685039365
 20
-4.367141141732283
 30
0
 11
7.1177408661417321
 21
-4.3736844488188975
 31
0
  0
LINE
  5
5AC
330
1F
100
AcDbEntity
  8
In1.Cu
  6
CONTINUOUS
100
AcDbLine
 10
7.1177408661417321
 20
-4.3736844488188975
 30
0
 11
7.1177406299212596
 21
-4.3736858661417326
 31
0
  0
LINE
  5
5AD
330
1F
100
AcDbEntity
  8
In1.Cu
  6
CONTINUOUS
100
AcDbLine
 10
7.1177406299212596
 20
-4.3736858661417326
 30
0
 11
7.1167924409448817
 21
-4.3802807480314963
 31
0
  0
LINE
  5
5AE
330
1F
100
AcDbEntity
  8
In1.Cu
  6
CONTINUOUS
100
AcDbLine
 10
7.1167924409448817
 20
-4.3802807480314963
 30
0
 11
7.116792244094488
 21
-4.380282401574803
 31
0
  0
LINE
  5
5AF
330
1F
100
AcDbEntity
  8
In1.Cu
  6
CONTINUOUS
100
AcDbLine
 10
7.116792244094488
 20
-4.380282401574803
 30
0
 11
7.1161589763779522
 21
-4.386913897637795
 31
0
  0
LINE
  5
5B0
330
1F
100
AcDbEntity
  8
In1.Cu
  6
CONTINUOUS
100
AcDbLine
 10
7.1161589763779522
 20
-4.386913897637795
 30
0
 11
7.1161588976377947
 21
-4.3869148031496064
 31
0
  0
LINE
  5
5B1
330
1F
100
AcDbEntity
  8
In1.Cu
  6
CONTINUOUS
100
AcDbLine
 10
7.1161588976377947
 20
-4.3869148031496064
 30
0
 11
7.1158417716535434
 21
-4.3935724015748034
 31
0
  0
LINE
  5
5B2
330
1F
100
AcDbEntity
  8
In1.Cu
  6
CONTINUOUS
100
AcDbLine
 10
7.1158417716535434
 20
-4.3935724015748034
 30
0
 11
7.1158417716535434
 21
-4.4002363779527558
 31
0
  0
LINE
  5
5B3
330
1F
100
AcDbEntity
  8
In1.Cu
  6
CONTINUOUS
100
AcDbLine
 10
7.1158417716535434
 20
-4.4002363779527558
 30
0
 11
7.1161588976377947
 21
-4.4068939763779529
 31
0
  0
LINE
  5
5B4
330
1F
100
AcDbEntity
  8
In1.Cu
  6
CONTINUOUS
100
AcDbLine
 10
7.1161588976377947
 20
-4.4068939763779529
 30
0
 11
7.1161589763779522
 21
-4.4068948818897633
 31
0
  0
LINE
  5
5B5
330
1F
100
AcDbEntity
  8
In1.Cu
  6
CONTINUOUS
100
AcDbLine
 10
7.1161589763779522
 20
-4.4068948818897633
 30
0
 11
7.116792244094488
 21
-4.4135263779527554
 31
0
  0
LINE
  5
5B6
330
1F
100
AcDbEntity
  8
In1.Cu
  6
CONTINUOUS
100
AcDbLine
 10
7.116792244094488
 20
-4.4135263779527554
 30
0
 11
7.1167924409448817
 21
-4.413528031496063
 31
0
  0
LINE
  5
5B7
330
1F
100
AcDbEntity
  8
In1.Cu
  6
CONTINUOUS
100
AcDbLine
 10
7.1167924409448817
 20
-4.413528031496063
 30
0
 11
7.1177406299212596
 21
-4.4201229133858266
 31
0
  0
LINE
  5
5B8
330
1F
100
AcDbEntity
  8
In1.Cu
  6
CONTINUOUS
100
AcDbLine
 10
7.1177406299212596
 20
-4.4201229133858266
 30
0
 11
7.1177408661417321
 21
-4.4201243307086617
 31
0
  0
LINE
  5
5B9
330
1F
100
AcDbEntity
  8
In1.Cu
  6
CONTINUOUS
100
AcDbLine
 10
7.1177408661417321
 20
-4.4201243307086617
 30
0
 11
7.1190019685039365
 21
-4.4266676377952754
 31
0
  0
LINE
  5
5BA
330
1F
100
AcDbEntity
  8
In1.Cu
  6
CONTINUOUS
100
AcDbLine
 10
7.1190019685039365
 20
-4.4266676377952754
 30
0
 11
7.1205731889763779
 21
-4.4331444488188971
 31
0
  0
LINE
  5
5BB
330
1F
100
AcDbEntity
  8
In1.Cu
  6
CONTINUOUS
100
AcDbLine
 10
7.1205731889763779
 20
-4.4331444488188971
 30
0
 11
7.1224507874015748
 21
-4.4395388188976375
 31
0
  0
LINE
  5
5BC
330
1F
100
AcDbEntity
  8
In1.Cu
  6
CONTINUOUS
100
AcDbLine
 10
7.1224507874015748
 20
-4.4395388188976375
 30
0
 11
7.1231766141732278
 21
-4.4416359448818898
 31
0
  0
LINE
  5
5BD
330
1F
100
AcDbEntity
  8
In1.Cu
  6
CONTINUOUS
100
AcDbLine
 10
7.1231766141732278
 20
-4.4416359448818898
 30
0
 11
7.1246303937007873
 21
-4.4458363385826773
 31
0
  0
LINE
  5
5BE
330
1F
100
AcDbEntity
  8
In1.Cu
  6
CONTINUOUS
100
AcDbLine
 10
7.1246303937007873
 20
-4.4458363385826773
 30
0
 11
7.1246305905511811
 21
-4.4458368110236224
 31
0
  0
LINE
  5
5BF
330
1F
100
AcDbEntity
  8
In1.Cu
  6
CONTINUOUS
100
AcDbLine
 10
7.1246305905511811
 20
-4.4458368110236224
 30
0
 11
7.1246307480314961
 21
-4.4458373228346453
 31
0
  0
LINE
  5
5C0
330
1F
100
AcDbEntity
  8
In1.Cu
  6
CONTINUOUS
100
AcDbLine
 10
7.1246307480314961
 20
-4.4458373228346453
 30
0
 11
7.127107283464567
 21
-4.4520232677165357
 31
0
  0
LINE
  5
5C1
330
1F
100
AcDbEntity
  8
In1.Cu
  6
CONTINUOUS
100
AcDbLine
 10
7.127107283464567
 20
-4.4520232677165357
 30
0
 11
7.1298759055118106
 21
-4.4580857874015747
 31
0
  0
LINE
  5
5C2
330
1F
100
AcDbEntity
  8
In1.Cu
  6
CONTINUOUS
100
AcDbLine
 10
7.1298759055118106
 20
-4.4580857874015747
 30
0
 11
7.1321548031496063
 21
-4.4625061417322831
 31
0
  0
LINE
  5
5C3
330
1F
100
AcDbEntity
  8
In1.Cu
  6
CONTINUOUS
100
AcDbLine
 10
7.1321548031496063
 20
-4.4625061417322831
 30
0
 11
7.1329294881889762
 21
-4.4640087795275587
 31
0
  0
LINE
  5
5C4
330
1F
100
AcDbEntity
  8
In1.Cu
  6
CONTINUOUS
100
AcDbLine
 10
7.1329294881889762
 20
-4.4640087795275587
 30
0
 11
7.132929527559055
 21
-4.4640088188976375
 31
0
  0
LINE
  5
5C5
330
1F
100
AcDbEntity
  8
In1.Cu
  6
CONTINUOUS
100
AcDbLine
 10
7.132929527559055
 20
-4.4640088188976375
 30
0
 11
7.1329300393700787
 21
-4.4640097244094488
 31
0
  0
LINE
  5
5C6
330
1F
100
AcDbEntity
  8
In1.Cu
  6
CONTINUOUS
100
AcDbLine
 10
7.1329300393700787
 20
-4.4640097244094488
 30
0
 11
7.1362614173228343
 21
-4.4697799212598426
 31
0
  0
LINE
  5
5C7
330
1F
100
AcDbEntity
  8
In1.Cu
  6
CONTINUOUS
100
AcDbLine
 10
7.1362614173228343
 20
-4.4697799212598426
 30
0
 11
7.1362614960629918
 21
-4.4697800393700788
 31
0
  0
LINE
  5
5C8
330
1F
100
AcDbEntity
  8
In1.Cu
  6
CONTINUOUS
100
AcDbLine
 10
7.1362614960629918
 20
-4.4697800393700788
 30
0
 11
7.1362615748031493
 21
-4.4697801968503938
 31
0
  0
LINE
  5
5C9
330
1F
100
AcDbEntity
  8
In1.Cu
  6
CONTINUOUS
100
AcDbLine
 10
7.1362615748031493
 20
-4.4697801968503938
 30
0
 11
7.1398641338582678
 21
-4.4753858661417318
 31
0
  0
LINE
  5
5CA
330
1F
100
AcDbEntity
  8
In1.Cu
  6
CONTINUOUS
100
AcDbLine
 10
7.1398641338582678
 20
-4.4753858661417318
 30
0
 11
7.1398649606299207
 21
-4.4753871259842519
 31
0
  0
LINE
  5
5CB
330
1F
100
AcDbEntity
  8
In1.Cu
  6
CONTINUOUS
100
AcDbLine
 10
7.1398649606299207
 20
-4.4753871259842519
 30
0
 11
7.142801496062992
 21
-4.479510866141732
 31
0
  0
LINE
  5
5CC
330
1F
100
AcDbEntity
  8
In1.Cu
  6
CONTINUOUS
100
AcDbLine
 10
7.142801496062992
 20
-4.479510866141732
 30
0
 11
7.143730275590551
 21
-4.4808151574803148
 31
0
  0
LINE
  5
5CD
330
1F
100
AcDbEntity
  8
In1.Cu
  6
CONTINUOUS
100
AcDbLine
 10
7.143730275590551
 20
-4.4808151574803148
 30
0
 11
7.1437303149606297
 21
-4.4808151968503935
 31
0
  0
LINE
  5
5CE
330
1F
100
AcDbEntity
  8
In1.Cu
  6
CONTINUOUS
100
AcDbLine
 10
7.1437303149606297
 20
-4.4808151968503935
 30
0
 11
7.143731377952756
 21
-4.4808166141732286
 31
0
  0
LINE
  5
5CF
330
1F
100
AcDbEntity
  8
In1.Cu
  6
CONTINUOUS
100
AcDbLine
 10
7.143731377952756
 20
-4.4808166141732286
 30
0
 11
7.1478494094488187
 21
-4.4860531102362202
 31
0
  0
LINE
  5
5D0
330
1F
100
AcDbEntity
  8
In1.Cu
  6
CONTINUOUS
100
AcDbLine
 10
7.1478494094488187
 20
-4.4860531102362202
 30
0
 11
7.1478497637795275
 21
-4.4860535039370077
 31
0
  0
LINE
  5
5D1
330
1F
100
AcDbEntity
  8
In1.Cu
  6
CONTINUOUS
100
AcDbLine
 10
7.1478497637795275
 20
-4.4860535039370077
 30
0
 11
7.1478498818897638
 21
-4.4860536614173228
 31
0
  0
LINE
  5
5D2
330
1F
100
AcDbEntity
  8
In1.Cu
  6
CONTINUOUS
100
AcDbLine
 10
7.1478498818897638
 20
-4.4860536614173228
 30
0
 11
7.148221811023622
 21
-4.4864828740157483
 31
0
  0
LINE
  5
5D3
330
1F
100
AcDbEntity
  8
In1.Cu
  6
CONTINUOUS
100
AcDbLine
 10
7.148221811023622
 20
-4.4864828740157483
 30
0
 11
7.1522134251968499
 21
-4.491089488188976
 31
0
  0
LINE
  5
5D4
330
1F
100
AcDbEntity
  8
In1.Cu
  6
CONTINUOUS
100
AcDbLine
 10
7.1522134251968499
 20
-4.491089488188976
 30
0
 11
7.1522135433070861
 21
-4.491089645669291
 31
0
  0
LINE
  5
5D5
330
1F
100
AcDbEntity
  8
In1.Cu
  6
CONTINUOUS
100
AcDbLine
 10
7.1522135433070861
 20
-4.491089645669291
 30
0
 11
7.1568129133858269
 21
-4.4959133858267712
 31
0
  0
LINE
  5
5D6
330
1F
100
AcDbEntity
  8
In1.Cu
  6
CONTINUOUS
100
AcDbLine
 10
7.1568129133858269
 20
-4.4959133858267712
 30
0
 11
7.1616366535433071
 21
-4.500512755905512
 31
0
  0
LINE
  5
5D7
330
1F
100
AcDbEntity
  8
In1.Cu
  6
CONTINUOUS
100
AcDbLine
 10
7.1616366535433071
 20
-4.500512755905512
 30
0
 11
7.1616368110236222
 21
-4.5005128740157483
 31
0
  0
LINE
  5
5D8
330
1F
100
AcDbEntity
  8
In1.Cu
  6
CONTINUOUS
100
AcDbLine
 10
7.1616368110236222
 20
-4.5005128740157483
 30
0
 11
7.1630000787401578
 21
-4.5016941338582672
 31
0
  0
LINE
  5
5D9
330
1F
100
AcDbEntity
  8
In1.Cu
  6
CONTINUOUS
100
AcDbLine
 10
7.1630000787401578
 20
-4.5016941338582672
 30
0
 11
7.1666726771653542
 21
-4.5048764566929131
 31
0
  0
LINE
  5
5DA
330
1F
100
AcDbEntity
  8
In1.Cu
  6
CONTINUOUS
100
AcDbLine
 10
7.1666726771653542
 20
-4.5048764566929131
 30
0
 11
7.1666728346456692
 21
-4.5048765748031494
 31
0
  0
LINE
  5
5DB
330
1F
100
AcDbEntity
  8
In1.Cu
  6
CONTINUOUS
100
AcDbLine
 10
7.1666728346456692
 20
-4.5048765748031494
 30
0
 11
7.166673188976378
 21
-4.5048768897637794
 31
0
  0
LINE
  5
5DC
330
1F
100
AcDbEntity
  8
In1.Cu
  6
CONTINUOUS
100
AcDbLine
 10
7.166673188976378
 20
-4.5048768897637794
 30
0
 11
7.1719096850393695
 21
-4.5089949212598421
 31
0
  0
LINE
  5
5DD
330
1F
100
AcDbEntity
  8
In1.Cu
  6
CONTINUOUS
100
AcDbLine
 10
7.1719096850393695
 20
-4.5089949212598421
 30
0
 11
7.1719104330708658
 21
-4.5089954724409447
 31
0
  0
LINE
  5
5DE
330
1F
100
AcDbEntity
  8
In1.Cu
  6
CONTINUOUS
100
AcDbLine
 10
7.1719104330708658
 20
-4.5089954724409447
 30
0
 11
7.1719111811023621
 21
-4.508996062992126
 31
0
  0
LINE
  5
5DF
330
1F
100
AcDbEntity
  8
In1.Cu
  6
CONTINUOUS
100
AcDbLine
 10
7.1719111811023621
 20
-4.508996062992126
 30
0
 11
7.172233188976378
 21
-4.5092253543307086
 31
0
  0
LINE
  5
5E0
330
1F
100
AcDbEntity
  8
In1.Cu
  6
CONTINUOUS
100
AcDbLine
 10
7.172233188976378
 20
-4.5092253543307086
 30
0
 11
7.1773391732283462
 21
-4.5128613385826775
 31
0
  0
LINE
  5
5E1
330
1F
100
AcDbEntity
  8
In1.Cu
  6
CONTINUOUS
100
AcDbLine
 10
7.1773391732283462
 20
-4.5128613385826775
 30
0
 11
7.1773403543307088
 21
-4.5128621259842516
 31
0
  0
LINE
  5
5E2
330
1F
100
AcDbEntity
  8
In1.Cu
  6
CONTINUOUS
100
AcDbLine
 10
7.1773403543307088
 20
-4.5128621259842516
 30
0
 11
7.1829461023622043
 21
-4.5164647244094489
 31
0
  0
LINE
  5
5E3
330
1F
100
AcDbEntity
  8
In1.Cu
  6
CONTINUOUS
100
AcDbLine
 10
7.1829461023622043
 20
-4.5164647244094489
 30
0
 11
7.1887175590551182
 21
-4.5197968503937007
 31
0
  0
LINE
  5
5E4
330
1F
100
AcDbEntity
  8
In1.Cu
  6
CONTINUOUS
100
AcDbLine
 10
7.1887175590551182
 20
-4.5197968503937007
 30
0
 11
7.1887181889763774
 21
-4.5197971653543307
 31
0
  0
LINE
  5
5E5
330
1F
100
AcDbEntity
  8
In1.Cu
  6
CONTINUOUS
100
AcDbLine
 10
7.1887181889763774
 20
-4.5197971653543307
 30
0
 11
7.1946405118110235
 21
-4.5228503937007876
 31
0
  0
LINE
  5
5E6
330
1F
100
AcDbEntity
  8
In1.Cu
  6
CONTINUOUS
100
AcDbLine
 10
7.1946405118110235
 20
-4.5228503937007876
 30
0
 11
7.1946409448818898
 21
-4.5228505905511813
 31
0
  0
LINE
  5
5E7
330
1F
100
AcDbEntity
  8
In1.Cu
  6
CONTINUOUS
100
AcDbLine
 10
7.1946409448818898
 20
-4.5228505905511813
 30
0
 11
7.1946410236220473
 21
-4.5228506299212601
 31
0
  0
LINE
  5
5E8
330
1F
100
AcDbEntity
  8
In1.Cu
  6
CONTINUOUS
100
AcDbLine
 10
7.1946410236220473
 20
-4.5228506299212601
 30
0
 11
7.20070311023622
 21
-4.5256190551181099
 31
0
  0
LINE
  5
5E9
330
1F
100
AcDbEntity
  8
In1.Cu
  6
CONTINUOUS
100
AcDbLine
 10
7.20070311023622
 20
-4.5256190551181099
 30
0
 11
7.2027299212598423
 21
-4.5264304724409445
 31
0
  0
LINE
  5
5EA
330
1F
100
AcDbEntity
  8
In1.Cu
  6
CONTINUOUS
100
AcDbLine
 10
7.2027299212598423
 20
-4.5264304724409445
 30
0
 11
7.2068889763779529
 21
-4.5280955511811021
 31
0
  0
LINE
  5
5EB
330
1F
100
AcDbEntity
  8
In1.Cu
  6
CONTINUOUS
100
AcDbLine
 10
7.2068889763779529
 20
-4.5280955511811021
 30
0
 11
7.2068891338582679
 21
-4.5280955905511808
 31
0
  0
LINE
  5
5EC
330
1F
100
AcDbEntity
  8
In1.Cu
  6
CONTINUOUS
100
AcDbLine
 10
7.2068891338582679
 20
-4.5280955905511808
 30
0
 11
7.2068899999999996
 21
-4.5280959448818896
 31
0
  0
LINE
  5
5ED
330
1F
100
AcDbEntity
  8
In1.Cu
  6
CONTINUOUS
100
AcDbLine
 10
7.2068899999999996
 20
-4.5280959448818896
 30
0
 11
7.2131877952755907
 21
-4.5302756299212597
 31
0
  0
LINE
  5
5EE
330
1F
100
AcDbEntity
  8
In1.Cu
  6
CONTINUOUS
100
AcDbLine
 10
7.2131877952755907
 20
-4.5302756299212597
 30
0
 11
7.219581850393701
 21
-4.5321531102362203
 31
0
  0
LINE
  5
5EF
330
1F
100
AcDbEntity
  8
In1.Cu
  6
CONTINUOUS
100
AcDbLine
 10
7.219581850393701
 20
-4.5321531102362203
 30
0
 11
7.2195818110236223
 21
-4.5321531102362203
 31
0
  0
LINE
  5
5F0
330
1F
100
AcDbEntity
  8
In1.Cu
  6
CONTINUOUS
100
AcDbLine
 10
7.2195818110236223
 20
-4.5321531102362203
 30
0
 11
7.2195820472440939
 21
-4.532153149606299
 31
0
  0
LINE
  5
5F1
330
1F
100
AcDbEntity
  8
In1.Cu
  6
CONTINUOUS
100
AcDbLine
 10
7.2195820472440939
 20
-4.532153149606299
 30
0
 11
7.2195821259842514
 21
-4.5321531889763778
 31
0
  0
LINE
  5
5F2
330
1F
100
AcDbEntity
  8
In1.Cu
  6
CONTINUOUS
100
AcDbLine
 10
7.2195821259842514
 20
-4.5321531889763778
 30
0
 11
7.2260585826771653
 21
-4.5337243307086617
 31
0
  0
LINE
  5
5F3
330
1F
100
AcDbEntity
  8
In1.Cu
  6
CONTINUOUS
100
AcDbLine
 10
7.2260585826771653
 20
-4.5337243307086617
 30
0
 11
7.2326024409448815
 21
-4.5349855511811024
 31
0
  0
LINE
  5
5F4
330
1F
100
AcDbEntity
  8
In1.Cu
  6
CONTINUOUS
100
AcDbLine
 10
7.2326024409448815
 20
-4.5349855511811024
 30
0
 11
7.2391988976377952
 21
-4.5359339763779527
 31
0
  0
LINE
  5
5F5
330
1F
100
AcDbEntity
  8
In1.Cu
  6
CONTINUOUS
100
AcDbLine
 10
7.2391988976377952
 20
-4.5359339763779527
 30
0
 11
7.2458330314960628
 21
-4.5365674803149609
 31
0
  0
LINE
  5
5F6
330
1F
100
AcDbEntity
  8
In1.Cu
  6
CONTINUOUS
100
AcDbLine
 10
7.2458330314960628
 20
-4.5365674803149609
 30
0
 11
7.2524897637795274
 21
-4.5368845669291336
 31
0
  0
LINE
  5
5F7
330
1F
100
AcDbEntity
  8
In1.Cu
  6
CONTINUOUS
100
AcDbLine
 10
7.2524897637795274
 20
-4.5368845669291336
 30
0
 11
7.2558219291338579
 21
-4.5369044094488187
 31
0
  0
LINE
  5
5F8
330
1F
100
AcDbEntity
  8
In1.Cu
  6
CONTINUOUS
100
AcDbLine
 10
7.2558219291338579
 20
-4.5369044094488187
 30
0
 11
7.2591540944881885
 21
-4.5368845669291336
 31
0
  0
LINE
  5
5F9
330
1F
100
AcDbEntity
  8
In1.Cu
  6
CONTINUOUS
100
AcDbLine
 10
7.2591540944881885
 20
-4.5368845669291336
 30
0
 11
7.265810826771653
 21
-4.5365674803149609
 31
0
  0
LINE
  5
5FA
330
1F
100
AcDbEntity
  8
In1.Cu
  6
CONTINUOUS
100
AcDbLine
 10
7.265810826771653
 20
-4.5365674803149609
 30
0
 11
7.2724449606299215
 21
-4.5359339763779527
 31
0
  0
LINE
  5
5FB
330
1F
100
AcDbEntity
  8
In1.Cu
  6
CONTINUOUS
100
AcDbLine
 10
7.2724449606299215
 20
-4.5359339763779527
 30
0
 11
7.2790414173228344
 21
-4.5349855511811024
 31
0
  0
LINE
  5
5FC
330
1F
100
AcDbEntity
  8
In1.Cu
  6
CONTINUOUS
100
AcDbLine
 10
7.2790414173228344
 20
-4.5349855511811024
 30
0
 11
7.2855852755905506
 21
-4.5337243307086617
 31
0
  0
LINE
  5
5FD
330
1F
100
AcDbEntity
  8
In1.Cu
  6
CONTINUOUS
100
AcDbLine
 10
7.2855852755905506
 20
-4.5337243307086617
 30
0
 11
7.2920617322834644
 21
-4.5321531889763778
 31
0
  0
LINE
  5
5FE
330
1F
100
AcDbEntity
  8
In1.Cu
  6
CONTINUOUS
100
AcDbLine
 10
7.2920617322834644
 20
-4.5321531889763778
 30
0
 11
7.298456062992126
 21
-4.5302756299212597
 31
0
  0
LINE
  5
5FF
330
1F
100
AcDbEntity
  8
In1.Cu
  6
CONTINUOUS
100
AcDbLine
 10
7.298456062992126
 20
-4.5302756299212597
 30
0
 11
7.3047538582677163
 21
-4.5280959448818896
 31
0
  0
LINE
  5
600
330
1F
100
AcDbEntity
  8
In1.Cu
  6
CONTINUOUS
100
AcDbLine
 10
7.3047538582677163
 20
-4.5280959448818896
 30
0
 11
7.3109407480314959
 21
-4.5256190551181099
 31
0
  0
LINE
  5
601
330
1F
100
AcDbEntity
  8
In1.Cu
  6
CONTINUOUS
100
AcDbLine
 10
7.3109407480314959
 20
-4.5256190551181099
 30
0
 11
7.3170028346456695
 21
-4.5228506299212601
 31
0
  0
LINE
  5
602
330
1F
100
AcDbEntity
  8
In1.Cu
  6
CONTINUOUS
100
AcDbLine
 10
7.3170028346456695
 20
-4.5228506299212601
 30
0
 11
7.3229262992125985
 21
-4.5197968503937007
 31
0
  0
LINE
  5
603
330
1F
100
AcDbEntity
  8
In1.Cu
  6
CONTINUOUS
100
AcDbLine
 10
7.3229262992125985
 20
-4.5197968503937007
 30
0
 11
7.3286977559055115
 21
-4.5164647244094489
 31
0
  0
LINE
  5
604
330
1F
100
AcDbEntity
  8
In1.Cu
  6
CONTINUOUS
100
AcDbLine
 10
7.3286977559055115
 20
-4.5164647244094489
 30
0
 11
7.3343040944881892
 21
-4.5128617322834641
 31
0
  0
LINE
  5
605
330
1F
100
AcDbEntity
  8
In1.Cu
  6
CONTINUOUS
100
AcDbLine
 10
7.3343040944881892
 20
-4.5128617322834641
 30
0
 11
7.3397326771653546
 21
-4.508996062992126
 31
0
  0
LINE
  5
606
330
1F
100
AcDbEntity
  8
In1.Cu
  6
CONTINUOUS
100
AcDbLine
 10
7.3397326771653546
 20
-4.508996062992126
 30
0
 11
7.3416711417322835
 21
-4.5074716535433073
 31
0
  0
LINE
  5
607
330
1F
100
AcDbEntity
  8
In1.Cu
  6
CONTINUOUS
100
AcDbLine
 10
7.3416711417322835
 20
-4.5074716535433073
 30
0
 11
7.34497062992126
 21
-4.5048768897637794
 31
0
  0
LINE
  5
608
330
1F
100
AcDbEntity
  8
In1.Cu
  6
CONTINUOUS
100
AcDbLine
 10
7.34497062992126
 20
-4.5048768897637794
 30
0
 11
7.3449706692913388
 21
-4.5048768503937007
 31
0
  0
LINE
  5
609
330
1F
100
AcDbEntity
  8
In1.Cu
  6
CONTINUOUS
100
AcDbLine
 10
7.3449706692913388
 20
-4.5048768503937007
 30
0
 11
7.3449711811023617
 21
-4.5048764566929131
 31
0
  0
LINE
  5
60A
330
1F
100
AcDbEntity
  8
In1.Cu
  6
CONTINUOUS
100
AcDbLine
 10
7.3449711811023617
 20
-4.5048764566929131
 30
0
 11
7.3500077165354325
 21
-4.500512283464567
 31
0
  0
LINE
  5
60B
330
1F
100
AcDbEntity
  8
In1.Cu
  6
CONTINUOUS
100
AcDbLine
 10
7.3500077165354325
 20
-4.500512283464567
 30
0
 11
7.3548309055118111
 21
-4.4959133858267712
 31
0
  0
LINE
  5
60C
330
1F
100
AcDbEntity
  8
In1.Cu
  6
CONTINUOUS
100
AcDbLine
 10
7.3548309055118111
 20
-4.4959133858267712
 30
0
 11
7.3594298031496059
 21
-4.4910901968503936
 31
0
  0
LINE
  5
60D
330
1F
100
AcDbEntity
  8
In1.Cu
  6
CONTINUOUS
100
AcDbLine
 10
7.3594298031496059
 20
-4.4910901968503936
 30
0
 11
7.363793976377953
 21
-4.4860536614173228
 31
0
  0
LINE
  5
60E
330
1F
100
AcDbEntity
  8
In1.Cu
  6
CONTINUOUS
100
AcDbLine
 10
7.363793976377953
 20
-4.4860536614173228
 30
0
 11
7.3679135826771649
 21
-4.4808151574803148
 31
0
  0
LINE
  5
60F
330
1F
100
AcDbEntity
  8
In1.Cu
  6
CONTINUOUS
100
AcDbLine
 10
7.3679135826771649
 20
-4.4808151574803148
 30
0
 11
7.3717792519685039
 21
-4.4753865748031494
 31
0
  0
LINE
  5
610
330
1F
100
AcDbEntity
  8
In1.Cu
  6
CONTINUOUS
100
AcDbLine
 10
7.3717792519685039
 20
-4.4753865748031494
 30
0
 11
7.3753822440944878
 21
-4.4697802362204726
 31
0
  0
LINE
  5
611
330
1F
100
AcDbEntity
  8
In1.Cu
  6
CONTINUOUS
100
AcDbLine
 10
7.3753822440944878
 20
-4.4697802362204726
 30
0
 11
7.3787143700787396
 21
-4.4640087795275587
 31
0
  0
LINE
  5
612
330
1F
100
AcDbEntity
  8
In1.Cu
  6
CONTINUOUS
100
AcDbLine
 10
7.3787143700787396
 20
-4.4640087795275587
 30
0
 11
7.381768149606299
 21
-4.4580853149606297
 31
0
  0
LINE
  5
613
330
1F
100
AcDbEntity
  8
In1.Cu
  6
CONTINUOUS
100
AcDbLine
 10
7.381768149606299
 20
-4.4580853149606297
 30
0
 11
7.3845365748031497
 21
-4.4520232283464569
 31
0
  0
LINE
  5
614
330
1F
100
AcDbEntity
  8
In1.Cu
  6
CONTINUOUS
100
AcDbLine
 10
7.3845365748031497
 20
-4.4520232283464569
 30
0
 11
7.3870134645669285
 21
-4.4458363385826773
 31
0
  0
LINE
  5
615
330
1F
100
AcDbEntity
  8
In1.Cu
  6
CONTINUOUS
100
AcDbLine
 10
7.3870134645669285
 20
-4.4458363385826773
 30
0
 11
7.3891931496062995
 21
-4.4395385433070862
 31
0
  0
LINE
  5
616
330
1F
100
AcDbEntity
  8
In1.Cu
  6
CONTINUOUS
100
AcDbLine
 10
7.3891931496062995
 20
-4.4395385433070862
 30
0
 11
7.3910707086614176
 21
-4.4331442125984255
 31
0
  0
LINE
  5
617
330
1F
100
AcDbEntity
  8
In1.Cu
  6
CONTINUOUS
100
AcDbLine
 10
7.3910707086614176
 20
-4.4331442125984255
 30
0
 11
7.3926418503937006
 21
-4.4266677559055116
 31
0
  0
LINE
  5
618
330
1F
100
AcDbEntity
  8
In1.Cu
  6
CONTINUOUS
100
AcDbLine
 10
7.3926418503937006
 20
-4.4266677559055116
 30
0
 11
7.3939030708661413
 21
-4.4201238976377955
 31
0
  0
LINE
  5
619
330
1F
100
AcDbEntity
  8
In1.Cu
  6
CONTINUOUS
100
AcDbLine
 10
7.3939030708661413
 20
-4.4201238976377955
 30
0
 11
7.3948514960629916
 21
-4.4135274409448817
 31
0
  0
LINE
  5
61A
330
1F
100
AcDbEntity
  8
In1.Cu
  6
CONTINUOUS
100
AcDbLine
 10
7.3948514960629916
 20
-4.4135274409448817
 30
0
 11
7.3954849999999999
 21
-4.4068933070866141
 31
0
  0
LINE
  5
61B
330
1F
100
AcDbEntity
  8
In1.Cu
  6
CONTINUOUS
100
AcDbLine
 10
7.3954849999999999
 20
-4.4068933070866141
 30
0
 11
7.3958020866141734
 21
-4.4002365748031496
 31
0
  0
LINE
  5
61C
330
1F
100
AcDbEntity
  8
In1.Cu
  6
CONTINUOUS
100
AcDbLine
 10
7.3958020866141734
 20
-4.4002365748031496
 30
0
 11
7.3958020866141734
 21
-4.3935722440944884
 31
0
  0
LINE
  5
61D
330
1F
100
AcDbEntity
  8
In1.Cu
  6
CONTINUOUS
100
AcDbLine
 10
7.3958020866141734
 20
-4.3935722440944884
 30
0
 11
7.3954849999999999
 21
-4.3869155118110239
 31
0
  0
LINE
  5
61E
330
1F
100
AcDbEntity
  8
In1.Cu
  6
CONTINUOUS
100
AcDbLine
 10
7.3954849999999999
 20
-4.3869155118110239
 30
0
 11
7.3948514960629916
 21
-4.3802813779527554
 31
0
  0
LINE
  5
61F
330
1F
100
AcDbEntity
  8
In1.Cu
  6
CONTINUOUS
100
AcDbLine
 10
7.3948514960629916
 20
-4.3802813779527554
 30
0
 11
7.3939030708661413
 21
-4.3736849212598425
 31
0
  0
LINE
  5
620
330
1F
100
AcDbEntity
  8
In1.Cu
  6
CONTINUOUS
100
AcDbLine
 10
7.3939030708661413
 20
-4.3736849212598425
 30
0
 11
7.3926418503937006
 21
-4.3671410629921255
 31
0
  0
LINE
  5
621
330
1F
100
AcDbEntity
  8
In1.Cu
  6
CONTINUOUS
100
AcDbLine
 10
7.3926418503937006
 20
-4.3671410629921255
 30
0
 11
7.3910707086614176
 21
-4.3606646062992125
 31
0
  0
LINE
  5
622
330
1F
100
AcDbEntity
  8
In1.Cu
  6
CONTINUOUS
100
AcDbLine
 10
7.3910707086614176
 20
-4.3606646062992125
 30
0
 11
7.3891931496062995
 21
-4.3542702755905509
 31
0
  0
LINE
  5
623
330
1F
100
AcDbEntity
  8
In1.Cu
  6
CONTINUOUS
100
AcDbLine
 10
7.3891931496062995
 20
-4.3542702755905509
 30
0
 11
7.3870134645669285
 21
-4.3479724803149606
 31
0
  0
LINE
  5
624
330
1F
100
AcDbEntity
  8
In1.Cu
  6
CONTINUOUS
100
AcDbLine
 10
7.3870134645669285
 20
-4.3479724803149606
 30
0
 11
7.3870130314960631
 21
-4.3479714173228343
 31
0
  0
LINE
  5
625
330
1F
100
AcDbEntity
  8
In1.Cu
  6
CONTINUOUS
100
AcDbLine
 10
7.3870130314960631
 20
-4.3479714173228343
 30
0
 11
7.3853479921259844
 21
-4.3438124015748034
 31
0
  0
LINE
  5
626
330
1F
100
AcDbEntity
  8
In1.Cu
  6
CONTINUOUS
100
AcDbLine
 10
7.3853479921259844
 20
-4.3438124015748034
 30
0
 11
7.3845365748031497
 21
-4.3417855905511811
 31
0
  0
LINE
  5
627
330
1F
100
AcDbEntity
  8
In1.Cu
  6
CONTINUOUS
100
AcDbLine
 10
7.3845365748031497
 20
-4.3417855905511811
 30
0
 11
7.381768149606299
 21
-4.3357235039370075
 31
0
  0
LINE
  5
628
330
1F
100
AcDbEntity
  8
In1.Cu
  6
CONTINUOUS
100
AcDbLine
 10
7.381768149606299
 20
-4.3357235039370075
 30
0
 11
7.3817681102362203
 21
-4.3357234251968499
 31
0
  0
LINE
  5
629
330
1F
100
AcDbEntity
  8
In1.Cu
  6
CONTINUOUS
100
AcDbLine
 10
7.3817681102362203
 20
-4.3357234251968499
 30
0
 11
7.3817679133858265
 21
-4.3357229921259846
 31
0
  0
LINE
  5
62A
330
1F
100
AcDbEntity
  8
In1.Cu
  6
CONTINUOUS
100
AcDbLine
 10
7.3817679133858265
 20
-4.3357229921259846
 30
0
 11
7.3787146850393697
 21
-4.3298006692913384
 31
0
  0
LINE
  5
62B
330
1F
100
AcDbEntity
  8
In1.Cu
  6
CONTINUOUS
100
AcDbLine
 10
7.3787146850393697
 20
-4.3298006692913384
 30
0
 11
7.3787143700787396
 21
-4.3298000393700784
 31
0
  0
LINE
  5
62C
330
1F
100
AcDbEntity
  8
In1.Cu
  6
CONTINUOUS
100
AcDbLine
 10
7.3787143700787396
 20
-4.3298000393700784
 30
0
 11
7.3753822440944878
 21
-4.3240285826771654
 31
0
  0
LINE
  5
62D
330
1F
100
AcDbEntity
  8
In1.Cu
  6
CONTINUOUS
100
AcDbLine
 10
7.3753822440944878
 20
-4.3240285826771654
 30
0
 11
7.3717792519685039
 21
-4.3184222440944877
 31
0
  0
LINE
  5
62E
330
1F
100
AcDbEntity
  8
In1.Cu
  6
CONTINUOUS
100
AcDbLine
 10
7.3717792519685039
 20
-4.3184222440944877
 30
0
 11
7.3717791732283464
 21
-4.3184221259842515
 31
0
  0
LINE
  5
62F
330
1F
100
AcDbEntity
  8
In1.Cu
  6
CONTINUOUS
100
AcDbLine
 10
7.3717791732283464
 20
-4.3184221259842515
 30
0
 11
7.3717788582677164
 21
-4.3184216535433073
 31
0
  0
LINE
  5
630
330
1F
100
AcDbEntity
  8
In1.Cu
  6
CONTINUOUS
100
AcDbLine
 10
7.3717788582677164
 20
-4.3184216535433073
 30
0
 11
7.3679140157480312
 21
-4.3129942913385824
 31
0
  0
LINE
  5
631
330
1F
100
AcDbEntity
  8
In1.Cu
  6
CONTINUOUS
100
AcDbLine
 10
7.3679140157480312
 20
-4.3129942913385824
 30
0
 11
7.3679135826771649
 21
-4.3129936614173223
 31
0
  0
LINE
  5
632
330
1F
100
AcDbEntity
  8
In1.Cu
  6
CONTINUOUS
100
AcDbLine
 10
7.3679135826771649
 20
-4.3129936614173223
 30
0
 11
7.3679129921259845
 21
-4.3129929133858269
 31
0
  0
LINE
  5
633
330
1F
100
AcDbEntity
  8
In1.Cu
  6
CONTINUOUS
100
AcDbLine
 10
7.3679129921259845
 20
-4.3129929133858269
 30
0
 11
7.367912440944882
 21
-4.3129921653543306
 31
0
  0
LINE
  5
634
330
1F
100
AcDbEntity
  8
In1.Cu
  6
CONTINUOUS
100
AcDbLine
 10
7.367912440944882
 20
-4.3129921653543306
 30
0
 11
7.3637944094488184
 21
-4.3077556692913381
 31
0
  0
LINE
  5
635
330
1F
100
AcDbEntity
  8
In1.Cu
  6
CONTINUOUS
100
AcDbLine
 10
7.3637944094488184
 20
-4.3077556692913381
 30
0
 11
7.3637940944881892
 21
-4.3077553149606302
 31
0
  0
LINE
  5
636
330
1F
100
AcDbEntity
  8
In1.Cu
  6
CONTINUOUS
100
AcDbLine
 10
7.3637940944881892
 20
-4.3077553149606302
 30
0
 11
7.363793976377953
 21
-4.3077551574803152
 31
0
  0
LINE
  5
637
330
1F
100
AcDbEntity
  8
In1.Cu
  6
CONTINUOUS
100
AcDbLine
 10
7.363793976377953
 20
-4.3077551574803152
 30
0
 11
7.3594303543307085
 21
-4.3027192519685036
 31
0
  0
LINE
  5
638
330
1F
100
AcDbEntity
  8
In1.Cu
  6
CONTINUOUS
100
AcDbLine
 10
7.3594303543307085
 20
-4.3027192519685036
 30
0
 11
7.359430275590551
 21
-4.3027191338582673
 31
0
  0
LINE
  5
639
330
1F
100
AcDbEntity
  8
In1.Cu
  6
CONTINUOUS
100
AcDbLine
 10
7.359430275590551
 20
-4.3027191338582673
 30
0
 11
7.3548309055118111
 21
-4.2978953937007871
 31
0
  0
LINE
  5
63A
330
1F
100
AcDbEntity
  8
In1.Cu
  6
CONTINUOUS
100
AcDbLine
 10
7.3548309055118111
 20
-4.2978953937007871
 30
0
 11
7.3500071653543309
 21
-4.2932960236220472
 31
0
  0
LINE
  5
63B
330
1F
100
AcDbEntity
  8
In1.Cu
  6
CONTINUOUS
100
AcDbLine
 10
7.3500071653543309
 20
-4.2932960236220472
 30
0
 11
7.3500070078740158
 21
-4.293295905511811
 31
0
  0
LINE
  5
63C
330
1F
100
AcDbEntity
  8
In1.Cu
  6
CONTINUOUS
100
AcDbLine
 10
7.3500070078740158
 20
-4.293295905511811
 30
0
 11
7.347481456692913
 21
-4.2911075196850392
 31
0
  0
LINE
  5
63D
330
1F
100
AcDbEntity
  8
In1.Cu
  6
CONTINUOUS
100
AcDbLine
 10
7.347481456692913
 20
-4.2911075196850392
 30
0
 11
7.3449711811023617
 21
-4.288932362204724
 31
0
  0
LINE
  5
63E
330
1F
100
AcDbEntity
  8
In1.Cu
  6
CONTINUOUS
100
AcDbLine
 10
7.3449711811023617
 20
-4.288932362204724
 30
0
 11
7.3449710236220467
 21
-4.2889322440944877
 31
0
  0
LINE
  5
63F
330
1F
100
AcDbEntity
  8
In1.Cu
  6
CONTINUOUS
100
AcDbLine
 10
7.3449710236220467
 20
-4.2889322440944877
 30
0
 11
7.34497062992126
 21
-4.2889318897637798
 31
0
  0
LINE
  5
640
330
1F
100
AcDbEntity
  8
In1.Cu
  6
CONTINUOUS
100
AcDbLine
 10
7.34497062992126
 20
-4.2889318897637798
 30
0
 11
7.3397341338582676
 21
-4.2848138582677162
 31
0
  0
LINE
  5
641
330
1F
100
AcDbEntity
  8
In1.Cu
  6
CONTINUOUS
100
AcDbLine
 10
7.3397341338582676
 20
-4.2848138582677162
 30
0
 11
7.3397327165354325
 21
-4.2848127952755908
 31
0
  0
LINE
  5
642
330
1F
100
AcDbEntity
  8
In1.Cu
  6
CONTINUOUS
100
AcDbLine
 10
7.3397327165354325
 20
-4.2848127952755908
 30
0
 11
7.3397326771653546
 21
-4.284812755905512
 31
0
  0
LINE
  5
643
330
1F
100
AcDbEntity
  8
In1.Cu
  6
CONTINUOUS
100
AcDbLine
 10
7.3397326771653546
 20
-4.284812755905512
 30
0
 11
7.3391987007874011
 21
-4.2844325196850397
 31
0
  0
LINE
  5
644
330
1F
100
AcDbEntity
  8
In1.Cu
  6
CONTINUOUS
100
AcDbLine
 10
7.3391987007874011
 20
-4.2844325196850397
 30
0
 11
7.3343046456692909
 21
-4.2809474409448818
 31
0
  0
LINE
  5
645
330
1F
100
AcDbEntity
  8
In1.Cu
  6
CONTINUOUS
100
AcDbLine
 10
7.3343046456692909
 20
-4.2809474409448818
 30
0
 11
7.3343033858267717
 21
-4.280946614173228
 31
0
  0
LINE
  5
646
330
1F
100
AcDbEntity
  8
In1.Cu
  6
CONTINUOUS
100
AcDbLine
 10
7.3343033858267717
 20
-4.280946614173228
 30
0
 11
7.3305504724409447
 21
-4.2785347637795272
 31
0
  0
LINE
  5
647
330
1F
100
AcDbEntity
  8
In1.Cu
  6
CONTINUOUS
100
AcDbLine
 10
7.3305504724409447
 20
-4.2785347637795272
 30
0
 11
7.3286977559055115
 21
-4.2773440944881891
 31
0
  0
LINE
  5
648
330
1F
100
AcDbEntity
  8
In1.Cu
  6
CONTINUOUS
100
AcDbLine
 10
7.3286977559055115
 20
-4.2773440944881891
 30
0
 11
7.3286975590551178
 21
-4.2773439763779528
 31
0
  0
LINE
  5
649
330
1F
100
AcDbEntity
  8
In1.Cu
  6
CONTINUOUS
100
AcDbLine
 10
7.3286975590551178
 20
-4.2773439763779528
 30
0
 11
7.3286974409448815
 21
-4.2773438976377953
 31
0
  0
LINE
  5
64A
330
1F
100
AcDbEntity
  8
In1.Cu
  6
CONTINUOUS
100
AcDbLine
 10
7.3286974409448815
 20
-4.2773438976377953
 30
0
 11
7.3229272440944877
 21
-4.2740125196850389
 31
0
  0
LINE
  5
64B
330
1F
100
AcDbEntity
  8
In1.Cu
  6
CONTINUOUS
100
AcDbLine
 10
7.3229272440944877
 20
-4.2740125196850389
 30
0
 11
7.3229262992125985
 21
-4.2740119685039373
 31
0
  0
LINE
  5
64C
330
1F
100
AcDbEntity
  8
In1.Cu
  6
CONTINUOUS
100
AcDbLine
 10
7.3229262992125985
 20
-4.2740119685039373
 30
0
 11
7.3229256299212597
 21
-4.2740116141732285
 31
0
  0
LINE
  5
64D
330
1F
100
AcDbEntity
  8
In1.Cu
  6
CONTINUOUS
100
AcDbLine
 10
7.3229256299212597
 20
-4.2740116141732285
 30
0
 11
7.3170033070866136
 21
-4.2709583858267717
 31
0
  0
LINE
  5
64E
330
1F
100
AcDbEntity
  8
In1.Cu
  6
CONTINUOUS
100
AcDbLine
 10
7.3170033070866136
 20
-4.2709583858267717
 30
0
 11
7.3109407874015746
 21
-4.2681897637795272
 31
0
  0
LINE
  5
64F
330
1F
100
AcDbEntity
  8
In1.Cu
  6
CONTINUOUS
100
AcDbLine
 10
7.3109407874015746
 20
-4.2681897637795272
 30
0
 11
7.3047548425196851
 21
-4.2657132283464563
 31
0
  0
LINE
  5
650
330
1F
100
AcDbEntity
  8
In1.Cu
  6
CONTINUOUS
100
AcDbLine
 10
7.3047548425196851
 20
-4.2657132283464563
 30
0
 11
7.3047543307086613
 21
-4.2657130708661413
 31
0
  0
LINE
  5
651
330
1F
100
AcDbEntity
  8
In1.Cu
  6
CONTINUOUS
100
AcDbLine
 10
7.3047543307086613
 20
-4.2657130708661413
 30
0
 11
7.3047538582677163
 21
-4.2657128740157475
 31
0
  0
LINE
  5
652
330
1F
100
AcDbEntity
  8
In1.Cu
  6
CONTINUOUS
100
AcDbLine
 10
7.3047538582677163
 20
-4.2657128740157475
 30
0
 11
7.3005534645669288
 21
-4.2642590944881889
 31
0
  0
LINE
  5
653
330
1F
100
AcDbEntity
  8
In1.Cu
  6
CONTINUOUS
100
AcDbLine
 10
7.3005534645669288
 20
-4.2642590944881889
 30
0
 11
7.2984563385826773
 21
-4.263533267716535
 31
0
  0
LINE
  5
654
330
1F
100
AcDbEntity
  8
In1.Cu
  6
CONTINUOUS
100
AcDbLine
 10
7.2984563385826773
 20
-4.263533267716535
 30
0
 11
7.292061968503937
 21
-4.2616556692913381
 31
0
  0
LINE
  5
655
330
1F
100
AcDbEntity
  8
In1.Cu
  6
CONTINUOUS
100
AcDbLine
 10
7.292061968503937
 20
-4.2616556692913381
 30
0
 11
7.2920620078740157
 21
-4.2616556692913381
 31
0
  0
LINE
  5
656
330
1F
100
AcDbEntity
  8
In1.Cu
  6
CONTINUOUS
100
AcDbLine
 10
7.2920620078740157
 20
-4.2616556692913381
 30
0
 11
7.2855851574803152
 21
-4.2600844488188976
 31
0
  0
LINE
  5
657
330
1F
100
AcDbEntity
  8
In1.Cu
  6
CONTINUOUS
100
AcDbLine
 10
7.2855851574803152
 20
-4.2600844488188976
 30
0
 11
7.2790418503937007
 21
-4.2588233464566931
 31
0
  0
LINE
  5
658
330
1F
100
AcDbEntity
  8
In1.Cu
  6
CONTINUOUS
100
AcDbLine
 10
7.2790418503937007
 20
-4.2588233464566931
 30
0
 11
7.2790416535433069
 21
-4.2588233070866144
 31
0
  0
LINE
  5
659
330
1F
100
AcDbEntity
  8
In1.Cu
  6
CONTINUOUS
100
AcDbLine
 10
7.2790416535433069
 20
-4.2588233070866144
 30
0
 11
7.2790414173228344
 21
-4.2588232677165356
 31
0
  0
LINE
  5
65A
330
1F
100
AcDbEntity
  8
In1.Cu
  6
CONTINUOUS
100
AcDbLine
 10
7.2790414173228344
 20
-4.2588232677165356
 30
0
 11
7.2790411023622044
 21
-4.2588231889763781
 31
0
  0
LINE
  5
65B
330
1F
100
AcDbEntity
  8
In1.Cu
  6
CONTINUOUS
100
AcDbLine
 10
7.2790411023622044
 20
-4.2588231889763781
 30
0
 11
7.2790404330708656
 21
-4.2588231102362206
 31
0
  0
LINE
  5
65C
330
1F
100
AcDbEntity
  8
In1.Cu
  6
CONTINUOUS
100
AcDbLine
 10
7.2790404330708656
 20
-4.2588231102362206
 30
0
 11
7.2724455511811019
 21
-4.2578749212598428
 31
0
  0
LINE
  5
65D
330
1F
100
AcDbEntity
  8
In1.Cu
  6
CONTINUOUS
100
AcDbLine
 10
7.2724455511811019
 20
-4.2578749212598428
 30
0
 11
7.2724452755905507
 21
-4.257874881889764
 31
0
  0
LINE
  5
65E
330
1F
100
AcDbEntity
  8
In1.Cu
  6
CONTINUOUS
100
AcDbLine
 10
7.2724452755905507
 20
-4.257874881889764
 30
0
 11
7.2724449606299215
 21
-4.2578748425196853
 31
0
  0
LINE
  5
65F
330
1F
100
AcDbEntity
  8
In1.Cu
  6
CONTINUOUS
100
AcDbLine
 10
7.2724449606299215
 20
-4.2578748425196853
 30
0
 11
7.272444566929134
 21
-4.2578748031496065
 31
0
  0
LINE
  5
660
330
1F
100
AcDbEntity
  8
In1.Cu
  6
CONTINUOUS
100
AcDbLine
 10
7.272444566929134
 20
-4.2578748031496065
 30
0
 11
7.2724438976377952
 21
-4.257874724409449
 31
0
  0
LINE
  5
661
330
1F
100
AcDbEntity
  8
In1.Cu
  6
CONTINUOUS
100
AcDbLine
 10
7.2724438976377952
 20
-4.257874724409449
 30
0
 11
7.2658124015748031
 21
-4.2572414566929133
 31
0
  0
LINE
  5
662
330
1F
100
AcDbEntity
  8
In1.Cu
  6
CONTINUOUS
100
AcDbLine
 10
7.2658124015748031
 20
-4.2572414566929133
 30
0
 11
7.2658114960629918
 21
-4.2572413779527558
 31
0
  0
LINE
  5
663
330
1F
100
AcDbEntity
  8
In1.Cu
  6
CONTINUOUS
100
AcDbLine
 10
7.2658114960629918
 20
-4.2572413779527558
 30
0
 11
7.2658109448818893
 21
-4.2572413385826771
 31
0
  0
LINE
  5
664
330
1F
100
AcDbEntity
  8
In1.Cu
  6
CONTINUOUS
100
AcDbLine
 10
7.2658109448818893
 20
-4.2572413385826771
 30
0
 11
7.265810826771653
 21
-4.2572413385826771
 31
0
  0
LINE
  5
665
330
1F
100
AcDbEntity
  8
In1.Cu
  6
CONTINUOUS
100
AcDbLine
 10
7.265810826771653
 20
-4.2572413385826771
 30
0
 11
7.2591540944881885
 21
-4.2569242519685035
 31
0
  0
LINE
  5
666
330
1F
100
AcDbEntity
  8
In1.Cu
  6
CONTINUOUS
100
AcDbLine
 10
7.2591540944881885
 20
-4.2569242519685035
 30
0
 11
7.2524897637795274
 21
-4.2569242519685035
 31
0
  0
LINE
  5
667
330
1F
100
AcDbEntity
  8
In1.Cu
  6
CONTINUOUS
100
AcDbLine
 10
7.2524897637795274
 20
-4.2569242519685035
 30
0
 11
7.2458330314960628
 21
-4.2572413385826771
 31
0
  0
LINE
  5
668
330
1F
100
AcDbEntity
  8
In1.Cu
  6
CONTINUOUS
100
AcDbLine
 10
5.538429842519685
 20
-4.3198397637795276
 30
0
 11
5.5362654330708656
 21
-4.3204197244094491
 31
0
  0
LINE
  5
669
330
1F
100
AcDbEntity
  8
In1.Cu
  6
CONTINUOUS
100
AcDbLine
 10
5.5362654330708656
 20
-4.3204197244094491
 30
0
 11
5.5362652362204727
 21
-4.3204198425196854
 31
0
  0
LINE
  5
66A
330
1F
100
AcDbEntity
  8
In1.Cu
  6
CONTINUOUS
100
AcDbLine
 10
5.5362652362204727
 20
-4.3204198425196854
 30
0
 11
5.5323847637795271
 21
-4.3226601968503937
 31
0
  0
LINE
  5
66B
330
1F
100
AcDbEntity
  8
In1.Cu
  6
CONTINUOUS
100
AcDbLine
 10
5.5323847637795271
 20
-4.3226601968503937
 30
0
 11
5.5323844488188971
 21
-4.3226604330708662
 31
0
  0
LINE
  5
66C
330
1F
100
AcDbEntity
  8
In1.Cu
  6
CONTINUOUS
100
AcDbLine
 10
5.5323844488188971
 20
-4.3226604330708662
 30
0
 11
5.5292157480314961
 21
-4.3258291338582673
 31
0
  0
LINE
  5
66D
330
1F
100
AcDbEntity
  8
In1.Cu
  6
CONTINUOUS
100
AcDbLine
 10
5.5292157480314961
 20
-4.3258291338582673
 30
0
 11
5.5292155118110236
 21
-4.3258294488188973
 31
0
  0
LINE
  5
66E
330
1F
100
AcDbEntity
  8
In1.Cu
  6
CONTINUOUS
100
AcDbLine
 10
5.5292155118110236
 20
-4.3258294488188973
 30
0
 11
5.5269751574803152
 21
-4.329709921259842
 31
0
  0
LINE
  5
66F
330
1F
100
AcDbEntity
  8
In1.Cu
  6
CONTINUOUS
100
AcDbLine
 10
5.5269751574803152
 20
-4.329709921259842
 30
0
 11
5.5269750393700789
 21
-4.3297101181102358
 31
0
  0
LINE
  5
670
330
1F
100
AcDbEntity
  8
In1.Cu
  6
CONTINUOUS
100
AcDbLine
 10
5.5269750393700789
 20
-4.3297101181102358
 30
0
 11
5.5269509448818894
 21
-4.3298000787401572
 31
0
  0
LINE
  5
671
330
1F
100
AcDbEntity
  8
In1.Cu
  6
CONTINUOUS
100
AcDbLine
 10
5.5269509448818894
 20
-4.3298000787401572
 30
0
 11
5.5258151574803147
 21
-4.3340388582677161
 31
0
  0
LINE
  5
672
330
1F
100
AcDbEntity
  8
In1.Cu
  6
CONTINUOUS
100
AcDbLine
 10
5.5258151574803147
 20
-4.3340388582677161
 30
0
 11
5.5258151574803147
 21
-4.3385201968503937
 31
0
  0
LINE
  5
673
330
1F
100
AcDbEntity
  8
In1.Cu
  6
CONTINUOUS
100
AcDbLine
 10
5.5258151574803147
 20
-4.3385201968503937
 30
0
 11
5.5265883858267717
 21
-4.34140594488189
 31
0
  0
LINE
  5
674
330
1F
100
AcDbEntity
  8
In1.Cu
  6
CONTINUOUS
100
AcDbLine
 10
5.5265883858267717
 20
-4.34140594488189
 30
0
 11
5.5269750393700789
 21
-4.3428488976377952
 31
0
  0
LINE
  5
675
330
1F
100
AcDbEntity
  8
In1.Cu
  6
CONTINUOUS
100
AcDbLine
 10
5.5269750393700789
 20
-4.3428488976377952
 30
0
 11
5.5269751574803152
 21
-4.342849094488189
 31
0
  0
LINE
  5
676
330
1F
100
AcDbEntity
  8
In1.Cu
  6
CONTINUOUS
100
AcDbLine
 10
5.5269751574803152
 20
-4.342849094488189
 30
0
 11
5.5292155118110236
 21
-4.3467295669291337
 31
0
  0
LINE
  5
677
330
1F
100
AcDbEntity
  8
In1.Cu
  6
CONTINUOUS
100
AcDbLine
 10
5.5292155118110236
 20
-4.3467295669291337
 30
0
 11
5.5292156692913386
 21
-4.3467297637795275
 31
0
  0
LINE
  5
678
330
1F
100
AcDbEntity
  8
In1.Cu
  6
CONTINUOUS
100
AcDbLine
 10
5.5292156692913386
 20
-4.3467297637795275
 30
0
 11
5.5292157086614173
 21
-4.346729842519685
 31
0
  0
LINE
  5
679
330
1F
100
AcDbEntity
  8
In1.Cu
  6
CONTINUOUS
100
AcDbLine
 10
5.5292157086614173
 20
-4.346729842519685
 30
0
 11
5.5323845275590546
 21
-4.3498986614173232
 31
0
  0
LINE
  5
67A
330
1F
100
AcDbEntity
  8
In1.Cu
  6
CONTINUOUS
100
AcDbLine
 10
5.5323845275590546
 20
-4.3498986614173232
 30
0
 11
5.5323846062992121
 21
-4.349898700787401
 31
0
  0
LINE
  5
67B
330
1F
100
AcDbEntity
  8
In1.Cu
  6
CONTINUOUS
100
AcDbLine
 10
5.5323846062992121
 20
-4.349898700787401
 30
0
 11
5.5323847637795271
 21
-4.3498988188976373
 31
0
  0
LINE
  5
67C
330
1F
100
AcDbEntity
  8
In1.Cu
  6
CONTINUOUS
100
AcDbLine
 10
5.5323847637795271
 20
-4.3498988188976373
 30
0
 11
5.5362652362204727
 21
-4.3521391732283465
 31
0
  0
LINE
  5
67D
330
1F
100
AcDbEntity
  8
In1.Cu
  6
CONTINUOUS
100
AcDbLine
 10
5.5362652362204727
 20
-4.3521391732283465
 30
0
 11
5.5362655118110231
 21
-4.3521393307086615
 31
0
  0
LINE
  5
67E
330
1F
100
AcDbEntity
  8
In1.Cu
  6
CONTINUOUS
100
AcDbLine
 10
5.5362655118110231
 20
-4.3521393307086615
 30
0
 11
5.5405941732283459
 21
-4.3532992125984249
 31
0
  0
LINE
  5
67F
330
1F
100
AcDbEntity
  8
In1.Cu
  6
CONTINUOUS
100
AcDbLine
 10
5.5405941732283459
 20
-4.3532992125984249
 30
0
 11
5.5405942519685034
 21
-4.3532992125984249
 31
0
  0
LINE
  5
680
330
1F
100
AcDbEntity
  8
In1.Cu
  6
CONTINUOUS
100
AcDbLine
 10
5.5405942519685034
 20
-4.3532992125984249
 30
0
 11
5.545075433070866
 21
-4.3532992125984249
 31
0
  0
LINE
  5
681
330
1F
100
AcDbEntity
  8
In1.Cu
  6
CONTINUOUS
100
AcDbLine
 10
5.545075433070866
 20
-4.3532992125984249
 30
0
 11
5.5450755118110235
 21
-4.3532992125984249
 31
0
  0
LINE
  5
682
330
1F
100
AcDbEntity
  8
In1.Cu
  6
CONTINUOUS
100
AcDbLine
 10
5.5450755118110235
 20
-4.3532992125984249
 30
0
 11
5.5494041732283463
 21
-4.3521393307086615
 31
0
  0
LINE
  5
683
330
1F
100
AcDbEntity
  8
In1.Cu
  6
CONTINUOUS
100
AcDbLine
 10
5.5494041732283463
 20
-4.3521393307086615
 30
0
 11
5.5532851574803148
 21
-4.3498986614173232
 31
0
  0
LINE
  5
684
330
1F
100
AcDbEntity
  8
In1.Cu
  6
CONTINUOUS
100
AcDbLine
 10
5.5532851574803148
 20
-4.3498986614173232
 30
0
 11
5.556453976377953
 21
-4.346729842519685
 31
0
  0
LINE
  5
685
330
1F
100
AcDbEntity
  8
In1.Cu
  6
CONTINUOUS
100
AcDbLine
 10
5.556453976377953
 20
-4.346729842519685
 30
0
 11
5.5586946456692914
 21
-4.3428488582677165
 31
0
  0
LINE
  5
686
330
1F
100
AcDbEntity
  8
In1.Cu
  6
CONTINUOUS
100
AcDbLine
 10
5.5586946456692914
 20
-4.3428488582677165
 30
0
 11
5.5598545275590547
 21
-4.3385201968503937
 31
0
  0
LINE
  5
687
330
1F
100
AcDbEntity
  8
In1.Cu
  6
CONTINUOUS
100
AcDbLine
 10
5.5598545275590547
 20
-4.3385201968503937
 30
0
 11
5.5598545275590547
 21
-4.3340388582677161
 31
0
  0
LINE
  5
688
330
1F
100
AcDbEntity
  8
In1.Cu
  6
CONTINUOUS
100
AcDbLine
 10
5.5598545275590547
 20
-4.3340388582677161
 30
0
 11
5.5586946456692914
 21
-4.3297101968503933
 31
0
  0
LINE
  5
689
330
1F
100
AcDbEntity
  8
In1.Cu
  6
CONTINUOUS
100
AcDbLine
 10
5.5586946456692914
 20
-4.3297101968503933
 30
0
 11
5.5586944881889764
 21
-4.329709921259842
 31
0
  0
LINE
  5
68A
330
1F
100
AcDbEntity
  8
In1.Cu
  6
CONTINUOUS
100
AcDbLine
 10
5.5586944881889764
 20
-4.329709921259842
 30
0
 11
5.556454133858268
 21
-4.3258294488188973
 31
0
  0
LINE
  5
68B
330
1F
100
AcDbEntity
  8
In1.Cu
  6
CONTINUOUS
100
AcDbLine
 10
5.556454133858268
 20
-4.3258294488188973
 30
0
 11
5.5564538976377955
 21
-4.3258291338582673
 31
0
  0
LINE
  5
68C
330
1F
100
AcDbEntity
  8
In1.Cu
  6
CONTINUOUS
100
AcDbLine
 10
5.5564538976377955
 20
-4.3258291338582673
 30
0
 11
5.5532851968503936
 21
-4.3226604330708662
 31
0
  0
LINE
  5
68D
330
1F
100
AcDbEntity
  8
In1.Cu
  6
CONTINUOUS
100
AcDbLine
 10
5.5532851968503936
 20
-4.3226604330708662
 30
0
 11
5.5532848818897635
 21
-4.3226601968503937
 31
0
  0
LINE
  5
68E
330
1F
100
AcDbEntity
  8
In1.Cu
  6
CONTINUOUS
100
AcDbLine
 10
5.5532848818897635
 20
-4.3226601968503937
 30
0
 11
5.5494044094488189
 21
-4.3204198425196854
 31
0
  0
LINE
  5
68F
330
1F
100
AcDbEntity
  8
In1.Cu
  6
CONTINUOUS
100
AcDbLine
 10
5.5494044094488189
 20
-4.3204198425196854
 30
0
 11
5.5494042125984251
 21
-4.3204197244094491
 31
0
  0
LINE
  5
690
330
1F
100
AcDbEntity
  8
In1.Cu
  6
CONTINUOUS
100
AcDbLine
 10
5.5494042125984251
 20
-4.3204197244094491
 30
0
 11
5.5479612598425199
 21
-4.3200330708661419
 31
0
  0
LINE
  5
691
330
1F
100
AcDbEntity
  8
In1.Cu
  6
CONTINUOUS
100
AcDbLine
 10
5.5479612598425199
 20
-4.3200330708661419
 30
0
 11
5.5450755118110235
 21
-4.3192598425196849
 31
0
  0
LINE
  5
692
330
1F
100
AcDbEntity
  8
In1.Cu
  6
CONTINUOUS
100
AcDbLine
 10
5.5450755118110235
 20
-4.3192598425196849
 30
0
 11
5.5405941732283459
 21
-4.3192598425196849
 31
0
  0
LINE
  5
693
330
1F
100
AcDbEntity
  8
In1.Cu
  6
CONTINUOUS
100
AcDbLine
 10
5.5405941732283459
 20
-4.3192598425196849
 30
0
 11
5.538429842519685
 21
-4.3198397637795276
 31
0
  0
LINE
  5
694
330
1F
100
AcDbEntity
  8
In1.Cu
  6
CONTINUOUS
100
AcDbLine
 10
5.87681125984252
 20
-4.1743848031496062
 30
0
 11
5.8700911417322832
 21
-4.1765683464566932
 31
0
  0
LINE
  5
695
330
1F
100
AcDbEntity
  8
In1.Cu
  6
CONTINUOUS
100
AcDbLine
 10
5.8700911417322832
 20
-4.1765683464566932
 30
0
 11
5.8637956299212597
 21
-4.1797761023622044
 31
0
  0
LINE
  5
696
330
1F
100
AcDbEntity
  8
In1.Cu
  6
CONTINUOUS
100
AcDbLine
 10
5.8637956299212597
 20
-4.1797761023622044
 30
0
 11
5.8605342519685042
 21
-4.1821456299212594
 31
0
  0
LINE
  5
697
330
1F
100
AcDbEntity
  8
In1.Cu
  6
CONTINUOUS
100
AcDbLine
 10
5.8605342519685042
 20
-4.1821456299212594
 30
0
 11
5.8580792913385826
 21
-4.1839292913385826
 31
0
  0
LINE
  5
698
330
1F
100
AcDbEntity
  8
In1.Cu
  6
CONTINUOUS
100
AcDbLine
 10
5.8580792913385826
 20
-4.1839292913385826
 30
0
 11
5.8580792125984251
 21
-4.1839293700787401
 31
0
  0
LINE
  5
699
330
1F
100
AcDbEntity
  8
In1.Cu
  6
CONTINUOUS
100
AcDbLine
 10
5.8580792125984251
 20
-4.1839293700787401
 30
0
 11
5.8580791732283464
 21
-4.1839293700787401
 31
0
  0
LINE
  5
69A
330
1F
100
AcDbEntity
  8
In1.Cu
  6
CONTINUOUS
100
AcDbLine
 10
5.8580791732283464
 20
-4.1839293700787401
 30
0
 11
5.85308311023622
 21
-4.1889254330708656
 31
0
  0
LINE
  5
69B
330
1F
100
AcDbEntity
  8
In1.Cu
  6
CONTINUOUS
100
AcDbLine
 10
5.85308311023622
 20
-4.1889254330708656
 30
0
 11
5.85308311023622
 21
-4.1889254724409444
 31
0
  0
LINE
  5
69C
330
1F
100
AcDbEntity
  8
In1.Cu
  6
CONTINUOUS
100
AcDbLine
 10
5.85308311023622
 20
-4.1889254724409444
 30
0
 11
5.8530830314960625
 21
-4.1889255511811019
 31
0
  0
LINE
  5
69D
330
1F
100
AcDbEntity
  8
In1.Cu
  6
CONTINUOUS
100
AcDbLine
 10
5.8530830314960625
 20
-4.1889255511811019
 30
0
 11
5.8512993700787401
 21
-4.1913805118110234
 31
0
  0
LINE
  5
69E
330
1F
100
AcDbEntity
  8
In1.Cu
  6
CONTINUOUS
100
AcDbLine
 10
5.8512993700787401
 20
-4.1913805118110234
 30
0
 11
5.8489298425196852
 21
-4.1946418897637798
 31
0
  0
LINE
  5
69F
330
1F
100
AcDbEntity
  8
In1.Cu
  6
CONTINUOUS
100
AcDbLine
 10
5.8489298425196852
 20
-4.1946418897637798
 30
0
 11
5.845722086614173
 21
-4.2009374015748033
 31
0
  0
LINE
  5
6A0
330
1F
100
AcDbEntity
  8
In1.Cu
  6
CONTINUOUS
100
AcDbLine
 10
5.845722086614173
 20
-4.2009374015748033
 30
0
 11
5.8435385433070861
 21
-4.2076575196850392
 31
0
  0
LINE
  5
6A1
330
1F
100
AcDbEntity
  8
In1.Cu
  6
CONTINUOUS
100
AcDbLine
 10
5.8435385433070861
 20
-4.2076575196850392
 30
0
 11
5.8424332677165349
 21
-4.2146361417322833
 31
0
  0
LINE
  5
6A2
330
1F
100
AcDbEntity
  8
In1.Cu
  6
CONTINUOUS
100
AcDbLine
 10
5.8424332677165349
 20
-4.2146361417322833
 30
0
 11
5.8424332677165349
 21
-4.2217024015748033
 31
0
  0
LINE
  5
6A3
330
1F
100
AcDbEntity
  8
In1.Cu
  6
CONTINUOUS
100
AcDbLine
 10
5.8424332677165349
 20
-4.2217024015748033
 30
0
 11
5.8435385433070861
 21
-4.2286810236220473
 31
0
  0
LINE
  5
6A4
330
1F
100
AcDbEntity
  8
In1.Cu
  6
CONTINUOUS
100
AcDbLine
 10
5.8435385433070861
 20
-4.2286810236220473
 30
0
 11
5.845722086614173
 21
-4.2354011417322832
 31
0
  0
LINE
  5
6A5
330
1F
100
AcDbEntity
  8
In1.Cu
  6
CONTINUOUS
100
AcDbLine
 10
5.845722086614173
 20
-4.2354011417322832
 30
0
 11
5.8470538188976375
 21
-4.2380147637795273
 31
0
  0
LINE
  5
6A6
330
1F
100
AcDbEntity
  8
In1.Cu
  6
CONTINUOUS
100
AcDbLine
 10
5.8470538188976375
 20
-4.2380147637795273
 30
0
 11
5.8489298425196852
 21
-4.2416966535433067
 31
0
  0
LINE
  5
6A7
330
1F
100
AcDbEntity
  8
In1.Cu
  6
CONTINUOUS
100
AcDbLine
 10
5.8489298425196852
 20
-4.2416966535433067
 30
0
 11
5.8530830314960625
 21
-4.2474130314960625
 31
0
  0
LINE
  5
6A8
330
1F
100
AcDbEntity
  8
In1.Cu
  6
CONTINUOUS
100
AcDbLine
 10
5.8530830314960625
 20
-4.2474130314960625
 30
0
 11
5.8580792913385826
 21
-4.2524092913385827
 31
0
  0
LINE
  5
6A9
330
1F
100
AcDbEntity
  8
In1.Cu
  6
CONTINUOUS
100
AcDbLine
 10
5.8580792913385826
 20
-4.2524092913385827
 30
0
 11
5.8637956692913384
 21
-4.2565624803149609
 31
0
  0
LINE
  5
6AA
330
1F
100
AcDbEntity
  8
In1.Cu
  6
CONTINUOUS
100
AcDbLine
 10
5.8637956692913384
 20
-4.2565624803149609
 30
0
 11
5.8663711023622049
 21
-4.257874724409449
 31
0
  0
LINE
  5
6AB
330
1F
100
AcDbEntity
  8
In1.Cu
  6
CONTINUOUS
100
AcDbLine
 10
5.8663711023622049
 20
-4.257874724409449
 30
0
 11
5.8700911417322832
 21
-4.2597701968503934
 31
0
  0
LINE
  5
6AC
330
1F
100
AcDbEntity
  8
In1.Cu
  6
CONTINUOUS
100
AcDbLine
 10
5.8700911417322832
 20
-4.2597701968503934
 30
0
 11
5.8700912204724407
 21
-4.2597701968503934
 31
0
  0
LINE
  5
6AD
330
1F
100
AcDbEntity
  8
In1.Cu
  6
CONTINUOUS
100
AcDbLine
 10
5.8700912204724407
 20
-4.2597701968503934
 30
0
 11
5.870091338582677
 21
-4.2597702755905509
 31
0
  0
LINE
  5
6AE
330
1F
100
AcDbEntity
  8
In1.Cu
  6
CONTINUOUS
100
AcDbLine
 10
5.870091338582677
 20
-4.2597702755905509
 30
0
 11
5.8736933070866142
 21
-4.2609406299212598
 31
0
  0
LINE
  5
6AF
330
1F
100
AcDbEntity
  8
In1.Cu
  6
CONTINUOUS
100
AcDbLine
 10
5.8736933070866142
 20
-4.2609406299212598
 30
0
 11
5.87681125984252
 21
-4.2619537401574803
 31
0
  0
LINE
  5
6B0
330
1F
100
AcDbEntity
  8
In1.Cu
  6
CONTINUOUS
100
AcDbLine
 10
5.87681125984252
 20
-4.2619537401574803
 30
0
 11
5.8837899212598428
 21
-4.2630590551181102
 31
0
  0
LINE
  5
6B1
330
1F
100
AcDbEntity
  8
In1.Cu
  6
CONTINUOUS
100
AcDbLine
 10
5.8837899212598428
 20
-4.2630590551181102
 30
0
 11
5.8837901181102357
 21
-4.2630590551181102
 31
0
  0
LINE
  5
6B2
330
1F
100
AcDbEntity
  8
In1.Cu
  6
CONTINUOUS
100
AcDbLine
 10
5.8837901181102357
 20
-4.2630590551181102
 30
0
 11
5.8908561417322831
 21
-4.2630590551181102
 31
0
  0
LINE
  5
6B3
330
1F
100
AcDbEntity
  8
In1.Cu
  6
CONTINUOUS
100
AcDbLine
 10
5.8908561417322831
 20
-4.2630590551181102
 30
0
 11
5.8978347637795272
 21
-4.2619537401574803
 31
0
  0
LINE
  5
6B4
330
1F
100
AcDbEntity
  8
In1.Cu
  6
CONTINUOUS
100
AcDbLine
 10
5.8978347637795272
 20
-4.2619537401574803
 30
0
 11
5.8987522440944877
 21
-4.2616556299212593
 31
0
  0
LINE
  5
6B5
330
1F
100
AcDbEntity
  8
In1.Cu
  6
CONTINUOUS
100
AcDbLine
 10
5.8987522440944877
 20
-4.2616556299212593
 30
0
 11
5.904554724409449
 21
-4.2597702755905509
 31
0
  0
LINE
  5
6B6
330
1F
100
AcDbEntity
  8
In1.Cu
  6
CONTINUOUS
100
AcDbLine
 10
5.904554724409449
 20
-4.2597702755905509
 30
0
 11
5.9108503937007875
 21
-4.2565624803149609
 31
0
  0
LINE
  5
6B7
330
1F
100
AcDbEntity
  8
In1.Cu
  6
CONTINUOUS
100
AcDbLine
 10
5.9108503937007875
 20
-4.2565624803149609
 30
0
 11
5.9165667716535433
 21
-4.2524092913385827
 31
0
  0
LINE
  5
6B8
330
1F
100
AcDbEntity
  8
In1.Cu
  6
CONTINUOUS
100
AcDbLine
 10
5.9165667716535433
 20
-4.2524092913385827
 30
0
 11
5.9215630314960626
 21
-4.2474130314960625
 31
0
  0
LINE
  5
6B9
330
1F
100
AcDbEntity
  8
In1.Cu
  6
CONTINUOUS
100
AcDbLine
 10
5.9215630314960626
 20
-4.2474130314960625
 30
0
 11
5.9257162204724407
 21
-4.2416966535433067
 31
0
  0
LINE
  5
6BA
330
1F
100
AcDbEntity
  8
In1.Cu
  6
CONTINUOUS
100
AcDbLine
 10
5.9257162204724407
 20
-4.2416966535433067
 30
0
 11
5.9289240157480316
 21
-4.2354009842519682
 31
0
  0
LINE
  5
6BB
330
1F
100
AcDbEntity
  8
In1.Cu
  6
CONTINUOUS
100
AcDbLine
 10
5.9289240157480316
 20
-4.2354009842519682
 30
0
 11
5.9311074803149602
 21
-4.2286810236220473
 31
0
  0
LINE
  5
6BC
330
1F
100
AcDbEntity
  8
In1.Cu
  6
CONTINUOUS
100
AcDbLine
 10
5.9311074803149602
 20
-4.2286810236220473
 30
0
 11
5.9322127952755901
 21
-4.2217024015748033
 31
0
  0
LINE
  5
6BD
330
1F
100
AcDbEntity
  8
In1.Cu
  6
CONTINUOUS
100
AcDbLine
 10
5.9322127952755901
 20
-4.2217024015748033
 30
0
 11
5.9322127952755901
 21
-4.2146361417322833
 31
0
  0
LINE
  5
6BE
330
1F
100
AcDbEntity
  8
In1.Cu
  6
CONTINUOUS
100
AcDbLine
 10
5.9322127952755901
 20
-4.2146361417322833
 30
0
 11
5.9311074803149602
 21
-4.2076575196850392
 31
0
  0
LINE
  5
6BF
330
1F
100
AcDbEntity
  8
In1.Cu
  6
CONTINUOUS
100
AcDbLine
 10
5.9311074803149602
 20
-4.2076575196850392
 30
0
 11
5.9289239370078741
 21
-4.2009374015748033
 31
0
  0
LINE
  5
6C0
330
1F
100
AcDbEntity
  8
In1.Cu
  6
CONTINUOUS
100
AcDbLine
 10
5.9289239370078741
 20
-4.2009374015748033
 30
0
 11
5.925716181102362
 21
-4.1946418897637798
 31
0
  0
LINE
  5
6C1
330
1F
100
AcDbEntity
  8
In1.Cu
  6
CONTINUOUS
100
AcDbLine
 10
5.925716181102362
 20
-4.1946418897637798
 30
0
 11
5.9215630314960626
 21
-4.1889255511811019
 31
0
  0
LINE
  5
6C2
330
1F
100
AcDbEntity
  8
In1.Cu
  6
CONTINUOUS
100
AcDbLine
 10
5.9215630314960626
 20
-4.1889255511811019
 30
0
 11
5.9165667716535433
 21
-4.1839292913385826
 31
0
  0
LINE
  5
6C3
330
1F
100
AcDbEntity
  8
In1.Cu
  6
CONTINUOUS
100
AcDbLine
 10
5.9165667716535433
 20
-4.1839292913385826
 30
0
 11
5.9108503937007875
 21
-4.1797761023622044
 31
0
  0
LINE
  5
6C4
330
1F
100
AcDbEntity
  8
In1.Cu
  6
CONTINUOUS
100
AcDbLine
 10
5.9108503937007875
 20
-4.1797761023622044
 30
0
 11
5.904554881889764
 21
-4.1765683464566932
 31
0
  0
LINE
  5
6C5
330
1F
100
AcDbEntity
  8
In1.Cu
  6
CONTINUOUS
100
AcDbLine
 10
5.904554881889764
 20
-4.1765683464566932
 30
0
 11
5.8978347637795272
 21
-4.1743848031496062
 31
0
  0
LINE
  5
6C6
330
1F
100
AcDbEntity
  8
In1.Cu
  6
CONTINUOUS
100
AcDbLine
 10
5.8978347637795272
 20
-4.1743848031496062
 30
0
 11
5.8908561417322831
 21
-4.1732795275590551
 31
0
  0
LINE
  5
6C7
330
1F
100
AcDbEntity
  8
In1.Cu
  6
CONTINUOUS
100
AcDbLine
 10
5.8908561417322831
 20
-4.1732795275590551
 30
0
 11
5.8908559448818894
 21
-4.1732795275590551
 31
0
  0
LINE
  5
6C8
330
1F
100
AcDbEntity
  8
In1.Cu
  6
CONTINUOUS
100
AcDbLine
 10
5.8908559448818894
 20
-4.1732795275590551
 30
0
 11
5.8837901181102357
 21
-4.1732795275590551
 31
0
  0
LINE
  5
6C9
330
1F
100
AcDbEntity
  8
In1.Cu
  6
CONTINUOUS
100
AcDbLine
 10
5.8837901181102357
 20
-4.1732795275590551
 30
0
 11
5.8837899212598428
 21
-4.1732795275590551
 31
0
  0
LINE
  5
6CA
330
1F
100
AcDbEntity
  8
In1.Cu
  6
CONTINUOUS
100
AcDbLine
 10
5.8837899212598428
 20
-4.1732795275590551
 30
0
 11
5.87681125984252
 21
-4.1743848031496062
 31
0
  0
LINE
  5
6CB
330
1F
100
AcDbEntity
  8
In1.Cu
  6
CONTINUOUS
100
AcDbLine
 10
5.4313269291338582
 20
-4.2538745275590548
 30
0
 11
5.432047165354331
 21
-4.2565624409448821
 31
0
  0
LINE
  5
6CC
330
1F
100
AcDbEntity
  8
In1.Cu
  6
CONTINUOUS
100
AcDbLine
 10
5.432047165354331
 20
-4.2565624409448821
 30
0
 11
5.4324868110236215
 21
-4.2582032283464564
 31
0
  0
LINE
  5
6CD
330
1F
100
AcDbEntity
  8
In1.Cu
  6
CONTINUOUS
100
AcDbLine
 10
5.4324868110236215
 20
-4.2582032283464564
 30
0
 11
5.4324869291338578
 21
-4.2582034251968501
 31
0
  0
LINE
  5
6CE
330
1F
100
AcDbEntity
  8
In1.Cu
  6
CONTINUOUS
100
AcDbLine
 10
5.4324869291338578
 20
-4.2582034251968501
 30
0
 11
5.434727283464567
 21
-4.2620838976377948
 31
0
  0
LINE
  5
6CF
330
1F
100
AcDbEntity
  8
In1.Cu
  6
CONTINUOUS
100
AcDbLine
 10
5.434727283464567
 20
-4.2620838976377948
 30
0
 11
5.434727440944882
 21
-4.2620840944881886
 31
0
  0
LINE
  5
6D0
330
1F
100
AcDbEntity
  8
In1.Cu
  6
CONTINUOUS
100
AcDbLine
 10
5.434727440944882
 20
-4.2620840944881886
 30
0
 11
5.4347274803149608
 21
-4.2620841732283461
 31
0
  0
LINE
  5
6D1
330
1F
100
AcDbEntity
  8
In1.Cu
  6
CONTINUOUS
100
AcDbLine
 10
5.4347274803149608
 20
-4.2620841732283461
 30
0
 11
5.4378962992125981
 21
-4.2652529921259843
 31
0
  0
LINE
  5
6D2
330
1F
100
AcDbEntity
  8
In1.Cu
  6
CONTINUOUS
100
AcDbLine
 10
5.4378962992125981
 20
-4.2652529921259843
 30
0
 11
5.4378963779527556
 21
-4.2652530314960631
 31
0
  0
LINE
  5
6D3
330
1F
100
AcDbEntity
  8
In1.Cu
  6
CONTINUOUS
100
AcDbLine
 10
5.4378963779527556
 20
-4.2652530314960631
 30
0
 11
5.4378965354330706
 21
-4.2652531496062993
 31
0
  0
LINE
  5
6D4
330
1F
100
AcDbEntity
  8
In1.Cu
  6
CONTINUOUS
100
AcDbLine
 10
5.4378965354330706
 20
-4.2652531496062993
 30
0
 11
5.4417770078740153
 21
-4.2674935039370077
 31
0
  0
LINE
  5
6D5
330
1F
100
AcDbEntity
  8
In1.Cu
  6
CONTINUOUS
100
AcDbLine
 10
5.4417770078740153
 20
-4.2674935039370077
 30
0
 11
5.4417772834645666
 21
-4.2674936614173227
 31
0
  0
LINE
  5
6D6
330
1F
100
AcDbEntity
  8
In1.Cu
  6
CONTINUOUS
100
AcDbLine
 10
5.4417772834645666
 20
-4.2674936614173227
 30
0
 11
5.4461059448818894
 21
-4.2686535433070869
 31
0
  0
LINE
  5
6D7
330
1F
100
AcDbEntity
  8
In1.Cu
  6
CONTINUOUS
100
AcDbLine
 10
5.4461059448818894
 20
-4.2686535433070869
 30
0
 11
5.4461060236220469
 21
-4.2686535433070869
 31
0
  0
LINE
  5
6D8
330
1F
100
AcDbEntity
  8
In1.Cu
  6
CONTINUOUS
100
AcDbLine
 10
5.4461060236220469
 20
-4.2686535433070869
 30
0
 11
5.4505872047244095
 21
-4.2686535433070869
 31
0
  0
LINE
  5
6D9
330
1F
100
AcDbEntity
  8
In1.Cu
  6
CONTINUOUS
100
AcDbLine
 10
5.4505872047244095
 20
-4.2686535433070869
 30
0
 11
5.450587283464567
 21
-4.2686535433070869
 31
0
  0
LINE
  5
6DA
330
1F
100
AcDbEntity
  8
In1.Cu
  6
CONTINUOUS
100
AcDbLine
 10
5.450587283464567
 20
-4.2686535433070869
 30
0
 11
5.4549159448818898
 21
-4.2674936614173227
 31
0
  0
LINE
  5
6DB
330
1F
100
AcDbEntity
  8
In1.Cu
  6
CONTINUOUS
100
AcDbLine
 10
5.4549159448818898
 20
-4.2674936614173227
 30
0
 11
5.4587969291338583
 21
-4.2652529921259843
 31
0
  0
LINE
  5
6DC
330
1F
100
AcDbEntity
  8
In1.Cu
  6
CONTINUOUS
100
AcDbLine
 10
5.4587969291338583
 20
-4.2652529921259843
 30
0
 11
5.4619657480314956
 21
-4.2620841732283461
 31
0
  0
LINE
  5
6DD
330
1F
100
AcDbEntity
  8
In1.Cu
  6
CONTINUOUS
100
AcDbLine
 10
5.4619657480314956
 20
-4.2620841732283461
 30
0
 11
5.4642064173228349
 21
-4.2582031889763776
 31
0
  0
LINE
  5
6DE
330
1F
100
AcDbEntity
  8
In1.Cu
  6
CONTINUOUS
100
AcDbLine
 10
5.4642064173228349
 20
-4.2582031889763776
 30
0
 11
5.4653662992125982
 21
-4.2538745275590548
 31
0
  0
LINE
  5
6DF
330
1F
100
AcDbEntity
  8
In1.Cu
  6
CONTINUOUS
100
AcDbLine
 10
5.4653662992125982
 20
-4.2538745275590548
 30
0
 11
5.4653662992125982
 21
-4.2493931889763781
 31
0
  0
LINE
  5
6E0
330
1F
100
AcDbEntity
  8
In1.Cu
  6
CONTINUOUS
100
AcDbLine
 10
5.4653662992125982
 20
-4.2493931889763781
 30
0
 11
5.4642064173228349
 21
-4.2450645275590553
 31
0
  0
LINE
  5
6E1
330
1F
100
AcDbEntity
  8
In1.Cu
  6
CONTINUOUS
100
AcDbLine
 10
5.4642064173228349
 20
-4.2450645275590553
 30
0
 11
5.4622620078740161
 21
-4.2416966535433067
 31
0
  0
LINE
  5
6E2
330
1F
100
AcDbEntity
  8
In1.Cu
  6
CONTINUOUS
100
AcDbLine
 10
5.4622620078740161
 20
-4.2416966535433067
 30
0
 11
5.4619659055118106
 21
-4.2411837795275593
 31
0
  0
LINE
  5
6E3
330
1F
100
AcDbEntity
  8
In1.Cu
  6
CONTINUOUS
100
AcDbLine
 10
5.4619659055118106
 20
-4.2411837795275593
 30
0
 11
5.4619656692913381
 21
-4.2411834645669293
 31
0
  0
LINE
  5
6E4
330
1F
100
AcDbEntity
  8
In1.Cu
  6
CONTINUOUS
100
AcDbLine
 10
5.4619656692913381
 20
-4.2411834645669293
 30
0
 11
5.458796968503937
 21
-4.2380147637795273
 31
0
  0
LINE
  5
6E5
330
1F
100
AcDbEntity
  8
In1.Cu
  6
CONTINUOUS
100
AcDbLine
 10
5.458796968503937
 20
-4.2380147637795273
 30
0
 11
5.458796653543307
 21
-4.2380145275590548
 31
0
  0
LINE
  5
6E6
330
1F
100
AcDbEntity
  8
In1.Cu
  6
CONTINUOUS
100
AcDbLine
 10
5.458796653543307
 20
-4.2380145275590548
 30
0
 11
5.4549161811023623
 21
-4.2357741732283465
 31
0
  0
LINE
  5
6E7
330
1F
100
AcDbEntity
  8
In1.Cu
  6
CONTINUOUS
100
AcDbLine
 10
5.4549161811023623
 20
-4.2357741732283465
 30
0
 11
5.4549159842519686
 21
-4.2357740551181102
 31
0
  0
LINE
  5
6E8
330
1F
100
AcDbEntity
  8
In1.Cu
  6
CONTINUOUS
100
AcDbLine
 10
5.4549159842519686
 20
-4.2357740551181102
 30
0
 11
5.4534730314960624
 21
-4.235387401574803
 31
0
  0
LINE
  5
6E9
330
1F
100
AcDbEntity
  8
In1.Cu
  6
CONTINUOUS
100
AcDbLine
 10
5.4534730314960624
 20
-4.235387401574803
 30
0
 11
5.450587283464567
 21
-4.234614173228346
 31
0
  0
LINE
  5
6EA
330
1F
100
AcDbEntity
  8
In1.Cu
  6
CONTINUOUS
100
AcDbLine
 10
5.450587283464567
 20
-4.234614173228346
 30
0
 11
5.4461059448818894
 21
-4.234614173228346
 31
0
  0
LINE
  5
6EB
330
1F
100
AcDbEntity
  8
In1.Cu
  6
CONTINUOUS
100
AcDbLine
 10
5.4461059448818894
 20
-4.234614173228346
 30
0
 11
5.4439416141732284
 21
-4.2351940944881887
 31
0
  0
LINE
  5
6EC
330
1F
100
AcDbEntity
  8
In1.Cu
  6
CONTINUOUS
100
AcDbLine
 10
5.4439416141732284
 20
-4.2351940944881887
 30
0
 11
5.4417772047244091
 21
-4.2357740551181102
 31
0
  0
LINE
  5
6ED
330
1F
100
AcDbEntity
  8
In1.Cu
  6
CONTINUOUS
100
AcDbLine
 10
5.4417772047244091
 20
-4.2357740551181102
 30
0
 11
5.4417770078740153
 21
-4.2357741732283465
 31
0
  0
LINE
  5
6EE
330
1F
100
AcDbEntity
  8
In1.Cu
  6
CONTINUOUS
100
AcDbLine
 10
5.4417770078740153
 20
-4.2357741732283465
 30
0
 11
5.4378965354330706
 21
-4.2380145275590548
 31
0
  0
LINE
  5
6EF
330
1F
100
AcDbEntity
  8
In1.Cu
  6
CONTINUOUS
100
AcDbLine
 10
5.4378965354330706
 20
-4.2380145275590548
 30
0
 11
5.4378962204724406
 21
-4.2380147637795273
 31
0
  0
LINE
  5
6F0
330
1F
100
AcDbEntity
  8
In1.Cu
  6
CONTINUOUS
100
AcDbLine
 10
5.4378962204724406
 20
-4.2380147637795273
 30
0
 11
5.4347275196850395
 21
-4.2411834645669293
 31
0
  0
LINE
  5
6F1
330
1F
100
AcDbEntity
  8
In1.Cu
  6
CONTINUOUS
100
AcDbLine
 10
5.4347275196850395
 20
-4.2411834645669293
 30
0
 11
5.434727283464567
 21
-4.2411837795275593
 31
0
  0
LINE
  5
6F2
330
1F
100
AcDbEntity
  8
In1.Cu
  6
CONTINUOUS
100
AcDbLine
 10
5.434727283464567
 20
-4.2411837795275593
 30
0
 11
5.4324869291338578
 21
-4.245064251968504
 31
0
  0
LINE
  5
6F3
330
1F
100
AcDbEntity
  8
In1.Cu
  6
CONTINUOUS
100
AcDbLine
 10
5.4324869291338578
 20
-4.245064251968504
 30
0
 11
5.4324868110236215
 21
-4.2450644488188978
 31
0
  0
LINE
  5
6F4
330
1F
100
AcDbEntity
  8
In1.Cu
  6
CONTINUOUS
100
AcDbLine
 10
5.4324868110236215
 20
-4.2450644488188978
 30
0
 11
5.4318575196850389
 21
-4.2474130314960625
 31
0
  0
LINE
  5
6F5
330
1F
100
AcDbEntity
  8
In1.Cu
  6
CONTINUOUS
100
AcDbLine
 10
5.4318575196850389
 20
-4.2474130314960625
 30
0
 11
5.4313269291338582
 21
-4.2493931889763781
 31
0
  0
LINE
  5
6F6
330
1F
100
AcDbEntity
  8
In1.Cu
  6
CONTINUOUS
100
AcDbLine
 10
5.4313269291338582
 20
-4.2493931889763781
 30
0
 11
5.4313269291338582
 21
-4.2538745275590548
 31
0
  0
LINE
  5
6F7
330
1F
100
AcDbEntity
  8
In1.Cu
  6
CONTINUOUS
100
AcDbLine
 10
6.6329180314960627
 20
-4.124957874015748
 30
0
 11
6.6307536220472443
 21
-4.1255378346456695
 31
0
  0
LINE
  5
6F8
330
1F
100
AcDbEntity
  8
In1.Cu
  6
CONTINUOUS
100
AcDbLine
 10
6.6307536220472443
 20
-4.1255378346456695
 30
0
 11
6.6307534251968505
 21
-4.1255379527559057
 31
0
  0
LINE
  5
6F9
330
1F
100
AcDbEntity
  8
In1.Cu
  6
CONTINUOUS
100
AcDbLine
 10
6.6307534251968505
 20
-4.1255379527559057
 30
0
 11
6.6268729527559049
 21
-4.1277783070866141
 31
0
  0
LINE
  5
6FA
330
1F
100
AcDbEntity
  8
In1.Cu
  6
CONTINUOUS
100
AcDbLine
 10
6.6268729527559049
 20
-4.1277783070866141
 30
0
 11
6.6268726377952758
 21
-4.1277785433070866
 31
0
  0
LINE
  5
6FB
330
1F
100
AcDbEntity
  8
In1.Cu
  6
CONTINUOUS
100
AcDbLine
 10
6.6268726377952758
 20
-4.1277785433070866
 30
0
 11
6.6237039370078739
 21
-4.1309472440944877
 31
0
  0
LINE
  5
6FC
330
1F
100
AcDbEntity
  8
In1.Cu
  6
CONTINUOUS
100
AcDbLine
 10
6.6237039370078739
 20
-4.1309472440944877
 30
0
 11
6.6237037007874013
 21
-4.1309475590551177
 31
0
  0
LINE
  5
6FD
330
1F
100
AcDbEntity
  8
In1.Cu
  6
CONTINUOUS
100
AcDbLine
 10
6.6237037007874013
 20
-4.1309475590551177
 30
0
 11
6.621463346456693
 21
-4.1348280314960633
 31
0
  0
LINE
  5
6FE
330
1F
100
AcDbEntity
  8
In1.Cu
  6
CONTINUOUS
100
AcDbLine
 10
6.621463346456693
 20
-4.1348280314960633
 30
0
 11
6.6214632283464567
 21
-4.134828228346457
 31
0
  0
LINE
  5
6FF
330
1F
100
AcDbEntity
  8
In1.Cu
  6
CONTINUOUS
100
AcDbLine
 10
6.6214632283464567
 20
-4.134828228346457
 30
0
 11
6.620689960629921
 21
-4.13771405511811
 31
0
  0
LINE
  5
700
330
1F
100
AcDbEntity
  8
In1.Cu
  6
CONTINUOUS
100
AcDbLine
 10
6.620689960629921
 20
-4.13771405511811
 30
0
 11
6.6203033464566925
 21
-4.1391569685039373
 31
0
  0
LINE
  5
701
330
1F
100
AcDbEntity
  8
In1.Cu
  6
CONTINUOUS
100
AcDbLine
 10
6.6203033464566925
 20
-4.1391569685039373
 30
0
 11
6.6203033464566925
 21
-4.1436383070866141
 31
0
  0
LINE
  5
702
330
1F
100
AcDbEntity
  8
In1.Cu
  6
CONTINUOUS
100
AcDbLine
 10
6.6203033464566925
 20
-4.1436383070866141
 30
0
 11
6.6210765748031495
 21
-4.1465240551181104
 31
0
  0
LINE
  5
703
330
1F
100
AcDbEntity
  8
In1.Cu
  6
CONTINUOUS
100
AcDbLine
 10
6.6210765748031495
 20
-4.1465240551181104
 30
0
 11
6.6214632283464567
 21
-4.1479670078740156
 31
0
  0
LINE
  5
704
330
1F
100
AcDbEntity
  8
In1.Cu
  6
CONTINUOUS
100
AcDbLine
 10
6.6214632283464567
 20
-4.1479670078740156
 30
0
 11
6.621463346456693
 21
-4.1479672047244094
 31
0
  0
LINE
  5
705
330
1F
100
AcDbEntity
  8
In1.Cu
  6
CONTINUOUS
100
AcDbLine
 10
6.621463346456693
 20
-4.1479672047244094
 30
0
 11
6.6237037007874013
 21
-4.1518476771653541
 31
0
  0
LINE
  5
706
330
1F
100
AcDbEntity
  8
In1.Cu
  6
CONTINUOUS
100
AcDbLine
 10
6.6237037007874013
 20
-4.1518476771653541
 30
0
 11
6.6237038582677163
 21
-4.1518478740157478
 31
0
  0
LINE
  5
707
330
1F
100
AcDbEntity
  8
In1.Cu
  6
CONTINUOUS
100
AcDbLine
 10
6.6237038582677163
 20
-4.1518478740157478
 30
0
 11
6.6237038976377951
 21
-4.1518479527559053
 31
0
  0
LINE
  5
708
330
1F
100
AcDbEntity
  8
In1.Cu
  6
CONTINUOUS
100
AcDbLine
 10
6.6237038976377951
 20
-4.1518479527559053
 30
0
 11
6.6268727165354333
 21
-4.1550167716535436
 31
0
  0
LINE
  5
709
330
1F
100
AcDbEntity
  8
In1.Cu
  6
CONTINUOUS
100
AcDbLine
 10
6.6268727165354333
 20
-4.1550167716535436
 30
0
 11
6.6268727952755908
 21
-4.1550168110236223
 31
0
  0
LINE
  5
70A
330
1F
100
AcDbEntity
  8
In1.Cu
  6
CONTINUOUS
100
AcDbLine
 10
6.6268727952755908
 20
-4.1550168110236223
 30
0
 11
6.6268729527559049
 21
-4.1550169291338586
 31
0
  0
LINE
  5
70B
330
1F
100
AcDbEntity
  8
In1.Cu
  6
CONTINUOUS
100
AcDbLine
 10
6.6268729527559049
 20
-4.1550169291338586
 30
0
 11
6.6307534251968505
 21
-4.1572572834645669
 31
0
  0
LINE
  5
70C
330
1F
100
AcDbEntity
  8
In1.Cu
  6
CONTINUOUS
100
AcDbLine
 10
6.6307534251968505
 20
-4.1572572834645669
 30
0
 11
6.6307537007874018
 21
-4.1572574409448819
 31
0
  0
LINE
  5
70D
330
1F
100
AcDbEntity
  8
In1.Cu
  6
CONTINUOUS
100
AcDbLine
 10
6.6307537007874018
 20
-4.1572574409448819
 30
0
 11
6.6350823622047246
 21
-4.1584173228346453
 31
0
  0
LINE
  5
70E
330
1F
100
AcDbEntity
  8
In1.Cu
  6
CONTINUOUS
100
AcDbLine
 10
6.6350823622047246
 20
-4.1584173228346453
 30
0
 11
6.6350824409448821
 21
-4.1584173228346453
 31
0
  0
LINE
  5
70F
330
1F
100
AcDbEntity
  8
In1.Cu
  6
CONTINUOUS
100
AcDbLine
 10
6.6350824409448821
 20
-4.1584173228346453
 30
0
 11
6.6395636220472438
 21
-4.1584173228346453
 31
0
  0
LINE
  5
710
330
1F
100
AcDbEntity
  8
In1.Cu
  6
CONTINUOUS
100
AcDbLine
 10
6.6395636220472438
 20
-4.1584173228346453
 30
0
 11
6.6395637007874013
 21
-4.1584173228346453
 31
0
  0
LINE
  5
711
330
1F
100
AcDbEntity
  8
In1.Cu
  6
CONTINUOUS
100
AcDbLine
 10
6.6395637007874013
 20
-4.1584173228346453
 30
0
 11
6.6438923622047241
 21
-4.1572574409448819
 31
0
  0
LINE
  5
712
330
1F
100
AcDbEntity
  8
In1.Cu
  6
CONTINUOUS
100
AcDbLine
 10
6.6438923622047241
 20
-4.1572574409448819
 30
0
 11
6.6477733464566926
 21
-4.1550167716535436
 31
0
  0
LINE
  5
713
330
1F
100
AcDbEntity
  8
In1.Cu
  6
CONTINUOUS
100
AcDbLine
 10
6.6477733464566926
 20
-4.1550167716535436
 30
0
 11
6.6509421653543308
 21
-4.1518479527559053
 31
0
  0
LINE
  5
714
330
1F
100
AcDbEntity
  8
In1.Cu
  6
CONTINUOUS
100
AcDbLine
 10
6.6509421653543308
 20
-4.1518479527559053
 30
0
 11
6.6531828346456692
 21
-4.1479669685039369
 31
0
  0
LINE
  5
715
330
1F
100
AcDbEntity
  8
In1.Cu
  6
CONTINUOUS
100
AcDbLine
 10
6.6531828346456692
 20
-4.1479669685039369
 30
0
 11
6.6543427165354325
 21
-4.1436383070866141
 31
0
  0
LINE
  5
716
330
1F
100
AcDbEntity
  8
In1.Cu
  6
CONTINUOUS
100
AcDbLine
 10
6.6543427165354325
 20
-4.1436383070866141
 30
0
 11
6.6543427165354325
 21
-4.1391569685039373
 31
0
  0
LINE
  5
717
330
1F
100
AcDbEntity
  8
In1.Cu
  6
CONTINUOUS
100
AcDbLine
 10
6.6543427165354325
 20
-4.1391569685039373
 30
0
 11
6.6531828346456692
 21
-4.1348283070866136
 31
0
  0
LINE
  5
718
330
1F
100
AcDbEntity
  8
In1.Cu
  6
CONTINUOUS
100
AcDbLine
 10
6.6531828346456692
 20
-4.1348283070866136
 30
0
 11
6.6528772047244091
 21
-4.1342989370078742
 31
0
  0
LINE
  5
719
330
1F
100
AcDbEntity
  8
In1.Cu
  6
CONTINUOUS
100
AcDbLine
 10
6.6528772047244091
 20
-4.1342989370078742
 30
0
 11
6.6509423228346458
 21
-4.1309475590551177
 31
0
  0
LINE
  5
71A
330
1F
100
AcDbEntity
  8
In1.Cu
  6
CONTINUOUS
100
AcDbLine
 10
6.6509423228346458
 20
-4.1309475590551177
 30
0
 11
6.6509420866141733
 21
-4.1309472440944877
 31
0
  0
LINE
  5
71B
330
1F
100
AcDbEntity
  8
In1.Cu
  6
CONTINUOUS
100
AcDbLine
 10
6.6509420866141733
 20
-4.1309472440944877
 30
0
 11
6.6477733858267714
 21
-4.1277785433070866
 31
0
  0
LINE
  5
71C
330
1F
100
AcDbEntity
  8
In1.Cu
  6
CONTINUOUS
100
AcDbLine
 10
6.6477733858267714
 20
-4.1277785433070866
 30
0
 11
6.6477730708661413
 21
-4.1277783070866141
 31
0
  0
LINE
  5
71D
330
1F
100
AcDbEntity
  8
In1.Cu
  6
CONTINUOUS
100
AcDbLine
 10
6.6477730708661413
 20
-4.1277783070866141
 30
0
 11
6.6438925984251966
 21
-4.1255379527559057
 31
0
  0
LINE
  5
71E
330
1F
100
AcDbEntity
  8
In1.Cu
  6
CONTINUOUS
100
AcDbLine
 10
6.6438925984251966
 20
-4.1255379527559057
 30
0
 11
6.6438924015748029
 21
-4.1255378346456695
 31
0
  0
LINE
  5
71F
330
1F
100
AcDbEntity
  8
In1.Cu
  6
CONTINUOUS
100
AcDbLine
 10
6.6438924015748029
 20
-4.1255378346456695
 30
0
 11
6.6424494488188977
 21
-4.1251511811023622
 31
0
  0
LINE
  5
720
330
1F
100
AcDbEntity
  8
In1.Cu
  6
CONTINUOUS
100
AcDbLine
 10
6.6424494488188977
 20
-4.1251511811023622
 30
0
 11
6.6395637007874013
 21
-4.1243779527559052
 31
0
  0
LINE
  5
721
330
1F
100
AcDbEntity
  8
In1.Cu
  6
CONTINUOUS
100
AcDbLine
 10
6.6395637007874013
 20
-4.1243779527559052
 30
0
 11
6.6350823622047246
 21
-4.1243779527559052
 31
0
  0
LINE
  5
722
330
1F
100
AcDbEntity
  8
In1.Cu
  6
CONTINUOUS
100
AcDbLine
 10
6.6350823622047246
 20
-4.1243779527559052
 30
0
 11
6.6329180314960627
 21
-4.124957874015748
 31
0
  0
LINE
  5
723
330
1F
100
AcDbEntity
  8
In1.Cu
  6
CONTINUOUS
100
AcDbLine
 10
5.8424332677165349
 20
-4.103592165354331
 30
0
 11
5.8435385433070861
 21
-4.1105707874015751
 31
0
  0
LINE
  5
724
330
1F
100
AcDbEntity
  8
In1.Cu
  6
CONTINUOUS
100
AcDbLine
 10
5.8435385433070861
 20
-4.1105707874015751
 30
0
 11
5.845722086614173
 21
-4.117290905511811
 31
0
  0
LINE
  5
725
330
1F
100
AcDbEntity
  8
In1.Cu
  6
CONTINUOUS
100
AcDbLine
 10
5.845722086614173
 20
-4.117290905511811
 30
0
 11
5.8489298425196852
 21
-4.1235864173228345
 31
0
  0
LINE
  5
726
330
1F
100
AcDbEntity
  8
In1.Cu
  6
CONTINUOUS
100
AcDbLine
 10
5.8489298425196852
 20
-4.1235864173228345
 30
0
 11
5.8530830314960625
 21
-4.1293027952755903
 31
0
  0
LINE
  5
727
330
1F
100
AcDbEntity
  8
In1.Cu
  6
CONTINUOUS
100
AcDbLine
 10
5.8530830314960625
 20
-4.1293027952755903
 30
0
 11
5.8580792913385826
 21
-4.1342990551181105
 31
0
  0
LINE
  5
728
330
1F
100
AcDbEntity
  8
In1.Cu
  6
CONTINUOUS
100
AcDbLine
 10
5.8580792913385826
 20
-4.1342990551181105
 30
0
 11
5.8637956692913384
 21
-4.1384522440944878
 31
0
  0
LINE
  5
729
330
1F
100
AcDbEntity
  8
In1.Cu
  6
CONTINUOUS
100
AcDbLine
 10
5.8637956692913384
 20
-4.1384522440944878
 30
0
 11
5.8651787795275592
 21
-4.1391569685039373
 31
0
  0
LINE
  5
72A
330
1F
100
AcDbEntity
  8
In1.Cu
  6
CONTINUOUS
100
AcDbLine
 10
5.8651787795275592
 20
-4.1391569685039373
 30
0
 11
5.8700911417322832
 21
-4.1416599606299211
 31
0
  0
LINE
  5
72B
330
1F
100
AcDbEntity
  8
In1.Cu
  6
CONTINUOUS
100
AcDbLine
 10
5.8700911417322832
 20
-4.1416599606299211
 30
0
 11
5.8700912204724407
 21
-4.1416599606299211
 31
0
  0
LINE
  5
72C
330
1F
100
AcDbEntity
  8
In1.Cu
  6
CONTINUOUS
100
AcDbLine
 10
5.8700912204724407
 20
-4.1416599606299211
 30
0
 11
5.870091338582677
 21
-4.1416600393700786
 31
0
  0
LINE
  5
72D
330
1F
100
AcDbEntity
  8
In1.Cu
  6
CONTINUOUS
100
AcDbLine
 10
5.870091338582677
 20
-4.1416600393700786
 30
0
 11
5.8736933070866142
 21
-4.1428303937007875
 31
0
  0
LINE
  5
72E
330
1F
100
AcDbEntity
  8
In1.Cu
  6
CONTINUOUS
100
AcDbLine
 10
5.8736933070866142
 20
-4.1428303937007875
 30
0
 11
5.87681125984252
 21
-4.1438435039370081
 31
0
  0
LINE
  5
72F
330
1F
100
AcDbEntity
  8
In1.Cu
  6
CONTINUOUS
100
AcDbLine
 10
5.87681125984252
 20
-4.1438435039370081
 30
0
 11
5.8837899212598428
 21
-4.144948818897638
 31
0
  0
LINE
  5
730
330
1F
100
AcDbEntity
  8
In1.Cu
  6
CONTINUOUS
100
AcDbLine
 10
5.8837899212598428
 20
-4.144948818897638
 30
0
 11
5.8837901181102357
 21
-4.144948818897638
 31
0
  0
LINE
  5
731
330
1F
100
AcDbEntity
  8
In1.Cu
  6
CONTINUOUS
100
AcDbLine
 10
5.8837901181102357
 20
-4.144948818897638
 30
0
 11
5.8908561417322831
 21
-4.144948818897638
 31
0
  0
LINE
  5
732
330
1F
100
AcDbEntity
  8
In1.Cu
  6
CONTINUOUS
100
AcDbLine
 10
5.8908561417322831
 20
-4.144948818897638
 30
0
 11
5.8978347637795272
 21
-4.1438435039370081
 31
0
  0
LINE
  5
733
330
1F
100
AcDbEntity
  8
In1.Cu
  6
CONTINUOUS
100
AcDbLine
 10
5.8978347637795272
 20
-4.1438435039370081
 30
0
 11
5.8984665354330703
 21
-4.1436382283464566
 31
0
  0
LINE
  5
734
330
1F
100
AcDbEntity
  8
In1.Cu
  6
CONTINUOUS
100
AcDbLine
 10
5.8984665354330703
 20
-4.1436382283464566
 30
0
 11
5.904554724409449
 21
-4.1416600393700786
 31
0
  0
LINE
  5
735
330
1F
100
AcDbEntity
  8
In1.Cu
  6
CONTINUOUS
100
AcDbLine
 10
5.904554724409449
 20
-4.1416600393700786
 30
0
 11
5.9094672834645667
 21
-4.1391569685039373
 31
0
  0
LINE
  5
736
330
1F
100
AcDbEntity
  8
In1.Cu
  6
CONTINUOUS
100
AcDbLine
 10
5.9094672834645667
 20
-4.1391569685039373
 30
0
 11
5.9108503937007875
 21
-4.1384522440944878
 31
0
  0
LINE
  5
737
330
1F
100
AcDbEntity
  8
In1.Cu
  6
CONTINUOUS
100
AcDbLine
 10
5.9108503937007875
 20
-4.1384522440944878
 30
0
 11
5.9165667716535433
 21
-4.1342990551181105
 31
0
  0
LINE
  5
738
330
1F
100
AcDbEntity
  8
In1.Cu
  6
CONTINUOUS
100
AcDbLine
 10
5.9165667716535433
 20
-4.1342990551181105
 30
0
 11
5.9215630314960626
 21
-4.1293027952755903
 31
0
  0
LINE
  5
739
330
1F
100
AcDbEntity
  8
In1.Cu
  6
CONTINUOUS
100
AcDbLine
 10
5.9215630314960626
 20
-4.1293027952755903
 30
0
 11
5.9257162204724407
 21
-4.1235864173228345
 31
0
  0
LINE
  5
73A
330
1F
100
AcDbEntity
  8
In1.Cu
  6
CONTINUOUS
100
AcDbLine
 10
5.9257162204724407
 20
-4.1235864173228345
 30
0
 11
5.9289240157480316
 21
-4.117290748031496
 31
0
  0
LINE
  5
73B
330
1F
100
AcDbEntity
  8
In1.Cu
  6
CONTINUOUS
100
AcDbLine
 10
5.9289240157480316
 20
-4.117290748031496
 30
0
 11
5.9311074803149602
 21
-4.1105707874015751
 31
0
  0
LINE
  5
73C
330
1F
100
AcDbEntity
  8
In1.Cu
  6
CONTINUOUS
100
AcDbLine
 10
5.9311074803149602
 20
-4.1105707874015751
 30
0
 11
5.9322127952755901
 21
-4.103592165354331
 31
0
  0
LINE
  5
73D
330
1F
100
AcDbEntity
  8
In1.Cu
  6
CONTINUOUS
100
AcDbLine
 10
5.9322127952755901
 20
-4.103592165354331
 30
0
 11
5.9322127952755901
 21
-4.0965259055118111
 31
0
  0
LINE
  5
73E
330
1F
100
AcDbEntity
  8
In1.Cu
  6
CONTINUOUS
100
AcDbLine
 10
5.9322127952755901
 20
-4.0965259055118111
 30
0
 11
5.9311074803149602
 21
-4.089547283464567
 31
0
  0
LINE
  5
73F
330
1F
100
AcDbEntity
  8
In1.Cu
  6
CONTINUOUS
100
AcDbLine
 10
5.9311074803149602
 20
-4.089547283464567
 30
0
 11
5.9289239370078741
 21
-4.0828271653543302
 31
0
  0
LINE
  5
740
330
1F
100
AcDbEntity
  8
In1.Cu
  6
CONTINUOUS
100
AcDbLine
 10
5.9289239370078741
 20
-4.0828271653543302
 30
0
 11
5.9264518110236217
 21
-4.077975393700787
 31
0
  0
LINE
  5
741
330
1F
100
AcDbEntity
  8
In1.Cu
  6
CONTINUOUS
100
AcDbLine
 10
5.9264518110236217
 20
-4.077975393700787
 30
0
 11
5.9257162204724407
 21
-4.0765316929133855
 31
0
  0
LINE
  5
742
330
1F
100
AcDbEntity
  8
In1.Cu
  6
CONTINUOUS
100
AcDbLine
 10
5.9257162204724407
 20
-4.0765316929133855
 30
0
 11
5.9215630314960626
 21
-4.0708153149606296
 31
0
  0
LINE
  5
743
330
1F
100
AcDbEntity
  8
In1.Cu
  6
CONTINUOUS
100
AcDbLine
 10
5.9215630314960626
 20
-4.0708153149606296
 30
0
 11
5.9165667716535433
 21
-4.0658190551181104
 31
0
  0
LINE
  5
744
330
1F
100
AcDbEntity
  8
In1.Cu
  6
CONTINUOUS
100
AcDbLine
 10
5.9165667716535433
 20
-4.0658190551181104
 30
0
 11
5.9108503937007875
 21
-4.0616658661417322
 31
0
  0
LINE
  5
745
330
1F
100
AcDbEntity
  8
In1.Cu
  6
CONTINUOUS
100
AcDbLine
 10
5.9108503937007875
 20
-4.0616658661417322
 30
0
 11
5.904554881889764
 21
-4.0584581102362201
 31
0
  0
LINE
  5
746
330
1F
100
AcDbEntity
  8
In1.Cu
  6
CONTINUOUS
100
AcDbLine
 10
5.904554881889764
 20
-4.0584581102362201
 30
0
 11
5.8978347637795272
 21
-4.056274566929134
 31
0
  0
LINE
  5
747
330
1F
100
AcDbEntity
  8
In1.Cu
  6
CONTINUOUS
100
AcDbLine
 10
5.8978347637795272
 20
-4.056274566929134
 30
0
 11
5.8908561417322831
 21
-4.0551692913385828
 31
0
  0
LINE
  5
748
330
1F
100
AcDbEntity
  8
In1.Cu
  6
CONTINUOUS
100
AcDbLine
 10
5.8908561417322831
 20
-4.0551692913385828
 30
0
 11
5.8908559448818894
 21
-4.0551692913385828
 31
0
  0
LINE
  5
749
330
1F
100
AcDbEntity
  8
In1.Cu
  6
CONTINUOUS
100
AcDbLine
 10
5.8908559448818894
 20
-4.0551692913385828
 30
0
 11
5.8837901181102357
 21
-4.0551692913385828
 31
0
  0
LINE
  5
74A
330
1F
100
AcDbEntity
  8
In1.Cu
  6
CONTINUOUS
100
AcDbLine
 10
5.8837901181102357
 20
-4.0551692913385828
 30
0
 11
5.8837899212598428
 21
-4.0551692913385828
 31
0
  0
LINE
  5
74B
330
1F
100
AcDbEntity
  8
In1.Cu
  6
CONTINUOUS
100
AcDbLine
 10
5.8837899212598428
 20
-4.0551692913385828
 30
0
 11
5.87681125984252
 21
-4.056274566929134
 31
0
  0
LINE
  5
74C
330
1F
100
AcDbEntity
  8
In1.Cu
  6
CONTINUOUS
100
AcDbLine
 10
5.87681125984252
 20
-4.056274566929134
 30
0
 11
5.8700911417322832
 21
-4.0584581102362201
 31
0
  0
LINE
  5
74D
330
1F
100
AcDbEntity
  8
In1.Cu
  6
CONTINUOUS
100
AcDbLine
 10
5.8700911417322832
 20
-4.0584581102362201
 30
0
 11
5.8637956299212597
 21
-4.0616658661417322
 31
0
  0
LINE
  5
74E
330
1F
100
AcDbEntity
  8
In1.Cu
  6
CONTINUOUS
100
AcDbLine
 10
5.8637956299212597
 20
-4.0616658661417322
 30
0
 11
5.8608553937007875
 21
-4.0638020866141735
 31
0
  0
LINE
  5
74F
330
1F
100
AcDbEntity
  8
In1.Cu
  6
CONTINUOUS
100
AcDbLine
 10
5.8608553937007875
 20
-4.0638020866141735
 30
0
 11
5.8580792913385826
 21
-4.0658190551181104
 31
0
  0
LINE
  5
750
330
1F
100
AcDbEntity
  8
In1.Cu
  6
CONTINUOUS
100
AcDbLine
 10
5.8580792913385826
 20
-4.0658190551181104
 30
0
 11
5.8580792125984251
 21
-4.0658191338582679
 31
0
  0
LINE
  5
751
330
1F
100
AcDbEntity
  8
In1.Cu
  6
CONTINUOUS
100
AcDbLine
 10
5.8580792125984251
 20
-4.0658191338582679
 30
0
 11
5.8580791732283464
 21
-4.0658191338582679
 31
0
  0
LINE
  5
752
330
1F
100
AcDbEntity
  8
In1.Cu
  6
CONTINUOUS
100
AcDbLine
 10
5.8580791732283464
 20
-4.0658191338582679
 30
0
 11
5.85308311023622
 21
-4.0708151968503934
 31
0
  0
LINE
  5
753
330
1F
100
AcDbEntity
  8
In1.Cu
  6
CONTINUOUS
100
AcDbLine
 10
5.85308311023622
 20
-4.0708151968503934
 30
0
 11
5.85308311023622
 21
-4.0708152362204721
 31
0
  0
LINE
  5
754
330
1F
100
AcDbEntity
  8
In1.Cu
  6
CONTINUOUS
100
AcDbLine
 10
5.85308311023622
 20
-4.0708152362204721
 30
0
 11
5.8530830314960625
 21
-4.0708153149606296
 31
0
  0
LINE
  5
755
330
1F
100
AcDbEntity
  8
In1.Cu
  6
CONTINUOUS
100
AcDbLine
 10
5.8530830314960625
 20
-4.0708153149606296
 30
0
 11
5.8514667322834644
 21
-4.073039960629921
 31
0
  0
LINE
  5
756
330
1F
100
AcDbEntity
  8
In1.Cu
  6
CONTINUOUS
100
AcDbLine
 10
5.8514667322834644
 20
-4.073039960629921
 30
0
 11
5.8489298425196852
 21
-4.0765316535433067
 31
0
  0
LINE
  5
757
330
1F
100
AcDbEntity
  8
In1.Cu
  6
CONTINUOUS
100
AcDbLine
 10
5.8489298425196852
 20
-4.0765316535433067
 30
0
 11
5.845722086614173
 21
-4.0828271653543302
 31
0
  0
LINE
  5
758
330
1F
100
AcDbEntity
  8
In1.Cu
  6
CONTINUOUS
100
AcDbLine
 10
5.845722086614173
 20
-4.0828271653543302
 30
0
 11
5.8435385433070861
 21
-4.089547283464567
 31
0
  0
LINE
  5
759
330
1F
100
AcDbEntity
  8
In1.Cu
  6
CONTINUOUS
100
AcDbLine
 10
5.8435385433070861
 20
-4.089547283464567
 30
0
 11
5.8424332677165349
 21
-4.0965259055118111
 31
0
  0
LINE
  5
75A
330
1F
100
AcDbEntity
  8
In1.Cu
  6
CONTINUOUS
100
AcDbLine
 10
5.8424332677165349
 20
-4.0965259055118111
 30
0
 11
5.8424332677165349
 21
-4.103592165354331
 31
0
  0
LINE
  5
75B
330
1F
100
AcDbEntity
  8
In1.Cu
  6
CONTINUOUS
100
AcDbLine
 10
5.1637047637795277
 20
-4.0602952362204725
 30
0
 11
5.1638027165354332
 21
-4.0607879921259844
 31
0
  0
LINE
  5
75C
330
1F
100
AcDbEntity
  8
In1.Cu
  6
CONTINUOUS
100
AcDbLine
 10
5.1638027165354332
 20
-4.0607879921259844
 30
0
 11
5.1638028346456695
 21
-4.0607882677165357
 31
0
  0
LINE
  5
75D
330
1F
100
AcDbEntity
  8
In1.Cu
  6
CONTINUOUS
100
AcDbLine
 10
5.1638028346456695
 20
-4.0607882677165357
 30
0
 11
5.1664737401574801
 21
-4.0672364173228344
 31
0
  0
LINE
  5
75E
330
1F
100
AcDbEntity
  8
In1.Cu
  6
CONTINUOUS
100
AcDbLine
 10
5.1664737401574801
 20
-4.0672364173228344
 30
0
 11
5.1664739370078738
 21
-4.0672368110236219
 31
0
  0
LINE
  5
75F
330
1F
100
AcDbEntity
  8
In1.Cu
  6
CONTINUOUS
100
AcDbLine
 10
5.1664739370078738
 20
-4.0672368110236219
 30
0
 11
5.1703514960629917
 21
-4.073039960629921
 31
0
  0
LINE
  5
760
330
1F
100
AcDbEntity
  8
In1.Cu
  6
CONTINUOUS
100
AcDbLine
 10
5.1703514960629917
 20
-4.073039960629921
 30
0
 11
5.170351614173228
 21
-4.073040118110236
 31
0
  0
LINE
  5
761
330
1F
100
AcDbEntity
  8
In1.Cu
  6
CONTINUOUS
100
AcDbLine
 10
5.170351614173228
 20
-4.073040118110236
 30
0
 11
5.1752867716535436
 21
-4.0779752755905507
 31
0
  0
LINE
  5
762
330
1F
100
AcDbEntity
  8
In1.Cu
  6
CONTINUOUS
100
AcDbLine
 10
5.1752867716535436
 20
-4.0779752755905507
 30
0
 11
5.1752869291338586
 21
-4.077975393700787
 31
0
  0
LINE
  5
763
330
1F
100
AcDbEntity
  8
In1.Cu
  6
CONTINUOUS
100
AcDbLine
 10
5.1752869291338586
 20
-4.077975393700787
 30
0
 11
5.1810900787401577
 21
-4.0818529527559058
 31
0
  0
LINE
  5
764
330
1F
100
AcDbEntity
  8
In1.Cu
  6
CONTINUOUS
100
AcDbLine
 10
5.1810900787401577
 20
-4.0818529527559058
 30
0
 11
5.1810904330708656
 21
-4.0818531496062995
 31
0
  0
LINE
  5
765
330
1F
100
AcDbEntity
  8
In1.Cu
  6
CONTINUOUS
100
AcDbLine
 10
5.1810904330708656
 20
-4.0818531496062995
 30
0
 11
5.1875387401574802
 21
-4.0845240944881889
 31
0
  0
LINE
  5
766
330
1F
100
AcDbEntity
  8
In1.Cu
  6
CONTINUOUS
100
AcDbLine
 10
5.1875387401574802
 20
-4.0845240944881889
 30
0
 11
5.1875390551181102
 21
-4.0845241732283464
 31
0
  0
LINE
  5
767
330
1F
100
AcDbEntity
  8
In1.Cu
  6
CONTINUOUS
100
AcDbLine
 10
5.1875390551181102
 20
-4.0845241732283464
 30
0
 11
5.1943841732283467
 21
-4.0858857480314956
 31
0
  0
LINE
  5
768
330
1F
100
AcDbEntity
  8
In1.Cu
  6
CONTINUOUS
100
AcDbLine
 10
5.1943841732283467
 20
-4.0858857480314956
 30
0
 11
5.1943843307086617
 21
-4.0858857874015744
 31
0
  0
LINE
  5
769
330
1F
100
AcDbEntity
  8
In1.Cu
  6
CONTINUOUS
100
AcDbLine
 10
5.1943843307086617
 20
-4.0858857874015744
 30
0
 11
5.1998427165354331
 21
-4.0858857874015744
 31
0
  0
LINE
  5
76A
330
1F
100
AcDbEntity
  8
In1.Cu
  6
CONTINUOUS
100
AcDbLine
 10
5.1998427165354331
 20
-4.0858857874015744
 30
0
 11
5.1998427165354331
 21
-4.0662007480314957
 31
0
  0
LINE
  5
76B
330
1F
100
AcDbEntity
  8
In1.Cu
  6
CONTINUOUS
100
AcDbLine
 10
5.1998427165354331
 20
-4.0662007480314957
 30
0
 11
5.1978742125984247
 21
-4.0662007480314957
 31
0
  0
LINE
  5
76C
330
1F
100
AcDbEntity
  8
In1.Cu
  6
CONTINUOUS
100
AcDbLine
 10
5.1978742125984247
 20
-4.0662007480314957
 30
0
 11
5.1958187007874015
 21
-4.0660660236220467
 31
0
  0
LINE
  5
76D
330
1F
100
AcDbEntity
  8
In1.Cu
  6
CONTINUOUS
100
AcDbLine
 10
5.1958187007874015
 20
-4.0660660236220467
 30
0
 11
5.1918477165354329
 21
-4.0650020078740159
 31
0
  0
LINE
  5
76E
330
1F
100
AcDbEntity
  8
In1.Cu
  6
CONTINUOUS
100
AcDbLine
 10
5.1918477165354329
 20
-4.0650020078740159
 30
0
 11
5.1882874015748026
 21
-4.062946456692913
 31
0
  0
LINE
  5
76F
330
1F
100
AcDbEntity
  8
In1.Cu
  6
CONTINUOUS
100
AcDbLine
 10
5.1882874015748026
 20
-4.062946456692913
 30
0
 11
5.1856361811023621
 21
-4.0602952362204725
 31
0
  0
LINE
  5
770
330
1F
100
AcDbEntity
  8
In1.Cu
  6
CONTINUOUS
100
AcDbLine
 10
5.1856361811023621
 20
-4.0602952362204725
 30
0
 11
5.1637047637795277
 21
-4.0602952362204725
 31
0
  0
LINE
  5
771
330
1F
100
AcDbEntity
  8
In1.Cu
  6
CONTINUOUS
100
AcDbLine
 10
5.2310830708661413
 20
-4.062946456692913
 30
0
 11
5.227522755905512
 21
-4.0650020078740159
 31
0
  0
LINE
  5
772
330
1F
100
AcDbEntity
  8
In1.Cu
  6
CONTINUOUS
100
AcDbLine
 10
5.227522755905512
 20
-4.0650020078740159
 30
0
 11
5.2235517716535433
 21
-4.0660660236220467
 31
0
  0
LINE
  5
773
330
1F
100
AcDbEntity
  8
In1.Cu
  6
CONTINUOUS
100
AcDbLine
 10
5.2235517716535433
 20
-4.0660660236220467
 30
0
 11
5.2214962598425192
 21
-4.0662007480314957
 31
0
  0
LINE
  5
774
330
1F
100
AcDbEntity
  8
In1.Cu
  6
CONTINUOUS
100
AcDbLine
 10
5.2214962598425192
 20
-4.0662007480314957
 30
0
 11
5.2195277559055118
 21
-4.0662007480314957
 31
0
  0
LINE
  5
775
330
1F
100
AcDbEntity
  8
In1.Cu
  6
CONTINUOUS
100
AcDbLine
 10
5.2195277559055118
 20
-4.0662007480314957
 30
0
 11
5.2195277559055118
 21
-4.0858857874015744
 31
0
  0
LINE
  5
776
330
1F
100
AcDbEntity
  8
In1.Cu
  6
CONTINUOUS
100
AcDbLine
 10
5.2195277559055118
 20
-4.0858857874015744
 30
0
 11
5.2249861417322832
 21
-4.0858857874015744
 31
0
  0
LINE
  5
777
330
1F
100
AcDbEntity
  8
In1.Cu
  6
CONTINUOUS
100
AcDbLine
 10
5.2249861417322832
 20
-4.0858857874015744
 30
0
 11
5.2249862598425194
 21
-4.0858857480314956
 31
0
  0
LINE
  5
778
330
1F
100
AcDbEntity
  8
In1.Cu
  6
CONTINUOUS
100
AcDbLine
 10
5.2249862598425194
 20
-4.0858857480314956
 30
0
 11
5.2318313779527559
 21
-4.0845241732283464
 31
0
  0
LINE
  5
779
330
1F
100
AcDbEntity
  8
In1.Cu
  6
CONTINUOUS
100
AcDbLine
 10
5.2318313779527559
 20
-4.0845241732283464
 30
0
 11
5.2318316929133859
 21
-4.0845240944881889
 31
0
  0
LINE
  5
77A
330
1F
100
AcDbEntity
  8
In1.Cu
  6
CONTINUOUS
100
AcDbLine
 10
5.2318316929133859
 20
-4.0845240944881889
 30
0
 11
5.2382799999999996
 21
-4.0818531496062995
 31
0
  0
LINE
  5
77B
330
1F
100
AcDbEntity
  8
In1.Cu
  6
CONTINUOUS
100
AcDbLine
 10
5.2382799999999996
 20
-4.0818531496062995
 30
0
 11
5.2382803543307084
 21
-4.0818529527559058
 31
0
  0
LINE
  5
77C
330
1F
100
AcDbEntity
  8
In1.Cu
  6
CONTINUOUS
100
AcDbLine
 10
5.2382803543307084
 20
-4.0818529527559058
 30
0
 11
5.2440835039370075
 21
-4.077975393700787
 31
0
  0
LINE
  5
77D
330
1F
100
AcDbEntity
  8
In1.Cu
  6
CONTINUOUS
100
AcDbLine
 10
5.2440835039370075
 20
-4.077975393700787
 30
0
 11
5.2440836614173225
 21
-4.0779752755905507
 31
0
  0
LINE
  5
77E
330
1F
100
AcDbEntity
  8
In1.Cu
  6
CONTINUOUS
100
AcDbLine
 10
5.2440836614173225
 20
-4.0779752755905507
 30
0
 11
5.2490188188976381
 21
-4.073040118110236
 31
0
  0
LINE
  5
77F
330
1F
100
AcDbEntity
  8
In1.Cu
  6
CONTINUOUS
100
AcDbLine
 10
5.2490188188976381
 20
-4.073040118110236
 30
0
 11
5.2490189370078735
 21
-4.073039960629921
 31
0
  0
LINE
  5
780
330
1F
100
AcDbEntity
  8
In1.Cu
  6
CONTINUOUS
100
AcDbLine
 10
5.2490189370078735
 20
-4.073039960629921
 30
0
 11
5.2528964960629922
 21
-4.0672368110236219
 31
0
  0
LINE
  5
781
330
1F
100
AcDbEntity
  8
In1.Cu
  6
CONTINUOUS
100
AcDbLine
 10
5.2528964960629922
 20
-4.0672368110236219
 30
0
 11
5.252896692913386
 21
-4.0672364173228344
 31
0
  0
LINE
  5
782
330
1F
100
AcDbEntity
  8
In1.Cu
  6
CONTINUOUS
100
AcDbLine
 10
5.252896692913386
 20
-4.0672364173228344
 30
0
 11
5.2555675984251966
 21
-4.0607882677165357
 31
0
  0
LINE
  5
783
330
1F
100
AcDbEntity
  8
In1.Cu
  6
CONTINUOUS
100
AcDbLine
 10
5.2555675984251966
 20
-4.0607882677165357
 30
0
 11
5.2555677165354329
 21
-4.0607879921259844
 31
0
  0
LINE
  5
784
330
1F
100
AcDbEntity
  8
In1.Cu
  6
CONTINUOUS
100
AcDbLine
 10
5.2555677165354329
 20
-4.0607879921259844
 30
0
 11
5.2556657086614171
 21
-4.0602952362204725
 31
0
  0
LINE
  5
785
330
1F
100
AcDbEntity
  8
In1.Cu
  6
CONTINUOUS
100
AcDbLine
 10
5.2556657086614171
 20
-4.0602952362204725
 30
0
 11
5.2337342913385827
 21
-4.0602952362204725
 31
0
  0
LINE
  5
786
330
1F
100
AcDbEntity
  8
In1.Cu
  6
CONTINUOUS
100
AcDbLine
 10
5.2337342913385827
 20
-4.0602952362204725
 30
0
 11
5.2310830708661413
 21
-4.062946456692913
 31
0
  0
LINE
  5
787
330
1F
100
AcDbEntity
  8
In1.Cu
  6
CONTINUOUS
100
AcDbLine
 10
5.3369331102362203
 20
-4.0461220472440944
 30
0
 11
5.3370310629921258
 21
-4.0466148031496063
 31
0
  0
LINE
  5
788
330
1F
100
AcDbEntity
  8
In1.Cu
  6
CONTINUOUS
100
AcDbLine
 10
5.3370310629921258
 20
-4.0466148031496063
 30
0
 11
5.3370311811023621
 21
-4.0466150787401576
 31
0
  0
LINE
  5
789
330
1F
100
AcDbEntity
  8
In1.Cu
  6
CONTINUOUS
100
AcDbLine
 10
5.3370311811023621
 20
-4.0466150787401576
 30
0
 11
5.3397020866141727
 21
-4.0530632283464563
 31
0
  0
LINE
  5
78A
330
1F
100
AcDbEntity
  8
In1.Cu
  6
CONTINUOUS
100
AcDbLine
 10
5.3397020866141727
 20
-4.0530632283464563
 30
0
 11
5.3397022834645664
 21
-4.0530636220472438
 31
0
  0
LINE
  5
78B
330
1F
100
AcDbEntity
  8
In1.Cu
  6
CONTINUOUS
100
AcDbLine
 10
5.3397022834645664
 20
-4.0530636220472438
 30
0
 11
5.3435798425196852
 21
-4.0588667716535429
 31
0
  0
LINE
  5
78C
330
1F
100
AcDbEntity
  8
In1.Cu
  6
CONTINUOUS
100
AcDbLine
 10
5.3435798425196852
 20
-4.0588667716535429
 30
0
 11
5.3435799606299215
 21
-4.0588669291338579
 31
0
  0
LINE
  5
78D
330
1F
100
AcDbEntity
  8
In1.Cu
  6
CONTINUOUS
100
AcDbLine
 10
5.3435799606299215
 20
-4.0588669291338579
 30
0
 11
5.3485151181102362
 21
-4.0638020866141735
 31
0
  0
LINE
  5
78E
330
1F
100
AcDbEntity
  8
In1.Cu
  6
CONTINUOUS
100
AcDbLine
 10
5.3485151181102362
 20
-4.0638020866141735
 30
0
 11
5.3485152755905512
 21
-4.0638022047244098
 31
0
  0
LINE
  5
78F
330
1F
100
AcDbEntity
  8
In1.Cu
  6
CONTINUOUS
100
AcDbLine
 10
5.3485152755905512
 20
-4.0638022047244098
 30
0
 11
5.3543184251968503
 21
-4.0676797637795277
 31
0
  0
LINE
  5
790
330
1F
100
AcDbEntity
  8
In1.Cu
  6
CONTINUOUS
100
AcDbLine
 10
5.3543184251968503
 20
-4.0676797637795277
 30
0
 11
5.3543187795275591
 21
-4.0676799606299214
 31
0
  0
LINE
  5
791
330
1F
100
AcDbEntity
  8
In1.Cu
  6
CONTINUOUS
100
AcDbLine
 10
5.3543187795275591
 20
-4.0676799606299214
 30
0
 11
5.3607670866141728
 21
-4.0703509055118108
 31
0
  0
LINE
  5
792
330
1F
100
AcDbEntity
  8
In1.Cu
  6
CONTINUOUS
100
AcDbLine
 10
5.3607670866141728
 20
-4.0703509055118108
 30
0
 11
5.3607674015748028
 21
-4.0703509842519683
 31
0
  0
LINE
  5
793
330
1F
100
AcDbEntity
  8
In1.Cu
  6
CONTINUOUS
100
AcDbLine
 10
5.3607674015748028
 20
-4.0703509842519683
 30
0
 11
5.3676125196850393
 21
-4.0717125590551184
 31
0
  0
LINE
  5
794
330
1F
100
AcDbEntity
  8
In1.Cu
  6
CONTINUOUS
100
AcDbLine
 10
5.3676125196850393
 20
-4.0717125590551184
 30
0
 11
5.3676126771653543
 21
-4.0717125984251972
 31
0
  0
LINE
  5
795
330
1F
100
AcDbEntity
  8
In1.Cu
  6
CONTINUOUS
100
AcDbLine
 10
5.3676126771653543
 20
-4.0717125984251972
 30
0
 11
5.3730710629921257
 21
-4.0717125984251972
 31
0
  0
LINE
  5
796
330
1F
100
AcDbEntity
  8
In1.Cu
  6
CONTINUOUS
100
AcDbLine
 10
5.3730710629921257
 20
-4.0717125984251972
 30
0
 11
5.3730710629921257
 21
-4.0520275590551176
 31
0
  0
LINE
  5
797
330
1F
100
AcDbEntity
  8
In1.Cu
  6
CONTINUOUS
100
AcDbLine
 10
5.3730710629921257
 20
-4.0520275590551176
 30
0
 11
5.3711025590551182
 21
-4.0520275590551176
 31
0
  0
LINE
  5
798
330
1F
100
AcDbEntity
  8
In1.Cu
  6
CONTINUOUS
100
AcDbLine
 10
5.3711025590551182
 20
-4.0520275590551176
 30
0
 11
5.3690470472440941
 21
-4.0518928346456695
 31
0
  0
LINE
  5
799
330
1F
100
AcDbEntity
  8
In1.Cu
  6
CONTINUOUS
100
AcDbLine
 10
5.3690470472440941
 20
-4.0518928346456695
 30
0
 11
5.3650760629921255
 21
-4.0508288188976378
 31
0
  0
LINE
  5
79A
330
1F
100
AcDbEntity
  8
In1.Cu
  6
CONTINUOUS
100
AcDbLine
 10
5.3650760629921255
 20
-4.0508288188976378
 30
0
 11
5.3615157480314961
 21
-4.0487732677165358
 31
0
  0
LINE
  5
79B
330
1F
100
AcDbEntity
  8
In1.Cu
  6
CONTINUOUS
100
AcDbLine
 10
5.3615157480314961
 20
-4.0487732677165358
 30
0
 11
5.3588645275590547
 21
-4.0461220472440944
 31
0
  0
LINE
  5
79C
330
1F
100
AcDbEntity
  8
In1.Cu
  6
CONTINUOUS
100
AcDbLine
 10
5.3588645275590547
 20
-4.0461220472440944
 30
0
 11
5.3369331102362203
 21
-4.0461220472440944
 31
0
  0
LINE
  5
79D
330
1F
100
AcDbEntity
  8
In1.Cu
  6
CONTINUOUS
100
AcDbLine
 10
5.4176074409448818
 20
-3.9863711811023621
 30
0
 11
5.4170538976377953
 21
-3.9884372047244092
 31
0
  0
LINE
  5
79E
330
1F
100
AcDbEntity
  8
In1.Cu
  6
CONTINUOUS
100
AcDbLine
 10
5.4170538976377953
 20
-3.9884372047244092
 30
0
 11
5.4155122440944883
 21
-3.9911074015748031
 31
0
  0
LINE
  5
79F
330
1F
100
AcDbEntity
  8
In1.Cu
  6
CONTINUOUS
100
AcDbLine
 10
5.4155122440944883
 20
-3.9911074015748031
 30
0
 11
5.4133320078740157
 21
-3.9932876377952753
 31
0
  0
LINE
  5
7A0
330
1F
100
AcDbEntity
  8
In1.Cu
  6
CONTINUOUS
100
AcDbLine
 10
5.4133320078740157
 20
-3.9932876377952753
 30
0
 11
5.4106618110236218
 21
-3.9948292913385828
 31
0
  0
LINE
  5
7A1
330
1F
100
AcDbEntity
  8
In1.Cu
  6
CONTINUOUS
100
AcDbLine
 10
5.4106618110236218
 20
-3.9948292913385828
 30
0
 11
5.4085958267716538
 21
-3.9953828346456692
 31
0
  0
LINE
  5
7A2
330
1F
100
AcDbEntity
  8
In1.Cu
  6
CONTINUOUS
100
AcDbLine
 10
5.4085958267716538
 20
-3.9953828346456692
 30
0
 11
5.3927561023622044
 21
-4.0112225196850391
 31
0
  0
LINE
  5
7A3
330
1F
100
AcDbEntity
  8
In1.Cu
  6
CONTINUOUS
100
AcDbLine
 10
5.3927561023622044
 20
-4.0112225196850391
 30
0
 11
5.3927561023622044
 21
-4.0205314960629916
 31
0
  0
LINE
  5
7A4
330
1F
100
AcDbEntity
  8
In1.Cu
  6
CONTINUOUS
100
AcDbLine
 10
5.3927561023622044
 20
-4.0205314960629916
 30
0
 11
5.3947246062992127
 21
-4.0205314960629916
 31
0
  0
LINE
  5
7A5
330
1F
100
AcDbEntity
  8
In1.Cu
  6
CONTINUOUS
100
AcDbLine
 10
5.3947246062992127
 20
-4.0205314960629916
 30
0
 11
5.3967801181102359
 21
-4.0206662204724406
 31
0
  0
LINE
  5
7A6
330
1F
100
AcDbEntity
  8
In1.Cu
  6
CONTINUOUS
100
AcDbLine
 10
5.3967801181102359
 20
-4.0206662204724406
 30
0
 11
5.4007511023622046
 21
-4.0217302362204723
 31
0
  0
LINE
  5
7A7
330
1F
100
AcDbEntity
  8
In1.Cu
  6
CONTINUOUS
100
AcDbLine
 10
5.4007511023622046
 20
-4.0217302362204723
 30
0
 11
5.4043114173228348
 21
-4.0237857874015743
 31
0
  0
LINE
  5
7A8
330
1F
100
AcDbEntity
  8
In1.Cu
  6
CONTINUOUS
100
AcDbLine
 10
5.4043114173228348
 20
-4.0237857874015743
 30
0
 11
5.407218346456693
 21
-4.0266927165354334
 31
0
  0
LINE
  5
7A9
330
1F
100
AcDbEntity
  8
In1.Cu
  6
CONTINUOUS
100
AcDbLine
 10
5.407218346456693
 20
-4.0266927165354334
 30
0
 11
5.409273897637795
 21
-4.0302530314960627
 31
0
  0
LINE
  5
7AA
330
1F
100
AcDbEntity
  8
In1.Cu
  6
CONTINUOUS
100
AcDbLine
 10
5.409273897637795
 20
-4.0302530314960627
 30
0
 11
5.4103379133858267
 21
-4.0342240157480314
 31
0
  0
LINE
  5
7AB
330
1F
100
AcDbEntity
  8
In1.Cu
  6
CONTINUOUS
100
AcDbLine
 10
5.4103379133858267
 20
-4.0342240157480314
 30
0
 11
5.4103379133858267
 21
-4.0383350393700788
 31
0
  0
LINE
  5
7AC
330
1F
100
AcDbEntity
  8
In1.Cu
  6
CONTINUOUS
100
AcDbLine
 10
5.4103379133858267
 20
-4.0383350393700788
 30
0
 11
5.409273897637795
 21
-4.0423060236220474
 31
0
  0
LINE
  5
7AD
330
1F
100
AcDbEntity
  8
In1.Cu
  6
CONTINUOUS
100
AcDbLine
 10
5.409273897637795
 20
-4.0423060236220474
 30
0
 11
5.407218346456693
 21
-4.0458663385826767
 31
0
  0
LINE
  5
7AE
330
1F
100
AcDbEntity
  8
In1.Cu
  6
CONTINUOUS
100
AcDbLine
 10
5.407218346456693
 20
-4.0458663385826767
 30
0
 11
5.4043114173228348
 21
-4.0487732677165358
 31
0
  0
LINE
  5
7AF
330
1F
100
AcDbEntity
  8
In1.Cu
  6
CONTINUOUS
100
AcDbLine
 10
5.4043114173228348
 20
-4.0487732677165358
 30
0
 11
5.4007511023622046
 21
-4.0508288188976378
 31
0
  0
LINE
  5
7B0
330
1F
100
AcDbEntity
  8
In1.Cu
  6
CONTINUOUS
100
AcDbLine
 10
5.4007511023622046
 20
-4.0508288188976378
 30
0
 11
5.3967801181102359
 21
-4.0518928346456695
 31
0
  0
LINE
  5
7B1
330
1F
100
AcDbEntity
  8
In1.Cu
  6
CONTINUOUS
100
AcDbLine
 10
5.3967801181102359
 20
-4.0518928346456695
 30
0
 11
5.3947246062992127
 21
-4.0520275590551176
 31
0
  0
LINE
  5
7B2
330
1F
100
AcDbEntity
  8
In1.Cu
  6
CONTINUOUS
100
AcDbLine
 10
5.3947246062992127
 20
-4.0520275590551176
 30
0
 11
5.3927561023622044
 21
-4.0520275590551176
 31
0
  0
LINE
  5
7B3
330
1F
100
AcDbEntity
  8
In1.Cu
  6
CONTINUOUS
100
AcDbLine
 10
5.3927561023622044
 20
-4.0520275590551176
 30
0
 11
5.3927561023622044
 21
-4.0717125984251972
 31
0
  0
LINE
  5
7B4
330
1F
100
AcDbEntity
  8
In1.Cu
  6
CONTINUOUS
100
AcDbLine
 10
5.3927561023622044
 20
-4.0717125984251972
 30
0
 11
5.3982144881889766
 21
-4.0717125984251972
 31
0
  0
LINE
  5
7B5
330
1F
100
AcDbEntity
  8
In1.Cu
  6
CONTINUOUS
100
AcDbLine
 10
5.3982144881889766
 20
-4.0717125984251972
 30
0
 11
5.3982146062992129
 21
-4.0717125590551184
 31
0
  0
LINE
  5
7B6
330
1F
100
AcDbEntity
  8
In1.Cu
  6
CONTINUOUS
100
AcDbLine
 10
5.3982146062992129
 20
-4.0717125590551184
 30
0
 11
5.4050597244094485
 21
-4.0703509842519683
 31
0
  0
LINE
  5
7B7
330
1F
100
AcDbEntity
  8
In1.Cu
  6
CONTINUOUS
100
AcDbLine
 10
5.4050597244094485
 20
-4.0703509842519683
 30
0
 11
5.4050600393700785
 21
-4.0703509055118108
 31
0
  0
LINE
  5
7B8
330
1F
100
AcDbEntity
  8
In1.Cu
  6
CONTINUOUS
100
AcDbLine
 10
5.4050600393700785
 20
-4.0703509055118108
 30
0
 11
5.4115083464566931
 21
-4.0676799606299214
 31
0
  0
LINE
  5
7B9
330
1F
100
AcDbEntity
  8
In1.Cu
  6
CONTINUOUS
100
AcDbLine
 10
5.4115083464566931
 20
-4.0676799606299214
 30
0
 11
5.4115087007874019
 21
-4.0676797637795277
 31
0
  0
LINE
  5
7BA
330
1F
100
AcDbEntity
  8
In1.Cu
  6
CONTINUOUS
100
AcDbLine
 10
5.4115087007874019
 20
-4.0676797637795277
 30
0
 11
5.417311850393701
 21
-4.0638022047244098
 31
0
  0
LINE
  5
7BB
330
1F
100
AcDbEntity
  8
In1.Cu
  6
CONTINUOUS
100
AcDbLine
 10
5.417311850393701
 20
-4.0638022047244098
 30
0
 11
5.417312007874016
 21
-4.0638020866141735
 31
0
  0
LINE
  5
7BC
330
1F
100
AcDbEntity
  8
In1.Cu
  6
CONTINUOUS
100
AcDbLine
 10
5.417312007874016
 20
-4.0638020866141735
 30
0
 11
5.4222471653543307
 21
-4.0588669291338579
 31
0
  0
LINE
  5
7BD
330
1F
100
AcDbEntity
  8
In1.Cu
  6
CONTINUOUS
100
AcDbLine
 10
5.4222471653543307
 20
-4.0588669291338579
 30
0
 11
5.422247283464567
 21
-4.0588667716535429
 31
0
  0
LINE
  5
7BE
330
1F
100
AcDbEntity
  8
In1.Cu
  6
CONTINUOUS
100
AcDbLine
 10
5.422247283464567
 20
-4.0588667716535429
 30
0
 11
5.4261248425196849
 21
-4.0530636220472438
 31
0
  0
LINE
  5
7BF
330
1F
100
AcDbEntity
  8
In1.Cu
  6
CONTINUOUS
100
AcDbLine
 10
5.4261248425196849
 20
-4.0530636220472438
 30
0
 11
5.4261250393700786
 21
-4.053063267716535
 31
0
  0
LINE
  5
7C0
330
1F
100
AcDbEntity
  8
In1.Cu
  6
CONTINUOUS
100
AcDbLine
 10
5.4261250393700786
 20
-4.053063267716535
 30
0
 11
5.428795984251968
 21
-4.0466149606299213
 31
0
  0
LINE
  5
7C1
330
1F
100
AcDbEntity
  8
In1.Cu
  6
CONTINUOUS
100
AcDbLine
 10
5.428795984251968
 20
-4.0466149606299213
 30
0
 11
5.4287960629921255
 21
-4.0466146456692913
 31
0
  0
LINE
  5
7C2
330
1F
100
AcDbEntity
  8
In1.Cu
  6
CONTINUOUS
100
AcDbLine
 10
5.4287960629921255
 20
-4.0466146456692913
 30
0
 11
5.4296825984251971
 21
-4.0421578346456695
 31
0
  0
LINE
  5
7C3
330
1F
100
AcDbEntity
  8
In1.Cu
  6
CONTINUOUS
100
AcDbLine
 10
5.4296825984251971
 20
-4.0421578346456695
 30
0
 11
5.430957559055118
 21
-4.0397203937007875
 31
0
  0
LINE
  5
7C4
330
1F
100
AcDbEntity
  8
In1.Cu
  6
CONTINUOUS
100
AcDbLine
 10
5.430957559055118
 20
-4.0397203937007875
 30
0
 11
5.4333479527559057
 21
-4.0383592125984249
 31
0
  0
LINE
  5
7C5
330
1F
100
AcDbEntity
  8
In1.Cu
  6
CONTINUOUS
100
AcDbLine
 10
5.4333479527559057
 20
-4.0383592125984249
 30
0
 11
5.434470669291338
 21
-4.0382283464566928
 31
0
  0
LINE
  5
7C6
330
1F
100
AcDbEntity
  8
In1.Cu
  6
CONTINUOUS
100
AcDbLine
 10
5.434470669291338
 20
-4.0382283464566928
 30
0
 11
5.4347360236220474
 21
-4.0382283464566928
 31
0
  0
LINE
  5
7C7
330
1F
100
AcDbEntity
  8
In1.Cu
  6
CONTINUOUS
100
AcDbLine
 10
5.4347360236220474
 20
-4.0382283464566928
 30
0
 11
5.4347361417322837
 21
-4.0382283464566928
 31
0
  0
LINE
  5
7C8
330
1F
100
AcDbEntity
  8
In1.Cu
  6
CONTINUOUS
100
AcDbLine
 10
5.4347361417322837
 20
-4.0382283464566928
 30
0
 11
5.4405387007874015
 21
-4.0366735433070868
 31
0
  0
LINE
  5
7C9
330
1F
100
AcDbEntity
  8
In1.Cu
  6
CONTINUOUS
100
AcDbLine
 10
5.4405387007874015
 20
-4.0366735433070868
 30
0
 11
5.4457411811023624
 21
-4.0336698818897636
 31
0
  0
LINE
  5
7CA
330
1F
100
AcDbEntity
  8
In1.Cu
  6
CONTINUOUS
100
AcDbLine
 10
5.4457411811023624
 20
-4.0336698818897636
 30
0
 11
5.449988976377953
 21
-4.029422086614173
 31
0
  0
LINE
  5
7CB
330
1F
100
AcDbEntity
  8
In1.Cu
  6
CONTINUOUS
100
AcDbLine
 10
5.449988976377953
 20
-4.029422086614173
 30
0
 11
5.4529926377952753
 21
-4.0242196062992122
 31
0
  0
LINE
  5
7CC
330
1F
100
AcDbEntity
  8
In1.Cu
  6
CONTINUOUS
100
AcDbLine
 10
5.4529926377952753
 20
-4.0242196062992122
 30
0
 11
5.4545474409448822
 21
-4.0184170472440943
 31
0
  0
LINE
  5
7CD
330
1F
100
AcDbEntity
  8
In1.Cu
  6
CONTINUOUS
100
AcDbLine
 10
5.4545474409448822
 20
-4.0184170472440943
 30
0
 11
5.4545474409448822
 21
-4.0124097244094488
 31
0
  0
LINE
  5
7CE
330
1F
100
AcDbEntity
  8
In1.Cu
  6
CONTINUOUS
100
AcDbLine
 10
5.4545474409448822
 20
-4.0124097244094488
 30
0
 11
5.4529926377952753
 21
-4.0066071653543309
 31
0
  0
LINE
  5
7CF
330
1F
100
AcDbEntity
  8
In1.Cu
  6
CONTINUOUS
100
AcDbLine
 10
5.4529926377952753
 20
-4.0066071653543309
 30
0
 11
5.449988976377953
 21
-4.0014046850393701
 31
0
  0
LINE
  5
7D0
330
1F
100
AcDbEntity
  8
In1.Cu
  6
CONTINUOUS
100
AcDbLine
 10
5.449988976377953
 20
-4.0014046850393701
 30
0
 11
5.4492570472440942
 21
-4.0006727559055113
 31
0
  0
LINE
  5
7D1
330
1F
100
AcDbEntity
  8
In1.Cu
  6
CONTINUOUS
100
AcDbLine
 10
5.4492570472440942
 20
-4.0006727559055113
 30
0
 11
5.4457411811023624
 21
-3.9971568897637795
 31
0
  0
LINE
  5
7D2
330
1F
100
AcDbEntity
  8
In1.Cu
  6
CONTINUOUS
100
AcDbLine
 10
5.4457411811023624
 20
-3.9971568897637795
 30
0
 11
5.4457411023622049
 21
-3.9971568503937007
 31
0
  0
LINE
  5
7D3
330
1F
100
AcDbEntity
  8
In1.Cu
  6
CONTINUOUS
100
AcDbLine
 10
5.4457411023622049
 20
-3.9971568503937007
 30
0
 11
5.4457410236220474
 21
-3.9971567716535432
 31
0
  0
LINE
  5
7D4
330
1F
100
AcDbEntity
  8
In1.Cu
  6
CONTINUOUS
100
AcDbLine
 10
5.4457410236220474
 20
-3.9971567716535432
 30
0
 11
5.4405388976377953
 21
-3.9941533070866142
 31
0
  0
LINE
  5
7D5
330
1F
100
AcDbEntity
  8
In1.Cu
  6
CONTINUOUS
100
AcDbLine
 10
5.4405388976377953
 20
-3.9941533070866142
 30
0
 11
5.4402494094488185
 21
-3.9940334251968501
 31
0
  0
LINE
  5
7D6
330
1F
100
AcDbEntity
  8
In1.Cu
  6
CONTINUOUS
100
AcDbLine
 10
5.4402494094488185
 20
-3.9940334251968501
 30
0
 11
5.4381074803149607
 21
-3.9923074803149605
 31
0
  0
LINE
  5
7D7
330
1F
100
AcDbEntity
  8
In1.Cu
  6
CONTINUOUS
100
AcDbLine
 10
5.4381074803149607
 20
-3.9923074803149605
 30
0
 11
5.4372387007874012
 21
-3.9896974803149607
 31
0
  0
LINE
  5
7D8
330
1F
100
AcDbEntity
  8
In1.Cu
  6
CONTINUOUS
100
AcDbLine
 10
5.4372387007874012
 20
-3.9896974803149607
 30
0
 11
5.4373294094488189
 21
-3.9885705511811023
 31
0
  0
LINE
  5
7D9
330
1F
100
AcDbEntity
  8
In1.Cu
  6
CONTINUOUS
100
AcDbLine
 10
5.4373294094488189
 20
-3.9885705511811023
 30
0
 11
5.4376379921259845
 21
-3.9870193700787402
 31
0
  0
LINE
  5
7DA
330
1F
100
AcDbEntity
  8
In1.Cu
  6
CONTINUOUS
100
AcDbLine
 10
5.4376379921259845
 20
-3.9870193700787402
 30
0
 11
5.4376379921259845
 21
-3.9808151968503935
 31
0
  0
LINE
  5
7DB
330
1F
100
AcDbEntity
  8
In1.Cu
  6
CONTINUOUS
100
AcDbLine
 10
5.4376379921259845
 20
-3.9808151968503935
 30
0
 11
5.4376379527559058
 21
-3.9808150393700785
 31
0
  0
LINE
  5
7DC
330
1F
100
AcDbEntity
  8
In1.Cu
  6
CONTINUOUS
100
AcDbLine
 10
5.4376379527559058
 20
-3.9808150393700785
 30
0
 11
5.4364276771653541
 21
-3.9747305511811022
 31
0
  0
LINE
  5
7DD
330
1F
100
AcDbEntity
  8
In1.Cu
  6
CONTINUOUS
100
AcDbLine
 10
5.4364276771653541
 20
-3.9747305511811022
 30
0
 11
5.4364276377952754
 21
-3.9747303937007872
 31
0
  0
LINE
  5
7DE
330
1F
100
AcDbEntity
  8
In1.Cu
  6
CONTINUOUS
100
AcDbLine
 10
5.4364276377952754
 20
-3.9747303937007872
 30
0
 11
5.4343248031496065
 21
-3.969653779527559
 31
0
  0
LINE
  5
7DF
330
1F
100
AcDbEntity
  8
In1.Cu
  6
CONTINUOUS
100
AcDbLine
 10
5.4343248031496065
 20
-3.969653779527559
 30
0
 11
5.4176074409448818
 21
-3.9863711811023621
 31
0
  0
LINE
  5
7E0
330
1F
100
AcDbEntity
  8
In1.Cu
  6
CONTINUOUS
100
AcDbLine
 10
5.2440836614173225
 20
-4.0229301181102359
 30
0
 11
5.2440835039370075
 21
-4.0229299999999997
 31
0
  0
LINE
  5
7E1
330
1F
100
AcDbEntity
  8
In1.Cu
  6
CONTINUOUS
100
AcDbLine
 10
5.2440835039370075
 20
-4.0229299999999997
 30
0
 11
5.2382803543307084
 21
-4.0190524409448818
 31
0
  0
LINE
  5
7E2
330
1F
100
AcDbEntity
  8
In1.Cu
  6
CONTINUOUS
100
AcDbLine
 10
5.2382803543307084
 20
-4.0190524409448818
 30
0
 11
5.2382799999999996
 21
-4.019052244094488
 31
0
  0
LINE
  5
7E3
330
1F
100
AcDbEntity
  8
In1.Cu
  6
CONTINUOUS
100
AcDbLine
 10
5.2382799999999996
 20
-4.019052244094488
 30
0
 11
5.2318316929133859
 21
-4.0163812992125987
 31
0
  0
LINE
  5
7E4
330
1F
100
AcDbEntity
  8
In1.Cu
  6
CONTINUOUS
100
AcDbLine
 10
5.2318316929133859
 20
-4.0163812992125987
 30
0
 11
5.2318313779527559
 21
-4.0163812204724412
 31
0
  0
LINE
  5
7E5
330
1F
100
AcDbEntity
  8
In1.Cu
  6
CONTINUOUS
100
AcDbLine
 10
5.2318313779527559
 20
-4.0163812204724412
 30
0
 11
5.2249862598425194
 21
-4.015019645669291
 31
0
  0
LINE
  5
7E6
330
1F
100
AcDbEntity
  8
In1.Cu
  6
CONTINUOUS
100
AcDbLine
 10
5.2249862598425194
 20
-4.015019645669291
 30
0
 11
5.2195277559055118
 21
-4.015019645669291
 31
0
  0
LINE
  5
7E7
330
1F
100
AcDbEntity
  8
In1.Cu
  6
CONTINUOUS
100
AcDbLine
 10
5.2195277559055118
 20
-4.015019645669291
 30
0
 11
5.2195277559055118
 21
-4.0347046850393697
 31
0
  0
LINE
  5
7E8
330
1F
100
AcDbEntity
  8
In1.Cu
  6
CONTINUOUS
100
AcDbLine
 10
5.2195277559055118
 20
-4.0347046850393697
 30
0
 11
5.2214962598425192
 21
-4.0347046850393697
 31
0
  0
LINE
  5
7E9
330
1F
100
AcDbEntity
  8
In1.Cu
  6
CONTINUOUS
100
AcDbLine
 10
5.2214962598425192
 20
-4.0347046850393697
 30
0
 11
5.2235517716535433
 21
-4.0348394094488187
 31
0
  0
LINE
  5
7EA
330
1F
100
AcDbEntity
  8
In1.Cu
  6
CONTINUOUS
100
AcDbLine
 10
5.2235517716535433
 20
-4.0348394094488187
 30
0
 11
5.227522755905512
 21
-4.0359034251968504
 31
0
  0
LINE
  5
7EB
330
1F
100
AcDbEntity
  8
In1.Cu
  6
CONTINUOUS
100
AcDbLine
 10
5.227522755905512
 20
-4.0359034251968504
 30
0
 11
5.2310830708661413
 21
-4.0379589763779524
 31
0
  0
LINE
  5
7EC
330
1F
100
AcDbEntity
  8
In1.Cu
  6
CONTINUOUS
100
AcDbLine
 10
5.2310830708661413
 20
-4.0379589763779524
 30
0
 11
5.2337342913385827
 21
-4.0406101968503938
 31
0
  0
LINE
  5
7ED
330
1F
100
AcDbEntity
  8
In1.Cu
  6
CONTINUOUS
100
AcDbLine
 10
5.2337342913385827
 20
-4.0406101968503938
 30
0
 11
5.2556657086614171
 21
-4.0406101968503938
 31
0
  0
LINE
  5
7EE
330
1F
100
AcDbEntity
  8
In1.Cu
  6
CONTINUOUS
100
AcDbLine
 10
5.2556657086614171
 20
-4.0406101968503938
 30
0
 11
5.2555677165354329
 21
-4.0401174015748031
 31
0
  0
LINE
  5
7EF
330
1F
100
AcDbEntity
  8
In1.Cu
  6
CONTINUOUS
100
AcDbLine
 10
5.2555677165354329
 20
-4.0401174015748031
 30
0
 11
5.2555675984251966
 21
-4.0401171259842519
 31
0
  0
LINE
  5
7F0
330
1F
100
AcDbEntity
  8
In1.Cu
  6
CONTINUOUS
100
AcDbLine
 10
5.2555675984251966
 20
-4.0401171259842519
 30
0
 11
5.252896692913386
 21
-4.0336689763779523
 31
0
  0
LINE
  5
7F1
330
1F
100
AcDbEntity
  8
In1.Cu
  6
CONTINUOUS
100
AcDbLine
 10
5.252896692913386
 20
-4.0336689763779523
 30
0
 11
5.2528964960629922
 21
-4.0336685826771657
 31
0
  0
LINE
  5
7F2
330
1F
100
AcDbEntity
  8
In1.Cu
  6
CONTINUOUS
100
AcDbLine
 10
5.2528964960629922
 20
-4.0336685826771657
 30
0
 11
5.2490189370078735
 21
-4.0278654330708656
 31
0
  0
LINE
  5
7F3
330
1F
100
AcDbEntity
  8
In1.Cu
  6
CONTINUOUS
100
AcDbLine
 10
5.2490189370078735
 20
-4.0278654330708656
 30
0
 11
5.2490188188976381
 21
-4.0278652755905515
 31
0
  0
LINE
  5
7F4
330
1F
100
AcDbEntity
  8
In1.Cu
  6
CONTINUOUS
100
AcDbLine
 10
5.2490188188976381
 20
-4.0278652755905515
 30
0
 11
5.2475905511811023
 21
-4.0264370078740157
 31
0
  0
LINE
  5
7F5
330
1F
100
AcDbEntity
  8
In1.Cu
  6
CONTINUOUS
100
AcDbLine
 10
5.2475905511811023
 20
-4.0264370078740157
 30
0
 11
5.2440836614173225
 21
-4.0229301181102359
 31
0
  0
LINE
  5
7F6
330
1F
100
AcDbEntity
  8
In1.Cu
  6
CONTINUOUS
100
AcDbLine
 10
6.5503196456692914
 20
-3.9864736614173228
 30
0
 11
6.548155236220472
 21
-3.9870536220472439
 31
0
  0
LINE
  5
7F7
330
1F
100
AcDbEntity
  8
In1.Cu
  6
CONTINUOUS
100
AcDbLine
 10
6.548155236220472
 20
-3.9870536220472439
 30
0
 11
6.5481550393700783
 21
-3.9870537401574802
 31
0
  0
LINE
  5
7F8
330
1F
100
AcDbEntity
  8
In1.Cu
  6
CONTINUOUS
100
AcDbLine
 10
6.5481550393700783
 20
-3.9870537401574802
 30
0
 11
6.5442745669291336
 21
-3.9892940944881889
 31
0
  0
LINE
  5
7F9
330
1F
100
AcDbEntity
  8
In1.Cu
  6
CONTINUOUS
100
AcDbLine
 10
6.5442745669291336
 20
-3.9892940944881889
 30
0
 11
6.5442742519685035
 21
-3.9892943307086615
 31
0
  0
LINE
  5
7FA
330
1F
100
AcDbEntity
  8
In1.Cu
  6
CONTINUOUS
100
AcDbLine
 10
6.5442742519685035
 20
-3.9892943307086615
 30
0
 11
6.5411055511811025
 21
-3.992463031496063
 31
0
  0
LINE
  5
7FB
330
1F
100
AcDbEntity
  8
In1.Cu
  6
CONTINUOUS
100
AcDbLine
 10
6.5411055511811025
 20
-3.992463031496063
 30
0
 11
6.54110531496063
 21
-3.992463346456693
 31
0
  0
LINE
  5
7FC
330
1F
100
AcDbEntity
  8
In1.Cu
  6
CONTINUOUS
100
AcDbLine
 10
6.54110531496063
 20
-3.992463346456693
 30
0
 11
6.5388649606299207
 21
-3.9963438188976377
 31
0
  0
LINE
  5
7FD
330
1F
100
AcDbEntity
  8
In1.Cu
  6
CONTINUOUS
100
AcDbLine
 10
6.5388649606299207
 20
-3.9963438188976377
 30
0
 11
6.5388648425196845
 21
-3.9963440157480314
 31
0
  0
LINE
  5
7FE
330
1F
100
AcDbEntity
  8
In1.Cu
  6
CONTINUOUS
100
AcDbLine
 10
6.5388648425196845
 20
-3.9963440157480314
 30
0
 11
6.5380915748031496
 21
-3.9992298425196848
 31
0
  0
LINE
  5
7FF
330
1F
100
AcDbEntity
  8
In1.Cu
  6
CONTINUOUS
100
AcDbLine
 10
6.5380915748031496
 20
-3.9992298425196848
 30
0
 11
6.5377049606299211
 21
-4.0006727559055113
 31
0
  0
LINE
  5
800
330
1F
100
AcDbEntity
  8
In1.Cu
  6
CONTINUOUS
100
AcDbLine
 10
6.5377049606299211
 20
-4.0006727559055113
 30
0
 11
6.5377049606299211
 21
-4.0051540944881889
 31
0
  0
LINE
  5
801
330
1F
100
AcDbEntity
  8
In1.Cu
  6
CONTINUOUS
100
AcDbLine
 10
6.5377049606299211
 20
-4.0051540944881889
 30
0
 11
6.5380942913385827
 21
-4.0066070078740159
 31
0
  0
LINE
  5
802
330
1F
100
AcDbEntity
  8
In1.Cu
  6
CONTINUOUS
100
AcDbLine
 10
6.5380942913385827
 20
-4.0066070078740159
 30
0
 11
6.5388648425196845
 21
-4.0094827952755905
 31
0
  0
LINE
  5
803
330
1F
100
AcDbEntity
  8
In1.Cu
  6
CONTINUOUS
100
AcDbLine
 10
6.5388648425196845
 20
-4.0094827952755905
 30
0
 11
6.5388649606299207
 21
-4.0094829921259842
 31
0
  0
LINE
  5
804
330
1F
100
AcDbEntity
  8
In1.Cu
  6
CONTINUOUS
100
AcDbLine
 10
6.5388649606299207
 20
-4.0094829921259842
 30
0
 11
6.54110531496063
 21
-4.0133634645669289
 31
0
  0
LINE
  5
805
330
1F
100
AcDbEntity
  8
In1.Cu
  6
CONTINUOUS
100
AcDbLine
 10
6.54110531496063
 20
-4.0133634645669289
 30
0
 11
6.541105472440945
 21
-4.0133636614173227
 31
0
  0
LINE
  5
806
330
1F
100
AcDbEntity
  8
In1.Cu
  6
CONTINUOUS
100
AcDbLine
 10
6.541105472440945
 20
-4.0133636614173227
 30
0
 11
6.5411055118110237
 21
-4.0133637401574802
 31
0
  0
LINE
  5
807
330
1F
100
AcDbEntity
  8
In1.Cu
  6
CONTINUOUS
100
AcDbLine
 10
6.5411055118110237
 20
-4.0133637401574802
 30
0
 11
6.544274330708661
 21
-4.0165325590551184
 31
0
  0
LINE
  5
808
330
1F
100
AcDbEntity
  8
In1.Cu
  6
CONTINUOUS
100
AcDbLine
 10
6.544274330708661
 20
-4.0165325590551184
 30
0
 11
6.5442744094488186
 21
-4.0165325984251972
 31
0
  0
LINE
  5
809
330
1F
100
AcDbEntity
  8
In1.Cu
  6
CONTINUOUS
100
AcDbLine
 10
6.5442744094488186
 20
-4.0165325984251972
 30
0
 11
6.5442745669291336
 21
-4.0165327165354334
 31
0
  0
LINE
  5
80A
330
1F
100
AcDbEntity
  8
In1.Cu
  6
CONTINUOUS
100
AcDbLine
 10
6.5442745669291336
 20
-4.0165327165354334
 30
0
 11
6.547538188976378
 21
-4.0184169291338581
 31
0
  0
LINE
  5
80B
330
1F
100
AcDbEntity
  8
In1.Cu
  6
CONTINUOUS
100
AcDbLine
 10
6.547538188976378
 20
-4.0184169291338581
 30
0
 11
6.5481553149606295
 21
-4.0187732283464568
 31
0
  0
LINE
  5
80C
330
1F
100
AcDbEntity
  8
In1.Cu
  6
CONTINUOUS
100
AcDbLine
 10
6.5481553149606295
 20
-4.0187732283464568
 30
0
 11
6.5524839763779523
 21
-4.0199331102362201
 31
0
  0
LINE
  5
80D
330
1F
100
AcDbEntity
  8
In1.Cu
  6
CONTINUOUS
100
AcDbLine
 10
6.5524839763779523
 20
-4.0199331102362201
 30
0
 11
6.5524840551181098
 21
-4.0199331102362201
 31
0
  0
LINE
  5
80E
330
1F
100
AcDbEntity
  8
In1.Cu
  6
CONTINUOUS
100
AcDbLine
 10
6.5524840551181098
 20
-4.0199331102362201
 30
0
 11
6.5569652362204724
 21
-4.0199331102362201
 31
0
  0
LINE
  5
80F
330
1F
100
AcDbEntity
  8
In1.Cu
  6
CONTINUOUS
100
AcDbLine
 10
6.5569652362204724
 20
-4.0199331102362201
 30
0
 11
6.55696531496063
 21
-4.0199331102362201
 31
0
  0
LINE
  5
810
330
1F
100
AcDbEntity
  8
In1.Cu
  6
CONTINUOUS
100
AcDbLine
 10
6.55696531496063
 20
-4.0199331102362201
 30
0
 11
6.5612939763779528
 21
-4.0187732283464568
 31
0
  0
LINE
  5
811
330
1F
100
AcDbEntity
  8
In1.Cu
  6
CONTINUOUS
100
AcDbLine
 10
6.5612939763779528
 20
-4.0187732283464568
 30
0
 11
6.5651749606299212
 21
-4.0165325590551184
 31
0
  0
LINE
  5
812
330
1F
100
AcDbEntity
  8
In1.Cu
  6
CONTINUOUS
100
AcDbLine
 10
6.5651749606299212
 20
-4.0165325590551184
 30
0
 11
6.5683437795275585
 21
-4.0133637401574802
 31
0
  0
LINE
  5
813
330
1F
100
AcDbEntity
  8
In1.Cu
  6
CONTINUOUS
100
AcDbLine
 10
6.5683437795275585
 20
-4.0133637401574802
 30
0
 11
6.5705844488188978
 21
-4.0094827559055117
 31
0
  0
LINE
  5
814
330
1F
100
AcDbEntity
  8
In1.Cu
  6
CONTINUOUS
100
AcDbLine
 10
6.5705844488188978
 20
-4.0094827559055117
 30
0
 11
6.5717443307086612
 21
-4.0051540944881889
 31
0
  0
LINE
  5
815
330
1F
100
AcDbEntity
  8
In1.Cu
  6
CONTINUOUS
100
AcDbLine
 10
6.5717443307086612
 20
-4.0051540944881889
 30
0
 11
6.5717443307086612
 21
-4.0006727559055113
 31
0
  0
LINE
  5
816
330
1F
100
AcDbEntity
  8
In1.Cu
  6
CONTINUOUS
100
AcDbLine
 10
6.5717443307086612
 20
-4.0006727559055113
 30
0
 11
6.5705844488188978
 21
-3.9963440944881889
 31
0
  0
LINE
  5
817
330
1F
100
AcDbEntity
  8
In1.Cu
  6
CONTINUOUS
100
AcDbLine
 10
6.5705844488188978
 20
-3.9963440944881889
 30
0
 11
6.5686000393700787
 21
-3.9929069685039371
 31
0
  0
LINE
  5
818
330
1F
100
AcDbEntity
  8
In1.Cu
  6
CONTINUOUS
100
AcDbLine
 10
6.5686000393700787
 20
-3.9929069685039371
 30
0
 11
6.5683439370078736
 21
-3.992463346456693
 31
0
  0
LINE
  5
819
330
1F
100
AcDbEntity
  8
In1.Cu
  6
CONTINUOUS
100
AcDbLine
 10
6.5683439370078736
 20
-3.992463346456693
 30
0
 11
6.568343700787401
 21
-3.992463031496063
 31
0
  0
LINE
  5
81A
330
1F
100
AcDbEntity
  8
In1.Cu
  6
CONTINUOUS
100
AcDbLine
 10
6.568343700787401
 20
-3.992463031496063
 30
0
 11
6.565175
 21
-3.9892943307086615
 31
0
  0
LINE
  5
81B
330
1F
100
AcDbEntity
  8
In1.Cu
  6
CONTINUOUS
100
AcDbLine
 10
6.565175
 20
-3.9892943307086615
 30
0
 11
6.56517468503937
 21
-3.9892940944881889
 31
0
  0
LINE
  5
81C
330
1F
100
AcDbEntity
  8
In1.Cu
  6
CONTINUOUS
100
AcDbLine
 10
6.56517468503937
 20
-3.9892940944881889
 30
0
 11
6.5612942125984253
 21
-3.9870537401574802
 31
0
  0
LINE
  5
81D
330
1F
100
AcDbEntity
  8
In1.Cu
  6
CONTINUOUS
100
AcDbLine
 10
6.5612942125984253
 20
-3.9870537401574802
 30
0
 11
6.5612940157480315
 21
-3.9870536220472439
 31
0
  0
LINE
  5
81E
330
1F
100
AcDbEntity
  8
In1.Cu
  6
CONTINUOUS
100
AcDbLine
 10
6.5612940157480315
 20
-3.9870536220472439
 30
0
 11
6.5598510629921254
 21
-3.9866669685039371
 31
0
  0
LINE
  5
81F
330
1F
100
AcDbEntity
  8
In1.Cu
  6
CONTINUOUS
100
AcDbLine
 10
6.5598510629921254
 20
-3.9866669685039371
 30
0
 11
6.55696531496063
 21
-3.9858937401574801
 31
0
  0
LINE
  5
820
330
1F
100
AcDbEntity
  8
In1.Cu
  6
CONTINUOUS
100
AcDbLine
 10
6.55696531496063
 20
-3.9858937401574801
 30
0
 11
6.5524839763779523
 21
-3.9858937401574801
 31
0
  0
LINE
  5
821
330
1F
100
AcDbEntity
  8
In1.Cu
  6
CONTINUOUS
100
AcDbLine
 10
6.5524839763779523
 20
-3.9858937401574801
 30
0
 11
6.5503196456692914
 21
-3.9864736614173228
 31
0
  0
LINE
  5
822
330
1F
100
AcDbEntity
  8
In1.Cu
  6
CONTINUOUS
100
AcDbLine
 10
5.3606891732283461
 20
-3.7815486220472438
 30
0
 11
5.3619085826771649
 21
-3.7860996062992127
 31
0
  0
LINE
  5
823
330
1F
100
AcDbEntity
  8
In1.Cu
  6
CONTINUOUS
100
AcDbLine
 10
5.3619085826771649
 20
-3.7860996062992127
 30
0
 11
5.3619086220472436
 21
-3.7860997244094485
 31
0
  0
LINE
  5
824
330
1F
100
AcDbEntity
  8
In1.Cu
  6
CONTINUOUS
100
AcDbLine
 10
5.3619086220472436
 20
-3.7860997244094485
 30
0
 11
5.3626938188976379
 21
-3.7874597244094486
 31
0
  0
LINE
  5
825
330
1F
100
AcDbEntity
  8
In1.Cu
  6
CONTINUOUS
100
AcDbLine
 10
5.3626938188976379
 20
-3.7874597244094486
 30
0
 11
5.3642643307086617
 21
-3.7901799212598424
 31
0
  0
LINE
  5
826
330
1F
100
AcDbEntity
  8
In1.Cu
  6
CONTINUOUS
100
AcDbLine
 10
5.3642643307086617
 20
-3.7901799212598424
 30
0
 11
5.3642644094488192
 21
-3.7901799999999999
 31
0
  0
LINE
  5
827
330
1F
100
AcDbEntity
  8
In1.Cu
  6
CONTINUOUS
100
AcDbLine
 10
5.3642644094488192
 20
-3.7901799999999999
 30
0
 11
5.365573346456693
 21
-3.7914889370078741
 31
0
  0
LINE
  5
828
330
1F
100
AcDbEntity
  8
In1.Cu
  6
CONTINUOUS
100
AcDbLine
 10
5.365573346456693
 20
-3.7914889370078741
 30
0
 11
5.3668916535433073
 21
-3.7939032283464567
 31
0
  0
LINE
  5
829
330
1F
100
AcDbEntity
  8
In1.Cu
  6
CONTINUOUS
100
AcDbLine
 10
5.3668916535433073
 20
-3.7939032283464567
 30
0
 11
5.3666954330708663
 21
-3.7966470078740158
 31
0
  0
LINE
  5
82A
330
1F
100
AcDbEntity
  8
In1.Cu
  6
CONTINUOUS
100
AcDbLine
 10
5.3666954330708663
 20
-3.7966470078740158
 30
0
 11
5.365573346456693
 21
-3.7983929527559055
 31
0
  0
LINE
  5
82B
330
1F
100
AcDbEntity
  8
In1.Cu
  6
CONTINUOUS
100
AcDbLine
 10
5.365573346456693
 20
-3.7983929527559055
 30
0
 11
5.3642644094488192
 21
-3.7997018503937006
 31
0
  0
LINE
  5
82C
330
1F
100
AcDbEntity
  8
In1.Cu
  6
CONTINUOUS
100
AcDbLine
 10
5.3642644094488192
 20
-3.7997018503937006
 30
0
 11
5.3642642519685042
 21
-3.7997020866141731
 31
0
  0
LINE
  5
82D
330
1F
100
AcDbEntity
  8
In1.Cu
  6
CONTINUOUS
100
AcDbLine
 10
5.3642642519685042
 20
-3.7997020866141731
 30
0
 11
5.3619086220472436
 21
-3.8037821259842519
 31
0
  0
LINE
  5
82E
330
1F
100
AcDbEntity
  8
In1.Cu
  6
CONTINUOUS
100
AcDbLine
 10
5.3619086220472436
 20
-3.8037821259842519
 30
0
 11
5.3619085826771649
 21
-3.8037822440944882
 31
0
  0
LINE
  5
82F
330
1F
100
AcDbEntity
  8
In1.Cu
  6
CONTINUOUS
100
AcDbLine
 10
5.3619085826771649
 20
-3.8037822440944882
 30
0
 11
5.3606891732283461
 21
-3.8083332283464566
 31
0
  0
LINE
  5
830
330
1F
100
AcDbEntity
  8
In1.Cu
  6
CONTINUOUS
100
AcDbLine
 10
5.3606891732283461
 20
-3.8083332283464566
 30
0
 11
5.3606891732283461
 21
-3.8130447244094485
 31
0
  0
LINE
  5
831
330
1F
100
AcDbEntity
  8
In1.Cu
  6
CONTINUOUS
100
AcDbLine
 10
5.3606891732283461
 20
-3.8130447244094485
 30
0
 11
5.3615974015748034
 21
-3.8164342519685039
 31
0
  0
LINE
  5
832
330
1F
100
AcDbEntity
  8
In1.Cu
  6
CONTINUOUS
100
AcDbLine
 10
5.3615974015748034
 20
-3.8164342519685039
 30
0
 11
5.3619085826771649
 21
-3.8175956692913386
 31
0
  0
LINE
  5
833
330
1F
100
AcDbEntity
  8
In1.Cu
  6
CONTINUOUS
100
AcDbLine
 10
5.3619085826771649
 20
-3.8175956692913386
 30
0
 11
5.3619086220472436
 21
-3.8175957874015749
 31
0
  0
LINE
  5
834
330
1F
100
AcDbEntity
  8
In1.Cu
  6
CONTINUOUS
100
AcDbLine
 10
5.3619086220472436
 20
-3.8175957874015749
 30
0
 11
5.3625314960629922
 21
-3.8186746062992123
 31
0
  0
LINE
  5
835
330
1F
100
AcDbEntity
  8
In1.Cu
  6
CONTINUOUS
100
AcDbLine
 10
5.3625314960629922
 20
-3.8186746062992123
 30
0
 11
5.3642643307086617
 21
-3.8216759842519683
 31
0
  0
LINE
  5
836
330
1F
100
AcDbEntity
  8
In1.Cu
  6
CONTINUOUS
100
AcDbLine
 10
5.3642643307086617
 20
-3.8216759842519683
 30
0
 11
5.3642644094488192
 21
-3.8216760629921258
 31
0
  0
LINE
  5
837
330
1F
100
AcDbEntity
  8
In1.Cu
  6
CONTINUOUS
100
AcDbLine
 10
5.3642644094488192
 20
-3.8216760629921258
 30
0
 11
5.365573346456693
 21
-3.8229850000000001
 31
0
  0
LINE
  5
838
330
1F
100
AcDbEntity
  8
In1.Cu
  6
CONTINUOUS
100
AcDbLine
 10
5.365573346456693
 20
-3.8229850000000001
 30
0
 11
5.3668916535433073
 21
-3.8253992913385826
 31
0
  0
LINE
  5
839
330
1F
100
AcDbEntity
  8
In1.Cu
  6
CONTINUOUS
100
AcDbLine
 10
5.3668916535433073
 20
-3.8253992913385826
 30
0
 11
5.3666954330708663
 21
-3.8281430708661417
 31
0
  0
LINE
  5
83A
330
1F
100
AcDbEntity
  8
In1.Cu
  6
CONTINUOUS
100
AcDbLine
 10
5.3666954330708663
 20
-3.8281430708661417
 30
0
 11
5.3655733858267718
 21
-3.8298889763779527
 31
0
  0
LINE
  5
83B
330
1F
100
AcDbEntity
  8
In1.Cu
  6
CONTINUOUS
100
AcDbLine
 10
5.3655733858267718
 20
-3.8298889763779527
 30
0
 11
5.3642644881889758
 21
-3.8311978740157477
 31
0
  0
LINE
  5
83C
330
1F
100
AcDbEntity
  8
In1.Cu
  6
CONTINUOUS
100
AcDbLine
 10
5.3642644881889758
 20
-3.8311978740157477
 30
0
 11
5.364264291338583
 21
-3.831198149606299
 31
0
  0
LINE
  5
83D
330
1F
100
AcDbEntity
  8
In1.Cu
  6
CONTINUOUS
100
AcDbLine
 10
5.364264291338583
 20
-3.831198149606299
 30
0
 11
5.3619086614173224
 21
-3.8352781889763778
 31
0
  0
LINE
  5
83E
330
1F
100
AcDbEntity
  8
In1.Cu
  6
CONTINUOUS
100
AcDbLine
 10
5.3619086614173224
 20
-3.8352781889763778
 30
0
 11
5.3619086220472436
 21
-3.8352783070866141
 31
0
  0
LINE
  5
83F
330
1F
100
AcDbEntity
  8
In1.Cu
  6
CONTINUOUS
100
AcDbLine
 10
5.3619086220472436
 20
-3.8352783070866141
 30
0
 11
5.3606892125984249
 21
-3.8398292913385825
 31
0
  0
LINE
  5
840
330
1F
100
AcDbEntity
  8
In1.Cu
  6
CONTINUOUS
100
AcDbLine
 10
5.3606892125984249
 20
-3.8398292913385825
 30
0
 11
5.3606892125984249
 21
-3.8445407874015749
 31
0
  0
LINE
  5
841
330
1F
100
AcDbEntity
  8
In1.Cu
  6
CONTINUOUS
100
AcDbLine
 10
5.3606892125984249
 20
-3.8445407874015749
 30
0
 11
5.3615974409448821
 21
-3.8479303149606299
 31
0
  0
LINE
  5
842
330
1F
100
AcDbEntity
  8
In1.Cu
  6
CONTINUOUS
100
AcDbLine
 10
5.3615974409448821
 20
-3.8479303149606299
 30
0
 11
5.3619086220472436
 21
-3.8490917322834646
 31
0
  0
LINE
  5
843
330
1F
100
AcDbEntity
  8
In1.Cu
  6
CONTINUOUS
100
AcDbLine
 10
5.3619086220472436
 20
-3.8490917322834646
 30
0
 11
5.3619086614173224
 21
-3.8490918503937008
 31
0
  0
LINE
  5
844
330
1F
100
AcDbEntity
  8
In1.Cu
  6
CONTINUOUS
100
AcDbLine
 10
5.3619086614173224
 20
-3.8490918503937008
 30
0
 11
5.3625315354330709
 21
-3.8501706692913387
 31
0
  0
LINE
  5
845
330
1F
100
AcDbEntity
  8
In1.Cu
  6
CONTINUOUS
100
AcDbLine
 10
5.3625315354330709
 20
-3.8501706692913387
 30
0
 11
5.3642643700787405
 21
-3.8531720472440942
 31
0
  0
LINE
  5
846
330
1F
100
AcDbEntity
  8
In1.Cu
  6
CONTINUOUS
100
AcDbLine
 10
5.3642643700787405
 20
-3.8531720472440942
 30
0
 11
5.367595905511811
 21
-3.8565035826771652
 31
0
  0
LINE
  5
847
330
1F
100
AcDbEntity
  8
In1.Cu
  6
CONTINUOUS
100
AcDbLine
 10
5.367595905511811
 20
-3.8565035826771652
 30
0
 11
5.3716761811023623
 21
-3.8588593307086612
 31
0
  0
LINE
  5
848
330
1F
100
AcDbEntity
  8
In1.Cu
  6
CONTINUOUS
100
AcDbLine
 10
5.3716761811023623
 20
-3.8588593307086612
 30
0
 11
5.3762271653543303
 21
-3.8600787401574803
 31
0
  0
LINE
  5
849
330
1F
100
AcDbEntity
  8
In1.Cu
  6
CONTINUOUS
100
AcDbLine
 10
5.3762271653543303
 20
-3.8600787401574803
 30
0
 11
5.3762272440944878
 21
-3.8600787401574803
 31
0
  0
LINE
  5
84A
330
1F
100
AcDbEntity
  8
In1.Cu
  6
CONTINUOUS
100
AcDbLine
 10
5.3762272440944878
 20
-3.8600787401574803
 30
0
 11
5.3809385826771656
 21
-3.8600787401574803
 31
0
  0
LINE
  5
84B
330
1F
100
AcDbEntity
  8
In1.Cu
  6
CONTINUOUS
100
AcDbLine
 10
5.3809385826771656
 20
-3.8600787401574803
 30
0
 11
5.3809386614173231
 21
-3.8600787401574803
 31
0
  0
LINE
  5
84C
330
1F
100
AcDbEntity
  8
In1.Cu
  6
CONTINUOUS
100
AcDbLine
 10
5.3809386614173231
 20
-3.8600787401574803
 30
0
 11
5.382990551181102
 21
-3.859528937007874
 31
0
  0
LINE
  5
84D
330
1F
100
AcDbEntity
  8
In1.Cu
  6
CONTINUOUS
100
AcDbLine
 10
5.382990551181102
 20
-3.859528937007874
 30
0
 11
5.3857405118110231
 21
-3.8595944094488188
 31
0
  0
LINE
  5
84E
330
1F
100
AcDbEntity
  8
In1.Cu
  6
CONTINUOUS
100
AcDbLine
 10
5.3857405118110231
 20
-3.8595944094488188
 30
0
 11
5.3880185433070862
 21
-3.8611362598425196
 31
0
  0
LINE
  5
84F
330
1F
100
AcDbEntity
  8
In1.Cu
  6
CONTINUOUS
100
AcDbLine
 10
5.3880185433070862
 20
-3.8611362598425196
 30
0
 11
5.3889695669291333
 21
-3.8629809448818895
 31
0
  0
LINE
  5
850
330
1F
100
AcDbEntity
  8
In1.Cu
  6
CONTINUOUS
100
AcDbLine
 10
5.3889695669291333
 20
-3.8629809448818895
 30
0
 11
5.389467637795275
 21
-3.864839842519685
 31
0
  0
LINE
  5
851
330
1F
100
AcDbEntity
  8
In1.Cu
  6
CONTINUOUS
100
AcDbLine
 10
5.389467637795275
 20
-3.864839842519685
 30
0
 11
5.3894676771653538
 21
-3.8648398818897638
 31
0
  0
LINE
  5
852
330
1F
100
AcDbEntity
  8
In1.Cu
  6
CONTINUOUS
100
AcDbLine
 10
5.3894676771653538
 20
-3.8648398818897638
 30
0
 11
5.3918233858267719
 21
-3.8689200787401572
 31
0
  0
LINE
  5
853
330
1F
100
AcDbEntity
  8
In1.Cu
  6
CONTINUOUS
100
AcDbLine
 10
5.3918233858267719
 20
-3.8689200787401572
 30
0
 11
5.3918234645669294
 21
-3.8689201574803147
 31
0
  0
LINE
  5
854
330
1F
100
AcDbEntity
  8
In1.Cu
  6
CONTINUOUS
100
AcDbLine
 10
5.3918234645669294
 20
-3.8689201574803147
 30
0
 11
5.3931324015748032
 21
-3.870229094488189
 31
0
  0
LINE
  5
855
330
1F
100
AcDbEntity
  8
In1.Cu
  6
CONTINUOUS
100
AcDbLine
 10
5.3931324015748032
 20
-3.870229094488189
 30
0
 11
5.3944507086614175
 21
-3.8726433858267715
 31
0
  0
LINE
  5
856
330
1F
100
AcDbEntity
  8
In1.Cu
  6
CONTINUOUS
100
AcDbLine
 10
5.3944507086614175
 20
-3.8726433858267715
 30
0
 11
5.3942544881889765
 21
-3.8753871653543306
 31
0
  0
LINE
  5
857
330
1F
100
AcDbEntity
  8
In1.Cu
  6
CONTINUOUS
100
AcDbLine
 10
5.3942544881889765
 20
-3.8753871653543306
 30
0
 11
5.3931324015748032
 21
-3.8771331102362203
 31
0
  0
LINE
  5
858
330
1F
100
AcDbEntity
  8
In1.Cu
  6
CONTINUOUS
100
AcDbLine
 10
5.3931324015748032
 20
-3.8771331102362203
 30
0
 11
5.3918234645669294
 21
-3.8784420078740158
 31
0
  0
LINE
  5
859
330
1F
100
AcDbEntity
  8
In1.Cu
  6
CONTINUOUS
100
AcDbLine
 10
5.3918234645669294
 20
-3.8784420078740158
 30
0
 11
5.3918233070866144
 21
-3.8784422440944879
 31
0
  0
LINE
  5
85A
330
1F
100
AcDbEntity
  8
In1.Cu
  6
CONTINUOUS
100
AcDbLine
 10
5.3918233070866144
 20
-3.8784422440944879
 30
0
 11
5.3894676771653538
 21
-3.8825222834645667
 31
0
  0
LINE
  5
85B
330
1F
100
AcDbEntity
  8
In1.Cu
  6
CONTINUOUS
100
AcDbLine
 10
5.3894676771653538
 20
-3.8825222834645667
 30
0
 11
5.389467637795275
 21
-3.8825223228346455
 31
0
  0
LINE
  5
85C
330
1F
100
AcDbEntity
  8
In1.Cu
  6
CONTINUOUS
100
AcDbLine
 10
5.389467637795275
 20
-3.8825223228346455
 30
0
 11
5.3889695669291333
 21
-3.8843812598425198
 31
0
  0
LINE
  5
85D
330
1F
100
AcDbEntity
  8
In1.Cu
  6
CONTINUOUS
100
AcDbLine
 10
5.3889695669291333
 20
-3.8843812598425198
 30
0
 11
5.387537834645669
 21
-3.8867301181102363
 31
0
  0
LINE
  5
85E
330
1F
100
AcDbEntity
  8
In1.Cu
  6
CONTINUOUS
100
AcDbLine
 10
5.387537834645669
 20
-3.8867301181102363
 30
0
 11
5.3850635433070861
 21
-3.8879320078740158
 31
0
  0
LINE
  5
85F
330
1F
100
AcDbEntity
  8
In1.Cu
  6
CONTINUOUS
100
AcDbLine
 10
5.3850635433070861
 20
-3.8879320078740158
 30
0
 11
5.3829905905511808
 21
-3.8878332677165353
 31
0
  0
LINE
  5
860
330
1F
100
AcDbEntity
  8
In1.Cu
  6
CONTINUOUS
100
AcDbLine
 10
5.3829905905511808
 20
-3.8878332677165353
 30
0
 11
5.3809386614173231
 21
-3.887283464566929
 31
0
  0
LINE
  5
861
330
1F
100
AcDbEntity
  8
In1.Cu
  6
CONTINUOUS
100
AcDbLine
 10
5.3809386614173231
 20
-3.887283464566929
 30
0
 11
5.3762271653543303
 21
-3.887283464566929
 31
0
  0
LINE
  5
862
330
1F
100
AcDbEntity
  8
In1.Cu
  6
CONTINUOUS
100
AcDbLine
 10
5.3762271653543303
 20
-3.887283464566929
 30
0
 11
5.3716761811023623
 21
-3.8885028740157481
 31
0
  0
LINE
  5
863
330
1F
100
AcDbEntity
  8
In1.Cu
  6
CONTINUOUS
100
AcDbLine
 10
5.3716761811023623
 20
-3.8885028740157481
 30
0
 11
5.3716760629921261
 21
-3.8885029133858269
 31
0
  0
LINE
  5
864
330
1F
100
AcDbEntity
  8
In1.Cu
  6
CONTINUOUS
100
AcDbLine
 10
5.3716760629921261
 20
-3.8885029133858269
 30
0
 11
5.3675960236220472
 21
-3.8908585433070866
 31
0
  0
LINE
  5
865
330
1F
100
AcDbEntity
  8
In1.Cu
  6
CONTINUOUS
100
AcDbLine
 10
5.3675960236220472
 20
-3.8908585433070866
 30
0
 11
5.3675957874015747
 21
-3.8908587007874016
 31
0
  0
LINE
  5
866
330
1F
100
AcDbEntity
  8
In1.Cu
  6
CONTINUOUS
100
AcDbLine
 10
5.3675957874015747
 20
-3.8908587007874016
 30
0
 11
5.3642644488188971
 21
-3.8941900393700788
 31
0
  0
LINE
  5
867
330
1F
100
AcDbEntity
  8
In1.Cu
  6
CONTINUOUS
100
AcDbLine
 10
5.3642644488188971
 20
-3.8941900393700788
 30
0
 11
5.364264291338583
 21
-3.8941902755905513
 31
0
  0
LINE
  5
868
330
1F
100
AcDbEntity
  8
In1.Cu
  6
CONTINUOUS
100
AcDbLine
 10
5.364264291338583
 20
-3.8941902755905513
 30
0
 11
5.3619086614173224
 21
-3.8982703149606297
 31
0
  0
LINE
  5
869
330
1F
100
AcDbEntity
  8
In1.Cu
  6
CONTINUOUS
100
AcDbLine
 10
5.3619086614173224
 20
-3.8982703149606297
 30
0
 11
5.3619086220472436
 21
-3.898270433070866
 31
0
  0
LINE
  5
86A
330
1F
100
AcDbEntity
  8
In1.Cu
  6
CONTINUOUS
100
AcDbLine
 10
5.3619086220472436
 20
-3.898270433070866
 30
0
 11
5.3606892125984249
 21
-3.9028214173228344
 31
0
  0
LINE
  5
86B
330
1F
100
AcDbEntity
  8
In1.Cu
  6
CONTINUOUS
100
AcDbLine
 10
5.3606892125984249
 20
-3.9028214173228344
 30
0
 11
5.3606892125984249
 21
-3.9075329133858268
 31
0
  0
LINE
  5
86C
330
1F
100
AcDbEntity
  8
In1.Cu
  6
CONTINUOUS
100
AcDbLine
 10
5.3606892125984249
 20
-3.9075329133858268
 30
0
 11
5.3619086220472436
 21
-3.9120838976377952
 31
0
  0
LINE
  5
86D
330
1F
100
AcDbEntity
  8
In1.Cu
  6
CONTINUOUS
100
AcDbLine
 10
5.3619086220472436
 20
-3.9120838976377952
 30
0
 11
5.3642643700787405
 21
-3.9161641732283465
 31
0
  0
LINE
  5
86E
330
1F
100
AcDbEntity
  8
In1.Cu
  6
CONTINUOUS
100
AcDbLine
 10
5.3642643700787405
 20
-3.9161641732283465
 30
0
 11
5.3642644488188971
 21
-3.916164251968504
 31
0
  0
LINE
  5
86F
330
1F
100
AcDbEntity
  8
In1.Cu
  6
CONTINUOUS
100
AcDbLine
 10
5.3642644488188971
 20
-3.916164251968504
 30
0
 11
5.365573346456693
 21
-3.9174731496062991
 31
0
  0
LINE
  5
870
330
1F
100
AcDbEntity
  8
In1.Cu
  6
CONTINUOUS
100
AcDbLine
 10
5.365573346456693
 20
-3.9174731496062991
 30
0
 11
5.3668916535433073
 21
-3.9198874409448816
 31
0
  0
LINE
  5
871
330
1F
100
AcDbEntity
  8
In1.Cu
  6
CONTINUOUS
100
AcDbLine
 10
5.3668916535433073
 20
-3.9198874409448816
 30
0
 11
5.3666954330708663
 21
-3.9226312204724407
 31
0
  0
LINE
  5
872
330
1F
100
AcDbEntity
  8
In1.Cu
  6
CONTINUOUS
100
AcDbLine
 10
5.3666954330708663
 20
-3.9226312204724407
 30
0
 11
5.3655733858267718
 21
-3.9243771259842517
 31
0
  0
LINE
  5
873
330
1F
100
AcDbEntity
  8
In1.Cu
  6
CONTINUOUS
100
AcDbLine
 10
5.3655733858267718
 20
-3.9243771259842517
 30
0
 11
5.3642644488188971
 21
-3.925686062992126
 31
0
  0
LINE
  5
874
330
1F
100
AcDbEntity
  8
In1.Cu
  6
CONTINUOUS
100
AcDbLine
 10
5.3642644488188971
 20
-3.925686062992126
 30
0
 11
5.3642642519685042
 21
-3.9256863385826772
 31
0
  0
LINE
  5
875
330
1F
100
AcDbEntity
  8
In1.Cu
  6
CONTINUOUS
100
AcDbLine
 10
5.3642642519685042
 20
-3.9256863385826772
 30
0
 11
5.3619086220472436
 21
-3.9297663779527556
 31
0
  0
LINE
  5
876
330
1F
100
AcDbEntity
  8
In1.Cu
  6
CONTINUOUS
100
AcDbLine
 10
5.3619086220472436
 20
-3.9297663779527556
 30
0
 11
5.3619085826771649
 21
-3.9297664960629919
 31
0
  0
LINE
  5
877
330
1F
100
AcDbEntity
  8
In1.Cu
  6
CONTINUOUS
100
AcDbLine
 10
5.3619085826771649
 20
-3.9297664960629919
 30
0
 11
5.3606891732283461
 21
-3.9343174803149608
 31
0
  0
LINE
  5
878
330
1F
100
AcDbEntity
  8
In1.Cu
  6
CONTINUOUS
100
AcDbLine
 10
5.3606891732283461
 20
-3.9343174803149608
 30
0
 11
5.3606891732283461
 21
-3.9390289763779527
 31
0
  0
LINE
  5
879
330
1F
100
AcDbEntity
  8
In1.Cu
  6
CONTINUOUS
100
AcDbLine
 10
5.3606891732283461
 20
-3.9390289763779527
 30
0
 11
5.3619085826771649
 21
-3.9435798818897636
 31
0
  0
LINE
  5
87A
330
1F
100
AcDbEntity
  8
In1.Cu
  6
CONTINUOUS
100
AcDbLine
 10
5.3619085826771649
 20
-3.9435798818897636
 30
0
 11
5.3619085826771649
 21
-3.9435799212598424
 31
0
  0
LINE
  5
87B
330
1F
100
AcDbEntity
  8
In1.Cu
  6
CONTINUOUS
100
AcDbLine
 10
5.3619085826771649
 20
-3.9435799212598424
 30
0
 11
5.3619086220472436
 21
-3.9435800393700786
 31
0
  0
LINE
  5
87C
330
1F
100
AcDbEntity
  8
In1.Cu
  6
CONTINUOUS
100
AcDbLine
 10
5.3619086220472436
 20
-3.9435800393700786
 30
0
 11
5.3626938188976379
 21
-3.9449400393700786
 31
0
  0
LINE
  5
87D
330
1F
100
AcDbEntity
  8
In1.Cu
  6
CONTINUOUS
100
AcDbLine
 10
5.3626938188976379
 20
-3.9449400393700786
 30
0
 11
5.3642643307086617
 21
-3.9476602362204725
 31
0
  0
LINE
  5
87E
330
1F
100
AcDbEntity
  8
In1.Cu
  6
CONTINUOUS
100
AcDbLine
 10
5.3642643307086617
 20
-3.9476602362204725
 30
0
 11
5.3642644094488192
 21
-3.94766031496063
 31
0
  0
LINE
  5
87F
330
1F
100
AcDbEntity
  8
In1.Cu
  6
CONTINUOUS
100
AcDbLine
 10
5.3642644094488192
 20
-3.94766031496063
 30
0
 11
5.365573346456693
 21
-3.9489692519685038
 31
0
  0
LINE
  5
880
330
1F
100
AcDbEntity
  8
In1.Cu
  6
CONTINUOUS
100
AcDbLine
 10
5.365573346456693
 20
-3.9489692519685038
 30
0
 11
5.3668916535433073
 21
-3.9513835433070867
 31
0
  0
LINE
  5
881
330
1F
100
AcDbEntity
  8
In1.Cu
  6
CONTINUOUS
100
AcDbLine
 10
5.3668916535433073
 20
-3.9513835433070867
 30
0
 11
5.3666954330708663
 21
-3.9541273228346454
 31
0
  0
LINE
  5
882
330
1F
100
AcDbEntity
  8
In1.Cu
  6
CONTINUOUS
100
AcDbLine
 10
5.3666954330708663
 20
-3.9541273228346454
 30
0
 11
5.365573346456693
 21
-3.9558732677165351
 31
0
  0
LINE
  5
883
330
1F
100
AcDbEntity
  8
In1.Cu
  6
CONTINUOUS
100
AcDbLine
 10
5.365573346456693
 20
-3.9558732677165351
 30
0
 11
5.3642644094488192
 21
-3.9571821653543306
 31
0
  0
LINE
  5
884
330
1F
100
AcDbEntity
  8
In1.Cu
  6
CONTINUOUS
100
AcDbLine
 10
5.3642644094488192
 20
-3.9571821653543306
 30
0
 11
5.3642642519685042
 21
-3.9571824015748032
 31
0
  0
LINE
  5
885
330
1F
100
AcDbEntity
  8
In1.Cu
  6
CONTINUOUS
100
AcDbLine
 10
5.3642642519685042
 20
-3.9571824015748032
 30
0
 11
5.3619086220472436
 21
-3.961262440944882
 31
0
  0
LINE
  5
886
330
1F
100
AcDbEntity
  8
In1.Cu
  6
CONTINUOUS
100
AcDbLine
 10
5.3619086220472436
 20
-3.961262440944882
 30
0
 11
5.3619085826771649
 21
-3.9612625590551178
 31
0
  0
LINE
  5
887
330
1F
100
AcDbEntity
  8
In1.Cu
  6
CONTINUOUS
100
AcDbLine
 10
5.3619085826771649
 20
-3.9612625590551178
 30
0
 11
5.3606891732283461
 21
-3.9658135433070867
 31
0
  0
LINE
  5
888
330
1F
100
AcDbEntity
  8
In1.Cu
  6
CONTINUOUS
100
AcDbLine
 10
5.3606891732283461
 20
-3.9658135433070867
 30
0
 11
5.3606891732283461
 21
-3.9705250393700786
 31
0
  0
LINE
  5
889
330
1F
100
AcDbEntity
  8
In1.Cu
  6
CONTINUOUS
100
AcDbLine
 10
5.3606891732283461
 20
-3.9705250393700786
 30
0
 11
5.3619085826771649
 21
-3.975076023622047
 31
0
  0
LINE
  5
88A
330
1F
100
AcDbEntity
  8
In1.Cu
  6
CONTINUOUS
100
AcDbLine
 10
5.3619085826771649
 20
-3.975076023622047
 30
0
 11
5.3642643307086617
 21
-3.9791562992125984
 31
0
  0
LINE
  5
88B
330
1F
100
AcDbEntity
  8
In1.Cu
  6
CONTINUOUS
100
AcDbLine
 10
5.3642643307086617
 20
-3.9791562992125984
 30
0
 11
5.3675958661417322
 21
-3.9824878346456694
 31
0
  0
LINE
  5
88C
330
1F
100
AcDbEntity
  8
In1.Cu
  6
CONTINUOUS
100
AcDbLine
 10
5.3675958661417322
 20
-3.9824878346456694
 30
0
 11
5.3716761417322836
 21
-3.9848435826771653
 31
0
  0
LINE
  5
88D
330
1F
100
AcDbEntity
  8
In1.Cu
  6
CONTINUOUS
100
AcDbLine
 10
5.3716761417322836
 20
-3.9848435826771653
 30
0
 11
5.3716762204724411
 21
-3.9848435826771653
 31
0
  0
LINE
  5
88E
330
1F
100
AcDbEntity
  8
In1.Cu
  6
CONTINUOUS
100
AcDbLine
 10
5.3716762204724411
 20
-3.9848435826771653
 30
0
 11
5.3719718897637794
 21
-3.9849661023622045
 31
0
  0
LINE
  5
88F
330
1F
100
AcDbEntity
  8
In1.Cu
  6
CONTINUOUS
100
AcDbLine
 10
5.3719718897637794
 20
-3.9849661023622045
 30
0
 11
5.3719241732283463
 21
-3.9850811811023621
 31
0
  0
LINE
  5
890
330
1F
100
AcDbEntity
  8
In1.Cu
  6
CONTINUOUS
100
AcDbLine
 10
5.3719241732283463
 20
-3.9850811811023621
 30
0
 11
5.3737718897637796
 21
-3.9862070472440942
 31
0
  0
LINE
  5
891
330
1F
100
AcDbEntity
  8
In1.Cu
  6
CONTINUOUS
100
AcDbLine
 10
5.3737718897637796
 20
-3.9862070472440942
 30
0
 11
5.37494811023622
 21
-3.9885390551181104
 31
0
  0
LINE
  5
892
330
1F
100
AcDbEntity
  8
In1.Cu
  6
CONTINUOUS
100
AcDbLine
 10
5.37494811023622
 20
-3.9885390551181104
 30
0
 11
5.3758169291338582
 21
-3.9929069685039371
 31
0
  0
LINE
  5
893
330
1F
100
AcDbEntity
  8
In1.Cu
  6
CONTINUOUS
100
AcDbLine
 10
5.3758169291338582
 20
-3.9929069685039371
 30
0
 11
5.3795798818897635
 21
-3.9957283464566928
 31
0
  0
LINE
  5
894
330
1F
100
AcDbEntity
  8
In1.Cu
  6
CONTINUOUS
100
AcDbLine
 10
5.3795798818897635
 20
-3.9957283464566928
 30
0
 11
5.3804114960629921
 21
-3.9957283464566928
 31
0
  0
LINE
  5
895
330
1F
100
AcDbEntity
  8
In1.Cu
  6
CONTINUOUS
100
AcDbLine
 10
5.3804114960629921
 20
-3.9957283464566928
 30
0
 11
5.3804114960629921
 21
-3.9957283070866141
 31
0
  0
LINE
  5
896
330
1F
100
AcDbEntity
  8
In1.Cu
  6
CONTINUOUS
100
AcDbLine
 10
5.3804114960629921
 20
-3.9957283070866141
 30
0
 11
5.3937887007874012
 21
-3.9823511023622045
 31
0
  0
LINE
  5
897
330
1F
100
AcDbEntity
  8
In1.Cu
  6
CONTINUOUS
100
AcDbLine
 10
5.3937887007874012
 20
-3.9823511023622045
 30
0
 11
5.3946763779527558
 21
-3.9814633858267716
 31
0
  0
LINE
  5
898
330
1F
100
AcDbEntity
  8
In1.Cu
  6
CONTINUOUS
100
AcDbLine
 10
5.3946763779527558
 20
-3.9814633858267716
 30
0
 11
5.395229960629921
 21
-3.979397440944882
 31
0
  0
LINE
  5
899
330
1F
100
AcDbEntity
  8
In1.Cu
  6
CONTINUOUS
100
AcDbLine
 10
5.395229960629921
 20
-3.979397440944882
 30
0
 11
5.396771614173228
 21
-3.9767272440944881
 31
0
  0
LINE
  5
89A
330
1F
100
AcDbEntity
  8
In1.Cu
  6
CONTINUOUS
100
AcDbLine
 10
5.396771614173228
 20
-3.9767272440944881
 30
0
 11
5.3989518503937006
 21
-3.9745470078740155
 31
0
  0
LINE
  5
89B
330
1F
100
AcDbEntity
  8
In1.Cu
  6
CONTINUOUS
100
AcDbLine
 10
5.3989518503937006
 20
-3.9745470078740155
 30
0
 11
5.4016220472440946
 21
-3.9730053543307084
 31
0
  0
LINE
  5
89C
330
1F
100
AcDbEntity
  8
In1.Cu
  6
CONTINUOUS
100
AcDbLine
 10
5.4016220472440946
 20
-3.9730053543307084
 30
0
 11
5.4036879921259837
 21
-3.9724517716535432
 31
0
  0
LINE
  5
89D
330
1F
100
AcDbEntity
  8
In1.Cu
  6
CONTINUOUS
100
AcDbLine
 10
5.4036879921259837
 20
-3.9724517716535432
 30
0
 11
5.4180851968503934
 21
-3.9580546062992124
 31
0
  0
LINE
  5
89E
330
1F
100
AcDbEntity
  8
In1.Cu
  6
CONTINUOUS
100
AcDbLine
 10
5.4180851968503934
 20
-3.9580546062992124
 30
0
 11
5.420405433070866
 21
-3.9557343700787402
 31
0
  0
LINE
  5
89F
330
1F
100
AcDbEntity
  8
In1.Cu
  6
CONTINUOUS
100
AcDbLine
 10
5.420405433070866
 20
-3.9557343700787402
 30
0
 11
5.4153289763779524
 21
-3.9536316141732284
 31
0
  0
LINE
  5
8A0
330
1F
100
AcDbEntity
  8
In1.Cu
  6
CONTINUOUS
100
AcDbLine
 10
5.4153289763779524
 20
-3.9536316141732284
 30
0
 11
5.4153286614173224
 21
-3.9536315354330709
 31
0
  0
LINE
  5
8A1
330
1F
100
AcDbEntity
  8
In1.Cu
  6
CONTINUOUS
100
AcDbLine
 10
5.4153286614173224
 20
-3.9536315354330709
 30
0
 11
5.4092441732283465
 21
-3.9524212598425197
 31
0
  0
LINE
  5
8A2
330
1F
100
AcDbEntity
  8
In1.Cu
  6
CONTINUOUS
100
AcDbLine
 10
5.4092441732283465
 20
-3.9524212598425197
 30
0
 11
5.4030398818897636
 21
-3.9524212598425197
 31
0
  0
LINE
  5
8A3
330
1F
100
AcDbEntity
  8
In1.Cu
  6
CONTINUOUS
100
AcDbLine
 10
5.4030398818897636
 20
-3.9524212598425197
 30
0
 11
5.3990481102362207
 21
-3.9532152362204722
 31
0
  0
LINE
  5
8A4
330
1F
100
AcDbEntity
  8
In1.Cu
  6
CONTINUOUS
100
AcDbLine
 10
5.3990481102362207
 20
-3.9532152362204722
 30
0
 11
5.3963083070866142
 21
-3.9529700000000001
 31
0
  0
LINE
  5
8A5
330
1F
100
AcDbEntity
  8
In1.Cu
  6
CONTINUOUS
100
AcDbLine
 10
5.3963083070866142
 20
-3.9529700000000001
 30
0
 11
5.3941359842519683
 21
-3.9512824803149607
 31
0
  0
LINE
  5
8A6
330
1F
100
AcDbEntity
  8
In1.Cu
  6
CONTINUOUS
100
AcDbLine
 10
5.3941359842519683
 20
-3.9512824803149607
 30
0
 11
5.393220866141732
 21
-3.9486883858267716
 31
0
  0
LINE
  5
8A7
330
1F
100
AcDbEntity
  8
In1.Cu
  6
CONTINUOUS
100
AcDbLine
 10
5.393220866141732
 20
-3.9486883858267716
 30
0
 11
5.3938534645669289
 21
-3.9460113385826769
 31
0
  0
LINE
  5
8A8
330
1F
100
AcDbEntity
  8
In1.Cu
  6
CONTINUOUS
100
AcDbLine
 10
5.3938534645669289
 20
-3.9460113385826769
 30
0
 11
5.3938616141732281
 21
-3.9459970472440946
 31
0
  0
LINE
  5
8A9
330
1F
100
AcDbEntity
  8
In1.Cu
  6
CONTINUOUS
100
AcDbLine
 10
5.3938616141732281
 20
-3.9459970472440946
 30
0
 11
5.3952571653543302
 21
-3.9435799606299211
 31
0
  0
LINE
  5
8AA
330
1F
100
AcDbEntity
  8
In1.Cu
  6
CONTINUOUS
100
AcDbLine
 10
5.3952571653543302
 20
-3.9435799606299211
 30
0
 11
5.3957552362204719
 21
-3.9417210236220472
 31
0
  0
LINE
  5
8AB
330
1F
100
AcDbEntity
  8
In1.Cu
  6
CONTINUOUS
100
AcDbLine
 10
5.3957552362204719
 20
-3.9417210236220472
 30
0
 11
5.3971868503937008
 21
-3.939372283464567
 31
0
  0
LINE
  5
8AC
330
1F
100
AcDbEntity
  8
In1.Cu
  6
CONTINUOUS
100
AcDbLine
 10
5.3971868503937008
 20
-3.939372283464567
 30
0
 11
5.399661102362205
 21
-3.93817031496063
 31
0
  0
LINE
  5
8AD
330
1F
100
AcDbEntity
  8
In1.Cu
  6
CONTINUOUS
100
AcDbLine
 10
5.399661102362205
 20
-3.93817031496063
 30
0
 11
5.4017340551181103
 21
-3.9382690157480313
 31
0
  0
LINE
  5
8AE
330
1F
100
AcDbEntity
  8
In1.Cu
  6
CONTINUOUS
100
AcDbLine
 10
5.4017340551181103
 20
-3.9382690157480313
 30
0
 11
5.4037861811023618
 21
-3.9388188976377951
 31
0
  0
LINE
  5
8AF
330
1F
100
AcDbEntity
  8
In1.Cu
  6
CONTINUOUS
100
AcDbLine
 10
5.4037861811023618
 20
-3.9388188976377951
 30
0
 11
5.403786299212598
 21
-3.9388188976377951
 31
0
  0
LINE
  5
8B0
330
1F
100
AcDbEntity
  8
In1.Cu
  6
CONTINUOUS
100
AcDbLine
 10
5.403786299212598
 20
-3.9388188976377951
 30
0
 11
5.4084975984251971
 21
-3.9388188976377951
 31
0
  0
LINE
  5
8B1
330
1F
100
AcDbEntity
  8
In1.Cu
  6
CONTINUOUS
100
AcDbLine
 10
5.4084975984251971
 20
-3.9388188976377951
 30
0
 11
5.4084976771653546
 21
-3.9388188976377951
 31
0
  0
LINE
  5
8B2
330
1F
100
AcDbEntity
  8
In1.Cu
  6
CONTINUOUS
100
AcDbLine
 10
5.4084976771653546
 20
-3.9388188976377951
 30
0
 11
5.4130486614173225
 21
-3.9375994881889764
 31
0
  0
LINE
  5
8B3
330
1F
100
AcDbEntity
  8
In1.Cu
  6
CONTINUOUS
100
AcDbLine
 10
5.4130486614173225
 20
-3.9375994881889764
 30
0
 11
5.4151244094488185
 21
-3.9364010629921258
 31
0
  0
LINE
  5
8B4
330
1F
100
AcDbEntity
  8
In1.Cu
  6
CONTINUOUS
100
AcDbLine
 10
5.4151244094488185
 20
-3.9364010629921258
 30
0
 11
5.4171289370078739
 21
-3.93524374015748
 31
0
  0
LINE
  5
8B5
330
1F
100
AcDbEntity
  8
In1.Cu
  6
CONTINUOUS
100
AcDbLine
 10
5.4171289370078739
 20
-3.93524374015748
 30
0
 11
5.4204604724409444
 21
-3.9319122047244095
 31
0
  0
LINE
  5
8B6
330
1F
100
AcDbEntity
  8
In1.Cu
  6
CONTINUOUS
100
AcDbLine
 10
5.4204604724409444
 20
-3.9319122047244095
 30
0
 11
5.4228162204724404
 21
-3.9278319291338581
 31
0
  0
LINE
  5
8B7
330
1F
100
AcDbEntity
  8
In1.Cu
  6
CONTINUOUS
100
AcDbLine
 10
5.4228162204724404
 20
-3.9278319291338581
 30
0
 11
5.42403562992126
 21
-3.9232809448818897
 31
0
  0
LINE
  5
8B8
330
1F
100
AcDbEntity
  8
In1.Cu
  6
CONTINUOUS
100
AcDbLine
 10
5.42403562992126
 20
-3.9232809448818897
 30
0
 11
5.42403562992126
 21
-3.9185694488188973
 31
0
  0
LINE
  5
8B9
330
1F
100
AcDbEntity
  8
In1.Cu
  6
CONTINUOUS
100
AcDbLine
 10
5.42403562992126
 20
-3.9185694488188973
 30
0
 11
5.4228162204724404
 21
-3.9140184645669289
 31
0
  0
LINE
  5
8BA
330
1F
100
AcDbEntity
  8
In1.Cu
  6
CONTINUOUS
100
AcDbLine
 10
5.4228162204724404
 20
-3.9140184645669289
 30
0
 11
5.4204604724409444
 21
-3.909938188976378
 31
0
  0
LINE
  5
8BB
330
1F
100
AcDbEntity
  8
In1.Cu
  6
CONTINUOUS
100
AcDbLine
 10
5.4204604724409444
 20
-3.909938188976378
 30
0
 11
5.4191514566929131
 21
-3.9086291732283462
 31
0
  0
LINE
  5
8BC
330
1F
100
AcDbEntity
  8
In1.Cu
  6
CONTINUOUS
100
AcDbLine
 10
5.4191514566929131
 20
-3.9086291732283462
 30
0
 11
5.4178331496062988
 21
-3.9062148818897637
 31
0
  0
LINE
  5
8BD
330
1F
100
AcDbEntity
  8
In1.Cu
  6
CONTINUOUS
100
AcDbLine
 10
5.4178331496062988
 20
-3.9062148818897637
 30
0
 11
5.4180293700787399
 21
-3.9034711023622046
 31
0
  0
LINE
  5
8BE
330
1F
100
AcDbEntity
  8
In1.Cu
  6
CONTINUOUS
100
AcDbLine
 10
5.4180293700787399
 20
-3.9034711023622046
 30
0
 11
5.4191514566929131
 21
-3.9017251574803149
 31
0
  0
LINE
  5
8BF
330
1F
100
AcDbEntity
  8
In1.Cu
  6
CONTINUOUS
100
AcDbLine
 10
5.4191514566929131
 20
-3.9017251574803149
 30
0
 11
5.4204604724409444
 21
-3.9004161417322836
 31
0
  0
LINE
  5
8C0
330
1F
100
AcDbEntity
  8
In1.Cu
  6
CONTINUOUS
100
AcDbLine
 10
5.4204604724409444
 20
-3.9004161417322836
 30
0
 11
5.4228162204724404
 21
-3.8963358661417322
 31
0
  0
LINE
  5
8C1
330
1F
100
AcDbEntity
  8
In1.Cu
  6
CONTINUOUS
100
AcDbLine
 10
5.4228162204724404
 20
-3.8963358661417322
 30
0
 11
5.42403562992126
 21
-3.8917848818897638
 31
0
  0
LINE
  5
8C2
330
1F
100
AcDbEntity
  8
In1.Cu
  6
CONTINUOUS
100
AcDbLine
 10
5.42403562992126
 20
-3.8917848818897638
 30
0
 11
5.42403562992126
 21
-3.8870733858267714
 31
0
  0
LINE
  5
8C3
330
1F
100
AcDbEntity
  8
In1.Cu
  6
CONTINUOUS
100
AcDbLine
 10
5.42403562992126
 20
-3.8870733858267714
 30
0
 11
5.4228162204724404
 21
-3.882522401574803
 31
0
  0
LINE
  5
8C4
330
1F
100
AcDbEntity
  8
In1.Cu
  6
CONTINUOUS
100
AcDbLine
 10
5.4228162204724404
 20
-3.882522401574803
 30
0
 11
5.4204604724409444
 21
-3.8784421259842521
 31
0
  0
LINE
  5
8C5
330
1F
100
AcDbEntity
  8
In1.Cu
  6
CONTINUOUS
100
AcDbLine
 10
5.4204604724409444
 20
-3.8784421259842521
 30
0
 11
5.4191514566929131
 21
-3.8771331102362203
 31
0
  0
LINE
  5
8C6
330
1F
100
AcDbEntity
  8
In1.Cu
  6
CONTINUOUS
100
AcDbLine
 10
5.4191514566929131
 20
-3.8771331102362203
 30
0
 11
5.4178331496062988
 21
-3.8747188188976378
 31
0
  0
LINE
  5
8C7
330
1F
100
AcDbEntity
  8
In1.Cu
  6
CONTINUOUS
100
AcDbLine
 10
5.4178331496062988
 20
-3.8747188188976378
 30
0
 11
5.4180293700787399
 21
-3.8719750393700787
 31
0
  0
LINE
  5
8C8
330
1F
100
AcDbEntity
  8
In1.Cu
  6
CONTINUOUS
100
AcDbLine
 10
5.4180293700787399
 20
-3.8719750393700787
 30
0
 11
5.4191514566929131
 21
-3.870229094488189
 31
0
  0
LINE
  5
8C9
330
1F
100
AcDbEntity
  8
In1.Cu
  6
CONTINUOUS
100
AcDbLine
 10
5.4191514566929131
 20
-3.870229094488189
 30
0
 11
5.4204604724409444
 21
-3.8689200787401572
 31
0
  0
LINE
  5
8CA
330
1F
100
AcDbEntity
  8
In1.Cu
  6
CONTINUOUS
100
AcDbLine
 10
5.4204604724409444
 20
-3.8689200787401572
 30
0
 11
5.4228162204724404
 21
-3.8648398031496063
 31
0
  0
LINE
  5
8CB
330
1F
100
AcDbEntity
  8
In1.Cu
  6
CONTINUOUS
100
AcDbLine
 10
5.4228162204724404
 20
-3.8648398031496063
 30
0
 11
5.42403562992126
 21
-3.8602888188976379
 31
0
  0
LINE
  5
8CC
330
1F
100
AcDbEntity
  8
In1.Cu
  6
CONTINUOUS
100
AcDbLine
 10
5.42403562992126
 20
-3.8602888188976379
 30
0
 11
5.42403562992126
 21
-3.8556924015748031
 31
0
  0
LINE
  5
8CD
330
1F
100
AcDbEntity
  8
In1.Cu
  6
CONTINUOUS
100
AcDbLine
 10
5.42403562992126
 20
-3.8556924015748031
 30
0
 11
5.42403562992126
 21
-3.8555773228346455
 31
0
  0
LINE
  5
8CE
330
1F
100
AcDbEntity
  8
In1.Cu
  6
CONTINUOUS
100
AcDbLine
 10
5.42403562992126
 20
-3.8555773228346455
 30
0
 11
5.4228162204724404
 21
-3.8510263385826771
 31
0
  0
LINE
  5
8CF
330
1F
100
AcDbEntity
  8
In1.Cu
  6
CONTINUOUS
100
AcDbLine
 10
5.4228162204724404
 20
-3.8510263385826771
 30
0
 11
5.4204604724409444
 21
-3.8469460629921257
 31
0
  0
LINE
  5
8D0
330
1F
100
AcDbEntity
  8
In1.Cu
  6
CONTINUOUS
100
AcDbLine
 10
5.4204604724409444
 20
-3.8469460629921257
 30
0
 11
5.4191514566929131
 21
-3.8456370472440944
 31
0
  0
LINE
  5
8D1
330
1F
100
AcDbEntity
  8
In1.Cu
  6
CONTINUOUS
100
AcDbLine
 10
5.4191514566929131
 20
-3.8456370472440944
 30
0
 11
5.4178331496062988
 21
-3.8432227559055119
 31
0
  0
LINE
  5
8D2
330
1F
100
AcDbEntity
  8
In1.Cu
  6
CONTINUOUS
100
AcDbLine
 10
5.4178331496062988
 20
-3.8432227559055119
 30
0
 11
5.4180293700787399
 21
-3.8404789763779528
 31
0
  0
LINE
  5
8D3
330
1F
100
AcDbEntity
  8
In1.Cu
  6
CONTINUOUS
100
AcDbLine
 10
5.4180293700787399
 20
-3.8404789763779528
 30
0
 11
5.4191514566929131
 21
-3.838733031496063
 31
0
  0
LINE
  5
8D4
330
1F
100
AcDbEntity
  8
In1.Cu
  6
CONTINUOUS
100
AcDbLine
 10
5.4191514566929131
 20
-3.838733031496063
 30
0
 11
5.4204604724409444
 21
-3.8374240157480313
 31
0
  0
LINE
  5
8D5
330
1F
100
AcDbEntity
  8
In1.Cu
  6
CONTINUOUS
100
AcDbLine
 10
5.4204604724409444
 20
-3.8374240157480313
 30
0
 11
5.4228162204724404
 21
-3.8333437401574804
 31
0
  0
LINE
  5
8D6
330
1F
100
AcDbEntity
  8
In1.Cu
  6
CONTINUOUS
100
AcDbLine
 10
5.4228162204724404
 20
-3.8333437401574804
 30
0
 11
5.4231574015748034
 21
-3.8320703543307086
 31
0
  0
LINE
  5
8D7
330
1F
100
AcDbEntity
  8
In1.Cu
  6
CONTINUOUS
100
AcDbLine
 10
5.4231574015748034
 20
-3.8320703543307086
 30
0
 11
5.42403562992126
 21
-3.8287927559055119
 31
0
  0
LINE
  5
8D8
330
1F
100
AcDbEntity
  8
In1.Cu
  6
CONTINUOUS
100
AcDbLine
 10
5.42403562992126
 20
-3.8287927559055119
 30
0
 11
5.42403562992126
 21
-3.8240812598425196
 31
0
  0
LINE
  5
8D9
330
1F
100
AcDbEntity
  8
In1.Cu
  6
CONTINUOUS
100
AcDbLine
 10
5.42403562992126
 20
-3.8240812598425196
 30
0
 11
5.4228162204724404
 21
-3.8195302755905511
 31
0
  0
LINE
  5
8DA
330
1F
100
AcDbEntity
  8
In1.Cu
  6
CONTINUOUS
100
AcDbLine
 10
5.4228162204724404
 20
-3.8195302755905511
 30
0
 11
5.4204604724409444
 21
-3.8154499999999998
 31
0
  0
LINE
  5
8DB
330
1F
100
AcDbEntity
  8
In1.Cu
  6
CONTINUOUS
100
AcDbLine
 10
5.4204604724409444
 20
-3.8154499999999998
 30
0
 11
5.4171289370078739
 21
-3.8121184645669293
 31
0
  0
LINE
  5
8DC
330
1F
100
AcDbEntity
  8
In1.Cu
  6
CONTINUOUS
100
AcDbLine
 10
5.4171289370078739
 20
-3.8121184645669293
 30
0
 11
5.4130486614173225
 21
-3.8097627165354329
 31
0
  0
LINE
  5
8DD
330
1F
100
AcDbEntity
  8
In1.Cu
  6
CONTINUOUS
100
AcDbLine
 10
5.4130486614173225
 20
-3.8097627165354329
 30
0
 11
5.4084976771653546
 21
-3.8085433070866141
 31
0
  0
LINE
  5
8DE
330
1F
100
AcDbEntity
  8
In1.Cu
  6
CONTINUOUS
100
AcDbLine
 10
5.4084976771653546
 20
-3.8085433070866141
 30
0
 11
5.4037861811023618
 21
-3.8085433070866141
 31
0
  0
LINE
  5
8DF
330
1F
100
AcDbEntity
  8
In1.Cu
  6
CONTINUOUS
100
AcDbLine
 10
5.4037861811023618
 20
-3.8085433070866141
 30
0
 11
5.4037861023622042
 21
-3.8085433070866141
 31
0
  0
LINE
  5
8E0
330
1F
100
AcDbEntity
  8
In1.Cu
  6
CONTINUOUS
100
AcDbLine
 10
5.4037861023622042
 20
-3.8085433070866141
 30
0
 11
5.4017342125984253
 21
-3.8090931102362204
 31
0
  0
LINE
  5
8E1
330
1F
100
AcDbEntity
  8
In1.Cu
  6
CONTINUOUS
100
AcDbLine
 10
5.4017342125984253
 20
-3.8090931102362204
 30
0
 11
5.3989842125984246
 21
-3.8090276377952756
 31
0
  0
LINE
  5
8E2
330
1F
100
AcDbEntity
  8
In1.Cu
  6
CONTINUOUS
100
AcDbLine
 10
5.3989842125984246
 20
-3.8090276377952756
 30
0
 11
5.3967061811023624
 21
-3.8074857874015748
 31
0
  0
LINE
  5
8E3
330
1F
100
AcDbEntity
  8
In1.Cu
  6
CONTINUOUS
100
AcDbLine
 10
5.3967061811023624
 20
-3.8074857874015748
 30
0
 11
5.3959963385826768
 21
-3.8063301181102362
 31
0
  0
LINE
  5
8E4
330
1F
100
AcDbEntity
  8
In1.Cu
  6
CONTINUOUS
100
AcDbLine
 10
5.3959963385826768
 20
-3.8063301181102362
 30
0
 11
5.3958499606299215
 21
-3.8059947244094485
 31
0
  0
LINE
  5
8E5
330
1F
100
AcDbEntity
  8
In1.Cu
  6
CONTINUOUS
100
AcDbLine
 10
5.3958499606299215
 20
-3.8059947244094485
 30
0
 11
5.3952571653543302
 21
-3.8037822440944882
 31
0
  0
LINE
  5
8E6
330
1F
100
AcDbEntity
  8
In1.Cu
  6
CONTINUOUS
100
AcDbLine
 10
5.3952571653543302
 20
-3.8037822440944882
 30
0
 11
5.393730905511811
 21
-3.8011386614173226
 31
0
  0
LINE
  5
8E7
330
1F
100
AcDbEntity
  8
In1.Cu
  6
CONTINUOUS
100
AcDbLine
 10
5.393730905511811
 20
-3.8011386614173226
 30
0
 11
5.393621338582677
 21
-3.8008875984251969
 31
0
  0
LINE
  5
8E8
330
1F
100
AcDbEntity
  8
In1.Cu
  6
CONTINUOUS
100
AcDbLine
 10
5.393621338582677
 20
-3.8008875984251969
 30
0
 11
5.3935816929133855
 21
-3.8005742913385827
 31
0
  0
LINE
  5
8E9
330
1F
100
AcDbEntity
  8
In1.Cu
  6
CONTINUOUS
100
AcDbLine
 10
5.3935816929133855
 20
-3.8005742913385827
 30
0
 11
5.3934816141732282
 21
-3.7997837795275591
 31
0
  0
LINE
  5
8EA
330
1F
100
AcDbEntity
  8
In1.Cu
  6
CONTINUOUS
100
AcDbLine
 10
5.3934816141732282
 20
-3.7997837795275591
 30
0
 11
5.3932194094488191
 21
-3.7987027165354328
 31
0
  0
LINE
  5
8EB
330
1F
100
AcDbEntity
  8
In1.Cu
  6
CONTINUOUS
100
AcDbLine
 10
5.3932194094488191
 20
-3.7987027165354328
 30
0
 11
5.3933112204724409
 21
-3.7984373228346455
 31
0
  0
LINE
  5
8EC
330
1F
100
AcDbEntity
  8
In1.Cu
  6
CONTINUOUS
100
AcDbLine
 10
5.3933112204724409
 20
-3.7984373228346455
 30
0
 11
5.393275984251968
 21
-3.7981585826771651
 31
0
  0
LINE
  5
8ED
330
1F
100
AcDbEntity
  8
In1.Cu
  6
CONTINUOUS
100
AcDbLine
 10
5.393275984251968
 20
-3.7981585826771651
 30
0
 11
5.3937552362204721
 21
-3.7971544094488188
 31
0
  0
LINE
  5
8EE
330
1F
100
AcDbEntity
  8
In1.Cu
  6
CONTINUOUS
100
AcDbLine
 10
5.3937552362204721
 20
-3.7971544094488188
 30
0
 11
5.3941190944881887
 21
-3.7961032283464564
 31
0
  0
LINE
  5
8EF
330
1F
100
AcDbEntity
  8
In1.Cu
  6
CONTINUOUS
100
AcDbLine
 10
5.3941190944881887
 20
-3.7961032283464564
 30
0
 11
5.3943398818897634
 21
-3.795929566929134
 31
0
  0
LINE
  5
8F0
330
1F
100
AcDbEntity
  8
In1.Cu
  6
CONTINUOUS
100
AcDbLine
 10
5.3943398818897634
 20
-3.795929566929134
 30
0
 11
5.3944609055118109
 21
-3.795676062992126
 31
0
  0
LINE
  5
8F1
330
1F
100
AcDbEntity
  8
In1.Cu
  6
CONTINUOUS
100
AcDbLine
 10
5.3944609055118109
 20
-3.795676062992126
 30
0
 11
5.3954068897637795
 21
-3.7950904724409447
 31
0
  0
LINE
  5
8F2
330
1F
100
AcDbEntity
  8
In1.Cu
  6
CONTINUOUS
100
AcDbLine
 10
5.3954068897637795
 20
-3.7950904724409447
 30
0
 11
5.3962813779527554
 21
-3.7944028346456693
 31
0
  0
LINE
  5
8F3
330
1F
100
AcDbEntity
  8
In1.Cu
  6
CONTINUOUS
100
AcDbLine
 10
5.3962813779527554
 20
-3.7944028346456693
 30
0
 11
5.396560984251968
 21
-3.7943761023622047
 31
0
  0
LINE
  5
8F4
330
1F
100
AcDbEntity
  8
In1.Cu
  6
CONTINUOUS
100
AcDbLine
 10
5.396560984251968
 20
-3.7943761023622047
 30
0
 11
5.3967998425196848
 21
-3.7942283070866143
 31
0
  0
LINE
  5
8F5
330
1F
100
AcDbEntity
  8
In1.Cu
  6
CONTINUOUS
100
AcDbLine
 10
5.3967998425196848
 20
-3.7942283070866143
 30
0
 11
5.3979121259842522
 21
-3.7942471259842518
 31
0
  0
LINE
  5
8F6
330
1F
100
AcDbEntity
  8
In1.Cu
  6
CONTINUOUS
100
AcDbLine
 10
5.3979121259842522
 20
-3.7942471259842518
 30
0
 11
5.3990196850393701
 21
-3.794141377952756
 31
0
  0
LINE
  5
8F7
330
1F
100
AcDbEntity
  8
In1.Cu
  6
CONTINUOUS
100
AcDbLine
 10
5.3990196850393701
 20
-3.794141377952756
 30
0
 11
5.3990481496062994
 21
-3.7941469685039371
 31
0
  0
LINE
  5
8F8
330
1F
100
AcDbEntity
  8
In1.Cu
  6
CONTINUOUS
100
AcDbLine
 10
5.3990481496062994
 20
-3.7941469685039371
 30
0
 11
5.4030396850393698
 21
-3.7949409055118108
 31
0
  0
LINE
  5
8F9
330
1F
100
AcDbEntity
  8
In1.Cu
  6
CONTINUOUS
100
AcDbLine
 10
5.4030396850393698
 20
-3.7949409055118108
 30
0
 11
5.4030398031496061
 21
-3.7949409448818896
 31
0
  0
LINE
  5
8FA
330
1F
100
AcDbEntity
  8
In1.Cu
  6
CONTINUOUS
100
AcDbLine
 10
5.4030398031496061
 20
-3.7949409448818896
 30
0
 11
5.4092440551181102
 21
-3.7949409448818896
 31
0
  0
LINE
  5
8FB
330
1F
100
AcDbEntity
  8
In1.Cu
  6
CONTINUOUS
100
AcDbLine
 10
5.4092440551181102
 20
-3.7949409448818896
 30
0
 11
5.4092441732283465
 21
-3.7949409055118108
 31
0
  0
LINE
  5
8FC
330
1F
100
AcDbEntity
  8
In1.Cu
  6
CONTINUOUS
100
AcDbLine
 10
5.4092441732283465
 20
-3.7949409055118108
 30
0
 11
5.4153286614173224
 21
-3.7937306299212596
 31
0
  0
LINE
  5
8FD
330
1F
100
AcDbEntity
  8
In1.Cu
  6
CONTINUOUS
100
AcDbLine
 10
5.4153286614173224
 20
-3.7937306299212596
 30
0
 11
5.4153288188976374
 21
-3.7937305905511809
 31
0
  0
LINE
  5
8FE
330
1F
100
AcDbEntity
  8
In1.Cu
  6
CONTINUOUS
100
AcDbLine
 10
5.4153288188976374
 20
-3.7937305905511809
 30
0
 11
5.420405433070866
 21
-3.7916277559055116
 31
0
  0
LINE
  5
8FF
330
1F
100
AcDbEntity
  8
In1.Cu
  6
CONTINUOUS
100
AcDbLine
 10
5.420405433070866
 20
-3.7916277559055116
 30
0
 11
5.4136038976377954
 21
-3.7848262598425197
 31
0
  0
LINE
  5
900
330
1F
100
AcDbEntity
  8
In1.Cu
  6
CONTINUOUS
100
AcDbLine
 10
5.4136038976377954
 20
-3.7848262598425197
 30
0
 11
5.4036879921259837
 21
-3.7749103937007873
 31
0
  0
LINE
  5
901
330
1F
100
AcDbEntity
  8
In1.Cu
  6
CONTINUOUS
100
AcDbLine
 10
5.4036879921259837
 20
-3.7749103937007873
 30
0
 11
5.4016220472440946
 21
-3.7743568503937008
 31
0
  0
LINE
  5
902
330
1F
100
AcDbEntity
  8
In1.Cu
  6
CONTINUOUS
100
AcDbLine
 10
5.4016220472440946
 20
-3.7743568503937008
 30
0
 11
5.3989518503937006
 21
-3.7728151968503938
 31
0
  0
LINE
  5
903
330
1F
100
AcDbEntity
  8
In1.Cu
  6
CONTINUOUS
100
AcDbLine
 10
5.3989518503937006
 20
-3.7728151968503938
 30
0
 11
5.396771614173228
 21
-3.7706349606299212
 31
0
  0
LINE
  5
904
330
1F
100
AcDbEntity
  8
In1.Cu
  6
CONTINUOUS
100
AcDbLine
 10
5.396771614173228
 20
-3.7706349606299212
 30
0
 11
5.395229960629921
 21
-3.7679647637795273
 31
0
  0
LINE
  5
905
330
1F
100
AcDbEntity
  8
In1.Cu
  6
CONTINUOUS
100
AcDbLine
 10
5.395229960629921
 20
-3.7679647637795273
 30
0
 11
5.3946763779527558
 21
-3.7658987795275589
 31
0
  0
LINE
  5
906
330
1F
100
AcDbEntity
  8
In1.Cu
  6
CONTINUOUS
100
AcDbLine
 10
5.3946763779527558
 20
-3.7658987795275589
 30
0
 11
5.3906562598425198
 21
-3.761878661417323
 31
0
  0
LINE
  5
907
330
1F
100
AcDbEntity
  8
In1.Cu
  6
CONTINUOUS
100
AcDbLine
 10
5.3906562598425198
 20
-3.761878661417323
 30
0
 11
5.3804114960629921
 21
-3.7516338582677164
 31
0
  0
LINE
  5
908
330
1F
100
AcDbEntity
  8
In1.Cu
  6
CONTINUOUS
100
AcDbLine
 10
5.3804114960629921
 20
-3.7516338582677164
 30
0
 11
5.3795798818897635
 21
-3.7516338582677164
 31
0
  0
LINE
  5
909
330
1F
100
AcDbEntity
  8
In1.Cu
  6
CONTINUOUS
100
AcDbLine
 10
5.3795798818897635
 20
-3.7516338582677164
 30
0
 11
5.3758169291338582
 21
-3.7544551968503934
 31
0
  0
LINE
  5
90A
330
1F
100
AcDbEntity
  8
In1.Cu
  6
CONTINUOUS
100
AcDbLine
 10
5.3758169291338582
 20
-3.7544551968503934
 30
0
 11
5.37494811023622
 21
-3.7588231496062989
 31
0
  0
LINE
  5
90B
330
1F
100
AcDbEntity
  8
In1.Cu
  6
CONTINUOUS
100
AcDbLine
 10
5.37494811023622
 20
-3.7588231496062989
 30
0
 11
5.3736731102362203
 21
-3.7612605905511809
 31
0
  0
LINE
  5
90C
330
1F
100
AcDbEntity
  8
In1.Cu
  6
CONTINUOUS
100
AcDbLine
 10
5.3736731102362203
 20
-3.7612605905511809
 30
0
 11
5.3719274409448818
 21
-3.7622897244094489
 31
0
  0
LINE
  5
90D
330
1F
100
AcDbEntity
  8
In1.Cu
  6
CONTINUOUS
100
AcDbLine
 10
5.3719274409448818
 20
-3.7622897244094489
 30
0
 11
5.3719715748031494
 21
-3.7623962598425198
 31
0
  0
LINE
  5
90E
330
1F
100
AcDbEntity
  8
In1.Cu
  6
CONTINUOUS
100
AcDbLine
 10
5.3719715748031494
 20
-3.7623962598425198
 30
0
 11
5.3716759842519686
 21
-3.7625186614173227
 31
0
  0
LINE
  5
90F
330
1F
100
AcDbEntity
  8
In1.Cu
  6
CONTINUOUS
100
AcDbLine
 10
5.3716759842519686
 20
-3.7625186614173227
 30
0
 11
5.3675959842519685
 21
-3.7648742519685037
 31
0
  0
LINE
  5
910
330
1F
100
AcDbEntity
  8
In1.Cu
  6
CONTINUOUS
100
AcDbLine
 10
5.3675959842519685
 20
-3.7648742519685037
 30
0
 11
5.367595748031496
 21
-3.7648744488188974
 31
0
  0
LINE
  5
911
330
1F
100
AcDbEntity
  8
In1.Cu
  6
CONTINUOUS
100
AcDbLine
 10
5.367595748031496
 20
-3.7648744488188974
 30
0
 11
5.3642644094488192
 21
-3.7682057874015746
 31
0
  0
LINE
  5
912
330
1F
100
AcDbEntity
  8
In1.Cu
  6
CONTINUOUS
100
AcDbLine
 10
5.3642644094488192
 20
-3.7682057874015746
 30
0
 11
5.3642642519685042
 21
-3.7682060236220472
 31
0
  0
LINE
  5
913
330
1F
100
AcDbEntity
  8
In1.Cu
  6
CONTINUOUS
100
AcDbLine
 10
5.3642642519685042
 20
-3.7682060236220472
 30
0
 11
5.3619086220472436
 21
-3.772286062992126
 31
0
  0
LINE
  5
914
330
1F
100
AcDbEntity
  8
In1.Cu
  6
CONTINUOUS
100
AcDbLine
 10
5.3619086220472436
 20
-3.772286062992126
 30
0
 11
5.3619085826771649
 21
-3.7722861811023622
 31
0
  0
LINE
  5
915
330
1F
100
AcDbEntity
  8
In1.Cu
  6
CONTINUOUS
100
AcDbLine
 10
5.3619085826771649
 20
-3.7722861811023622
 30
0
 11
5.3606891732283461
 21
-3.7768371653543307
 31
0
  0
LINE
  5
916
330
1F
100
AcDbEntity
  8
In1.Cu
  6
CONTINUOUS
100
AcDbLine
 10
5.3606891732283461
 20
-3.7768371653543307
 30
0
 11
5.3606891732283461
 21
-3.7815486220472438
 31
0
  0
LINE
  5
917
330
1F
100
AcDbEntity
  8
In1.Cu
  6
CONTINUOUS
100
AcDbLine
 10
6.0297521653543305
 20
-3.970409960629921
 30
0
 11
6.0298421259842518
 21
-3.9707456299212596
 31
0
  0
LINE
  5
918
330
1F
100
AcDbEntity
  8
In1.Cu
  6
CONTINUOUS
100
AcDbLine
 10
6.0298421259842518
 20
-3.9707456299212596
 30
0
 11
6.0309120472440947
 21
-3.9747386614173226
 31
0
  0
LINE
  5
919
330
1F
100
AcDbEntity
  8
In1.Cu
  6
CONTINUOUS
100
AcDbLine
 10
6.0309120472440947
 20
-3.9747386614173226
 30
0
 11
6.0309121653543309
 21
-3.9747388582677163
 31
0
  0
LINE
  5
91A
330
1F
100
AcDbEntity
  8
In1.Cu
  6
CONTINUOUS
100
AcDbLine
 10
6.0309121653543309
 20
-3.9747388582677163
 30
0
 11
6.0331525196850393
 21
-3.9786193307086615
 31
0
  0
LINE
  5
91B
330
1F
100
AcDbEntity
  8
In1.Cu
  6
CONTINUOUS
100
AcDbLine
 10
6.0331525196850393
 20
-3.9786193307086615
 30
0
 11
6.0331526771653543
 21
-3.9786195275590552
 31
0
  0
LINE
  5
91C
330
1F
100
AcDbEntity
  8
In1.Cu
  6
CONTINUOUS
100
AcDbLine
 10
6.0331526771653543
 20
-3.9786195275590552
 30
0
 11
6.0331527165354331
 21
-3.9786196062992123
 31
0
  0
LINE
  5
91D
330
1F
100
AcDbEntity
  8
In1.Cu
  6
CONTINUOUS
100
AcDbLine
 10
6.0331527165354331
 20
-3.9786196062992123
 30
0
 11
6.0363215354330704
 21
-3.9817884251968505
 31
0
  0
LINE
  5
91E
330
1F
100
AcDbEntity
  8
In1.Cu
  6
CONTINUOUS
100
AcDbLine
 10
6.0363215354330704
 20
-3.9817884251968505
 30
0
 11
6.0363216141732279
 21
-3.9817884645669293
 31
0
  0
LINE
  5
91F
330
1F
100
AcDbEntity
  8
In1.Cu
  6
CONTINUOUS
100
AcDbLine
 10
6.0363216141732279
 20
-3.9817884645669293
 30
0
 11
6.0363217716535429
 21
-3.9817885826771651
 31
0
  0
LINE
  5
920
330
1F
100
AcDbEntity
  8
In1.Cu
  6
CONTINUOUS
100
AcDbLine
 10
6.0363217716535429
 20
-3.9817885826771651
 30
0
 11
6.0402022440944885
 21
-3.9840289370078739
 31
0
  0
LINE
  5
921
330
1F
100
AcDbEntity
  8
In1.Cu
  6
CONTINUOUS
100
AcDbLine
 10
6.0402022440944885
 20
-3.9840289370078739
 30
0
 11
6.0402025196850389
 21
-3.9840290944881889
 31
0
  0
LINE
  5
922
330
1F
100
AcDbEntity
  8
In1.Cu
  6
CONTINUOUS
100
AcDbLine
 10
6.0402025196850389
 20
-3.9840290944881889
 30
0
 11
6.0445311811023616
 21
-3.9851889763779527
 31
0
  0
LINE
  5
923
330
1F
100
AcDbEntity
  8
In1.Cu
  6
CONTINUOUS
100
AcDbLine
 10
6.0445311811023616
 20
-3.9851889763779527
 30
0
 11
6.0445312598425192
 21
-3.9851889763779527
 31
0
  0
LINE
  5
924
330
1F
100
AcDbEntity
  8
In1.Cu
  6
CONTINUOUS
100
AcDbLine
 10
6.0445312598425192
 20
-3.9851889763779527
 30
0
 11
6.0490124409448818
 21
-3.9851889763779527
 31
0
  0
LINE
  5
925
330
1F
100
AcDbEntity
  8
In1.Cu
  6
CONTINUOUS
100
AcDbLine
 10
6.0490124409448818
 20
-3.9851889763779527
 30
0
 11
6.0490125196850393
 21
-3.9851889763779527
 31
0
  0
LINE
  5
926
330
1F
100
AcDbEntity
  8
In1.Cu
  6
CONTINUOUS
100
AcDbLine
 10
6.0490125196850393
 20
-3.9851889763779527
 30
0
 11
6.0533411811023621
 21
-3.9840290944881889
 31
0
  0
LINE
  5
927
330
1F
100
AcDbEntity
  8
In1.Cu
  6
CONTINUOUS
100
AcDbLine
 10
6.0533411811023621
 20
-3.9840290944881889
 30
0
 11
6.0572221653543306
 21
-3.9817884251968505
 31
0
  0
LINE
  5
928
330
1F
100
AcDbEntity
  8
In1.Cu
  6
CONTINUOUS
100
AcDbLine
 10
6.0572221653543306
 20
-3.9817884251968505
 30
0
 11
6.0603909842519688
 21
-3.9786196062992123
 31
0
  0
LINE
  5
929
330
1F
100
AcDbEntity
  8
In1.Cu
  6
CONTINUOUS
100
AcDbLine
 10
6.0603909842519688
 20
-3.9786196062992123
 30
0
 11
6.0626316535433071
 21
-3.9747386220472438
 31
0
  0
LINE
  5
92A
330
1F
100
AcDbEntity
  8
In1.Cu
  6
CONTINUOUS
100
AcDbLine
 10
6.0626316535433071
 20
-3.9747386220472438
 30
0
 11
6.0637915354330705
 21
-3.970409960629921
 31
0
  0
LINE
  5
92B
330
1F
100
AcDbEntity
  8
In1.Cu
  6
CONTINUOUS
100
AcDbLine
 10
6.0637915354330705
 20
-3.970409960629921
 30
0
 11
6.0637915354330705
 21
-3.9659286220472438
 31
0
  0
LINE
  5
92C
330
1F
100
AcDbEntity
  8
In1.Cu
  6
CONTINUOUS
100
AcDbLine
 10
6.0637915354330705
 20
-3.9659286220472438
 30
0
 11
6.0626316535433071
 21
-3.961599960629921
 31
0
  0
LINE
  5
92D
330
1F
100
AcDbEntity
  8
In1.Cu
  6
CONTINUOUS
100
AcDbLine
 10
6.0626316535433071
 20
-3.961599960629921
 30
0
 11
6.0618092125984253
 21
-3.9601754330708658
 31
0
  0
LINE
  5
92E
330
1F
100
AcDbEntity
  8
In1.Cu
  6
CONTINUOUS
100
AcDbLine
 10
6.0618092125984253
 20
-3.9601754330708658
 30
0
 11
6.0605847637795272
 21
-3.9580546062992124
 31
0
  0
LINE
  5
92F
330
1F
100
AcDbEntity
  8
In1.Cu
  6
CONTINUOUS
100
AcDbLine
 10
6.0605847637795272
 20
-3.9580546062992124
 30
0
 11
6.0603910629921263
 21
-3.9577190944881888
 31
0
  0
LINE
  5
930
330
1F
100
AcDbEntity
  8
In1.Cu
  6
CONTINUOUS
100
AcDbLine
 10
6.0603910629921263
 20
-3.9577190944881888
 30
0
 11
6.0603909055118113
 21
-3.9577188976377951
 31
0
  0
LINE
  5
931
330
1F
100
AcDbEntity
  8
In1.Cu
  6
CONTINUOUS
100
AcDbLine
 10
6.0603909055118113
 20
-3.9577188976377951
 30
0
 11
6.0572222047244093
 21
-3.9545501968503936
 31
0
  0
LINE
  5
932
330
1F
100
AcDbEntity
  8
In1.Cu
  6
CONTINUOUS
100
AcDbLine
 10
6.0572222047244093
 20
-3.9545501968503936
 30
0
 11
6.0572218897637793
 21
-3.954549960629921
 31
0
  0
LINE
  5
933
330
1F
100
AcDbEntity
  8
In1.Cu
  6
CONTINUOUS
100
AcDbLine
 10
6.0572218897637793
 20
-3.954549960629921
 30
0
 11
6.0533414173228346
 21
-3.9523096062992127
 31
0
  0
LINE
  5
934
330
1F
100
AcDbEntity
  8
In1.Cu
  6
CONTINUOUS
100
AcDbLine
 10
6.0533414173228346
 20
-3.9523096062992127
 30
0
 11
6.0533412204724408
 21
-3.9523094881889764
 31
0
  0
LINE
  5
935
330
1F
100
AcDbEntity
  8
In1.Cu
  6
CONTINUOUS
100
AcDbLine
 10
6.0533412204724408
 20
-3.9523094881889764
 30
0
 11
6.0518982677165356
 21
-3.9519228346456692
 31
0
  0
LINE
  5
936
330
1F
100
AcDbEntity
  8
In1.Cu
  6
CONTINUOUS
100
AcDbLine
 10
6.0518982677165356
 20
-3.9519228346456692
 30
0
 11
6.0490125196850393
 21
-3.9511496062992126
 31
0
  0
LINE
  5
937
330
1F
100
AcDbEntity
  8
In1.Cu
  6
CONTINUOUS
100
AcDbLine
 10
6.0490125196850393
 20
-3.9511496062992126
 30
0
 11
6.0445311811023616
 21
-3.9511496062992126
 31
0
  0
LINE
  5
938
330
1F
100
AcDbEntity
  8
In1.Cu
  6
CONTINUOUS
100
AcDbLine
 10
6.0445311811023616
 20
-3.9511496062992126
 30
0
 11
6.0423668503937007
 21
-3.9517295275590549
 31
0
  0
LINE
  5
939
330
1F
100
AcDbEntity
  8
In1.Cu
  6
CONTINUOUS
100
AcDbLine
 10
6.0423668503937007
 20
-3.9517295275590549
 30
0
 11
6.0402024409448813
 21
-3.9523094881889764
 31
0
  0
LINE
  5
93A
330
1F
100
AcDbEntity
  8
In1.Cu
  6
CONTINUOUS
100
AcDbLine
 10
6.0402024409448813
 20
-3.9523094881889764
 30
0
 11
6.0402022440944885
 21
-3.9523096062992127
 31
0
  0
LINE
  5
93B
330
1F
100
AcDbEntity
  8
In1.Cu
  6
CONTINUOUS
100
AcDbLine
 10
6.0402022440944885
 20
-3.9523096062992127
 30
0
 11
6.0363217716535429
 21
-3.954549960629921
 31
0
  0
LINE
  5
93C
330
1F
100
AcDbEntity
  8
In1.Cu
  6
CONTINUOUS
100
AcDbLine
 10
6.0363217716535429
 20
-3.954549960629921
 30
0
 11
6.0363214566929129
 21
-3.9545501968503936
 31
0
  0
LINE
  5
93D
330
1F
100
AcDbEntity
  8
In1.Cu
  6
CONTINUOUS
100
AcDbLine
 10
6.0363214566929129
 20
-3.9545501968503936
 30
0
 11
6.0331527559055118
 21
-3.9577188976377951
 31
0
  0
LINE
  5
93E
330
1F
100
AcDbEntity
  8
In1.Cu
  6
CONTINUOUS
100
AcDbLine
 10
6.0331527559055118
 20
-3.9577188976377951
 30
0
 11
6.0331525196850393
 21
-3.9577192125984251
 31
0
  0
LINE
  5
93F
330
1F
100
AcDbEntity
  8
In1.Cu
  6
CONTINUOUS
100
AcDbLine
 10
6.0331525196850393
 20
-3.9577192125984251
 30
0
 11
6.0309121653543309
 21
-3.9615996850393698
 31
0
  0
LINE
  5
940
330
1F
100
AcDbEntity
  8
In1.Cu
  6
CONTINUOUS
100
AcDbLine
 10
6.0309121653543309
 20
-3.9615996850393698
 30
0
 11
6.0309120472440947
 21
-3.9615998818897635
 31
0
  0
LINE
  5
941
330
1F
100
AcDbEntity
  8
In1.Cu
  6
CONTINUOUS
100
AcDbLine
 10
6.0309120472440947
 20
-3.9615998818897635
 30
0
 11
6.0306612204724406
 21
-3.962536023622047
 31
0
  0
LINE
  5
942
330
1F
100
AcDbEntity
  8
In1.Cu
  6
CONTINUOUS
100
AcDbLine
 10
6.0306612204724406
 20
-3.962536023622047
 30
0
 11
6.0297521653543305
 21
-3.9659286220472438
 31
0
  0
LINE
  5
943
330
1F
100
AcDbEntity
  8
In1.Cu
  6
CONTINUOUS
100
AcDbLine
 10
6.0297521653543305
 20
-3.9659286220472438
 30
0
 11
6.0297521653543305
 21
-3.970409960629921
 31
0
  0
LINE
  5
944
330
1F
100
AcDbEntity
  8
In1.Cu
  6
CONTINUOUS
100
AcDbLine
 10
5.8958938582677165
 20
-3.9625359448818895
 30
0
 11
5.8958938976377953
 21
-3.962536023622047
 31
0
  0
LINE
  5
945
330
1F
100
AcDbEntity
  8
In1.Cu
  6
CONTINUOUS
100
AcDbLine
 10
5.8958938976377953
 20
-3.962536023622047
 30
0
 11
5.8970537401574799
 21
-3.9668646456692911
 31
0
  0
LINE
  5
946
330
1F
100
AcDbEntity
  8
In1.Cu
  6
CONTINUOUS
100
AcDbLine
 10
5.8970537401574799
 20
-3.9668646456692911
 30
0
 11
5.8970538582677161
 21
-3.9668648425196849
 31
0
  0
LINE
  5
947
330
1F
100
AcDbEntity
  8
In1.Cu
  6
CONTINUOUS
100
AcDbLine
 10
5.8970538582677161
 20
-3.9668648425196849
 30
0
 11
5.8992942125984253
 21
-3.97074531496063
 31
0
  0
LINE
  5
948
330
1F
100
AcDbEntity
  8
In1.Cu
  6
CONTINUOUS
100
AcDbLine
 10
5.8992942125984253
 20
-3.97074531496063
 30
0
 11
5.8992943700787404
 21
-3.9707455118110238
 31
0
  0
LINE
  5
949
330
1F
100
AcDbEntity
  8
In1.Cu
  6
CONTINUOUS
100
AcDbLine
 10
5.8992943700787404
 20
-3.9707455118110238
 30
0
 11
5.8992944094488191
 21
-3.9707455905511808
 31
0
  0
LINE
  5
94A
330
1F
100
AcDbEntity
  8
In1.Cu
  6
CONTINUOUS
100
AcDbLine
 10
5.8992944094488191
 20
-3.9707455905511808
 30
0
 11
5.9024632283464564
 21
-3.973914409448819
 31
0
  0
LINE
  5
94B
330
1F
100
AcDbEntity
  8
In1.Cu
  6
CONTINUOUS
100
AcDbLine
 10
5.9024632283464564
 20
-3.973914409448819
 30
0
 11
5.9024633070866139
 21
-3.9739144488188973
 31
0
  0
LINE
  5
94C
330
1F
100
AcDbEntity
  8
In1.Cu
  6
CONTINUOUS
100
AcDbLine
 10
5.9024633070866139
 20
-3.9739144488188973
 30
0
 11
5.9024634645669289
 21
-3.9739145669291336
 31
0
  0
LINE
  5
94D
330
1F
100
AcDbEntity
  8
In1.Cu
  6
CONTINUOUS
100
AcDbLine
 10
5.9024634645669289
 20
-3.9739145669291336
 30
0
 11
5.9044753543307085
 21
-3.9750761023622045
 31
0
  0
LINE
  5
94E
330
1F
100
AcDbEntity
  8
In1.Cu
  6
CONTINUOUS
100
AcDbLine
 10
5.9044753543307085
 20
-3.9750761023622045
 30
0
 11
5.9063442125984249
 21
-3.9761550787401574
 31
0
  0
LINE
  5
94F
330
1F
100
AcDbEntity
  8
In1.Cu
  6
CONTINUOUS
100
AcDbLine
 10
5.9063442125984249
 20
-3.9761550787401574
 30
0
 11
5.9106728740157477
 21
-3.9773149606299212
 31
0
  0
LINE
  5
950
330
1F
100
AcDbEntity
  8
In1.Cu
  6
CONTINUOUS
100
AcDbLine
 10
5.9106728740157477
 20
-3.9773149606299212
 30
0
 11
5.9106729527559052
 21
-3.9773149606299212
 31
0
  0
LINE
  5
951
330
1F
100
AcDbEntity
  8
In1.Cu
  6
CONTINUOUS
100
AcDbLine
 10
5.9106729527559052
 20
-3.9773149606299212
 30
0
 11
5.9151541338582678
 21
-3.9773149606299212
 31
0
  0
LINE
  5
952
330
1F
100
AcDbEntity
  8
In1.Cu
  6
CONTINUOUS
100
AcDbLine
 10
5.9151541338582678
 20
-3.9773149606299212
 30
0
 11
5.9151542125984253
 21
-3.9773149606299212
 31
0
  0
LINE
  5
953
330
1F
100
AcDbEntity
  8
In1.Cu
  6
CONTINUOUS
100
AcDbLine
 10
5.9151542125984253
 20
-3.9773149606299212
 30
0
 11
5.9194828740157481
 21
-3.9761550787401574
 31
0
  0
LINE
  5
954
330
1F
100
AcDbEntity
  8
In1.Cu
  6
CONTINUOUS
100
AcDbLine
 10
5.9194828740157481
 20
-3.9761550787401574
 30
0
 11
5.9233638582677166
 21
-3.973914409448819
 31
0
  0
LINE
  5
955
330
1F
100
AcDbEntity
  8
In1.Cu
  6
CONTINUOUS
100
AcDbLine
 10
5.9233638582677166
 20
-3.973914409448819
 30
0
 11
5.9265326771653539
 21
-3.9707455905511808
 31
0
  0
LINE
  5
956
330
1F
100
AcDbEntity
  8
In1.Cu
  6
CONTINUOUS
100
AcDbLine
 10
5.9265326771653539
 20
-3.9707455905511808
 30
0
 11
5.9287733464566932
 21
-3.9668646062992123
 31
0
  0
LINE
  5
957
330
1F
100
AcDbEntity
  8
In1.Cu
  6
CONTINUOUS
100
AcDbLine
 10
5.9287733464566932
 20
-3.9668646062992123
 30
0
 11
5.9290241338582677
 21
-3.9659286220472438
 31
0
  0
LINE
  5
958
330
1F
100
AcDbEntity
  8
In1.Cu
  6
CONTINUOUS
100
AcDbLine
 10
5.9290241338582677
 20
-3.9659286220472438
 30
0
 11
5.9299332283464565
 21
-3.9625359448818895
 31
0
  0
LINE
  5
959
330
1F
100
AcDbEntity
  8
In1.Cu
  6
CONTINUOUS
100
AcDbLine
 10
5.9299332283464565
 20
-3.9625359448818895
 30
0
 11
5.9299332283464565
 21
-3.9580546062992124
 31
0
  0
LINE
  5
95A
330
1F
100
AcDbEntity
  8
In1.Cu
  6
CONTINUOUS
100
AcDbLine
 10
5.9299332283464565
 20
-3.9580546062992124
 30
0
 11
5.9287733464566932
 21
-3.9537259448818896
 31
0
  0
LINE
  5
95B
330
1F
100
AcDbEntity
  8
In1.Cu
  6
CONTINUOUS
100
AcDbLine
 10
5.9287733464566932
 20
-3.9537259448818896
 30
0
 11
5.9284785039370078
 21
-3.9532152362204722
 31
0
  0
LINE
  5
95C
330
1F
100
AcDbEntity
  8
In1.Cu
  6
CONTINUOUS
100
AcDbLine
 10
5.9284785039370078
 20
-3.9532152362204722
 30
0
 11
5.9265328346456689
 21
-3.9498451968503936
 31
0
  0
LINE
  5
95D
330
1F
100
AcDbEntity
  8
In1.Cu
  6
CONTINUOUS
100
AcDbLine
 10
5.9265328346456689
 20
-3.9498451968503936
 30
0
 11
5.9265325984251964
 21
-3.9498448818897636
 31
0
  0
LINE
  5
95E
330
1F
100
AcDbEntity
  8
In1.Cu
  6
CONTINUOUS
100
AcDbLine
 10
5.9265325984251964
 20
-3.9498448818897636
 30
0
 11
5.9233638976377954
 21
-3.9466761811023621
 31
0
  0
LINE
  5
95F
330
1F
100
AcDbEntity
  8
In1.Cu
  6
CONTINUOUS
100
AcDbLine
 10
5.9233638976377954
 20
-3.9466761811023621
 30
0
 11
5.9233635826771653
 21
-3.9466759448818896
 31
0
  0
LINE
  5
960
330
1F
100
AcDbEntity
  8
In1.Cu
  6
CONTINUOUS
100
AcDbLine
 10
5.9233635826771653
 20
-3.9466759448818896
 30
0
 11
5.9194831102362206
 21
-3.9444355905511812
 31
0
  0
LINE
  5
961
330
1F
100
AcDbEntity
  8
In1.Cu
  6
CONTINUOUS
100
AcDbLine
 10
5.9194831102362206
 20
-3.9444355905511812
 30
0
 11
5.9194829133858269
 21
-3.9444354724409449
 31
0
  0
LINE
  5
962
330
1F
100
AcDbEntity
  8
In1.Cu
  6
CONTINUOUS
100
AcDbLine
 10
5.9194829133858269
 20
-3.9444354724409449
 30
0
 11
5.9180399606299208
 21
-3.9440488188976377
 31
0
  0
LINE
  5
963
330
1F
100
AcDbEntity
  8
In1.Cu
  6
CONTINUOUS
100
AcDbLine
 10
5.9180399606299208
 20
-3.9440488188976377
 30
0
 11
5.9151542125984253
 21
-3.9432755905511812
 31
0
  0
LINE
  5
964
330
1F
100
AcDbEntity
  8
In1.Cu
  6
CONTINUOUS
100
AcDbLine
 10
5.9151542125984253
 20
-3.9432755905511812
 30
0
 11
5.9106728740157477
 21
-3.9432755905511812
 31
0
  0
LINE
  5
965
330
1F
100
AcDbEntity
  8
In1.Cu
  6
CONTINUOUS
100
AcDbLine
 10
5.9106728740157477
 20
-3.9432755905511812
 30
0
 11
5.9085085433070867
 21
-3.9438555118110235
 31
0
  0
LINE
  5
966
330
1F
100
AcDbEntity
  8
In1.Cu
  6
CONTINUOUS
100
AcDbLine
 10
5.9085085433070867
 20
-3.9438555118110235
 30
0
 11
5.9063441338582674
 21
-3.9444354724409449
 31
0
  0
LINE
  5
967
330
1F
100
AcDbEntity
  8
In1.Cu
  6
CONTINUOUS
100
AcDbLine
 10
5.9063441338582674
 20
-3.9444354724409449
 30
0
 11
5.9063439370078736
 21
-3.9444355905511812
 31
0
  0
LINE
  5
968
330
1F
100
AcDbEntity
  8
In1.Cu
  6
CONTINUOUS
100
AcDbLine
 10
5.9063439370078736
 20
-3.9444355905511812
 30
0
 11
5.9024634645669289
 21
-3.9466759448818896
 31
0
  0
LINE
  5
969
330
1F
100
AcDbEntity
  8
In1.Cu
  6
CONTINUOUS
100
AcDbLine
 10
5.9024634645669289
 20
-3.9466759448818896
 30
0
 11
5.9024631496062989
 21
-3.9466761811023621
 31
0
  0
LINE
  5
96A
330
1F
100
AcDbEntity
  8
In1.Cu
  6
CONTINUOUS
100
AcDbLine
 10
5.9024631496062989
 20
-3.9466761811023621
 30
0
 11
5.8992944488188979
 21
-3.9498448818897636
 31
0
  0
LINE
  5
96B
330
1F
100
AcDbEntity
  8
In1.Cu
  6
CONTINUOUS
100
AcDbLine
 10
5.8992944488188979
 20
-3.9498448818897636
 30
0
 11
5.8992942125984253
 21
-3.9498451968503936
 31
0
  0
LINE
  5
96C
330
1F
100
AcDbEntity
  8
In1.Cu
  6
CONTINUOUS
100
AcDbLine
 10
5.8992942125984253
 20
-3.9498451968503936
 30
0
 11
5.8970538582677161
 21
-3.9537256692913383
 31
0
  0
LINE
  5
96D
330
1F
100
AcDbEntity
  8
In1.Cu
  6
CONTINUOUS
100
AcDbLine
 10
5.8970538582677161
 20
-3.9537256692913383
 30
0
 11
5.8970537401574799
 21
-3.953725866141732
 31
0
  0
LINE
  5
96E
330
1F
100
AcDbEntity
  8
In1.Cu
  6
CONTINUOUS
100
AcDbLine
 10
5.8970537401574799
 20
-3.953725866141732
 30
0
 11
5.8964783464566928
 21
-3.9558732677165351
 31
0
  0
LINE
  5
96F
330
1F
100
AcDbEntity
  8
In1.Cu
  6
CONTINUOUS
100
AcDbLine
 10
5.8964783464566928
 20
-3.9558732677165351
 30
0
 11
5.8958938582677165
 21
-3.9580546062992124
 31
0
  0
LINE
  5
970
330
1F
100
AcDbEntity
  8
In1.Cu
  6
CONTINUOUS
100
AcDbLine
 10
5.8958938582677165
 20
-3.9580546062992124
 30
0
 11
5.8958938582677165
 21
-3.9625359448818895
 31
0
  0
LINE
  5
971
330
1F
100
AcDbEntity
  8
In1.Cu
  6
CONTINUOUS
100
AcDbLine
 10
6.0848702755905508
 20
-3.9625359448818895
 30
0
 11
6.0848703149606296
 21
-3.962536023622047
 31
0
  0
LINE
  5
972
330
1F
100
AcDbEntity
  8
In1.Cu
  6
CONTINUOUS
100
AcDbLine
 10
6.0848703149606296
 20
-3.962536023622047
 30
0
 11
6.0860301574803151
 21
-3.9668646456692911
 31
0
  0
LINE
  5
973
330
1F
100
AcDbEntity
  8
In1.Cu
  6
CONTINUOUS
100
AcDbLine
 10
6.0860301574803151
 20
-3.9668646456692911
 30
0
 11
6.0860302755905513
 21
-3.9668648425196849
 31
0
  0
LINE
  5
974
330
1F
100
AcDbEntity
  8
In1.Cu
  6
CONTINUOUS
100
AcDbLine
 10
6.0860302755905513
 20
-3.9668648425196849
 30
0
 11
6.0882706299212597
 21
-3.97074531496063
 31
0
  0
LINE
  5
975
330
1F
100
AcDbEntity
  8
In1.Cu
  6
CONTINUOUS
100
AcDbLine
 10
6.0882706299212597
 20
-3.97074531496063
 30
0
 11
6.0882707874015747
 21
-3.9707455118110238
 31
0
  0
LINE
  5
976
330
1F
100
AcDbEntity
  8
In1.Cu
  6
CONTINUOUS
100
AcDbLine
 10
6.0882707874015747
 20
-3.9707455118110238
 30
0
 11
6.0882708267716534
 21
-3.9707455905511808
 31
0
  0
LINE
  5
977
330
1F
100
AcDbEntity
  8
In1.Cu
  6
CONTINUOUS
100
AcDbLine
 10
6.0882708267716534
 20
-3.9707455905511808
 30
0
 11
6.0914396456692916
 21
-3.973914409448819
 31
0
  0
LINE
  5
978
330
1F
100
AcDbEntity
  8
In1.Cu
  6
CONTINUOUS
100
AcDbLine
 10
6.0914396456692916
 20
-3.973914409448819
 30
0
 11
6.0914397244094483
 21
-3.9739144488188973
 31
0
  0
LINE
  5
979
330
1F
100
AcDbEntity
  8
In1.Cu
  6
CONTINUOUS
100
AcDbLine
 10
6.0914397244094483
 20
-3.9739144488188973
 30
0
 11
6.0914398818897633
 21
-3.9739145669291336
 31
0
  0
LINE
  5
97A
330
1F
100
AcDbEntity
  8
In1.Cu
  6
CONTINUOUS
100
AcDbLine
 10
6.0914398818897633
 20
-3.9739145669291336
 30
0
 11
6.0934517716535428
 21
-3.9750761023622045
 31
0
  0
LINE
  5
97B
330
1F
100
AcDbEntity
  8
In1.Cu
  6
CONTINUOUS
100
AcDbLine
 10
6.0934517716535428
 20
-3.9750761023622045
 30
0
 11
6.0953206299212601
 21
-3.9761550787401574
 31
0
  0
LINE
  5
97C
330
1F
100
AcDbEntity
  8
In1.Cu
  6
CONTINUOUS
100
AcDbLine
 10
6.0953206299212601
 20
-3.9761550787401574
 30
0
 11
6.0996492913385829
 21
-3.9773149606299212
 31
0
  0
LINE
  5
97D
330
1F
100
AcDbEntity
  8
In1.Cu
  6
CONTINUOUS
100
AcDbLine
 10
6.0996492913385829
 20
-3.9773149606299212
 30
0
 11
6.0996493700787404
 21
-3.9773149606299212
 31
0
  0
LINE
  5
97E
330
1F
100
AcDbEntity
  8
In1.Cu
  6
CONTINUOUS
100
AcDbLine
 10
6.0996493700787404
 20
-3.9773149606299212
 30
0
 11
6.1041305511811021
 21
-3.9773149606299212
 31
0
  0
LINE
  5
97F
330
1F
100
AcDbEntity
  8
In1.Cu
  6
CONTINUOUS
100
AcDbLine
 10
6.1041305511811021
 20
-3.9773149606299212
 30
0
 11
6.1041306299212597
 21
-3.9773149606299212
 31
0
  0
LINE
  5
980
330
1F
100
AcDbEntity
  8
In1.Cu
  6
CONTINUOUS
100
AcDbLine
 10
6.1041306299212597
 20
-3.9773149606299212
 30
0
 11
6.1084592913385825
 21
-3.9761550787401574
 31
0
  0
LINE
  5
981
330
1F
100
AcDbEntity
  8
In1.Cu
  6
CONTINUOUS
100
AcDbLine
 10
6.1084592913385825
 20
-3.9761550787401574
 30
0
 11
6.1123402755905509
 21
-3.973914409448819
 31
0
  0
LINE
  5
982
330
1F
100
AcDbEntity
  8
In1.Cu
  6
CONTINUOUS
100
AcDbLine
 10
6.1123402755905509
 20
-3.973914409448819
 30
0
 11
6.1155090944881891
 21
-3.9707455905511808
 31
0
  0
LINE
  5
983
330
1F
100
AcDbEntity
  8
In1.Cu
  6
CONTINUOUS
100
AcDbLine
 10
6.1155090944881891
 20
-3.9707455905511808
 30
0
 11
6.1177497637795275
 21
-3.9668646062992123
 31
0
  0
LINE
  5
984
330
1F
100
AcDbEntity
  8
In1.Cu
  6
CONTINUOUS
100
AcDbLine
 10
6.1177497637795275
 20
-3.9668646062992123
 30
0
 11
6.1189096456692909
 21
-3.9625359448818895
 31
0
  0
LINE
  5
985
330
1F
100
AcDbEntity
  8
In1.Cu
  6
CONTINUOUS
100
AcDbLine
 10
6.1189096456692909
 20
-3.9625359448818895
 30
0
 11
6.1189096456692909
 21
-3.9580546062992124
 31
0
  0
LINE
  5
986
330
1F
100
AcDbEntity
  8
In1.Cu
  6
CONTINUOUS
100
AcDbLine
 10
6.1189096456692909
 20
-3.9580546062992124
 30
0
 11
6.1177497637795275
 21
-3.9537259448818896
 31
0
  0
LINE
  5
987
330
1F
100
AcDbEntity
  8
In1.Cu
  6
CONTINUOUS
100
AcDbLine
 10
6.1177497637795275
 20
-3.9537259448818896
 30
0
 11
6.1174549212598421
 21
-3.9532152362204722
 31
0
  0
LINE
  5
988
330
1F
100
AcDbEntity
  8
In1.Cu
  6
CONTINUOUS
100
AcDbLine
 10
6.1174549212598421
 20
-3.9532152362204722
 30
0
 11
6.1155092519685041
 21
-3.9498451968503936
 31
0
  0
LINE
  5
989
330
1F
100
AcDbEntity
  8
In1.Cu
  6
CONTINUOUS
100
AcDbLine
 10
6.1155092519685041
 20
-3.9498451968503936
 30
0
 11
6.1155090157480316
 21
-3.9498448818897636
 31
0
  0
LINE
  5
98A
330
1F
100
AcDbEntity
  8
In1.Cu
  6
CONTINUOUS
100
AcDbLine
 10
6.1155090157480316
 20
-3.9498448818897636
 30
0
 11
6.1123403149606297
 21
-3.9466761811023621
 31
0
  0
LINE
  5
98B
330
1F
100
AcDbEntity
  8
In1.Cu
  6
CONTINUOUS
100
AcDbLine
 10
6.1123403149606297
 20
-3.9466761811023621
 30
0
 11
6.1123399999999997
 21
-3.9466759448818896
 31
0
  0
LINE
  5
98C
330
1F
100
AcDbEntity
  8
In1.Cu
  6
CONTINUOUS
100
AcDbLine
 10
6.1123399999999997
 20
-3.9466759448818896
 30
0
 11
6.108459527559055
 21
-3.9444355905511812
 31
0
  0
LINE
  5
98D
330
1F
100
AcDbEntity
  8
In1.Cu
  6
CONTINUOUS
100
AcDbLine
 10
6.108459527559055
 20
-3.9444355905511812
 30
0
 11
6.1084593307086612
 21
-3.9444354724409449
 31
0
  0
LINE
  5
98E
330
1F
100
AcDbEntity
  8
In1.Cu
  6
CONTINUOUS
100
AcDbLine
 10
6.1084593307086612
 20
-3.9444354724409449
 30
0
 11
6.107016377952756
 21
-3.9440488188976377
 31
0
  0
LINE
  5
98F
330
1F
100
AcDbEntity
  8
In1.Cu
  6
CONTINUOUS
100
AcDbLine
 10
6.107016377952756
 20
-3.9440488188976377
 30
0
 11
6.1041306299212597
 21
-3.9432755905511812
 31
0
  0
LINE
  5
990
330
1F
100
AcDbEntity
  8
In1.Cu
  6
CONTINUOUS
100
AcDbLine
 10
6.1041306299212597
 20
-3.9432755905511812
 30
0
 11
6.0996492913385829
 21
-3.9432755905511812
 31
0
  0
LINE
  5
991
330
1F
100
AcDbEntity
  8
In1.Cu
  6
CONTINUOUS
100
AcDbLine
 10
6.0996492913385829
 20
-3.9432755905511812
 30
0
 11
6.0974849606299211
 21
-3.9438555118110235
 31
0
  0
LINE
  5
992
330
1F
100
AcDbEntity
  8
In1.Cu
  6
CONTINUOUS
100
AcDbLine
 10
6.0974849606299211
 20
-3.9438555118110235
 30
0
 11
6.0953205511811026
 21
-3.9444354724409449
 31
0
  0
LINE
  5
993
330
1F
100
AcDbEntity
  8
In1.Cu
  6
CONTINUOUS
100
AcDbLine
 10
6.0953205511811026
 20
-3.9444354724409449
 30
0
 11
6.0953203543307088
 21
-3.9444355905511812
 31
0
  0
LINE
  5
994
330
1F
100
AcDbEntity
  8
In1.Cu
  6
CONTINUOUS
100
AcDbLine
 10
6.0953203543307088
 20
-3.9444355905511812
 30
0
 11
6.0914398818897633
 21
-3.9466759448818896
 31
0
  0
LINE
  5
995
330
1F
100
AcDbEntity
  8
In1.Cu
  6
CONTINUOUS
100
AcDbLine
 10
6.0914398818897633
 20
-3.9466759448818896
 30
0
 11
6.0914395669291341
 21
-3.9466761811023621
 31
0
  0
LINE
  5
996
330
1F
100
AcDbEntity
  8
In1.Cu
  6
CONTINUOUS
100
AcDbLine
 10
6.0914395669291341
 20
-3.9466761811023621
 30
0
 11
6.0882708661417322
 21
-3.9498448818897636
 31
0
  0
LINE
  5
997
330
1F
100
AcDbEntity
  8
In1.Cu
  6
CONTINUOUS
100
AcDbLine
 10
6.0882708661417322
 20
-3.9498448818897636
 30
0
 11
6.0882706299212597
 21
-3.9498451968503936
 31
0
  0
LINE
  5
998
330
1F
100
AcDbEntity
  8
In1.Cu
  6
CONTINUOUS
100
AcDbLine
 10
6.0882706299212597
 20
-3.9498451968503936
 30
0
 11
6.0860302755905513
 21
-3.9537256692913383
 31
0
  0
LINE
  5
999
330
1F
100
AcDbEntity
  8
In1.Cu
  6
CONTINUOUS
100
AcDbLine
 10
6.0860302755905513
 20
-3.9537256692913383
 30
0
 11
6.0860301574803151
 21
-3.953725866141732
 31
0
  0
LINE
  5
99A
330
1F
100
AcDbEntity
  8
In1.Cu
  6
CONTINUOUS
100
AcDbLine
 10
6.0860301574803151
 20
-3.953725866141732
 30
0
 11
6.0854547637795271
 21
-3.9558732677165351
 31
0
  0
LINE
  5
99B
330
1F
100
AcDbEntity
  8
In1.Cu
  6
CONTINUOUS
100
AcDbLine
 10
6.0854547637795271
 20
-3.9558732677165351
 30
0
 11
6.0848702755905508
 21
-3.9580546062992124
 31
0
  0
LINE
  5
99C
330
1F
100
AcDbEntity
  8
In1.Cu
  6
CONTINUOUS
100
AcDbLine
 10
6.0848702755905508
 20
-3.9580546062992124
 30
0
 11
6.0848702755905508
 21
-3.9625359448818895
 31
0
  0
LINE
  5
99D
330
1F
100
AcDbEntity
  8
In1.Cu
  6
CONTINUOUS
100
AcDbLine
 10
6.4510907874015748
 20
-3.940882401574803
 30
0
 11
6.4517320472440947
 21
-3.9432755905511812
 31
0
  0
LINE
  5
99E
330
1F
100
AcDbEntity
  8
In1.Cu
  6
CONTINUOUS
100
AcDbLine
 10
6.4517320472440947
 20
-3.9432755905511812
 30
0
 11
6.4522506692913382
 21
-3.9452111023622045
 31
0
  0
LINE
  5
99F
330
1F
100
AcDbEntity
  8
In1.Cu
  6
CONTINUOUS
100
AcDbLine
 10
6.4522506692913382
 20
-3.9452111023622045
 30
0
 11
6.4522507874015744
 21
-3.9452112992125983
 31
0
  0
LINE
  5
9A0
330
1F
100
AcDbEntity
  8
In1.Cu
  6
CONTINUOUS
100
AcDbLine
 10
6.4522507874015744
 20
-3.9452112992125983
 30
0
 11
6.4544911417322837
 21
-3.9490917716535434
 31
0
  0
LINE
  5
9A1
330
1F
100
AcDbEntity
  8
In1.Cu
  6
CONTINUOUS
100
AcDbLine
 10
6.4544911417322837
 20
-3.9490917716535434
 30
0
 11
6.4544912992125987
 21
-3.9490919685039367
 31
0
  0
LINE
  5
9A2
330
1F
100
AcDbEntity
  8
In1.Cu
  6
CONTINUOUS
100
AcDbLine
 10
6.4544912992125987
 20
-3.9490919685039367
 30
0
 11
6.4544913385826774
 21
-3.9490920472440942
 31
0
  0
LINE
  5
9A3
330
1F
100
AcDbEntity
  8
In1.Cu
  6
CONTINUOUS
100
AcDbLine
 10
6.4544913385826774
 20
-3.9490920472440942
 30
0
 11
6.4576601574803147
 21
-3.952260866141732
 31
0
  0
LINE
  5
9A4
330
1F
100
AcDbEntity
  8
In1.Cu
  6
CONTINUOUS
100
AcDbLine
 10
6.4576601574803147
 20
-3.952260866141732
 30
0
 11
6.4576602362204722
 21
-3.9522609055118108
 31
0
  0
LINE
  5
9A5
330
1F
100
AcDbEntity
  8
In1.Cu
  6
CONTINUOUS
100
AcDbLine
 10
6.4576602362204722
 20
-3.9522609055118108
 30
0
 11
6.4576603937007873
 21
-3.952261023622047
 31
0
  0
LINE
  5
9A6
330
1F
100
AcDbEntity
  8
In1.Cu
  6
CONTINUOUS
100
AcDbLine
 10
6.4576603937007873
 20
-3.952261023622047
 30
0
 11
6.4601977559055115
 21
-3.9537259448818896
 31
0
  0
LINE
  5
9A7
330
1F
100
AcDbEntity
  8
In1.Cu
  6
CONTINUOUS
100
AcDbLine
 10
6.4601977559055115
 20
-3.9537259448818896
 30
0
 11
6.4615411417322832
 21
-3.9545015354330708
 31
0
  0
LINE
  5
9A8
330
1F
100
AcDbEntity
  8
In1.Cu
  6
CONTINUOUS
100
AcDbLine
 10
6.4615411417322832
 20
-3.9545015354330708
 30
0
 11
6.465869803149606
 21
-3.9556614173228346
 31
0
  0
LINE
  5
9A9
330
1F
100
AcDbEntity
  8
In1.Cu
  6
CONTINUOUS
100
AcDbLine
 10
6.465869803149606
 20
-3.9556614173228346
 30
0
 11
6.4658698818897635
 21
-3.9556614173228346
 31
0
  0
LINE
  5
9AA
330
1F
100
AcDbEntity
  8
In1.Cu
  6
CONTINUOUS
100
AcDbLine
 10
6.4658698818897635
 20
-3.9556614173228346
 30
0
 11
6.4703510629921261
 21
-3.9556614173228346
 31
0
  0
LINE
  5
9AB
330
1F
100
AcDbEntity
  8
In1.Cu
  6
CONTINUOUS
100
AcDbLine
 10
6.4703510629921261
 20
-3.9556614173228346
 30
0
 11
6.4703511417322837
 21
-3.9556614173228346
 31
0
  0
LINE
  5
9AC
330
1F
100
AcDbEntity
  8
In1.Cu
  6
CONTINUOUS
100
AcDbLine
 10
6.4703511417322837
 20
-3.9556614173228346
 30
0
 11
6.4746798031496064
 21
-3.9545015354330708
 31
0
  0
LINE
  5
9AD
330
1F
100
AcDbEntity
  8
In1.Cu
  6
CONTINUOUS
100
AcDbLine
 10
6.4746798031496064
 20
-3.9545015354330708
 30
0
 11
6.4785607874015749
 21
-3.952260866141732
 31
0
  0
LINE
  5
9AE
330
1F
100
AcDbEntity
  8
In1.Cu
  6
CONTINUOUS
100
AcDbLine
 10
6.4785607874015749
 20
-3.952260866141732
 30
0
 11
6.4817296062992122
 21
-3.9490920472440942
 31
0
  0
LINE
  5
9AF
330
1F
100
AcDbEntity
  8
In1.Cu
  6
CONTINUOUS
100
AcDbLine
 10
6.4817296062992122
 20
-3.9490920472440942
 30
0
 11
6.4839702755905506
 21
-3.9452110629921258
 31
0
  0
LINE
  5
9B0
330
1F
100
AcDbEntity
  8
In1.Cu
  6
CONTINUOUS
100
AcDbLine
 10
6.4839702755905506
 20
-3.9452110629921258
 30
0
 11
6.4851301574803148
 21
-3.940882401574803
 31
0
  0
LINE
  5
9B1
330
1F
100
AcDbEntity
  8
In1.Cu
  6
CONTINUOUS
100
AcDbLine
 10
6.4851301574803148
 20
-3.940882401574803
 30
0
 11
6.4851301574803148
 21
-3.9364010629921258
 31
0
  0
LINE
  5
9B2
330
1F
100
AcDbEntity
  8
In1.Cu
  6
CONTINUOUS
100
AcDbLine
 10
6.4851301574803148
 20
-3.9364010629921258
 30
0
 11
6.4839702755905506
 21
-3.932072401574803
 31
0
  0
LINE
  5
9B3
330
1F
100
AcDbEntity
  8
In1.Cu
  6
CONTINUOUS
100
AcDbLine
 10
6.4839702755905506
 20
-3.932072401574803
 30
0
 11
6.4838777952755908
 21
-3.9319122047244095
 31
0
  0
LINE
  5
9B4
330
1F
100
AcDbEntity
  8
In1.Cu
  6
CONTINUOUS
100
AcDbLine
 10
6.4838777952755908
 20
-3.9319122047244095
 30
0
 11
6.4817297637795273
 21
-3.928191653543307
 31
0
  0
LINE
  5
9B5
330
1F
100
AcDbEntity
  8
In1.Cu
  6
CONTINUOUS
100
AcDbLine
 10
6.4817297637795273
 20
-3.928191653543307
 30
0
 11
6.4817295275590547
 21
-3.928191338582677
 31
0
  0
LINE
  5
9B6
330
1F
100
AcDbEntity
  8
In1.Cu
  6
CONTINUOUS
100
AcDbLine
 10
6.4817295275590547
 20
-3.928191338582677
 30
0
 11
6.4785608267716537
 21
-3.9250226377952755
 31
0
  0
LINE
  5
9B7
330
1F
100
AcDbEntity
  8
In1.Cu
  6
CONTINUOUS
100
AcDbLine
 10
6.4785608267716537
 20
-3.9250226377952755
 30
0
 11
6.4785605118110237
 21
-3.925022401574803
 31
0
  0
LINE
  5
9B8
330
1F
100
AcDbEntity
  8
In1.Cu
  6
CONTINUOUS
100
AcDbLine
 10
6.4785605118110237
 20
-3.925022401574803
 30
0
 11
6.474680039370079
 21
-3.9227820472440942
 31
0
  0
LINE
  5
9B9
330
1F
100
AcDbEntity
  8
In1.Cu
  6
CONTINUOUS
100
AcDbLine
 10
6.474680039370079
 20
-3.9227820472440942
 30
0
 11
6.4746798425196852
 21
-3.9227819291338584
 31
0
  0
LINE
  5
9BA
330
1F
100
AcDbEntity
  8
In1.Cu
  6
CONTINUOUS
100
AcDbLine
 10
6.4746798425196852
 20
-3.9227819291338584
 30
0
 11
6.4732368897637791
 21
-3.9223952755905511
 31
0
  0
LINE
  5
9BB
330
1F
100
AcDbEntity
  8
In1.Cu
  6
CONTINUOUS
100
AcDbLine
 10
6.4732368897637791
 20
-3.9223952755905511
 30
0
 11
6.4703511417322837
 21
-3.9216220472440946
 31
0
  0
LINE
  5
9BC
330
1F
100
AcDbEntity
  8
In1.Cu
  6
CONTINUOUS
100
AcDbLine
 10
6.4703511417322837
 20
-3.9216220472440946
 30
0
 11
6.465869803149606
 21
-3.9216220472440946
 31
0
  0
LINE
  5
9BD
330
1F
100
AcDbEntity
  8
In1.Cu
  6
CONTINUOUS
100
AcDbLine
 10
6.465869803149606
 20
-3.9216220472440946
 30
0
 11
6.4637054724409451
 21
-3.9222019685039369
 31
0
  0
LINE
  5
9BE
330
1F
100
AcDbEntity
  8
In1.Cu
  6
CONTINUOUS
100
AcDbLine
 10
6.4637054724409451
 20
-3.9222019685039369
 30
0
 11
6.4615410629921257
 21
-3.9227819291338584
 31
0
  0
LINE
  5
9BF
330
1F
100
AcDbEntity
  8
In1.Cu
  6
CONTINUOUS
100
AcDbLine
 10
6.4615410629921257
 20
-3.9227819291338584
 30
0
 11
6.461540866141732
 21
-3.9227820472440942
 31
0
  0
LINE
  5
9C0
330
1F
100
AcDbEntity
  8
In1.Cu
  6
CONTINUOUS
100
AcDbLine
 10
6.461540866141732
 20
-3.9227820472440942
 30
0
 11
6.4576603937007873
 21
-3.925022401574803
 31
0
  0
LINE
  5
9C1
330
1F
100
AcDbEntity
  8
In1.Cu
  6
CONTINUOUS
100
AcDbLine
 10
6.4576603937007873
 20
-3.925022401574803
 30
0
 11
6.4576600787401572
 21
-3.9250226377952755
 31
0
  0
LINE
  5
9C2
330
1F
100
AcDbEntity
  8
In1.Cu
  6
CONTINUOUS
100
AcDbLine
 10
6.4576600787401572
 20
-3.9250226377952755
 30
0
 11
6.4544913779527562
 21
-3.928191338582677
 31
0
  0
LINE
  5
9C3
330
1F
100
AcDbEntity
  8
In1.Cu
  6
CONTINUOUS
100
AcDbLine
 10
6.4544913779527562
 20
-3.928191338582677
 30
0
 11
6.4544911417322837
 21
-3.928191653543307
 31
0
  0
LINE
  5
9C4
330
1F
100
AcDbEntity
  8
In1.Cu
  6
CONTINUOUS
100
AcDbLine
 10
6.4544911417322837
 20
-3.928191653543307
 30
0
 11
6.4522507874015744
 21
-3.9320721259842517
 31
0
  0
LINE
  5
9C5
330
1F
100
AcDbEntity
  8
In1.Cu
  6
CONTINUOUS
100
AcDbLine
 10
6.4522507874015744
 20
-3.9320721259842517
 30
0
 11
6.4522506692913382
 21
-3.9320723228346455
 31
0
  0
LINE
  5
9C6
330
1F
100
AcDbEntity
  8
In1.Cu
  6
CONTINUOUS
100
AcDbLine
 10
6.4522506692913382
 20
-3.9320723228346455
 30
0
 11
6.4521014960629923
 21
-3.93262905511811
 31
0
  0
LINE
  5
9C7
330
1F
100
AcDbEntity
  8
In1.Cu
  6
CONTINUOUS
100
AcDbLine
 10
6.4521014960629923
 20
-3.93262905511811
 30
0
 11
6.4510907874015748
 21
-3.9364010629921258
 31
0
  0
LINE
  5
9C8
330
1F
100
AcDbEntity
  8
In1.Cu
  6
CONTINUOUS
100
AcDbLine
 10
6.4510907874015748
 20
-3.9364010629921258
 30
0
 11
6.4510907874015748
 21
-3.940882401574803
 31
0
  0
LINE
  5
9C9
330
1F
100
AcDbEntity
  8
In1.Cu
  6
CONTINUOUS
100
AcDbLine
 10
5.8958938976377953
 20
-3.8680477559055118
 30
0
 11
5.8959838582677166
 21
-3.8683834251968503
 31
0
  0
LINE
  5
9CA
330
1F
100
AcDbEntity
  8
In1.Cu
  6
CONTINUOUS
100
AcDbLine
 10
5.8959838582677166
 20
-3.8683834251968503
 30
0
 11
5.8970537795275586
 21
-3.8723764566929133
 31
0
  0
LINE
  5
9CB
330
1F
100
AcDbEntity
  8
In1.Cu
  6
CONTINUOUS
100
AcDbLine
 10
5.8970537795275586
 20
-3.8723764566929133
 30
0
 11
5.8970538976377949
 21
-3.8723766535433071
 31
0
  0
LINE
  5
9CC
330
1F
100
AcDbEntity
  8
In1.Cu
  6
CONTINUOUS
100
AcDbLine
 10
5.8970538976377949
 20
-3.8723766535433071
 30
0
 11
5.8992942519685041
 21
-3.8762571259842518
 31
0
  0
LINE
  5
9CD
330
1F
100
AcDbEntity
  8
In1.Cu
  6
CONTINUOUS
100
AcDbLine
 10
5.8992942519685041
 20
-3.8762571259842518
 30
0
 11
5.8992944094488191
 21
-3.8762573228346455
 31
0
  0
LINE
  5
9CE
330
1F
100
AcDbEntity
  8
In1.Cu
  6
CONTINUOUS
100
AcDbLine
 10
5.8992944094488191
 20
-3.8762573228346455
 30
0
 11
5.8992944488188979
 21
-3.876257401574803
 31
0
  0
LINE
  5
9CF
330
1F
100
AcDbEntity
  8
In1.Cu
  6
CONTINUOUS
100
AcDbLine
 10
5.8992944488188979
 20
-3.876257401574803
 30
0
 11
5.9024632677165352
 21
-3.8794262204724408
 31
0
  0
LINE
  5
9D0
330
1F
100
AcDbEntity
  8
In1.Cu
  6
CONTINUOUS
100
AcDbLine
 10
5.9024632677165352
 20
-3.8794262204724408
 30
0
 11
5.9051611417322833
 21
-3.8809838188976378
 31
0
  0
LINE
  5
9D1
330
1F
100
AcDbEntity
  8
In1.Cu
  6
CONTINUOUS
100
AcDbLine
 10
5.9051611417322833
 20
-3.8809838188976378
 30
0
 11
5.9070593307086616
 21
-3.882974527559055
 31
0
  0
LINE
  5
9D2
330
1F
100
AcDbEntity
  8
In1.Cu
  6
CONTINUOUS
100
AcDbLine
 10
5.9070593307086616
 20
-3.882974527559055
 30
0
 11
5.9075799606299215
 21
-3.8856755905511808
 31
0
  0
LINE
  5
9D3
330
1F
100
AcDbEntity
  8
In1.Cu
  6
CONTINUOUS
100
AcDbLine
 10
5.9075799606299215
 20
-3.8856755905511808
 30
0
 11
5.9069480314960625
 21
-3.8876525196850391
 31
0
  0
LINE
  5
9D4
330
1F
100
AcDbEntity
  8
In1.Cu
  6
CONTINUOUS
100
AcDbLine
 10
5.9069480314960625
 20
-3.8876525196850391
 30
0
 11
5.9054986614173224
 21
-3.8901629133858266
 31
0
  0
LINE
  5
9D5
330
1F
100
AcDbEntity
  8
In1.Cu
  6
CONTINUOUS
100
AcDbLine
 10
5.9054986614173224
 20
-3.8901629133858266
 30
0
 11
5.9054986614173224
 21
-3.8901629527559054
 31
0
  0
LINE
  5
9D6
330
1F
100
AcDbEntity
  8
In1.Cu
  6
CONTINUOUS
100
AcDbLine
 10
5.9054986614173224
 20
-3.8901629527559054
 30
0
 11
5.904338779527559
 21
-3.8944916141732282
 31
0
  0
LINE
  5
9D7
330
1F
100
AcDbEntity
  8
In1.Cu
  6
CONTINUOUS
100
AcDbLine
 10
5.904338779527559
 20
-3.8944916141732282
 30
0
 11
5.904338779527559
 21
-3.8989729527559054
 31
0
  0
LINE
  5
9D8
330
1F
100
AcDbEntity
  8
In1.Cu
  6
CONTINUOUS
100
AcDbLine
 10
5.904338779527559
 20
-3.8989729527559054
 30
0
 11
5.9047255118110238
 21
-3.9004162204724411
 31
0
  0
LINE
  5
9D9
330
1F
100
AcDbEntity
  8
In1.Cu
  6
CONTINUOUS
100
AcDbLine
 10
5.9047255118110238
 20
-3.9004162204724411
 30
0
 11
5.9054986614173224
 21
-3.9033016535433069
 31
0
  0
LINE
  5
9DA
330
1F
100
AcDbEntity
  8
In1.Cu
  6
CONTINUOUS
100
AcDbLine
 10
5.9054986614173224
 20
-3.9033016535433069
 30
0
 11
5.9054987795275586
 21
-3.9033018503937007
 31
0
  0
LINE
  5
9DB
330
1F
100
AcDbEntity
  8
In1.Cu
  6
CONTINUOUS
100
AcDbLine
 10
5.9054987795275586
 20
-3.9033018503937007
 30
0
 11
5.9077391338582679
 21
-3.9071823228346454
 31
0
  0
LINE
  5
9DC
330
1F
100
AcDbEntity
  8
In1.Cu
  6
CONTINUOUS
100
AcDbLine
 10
5.9077391338582679
 20
-3.9071823228346454
 30
0
 11
5.9077392913385829
 21
-3.9071825196850392
 31
0
  0
LINE
  5
9DD
330
1F
100
AcDbEntity
  8
In1.Cu
  6
CONTINUOUS
100
AcDbLine
 10
5.9077392913385829
 20
-3.9071825196850392
 30
0
 11
5.9077393307086616
 21
-3.9071825984251967
 31
0
  0
LINE
  5
9DE
330
1F
100
AcDbEntity
  8
In1.Cu
  6
CONTINUOUS
100
AcDbLine
 10
5.9077393307086616
 20
-3.9071825984251967
 30
0
 11
5.910908149606299
 21
-3.9103514173228344
 31
0
  0
LINE
  5
9DF
330
1F
100
AcDbEntity
  8
In1.Cu
  6
CONTINUOUS
100
AcDbLine
 10
5.910908149606299
 20
-3.9103514173228344
 30
0
 11
5.9109082283464565
 21
-3.9103514566929132
 31
0
  0
LINE
  5
9E0
330
1F
100
AcDbEntity
  8
In1.Cu
  6
CONTINUOUS
100
AcDbLine
 10
5.9109082283464565
 20
-3.9103514566929132
 30
0
 11
5.9109083858267715
 21
-3.9103515748031494
 31
0
  0
LINE
  5
9E1
330
1F
100
AcDbEntity
  8
In1.Cu
  6
CONTINUOUS
100
AcDbLine
 10
5.9109083858267715
 20
-3.9103515748031494
 30
0
 11
5.9139090551181104
 21
-3.9120839763779527
 31
0
  0
LINE
  5
9E2
330
1F
100
AcDbEntity
  8
In1.Cu
  6
CONTINUOUS
100
AcDbLine
 10
5.9139090551181104
 20
-3.9120839763779527
 30
0
 11
5.9147891338582674
 21
-3.9125920866141732
 31
0
  0
LINE
  5
9E3
330
1F
100
AcDbEntity
  8
In1.Cu
  6
CONTINUOUS
100
AcDbLine
 10
5.9147891338582674
 20
-3.9125920866141732
 30
0
 11
5.9191177952755902
 21
-3.913751968503937
 31
0
  0
LINE
  5
9E4
330
1F
100
AcDbEntity
  8
In1.Cu
  6
CONTINUOUS
100
AcDbLine
 10
5.9191177952755902
 20
-3.913751968503937
 30
0
 11
5.9191178740157477
 21
-3.913751968503937
 31
0
  0
LINE
  5
9E5
330
1F
100
AcDbEntity
  8
In1.Cu
  6
CONTINUOUS
100
AcDbLine
 10
5.9191178740157477
 20
-3.913751968503937
 30
0
 11
5.9235990551181104
 21
-3.913751968503937
 31
0
  0
LINE
  5
9E6
330
1F
100
AcDbEntity
  8
In1.Cu
  6
CONTINUOUS
100
AcDbLine
 10
5.9235990551181104
 20
-3.913751968503937
 30
0
 11
5.9235991338582679
 21
-3.913751968503937
 31
0
  0
LINE
  5
9E7
330
1F
100
AcDbEntity
  8
In1.Cu
  6
CONTINUOUS
100
AcDbLine
 10
5.9235991338582679
 20
-3.913751968503937
 30
0
 11
5.9279277952755907
 21
-3.9125920866141732
 31
0
  0
LINE
  5
9E8
330
1F
100
AcDbEntity
  8
In1.Cu
  6
CONTINUOUS
100
AcDbLine
 10
5.9279277952755907
 20
-3.9125920866141732
 30
0
 11
5.9318087795275591
 21
-3.9103514173228344
 31
0
  0
LINE
  5
9E9
330
1F
100
AcDbEntity
  8
In1.Cu
  6
CONTINUOUS
100
AcDbLine
 10
5.9318087795275591
 20
-3.9103514173228344
 30
0
 11
5.9349775984251965
 21
-3.9071825984251967
 31
0
  0
LINE
  5
9EA
330
1F
100
AcDbEntity
  8
In1.Cu
  6
CONTINUOUS
100
AcDbLine
 10
5.9349775984251965
 20
-3.9071825984251967
 30
0
 11
5.9372182677165357
 21
-3.9033016141732282
 31
0
  0
LINE
  5
9EB
330
1F
100
AcDbEntity
  8
In1.Cu
  6
CONTINUOUS
100
AcDbLine
 10
5.9372182677165357
 20
-3.9033016141732282
 30
0
 11
5.9383781496062991
 21
-3.8989729527559054
 31
0
  0
LINE
  5
9EC
330
1F
100
AcDbEntity
  8
In1.Cu
  6
CONTINUOUS
100
AcDbLine
 10
5.9383781496062991
 20
-3.8989729527559054
 30
0
 11
5.9383781496062991
 21
-3.8944916141732282
 31
0
  0
LINE
  5
9ED
330
1F
100
AcDbEntity
  8
In1.Cu
  6
CONTINUOUS
100
AcDbLine
 10
5.9383781496062991
 20
-3.8944916141732282
 30
0
 11
5.9372182677165357
 21
-3.8901629527559054
 31
0
  0
LINE
  5
9EE
330
1F
100
AcDbEntity
  8
In1.Cu
  6
CONTINUOUS
100
AcDbLine
 10
5.9372182677165357
 20
-3.8901629527559054
 30
0
 11
5.9352363385826772
 21
-3.8867301181102363
 31
0
  0
LINE
  5
9EF
330
1F
100
AcDbEntity
  8
In1.Cu
  6
CONTINUOUS
100
AcDbLine
 10
5.9352363385826772
 20
-3.8867301181102363
 30
0
 11
5.9349777559055115
 21
-3.8862822047244094
 31
0
  0
LINE
  5
9F0
330
1F
100
AcDbEntity
  8
In1.Cu
  6
CONTINUOUS
100
AcDbLine
 10
5.9349777559055115
 20
-3.8862822047244094
 30
0
 11
5.9349775196850389
 21
-3.8862818897637794
 31
0
  0
LINE
  5
9F1
330
1F
100
AcDbEntity
  8
In1.Cu
  6
CONTINUOUS
100
AcDbLine
 10
5.9349775196850389
 20
-3.8862818897637794
 30
0
 11
5.9318087401574804
 21
-3.8831131102362204
 31
0
  0
LINE
  5
9F2
330
1F
100
AcDbEntity
  8
In1.Cu
  6
CONTINUOUS
100
AcDbLine
 10
5.9318087401574804
 20
-3.8831131102362204
 30
0
 11
5.930703661417323
 21
-3.8824751181102362
 31
0
  0
LINE
  5
9F3
330
1F
100
AcDbEntity
  8
In1.Cu
  6
CONTINUOUS
100
AcDbLine
 10
5.930703661417323
 20
-3.8824751181102362
 30
0
 11
5.9291108661417322
 21
-3.8815555118110234
 31
0
  0
LINE
  5
9F4
330
1F
100
AcDbEntity
  8
In1.Cu
  6
CONTINUOUS
100
AcDbLine
 10
5.9291108661417322
 20
-3.8815555118110234
 30
0
 11
5.9272126771653539
 21
-3.8795647637795274
 31
0
  0
LINE
  5
9F5
330
1F
100
AcDbEntity
  8
In1.Cu
  6
CONTINUOUS
100
AcDbLine
 10
5.9272126771653539
 20
-3.8795647637795274
 30
0
 11
5.926692047244094
 21
-3.8768637007874016
 31
0
  0
LINE
  5
9F6
330
1F
100
AcDbEntity
  8
In1.Cu
  6
CONTINUOUS
100
AcDbLine
 10
5.926692047244094
 20
-3.8768637007874016
 30
0
 11
5.9273239370078743
 21
-3.8748868897637796
 31
0
  0
LINE
  5
9F7
330
1F
100
AcDbEntity
  8
In1.Cu
  6
CONTINUOUS
100
AcDbLine
 10
5.9273239370078743
 20
-3.8748868897637796
 30
0
 11
5.9287733858267719
 21
-3.8723764173228346
 31
0
  0
LINE
  5
9F8
330
1F
100
AcDbEntity
  8
In1.Cu
  6
CONTINUOUS
100
AcDbLine
 10
5.9287733858267719
 20
-3.8723764173228346
 30
0
 11
5.9299332677165353
 21
-3.8680477559055118
 31
0
  0
LINE
  5
9F9
330
1F
100
AcDbEntity
  8
In1.Cu
  6
CONTINUOUS
100
AcDbLine
 10
5.9299332677165353
 20
-3.8680477559055118
 30
0
 11
5.9299332677165353
 21
-3.8635664173228346
 31
0
  0
LINE
  5
9FA
330
1F
100
AcDbEntity
  8
In1.Cu
  6
CONTINUOUS
100
AcDbLine
 10
5.9299332677165353
 20
-3.8635664173228346
 30
0
 11
5.9287733858267719
 21
-3.8592377559055118
 31
0
  0
LINE
  5
9FB
330
1F
100
AcDbEntity
  8
In1.Cu
  6
CONTINUOUS
100
AcDbLine
 10
5.9287733858267719
 20
-3.8592377559055118
 30
0
 11
5.9285548425196852
 21
-3.8588592519685037
 31
0
  0
LINE
  5
9FC
330
1F
100
AcDbEntity
  8
In1.Cu
  6
CONTINUOUS
100
AcDbLine
 10
5.9285548425196852
 20
-3.8588592519685037
 30
0
 11
5.9265328740157477
 21
-3.8553570078740158
 31
0
  0
LINE
  5
9FD
330
1F
100
AcDbEntity
  8
In1.Cu
  6
CONTINUOUS
100
AcDbLine
 10
5.9265328740157477
 20
-3.8553570078740158
 30
0
 11
5.9265326377952752
 21
-3.8553566929133858
 31
0
  0
LINE
  5
9FE
330
1F
100
AcDbEntity
  8
In1.Cu
  6
CONTINUOUS
100
AcDbLine
 10
5.9265326377952752
 20
-3.8553566929133858
 30
0
 11
5.9233639370078741
 21
-3.8521879921259843
 31
0
  0
LINE
  5
9FF
330
1F
100
AcDbEntity
  8
In1.Cu
  6
CONTINUOUS
100
AcDbLine
 10
5.9233639370078741
 20
-3.8521879921259843
 30
0
 11
5.9233636220472441
 21
-3.8521877559055118
 31
0
  0
LINE
  5
A00
330
1F
100
AcDbEntity
  8
In1.Cu
  6
CONTINUOUS
100
AcDbLine
 10
5.9233636220472441
 20
-3.8521877559055118
 30
0
 11
5.9194831496062994
 21
-3.849947401574803
 31
0
  0
LINE
  5
A01
330
1F
100
AcDbEntity
  8
In1.Cu
  6
CONTINUOUS
100
AcDbLine
 10
5.9194831496062994
 20
-3.849947401574803
 30
0
 11
5.9194829527559056
 21
-3.8499472834645667
 31
0
  0
LINE
  5
A02
330
1F
100
AcDbEntity
  8
In1.Cu
  6
CONTINUOUS
100
AcDbLine
 10
5.9194829527559056
 20
-3.8499472834645667
 30
0
 11
5.9180399999999995
 21
-3.8495606299212599
 31
0
  0
LINE
  5
A03
330
1F
100
AcDbEntity
  8
In1.Cu
  6
CONTINUOUS
100
AcDbLine
 10
5.9180399999999995
 20
-3.8495606299212599
 30
0
 11
5.9151542519685041
 21
-3.8487874015748029
 31
0
  0
LINE
  5
A04
330
1F
100
AcDbEntity
  8
In1.Cu
  6
CONTINUOUS
100
AcDbLine
 10
5.9151542519685041
 20
-3.8487874015748029
 30
0
 11
5.9106729133858265
 21
-3.8487874015748029
 31
0
  0
LINE
  5
A05
330
1F
100
AcDbEntity
  8
In1.Cu
  6
CONTINUOUS
100
AcDbLine
 10
5.9106729133858265
 20
-3.8487874015748029
 30
0
 11
5.9085085826771655
 21
-3.8493673228346457
 31
0
  0
LINE
  5
A06
330
1F
100
AcDbEntity
  8
In1.Cu
  6
CONTINUOUS
100
AcDbLine
 10
5.9085085826771655
 20
-3.8493673228346457
 30
0
 11
5.9063441732283462
 21
-3.8499472834645667
 31
0
  0
LINE
  5
A07
330
1F
100
AcDbEntity
  8
In1.Cu
  6
CONTINUOUS
100
AcDbLine
 10
5.9063441732283462
 20
-3.8499472834645667
 30
0
 11
5.9063439763779524
 21
-3.849947401574803
 31
0
  0
LINE
  5
A08
330
1F
100
AcDbEntity
  8
In1.Cu
  6
CONTINUOUS
100
AcDbLine
 10
5.9063439763779524
 20
-3.849947401574803
 30
0
 11
5.9024635039370077
 21
-3.8521877559055118
 31
0
  0
LINE
  5
A09
330
1F
100
AcDbEntity
  8
In1.Cu
  6
CONTINUOUS
100
AcDbLine
 10
5.9024635039370077
 20
-3.8521877559055118
 30
0
 11
5.9024631889763777
 21
-3.8521879921259843
 31
0
  0
LINE
  5
A0A
330
1F
100
AcDbEntity
  8
In1.Cu
  6
CONTINUOUS
100
AcDbLine
 10
5.9024631889763777
 20
-3.8521879921259843
 30
0
 11
5.8992944881889766
 21
-3.8553566929133858
 31
0
  0
LINE
  5
A0B
330
1F
100
AcDbEntity
  8
In1.Cu
  6
CONTINUOUS
100
AcDbLine
 10
5.8992944881889766
 20
-3.8553566929133858
 30
0
 11
5.8992942519685041
 21
-3.8553570078740158
 31
0
  0
LINE
  5
A0C
330
1F
100
AcDbEntity
  8
In1.Cu
  6
CONTINUOUS
100
AcDbLine
 10
5.8992942519685041
 20
-3.8553570078740158
 30
0
 11
5.8970538976377949
 21
-3.8592374803149605
 31
0
  0
LINE
  5
A0D
330
1F
100
AcDbEntity
  8
In1.Cu
  6
CONTINUOUS
100
AcDbLine
 10
5.8970538976377949
 20
-3.8592374803149605
 30
0
 11
5.8970537795275586
 21
-3.8592376771653543
 31
0
  0
LINE
  5
A0E
330
1F
100
AcDbEntity
  8
In1.Cu
  6
CONTINUOUS
100
AcDbLine
 10
5.8970537795275586
 20
-3.8592376771653543
 30
0
 11
5.8967721259842518
 21
-3.8602888188976379
 31
0
  0
LINE
  5
A0F
330
1F
100
AcDbEntity
  8
In1.Cu
  6
CONTINUOUS
100
AcDbLine
 10
5.8967721259842518
 20
-3.8602888188976379
 30
0
 11
5.8958938976377953
 21
-3.8635664173228346
 31
0
  0
LINE
  5
A10
330
1F
100
AcDbEntity
  8
In1.Cu
  6
CONTINUOUS
100
AcDbLine
 10
5.8958938976377953
 20
-3.8635664173228346
 30
0
 11
5.8958938976377953
 21
-3.8680477559055118
 31
0
  0
LINE
  5
A11
330
1F
100
AcDbEntity
  8
In1.Cu
  6
CONTINUOUS
100
AcDbLine
 10
6.0983601574803146
 20
-3.8097627559055116
 30
0
 11
6.0953205511811026
 21
-3.8105772047244093
 31
0
  0
LINE
  5
A12
330
1F
100
AcDbEntity
  8
In1.Cu
  6
CONTINUOUS
100
AcDbLine
 10
6.0953205511811026
 20
-3.8105772047244093
 30
0
 11
6.0953203543307088
 21
-3.8105773228346456
 31
0
  0
LINE
  5
A13
330
1F
100
AcDbEntity
  8
In1.Cu
  6
CONTINUOUS
100
AcDbLine
 10
6.0953203543307088
 20
-3.8105773228346456
 30
0
 11
6.0914398818897633
 21
-3.8128176771653544
 31
0
  0
LINE
  5
A14
330
1F
100
AcDbEntity
  8
In1.Cu
  6
CONTINUOUS
100
AcDbLine
 10
6.0914398818897633
 20
-3.8128176771653544
 30
0
 11
6.0914395669291341
 21
-3.8128179133858269
 31
0
  0
LINE
  5
A15
330
1F
100
AcDbEntity
  8
In1.Cu
  6
CONTINUOUS
100
AcDbLine
 10
6.0914395669291341
 20
-3.8128179133858269
 30
0
 11
6.0882708661417322
 21
-3.8159866141732284
 31
0
  0
LINE
  5
A16
330
1F
100
AcDbEntity
  8
In1.Cu
  6
CONTINUOUS
100
AcDbLine
 10
6.0882708661417322
 20
-3.8159866141732284
 30
0
 11
6.0882706299212597
 21
-3.8159869291338584
 31
0
  0
LINE
  5
A17
330
1F
100
AcDbEntity
  8
In1.Cu
  6
CONTINUOUS
100
AcDbLine
 10
6.0882706299212597
 20
-3.8159869291338584
 30
0
 11
6.0860302755905513
 21
-3.8198674015748031
 31
0
  0
LINE
  5
A18
330
1F
100
AcDbEntity
  8
In1.Cu
  6
CONTINUOUS
100
AcDbLine
 10
6.0860302755905513
 20
-3.8198674015748031
 30
0
 11
6.0860301574803151
 21
-3.8198675984251969
 31
0
  0
LINE
  5
A19
330
1F
100
AcDbEntity
  8
In1.Cu
  6
CONTINUOUS
100
AcDbLine
 10
6.0860301574803151
 20
-3.8198675984251969
 30
0
 11
6.085545590551181
 21
-3.8216760629921258
 31
0
  0
LINE
  5
A1A
330
1F
100
AcDbEntity
  8
In1.Cu
  6
CONTINUOUS
100
AcDbLine
 10
6.085545590551181
 20
-3.8216760629921258
 30
0
 11
6.0848702755905508
 21
-3.8241963385826772
 31
0
  0
LINE
  5
A1B
330
1F
100
AcDbEntity
  8
In1.Cu
  6
CONTINUOUS
100
AcDbLine
 10
6.0848702755905508
 20
-3.8241963385826772
 30
0
 11
6.0848702755905508
 21
-3.8286776771653543
 31
0
  0
LINE
  5
A1C
330
1F
100
AcDbEntity
  8
In1.Cu
  6
CONTINUOUS
100
AcDbLine
 10
6.0848702755905508
 20
-3.8286776771653543
 30
0
 11
6.0851948425196847
 21
-3.8298889763779527
 31
0
  0
LINE
  5
A1D
330
1F
100
AcDbEntity
  8
In1.Cu
  6
CONTINUOUS
100
AcDbLine
 10
6.0851948425196847
 20
-3.8298889763779527
 30
0
 11
6.0860301574803151
 21
-3.8330063779527559
 31
0
  0
LINE
  5
A1E
330
1F
100
AcDbEntity
  8
In1.Cu
  6
CONTINUOUS
100
AcDbLine
 10
6.0860301574803151
 20
-3.8330063779527559
 30
0
 11
6.0860302755905513
 21
-3.8330065748031497
 31
0
  0
LINE
  5
A1F
330
1F
100
AcDbEntity
  8
In1.Cu
  6
CONTINUOUS
100
AcDbLine
 10
6.0860302755905513
 20
-3.8330065748031497
 30
0
 11
6.0882706299212597
 21
-3.8368870472440944
 31
0
  0
LINE
  5
A20
330
1F
100
AcDbEntity
  8
In1.Cu
  6
CONTINUOUS
100
AcDbLine
 10
6.0882706299212597
 20
-3.8368870472440944
 30
0
 11
6.0882707874015747
 21
-3.8368872440944881
 31
0
  0
LINE
  5
A21
330
1F
100
AcDbEntity
  8
In1.Cu
  6
CONTINUOUS
100
AcDbLine
 10
6.0882707874015747
 20
-3.8368872440944881
 30
0
 11
6.0882708267716534
 21
-3.8368873228346456
 31
0
  0
LINE
  5
A22
330
1F
100
AcDbEntity
  8
In1.Cu
  6
CONTINUOUS
100
AcDbLine
 10
6.0882708267716534
 20
-3.8368873228346456
 30
0
 11
6.0914396456692916
 21
-3.8400561417322834
 31
0
  0
LINE
  5
A23
330
1F
100
AcDbEntity
  8
In1.Cu
  6
CONTINUOUS
100
AcDbLine
 10
6.0914396456692916
 20
-3.8400561417322834
 30
0
 11
6.0946232677165355
 21
-3.841894212598425
 31
0
  0
LINE
  5
A24
330
1F
100
AcDbEntity
  8
In1.Cu
  6
CONTINUOUS
100
AcDbLine
 10
6.0946232677165355
 20
-3.841894212598425
 30
0
 11
6.0965214960629917
 21
-3.843884960629921
 31
0
  0
LINE
  5
A25
330
1F
100
AcDbEntity
  8
In1.Cu
  6
CONTINUOUS
100
AcDbLine
 10
6.0965214960629917
 20
-3.843884960629921
 30
0
 11
6.0970421259842515
 21
-3.8465860236220473
 31
0
  0
LINE
  5
A26
330
1F
100
AcDbEntity
  8
In1.Cu
  6
CONTINUOUS
100
AcDbLine
 10
6.0970421259842515
 20
-3.8465860236220473
 30
0
 11
6.0960197637795277
 21
-3.8491397637795273
 31
0
  0
LINE
  5
A27
330
1F
100
AcDbEntity
  8
In1.Cu
  6
CONTINUOUS
100
AcDbLine
 10
6.0960197637795277
 20
-3.8491397637795273
 30
0
 11
6.0946232677165355
 21
-3.8503498425196852
 31
0
  0
LINE
  5
A28
330
1F
100
AcDbEntity
  8
In1.Cu
  6
CONTINUOUS
100
AcDbLine
 10
6.0946232677165355
 20
-3.8503498425196852
 30
0
 11
6.0914397244094483
 21
-3.8521878346456693
 31
0
  0
LINE
  5
A29
330
1F
100
AcDbEntity
  8
In1.Cu
  6
CONTINUOUS
100
AcDbLine
 10
6.0914397244094483
 20
-3.8521878346456693
 30
0
 11
6.0914395275590554
 21
-3.8521879921259843
 31
0
  0
LINE
  5
A2A
330
1F
100
AcDbEntity
  8
In1.Cu
  6
CONTINUOUS
100
AcDbLine
 10
6.0914395275590554
 20
-3.8521879921259843
 30
0
 11
6.0882708267716534
 21
-3.8553566929133858
 31
0
  0
LINE
  5
A2B
330
1F
100
AcDbEntity
  8
In1.Cu
  6
CONTINUOUS
100
AcDbLine
 10
6.0882708267716534
 20
-3.8553566929133858
 30
0
 11
6.0882705905511809
 21
-3.8553570078740158
 31
0
  0
LINE
  5
A2C
330
1F
100
AcDbEntity
  8
In1.Cu
  6
CONTINUOUS
100
AcDbLine
 10
6.0882705905511809
 20
-3.8553570078740158
 30
0
 11
6.0860302362204726
 21
-3.8592374803149605
 31
0
  0
LINE
  5
A2D
330
1F
100
AcDbEntity
  8
In1.Cu
  6
CONTINUOUS
100
AcDbLine
 10
6.0860302362204726
 20
-3.8592374803149605
 30
0
 11
6.0860301181102363
 21
-3.8592376771653543
 31
0
  0
LINE
  5
A2E
330
1F
100
AcDbEntity
  8
In1.Cu
  6
CONTINUOUS
100
AcDbLine
 10
6.0860301181102363
 20
-3.8592376771653543
 30
0
 11
6.0857484645669286
 21
-3.8602888188976379
 31
0
  0
LINE
  5
A2F
330
1F
100
AcDbEntity
  8
In1.Cu
  6
CONTINUOUS
100
AcDbLine
 10
6.0857484645669286
 20
-3.8602888188976379
 30
0
 11
6.0848702362204721
 21
-3.8635664173228346
 31
0
  0
LINE
  5
A30
330
1F
100
AcDbEntity
  8
In1.Cu
  6
CONTINUOUS
100
AcDbLine
 10
6.0848702362204721
 20
-3.8635664173228346
 30
0
 11
6.0848702362204721
 21
-3.8680477559055118
 31
0
  0
LINE
  5
A31
330
1F
100
AcDbEntity
  8
In1.Cu
  6
CONTINUOUS
100
AcDbLine
 10
6.0848702362204721
 20
-3.8680477559055118
 30
0
 11
6.0849601968503935
 21
-3.8683834251968503
 31
0
  0
LINE
  5
A32
330
1F
100
AcDbEntity
  8
In1.Cu
  6
CONTINUOUS
100
AcDbLine
 10
6.0849601968503935
 20
-3.8683834251968503
 30
0
 11
6.0860301181102363
 21
-3.8723764566929133
 31
0
  0
LINE
  5
A33
330
1F
100
AcDbEntity
  8
In1.Cu
  6
CONTINUOUS
100
AcDbLine
 10
6.0860301181102363
 20
-3.8723764566929133
 30
0
 11
6.0860302362204726
 21
-3.8723766535433071
 31
0
  0
LINE
  5
A34
330
1F
100
AcDbEntity
  8
In1.Cu
  6
CONTINUOUS
100
AcDbLine
 10
6.0860302362204726
 20
-3.8723766535433071
 30
0
 11
6.0882705905511809
 21
-3.8762571259842518
 31
0
  0
LINE
  5
A35
330
1F
100
AcDbEntity
  8
In1.Cu
  6
CONTINUOUS
100
AcDbLine
 10
6.0882705905511809
 20
-3.8762571259842518
 30
0
 11
6.0882707480314959
 21
-3.8762573228346455
 31
0
  0
LINE
  5
A36
330
1F
100
AcDbEntity
  8
In1.Cu
  6
CONTINUOUS
100
AcDbLine
 10
6.0882707480314959
 20
-3.8762573228346455
 30
0
 11
6.0882707874015747
 21
-3.876257401574803
 31
0
  0
LINE
  5
A37
330
1F
100
AcDbEntity
  8
In1.Cu
  6
CONTINUOUS
100
AcDbLine
 10
6.0882707874015747
 20
-3.876257401574803
 30
0
 11
6.0914396062992129
 21
-3.8794262204724408
 31
0
  0
LINE
  5
A38
330
1F
100
AcDbEntity
  8
In1.Cu
  6
CONTINUOUS
100
AcDbLine
 10
6.0914396062992129
 20
-3.8794262204724408
 30
0
 11
6.0914396850393695
 21
-3.8794262598425195
 31
0
  0
LINE
  5
A39
330
1F
100
AcDbEntity
  8
In1.Cu
  6
CONTINUOUS
100
AcDbLine
 10
6.0914396850393695
 20
-3.8794262598425195
 30
0
 11
6.0914398425196845
 21
-3.8794263779527558
 31
0
  0
LINE
  5
A3A
330
1F
100
AcDbEntity
  8
In1.Cu
  6
CONTINUOUS
100
AcDbLine
 10
6.0914398425196845
 20
-3.8794263779527558
 30
0
 11
6.0933429527559051
 21
-3.8805251181102363
 31
0
  0
LINE
  5
A3B
330
1F
100
AcDbEntity
  8
In1.Cu
  6
CONTINUOUS
100
AcDbLine
 10
6.0933429527559051
 20
-3.8805251181102363
 30
0
 11
6.0953205905511814
 21
-3.8816668897637796
 31
0
  0
LINE
  5
A3C
330
1F
100
AcDbEntity
  8
In1.Cu
  6
CONTINUOUS
100
AcDbLine
 10
6.0953205905511814
 20
-3.8816668897637796
 30
0
 11
6.0996492519685042
 21
-3.8828267716535434
 31
0
  0
LINE
  5
A3D
330
1F
100
AcDbEntity
  8
In1.Cu
  6
CONTINUOUS
100
AcDbLine
 10
6.0996492519685042
 20
-3.8828267716535434
 30
0
 11
6.0996493307086617
 21
-3.8828267716535434
 31
0
  0
LINE
  5
A3E
330
1F
100
AcDbEntity
  8
In1.Cu
  6
CONTINUOUS
100
AcDbLine
 10
6.0996493307086617
 20
-3.8828267716535434
 30
0
 11
6.1041305118110234
 21
-3.8828267716535434
 31
0
  0
LINE
  5
A3F
330
1F
100
AcDbEntity
  8
In1.Cu
  6
CONTINUOUS
100
AcDbLine
 10
6.1041305118110234
 20
-3.8828267716535434
 30
0
 11
6.1041305905511809
 21
-3.8828267716535434
 31
0
  0
LINE
  5
A40
330
1F
100
AcDbEntity
  8
In1.Cu
  6
CONTINUOUS
100
AcDbLine
 10
6.1041305905511809
 20
-3.8828267716535434
 30
0
 11
6.1084592519685037
 21
-3.8816668897637796
 31
0
  0
LINE
  5
A41
330
1F
100
AcDbEntity
  8
In1.Cu
  6
CONTINUOUS
100
AcDbLine
 10
6.1084592519685037
 20
-3.8816668897637796
 30
0
 11
6.1123402362204722
 21
-3.8794262204724408
 31
0
  0
LINE
  5
A42
330
1F
100
AcDbEntity
  8
In1.Cu
  6
CONTINUOUS
100
AcDbLine
 10
6.1123402362204722
 20
-3.8794262204724408
 30
0
 11
6.1155090551181104
 21
-3.876257401574803
 31
0
  0
LINE
  5
A43
330
1F
100
AcDbEntity
  8
In1.Cu
  6
CONTINUOUS
100
AcDbLine
 10
6.1155090551181104
 20
-3.876257401574803
 30
0
 11
6.1177497244094488
 21
-3.8723764173228346
 31
0
  0
LINE
  5
A44
330
1F
100
AcDbEntity
  8
In1.Cu
  6
CONTINUOUS
100
AcDbLine
 10
6.1177497244094488
 20
-3.8723764173228346
 30
0
 11
6.1189096062992121
 21
-3.8680477559055118
 31
0
  0
LINE
  5
A45
330
1F
100
AcDbEntity
  8
In1.Cu
  6
CONTINUOUS
100
AcDbLine
 10
6.1189096062992121
 20
-3.8680477559055118
 30
0
 11
6.1189096062992121
 21
-3.8635664173228346
 31
0
  0
LINE
  5
A46
330
1F
100
AcDbEntity
  8
In1.Cu
  6
CONTINUOUS
100
AcDbLine
 10
6.1189096062992121
 20
-3.8635664173228346
 30
0
 11
6.1186036614173229
 21
-3.8624246456692912
 31
0
  0
LINE
  5
A47
330
1F
100
AcDbEntity
  8
In1.Cu
  6
CONTINUOUS
100
AcDbLine
 10
6.1186036614173229
 20
-3.8624246456692912
 30
0
 11
6.1177497244094488
 21
-3.8592377559055118
 31
0
  0
LINE
  5
A48
330
1F
100
AcDbEntity
  8
In1.Cu
  6
CONTINUOUS
100
AcDbLine
 10
6.1177497244094488
 20
-3.8592377559055118
 30
0
 11
6.117531181102362
 21
-3.8588592519685037
 31
0
  0
LINE
  5
A49
330
1F
100
AcDbEntity
  8
In1.Cu
  6
CONTINUOUS
100
AcDbLine
 10
6.117531181102362
 20
-3.8588592519685037
 30
0
 11
6.1155092125984254
 21
-3.8553570078740158
 31
0
  0
LINE
  5
A4A
330
1F
100
AcDbEntity
  8
In1.Cu
  6
CONTINUOUS
100
AcDbLine
 10
6.1155092125984254
 20
-3.8553570078740158
 30
0
 11
6.1155089763779529
 21
-3.8553566929133858
 31
0
  0
LINE
  5
A4B
330
1F
100
AcDbEntity
  8
In1.Cu
  6
CONTINUOUS
100
AcDbLine
 10
6.1155089763779529
 20
-3.8553566929133858
 30
0
 11
6.1123402755905509
 21
-3.8521879921259843
 31
0
  0
LINE
  5
A4C
330
1F
100
AcDbEntity
  8
In1.Cu
  6
CONTINUOUS
100
AcDbLine
 10
6.1123402755905509
 20
-3.8521879921259843
 30
0
 11
6.1123402362204722
 21
-3.8521879527559055
 31
0
  0
LINE
  5
A4D
330
1F
100
AcDbEntity
  8
In1.Cu
  6
CONTINUOUS
100
AcDbLine
 10
6.1123402362204722
 20
-3.8521879527559055
 30
0
 11
6.1091565354330708
 21
-3.8503498425196852
 31
0
  0
LINE
  5
A4E
330
1F
100
AcDbEntity
  8
In1.Cu
  6
CONTINUOUS
100
AcDbLine
 10
6.1091565354330708
 20
-3.8503498425196852
 30
0
 11
6.1072583464566925
 21
-3.8483590944881887
 31
0
  0
LINE
  5
A4F
330
1F
100
AcDbEntity
  8
In1.Cu
  6
CONTINUOUS
100
AcDbLine
 10
6.1072583464566925
 20
-3.8483590944881887
 30
0
 11
6.1067377165354326
 21
-3.8456580314960629
 31
0
  0
LINE
  5
A50
330
1F
100
AcDbEntity
  8
In1.Cu
  6
CONTINUOUS
100
AcDbLine
 10
6.1067377165354326
 20
-3.8456580314960629
 30
0
 11
6.1077600787401574
 21
-3.8431042913385824
 31
0
  0
LINE
  5
A51
330
1F
100
AcDbEntity
  8
In1.Cu
  6
CONTINUOUS
100
AcDbLine
 10
6.1077600787401574
 20
-3.8431042913385824
 30
0
 11
6.1091564566929133
 21
-3.8418942913385825
 31
0
  0
LINE
  5
A52
330
1F
100
AcDbEntity
  8
In1.Cu
  6
CONTINUOUS
100
AcDbLine
 10
6.1091564566929133
 20
-3.8418942913385825
 30
0
 11
6.1123402755905509
 21
-3.8400561417322834
 31
0
  0
LINE
  5
A53
330
1F
100
AcDbEntity
  8
In1.Cu
  6
CONTINUOUS
100
AcDbLine
 10
6.1123402755905509
 20
-3.8400561417322834
 30
0
 11
6.1155090944881891
 21
-3.8368873228346456
 31
0
  0
LINE
  5
A54
330
1F
100
AcDbEntity
  8
In1.Cu
  6
CONTINUOUS
100
AcDbLine
 10
6.1155090944881891
 20
-3.8368873228346456
 30
0
 11
6.1177497637795275
 21
-3.8330063385826771
 31
0
  0
LINE
  5
A55
330
1F
100
AcDbEntity
  8
In1.Cu
  6
CONTINUOUS
100
AcDbLine
 10
6.1177497637795275
 20
-3.8330063385826771
 30
0
 11
6.1189096456692909
 21
-3.8286776771653543
 31
0
  0
LINE
  5
A56
330
1F
100
AcDbEntity
  8
In1.Cu
  6
CONTINUOUS
100
AcDbLine
 10
6.1189096456692909
 20
-3.8286776771653543
 30
0
 11
6.1189096456692909
 21
-3.8241963385826772
 31
0
  0
LINE
  5
A57
330
1F
100
AcDbEntity
  8
In1.Cu
  6
CONTINUOUS
100
AcDbLine
 10
6.1189096456692909
 20
-3.8241963385826772
 30
0
 11
6.1177497637795275
 21
-3.8198676771653544
 31
0
  0
LINE
  5
A58
330
1F
100
AcDbEntity
  8
In1.Cu
  6
CONTINUOUS
100
AcDbLine
 10
6.1177497637795275
 20
-3.8198676771653544
 30
0
 11
6.1175549606299215
 21
-3.8195302755905511
 31
0
  0
LINE
  5
A59
330
1F
100
AcDbEntity
  8
In1.Cu
  6
CONTINUOUS
100
AcDbLine
 10
6.1175549606299215
 20
-3.8195302755905511
 30
0
 11
6.1155092519685041
 21
-3.8159869291338584
 31
0
  0
LINE
  5
A5A
330
1F
100
AcDbEntity
  8
In1.Cu
  6
CONTINUOUS
100
AcDbLine
 10
6.1155092519685041
 20
-3.8159869291338584
 30
0
 11
6.1155090157480316
 21
-3.8159866141732284
 31
0
  0
LINE
  5
A5B
330
1F
100
AcDbEntity
  8
In1.Cu
  6
CONTINUOUS
100
AcDbLine
 10
6.1155090157480316
 20
-3.8159866141732284
 30
0
 11
6.1123403149606297
 21
-3.8128179133858269
 31
0
  0
LINE
  5
A5C
330
1F
100
AcDbEntity
  8
In1.Cu
  6
CONTINUOUS
100
AcDbLine
 10
6.1123403149606297
 20
-3.8128179133858269
 30
0
 11
6.1123399999999997
 21
-3.8128176771653544
 31
0
  0
LINE
  5
A5D
330
1F
100
AcDbEntity
  8
In1.Cu
  6
CONTINUOUS
100
AcDbLine
 10
6.1123399999999997
 20
-3.8128176771653544
 30
0
 11
6.108459527559055
 21
-3.8105773228346456
 31
0
  0
LINE
  5
A5E
330
1F
100
AcDbEntity
  8
In1.Cu
  6
CONTINUOUS
100
AcDbLine
 10
6.108459527559055
 20
-3.8105773228346456
 30
0
 11
6.1084593307086612
 21
-3.8105772047244093
 31
0
  0
LINE
  5
A5F
330
1F
100
AcDbEntity
  8
In1.Cu
  6
CONTINUOUS
100
AcDbLine
 10
6.1084593307086612
 20
-3.8105772047244093
 30
0
 11
6.107016377952756
 21
-3.8101905511811021
 31
0
  0
LINE
  5
A60
330
1F
100
AcDbEntity
  8
In1.Cu
  6
CONTINUOUS
100
AcDbLine
 10
6.107016377952756
 20
-3.8101905511811021
 30
0
 11
6.1041306299212597
 21
-3.8094173228346455
 31
0
  0
LINE
  5
A61
330
1F
100
AcDbEntity
  8
In1.Cu
  6
CONTINUOUS
100
AcDbLine
 10
6.1041306299212597
 20
-3.8094173228346455
 30
0
 11
6.0996492913385829
 21
-3.8094173228346455
 31
0
  0
LINE
  5
A62
330
1F
100
AcDbEntity
  8
In1.Cu
  6
CONTINUOUS
100
AcDbLine
 10
6.0996492913385829
 20
-3.8094173228346455
 30
0
 11
6.0983601574803146
 21
-3.8097627559055116
 31
0
  0
LINE
  5
A63
330
1F
100
AcDbEntity
  8
In1.Cu
  6
CONTINUOUS
100
AcDbLine
 10
6.3715829527559054
 20
-3.8669059842519684
 30
0
 11
6.3719788582677168
 21
-3.8683834251968503
 31
0
  0
LINE
  5
A64
330
1F
100
AcDbEntity
  8
In1.Cu
  6
CONTINUOUS
100
AcDbLine
 10
6.3719788582677168
 20
-3.8683834251968503
 30
0
 11
6.3727428346456687
 21
-3.87123468503937
 31
0
  0
LINE
  5
A65
330
1F
100
AcDbEntity
  8
In1.Cu
  6
CONTINUOUS
100
AcDbLine
 10
6.3727428346456687
 20
-3.87123468503937
 30
0
 11
6.372742952755905
 21
-3.8712348818897637
 31
0
  0
LINE
  5
A66
330
1F
100
AcDbEntity
  8
In1.Cu
  6
CONTINUOUS
100
AcDbLine
 10
6.372742952755905
 20
-3.8712348818897637
 30
0
 11
6.3749833070866142
 21
-3.8751153543307084
 31
0
  0
LINE
  5
A67
330
1F
100
AcDbEntity
  8
In1.Cu
  6
CONTINUOUS
100
AcDbLine
 10
6.3749833070866142
 20
-3.8751153543307084
 30
0
 11
6.3749834645669292
 21
-3.8751155511811022
 31
0
  0
LINE
  5
A68
330
1F
100
AcDbEntity
  8
In1.Cu
  6
CONTINUOUS
100
AcDbLine
 10
6.3749834645669292
 20
-3.8751155511811022
 30
0
 11
6.374983503937008
 21
-3.8751156299212597
 31
0
  0
LINE
  5
A69
330
1F
100
AcDbEntity
  8
In1.Cu
  6
CONTINUOUS
100
AcDbLine
 10
6.374983503937008
 20
-3.8751156299212597
 30
0
 11
6.3781523228346453
 21
-3.8782844488188974
 31
0
  0
LINE
  5
A6A
330
1F
100
AcDbEntity
  8
In1.Cu
  6
CONTINUOUS
100
AcDbLine
 10
6.3781523228346453
 20
-3.8782844488188974
 30
0
 11
6.3781524015748028
 21
-3.8782844881889762
 31
0
  0
LINE
  5
A6B
330
1F
100
AcDbEntity
  8
In1.Cu
  6
CONTINUOUS
100
AcDbLine
 10
6.3781524015748028
 20
-3.8782844881889762
 30
0
 11
6.3781525590551178
 21
-3.8782846062992125
 31
0
  0
LINE
  5
A6C
330
1F
100
AcDbEntity
  8
In1.Cu
  6
CONTINUOUS
100
AcDbLine
 10
6.3781525590551178
 20
-3.8782846062992125
 30
0
 11
6.3820330314960625
 21
-3.8805249606299212
 31
0
  0
LINE
  5
A6D
330
1F
100
AcDbEntity
  8
In1.Cu
  6
CONTINUOUS
100
AcDbLine
 10
6.3820330314960625
 20
-3.8805249606299212
 30
0
 11
6.3820333070866138
 21
-3.8805251181102363
 31
0
  0
LINE
  5
A6E
330
1F
100
AcDbEntity
  8
In1.Cu
  6
CONTINUOUS
100
AcDbLine
 10
6.3820333070866138
 20
-3.8805251181102363
 30
0
 11
6.3863619685039366
 21
-3.8816850000000001
 31
0
  0
LINE
  5
A6F
330
1F
100
AcDbEntity
  8
In1.Cu
  6
CONTINUOUS
100
AcDbLine
 10
6.3863619685039366
 20
-3.8816850000000001
 30
0
 11
6.3863620472440941
 21
-3.8816850000000001
 31
0
  0
LINE
  5
A70
330
1F
100
AcDbEntity
  8
In1.Cu
  6
CONTINUOUS
100
AcDbLine
 10
6.3863620472440941
 20
-3.8816850000000001
 30
0
 11
6.3908432283464567
 21
-3.8816850000000001
 31
0
  0
LINE
  5
A71
330
1F
100
AcDbEntity
  8
In1.Cu
  6
CONTINUOUS
100
AcDbLine
 10
6.3908432283464567
 20
-3.8816850000000001
 30
0
 11
6.3908433070866142
 21
-3.8816850000000001
 31
0
  0
LINE
  5
A72
330
1F
100
AcDbEntity
  8
In1.Cu
  6
CONTINUOUS
100
AcDbLine
 10
6.3908433070866142
 20
-3.8816850000000001
 30
0
 11
6.395171968503937
 21
-3.8805251181102363
 31
0
  0
LINE
  5
A73
330
1F
100
AcDbEntity
  8
In1.Cu
  6
CONTINUOUS
100
AcDbLine
 10
6.395171968503937
 20
-3.8805251181102363
 30
0
 11
6.3990529527559055
 21
-3.8782844488188974
 31
0
  0
LINE
  5
A74
330
1F
100
AcDbEntity
  8
In1.Cu
  6
CONTINUOUS
100
AcDbLine
 10
6.3990529527559055
 20
-3.8782844488188974
 30
0
 11
6.4022217716535428
 21
-3.8751156299212597
 31
0
  0
LINE
  5
A75
330
1F
100
AcDbEntity
  8
In1.Cu
  6
CONTINUOUS
100
AcDbLine
 10
6.4022217716535428
 20
-3.8751156299212597
 30
0
 11
6.404462440944882
 21
-3.8712346456692912
 31
0
  0
LINE
  5
A76
330
1F
100
AcDbEntity
  8
In1.Cu
  6
CONTINUOUS
100
AcDbLine
 10
6.404462440944882
 20
-3.8712346456692912
 30
0
 11
6.4056223228346454
 21
-3.8669059842519684
 31
0
  0
LINE
  5
A77
330
1F
100
AcDbEntity
  8
In1.Cu
  6
CONTINUOUS
100
AcDbLine
 10
6.4056223228346454
 20
-3.8669059842519684
 30
0
 11
6.4056223228346454
 21
-3.8624246456692912
 31
0
  0
LINE
  5
A78
330
1F
100
AcDbEntity
  8
In1.Cu
  6
CONTINUOUS
100
AcDbLine
 10
6.4056223228346454
 20
-3.8624246456692912
 30
0
 11
6.404462440944882
 21
-3.8580959842519684
 31
0
  0
LINE
  5
A79
330
1F
100
AcDbEntity
  8
In1.Cu
  6
CONTINUOUS
100
AcDbLine
 10
6.404462440944882
 20
-3.8580959842519684
 30
0
 11
6.4035430708661414
 21
-3.8565035826771652
 31
0
  0
LINE
  5
A7A
330
1F
100
AcDbEntity
  8
In1.Cu
  6
CONTINUOUS
100
AcDbLine
 10
6.4035430708661414
 20
-3.8565035826771652
 30
0
 11
6.4022219291338578
 21
-3.8542152362204725
 31
0
  0
LINE
  5
A7B
330
1F
100
AcDbEntity
  8
In1.Cu
  6
CONTINUOUS
100
AcDbLine
 10
6.4022219291338578
 20
-3.8542152362204725
 30
0
 11
6.4022216929133853
 21
-3.8542149212598424
 31
0
  0
LINE
  5
A7C
330
1F
100
AcDbEntity
  8
In1.Cu
  6
CONTINUOUS
100
AcDbLine
 10
6.4022216929133853
 20
-3.8542149212598424
 30
0
 11
6.3990529921259842
 21
-3.8510462204724409
 31
0
  0
LINE
  5
A7D
330
1F
100
AcDbEntity
  8
In1.Cu
  6
CONTINUOUS
100
AcDbLine
 10
6.3990529921259842
 20
-3.8510462204724409
 30
0
 11
6.3990526771653542
 21
-3.8510459842519684
 31
0
  0
LINE
  5
A7E
330
1F
100
AcDbEntity
  8
In1.Cu
  6
CONTINUOUS
100
AcDbLine
 10
6.3990526771653542
 20
-3.8510459842519684
 30
0
 11
6.3951722047244095
 21
-3.8488056299212596
 31
0
  0
LINE
  5
A7F
330
1F
100
AcDbEntity
  8
In1.Cu
  6
CONTINUOUS
100
AcDbLine
 10
6.3951722047244095
 20
-3.8488056299212596
 30
0
 11
6.3951720078740157
 21
-3.8488055118110234
 31
0
  0
LINE
  5
A80
330
1F
100
AcDbEntity
  8
In1.Cu
  6
CONTINUOUS
100
AcDbLine
 10
6.3951720078740157
 20
-3.8488055118110234
 30
0
 11
6.3935059448818894
 21
-3.8483590944881887
 31
0
  0
LINE
  5
A81
330
1F
100
AcDbEntity
  8
In1.Cu
  6
CONTINUOUS
100
AcDbLine
 10
6.3935059448818894
 20
-3.8483590944881887
 30
0
 11
6.3908433070866142
 21
-3.8476456299212596
 31
0
  0
LINE
  5
A82
330
1F
100
AcDbEntity
  8
In1.Cu
  6
CONTINUOUS
100
AcDbLine
 10
6.3908433070866142
 20
-3.8476456299212596
 30
0
 11
6.3863619685039366
 21
-3.8476456299212596
 31
0
  0
LINE
  5
A83
330
1F
100
AcDbEntity
  8
In1.Cu
  6
CONTINUOUS
100
AcDbLine
 10
6.3863619685039366
 20
-3.8476456299212596
 30
0
 11
6.3841976377952756
 21
-3.8482255511811023
 31
0
  0
LINE
  5
A84
330
1F
100
AcDbEntity
  8
In1.Cu
  6
CONTINUOUS
100
AcDbLine
 10
6.3841976377952756
 20
-3.8482255511811023
 30
0
 11
6.3820332283464563
 21
-3.8488055118110234
 31
0
  0
LINE
  5
A85
330
1F
100
AcDbEntity
  8
In1.Cu
  6
CONTINUOUS
100
AcDbLine
 10
6.3820332283464563
 20
-3.8488055118110234
 30
0
 11
6.3820330314960625
 21
-3.8488056299212596
 31
0
  0
LINE
  5
A86
330
1F
100
AcDbEntity
  8
In1.Cu
  6
CONTINUOUS
100
AcDbLine
 10
6.3820330314960625
 20
-3.8488056299212596
 30
0
 11
6.3781525590551178
 21
-3.8510459842519684
 31
0
  0
LINE
  5
A87
330
1F
100
AcDbEntity
  8
In1.Cu
  6
CONTINUOUS
100
AcDbLine
 10
6.3781525590551178
 20
-3.8510459842519684
 30
0
 11
6.3781522440944878
 21
-3.8510462204724409
 31
0
  0
LINE
  5
A88
330
1F
100
AcDbEntity
  8
In1.Cu
  6
CONTINUOUS
100
AcDbLine
 10
6.3781522440944878
 20
-3.8510462204724409
 30
0
 11
6.3749835433070867
 21
-3.8542149212598424
 31
0
  0
LINE
  5
A89
330
1F
100
AcDbEntity
  8
In1.Cu
  6
CONTINUOUS
100
AcDbLine
 10
6.3749835433070867
 20
-3.8542149212598424
 30
0
 11
6.3749833070866142
 21
-3.8542152362204725
 31
0
  0
LINE
  5
A8A
330
1F
100
AcDbEntity
  8
In1.Cu
  6
CONTINUOUS
100
AcDbLine
 10
6.3749833070866142
 20
-3.8542152362204725
 30
0
 11
6.372742952755905
 21
-3.8580957086614172
 31
0
  0
LINE
  5
A8B
330
1F
100
AcDbEntity
  8
In1.Cu
  6
CONTINUOUS
100
AcDbLine
 10
6.372742952755905
 20
-3.8580957086614172
 30
0
 11
6.3727428346456687
 21
-3.8580959055118109
 31
0
  0
LINE
  5
A8C
330
1F
100
AcDbEntity
  8
In1.Cu
  6
CONTINUOUS
100
AcDbLine
 10
6.3727428346456687
 20
-3.8580959055118109
 30
0
 11
6.3719695669291339
 21
-3.8609817322834643
 31
0
  0
LINE
  5
A8D
330
1F
100
AcDbEntity
  8
In1.Cu
  6
CONTINUOUS
100
AcDbLine
 10
6.3719695669291339
 20
-3.8609817322834643
 30
0
 11
6.3715829527559054
 21
-3.8624246456692912
 31
0
  0
LINE
  5
A8E
330
1F
100
AcDbEntity
  8
In1.Cu
  6
CONTINUOUS
100
AcDbLine
 10
6.3715829527559054
 20
-3.8624246456692912
 30
0
 11
6.3715829527559054
 21
-3.8669059842519684
 31
0
  0
LINE
  5
A8F
330
1F
100
AcDbEntity
  8
In1.Cu
  6
CONTINUOUS
100
AcDbLine
 10
5.4864450393700785
 20
-3.8601737401574803
 30
0
 11
5.4867029527559055
 21
-3.8611362598425196
 31
0
  0
LINE
  5
A90
330
1F
100
AcDbEntity
  8
In1.Cu
  6
CONTINUOUS
100
AcDbLine
 10
5.4867029527559055
 20
-3.8611362598425196
 30
0
 11
5.4876049212598428
 21
-3.8645024409448818
 31
0
  0
LINE
  5
A91
330
1F
100
AcDbEntity
  8
In1.Cu
  6
CONTINUOUS
100
AcDbLine
 10
5.4876049212598428
 20
-3.8645024409448818
 30
0
 11
5.487605039370079
 21
-3.8645026377952756
 31
0
  0
LINE
  5
A92
330
1F
100
AcDbEntity
  8
In1.Cu
  6
CONTINUOUS
100
AcDbLine
 10
5.487605039370079
 20
-3.8645026377952756
 30
0
 11
5.4898453937007874
 21
-3.8683831102362203
 31
0
  0
LINE
  5
A93
330
1F
100
AcDbEntity
  8
In1.Cu
  6
CONTINUOUS
100
AcDbLine
 10
5.4898453937007874
 20
-3.8683831102362203
 30
0
 11
5.4898455511811024
 21
-3.868383307086614
 31
0
  0
LINE
  5
A94
330
1F
100
AcDbEntity
  8
In1.Cu
  6
CONTINUOUS
100
AcDbLine
 10
5.4898455511811024
 20
-3.868383307086614
 30
0
 11
5.4898455905511812
 21
-3.8683833858267715
 31
0
  0
LINE
  5
A95
330
1F
100
AcDbEntity
  8
In1.Cu
  6
CONTINUOUS
100
AcDbLine
 10
5.4898455905511812
 20
-3.8683833858267715
 30
0
 11
5.4930144094488185
 21
-3.8715522047244093
 31
0
  0
LINE
  5
A96
330
1F
100
AcDbEntity
  8
In1.Cu
  6
CONTINUOUS
100
AcDbLine
 10
5.4930144094488185
 20
-3.8715522047244093
 30
0
 11
5.493014488188976
 21
-3.8715522440944881
 31
0
  0
LINE
  5
A97
330
1F
100
AcDbEntity
  8
In1.Cu
  6
CONTINUOUS
100
AcDbLine
 10
5.493014488188976
 20
-3.8715522440944881
 30
0
 11
5.493014645669291
 21
-3.8715523622047243
 31
0
  0
LINE
  5
A98
330
1F
100
AcDbEntity
  8
In1.Cu
  6
CONTINUOUS
100
AcDbLine
 10
5.493014645669291
 20
-3.8715523622047243
 30
0
 11
5.4967018110236223
 21
-3.8736811023622044
 31
0
  0
LINE
  5
A99
330
1F
100
AcDbEntity
  8
In1.Cu
  6
CONTINUOUS
100
AcDbLine
 10
5.4967018110236223
 20
-3.8736811023622044
 30
0
 11
5.4968953937007869
 21
-3.8737928740157481
 31
0
  0
LINE
  5
A9A
330
1F
100
AcDbEntity
  8
In1.Cu
  6
CONTINUOUS
100
AcDbLine
 10
5.4968953937007869
 20
-3.8737928740157481
 30
0
 11
5.5012240551181097
 21
-3.8749527559055119
 31
0
  0
LINE
  5
A9B
330
1F
100
AcDbEntity
  8
In1.Cu
  6
CONTINUOUS
100
AcDbLine
 10
5.5012240551181097
 20
-3.8749527559055119
 30
0
 11
5.5012241338582673
 21
-3.8749527559055119
 31
0
  0
LINE
  5
A9C
330
1F
100
AcDbEntity
  8
In1.Cu
  6
CONTINUOUS
100
AcDbLine
 10
5.5012241338582673
 20
-3.8749527559055119
 30
0
 11
5.5057053149606299
 21
-3.8749527559055119
 31
0
  0
LINE
  5
A9D
330
1F
100
AcDbEntity
  8
In1.Cu
  6
CONTINUOUS
100
AcDbLine
 10
5.5057053149606299
 20
-3.8749527559055119
 30
0
 11
5.5057053937007874
 21
-3.8749527559055119
 31
0
  0
LINE
  5
A9E
330
1F
100
AcDbEntity
  8
In1.Cu
  6
CONTINUOUS
100
AcDbLine
 10
5.5057053937007874
 20
-3.8749527559055119
 30
0
 11
5.5100340551181102
 21
-3.8737928740157481
 31
0
  0
LINE
  5
A9F
330
1F
100
AcDbEntity
  8
In1.Cu
  6
CONTINUOUS
100
AcDbLine
 10
5.5100340551181102
 20
-3.8737928740157481
 30
0
 11
5.5139150393700787
 21
-3.8715522047244093
 31
0
  0
LINE
  5
AA0
330
1F
100
AcDbEntity
  8
In1.Cu
  6
CONTINUOUS
100
AcDbLine
 10
5.5139150393700787
 20
-3.8715522047244093
 30
0
 11
5.517083858267716
 21
-3.8683833858267715
 31
0
  0
LINE
  5
AA1
330
1F
100
AcDbEntity
  8
In1.Cu
  6
CONTINUOUS
100
AcDbLine
 10
5.517083858267716
 20
-3.8683833858267715
 30
0
 11
5.5193245275590552
 21
-3.8645024015748031
 31
0
  0
LINE
  5
AA2
330
1F
100
AcDbEntity
  8
In1.Cu
  6
CONTINUOUS
100
AcDbLine
 10
5.5193245275590552
 20
-3.8645024015748031
 30
0
 11
5.5195753149606297
 21
-3.8635664173228346
 31
0
  0
LINE
  5
AA3
330
1F
100
AcDbEntity
  8
In1.Cu
  6
CONTINUOUS
100
AcDbLine
 10
5.5195753149606297
 20
-3.8635664173228346
 30
0
 11
5.5204844094488186
 21
-3.8601737401574803
 31
0
  0
LINE
  5
AA4
330
1F
100
AcDbEntity
  8
In1.Cu
  6
CONTINUOUS
100
AcDbLine
 10
5.5204844094488186
 20
-3.8601737401574803
 30
0
 11
5.5204844094488186
 21
-3.8556924015748031
 31
0
  0
LINE
  5
AA5
330
1F
100
AcDbEntity
  8
In1.Cu
  6
CONTINUOUS
100
AcDbLine
 10
5.5204844094488186
 20
-3.8556924015748031
 30
0
 11
5.5193245275590552
 21
-3.8513637401574803
 31
0
  0
LINE
  5
AA6
330
1F
100
AcDbEntity
  8
In1.Cu
  6
CONTINUOUS
100
AcDbLine
 10
5.5193245275590552
 20
-3.8513637401574803
 30
0
 11
5.5191297244094484
 21
-3.8510263385826771
 31
0
  0
LINE
  5
AA7
330
1F
100
AcDbEntity
  8
In1.Cu
  6
CONTINUOUS
100
AcDbLine
 10
5.5191297244094484
 20
-3.8510263385826771
 30
0
 11
5.517084015748031
 21
-3.8474829921259843
 31
0
  0
LINE
  5
AA8
330
1F
100
AcDbEntity
  8
In1.Cu
  6
CONTINUOUS
100
AcDbLine
 10
5.517084015748031
 20
-3.8474829921259843
 30
0
 11
5.5170837795275594
 21
-3.8474826771653543
 31
0
  0
LINE
  5
AA9
330
1F
100
AcDbEntity
  8
In1.Cu
  6
CONTINUOUS
100
AcDbLine
 10
5.5170837795275594
 20
-3.8474826771653543
 30
0
 11
5.5139150787401574
 21
-3.8443139763779528
 31
0
  0
LINE
  5
AAA
330
1F
100
AcDbEntity
  8
In1.Cu
  6
CONTINUOUS
100
AcDbLine
 10
5.5139150787401574
 20
-3.8443139763779528
 30
0
 11
5.5139147637795274
 21
-3.8443137401574803
 31
0
  0
LINE
  5
AAB
330
1F
100
AcDbEntity
  8
In1.Cu
  6
CONTINUOUS
100
AcDbLine
 10
5.5139147637795274
 20
-3.8443137401574803
 30
0
 11
5.5100342913385827
 21
-3.8420733858267715
 31
0
  0
LINE
  5
AAC
330
1F
100
AcDbEntity
  8
In1.Cu
  6
CONTINUOUS
100
AcDbLine
 10
5.5100342913385827
 20
-3.8420733858267715
 30
0
 11
5.5100340944881889
 21
-3.8420732677165352
 31
0
  0
LINE
  5
AAD
330
1F
100
AcDbEntity
  8
In1.Cu
  6
CONTINUOUS
100
AcDbLine
 10
5.5100340944881889
 20
-3.8420732677165352
 30
0
 11
5.5085911417322837
 21
-3.8416866141732284
 31
0
  0
LINE
  5
AAE
330
1F
100
AcDbEntity
  8
In1.Cu
  6
CONTINUOUS
100
AcDbLine
 10
5.5085911417322837
 20
-3.8416866141732284
 30
0
 11
5.5057053937007874
 21
-3.8409133858267714
 31
0
  0
LINE
  5
AAF
330
1F
100
AcDbEntity
  8
In1.Cu
  6
CONTINUOUS
100
AcDbLine
 10
5.5057053937007874
 20
-3.8409133858267714
 30
0
 11
5.5012240551181097
 21
-3.8409133858267714
 31
0
  0
LINE
  5
AB0
330
1F
100
AcDbEntity
  8
In1.Cu
  6
CONTINUOUS
100
AcDbLine
 10
5.5012240551181097
 20
-3.8409133858267714
 30
0
 11
5.4990597244094488
 21
-3.8414933070866142
 31
0
  0
LINE
  5
AB1
330
1F
100
AcDbEntity
  8
In1.Cu
  6
CONTINUOUS
100
AcDbLine
 10
5.4990597244094488
 20
-3.8414933070866142
 30
0
 11
5.4968953149606294
 21
-3.8420732677165352
 31
0
  0
LINE
  5
AB2
330
1F
100
AcDbEntity
  8
In1.Cu
  6
CONTINUOUS
100
AcDbLine
 10
5.4968953149606294
 20
-3.8420732677165352
 30
0
 11
5.4968951181102357
 21
-3.8420733858267715
 31
0
  0
LINE
  5
AB3
330
1F
100
AcDbEntity
  8
In1.Cu
  6
CONTINUOUS
100
AcDbLine
 10
5.4968951181102357
 20
-3.8420733858267715
 30
0
 11
5.493014645669291
 21
-3.8443137401574803
 31
0
  0
LINE
  5
AB4
330
1F
100
AcDbEntity
  8
In1.Cu
  6
CONTINUOUS
100
AcDbLine
 10
5.493014645669291
 20
-3.8443137401574803
 30
0
 11
5.493014330708661
 21
-3.8443139763779528
 31
0
  0
LINE
  5
AB5
330
1F
100
AcDbEntity
  8
In1.Cu
  6
CONTINUOUS
100
AcDbLine
 10
5.493014330708661
 20
-3.8443139763779528
 30
0
 11
5.4898456299212599
 21
-3.8474826771653543
 31
0
  0
LINE
  5
AB6
330
1F
100
AcDbEntity
  8
In1.Cu
  6
CONTINUOUS
100
AcDbLine
 10
5.4898456299212599
 20
-3.8474826771653543
 30
0
 11
5.4898453937007874
 21
-3.8474829921259843
 31
0
  0
LINE
  5
AB7
330
1F
100
AcDbEntity
  8
In1.Cu
  6
CONTINUOUS
100
AcDbLine
 10
5.4898453937007874
 20
-3.8474829921259843
 30
0
 11
5.487605039370079
 21
-3.851363464566929
 31
0
  0
LINE
  5
AB8
330
1F
100
AcDbEntity
  8
In1.Cu
  6
CONTINUOUS
100
AcDbLine
 10
5.487605039370079
 20
-3.851363464566929
 30
0
 11
5.4876049212598428
 21
-3.8513636614173228
 31
0
  0
LINE
  5
AB9
330
1F
100
AcDbEntity
  8
In1.Cu
  6
CONTINUOUS
100
AcDbLine
 10
5.4876049212598428
 20
-3.8513636614173228
 30
0
 11
5.4871203543307088
 21
-3.8531721259842517
 31
0
  0
LINE
  5
ABA
330
1F
100
AcDbEntity
  8
In1.Cu
  6
CONTINUOUS
100
AcDbLine
 10
5.4871203543307088
 20
-3.8531721259842517
 30
0
 11
5.4864450393700785
 21
-3.8556924015748031
 31
0
  0
LINE
  5
ABB
330
1F
100
AcDbEntity
  8
In1.Cu
  6
CONTINUOUS
100
AcDbLine
 10
5.4864450393700785
 20
-3.8556924015748031
 30
0
 11
5.4864450393700785
 21
-3.8601737401574803
 31
0
  0
LINE
  5
ABC
330
1F
100
AcDbEntity
  8
In1.Cu
  6
CONTINUOUS
100
AcDbLine
 10
5.6517994094488184
 20
-3.8365516929133858
 30
0
 11
5.6518893700787398
 21
-3.8368873622047244
 31
0
  0
LINE
  5
ABD
330
1F
100
AcDbEntity
  8
In1.Cu
  6
CONTINUOUS
100
AcDbLine
 10
5.6518893700787398
 20
-3.8368873622047244
 30
0
 11
5.6529592913385827
 21
-3.8408803937007874
 31
0
  0
LINE
  5
ABE
330
1F
100
AcDbEntity
  8
In1.Cu
  6
CONTINUOUS
100
AcDbLine
 10
5.6529592913385827
 20
-3.8408803937007874
 30
0
 11
5.6529594094488189
 21
-3.8408805905511811
 31
0
  0
LINE
  5
ABF
330
1F
100
AcDbEntity
  8
In1.Cu
  6
CONTINUOUS
100
AcDbLine
 10
5.6529594094488189
 20
-3.8408805905511811
 30
0
 11
5.6551997637795273
 21
-3.8447610629921258
 31
0
  0
LINE
  5
AC0
330
1F
100
AcDbEntity
  8
In1.Cu
  6
CONTINUOUS
100
AcDbLine
 10
5.6551997637795273
 20
-3.8447610629921258
 30
0
 11
5.6551999212598423
 21
-3.8447612598425196
 31
0
  0
LINE
  5
AC1
330
1F
100
AcDbEntity
  8
In1.Cu
  6
CONTINUOUS
100
AcDbLine
 10
5.6551999212598423
 20
-3.8447612598425196
 30
0
 11
5.655199960629921
 21
-3.8447613385826771
 31
0
  0
LINE
  5
AC2
330
1F
100
AcDbEntity
  8
In1.Cu
  6
CONTINUOUS
100
AcDbLine
 10
5.655199960629921
 20
-3.8447613385826771
 30
0
 11
5.6583687795275592
 21
-3.8479301574803149
 31
0
  0
LINE
  5
AC3
330
1F
100
AcDbEntity
  8
In1.Cu
  6
CONTINUOUS
100
AcDbLine
 10
5.6583687795275592
 20
-3.8479301574803149
 30
0
 11
5.6583688582677167
 21
-3.8479301968503936
 31
0
  0
LINE
  5
AC4
330
1F
100
AcDbEntity
  8
In1.Cu
  6
CONTINUOUS
100
AcDbLine
 10
5.6583688582677167
 20
-3.8479301968503936
 30
0
 11
5.6583690157480317
 21
-3.8479303149606299
 31
0
  0
LINE
  5
AC5
330
1F
100
AcDbEntity
  8
In1.Cu
  6
CONTINUOUS
100
AcDbLine
 10
5.6583690157480317
 20
-3.8479303149606299
 30
0
 11
5.6622494881889764
 21
-3.8501706692913387
 31
0
  0
LINE
  5
AC6
330
1F
100
AcDbEntity
  8
In1.Cu
  6
CONTINUOUS
100
AcDbLine
 10
5.6622494881889764
 20
-3.8501706692913387
 30
0
 11
5.6622497637795277
 21
-3.8501708267716537
 31
0
  0
LINE
  5
AC7
330
1F
100
AcDbEntity
  8
In1.Cu
  6
CONTINUOUS
100
AcDbLine
 10
5.6622497637795277
 20
-3.8501708267716537
 30
0
 11
5.6665784251968505
 21
-3.851330708661417
 31
0
  0
LINE
  5
AC8
330
1F
100
AcDbEntity
  8
In1.Cu
  6
CONTINUOUS
100
AcDbLine
 10
5.6665784251968505
 20
-3.851330708661417
 30
0
 11
5.666578503937008
 21
-3.851330708661417
 31
0
  0
LINE
  5
AC9
330
1F
100
AcDbEntity
  8
In1.Cu
  6
CONTINUOUS
100
AcDbLine
 10
5.666578503937008
 20
-3.851330708661417
 30
0
 11
5.6710596850393697
 21
-3.851330708661417
 31
0
  0
LINE
  5
ACA
330
1F
100
AcDbEntity
  8
In1.Cu
  6
CONTINUOUS
100
AcDbLine
 10
5.6710596850393697
 20
-3.851330708661417
 30
0
 11
5.6710597637795273
 21
-3.851330708661417
 31
0
  0
LINE
  5
ACB
330
1F
100
AcDbEntity
  8
In1.Cu
  6
CONTINUOUS
100
AcDbLine
 10
5.6710597637795273
 20
-3.851330708661417
 30
0
 11
5.6753884251968501
 21
-3.8501708267716537
 31
0
  0
LINE
  5
ACC
330
1F
100
AcDbEntity
  8
In1.Cu
  6
CONTINUOUS
100
AcDbLine
 10
5.6753884251968501
 20
-3.8501708267716537
 30
0
 11
5.6792694094488185
 21
-3.8479301574803149
 31
0
  0
LINE
  5
ACD
330
1F
100
AcDbEntity
  8
In1.Cu
  6
CONTINUOUS
100
AcDbLine
 10
5.6792694094488185
 20
-3.8479301574803149
 30
0
 11
5.6824382283464567
 21
-3.8447613385826771
 31
0
  0
LINE
  5
ACE
330
1F
100
AcDbEntity
  8
In1.Cu
  6
CONTINUOUS
100
AcDbLine
 10
5.6824382283464567
 20
-3.8447613385826771
 30
0
 11
5.6846788976377951
 21
-3.8408803543307086
 31
0
  0
LINE
  5
ACF
330
1F
100
AcDbEntity
  8
In1.Cu
  6
CONTINUOUS
100
AcDbLine
 10
5.6846788976377951
 20
-3.8408803543307086
 30
0
 11
5.6858387795275593
 21
-3.8365516929133858
 31
0
  0
LINE
  5
AD0
330
1F
100
AcDbEntity
  8
In1.Cu
  6
CONTINUOUS
100
AcDbLine
 10
5.6858387795275593
 20
-3.8365516929133858
 30
0
 11
5.6858387795275593
 21
-3.8320703543307086
 31
0
  0
LINE
  5
AD1
330
1F
100
AcDbEntity
  8
In1.Cu
  6
CONTINUOUS
100
AcDbLine
 10
5.6858387795275593
 20
-3.8320703543307086
 30
0
 11
5.6846788976377951
 21
-3.8277416929133858
 31
0
  0
LINE
  5
AD2
330
1F
100
AcDbEntity
  8
In1.Cu
  6
CONTINUOUS
100
AcDbLine
 10
5.6846788976377951
 20
-3.8277416929133858
 30
0
 11
5.6846787401574801
 21
-3.8277414173228346
 31
0
  0
LINE
  5
AD3
330
1F
100
AcDbEntity
  8
In1.Cu
  6
CONTINUOUS
100
AcDbLine
 10
5.6846787401574801
 20
-3.8277414173228346
 30
0
 11
5.6824383858267717
 21
-3.8238609448818899
 31
0
  0
LINE
  5
AD4
330
1F
100
AcDbEntity
  8
In1.Cu
  6
CONTINUOUS
100
AcDbLine
 10
5.6824383858267717
 20
-3.8238609448818899
 30
0
 11
5.6824381496062992
 21
-3.8238606299212599
 31
0
  0
LINE
  5
AD5
330
1F
100
AcDbEntity
  8
In1.Cu
  6
CONTINUOUS
100
AcDbLine
 10
5.6824381496062992
 20
-3.8238606299212599
 30
0
 11
5.6792694488188973
 21
-3.8206919291338584
 31
0
  0
LINE
  5
AD6
330
1F
100
AcDbEntity
  8
In1.Cu
  6
CONTINUOUS
100
AcDbLine
 10
5.6792694488188973
 20
-3.8206919291338584
 30
0
 11
5.6792691338582673
 21
-3.8206916929133858
 31
0
  0
LINE
  5
AD7
330
1F
100
AcDbEntity
  8
In1.Cu
  6
CONTINUOUS
100
AcDbLine
 10
5.6792691338582673
 20
-3.8206916929133858
 30
0
 11
5.6753886614173226
 21
-3.818451338582677
 31
0
  0
LINE
  5
AD8
330
1F
100
AcDbEntity
  8
In1.Cu
  6
CONTINUOUS
100
AcDbLine
 10
5.6753886614173226
 20
-3.818451338582677
 30
0
 11
5.6753884645669288
 21
-3.8184512204724408
 31
0
  0
LINE
  5
AD9
330
1F
100
AcDbEntity
  8
In1.Cu
  6
CONTINUOUS
100
AcDbLine
 10
5.6753884645669288
 20
-3.8184512204724408
 30
0
 11
5.6739455118110236
 21
-3.818064566929134
 31
0
  0
LINE
  5
ADA
330
1F
100
AcDbEntity
  8
In1.Cu
  6
CONTINUOUS
100
AcDbLine
 10
5.6739455118110236
 20
-3.818064566929134
 30
0
 11
5.6710597637795273
 21
-3.817291338582677
 31
0
  0
LINE
  5
ADB
330
1F
100
AcDbEntity
  8
In1.Cu
  6
CONTINUOUS
100
AcDbLine
 10
5.6710597637795273
 20
-3.817291338582677
 30
0
 11
5.6665784251968505
 21
-3.817291338582677
 31
0
  0
LINE
  5
ADC
330
1F
100
AcDbEntity
  8
In1.Cu
  6
CONTINUOUS
100
AcDbLine
 10
5.6665784251968505
 20
-3.817291338582677
 30
0
 11
5.6644140944881887
 21
-3.8178712598425197
 31
0
  0
LINE
  5
ADD
330
1F
100
AcDbEntity
  8
In1.Cu
  6
CONTINUOUS
100
AcDbLine
 10
5.6644140944881887
 20
-3.8178712598425197
 30
0
 11
5.6622496850393702
 21
-3.8184512204724408
 31
0
  0
LINE
  5
ADE
330
1F
100
AcDbEntity
  8
In1.Cu
  6
CONTINUOUS
100
AcDbLine
 10
5.6622496850393702
 20
-3.8184512204724408
 30
0
 11
5.6622494881889764
 21
-3.818451338582677
 31
0
  0
LINE
  5
ADF
330
1F
100
AcDbEntity
  8
In1.Cu
  6
CONTINUOUS
100
AcDbLine
 10
5.6622494881889764
 20
-3.818451338582677
 30
0
 11
5.6583690157480317
 21
-3.8206916929133858
 31
0
  0
LINE
  5
AE0
330
1F
100
AcDbEntity
  8
In1.Cu
  6
CONTINUOUS
100
AcDbLine
 10
5.6583690157480317
 20
-3.8206916929133858
 30
0
 11
5.6583687007874017
 21
-3.8206919291338584
 31
0
  0
LINE
  5
AE1
330
1F
100
AcDbEntity
  8
In1.Cu
  6
CONTINUOUS
100
AcDbLine
 10
5.6583687007874017
 20
-3.8206919291338584
 30
0
 11
5.6551999999999998
 21
-3.8238606299212599
 31
0
  0
LINE
  5
AE2
330
1F
100
AcDbEntity
  8
In1.Cu
  6
CONTINUOUS
100
AcDbLine
 10
5.6551999999999998
 20
-3.8238606299212599
 30
0
 11
5.6551997637795273
 21
-3.8238609448818899
 31
0
  0
LINE
  5
AE3
330
1F
100
AcDbEntity
  8
In1.Cu
  6
CONTINUOUS
100
AcDbLine
 10
5.6551997637795273
 20
-3.8238609448818899
 30
0
 11
5.6529594094488189
 21
-3.8277414173228346
 31
0
  0
LINE
  5
AE4
330
1F
100
AcDbEntity
  8
In1.Cu
  6
CONTINUOUS
100
AcDbLine
 10
5.6529594094488189
 20
-3.8277414173228346
 30
0
 11
5.6529592913385827
 21
-3.8277416141732283
 31
0
  0
LINE
  5
AE5
330
1F
100
AcDbEntity
  8
In1.Cu
  6
CONTINUOUS
100
AcDbLine
 10
5.6529592913385827
 20
-3.8277416141732283
 30
0
 11
5.6522237007874017
 21
-3.8304868503937008
 31
0
  0
LINE
  5
AE6
330
1F
100
AcDbEntity
  8
In1.Cu
  6
CONTINUOUS
100
AcDbLine
 10
5.6522237007874017
 20
-3.8304868503937008
 30
0
 11
5.6517994094488184
 21
-3.8320703543307086
 31
0
  0
LINE
  5
AE7
330
1F
100
AcDbEntity
  8
In1.Cu
  6
CONTINUOUS
100
AcDbLine
 10
5.6517994094488184
 20
-3.8320703543307086
 30
0
 11
5.6517994094488184
 21
-3.8365516929133858
 31
0
  0
LINE
  5
AE8
330
1F
100
AcDbEntity
  8
In1.Cu
  6
CONTINUOUS
100
AcDbLine
 10
5.916382598425197
 20
-3.7863751968503938
 30
0
 11
5.9142181889763776
 21
-3.7869551574803149
 31
0
  0
LINE
  5
AE9
330
1F
100
AcDbEntity
  8
In1.Cu
  6
CONTINUOUS
100
AcDbLine
 10
5.9142181889763776
 20
-3.7869551574803149
 30
0
 11
5.9142179921259839
 21
-3.7869552755905511
 31
0
  0
LINE
  5
AEA
330
1F
100
AcDbEntity
  8
In1.Cu
  6
CONTINUOUS
100
AcDbLine
 10
5.9142179921259839
 20
-3.7869552755905511
 30
0
 11
5.9103375196850392
 21
-3.7891956299212599
 31
0
  0
LINE
  5
AEB
330
1F
100
AcDbEntity
  8
In1.Cu
  6
CONTINUOUS
100
AcDbLine
 10
5.9103375196850392
 20
-3.7891956299212599
 30
0
 11
5.9103372047244092
 21
-3.789195866141732
 31
0
  0
LINE
  5
AEC
330
1F
100
AcDbEntity
  8
In1.Cu
  6
CONTINUOUS
100
AcDbLine
 10
5.9103372047244092
 20
-3.789195866141732
 30
0
 11
5.9071685039370081
 21
-3.7923645669291339
 31
0
  0
LINE
  5
AED
330
1F
100
AcDbEntity
  8
In1.Cu
  6
CONTINUOUS
100
AcDbLine
 10
5.9071685039370081
 20
-3.7923645669291339
 30
0
 11
5.9071682677165356
 21
-3.7923648818897635
 31
0
  0
LINE
  5
AEE
330
1F
100
AcDbEntity
  8
In1.Cu
  6
CONTINUOUS
100
AcDbLine
 10
5.9071682677165356
 20
-3.7923648818897635
 30
0
 11
5.9049279133858263
 21
-3.7962453543307086
 31
0
  0
LINE
  5
AEF
330
1F
100
AcDbEntity
  8
In1.Cu
  6
CONTINUOUS
100
AcDbLine
 10
5.9049279133858263
 20
-3.7962453543307086
 30
0
 11
5.9049277952755901
 21
-3.7962455511811024
 31
0
  0
LINE
  5
AF0
330
1F
100
AcDbEntity
  8
In1.Cu
  6
CONTINUOUS
100
AcDbLine
 10
5.9049277952755901
 20
-3.7962455511811024
 30
0
 11
5.9045871259842517
 21
-3.7975169685039369
 31
0
  0
LINE
  5
AF1
330
1F
100
AcDbEntity
  8
In1.Cu
  6
CONTINUOUS
100
AcDbLine
 10
5.9045871259842517
 20
-3.7975169685039369
 30
0
 11
5.9037679133858267
 21
-3.8005742913385827
 31
0
  0
LINE
  5
AF2
330
1F
100
AcDbEntity
  8
In1.Cu
  6
CONTINUOUS
100
AcDbLine
 10
5.9037679133858267
 20
-3.8005742913385827
 30
0
 11
5.9037679133858267
 21
-3.8050556299212599
 31
0
  0
LINE
  5
AF3
330
1F
100
AcDbEntity
  8
In1.Cu
  6
CONTINUOUS
100
AcDbLine
 10
5.9037679133858267
 20
-3.8050556299212599
 30
0
 11
5.9044190944881887
 21
-3.8074857874015748
 31
0
  0
LINE
  5
AF4
330
1F
100
AcDbEntity
  8
In1.Cu
  6
CONTINUOUS
100
AcDbLine
 10
5.9044190944881887
 20
-3.8074857874015748
 30
0
 11
5.9049277952755901
 21
-3.8093843307086614
 31
0
  0
LINE
  5
AF5
330
1F
100
AcDbEntity
  8
In1.Cu
  6
CONTINUOUS
100
AcDbLine
 10
5.9049277952755901
 20
-3.8093843307086614
 30
0
 11
5.9049279133858263
 21
-3.8093845275590552
 31
0
  0
LINE
  5
AF6
330
1F
100
AcDbEntity
  8
In1.Cu
  6
CONTINUOUS
100
AcDbLine
 10
5.9049279133858263
 20
-3.8093845275590552
 30
0
 11
5.9071682677165356
 21
-3.8132649999999999
 31
0
  0
LINE
  5
AF7
330
1F
100
AcDbEntity
  8
In1.Cu
  6
CONTINUOUS
100
AcDbLine
 10
5.9071682677165356
 20
-3.8132649999999999
 30
0
 11
5.9071684251968506
 21
-3.8132651968503937
 31
0
  0
LINE
  5
AF8
330
1F
100
AcDbEntity
  8
In1.Cu
  6
CONTINUOUS
100
AcDbLine
 10
5.9071684251968506
 20
-3.8132651968503937
 30
0
 11
5.9071684645669293
 21
-3.8132652755905512
 31
0
  0
LINE
  5
AF9
330
1F
100
AcDbEntity
  8
In1.Cu
  6
CONTINUOUS
100
AcDbLine
 10
5.9071684645669293
 20
-3.8132652755905512
 30
0
 11
5.9103372834645667
 21
-3.8164340944881889
 31
0
  0
LINE
  5
AFA
330
1F
100
AcDbEntity
  8
In1.Cu
  6
CONTINUOUS
100
AcDbLine
 10
5.9103372834645667
 20
-3.8164340944881889
 30
0
 11
5.9103373622047242
 21
-3.8164341338582677
 31
0
  0
LINE
  5
AFB
330
1F
100
AcDbEntity
  8
In1.Cu
  6
CONTINUOUS
100
AcDbLine
 10
5.9103373622047242
 20
-3.8164341338582677
 30
0
 11
5.9103375196850392
 21
-3.8164342519685039
 31
0
  0
LINE
  5
AFC
330
1F
100
AcDbEntity
  8
In1.Cu
  6
CONTINUOUS
100
AcDbLine
 10
5.9103375196850392
 20
-3.8164342519685039
 30
0
 11
5.9142179921259839
 21
-3.8186746062992123
 31
0
  0
LINE
  5
AFD
330
1F
100
AcDbEntity
  8
In1.Cu
  6
CONTINUOUS
100
AcDbLine
 10
5.9142179921259839
 20
-3.8186746062992123
 30
0
 11
5.9142182677165351
 21
-3.8186747637795273
 31
0
  0
LINE
  5
AFE
330
1F
100
AcDbEntity
  8
In1.Cu
  6
CONTINUOUS
100
AcDbLine
 10
5.9142182677165351
 20
-3.8186747637795273
 30
0
 11
5.9185469291338579
 21
-3.8198346456692911
 31
0
  0
LINE
  5
AFF
330
1F
100
AcDbEntity
  8
In1.Cu
  6
CONTINUOUS
100
AcDbLine
 10
5.9185469291338579
 20
-3.8198346456692911
 30
0
 11
5.9185470078740154
 21
-3.8198346456692911
 31
0
  0
LINE
  5
B00
330
1F
100
AcDbEntity
  8
In1.Cu
  6
CONTINUOUS
100
AcDbLine
 10
5.9185470078740154
 20
-3.8198346456692911
 30
0
 11
5.9230281889763781
 21
-3.8198346456692911
 31
0
  0
LINE
  5
B01
330
1F
100
AcDbEntity
  8
In1.Cu
  6
CONTINUOUS
100
AcDbLine
 10
5.9230281889763781
 20
-3.8198346456692911
 30
0
 11
5.9230282677165356
 21
-3.8198346456692911
 31
0
  0
LINE
  5
B02
330
1F
100
AcDbEntity
  8
In1.Cu
  6
CONTINUOUS
100
AcDbLine
 10
5.9230282677165356
 20
-3.8198346456692911
 30
0
 11
5.9273569291338584
 21
-3.8186747637795273
 31
0
  0
LINE
  5
B03
330
1F
100
AcDbEntity
  8
In1.Cu
  6
CONTINUOUS
100
AcDbLine
 10
5.9273569291338584
 20
-3.8186747637795273
 30
0
 11
5.9312379133858268
 21
-3.8164340944881889
 31
0
  0
LINE
  5
B04
330
1F
100
AcDbEntity
  8
In1.Cu
  6
CONTINUOUS
100
AcDbLine
 10
5.9312379133858268
 20
-3.8164340944881889
 30
0
 11
5.9344067322834642
 21
-3.8132652755905512
 31
0
  0
LINE
  5
B05
330
1F
100
AcDbEntity
  8
In1.Cu
  6
CONTINUOUS
100
AcDbLine
 10
5.9344067322834642
 20
-3.8132652755905512
 30
0
 11
5.9366474015748034
 21
-3.8093842913385827
 31
0
  0
LINE
  5
B06
330
1F
100
AcDbEntity
  8
In1.Cu
  6
CONTINUOUS
100
AcDbLine
 10
5.9366474015748034
 20
-3.8093842913385827
 30
0
 11
5.9378072834645668
 21
-3.8050556299212599
 31
0
  0
LINE
  5
B07
330
1F
100
AcDbEntity
  8
In1.Cu
  6
CONTINUOUS
100
AcDbLine
 10
5.9378072834645668
 20
-3.8050556299212599
 30
0
 11
5.9378072834645668
 21
-3.8005742913385827
 31
0
  0
LINE
  5
B08
330
1F
100
AcDbEntity
  8
In1.Cu
  6
CONTINUOUS
100
AcDbLine
 10
5.9378072834645668
 20
-3.8005742913385827
 30
0
 11
5.9366474015748034
 21
-3.7962456299212599
 31
0
  0
LINE
  5
B09
330
1F
100
AcDbEntity
  8
In1.Cu
  6
CONTINUOUS
100
AcDbLine
 10
5.9366474015748034
 20
-3.7962456299212599
 30
0
 11
5.9359804724409448
 21
-3.7950904724409447
 31
0
  0
LINE
  5
B0A
330
1F
100
AcDbEntity
  8
In1.Cu
  6
CONTINUOUS
100
AcDbLine
 10
5.9359804724409448
 20
-3.7950904724409447
 30
0
 11
5.9344068897637792
 21
-3.7923648818897635
 31
0
  0
LINE
  5
B0B
330
1F
100
AcDbEntity
  8
In1.Cu
  6
CONTINUOUS
100
AcDbLine
 10
5.9344068897637792
 20
-3.7923648818897635
 30
0
 11
5.9344066535433067
 21
-3.7923645669291339
 31
0
  0
LINE
  5
B0C
330
1F
100
AcDbEntity
  8
In1.Cu
  6
CONTINUOUS
100
AcDbLine
 10
5.9344066535433067
 20
-3.7923645669291339
 30
0
 11
5.9312379527559056
 21
-3.789195866141732
 31
0
  0
LINE
  5
B0D
330
1F
100
AcDbEntity
  8
In1.Cu
  6
CONTINUOUS
100
AcDbLine
 10
5.9312379527559056
 20
-3.789195866141732
 30
0
 11
5.9312377559055118
 21
-3.7891957086614174
 31
0
  0
LINE
  5
B0E
330
1F
100
AcDbEntity
  8
In1.Cu
  6
CONTINUOUS
100
AcDbLine
 10
5.9312377559055118
 20
-3.7891957086614174
 30
0
 11
5.9304382677165357
 21
-3.7887341338582678
 31
0
  0
LINE
  5
B0F
330
1F
100
AcDbEntity
  8
In1.Cu
  6
CONTINUOUS
100
AcDbLine
 10
5.9304382677165357
 20
-3.7887341338582678
 30
0
 11
5.930438228346457
 21
-3.7887341338582678
 31
0
  0
LINE
  5
B10
330
1F
100
AcDbEntity
  8
In1.Cu
  6
CONTINUOUS
100
AcDbLine
 10
5.930438228346457
 20
-3.7887341338582678
 30
0
 11
5.9273569291338584
 21
-3.7869551574803149
 31
0
  0
LINE
  5
B11
330
1F
100
AcDbEntity
  8
In1.Cu
  6
CONTINUOUS
100
AcDbLine
 10
5.9273569291338584
 20
-3.7869551574803149
 30
0
 11
5.9273569685039371
 21
-3.7869551574803149
 31
0
  0
LINE
  5
B12
330
1F
100
AcDbEntity
  8
In1.Cu
  6
CONTINUOUS
100
AcDbLine
 10
5.9273569685039371
 20
-3.7869551574803149
 30
0
 11
5.925914015748031
 21
-3.7865685039370076
 31
0
  0
LINE
  5
B13
330
1F
100
AcDbEntity
  8
In1.Cu
  6
CONTINUOUS
100
AcDbLine
 10
5.925914015748031
 20
-3.7865685039370076
 30
0
 11
5.9230282677165356
 21
-3.7857952755905511
 31
0
  0
LINE
  5
B14
330
1F
100
AcDbEntity
  8
In1.Cu
  6
CONTINUOUS
100
AcDbLine
 10
5.9230282677165356
 20
-3.7857952755905511
 30
0
 11
5.9185469291338579
 21
-3.7857952755905511
 31
0
  0
LINE
  5
B15
330
1F
100
AcDbEntity
  8
In1.Cu
  6
CONTINUOUS
100
AcDbLine
 10
5.9185469291338579
 20
-3.7857952755905511
 30
0
 11
5.916382598425197
 21
-3.7863751968503938
 31
0
  0
LINE
  5
B16
330
1F
100
AcDbEntity
  8
In1.Cu
  6
CONTINUOUS
100
AcDbLine
 10
6.0297521259842517
 20
-3.7893075984251969
 30
0
 11
6.0299858267716537
 21
-3.7901797637795274
 31
0
  0
LINE
  5
B17
330
1F
100
AcDbEntity
  8
In1.Cu
  6
CONTINUOUS
100
AcDbLine
 10
6.0299858267716537
 20
-3.7901797637795274
 30
0
 11
6.0309120078740159
 21
-3.7936362992125985
 31
0
  0
LINE
  5
B18
330
1F
100
AcDbEntity
  8
In1.Cu
  6
CONTINUOUS
100
AcDbLine
 10
6.0309120078740159
 20
-3.7936362992125985
 30
0
 11
6.0309121259842522
 21
-3.7936364960629922
 31
0
  0
LINE
  5
B19
330
1F
100
AcDbEntity
  8
In1.Cu
  6
CONTINUOUS
100
AcDbLine
 10
6.0309121259842522
 20
-3.7936364960629922
 30
0
 11
6.0331524803149605
 21
-3.7975169685039369
 31
0
  0
LINE
  5
B1A
330
1F
100
AcDbEntity
  8
In1.Cu
  6
CONTINUOUS
100
AcDbLine
 10
6.0331524803149605
 20
-3.7975169685039369
 30
0
 11
6.0331526377952756
 21
-3.7975171653543307
 31
0
  0
LINE
  5
B1B
330
1F
100
AcDbEntity
  8
In1.Cu
  6
CONTINUOUS
100
AcDbLine
 10
6.0331526377952756
 20
-3.7975171653543307
 30
0
 11
6.0331526771653543
 21
-3.7975172440944882
 31
0
  0
LINE
  5
B1C
330
1F
100
AcDbEntity
  8
In1.Cu
  6
CONTINUOUS
100
AcDbLine
 10
6.0331526771653543
 20
-3.7975172440944882
 30
0
 11
6.0363214960629916
 21
-3.800686062992126
 31
0
  0
LINE
  5
B1D
330
1F
100
AcDbEntity
  8
In1.Cu
  6
CONTINUOUS
100
AcDbLine
 10
6.0363214960629916
 20
-3.800686062992126
 30
0
 11
6.0363215748031491
 21
-3.8006861023622047
 31
0
  0
LINE
  5
B1E
330
1F
100
AcDbEntity
  8
In1.Cu
  6
CONTINUOUS
100
AcDbLine
 10
6.0363215748031491
 20
-3.8006861023622047
 30
0
 11
6.0363217322834641
 21
-3.800686220472441
 31
0
  0
LINE
  5
B1F
330
1F
100
AcDbEntity
  8
In1.Cu
  6
CONTINUOUS
100
AcDbLine
 10
6.0363217322834641
 20
-3.800686220472441
 30
0
 11
6.0366705511811025
 21
-3.8008875984251969
 31
0
  0
LINE
  5
B20
330
1F
100
AcDbEntity
  8
In1.Cu
  6
CONTINUOUS
100
AcDbLine
 10
6.0366705511811025
 20
-3.8008875984251969
 30
0
 11
6.0402024803149601
 21
-3.8029267322834643
 31
0
  0
LINE
  5
B21
330
1F
100
AcDbEntity
  8
In1.Cu
  6
CONTINUOUS
100
AcDbLine
 10
6.0402024803149601
 20
-3.8029267322834643
 30
0
 11
6.0445311417322829
 21
-3.8040866141732281
 31
0
  0
LINE
  5
B22
330
1F
100
AcDbEntity
  8
In1.Cu
  6
CONTINUOUS
100
AcDbLine
 10
6.0445311417322829
 20
-3.8040866141732281
 30
0
 11
6.0445312204724404
 21
-3.8040866141732281
 31
0
  0
LINE
  5
B23
330
1F
100
AcDbEntity
  8
In1.Cu
  6
CONTINUOUS
100
AcDbLine
 10
6.0445312204724404
 20
-3.8040866141732281
 30
0
 11
6.049012401574803
 21
-3.8040866141732281
 31
0
  0
LINE
  5
B24
330
1F
100
AcDbEntity
  8
In1.Cu
  6
CONTINUOUS
100
AcDbLine
 10
6.049012401574803
 20
-3.8040866141732281
 30
0
 11
6.0490124803149605
 21
-3.8040866141732281
 31
0
  0
LINE
  5
B25
330
1F
100
AcDbEntity
  8
In1.Cu
  6
CONTINUOUS
100
AcDbLine
 10
6.0490124803149605
 20
-3.8040866141732281
 30
0
 11
6.0533411417322833
 21
-3.8029267322834643
 31
0
  0
LINE
  5
B26
330
1F
100
AcDbEntity
  8
In1.Cu
  6
CONTINUOUS
100
AcDbLine
 10
6.0533411417322833
 20
-3.8029267322834643
 30
0
 11
6.0572221259842518
 21
-3.800686062992126
 31
0
  0
LINE
  5
B27
330
1F
100
AcDbEntity
  8
In1.Cu
  6
CONTINUOUS
100
AcDbLine
 10
6.0572221259842518
 20
-3.800686062992126
 30
0
 11
6.06039094488189
 21
-3.7975172440944882
 31
0
  0
LINE
  5
B28
330
1F
100
AcDbEntity
  8
In1.Cu
  6
CONTINUOUS
100
AcDbLine
 10
6.06039094488189
 20
-3.7975172440944882
 30
0
 11
6.0626316141732284
 21
-3.7936362598425197
 31
0
  0
LINE
  5
B29
330
1F
100
AcDbEntity
  8
In1.Cu
  6
CONTINUOUS
100
AcDbLine
 10
6.0626316141732284
 20
-3.7936362598425197
 30
0
 11
6.0637914960629917
 21
-3.7893075984251969
 31
0
  0
LINE
  5
B2A
330
1F
100
AcDbEntity
  8
In1.Cu
  6
CONTINUOUS
100
AcDbLine
 10
6.0637914960629917
 20
-3.7893075984251969
 30
0
 11
6.0637914960629917
 21
-3.7848262598425197
 31
0
  0
LINE
  5
B2B
330
1F
100
AcDbEntity
  8
In1.Cu
  6
CONTINUOUS
100
AcDbLine
 10
6.0637914960629917
 20
-3.7848262598425197
 30
0
 11
6.0626316141732284
 21
-3.7804975984251969
 31
0
  0
LINE
  5
B2C
330
1F
100
AcDbEntity
  8
In1.Cu
  6
CONTINUOUS
100
AcDbLine
 10
6.0626316141732284
 20
-3.7804975984251969
 30
0
 11
6.0626314566929134
 21
-3.7804973228346457
 31
0
  0
LINE
  5
B2D
330
1F
100
AcDbEntity
  8
In1.Cu
  6
CONTINUOUS
100
AcDbLine
 10
6.0626314566929134
 20
-3.7804973228346457
 30
0
 11
6.060391102362205
 21
-3.7766168503937005
 31
0
  0
LINE
  5
B2E
330
1F
100
AcDbEntity
  8
In1.Cu
  6
CONTINUOUS
100
AcDbLine
 10
6.060391102362205
 20
-3.7766168503937005
 30
0
 11
6.0603908661417325
 21
-3.776616535433071
 31
0
  0
LINE
  5
B2F
330
1F
100
AcDbEntity
  8
In1.Cu
  6
CONTINUOUS
100
AcDbLine
 10
6.0603908661417325
 20
-3.776616535433071
 30
0
 11
6.0572221653543306
 21
-3.773447834645669
 31
0
  0
LINE
  5
B30
330
1F
100
AcDbEntity
  8
In1.Cu
  6
CONTINUOUS
100
AcDbLine
 10
6.0572221653543306
 20
-3.773447834645669
 30
0
 11
6.0572218503937005
 21
-3.7734475984251969
 31
0
  0
LINE
  5
B31
330
1F
100
AcDbEntity
  8
In1.Cu
  6
CONTINUOUS
100
AcDbLine
 10
6.0572218503937005
 20
-3.7734475984251969
 30
0
 11
6.0533413779527558
 21
-3.7712072440944882
 31
0
  0
LINE
  5
B32
330
1F
100
AcDbEntity
  8
In1.Cu
  6
CONTINUOUS
100
AcDbLine
 10
6.0533413779527558
 20
-3.7712072440944882
 30
0
 11
6.0533411811023621
 21
-3.7712071259842519
 31
0
  0
LINE
  5
B33
330
1F
100
AcDbEntity
  8
In1.Cu
  6
CONTINUOUS
100
AcDbLine
 10
6.0533411811023621
 20
-3.7712071259842519
 30
0
 11
6.0518982283464569
 21
-3.7708204724409446
 31
0
  0
LINE
  5
B34
330
1F
100
AcDbEntity
  8
In1.Cu
  6
CONTINUOUS
100
AcDbLine
 10
6.0518982283464569
 20
-3.7708204724409446
 30
0
 11
6.0490124803149605
 21
-3.7700472440944881
 31
0
  0
LINE
  5
B35
330
1F
100
AcDbEntity
  8
In1.Cu
  6
CONTINUOUS
100
AcDbLine
 10
6.0490124803149605
 20
-3.7700472440944881
 30
0
 11
6.0445311417322829
 21
-3.7700472440944881
 31
0
  0
LINE
  5
B36
330
1F
100
AcDbEntity
  8
In1.Cu
  6
CONTINUOUS
100
AcDbLine
 10
6.0445311417322829
 20
-3.7700472440944881
 30
0
 11
6.0423668110236219
 21
-3.7706271653543304
 31
0
  0
LINE
  5
B37
330
1F
100
AcDbEntity
  8
In1.Cu
  6
CONTINUOUS
100
AcDbLine
 10
6.0423668110236219
 20
-3.7706271653543304
 30
0
 11
6.0402024015748026
 21
-3.7712071259842519
 31
0
  0
LINE
  5
B38
330
1F
100
AcDbEntity
  8
In1.Cu
  6
CONTINUOUS
100
AcDbLine
 10
6.0402024015748026
 20
-3.7712071259842519
 30
0
 11
6.0402022047244097
 21
-3.7712072440944882
 31
0
  0
LINE
  5
B39
330
1F
100
AcDbEntity
  8
In1.Cu
  6
CONTINUOUS
100
AcDbLine
 10
6.0402022047244097
 20
-3.7712072440944882
 30
0
 11
6.0363217322834641
 21
-3.7734475984251969
 31
0
  0
LINE
  5
B3A
330
1F
100
AcDbEntity
  8
In1.Cu
  6
CONTINUOUS
100
AcDbLine
 10
6.0363217322834641
 20
-3.7734475984251969
 30
0
 11
6.0363214173228341
 21
-3.773447834645669
 31
0
  0
LINE
  5
B3B
330
1F
100
AcDbEntity
  8
In1.Cu
  6
CONTINUOUS
100
AcDbLine
 10
6.0363214173228341
 20
-3.773447834645669
 30
0
 11
6.0331527165354331
 21
-3.776616535433071
 31
0
  0
LINE
  5
B3C
330
1F
100
AcDbEntity
  8
In1.Cu
  6
CONTINUOUS
100
AcDbLine
 10
6.0331527165354331
 20
-3.776616535433071
 30
0
 11
6.0331524803149605
 21
-3.7766168503937005
 31
0
  0
LINE
  5
B3D
330
1F
100
AcDbEntity
  8
In1.Cu
  6
CONTINUOUS
100
AcDbLine
 10
6.0331524803149605
 20
-3.7766168503937005
 30
0
 11
6.0309121259842522
 21
-3.7804973228346457
 31
0
  0
LINE
  5
B3E
330
1F
100
AcDbEntity
  8
In1.Cu
  6
CONTINUOUS
100
AcDbLine
 10
6.0309121259842522
 20
-3.7804973228346457
 30
0
 11
6.0309120078740159
 21
-3.7804975196850394
 31
0
  0
LINE
  5
B3F
330
1F
100
AcDbEntity
  8
In1.Cu
  6
CONTINUOUS
100
AcDbLine
 10
6.0309120078740159
 20
-3.7804975196850394
 30
0
 11
6.0306303543307083
 21
-3.7815486614173226
 31
0
  0
LINE
  5
B40
330
1F
100
AcDbEntity
  8
In1.Cu
  6
CONTINUOUS
100
AcDbLine
 10
6.0306303543307083
 20
-3.7815486614173226
 30
0
 11
6.0297521259842517
 21
-3.7848262598425197
 31
0
  0
LINE
  5
B41
330
1F
100
AcDbEntity
  8
In1.Cu
  6
CONTINUOUS
100
AcDbLine
 10
6.0297521259842517
 20
-3.7848262598425197
 30
0
 11
6.0297521259842517
 21
-3.7893075984251969
 31
0
  0
LINE
  5
B42
330
1F
100
AcDbEntity
  8
In1.Cu
  6
CONTINUOUS
100
AcDbLine
 10
5.3927561023622044
 20
-3.6953346456692913
 30
0
 11
5.3947246062992127
 21
-3.6953346456692913
 31
0
  0
LINE
  5
B43
330
1F
100
AcDbEntity
  8
In1.Cu
  6
CONTINUOUS
100
AcDbLine
 10
5.3947246062992127
 20
-3.6953346456692913
 30
0
 11
5.3967801181102359
 21
-3.6954693700787402
 31
0
  0
LINE
  5
B44
330
1F
100
AcDbEntity
  8
In1.Cu
  6
CONTINUOUS
100
AcDbLine
 10
5.3967801181102359
 20
-3.6954693700787402
 30
0
 11
5.4007511023622046
 21
-3.6965333858267715
 31
0
  0
LINE
  5
B45
330
1F
100
AcDbEntity
  8
In1.Cu
  6
CONTINUOUS
100
AcDbLine
 10
5.4007511023622046
 20
-3.6965333858267715
 30
0
 11
5.4043114173228348
 21
-3.6985889370078739
 31
0
  0
LINE
  5
B46
330
1F
100
AcDbEntity
  8
In1.Cu
  6
CONTINUOUS
100
AcDbLine
 10
5.4043114173228348
 20
-3.6985889370078739
 30
0
 11
5.407218346456693
 21
-3.7014958661417321
 31
0
  0
LINE
  5
B47
330
1F
100
AcDbEntity
  8
In1.Cu
  6
CONTINUOUS
100
AcDbLine
 10
5.407218346456693
 20
-3.7014958661417321
 30
0
 11
5.409273897637795
 21
-3.7050561811023619
 31
0
  0
LINE
  5
B48
330
1F
100
AcDbEntity
  8
In1.Cu
  6
CONTINUOUS
100
AcDbLine
 10
5.409273897637795
 20
-3.7050561811023619
 30
0
 11
5.4103379133858267
 21
-3.7090271653543305
 31
0
  0
LINE
  5
B49
330
1F
100
AcDbEntity
  8
In1.Cu
  6
CONTINUOUS
100
AcDbLine
 10
5.4103379133858267
 20
-3.7090271653543305
 30
0
 11
5.4103379133858267
 21
-3.7131381889763779
 31
0
  0
LINE
  5
B4A
330
1F
100
AcDbEntity
  8
In1.Cu
  6
CONTINUOUS
100
AcDbLine
 10
5.4103379133858267
 20
-3.7131381889763779
 30
0
 11
5.409273897637795
 21
-3.7171091732283466
 31
0
  0
LINE
  5
B4B
330
1F
100
AcDbEntity
  8
In1.Cu
  6
CONTINUOUS
100
AcDbLine
 10
5.409273897637795
 20
-3.7171091732283466
 30
0
 11
5.407218346456693
 21
-3.7206694881889764
 31
0
  0
LINE
  5
B4C
330
1F
100
AcDbEntity
  8
In1.Cu
  6
CONTINUOUS
100
AcDbLine
 10
5.407218346456693
 20
-3.7206694881889764
 30
0
 11
5.4043114173228348
 21
-3.7235764173228345
 31
0
  0
LINE
  5
B4D
330
1F
100
AcDbEntity
  8
In1.Cu
  6
CONTINUOUS
100
AcDbLine
 10
5.4043114173228348
 20
-3.7235764173228345
 30
0
 11
5.4007511023622046
 21
-3.725631968503937
 31
0
  0
LINE
  5
B4E
330
1F
100
AcDbEntity
  8
In1.Cu
  6
CONTINUOUS
100
AcDbLine
 10
5.4007511023622046
 20
-3.725631968503937
 30
0
 11
5.3967801181102359
 21
-3.7266959842519682
 31
0
  0
LINE
  5
B4F
330
1F
100
AcDbEntity
  8
In1.Cu
  6
CONTINUOUS
100
AcDbLine
 10
5.3967801181102359
 20
-3.7266959842519682
 30
0
 11
5.3947246062992127
 21
-3.7268307086614172
 31
0
  0
LINE
  5
B50
330
1F
100
AcDbEntity
  8
In1.Cu
  6
CONTINUOUS
100
AcDbLine
 10
5.3947246062992127
 20
-3.7268307086614172
 30
0
 11
5.3927561023622044
 21
-3.7268307086614172
 31
0
  0
LINE
  5
B51
330
1F
100
AcDbEntity
  8
In1.Cu
  6
CONTINUOUS
100
AcDbLine
 10
5.3927561023622044
 20
-3.7268307086614172
 30
0
 11
5.3927561023622044
 21
-3.7361396062992127
 31
0
  0
LINE
  5
B52
330
1F
100
AcDbEntity
  8
In1.Cu
  6
CONTINUOUS
100
AcDbLine
 10
5.3927561023622044
 20
-3.7361396062992127
 30
0
 11
5.4085958267716538
 21
-3.7519793307086613
 31
0
  0
LINE
  5
B53
330
1F
100
AcDbEntity
  8
In1.Cu
  6
CONTINUOUS
100
AcDbLine
 10
5.4085958267716538
 20
-3.7519793307086613
 30
0
 11
5.4106618110236218
 21
-3.7525329133858265
 31
0
  0
LINE
  5
B54
330
1F
100
AcDbEntity
  8
In1.Cu
  6
CONTINUOUS
100
AcDbLine
 10
5.4106618110236218
 20
-3.7525329133858265
 30
0
 11
5.4133320078740157
 21
-3.754074566929134
 31
0
  0
LINE
  5
B55
330
1F
100
AcDbEntity
  8
In1.Cu
  6
CONTINUOUS
100
AcDbLine
 10
5.4133320078740157
 20
-3.754074566929134
 30
0
 11
5.4155122440944883
 21
-3.7562548031496061
 31
0
  0
LINE
  5
B56
330
1F
100
AcDbEntity
  8
In1.Cu
  6
CONTINUOUS
100
AcDbLine
 10
5.4155122440944883
 20
-3.7562548031496061
 30
0
 11
5.4170538976377953
 21
-3.7589250000000001
 31
0
  0
LINE
  5
B57
330
1F
100
AcDbEntity
  8
In1.Cu
  6
CONTINUOUS
100
AcDbLine
 10
5.4170538976377953
 20
-3.7589250000000001
 30
0
 11
5.4176074409448818
 21
-3.7609909448818897
 31
0
  0
LINE
  5
B58
330
1F
100
AcDbEntity
  8
In1.Cu
  6
CONTINUOUS
100
AcDbLine
 10
5.4176074409448818
 20
-3.7609909448818897
 30
0
 11
5.4343248031496065
 21
-3.7777083858267715
 31
0
  0
LINE
  5
B59
330
1F
100
AcDbEntity
  8
In1.Cu
  6
CONTINUOUS
100
AcDbLine
 10
5.4343248031496065
 20
-3.7777083858267715
 30
0
 11
5.4364276377952754
 21
-3.7726317716535434
 31
0
  0
LINE
  5
B5A
330
1F
100
AcDbEntity
  8
In1.Cu
  6
CONTINUOUS
100
AcDbLine
 10
5.4364276377952754
 20
-3.7726317716535434
 30
0
 11
5.4364276771653541
 21
-3.7726316141732283
 31
0
  0
LINE
  5
B5B
330
1F
100
AcDbEntity
  8
In1.Cu
  6
CONTINUOUS
100
AcDbLine
 10
5.4364276771653541
 20
-3.7726316141732283
 30
0
 11
5.4376379527559058
 21
-3.766547125984252
 31
0
  0
LINE
  5
B5C
330
1F
100
AcDbEntity
  8
In1.Cu
  6
CONTINUOUS
100
AcDbLine
 10
5.4376379527559058
 20
-3.766547125984252
 30
0
 11
5.4376379921259845
 21
-3.7665470078740158
 31
0
  0
LINE
  5
B5D
330
1F
100
AcDbEntity
  8
In1.Cu
  6
CONTINUOUS
100
AcDbLine
 10
5.4376379921259845
 20
-3.7665470078740158
 30
0
 11
5.4376379921259845
 21
-3.7603427952755903
 31
0
  0
LINE
  5
B5E
330
1F
100
AcDbEntity
  8
In1.Cu
  6
CONTINUOUS
100
AcDbLine
 10
5.4376379921259845
 20
-3.7603427952755903
 30
0
 11
5.4373294094488189
 21
-3.758791653543307
 31
0
  0
LINE
  5
B5F
330
1F
100
AcDbEntity
  8
In1.Cu
  6
CONTINUOUS
100
AcDbLine
 10
5.4373294094488189
 20
-3.758791653543307
 30
0
 11
5.4375745275590548
 21
-3.7560518110236218
 31
0
  0
LINE
  5
B60
330
1F
100
AcDbEntity
  8
In1.Cu
  6
CONTINUOUS
100
AcDbLine
 10
5.4375745275590548
 20
-3.7560518110236218
 30
0
 11
5.4381595275590549
 21
-3.7552987401574804
 31
0
  0
LINE
  5
B61
330
1F
100
AcDbEntity
  8
In1.Cu
  6
CONTINUOUS
100
AcDbLine
 10
5.4381595275590549
 20
-3.7552987401574804
 30
0
 11
5.4392620078740155
 21
-3.7538794488188976
 31
0
  0
LINE
  5
B62
330
1F
100
AcDbEntity
  8
In1.Cu
  6
CONTINUOUS
100
AcDbLine
 10
5.4392620078740155
 20
-3.7538794488188976
 30
0
 11
5.440249330708661
 21
-3.7533288188976379
 31
0
  0
LINE
  5
B63
330
1F
100
AcDbEntity
  8
In1.Cu
  6
CONTINUOUS
100
AcDbLine
 10
5.440249330708661
 20
-3.7533288188976379
 30
0
 11
5.4405383464566928
 21
-3.7532090551181101
 31
0
  0
LINE
  5
B64
330
1F
100
AcDbEntity
  8
In1.Cu
  6
CONTINUOUS
100
AcDbLine
 10
5.4405383464566928
 20
-3.7532090551181101
 30
0
 11
5.4405387007874015
 21
-3.7532089763779526
 31
0
  0
LINE
  5
B65
330
1F
100
AcDbEntity
  8
In1.Cu
  6
CONTINUOUS
100
AcDbLine
 10
5.4405387007874015
 20
-3.7532089763779526
 30
0
 11
5.4457411811023624
 21
-3.7502053149606298
 31
0
  0
LINE
  5
B66
330
1F
100
AcDbEntity
  8
In1.Cu
  6
CONTINUOUS
100
AcDbLine
 10
5.4457411811023624
 20
-3.7502053149606298
 30
0
 11
5.449988976377953
 21
-3.7459575196850392
 31
0
  0
LINE
  5
B67
330
1F
100
AcDbEntity
  8
In1.Cu
  6
CONTINUOUS
100
AcDbLine
 10
5.449988976377953
 20
-3.7459575196850392
 30
0
 11
5.4529926377952753
 21
-3.7407550393700788
 31
0
  0
LINE
  5
B68
330
1F
100
AcDbEntity
  8
In1.Cu
  6
CONTINUOUS
100
AcDbLine
 10
5.4529926377952753
 20
-3.7407550393700788
 30
0
 11
5.4545474409448822
 21
-3.7349524803149605
 31
0
  0
LINE
  5
B69
330
1F
100
AcDbEntity
  8
In1.Cu
  6
CONTINUOUS
100
AcDbLine
 10
5.4545474409448822
 20
-3.7349524803149605
 30
0
 11
5.4545474409448822
 21
-3.728945157480315
 31
0
  0
LINE
  5
B6A
330
1F
100
AcDbEntity
  8
In1.Cu
  6
CONTINUOUS
100
AcDbLine
 10
5.4545474409448822
 20
-3.728945157480315
 30
0
 11
5.4529926377952753
 21
-3.7231425984251967
 31
0
  0
LINE
  5
B6B
330
1F
100
AcDbEntity
  8
In1.Cu
  6
CONTINUOUS
100
AcDbLine
 10
5.4529926377952753
 20
-3.7231425984251967
 30
0
 11
5.4524588188976377
 21
-3.7222180314960629
 31
0
  0
LINE
  5
B6C
330
1F
100
AcDbEntity
  8
In1.Cu
  6
CONTINUOUS
100
AcDbLine
 10
5.4524588188976377
 20
-3.7222180314960629
 30
0
 11
5.4499890551181105
 21
-3.7179402362204725
 31
0
  0
LINE
  5
B6D
330
1F
100
AcDbEntity
  8
In1.Cu
  6
CONTINUOUS
100
AcDbLine
 10
5.4499890551181105
 20
-3.7179402362204725
 30
0
 11
5.4499888582677167
 21
-3.71794
 31
0
  0
LINE
  5
B6E
330
1F
100
AcDbEntity
  8
In1.Cu
  6
CONTINUOUS
100
AcDbLine
 10
5.4499888582677167
 20
-3.71794
 30
0
 11
5.4457412598425199
 21
-3.7136924015748032
 31
0
  0
LINE
  5
B6F
330
1F
100
AcDbEntity
  8
In1.Cu
  6
CONTINUOUS
100
AcDbLine
 10
5.4457412598425199
 20
-3.7136924015748032
 30
0
 11
5.4457410236220474
 21
-3.7136922047244094
 31
0
  0
LINE
  5
B70
330
1F
100
AcDbEntity
  8
In1.Cu
  6
CONTINUOUS
100
AcDbLine
 10
5.4457410236220474
 20
-3.7136922047244094
 30
0
 11
5.4405388188976378
 21
-3.7106887007874017
 31
0
  0
LINE
  5
B71
330
1F
100
AcDbEntity
  8
In1.Cu
  6
CONTINUOUS
100
AcDbLine
 10
5.4405388188976378
 20
-3.7106887007874017
 30
0
 11
5.4405388582677165
 21
-3.7106887007874017
 31
0
  0
LINE
  5
B72
330
1F
100
AcDbEntity
  8
In1.Cu
  6
CONTINUOUS
100
AcDbLine
 10
5.4405388582677165
 20
-3.7106887007874017
 30
0
 11
5.4400629921259842
 21
-3.7105611811023622
 31
0
  0
LINE
  5
B73
330
1F
100
AcDbEntity
  8
In1.Cu
  6
CONTINUOUS
100
AcDbLine
 10
5.4400629921259842
 20
-3.7105611811023622
 30
0
 11
5.4347361417322837
 21
-3.7091338582677165
 31
0
  0
LINE
  5
B74
330
1F
100
AcDbEntity
  8
In1.Cu
  6
CONTINUOUS
100
AcDbLine
 10
5.4347361417322837
 20
-3.7091338582677165
 30
0
 11
5.434470669291338
 21
-3.7091338582677165
 31
0
  0
LINE
  5
B75
330
1F
100
AcDbEntity
  8
In1.Cu
  6
CONTINUOUS
100
AcDbLine
 10
5.434470669291338
 20
-3.7091338582677165
 30
0
 11
5.4332715748031495
 21
-3.7087817322834646
 31
0
  0
LINE
  5
B76
330
1F
100
AcDbEntity
  8
In1.Cu
  6
CONTINUOUS
100
AcDbLine
 10
5.4332715748031495
 20
-3.7087817322834646
 30
0
 11
5.4320550393700788
 21
-3.7084943307086613
 31
0
  0
LINE
  5
B77
330
1F
100
AcDbEntity
  8
In1.Cu
  6
CONTINUOUS
100
AcDbLine
 10
5.4320550393700788
 20
-3.7084943307086613
 30
0
 11
5.4319610629921256
 21
-3.7083969291338583
 31
0
  0
LINE
  5
B78
330
1F
100
AcDbEntity
  8
In1.Cu
  6
CONTINUOUS
100
AcDbLine
 10
5.4319610629921256
 20
-3.7083969291338583
 30
0
 11
5.4318313385826773
 21
-3.7083588582677165
 31
0
  0
LINE
  5
B79
330
1F
100
AcDbEntity
  8
In1.Cu
  6
CONTINUOUS
100
AcDbLine
 10
5.4318313385826773
 20
-3.7083588582677165
 30
0
 11
5.431013149606299
 21
-3.7074146456692914
 31
0
  0
LINE
  5
B7A
330
1F
100
AcDbEntity
  8
In1.Cu
  6
CONTINUOUS
100
AcDbLine
 10
5.431013149606299
 20
-3.7074146456692914
 30
0
 11
5.4301449212598421
 21
-3.7065148818897637
 31
0
  0
LINE
  5
B7B
330
1F
100
AcDbEntity
  8
In1.Cu
  6
CONTINUOUS
100
AcDbLine
 10
5.4301449212598421
 20
-3.7065148818897637
 30
0
 11
5.43008405511811
 21
-3.706342401574803
 31
0
  0
LINE
  5
B7C
330
1F
100
AcDbEntity
  8
In1.Cu
  6
CONTINUOUS
100
AcDbLine
 10
5.43008405511811
 20
-3.706342401574803
 30
0
 11
5.4300299606299207
 21
-3.7062799606299213
 31
0
  0
LINE
  5
B7D
330
1F
100
AcDbEntity
  8
In1.Cu
  6
CONTINUOUS
100
AcDbLine
 10
5.4300299606299207
 20
-3.7062799606299213
 30
0
 11
5.4296825984251971
 21
-3.7052045275590548
 31
0
  0
LINE
  5
B7E
330
1F
100
AcDbEntity
  8
In1.Cu
  6
CONTINUOUS
100
AcDbLine
 10
5.4296825984251971
 20
-3.7052045275590548
 30
0
 11
5.4295922047244094
 21
-3.7047501574803148
 31
0
  0
LINE
  5
B7F
330
1F
100
AcDbEntity
  8
In1.Cu
  6
CONTINUOUS
100
AcDbLine
 10
5.4295922047244094
 20
-3.7047501574803148
 30
0
 11
5.4295922047244094
 21
-3.7047500787401573
 31
0
  0
LINE
  5
B80
330
1F
100
AcDbEntity
  8
In1.Cu
  6
CONTINUOUS
100
AcDbLine
 10
5.4295922047244094
 20
-3.7047500787401573
 30
0
 11
5.4295921653543306
 21
-3.704749960629921
 31
0
  0
LINE
  5
B81
330
1F
100
AcDbEntity
  8
In1.Cu
  6
CONTINUOUS
100
AcDbLine
 10
5.4295921653543306
 20
-3.704749960629921
 30
0
 11
5.4294663779527559
 21
-3.7041175984251966
 31
0
  0
LINE
  5
B82
330
1F
100
AcDbEntity
  8
In1.Cu
  6
CONTINUOUS
100
AcDbLine
 10
5.4294663779527559
 20
-3.7041175984251966
 30
0
 11
5.428795984251968
 21
-3.7007472047244092
 31
0
  0
LINE
  5
B83
330
1F
100
AcDbEntity
  8
In1.Cu
  6
CONTINUOUS
100
AcDbLine
 10
5.428795984251968
 20
-3.7007472047244092
 30
0
 11
5.4261250393700786
 21
-3.6942988976377951
 31
0
  0
LINE
  5
B84
330
1F
100
AcDbEntity
  8
In1.Cu
  6
CONTINUOUS
100
AcDbLine
 10
5.4261250393700786
 20
-3.6942988976377951
 30
0
 11
5.4261248425196849
 21
-3.6942985433070867
 31
0
  0
LINE
  5
B85
330
1F
100
AcDbEntity
  8
In1.Cu
  6
CONTINUOUS
100
AcDbLine
 10
5.4261248425196849
 20
-3.6942985433070867
 30
0
 11
5.422247283464567
 21
-3.6884953937007872
 31
0
  0
LINE
  5
B86
330
1F
100
AcDbEntity
  8
In1.Cu
  6
CONTINUOUS
100
AcDbLine
 10
5.422247283464567
 20
-3.6884953937007872
 30
0
 11
5.4222471653543307
 21
-3.6884952362204722
 31
0
  0
LINE
  5
B87
330
1F
100
AcDbEntity
  8
In1.Cu
  6
CONTINUOUS
100
AcDbLine
 10
5.4222471653543307
 20
-3.6884952362204722
 30
0
 11
5.417312007874016
 21
-3.6835600787401575
 31
0
  0
LINE
  5
B88
330
1F
100
AcDbEntity
  8
In1.Cu
  6
CONTINUOUS
100
AcDbLine
 10
5.417312007874016
 20
-3.6835600787401575
 30
0
 11
5.417311850393701
 21
-3.6835599606299212
 31
0
  0
LINE
  5
B89
330
1F
100
AcDbEntity
  8
In1.Cu
  6
CONTINUOUS
100
AcDbLine
 10
5.417311850393701
 20
-3.6835599606299212
 30
0
 11
5.4115087007874019
 21
-3.6796824015748029
 31
0
  0
LINE
  5
B8A
330
1F
100
AcDbEntity
  8
In1.Cu
  6
CONTINUOUS
100
AcDbLine
 10
5.4115087007874019
 20
-3.6796824015748029
 30
0
 11
5.4115081889763781
 21
-3.679682125984252
 31
0
  0
LINE
  5
B8B
330
1F
100
AcDbEntity
  8
In1.Cu
  6
CONTINUOUS
100
AcDbLine
 10
5.4115081889763781
 20
-3.679682125984252
 30
0
 11
5.4093309448818898
 21
-3.6787803149606297
 31
0
  0
LINE
  5
B8C
330
1F
100
AcDbEntity
  8
In1.Cu
  6
CONTINUOUS
100
AcDbLine
 10
5.4093309448818898
 20
-3.6787803149606297
 30
0
 11
5.4093309055118111
 21
-3.6787803149606297
 31
0
  0
LINE
  5
B8D
330
1F
100
AcDbEntity
  8
In1.Cu
  6
CONTINUOUS
100
AcDbLine
 10
5.4093309055118111
 20
-3.6787803149606297
 30
0
 11
5.4050600393700785
 21
-3.6770112598425198
 31
0
  0
LINE
  5
B8E
330
1F
100
AcDbEntity
  8
In1.Cu
  6
CONTINUOUS
100
AcDbLine
 10
5.4050600393700785
 20
-3.6770112598425198
 30
0
 11
5.4050597244094485
 21
-3.6770111811023622
 31
0
  0
LINE
  5
B8F
330
1F
100
AcDbEntity
  8
In1.Cu
  6
CONTINUOUS
100
AcDbLine
 10
5.4050597244094485
 20
-3.6770111811023622
 30
0
 11
5.3982146062992129
 21
-3.6756496062992126
 31
0
  0
LINE
  5
B90
330
1F
100
AcDbEntity
  8
In1.Cu
  6
CONTINUOUS
100
AcDbLine
 10
5.3982146062992129
 20
-3.6756496062992126
 30
0
 11
5.3927561023622044
 21
-3.6756496062992126
 31
0
  0
LINE
  5
B91
330
1F
100
AcDbEntity
  8
In1.Cu
  6
CONTINUOUS
100
AcDbLine
 10
5.3927561023622044
 20
-3.6756496062992126
 30
0
 11
5.3927561023622044
 21
-3.6953346456692913
 31
0
  0
LINE
  5
B92
330
1F
100
AcDbEntity
  8
In1.Cu
  6
CONTINUOUS
100
AcDbLine
 10
6.587721299212598
 20
-3.7410996456692911
 30
0
 11
6.5855568897637795
 21
-3.7416796062992126
 31
0
  0
LINE
  5
B93
330
1F
100
AcDbEntity
  8
In1.Cu
  6
CONTINUOUS
100
AcDbLine
 10
6.5855568897637795
 20
-3.7416796062992126
 30
0
 11
6.5855566929133857
 21
-3.7416797244094488
 31
0
  0
LINE
  5
B94
330
1F
100
AcDbEntity
  8
In1.Cu
  6
CONTINUOUS
100
AcDbLine
 10
6.5855566929133857
 20
-3.7416797244094488
 30
0
 11
6.5816762204724411
 21
-3.7439200787401572
 31
0
  0
LINE
  5
B95
330
1F
100
AcDbEntity
  8
In1.Cu
  6
CONTINUOUS
100
AcDbLine
 10
6.5816762204724411
 20
-3.7439200787401572
 30
0
 11
6.581675905511811
 21
-3.7439203149606297
 31
0
  0
LINE
  5
B96
330
1F
100
AcDbEntity
  8
In1.Cu
  6
CONTINUOUS
100
AcDbLine
 10
6.581675905511811
 20
-3.7439203149606297
 30
0
 11
6.5785072047244091
 21
-3.7470890157480312
 31
0
  0
LINE
  5
B97
330
1F
100
AcDbEntity
  8
In1.Cu
  6
CONTINUOUS
100
AcDbLine
 10
6.5785072047244091
 20
-3.7470890157480312
 30
0
 11
6.5785069685039366
 21
-3.7470893307086612
 31
0
  0
LINE
  5
B98
330
1F
100
AcDbEntity
  8
In1.Cu
  6
CONTINUOUS
100
AcDbLine
 10
6.5785069685039366
 20
-3.7470893307086612
 30
0
 11
6.5762666141732282
 21
-3.7509698031496064
 31
0
  0
LINE
  5
B99
330
1F
100
AcDbEntity
  8
In1.Cu
  6
CONTINUOUS
100
AcDbLine
 10
6.5762666141732282
 20
-3.7509698031496064
 30
0
 11
6.576266496062992
 21
-3.7509699999999997
 31
0
  0
LINE
  5
B9A
330
1F
100
AcDbEntity
  8
In1.Cu
  6
CONTINUOUS
100
AcDbLine
 10
6.576266496062992
 20
-3.7509699999999997
 30
0
 11
6.5756665748031491
 21
-3.7532089763779526
 31
0
  0
LINE
  5
B9B
330
1F
100
AcDbEntity
  8
In1.Cu
  6
CONTINUOUS
100
AcDbLine
 10
6.5756665748031491
 20
-3.7532089763779526
 30
0
 11
6.5751066141732286
 21
-3.7552987401574804
 31
0
  0
LINE
  5
B9C
330
1F
100
AcDbEntity
  8
In1.Cu
  6
CONTINUOUS
100
AcDbLine
 10
6.5751066141732286
 20
-3.7552987401574804
 30
0
 11
6.5751066141732286
 21
-3.7597800787401572
 31
0
  0
LINE
  5
B9D
330
1F
100
AcDbEntity
  8
In1.Cu
  6
CONTINUOUS
100
AcDbLine
 10
6.5751066141732286
 20
-3.7597800787401572
 30
0
 11
6.5756689370078742
 21
-3.761878661417323
 31
0
  0
LINE
  5
B9E
330
1F
100
AcDbEntity
  8
In1.Cu
  6
CONTINUOUS
100
AcDbLine
 10
6.5756689370078742
 20
-3.761878661417323
 30
0
 11
6.576266496062992
 21
-3.7641087795275592
 31
0
  0
LINE
  5
B9F
330
1F
100
AcDbEntity
  8
In1.Cu
  6
CONTINUOUS
100
AcDbLine
 10
6.576266496062992
 20
-3.7641087795275592
 30
0
 11
6.5762666141732282
 21
-3.7641089763779525
 31
0
  0
LINE
  5
BA0
330
1F
100
AcDbEntity
  8
In1.Cu
  6
CONTINUOUS
100
AcDbLine
 10
6.5762666141732282
 20
-3.7641089763779525
 30
0
 11
6.5785069685039366
 21
-3.7679894488188976
 31
0
  0
LINE
  5
BA1
330
1F
100
AcDbEntity
  8
In1.Cu
  6
CONTINUOUS
100
AcDbLine
 10
6.5785069685039366
 20
-3.7679894488188976
 30
0
 11
6.5785071259842516
 21
-3.7679896456692914
 31
0
  0
LINE
  5
BA2
330
1F
100
AcDbEntity
  8
In1.Cu
  6
CONTINUOUS
100
AcDbLine
 10
6.5785071259842516
 20
-3.7679896456692914
 30
0
 11
6.5785071653543303
 21
-3.7679897244094489
 31
0
  0
LINE
  5
BA3
330
1F
100
AcDbEntity
  8
In1.Cu
  6
CONTINUOUS
100
AcDbLine
 10
6.5785071653543303
 20
-3.7679897244094489
 30
0
 11
6.5816759842519685
 21
-3.7711585433070867
 31
0
  0
LINE
  5
BA4
330
1F
100
AcDbEntity
  8
In1.Cu
  6
CONTINUOUS
100
AcDbLine
 10
6.5816759842519685
 20
-3.7711585433070867
 30
0
 11
6.581676062992126
 21
-3.7711585826771654
 31
0
  0
LINE
  5
BA5
330
1F
100
AcDbEntity
  8
In1.Cu
  6
CONTINUOUS
100
AcDbLine
 10
6.581676062992126
 20
-3.7711585826771654
 30
0
 11
6.5816762204724411
 21
-3.7711587007874017
 31
0
  0
LINE
  5
BA6
330
1F
100
AcDbEntity
  8
In1.Cu
  6
CONTINUOUS
100
AcDbLine
 10
6.5816762204724411
 20
-3.7711587007874017
 30
0
 11
6.5855566929133857
 21
-3.77339905511811
 31
0
  0
LINE
  5
BA7
330
1F
100
AcDbEntity
  8
In1.Cu
  6
CONTINUOUS
100
AcDbLine
 10
6.5855566929133857
 20
-3.77339905511811
 30
0
 11
6.585556968503937
 21
-3.773399212598425
 31
0
  0
LINE
  5
BA8
330
1F
100
AcDbEntity
  8
In1.Cu
  6
CONTINUOUS
100
AcDbLine
 10
6.585556968503937
 20
-3.773399212598425
 30
0
 11
6.5898856299212598
 21
-3.7745590944881888
 31
0
  0
LINE
  5
BA9
330
1F
100
AcDbEntity
  8
In1.Cu
  6
CONTINUOUS
100
AcDbLine
 10
6.5898856299212598
 20
-3.7745590944881888
 30
0
 11
6.5898857086614173
 21
-3.7745590944881888
 31
0
  0
LINE
  5
BAA
330
1F
100
AcDbEntity
  8
In1.Cu
  6
CONTINUOUS
100
AcDbLine
 10
6.5898857086614173
 20
-3.7745590944881888
 30
0
 11
6.594366889763779
 21
-3.7745590944881888
 31
0
  0
LINE
  5
BAB
330
1F
100
AcDbEntity
  8
In1.Cu
  6
CONTINUOUS
100
AcDbLine
 10
6.594366889763779
 20
-3.7745590944881888
 30
0
 11
6.5943669685039366
 21
-3.7745590944881888
 31
0
  0
LINE
  5
BAC
330
1F
100
AcDbEntity
  8
In1.Cu
  6
CONTINUOUS
100
AcDbLine
 10
6.5943669685039366
 20
-3.7745590944881888
 30
0
 11
6.5986956299212594
 21
-3.773399212598425
 31
0
  0
LINE
  5
BAD
330
1F
100
AcDbEntity
  8
In1.Cu
  6
CONTINUOUS
100
AcDbLine
 10
6.5986956299212594
 20
-3.773399212598425
 30
0
 11
6.6025766141732278
 21
-3.7711585433070867
 31
0
  0
LINE
  5
BAE
330
1F
100
AcDbEntity
  8
In1.Cu
  6
CONTINUOUS
100
AcDbLine
 10
6.6025766141732278
 20
-3.7711585433070867
 30
0
 11
6.605745433070866
 21
-3.7679897244094489
 31
0
  0
LINE
  5
BAF
330
1F
100
AcDbEntity
  8
In1.Cu
  6
CONTINUOUS
100
AcDbLine
 10
6.605745433070866
 20
-3.7679897244094489
 30
0
 11
6.6079861023622044
 21
-3.7641087401574804
 31
0
  0
LINE
  5
BB0
330
1F
100
AcDbEntity
  8
In1.Cu
  6
CONTINUOUS
100
AcDbLine
 10
6.6079861023622044
 20
-3.7641087401574804
 30
0
 11
6.6091459842519686
 21
-3.7597800787401572
 31
0
  0
LINE
  5
BB1
330
1F
100
AcDbEntity
  8
In1.Cu
  6
CONTINUOUS
100
AcDbLine
 10
6.6091459842519686
 20
-3.7597800787401572
 30
0
 11
6.6091459842519686
 21
-3.7552987401574804
 31
0
  0
LINE
  5
BB2
330
1F
100
AcDbEntity
  8
In1.Cu
  6
CONTINUOUS
100
AcDbLine
 10
6.6091459842519686
 20
-3.7552987401574804
 30
0
 11
6.6079861023622044
 21
-3.7509700787401572
 31
0
  0
LINE
  5
BB3
330
1F
100
AcDbEntity
  8
In1.Cu
  6
CONTINUOUS
100
AcDbLine
 10
6.6079861023622044
 20
-3.7509700787401572
 30
0
 11
6.6079859448818894
 21
-3.7509698031496064
 31
0
  0
LINE
  5
BB4
330
1F
100
AcDbEntity
  8
In1.Cu
  6
CONTINUOUS
100
AcDbLine
 10
6.6079859448818894
 20
-3.7509698031496064
 30
0
 11
6.605745590551181
 21
-3.7470893307086612
 31
0
  0
LINE
  5
BB5
330
1F
100
AcDbEntity
  8
In1.Cu
  6
CONTINUOUS
100
AcDbLine
 10
6.605745590551181
 20
-3.7470893307086612
 30
0
 11
6.6057453543307085
 21
-3.7470890157480312
 31
0
  0
LINE
  5
BB6
330
1F
100
AcDbEntity
  8
In1.Cu
  6
CONTINUOUS
100
AcDbLine
 10
6.6057453543307085
 20
-3.7470890157480312
 30
0
 11
6.6025766535433066
 21
-3.7439203149606297
 31
0
  0
LINE
  5
BB7
330
1F
100
AcDbEntity
  8
In1.Cu
  6
CONTINUOUS
100
AcDbLine
 10
6.6025766535433066
 20
-3.7439203149606297
 30
0
 11
6.6025763385826775
 21
-3.7439200787401572
 31
0
  0
LINE
  5
BB8
330
1F
100
AcDbEntity
  8
In1.Cu
  6
CONTINUOUS
100
AcDbLine
 10
6.6025763385826775
 20
-3.7439200787401572
 30
0
 11
6.5986958661417319
 21
-3.7416797244094488
 31
0
  0
LINE
  5
BB9
330
1F
100
AcDbEntity
  8
In1.Cu
  6
CONTINUOUS
100
AcDbLine
 10
6.5986958661417319
 20
-3.7416797244094488
 30
0
 11
6.5986956692913381
 21
-3.7416796062992126
 31
0
  0
LINE
  5
BBA
330
1F
100
AcDbEntity
  8
In1.Cu
  6
CONTINUOUS
100
AcDbLine
 10
6.5986956692913381
 20
-3.7416796062992126
 30
0
 11
6.5972527165354329
 21
-3.7412929527559053
 31
0
  0
LINE
  5
BBB
330
1F
100
AcDbEntity
  8
In1.Cu
  6
CONTINUOUS
100
AcDbLine
 10
6.5972527165354329
 20
-3.7412929527559053
 30
0
 11
6.5943669685039366
 21
-3.7405197244094488
 31
0
  0
LINE
  5
BBC
330
1F
100
AcDbEntity
  8
In1.Cu
  6
CONTINUOUS
100
AcDbLine
 10
6.5943669685039366
 20
-3.7405197244094488
 30
0
 11
6.5898856299212598
 21
-3.7405197244094488
 31
0
  0
LINE
  5
BBD
330
1F
100
AcDbEntity
  8
In1.Cu
  6
CONTINUOUS
100
AcDbLine
 10
6.5898856299212598
 20
-3.7405197244094488
 30
0
 11
6.587721299212598
 21
-3.7410996456692911
 31
0
  0
LINE
  5
BBE
330
1F
100
AcDbEntity
  8
In1.Cu
  6
CONTINUOUS
100
AcDbLine
 10
6.2321262204724412
 20
-3.6615895275590549
 30
0
 11
6.2254061023622045
 21
-3.6637730708661418
 31
0
  0
LINE
  5
BBF
330
1F
100
AcDbEntity
  8
In1.Cu
  6
CONTINUOUS
100
AcDbLine
 10
6.2254061023622045
 20
-3.6637730708661418
 30
0
 11
6.219110590551181
 21
-3.6669808267716535
 31
0
  0
LINE
  5
BC0
330
1F
100
AcDbEntity
  8
In1.Cu
  6
CONTINUOUS
100
AcDbLine
 10
6.219110590551181
 20
-3.6669808267716535
 30
0
 11
6.2158492125984255
 21
-3.6693503543307084
 31
0
  0
LINE
  5
BC1
330
1F
100
AcDbEntity
  8
In1.Cu
  6
CONTINUOUS
100
AcDbLine
 10
6.2158492125984255
 20
-3.6693503543307084
 30
0
 11
6.2133942519685039
 21
-3.6711340157480312
 31
0
  0
LINE
  5
BC2
330
1F
100
AcDbEntity
  8
In1.Cu
  6
CONTINUOUS
100
AcDbLine
 10
6.2133942519685039
 20
-3.6711340157480312
 30
0
 11
6.2133941732283464
 21
-3.6711340944881887
 31
0
  0
LINE
  5
BC3
330
1F
100
AcDbEntity
  8
In1.Cu
  6
CONTINUOUS
100
AcDbLine
 10
6.2133941732283464
 20
-3.6711340944881887
 30
0
 11
6.2133941338582677
 21
-3.6711340944881887
 31
0
  0
LINE
  5
BC4
330
1F
100
AcDbEntity
  8
In1.Cu
  6
CONTINUOUS
100
AcDbLine
 10
6.2133941338582677
 20
-3.6711340944881887
 30
0
 11
6.2083980708661413
 21
-3.6761301574803147
 31
0
  0
LINE
  5
BC5
330
1F
100
AcDbEntity
  8
In1.Cu
  6
CONTINUOUS
100
AcDbLine
 10
6.2083980708661413
 20
-3.6761301574803147
 30
0
 11
6.2083980708661413
 21
-3.6761301968503934
 31
0
  0
LINE
  5
BC6
330
1F
100
AcDbEntity
  8
In1.Cu
  6
CONTINUOUS
100
AcDbLine
 10
6.2083980708661413
 20
-3.6761301968503934
 30
0
 11
6.2083979921259838
 21
-3.6761302755905509
 31
0
  0
LINE
  5
BC7
330
1F
100
AcDbEntity
  8
In1.Cu
  6
CONTINUOUS
100
AcDbLine
 10
6.2083979921259838
 20
-3.6761302755905509
 30
0
 11
6.2066143307086614
 21
-3.6785852362204725
 31
0
  0
LINE
  5
BC8
330
1F
100
AcDbEntity
  8
In1.Cu
  6
CONTINUOUS
100
AcDbLine
 10
6.2066143307086614
 20
-3.6785852362204725
 30
0
 11
6.2042448031496065
 21
-3.6818466141732284
 31
0
  0
LINE
  5
BC9
330
1F
100
AcDbEntity
  8
In1.Cu
  6
CONTINUOUS
100
AcDbLine
 10
6.2042448031496065
 20
-3.6818466141732284
 30
0
 11
6.2010370472440943
 21
-3.688142125984252
 31
0
  0
LINE
  5
BCA
330
1F
100
AcDbEntity
  8
In1.Cu
  6
CONTINUOUS
100
AcDbLine
 10
6.2010370472440943
 20
-3.688142125984252
 30
0
 11
6.1988535039370074
 21
-3.6948622440944883
 31
0
  0
LINE
  5
BCB
330
1F
100
AcDbEntity
  8
In1.Cu
  6
CONTINUOUS
100
AcDbLine
 10
6.1988535039370074
 20
-3.6948622440944883
 30
0
 11
6.1977482283464562
 21
-3.7018408661417324
 31
0
  0
LINE
  5
BCC
330
1F
100
AcDbEntity
  8
In1.Cu
  6
CONTINUOUS
100
AcDbLine
 10
6.1977482283464562
 20
-3.7018408661417324
 30
0
 11
6.1977482283464562
 21
-3.7089071259842519
 31
0
  0
LINE
  5
BCD
330
1F
100
AcDbEntity
  8
In1.Cu
  6
CONTINUOUS
100
AcDbLine
 10
6.1977482283464562
 20
-3.7089071259842519
 30
0
 11
6.1988535039370074
 21
-3.715885748031496
 31
0
  0
LINE
  5
BCE
330
1F
100
AcDbEntity
  8
In1.Cu
  6
CONTINUOUS
100
AcDbLine
 10
6.1988535039370074
 20
-3.715885748031496
 30
0
 11
6.2010370472440943
 21
-3.7226058661417323
 31
0
  0
LINE
  5
BCF
330
1F
100
AcDbEntity
  8
In1.Cu
  6
CONTINUOUS
100
AcDbLine
 10
6.2010370472440943
 20
-3.7226058661417323
 30
0
 11
6.2037174409448816
 21
-3.7278663779527559
 31
0
  0
LINE
  5
BD0
330
1F
100
AcDbEntity
  8
In1.Cu
  6
CONTINUOUS
100
AcDbLine
 10
6.2037174409448816
 20
-3.7278663779527559
 30
0
 11
6.2042448031496065
 21
-3.7289013779527558
 31
0
  0
LINE
  5
BD1
330
1F
100
AcDbEntity
  8
In1.Cu
  6
CONTINUOUS
100
AcDbLine
 10
6.2042448031496065
 20
-3.7289013779527558
 30
0
 11
6.2083979921259838
 21
-3.7346177559055116
 31
0
  0
LINE
  5
BD2
330
1F
100
AcDbEntity
  8
In1.Cu
  6
CONTINUOUS
100
AcDbLine
 10
6.2083979921259838
 20
-3.7346177559055116
 30
0
 11
6.2133942519685039
 21
-3.7396140157480313
 31
0
  0
LINE
  5
BD3
330
1F
100
AcDbEntity
  8
In1.Cu
  6
CONTINUOUS
100
AcDbLine
 10
6.2133942519685039
 20
-3.7396140157480313
 30
0
 11
6.2191106299212597
 21
-3.7437672047244095
 31
0
  0
LINE
  5
BD4
330
1F
100
AcDbEntity
  8
In1.Cu
  6
CONTINUOUS
100
AcDbLine
 10
6.2191106299212597
 20
-3.7437672047244095
 30
0
 11
6.2218324803149603
 21
-3.7451540551181099
 31
0
  0
LINE
  5
BD5
330
1F
100
AcDbEntity
  8
In1.Cu
  6
CONTINUOUS
100
AcDbLine
 10
6.2218324803149603
 20
-3.7451540551181099
 30
0
 11
6.2254061023622045
 21
-3.7469749212598424
 31
0
  0
LINE
  5
BD6
330
1F
100
AcDbEntity
  8
In1.Cu
  6
CONTINUOUS
100
AcDbLine
 10
6.2254061023622045
 20
-3.7469749212598424
 30
0
 11
6.225406181102362
 21
-3.7469749212598424
 31
0
  0
LINE
  5
BD7
330
1F
100
AcDbEntity
  8
In1.Cu
  6
CONTINUOUS
100
AcDbLine
 10
6.225406181102362
 20
-3.7469749212598424
 30
0
 11
6.2254062992125982
 21
-3.7469749999999999
 31
0
  0
LINE
  5
BD8
330
1F
100
AcDbEntity
  8
In1.Cu
  6
CONTINUOUS
100
AcDbLine
 10
6.2254062992125982
 20
-3.7469749999999999
 30
0
 11
6.2290082677165355
 21
-3.7481453543307084
 31
0
  0
LINE
  5
BD9
330
1F
100
AcDbEntity
  8
In1.Cu
  6
CONTINUOUS
100
AcDbLine
 10
6.2290082677165355
 20
-3.7481453543307084
 30
0
 11
6.2321262204724412
 21
-3.7491584645669289
 31
0
  0
LINE
  5
BDA
330
1F
100
AcDbEntity
  8
In1.Cu
  6
CONTINUOUS
100
AcDbLine
 10
6.2321262204724412
 20
-3.7491584645669289
 30
0
 11
6.2391048818897632
 21
-3.7502637795275588
 31
0
  0
LINE
  5
BDB
330
1F
100
AcDbEntity
  8
In1.Cu
  6
CONTINUOUS
100
AcDbLine
 10
6.2391048818897632
 20
-3.7502637795275588
 30
0
 11
6.239105078740157
 21
-3.7502637795275588
 31
0
  0
LINE
  5
BDC
330
1F
100
AcDbEntity
  8
In1.Cu
  6
CONTINUOUS
100
AcDbLine
 10
6.239105078740157
 20
-3.7502637795275588
 30
0
 11
6.2461711023622044
 21
-3.7502637795275588
 31
0
  0
LINE
  5
BDD
330
1F
100
AcDbEntity
  8
In1.Cu
  6
CONTINUOUS
100
AcDbLine
 10
6.2461711023622044
 20
-3.7502637795275588
 30
0
 11
6.2468454724409446
 21
-3.7501569685039371
 31
0
  0
LINE
  5
BDE
330
1F
100
AcDbEntity
  8
In1.Cu
  6
CONTINUOUS
100
AcDbLine
 10
6.2468454724409446
 20
-3.7501569685039371
 30
0
 11
6.2531497244094485
 21
-3.7491584645669289
 31
0
  0
LINE
  5
BDF
330
1F
100
AcDbEntity
  8
In1.Cu
  6
CONTINUOUS
100
AcDbLine
 10
6.2531497244094485
 20
-3.7491584645669289
 30
0
 11
6.2598696850393702
 21
-3.7469749999999999
 31
0
  0
LINE
  5
BE0
330
1F
100
AcDbEntity
  8
In1.Cu
  6
CONTINUOUS
100
AcDbLine
 10
6.2598696850393702
 20
-3.7469749999999999
 30
0
 11
6.2661653543307088
 21
-3.7437672047244095
 31
0
  0
LINE
  5
BE1
330
1F
100
AcDbEntity
  8
In1.Cu
  6
CONTINUOUS
100
AcDbLine
 10
6.2661653543307088
 20
-3.7437672047244095
 30
0
 11
6.2718817322834646
 21
-3.7396140157480313
 31
0
  0
LINE
  5
BE2
330
1F
100
AcDbEntity
  8
In1.Cu
  6
CONTINUOUS
100
AcDbLine
 10
6.2718817322834646
 20
-3.7396140157480313
 30
0
 11
6.2768779921259839
 21
-3.7346177559055116
 31
0
  0
LINE
  5
BE3
330
1F
100
AcDbEntity
  8
In1.Cu
  6
CONTINUOUS
100
AcDbLine
 10
6.2768779921259839
 20
-3.7346177559055116
 30
0
 11
6.281031181102362
 21
-3.7289013779527558
 31
0
  0
LINE
  5
BE4
330
1F
100
AcDbEntity
  8
In1.Cu
  6
CONTINUOUS
100
AcDbLine
 10
6.281031181102362
 20
-3.7289013779527558
 30
0
 11
6.2842389763779529
 21
-3.7226057086614173
 31
0
  0
LINE
  5
BE5
330
1F
100
AcDbEntity
  8
In1.Cu
  6
CONTINUOUS
100
AcDbLine
 10
6.2842389763779529
 20
-3.7226057086614173
 30
0
 11
6.2864224409448815
 21
-3.715885748031496
 31
0
  0
LINE
  5
BE6
330
1F
100
AcDbEntity
  8
In1.Cu
  6
CONTINUOUS
100
AcDbLine
 10
6.2864224409448815
 20
-3.715885748031496
 30
0
 11
6.286769645669291
 21
-3.7136935826771653
 31
0
  0
LINE
  5
BE7
330
1F
100
AcDbEntity
  8
In1.Cu
  6
CONTINUOUS
100
AcDbLine
 10
6.286769645669291
 20
-3.7136935826771653
 30
0
 11
6.2875277559055114
 21
-3.7089071259842519
 31
0
  0
LINE
  5
BE8
330
1F
100
AcDbEntity
  8
In1.Cu
  6
CONTINUOUS
100
AcDbLine
 10
6.2875277559055114
 20
-3.7089071259842519
 30
0
 11
6.2875277559055114
 21
-3.7018408661417324
 31
0
  0
LINE
  5
BE9
330
1F
100
AcDbEntity
  8
In1.Cu
  6
CONTINUOUS
100
AcDbLine
 10
6.2875277559055114
 20
-3.7018408661417324
 30
0
 11
6.2864224409448815
 21
-3.6948622440944883
 31
0
  0
LINE
  5
BEA
330
1F
100
AcDbEntity
  8
In1.Cu
  6
CONTINUOUS
100
AcDbLine
 10
6.2864224409448815
 20
-3.6948622440944883
 30
0
 11
6.2846276771653544
 21
-3.6893385826771654
 31
0
  0
LINE
  5
BEB
330
1F
100
AcDbEntity
  8
In1.Cu
  6
CONTINUOUS
100
AcDbLine
 10
6.2846276771653544
 20
-3.6893385826771654
 30
0
 11
6.2842389763779529
 21
-3.6881423228346457
 31
0
  0
LINE
  5
BEC
330
1F
100
AcDbEntity
  8
In1.Cu
  6
CONTINUOUS
100
AcDbLine
 10
6.2842389763779529
 20
-3.6881423228346457
 30
0
 11
6.2842388976377954
 21
-3.6881422047244095
 31
0
  0
LINE
  5
BED
330
1F
100
AcDbEntity
  8
In1.Cu
  6
CONTINUOUS
100
AcDbLine
 10
6.2842388976377954
 20
-3.6881422047244095
 30
0
 11
6.2842388976377954
 21
-3.688142125984252
 31
0
  0
LINE
  5
BEE
330
1F
100
AcDbEntity
  8
In1.Cu
  6
CONTINUOUS
100
AcDbLine
 10
6.2842388976377954
 20
-3.688142125984252
 30
0
 11
6.2810311417322833
 21
-3.6818466141732284
 31
0
  0
LINE
  5
BEF
330
1F
100
AcDbEntity
  8
In1.Cu
  6
CONTINUOUS
100
AcDbLine
 10
6.2810311417322833
 20
-3.6818466141732284
 30
0
 11
6.2768779921259839
 21
-3.6761302755905509
 31
0
  0
LINE
  5
BF0
330
1F
100
AcDbEntity
  8
In1.Cu
  6
CONTINUOUS
100
AcDbLine
 10
6.2768779921259839
 20
-3.6761302755905509
 30
0
 11
6.2718817322834646
 21
-3.6711340157480312
 31
0
  0
LINE
  5
BF1
330
1F
100
AcDbEntity
  8
In1.Cu
  6
CONTINUOUS
100
AcDbLine
 10
6.2718817322834646
 20
-3.6711340157480312
 30
0
 11
6.2661653543307088
 21
-3.6669808267716535
 31
0
  0
LINE
  5
BF2
330
1F
100
AcDbEntity
  8
In1.Cu
  6
CONTINUOUS
100
AcDbLine
 10
6.2661653543307088
 20
-3.6669808267716535
 30
0
 11
6.2649874015748033
 21
-3.6663806299212598
 31
0
  0
LINE
  5
BF3
330
1F
100
AcDbEntity
  8
In1.Cu
  6
CONTINUOUS
100
AcDbLine
 10
6.2649874015748033
 20
-3.6663806299212598
 30
0
 11
6.2598698425196853
 21
-3.6637730708661418
 31
0
  0
LINE
  5
BF4
330
1F
100
AcDbEntity
  8
In1.Cu
  6
CONTINUOUS
100
AcDbLine
 10
6.2598698425196853
 20
-3.6637730708661418
 30
0
 11
6.2531497244094485
 21
-3.6615895275590549
 31
0
  0
LINE
  5
BF5
330
1F
100
AcDbEntity
  8
In1.Cu
  6
CONTINUOUS
100
AcDbLine
 10
6.2531497244094485
 20
-3.6615895275590549
 30
0
 11
6.2461711023622044
 21
-3.6604842519685037
 31
0
  0
LINE
  5
BF6
330
1F
100
AcDbEntity
  8
In1.Cu
  6
CONTINUOUS
100
AcDbLine
 10
6.2461711023622044
 20
-3.6604842519685037
 30
0
 11
6.2461709055118106
 21
-3.6604842519685037
 31
0
  0
LINE
  5
BF7
330
1F
100
AcDbEntity
  8
In1.Cu
  6
CONTINUOUS
100
AcDbLine
 10
6.2461709055118106
 20
-3.6604842519685037
 30
0
 11
6.239105078740157
 21
-3.6604842519685037
 31
0
  0
LINE
  5
BF8
330
1F
100
AcDbEntity
  8
In1.Cu
  6
CONTINUOUS
100
AcDbLine
 10
6.239105078740157
 20
-3.6604842519685037
 30
0
 11
6.2391048818897632
 21
-3.6604842519685037
 31
0
  0
LINE
  5
BF9
330
1F
100
AcDbEntity
  8
In1.Cu
  6
CONTINUOUS
100
AcDbLine
 10
6.2391048818897632
 20
-3.6604842519685037
 30
0
 11
6.2321262204724412
 21
-3.6615895275590549
 31
0
  0
LINE
  5
BFA
330
1F
100
AcDbEntity
  8
In1.Cu
  6
CONTINUOUS
100
AcDbLine
 10
5.3369331102362203
 20
-3.7209251968503936
 30
0
 11
5.3370310629921258
 21
-3.7214179527559055
 31
0
  0
LINE
  5
BFB
330
1F
100
AcDbEntity
  8
In1.Cu
  6
CONTINUOUS
100
AcDbLine
 10
5.3370310629921258
 20
-3.7214179527559055
 30
0
 11
5.3370311811023621
 21
-3.7214182283464567
 31
0
  0
LINE
  5
BFC
330
1F
100
AcDbEntity
  8
In1.Cu
  6
CONTINUOUS
100
AcDbLine
 10
5.3370311811023621
 20
-3.7214182283464567
 30
0
 11
5.3397020866141727
 21
-3.7278663779527559
 31
0
  0
LINE
  5
BFD
330
1F
100
AcDbEntity
  8
In1.Cu
  6
CONTINUOUS
100
AcDbLine
 10
5.3397020866141727
 20
-3.7278663779527559
 30
0
 11
5.3397022834645664
 21
-3.7278667716535434
 31
0
  0
LINE
  5
BFE
330
1F
100
AcDbEntity
  8
In1.Cu
  6
CONTINUOUS
100
AcDbLine
 10
5.3397022834645664
 20
-3.7278667716535434
 30
0
 11
5.3435798425196852
 21
-3.7336699212598425
 31
0
  0
LINE
  5
BFF
330
1F
100
AcDbEntity
  8
In1.Cu
  6
CONTINUOUS
100
AcDbLine
 10
5.3435798425196852
 20
-3.7336699212598425
 30
0
 11
5.3435799606299215
 21
-3.7336700787401575
 31
0
  0
LINE
  5
C00
330
1F
100
AcDbEntity
  8
In1.Cu
  6
CONTINUOUS
100
AcDbLine
 10
5.3435799606299215
 20
-3.7336700787401575
 30
0
 11
5.3485151181102362
 21
-3.7386052362204722
 31
0
  0
LINE
  5
C01
330
1F
100
AcDbEntity
  8
In1.Cu
  6
CONTINUOUS
100
AcDbLine
 10
5.3485151181102362
 20
-3.7386052362204722
 30
0
 11
5.3485152755905512
 21
-3.7386053543307085
 31
0
  0
LINE
  5
C02
330
1F
100
AcDbEntity
  8
In1.Cu
  6
CONTINUOUS
100
AcDbLine
 10
5.3485152755905512
 20
-3.7386053543307085
 30
0
 11
5.3543184251968503
 21
-3.7424829133858268
 31
0
  0
LINE
  5
C03
330
1F
100
AcDbEntity
  8
In1.Cu
  6
CONTINUOUS
100
AcDbLine
 10
5.3543184251968503
 20
-3.7424829133858268
 30
0
 11
5.3543187795275591
 21
-3.7424831102362206
 31
0
  0
LINE
  5
C04
330
1F
100
AcDbEntity
  8
In1.Cu
  6
CONTINUOUS
100
AcDbLine
 10
5.3543187795275591
 20
-3.7424831102362206
 30
0
 11
5.3607670866141728
 21
-3.7451540551181099
 31
0
  0
LINE
  5
C05
330
1F
100
AcDbEntity
  8
In1.Cu
  6
CONTINUOUS
100
AcDbLine
 10
5.3607670866141728
 20
-3.7451540551181099
 30
0
 11
5.3607674015748028
 21
-3.7451541338582675
 31
0
  0
LINE
  5
C06
330
1F
100
AcDbEntity
  8
In1.Cu
  6
CONTINUOUS
100
AcDbLine
 10
5.3607674015748028
 20
-3.7451541338582675
 30
0
 11
5.3676125196850393
 21
-3.7465157086614171
 31
0
  0
LINE
  5
C07
330
1F
100
AcDbEntity
  8
In1.Cu
  6
CONTINUOUS
100
AcDbLine
 10
5.3676125196850393
 20
-3.7465157086614171
 30
0
 11
5.3676126771653543
 21
-3.7465157480314959
 31
0
  0
LINE
  5
C08
330
1F
100
AcDbEntity
  8
In1.Cu
  6
CONTINUOUS
100
AcDbLine
 10
5.3676126771653543
 20
-3.7465157480314959
 30
0
 11
5.3701299212598421
 21
-3.7465157480314959
 31
0
  0
LINE
  5
C09
330
1F
100
AcDbEntity
  8
In1.Cu
  6
CONTINUOUS
100
AcDbLine
 10
5.3701299212598421
 20
-3.7465157480314959
 30
0
 11
5.3730710629921257
 21
-3.7443105511811021
 31
0
  0
LINE
  5
C0A
330
1F
100
AcDbEntity
  8
In1.Cu
  6
CONTINUOUS
100
AcDbLine
 10
5.3730710629921257
 20
-3.7443105511811021
 30
0
 11
5.3730710629921257
 21
-3.7268307086614172
 31
0
  0
LINE
  5
C0B
330
1F
100
AcDbEntity
  8
In1.Cu
  6
CONTINUOUS
100
AcDbLine
 10
5.3730710629921257
 20
-3.7268307086614172
 30
0
 11
5.3711025590551182
 21
-3.7268307086614172
 31
0
  0
LINE
  5
C0C
330
1F
100
AcDbEntity
  8
In1.Cu
  6
CONTINUOUS
100
AcDbLine
 10
5.3711025590551182
 20
-3.7268307086614172
 30
0
 11
5.3690470472440941
 21
-3.7266959842519682
 31
0
  0
LINE
  5
C0D
330
1F
100
AcDbEntity
  8
In1.Cu
  6
CONTINUOUS
100
AcDbLine
 10
5.3690470472440941
 20
-3.7266959842519682
 30
0
 11
5.3650760629921255
 21
-3.725631968503937
 31
0
  0
LINE
  5
C0E
330
1F
100
AcDbEntity
  8
In1.Cu
  6
CONTINUOUS
100
AcDbLine
 10
5.3650760629921255
 20
-3.725631968503937
 30
0
 11
5.3615157480314961
 21
-3.7235764173228345
 31
0
  0
LINE
  5
C0F
330
1F
100
AcDbEntity
  8
In1.Cu
  6
CONTINUOUS
100
AcDbLine
 10
5.3615157480314961
 20
-3.7235764173228345
 30
0
 11
5.3588645275590547
 21
-3.7209251968503936
 31
0
  0
LINE
  5
C10
330
1F
100
AcDbEntity
  8
In1.Cu
  6
CONTINUOUS
100
AcDbLine
 10
5.3588645275590547
 20
-3.7209251968503936
 30
0
 11
5.3369331102362203
 21
-3.7209251968503936
 31
0
  0
LINE
  5
C11
330
1F
100
AcDbEntity
  8
In1.Cu
  6
CONTINUOUS
100
AcDbLine
 10
5.1637047637795277
 20
-3.7067520078740155
 30
0
 11
5.1638027165354332
 21
-3.7072447637795274
 31
0
  0
LINE
  5
C12
330
1F
100
AcDbEntity
  8
In1.Cu
  6
CONTINUOUS
100
AcDbLine
 10
5.1638027165354332
 20
-3.7072447637795274
 30
0
 11
5.1638028346456695
 21
-3.7072450393700787
 31
0
  0
LINE
  5
C13
330
1F
100
AcDbEntity
  8
In1.Cu
  6
CONTINUOUS
100
AcDbLine
 10
5.1638028346456695
 20
-3.7072450393700787
 30
0
 11
5.1664737401574801
 21
-3.7136931889763778
 31
0
  0
LINE
  5
C14
330
1F
100
AcDbEntity
  8
In1.Cu
  6
CONTINUOUS
100
AcDbLine
 10
5.1664737401574801
 20
-3.7136931889763778
 30
0
 11
5.1664739370078738
 21
-3.7136935826771653
 31
0
  0
LINE
  5
C15
330
1F
100
AcDbEntity
  8
In1.Cu
  6
CONTINUOUS
100
AcDbLine
 10
5.1664739370078738
 20
-3.7136935826771653
 30
0
 11
5.1703514960629917
 21
-3.7194967322834644
 31
0
  0
LINE
  5
C16
330
1F
100
AcDbEntity
  8
In1.Cu
  6
CONTINUOUS
100
AcDbLine
 10
5.1703514960629917
 20
-3.7194967322834644
 30
0
 11
5.170351614173228
 21
-3.7194968897637795
 31
0
  0
LINE
  5
C17
330
1F
100
AcDbEntity
  8
In1.Cu
  6
CONTINUOUS
100
AcDbLine
 10
5.170351614173228
 20
-3.7194968897637795
 30
0
 11
5.1752867716535436
 21
-3.7244320472440946
 31
0
  0
LINE
  5
C18
330
1F
100
AcDbEntity
  8
In1.Cu
  6
CONTINUOUS
100
AcDbLine
 10
5.1752867716535436
 20
-3.7244320472440946
 30
0
 11
5.1752869291338586
 21
-3.7244321653543304
 31
0
  0
LINE
  5
C19
330
1F
100
AcDbEntity
  8
In1.Cu
  6
CONTINUOUS
100
AcDbLine
 10
5.1752869291338586
 20
-3.7244321653543304
 30
0
 11
5.1810900787401577
 21
-3.7283097244094487
 31
0
  0
LINE
  5
C1A
330
1F
100
AcDbEntity
  8
In1.Cu
  6
CONTINUOUS
100
AcDbLine
 10
5.1810900787401577
 20
-3.7283097244094487
 30
0
 11
5.1810904330708656
 21
-3.7283099212598425
 31
0
  0
LINE
  5
C1B
330
1F
100
AcDbEntity
  8
In1.Cu
  6
CONTINUOUS
100
AcDbLine
 10
5.1810904330708656
 20
-3.7283099212598425
 30
0
 11
5.1875387401574802
 21
-3.7309808661417323
 31
0
  0
LINE
  5
C1C
330
1F
100
AcDbEntity
  8
In1.Cu
  6
CONTINUOUS
100
AcDbLine
 10
5.1875387401574802
 20
-3.7309808661417323
 30
0
 11
5.1875390551181102
 21
-3.7309809448818898
 31
0
  0
LINE
  5
C1D
330
1F
100
AcDbEntity
  8
In1.Cu
  6
CONTINUOUS
100
AcDbLine
 10
5.1875390551181102
 20
-3.7309809448818898
 30
0
 11
5.1943841732283467
 21
-3.7323425196850395
 31
0
  0
LINE
  5
C1E
330
1F
100
AcDbEntity
  8
In1.Cu
  6
CONTINUOUS
100
AcDbLine
 10
5.1943841732283467
 20
-3.7323425196850395
 30
0
 11
5.1943843307086617
 21
-3.7323425590551182
 31
0
  0
LINE
  5
C1F
330
1F
100
AcDbEntity
  8
In1.Cu
  6
CONTINUOUS
100
AcDbLine
 10
5.1943843307086617
 20
-3.7323425590551182
 30
0
 11
5.1998427165354331
 21
-3.7323425590551182
 31
0
  0
LINE
  5
C20
330
1F
100
AcDbEntity
  8
In1.Cu
  6
CONTINUOUS
100
AcDbLine
 10
5.1998427165354331
 20
-3.7323425590551182
 30
0
 11
5.1998427165354331
 21
-3.7126575196850391
 31
0
  0
LINE
  5
C21
330
1F
100
AcDbEntity
  8
In1.Cu
  6
CONTINUOUS
100
AcDbLine
 10
5.1998427165354331
 20
-3.7126575196850391
 30
0
 11
5.1978742125984247
 21
-3.7126575196850391
 31
0
  0
LINE
  5
C22
330
1F
100
AcDbEntity
  8
In1.Cu
  6
CONTINUOUS
100
AcDbLine
 10
5.1978742125984247
 20
-3.7126575196850391
 30
0
 11
5.1958187007874015
 21
-3.7125227952755906
 31
0
  0
LINE
  5
C23
330
1F
100
AcDbEntity
  8
In1.Cu
  6
CONTINUOUS
100
AcDbLine
 10
5.1958187007874015
 20
-3.7125227952755906
 30
0
 11
5.1918477165354329
 21
-3.7114587795275589
 31
0
  0
LINE
  5
C24
330
1F
100
AcDbEntity
  8
In1.Cu
  6
CONTINUOUS
100
AcDbLine
 10
5.1918477165354329
 20
-3.7114587795275589
 30
0
 11
5.1882874015748026
 21
-3.7094032283464564
 31
0
  0
LINE
  5
C25
330
1F
100
AcDbEntity
  8
In1.Cu
  6
CONTINUOUS
100
AcDbLine
 10
5.1882874015748026
 20
-3.7094032283464564
 30
0
 11
5.1856361811023621
 21
-3.7067520078740155
 31
0
  0
LINE
  5
C26
330
1F
100
AcDbEntity
  8
In1.Cu
  6
CONTINUOUS
100
AcDbLine
 10
5.1856361811023621
 20
-3.7067520078740155
 30
0
 11
5.1637047637795277
 21
-3.7067520078740155
 31
0
  0
LINE
  5
C27
330
1F
100
AcDbEntity
  8
In1.Cu
  6
CONTINUOUS
100
AcDbLine
 10
5.2310830708661413
 20
-3.7094032283464564
 30
0
 11
5.227522755905512
 21
-3.7114587795275589
 31
0
  0
LINE
  5
C28
330
1F
100
AcDbEntity
  8
In1.Cu
  6
CONTINUOUS
100
AcDbLine
 10
5.227522755905512
 20
-3.7114587795275589
 30
0
 11
5.2235517716535433
 21
-3.7125227952755906
 31
0
  0
LINE
  5
C29
330
1F
100
AcDbEntity
  8
In1.Cu
  6
CONTINUOUS
100
AcDbLine
 10
5.2235517716535433
 20
-3.7125227952755906
 30
0
 11
5.2214962598425192
 21
-3.7126575196850391
 31
0
  0
LINE
  5
C2A
330
1F
100
AcDbEntity
  8
In1.Cu
  6
CONTINUOUS
100
AcDbLine
 10
5.2214962598425192
 20
-3.7126575196850391
 30
0
 11
5.2195277559055118
 21
-3.7126575196850391
 31
0
  0
LINE
  5
C2B
330
1F
100
AcDbEntity
  8
In1.Cu
  6
CONTINUOUS
100
AcDbLine
 10
5.2195277559055118
 20
-3.7126575196850391
 30
0
 11
5.2195277559055118
 21
-3.7323425590551182
 31
0
  0
LINE
  5
C2C
330
1F
100
AcDbEntity
  8
In1.Cu
  6
CONTINUOUS
100
AcDbLine
 10
5.2195277559055118
 20
-3.7323425590551182
 30
0
 11
5.2249861417322832
 21
-3.7323425590551182
 31
0
  0
LINE
  5
C2D
330
1F
100
AcDbEntity
  8
In1.Cu
  6
CONTINUOUS
100
AcDbLine
 10
5.2249861417322832
 20
-3.7323425590551182
 30
0
 11
5.2249862598425194
 21
-3.7323425196850395
 31
0
  0
LINE
  5
C2E
330
1F
100
AcDbEntity
  8
In1.Cu
  6
CONTINUOUS
100
AcDbLine
 10
5.2249862598425194
 20
-3.7323425196850395
 30
0
 11
5.2318313779527559
 21
-3.7309809448818898
 31
0
  0
LINE
  5
C2F
330
1F
100
AcDbEntity
  8
In1.Cu
  6
CONTINUOUS
100
AcDbLine
 10
5.2318313779527559
 20
-3.7309809448818898
 30
0
 11
5.2318316929133859
 21
-3.7309808661417323
 31
0
  0
LINE
  5
C30
330
1F
100
AcDbEntity
  8
In1.Cu
  6
CONTINUOUS
100
AcDbLine
 10
5.2318316929133859
 20
-3.7309808661417323
 30
0
 11
5.2382799999999996
 21
-3.7283099212598425
 31
0
  0
LINE
  5
C31
330
1F
100
AcDbEntity
  8
In1.Cu
  6
CONTINUOUS
100
AcDbLine
 10
5.2382799999999996
 20
-3.7283099212598425
 30
0
 11
5.2382803543307084
 21
-3.7283097244094487
 31
0
  0
LINE
  5
C32
330
1F
100
AcDbEntity
  8
In1.Cu
  6
CONTINUOUS
100
AcDbLine
 10
5.2382803543307084
 20
-3.7283097244094487
 30
0
 11
5.2440835039370075
 21
-3.7244321653543304
 31
0
  0
LINE
  5
C33
330
1F
100
AcDbEntity
  8
In1.Cu
  6
CONTINUOUS
100
AcDbLine
 10
5.2440835039370075
 20
-3.7244321653543304
 30
0
 11
5.2440836614173225
 21
-3.7244320472440946
 31
0
  0
LINE
  5
C34
330
1F
100
AcDbEntity
  8
In1.Cu
  6
CONTINUOUS
100
AcDbLine
 10
5.2440836614173225
 20
-3.7244320472440946
 30
0
 11
5.2490188188976381
 21
-3.7194968897637795
 31
0
  0
LINE
  5
C35
330
1F
100
AcDbEntity
  8
In1.Cu
  6
CONTINUOUS
100
AcDbLine
 10
5.2490188188976381
 20
-3.7194968897637795
 30
0
 11
5.2490189370078735
 21
-3.7194967322834644
 31
0
  0
LINE
  5
C36
330
1F
100
AcDbEntity
  8
In1.Cu
  6
CONTINUOUS
100
AcDbLine
 10
5.2490189370078735
 20
-3.7194967322834644
 30
0
 11
5.2507536220472444
 21
-3.7169006692913387
 31
0
  0
LINE
  5
C37
330
1F
100
AcDbEntity
  8
In1.Cu
  6
CONTINUOUS
100
AcDbLine
 10
5.2507536220472444
 20
-3.7169006692913387
 30
0
 11
5.2528964960629922
 21
-3.7136935826771653
 31
0
  0
LINE
  5
C38
330
1F
100
AcDbEntity
  8
In1.Cu
  6
CONTINUOUS
100
AcDbLine
 10
5.2528964960629922
 20
-3.7136935826771653
 30
0
 11
5.252896692913386
 21
-3.7136931889763778
 31
0
  0
LINE
  5
C39
330
1F
100
AcDbEntity
  8
In1.Cu
  6
CONTINUOUS
100
AcDbLine
 10
5.252896692913386
 20
-3.7136931889763778
 30
0
 11
5.2555675984251966
 21
-3.7072450393700787
 31
0
  0
LINE
  5
C3A
330
1F
100
AcDbEntity
  8
In1.Cu
  6
CONTINUOUS
100
AcDbLine
 10
5.2555675984251966
 20
-3.7072450393700787
 30
0
 11
5.2555677165354329
 21
-3.7072447637795274
 31
0
  0
LINE
  5
C3B
330
1F
100
AcDbEntity
  8
In1.Cu
  6
CONTINUOUS
100
AcDbLine
 10
5.2555677165354329
 20
-3.7072447637795274
 30
0
 11
5.2556657086614171
 21
-3.7067520078740155
 31
0
  0
LINE
  5
C3C
330
1F
100
AcDbEntity
  8
In1.Cu
  6
CONTINUOUS
100
AcDbLine
 10
5.2556657086614171
 20
-3.7067520078740155
 30
0
 11
5.2337342913385827
 21
-3.7067520078740155
 31
0
  0
LINE
  5
C3D
330
1F
100
AcDbEntity
  8
In1.Cu
  6
CONTINUOUS
100
AcDbLine
 10
5.2337342913385827
 20
-3.7067520078740155
 30
0
 11
5.2310830708661413
 21
-3.7094032283464564
 31
0
  0
LINE
  5
C3E
330
1F
100
AcDbEntity
  8
In1.Cu
  6
CONTINUOUS
100
AcDbLine
 10
5.7648077952755905
 20
-3.6899185039370077
 30
0
 11
5.7626433858267712
 21
-3.6904984645669292
 31
0
  0
LINE
  5
C3F
330
1F
100
AcDbEntity
  8
In1.Cu
  6
CONTINUOUS
100
AcDbLine
 10
5.7626433858267712
 20
-3.6904984645669292
 30
0
 11
5.7626431889763774
 21
-3.6904985826771655
 31
0
  0
LINE
  5
C40
330
1F
100
AcDbEntity
  8
In1.Cu
  6
CONTINUOUS
100
AcDbLine
 10
5.7626431889763774
 20
-3.6904985826771655
 30
0
 11
5.7587627165354327
 21
-3.6927389370078738
 31
0
  0
LINE
  5
C41
330
1F
100
AcDbEntity
  8
In1.Cu
  6
CONTINUOUS
100
AcDbLine
 10
5.7587627165354327
 20
-3.6927389370078738
 30
0
 11
5.7587624015748027
 21
-3.6927391732283463
 31
0
  0
LINE
  5
C42
330
1F
100
AcDbEntity
  8
In1.Cu
  6
CONTINUOUS
100
AcDbLine
 10
5.7587624015748027
 20
-3.6927391732283463
 30
0
 11
5.7555937007874016
 21
-3.6959078740157478
 31
0
  0
LINE
  5
C43
330
1F
100
AcDbEntity
  8
In1.Cu
  6
CONTINUOUS
100
AcDbLine
 10
5.7555937007874016
 20
-3.6959078740157478
 30
0
 11
5.7555934645669291
 21
-3.6959081889763779
 31
0
  0
LINE
  5
C44
330
1F
100
AcDbEntity
  8
In1.Cu
  6
CONTINUOUS
100
AcDbLine
 10
5.7555934645669291
 20
-3.6959081889763779
 30
0
 11
5.7533531102362208
 21
-3.6997886614173225
 31
0
  0
LINE
  5
C45
330
1F
100
AcDbEntity
  8
In1.Cu
  6
CONTINUOUS
100
AcDbLine
 10
5.7533531102362208
 20
-3.6997886614173225
 30
0
 11
5.7533529921259845
 21
-3.6997888582677163
 31
0
  0
LINE
  5
C46
330
1F
100
AcDbEntity
  8
In1.Cu
  6
CONTINUOUS
100
AcDbLine
 10
5.7533529921259845
 20
-3.6997888582677163
 30
0
 11
5.7528031102362203
 21
-3.7018411023622044
 31
0
  0
LINE
  5
C47
330
1F
100
AcDbEntity
  8
In1.Cu
  6
CONTINUOUS
100
AcDbLine
 10
5.7528031102362203
 20
-3.7018411023622044
 30
0
 11
5.7521931102362203
 21
-3.7041175984251966
 31
0
  0
LINE
  5
C48
330
1F
100
AcDbEntity
  8
In1.Cu
  6
CONTINUOUS
100
AcDbLine
 10
5.7521931102362203
 20
-3.7041175984251966
 30
0
 11
5.7521931102362203
 21
-3.7085989370078738
 31
0
  0
LINE
  5
C49
330
1F
100
AcDbEntity
  8
In1.Cu
  6
CONTINUOUS
100
AcDbLine
 10
5.7521931102362203
 20
-3.7085989370078738
 30
0
 11
5.7522757086614176
 21
-3.7089071259842519
 31
0
  0
LINE
  5
C4A
330
1F
100
AcDbEntity
  8
In1.Cu
  6
CONTINUOUS
100
AcDbLine
 10
5.7522757086614176
 20
-3.7089071259842519
 30
0
 11
5.7533529921259845
 21
-3.7129276377952753
 31
0
  0
LINE
  5
C4B
330
1F
100
AcDbEntity
  8
In1.Cu
  6
CONTINUOUS
100
AcDbLine
 10
5.7533529921259845
 20
-3.7129276377952753
 30
0
 11
5.7533531102362208
 21
-3.7129278346456691
 31
0
  0
LINE
  5
C4C
330
1F
100
AcDbEntity
  8
In1.Cu
  6
CONTINUOUS
100
AcDbLine
 10
5.7533531102362208
 20
-3.7129278346456691
 30
0
 11
5.7555934645669291
 21
-3.7168083070866142
 31
0
  0
LINE
  5
C4D
330
1F
100
AcDbEntity
  8
In1.Cu
  6
CONTINUOUS
100
AcDbLine
 10
5.7555934645669291
 20
-3.7168083070866142
 30
0
 11
5.7555936220472441
 21
-3.7168085039370076
 31
0
  0
LINE
  5
C4E
330
1F
100
AcDbEntity
  8
In1.Cu
  6
CONTINUOUS
100
AcDbLine
 10
5.7555936220472441
 20
-3.7168085039370076
 30
0
 11
5.7555936614173229
 21
-3.7168085826771651
 31
0
  0
LINE
  5
C4F
330
1F
100
AcDbEntity
  8
In1.Cu
  6
CONTINUOUS
100
AcDbLine
 10
5.7555936614173229
 20
-3.7168085826771651
 30
0
 11
5.7587624803149602
 21
-3.7199774015748033
 31
0
  0
LINE
  5
C50
330
1F
100
AcDbEntity
  8
In1.Cu
  6
CONTINUOUS
100
AcDbLine
 10
5.7587624803149602
 20
-3.7199774015748033
 30
0
 11
5.7587625590551177
 21
-3.7199774409448816
 31
0
  0
LINE
  5
C51
330
1F
100
AcDbEntity
  8
In1.Cu
  6
CONTINUOUS
100
AcDbLine
 10
5.7587625590551177
 20
-3.7199774409448816
 30
0
 11
5.7587627165354327
 21
-3.7199775590551178
 31
0
  0
LINE
  5
C52
330
1F
100
AcDbEntity
  8
In1.Cu
  6
CONTINUOUS
100
AcDbLine
 10
5.7587627165354327
 20
-3.7199775590551178
 30
0
 11
5.761257598425197
 21
-3.7214179527559055
 31
0
  0
LINE
  5
C53
330
1F
100
AcDbEntity
  8
In1.Cu
  6
CONTINUOUS
100
AcDbLine
 10
5.761257598425197
 20
-3.7214179527559055
 30
0
 11
5.7626434645669287
 21
-3.7222180708661416
 31
0
  0
LINE
  5
C54
330
1F
100
AcDbEntity
  8
In1.Cu
  6
CONTINUOUS
100
AcDbLine
 10
5.7626434645669287
 20
-3.7222180708661416
 30
0
 11
5.7669721259842515
 21
-3.7233779527559054
 31
0
  0
LINE
  5
C55
330
1F
100
AcDbEntity
  8
In1.Cu
  6
CONTINUOUS
100
AcDbLine
 10
5.7669721259842515
 20
-3.7233779527559054
 30
0
 11
5.766972204724409
 21
-3.7233779527559054
 31
0
  0
LINE
  5
C56
330
1F
100
AcDbEntity
  8
In1.Cu
  6
CONTINUOUS
100
AcDbLine
 10
5.766972204724409
 20
-3.7233779527559054
 30
0
 11
5.7714533858267716
 21
-3.7233779527559054
 31
0
  0
LINE
  5
C57
330
1F
100
AcDbEntity
  8
In1.Cu
  6
CONTINUOUS
100
AcDbLine
 10
5.7714533858267716
 20
-3.7233779527559054
 30
0
 11
5.7714534645669291
 21
-3.7233779527559054
 31
0
  0
LINE
  5
C58
330
1F
100
AcDbEntity
  8
In1.Cu
  6
CONTINUOUS
100
AcDbLine
 10
5.7714534645669291
 20
-3.7233779527559054
 30
0
 11
5.7757821259842519
 21
-3.7222180708661416
 31
0
  0
LINE
  5
C59
330
1F
100
AcDbEntity
  8
In1.Cu
  6
CONTINUOUS
100
AcDbLine
 10
5.7757821259842519
 20
-3.7222180708661416
 30
0
 11
5.7796631102362204
 21
-3.7199774015748033
 31
0
  0
LINE
  5
C5A
330
1F
100
AcDbEntity
  8
In1.Cu
  6
CONTINUOUS
100
AcDbLine
 10
5.7796631102362204
 20
-3.7199774015748033
 30
0
 11
5.7828319291338586
 21
-3.7168085826771651
 31
0
  0
LINE
  5
C5B
330
1F
100
AcDbEntity
  8
In1.Cu
  6
CONTINUOUS
100
AcDbLine
 10
5.7828319291338586
 20
-3.7168085826771651
 30
0
 11
5.7850725984251969
 21
-3.7129275984251966
 31
0
  0
LINE
  5
C5C
330
1F
100
AcDbEntity
  8
In1.Cu
  6
CONTINUOUS
100
AcDbLine
 10
5.7850725984251969
 20
-3.7129275984251966
 30
0
 11
5.7862324803149603
 21
-3.7085989370078738
 31
0
  0
LINE
  5
C5D
330
1F
100
AcDbEntity
  8
In1.Cu
  6
CONTINUOUS
100
AcDbLine
 10
5.7862324803149603
 20
-3.7085989370078738
 30
0
 11
5.7862324803149603
 21
-3.7041175984251966
 31
0
  0
LINE
  5
C5E
330
1F
100
AcDbEntity
  8
In1.Cu
  6
CONTINUOUS
100
AcDbLine
 10
5.7862324803149603
 20
-3.7041175984251966
 30
0
 11
5.7856224015748028
 21
-3.7018408661417324
 31
0
  0
LINE
  5
C5F
330
1F
100
AcDbEntity
  8
In1.Cu
  6
CONTINUOUS
100
AcDbLine
 10
5.7856224015748028
 20
-3.7018408661417324
 30
0
 11
5.7850725984251969
 21
-3.6997889370078738
 31
0
  0
LINE
  5
C60
330
1F
100
AcDbEntity
  8
In1.Cu
  6
CONTINUOUS
100
AcDbLine
 10
5.7850725984251969
 20
-3.6997889370078738
 30
0
 11
5.7845404724409448
 21
-3.6988672834645668
 31
0
  0
LINE
  5
C61
330
1F
100
AcDbEntity
  8
In1.Cu
  6
CONTINUOUS
100
AcDbLine
 10
5.7845404724409448
 20
-3.6988672834645668
 30
0
 11
5.7828320866141727
 21
-3.6959081889763779
 31
0
  0
LINE
  5
C62
330
1F
100
AcDbEntity
  8
In1.Cu
  6
CONTINUOUS
100
AcDbLine
 10
5.7828320866141727
 20
-3.6959081889763779
 30
0
 11
5.7828318503937011
 21
-3.6959078740157478
 31
0
  0
LINE
  5
C63
330
1F
100
AcDbEntity
  8
In1.Cu
  6
CONTINUOUS
100
AcDbLine
 10
5.7828318503937011
 20
-3.6959078740157478
 30
0
 11
5.7796631496062991
 21
-3.6927391732283463
 31
0
  0
LINE
  5
C64
330
1F
100
AcDbEntity
  8
In1.Cu
  6
CONTINUOUS
100
AcDbLine
 10
5.7796631496062991
 20
-3.6927391732283463
 30
0
 11
5.7796628346456691
 21
-3.6927389370078738
 31
0
  0
LINE
  5
C65
330
1F
100
AcDbEntity
  8
In1.Cu
  6
CONTINUOUS
100
AcDbLine
 10
5.7796628346456691
 20
-3.6927389370078738
 30
0
 11
5.7757823622047244
 21
-3.6904985826771655
 31
0
  0
LINE
  5
C66
330
1F
100
AcDbEntity
  8
In1.Cu
  6
CONTINUOUS
100
AcDbLine
 10
5.7757823622047244
 20
-3.6904985826771655
 30
0
 11
5.7757821653543306
 21
-3.6904984645669292
 31
0
  0
LINE
  5
C67
330
1F
100
AcDbEntity
  8
In1.Cu
  6
CONTINUOUS
100
AcDbLine
 10
5.7757821653543306
 20
-3.6904984645669292
 30
0
 11
5.7743392125984254
 21
-3.690111811023622
 31
0
  0
LINE
  5
C68
330
1F
100
AcDbEntity
  8
In1.Cu
  6
CONTINUOUS
100
AcDbLine
 10
5.7743392125984254
 20
-3.690111811023622
 30
0
 11
5.7714534645669291
 21
-3.6893385826771654
 31
0
  0
LINE
  5
C69
330
1F
100
AcDbEntity
  8
In1.Cu
  6
CONTINUOUS
100
AcDbLine
 10
5.7714534645669291
 20
-3.6893385826771654
 30
0
 11
5.7669721259842515
 21
-3.6893385826771654
 31
0
  0
LINE
  5
C6A
330
1F
100
AcDbEntity
  8
In1.Cu
  6
CONTINUOUS
100
AcDbLine
 10
5.7669721259842515
 20
-3.6893385826771654
 30
0
 11
5.7648077952755905
 21
-3.6899185039370077
 31
0
  0
LINE
  5
C6B
330
1F
100
AcDbEntity
  8
In1.Cu
  6
CONTINUOUS
100
AcDbLine
 10
5.3607674015748028
 20
-3.6770111811023622
 30
0
 11
5.3607670866141728
 21
-3.6770112598425198
 31
0
  0
LINE
  5
C6C
330
1F
100
AcDbEntity
  8
In1.Cu
  6
CONTINUOUS
100
AcDbLine
 10
5.3607670866141728
 20
-3.6770112598425198
 30
0
 11
5.3543187795275591
 21
-3.6796822047244095
 31
0
  0
LINE
  5
C6D
330
1F
100
AcDbEntity
  8
In1.Cu
  6
CONTINUOUS
100
AcDbLine
 10
5.3543187795275591
 20
-3.6796822047244095
 30
0
 11
5.3543184251968503
 21
-3.6796824015748029
 31
0
  0
LINE
  5
C6E
330
1F
100
AcDbEntity
  8
In1.Cu
  6
CONTINUOUS
100
AcDbLine
 10
5.3543184251968503
 20
-3.6796824015748029
 30
0
 11
5.3485152755905512
 21
-3.6835599606299212
 31
0
  0
LINE
  5
C6F
330
1F
100
AcDbEntity
  8
In1.Cu
  6
CONTINUOUS
100
AcDbLine
 10
5.3485152755905512
 20
-3.6835599606299212
 30
0
 11
5.3485151181102362
 21
-3.6835600787401575
 31
0
  0
LINE
  5
C70
330
1F
100
AcDbEntity
  8
In1.Cu
  6
CONTINUOUS
100
AcDbLine
 10
5.3485151181102362
 20
-3.6835600787401575
 30
0
 11
5.3435799606299215
 21
-3.6884952362204722
 31
0
  0
LINE
  5
C71
330
1F
100
AcDbEntity
  8
In1.Cu
  6
CONTINUOUS
100
AcDbLine
 10
5.3435799606299215
 20
-3.6884952362204722
 30
0
 11
5.3435798425196852
 21
-3.6884953937007872
 31
0
  0
LINE
  5
C72
330
1F
100
AcDbEntity
  8
In1.Cu
  6
CONTINUOUS
100
AcDbLine
 10
5.3435798425196852
 20
-3.6884953937007872
 30
0
 11
5.3397022834645664
 21
-3.6942985433070867
 31
0
  0
LINE
  5
C73
330
1F
100
AcDbEntity
  8
In1.Cu
  6
CONTINUOUS
100
AcDbLine
 10
5.3397022834645664
 20
-3.6942985433070867
 30
0
 11
5.3397020866141727
 21
-3.6942989370078738
 31
0
  0
LINE
  5
C74
330
1F
100
AcDbEntity
  8
In1.Cu
  6
CONTINUOUS
100
AcDbLine
 10
5.3397020866141727
 20
-3.6942989370078738
 30
0
 11
5.3370311811023621
 21
-3.700747086614173
 31
0
  0
LINE
  5
C75
330
1F
100
AcDbEntity
  8
In1.Cu
  6
CONTINUOUS
100
AcDbLine
 10
5.3370311811023621
 20
-3.700747086614173
 30
0
 11
5.3370310629921258
 21
-3.7007473622047242
 31
0
  0
LINE
  5
C76
330
1F
100
AcDbEntity
  8
In1.Cu
  6
CONTINUOUS
100
AcDbLine
 10
5.3370310629921258
 20
-3.7007473622047242
 30
0
 11
5.3369331102362203
 21
-3.7012401574803149
 31
0
  0
LINE
  5
C77
330
1F
100
AcDbEntity
  8
In1.Cu
  6
CONTINUOUS
100
AcDbLine
 10
5.3369331102362203
 20
-3.7012401574803149
 30
0
 11
5.3588645275590547
 21
-3.7012401574803149
 31
0
  0
LINE
  5
C78
330
1F
100
AcDbEntity
  8
In1.Cu
  6
CONTINUOUS
100
AcDbLine
 10
5.3588645275590547
 20
-3.7012401574803149
 30
0
 11
5.3615157480314961
 21
-3.6985889370078739
 31
0
  0
LINE
  5
C79
330
1F
100
AcDbEntity
  8
In1.Cu
  6
CONTINUOUS
100
AcDbLine
 10
5.3615157480314961
 20
-3.6985889370078739
 30
0
 11
5.3650760629921255
 21
-3.6965333858267715
 31
0
  0
LINE
  5
C7A
330
1F
100
AcDbEntity
  8
In1.Cu
  6
CONTINUOUS
100
AcDbLine
 10
5.3650760629921255
 20
-3.6965333858267715
 30
0
 11
5.3690470472440941
 21
-3.6954693700787402
 31
0
  0
LINE
  5
C7B
330
1F
100
AcDbEntity
  8
In1.Cu
  6
CONTINUOUS
100
AcDbLine
 10
5.3690470472440941
 20
-3.6954693700787402
 30
0
 11
5.3711025590551182
 21
-3.6953346456692913
 31
0
  0
LINE
  5
C7C
330
1F
100
AcDbEntity
  8
In1.Cu
  6
CONTINUOUS
100
AcDbLine
 10
5.3711025590551182
 20
-3.6953346456692913
 30
0
 11
5.3730710629921257
 21
-3.6953346456692913
 31
0
  0
LINE
  5
C7D
330
1F
100
AcDbEntity
  8
In1.Cu
  6
CONTINUOUS
100
AcDbLine
 10
5.3730710629921257
 20
-3.6953346456692913
 30
0
 11
5.3730710629921257
 21
-3.6756496062992126
 31
0
  0
LINE
  5
C7E
330
1F
100
AcDbEntity
  8
In1.Cu
  6
CONTINUOUS
100
AcDbLine
 10
5.3730710629921257
 20
-3.6756496062992126
 30
0
 11
5.3676125196850393
 21
-3.6756496062992126
 31
0
  0
LINE
  5
C7F
330
1F
100
AcDbEntity
  8
In1.Cu
  6
CONTINUOUS
100
AcDbLine
 10
5.3676125196850393
 20
-3.6756496062992126
 30
0
 11
5.3607674015748028
 21
-3.6770111811023622
 31
0
  0
LINE
  5
C80
330
1F
100
AcDbEntity
  8
In1.Cu
  6
CONTINUOUS
100
AcDbLine
 10
5.2490189370078735
 20
-3.6743222047244095
 30
0
 11
5.2490188188976381
 21
-3.6743220472440945
 31
0
  0
LINE
  5
C81
330
1F
100
AcDbEntity
  8
In1.Cu
  6
CONTINUOUS
100
AcDbLine
 10
5.2490188188976381
 20
-3.6743220472440945
 30
0
 11
5.2440836614173225
 21
-3.6693868897637794
 31
0
  0
LINE
  5
C82
330
1F
100
AcDbEntity
  8
In1.Cu
  6
CONTINUOUS
100
AcDbLine
 10
5.2440836614173225
 20
-3.6693868897637794
 30
0
 11
5.2440835039370075
 21
-3.6693867716535431
 31
0
  0
LINE
  5
C83
330
1F
100
AcDbEntity
  8
In1.Cu
  6
CONTINUOUS
100
AcDbLine
 10
5.2440835039370075
 20
-3.6693867716535431
 30
0
 11
5.2382803543307084
 21
-3.6655092125984252
 31
0
  0
LINE
  5
C84
330
1F
100
AcDbEntity
  8
In1.Cu
  6
CONTINUOUS
100
AcDbLine
 10
5.2382803543307084
 20
-3.6655092125984252
 30
0
 11
5.2382799999999996
 21
-3.6655090157480315
 31
0
  0
LINE
  5
C85
330
1F
100
AcDbEntity
  8
In1.Cu
  6
CONTINUOUS
100
AcDbLine
 10
5.2382799999999996
 20
-3.6655090157480315
 30
0
 11
5.2318316929133859
 21
-3.6628380708661417
 31
0
  0
LINE
  5
C86
330
1F
100
AcDbEntity
  8
In1.Cu
  6
CONTINUOUS
100
AcDbLine
 10
5.2318316929133859
 20
-3.6628380708661417
 30
0
 11
5.2318313779527559
 21
-3.6628379921259842
 31
0
  0
LINE
  5
C87
330
1F
100
AcDbEntity
  8
In1.Cu
  6
CONTINUOUS
100
AcDbLine
 10
5.2318313779527559
 20
-3.6628379921259842
 30
0
 11
5.2249862598425194
 21
-3.6614764173228345
 31
0
  0
LINE
  5
C88
330
1F
100
AcDbEntity
  8
In1.Cu
  6
CONTINUOUS
100
AcDbLine
 10
5.2249862598425194
 20
-3.6614764173228345
 30
0
 11
5.2195277559055118
 21
-3.6614764173228345
 31
0
  0
LINE
  5
C89
330
1F
100
AcDbEntity
  8
In1.Cu
  6
CONTINUOUS
100
AcDbLine
 10
5.2195277559055118
 20
-3.6614764173228345
 30
0
 11
5.2195277559055118
 21
-3.6811614566929132
 31
0
  0
LINE
  5
C8A
330
1F
100
AcDbEntity
  8
In1.Cu
  6
CONTINUOUS
100
AcDbLine
 10
5.2195277559055118
 20
-3.6811614566929132
 30
0
 11
5.2214962598425192
 21
-3.6811614566929132
 31
0
  0
LINE
  5
C8B
330
1F
100
AcDbEntity
  8
In1.Cu
  6
CONTINUOUS
100
AcDbLine
 10
5.2214962598425192
 20
-3.6811614566929132
 30
0
 11
5.2235517716535433
 21
-3.6812961811023621
 31
0
  0
LINE
  5
C8C
330
1F
100
AcDbEntity
  8
In1.Cu
  6
CONTINUOUS
100
AcDbLine
 10
5.2235517716535433
 20
-3.6812961811023621
 30
0
 11
5.227522755905512
 21
-3.6823601968503934
 31
0
  0
LINE
  5
C8D
330
1F
100
AcDbEntity
  8
In1.Cu
  6
CONTINUOUS
100
AcDbLine
 10
5.227522755905512
 20
-3.6823601968503934
 30
0
 11
5.2310830708661413
 21
-3.6844157480314959
 31
0
  0
LINE
  5
C8E
330
1F
100
AcDbEntity
  8
In1.Cu
  6
CONTINUOUS
100
AcDbLine
 10
5.2310830708661413
 20
-3.6844157480314959
 30
0
 11
5.2337342913385827
 21
-3.6870669685039368
 31
0
  0
LINE
  5
C8F
330
1F
100
AcDbEntity
  8
In1.Cu
  6
CONTINUOUS
100
AcDbLine
 10
5.2337342913385827
 20
-3.6870669685039368
 30
0
 11
5.2556657086614171
 21
-3.6870669685039368
 31
0
  0
LINE
  5
C90
330
1F
100
AcDbEntity
  8
In1.Cu
  6
CONTINUOUS
100
AcDbLine
 10
5.2556657086614171
 20
-3.6870669685039368
 30
0
 11
5.2555677165354329
 21
-3.6865741732283466
 31
0
  0
LINE
  5
C91
330
1F
100
AcDbEntity
  8
In1.Cu
  6
CONTINUOUS
100
AcDbLine
 10
5.2555677165354329
 20
-3.6865741732283466
 30
0
 11
5.2555675984251966
 21
-3.6865738976377953
 31
0
  0
LINE
  5
C92
330
1F
100
AcDbEntity
  8
In1.Cu
  6
CONTINUOUS
100
AcDbLine
 10
5.2555675984251966
 20
-3.6865738976377953
 30
0
 11
5.252896692913386
 21
-3.6801257480314962
 31
0
  0
LINE
  5
C93
330
1F
100
AcDbEntity
  8
In1.Cu
  6
CONTINUOUS
100
AcDbLine
 10
5.252896692913386
 20
-3.6801257480314962
 30
0
 11
5.2528964960629922
 21
-3.6801253543307086
 31
0
  0
LINE
  5
C94
330
1F
100
AcDbEntity
  8
In1.Cu
  6
CONTINUOUS
100
AcDbLine
 10
5.2528964960629922
 20
-3.6801253543307086
 30
0
 11
5.2491979133858271
 21
-3.6745900393700786
 31
0
  0
LINE
  5
C95
330
1F
100
AcDbEntity
  8
In1.Cu
  6
CONTINUOUS
100
AcDbLine
 10
5.2491979133858271
 20
-3.6745900393700786
 30
0
 11
5.2490189370078735
 21
-3.6743222047244095
 31
0
  0
LINE
  5
C96
330
1F
100
AcDbEntity
  8
In1.Cu
  6
CONTINUOUS
100
AcDbLine
 10
5.9588860236220471
 20
-3.6790713779527557
 30
0
 11
5.9591685433070865
 21
-3.6801257480314962
 31
0
  0
LINE
  5
C97
330
1F
100
AcDbEntity
  8
In1.Cu
  6
CONTINUOUS
100
AcDbLine
 10
5.9591685433070865
 20
-3.6801257480314962
 30
0
 11
5.9600459055118105
 21
-3.6834000787401573
 31
0
  0
LINE
  5
C98
330
1F
100
AcDbEntity
  8
In1.Cu
  6
CONTINUOUS
100
AcDbLine
 10
5.9600459055118105
 20
-3.6834000787401573
 30
0
 11
5.9600460236220467
 21
-3.6834002755905511
 31
0
  0
LINE
  5
C99
330
1F
100
AcDbEntity
  8
In1.Cu
  6
CONTINUOUS
100
AcDbLine
 10
5.9600460236220467
 20
-3.6834002755905511
 30
0
 11
5.962286377952756
 21
-3.6872807480314962
 31
0
  0
LINE
  5
C9A
330
1F
100
AcDbEntity
  8
In1.Cu
  6
CONTINUOUS
100
AcDbLine
 10
5.962286377952756
 20
-3.6872807480314962
 30
0
 11
5.962286535433071
 21
-3.6872809448818895
 31
0
  0
LINE
  5
C9B
330
1F
100
AcDbEntity
  8
In1.Cu
  6
CONTINUOUS
100
AcDbLine
 10
5.962286535433071
 20
-3.6872809448818895
 30
0
 11
5.9622865748031497
 21
-3.687281023622047
 31
0
  0
LINE
  5
C9C
330
1F
100
AcDbEntity
  8
In1.Cu
  6
CONTINUOUS
100
AcDbLine
 10
5.9622865748031497
 20
-3.687281023622047
 30
0
 11
5.965455393700787
 21
-3.6904498425196848
 31
0
  0
LINE
  5
C9D
330
1F
100
AcDbEntity
  8
In1.Cu
  6
CONTINUOUS
100
AcDbLine
 10
5.965455393700787
 20
-3.6904498425196848
 30
0
 11
5.9654554724409445
 21
-3.6904498818897635
 31
0
  0
LINE
  5
C9E
330
1F
100
AcDbEntity
  8
In1.Cu
  6
CONTINUOUS
100
AcDbLine
 10
5.9654554724409445
 20
-3.6904498818897635
 30
0
 11
5.9654556299212596
 21
-3.6904499999999998
 31
0
  0
LINE
  5
C9F
330
1F
100
AcDbEntity
  8
In1.Cu
  6
CONTINUOUS
100
AcDbLine
 10
5.9654556299212596
 20
-3.6904499999999998
 30
0
 11
5.9693361023622042
 21
-3.6926903543307086
 31
0
  0
LINE
  5
CA0
330
1F
100
AcDbEntity
  8
In1.Cu
  6
CONTINUOUS
100
AcDbLine
 10
5.9693361023622042
 20
-3.6926903543307086
 30
0
 11
5.9693363779527555
 21
-3.6926905118110236
 31
0
  0
LINE
  5
CA1
330
1F
100
AcDbEntity
  8
In1.Cu
  6
CONTINUOUS
100
AcDbLine
 10
5.9693363779527555
 20
-3.6926905118110236
 30
0
 11
5.9736650393700783
 21
-3.6938503937007874
 31
0
  0
LINE
  5
CA2
330
1F
100
AcDbEntity
  8
In1.Cu
  6
CONTINUOUS
100
AcDbLine
 10
5.9736650393700783
 20
-3.6938503937007874
 30
0
 11
5.9736651181102358
 21
-3.6938503937007874
 31
0
  0
LINE
  5
CA3
330
1F
100
AcDbEntity
  8
In1.Cu
  6
CONTINUOUS
100
AcDbLine
 10
5.9736651181102358
 20
-3.6938503937007874
 30
0
 11
5.9781462992125984
 21
-3.6938503937007874
 31
0
  0
LINE
  5
CA4
330
1F
100
AcDbEntity
  8
In1.Cu
  6
CONTINUOUS
100
AcDbLine
 10
5.9781462992125984
 20
-3.6938503937007874
 30
0
 11
5.9781463779527559
 21
-3.6938503937007874
 31
0
  0
LINE
  5
CA5
330
1F
100
AcDbEntity
  8
In1.Cu
  6
CONTINUOUS
100
AcDbLine
 10
5.9781463779527559
 20
-3.6938503937007874
 30
0
 11
5.9824750393700787
 21
-3.6926905118110236
 31
0
  0
LINE
  5
CA6
330
1F
100
AcDbEntity
  8
In1.Cu
  6
CONTINUOUS
100
AcDbLine
 10
5.9824750393700787
 20
-3.6926905118110236
 30
0
 11
5.9863560236220472
 21
-3.6904498425196848
 31
0
  0
LINE
  5
CA7
330
1F
100
AcDbEntity
  8
In1.Cu
  6
CONTINUOUS
100
AcDbLine
 10
5.9863560236220472
 20
-3.6904498425196848
 30
0
 11
5.9895248425196845
 21
-3.687281023622047
 31
0
  0
LINE
  5
CA8
330
1F
100
AcDbEntity
  8
In1.Cu
  6
CONTINUOUS
100
AcDbLine
 10
5.9895248425196845
 20
-3.687281023622047
 30
0
 11
5.9917655118110238
 21
-3.6834000393700785
 31
0
  0
LINE
  5
CA9
330
1F
100
AcDbEntity
  8
In1.Cu
  6
CONTINUOUS
100
AcDbLine
 10
5.9917655118110238
 20
-3.6834000393700785
 30
0
 11
5.9929253937007871
 21
-3.6790713779527557
 31
0
  0
LINE
  5
CAA
330
1F
100
AcDbEntity
  8
In1.Cu
  6
CONTINUOUS
100
AcDbLine
 10
5.9929253937007871
 20
-3.6790713779527557
 30
0
 11
5.9929253937007871
 21
-3.6745900393700786
 31
0
  0
LINE
  5
CAB
330
1F
100
AcDbEntity
  8
In1.Cu
  6
CONTINUOUS
100
AcDbLine
 10
5.9929253937007871
 20
-3.6745900393700786
 30
0
 11
5.9917655118110238
 21
-3.6702613779527558
 31
0
  0
LINE
  5
CAC
330
1F
100
AcDbEntity
  8
In1.Cu
  6
CONTINUOUS
100
AcDbLine
 10
5.9917655118110238
 20
-3.6702613779527558
 30
0
 11
5.9902266929133861
 21
-3.6675960236220471
 31
0
  0
LINE
  5
CAD
330
1F
100
AcDbEntity
  8
In1.Cu
  6
CONTINUOUS
100
AcDbLine
 10
5.9902266929133861
 20
-3.6675960236220471
 30
0
 11
5.9895249999999995
 21
-3.6663806299212598
 31
0
  0
LINE
  5
CAE
330
1F
100
AcDbEntity
  8
In1.Cu
  6
CONTINUOUS
100
AcDbLine
 10
5.9895249999999995
 20
-3.6663806299212598
 30
0
 11
5.989524763779527
 21
-3.6663803149606298
 31
0
  0
LINE
  5
CAF
330
1F
100
AcDbEntity
  8
In1.Cu
  6
CONTINUOUS
100
AcDbLine
 10
5.989524763779527
 20
-3.6663803149606298
 30
0
 11
5.986356062992126
 21
-3.6632116141732283
 31
0
  0
LINE
  5
CB0
330
1F
100
AcDbEntity
  8
In1.Cu
  6
CONTINUOUS
100
AcDbLine
 10
5.986356062992126
 20
-3.6632116141732283
 30
0
 11
5.9863557480314959
 21
-3.6632113779527558
 31
0
  0
LINE
  5
CB1
330
1F
100
AcDbEntity
  8
In1.Cu
  6
CONTINUOUS
100
AcDbLine
 10
5.9863557480314959
 20
-3.6632113779527558
 30
0
 11
5.9824752755905513
 21
-3.660971023622047
 31
0
  0
LINE
  5
CB2
330
1F
100
AcDbEntity
  8
In1.Cu
  6
CONTINUOUS
100
AcDbLine
 10
5.9824752755905513
 20
-3.660971023622047
 30
0
 11
5.9824750787401575
 21
-3.6609709055118111
 31
0
  0
LINE
  5
CB3
330
1F
100
AcDbEntity
  8
In1.Cu
  6
CONTINUOUS
100
AcDbLine
 10
5.9824750787401575
 20
-3.6609709055118111
 30
0
 11
5.9806588582677165
 21
-3.6604842519685037
 31
0
  0
LINE
  5
CB4
330
1F
100
AcDbEntity
  8
In1.Cu
  6
CONTINUOUS
100
AcDbLine
 10
5.9806588582677165
 20
-3.6604842519685037
 30
0
 11
5.9781463779527559
 21
-3.6598110236220474
 31
0
  0
LINE
  5
CB5
330
1F
100
AcDbEntity
  8
In1.Cu
  6
CONTINUOUS
100
AcDbLine
 10
5.9781463779527559
 20
-3.6598110236220474
 30
0
 11
5.9736650393700783
 21
-3.6598110236220474
 31
0
  0
LINE
  5
CB6
330
1F
100
AcDbEntity
  8
In1.Cu
  6
CONTINUOUS
100
AcDbLine
 10
5.9736650393700783
 20
-3.6598110236220474
 30
0
 11
5.9715007086614174
 21
-3.6603909448818897
 31
0
  0
LINE
  5
CB7
330
1F
100
AcDbEntity
  8
In1.Cu
  6
CONTINUOUS
100
AcDbLine
 10
5.9715007086614174
 20
-3.6603909448818897
 30
0
 11
5.969336299212598
 21
-3.6609709055118111
 31
0
  0
LINE
  5
CB8
330
1F
100
AcDbEntity
  8
In1.Cu
  6
CONTINUOUS
100
AcDbLine
 10
5.969336299212598
 20
-3.6609709055118111
 30
0
 11
5.9693361023622042
 21
-3.660971023622047
 31
0
  0
LINE
  5
CB9
330
1F
100
AcDbEntity
  8
In1.Cu
  6
CONTINUOUS
100
AcDbLine
 10
5.9693361023622042
 20
-3.660971023622047
 30
0
 11
5.9654556299212596
 21
-3.6632113779527558
 31
0
  0
LINE
  5
CBA
330
1F
100
AcDbEntity
  8
In1.Cu
  6
CONTINUOUS
100
AcDbLine
 10
5.9654556299212596
 20
-3.6632113779527558
 30
0
 11
5.9654553149606295
 21
-3.6632116141732283
 31
0
  0
LINE
  5
CBB
330
1F
100
AcDbEntity
  8
In1.Cu
  6
CONTINUOUS
100
AcDbLine
 10
5.9654553149606295
 20
-3.6632116141732283
 30
0
 11
5.9622866141732285
 21
-3.6663803149606298
 31
0
  0
LINE
  5
CBC
330
1F
100
AcDbEntity
  8
In1.Cu
  6
CONTINUOUS
100
AcDbLine
 10
5.9622866141732285
 20
-3.6663803149606298
 30
0
 11
5.962286377952756
 21
-3.6663806299212598
 31
0
  0
LINE
  5
CBD
330
1F
100
AcDbEntity
  8
In1.Cu
  6
CONTINUOUS
100
AcDbLine
 10
5.962286377952756
 20
-3.6663806299212598
 30
0
 11
5.9600460236220467
 21
-3.6702611023622045
 31
0
  0
LINE
  5
CBE
330
1F
100
AcDbEntity
  8
In1.Cu
  6
CONTINUOUS
100
AcDbLine
 10
5.9600460236220467
 20
-3.6702611023622045
 30
0
 11
5.9600459055118105
 21
-3.6702612992125982
 31
0
  0
LINE
  5
CBF
330
1F
100
AcDbEntity
  8
In1.Cu
  6
CONTINUOUS
100
AcDbLine
 10
5.9600459055118105
 20
-3.6702612992125982
 30
0
 11
5.9598120472440943
 21
-3.6711340944881887
 31
0
  0
LINE
  5
CC0
330
1F
100
AcDbEntity
  8
In1.Cu
  6
CONTINUOUS
100
AcDbLine
 10
5.9598120472440943
 20
-3.6711340944881887
 30
0
 11
5.9588860236220471
 21
-3.6745900393700786
 31
0
  0
LINE
  5
CC1
330
1F
100
AcDbEntity
  8
In1.Cu
  6
CONTINUOUS
100
AcDbLine
 10
5.9588860236220471
 20
-3.6745900393700786
 30
0
 11
5.9588860236220471
 21
-3.6790713779527557
 31
0
  0
LINE
  5
CC2
330
1F
100
AcDbEntity
  8
In1.Cu
  6
CONTINUOUS
100
AcDbLine
 10
6.1557364173228342
 20
-3.659386338582677
 30
0
 11
6.156296456692913
 21
-3.6614764173228345
 31
0
  0
LINE
  5
CC3
330
1F
100
AcDbEntity
  8
In1.Cu
  6
CONTINUOUS
100
AcDbLine
 10
6.156296456692913
 20
-3.6614764173228345
 30
0
 11
6.1568962992125984
 21
-3.6637150393700786
 31
0
  0
LINE
  5
CC4
330
1F
100
AcDbEntity
  8
In1.Cu
  6
CONTINUOUS
100
AcDbLine
 10
6.1568962992125984
 20
-3.6637150393700786
 30
0
 11
6.1568964173228347
 21
-3.6637152362204723
 31
0
  0
LINE
  5
CC5
330
1F
100
AcDbEntity
  8
In1.Cu
  6
CONTINUOUS
100
AcDbLine
 10
6.1568964173228347
 20
-3.6637152362204723
 30
0
 11
6.159136771653543
 21
-3.667595708661417
 31
0
  0
LINE
  5
CC6
330
1F
100
AcDbEntity
  8
In1.Cu
  6
CONTINUOUS
100
AcDbLine
 10
6.159136771653543
 20
-3.667595708661417
 30
0
 11
6.159136929133858
 21
-3.6675959055118108
 31
0
  0
LINE
  5
CC7
330
1F
100
AcDbEntity
  8
In1.Cu
  6
CONTINUOUS
100
AcDbLine
 10
6.159136929133858
 20
-3.6675959055118108
 30
0
 11
6.1591369685039368
 21
-3.6675959842519683
 31
0
  0
LINE
  5
CC8
330
1F
100
AcDbEntity
  8
In1.Cu
  6
CONTINUOUS
100
AcDbLine
 10
6.1591369685039368
 20
-3.6675959842519683
 30
0
 11
6.162305787401575
 21
-3.6707648031496061
 31
0
  0
LINE
  5
CC9
330
1F
100
AcDbEntity
  8
In1.Cu
  6
CONTINUOUS
100
AcDbLine
 10
6.162305787401575
 20
-3.6707648031496061
 30
0
 11
6.1623058661417325
 21
-3.6707648425196848
 31
0
  0
LINE
  5
CCA
330
1F
100
AcDbEntity
  8
In1.Cu
  6
CONTINUOUS
100
AcDbLine
 10
6.1623058661417325
 20
-3.6707648425196848
 30
0
 11
6.1623060236220475
 21
-3.6707649606299211
 31
0
  0
LINE
  5
CCB
330
1F
100
AcDbEntity
  8
In1.Cu
  6
CONTINUOUS
100
AcDbLine
 10
6.1623060236220475
 20
-3.6707649606299211
 30
0
 11
6.1661864960629922
 21
-3.6730053149606299
 31
0
  0
LINE
  5
CCC
330
1F
100
AcDbEntity
  8
In1.Cu
  6
CONTINUOUS
100
AcDbLine
 10
6.1661864960629922
 20
-3.6730053149606299
 30
0
 11
6.1661867716535435
 21
-3.6730054724409449
 31
0
  0
LINE
  5
CCD
330
1F
100
AcDbEntity
  8
In1.Cu
  6
CONTINUOUS
100
AcDbLine
 10
6.1661867716535435
 20
-3.6730054724409449
 30
0
 11
6.1705154330708663
 21
-3.6741653543307087
 31
0
  0
LINE
  5
CCE
330
1F
100
AcDbEntity
  8
In1.Cu
  6
CONTINUOUS
100
AcDbLine
 10
6.1705154330708663
 20
-3.6741653543307087
 30
0
 11
6.1705155118110238
 21
-3.6741653543307087
 31
0
  0
LINE
  5
CCF
330
1F
100
AcDbEntity
  8
In1.Cu
  6
CONTINUOUS
100
AcDbLine
 10
6.1705155118110238
 20
-3.6741653543307087
 30
0
 11
6.1749966929133855
 21
-3.6741653543307087
 31
0
  0
LINE
  5
CD0
330
1F
100
AcDbEntity
  8
In1.Cu
  6
CONTINUOUS
100
AcDbLine
 10
6.1749966929133855
 20
-3.6741653543307087
 30
0
 11
6.174996771653543
 21
-3.6741653543307087
 31
0
  0
LINE
  5
CD1
330
1F
100
AcDbEntity
  8
In1.Cu
  6
CONTINUOUS
100
AcDbLine
 10
6.174996771653543
 20
-3.6741653543307087
 30
0
 11
6.1793254330708658
 21
-3.6730054724409449
 31
0
  0
LINE
  5
CD2
330
1F
100
AcDbEntity
  8
In1.Cu
  6
CONTINUOUS
100
AcDbLine
 10
6.1793254330708658
 20
-3.6730054724409449
 30
0
 11
6.1832064173228343
 21
-3.6707648031496061
 31
0
  0
LINE
  5
CD3
330
1F
100
AcDbEntity
  8
In1.Cu
  6
CONTINUOUS
100
AcDbLine
 10
6.1832064173228343
 20
-3.6707648031496061
 30
0
 11
6.1863752362204725
 21
-3.6675959842519683
 31
0
  0
LINE
  5
CD4
330
1F
100
AcDbEntity
  8
In1.Cu
  6
CONTINUOUS
100
AcDbLine
 10
6.1863752362204725
 20
-3.6675959842519683
 30
0
 11
6.1886159055118108
 21
-3.6637149999999998
 31
0
  0
LINE
  5
CD5
330
1F
100
AcDbEntity
  8
In1.Cu
  6
CONTINUOUS
100
AcDbLine
 10
6.1886159055118108
 20
-3.6637149999999998
 30
0
 11
6.1897757874015751
 21
-3.659386338582677
 31
0
  0
LINE
  5
CD6
330
1F
100
AcDbEntity
  8
In1.Cu
  6
CONTINUOUS
100
AcDbLine
 10
6.1897757874015751
 20
-3.659386338582677
 30
0
 11
6.1897757874015751
 21
-3.6549049999999998
 31
0
  0
LINE
  5
CD7
330
1F
100
AcDbEntity
  8
In1.Cu
  6
CONTINUOUS
100
AcDbLine
 10
6.1897757874015751
 20
-3.6549049999999998
 30
0
 11
6.1886159055118108
 21
-3.650576338582677
 31
0
  0
LINE
  5
CD8
330
1F
100
AcDbEntity
  8
In1.Cu
  6
CONTINUOUS
100
AcDbLine
 10
6.1886159055118108
 20
-3.650576338582677
 30
0
 11
6.1886157480314958
 21
-3.6505760629921258
 31
0
  0
LINE
  5
CD9
330
1F
100
AcDbEntity
  8
In1.Cu
  6
CONTINUOUS
100
AcDbLine
 10
6.1886157480314958
 20
-3.6505760629921258
 30
0
 11
6.1863753937007875
 21
-3.6466955905511811
 31
0
  0
LINE
  5
CDA
330
1F
100
AcDbEntity
  8
In1.Cu
  6
CONTINUOUS
100
AcDbLine
 10
6.1863753937007875
 20
-3.6466955905511811
 30
0
 11
6.186375157480315
 21
-3.6466952755905511
 31
0
  0
LINE
  5
CDB
330
1F
100
AcDbEntity
  8
In1.Cu
  6
CONTINUOUS
100
AcDbLine
 10
6.186375157480315
 20
-3.6466952755905511
 30
0
 11
6.183206456692913
 21
-3.6435265748031496
 31
0
  0
LINE
  5
CDC
330
1F
100
AcDbEntity
  8
In1.Cu
  6
CONTINUOUS
100
AcDbLine
 10
6.183206456692913
 20
-3.6435265748031496
 30
0
 11
6.183206141732283
 21
-3.643526338582677
 31
0
  0
LINE
  5
CDD
330
1F
100
AcDbEntity
  8
In1.Cu
  6
CONTINUOUS
100
AcDbLine
 10
6.183206141732283
 20
-3.643526338582677
 30
0
 11
6.1793256692913383
 21
-3.6412859842519683
 31
0
  0
LINE
  5
CDE
330
1F
100
AcDbEntity
  8
In1.Cu
  6
CONTINUOUS
100
AcDbLine
 10
6.1793256692913383
 20
-3.6412859842519683
 30
0
 11
6.1793254724409445
 21
-3.641285866141732
 31
0
  0
LINE
  5
CDF
330
1F
100
AcDbEntity
  8
In1.Cu
  6
CONTINUOUS
100
AcDbLine
 10
6.1793254724409445
 20
-3.641285866141732
 30
0
 11
6.1778825196850393
 21
-3.6408992125984252
 31
0
  0
LINE
  5
CE0
330
1F
100
AcDbEntity
  8
In1.Cu
  6
CONTINUOUS
100
AcDbLine
 10
6.1778825196850393
 20
-3.6408992125984252
 30
0
 11
6.174996771653543
 21
-3.6401259842519682
 31
0
  0
LINE
  5
CE1
330
1F
100
AcDbEntity
  8
In1.Cu
  6
CONTINUOUS
100
AcDbLine
 10
6.174996771653543
 20
-3.6401259842519682
 30
0
 11
6.1705154330708663
 21
-3.6401259842519682
 31
0
  0
LINE
  5
CE2
330
1F
100
AcDbEntity
  8
In1.Cu
  6
CONTINUOUS
100
AcDbLine
 10
6.1705154330708663
 20
-3.6401259842519682
 30
0
 11
6.1683511023622044
 21
-3.6407059055118109
 31
0
  0
LINE
  5
CE3
330
1F
100
AcDbEntity
  8
In1.Cu
  6
CONTINUOUS
100
AcDbLine
 10
6.1683511023622044
 20
-3.6407059055118109
 30
0
 11
6.1661866929133859
 21
-3.641285866141732
 31
0
  0
LINE
  5
CE4
330
1F
100
AcDbEntity
  8
In1.Cu
  6
CONTINUOUS
100
AcDbLine
 10
6.1661866929133859
 20
-3.641285866141732
 30
0
 11
6.1661864960629922
 21
-3.6412859842519683
 31
0
  0
LINE
  5
CE5
330
1F
100
AcDbEntity
  8
In1.Cu
  6
CONTINUOUS
100
AcDbLine
 10
6.1661864960629922
 20
-3.6412859842519683
 30
0
 11
6.1623060236220475
 21
-3.643526338582677
 31
0
  0
LINE
  5
CE6
330
1F
100
AcDbEntity
  8
In1.Cu
  6
CONTINUOUS
100
AcDbLine
 10
6.1623060236220475
 20
-3.643526338582677
 30
0
 11
6.1623057086614175
 21
-3.6435265748031496
 31
0
  0
LINE
  5
CE7
330
1F
100
AcDbEntity
  8
In1.Cu
  6
CONTINUOUS
100
AcDbLine
 10
6.1623057086614175
 20
-3.6435265748031496
 30
0
 11
6.1591370078740155
 21
-3.6466952755905511
 31
0
  0
LINE
  5
CE8
330
1F
100
AcDbEntity
  8
In1.Cu
  6
CONTINUOUS
100
AcDbLine
 10
6.1591370078740155
 20
-3.6466952755905511
 30
0
 11
6.159136771653543
 21
-3.6466955905511811
 31
0
  0
LINE
  5
CE9
330
1F
100
AcDbEntity
  8
In1.Cu
  6
CONTINUOUS
100
AcDbLine
 10
6.159136771653543
 20
-3.6466955905511811
 30
0
 11
6.1568964173228347
 21
-3.6505760629921258
 31
0
  0
LINE
  5
CEA
330
1F
100
AcDbEntity
  8
In1.Cu
  6
CONTINUOUS
100
AcDbLine
 10
6.1568964173228347
 20
-3.6505760629921258
 30
0
 11
6.1568962992125984
 21
-3.6505762598425195
 31
0
  0
LINE
  5
CEB
330
1F
100
AcDbEntity
  8
In1.Cu
  6
CONTINUOUS
100
AcDbLine
 10
6.1568962992125984
 20
-3.6505762598425195
 30
0
 11
6.1561230314960627
 21
-3.6534620866141729
 31
0
  0
LINE
  5
CEC
330
1F
100
AcDbEntity
  8
In1.Cu
  6
CONTINUOUS
100
AcDbLine
 10
6.1561230314960627
 20
-3.6534620866141729
 30
0
 11
6.1557364173228342
 21
-3.6549049999999998
 31
0
  0
LINE
  5
CED
330
1F
100
AcDbEntity
  8
In1.Cu
  6
CONTINUOUS
100
AcDbLine
 10
6.1557364173228342
 20
-3.6549049999999998
 30
0
 11
6.1557364173228342
 21
-3.659386338582677
 31
0
  0
LINE
  5
CEE
330
1F
100
AcDbEntity
  8
In1.Cu
  6
CONTINUOUS
100
AcDbLine
 10
5.9507009842519683
 20
-3.5720961023622047
 30
0
 11
5.9518062598425194
 21
-3.5790747244094487
 31
0
  0
LINE
  5
CEF
330
1F
100
AcDbEntity
  8
In1.Cu
  6
CONTINUOUS
100
AcDbLine
 10
5.9518062598425194
 20
-3.5790747244094487
 30
0
 11
5.9539898031496064
 21
-3.5857948425196851
 31
0
  0
LINE
  5
CF0
330
1F
100
AcDbEntity
  8
In1.Cu
  6
CONTINUOUS
100
AcDbLine
 10
5.9539898031496064
 20
-3.5857948425196851
 30
0
 11
5.9571975590551176
 21
-3.5920903543307086
 31
0
  0
LINE
  5
CF1
330
1F
100
AcDbEntity
  8
In1.Cu
  6
CONTINUOUS
100
AcDbLine
 10
5.9571975590551176
 20
-3.5920903543307086
 30
0
 11
5.9613507480314958
 21
-3.5978067322834644
 31
0
  0
LINE
  5
CF2
330
1F
100
AcDbEntity
  8
In1.Cu
  6
CONTINUOUS
100
AcDbLine
 10
5.9613507480314958
 20
-3.5978067322834644
 30
0
 11
5.966347007874016
 21
-3.6028029921259841
 31
0
  0
LINE
  5
CF3
330
1F
100
AcDbEntity
  8
In1.Cu
  6
CONTINUOUS
100
AcDbLine
 10
5.966347007874016
 20
-3.6028029921259841
 30
0
 11
5.9720633858267718
 21
-3.6069561811023623
 31
0
  0
LINE
  5
CF4
330
1F
100
AcDbEntity
  8
In1.Cu
  6
CONTINUOUS
100
AcDbLine
 10
5.9720633858267718
 20
-3.6069561811023623
 30
0
 11
5.9750377952755906
 21
-3.6084716929133855
 31
0
  0
LINE
  5
CF5
330
1F
100
AcDbEntity
  8
In1.Cu
  6
CONTINUOUS
100
AcDbLine
 10
5.9750377952755906
 20
-3.6084716929133855
 30
0
 11
5.9783588582677165
 21
-3.6101638976377952
 31
0
  0
LINE
  5
CF6
330
1F
100
AcDbEntity
  8
In1.Cu
  6
CONTINUOUS
100
AcDbLine
 10
5.9783588582677165
 20
-3.6101638976377952
 30
0
 11
5.978358937007874
 21
-3.6101638976377952
 31
0
  0
LINE
  5
CF7
330
1F
100
AcDbEntity
  8
In1.Cu
  6
CONTINUOUS
100
AcDbLine
 10
5.978358937007874
 20
-3.6101638976377952
 30
0
 11
5.9783590551181103
 21
-3.6101639763779527
 31
0
  0
LINE
  5
CF8
330
1F
100
AcDbEntity
  8
In1.Cu
  6
CONTINUOUS
100
AcDbLine
 10
5.9783590551181103
 20
-3.6101639763779527
 30
0
 11
5.9819610236220475
 21
-3.6113343307086612
 31
0
  0
LINE
  5
CF9
330
1F
100
AcDbEntity
  8
In1.Cu
  6
CONTINUOUS
100
AcDbLine
 10
5.9819610236220475
 20
-3.6113343307086612
 30
0
 11
5.9850789763779524
 21
-3.6123474409448817
 31
0
  0
LINE
  5
CFA
330
1F
100
AcDbEntity
  8
In1.Cu
  6
CONTINUOUS
100
AcDbLine
 10
5.9850789763779524
 20
-3.6123474409448817
 30
0
 11
5.9920576377952752
 21
-3.6134527559055116
 31
0
  0
LINE
  5
CFB
330
1F
100
AcDbEntity
  8
In1.Cu
  6
CONTINUOUS
100
AcDbLine
 10
5.9920576377952752
 20
-3.6134527559055116
 30
0
 11
5.992057834645669
 21
-3.6134527559055116
 31
0
  0
LINE
  5
CFC
330
1F
100
AcDbEntity
  8
In1.Cu
  6
CONTINUOUS
100
AcDbLine
 10
5.992057834645669
 20
-3.6134527559055116
 30
0
 11
5.9991238582677164
 21
-3.6134527559055116
 31
0
  0
LINE
  5
CFD
330
1F
100
AcDbEntity
  8
In1.Cu
  6
CONTINUOUS
100
AcDbLine
 10
5.9991238582677164
 20
-3.6134527559055116
 30
0
 11
6.0061024803149605
 21
-3.6123474409448817
 31
0
  0
LINE
  5
CFE
330
1F
100
AcDbEntity
  8
In1.Cu
  6
CONTINUOUS
100
AcDbLine
 10
6.0061024803149605
 20
-3.6123474409448817
 30
0
 11
6.0128224409448814
 21
-3.6101639763779527
 31
0
  0
LINE
  5
CFF
330
1F
100
AcDbEntity
  8
In1.Cu
  6
CONTINUOUS
100
AcDbLine
 10
6.0128224409448814
 20
-3.6101639763779527
 30
0
 11
6.0191181102362199
 21
-3.6069561811023623
 31
0
  0
LINE
  5
D00
330
1F
100
AcDbEntity
  8
In1.Cu
  6
CONTINUOUS
100
AcDbLine
 10
6.0191181102362199
 20
-3.6069561811023623
 30
0
 11
6.0248344881889766
 21
-3.6028029921259841
 31
0
  0
LINE
  5
D01
330
1F
100
AcDbEntity
  8
In1.Cu
  6
CONTINUOUS
100
AcDbLine
 10
6.0248344881889766
 20
-3.6028029921259841
 30
0
 11
6.0298307480314959
 21
-3.5978067322834644
 31
0
  0
LINE
  5
D02
330
1F
100
AcDbEntity
  8
In1.Cu
  6
CONTINUOUS
100
AcDbLine
 10
6.0298307480314959
 20
-3.5978067322834644
 30
0
 11
6.0339839370078741
 21
-3.5920903543307086
 31
0
  0
LINE
  5
D03
330
1F
100
AcDbEntity
  8
In1.Cu
  6
CONTINUOUS
100
AcDbLine
 10
6.0339839370078741
 20
-3.5920903543307086
 30
0
 11
6.0371917322834641
 21
-3.58579468503937
 31
0
  0
LINE
  5
D04
330
1F
100
AcDbEntity
  8
In1.Cu
  6
CONTINUOUS
100
AcDbLine
 10
6.0371917322834641
 20
-3.58579468503937
 30
0
 11
6.0393751968503935
 21
-3.5790747244094487
 31
0
  0
LINE
  5
D05
330
1F
100
AcDbEntity
  8
In1.Cu
  6
CONTINUOUS
100
AcDbLine
 10
6.0393751968503935
 20
-3.5790747244094487
 30
0
 11
6.0404805118110234
 21
-3.5720961023622047
 31
0
  0
LINE
  5
D06
330
1F
100
AcDbEntity
  8
In1.Cu
  6
CONTINUOUS
100
AcDbLine
 10
6.0404805118110234
 20
-3.5720961023622047
 30
0
 11
6.0404805118110234
 21
-3.5650298425196851
 31
0
  0
LINE
  5
D07
330
1F
100
AcDbEntity
  8
In1.Cu
  6
CONTINUOUS
100
AcDbLine
 10
6.0404805118110234
 20
-3.5650298425196851
 30
0
 11
6.0393751968503935
 21
-3.558051220472441
 31
0
  0
LINE
  5
D08
330
1F
100
AcDbEntity
  8
In1.Cu
  6
CONTINUOUS
100
AcDbLine
 10
6.0393751968503935
 20
-3.558051220472441
 30
0
 11
6.0371916535433066
 21
-3.5513311023622047
 31
0
  0
LINE
  5
D09
330
1F
100
AcDbEntity
  8
In1.Cu
  6
CONTINUOUS
100
AcDbLine
 10
6.0371916535433066
 20
-3.5513311023622047
 30
0
 11
6.0339838976377953
 21
-3.5450355905511812
 31
0
  0
LINE
  5
D0A
330
1F
100
AcDbEntity
  8
In1.Cu
  6
CONTINUOUS
100
AcDbLine
 10
6.0339838976377953
 20
-3.5450355905511812
 30
0
 11
6.0298307480314959
 21
-3.5393192519685037
 31
0
  0
LINE
  5
D0B
330
1F
100
AcDbEntity
  8
In1.Cu
  6
CONTINUOUS
100
AcDbLine
 10
6.0298307480314959
 20
-3.5393192519685037
 30
0
 11
6.0248344881889766
 21
-3.534322992125984
 31
0
  0
LINE
  5
D0C
330
1F
100
AcDbEntity
  8
In1.Cu
  6
CONTINUOUS
100
AcDbLine
 10
6.0248344881889766
 20
-3.534322992125984
 30
0
 11
6.0191181102362199
 21
-3.5301698031496063
 31
0
  0
LINE
  5
D0D
330
1F
100
AcDbEntity
  8
In1.Cu
  6
CONTINUOUS
100
AcDbLine
 10
6.0191181102362199
 20
-3.5301698031496063
 30
0
 11
6.0181944488188979
 21
-3.5296991732283463
 31
0
  0
LINE
  5
D0E
330
1F
100
AcDbEntity
  8
In1.Cu
  6
CONTINUOUS
100
AcDbLine
 10
6.0181944488188979
 20
-3.5296991732283463
 30
0
 11
6.0128225984251964
 21
-3.5269620472440946
 31
0
  0
LINE
  5
D0F
330
1F
100
AcDbEntity
  8
In1.Cu
  6
CONTINUOUS
100
AcDbLine
 10
6.0128225984251964
 20
-3.5269620472440946
 30
0
 11
6.0061024803149605
 21
-3.5247785039370076
 31
0
  0
LINE
  5
D10
330
1F
100
AcDbEntity
  8
In1.Cu
  6
CONTINUOUS
100
AcDbLine
 10
6.0061024803149605
 20
-3.5247785039370076
 30
0
 11
5.9991238582677164
 21
-3.5236732283464565
 31
0
  0
LINE
  5
D11
330
1F
100
AcDbEntity
  8
In1.Cu
  6
CONTINUOUS
100
AcDbLine
 10
5.9991238582677164
 20
-3.5236732283464565
 30
0
 11
5.9991236614173227
 21
-3.5236732283464565
 31
0
  0
LINE
  5
D12
330
1F
100
AcDbEntity
  8
In1.Cu
  6
CONTINUOUS
100
AcDbLine
 10
5.9991236614173227
 20
-3.5236732283464565
 30
0
 11
5.992057834645669
 21
-3.5236732283464565
 31
0
  0
LINE
  5
D13
330
1F
100
AcDbEntity
  8
In1.Cu
  6
CONTINUOUS
100
AcDbLine
 10
5.992057834645669
 20
-3.5236732283464565
 30
0
 11
5.9920576377952752
 21
-3.5236732283464565
 31
0
  0
LINE
  5
D14
330
1F
100
AcDbEntity
  8
In1.Cu
  6
CONTINUOUS
100
AcDbLine
 10
5.9920576377952752
 20
-3.5236732283464565
 30
0
 11
5.9850789763779524
 21
-3.5247785039370076
 31
0
  0
LINE
  5
D15
330
1F
100
AcDbEntity
  8
In1.Cu
  6
CONTINUOUS
100
AcDbLine
 10
5.9850789763779524
 20
-3.5247785039370076
 30
0
 11
5.9783588582677165
 21
-3.5269620472440946
 31
0
  0
LINE
  5
D16
330
1F
100
AcDbEntity
  8
In1.Cu
  6
CONTINUOUS
100
AcDbLine
 10
5.9783588582677165
 20
-3.5269620472440946
 30
0
 11
5.972063346456693
 21
-3.5301698031496063
 31
0
  0
LINE
  5
D17
330
1F
100
AcDbEntity
  8
In1.Cu
  6
CONTINUOUS
100
AcDbLine
 10
5.972063346456693
 20
-3.5301698031496063
 30
0
 11
5.9688019685039366
 21
-3.5325393307086612
 31
0
  0
LINE
  5
D18
330
1F
100
AcDbEntity
  8
In1.Cu
  6
CONTINUOUS
100
AcDbLine
 10
5.9688019685039366
 20
-3.5325393307086612
 30
0
 11
5.966347007874016
 21
-3.534322992125984
 31
0
  0
LINE
  5
D19
330
1F
100
AcDbEntity
  8
In1.Cu
  6
CONTINUOUS
100
AcDbLine
 10
5.966347007874016
 20
-3.534322992125984
 30
0
 11
5.9663469291338584
 21
-3.5343230708661415
 31
0
  0
LINE
  5
D1A
330
1F
100
AcDbEntity
  8
In1.Cu
  6
CONTINUOUS
100
AcDbLine
 10
5.9663469291338584
 20
-3.5343230708661415
 30
0
 11
5.9663468897637797
 21
-3.5343230708661415
 31
0
  0
LINE
  5
D1B
330
1F
100
AcDbEntity
  8
In1.Cu
  6
CONTINUOUS
100
AcDbLine
 10
5.9663468897637797
 20
-3.5343230708661415
 30
0
 11
5.9613508267716533
 21
-3.5393191338582675
 31
0
  0
LINE
  5
D1C
330
1F
100
AcDbEntity
  8
In1.Cu
  6
CONTINUOUS
100
AcDbLine
 10
5.9613508267716533
 20
-3.5393191338582675
 30
0
 11
5.9613508267716533
 21
-3.5393191732283462
 31
0
  0
LINE
  5
D1D
330
1F
100
AcDbEntity
  8
In1.Cu
  6
CONTINUOUS
100
AcDbLine
 10
5.9613508267716533
 20
-3.5393191732283462
 30
0
 11
5.9613507480314958
 21
-3.5393192519685037
 31
0
  0
LINE
  5
D1E
330
1F
100
AcDbEntity
  8
In1.Cu
  6
CONTINUOUS
100
AcDbLine
 10
5.9613507480314958
 20
-3.5393192519685037
 30
0
 11
5.9607475196850395
 21
-3.5401495275590551
 31
0
  0
LINE
  5
D1F
330
1F
100
AcDbEntity
  8
In1.Cu
  6
CONTINUOUS
100
AcDbLine
 10
5.9607475196850395
 20
-3.5401495275590551
 30
0
 11
5.9571975590551176
 21
-3.5450355905511812
 31
0
  0
LINE
  5
D20
330
1F
100
AcDbEntity
  8
In1.Cu
  6
CONTINUOUS
100
AcDbLine
 10
5.9571975590551176
 20
-3.5450355905511812
 30
0
 11
5.9539898031496064
 21
-3.5513311023622047
 31
0
  0
LINE
  5
D21
330
1F
100
AcDbEntity
  8
In1.Cu
  6
CONTINUOUS
100
AcDbLine
 10
5.9539898031496064
 20
-3.5513311023622047
 30
0
 11
5.9518062598425194
 21
-3.558051220472441
 31
0
  0
LINE
  5
D22
330
1F
100
AcDbEntity
  8
In1.Cu
  6
CONTINUOUS
100
AcDbLine
 10
5.9518062598425194
 20
-3.558051220472441
 30
0
 11
5.9507009842519683
 21
-3.5650298425196851
 31
0
  0
LINE
  5
D23
330
1F
100
AcDbEntity
  8
In1.Cu
  6
CONTINUOUS
100
AcDbLine
 10
5.9507009842519683
 20
-3.5650298425196851
 30
0
 11
5.9507009842519683
 21
-3.5720961023622047
 31
0
  0
LINE
  5
D24
330
1F
100
AcDbEntity
  8
In1.Cu
  6
CONTINUOUS
100
AcDbLine
 10
6.1081812992125979
 20
-3.5720961023622047
 30
0
 11
6.1092865748031491
 21
-3.5790747244094487
 31
0
  0
LINE
  5
D25
330
1F
100
AcDbEntity
  8
In1.Cu
  6
CONTINUOUS
100
AcDbLine
 10
6.1092865748031491
 20
-3.5790747244094487
 30
0
 11
6.111470118110236
 21
-3.5857948425196851
 31
0
  0
LINE
  5
D26
330
1F
100
AcDbEntity
  8
In1.Cu
  6
CONTINUOUS
100
AcDbLine
 10
6.111470118110236
 20
-3.5857948425196851
 30
0
 11
6.1146778740157481
 21
-3.5920903543307086
 31
0
  0
LINE
  5
D27
330
1F
100
AcDbEntity
  8
In1.Cu
  6
CONTINUOUS
100
AcDbLine
 10
6.1146778740157481
 20
-3.5920903543307086
 30
0
 11
6.1188310629921254
 21
-3.5978067322834644
 31
0
  0
LINE
  5
D28
330
1F
100
AcDbEntity
  8
In1.Cu
  6
CONTINUOUS
100
AcDbLine
 10
6.1188310629921254
 20
-3.5978067322834644
 30
0
 11
6.1238273228346456
 21
-3.6028029921259841
 31
0
  0
LINE
  5
D29
330
1F
100
AcDbEntity
  8
In1.Cu
  6
CONTINUOUS
100
AcDbLine
 10
6.1238273228346456
 20
-3.6028029921259841
 30
0
 11
6.1295437007874014
 21
-3.6069561811023623
 31
0
  0
LINE
  5
D2A
330
1F
100
AcDbEntity
  8
In1.Cu
  6
CONTINUOUS
100
AcDbLine
 10
6.1295437007874014
 20
-3.6069561811023623
 30
0
 11
6.1325181102362203
 21
-3.6084716929133855
 31
0
  0
LINE
  5
D2B
330
1F
100
AcDbEntity
  8
In1.Cu
  6
CONTINUOUS
100
AcDbLine
 10
6.1325181102362203
 20
-3.6084716929133855
 30
0
 11
6.1358391732283462
 21
-3.6101638976377952
 31
0
  0
LINE
  5
D2C
330
1F
100
AcDbEntity
  8
In1.Cu
  6
CONTINUOUS
100
AcDbLine
 10
6.1358391732283462
 20
-3.6101638976377952
 30
0
 11
6.1358392519685037
 21
-3.6101638976377952
 31
0
  0
LINE
  5
D2D
330
1F
100
AcDbEntity
  8
In1.Cu
  6
CONTINUOUS
100
AcDbLine
 10
6.1358392519685037
 20
-3.6101638976377952
 30
0
 11
6.1358393700787399
 21
-3.6101639763779527
 31
0
  0
LINE
  5
D2E
330
1F
100
AcDbEntity
  8
In1.Cu
  6
CONTINUOUS
100
AcDbLine
 10
6.1358393700787399
 20
-3.6101639763779527
 30
0
 11
6.1394413385826772
 21
-3.6113343307086612
 31
0
  0
LINE
  5
D2F
330
1F
100
AcDbEntity
  8
In1.Cu
  6
CONTINUOUS
100
AcDbLine
 10
6.1394413385826772
 20
-3.6113343307086612
 30
0
 11
6.1425592913385829
 21
-3.6123474409448817
 31
0
  0
LINE
  5
D30
330
1F
100
AcDbEntity
  8
In1.Cu
  6
CONTINUOUS
100
AcDbLine
 10
6.1425592913385829
 20
-3.6123474409448817
 30
0
 11
6.1495379527559058
 21
-3.6134527559055116
 31
0
  0
LINE
  5
D31
330
1F
100
AcDbEntity
  8
In1.Cu
  6
CONTINUOUS
100
AcDbLine
 10
6.1495379527559058
 20
-3.6134527559055116
 30
0
 11
6.1495381496062986
 21
-3.6134527559055116
 31
0
  0
LINE
  5
D32
330
1F
100
AcDbEntity
  8
In1.Cu
  6
CONTINUOUS
100
AcDbLine
 10
6.1495381496062986
 20
-3.6134527559055116
 30
0
 11
6.1566041732283461
 21
-3.6134527559055116
 31
0
  0
LINE
  5
D33
330
1F
100
AcDbEntity
  8
In1.Cu
  6
CONTINUOUS
100
AcDbLine
 10
6.1566041732283461
 20
-3.6134527559055116
 30
0
 11
6.1635827952755902
 21
-3.6123474409448817
 31
0
  0
LINE
  5
D34
330
1F
100
AcDbEntity
  8
In1.Cu
  6
CONTINUOUS
100
AcDbLine
 10
6.1635827952755902
 20
-3.6123474409448817
 30
0
 11
6.1703027559055119
 21
-3.6101639763779527
 31
0
  0
LINE
  5
D35
330
1F
100
AcDbEntity
  8
In1.Cu
  6
CONTINUOUS
100
AcDbLine
 10
6.1703027559055119
 20
-3.6101639763779527
 30
0
 11
6.1765984251968504
 21
-3.6069561811023623
 31
0
  0
LINE
  5
D36
330
1F
100
AcDbEntity
  8
In1.Cu
  6
CONTINUOUS
100
AcDbLine
 10
6.1765984251968504
 20
-3.6069561811023623
 30
0
 11
6.1823148031496062
 21
-3.6028029921259841
 31
0
  0
LINE
  5
D37
330
1F
100
AcDbEntity
  8
In1.Cu
  6
CONTINUOUS
100
AcDbLine
 10
6.1823148031496062
 20
-3.6028029921259841
 30
0
 11
6.1873110629921255
 21
-3.5978067322834644
 31
0
  0
LINE
  5
D38
330
1F
100
AcDbEntity
  8
In1.Cu
  6
CONTINUOUS
100
AcDbLine
 10
6.1873110629921255
 20
-3.5978067322834644
 30
0
 11
6.1914642519685037
 21
-3.5920903543307086
 31
0
  0
LINE
  5
D39
330
1F
100
AcDbEntity
  8
In1.Cu
  6
CONTINUOUS
100
AcDbLine
 10
6.1914642519685037
 20
-3.5920903543307086
 30
0
 11
6.1946720472440946
 21
-3.58579468503937
 31
0
  0
LINE
  5
D3A
330
1F
100
AcDbEntity
  8
In1.Cu
  6
CONTINUOUS
100
AcDbLine
 10
6.1946720472440946
 20
-3.58579468503937
 30
0
 11
6.1968555118110231
 21
-3.5790747244094487
 31
0
  0
LINE
  5
D3B
330
1F
100
AcDbEntity
  8
In1.Cu
  6
CONTINUOUS
100
AcDbLine
 10
6.1968555118110231
 20
-3.5790747244094487
 30
0
 11
6.1979608267716531
 21
-3.5720961023622047
 31
0
  0
LINE
  5
D3C
330
1F
100
AcDbEntity
  8
In1.Cu
  6
CONTINUOUS
100
AcDbLine
 10
6.1979608267716531
 20
-3.5720961023622047
 30
0
 11
6.1979608267716531
 21
-3.5650298425196851
 31
0
  0
LINE
  5
D3D
330
1F
100
AcDbEntity
  8
In1.Cu
  6
CONTINUOUS
100
AcDbLine
 10
6.1979608267716531
 20
-3.5650298425196851
 30
0
 11
6.1968555118110231
 21
-3.558051220472441
 31
0
  0
LINE
  5
D3E
330
1F
100
AcDbEntity
  8
In1.Cu
  6
CONTINUOUS
100
AcDbLine
 10
6.1968555118110231
 20
-3.558051220472441
 30
0
 11
6.1946719685039371
 21
-3.5513311023622047
 31
0
  0
LINE
  5
D3F
330
1F
100
AcDbEntity
  8
In1.Cu
  6
CONTINUOUS
100
AcDbLine
 10
6.1946719685039371
 20
-3.5513311023622047
 30
0
 11
6.1914642125984249
 21
-3.5450355905511812
 31
0
  0
LINE
  5
D40
330
1F
100
AcDbEntity
  8
In1.Cu
  6
CONTINUOUS
100
AcDbLine
 10
6.1914642125984249
 20
-3.5450355905511812
 30
0
 11
6.1873110629921255
 21
-3.5393192519685037
 31
0
  0
LINE
  5
D41
330
1F
100
AcDbEntity
  8
In1.Cu
  6
CONTINUOUS
100
AcDbLine
 10
6.1873110629921255
 20
-3.5393192519685037
 30
0
 11
6.1823148031496062
 21
-3.534322992125984
 31
0
  0
LINE
  5
D42
330
1F
100
AcDbEntity
  8
In1.Cu
  6
CONTINUOUS
100
AcDbLine
 10
6.1823148031496062
 20
-3.534322992125984
 30
0
 11
6.1765984251968504
 21
-3.5301698031496063
 31
0
  0
LINE
  5
D43
330
1F
100
AcDbEntity
  8
In1.Cu
  6
CONTINUOUS
100
AcDbLine
 10
6.1765984251968504
 20
-3.5301698031496063
 30
0
 11
6.1756747637795275
 21
-3.5296991732283463
 31
0
  0
LINE
  5
D44
330
1F
100
AcDbEntity
  8
In1.Cu
  6
CONTINUOUS
100
AcDbLine
 10
6.1756747637795275
 20
-3.5296991732283463
 30
0
 11
6.1703029133858269
 21
-3.5269620472440946
 31
0
  0
LINE
  5
D45
330
1F
100
AcDbEntity
  8
In1.Cu
  6
CONTINUOUS
100
AcDbLine
 10
6.1703029133858269
 20
-3.5269620472440946
 30
0
 11
6.1649172440944877
 21
-3.5252121259842517
 31
0
  0
LINE
  5
D46
330
1F
100
AcDbEntity
  8
In1.Cu
  6
CONTINUOUS
100
AcDbLine
 10
6.1649172440944877
 20
-3.5252121259842517
 30
0
 11
6.1635827952755902
 21
-3.5247785039370076
 31
0
  0
LINE
  5
D47
330
1F
100
AcDbEntity
  8
In1.Cu
  6
CONTINUOUS
100
AcDbLine
 10
6.1635827952755902
 20
-3.5247785039370076
 30
0
 11
6.1566041732283461
 21
-3.5236732283464565
 31
0
  0
LINE
  5
D48
330
1F
100
AcDbEntity
  8
In1.Cu
  6
CONTINUOUS
100
AcDbLine
 10
6.1566041732283461
 20
-3.5236732283464565
 30
0
 11
6.1566039763779523
 21
-3.5236732283464565
 31
0
  0
LINE
  5
D49
330
1F
100
AcDbEntity
  8
In1.Cu
  6
CONTINUOUS
100
AcDbLine
 10
6.1566039763779523
 20
-3.5236732283464565
 30
0
 11
6.1495381496062986
 21
-3.5236732283464565
 31
0
  0
LINE
  5
D4A
330
1F
100
AcDbEntity
  8
In1.Cu
  6
CONTINUOUS
100
AcDbLine
 10
6.1495381496062986
 20
-3.5236732283464565
 30
0
 11
6.1495379527559058
 21
-3.5236732283464565
 31
0
  0
LINE
  5
D4B
330
1F
100
AcDbEntity
  8
In1.Cu
  6
CONTINUOUS
100
AcDbLine
 10
6.1495379527559058
 20
-3.5236732283464565
 30
0
 11
6.1425592913385829
 21
-3.5247785039370076
 31
0
  0
LINE
  5
D4C
330
1F
100
AcDbEntity
  8
In1.Cu
  6
CONTINUOUS
100
AcDbLine
 10
6.1425592913385829
 20
-3.5247785039370076
 30
0
 11
6.1358391732283462
 21
-3.5269620472440946
 31
0
  0
LINE
  5
D4D
330
1F
100
AcDbEntity
  8
In1.Cu
  6
CONTINUOUS
100
AcDbLine
 10
6.1358391732283462
 20
-3.5269620472440946
 30
0
 11
6.1295436614173227
 21
-3.5301698031496063
 31
0
  0
LINE
  5
D4E
330
1F
100
AcDbEntity
  8
In1.Cu
  6
CONTINUOUS
100
AcDbLine
 10
6.1295436614173227
 20
-3.5301698031496063
 30
0
 11
6.1262822834645672
 21
-3.5325393307086612
 31
0
  0
LINE
  5
D4F
330
1F
100
AcDbEntity
  8
In1.Cu
  6
CONTINUOUS
100
AcDbLine
 10
6.1262822834645672
 20
-3.5325393307086612
 30
0
 11
6.1238273228346456
 21
-3.534322992125984
 31
0
  0
LINE
  5
D50
330
1F
100
AcDbEntity
  8
In1.Cu
  6
CONTINUOUS
100
AcDbLine
 10
6.1238273228346456
 20
-3.534322992125984
 30
0
 11
6.1238272440944881
 21
-3.5343230708661415
 31
0
  0
LINE
  5
D51
330
1F
100
AcDbEntity
  8
In1.Cu
  6
CONTINUOUS
100
AcDbLine
 10
6.1238272440944881
 20
-3.5343230708661415
 30
0
 11
6.1238272047244093
 21
-3.5343230708661415
 31
0
  0
LINE
  5
D52
330
1F
100
AcDbEntity
  8
In1.Cu
  6
CONTINUOUS
100
AcDbLine
 10
6.1238272047244093
 20
-3.5343230708661415
 30
0
 11
6.1188311417322829
 21
-3.5393191338582675
 31
0
  0
LINE
  5
D53
330
1F
100
AcDbEntity
  8
In1.Cu
  6
CONTINUOUS
100
AcDbLine
 10
6.1188311417322829
 20
-3.5393191338582675
 30
0
 11
6.1188311417322829
 21
-3.5393191732283462
 31
0
  0
LINE
  5
D54
330
1F
100
AcDbEntity
  8
In1.Cu
  6
CONTINUOUS
100
AcDbLine
 10
6.1188311417322829
 20
-3.5393191732283462
 30
0
 11
6.1188310629921254
 21
-3.5393192519685037
 31
0
  0
LINE
  5
D55
330
1F
100
AcDbEntity
  8
In1.Cu
  6
CONTINUOUS
100
AcDbLine
 10
6.1188310629921254
 20
-3.5393192519685037
 30
0
 11
6.1182278346456691
 21
-3.5401495275590551
 31
0
  0
LINE
  5
D56
330
1F
100
AcDbEntity
  8
In1.Cu
  6
CONTINUOUS
100
AcDbLine
 10
6.1182278346456691
 20
-3.5401495275590551
 30
0
 11
6.1146778740157481
 21
-3.5450355905511812
 31
0
  0
LINE
  5
D57
330
1F
100
AcDbEntity
  8
In1.Cu
  6
CONTINUOUS
100
AcDbLine
 10
6.1146778740157481
 20
-3.5450355905511812
 30
0
 11
6.111470118110236
 21
-3.5513311023622047
 31
0
  0
LINE
  5
D58
330
1F
100
AcDbEntity
  8
In1.Cu
  6
CONTINUOUS
100
AcDbLine
 10
6.111470118110236
 20
-3.5513311023622047
 30
0
 11
6.1092865748031491
 21
-3.558051220472441
 31
0
  0
LINE
  5
D59
330
1F
100
AcDbEntity
  8
In1.Cu
  6
CONTINUOUS
100
AcDbLine
 10
6.1092865748031491
 20
-3.558051220472441
 30
0
 11
6.1081812992125979
 21
-3.5650298425196851
 31
0
  0
LINE
  5
D5A
330
1F
100
AcDbEntity
  8
In1.Cu
  6
CONTINUOUS
100
AcDbLine
 10
6.1081812992125979
 20
-3.5650298425196851
 30
0
 11
6.1081812992125979
 21
-3.5720961023622047
 31
0
  0
LINE
  5
D5B
330
1F
100
AcDbEntity
  8
In1.Cu
  6
CONTINUOUS
100
AcDbLine
 10
6.2715238188976379
 20
-3.5253705118110235
 30
0
 11
6.2719502755905507
 21
-3.5269620078740158
 31
0
  0
LINE
  5
D5C
330
1F
100
AcDbEntity
  8
In1.Cu
  6
CONTINUOUS
100
AcDbLine
 10
6.2719502755905507
 20
-3.5269620078740158
 30
0
 11
6.2726837007874012
 21
-3.529699212598425
 31
0
  0
LINE
  5
D5D
330
1F
100
AcDbEntity
  8
In1.Cu
  6
CONTINUOUS
100
AcDbLine
 10
6.2726837007874012
 20
-3.529699212598425
 30
0
 11
6.2726838188976375
 21
-3.5296994094488188
 31
0
  0
LINE
  5
D5E
330
1F
100
AcDbEntity
  8
In1.Cu
  6
CONTINUOUS
100
AcDbLine
 10
6.2726838188976375
 20
-3.5296994094488188
 30
0
 11
6.2749241732283467
 21
-3.5335798818897639
 31
0
  0
LINE
  5
D5F
330
1F
100
AcDbEntity
  8
In1.Cu
  6
CONTINUOUS
100
AcDbLine
 10
6.2749241732283467
 20
-3.5335798818897639
 30
0
 11
6.2749243307086608
 21
-3.5335800787401572
 31
0
  0
LINE
  5
D60
330
1F
100
AcDbEntity
  8
In1.Cu
  6
CONTINUOUS
100
AcDbLine
 10
6.2749243307086608
 20
-3.5335800787401572
 30
0
 11
6.2749243700787396
 21
-3.5335801574803147
 31
0
  0
LINE
  5
D61
330
1F
100
AcDbEntity
  8
In1.Cu
  6
CONTINUOUS
100
AcDbLine
 10
6.2749243700787396
 20
-3.5335801574803147
 30
0
 11
6.2780931889763778
 21
-3.5367489763779525
 31
0
  0
LINE
  5
D62
330
1F
100
AcDbEntity
  8
In1.Cu
  6
CONTINUOUS
100
AcDbLine
 10
6.2780931889763778
 20
-3.5367489763779525
 30
0
 11
6.2780932677165353
 21
-3.5367490157480312
 31
0
  0
LINE
  5
D63
330
1F
100
AcDbEntity
  8
In1.Cu
  6
CONTINUOUS
100
AcDbLine
 10
6.2780932677165353
 20
-3.5367490157480312
 30
0
 11
6.2780934251968503
 21
-3.5367491338582675
 31
0
  0
LINE
  5
D64
330
1F
100
AcDbEntity
  8
In1.Cu
  6
CONTINUOUS
100
AcDbLine
 10
6.2780934251968503
 20
-3.5367491338582675
 30
0
 11
6.281973897637795
 21
-3.5389894881889763
 31
0
  0
LINE
  5
D65
330
1F
100
AcDbEntity
  8
In1.Cu
  6
CONTINUOUS
100
AcDbLine
 10
6.281973897637795
 20
-3.5389894881889763
 30
0
 11
6.2819741732283463
 21
-3.5389896456692913
 31
0
  0
LINE
  5
D66
330
1F
100
AcDbEntity
  8
In1.Cu
  6
CONTINUOUS
100
AcDbLine
 10
6.2819741732283463
 20
-3.5389896456692913
 30
0
 11
6.2863028346456691
 21
-3.5401495275590551
 31
0
  0
LINE
  5
D67
330
1F
100
AcDbEntity
  8
In1.Cu
  6
CONTINUOUS
100
AcDbLine
 10
6.2863028346456691
 20
-3.5401495275590551
 30
0
 11
6.2863029133858266
 21
-3.5401495275590551
 31
0
  0
LINE
  5
D68
330
1F
100
AcDbEntity
  8
In1.Cu
  6
CONTINUOUS
100
AcDbLine
 10
6.2863029133858266
 20
-3.5401495275590551
 30
0
 11
6.2907840944881892
 21
-3.5401495275590551
 31
0
  0
LINE
  5
D69
330
1F
100
AcDbEntity
  8
In1.Cu
  6
CONTINUOUS
100
AcDbLine
 10
6.2907840944881892
 20
-3.5401495275590551
 30
0
 11
6.2907841732283467
 21
-3.5401495275590551
 31
0
  0
LINE
  5
D6A
330
1F
100
AcDbEntity
  8
In1.Cu
  6
CONTINUOUS
100
AcDbLine
 10
6.2907841732283467
 20
-3.5401495275590551
 30
0
 11
6.2951128346456695
 21
-3.5389896456692913
 31
0
  0
LINE
  5
D6B
330
1F
100
AcDbEntity
  8
In1.Cu
  6
CONTINUOUS
100
AcDbLine
 10
6.2951128346456695
 20
-3.5389896456692913
 30
0
 11
6.298993818897638
 21
-3.5367489763779525
 31
0
  0
LINE
  5
D6C
330
1F
100
AcDbEntity
  8
In1.Cu
  6
CONTINUOUS
100
AcDbLine
 10
6.298993818897638
 20
-3.5367489763779525
 30
0
 11
6.3021626377952753
 21
-3.5335801574803147
 31
0
  0
LINE
  5
D6D
330
1F
100
AcDbEntity
  8
In1.Cu
  6
CONTINUOUS
100
AcDbLine
 10
6.3021626377952753
 20
-3.5335801574803147
 30
0
 11
6.3044033070866137
 21
-3.5296991732283463
 31
0
  0
LINE
  5
D6E
330
1F
100
AcDbEntity
  8
In1.Cu
  6
CONTINUOUS
100
AcDbLine
 10
6.3044033070866137
 20
-3.5296991732283463
 30
0
 11
6.3055631889763779
 21
-3.5253705118110235
 31
0
  0
LINE
  5
D6F
330
1F
100
AcDbEntity
  8
In1.Cu
  6
CONTINUOUS
100
AcDbLine
 10
6.3055631889763779
 20
-3.5253705118110235
 30
0
 11
6.3055631889763779
 21
-3.5208891732283463
 31
0
  0
LINE
  5
D70
330
1F
100
AcDbEntity
  8
In1.Cu
  6
CONTINUOUS
100
AcDbLine
 10
6.3055631889763779
 20
-3.5208891732283463
 30
0
 11
6.3044033070866137
 21
-3.5165605118110235
 31
0
  0
LINE
  5
D71
330
1F
100
AcDbEntity
  8
In1.Cu
  6
CONTINUOUS
100
AcDbLine
 10
6.3044033070866137
 20
-3.5165605118110235
 30
0
 11
6.3044031496062987
 21
-3.5165602362204722
 31
0
  0
LINE
  5
D72
330
1F
100
AcDbEntity
  8
In1.Cu
  6
CONTINUOUS
100
AcDbLine
 10
6.3044031496062987
 20
-3.5165602362204722
 30
0
 11
6.3021627952755903
 21
-3.5126797637795275
 31
0
  0
LINE
  5
D73
330
1F
100
AcDbEntity
  8
In1.Cu
  6
CONTINUOUS
100
AcDbLine
 10
6.3021627952755903
 20
-3.5126797637795275
 30
0
 11
6.3021625590551178
 21
-3.5126794488188975
 31
0
  0
LINE
  5
D74
330
1F
100
AcDbEntity
  8
In1.Cu
  6
CONTINUOUS
100
AcDbLine
 10
6.3021625590551178
 20
-3.5126794488188975
 30
0
 11
6.2989938582677167
 21
-3.509510748031496
 31
0
  0
LINE
  5
D75
330
1F
100
AcDbEntity
  8
In1.Cu
  6
CONTINUOUS
100
AcDbLine
 10
6.2989938582677167
 20
-3.509510748031496
 30
0
 11
6.2989935433070867
 21
-3.5095105118110235
 31
0
  0
LINE
  5
D76
330
1F
100
AcDbEntity
  8
In1.Cu
  6
CONTINUOUS
100
AcDbLine
 10
6.2989935433070867
 20
-3.5095105118110235
 30
0
 11
6.295113070866142
 21
-3.5072701574803147
 31
0
  0
LINE
  5
D77
330
1F
100
AcDbEntity
  8
In1.Cu
  6
CONTINUOUS
100
AcDbLine
 10
6.295113070866142
 20
-3.5072701574803147
 30
0
 11
6.2951128740157483
 21
-3.5072700393700789
 31
0
  0
LINE
  5
D78
330
1F
100
AcDbEntity
  8
In1.Cu
  6
CONTINUOUS
100
AcDbLine
 10
6.2951128740157483
 20
-3.5072700393700789
 30
0
 11
6.2936699212598421
 21
-3.5068833858267716
 31
0
  0
LINE
  5
D79
330
1F
100
AcDbEntity
  8
In1.Cu
  6
CONTINUOUS
100
AcDbLine
 10
6.2936699212598421
 20
-3.5068833858267716
 30
0
 11
6.2907841732283467
 21
-3.5061101574803151
 31
0
  0
LINE
  5
D7A
330
1F
100
AcDbEntity
  8
In1.Cu
  6
CONTINUOUS
100
AcDbLine
 10
6.2907841732283467
 20
-3.5061101574803151
 30
0
 11
6.2863028346456691
 21
-3.5061101574803151
 31
0
  0
LINE
  5
D7B
330
1F
100
AcDbEntity
  8
In1.Cu
  6
CONTINUOUS
100
AcDbLine
 10
6.2863028346456691
 20
-3.5061101574803151
 30
0
 11
6.2841385039370081
 21
-3.5066900787401574
 31
0
  0
LINE
  5
D7C
330
1F
100
AcDbEntity
  8
In1.Cu
  6
CONTINUOUS
100
AcDbLine
 10
6.2841385039370081
 20
-3.5066900787401574
 30
0
 11
6.2819740944881888
 21
-3.5072700393700789
 31
0
  0
LINE
  5
D7D
330
1F
100
AcDbEntity
  8
In1.Cu
  6
CONTINUOUS
100
AcDbLine
 10
6.2819740944881888
 20
-3.5072700393700789
 30
0
 11
6.281973897637795
 21
-3.5072701574803147
 31
0
  0
LINE
  5
D7E
330
1F
100
AcDbEntity
  8
In1.Cu
  6
CONTINUOUS
100
AcDbLine
 10
6.281973897637795
 20
-3.5072701574803147
 30
0
 11
6.2780934251968503
 21
-3.5095105118110235
 31
0
  0
LINE
  5
D7F
330
1F
100
AcDbEntity
  8
In1.Cu
  6
CONTINUOUS
100
AcDbLine
 10
6.2780934251968503
 20
-3.5095105118110235
 30
0
 11
6.2780931102362203
 21
-3.509510748031496
 31
0
  0
LINE
  5
D80
330
1F
100
AcDbEntity
  8
In1.Cu
  6
CONTINUOUS
100
AcDbLine
 10
6.2780931102362203
 20
-3.509510748031496
 30
0
 11
6.2749244094488184
 21
-3.5126794488188975
 31
0
  0
LINE
  5
D81
330
1F
100
AcDbEntity
  8
In1.Cu
  6
CONTINUOUS
100
AcDbLine
 10
6.2749244094488184
 20
-3.5126794488188975
 30
0
 11
6.2749241732283467
 21
-3.5126797637795275
 31
0
  0
LINE
  5
D82
330
1F
100
AcDbEntity
  8
In1.Cu
  6
CONTINUOUS
100
AcDbLine
 10
6.2749241732283467
 20
-3.5126797637795275
 30
0
 11
6.2726838188976375
 21
-3.5165602362204722
 31
0
  0
LINE
  5
D83
330
1F
100
AcDbEntity
  8
In1.Cu
  6
CONTINUOUS
100
AcDbLine
 10
6.2726838188976375
 20
-3.5165602362204722
 30
0
 11
6.2726837007874012
 21
-3.516560433070866
 31
0
  0
LINE
  5
D84
330
1F
100
AcDbEntity
  8
In1.Cu
  6
CONTINUOUS
100
AcDbLine
 10
6.2726837007874012
 20
-3.516560433070866
 30
0
 11
6.2719104330708664
 21
-3.5194462598425198
 31
0
  0
LINE
  5
D85
330
1F
100
AcDbEntity
  8
In1.Cu
  6
CONTINUOUS
100
AcDbLine
 10
6.2719104330708664
 20
-3.5194462598425198
 30
0
 11
6.2715238188976379
 21
-3.5208891732283463
 31
0
  0
LINE
  5
D86
330
1F
100
AcDbEntity
  8
In1.Cu
  6
CONTINUOUS
100
AcDbLine
 10
6.2715238188976379
 20
-3.5208891732283463
 30
0
 11
6.2715238188976379
 21
-3.5253705118110235
 31
0
  0
LINE
  5
D87
330
1F
100
AcDbEntity
  8
In1.Cu
  6
CONTINUOUS
100
AcDbLine
 10
7.2458330314960628
 20
-3.2107947244094488
 30
0
 11
7.2458329133858266
 21
-3.2107947244094488
 31
0
  0
LINE
  5
D88
330
1F
100
AcDbEntity
  8
In1.Cu
  6
CONTINUOUS
100
AcDbLine
 10
7.2458329133858266
 20
-3.2107947244094488
 30
0
 11
7.2458323228346453
 21
-3.2107947637795275
 31
0
  0
LINE
  5
D89
330
1F
100
AcDbEntity
  8
In1.Cu
  6
CONTINUOUS
100
AcDbLine
 10
7.2458323228346453
 20
-3.2107947637795275
 30
0
 11
7.2458314173228349
 21
-3.2107948425196851
 31
0
  0
LINE
  5
D8A
330
1F
100
AcDbEntity
  8
In1.Cu
  6
CONTINUOUS
100
AcDbLine
 10
7.2458314173228349
 20
-3.2107948425196851
 30
0
 11
7.2391999212598428
 21
-3.2114281102362203
 31
0
  0
LINE
  5
D8B
330
1F
100
AcDbEntity
  8
In1.Cu
  6
CONTINUOUS
100
AcDbLine
 10
7.2391999212598428
 20
-3.2114281102362203
 30
0
 11
7.2391990551181102
 21
-3.2114281889763778
 31
0
  0
LINE
  5
D8C
330
1F
100
AcDbEntity
  8
In1.Cu
  6
CONTINUOUS
100
AcDbLine
 10
7.2391990551181102
 20
-3.2114281889763778
 30
0
 11
7.2391988976377952
 21
-3.2114282283464566
 31
0
  0
LINE
  5
D8D
330
1F
100
AcDbEntity
  8
In1.Cu
  6
CONTINUOUS
100
AcDbLine
 10
7.2391988976377952
 20
-3.2114282283464566
 30
0
 11
7.2391987401574802
 21
-3.2114282283464566
 31
0
  0
LINE
  5
D8E
330
1F
100
AcDbEntity
  8
In1.Cu
  6
CONTINUOUS
100
AcDbLine
 10
7.2391987401574802
 20
-3.2114282283464566
 30
0
 11
7.2391982677165352
 21
-3.2114283070866141
 31
0
  0
LINE
  5
D8F
330
1F
100
AcDbEntity
  8
In1.Cu
  6
CONTINUOUS
100
AcDbLine
 10
7.2391982677165352
 20
-3.2114283070866141
 30
0
 11
7.2326033858267715
 21
-3.2123764960629919
 31
0
  0
LINE
  5
D90
330
1F
100
AcDbEntity
  8
In1.Cu
  6
CONTINUOUS
100
AcDbLine
 10
7.2326033858267715
 20
-3.2123764960629919
 30
0
 11
7.2326019685039364
 21
-3.2123767322834644
 31
0
  0
LINE
  5
D91
330
1F
100
AcDbEntity
  8
In1.Cu
  6
CONTINUOUS
100
AcDbLine
 10
7.2326019685039364
 20
-3.2123767322834644
 30
0
 11
7.2260586614173228
 21
-3.2136378346456693
 31
0
  0
LINE
  5
D92
330
1F
100
AcDbEntity
  8
In1.Cu
  6
CONTINUOUS
100
AcDbLine
 10
7.2260586614173228
 20
-3.2136378346456693
 30
0
 11
7.219581850393701
 21
-3.2152090551181103
 31
0
  0
LINE
  5
D93
330
1F
100
AcDbEntity
  8
In1.Cu
  6
CONTINUOUS
100
AcDbLine
 10
7.219581850393701
 20
-3.2152090551181103
 30
0
 11
7.2131874803149607
 21
-3.2170866535433071
 31
0
  0
LINE
  5
D94
330
1F
100
AcDbEntity
  8
In1.Cu
  6
CONTINUOUS
100
AcDbLine
 10
7.2131874803149607
 20
-3.2170866535433071
 30
0
 11
7.2093732677165354
 21
-3.2184067716535432
 31
0
  0
LINE
  5
D95
330
1F
100
AcDbEntity
  8
In1.Cu
  6
CONTINUOUS
100
AcDbLine
 10
7.2093732677165354
 20
-3.2184067716535432
 30
0
 11
7.2068899999999996
 21
-3.2192662598425197
 31
0
  0
LINE
  5
D96
330
1F
100
AcDbEntity
  8
In1.Cu
  6
CONTINUOUS
100
AcDbLine
 10
7.2068899999999996
 20
-3.2192662598425197
 30
0
 11
7.206889606299212
 21
-3.2192663779527559
 31
0
  0
LINE
  5
D97
330
1F
100
AcDbEntity
  8
In1.Cu
  6
CONTINUOUS
100
AcDbLine
 10
7.206889606299212
 20
-3.2192663779527559
 30
0
 11
7.2068894881889758
 21
-3.2192664566929134
 31
0
  0
LINE
  5
D98
330
1F
100
AcDbEntity
  8
In1.Cu
  6
CONTINUOUS
100
AcDbLine
 10
7.2068894881889758
 20
-3.2192664566929134
 30
0
 11
7.2068889763779529
 21
-3.2192666141732285
 31
0
  0
LINE
  5
D99
330
1F
100
AcDbEntity
  8
In1.Cu
  6
CONTINUOUS
100
AcDbLine
 10
7.2068889763779529
 20
-3.2192666141732285
 30
0
 11
7.2007030314960625
 21
-3.2217431496062989
 31
0
  0
LINE
  5
D9A
330
1F
100
AcDbEntity
  8
In1.Cu
  6
CONTINUOUS
100
AcDbLine
 10
7.2007030314960625
 20
-3.2217431496062989
 30
0
 11
7.1946405118110235
 21
-3.2245117716535434
 31
0
  0
LINE
  5
D9B
330
1F
100
AcDbEntity
  8
In1.Cu
  6
CONTINUOUS
100
AcDbLine
 10
7.1946405118110235
 20
-3.2245117716535434
 30
0
 11
7.1887181889763774
 21
-3.2275649999999998
 31
0
  0
LINE
  5
D9C
330
1F
100
AcDbEntity
  8
In1.Cu
  6
CONTINUOUS
100
AcDbLine
 10
7.1887181889763774
 20
-3.2275649999999998
 30
0
 11
7.1887165748031494
 21
-3.2275659055118111
 31
0
  0
LINE
  5
D9D
330
1F
100
AcDbEntity
  8
In1.Cu
  6
CONTINUOUS
100
AcDbLine
 10
7.1887165748031494
 20
-3.2275659055118111
 30
0
 11
7.1829463779527556
 21
-3.2308972834645671
 31
0
  0
LINE
  5
D9E
330
1F
100
AcDbEntity
  8
In1.Cu
  6
CONTINUOUS
100
AcDbLine
 10
7.1829463779527556
 20
-3.2308972834645671
 30
0
 11
7.1829462598425193
 21
-3.2308973622047241
 31
0
  0
LINE
  5
D9F
330
1F
100
AcDbEntity
  8
In1.Cu
  6
CONTINUOUS
100
AcDbLine
 10
7.1829462598425193
 20
-3.2308973622047241
 30
0
 11
7.1773404330708663
 21
-3.2344999999999997
 31
0
  0
LINE
  5
DA0
330
1F
100
AcDbEntity
  8
In1.Cu
  6
CONTINUOUS
100
AcDbLine
 10
7.1773404330708663
 20
-3.2344999999999997
 30
0
 11
7.1773391732283462
 21
-3.2345008267716535
 31
0
  0
LINE
  5
DA1
330
1F
100
AcDbEntity
  8
In1.Cu
  6
CONTINUOUS
100
AcDbLine
 10
7.1773391732283462
 20
-3.2345008267716535
 30
0
 11
7.1719118110236222
 21
-3.2383656692913383
 31
0
  0
LINE
  5
DA2
330
1F
100
AcDbEntity
  8
In1.Cu
  6
CONTINUOUS
100
AcDbLine
 10
7.1719118110236222
 20
-3.2383656692913383
 30
0
 11
7.1719096850393695
 21
-3.238367244094488
 31
0
  0
LINE
  5
DA3
330
1F
100
AcDbEntity
  8
In1.Cu
  6
CONTINUOUS
100
AcDbLine
 10
7.1719096850393695
 20
-3.238367244094488
 30
0
 11
7.166673188976378
 21
-3.2424852755905511
 31
0
  0
LINE
  5
DA4
330
1F
100
AcDbEntity
  8
In1.Cu
  6
CONTINUOUS
100
AcDbLine
 10
7.166673188976378
 20
-3.2424852755905511
 30
0
 11
7.1666725196850392
 21
-3.2424858661417324
 31
0
  0
LINE
  5
DA5
330
1F
100
AcDbEntity
  8
In1.Cu
  6
CONTINUOUS
100
AcDbLine
 10
7.1666725196850392
 20
-3.2424858661417324
 30
0
 11
7.1616368110236222
 21
-3.2468492913385827
 31
0
  0
LINE
  5
DA6
330
1F
100
AcDbEntity
  8
In1.Cu
  6
CONTINUOUS
100
AcDbLine
 10
7.1616368110236222
 20
-3.2468492913385827
 30
0
 11
7.1616366535433071
 21
-3.2468494094488189
 31
0
  0
LINE
  5
DA7
330
1F
100
AcDbEntity
  8
In1.Cu
  6
CONTINUOUS
100
AcDbLine
 10
7.1616366535433071
 20
-3.2468494094488189
 30
0
 11
7.1568129133858269
 21
-3.2514487795275588
 31
0
  0
LINE
  5
DA8
330
1F
100
AcDbEntity
  8
In1.Cu
  6
CONTINUOUS
100
AcDbLine
 10
7.1568129133858269
 20
-3.2514487795275588
 30
0
 11
7.1522135433070861
 21
-3.2562725196850395
 31
0
  0
LINE
  5
DA9
330
1F
100
AcDbEntity
  8
In1.Cu
  6
CONTINUOUS
100
AcDbLine
 10
7.1522135433070861
 20
-3.2562725196850395
 30
0
 11
7.1522134251968499
 21
-3.2562726771653541
 31
0
  0
LINE
  5
DAA
330
1F
100
AcDbEntity
  8
In1.Cu
  6
CONTINUOUS
100
AcDbLine
 10
7.1522134251968499
 20
-3.2562726771653541
 30
0
 11
7.14785
 21
-3.2613083858267715
 31
0
  0
LINE
  5
DAB
330
1F
100
AcDbEntity
  8
In1.Cu
  6
CONTINUOUS
100
AcDbLine
 10
7.14785
 20
-3.2613083858267715
 30
0
 11
7.1478494094488187
 21
-3.2613090551181103
 31
0
  0
LINE
  5
DAC
330
1F
100
AcDbEntity
  8
In1.Cu
  6
CONTINUOUS
100
AcDbLine
 10
7.1478494094488187
 20
-3.2613090551181103
 30
0
 11
7.143731377952756
 21
-3.2665455511811023
 31
0
  0
LINE
  5
DAD
330
1F
100
AcDbEntity
  8
In1.Cu
  6
CONTINUOUS
100
AcDbLine
 10
7.143731377952756
 20
-3.2665455511811023
 30
0
 11
7.1437298031496059
 21
-3.2665476771653541
 31
0
  0
LINE
  5
DAE
330
1F
100
AcDbEntity
  8
In1.Cu
  6
CONTINUOUS
100
AcDbLine
 10
7.1437298031496059
 20
-3.2665476771653541
 30
0
 11
7.1398649606299207
 21
-3.2719750393700786
 31
0
  0
LINE
  5
DAF
330
1F
100
AcDbEntity
  8
In1.Cu
  6
CONTINUOUS
100
AcDbLine
 10
7.1398649606299207
 20
-3.2719750393700786
 30
0
 11
7.1398641338582678
 21
-3.2719762992125982
 31
0
  0
LINE
  5
DB0
330
1F
100
AcDbEntity
  8
In1.Cu
  6
CONTINUOUS
100
AcDbLine
 10
7.1398641338582678
 20
-3.2719762992125982
 30
0
 11
7.1362614960629918
 21
-3.2775821259842517
 31
0
  0
LINE
  5
DB1
330
1F
100
AcDbEntity
  8
In1.Cu
  6
CONTINUOUS
100
AcDbLine
 10
7.1362614960629918
 20
-3.2775821259842517
 30
0
 11
7.1362614173228343
 21
-3.277582244094488
 31
0
  0
LINE
  5
DB2
330
1F
100
AcDbEntity
  8
In1.Cu
  6
CONTINUOUS
100
AcDbLine
 10
7.1362614173228343
 20
-3.277582244094488
 30
0
 11
7.1329300393700787
 21
-3.2833524409448818
 31
0
  0
LINE
  5
DB3
330
1F
100
AcDbEntity
  8
In1.Cu
  6
CONTINUOUS
100
AcDbLine
 10
7.1329300393700787
 20
-3.2833524409448818
 30
0
 11
7.1329291338582674
 21
-3.2833540551181102
 31
0
  0
LINE
  5
DB4
330
1F
100
AcDbEntity
  8
In1.Cu
  6
CONTINUOUS
100
AcDbLine
 10
7.1329291338582674
 20
-3.2833540551181102
 30
0
 11
7.1298759055118106
 21
-3.2892763779527558
 31
0
  0
LINE
  5
DB5
330
1F
100
AcDbEntity
  8
In1.Cu
  6
CONTINUOUS
100
AcDbLine
 10
7.1298759055118106
 20
-3.2892763779527558
 30
0
 11
7.127107283464567
 21
-3.2953388976377953
 31
0
  0
LINE
  5
DB6
330
1F
100
AcDbEntity
  8
In1.Cu
  6
CONTINUOUS
100
AcDbLine
 10
7.127107283464567
 20
-3.2953388976377953
 30
0
 11
7.1246307480314961
 21
-3.3015248425196848
 31
0
  0
LINE
  5
DB7
330
1F
100
AcDbEntity
  8
In1.Cu
  6
CONTINUOUS
100
AcDbLine
 10
7.1246307480314961
 20
-3.3015248425196848
 30
0
 11
7.1246305905511811
 21
-3.3015253543307086
 31
0
  0
LINE
  5
DB8
330
1F
100
AcDbEntity
  8
In1.Cu
  6
CONTINUOUS
100
AcDbLine
 10
7.1246305905511811
 20
-3.3015253543307086
 30
0
 11
7.1246303937007873
 21
-3.3015258661417324
 31
0
  0
LINE
  5
DB9
330
1F
100
AcDbEntity
  8
In1.Cu
  6
CONTINUOUS
100
AcDbLine
 10
7.1246303937007873
 20
-3.3015258661417324
 30
0
 11
7.1244379527559056
 21
-3.3020819291338581
 31
0
  0
LINE
  5
DBA
330
1F
100
AcDbEntity
  8
In1.Cu
  6
CONTINUOUS
100
AcDbLine
 10
7.1244379527559056
 20
-3.3020819291338581
 30
0
 11
7.1224507874015748
 21
-3.3078233464566926
 31
0
  0
LINE
  5
DBB
330
1F
100
AcDbEntity
  8
In1.Cu
  6
CONTINUOUS
100
AcDbLine
 10
7.1224507874015748
 20
-3.3078233464566926
 30
0
 11
7.1205731889763779
 21
-3.314217716535433
 31
0
  0
LINE
  5
DBC
330
1F
100
AcDbEntity
  8
In1.Cu
  6
CONTINUOUS
100
AcDbLine
 10
7.1205731889763779
 20
-3.314217716535433
 30
0
 11
7.1190019685039365
 21
-3.3206945275590551
 31
0
  0
LINE
  5
DBD
330
1F
100
AcDbEntity
  8
In1.Cu
  6
CONTINUOUS
100
AcDbLine
 10
7.1190019685039365
 20
-3.3206945275590551
 30
0
 11
7.1177408661417321
 21
-3.3272378346456692
 31
0
  0
LINE
  5
DBE
330
1F
100
AcDbEntity
  8
In1.Cu
  6
CONTINUOUS
100
AcDbLine
 10
7.1177408661417321
 20
-3.3272378346456692
 30
0
 11
7.1177406299212596
 21
-3.3272392519685039
 31
0
  0
LINE
  5
DBF
330
1F
100
AcDbEntity
  8
In1.Cu
  6
CONTINUOUS
100
AcDbLine
 10
7.1177406299212596
 20
-3.3272392519685039
 30
0
 11
7.1167924409448817
 21
-3.3338341338582675
 31
0
  0
LINE
  5
DC0
330
1F
100
AcDbEntity
  8
In1.Cu
  6
CONTINUOUS
100
AcDbLine
 10
7.1167924409448817
 20
-3.3338341338582675
 30
0
 11
7.116792244094488
 21
-3.3338357874015747
 31
0
  0
LINE
  5
DC1
330
1F
100
AcDbEntity
  8
In1.Cu
  6
CONTINUOUS
100
AcDbLine
 10
7.116792244094488
 20
-3.3338357874015747
 30
0
 11
7.1161589763779522
 21
-3.3404672834645668
 31
0
  0
LINE
  5
DC2
330
1F
100
AcDbEntity
  8
In1.Cu
  6
CONTINUOUS
100
AcDbLine
 10
7.1161589763779522
 20
-3.3404672834645668
 30
0
 11
7.1161588976377947
 21
-3.3404681889763781
 31
0
  0
LINE
  5
DC3
330
1F
100
AcDbEntity
  8
In1.Cu
  6
CONTINUOUS
100
AcDbLine
 10
7.1161588976377947
 20
-3.3404681889763781
 30
0
 11
7.116158858267716
 21
-3.3404687795275589
 31
0
  0
LINE
  5
DC4
330
1F
100
AcDbEntity
  8
In1.Cu
  6
CONTINUOUS
100
AcDbLine
 10
7.116158858267716
 20
-3.3404687795275589
 30
0
 11
7.116158858267716
 21
-3.3404688976377952
 31
0
  0
LINE
  5
DC5
330
1F
100
AcDbEntity
  8
In1.Cu
  6
CONTINUOUS
100
AcDbLine
 10
7.116158858267716
 20
-3.3404688976377952
 30
0
 11
7.1158850787401571
 21
-3.3462169291338584
 31
0
  0
LINE
  5
DC6
330
1F
100
AcDbEntity
  8
In1.Cu
  6
CONTINUOUS
100
AcDbLine
 10
7.1158850787401571
 20
-3.3462169291338584
 30
0
 11
7.1158417716535434
 21
-3.3471257874015747
 31
0
  0
LINE
  5
DC7
330
1F
100
AcDbEntity
  8
In1.Cu
  6
CONTINUOUS
100
AcDbLine
 10
7.1158417716535434
 20
-3.3471257874015747
 30
0
 11
7.1158417716535434
 21
-3.3537897637795275
 31
0
  0
LINE
  5
DC8
330
1F
100
AcDbEntity
  8
In1.Cu
  6
CONTINUOUS
100
AcDbLine
 10
7.1158417716535434
 20
-3.3537897637795275
 30
0
 11
7.1161588976377947
 21
-3.3604473622047242
 31
0
  0
LINE
  5
DC9
330
1F
100
AcDbEntity
  8
In1.Cu
  6
CONTINUOUS
100
AcDbLine
 10
7.1161588976377947
 20
-3.3604473622047242
 30
0
 11
7.1161589763779522
 21
-3.3604482677165355
 31
0
  0
LINE
  5
DCA
330
1F
100
AcDbEntity
  8
In1.Cu
  6
CONTINUOUS
100
AcDbLine
 10
7.1161589763779522
 20
-3.3604482677165355
 30
0
 11
7.116792244094488
 21
-3.3670797637795276
 31
0
  0
LINE
  5
DCB
330
1F
100
AcDbEntity
  8
In1.Cu
  6
CONTINUOUS
100
AcDbLine
 10
7.116792244094488
 20
-3.3670797637795276
 30
0
 11
7.1167924409448817
 21
-3.3670814173228347
 31
0
  0
LINE
  5
DCC
330
1F
100
AcDbEntity
  8
In1.Cu
  6
CONTINUOUS
100
AcDbLine
 10
7.1167924409448817
 20
-3.3670814173228347
 30
0
 11
7.1177406299212596
 21
-3.3736762992125984
 31
0
  0
LINE
  5
DCD
330
1F
100
AcDbEntity
  8
In1.Cu
  6
CONTINUOUS
100
AcDbLine
 10
7.1177406299212596
 20
-3.3736762992125984
 30
0
 11
7.1177408661417321
 21
-3.373677716535433
 31
0
  0
LINE
  5
DCE
330
1F
100
AcDbEntity
  8
In1.Cu
  6
CONTINUOUS
100
AcDbLine
 10
7.1177408661417321
 20
-3.373677716535433
 30
0
 11
7.1190019685039365
 21
-3.3802210236220471
 31
0
  0
LINE
  5
DCF
330
1F
100
AcDbEntity
  8
In1.Cu
  6
CONTINUOUS
100
AcDbLine
 10
7.1190019685039365
 20
-3.3802210236220471
 30
0
 11
7.1205731889763779
 21
-3.3866978346456693
 31
0
  0
LINE
  5
DD0
330
1F
100
AcDbEntity
  8
In1.Cu
  6
CONTINUOUS
100
AcDbLine
 10
7.1205731889763779
 20
-3.3866978346456693
 30
0
 11
7.1224507086614173
 21
-3.3930919291338584
 31
0
  0
LINE
  5
DD1
330
1F
100
AcDbEntity
  8
In1.Cu
  6
CONTINUOUS
100
AcDbLine
 10
7.1224507086614173
 20
-3.3930919291338584
 30
0
 11
7.1246303937007873
 21
-3.3993897244094486
 31
0
  0
LINE
  5
DD2
330
1F
100
AcDbEntity
  8
In1.Cu
  6
CONTINUOUS
100
AcDbLine
 10
7.1246303937007873
 20
-3.3993897244094486
 30
0
 11
7.1246305905511811
 21
-3.3993901968503937
 31
0
  0
LINE
  5
DD3
330
1F
100
AcDbEntity
  8
In1.Cu
  6
CONTINUOUS
100
AcDbLine
 10
7.1246305905511811
 20
-3.3993901968503937
 30
0
 11
7.1246307480314961
 21
-3.3993907086614175
 31
0
  0
LINE
  5
DD4
330
1F
100
AcDbEntity
  8
In1.Cu
  6
CONTINUOUS
100
AcDbLine
 10
7.1246307480314961
 20
-3.3993907086614175
 30
0
 11
7.127107283464567
 21
-3.405576653543307
 31
0
  0
LINE
  5
DD5
330
1F
100
AcDbEntity
  8
In1.Cu
  6
CONTINUOUS
100
AcDbLine
 10
7.127107283464567
 20
-3.405576653543307
 30
0
 11
7.1298759055118106
 21
-3.4116391732283464
 31
0
  0
LINE
  5
DD6
330
1F
100
AcDbEntity
  8
In1.Cu
  6
CONTINUOUS
100
AcDbLine
 10
7.1298759055118106
 20
-3.4116391732283464
 30
0
 11
7.1321577952755906
 21
-3.4160653149606297
 31
0
  0
LINE
  5
DD7
330
1F
100
AcDbEntity
  8
In1.Cu
  6
CONTINUOUS
100
AcDbLine
 10
7.1321577952755906
 20
-3.4160653149606297
 30
0
 11
7.1329294881889762
 21
-3.4175621653543304
 31
0
  0
LINE
  5
DD8
330
1F
100
AcDbEntity
  8
In1.Cu
  6
CONTINUOUS
100
AcDbLine
 10
7.1329294881889762
 20
-3.4175621653543304
 30
0
 11
7.1329300393700787
 21
-3.4175631102362205
 31
0
  0
LINE
  5
DD9
330
1F
100
AcDbEntity
  8
In1.Cu
  6
CONTINUOUS
100
AcDbLine
 10
7.1329300393700787
 20
-3.4175631102362205
 30
0
 11
7.1354053937007871
 21
-3.4218506299212597
 31
0
  0
LINE
  5
DDA
330
1F
100
AcDbEntity
  8
In1.Cu
  6
CONTINUOUS
100
AcDbLine
 10
7.1354053937007871
 20
-3.4218506299212597
 30
0
 11
7.136261614173228
 21
-3.4233336220472439
 31
0
  0
LINE
  5
DDB
330
1F
100
AcDbEntity
  8
In1.Cu
  6
CONTINUOUS
100
AcDbLine
 10
7.136261614173228
 20
-3.4233336220472439
 30
0
 11
7.1374522834645671
 21
-3.4251863385826771
 31
0
  0
LINE
  5
DDC
330
1F
100
AcDbEntity
  8
In1.Cu
  6
CONTINUOUS
100
AcDbLine
 10
7.1374522834645671
 20
-3.4251863385826771
 30
0
 11
7.1398641338582678
 21
-3.428939251968504
 31
0
  0
LINE
  5
DDD
330
1F
100
AcDbEntity
  8
In1.Cu
  6
CONTINUOUS
100
AcDbLine
 10
7.1398641338582678
 20
-3.428939251968504
 30
0
 11
7.1398649606299207
 21
-3.4289405118110237
 31
0
  0
LINE
  5
DDE
330
1F
100
AcDbEntity
  8
In1.Cu
  6
CONTINUOUS
100
AcDbLine
 10
7.1398649606299207
 20
-3.4289405118110237
 30
0
 11
7.1433500393700786
 21
-3.4338345669291339
 31
0
  0
LINE
  5
DDF
330
1F
100
AcDbEntity
  8
In1.Cu
  6
CONTINUOUS
100
AcDbLine
 10
7.1433500393700786
 20
-3.4338345669291339
 30
0
 11
7.143730275590551
 21
-3.4343685433070865
 31
0
  0
LINE
  5
DE0
330
1F
100
AcDbEntity
  8
In1.Cu
  6
CONTINUOUS
100
AcDbLine
 10
7.143730275590551
 20
-3.4343685433070865
 30
0
 11
7.1437306692913385
 21
-3.4343690157480316
 31
0
  0
LINE
  5
DE1
330
1F
100
AcDbEntity
  8
In1.Cu
  6
CONTINUOUS
100
AcDbLine
 10
7.1437306692913385
 20
-3.4343690157480316
 30
0
 11
7.143731377952756
 21
-3.4343699999999999
 31
0
  0
LINE
  5
DE2
330
1F
100
AcDbEntity
  8
In1.Cu
  6
CONTINUOUS
100
AcDbLine
 10
7.143731377952756
 20
-3.4343699999999999
 30
0
 11
7.1478494094488187
 21
-3.439606496062992
 31
0
  0
LINE
  5
DE3
330
1F
100
AcDbEntity
  8
In1.Cu
  6
CONTINUOUS
100
AcDbLine
 10
7.1478494094488187
 20
-3.439606496062992
 30
0
 11
7.14785
 21
-3.4396071653543308
 31
0
  0
LINE
  5
DE4
330
1F
100
AcDbEntity
  8
In1.Cu
  6
CONTINUOUS
100
AcDbLine
 10
7.14785
 20
-3.4396071653543308
 30
0
 11
7.1522134251968499
 21
-3.4446428740157478
 31
0
  0
LINE
  5
DE5
330
1F
100
AcDbEntity
  8
In1.Cu
  6
CONTINUOUS
100
AcDbLine
 10
7.1522134251968499
 20
-3.4446428740157478
 30
0
 11
7.1522135433070861
 21
-3.4446430314960628
 31
0
  0
LINE
  5
DE6
330
1F
100
AcDbEntity
  8
In1.Cu
  6
CONTINUOUS
100
AcDbLine
 10
7.1522135433070861
 20
-3.4446430314960628
 30
0
 11
7.1568129133858269
 21
-3.4494667716535434
 31
0
  0
LINE
  5
DE7
330
1F
100
AcDbEntity
  8
In1.Cu
  6
CONTINUOUS
100
AcDbLine
 10
7.1568129133858269
 20
-3.4494667716535434
 30
0
 11
7.1616366535433071
 21
-3.4540661417322833
 31
0
  0
LINE
  5
DE8
330
1F
100
AcDbEntity
  8
In1.Cu
  6
CONTINUOUS
100
AcDbLine
 10
7.1616366535433071
 20
-3.4540661417322833
 30
0
 11
7.1616368110236222
 21
-3.4540662598425196
 31
0
  0
LINE
  5
DE9
330
1F
100
AcDbEntity
  8
In1.Cu
  6
CONTINUOUS
100
AcDbLine
 10
7.1616368110236222
 20
-3.4540662598425196
 30
0
 11
7.161825236220472
 21
-3.4542295275590549
 31
0
  0
LINE
  5
DEA
330
1F
100
AcDbEntity
  8
In1.Cu
  6
CONTINUOUS
100
AcDbLine
 10
7.161825236220472
 20
-3.4542295275590549
 30
0
 11
7.1666726771653542
 21
-3.4584298425196849
 31
0
  0
LINE
  5
DEB
330
1F
100
AcDbEntity
  8
In1.Cu
  6
CONTINUOUS
100
AcDbLine
 10
7.1666726771653542
 20
-3.4584298425196849
 30
0
 11
7.1666728346456692
 21
-3.4584299606299211
 31
0
  0
LINE
  5
DEC
330
1F
100
AcDbEntity
  8
In1.Cu
  6
CONTINUOUS
100
AcDbLine
 10
7.1666728346456692
 20
-3.4584299606299211
 30
0
 11
7.166673188976378
 21
-3.4584302755905512
 31
0
  0
LINE
  5
DED
330
1F
100
AcDbEntity
  8
In1.Cu
  6
CONTINUOUS
100
AcDbLine
 10
7.166673188976378
 20
-3.4584302755905512
 30
0
 11
7.1719096850393695
 21
-3.4625483070866139
 31
0
  0
LINE
  5
DEE
330
1F
100
AcDbEntity
  8
In1.Cu
  6
CONTINUOUS
100
AcDbLine
 10
7.1719096850393695
 20
-3.4625483070866139
 30
0
 11
7.1719104330708658
 21
-3.4625488582677164
 31
0
  0
LINE
  5
DEF
330
1F
100
AcDbEntity
  8
In1.Cu
  6
CONTINUOUS
100
AcDbLine
 10
7.1719104330708658
 20
-3.4625488582677164
 30
0
 11
7.1719111811023621
 21
-3.4625494488188977
 31
0
  0
LINE
  5
DF0
330
1F
100
AcDbEntity
  8
In1.Cu
  6
CONTINUOUS
100
AcDbLine
 10
7.1719111811023621
 20
-3.4625494488188977
 30
0
 11
7.173898661417323
 21
-3.4639647244094487
 31
0
  0
LINE
  5
DF1
330
1F
100
AcDbEntity
  8
In1.Cu
  6
CONTINUOUS
100
AcDbLine
 10
7.173898661417323
 20
-3.4639647244094487
 30
0
 11
7.1773391732283462
 21
-3.4664147244094488
 31
0
  0
LINE
  5
DF2
330
1F
100
AcDbEntity
  8
In1.Cu
  6
CONTINUOUS
100
AcDbLine
 10
7.1773391732283462
 20
-3.4664147244094488
 30
0
 11
7.1773396456692913
 21
-3.4664150393700788
 31
0
  0
LINE
  5
DF3
330
1F
100
AcDbEntity
  8
In1.Cu
  6
CONTINUOUS
100
AcDbLine
 10
7.1773396456692913
 20
-3.4664150393700788
 30
0
 11
7.1773397637795275
 21
-3.4664151181102363
 31
0
  0
LINE
  5
DF4
330
1F
100
AcDbEntity
  8
In1.Cu
  6
CONTINUOUS
100
AcDbLine
 10
7.1773397637795275
 20
-3.4664151181102363
 30
0
 11
7.1829461023622043
 21
-3.4700181102362202
 31
0
  0
LINE
  5
DF5
330
1F
100
AcDbEntity
  8
In1.Cu
  6
CONTINUOUS
100
AcDbLine
 10
7.1829461023622043
 20
-3.4700181102362202
 30
0
 11
7.1887175590551182
 21
-3.4733502362204725
 31
0
  0
LINE
  5
DF6
330
1F
100
AcDbEntity
  8
In1.Cu
  6
CONTINUOUS
100
AcDbLine
 10
7.1887175590551182
 20
-3.4733502362204725
 30
0
 11
7.1887181889763774
 21
-3.4733505511811025
 31
0
  0
LINE
  5
DF7
330
1F
100
AcDbEntity
  8
In1.Cu
  6
CONTINUOUS
100
AcDbLine
 10
7.1887181889763774
 20
-3.4733505511811025
 30
0
 11
7.1946405118110235
 21
-3.4764037795275589
 31
0
  0
LINE
  5
DF8
330
1F
100
AcDbEntity
  8
In1.Cu
  6
CONTINUOUS
100
AcDbLine
 10
7.1946405118110235
 20
-3.4764037795275589
 30
0
 11
7.2007030314960625
 21
-3.4791724015748029
 31
0
  0
LINE
  5
DF9
330
1F
100
AcDbEntity
  8
In1.Cu
  6
CONTINUOUS
100
AcDbLine
 10
7.2007030314960625
 20
-3.4791724015748029
 30
0
 11
7.2068889763779529
 21
-3.4816489370078738
 31
0
  0
LINE
  5
DFA
330
1F
100
AcDbEntity
  8
In1.Cu
  6
CONTINUOUS
100
AcDbLine
 10
7.2068889763779529
 20
-3.4816489370078738
 30
0
 11
7.2068891338582679
 21
-3.4816489763779526
 31
0
  0
LINE
  5
DFB
330
1F
100
AcDbEntity
  8
In1.Cu
  6
CONTINUOUS
100
AcDbLine
 10
7.2068891338582679
 20
-3.4816489763779526
 30
0
 11
7.2068899999999996
 21
-3.4816493307086613
 31
0
  0
LINE
  5
DFC
330
1F
100
AcDbEntity
  8
In1.Cu
  6
CONTINUOUS
100
AcDbLine
 10
7.2068899999999996
 20
-3.4816493307086613
 30
0
 11
7.2131877952755907
 21
-3.4838290157480314
 31
0
  0
LINE
  5
DFD
330
1F
100
AcDbEntity
  8
In1.Cu
  6
CONTINUOUS
100
AcDbLine
 10
7.2131877952755907
 20
-3.4838290157480314
 30
0
 11
7.219581850393701
 21
-3.485706496062992
 31
0
  0
LINE
  5
DFE
330
1F
100
AcDbEntity
  8
In1.Cu
  6
CONTINUOUS
100
AcDbLine
 10
7.219581850393701
 20
-3.485706496062992
 30
0
 11
7.2195818110236223
 21
-3.485706496062992
 31
0
  0
LINE
  5
DFF
330
1F
100
AcDbEntity
  8
In1.Cu
  6
CONTINUOUS
100
AcDbLine
 10
7.2195818110236223
 20
-3.485706496062992
 30
0
 11
7.2195820472440939
 21
-3.4857065354330707
 31
0
  0
LINE
  5
E00
330
1F
100
AcDbEntity
  8
In1.Cu
  6
CONTINUOUS
100
AcDbLine
 10
7.2195820472440939
 20
-3.4857065354330707
 30
0
 11
7.2195821259842514
 21
-3.4857065748031495
 31
0
  0
LINE
  5
E01
330
1F
100
AcDbEntity
  8
In1.Cu
  6
CONTINUOUS
100
AcDbLine
 10
7.2195821259842514
 20
-3.4857065748031495
 30
0
 11
7.2260585826771653
 21
-3.4872777165354329
 31
0
  0
LINE
  5
E02
330
1F
100
AcDbEntity
  8
In1.Cu
  6
CONTINUOUS
100
AcDbLine
 10
7.2260585826771653
 20
-3.4872777165354329
 30
0
 11
7.2326024409448815
 21
-3.4885389370078741
 31
0
  0
LINE
  5
E03
330
1F
100
AcDbEntity
  8
In1.Cu
  6
CONTINUOUS
100
AcDbLine
 10
7.2326024409448815
 20
-3.4885389370078741
 30
0
 11
7.2391988976377952
 21
-3.4894873622047244
 31
0
  0
LINE
  5
E04
330
1F
100
AcDbEntity
  8
In1.Cu
  6
CONTINUOUS
100
AcDbLine
 10
7.2391988976377952
 20
-3.4894873622047244
 30
0
 11
7.2458330314960628
 21
-3.4901208661417322
 31
0
  0
LINE
  5
E05
330
1F
100
AcDbEntity
  8
In1.Cu
  6
CONTINUOUS
100
AcDbLine
 10
7.2458330314960628
 20
-3.4901208661417322
 30
0
 11
7.2524897637795274
 21
-3.4904379527559053
 31
0
  0
LINE
  5
E06
330
1F
100
AcDbEntity
  8
In1.Cu
  6
CONTINUOUS
100
AcDbLine
 10
7.2524897637795274
 20
-3.4904379527559053
 30
0
 11
7.2558219291338579
 21
-3.4904577952755904
 31
0
  0
LINE
  5
E07
330
1F
100
AcDbEntity
  8
In1.Cu
  6
CONTINUOUS
100
AcDbLine
 10
7.2558219291338579
 20
-3.4904577952755904
 30
0
 11
7.2591540944881885
 21
-3.4904379527559053
 31
0
  0
LINE
  5
E08
330
1F
100
AcDbEntity
  8
In1.Cu
  6
CONTINUOUS
100
AcDbLine
 10
7.2591540944881885
 20
-3.4904379527559053
 30
0
 11
7.265810826771653
 21
-3.4901208661417322
 31
0
  0
LINE
  5
E09
330
1F
100
AcDbEntity
  8
In1.Cu
  6
CONTINUOUS
100
AcDbLine
 10
7.265810826771653
 20
-3.4901208661417322
 30
0
 11
7.2724449606299215
 21
-3.4894873622047244
 31
0
  0
LINE
  5
E0A
330
1F
100
AcDbEntity
  8
In1.Cu
  6
CONTINUOUS
100
AcDbLine
 10
7.2724449606299215
 20
-3.4894873622047244
 30
0
 11
7.2790414173228344
 21
-3.4885389370078741
 31
0
  0
LINE
  5
E0B
330
1F
100
AcDbEntity
  8
In1.Cu
  6
CONTINUOUS
100
AcDbLine
 10
7.2790414173228344
 20
-3.4885389370078741
 30
0
 11
7.2855852755905506
 21
-3.4872777165354329
 31
0
  0
LINE
  5
E0C
330
1F
100
AcDbEntity
  8
In1.Cu
  6
CONTINUOUS
100
AcDbLine
 10
7.2855852755905506
 20
-3.4872777165354329
 30
0
 11
7.2920617322834644
 21
-3.4857065748031495
 31
0
  0
LINE
  5
E0D
330
1F
100
AcDbEntity
  8
In1.Cu
  6
CONTINUOUS
100
AcDbLine
 10
7.2920617322834644
 20
-3.4857065748031495
 30
0
 11
7.298456062992126
 21
-3.4838290157480314
 31
0
  0
LINE
  5
E0E
330
1F
100
AcDbEntity
  8
In1.Cu
  6
CONTINUOUS
100
AcDbLine
 10
7.298456062992126
 20
-3.4838290157480314
 30
0
 11
7.3047538582677163
 21
-3.4816493307086613
 31
0
  0
LINE
  5
E0F
330
1F
100
AcDbEntity
  8
In1.Cu
  6
CONTINUOUS
100
AcDbLine
 10
7.3047538582677163
 20
-3.4816493307086613
 30
0
 11
7.3109407480314959
 21
-3.4791724409448817
 31
0
  0
LINE
  5
E10
330
1F
100
AcDbEntity
  8
In1.Cu
  6
CONTINUOUS
100
AcDbLine
 10
7.3109407480314959
 20
-3.4791724409448817
 30
0
 11
7.3170028346456695
 21
-3.4764040157480314
 31
0
  0
LINE
  5
E11
330
1F
100
AcDbEntity
  8
In1.Cu
  6
CONTINUOUS
100
AcDbLine
 10
7.3170028346456695
 20
-3.4764040157480314
 30
0
 11
7.3229262992125985
 21
-3.4733502362204725
 31
0
  0
LINE
  5
E12
330
1F
100
AcDbEntity
  8
In1.Cu
  6
CONTINUOUS
100
AcDbLine
 10
7.3229262992125985
 20
-3.4733502362204725
 30
0
 11
7.3286977559055115
 21
-3.4700181102362202
 31
0
  0
LINE
  5
E13
330
1F
100
AcDbEntity
  8
In1.Cu
  6
CONTINUOUS
100
AcDbLine
 10
7.3286977559055115
 20
-3.4700181102362202
 30
0
 11
7.3343040944881892
 21
-3.4664151181102363
 31
0
  0
LINE
  5
E14
330
1F
100
AcDbEntity
  8
In1.Cu
  6
CONTINUOUS
100
AcDbLine
 10
7.3343040944881892
 20
-3.4664151181102363
 30
0
 11
7.3397326771653546
 21
-3.4625494488188977
 31
0
  0
LINE
  5
E15
330
1F
100
AcDbEntity
  8
In1.Cu
  6
CONTINUOUS
100
AcDbLine
 10
7.3397326771653546
 20
-3.4625494488188977
 30
0
 11
7.3449711811023617
 21
-3.4584298425196849
 31
0
  0
LINE
  5
E16
330
1F
100
AcDbEntity
  8
In1.Cu
  6
CONTINUOUS
100
AcDbLine
 10
7.3449711811023617
 20
-3.4584298425196849
 30
0
 11
7.3500077165354325
 21
-3.4540656692913383
 31
0
  0
LINE
  5
E17
330
1F
100
AcDbEntity
  8
In1.Cu
  6
CONTINUOUS
100
AcDbLine
 10
7.3500077165354325
 20
-3.4540656692913383
 30
0
 11
7.3548309055118111
 21
-3.4494667716535434
 31
0
  0
LINE
  5
E18
330
1F
100
AcDbEntity
  8
In1.Cu
  6
CONTINUOUS
100
AcDbLine
 10
7.3548309055118111
 20
-3.4494667716535434
 30
0
 11
7.3594298031496059
 21
-3.4446435826771653
 31
0
  0
LINE
  5
E19
330
1F
100
AcDbEntity
  8
In1.Cu
  6
CONTINUOUS
100
AcDbLine
 10
7.3594298031496059
 20
-3.4446435826771653
 30
0
 11
7.363793976377953
 21
-3.4396070472440945
 31
0
  0
LINE
  5
E1A
330
1F
100
AcDbEntity
  8
In1.Cu
  6
CONTINUOUS
100
AcDbLine
 10
7.363793976377953
 20
-3.4396070472440945
 30
0
 11
7.3679135826771649
 21
-3.4343685433070865
 31
0
  0
LINE
  5
E1B
330
1F
100
AcDbEntity
  8
In1.Cu
  6
CONTINUOUS
100
AcDbLine
 10
7.3679135826771649
 20
-3.4343685433070865
 30
0
 11
7.3717792519685039
 21
-3.4289399606299211
 31
0
  0
LINE
  5
E1C
330
1F
100
AcDbEntity
  8
In1.Cu
  6
CONTINUOUS
100
AcDbLine
 10
7.3717792519685039
 20
-3.4289399606299211
 30
0
 11
7.3753822440944878
 21
-3.4233336220472439
 31
0
  0
LINE
  5
E1D
330
1F
100
AcDbEntity
  8
In1.Cu
  6
CONTINUOUS
100
AcDbLine
 10
7.3753822440944878
 20
-3.4233336220472439
 30
0
 11
7.3787143700787396
 21
-3.4175621653543304
 31
0
  0
LINE
  5
E1E
330
1F
100
AcDbEntity
  8
In1.Cu
  6
CONTINUOUS
100
AcDbLine
 10
7.3787143700787396
 20
-3.4175621653543304
 30
0
 11
7.381768149606299
 21
-3.4116387007874014
 31
0
  0
LINE
  5
E1F
330
1F
100
AcDbEntity
  8
In1.Cu
  6
CONTINUOUS
100
AcDbLine
 10
7.381768149606299
 20
-3.4116387007874014
 30
0
 11
7.3845365748031497
 21
-3.4055766141732282
 31
0
  0
LINE
  5
E20
330
1F
100
AcDbEntity
  8
In1.Cu
  6
CONTINUOUS
100
AcDbLine
 10
7.3845365748031497
 20
-3.4055766141732282
 30
0
 11
7.3870134645669285
 21
-3.3993897244094486
 31
0
  0
LINE
  5
E21
330
1F
100
AcDbEntity
  8
In1.Cu
  6
CONTINUOUS
100
AcDbLine
 10
7.3870134645669285
 20
-3.3993897244094486
 30
0
 11
7.3891931496062995
 21
-3.3930919291338584
 31
0
  0
LINE
  5
E22
330
1F
100
AcDbEntity
  8
In1.Cu
  6
CONTINUOUS
100
AcDbLine
 10
7.3891931496062995
 20
-3.3930919291338584
 30
0
 11
7.3910707086614176
 21
-3.3866975984251968
 31
0
  0
LINE
  5
E23
330
1F
100
AcDbEntity
  8
In1.Cu
  6
CONTINUOUS
100
AcDbLine
 10
7.3910707086614176
 20
-3.3866975984251968
 30
0
 11
7.3926418503937006
 21
-3.3802211417322834
 31
0
  0
LINE
  5
E24
330
1F
100
AcDbEntity
  8
In1.Cu
  6
CONTINUOUS
100
AcDbLine
 10
7.3926418503937006
 20
-3.3802211417322834
 30
0
 11
7.3939030708661413
 21
-3.3736772834645667
 31
0
  0
LINE
  5
E25
330
1F
100
AcDbEntity
  8
In1.Cu
  6
CONTINUOUS
100
AcDbLine
 10
7.3939030708661413
 20
-3.3736772834645667
 30
0
 11
7.3948514960629916
 21
-3.3670808267716534
 31
0
  0
LINE
  5
E26
330
1F
100
AcDbEntity
  8
In1.Cu
  6
CONTINUOUS
100
AcDbLine
 10
7.3948514960629916
 20
-3.3670808267716534
 30
0
 11
7.3954849999999999
 21
-3.3604466929133858
 31
0
  0
LINE
  5
E27
330
1F
100
AcDbEntity
  8
In1.Cu
  6
CONTINUOUS
100
AcDbLine
 10
7.3954849999999999
 20
-3.3604466929133858
 30
0
 11
7.3958020866141734
 21
-3.3537899606299213
 31
0
  0
LINE
  5
E28
330
1F
100
AcDbEntity
  8
In1.Cu
  6
CONTINUOUS
100
AcDbLine
 10
7.3958020866141734
 20
-3.3537899606299213
 30
0
 11
7.3958020866141734
 21
-3.3471256299212597
 31
0
  0
LINE
  5
E29
330
1F
100
AcDbEntity
  8
In1.Cu
  6
CONTINUOUS
100
AcDbLine
 10
7.3958020866141734
 20
-3.3471256299212597
 30
0
 11
7.3954849999999999
 21
-3.3404688976377952
 31
0
  0
LINE
  5
E2A
330
1F
100
AcDbEntity
  8
In1.Cu
  6
CONTINUOUS
100
AcDbLine
 10
7.3954849999999999
 20
-3.3404688976377952
 30
0
 11
7.3948514960629916
 21
-3.3338347637795276
 31
0
  0
LINE
  5
E2B
330
1F
100
AcDbEntity
  8
In1.Cu
  6
CONTINUOUS
100
AcDbLine
 10
7.3948514960629916
 20
-3.3338347637795276
 30
0
 11
7.3939030708661413
 21
-3.3272383070866143
 31
0
  0
LINE
  5
E2C
330
1F
100
AcDbEntity
  8
In1.Cu
  6
CONTINUOUS
100
AcDbLine
 10
7.3939030708661413
 20
-3.3272383070866143
 30
0
 11
7.3926418503937006
 21
-3.3206944488188976
 31
0
  0
LINE
  5
E2D
330
1F
100
AcDbEntity
  8
In1.Cu
  6
CONTINUOUS
100
AcDbLine
 10
7.3926418503937006
 20
-3.3206944488188976
 30
0
 11
7.3910707086614176
 21
-3.3142179921259842
 31
0
  0
LINE
  5
E2E
330
1F
100
AcDbEntity
  8
In1.Cu
  6
CONTINUOUS
100
AcDbLine
 10
7.3910707086614176
 20
-3.3142179921259842
 30
0
 11
7.3891931496062995
 21
-3.3078236614173226
 31
0
  0
LINE
  5
E2F
330
1F
100
AcDbEntity
  8
In1.Cu
  6
CONTINUOUS
100
AcDbLine
 10
7.3891931496062995
 20
-3.3078236614173226
 30
0
 11
7.3870134645669285
 21
-3.3015258661417324
 31
0
  0
LINE
  5
E30
330
1F
100
AcDbEntity
  8
In1.Cu
  6
CONTINUOUS
100
AcDbLine
 10
7.3870134645669285
 20
-3.3015258661417324
 30
0
 11
7.3845365748031497
 21
-3.2953389763779528
 31
0
  0
LINE
  5
E31
330
1F
100
AcDbEntity
  8
In1.Cu
  6
CONTINUOUS
100
AcDbLine
 10
7.3845365748031497
 20
-3.2953389763779528
 30
0
 11
7.381768149606299
 21
-3.2892768897637796
 31
0
  0
LINE
  5
E32
330
1F
100
AcDbEntity
  8
In1.Cu
  6
CONTINUOUS
100
AcDbLine
 10
7.381768149606299
 20
-3.2892768897637796
 30
0
 11
7.3817681102362203
 21
-3.2892768110236221
 31
0
  0
LINE
  5
E33
330
1F
100
AcDbEntity
  8
In1.Cu
  6
CONTINUOUS
100
AcDbLine
 10
7.3817681102362203
 20
-3.2892768110236221
 30
0
 11
7.3817679133858265
 21
-3.2892763779527558
 31
0
  0
LINE
  5
E34
330
1F
100
AcDbEntity
  8
In1.Cu
  6
CONTINUOUS
100
AcDbLine
 10
7.3817679133858265
 20
-3.2892763779527558
 30
0
 11
7.3787146850393697
 21
-3.2833540551181102
 31
0
  0
LINE
  5
E35
330
1F
100
AcDbEntity
  8
In1.Cu
  6
CONTINUOUS
100
AcDbLine
 10
7.3787146850393697
 20
-3.2833540551181102
 30
0
 11
7.3787143700787396
 21
-3.2833534251968501
 31
0
  0
LINE
  5
E36
330
1F
100
AcDbEntity
  8
In1.Cu
  6
CONTINUOUS
100
AcDbLine
 10
7.3787143700787396
 20
-3.2833534251968501
 30
0
 11
7.3753822440944878
 21
-3.2775819685039371
 31
0
  0
LINE
  5
E37
330
1F
100
AcDbEntity
  8
In1.Cu
  6
CONTINUOUS
100
AcDbLine
 10
7.3753822440944878
 20
-3.2775819685039371
 30
0
 11
7.3717792519685039
 21
-3.2719756299212599
 31
0
  0
LINE
  5
E38
330
1F
100
AcDbEntity
  8
In1.Cu
  6
CONTINUOUS
100
AcDbLine
 10
7.3717792519685039
 20
-3.2719756299212599
 30
0
 11
7.3717791732283464
 21
-3.2719755118110236
 31
0
  0
LINE
  5
E39
330
1F
100
AcDbEntity
  8
In1.Cu
  6
CONTINUOUS
100
AcDbLine
 10
7.3717791732283464
 20
-3.2719755118110236
 30
0
 11
7.3717788582677164
 21
-3.2719750393700786
 31
0
  0
LINE
  5
E3A
330
1F
100
AcDbEntity
  8
In1.Cu
  6
CONTINUOUS
100
AcDbLine
 10
7.3717788582677164
 20
-3.2719750393700786
 30
0
 11
7.3679140157480312
 21
-3.2665476771653541
 31
0
  0
LINE
  5
E3B
330
1F
100
AcDbEntity
  8
In1.Cu
  6
CONTINUOUS
100
AcDbLine
 10
7.3679140157480312
 20
-3.2665476771653541
 30
0
 11
7.3679135826771649
 21
-3.2665470472440945
 31
0
  0
LINE
  5
E3C
330
1F
100
AcDbEntity
  8
In1.Cu
  6
CONTINUOUS
100
AcDbLine
 10
7.3679135826771649
 20
-3.2665470472440945
 30
0
 11
7.3679129921259845
 21
-3.2665462992125982
 31
0
  0
LINE
  5
E3D
330
1F
100
AcDbEntity
  8
In1.Cu
  6
CONTINUOUS
100
AcDbLine
 10
7.3679129921259845
 20
-3.2665462992125982
 30
0
 11
7.367912440944882
 21
-3.2665455511811023
 31
0
  0
LINE
  5
E3E
330
1F
100
AcDbEntity
  8
In1.Cu
  6
CONTINUOUS
100
AcDbLine
 10
7.367912440944882
 20
-3.2665455511811023
 30
0
 11
7.3637944094488184
 21
-3.2613090551181103
 31
0
  0
LINE
  5
E3F
330
1F
100
AcDbEntity
  8
In1.Cu
  6
CONTINUOUS
100
AcDbLine
 10
7.3637944094488184
 20
-3.2613090551181103
 30
0
 11
7.363793976377953
 21
-3.2613085433070865
 31
0
  0
LINE
  5
E40
330
1F
100
AcDbEntity
  8
In1.Cu
  6
CONTINUOUS
100
AcDbLine
 10
7.363793976377953
 20
-3.2613085433070865
 30
0
 11
7.3603891338582672
 21
-3.2573791338582678
 31
0
  0
LINE
  5
E41
330
1F
100
AcDbEntity
  8
In1.Cu
  6
CONTINUOUS
100
AcDbLine
 10
7.3603891338582672
 20
-3.2573791338582678
 30
0
 11
7.3594303937007872
 21
-3.2562726771653541
 31
0
  0
LINE
  5
E42
330
1F
100
AcDbEntity
  8
In1.Cu
  6
CONTINUOUS
100
AcDbLine
 10
7.3594303937007872
 20
-3.2562726771653541
 30
0
 11
7.359430275590551
 21
-3.2562725196850395
 31
0
  0
LINE
  5
E43
330
1F
100
AcDbEntity
  8
In1.Cu
  6
CONTINUOUS
100
AcDbLine
 10
7.359430275590551
 20
-3.2562725196850395
 30
0
 11
7.3548309055118111
 21
-3.2514487795275588
 31
0
  0
LINE
  5
E44
330
1F
100
AcDbEntity
  8
In1.Cu
  6
CONTINUOUS
100
AcDbLine
 10
7.3548309055118111
 20
-3.2514487795275588
 30
0
 11
7.3500071653543309
 21
-3.2468494094488189
 31
0
  0
LINE
  5
E45
330
1F
100
AcDbEntity
  8
In1.Cu
  6
CONTINUOUS
100
AcDbLine
 10
7.3500071653543309
 20
-3.2468494094488189
 30
0
 11
7.3500070078740158
 21
-3.2468492913385827
 31
0
  0
LINE
  5
E46
330
1F
100
AcDbEntity
  8
In1.Cu
  6
CONTINUOUS
100
AcDbLine
 10
7.3500070078740158
 20
-3.2468492913385827
 30
0
 11
7.3449712992125979
 21
-3.2424858661417324
 31
0
  0
LINE
  5
E47
330
1F
100
AcDbEntity
  8
In1.Cu
  6
CONTINUOUS
100
AcDbLine
 10
7.3449712992125979
 20
-3.2424858661417324
 30
0
 11
7.34497062992126
 21
-3.2424852755905511
 31
0
  0
LINE
  5
E48
330
1F
100
AcDbEntity
  8
In1.Cu
  6
CONTINUOUS
100
AcDbLine
 10
7.34497062992126
 20
-3.2424852755905511
 30
0
 11
7.3397341338582676
 21
-3.238367244094488
 31
0
  0
LINE
  5
E49
330
1F
100
AcDbEntity
  8
In1.Cu
  6
CONTINUOUS
100
AcDbLine
 10
7.3397341338582676
 20
-3.238367244094488
 30
0
 11
7.3397331496062987
 21
-3.2383665354330708
 31
0
  0
LINE
  5
E4A
330
1F
100
AcDbEntity
  8
In1.Cu
  6
CONTINUOUS
100
AcDbLine
 10
7.3397331496062987
 20
-3.2383665354330708
 30
0
 11
7.3397326771653546
 21
-3.2383661417322833
 31
0
  0
LINE
  5
E4B
330
1F
100
AcDbEntity
  8
In1.Cu
  6
CONTINUOUS
100
AcDbLine
 10
7.3397326771653546
 20
-3.2383661417322833
 30
0
 11
7.3380817322834648
 21
-3.2371905118110234
 31
0
  0
LINE
  5
E4C
330
1F
100
AcDbEntity
  8
In1.Cu
  6
CONTINUOUS
100
AcDbLine
 10
7.3380817322834648
 20
-3.2371905118110234
 30
0
 11
7.3343046456692909
 21
-3.2345008267716535
 31
0
  0
LINE
  5
E4D
330
1F
100
AcDbEntity
  8
In1.Cu
  6
CONTINUOUS
100
AcDbLine
 10
7.3343046456692909
 20
-3.2345008267716535
 30
0
 11
7.3343033858267717
 21
-3.2344999999999997
 31
0
  0
LINE
  5
E4E
330
1F
100
AcDbEntity
  8
In1.Cu
  6
CONTINUOUS
100
AcDbLine
 10
7.3343033858267717
 20
-3.2344999999999997
 30
0
 11
7.3286975590551178
 21
-3.2308973622047241
 31
0
  0
LINE
  5
E4F
330
1F
100
AcDbEntity
  8
In1.Cu
  6
CONTINUOUS
100
AcDbLine
 10
7.3286975590551178
 20
-3.2308973622047241
 30
0
 11
7.3286974409448815
 21
-3.2308972834645671
 31
0
  0
LINE
  5
E50
330
1F
100
AcDbEntity
  8
In1.Cu
  6
CONTINUOUS
100
AcDbLine
 10
7.3286974409448815
 20
-3.2308972834645671
 30
0
 11
7.3229272440944877
 21
-3.2275659055118111
 31
0
  0
LINE
  5
E51
330
1F
100
AcDbEntity
  8
In1.Cu
  6
CONTINUOUS
100
AcDbLine
 10
7.3229272440944877
 20
-3.2275659055118111
 30
0
 11
7.3229262992125985
 21
-3.2275653543307086
 31
0
  0
LINE
  5
E52
330
1F
100
AcDbEntity
  8
In1.Cu
  6
CONTINUOUS
100
AcDbLine
 10
7.3229262992125985
 20
-3.2275653543307086
 30
0
 11
7.3229256299212597
 21
-3.2275649999999998
 31
0
  0
LINE
  5
E53
330
1F
100
AcDbEntity
  8
In1.Cu
  6
CONTINUOUS
100
AcDbLine
 10
7.3229256299212597
 20
-3.2275649999999998
 30
0
 11
7.3170033070866136
 21
-3.2245117716535434
 31
0
  0
LINE
  5
E54
330
1F
100
AcDbEntity
  8
In1.Cu
  6
CONTINUOUS
100
AcDbLine
 10
7.3170033070866136
 20
-3.2245117716535434
 30
0
 11
7.3109407874015746
 21
-3.2217431496062989
 31
0
  0
LINE
  5
E55
330
1F
100
AcDbEntity
  8
In1.Cu
  6
CONTINUOUS
100
AcDbLine
 10
7.3109407874015746
 20
-3.2217431496062989
 30
0
 11
7.3047548425196851
 21
-3.2192666141732285
 31
0
  0
LINE
  5
E56
330
1F
100
AcDbEntity
  8
In1.Cu
  6
CONTINUOUS
100
AcDbLine
 10
7.3047548425196851
 20
-3.2192666141732285
 30
0
 11
7.3047543307086613
 21
-3.2192664566929134
 31
0
  0
LINE
  5
E57
330
1F
100
AcDbEntity
  8
In1.Cu
  6
CONTINUOUS
100
AcDbLine
 10
7.3047543307086613
 20
-3.2192664566929134
 30
0
 11
7.3047538582677163
 21
-3.2192662598425197
 31
0
  0
LINE
  5
E58
330
1F
100
AcDbEntity
  8
In1.Cu
  6
CONTINUOUS
100
AcDbLine
 10
7.3047538582677163
 20
-3.2192662598425197
 30
0
 11
7.3005534645669288
 21
-3.2178124803149606
 31
0
  0
LINE
  5
E59
330
1F
100
AcDbEntity
  8
In1.Cu
  6
CONTINUOUS
100
AcDbLine
 10
7.3005534645669288
 20
-3.2178124803149606
 30
0
 11
7.2984563385826773
 21
-3.2170866535433071
 31
0
  0
LINE
  5
E5A
330
1F
100
AcDbEntity
  8
In1.Cu
  6
CONTINUOUS
100
AcDbLine
 10
7.2984563385826773
 20
-3.2170866535433071
 30
0
 11
7.292061968503937
 21
-3.2152090551181103
 31
0
  0
LINE
  5
E5B
330
1F
100
AcDbEntity
  8
In1.Cu
  6
CONTINUOUS
100
AcDbLine
 10
7.292061968503937
 20
-3.2152090551181103
 30
0
 11
7.2920620078740157
 21
-3.2152090551181103
 31
0
  0
LINE
  5
E5C
330
1F
100
AcDbEntity
  8
In1.Cu
  6
CONTINUOUS
100
AcDbLine
 10
7.2920620078740157
 20
-3.2152090551181103
 30
0
 11
7.2855851574803152
 21
-3.2136378346456693
 31
0
  0
LINE
  5
E5D
330
1F
100
AcDbEntity
  8
In1.Cu
  6
CONTINUOUS
100
AcDbLine
 10
7.2855851574803152
 20
-3.2136378346456693
 30
0
 11
7.2790418503937007
 21
-3.2123767322834644
 31
0
  0
LINE
  5
E5E
330
1F
100
AcDbEntity
  8
In1.Cu
  6
CONTINUOUS
100
AcDbLine
 10
7.2790418503937007
 20
-3.2123767322834644
 30
0
 11
7.2790416535433069
 21
-3.2123766929133857
 31
0
  0
LINE
  5
E5F
330
1F
100
AcDbEntity
  8
In1.Cu
  6
CONTINUOUS
100
AcDbLine
 10
7.2790416535433069
 20
-3.2123766929133857
 30
0
 11
7.2790414173228344
 21
-3.2123766535433069
 31
0
  0
LINE
  5
E60
330
1F
100
AcDbEntity
  8
In1.Cu
  6
CONTINUOUS
100
AcDbLine
 10
7.2790414173228344
 20
-3.2123766535433069
 30
0
 11
7.2790411023622044
 21
-3.2123765748031494
 31
0
  0
LINE
  5
E61
330
1F
100
AcDbEntity
  8
In1.Cu
  6
CONTINUOUS
100
AcDbLine
 10
7.2790411023622044
 20
-3.2123765748031494
 30
0
 11
7.2790404330708656
 21
-3.2123764960629919
 31
0
  0
LINE
  5
E62
330
1F
100
AcDbEntity
  8
In1.Cu
  6
CONTINUOUS
100
AcDbLine
 10
7.2790404330708656
 20
-3.2123764960629919
 30
0
 11
7.2724455511811019
 21
-3.2114283070866141
 31
0
  0
LINE
  5
E63
330
1F
100
AcDbEntity
  8
In1.Cu
  6
CONTINUOUS
100
AcDbLine
 10
7.2724455511811019
 20
-3.2114283070866141
 30
0
 11
7.2724452755905507
 21
-3.2114282677165353
 31
0
  0
LINE
  5
E64
330
1F
100
AcDbEntity
  8
In1.Cu
  6
CONTINUOUS
100
AcDbLine
 10
7.2724452755905507
 20
-3.2114282677165353
 30
0
 11
7.2724449606299215
 21
-3.2114282283464566
 31
0
  0
LINE
  5
E65
330
1F
100
AcDbEntity
  8
In1.Cu
  6
CONTINUOUS
100
AcDbLine
 10
7.2724449606299215
 20
-3.2114282283464566
 30
0
 11
7.272444566929134
 21
-3.2114281889763778
 31
0
  0
LINE
  5
E66
330
1F
100
AcDbEntity
  8
In1.Cu
  6
CONTINUOUS
100
AcDbLine
 10
7.272444566929134
 20
-3.2114281889763778
 30
0
 11
7.2724438976377952
 21
-3.2114281102362203
 31
0
  0
LINE
  5
E67
330
1F
100
AcDbEntity
  8
In1.Cu
  6
CONTINUOUS
100
AcDbLine
 10
7.2724438976377952
 20
-3.2114281102362203
 30
0
 11
7.2658124015748031
 21
-3.2107948425196851
 31
0
  0
LINE
  5
E68
330
1F
100
AcDbEntity
  8
In1.Cu
  6
CONTINUOUS
100
AcDbLine
 10
7.2658124015748031
 20
-3.2107948425196851
 30
0
 11
7.2658114960629918
 21
-3.2107947637795275
 31
0
  0
LINE
  5
E69
330
1F
100
AcDbEntity
  8
In1.Cu
  6
CONTINUOUS
100
AcDbLine
 10
7.2658114960629918
 20
-3.2107947637795275
 30
0
 11
7.2658109448818893
 21
-3.2107947244094488
 31
0
  0
LINE
  5
E6A
330
1F
100
AcDbEntity
  8
In1.Cu
  6
CONTINUOUS
100
AcDbLine
 10
7.2658109448818893
 20
-3.2107947244094488
 30
0
 11
7.265810826771653
 21
-3.2107947244094488
 31
0
  0
LINE
  5
E6B
330
1F
100
AcDbEntity
  8
In1.Cu
  6
CONTINUOUS
100
AcDbLine
 10
7.265810826771653
 20
-3.2107947244094488
 30
0
 11
7.2591540944881885
 21
-3.2104776377952757
 31
0
  0
LINE
  5
E6C
330
1F
100
AcDbEntity
  8
In1.Cu
  6
CONTINUOUS
100
AcDbLine
 10
7.2591540944881885
 20
-3.2104776377952757
 30
0
 11
7.2524897637795274
 21
-3.2104776377952757
 31
0
  0
LINE
  5
E6D
330
1F
100
AcDbEntity
  8
In1.Cu
  6
CONTINUOUS
100
AcDbLine
 10
7.2524897637795274
 20
-3.2104776377952757
 30
0
 11
7.2458330314960628
 21
-3.2107947244094488
 31
0
  0
LINE
  5
E6E
330
1F
100
AcDbEntity
  8
In1.Cu
  6
CONTINUOUS
100
AcDbLine
 10
5.4864450393700785
 20
-3.4428509055118108
 30
0
 11
5.4869251968503931
 21
-3.4446428740157478
 31
0
  0
LINE
  5
E6F
330
1F
100
AcDbEntity
  8
In1.Cu
  6
CONTINUOUS
100
AcDbLine
 10
5.4869251968503931
 20
-3.4446428740157478
 30
0
 11
5.4876049212598428
 21
-3.4471796062992124
 31
0
  0
LINE
  5
E70
330
1F
100
AcDbEntity
  8
In1.Cu
  6
CONTINUOUS
100
AcDbLine
 10
5.4876049212598428
 20
-3.4471796062992124
 30
0
 11
5.487605039370079
 21
-3.4471798031496061
 31
0
  0
LINE
  5
E71
330
1F
100
AcDbEntity
  8
In1.Cu
  6
CONTINUOUS
100
AcDbLine
 10
5.487605039370079
 20
-3.4471798031496061
 30
0
 11
5.4898453937007874
 21
-3.4510602755905513
 31
0
  0
LINE
  5
E72
330
1F
100
AcDbEntity
  8
In1.Cu
  6
CONTINUOUS
100
AcDbLine
 10
5.4898453937007874
 20
-3.4510602755905513
 30
0
 11
5.4898455511811024
 21
-3.4510604724409446
 31
0
  0
LINE
  5
E73
330
1F
100
AcDbEntity
  8
In1.Cu
  6
CONTINUOUS
100
AcDbLine
 10
5.4898455511811024
 20
-3.4510604724409446
 30
0
 11
5.4898455905511812
 21
-3.4510605511811021
 31
0
  0
LINE
  5
E74
330
1F
100
AcDbEntity
  8
In1.Cu
  6
CONTINUOUS
100
AcDbLine
 10
5.4898455905511812
 20
-3.4510605511811021
 30
0
 11
5.4930144094488185
 21
-3.4542293700787399
 31
0
  0
LINE
  5
E75
330
1F
100
AcDbEntity
  8
In1.Cu
  6
CONTINUOUS
100
AcDbLine
 10
5.4930144094488185
 20
-3.4542293700787399
 30
0
 11
5.493014488188976
 21
-3.4542294094488186
 31
0
  0
LINE
  5
E76
330
1F
100
AcDbEntity
  8
In1.Cu
  6
CONTINUOUS
100
AcDbLine
 10
5.493014488188976
 20
-3.4542294094488186
 30
0
 11
5.493014645669291
 21
-3.4542295275590549
 31
0
  0
LINE
  5
E77
330
1F
100
AcDbEntity
  8
In1.Cu
  6
CONTINUOUS
100
AcDbLine
 10
5.493014645669291
 20
-3.4542295275590549
 30
0
 11
5.4968951181102357
 21
-3.4564698818897637
 31
0
  0
LINE
  5
E78
330
1F
100
AcDbEntity
  8
In1.Cu
  6
CONTINUOUS
100
AcDbLine
 10
5.4968951181102357
 20
-3.4564698818897637
 30
0
 11
5.4968953937007869
 21
-3.4564700393700787
 31
0
  0
LINE
  5
E79
330
1F
100
AcDbEntity
  8
In1.Cu
  6
CONTINUOUS
100
AcDbLine
 10
5.4968953937007869
 20
-3.4564700393700787
 30
0
 11
5.5012240551181097
 21
-3.4576299212598425
 31
0
  0
LINE
  5
E7A
330
1F
100
AcDbEntity
  8
In1.Cu
  6
CONTINUOUS
100
AcDbLine
 10
5.5012240551181097
 20
-3.4576299212598425
 30
0
 11
5.5012241338582673
 21
-3.4576299212598425
 31
0
  0
LINE
  5
E7B
330
1F
100
AcDbEntity
  8
In1.Cu
  6
CONTINUOUS
100
AcDbLine
 10
5.5012241338582673
 20
-3.4576299212598425
 30
0
 11
5.5057053149606299
 21
-3.4576299212598425
 31
0
  0
LINE
  5
E7C
330
1F
100
AcDbEntity
  8
In1.Cu
  6
CONTINUOUS
100
AcDbLine
 10
5.5057053149606299
 20
-3.4576299212598425
 30
0
 11
5.5057053937007874
 21
-3.4576299212598425
 31
0
  0
LINE
  5
E7D
330
1F
100
AcDbEntity
  8
In1.Cu
  6
CONTINUOUS
100
AcDbLine
 10
5.5057053937007874
 20
-3.4576299212598425
 30
0
 11
5.5100340551181102
 21
-3.4564700393700787
 31
0
  0
LINE
  5
E7E
330
1F
100
AcDbEntity
  8
In1.Cu
  6
CONTINUOUS
100
AcDbLine
 10
5.5100340551181102
 20
-3.4564700393700787
 30
0
 11
5.5139150393700787
 21
-3.4542293700787399
 31
0
  0
LINE
  5
E7F
330
1F
100
AcDbEntity
  8
In1.Cu
  6
CONTINUOUS
100
AcDbLine
 10
5.5139150393700787
 20
-3.4542293700787399
 30
0
 11
5.517083858267716
 21
-3.4510605511811021
 31
0
  0
LINE
  5
E80
330
1F
100
AcDbEntity
  8
In1.Cu
  6
CONTINUOUS
100
AcDbLine
 10
5.517083858267716
 20
-3.4510605511811021
 30
0
 11
5.5193245275590552
 21
-3.4471795669291336
 31
0
  0
LINE
  5
E81
330
1F
100
AcDbEntity
  8
In1.Cu
  6
CONTINUOUS
100
AcDbLine
 10
5.5193245275590552
 20
-3.4471795669291336
 30
0
 11
5.5204844094488186
 21
-3.4428509055118108
 31
0
  0
LINE
  5
E82
330
1F
100
AcDbEntity
  8
In1.Cu
  6
CONTINUOUS
100
AcDbLine
 10
5.5204844094488186
 20
-3.4428509055118108
 30
0
 11
5.5204844094488186
 21
-3.4383695669291336
 31
0
  0
LINE
  5
E83
330
1F
100
AcDbEntity
  8
In1.Cu
  6
CONTINUOUS
100
AcDbLine
 10
5.5204844094488186
 20
-3.4383695669291336
 30
0
 11
5.5193245275590552
 21
-3.4340409055118108
 31
0
  0
LINE
  5
E84
330
1F
100
AcDbEntity
  8
In1.Cu
  6
CONTINUOUS
100
AcDbLine
 10
5.5193245275590552
 20
-3.4340409055118108
 30
0
 11
5.5193243700787402
 21
-3.4340406299212596
 31
0
  0
LINE
  5
E85
330
1F
100
AcDbEntity
  8
In1.Cu
  6
CONTINUOUS
100
AcDbLine
 10
5.5193243700787402
 20
-3.4340406299212596
 30
0
 11
5.517084015748031
 21
-3.4301601574803149
 31
0
  0
LINE
  5
E86
330
1F
100
AcDbEntity
  8
In1.Cu
  6
CONTINUOUS
100
AcDbLine
 10
5.517084015748031
 20
-3.4301601574803149
 30
0
 11
5.5170837795275594
 21
-3.4301598425196849
 31
0
  0
LINE
  5
E87
330
1F
100
AcDbEntity
  8
In1.Cu
  6
CONTINUOUS
100
AcDbLine
 10
5.5170837795275594
 20
-3.4301598425196849
 30
0
 11
5.5139150787401574
 21
-3.4269911417322834
 31
0
  0
LINE
  5
E88
330
1F
100
AcDbEntity
  8
In1.Cu
  6
CONTINUOUS
100
AcDbLine
 10
5.5139150787401574
 20
-3.4269911417322834
 30
0
 11
5.5139147637795274
 21
-3.4269909055118108
 31
0
  0
LINE
  5
E89
330
1F
100
AcDbEntity
  8
In1.Cu
  6
CONTINUOUS
100
AcDbLine
 10
5.5139147637795274
 20
-3.4269909055118108
 30
0
 11
5.5100342913385827
 21
-3.4247505511811025
 31
0
  0
LINE
  5
E8A
330
1F
100
AcDbEntity
  8
In1.Cu
  6
CONTINUOUS
100
AcDbLine
 10
5.5100342913385827
 20
-3.4247505511811025
 30
0
 11
5.5100340944881889
 21
-3.4247504330708662
 31
0
  0
LINE
  5
E8B
330
1F
100
AcDbEntity
  8
In1.Cu
  6
CONTINUOUS
100
AcDbLine
 10
5.5100340944881889
 20
-3.4247504330708662
 30
0
 11
5.5085911417322837
 21
-3.424363779527559
 31
0
  0
LINE
  5
E8C
330
1F
100
AcDbEntity
  8
In1.Cu
  6
CONTINUOUS
100
AcDbLine
 10
5.5085911417322837
 20
-3.424363779527559
 30
0
 11
5.5057053937007874
 21
-3.4235905511811024
 31
0
  0
LINE
  5
E8D
330
1F
100
AcDbEntity
  8
In1.Cu
  6
CONTINUOUS
100
AcDbLine
 10
5.5057053937007874
 20
-3.4235905511811024
 30
0
 11
5.5012240551181097
 21
-3.4235905511811024
 31
0
  0
LINE
  5
E8E
330
1F
100
AcDbEntity
  8
In1.Cu
  6
CONTINUOUS
100
AcDbLine
 10
5.5012240551181097
 20
-3.4235905511811024
 30
0
 11
5.4990597244094488
 21
-3.4241704724409447
 31
0
  0
LINE
  5
E8F
330
1F
100
AcDbEntity
  8
In1.Cu
  6
CONTINUOUS
100
AcDbLine
 10
5.4990597244094488
 20
-3.4241704724409447
 30
0
 11
5.4968953149606294
 21
-3.4247504330708662
 31
0
  0
LINE
  5
E90
330
1F
100
AcDbEntity
  8
In1.Cu
  6
CONTINUOUS
100
AcDbLine
 10
5.4968953149606294
 20
-3.4247504330708662
 30
0
 11
5.4968951181102357
 21
-3.4247505511811025
 31
0
  0
LINE
  5
E91
330
1F
100
AcDbEntity
  8
In1.Cu
  6
CONTINUOUS
100
AcDbLine
 10
5.4968951181102357
 20
-3.4247505511811025
 30
0
 11
5.493014645669291
 21
-3.4269909055118108
 31
0
  0
LINE
  5
E92
330
1F
100
AcDbEntity
  8
In1.Cu
  6
CONTINUOUS
100
AcDbLine
 10
5.493014645669291
 20
-3.4269909055118108
 30
0
 11
5.493014330708661
 21
-3.4269911417322834
 31
0
  0
LINE
  5
E93
330
1F
100
AcDbEntity
  8
In1.Cu
  6
CONTINUOUS
100
AcDbLine
 10
5.493014330708661
 20
-3.4269911417322834
 30
0
 11
5.4898456299212599
 21
-3.4301598425196849
 31
0
  0
LINE
  5
E94
330
1F
100
AcDbEntity
  8
In1.Cu
  6
CONTINUOUS
100
AcDbLine
 10
5.4898456299212599
 20
-3.4301598425196849
 30
0
 11
5.4898453937007874
 21
-3.4301601574803149
 31
0
  0
LINE
  5
E95
330
1F
100
AcDbEntity
  8
In1.Cu
  6
CONTINUOUS
100
AcDbLine
 10
5.4898453937007874
 20
-3.4301601574803149
 30
0
 11
5.487605039370079
 21
-3.4340406299212596
 31
0
  0
LINE
  5
E96
330
1F
100
AcDbEntity
  8
In1.Cu
  6
CONTINUOUS
100
AcDbLine
 10
5.487605039370079
 20
-3.4340406299212596
 30
0
 11
5.4876049212598428
 21
-3.4340408267716533
 31
0
  0
LINE
  5
E97
330
1F
100
AcDbEntity
  8
In1.Cu
  6
CONTINUOUS
100
AcDbLine
 10
5.4876049212598428
 20
-3.4340408267716533
 30
0
 11
5.486831653543307
 21
-3.4369266535433072
 31
0
  0
LINE
  5
E98
330
1F
100
AcDbEntity
  8
In1.Cu
  6
CONTINUOUS
100
AcDbLine
 10
5.486831653543307
 20
-3.4369266535433072
 30
0
 11
5.4864450393700785
 21
-3.4383695669291336
 31
0
  0
LINE
  5
E99
330
1F
100
AcDbEntity
  8
In1.Cu
  6
CONTINUOUS
100
AcDbLine
 10
5.4864450393700785
 20
-3.4383695669291336
 30
0
 11
5.4864450393700785
 21
-3.4428509055118108
 31
0
  0
LINE
  5
E9A
330
1F
100
AcDbEntity
  8
In1.Cu
  6
CONTINUOUS
100
AcDbLine
 10
5.6596734251968499
 20
-3.4428509055118108
 30
0
 11
5.6601535826771654
 21
-3.4446428740157478
 31
0
  0
LINE
  5
E9B
330
1F
100
AcDbEntity
  8
In1.Cu
  6
CONTINUOUS
100
AcDbLine
 10
5.6601535826771654
 20
-3.4446428740157478
 30
0
 11
5.6608333070866141
 21
-3.4471796062992124
 31
0
  0
LINE
  5
E9C
330
1F
100
AcDbEntity
  8
In1.Cu
  6
CONTINUOUS
100
AcDbLine
 10
5.6608333070866141
 20
-3.4471796062992124
 30
0
 11
5.6608334251968504
 21
-3.4471798031496061
 31
0
  0
LINE
  5
E9D
330
1F
100
AcDbEntity
  8
In1.Cu
  6
CONTINUOUS
100
AcDbLine
 10
5.6608334251968504
 20
-3.4471798031496061
 30
0
 11
5.6630737795275587
 21
-3.4510602755905513
 31
0
  0
LINE
  5
E9E
330
1F
100
AcDbEntity
  8
In1.Cu
  6
CONTINUOUS
100
AcDbLine
 10
5.6630737795275587
 20
-3.4510602755905513
 30
0
 11
5.6630739370078738
 21
-3.4510604724409446
 31
0
  0
LINE
  5
E9F
330
1F
100
AcDbEntity
  8
In1.Cu
  6
CONTINUOUS
100
AcDbLine
 10
5.6630739370078738
 20
-3.4510604724409446
 30
0
 11
5.6630739763779525
 21
-3.4510605511811021
 31
0
  0
LINE
  5
EA0
330
1F
100
AcDbEntity
  8
In1.Cu
  6
CONTINUOUS
100
AcDbLine
 10
5.6630739763779525
 20
-3.4510605511811021
 30
0
 11
5.6662427952755907
 21
-3.4542293700787399
 31
0
  0
LINE
  5
EA1
330
1F
100
AcDbEntity
  8
In1.Cu
  6
CONTINUOUS
100
AcDbLine
 10
5.6662427952755907
 20
-3.4542293700787399
 30
0
 11
5.6662428740157482
 21
-3.4542294094488186
 31
0
  0
LINE
  5
EA2
330
1F
100
AcDbEntity
  8
In1.Cu
  6
CONTINUOUS
100
AcDbLine
 10
5.6662428740157482
 20
-3.4542294094488186
 30
0
 11
5.6662430314960632
 21
-3.4542295275590549
 31
0
  0
LINE
  5
EA3
330
1F
100
AcDbEntity
  8
In1.Cu
  6
CONTINUOUS
100
AcDbLine
 10
5.6662430314960632
 20
-3.4542295275590549
 30
0
 11
5.6701235039370079
 21
-3.4564698818897637
 31
0
  0
LINE
  5
EA4
330
1F
100
AcDbEntity
  8
In1.Cu
  6
CONTINUOUS
100
AcDbLine
 10
5.6701235039370079
 20
-3.4564698818897637
 30
0
 11
5.6701237795275592
 21
-3.4564700393700787
 31
0
  0
LINE
  5
EA5
330
1F
100
AcDbEntity
  8
In1.Cu
  6
CONTINUOUS
100
AcDbLine
 10
5.6701237795275592
 20
-3.4564700393700787
 30
0
 11
5.674452440944882
 21
-3.4576299212598425
 31
0
  0
LINE
  5
EA6
330
1F
100
AcDbEntity
  8
In1.Cu
  6
CONTINUOUS
100
AcDbLine
 10
5.674452440944882
 20
-3.4576299212598425
 30
0
 11
5.6744525196850395
 21
-3.4576299212598425
 31
0
  0
LINE
  5
EA7
330
1F
100
AcDbEntity
  8
In1.Cu
  6
CONTINUOUS
100
AcDbLine
 10
5.6744525196850395
 20
-3.4576299212598425
 30
0
 11
5.6789337007874012
 21
-3.4576299212598425
 31
0
  0
LINE
  5
EA8
330
1F
100
AcDbEntity
  8
In1.Cu
  6
CONTINUOUS
100
AcDbLine
 10
5.6789337007874012
 20
-3.4576299212598425
 30
0
 11
5.6789337795275587
 21
-3.4576299212598425
 31
0
  0
LINE
  5
EA9
330
1F
100
AcDbEntity
  8
In1.Cu
  6
CONTINUOUS
100
AcDbLine
 10
5.6789337795275587
 20
-3.4576299212598425
 30
0
 11
5.6832624409448815
 21
-3.4564700393700787
 31
0
  0
LINE
  5
EAA
330
1F
100
AcDbEntity
  8
In1.Cu
  6
CONTINUOUS
100
AcDbLine
 10
5.6832624409448815
 20
-3.4564700393700787
 30
0
 11
5.68714342519685
 21
-3.4542293700787399
 31
0
  0
LINE
  5
EAB
330
1F
100
AcDbEntity
  8
In1.Cu
  6
CONTINUOUS
100
AcDbLine
 10
5.68714342519685
 20
-3.4542293700787399
 30
0
 11
5.6903122440944882
 21
-3.4510605511811021
 31
0
  0
LINE
  5
EAC
330
1F
100
AcDbEntity
  8
In1.Cu
  6
CONTINUOUS
100
AcDbLine
 10
5.6903122440944882
 20
-3.4510605511811021
 30
0
 11
5.6925529133858266
 21
-3.4471795669291336
 31
0
  0
LINE
  5
EAD
330
1F
100
AcDbEntity
  8
In1.Cu
  6
CONTINUOUS
100
AcDbLine
 10
5.6925529133858266
 20
-3.4471795669291336
 30
0
 11
5.6937127952755908
 21
-3.4428509055118108
 31
0
  0
LINE
  5
EAE
330
1F
100
AcDbEntity
  8
In1.Cu
  6
CONTINUOUS
100
AcDbLine
 10
5.6937127952755908
 20
-3.4428509055118108
 30
0
 11
5.6937127952755908
 21
-3.4383695669291336
 31
0
  0
LINE
  5
EAF
330
1F
100
AcDbEntity
  8
In1.Cu
  6
CONTINUOUS
100
AcDbLine
 10
5.6937127952755908
 20
-3.4383695669291336
 30
0
 11
5.6926410236220475
 21
-3.4343698031496062
 31
0
  0
LINE
  5
EB0
330
1F
100
AcDbEntity
  8
In1.Cu
  6
CONTINUOUS
100
AcDbLine
 10
5.6926410236220475
 20
-3.4343698031496062
 30
0
 11
5.69261562992126
 21
-3.4342750393700787
 31
0
  0
LINE
  5
EB1
330
1F
100
AcDbEntity
  8
In1.Cu
  6
CONTINUOUS
100
AcDbLine
 10
5.69261562992126
 20
-3.4342750393700787
 30
0
 11
5.6925529527559053
 21
-3.4340410629921259
 31
0
  0
LINE
  5
EB2
330
1F
100
AcDbEntity
  8
In1.Cu
  6
CONTINUOUS
100
AcDbLine
 10
5.6925529527559053
 20
-3.4340410629921259
 30
0
 11
5.6925529133858266
 21
-3.4340409055118108
 31
0
  0
LINE
  5
EB3
330
1F
100
AcDbEntity
  8
In1.Cu
  6
CONTINUOUS
100
AcDbLine
 10
5.6925529133858266
 20
-3.4340409055118108
 30
0
 11
5.6925527559055116
 21
-3.4340406299212596
 31
0
  0
LINE
  5
EB4
330
1F
100
AcDbEntity
  8
In1.Cu
  6
CONTINUOUS
100
AcDbLine
 10
5.6925527559055116
 20
-3.4340406299212596
 30
0
 11
5.6903124015748032
 21
-3.4301601574803149
 31
0
  0
LINE
  5
EB5
330
1F
100
AcDbEntity
  8
In1.Cu
  6
CONTINUOUS
100
AcDbLine
 10
5.6903124015748032
 20
-3.4301601574803149
 30
0
 11
5.6903121653543307
 21
-3.4301598425196849
 31
0
  0
LINE
  5
EB6
330
1F
100
AcDbEntity
  8
In1.Cu
  6
CONTINUOUS
100
AcDbLine
 10
5.6903121653543307
 20
-3.4301598425196849
 30
0
 11
5.6871434645669288
 21
-3.4269911417322834
 31
0
  0
LINE
  5
EB7
330
1F
100
AcDbEntity
  8
In1.Cu
  6
CONTINUOUS
100
AcDbLine
 10
5.6871434645669288
 20
-3.4269911417322834
 30
0
 11
5.6871431496062987
 21
-3.4269909055118108
 31
0
  0
LINE
  5
EB8
330
1F
100
AcDbEntity
  8
In1.Cu
  6
CONTINUOUS
100
AcDbLine
 10
5.6871431496062987
 20
-3.4269909055118108
 30
0
 11
5.683262677165354
 21
-3.4247505511811025
 31
0
  0
LINE
  5
EB9
330
1F
100
AcDbEntity
  8
In1.Cu
  6
CONTINUOUS
100
AcDbLine
 10
5.683262677165354
 20
-3.4247505511811025
 30
0
 11
5.6832624803149603
 21
-3.4247504330708662
 31
0
  0
LINE
  5
EBA
330
1F
100
AcDbEntity
  8
In1.Cu
  6
CONTINUOUS
100
AcDbLine
 10
5.6832624803149603
 20
-3.4247504330708662
 30
0
 11
5.6818195275590551
 21
-3.424363779527559
 31
0
  0
LINE
  5
EBB
330
1F
100
AcDbEntity
  8
In1.Cu
  6
CONTINUOUS
100
AcDbLine
 10
5.6818195275590551
 20
-3.424363779527559
 30
0
 11
5.6789337795275587
 21
-3.4235905511811024
 31
0
  0
LINE
  5
EBC
330
1F
100
AcDbEntity
  8
In1.Cu
  6
CONTINUOUS
100
AcDbLine
 10
5.6789337795275587
 20
-3.4235905511811024
 30
0
 11
5.674452440944882
 21
-3.4235905511811024
 31
0
  0
LINE
  5
EBD
330
1F
100
AcDbEntity
  8
In1.Cu
  6
CONTINUOUS
100
AcDbLine
 10
5.674452440944882
 20
-3.4235905511811024
 30
0
 11
5.6722881102362201
 21
-3.4241704724409447
 31
0
  0
LINE
  5
EBE
330
1F
100
AcDbEntity
  8
In1.Cu
  6
CONTINUOUS
100
AcDbLine
 10
5.6722881102362201
 20
-3.4241704724409447
 30
0
 11
5.6701237007874017
 21
-3.4247504330708662
 31
0
  0
LINE
  5
EBF
330
1F
100
AcDbEntity
  8
In1.Cu
  6
CONTINUOUS
100
AcDbLine
 10
5.6701237007874017
 20
-3.4247504330708662
 30
0
 11
5.6701235039370079
 21
-3.4247505511811025
 31
0
  0
LINE
  5
EC0
330
1F
100
AcDbEntity
  8
In1.Cu
  6
CONTINUOUS
100
AcDbLine
 10
5.6701235039370079
 20
-3.4247505511811025
 30
0
 11
5.6662430314960632
 21
-3.4269909055118108
 31
0
  0
LINE
  5
EC1
330
1F
100
AcDbEntity
  8
In1.Cu
  6
CONTINUOUS
100
AcDbLine
 10
5.6662430314960632
 20
-3.4269909055118108
 30
0
 11
5.6662427165354332
 21
-3.4269911417322834
 31
0
  0
LINE
  5
EC2
330
1F
100
AcDbEntity
  8
In1.Cu
  6
CONTINUOUS
100
AcDbLine
 10
5.6662427165354332
 20
-3.4269911417322834
 30
0
 11
5.6630740157480313
 21
-3.4301598425196849
 31
0
  0
LINE
  5
EC3
330
1F
100
AcDbEntity
  8
In1.Cu
  6
CONTINUOUS
100
AcDbLine
 10
5.6630740157480313
 20
-3.4301598425196849
 30
0
 11
5.6630737795275587
 21
-3.4301601574803149
 31
0
  0
LINE
  5
EC4
330
1F
100
AcDbEntity
  8
In1.Cu
  6
CONTINUOUS
100
AcDbLine
 10
5.6630737795275587
 20
-3.4301601574803149
 30
0
 11
5.6608334251968504
 21
-3.4340406299212596
 31
0
  0
LINE
  5
EC5
330
1F
100
AcDbEntity
  8
In1.Cu
  6
CONTINUOUS
100
AcDbLine
 10
5.6608334251968504
 20
-3.4340406299212596
 30
0
 11
5.6608333070866141
 21
-3.4340408267716533
 31
0
  0
LINE
  5
EC6
330
1F
100
AcDbEntity
  8
In1.Cu
  6
CONTINUOUS
100
AcDbLine
 10
5.6608333070866141
 20
-3.4340408267716533
 30
0
 11
5.6600600393700784
 21
-3.4369266535433072
 31
0
  0
LINE
  5
EC7
330
1F
100
AcDbEntity
  8
In1.Cu
  6
CONTINUOUS
100
AcDbLine
 10
5.6600600393700784
 20
-3.4369266535433072
 30
0
 11
5.6596734251968499
 21
-3.4383695669291336
 31
0
  0
LINE
  5
EC8
330
1F
100
AcDbEntity
  8
In1.Cu
  6
CONTINUOUS
100
AcDbLine
 10
5.6596734251968499
 20
-3.4383695669291336
 30
0
 11
5.6596734251968499
 21
-3.4428509055118108
 31
0
  0
LINE
  5
EC9
330
1F
100
AcDbEntity
  8
In1.Cu
  6
CONTINUOUS
100
AcDbLine
 10
6.4211300787401573
 20
-3.4387563779527559
 30
0
 11
6.4219033070866143
 21
-3.4416421259842518
 31
0
  0
LINE
  5
ECA
330
1F
100
AcDbEntity
  8
In1.Cu
  6
CONTINUOUS
100
AcDbLine
 10
6.4219033070866143
 20
-3.4416421259842518
 30
0
 11
6.4222899606299215
 21
-3.4430850787401575
 31
0
  0
LINE
  5
ECB
330
1F
100
AcDbEntity
  8
In1.Cu
  6
CONTINUOUS
100
AcDbLine
 10
6.4222899606299215
 20
-3.4430850787401575
 30
0
 11
6.4222900787401569
 21
-3.4430852755905512
 31
0
  0
LINE
  5
ECC
330
1F
100
AcDbEntity
  8
In1.Cu
  6
CONTINUOUS
100
AcDbLine
 10
6.4222900787401569
 20
-3.4430852755905512
 30
0
 11
6.4245304330708661
 21
-3.4469657480314959
 31
0
  0
LINE
  5
ECD
330
1F
100
AcDbEntity
  8
In1.Cu
  6
CONTINUOUS
100
AcDbLine
 10
6.4245304330708661
 20
-3.4469657480314959
 30
0
 11
6.4245305905511811
 21
-3.4469659448818897
 31
0
  0
LINE
  5
ECE
330
1F
100
AcDbEntity
  8
In1.Cu
  6
CONTINUOUS
100
AcDbLine
 10
6.4245305905511811
 20
-3.4469659448818897
 30
0
 11
6.4245306299212599
 21
-3.4469660236220472
 31
0
  0
LINE
  5
ECF
330
1F
100
AcDbEntity
  8
In1.Cu
  6
CONTINUOUS
100
AcDbLine
 10
6.4245306299212599
 20
-3.4469660236220472
 30
0
 11
6.4276994488188972
 21
-3.4501348425196849
 31
0
  0
LINE
  5
ED0
330
1F
100
AcDbEntity
  8
In1.Cu
  6
CONTINUOUS
100
AcDbLine
 10
6.4276994488188972
 20
-3.4501348425196849
 30
0
 11
6.4276995275590547
 21
-3.4501348818897637
 31
0
  0
LINE
  5
ED1
330
1F
100
AcDbEntity
  8
In1.Cu
  6
CONTINUOUS
100
AcDbLine
 10
6.4276995275590547
 20
-3.4501348818897637
 30
0
 11
6.4276996850393697
 21
-3.450135
 31
0
  0
LINE
  5
ED2
330
1F
100
AcDbEntity
  8
In1.Cu
  6
CONTINUOUS
100
AcDbLine
 10
6.4276996850393697
 20
-3.450135
 30
0
 11
6.4315801574803144
 21
-3.4523753543307087
 31
0
  0
LINE
  5
ED3
330
1F
100
AcDbEntity
  8
In1.Cu
  6
CONTINUOUS
100
AcDbLine
 10
6.4315801574803144
 20
-3.4523753543307087
 30
0
 11
6.4315804330708657
 21
-3.4523755118110238
 31
0
  0
LINE
  5
ED4
330
1F
100
AcDbEntity
  8
In1.Cu
  6
CONTINUOUS
100
AcDbLine
 10
6.4315804330708657
 20
-3.4523755118110238
 30
0
 11
6.4359090944881885
 21
-3.4535353937007871
 31
0
  0
LINE
  5
ED5
330
1F
100
AcDbEntity
  8
In1.Cu
  6
CONTINUOUS
100
AcDbLine
 10
6.4359090944881885
 20
-3.4535353937007871
 30
0
 11
6.435909173228346
 21
-3.4535353937007871
 31
0
  0
LINE
  5
ED6
330
1F
100
AcDbEntity
  8
In1.Cu
  6
CONTINUOUS
100
AcDbLine
 10
6.435909173228346
 20
-3.4535353937007871
 30
0
 11
6.4403903543307086
 21
-3.4535353937007871
 31
0
  0
LINE
  5
ED7
330
1F
100
AcDbEntity
  8
In1.Cu
  6
CONTINUOUS
100
AcDbLine
 10
6.4403903543307086
 20
-3.4535353937007871
 30
0
 11
6.4403904330708661
 21
-3.4535353937007871
 31
0
  0
LINE
  5
ED8
330
1F
100
AcDbEntity
  8
In1.Cu
  6
CONTINUOUS
100
AcDbLine
 10
6.4403904330708661
 20
-3.4535353937007871
 30
0
 11
6.4447190944881889
 21
-3.4523755118110238
 31
0
  0
LINE
  5
ED9
330
1F
100
AcDbEntity
  8
In1.Cu
  6
CONTINUOUS
100
AcDbLine
 10
6.4447190944881889
 20
-3.4523755118110238
 30
0
 11
6.4486000787401574
 21
-3.4501348425196849
 31
0
  0
LINE
  5
EDA
330
1F
100
AcDbEntity
  8
In1.Cu
  6
CONTINUOUS
100
AcDbLine
 10
6.4486000787401574
 20
-3.4501348425196849
 30
0
 11
6.4517688976377947
 21
-3.4469660236220472
 31
0
  0
LINE
  5
EDB
330
1F
100
AcDbEntity
  8
In1.Cu
  6
CONTINUOUS
100
AcDbLine
 10
6.4517688976377947
 20
-3.4469660236220472
 30
0
 11
6.454009566929134
 21
-3.4430850393700787
 31
0
  0
LINE
  5
EDC
330
1F
100
AcDbEntity
  8
In1.Cu
  6
CONTINUOUS
100
AcDbLine
 10
6.454009566929134
 20
-3.4430850393700787
 30
0
 11
6.4551694488188973
 21
-3.4387563779527559
 31
0
  0
LINE
  5
EDD
330
1F
100
AcDbEntity
  8
In1.Cu
  6
CONTINUOUS
100
AcDbLine
 10
6.4551694488188973
 20
-3.4387563779527559
 30
0
 11
6.4551694488188973
 21
-3.4342750393700787
 31
0
  0
LINE
  5
EDE
330
1F
100
AcDbEntity
  8
In1.Cu
  6
CONTINUOUS
100
AcDbLine
 10
6.4551694488188973
 20
-3.4342750393700787
 30
0
 11
6.454009566929134
 21
-3.4299463779527559
 31
0
  0
LINE
  5
EDF
330
1F
100
AcDbEntity
  8
In1.Cu
  6
CONTINUOUS
100
AcDbLine
 10
6.454009566929134
 20
-3.4299463779527559
 30
0
 11
6.454009409448819
 21
-3.4299461023622047
 31
0
  0
LINE
  5
EE0
330
1F
100
AcDbEntity
  8
In1.Cu
  6
CONTINUOUS
100
AcDbLine
 10
6.454009409448819
 20
-3.4299461023622047
 30
0
 11
6.4517690551181097
 21
-3.42606562992126
 31
0
  0
LINE
  5
EE1
330
1F
100
AcDbEntity
  8
In1.Cu
  6
CONTINUOUS
100
AcDbLine
 10
6.4517690551181097
 20
-3.42606562992126
 30
0
 11
6.4517688188976381
 21
-3.4260653149606299
 31
0
  0
LINE
  5
EE2
330
1F
100
AcDbEntity
  8
In1.Cu
  6
CONTINUOUS
100
AcDbLine
 10
6.4517688188976381
 20
-3.4260653149606299
 30
0
 11
6.4486001181102361
 21
-3.4228966141732284
 31
0
  0
LINE
  5
EE3
330
1F
100
AcDbEntity
  8
In1.Cu
  6
CONTINUOUS
100
AcDbLine
 10
6.4486001181102361
 20
-3.4228966141732284
 30
0
 11
6.4485998031496061
 21
-3.4228963779527559
 31
0
  0
LINE
  5
EE4
330
1F
100
AcDbEntity
  8
In1.Cu
  6
CONTINUOUS
100
AcDbLine
 10
6.4485998031496061
 20
-3.4228963779527559
 30
0
 11
6.4447193307086614
 21
-3.4206560236220471
 31
0
  0
LINE
  5
EE5
330
1F
100
AcDbEntity
  8
In1.Cu
  6
CONTINUOUS
100
AcDbLine
 10
6.4447193307086614
 20
-3.4206560236220471
 30
0
 11
6.4447191338582677
 21
-3.4206559055118109
 31
0
  0
LINE
  5
EE6
330
1F
100
AcDbEntity
  8
In1.Cu
  6
CONTINUOUS
100
AcDbLine
 10
6.4447191338582677
 20
-3.4206559055118109
 30
0
 11
6.4432761811023624
 21
-3.4202692519685041
 31
0
  0
LINE
  5
EE7
330
1F
100
AcDbEntity
  8
In1.Cu
  6
CONTINUOUS
100
AcDbLine
 10
6.4432761811023624
 20
-3.4202692519685041
 30
0
 11
6.4403904330708661
 21
-3.4194960236220471
 31
0
  0
LINE
  5
EE8
330
1F
100
AcDbEntity
  8
In1.Cu
  6
CONTINUOUS
100
AcDbLine
 10
6.4403904330708661
 20
-3.4194960236220471
 30
0
 11
6.4359090944881885
 21
-3.4194960236220471
 31
0
  0
LINE
  5
EE9
330
1F
100
AcDbEntity
  8
In1.Cu
  6
CONTINUOUS
100
AcDbLine
 10
6.4359090944881885
 20
-3.4194960236220471
 30
0
 11
6.4337447637795275
 21
-3.4200759448818898
 31
0
  0
LINE
  5
EEA
330
1F
100
AcDbEntity
  8
In1.Cu
  6
CONTINUOUS
100
AcDbLine
 10
6.4337447637795275
 20
-3.4200759448818898
 30
0
 11
6.4315803543307082
 21
-3.4206559055118109
 31
0
  0
LINE
  5
EEB
330
1F
100
AcDbEntity
  8
In1.Cu
  6
CONTINUOUS
100
AcDbLine
 10
6.4315803543307082
 20
-3.4206559055118109
 30
0
 11
6.4315801574803144
 21
-3.4206560236220471
 31
0
  0
LINE
  5
EEC
330
1F
100
AcDbEntity
  8
In1.Cu
  6
CONTINUOUS
100
AcDbLine
 10
6.4315801574803144
 20
-3.4206560236220471
 30
0
 11
6.4276996850393697
 21
-3.4228963779527559
 31
0
  0
LINE
  5
EED
330
1F
100
AcDbEntity
  8
In1.Cu
  6
CONTINUOUS
100
AcDbLine
 10
6.4276996850393697
 20
-3.4228963779527559
 30
0
 11
6.4276993700787397
 21
-3.4228966141732284
 31
0
  0
LINE
  5
EEE
330
1F
100
AcDbEntity
  8
In1.Cu
  6
CONTINUOUS
100
AcDbLine
 10
6.4276993700787397
 20
-3.4228966141732284
 30
0
 11
6.4245306692913386
 21
-3.4260653149606299
 31
0
  0
LINE
  5
EEF
330
1F
100
AcDbEntity
  8
In1.Cu
  6
CONTINUOUS
100
AcDbLine
 10
6.4245306692913386
 20
-3.4260653149606299
 30
0
 11
6.4245304330708661
 21
-3.42606562992126
 31
0
  0
LINE
  5
EF0
330
1F
100
AcDbEntity
  8
In1.Cu
  6
CONTINUOUS
100
AcDbLine
 10
6.4245304330708661
 20
-3.42606562992126
 30
0
 11
6.4222900787401569
 21
-3.4299461023622047
 31
0
  0
LINE
  5
EF1
330
1F
100
AcDbEntity
  8
In1.Cu
  6
CONTINUOUS
100
AcDbLine
 10
6.4222900787401569
 20
-3.4299461023622047
 30
0
 11
6.4222899606299215
 21
-3.4299462992125984
 31
0
  0
LINE
  5
EF2
330
1F
100
AcDbEntity
  8
In1.Cu
  6
CONTINUOUS
100
AcDbLine
 10
6.4222899606299215
 20
-3.4299462992125984
 30
0
 11
6.4222326771653542
 21
-3.4301601574803149
 31
0
  0
LINE
  5
EF3
330
1F
100
AcDbEntity
  8
In1.Cu
  6
CONTINUOUS
100
AcDbLine
 10
6.4222326771653542
 20
-3.4301601574803149
 30
0
 11
6.4211300787401573
 21
-3.4342750393700787
 31
0
  0
LINE
  5
EF4
330
1F
100
AcDbEntity
  8
In1.Cu
  6
CONTINUOUS
100
AcDbLine
 10
6.4211300787401573
 20
-3.4342750393700787
 30
0
 11
6.4211300787401573
 21
-3.4387563779527559
 31
0
  0
LINE
  5
EF5
330
1F
100
AcDbEntity
  8
In1.Cu
  6
CONTINUOUS
100
AcDbLine
 10
6.1776380314960626
 20
-3.3927362204724409
 30
0
 11
6.1768888188976376
 21
-3.3965027952755906
 31
0
  0
LINE
  5
EF6
330
1F
100
AcDbEntity
  8
In1.Cu
  6
CONTINUOUS
100
AcDbLine
 10
6.1768888188976376
 20
-3.3965027952755906
 30
0
 11
6.174755196850394
 21
-3.3996959448818895
 31
0
  0
LINE
  5
EF7
330
1F
100
AcDbEntity
  8
In1.Cu
  6
CONTINUOUS
100
AcDbLine
 10
6.174755196850394
 20
-3.3996959448818895
 30
0
 11
6.1715620472440946
 21
-3.4018295669291336
 31
0
  0
LINE
  5
EF8
330
1F
100
AcDbEntity
  8
In1.Cu
  6
CONTINUOUS
100
AcDbLine
 10
6.1715620472440946
 20
-3.4018295669291336
 30
0
 11
6.1677954330708662
 21
-3.4025787401574803
 31
0
  0
LINE
  5
EF9
330
1F
100
AcDbEntity
  8
In1.Cu
  6
CONTINUOUS
100
AcDbLine
 10
6.1677954330708662
 20
-3.4025787401574803
 30
0
 11
6.1402364566929135
 21
-3.4025787401574803
 31
0
  0
LINE
  5
EFA
330
1F
100
AcDbEntity
  8
In1.Cu
  6
CONTINUOUS
100
AcDbLine
 10
6.1402364566929135
 20
-3.4025787401574803
 30
0
 11
6.1402364566929135
 21
-3.4222638188976378
 31
0
  0
LINE
  5
EFB
330
1F
100
AcDbEntity
  8
In1.Cu
  6
CONTINUOUS
100
AcDbLine
 10
6.1402364566929135
 20
-3.4222638188976378
 30
0
 11
6.1697629527559057
 21
-3.4222638188976378
 31
0
  0
LINE
  5
EFC
330
1F
100
AcDbEntity
  8
In1.Cu
  6
CONTINUOUS
100
AcDbLine
 10
6.1697629527559057
 20
-3.4222638188976378
 30
0
 11
6.1697634251968498
 21
-3.422263779527559
 31
0
  0
LINE
  5
EFD
330
1F
100
AcDbEntity
  8
In1.Cu
  6
CONTINUOUS
100
AcDbLine
 10
6.1697634251968498
 20
-3.422263779527559
 30
0
 11
6.173806889763779
 21
-3.4218506692913384
 31
0
  0
LINE
  5
EFE
330
1F
100
AcDbEntity
  8
In1.Cu
  6
CONTINUOUS
100
AcDbLine
 10
6.173806889763779
 20
-3.4218506692913384
 30
0
 11
6.1738071653543303
 21
-3.4218506299212597
 31
0
  0
LINE
  5
EFF
330
1F
100
AcDbEntity
  8
In1.Cu
  6
CONTINUOUS
100
AcDbLine
 10
6.1738071653543303
 20
-3.4218506299212597
 30
0
 11
6.1803592125984252
 21
-3.4196794881889763
 31
0
  0
LINE
  5
F00
330
1F
100
AcDbEntity
  8
In1.Cu
  6
CONTINUOUS
100
AcDbLine
 10
6.1803592125984252
 20
-3.4196794881889763
 30
0
 11
6.180359409448819
 21
-3.4196794094488188
 31
0
  0
LINE
  5
F01
330
1F
100
AcDbEntity
  8
In1.Cu
  6
CONTINUOUS
100
AcDbLine
 10
6.180359409448819
 20
-3.4196794094488188
 30
0
 11
6.1862342519685036
 21
-3.4160557480314959
 31
0
  0
LINE
  5
F02
330
1F
100
AcDbEntity
  8
In1.Cu
  6
CONTINUOUS
100
AcDbLine
 10
6.1862342519685036
 20
-3.4160557480314959
 30
0
 11
6.1911149999999999
 21
-3.4111750000000001
 31
0
  0
LINE
  5
F03
330
1F
100
AcDbEntity
  8
In1.Cu
  6
CONTINUOUS
100
AcDbLine
 10
6.1911149999999999
 20
-3.4111750000000001
 30
0
 11
6.1947386614173228
 21
-3.405300157480315
 31
0
  0
LINE
  5
F04
330
1F
100
AcDbEntity
  8
In1.Cu
  6
CONTINUOUS
100
AcDbLine
 10
6.1947386614173228
 20
-3.405300157480315
 30
0
 11
6.1947387401574803
 21
-3.4052999606299212
 31
0
  0
LINE
  5
F05
330
1F
100
AcDbEntity
  8
In1.Cu
  6
CONTINUOUS
100
AcDbLine
 10
6.1947387401574803
 20
-3.4052999606299212
 30
0
 11
6.1969098818897637
 21
-3.3987479133858267
 31
0
  0
LINE
  5
F06
330
1F
100
AcDbEntity
  8
In1.Cu
  6
CONTINUOUS
100
AcDbLine
 10
6.1969098818897637
 20
-3.3987479133858267
 30
0
 11
6.1969099212598424
 21
-3.3987476377952754
 31
0
  0
LINE
  5
F07
330
1F
100
AcDbEntity
  8
In1.Cu
  6
CONTINUOUS
100
AcDbLine
 10
6.1969099212598424
 20
-3.3987476377952754
 30
0
 11
6.1973230314960626
 21
-3.3947041732283463
 31
0
  0
LINE
  5
F08
330
1F
100
AcDbEntity
  8
In1.Cu
  6
CONTINUOUS
100
AcDbLine
 10
6.1973230314960626
 20
-3.3947041732283463
 30
0
 11
6.1973230708661413
 21
-3.3947036614173229
 31
0
  0
LINE
  5
F09
330
1F
100
AcDbEntity
  8
In1.Cu
  6
CONTINUOUS
100
AcDbLine
 10
6.1973230708661413
 20
-3.3947036614173229
 30
0
 11
6.1973230708661413
 21
-3.3651772047244095
 31
0
  0
LINE
  5
F0A
330
1F
100
AcDbEntity
  8
In1.Cu
  6
CONTINUOUS
100
AcDbLine
 10
6.1973230708661413
 20
-3.3651772047244095
 30
0
 11
6.1776380314960626
 21
-3.3651772047244095
 31
0
  0
LINE
  5
F0B
330
1F
100
AcDbEntity
  8
In1.Cu
  6
CONTINUOUS
100
AcDbLine
 10
6.1776380314960626
 20
-3.3651772047244095
 30
0
 11
6.1776380314960626
 21
-3.3927362204724409
 31
0
  0
LINE
  5
F0C
330
1F
100
AcDbEntity
  8
In1.Cu
  6
CONTINUOUS
100
AcDbLine
 10
5.9303348818897632
 20
-3.3602349606299211
 30
0
 11
5.9303686614173223
 21
-3.3604482677165355
 31
0
  0
LINE
  5
F0D
330
1F
100
AcDbEntity
  8
In1.Cu
  6
CONTINUOUS
100
AcDbLine
 10
5.9303686614173223
 20
-3.3604482677165355
 30
0
 11
5.9318679921259845
 21
-3.3699146456692914
 31
0
  0
LINE
  5
F0E
330
1F
100
AcDbEntity
  8
In1.Cu
  6
CONTINUOUS
100
AcDbLine
 10
5.9318679921259845
 20
-3.3699146456692914
 30
0
 11
5.9318679921259845
 21
-3.3699147244094489
 31
0
  0
LINE
  5
F0F
330
1F
100
AcDbEntity
  8
In1.Cu
  6
CONTINUOUS
100
AcDbLine
 10
5.9318679921259845
 20
-3.3699147244094489
 30
0
 11
5.9318680314960632
 21
-3.369914803149606
 31
0
  0
LINE
  5
F10
330
1F
100
AcDbEntity
  8
In1.Cu
  6
CONTINUOUS
100
AcDbLine
 10
5.9318680314960632
 20
-3.369914803149606
 30
0
 11
5.9348965748031492
 21
-3.3792356692913383
 31
0
  0
LINE
  5
F11
330
1F
100
AcDbEntity
  8
In1.Cu
  6
CONTINUOUS
100
AcDbLine
 10
5.9348965748031492
 20
-3.3792356692913383
 30
0
 11
5.9393459055118107
 21
-3.3879679921259842
 31
0
  0
LINE
  5
F12
330
1F
100
AcDbEntity
  8
In1.Cu
  6
CONTINUOUS
100
AcDbLine
 10
5.9393459055118107
 20
-3.3879679921259842
 30
0
 11
5.9451065354330703
 21
-3.3958968110236221
 31
0
  0
LINE
  5
F13
330
1F
100
AcDbEntity
  8
In1.Cu
  6
CONTINUOUS
100
AcDbLine
 10
5.9451065354330703
 20
-3.3958968110236221
 30
0
 11
5.9520365354330709
 21
-3.4028268110236222
 31
0
  0
LINE
  5
F14
330
1F
100
AcDbEntity
  8
In1.Cu
  6
CONTINUOUS
100
AcDbLine
 10
5.9520365354330709
 20
-3.4028268110236222
 30
0
 11
5.9599653543307083
 21
-3.4085874409448818
 31
0
  0
LINE
  5
F15
330
1F
100
AcDbEntity
  8
In1.Cu
  6
CONTINUOUS
100
AcDbLine
 10
5.9599653543307083
 20
-3.4085874409448818
 30
0
 11
5.9686976771653546
 21
-3.4130367716535432
 31
0
  0
LINE
  5
F16
330
1F
100
AcDbEntity
  8
In1.Cu
  6
CONTINUOUS
100
AcDbLine
 10
5.9686976771653546
 20
-3.4130367716535432
 30
0
 11
5.978018543307086
 21
-3.4160653149606297
 31
0
  0
LINE
  5
F17
330
1F
100
AcDbEntity
  8
In1.Cu
  6
CONTINUOUS
100
AcDbLine
 10
5.978018543307086
 20
-3.4160653149606297
 30
0
 11
5.9876983858267714
 21
-3.4175984645669288
 31
0
  0
LINE
  5
F18
330
1F
100
AcDbEntity
  8
In1.Cu
  6
CONTINUOUS
100
AcDbLine
 10
5.9876983858267714
 20
-3.4175984645669288
 30
0
 11
5.9876984251968501
 21
-3.4175984645669288
 31
0
  0
LINE
  5
F19
330
1F
100
AcDbEntity
  8
In1.Cu
  6
CONTINUOUS
100
AcDbLine
 10
5.9876984251968501
 20
-3.4175984645669288
 30
0
 11
5.9974988976377954
 21
-3.4175984645669288
 31
0
  0
LINE
  5
F1A
330
1F
100
AcDbEntity
  8
In1.Cu
  6
CONTINUOUS
100
AcDbLine
 10
5.9974988976377954
 20
-3.4175984645669288
 30
0
 11
5.9974989370078742
 21
-3.4175984645669288
 31
0
  0
LINE
  5
F1B
330
1F
100
AcDbEntity
  8
In1.Cu
  6
CONTINUOUS
100
AcDbLine
 10
5.9974989370078742
 20
-3.4175984645669288
 30
0
 11
6.0071787795275586
 21
-3.4160653149606297
 31
0
  0
LINE
  5
F1C
330
1F
100
AcDbEntity
  8
In1.Cu
  6
CONTINUOUS
100
AcDbLine
 10
6.0071787795275586
 20
-3.4160653149606297
 30
0
 11
6.016499645669291
 21
-3.4130367716535432
 31
0
  0
LINE
  5
F1D
330
1F
100
AcDbEntity
  8
In1.Cu
  6
CONTINUOUS
100
AcDbLine
 10
6.016499645669291
 20
-3.4130367716535432
 30
0
 11
6.0252319685039373
 21
-3.4085874409448818
 31
0
  0
LINE
  5
F1E
330
1F
100
AcDbEntity
  8
In1.Cu
  6
CONTINUOUS
100
AcDbLine
 10
6.0252319685039373
 20
-3.4085874409448818
 30
0
 11
6.0331607874015747
 21
-3.4028268110236222
 31
0
  0
LINE
  5
F1F
330
1F
100
AcDbEntity
  8
In1.Cu
  6
CONTINUOUS
100
AcDbLine
 10
6.0331607874015747
 20
-3.4028268110236222
 30
0
 11
6.0400907874015743
 21
-3.3958968110236221
 31
0
  0
LINE
  5
F20
330
1F
100
AcDbEntity
  8
In1.Cu
  6
CONTINUOUS
100
AcDbLine
 10
6.0400907874015743
 20
-3.3958968110236221
 30
0
 11
6.0458514173228348
 21
-3.3879679921259842
 31
0
  0
LINE
  5
F21
330
1F
100
AcDbEntity
  8
In1.Cu
  6
CONTINUOUS
100
AcDbLine
 10
6.0458514173228348
 20
-3.3879679921259842
 30
0
 11
6.0503007480314963
 21
-3.3792356692913383
 31
0
  0
LINE
  5
F22
330
1F
100
AcDbEntity
  8
In1.Cu
  6
CONTINUOUS
100
AcDbLine
 10
6.0503007480314963
 20
-3.3792356692913383
 30
0
 11
6.0533292913385823
 21
-3.369914803149606
 31
0
  0
LINE
  5
F23
330
1F
100
AcDbEntity
  8
In1.Cu
  6
CONTINUOUS
100
AcDbLine
 10
6.0533292913385823
 20
-3.369914803149606
 30
0
 11
6.0537611417322834
 21
-3.3671881889763777
 31
0
  0
LINE
  5
F24
330
1F
100
AcDbEntity
  8
In1.Cu
  6
CONTINUOUS
100
AcDbLine
 10
6.0537611417322834
 20
-3.3671881889763777
 30
0
 11
6.0549394488188977
 21
-3.3647025984251968
 31
0
  0
LINE
  5
F25
330
1F
100
AcDbEntity
  8
In1.Cu
  6
CONTINUOUS
100
AcDbLine
 10
6.0549394488188977
 20
-3.3647025984251968
 30
0
 11
6.0572745669291335
 21
-3.363248622047244
 31
0
  0
LINE
  5
F26
330
1F
100
AcDbEntity
  8
In1.Cu
  6
CONTINUOUS
100
AcDbLine
 10
6.0572745669291335
 20
-3.363248622047244
 30
0
 11
6.0600250393700783
 21
-3.3632879133858267
 31
0
  0
LINE
  5
F27
330
1F
100
AcDbEntity
  8
In1.Cu
  6
CONTINUOUS
100
AcDbLine
 10
6.0600250393700783
 20
-3.3632879133858267
 30
0
 11
6.0623176771653542
 21
-3.3648079921259844
 31
0
  0
LINE
  5
F28
330
1F
100
AcDbEntity
  8
In1.Cu
  6
CONTINUOUS
100
AcDbLine
 10
6.0623176771653542
 20
-3.3648079921259844
 30
0
 11
6.0634245275590546
 21
-3.367326220472441
 31
0
  0
LINE
  5
F29
330
1F
100
AcDbEntity
  8
In1.Cu
  6
CONTINUOUS
100
AcDbLine
 10
6.0634245275590546
 20
-3.367326220472441
 30
0
 11
6.0634648031496061
 21
-3.367951929133858
 31
0
  0
LINE
  5
F2A
330
1F
100
AcDbEntity
  8
In1.Cu
  6
CONTINUOUS
100
AcDbLine
 10
6.0634648031496061
 20
-3.367951929133858
 30
0
 11
6.0634648031496061
 21
-3.3947041732283463
 31
0
  0
LINE
  5
F2B
330
1F
100
AcDbEntity
  8
In1.Cu
  6
CONTINUOUS
100
AcDbLine
 10
6.0634648031496061
 20
-3.3947041732283463
 30
0
 11
6.0638779133858263
 21
-3.3987476377952754
 31
0
  0
LINE
  5
F2C
330
1F
100
AcDbEntity
  8
In1.Cu
  6
CONTINUOUS
100
AcDbLine
 10
6.0638779133858263
 20
-3.3987476377952754
 30
0
 11
6.063877952755905
 21
-3.3987479133858267
 31
0
  0
LINE
  5
F2D
330
1F
100
AcDbEntity
  8
In1.Cu
  6
CONTINUOUS
100
AcDbLine
 10
6.063877952755905
 20
-3.3987479133858267
 30
0
 11
6.0660490944881884
 21
-3.4052999606299212
 31
0
  0
LINE
  5
F2E
330
1F
100
AcDbEntity
  8
In1.Cu
  6
CONTINUOUS
100
AcDbLine
 10
6.0660490944881884
 20
-3.4052999606299212
 30
0
 11
6.0660491732283459
 21
-3.405300157480315
 31
0
  0
LINE
  5
F2F
330
1F
100
AcDbEntity
  8
In1.Cu
  6
CONTINUOUS
100
AcDbLine
 10
6.0660491732283459
 20
-3.405300157480315
 30
0
 11
6.0696728346456688
 21
-3.4111750000000001
 31
0
  0
LINE
  5
F30
330
1F
100
AcDbEntity
  8
In1.Cu
  6
CONTINUOUS
100
AcDbLine
 10
6.0696728346456688
 20
-3.4111750000000001
 30
0
 11
6.0745535826771651
 21
-3.4160557480314959
 31
0
  0
LINE
  5
F31
330
1F
100
AcDbEntity
  8
In1.Cu
  6
CONTINUOUS
100
AcDbLine
 10
6.0745535826771651
 20
-3.4160557480314959
 30
0
 11
6.0804284251968506
 21
-3.4196794094488188
 31
0
  0
LINE
  5
F32
330
1F
100
AcDbEntity
  8
In1.Cu
  6
CONTINUOUS
100
AcDbLine
 10
6.0804284251968506
 20
-3.4196794094488188
 30
0
 11
6.0804286220472443
 21
-3.4196794881889763
 31
0
  0
LINE
  5
F33
330
1F
100
AcDbEntity
  8
In1.Cu
  6
CONTINUOUS
100
AcDbLine
 10
6.0804286220472443
 20
-3.4196794881889763
 30
0
 11
6.0869806692913384
 21
-3.4218506299212597
 31
0
  0
LINE
  5
F34
330
1F
100
AcDbEntity
  8
In1.Cu
  6
CONTINUOUS
100
AcDbLine
 10
6.0869806692913384
 20
-3.4218506299212597
 30
0
 11
6.0869809448818897
 21
-3.4218506692913384
 31
0
  0
LINE
  5
F35
330
1F
100
AcDbEntity
  8
In1.Cu
  6
CONTINUOUS
100
AcDbLine
 10
6.0869809448818897
 20
-3.4218506692913384
 30
0
 11
6.0910244094488188
 21
-3.422263779527559
 31
0
  0
LINE
  5
F36
330
1F
100
AcDbEntity
  8
In1.Cu
  6
CONTINUOUS
100
AcDbLine
 10
6.0910244094488188
 20
-3.422263779527559
 30
0
 11
6.0910249212598426
 21
-3.4222638188976378
 31
0
  0
LINE
  5
F37
330
1F
100
AcDbEntity
  8
In1.Cu
  6
CONTINUOUS
100
AcDbLine
 10
6.0910249212598426
 20
-3.4222638188976378
 30
0
 11
6.1205514173228348
 21
-3.4222638188976378
 31
0
  0
LINE
  5
F38
330
1F
100
AcDbEntity
  8
In1.Cu
  6
CONTINUOUS
100
AcDbLine
 10
6.1205514173228348
 20
-3.4222638188976378
 30
0
 11
6.1205514173228348
 21
-3.4025787401574803
 31
0
  0
LINE
  5
F39
330
1F
100
AcDbEntity
  8
In1.Cu
  6
CONTINUOUS
100
AcDbLine
 10
6.1205514173228348
 20
-3.4025787401574803
 30
0
 11
6.0929924015748034
 21
-3.402578779527559
 31
0
  0
LINE
  5
F3A
330
1F
100
AcDbEntity
  8
In1.Cu
  6
CONTINUOUS
100
AcDbLine
 10
6.0929924015748034
 20
-3.402578779527559
 30
0
 11
6.0892258267716537
 21
-3.4018295669291336
 31
0
  0
LINE
  5
F3B
330
1F
100
AcDbEntity
  8
In1.Cu
  6
CONTINUOUS
100
AcDbLine
 10
6.0892258267716537
 20
-3.4018295669291336
 30
0
 11
6.0860326771653543
 21
-3.3996959448818895
 31
0
  0
LINE
  5
F3C
330
1F
100
AcDbEntity
  8
In1.Cu
  6
CONTINUOUS
100
AcDbLine
 10
6.0860326771653543
 20
-3.3996959448818895
 30
0
 11
6.0838990551181098
 21
-3.3965027952755906
 31
0
  0
LINE
  5
F3D
330
1F
100
AcDbEntity
  8
In1.Cu
  6
CONTINUOUS
100
AcDbLine
 10
6.0838990551181098
 20
-3.3965027952755906
 30
0
 11
6.0831498818897636
 21
-3.3927361811023622
 31
0
  0
LINE
  5
F3E
330
1F
100
AcDbEntity
  8
In1.Cu
  6
CONTINUOUS
100
AcDbLine
 10
6.0831498818897636
 20
-3.3927361811023622
 30
0
 11
6.0831498425196848
 21
-3.3179331496062989
 31
0
  0
LINE
  5
F3F
330
1F
100
AcDbEntity
  8
In1.Cu
  6
CONTINUOUS
100
AcDbLine
 10
6.0831498425196848
 20
-3.3179331496062989
 30
0
 11
6.0838990551181098
 21
-3.3141665748031497
 31
0
  0
LINE
  5
F40
330
1F
100
AcDbEntity
  8
In1.Cu
  6
CONTINUOUS
100
AcDbLine
 10
6.0838990551181098
 20
-3.3141665748031497
 30
0
 11
6.0860326771653543
 21
-3.3109734251968503
 31
0
  0
LINE
  5
F41
330
1F
100
AcDbEntity
  8
In1.Cu
  6
CONTINUOUS
100
AcDbLine
 10
6.0860326771653543
 20
-3.3109734251968503
 30
0
 11
6.0892258267716537
 21
-3.3088398031496062
 31
0
  0
LINE
  5
F42
330
1F
100
AcDbEntity
  8
In1.Cu
  6
CONTINUOUS
100
AcDbLine
 10
6.0892258267716537
 20
-3.3088398031496062
 30
0
 11
6.0929924409448821
 21
-3.3080906299212596
 31
0
  0
LINE
  5
F43
330
1F
100
AcDbEntity
  8
In1.Cu
  6
CONTINUOUS
100
AcDbLine
 10
6.0929924409448821
 20
-3.3080906299212596
 30
0
 11
6.1205514173228348
 21
-3.3080905905511808
 31
0
  0
LINE
  5
F44
330
1F
100
AcDbEntity
  8
In1.Cu
  6
CONTINUOUS
100
AcDbLine
 10
6.1205514173228348
 20
-3.3080905905511808
 30
0
 11
6.1205514173228348
 21
-3.2884055511811021
 31
0
  0
LINE
  5
F45
330
1F
100
AcDbEntity
  8
In1.Cu
  6
CONTINUOUS
100
AcDbLine
 10
6.1205514173228348
 20
-3.2884055511811021
 30
0
 11
6.0910244094488188
 21
-3.2884055511811021
 31
0
  0
LINE
  5
F46
330
1F
100
AcDbEntity
  8
In1.Cu
  6
CONTINUOUS
100
AcDbLine
 10
6.0910244094488188
 20
-3.2884055511811021
 30
0
 11
6.0869809448818897
 21
-3.2888186614173227
 31
0
  0
LINE
  5
F47
330
1F
100
AcDbEntity
  8
In1.Cu
  6
CONTINUOUS
100
AcDbLine
 10
6.0869809448818897
 20
-3.2888186614173227
 30
0
 11
6.0869806692913384
 21
-3.2888187007874015
 31
0
  0
LINE
  5
F48
330
1F
100
AcDbEntity
  8
In1.Cu
  6
CONTINUOUS
100
AcDbLine
 10
6.0869806692913384
 20
-3.2888187007874015
 30
0
 11
6.0804286220472443
 21
-3.2909898425196848
 31
0
  0
LINE
  5
F49
330
1F
100
AcDbEntity
  8
In1.Cu
  6
CONTINUOUS
100
AcDbLine
 10
6.0804286220472443
 20
-3.2909898425196848
 30
0
 11
6.0804284251968506
 21
-3.2909899212598424
 31
0
  0
LINE
  5
F4A
330
1F
100
AcDbEntity
  8
In1.Cu
  6
CONTINUOUS
100
AcDbLine
 10
6.0804284251968506
 20
-3.2909899212598424
 30
0
 11
6.0745535826771651
 21
-3.2946135826771652
 31
0
  0
LINE
  5
F4B
330
1F
100
AcDbEntity
  8
In1.Cu
  6
CONTINUOUS
100
AcDbLine
 10
6.0745535826771651
 20
-3.2946135826771652
 30
0
 11
6.0696728346456688
 21
-3.2994943307086615
 31
0
  0
LINE
  5
F4C
330
1F
100
AcDbEntity
  8
In1.Cu
  6
CONTINUOUS
100
AcDbLine
 10
6.0696728346456688
 20
-3.2994943307086615
 30
0
 11
6.0660491732283459
 21
-3.3053691732283466
 31
0
  0
LINE
  5
F4D
330
1F
100
AcDbEntity
  8
In1.Cu
  6
CONTINUOUS
100
AcDbLine
 10
6.0660491732283459
 20
-3.3053691732283466
 30
0
 11
6.0660490944881884
 21
-3.3053693700787399
 31
0
  0
LINE
  5
F4E
330
1F
100
AcDbEntity
  8
In1.Cu
  6
CONTINUOUS
100
AcDbLine
 10
6.0660490944881884
 20
-3.3053693700787399
 30
0
 11
6.063877952755905
 21
-3.3119214173228344
 31
0
  0
LINE
  5
F4F
330
1F
100
AcDbEntity
  8
In1.Cu
  6
CONTINUOUS
100
AcDbLine
 10
6.063877952755905
 20
-3.3119214173228344
 30
0
 11
6.0638779133858263
 21
-3.3119216929133857
 31
0
  0
LINE
  5
F50
330
1F
100
AcDbEntity
  8
In1.Cu
  6
CONTINUOUS
100
AcDbLine
 10
6.0638779133858263
 20
-3.3119216929133857
 30
0
 11
6.0634648031496061
 21
-3.3159651574803148
 31
0
  0
LINE
  5
F51
330
1F
100
AcDbEntity
  8
In1.Cu
  6
CONTINUOUS
100
AcDbLine
 10
6.0634648031496061
 20
-3.3159651574803148
 30
0
 11
6.0634648031496061
 21
-3.3427174015748031
 31
0
  0
LINE
  5
F52
330
1F
100
AcDbEntity
  8
In1.Cu
  6
CONTINUOUS
100
AcDbLine
 10
6.0634648031496061
 20
-3.3427174015748031
 30
0
 11
6.0626898031496061
 21
-3.3453567322834643
 31
0
  0
LINE
  5
F53
330
1F
100
AcDbEntity
  8
In1.Cu
  6
CONTINUOUS
100
AcDbLine
 10
6.0626898031496061
 20
-3.3453567322834643
 30
0
 11
6.0606109055118109
 21
-3.3471581102362205
 31
0
  0
LINE
  5
F54
330
1F
100
AcDbEntity
  8
In1.Cu
  6
CONTINUOUS
100
AcDbLine
 10
6.0606109055118109
 20
-3.3471581102362205
 30
0
 11
6.0578881496062991
 21
-3.3475496062992125
 31
0
  0
LINE
  5
F55
330
1F
100
AcDbEntity
  8
In1.Cu
  6
CONTINUOUS
100
AcDbLine
 10
6.0578881496062991
 20
-3.3475496062992125
 30
0
 11
6.0553859448818894
 21
-3.3464068897637795
 31
0
  0
LINE
  5
F56
330
1F
100
AcDbEntity
  8
In1.Cu
  6
CONTINUOUS
100
AcDbLine
 10
6.0553859448818894
 20
-3.3464068897637795
 30
0
 11
6.0538987795275592
 21
-3.3440927952755906
 31
0
  0
LINE
  5
F57
330
1F
100
AcDbEntity
  8
In1.Cu
  6
CONTINUOUS
100
AcDbLine
 10
6.0538987795275592
 20
-3.3440927952755906
 30
0
 11
6.0537611417322834
 21
-3.3434811023622046
 31
0
  0
LINE
  5
F58
330
1F
100
AcDbEntity
  8
In1.Cu
  6
CONTINUOUS
100
AcDbLine
 10
6.0537611417322834
 20
-3.3434811023622046
 30
0
 11
6.0535486220472441
 21
-3.3421392913385826
 31
0
  0
LINE
  5
F59
330
1F
100
AcDbEntity
  8
In1.Cu
  6
CONTINUOUS
100
AcDbLine
 10
6.0535486220472441
 20
-3.3421392913385826
 30
0
 11
6.0533292913385823
 21
-3.3407545669291339
 31
0
  0
LINE
  5
F5A
330
1F
100
AcDbEntity
  8
In1.Cu
  6
CONTINUOUS
100
AcDbLine
 10
6.0533292913385823
 20
-3.3407545669291339
 30
0
 11
6.0503007480314963
 21
-3.3314337007874015
 31
0
  0
LINE
  5
F5B
330
1F
100
AcDbEntity
  8
In1.Cu
  6
CONTINUOUS
100
AcDbLine
 10
6.0503007480314963
 20
-3.3314337007874015
 30
0
 11
6.0458514173228348
 21
-3.3227013779527557
 31
0
  0
LINE
  5
F5C
330
1F
100
AcDbEntity
  8
In1.Cu
  6
CONTINUOUS
100
AcDbLine
 10
6.0458514173228348
 20
-3.3227013779527557
 30
0
 11
6.0400907874015743
 21
-3.3147725590551183
 31
0
  0
LINE
  5
F5D
330
1F
100
AcDbEntity
  8
In1.Cu
  6
CONTINUOUS
100
AcDbLine
 10
6.0400907874015743
 20
-3.3147725590551183
 30
0
 11
6.0331607874015747
 21
-3.3078425590551181
 31
0
  0
LINE
  5
F5E
330
1F
100
AcDbEntity
  8
In1.Cu
  6
CONTINUOUS
100
AcDbLine
 10
6.0331607874015747
 20
-3.3078425590551181
 30
0
 11
6.0252319685039373
 21
-3.3020819291338581
 31
0
  0
LINE
  5
F5F
330
1F
100
AcDbEntity
  8
In1.Cu
  6
CONTINUOUS
100
AcDbLine
 10
6.0252319685039373
 20
-3.3020819291338581
 30
0
 11
6.016499645669291
 21
-3.2976325984251966
 31
0
  0
LINE
  5
F60
330
1F
100
AcDbEntity
  8
In1.Cu
  6
CONTINUOUS
100
AcDbLine
 10
6.016499645669291
 20
-3.2976325984251966
 30
0
 11
6.0071787795275586
 21
-3.2946040551181102
 31
0
  0
LINE
  5
F61
330
1F
100
AcDbEntity
  8
In1.Cu
  6
CONTINUOUS
100
AcDbLine
 10
6.0071787795275586
 20
-3.2946040551181102
 30
0
 11
6.0071787007874011
 21
-3.2946040157480314
 31
0
  0
LINE
  5
F62
330
1F
100
AcDbEntity
  8
In1.Cu
  6
CONTINUOUS
100
AcDbLine
 10
6.0071787007874011
 20
-3.2946040157480314
 30
0
 11
6.0071786220472436
 21
-3.2946040157480314
 31
0
  0
LINE
  5
F63
330
1F
100
AcDbEntity
  8
In1.Cu
  6
CONTINUOUS
100
AcDbLine
 10
6.0071786220472436
 20
-3.2946040157480314
 30
0
 11
6.0004200000000001
 21
-3.2935335433070865
 31
0
  0
LINE
  5
F64
330
1F
100
AcDbEntity
  8
In1.Cu
  6
CONTINUOUS
100
AcDbLine
 10
6.0004200000000001
 20
-3.2935335433070865
 30
0
 11
5.9974989370078742
 21
-3.293070905511811
 31
0
  0
LINE
  5
F65
330
1F
100
AcDbEntity
  8
In1.Cu
  6
CONTINUOUS
100
AcDbLine
 10
5.9974989370078742
 20
-3.293070905511811
 30
0
 11
5.9876983858267714
 21
-3.293070905511811
 31
0
  0
LINE
  5
F66
330
1F
100
AcDbEntity
  8
In1.Cu
  6
CONTINUOUS
100
AcDbLine
 10
5.9876983858267714
 20
-3.293070905511811
 30
0
 11
5.9854544488188974
 21
-3.2934262992125984
 31
0
  0
LINE
  5
F67
330
1F
100
AcDbEntity
  8
In1.Cu
  6
CONTINUOUS
100
AcDbLine
 10
5.9854544488188974
 20
-3.2934262992125984
 30
0
 11
5.9780186614173223
 21
-3.2946040157480314
 31
0
  0
LINE
  5
F68
330
1F
100
AcDbEntity
  8
In1.Cu
  6
CONTINUOUS
100
AcDbLine
 10
5.9780186614173223
 20
-3.2946040157480314
 30
0
 11
5.9686975590551183
 21
-3.2976326377952754
 31
0
  0
LINE
  5
F69
330
1F
100
AcDbEntity
  8
In1.Cu
  6
CONTINUOUS
100
AcDbLine
 10
5.9686975590551183
 20
-3.2976326377952754
 30
0
 11
5.9599653149606295
 21
-3.3020819291338581
 31
0
  0
LINE
  5
F6A
330
1F
100
AcDbEntity
  8
In1.Cu
  6
CONTINUOUS
100
AcDbLine
 10
5.9599653149606295
 20
-3.3020819291338581
 30
0
 11
5.955441653543307
 21
-3.3053685433070865
 31
0
  0
LINE
  5
F6B
330
1F
100
AcDbEntity
  8
In1.Cu
  6
CONTINUOUS
100
AcDbLine
 10
5.955441653543307
 20
-3.3053685433070865
 30
0
 11
5.9520365354330709
 21
-3.3078425590551181
 31
0
  0
LINE
  5
F6C
330
1F
100
AcDbEntity
  8
In1.Cu
  6
CONTINUOUS
100
AcDbLine
 10
5.9520365354330709
 20
-3.3078425590551181
 30
0
 11
5.9520364566929134
 21
-3.3078426377952757
 31
0
  0
LINE
  5
F6D
330
1F
100
AcDbEntity
  8
In1.Cu
  6
CONTINUOUS
100
AcDbLine
 10
5.9520364566929134
 20
-3.3078426377952757
 30
0
 11
5.9520364173228346
 21
-3.3078426377952757
 31
0
  0
LINE
  5
F6E
330
1F
100
AcDbEntity
  8
In1.Cu
  6
CONTINUOUS
100
AcDbLine
 10
5.9520364173228346
 20
-3.3078426377952757
 30
0
 11
5.9451066141732278
 21
-3.314772440944882
 31
0
  0
LINE
  5
F6F
330
1F
100
AcDbEntity
  8
In1.Cu
  6
CONTINUOUS
100
AcDbLine
 10
5.9451066141732278
 20
-3.314772440944882
 30
0
 11
5.9451066141732278
 21
-3.3147724803149607
 31
0
  0
LINE
  5
F70
330
1F
100
AcDbEntity
  8
In1.Cu
  6
CONTINUOUS
100
AcDbLine
 10
5.9451066141732278
 20
-3.3147724803149607
 30
0
 11
5.9451065354330703
 21
-3.3147725590551183
 31
0
  0
LINE
  5
F71
330
1F
100
AcDbEntity
  8
In1.Cu
  6
CONTINUOUS
100
AcDbLine
 10
5.9451065354330703
 20
-3.3147725590551183
 30
0
 11
5.9442651181102359
 21
-3.3159306692913386
 31
0
  0
LINE
  5
F72
330
1F
100
AcDbEntity
  8
In1.Cu
  6
CONTINUOUS
100
AcDbLine
 10
5.9442651181102359
 20
-3.3159306692913386
 30
0
 11
5.9393459055118107
 21
-3.3227013385826769
 31
0
  0
LINE
  5
F73
330
1F
100
AcDbEntity
  8
In1.Cu
  6
CONTINUOUS
100
AcDbLine
 10
5.9393459055118107
 20
-3.3227013385826769
 30
0
 11
5.934896614173228
 21
-3.3314335826771653
 31
0
  0
LINE
  5
F74
330
1F
100
AcDbEntity
  8
In1.Cu
  6
CONTINUOUS
100
AcDbLine
 10
5.934896614173228
 20
-3.3314335826771653
 30
0
 11
5.9318679921259845
 21
-3.3407546850393701
 31
0
  0
LINE
  5
F75
330
1F
100
AcDbEntity
  8
In1.Cu
  6
CONTINUOUS
100
AcDbLine
 10
5.9318679921259845
 20
-3.3407546850393701
 30
0
 11
5.9303348818897632
 21
-3.3504344094488188
 31
0
  0
LINE
  5
F76
330
1F
100
AcDbEntity
  8
In1.Cu
  6
CONTINUOUS
100
AcDbLine
 10
5.9303348818897632
 20
-3.3504344094488188
 30
0
 11
5.9303348818897632
 21
-3.3602349606299211
 31
0
  0
LINE
  5
F77
330
1F
100
AcDbEntity
  8
In1.Cu
  6
CONTINUOUS
100
AcDbLine
 10
6.1402364566929135
 20
-3.3080905905511808
 30
0
 11
6.1677954724409449
 21
-3.3080905905511808
 31
0
  0
LINE
  5
F78
330
1F
100
AcDbEntity
  8
In1.Cu
  6
CONTINUOUS
100
AcDbLine
 10
6.1677954724409449
 20
-3.3080905905511808
 30
0
 11
6.1715620472440946
 21
-3.3088398031496062
 31
0
  0
LINE
  5
F79
330
1F
100
AcDbEntity
  8
In1.Cu
  6
CONTINUOUS
100
AcDbLine
 10
6.1715620472440946
 20
-3.3088398031496062
 30
0
 11
6.174755196850394
 21
-3.3109734251968503
 31
0
  0
LINE
  5
F7A
330
1F
100
AcDbEntity
  8
In1.Cu
  6
CONTINUOUS
100
AcDbLine
 10
6.174755196850394
 20
-3.3109734251968503
 30
0
 11
6.1768888188976376
 21
-3.3141665748031497
 31
0
  0
LINE
  5
F7B
330
1F
100
AcDbEntity
  8
In1.Cu
  6
CONTINUOUS
100
AcDbLine
 10
6.1768888188976376
 20
-3.3141665748031497
 30
0
 11
6.1776379921259839
 21
-3.3179331889763777
 31
0
  0
LINE
  5
F7C
330
1F
100
AcDbEntity
  8
In1.Cu
  6
CONTINUOUS
100
AcDbLine
 10
6.1776379921259839
 20
-3.3179331889763777
 30
0
 11
6.1776379921259839
 21
-3.3454921653543308
 31
0
  0
LINE
  5
F7D
330
1F
100
AcDbEntity
  8
In1.Cu
  6
CONTINUOUS
100
AcDbLine
 10
6.1776379921259839
 20
-3.3454921653543308
 30
0
 11
6.1973230708661413
 21
-3.3454921653543308
 31
0
  0
LINE
  5
F7E
330
1F
100
AcDbEntity
  8
In1.Cu
  6
CONTINUOUS
100
AcDbLine
 10
6.1973230708661413
 20
-3.3454921653543308
 30
0
 11
6.1973230708661413
 21
-3.3240388188976375
 31
0
  0
LINE
  5
F7F
330
1F
100
AcDbEntity
  8
In1.Cu
  6
CONTINUOUS
100
AcDbLine
 10
6.1973230708661413
 20
-3.3240388188976375
 30
0
 11
6.1973230708661413
 21
-3.3159656692913386
 31
0
  0
LINE
  5
F80
330
1F
100
AcDbEntity
  8
In1.Cu
  6
CONTINUOUS
100
AcDbLine
 10
6.1973230708661413
 20
-3.3159656692913386
 30
0
 11
6.1973230314960626
 21
-3.3159651574803148
 31
0
  0
LINE
  5
F81
330
1F
100
AcDbEntity
  8
In1.Cu
  6
CONTINUOUS
100
AcDbLine
 10
6.1973230314960626
 20
-3.3159651574803148
 30
0
 11
6.1969099212598424
 21
-3.3119216929133857
 31
0
  0
LINE
  5
F82
330
1F
100
AcDbEntity
  8
In1.Cu
  6
CONTINUOUS
100
AcDbLine
 10
6.1969099212598424
 20
-3.3119216929133857
 30
0
 11
6.1969098818897637
 21
-3.3119214173228344
 31
0
  0
LINE
  5
F83
330
1F
100
AcDbEntity
  8
In1.Cu
  6
CONTINUOUS
100
AcDbLine
 10
6.1969098818897637
 20
-3.3119214173228344
 30
0
 11
6.1947387401574803
 21
-3.3053693700787399
 31
0
  0
LINE
  5
F84
330
1F
100
AcDbEntity
  8
In1.Cu
  6
CONTINUOUS
100
AcDbLine
 10
6.1947387401574803
 20
-3.3053693700787399
 30
0
 11
6.1947386614173228
 21
-3.3053691732283466
 31
0
  0
LINE
  5
F85
330
1F
100
AcDbEntity
  8
In1.Cu
  6
CONTINUOUS
100
AcDbLine
 10
6.1947386614173228
 20
-3.3053691732283466
 30
0
 11
6.1911149999999999
 21
-3.2994943307086615
 31
0
  0
LINE
  5
F86
330
1F
100
AcDbEntity
  8
In1.Cu
  6
CONTINUOUS
100
AcDbLine
 10
6.1911149999999999
 20
-3.2994943307086615
 30
0
 11
6.1862342519685036
 21
-3.2946135826771652
 31
0
  0
LINE
  5
F87
330
1F
100
AcDbEntity
  8
In1.Cu
  6
CONTINUOUS
100
AcDbLine
 10
6.1862342519685036
 20
-3.2946135826771652
 30
0
 11
6.180359409448819
 21
-3.2909899212598424
 31
0
  0
LINE
  5
F88
330
1F
100
AcDbEntity
  8
In1.Cu
  6
CONTINUOUS
100
AcDbLine
 10
6.180359409448819
 20
-3.2909899212598424
 30
0
 11
6.1803592125984252
 21
-3.2909898425196848
 31
0
  0
LINE
  5
F89
330
1F
100
AcDbEntity
  8
In1.Cu
  6
CONTINUOUS
100
AcDbLine
 10
6.1803592125984252
 20
-3.2909898425196848
 30
0
 11
6.1738071653543303
 21
-3.2888187007874015
 31
0
  0
LINE
  5
F8A
330
1F
100
AcDbEntity
  8
In1.Cu
  6
CONTINUOUS
100
AcDbLine
 10
6.1738071653543303
 20
-3.2888187007874015
 30
0
 11
6.173806889763779
 21
-3.2888186614173227
 31
0
  0
LINE
  5
F8B
330
1F
100
AcDbEntity
  8
In1.Cu
  6
CONTINUOUS
100
AcDbLine
 10
6.173806889763779
 20
-3.2888186614173227
 30
0
 11
6.1697634251968498
 21
-3.2884055511811021
 31
0
  0
LINE
  5
F8C
330
1F
100
AcDbEntity
  8
In1.Cu
  6
CONTINUOUS
100
AcDbLine
 10
6.1697634251968498
 20
-3.2884055511811021
 30
0
 11
6.1402364566929135
 21
-3.2884055511811021
 31
0
  0
LINE
  5
F8D
330
1F
100
AcDbEntity
  8
In1.Cu
  6
CONTINUOUS
100
AcDbLine
 10
6.1402364566929135
 20
-3.2884055511811021
 30
0
 11
6.1402364566929135
 21
-3.3080905905511808
 31
0
  0
LINE
  5
F8E
330
1F
100
AcDbEntity
  8
In1.Cu
  6
CONTINUOUS
100
AcDbLine
 10
6.5943584645669286
 20
-3.3285201574803147
 30
0
 11
6.5951316929133856
 21
-3.331405905511811
 31
0
  0
LINE
  5
F8F
330
1F
100
AcDbEntity
  8
In1.Cu
  6
CONTINUOUS
100
AcDbLine
 10
6.5951316929133856
 20
-3.331405905511811
 30
0
 11
6.5955183464566929
 21
-3.3328488582677163
 31
0
  0
LINE
  5
F90
330
1F
100
AcDbEntity
  8
In1.Cu
  6
CONTINUOUS
100
AcDbLine
 10
6.5955183464566929
 20
-3.3328488582677163
 30
0
 11
6.5955184645669291
 21
-3.33284905511811
 31
0
  0
LINE
  5
F91
330
1F
100
AcDbEntity
  8
In1.Cu
  6
CONTINUOUS
100
AcDbLine
 10
6.5955184645669291
 20
-3.33284905511811
 30
0
 11
6.5977588188976375
 21
-3.3367295275590552
 31
0
  0
LINE
  5
F92
330
1F
100
AcDbEntity
  8
In1.Cu
  6
CONTINUOUS
100
AcDbLine
 10
6.5977588188976375
 20
-3.3367295275590552
 30
0
 11
6.5977589763779525
 21
-3.3367297244094489
 31
0
  0
LINE
  5
F93
330
1F
100
AcDbEntity
  8
In1.Cu
  6
CONTINUOUS
100
AcDbLine
 10
6.5977589763779525
 20
-3.3367297244094489
 30
0
 11
6.5977590157480313
 21
-3.3367298031496064
 31
0
  0
LINE
  5
F94
330
1F
100
AcDbEntity
  8
In1.Cu
  6
CONTINUOUS
100
AcDbLine
 10
6.5977590157480313
 20
-3.3367298031496064
 30
0
 11
6.6009278346456695
 21
-3.3398986220472442
 31
0
  0
LINE
  5
F95
330
1F
100
AcDbEntity
  8
In1.Cu
  6
CONTINUOUS
100
AcDbLine
 10
6.6009278346456695
 20
-3.3398986220472442
 30
0
 11
6.600927913385827
 21
-3.3398986614173229
 31
0
  0
LINE
  5
F96
330
1F
100
AcDbEntity
  8
In1.Cu
  6
CONTINUOUS
100
AcDbLine
 10
6.600927913385827
 20
-3.3398986614173229
 30
0
 11
6.600928070866142
 21
-3.3398987795275588
 31
0
  0
LINE
  5
F97
330
1F
100
AcDbEntity
  8
In1.Cu
  6
CONTINUOUS
100
AcDbLine
 10
6.600928070866142
 20
-3.3398987795275588
 30
0
 11
6.6048085433070867
 21
-3.3421391338582676
 31
0
  0
LINE
  5
F98
330
1F
100
AcDbEntity
  8
In1.Cu
  6
CONTINUOUS
100
AcDbLine
 10
6.6048085433070867
 20
-3.3421391338582676
 30
0
 11
6.6048088188976379
 21
-3.3421392913385826
 31
0
  0
LINE
  5
F99
330
1F
100
AcDbEntity
  8
In1.Cu
  6
CONTINUOUS
100
AcDbLine
 10
6.6048088188976379
 20
-3.3421392913385826
 30
0
 11
6.6091374803149607
 21
-3.3432991732283464
 31
0
  0
LINE
  5
F9A
330
1F
100
AcDbEntity
  8
In1.Cu
  6
CONTINUOUS
100
AcDbLine
 10
6.6091374803149607
 20
-3.3432991732283464
 30
0
 11
6.6091375590551182
 21
-3.3432991732283464
 31
0
  0
LINE
  5
F9B
330
1F
100
AcDbEntity
  8
In1.Cu
  6
CONTINUOUS
100
AcDbLine
 10
6.6091375590551182
 20
-3.3432991732283464
 30
0
 11
6.61361874015748
 21
-3.3432991732283464
 31
0
  0
LINE
  5
F9C
330
1F
100
AcDbEntity
  8
In1.Cu
  6
CONTINUOUS
100
AcDbLine
 10
6.61361874015748
 20
-3.3432991732283464
 30
0
 11
6.6136188188976375
 21
-3.3432991732283464
 31
0
  0
LINE
  5
F9D
330
1F
100
AcDbEntity
  8
In1.Cu
  6
CONTINUOUS
100
AcDbLine
 10
6.6136188188976375
 20
-3.3432991732283464
 30
0
 11
6.6179474803149603
 21
-3.3421392913385826
 31
0
  0
LINE
  5
F9E
330
1F
100
AcDbEntity
  8
In1.Cu
  6
CONTINUOUS
100
AcDbLine
 10
6.6179474803149603
 20
-3.3421392913385826
 30
0
 11
6.6218284645669288
 21
-3.3398986220472442
 31
0
  0
LINE
  5
F9F
330
1F
100
AcDbEntity
  8
In1.Cu
  6
CONTINUOUS
100
AcDbLine
 10
6.6218284645669288
 20
-3.3398986220472442
 30
0
 11
6.624997283464567
 21
-3.3367298031496064
 31
0
  0
LINE
  5
FA0
330
1F
100
AcDbEntity
  8
In1.Cu
  6
CONTINUOUS
100
AcDbLine
 10
6.624997283464567
 20
-3.3367298031496064
 30
0
 11
6.6272379527559053
 21
-3.3328488188976375
 31
0
  0
LINE
  5
FA1
330
1F
100
AcDbEntity
  8
In1.Cu
  6
CONTINUOUS
100
AcDbLine
 10
6.6272379527559053
 20
-3.3328488188976375
 30
0
 11
6.6283978346456696
 21
-3.3285201574803147
 31
0
  0
LINE
  5
FA2
330
1F
100
AcDbEntity
  8
In1.Cu
  6
CONTINUOUS
100
AcDbLine
 10
6.6283978346456696
 20
-3.3285201574803147
 30
0
 11
6.6283978346456696
 21
-3.3240388188976375
 31
0
  0
LINE
  5
FA3
330
1F
100
AcDbEntity
  8
In1.Cu
  6
CONTINUOUS
100
AcDbLine
 10
6.6283978346456696
 20
-3.3240388188976375
 30
0
 11
6.6272379527559053
 21
-3.3197101574803147
 31
0
  0
LINE
  5
FA4
330
1F
100
AcDbEntity
  8
In1.Cu
  6
CONTINUOUS
100
AcDbLine
 10
6.6272379527559053
 20
-3.3197101574803147
 30
0
 11
6.6250761023622049
 21
-3.3159656692913386
 31
0
  0
LINE
  5
FA5
330
1F
100
AcDbEntity
  8
In1.Cu
  6
CONTINUOUS
100
AcDbLine
 10
6.6250761023622049
 20
-3.3159656692913386
 30
0
 11
6.624997440944882
 21
-3.3158294094488188
 31
0
  0
LINE
  5
FA6
330
1F
100
AcDbEntity
  8
In1.Cu
  6
CONTINUOUS
100
AcDbLine
 10
6.624997440944882
 20
-3.3158294094488188
 30
0
 11
6.6249972047244094
 21
-3.3158290944881887
 31
0
  0
LINE
  5
FA7
330
1F
100
AcDbEntity
  8
In1.Cu
  6
CONTINUOUS
100
AcDbLine
 10
6.6249972047244094
 20
-3.3158290944881887
 30
0
 11
6.6218285039370075
 21
-3.3126603937007872
 31
0
  0
LINE
  5
FA8
330
1F
100
AcDbEntity
  8
In1.Cu
  6
CONTINUOUS
100
AcDbLine
 10
6.6218285039370075
 20
-3.3126603937007872
 30
0
 11
6.6218281889763775
 21
-3.3126601574803147
 31
0
  0
LINE
  5
FA9
330
1F
100
AcDbEntity
  8
In1.Cu
  6
CONTINUOUS
100
AcDbLine
 10
6.6218281889763775
 20
-3.3126601574803147
 30
0
 11
6.6179477165354328
 21
-3.3104198031496064
 31
0
  0
LINE
  5
FAA
330
1F
100
AcDbEntity
  8
In1.Cu
  6
CONTINUOUS
100
AcDbLine
 10
6.6179477165354328
 20
-3.3104198031496064
 30
0
 11
6.617947519685039
 21
-3.3104196850393701
 31
0
  0
LINE
  5
FAB
330
1F
100
AcDbEntity
  8
In1.Cu
  6
CONTINUOUS
100
AcDbLine
 10
6.617947519685039
 20
-3.3104196850393701
 30
0
 11
6.6165045669291338
 21
-3.3100330314960629
 31
0
  0
LINE
  5
FAC
330
1F
100
AcDbEntity
  8
In1.Cu
  6
CONTINUOUS
100
AcDbLine
 10
6.6165045669291338
 20
-3.3100330314960629
 30
0
 11
6.6136188188976375
 21
-3.3092598031496063
 31
0
  0
LINE
  5
FAD
330
1F
100
AcDbEntity
  8
In1.Cu
  6
CONTINUOUS
100
AcDbLine
 10
6.6136188188976375
 20
-3.3092598031496063
 30
0
 11
6.6091374803149607
 21
-3.3092598031496063
 31
0
  0
LINE
  5
FAE
330
1F
100
AcDbEntity
  8
In1.Cu
  6
CONTINUOUS
100
AcDbLine
 10
6.6091374803149607
 20
-3.3092598031496063
 30
0
 11
6.6069731496062989
 21
-3.3098397244094486
 31
0
  0
LINE
  5
FAF
330
1F
100
AcDbEntity
  8
In1.Cu
  6
CONTINUOUS
100
AcDbLine
 10
6.6069731496062989
 20
-3.3098397244094486
 30
0
 11
6.6048087401574804
 21
-3.3104196850393701
 31
0
  0
LINE
  5
FB0
330
1F
100
AcDbEntity
  8
In1.Cu
  6
CONTINUOUS
100
AcDbLine
 10
6.6048087401574804
 20
-3.3104196850393701
 30
0
 11
6.6048085433070867
 21
-3.3104198031496064
 31
0
  0
LINE
  5
FB1
330
1F
100
AcDbEntity
  8
In1.Cu
  6
CONTINUOUS
100
AcDbLine
 10
6.6048085433070867
 20
-3.3104198031496064
 30
0
 11
6.600928070866142
 21
-3.3126601574803147
 31
0
  0
LINE
  5
FB2
330
1F
100
AcDbEntity
  8
In1.Cu
  6
CONTINUOUS
100
AcDbLine
 10
6.600928070866142
 20
-3.3126601574803147
 30
0
 11
6.600927755905512
 21
-3.3126603937007872
 31
0
  0
LINE
  5
FB3
330
1F
100
AcDbEntity
  8
In1.Cu
  6
CONTINUOUS
100
AcDbLine
 10
6.600927755905512
 20
-3.3126603937007872
 30
0
 11
6.59775905511811
 21
-3.3158290944881887
 31
0
  0
LINE
  5
FB4
330
1F
100
AcDbEntity
  8
In1.Cu
  6
CONTINUOUS
100
AcDbLine
 10
6.59775905511811
 20
-3.3158290944881887
 30
0
 11
6.5977588188976375
 21
-3.3158294094488188
 31
0
  0
LINE
  5
FB5
330
1F
100
AcDbEntity
  8
In1.Cu
  6
CONTINUOUS
100
AcDbLine
 10
6.5977588188976375
 20
-3.3158294094488188
 30
0
 11
6.5955184645669291
 21
-3.3197098818897639
 31
0
  0
LINE
  5
FB6
330
1F
100
AcDbEntity
  8
In1.Cu
  6
CONTINUOUS
100
AcDbLine
 10
6.5955184645669291
 20
-3.3197098818897639
 30
0
 11
6.5955183464566929
 21
-3.3197100787401572
 31
0
  0
LINE
  5
FB7
330
1F
100
AcDbEntity
  8
In1.Cu
  6
CONTINUOUS
100
AcDbLine
 10
6.5955183464566929
 20
-3.3197100787401572
 30
0
 11
6.5953711811023616
 21
-3.3202593307086614
 31
0
  0
LINE
  5
FB8
330
1F
100
AcDbEntity
  8
In1.Cu
  6
CONTINUOUS
100
AcDbLine
 10
6.5953711811023616
 20
-3.3202593307086614
 30
0
 11
6.5943584645669286
 21
-3.3240388188976375
 31
0
  0
LINE
  5
FB9
330
1F
100
AcDbEntity
  8
In1.Cu
  6
CONTINUOUS
100
AcDbLine
 10
6.5943584645669286
 20
-3.3240388188976375
 30
0
 11
6.5943584645669286
 21
-3.3285201574803147
 31
0
  0
LINE
  5
FBA
330
1F
100
AcDbEntity
  8
In1.Cu
  6
CONTINUOUS
100
AcDbLine
 10
5.6596734251968499
 20
-3.3247406692913386
 30
0
 11
5.6604466535433069
 21
-3.3276264173228345
 31
0
  0
LINE
  5
FBB
330
1F
100
AcDbEntity
  8
In1.Cu
  6
CONTINUOUS
100
AcDbLine
 10
5.6604466535433069
 20
-3.3276264173228345
 30
0
 11
5.6608333070866141
 21
-3.3290693700787402
 31
0
  0
LINE
  5
FBC
330
1F
100
AcDbEntity
  8
In1.Cu
  6
CONTINUOUS
100
AcDbLine
 10
5.6608333070866141
 20
-3.3290693700787402
 30
0
 11
5.6608334251968504
 21
-3.3290695669291339
 31
0
  0
LINE
  5
FBD
330
1F
100
AcDbEntity
  8
In1.Cu
  6
CONTINUOUS
100
AcDbLine
 10
5.6608334251968504
 20
-3.3290695669291339
 30
0
 11
5.6630737795275587
 21
-3.3329500393700786
 31
0
  0
LINE
  5
FBE
330
1F
100
AcDbEntity
  8
In1.Cu
  6
CONTINUOUS
100
AcDbLine
 10
5.6630737795275587
 20
-3.3329500393700786
 30
0
 11
5.6630739370078738
 21
-3.3329502362204724
 31
0
  0
LINE
  5
FBF
330
1F
100
AcDbEntity
  8
In1.Cu
  6
CONTINUOUS
100
AcDbLine
 10
5.6630739370078738
 20
-3.3329502362204724
 30
0
 11
5.6630739763779525
 21
-3.3329503149606299
 31
0
  0
LINE
  5
FC0
330
1F
100
AcDbEntity
  8
In1.Cu
  6
CONTINUOUS
100
AcDbLine
 10
5.6630739763779525
 20
-3.3329503149606299
 30
0
 11
5.6662427952755907
 21
-3.3361191338582676
 31
0
  0
LINE
  5
FC1
330
1F
100
AcDbEntity
  8
In1.Cu
  6
CONTINUOUS
100
AcDbLine
 10
5.6662427952755907
 20
-3.3361191338582676
 30
0
 11
5.6662428740157482
 21
-3.3361191732283464
 31
0
  0
LINE
  5
FC2
330
1F
100
AcDbEntity
  8
In1.Cu
  6
CONTINUOUS
100
AcDbLine
 10
5.6662428740157482
 20
-3.3361191732283464
 30
0
 11
5.6662430314960632
 21
-3.3361192913385826
 31
0
  0
LINE
  5
FC3
330
1F
100
AcDbEntity
  8
In1.Cu
  6
CONTINUOUS
100
AcDbLine
 10
5.6662430314960632
 20
-3.3361192913385826
 30
0
 11
5.6701235039370079
 21
-3.3383596456692914
 31
0
  0
LINE
  5
FC4
330
1F
100
AcDbEntity
  8
In1.Cu
  6
CONTINUOUS
100
AcDbLine
 10
5.6701235039370079
 20
-3.3383596456692914
 30
0
 11
5.6701237795275592
 21
-3.338359803149606
 31
0
  0
LINE
  5
FC5
330
1F
100
AcDbEntity
  8
In1.Cu
  6
CONTINUOUS
100
AcDbLine
 10
5.6701237795275592
 20
-3.338359803149606
 30
0
 11
5.674452440944882
 21
-3.3395196850393698
 31
0
  0
LINE
  5
FC6
330
1F
100
AcDbEntity
  8
In1.Cu
  6
CONTINUOUS
100
AcDbLine
 10
5.674452440944882
 20
-3.3395196850393698
 30
0
 11
5.6744525196850395
 21
-3.3395196850393698
 31
0
  0
LINE
  5
FC7
330
1F
100
AcDbEntity
  8
In1.Cu
  6
CONTINUOUS
100
AcDbLine
 10
5.6744525196850395
 20
-3.3395196850393698
 30
0
 11
5.6789337007874012
 21
-3.3395196850393698
 31
0
  0
LINE
  5
FC8
330
1F
100
AcDbEntity
  8
In1.Cu
  6
CONTINUOUS
100
AcDbLine
 10
5.6789337007874012
 20
-3.3395196850393698
 30
0
 11
5.6789337795275587
 21
-3.3395196850393698
 31
0
  0
LINE
  5
FC9
330
1F
100
AcDbEntity
  8
In1.Cu
  6
CONTINUOUS
100
AcDbLine
 10
5.6789337795275587
 20
-3.3395196850393698
 30
0
 11
5.6832624409448815
 21
-3.338359803149606
 31
0
  0
LINE
  5
FCA
330
1F
100
AcDbEntity
  8
In1.Cu
  6
CONTINUOUS
100
AcDbLine
 10
5.6832624409448815
 20
-3.338359803149606
 30
0
 11
5.68714342519685
 21
-3.3361191338582676
 31
0
  0
LINE
  5
FCB
330
1F
100
AcDbEntity
  8
In1.Cu
  6
CONTINUOUS
100
AcDbLine
 10
5.68714342519685
 20
-3.3361191338582676
 30
0
 11
5.6903122440944882
 21
-3.3329503149606299
 31
0
  0
LINE
  5
FCC
330
1F
100
AcDbEntity
  8
In1.Cu
  6
CONTINUOUS
100
AcDbLine
 10
5.6903122440944882
 20
-3.3329503149606299
 30
0
 11
5.6925529133858266
 21
-3.3290693307086614
 31
0
  0
LINE
  5
FCD
330
1F
100
AcDbEntity
  8
In1.Cu
  6
CONTINUOUS
100
AcDbLine
 10
5.6925529133858266
 20
-3.3290693307086614
 30
0
 11
5.6937127952755908
 21
-3.3247406692913386
 31
0
  0
LINE
  5
FCE
330
1F
100
AcDbEntity
  8
In1.Cu
  6
CONTINUOUS
100
AcDbLine
 10
5.6937127952755908
 20
-3.3247406692913386
 30
0
 11
5.6937127952755908
 21
-3.3202593307086614
 31
0
  0
LINE
  5
FCF
330
1F
100
AcDbEntity
  8
In1.Cu
  6
CONTINUOUS
100
AcDbLine
 10
5.6937127952755908
 20
-3.3202593307086614
 30
0
 11
5.6925529133858266
 21
-3.3159306692913386
 31
0
  0
LINE
  5
FD0
330
1F
100
AcDbEntity
  8
In1.Cu
  6
CONTINUOUS
100
AcDbLine
 10
5.6925529133858266
 20
-3.3159306692913386
 30
0
 11
5.6924943307086613
 21
-3.3158291732283462
 31
0
  0
LINE
  5
FD1
330
1F
100
AcDbEntity
  8
In1.Cu
  6
CONTINUOUS
100
AcDbLine
 10
5.6924943307086613
 20
-3.3158291732283462
 30
0
 11
5.6903124015748032
 21
-3.3120499212598427
 31
0
  0
LINE
  5
FD2
330
1F
100
AcDbEntity
  8
In1.Cu
  6
CONTINUOUS
100
AcDbLine
 10
5.6903124015748032
 20
-3.3120499212598427
 30
0
 11
5.6903121653543307
 21
-3.3120496062992126
 31
0
  0
LINE
  5
FD3
330
1F
100
AcDbEntity
  8
In1.Cu
  6
CONTINUOUS
100
AcDbLine
 10
5.6903121653543307
 20
-3.3120496062992126
 30
0
 11
5.6871434645669288
 21
-3.3088809055118111
 31
0
  0
LINE
  5
FD4
330
1F
100
AcDbEntity
  8
In1.Cu
  6
CONTINUOUS
100
AcDbLine
 10
5.6871434645669288
 20
-3.3088809055118111
 30
0
 11
5.6871431496062987
 21
-3.3088806692913386
 31
0
  0
LINE
  5
FD5
330
1F
100
AcDbEntity
  8
In1.Cu
  6
CONTINUOUS
100
AcDbLine
 10
5.6871431496062987
 20
-3.3088806692913386
 30
0
 11
5.683262677165354
 21
-3.3066403149606298
 31
0
  0
LINE
  5
FD6
330
1F
100
AcDbEntity
  8
In1.Cu
  6
CONTINUOUS
100
AcDbLine
 10
5.683262677165354
 20
-3.3066403149606298
 30
0
 11
5.6832624803149603
 21
-3.3066401968503936
 31
0
  0
LINE
  5
FD7
330
1F
100
AcDbEntity
  8
In1.Cu
  6
CONTINUOUS
100
AcDbLine
 10
5.6832624803149603
 20
-3.3066401968503936
 30
0
 11
5.6818195275590551
 21
-3.3062535433070863
 31
0
  0
LINE
  5
FD8
330
1F
100
AcDbEntity
  8
In1.Cu
  6
CONTINUOUS
100
AcDbLine
 10
5.6818195275590551
 20
-3.3062535433070863
 30
0
 11
5.6789337795275587
 21
-3.3054803149606298
 31
0
  0
LINE
  5
FD9
330
1F
100
AcDbEntity
  8
In1.Cu
  6
CONTINUOUS
100
AcDbLine
 10
5.6789337795275587
 20
-3.3054803149606298
 30
0
 11
5.674452440944882
 21
-3.3054803149606298
 31
0
  0
LINE
  5
FDA
330
1F
100
AcDbEntity
  8
In1.Cu
  6
CONTINUOUS
100
AcDbLine
 10
5.674452440944882
 20
-3.3054803149606298
 30
0
 11
5.6722881102362201
 21
-3.3060602362204725
 31
0
  0
LINE
  5
FDB
330
1F
100
AcDbEntity
  8
In1.Cu
  6
CONTINUOUS
100
AcDbLine
 10
5.6722881102362201
 20
-3.3060602362204725
 30
0
 11
5.6701237007874017
 21
-3.3066401968503936
 31
0
  0
LINE
  5
FDC
330
1F
100
AcDbEntity
  8
In1.Cu
  6
CONTINUOUS
100
AcDbLine
 10
5.6701237007874017
 20
-3.3066401968503936
 30
0
 11
5.6701235039370079
 21
-3.3066403149606298
 31
0
  0
LINE
  5
FDD
330
1F
100
AcDbEntity
  8
In1.Cu
  6
CONTINUOUS
100
AcDbLine
 10
5.6701235039370079
 20
-3.3066403149606298
 30
0
 11
5.6662430314960632
 21
-3.3088806692913386
 31
0
  0
LINE
  5
FDE
330
1F
100
AcDbEntity
  8
In1.Cu
  6
CONTINUOUS
100
AcDbLine
 10
5.6662430314960632
 20
-3.3088806692913386
 30
0
 11
5.6662427165354332
 21
-3.3088809055118111
 31
0
  0
LINE
  5
FDF
330
1F
100
AcDbEntity
  8
In1.Cu
  6
CONTINUOUS
100
AcDbLine
 10
5.6662427165354332
 20
-3.3088809055118111
 30
0
 11
5.6630740157480313
 21
-3.3120496062992126
 31
0
  0
LINE
  5
FE0
330
1F
100
AcDbEntity
  8
In1.Cu
  6
CONTINUOUS
100
AcDbLine
 10
5.6630740157480313
 20
-3.3120496062992126
 30
0
 11
5.6630737795275587
 21
-3.3120499212598427
 31
0
  0
LINE
  5
FE1
330
1F
100
AcDbEntity
  8
In1.Cu
  6
CONTINUOUS
100
AcDbLine
 10
5.6630737795275587
 20
-3.3120499212598427
 30
0
 11
5.6608334251968504
 21
-3.3159303937007873
 31
0
  0
LINE
  5
FE2
330
1F
100
AcDbEntity
  8
In1.Cu
  6
CONTINUOUS
100
AcDbLine
 10
5.6608334251968504
 20
-3.3159303937007873
 30
0
 11
5.6608333070866141
 21
-3.3159305905511811
 31
0
  0
LINE
  5
FE3
330
1F
100
AcDbEntity
  8
In1.Cu
  6
CONTINUOUS
100
AcDbLine
 10
5.6608333070866141
 20
-3.3159305905511811
 30
0
 11
5.6600600393700784
 21
-3.3188164173228345
 31
0
  0
LINE
  5
FE4
330
1F
100
AcDbEntity
  8
In1.Cu
  6
CONTINUOUS
100
AcDbLine
 10
5.6600600393700784
 20
-3.3188164173228345
 30
0
 11
5.6596734251968499
 21
-3.3202593307086614
 31
0
  0
LINE
  5
FE5
330
1F
100
AcDbEntity
  8
In1.Cu
  6
CONTINUOUS
100
AcDbLine
 10
5.6596734251968499
 20
-3.3202593307086614
 30
0
 11
5.6596734251968499
 21
-3.3247406692913386
 31
0
  0
LINE
  5
FE6
330
1F
100
AcDbEntity
  8
In1.Cu
  6
CONTINUOUS
100
AcDbLine
 10
5.5573111811023619
 20
-3.2460005118110233
 30
0
 11
5.557538622047244
 21
-3.2468492519685039
 31
0
  0
LINE
  5
FE7
330
1F
100
AcDbEntity
  8
In1.Cu
  6
CONTINUOUS
100
AcDbLine
 10
5.557538622047244
 20
-3.2468492519685039
 30
0
 11
5.5584710629921261
 21
-3.2503292125984253
 31
0
  0
LINE
  5
FE8
330
1F
100
AcDbEntity
  8
In1.Cu
  6
CONTINUOUS
100
AcDbLine
 10
5.5584710629921261
 20
-3.2503292125984253
 30
0
 11
5.5584711811023624
 21
-3.2503294094488187
 31
0
  0
LINE
  5
FE9
330
1F
100
AcDbEntity
  8
In1.Cu
  6
CONTINUOUS
100
AcDbLine
 10
5.5584711811023624
 20
-3.2503294094488187
 30
0
 11
5.5607115354330707
 21
-3.2542098818897638
 31
0
  0
LINE
  5
FEA
330
1F
100
AcDbEntity
  8
In1.Cu
  6
CONTINUOUS
100
AcDbLine
 10
5.5607115354330707
 20
-3.2542098818897638
 30
0
 11
5.5607116929133857
 21
-3.2542100787401576
 31
0
  0
LINE
  5
FEB
330
1F
100
AcDbEntity
  8
In1.Cu
  6
CONTINUOUS
100
AcDbLine
 10
5.5607116929133857
 20
-3.2542100787401576
 30
0
 11
5.5607117322834645
 21
-3.2542101574803151
 31
0
  0
LINE
  5
FEC
330
1F
100
AcDbEntity
  8
In1.Cu
  6
CONTINUOUS
100
AcDbLine
 10
5.5607117322834645
 20
-3.2542101574803151
 30
0
 11
5.5638805511811018
 21
-3.2573789763779528
 31
0
  0
LINE
  5
FED
330
1F
100
AcDbEntity
  8
In1.Cu
  6
CONTINUOUS
100
AcDbLine
 10
5.5638805511811018
 20
-3.2573789763779528
 30
0
 11
5.5638806299212593
 21
-3.2573790157480316
 31
0
  0
LINE
  5
FEE
330
1F
100
AcDbEntity
  8
In1.Cu
  6
CONTINUOUS
100
AcDbLine
 10
5.5638806299212593
 20
-3.2573790157480316
 30
0
 11
5.5638807874015743
 21
-3.2573791338582678
 31
0
  0
LINE
  5
FEF
330
1F
100
AcDbEntity
  8
In1.Cu
  6
CONTINUOUS
100
AcDbLine
 10
5.5638807874015743
 20
-3.2573791338582678
 30
0
 11
5.5677612598425199
 21
-3.2596194881889762
 31
0
  0
LINE
  5
FF0
330
1F
100
AcDbEntity
  8
In1.Cu
  6
CONTINUOUS
100
AcDbLine
 10
5.5677612598425199
 20
-3.2596194881889762
 30
0
 11
5.5677615354330712
 21
-3.2596196456692912
 31
0
  0
LINE
  5
FF1
330
1F
100
AcDbEntity
  8
In1.Cu
  6
CONTINUOUS
100
AcDbLine
 10
5.5677615354330712
 20
-3.2596196456692912
 30
0
 11
5.572090196850394
 21
-3.260779527559055
 31
0
  0
LINE
  5
FF2
330
1F
100
AcDbEntity
  8
In1.Cu
  6
CONTINUOUS
100
AcDbLine
 10
5.572090196850394
 20
-3.260779527559055
 30
0
 11
5.5720902755905515
 21
-3.260779527559055
 31
0
  0
LINE
  5
FF3
330
1F
100
AcDbEntity
  8
In1.Cu
  6
CONTINUOUS
100
AcDbLine
 10
5.5720902755905515
 20
-3.260779527559055
 30
0
 11
5.5765714566929132
 21
-3.260779527559055
 31
0
  0
LINE
  5
FF4
330
1F
100
AcDbEntity
  8
In1.Cu
  6
CONTINUOUS
100
AcDbLine
 10
5.5765714566929132
 20
-3.260779527559055
 30
0
 11
5.5765715354330707
 21
-3.260779527559055
 31
0
  0
LINE
  5
FF5
330
1F
100
AcDbEntity
  8
In1.Cu
  6
CONTINUOUS
100
AcDbLine
 10
5.5765715354330707
 20
-3.260779527559055
 30
0
 11
5.5809001968503935
 21
-3.2596196456692912
 31
0
  0
LINE
  5
FF6
330
1F
100
AcDbEntity
  8
In1.Cu
  6
CONTINUOUS
100
AcDbLine
 10
5.5809001968503935
 20
-3.2596196456692912
 30
0
 11
5.584781181102362
 21
-3.2573789763779528
 31
0
  0
LINE
  5
FF7
330
1F
100
AcDbEntity
  8
In1.Cu
  6
CONTINUOUS
100
AcDbLine
 10
5.584781181102362
 20
-3.2573789763779528
 30
0
 11
5.5879500000000002
 21
-3.2542101574803151
 31
0
  0
LINE
  5
FF8
330
1F
100
AcDbEntity
  8
In1.Cu
  6
CONTINUOUS
100
AcDbLine
 10
5.5879500000000002
 20
-3.2542101574803151
 30
0
 11
5.5901906692913386
 21
-3.2503291732283466
 31
0
  0
LINE
  5
FF9
330
1F
100
AcDbEntity
  8
In1.Cu
  6
CONTINUOUS
100
AcDbLine
 10
5.5901906692913386
 20
-3.2503291732283466
 30
0
 11
5.5913505511811019
 21
-3.2460005118110233
 31
0
  0
LINE
  5
FFA
330
1F
100
AcDbEntity
  8
In1.Cu
  6
CONTINUOUS
100
AcDbLine
 10
5.5913505511811019
 20
-3.2460005118110233
 30
0
 11
5.5913505511811019
 21
-3.2415191732283466
 31
0
  0
LINE
  5
FFB
330
1F
100
AcDbEntity
  8
In1.Cu
  6
CONTINUOUS
100
AcDbLine
 10
5.5913505511811019
 20
-3.2415191732283466
 30
0
 11
5.5901906692913386
 21
-3.2371905118110234
 31
0
  0
LINE
  5
FFC
330
1F
100
AcDbEntity
  8
In1.Cu
  6
CONTINUOUS
100
AcDbLine
 10
5.5901906692913386
 20
-3.2371905118110234
 30
0
 11
5.5886373228346455
 21
-3.2344999999999997
 31
0
  0
LINE
  5
FFD
330
1F
100
AcDbEntity
  8
In1.Cu
  6
CONTINUOUS
100
AcDbLine
 10
5.5886373228346455
 20
-3.2344999999999997
 30
0
 11
5.5879501574803152
 21
-3.2333097637795274
 31
0
  0
LINE
  5
FFE
330
1F
100
AcDbEntity
  8
In1.Cu
  6
CONTINUOUS
100
AcDbLine
 10
5.5879501574803152
 20
-3.2333097637795274
 30
0
 11
5.5879499212598427
 21
-3.2333094488188974
 31
0
  0
LINE
  5
FFF
330
1F
100
AcDbEntity
  8
In1.Cu
  6
CONTINUOUS
100
AcDbLine
 10
5.5879499212598427
 20
-3.2333094488188974
 30
0
 11
5.5847812204724407
 21
-3.2301407480314959
 31
0
  0
LINE
  5
1000
330
1F
100
AcDbEntity
  8
In1.Cu
  6
CONTINUOUS
100
AcDbLine
 10
5.5847812204724407
 20
-3.2301407480314959
 30
0
 11
5.5847809055118107
 21
-3.2301405118110234
 31
0
  0
LINE
  5
1001
330
1F
100
AcDbEntity
  8
In1.Cu
  6
CONTINUOUS
100
AcDbLine
 10
5.5847809055118107
 20
-3.2301405118110234
 30
0
 11
5.580900433070866
 21
-3.227900157480315
 31
0
  0
LINE
  5
1002
330
1F
100
AcDbEntity
  8
In1.Cu
  6
CONTINUOUS
100
AcDbLine
 10
5.580900433070866
 20
-3.227900157480315
 30
0
 11
5.5809002362204723
 21
-3.2279000393700787
 31
0
  0
LINE
  5
1003
330
1F
100
AcDbEntity
  8
In1.Cu
  6
CONTINUOUS
100
AcDbLine
 10
5.5809002362204723
 20
-3.2279000393700787
 30
0
 11
5.579457283464567
 21
-3.2275133858267715
 31
0
  0
LINE
  5
1004
330
1F
100
AcDbEntity
  8
In1.Cu
  6
CONTINUOUS
100
AcDbLine
 10
5.579457283464567
 20
-3.2275133858267715
 30
0
 11
5.5765715354330707
 21
-3.226740157480315
 31
0
  0
LINE
  5
1005
330
1F
100
AcDbEntity
  8
In1.Cu
  6
CONTINUOUS
100
AcDbLine
 10
5.5765715354330707
 20
-3.226740157480315
 30
0
 11
5.572090196850394
 21
-3.226740157480315
 31
0
  0
LINE
  5
1006
330
1F
100
AcDbEntity
  8
In1.Cu
  6
CONTINUOUS
100
AcDbLine
 10
5.572090196850394
 20
-3.226740157480315
 30
0
 11
5.5699258661417321
 21
-3.2273200787401572
 31
0
  0
LINE
  5
1007
330
1F
100
AcDbEntity
  8
In1.Cu
  6
CONTINUOUS
100
AcDbLine
 10
5.5699258661417321
 20
-3.2273200787401572
 30
0
 11
5.5677614566929137
 21
-3.2279000393700787
 31
0
  0
LINE
  5
1008
330
1F
100
AcDbEntity
  8
In1.Cu
  6
CONTINUOUS
100
AcDbLine
 10
5.5677614566929137
 20
-3.2279000393700787
 30
0
 11
5.5677612598425199
 21
-3.227900157480315
 31
0
  0
LINE
  5
1009
330
1F
100
AcDbEntity
  8
In1.Cu
  6
CONTINUOUS
100
AcDbLine
 10
5.5677612598425199
 20
-3.227900157480315
 30
0
 11
5.5638807874015743
 21
-3.2301405118110234
 31
0
  0
LINE
  5
100A
330
1F
100
AcDbEntity
  8
In1.Cu
  6
CONTINUOUS
100
AcDbLine
 10
5.5638807874015743
 20
-3.2301405118110234
 30
0
 11
5.5638804724409452
 21
-3.2301407480314959
 31
0
  0
LINE
  5
100B
330
1F
100
AcDbEntity
  8
In1.Cu
  6
CONTINUOUS
100
AcDbLine
 10
5.5638804724409452
 20
-3.2301407480314959
 30
0
 11
5.5607117716535432
 21
-3.2333094488188974
 31
0
  0
LINE
  5
100C
330
1F
100
AcDbEntity
  8
In1.Cu
  6
CONTINUOUS
100
AcDbLine
 10
5.5607117716535432
 20
-3.2333094488188974
 30
0
 11
5.5607115354330707
 21
-3.2333097637795274
 31
0
  0
LINE
  5
100D
330
1F
100
AcDbEntity
  8
In1.Cu
  6
CONTINUOUS
100
AcDbLine
 10
5.5607115354330707
 20
-3.2333097637795274
 30
0
 11
5.5584711811023624
 21
-3.2371902362204725
 31
0
  0
LINE
  5
100E
330
1F
100
AcDbEntity
  8
In1.Cu
  6
CONTINUOUS
100
AcDbLine
 10
5.5584711811023624
 20
-3.2371902362204725
 30
0
 11
5.5584710629921261
 21
-3.2371904330708658
 31
0
  0
LINE
  5
100F
330
1F
100
AcDbEntity
  8
In1.Cu
  6
CONTINUOUS
100
AcDbLine
 10
5.5584710629921261
 20
-3.2371904330708658
 30
0
 11
5.5581557480314956
 21
-3.238367244094488
 31
0
  0
LINE
  5
1010
330
1F
100
AcDbEntity
  8
In1.Cu
  6
CONTINUOUS
100
AcDbLine
 10
5.5581557480314956
 20
-3.238367244094488
 30
0
 11
5.5573111811023619
 21
-3.2415191732283466
 31
0
  0
LINE
  5
1011
330
1F
100
AcDbEntity
  8
In1.Cu
  6
CONTINUOUS
100
AcDbLine
 10
5.5573111811023619
 20
-3.2415191732283466
 30
0
 11
5.5573111811023619
 21
-3.2460005118110233
 31
0
  0
LINE
  5
1012
330
1F
100
AcDbEntity
  8
In1.Cu
  6
CONTINUOUS
100
AcDbLine
 10
5.7541615748031498
 20
-3.2460005118110233
 30
0
 11
5.7543890157480311
 21
-3.2468492519685039
 31
0
  0
LINE
  5
1013
330
1F
100
AcDbEntity
  8
In1.Cu
  6
CONTINUOUS
100
AcDbLine
 10
5.7543890157480311
 20
-3.2468492519685039
 30
0
 11
5.7553214566929132
 21
-3.2503292125984253
 31
0
  0
LINE
  5
1014
330
1F
100
AcDbEntity
  8
In1.Cu
  6
CONTINUOUS
100
AcDbLine
 10
5.7553214566929132
 20
-3.2503292125984253
 30
0
 11
5.7553215748031494
 21
-3.2503294094488187
 31
0
  0
LINE
  5
1015
330
1F
100
AcDbEntity
  8
In1.Cu
  6
CONTINUOUS
100
AcDbLine
 10
5.7553215748031494
 20
-3.2503294094488187
 30
0
 11
5.7575619291338578
 21
-3.2542098818897638
 31
0
  0
LINE
  5
1016
330
1F
100
AcDbEntity
  8
In1.Cu
  6
CONTINUOUS
100
AcDbLine
 10
5.7575619291338578
 20
-3.2542098818897638
 30
0
 11
5.7575620866141728
 21
-3.2542100787401576
 31
0
  0
LINE
  5
1017
330
1F
100
AcDbEntity
  8
In1.Cu
  6
CONTINUOUS
100
AcDbLine
 10
5.7575620866141728
 20
-3.2542100787401576
 30
0
 11
5.7575621259842515
 21
-3.2542101574803151
 31
0
  0
LINE
  5
1018
330
1F
100
AcDbEntity
  8
In1.Cu
  6
CONTINUOUS
100
AcDbLine
 10
5.7575621259842515
 20
-3.2542101574803151
 30
0
 11
5.7607309448818897
 21
-3.2573789763779528
 31
0
  0
LINE
  5
1019
330
1F
100
AcDbEntity
  8
In1.Cu
  6
CONTINUOUS
100
AcDbLine
 10
5.7607309448818897
 20
-3.2573789763779528
 30
0
 11
5.7607310236220473
 21
-3.2573790157480316
 31
0
  0
LINE
  5
101A
330
1F
100
AcDbEntity
  8
In1.Cu
  6
CONTINUOUS
100
AcDbLine
 10
5.7607310236220473
 20
-3.2573790157480316
 30
0
 11
5.7607311811023623
 21
-3.2573791338582678
 31
0
  0
LINE
  5
101B
330
1F
100
AcDbEntity
  8
In1.Cu
  6
CONTINUOUS
100
AcDbLine
 10
5.7607311811023623
 20
-3.2573791338582678
 30
0
 11
5.764611653543307
 21
-3.2596194881889762
 31
0
  0
LINE
  5
101C
330
1F
100
AcDbEntity
  8
In1.Cu
  6
CONTINUOUS
100
AcDbLine
 10
5.764611653543307
 20
-3.2596194881889762
 30
0
 11
5.7646119291338582
 21
-3.2596196456692912
 31
0
  0
LINE
  5
101D
330
1F
100
AcDbEntity
  8
In1.Cu
  6
CONTINUOUS
100
AcDbLine
 10
5.7646119291338582
 20
-3.2596196456692912
 30
0
 11
5.768940590551181
 21
-3.260779527559055
 31
0
  0
LINE
  5
101E
330
1F
100
AcDbEntity
  8
In1.Cu
  6
CONTINUOUS
100
AcDbLine
 10
5.768940590551181
 20
-3.260779527559055
 30
0
 11
5.7689406692913385
 21
-3.260779527559055
 31
0
  0
LINE
  5
101F
330
1F
100
AcDbEntity
  8
In1.Cu
  6
CONTINUOUS
100
AcDbLine
 10
5.7689406692913385
 20
-3.260779527559055
 30
0
 11
5.7734218503937003
 21
-3.260779527559055
 31
0
  0
LINE
  5
1020
330
1F
100
AcDbEntity
  8
In1.Cu
  6
CONTINUOUS
100
AcDbLine
 10
5.7734218503937003
 20
-3.260779527559055
 30
0
 11
5.7734219291338578
 21
-3.260779527559055
 31
0
  0
LINE
  5
1021
330
1F
100
AcDbEntity
  8
In1.Cu
  6
CONTINUOUS
100
AcDbLine
 10
5.7734219291338578
 20
-3.260779527559055
 30
0
 11
5.7777505905511806
 21
-3.2596196456692912
 31
0
  0
LINE
  5
1022
330
1F
100
AcDbEntity
  8
In1.Cu
  6
CONTINUOUS
100
AcDbLine
 10
5.7777505905511806
 20
-3.2596196456692912
 30
0
 11
5.781631574803149
 21
-3.2573789763779528
 31
0
  0
LINE
  5
1023
330
1F
100
AcDbEntity
  8
In1.Cu
  6
CONTINUOUS
100
AcDbLine
 10
5.781631574803149
 20
-3.2573789763779528
 30
0
 11
5.7848003937007872
 21
-3.2542101574803151
 31
0
  0
LINE
  5
1024
330
1F
100
AcDbEntity
  8
In1.Cu
  6
CONTINUOUS
100
AcDbLine
 10
5.7848003937007872
 20
-3.2542101574803151
 30
0
 11
5.7870410629921256
 21
-3.2503291732283466
 31
0
  0
LINE
  5
1025
330
1F
100
AcDbEntity
  8
In1.Cu
  6
CONTINUOUS
100
AcDbLine
 10
5.7870410629921256
 20
-3.2503291732283466
 30
0
 11
5.7882009448818899
 21
-3.2460005118110233
 31
0
  0
LINE
  5
1026
330
1F
100
AcDbEntity
  8
In1.Cu
  6
CONTINUOUS
100
AcDbLine
 10
5.7882009448818899
 20
-3.2460005118110233
 30
0
 11
5.7882009448818899
 21
-3.2415191732283466
 31
0
  0
LINE
  5
1027
330
1F
100
AcDbEntity
  8
In1.Cu
  6
CONTINUOUS
100
AcDbLine
 10
5.7882009448818899
 20
-3.2415191732283466
 30
0
 11
5.7870410629921256
 21
-3.2371905118110234
 31
0
  0
LINE
  5
1028
330
1F
100
AcDbEntity
  8
In1.Cu
  6
CONTINUOUS
100
AcDbLine
 10
5.7870410629921256
 20
-3.2371905118110234
 30
0
 11
5.7854877165354326
 21
-3.2344999999999997
 31
0
  0
LINE
  5
1029
330
1F
100
AcDbEntity
  8
In1.Cu
  6
CONTINUOUS
100
AcDbLine
 10
5.7854877165354326
 20
-3.2344999999999997
 30
0
 11
5.7848005511811023
 21
-3.2333097637795274
 31
0
  0
LINE
  5
102A
330
1F
100
AcDbEntity
  8
In1.Cu
  6
CONTINUOUS
100
AcDbLine
 10
5.7848005511811023
 20
-3.2333097637795274
 30
0
 11
5.7848003149606297
 21
-3.2333094488188974
 31
0
  0
LINE
  5
102B
330
1F
100
AcDbEntity
  8
In1.Cu
  6
CONTINUOUS
100
AcDbLine
 10
5.7848003149606297
 20
-3.2333094488188974
 30
0
 11
5.7816316141732278
 21
-3.2301407480314959
 31
0
  0
LINE
  5
102C
330
1F
100
AcDbEntity
  8
In1.Cu
  6
CONTINUOUS
100
AcDbLine
 10
5.7816316141732278
 20
-3.2301407480314959
 30
0
 11
5.7816312992125987
 21
-3.2301405118110234
 31
0
  0
LINE
  5
102D
330
1F
100
AcDbEntity
  8
In1.Cu
  6
CONTINUOUS
100
AcDbLine
 10
5.7816312992125987
 20
-3.2301405118110234
 30
0
 11
5.7777508267716531
 21
-3.227900157480315
 31
0
  0
LINE
  5
102E
330
1F
100
AcDbEntity
  8
In1.Cu
  6
CONTINUOUS
100
AcDbLine
 10
5.7777508267716531
 20
-3.227900157480315
 30
0
 11
5.7777506299212593
 21
-3.2279000393700787
 31
0
  0
LINE
  5
102F
330
1F
100
AcDbEntity
  8
In1.Cu
  6
CONTINUOUS
100
AcDbLine
 10
5.7777506299212593
 20
-3.2279000393700787
 30
0
 11
5.7763076771653541
 21
-3.2275133858267715
 31
0
  0
LINE
  5
1030
330
1F
100
AcDbEntity
  8
In1.Cu
  6
CONTINUOUS
100
AcDbLine
 10
5.7763076771653541
 20
-3.2275133858267715
 30
0
 11
5.7734219291338578
 21
-3.226740157480315
 31
0
  0
LINE
  5
1031
330
1F
100
AcDbEntity
  8
In1.Cu
  6
CONTINUOUS
100
AcDbLine
 10
5.7734219291338578
 20
-3.226740157480315
 30
0
 11
5.768940590551181
 21
-3.226740157480315
 31
0
  0
LINE
  5
1032
330
1F
100
AcDbEntity
  8
In1.Cu
  6
CONTINUOUS
100
AcDbLine
 10
5.768940590551181
 20
-3.226740157480315
 30
0
 11
5.7667762598425192
 21
-3.2273200787401572
 31
0
  0
LINE
  5
1033
330
1F
100
AcDbEntity
  8
In1.Cu
  6
CONTINUOUS
100
AcDbLine
 10
5.7667762598425192
 20
-3.2273200787401572
 30
0
 11
5.7646118503937007
 21
-3.2279000393700787
 31
0
  0
LINE
  5
1034
330
1F
100
AcDbEntity
  8
In1.Cu
  6
CONTINUOUS
100
AcDbLine
 10
5.7646118503937007
 20
-3.2279000393700787
 30
0
 11
5.764611653543307
 21
-3.227900157480315
 31
0
  0
LINE
  5
1035
330
1F
100
AcDbEntity
  8
In1.Cu
  6
CONTINUOUS
100
AcDbLine
 10
5.764611653543307
 20
-3.227900157480315
 30
0
 11
5.7607311811023623
 21
-3.2301405118110234
 31
0
  0
LINE
  5
1036
330
1F
100
AcDbEntity
  8
In1.Cu
  6
CONTINUOUS
100
AcDbLine
 10
5.7607311811023623
 20
-3.2301405118110234
 30
0
 11
5.7607308661417322
 21
-3.2301407480314959
 31
0
  0
LINE
  5
1037
330
1F
100
AcDbEntity
  8
In1.Cu
  6
CONTINUOUS
100
AcDbLine
 10
5.7607308661417322
 20
-3.2301407480314959
 30
0
 11
5.7575621653543303
 21
-3.2333094488188974
 31
0
  0
LINE
  5
1038
330
1F
100
AcDbEntity
  8
In1.Cu
  6
CONTINUOUS
100
AcDbLine
 10
5.7575621653543303
 20
-3.2333094488188974
 30
0
 11
5.7575619291338578
 21
-3.2333097637795274
 31
0
  0
LINE
  5
1039
330
1F
100
AcDbEntity
  8
In1.Cu
  6
CONTINUOUS
100
AcDbLine
 10
5.7575619291338578
 20
-3.2333097637795274
 30
0
 11
5.7553215748031494
 21
-3.2371902362204725
 31
0
  0
LINE
  5
103A
330
1F
100
AcDbEntity
  8
In1.Cu
  6
CONTINUOUS
100
AcDbLine
 10
5.7553215748031494
 20
-3.2371902362204725
 30
0
 11
5.7553214566929132
 21
-3.2371904330708658
 31
0
  0
LINE
  5
103B
330
1F
100
AcDbEntity
  8
In1.Cu
  6
CONTINUOUS
100
AcDbLine
 10
5.7553214566929132
 20
-3.2371904330708658
 30
0
 11
5.7550061417322835
 21
-3.238367244094488
 31
0
  0
LINE
  5
103C
330
1F
100
AcDbEntity
  8
In1.Cu
  6
CONTINUOUS
100
AcDbLine
 10
5.7550061417322835
 20
-3.238367244094488
 30
0
 11
5.7541615748031498
 21
-3.2415191732283466
 31
0
  0
LINE
  5
103D
330
1F
100
AcDbEntity
  8
In1.Cu
  6
CONTINUOUS
100
AcDbLine
 10
5.7541615748031498
 20
-3.2415191732283466
 30
0
 11
5.7541615748031498
 21
-3.2460005118110233
 31
0
  0
LINE
  5
103E
330
1F
100
AcDbEntity
  8
In1.Cu
  6
CONTINUOUS
100
AcDbLine
 10
5.5294490157480309
 20
-4.4880118503937005
 30
0
 11
5.5491340551181105
 21
-4.4880118503937005
 31
0
  0
LINE
  5
103F
330
1F
100
AcDbEntity
  8
In1.Cu
  6
CONTINUOUS
100
AcDbLine
 10
5.5491340551181105
 20
-4.4880118503937005
 30
0
 11
5.5491340551181105
 21
-4.4643898031496061
 31
0
  0
LINE
  5
1040
330
1F
100
AcDbEntity
  8
In1.Cu
  6
CONTINUOUS
100
AcDbLine
 10
5.5491340551181105
 20
-4.4643898031496061
 30
0
 11
5.572756102362205
 21
-4.4643898031496061
 31
0
  0
LINE
  5
1041
330
1F
100
AcDbEntity
  8
In1.Cu
  6
CONTINUOUS
100
AcDbLine
 10
5.572756102362205
 20
-4.4643898031496061
 30
0
 11
5.572756102362205
 21
-4.4447047637795274
 31
0
  0
LINE
  5
1042
330
1F
100
AcDbEntity
  8
In1.Cu
  6
CONTINUOUS
100
AcDbLine
 10
5.572756102362205
 20
-4.4447047637795274
 30
0
 11
5.5472503937007875
 21
-4.4447047637795274
 31
0
  0
LINE
  5
1043
330
1F
100
AcDbEntity
  8
In1.Cu
  6
CONTINUOUS
100
AcDbLine
 10
5.5472503937007875
 20
-4.4447047637795274
 30
0
 11
5.544906771653543
 21
-4.4449567716535432
 31
0
  0
LINE
  5
1044
330
1F
100
AcDbEntity
  8
In1.Cu
  6
CONTINUOUS
100
AcDbLine
 10
5.544906771653543
 20
-4.4449567716535432
 30
0
 11
5.5449064960629917
 21
-4.4449568503937007
 31
0
  0
LINE
  5
1045
330
1F
100
AcDbEntity
  8
In1.Cu
  6
CONTINUOUS
100
AcDbLine
 10
5.5449064960629917
 20
-4.4449568503937007
 30
0
 11
5.5396030708661419
 21
-4.4469348818897636
 31
0
  0
LINE
  5
1046
330
1F
100
AcDbEntity
  8
In1.Cu
  6
CONTINUOUS
100
AcDbLine
 10
5.5396030708661419
 20
-4.4469348818897636
 30
0
 11
5.5396027952755906
 21
-4.4469350393700786
 31
0
  0
LINE
  5
1047
330
1F
100
AcDbEntity
  8
In1.Cu
  6
CONTINUOUS
100
AcDbLine
 10
5.5396027952755906
 20
-4.4469350393700786
 30
0
 11
5.5350715354330706
 21
-4.4503271653543308
 31
0
  0
LINE
  5
1048
330
1F
100
AcDbEntity
  8
In1.Cu
  6
CONTINUOUS
100
AcDbLine
 10
5.5350715354330706
 20
-4.4503271653543308
 30
0
 11
5.5350714173228344
 21
-4.4503272834645671
 31
0
  0
LINE
  5
1049
330
1F
100
AcDbEntity
  8
In1.Cu
  6
CONTINUOUS
100
AcDbLine
 10
5.5350714173228344
 20
-4.4503272834645671
 30
0
 11
5.5316792913385822
 21
-4.4548585433070862
 31
0
  0
LINE
  5
104A
330
1F
100
AcDbEntity
  8
In1.Cu
  6
CONTINUOUS
100
AcDbLine
 10
5.5316792913385822
 20
-4.4548585433070862
 30
0
 11
5.5316791338582672
 21
-4.4548588188976375
 31
0
  0
LINE
  5
104B
330
1F
100
AcDbEntity
  8
In1.Cu
  6
CONTINUOUS
100
AcDbLine
 10
5.5316791338582672
 20
-4.4548588188976375
 30
0
 11
5.5297011023622042
 21
-4.4601622440944881
 31
0
  0
LINE
  5
104C
330
1F
100
AcDbEntity
  8
In1.Cu
  6
CONTINUOUS
100
AcDbLine
 10
5.5297011023622042
 20
-4.4601622440944881
 30
0
 11
5.5297010236220467
 21
-4.4601625196850394
 31
0
  0
LINE
  5
104D
330
1F
100
AcDbEntity
  8
In1.Cu
  6
CONTINUOUS
100
AcDbLine
 10
5.5297010236220467
 20
-4.4601625196850394
 30
0
 11
5.5294490157480309
 21
-4.4625061417322831
 31
0
  0
LINE
  5
104E
330
1F
100
AcDbEntity
  8
In1.Cu
  6
CONTINUOUS
100
AcDbLine
 10
5.5294490157480309
 20
-4.4625061417322831
 30
0
 11
5.5294490157480309
 21
-4.4880118503937005
 31
0
  0
LINE
  5
104F
330
1F
100
AcDbEntity
  8
In1.Cu
  6
CONTINUOUS
100
AcDbLine
 10
5.1693951574803148
 20
-4.4002365354330708
 30
0
 11
5.1697122440944883
 21
-4.4068932677165353
 31
0
  0
LINE
  5
1050
330
1F
100
AcDbEntity
  8
In1.Cu
  6
CONTINUOUS
100
AcDbLine
 10
5.1697122440944883
 20
-4.4068932677165353
 30
0
 11
5.169712283464567
 21
-4.4068936614173229
 31
0
  0
LINE
  5
1051
330
1F
100
AcDbEntity
  8
In1.Cu
  6
CONTINUOUS
100
AcDbLine
 10
5.169712283464567
 20
-4.4068936614173229
 30
0
 11
5.1703457480314956
 21
-4.4135278346456692
 31
0
  0
LINE
  5
1052
330
1F
100
AcDbEntity
  8
In1.Cu
  6
CONTINUOUS
100
AcDbLine
 10
5.1703457480314956
 20
-4.4135278346456692
 30
0
 11
5.1703457874015744
 21
-4.4135279921259842
 31
0
  0
LINE
  5
1053
330
1F
100
AcDbEntity
  8
In1.Cu
  6
CONTINUOUS
100
AcDbLine
 10
5.1703457874015744
 20
-4.4135279921259842
 30
0
 11
5.1712940157480309
 21
-4.4201233070866142
 31
0
  0
LINE
  5
1054
330
1F
100
AcDbEntity
  8
In1.Cu
  6
CONTINUOUS
100
AcDbLine
 10
5.1712940157480309
 20
-4.4201233070866142
 30
0
 11
5.1712941338582672
 21
-4.4201238582677167
 31
0
  0
LINE
  5
1055
330
1F
100
AcDbEntity
  8
In1.Cu
  6
CONTINUOUS
100
AcDbLine
 10
5.1712941338582672
 20
-4.4201238582677167
 30
0
 11
5.1725553937007875
 21
-4.4266677165354329
 31
0
  0
LINE
  5
1056
330
1F
100
AcDbEntity
  8
In1.Cu
  6
CONTINUOUS
100
AcDbLine
 10
5.1725553937007875
 20
-4.4266677165354329
 30
0
 11
5.1741265748031493
 21
-4.4331444094488184
 31
0
  0
LINE
  5
1057
330
1F
100
AcDbEntity
  8
In1.Cu
  6
CONTINUOUS
100
AcDbLine
 10
5.1741265748031493
 20
-4.4331444094488184
 30
0
 11
5.1760041732283462
 21
-4.4395387795275587
 31
0
  0
LINE
  5
1058
330
1F
100
AcDbEntity
  8
In1.Cu
  6
CONTINUOUS
100
AcDbLine
 10
5.1760041732283462
 20
-4.4395387795275587
 30
0
 11
5.1760042913385824
 21
-4.4395390944881887
 31
0
  0
LINE
  5
1059
330
1F
100
AcDbEntity
  8
In1.Cu
  6
CONTINUOUS
100
AcDbLine
 10
5.1760042913385824
 20
-4.4395390944881887
 30
0
 11
5.1781837795275587
 21
-4.4458362992125986
 31
0
  0
LINE
  5
105A
330
1F
100
AcDbEntity
  8
In1.Cu
  6
CONTINUOUS
100
AcDbLine
 10
5.1781837795275587
 20
-4.4458362992125986
 30
0
 11
5.1806606299212596
 21
-4.4520231889763782
 31
0
  0
LINE
  5
105B
330
1F
100
AcDbEntity
  8
In1.Cu
  6
CONTINUOUS
100
AcDbLine
 10
5.1806606299212596
 20
-4.4520231889763782
 30
0
 11
5.1806609448818897
 21
-4.4520238976377948
 31
0
  0
LINE
  5
105C
330
1F
100
AcDbEntity
  8
In1.Cu
  6
CONTINUOUS
100
AcDbLine
 10
5.1806609448818897
 20
-4.4520238976377948
 30
0
 11
5.1806611023622047
 21
-4.4520242519685036
 31
0
  0
LINE
  5
105D
330
1F
100
AcDbEntity
  8
In1.Cu
  6
CONTINUOUS
100
AcDbLine
 10
5.1806611023622047
 20
-4.4520242519685036
 30
0
 11
5.1819556299212595
 21
-4.4548588188976375
 31
0
  0
LINE
  5
105E
330
1F
100
AcDbEntity
  8
In1.Cu
  6
CONTINUOUS
100
AcDbLine
 10
5.1819556299212595
 20
-4.4548588188976375
 30
0
 11
5.1834290944881891
 21
-4.4580852755905509
 31
0
  0
LINE
  5
105F
330
1F
100
AcDbEntity
  8
In1.Cu
  6
CONTINUOUS
100
AcDbLine
 10
5.1834290944881891
 20
-4.4580852755905509
 30
0
 11
5.1864828346456688
 21
-4.4640087401574799
 31
0
  0
LINE
  5
1060
330
1F
100
AcDbEntity
  8
In1.Cu
  6
CONTINUOUS
100
AcDbLine
 10
5.1864828346456688
 20
-4.4640087401574799
 30
0
 11
5.1873946850393704
 21
-4.4655881102362205
 31
0
  0
LINE
  5
1061
330
1F
100
AcDbEntity
  8
In1.Cu
  6
CONTINUOUS
100
AcDbLine
 10
5.1873946850393704
 20
-4.4655881102362205
 30
0
 11
5.1898148031496065
 21
-4.4697798818897638
 31
0
  0
LINE
  5
1062
330
1F
100
AcDbEntity
  8
In1.Cu
  6
CONTINUOUS
100
AcDbLine
 10
5.1898148031496065
 20
-4.4697798818897638
 30
0
 11
5.189814881889764
 21
-4.4697800000000001
 31
0
  0
LINE
  5
1063
330
1F
100
AcDbEntity
  8
In1.Cu
  6
CONTINUOUS
100
AcDbLine
 10
5.189814881889764
 20
-4.4697800000000001
 30
0
 11
5.1934175196850392
 21
-4.4753858267716531
 31
0
  0
LINE
  5
1064
330
1F
100
AcDbEntity
  8
In1.Cu
  6
CONTINUOUS
100
AcDbLine
 10
5.1934175196850392
 20
-4.4753858267716531
 30
0
 11
5.1934175984251967
 21
-4.4753859448818893
 31
0
  0
LINE
  5
1065
330
1F
100
AcDbEntity
  8
In1.Cu
  6
CONTINUOUS
100
AcDbLine
 10
5.1934175984251967
 20
-4.4753859448818893
 30
0
 11
5.1934179921259842
 21
-4.4753865354330706
 31
0
  0
LINE
  5
1066
330
1F
100
AcDbEntity
  8
In1.Cu
  6
CONTINUOUS
100
AcDbLine
 10
5.1934179921259842
 20
-4.4753865354330706
 30
0
 11
5.1962677559055113
 21
-4.4793884645669291
 31
0
  0
LINE
  5
1067
330
1F
100
AcDbEntity
  8
In1.Cu
  6
CONTINUOUS
100
AcDbLine
 10
5.1962677559055113
 20
-4.4793884645669291
 30
0
 11
5.1972835826771648
 21
-4.4808149999999998
 31
0
  0
LINE
  5
1068
330
1F
100
AcDbEntity
  8
In1.Cu
  6
CONTINUOUS
100
AcDbLine
 10
5.1972835826771648
 20
-4.4808149999999998
 30
0
 11
5.2014032283464564
 21
-4.486053622047244
 31
0
  0
LINE
  5
1069
330
1F
100
AcDbEntity
  8
In1.Cu
  6
CONTINUOUS
100
AcDbLine
 10
5.2014032283464564
 20
-4.486053622047244
 30
0
 11
5.2014036614173227
 21
-4.4860541732283465
 31
0
  0
LINE
  5
106A
330
1F
100
AcDbEntity
  8
In1.Cu
  6
CONTINUOUS
100
AcDbLine
 10
5.2014036614173227
 20
-4.4860541732283465
 30
0
 11
5.2057670078740159
 21
-4.4910896850393698
 31
0
  0
LINE
  5
106B
330
1F
100
AcDbEntity
  8
In1.Cu
  6
CONTINUOUS
100
AcDbLine
 10
5.2057670078740159
 20
-4.4910896850393698
 30
0
 11
5.2057671653543309
 21
-4.4910898425196848
 31
0
  0
LINE
  5
106C
330
1F
100
AcDbEntity
  8
In1.Cu
  6
CONTINUOUS
100
AcDbLine
 10
5.2057671653543309
 20
-4.4910898425196848
 30
0
 11
5.2057674409448822
 21
-4.4910901574803148
 31
0
  0
LINE
  5
106D
330
1F
100
AcDbEntity
  8
In1.Cu
  6
CONTINUOUS
100
AcDbLine
 10
5.2057674409448822
 20
-4.4910901574803148
 30
0
 11
5.2085558661417322
 21
-4.4940145669291338
 31
0
  0
LINE
  5
106E
330
1F
100
AcDbEntity
  8
In1.Cu
  6
CONTINUOUS
100
AcDbLine
 10
5.2085558661417322
 20
-4.4940145669291338
 30
0
 11
5.2103659055118108
 21
-4.4959129133858271
 31
0
  0
LINE
  5
106F
330
1F
100
AcDbEntity
  8
In1.Cu
  6
CONTINUOUS
100
AcDbLine
 10
5.2103659055118108
 20
-4.4959129133858271
 30
0
 11
5.2103661023622045
 21
-4.49591311023622
 31
0
  0
LINE
  5
1070
330
1F
100
AcDbEntity
  8
In1.Cu
  6
CONTINUOUS
100
AcDbLine
 10
5.2103661023622045
 20
-4.49591311023622
 30
0
 11
5.2103663385826771
 21
-4.4959133464566925
 31
0
  0
LINE
  5
1071
330
1F
100
AcDbEntity
  8
In1.Cu
  6
CONTINUOUS
100
AcDbLine
 10
5.2103663385826771
 20
-4.4959133464566925
 30
0
 11
5.2103668110236221
 21
-4.4959137795275588
 31
0
  0
LINE
  5
1072
330
1F
100
AcDbEntity
  8
In1.Cu
  6
CONTINUOUS
100
AcDbLine
 10
5.2103668110236221
 20
-4.4959137795275588
 30
0
 11
5.2151899999999998
 21
-4.5005127165354333
 31
0
  0
LINE
  5
1073
330
1F
100
AcDbEntity
  8
In1.Cu
  6
CONTINUOUS
100
AcDbLine
 10
5.2151899999999998
 20
-4.5005127165354333
 30
0
 11
5.2151901574803148
 21
-4.5005128346456695
 31
0
  0
LINE
  5
1074
330
1F
100
AcDbEntity
  8
In1.Cu
  6
CONTINUOUS
100
AcDbLine
 10
5.2151901574803148
 20
-4.5005128346456695
 30
0
 11
5.2202260236220468
 21
-4.5048764173228344
 31
0
  0
LINE
  5
1075
330
1F
100
AcDbEntity
  8
In1.Cu
  6
CONTINUOUS
100
AcDbLine
 10
5.2202260236220468
 20
-4.5048764173228344
 30
0
 11
5.2202261417322831
 21
-4.5048764960629919
 31
0
  0
LINE
  5
1076
330
1F
100
AcDbEntity
  8
In1.Cu
  6
CONTINUOUS
100
AcDbLine
 10
5.2202261417322831
 20
-4.5048764960629919
 30
0
 11
5.2202265354330706
 21
-4.5048768503937007
 31
0
  0
LINE
  5
1077
330
1F
100
AcDbEntity
  8
In1.Cu
  6
CONTINUOUS
100
AcDbLine
 10
5.2202265354330706
 20
-4.5048768503937007
 30
0
 11
5.2254630314960631
 21
-4.5089948818897634
 31
0
  0
LINE
  5
1078
330
1F
100
AcDbEntity
  8
In1.Cu
  6
CONTINUOUS
100
AcDbLine
 10
5.2254630314960631
 20
-4.5089948818897634
 30
0
 11
5.2254637795275594
 21
-4.5089954330708659
 31
0
  0
LINE
  5
1079
330
1F
100
AcDbEntity
  8
In1.Cu
  6
CONTINUOUS
100
AcDbLine
 10
5.2254637795275594
 20
-4.5089954330708659
 30
0
 11
5.2254645275590548
 21
-4.5089960236220472
 31
0
  0
LINE
  5
107A
330
1F
100
AcDbEntity
  8
In1.Cu
  6
CONTINUOUS
100
AcDbLine
 10
5.2254645275590548
 20
-4.5089960236220472
 30
0
 11
5.2267919291338583
 21
-4.5099412598425195
 31
0
  0
LINE
  5
107B
330
1F
100
AcDbEntity
  8
In1.Cu
  6
CONTINUOUS
100
AcDbLine
 10
5.2267919291338583
 20
-4.5099412598425195
 30
0
 11
5.2308925196850389
 21
-4.5128612992125987
 31
0
  0
LINE
  5
107C
330
1F
100
AcDbEntity
  8
In1.Cu
  6
CONTINUOUS
100
AcDbLine
 10
5.2308925196850389
 20
-4.5128612992125987
 30
0
 11
5.2308937007874015
 21
-4.5128620866141729
 31
0
  0
LINE
  5
107D
330
1F
100
AcDbEntity
  8
In1.Cu
  6
CONTINUOUS
100
AcDbLine
 10
5.2308937007874015
 20
-4.5128620866141729
 30
0
 11
5.2364994881889766
 21
-4.5164646850393702
 31
0
  0
LINE
  5
107E
330
1F
100
AcDbEntity
  8
In1.Cu
  6
CONTINUOUS
100
AcDbLine
 10
5.2364994881889766
 20
-4.5164646850393702
 30
0
 11
5.2422709055118109
 21
-4.5197968503937007
 31
0
  0
LINE
  5
107F
330
1F
100
AcDbEntity
  8
In1.Cu
  6
CONTINUOUS
100
AcDbLine
 10
5.2422709055118109
 20
-4.5197968503937007
 30
0
 11
5.2481943700787399
 21
-4.5228505905511813
 31
0
  0
LINE
  5
1080
330
1F
100
AcDbEntity
  8
In1.Cu
  6
CONTINUOUS
100
AcDbLine
 10
5.2481943700787399
 20
-4.5228505905511813
 30
0
 11
5.254255433070866
 21
-4.5256185826771649
 31
0
  0
LINE
  5
1081
330
1F
100
AcDbEntity
  8
In1.Cu
  6
CONTINUOUS
100
AcDbLine
 10
5.254255433070866
 20
-4.5256185826771649
 30
0
 11
5.2542564566929135
 21
-4.5256190551181099
 31
0
  0
LINE
  5
1082
330
1F
100
AcDbEntity
  8
In1.Cu
  6
CONTINUOUS
100
AcDbLine
 10
5.2542564566929135
 20
-4.5256190551181099
 30
0
 11
5.2542568897637798
 21
-4.5256192519685037
 31
0
  0
LINE
  5
1083
330
1F
100
AcDbEntity
  8
In1.Cu
  6
CONTINUOUS
100
AcDbLine
 10
5.2542568897637798
 20
-4.5256192519685037
 30
0
 11
5.2604423228346455
 21
-4.5280955511811021
 31
0
  0
LINE
  5
1084
330
1F
100
AcDbEntity
  8
In1.Cu
  6
CONTINUOUS
100
AcDbLine
 10
5.2604423228346455
 20
-4.5280955511811021
 30
0
 11
5.2604424803149605
 21
-4.5280955905511808
 31
0
  0
LINE
  5
1085
330
1F
100
AcDbEntity
  8
In1.Cu
  6
CONTINUOUS
100
AcDbLine
 10
5.2604424803149605
 20
-4.5280955905511808
 30
0
 11
5.2604433464566931
 21
-4.5280959448818896
 31
0
  0
LINE
  5
1086
330
1F
100
AcDbEntity
  8
In1.Cu
  6
CONTINUOUS
100
AcDbLine
 10
5.2604433464566931
 20
-4.5280959448818896
 30
0
 11
5.2667411417322834
 21
-4.5302756299212597
 31
0
  0
LINE
  5
1087
330
1F
100
AcDbEntity
  8
In1.Cu
  6
CONTINUOUS
100
AcDbLine
 10
5.2667411417322834
 20
-4.5302756299212597
 30
0
 11
5.2731354724409449
 21
-4.532153149606299
 31
0
  0
LINE
  5
1088
330
1F
100
AcDbEntity
  8
In1.Cu
  6
CONTINUOUS
100
AcDbLine
 10
5.2731354724409449
 20
-4.532153149606299
 30
0
 11
5.2796119291338579
 21
-4.5337243307086617
 31
0
  0
LINE
  5
1089
330
1F
100
AcDbEntity
  8
In1.Cu
  6
CONTINUOUS
100
AcDbLine
 10
5.2796119291338579
 20
-4.5337243307086617
 30
0
 11
5.286155787401575
 21
-4.5349855511811024
 31
0
  0
LINE
  5
108A
330
1F
100
AcDbEntity
  8
In1.Cu
  6
CONTINUOUS
100
AcDbLine
 10
5.286155787401575
 20
-4.5349855511811024
 30
0
 11
5.2927522440944879
 21
-4.5359339763779527
 31
0
  0
LINE
  5
108B
330
1F
100
AcDbEntity
  8
In1.Cu
  6
CONTINUOUS
100
AcDbLine
 10
5.2927522440944879
 20
-4.5359339763779527
 30
0
 11
5.2993863779527555
 21
-4.5365674803149609
 31
0
  0
LINE
  5
108C
330
1F
100
AcDbEntity
  8
In1.Cu
  6
CONTINUOUS
100
AcDbLine
 10
5.2993863779527555
 20
-4.5365674803149609
 30
0
 11
5.30604311023622
 21
-4.5368845669291336
 31
0
  0
LINE
  5
108D
330
1F
100
AcDbEntity
  8
In1.Cu
  6
CONTINUOUS
100
AcDbLine
 10
5.30604311023622
 20
-4.5368845669291336
 30
0
 11
5.3093752755905514
 21
-4.5369044094488187
 31
0
  0
LINE
  5
108E
330
1F
100
AcDbEntity
  8
In1.Cu
  6
CONTINUOUS
100
AcDbLine
 10
5.3093752755905514
 20
-4.5369044094488187
 30
0
 11
5.312707440944882
 21
-4.5368845669291336
 31
0
  0
LINE
  5
108F
330
1F
100
AcDbEntity
  8
In1.Cu
  6
CONTINUOUS
100
AcDbLine
 10
5.312707440944882
 20
-4.5368845669291336
 30
0
 11
5.3193641732283465
 21
-4.5365674803149609
 31
0
  0
LINE
  5
1090
330
1F
100
AcDbEntity
  8
In1.Cu
  6
CONTINUOUS
100
AcDbLine
 10
5.3193641732283465
 20
-4.5365674803149609
 30
0
 11
5.3259983070866141
 21
-4.5359340157480315
 31
0
  0
LINE
  5
1091
330
1F
100
AcDbEntity
  8
In1.Cu
  6
CONTINUOUS
100
AcDbLine
 10
5.3259983070866141
 20
-4.5359340157480315
 30
0
 11
5.332594763779527
 21
-4.5349855905511811
 31
0
  0
LINE
  5
1092
330
1F
100
AcDbEntity
  8
In1.Cu
  6
CONTINUOUS
100
AcDbLine
 10
5.332594763779527
 20
-4.5349855905511811
 30
0
 11
5.3391386220472441
 21
-4.5337243307086617
 31
0
  0
LINE
  5
1093
330
1F
100
AcDbEntity
  8
In1.Cu
  6
CONTINUOUS
100
AcDbLine
 10
5.3391386220472441
 20
-4.5337243307086617
 30
0
 11
5.3456150787401571
 21
-4.5321531889763778
 31
0
  0
LINE
  5
1094
330
1F
100
AcDbEntity
  8
In1.Cu
  6
CONTINUOUS
100
AcDbLine
 10
5.3456150787401571
 20
-4.5321531889763778
 30
0
 11
5.3520094094488186
 21
-4.5302756299212597
 31
0
  0
LINE
  5
1095
330
1F
100
AcDbEntity
  8
In1.Cu
  6
CONTINUOUS
100
AcDbLine
 10
5.3520094094488186
 20
-4.5302756299212597
 30
0
 11
5.3583072047244089
 21
-4.5280959448818896
 31
0
  0
LINE
  5
1096
330
1F
100
AcDbEntity
  8
In1.Cu
  6
CONTINUOUS
100
AcDbLine
 10
5.3583072047244089
 20
-4.5280959448818896
 30
0
 11
5.3644940944881885
 21
-4.5256190944881887
 31
0
  0
LINE
  5
1097
330
1F
100
AcDbEntity
  8
In1.Cu
  6
CONTINUOUS
100
AcDbLine
 10
5.3644940944881885
 20
-4.5256190944881887
 30
0
 11
5.3705561811023621
 21
-4.5228506299212601
 31
0
  0
LINE
  5
1098
330
1F
100
AcDbEntity
  8
In1.Cu
  6
CONTINUOUS
100
AcDbLine
 10
5.3705561811023621
 20
-4.5228506299212601
 30
0
 11
5.3764796456692912
 21
-4.5197968897637795
 31
0
  0
LINE
  5
1099
330
1F
100
AcDbEntity
  8
In1.Cu
  6
CONTINUOUS
100
AcDbLine
 10
5.3764796456692912
 20
-4.5197968897637795
 30
0
 11
5.3822511023622042
 21
-4.5164647244094489
 31
0
  0
LINE
  5
109A
330
1F
100
AcDbEntity
  8
In1.Cu
  6
CONTINUOUS
100
AcDbLine
 10
5.3822511023622042
 20
-4.5164647244094489
 30
0
 11
5.3878574409448818
 21
-4.5128617322834641
 31
0
  0
LINE
  5
109B
330
1F
100
AcDbEntity
  8
In1.Cu
  6
CONTINUOUS
100
AcDbLine
 10
5.3878574409448818
 20
-4.5128617322834641
 30
0
 11
5.3932860236220472
 21
-4.508996062992126
 31
0
  0
LINE
  5
109C
330
1F
100
AcDbEntity
  8
In1.Cu
  6
CONTINUOUS
100
AcDbLine
 10
5.3932860236220472
 20
-4.508996062992126
 30
0
 11
5.3985245275590552
 21
-4.5048764960629919
 31
0
  0
LINE
  5
109D
330
1F
100
AcDbEntity
  8
In1.Cu
  6
CONTINUOUS
100
AcDbLine
 10
5.3985245275590552
 20
-4.5048764960629919
 30
0
 11
5.403561062992126
 21
-4.500512283464567
 31
0
  0
LINE
  5
109E
330
1F
100
AcDbEntity
  8
In1.Cu
  6
CONTINUOUS
100
AcDbLine
 10
5.403561062992126
 20
-4.500512283464567
 30
0
 11
5.4083842519685037
 21
-4.4959133858267712
 31
0
  0
LINE
  5
109F
330
1F
100
AcDbEntity
  8
In1.Cu
  6
CONTINUOUS
100
AcDbLine
 10
5.4083842519685037
 20
-4.4959133858267712
 30
0
 11
5.4129831496062994
 21
-4.4910902362204723
 31
0
  0
LINE
  5
10A0
330
1F
100
AcDbEntity
  8
In1.Cu
  6
CONTINUOUS
100
AcDbLine
 10
5.4129831496062994
 20
-4.4910902362204723
 30
0
 11
5.4173473228346456
 21
-4.4860537007874015
 31
0
  0
LINE
  5
10A1
330
1F
100
AcDbEntity
  8
In1.Cu
  6
CONTINUOUS
100
AcDbLine
 10
5.4173473228346456
 20
-4.4860537007874015
 30
0
 11
5.4214669291338584
 21
-4.4808151968503935
 31
0
  0
LINE
  5
10A2
330
1F
100
AcDbEntity
  8
In1.Cu
  6
CONTINUOUS
100
AcDbLine
 10
5.4214669291338584
 20
-4.4808151968503935
 30
0
 11
5.4253325984251966
 21
-4.4753866141732281
 31
0
  0
LINE
  5
10A3
330
1F
100
AcDbEntity
  8
In1.Cu
  6
CONTINUOUS
100
AcDbLine
 10
5.4253325984251966
 20
-4.4753866141732281
 30
0
 11
5.4289355905511814
 21
-4.4697802362204726
 31
0
  0
LINE
  5
10A4
330
1F
100
AcDbEntity
  8
In1.Cu
  6
CONTINUOUS
100
AcDbLine
 10
5.4289355905511814
 20
-4.4697802362204726
 30
0
 11
5.4322677559055119
 21
-4.4640088188976375
 31
0
  0
LINE
  5
10A5
330
1F
100
AcDbEntity
  8
In1.Cu
  6
CONTINUOUS
100
AcDbLine
 10
5.4322677559055119
 20
-4.4640088188976375
 30
0
 11
5.4330424409448819
 21
-4.4625061417322831
 31
0
  0
LINE
  5
10A6
330
1F
100
AcDbEntity
  8
In1.Cu
  6
CONTINUOUS
100
AcDbLine
 10
5.4330424409448819
 20
-4.4625061417322831
 30
0
 11
5.4353214960629916
 21
-4.4580853543307084
 31
0
  0
LINE
  5
10A7
330
1F
100
AcDbEntity
  8
In1.Cu
  6
CONTINUOUS
100
AcDbLine
 10
5.4353214960629916
 20
-4.4580853543307084
 30
0
 11
5.4380899606299211
 21
-4.4520232677165357
 31
0
  0
LINE
  5
10A8
330
1F
100
AcDbEntity
  8
In1.Cu
  6
CONTINUOUS
100
AcDbLine
 10
5.4380899606299211
 20
-4.4520232677165357
 30
0
 11
5.4405668503937008
 21
-4.4458363779527561
 31
0
  0
LINE
  5
10A9
330
1F
100
AcDbEntity
  8
In1.Cu
  6
CONTINUOUS
100
AcDbLine
 10
5.4405668503937008
 20
-4.4458363779527561
 30
0
 11
5.4427465354330709
 21
-4.4395385826771649
 31
0
  0
LINE
  5
10AA
330
1F
100
AcDbEntity
  8
In1.Cu
  6
CONTINUOUS
100
AcDbLine
 10
5.4427465354330709
 20
-4.4395385826771649
 30
0
 11
5.4446240551181102
 21
-4.4331442519685043
 31
0
  0
LINE
  5
10AB
330
1F
100
AcDbEntity
  8
In1.Cu
  6
CONTINUOUS
100
AcDbLine
 10
5.4446240551181102
 20
-4.4331442519685043
 30
0
 11
5.446195236220472
 21
-4.4266677952755904
 31
0
  0
LINE
  5
10AC
330
1F
100
AcDbEntity
  8
In1.Cu
  6
CONTINUOUS
100
AcDbLine
 10
5.446195236220472
 20
-4.4266677952755904
 30
0
 11
5.4474564566929136
 21
-4.4201239370078742
 31
0
  0
LINE
  5
10AD
330
1F
100
AcDbEntity
  8
In1.Cu
  6
CONTINUOUS
100
AcDbLine
 10
5.4474564566929136
 20
-4.4201239370078742
 30
0
 11
5.4484048818897639
 21
-4.4135274803149604
 31
0
  0
LINE
  5
10AE
330
1F
100
AcDbEntity
  8
In1.Cu
  6
CONTINUOUS
100
AcDbLine
 10
5.4484048818897639
 20
-4.4135274803149604
 30
0
 11
5.4490383858267712
 21
-4.4068933464566928
 31
0
  0
LINE
  5
10AF
330
1F
100
AcDbEntity
  8
In1.Cu
  6
CONTINUOUS
100
AcDbLine
 10
5.4490383858267712
 20
-4.4068933464566928
 30
0
 11
5.4493554724409448
 21
-4.4002366141732283
 31
0
  0
LINE
  5
10B0
330
1F
100
AcDbEntity
  8
In1.Cu
  6
CONTINUOUS
100
AcDbLine
 10
5.4493554724409448
 20
-4.4002366141732283
 30
0
 11
5.4493554724409448
 21
-4.3935724015748034
 31
0
  0
LINE
  5
10B1
330
1F
100
AcDbEntity
  8
In1.Cu
  6
CONTINUOUS
100
AcDbLine
 10
5.4493554724409448
 20
-4.3935724015748034
 30
0
 11
5.4493554724409448
 21
-4.3935722834645672
 31
0
  0
LINE
  5
10B2
330
1F
100
AcDbEntity
  8
In1.Cu
  6
CONTINUOUS
100
AcDbLine
 10
5.4493554724409448
 20
-4.3935722834645672
 30
0
 11
5.4490383858267712
 21
-4.3869155511811027
 31
0
  0
LINE
  5
10B3
330
1F
100
AcDbEntity
  8
In1.Cu
  6
CONTINUOUS
100
AcDbLine
 10
5.4490383858267712
 20
-4.3869155511811027
 30
0
 11
5.4484049212598427
 21
-4.3802814173228342
 31
0
  0
LINE
  5
10B4
330
1F
100
AcDbEntity
  8
In1.Cu
  6
CONTINUOUS
100
AcDbLine
 10
5.4484049212598427
 20
-4.3802814173228342
 30
0
 11
5.4474564960629923
 21
-4.3736849606299213
 31
0
  0
LINE
  5
10B5
330
1F
100
AcDbEntity
  8
In1.Cu
  6
CONTINUOUS
100
AcDbLine
 10
5.4474564960629923
 20
-4.3736849606299213
 30
0
 11
5.446195236220472
 21
-4.3671411023622042
 31
0
  0
LINE
  5
10B6
330
1F
100
AcDbEntity
  8
In1.Cu
  6
CONTINUOUS
100
AcDbLine
 10
5.446195236220472
 20
-4.3671411023622042
 30
0
 11
5.444624094488189
 21
-4.3606646456692912
 31
0
  0
LINE
  5
10B7
330
1F
100
AcDbEntity
  8
In1.Cu
  6
CONTINUOUS
100
AcDbLine
 10
5.444624094488189
 20
-4.3606646456692912
 30
0
 11
5.4427465354330709
 21
-4.3542703149606297
 31
0
  0
LINE
  5
10B8
330
1F
100
AcDbEntity
  8
In1.Cu
  6
CONTINUOUS
100
AcDbLine
 10
5.4427465354330709
 20
-4.3542703149606297
 30
0
 11
5.4405668503937008
 21
-4.3479725196850394
 31
0
  0
LINE
  5
10B9
330
1F
100
AcDbEntity
  8
In1.Cu
  6
CONTINUOUS
100
AcDbLine
 10
5.4405668503937008
 20
-4.3479725196850394
 30
0
 11
5.4380899999999999
 21
-4.3417856299212598
 31
0
  0
LINE
  5
10BA
330
1F
100
AcDbEntity
  8
In1.Cu
  6
CONTINUOUS
100
AcDbLine
 10
5.4380899999999999
 20
-4.3417856299212598
 30
0
 11
5.4365987007874015
 21
-4.3385201181102362
 31
0
  0
LINE
  5
10BB
330
1F
100
AcDbEntity
  8
In1.Cu
  6
CONTINUOUS
100
AcDbLine
 10
5.4365987007874015
 20
-4.3385201181102362
 30
0
 11
5.4353322047244097
 21
-4.3357468503937007
 31
0
  0
LINE
  5
10BC
330
1F
100
AcDbEntity
  8
In1.Cu
  6
CONTINUOUS
100
AcDbLine
 10
5.4353322047244097
 20
-4.3357468503937007
 30
0
 11
5.4353217322834642
 21
-4.3357239370078737
 31
0
  0
LINE
  5
10BD
330
1F
100
AcDbEntity
  8
In1.Cu
  6
CONTINUOUS
100
AcDbLine
 10
5.4353217322834642
 20
-4.3357239370078737
 30
0
 11
5.4344530314960631
 21
-4.3340388976377948
 31
0
  0
LINE
  5
10BE
330
1F
100
AcDbEntity
  8
In1.Cu
  6
CONTINUOUS
100
AcDbLine
 10
5.4344530314960631
 20
-4.3340388976377948
 30
0
 11
5.4344529921259843
 21
-4.3340388582677161
 31
0
  0
LINE
  5
10BF
330
1F
100
AcDbEntity
  8
In1.Cu
  6
CONTINUOUS
100
AcDbLine
 10
5.4344529921259843
 20
-4.3340388582677161
 30
0
 11
5.4322677952755907
 21
-4.3298000787401572
 31
0
  0
LINE
  5
10C0
330
1F
100
AcDbEntity
  8
In1.Cu
  6
CONTINUOUS
100
AcDbLine
 10
5.4322677952755907
 20
-4.3298000787401572
 30
0
 11
5.4289356299212601
 21
-4.3240286220472441
 31
0
  0
LINE
  5
10C1
330
1F
100
AcDbEntity
  8
In1.Cu
  6
CONTINUOUS
100
AcDbLine
 10
5.4289356299212601
 20
-4.3240286220472441
 30
0
 11
5.4253326377952753
 21
-4.3184222834645665
 31
0
  0
LINE
  5
10C2
330
1F
100
AcDbEntity
  8
In1.Cu
  6
CONTINUOUS
100
AcDbLine
 10
5.4253326377952753
 20
-4.3184222834645665
 30
0
 11
5.4214669685039372
 21
-4.3129937007874011
 31
0
  0
LINE
  5
10C3
330
1F
100
AcDbEntity
  8
In1.Cu
  6
CONTINUOUS
100
AcDbLine
 10
5.4214669685039372
 20
-4.3129937007874011
 30
0
 11
5.4173474015748031
 21
-4.307755196850394
 31
0
  0
LINE
  5
10C4
330
1F
100
AcDbEntity
  8
In1.Cu
  6
CONTINUOUS
100
AcDbLine
 10
5.4173474015748031
 20
-4.307755196850394
 30
0
 11
5.4173472047244093
 21
-4.3077549606299215
 31
0
  0
LINE
  5
10C5
330
1F
100
AcDbEntity
  8
In1.Cu
  6
CONTINUOUS
100
AcDbLine
 10
5.4173472047244093
 20
-4.3077549606299215
 30
0
 11
5.4173469291338581
 21
-4.3077546062992127
 31
0
  0
LINE
  5
10C6
330
1F
100
AcDbEntity
  8
In1.Cu
  6
CONTINUOUS
100
AcDbLine
 10
5.4173469291338581
 20
-4.3077546062992127
 30
0
 11
5.4129835826771648
 21
-4.3027190944881886
 31
0
  0
LINE
  5
10C7
330
1F
100
AcDbEntity
  8
In1.Cu
  6
CONTINUOUS
100
AcDbLine
 10
5.4129835826771648
 20
-4.3027190944881886
 30
0
 11
5.4129834251968498
 21
-4.3027189370078736
 31
0
  0
LINE
  5
10C8
330
1F
100
AcDbEntity
  8
In1.Cu
  6
CONTINUOUS
100
AcDbLine
 10
5.4129834251968498
 20
-4.3027189370078736
 30
0
 11
5.4129831889763782
 21
-4.3027186614173232
 31
0
  0
LINE
  5
10C9
330
1F
100
AcDbEntity
  8
In1.Cu
  6
CONTINUOUS
100
AcDbLine
 10
5.4129831889763782
 20
-4.3027186614173232
 30
0
 11
5.4083842913385825
 21
-4.2978954724409446
 31
0
  0
LINE
  5
10CA
330
1F
100
AcDbEntity
  8
In1.Cu
  6
CONTINUOUS
100
AcDbLine
 10
5.4083842913385825
 20
-4.2978954724409446
 30
0
 11
5.4035611417322835
 21
-4.2932965748031497
 31
0
  0
LINE
  5
10CB
330
1F
100
AcDbEntity
  8
In1.Cu
  6
CONTINUOUS
100
AcDbLine
 10
5.4035611417322835
 20
-4.2932965748031497
 30
0
 11
5.4035609448818898
 21
-4.2932964173228347
 31
0
  0
LINE
  5
10CC
330
1F
100
AcDbEntity
  8
In1.Cu
  6
CONTINUOUS
100
AcDbLine
 10
5.4035609448818898
 20
-4.2932964173228347
 30
0
 11
5.403560590551181
 21
-4.293296062992126
 31
0
  0
LINE
  5
10CD
330
1F
100
AcDbEntity
  8
In1.Cu
  6
CONTINUOUS
100
AcDbLine
 10
5.403560590551181
 20
-4.293296062992126
 30
0
 11
5.403560433070866
 21
-4.2932959448818897
 31
0
  0
LINE
  5
10CE
330
1F
100
AcDbEntity
  8
In1.Cu
  6
CONTINUOUS
100
AcDbLine
 10
5.403560433070866
 20
-4.2932959448818897
 30
0
 11
5.398524724409449
 21
-4.288932519685039
 31
0
  0
LINE
  5
10CF
330
1F
100
AcDbEntity
  8
In1.Cu
  6
CONTINUOUS
100
AcDbLine
 10
5.398524724409449
 20
-4.288932519685039
 30
0
 11
5.3985245275590552
 21
-4.288932362204724
 31
0
  0
LINE
  5
10D0
330
1F
100
AcDbEntity
  8
In1.Cu
  6
CONTINUOUS
100
AcDbLine
 10
5.3985245275590552
 20
-4.288932362204724
 30
0
 11
5.3985244488188977
 21
-4.2889322834645665
 31
0
  0
LINE
  5
10D1
330
1F
100
AcDbEntity
  8
In1.Cu
  6
CONTINUOUS
100
AcDbLine
 10
5.3985244488188977
 20
-4.2889322834645665
 30
0
 11
5.3985240551181102
 21
-4.2889319291338586
 31
0
  0
LINE
  5
10D2
330
1F
100
AcDbEntity
  8
In1.Cu
  6
CONTINUOUS
100
AcDbLine
 10
5.3985240551181102
 20
-4.2889319291338586
 30
0
 11
5.3932875590551177
 21
-4.284813897637795
 31
0
  0
LINE
  5
10D3
330
1F
100
AcDbEntity
  8
In1.Cu
  6
CONTINUOUS
100
AcDbLine
 10
5.3932875590551177
 20
-4.284813897637795
 30
0
 11
5.3932865748031498
 21
-4.2848131889763774
 31
0
  0
LINE
  5
10D4
330
1F
100
AcDbEntity
  8
In1.Cu
  6
CONTINUOUS
100
AcDbLine
 10
5.3932865748031498
 20
-4.2848131889763774
 30
0
 11
5.3932861023622047
 21
-4.2848127952755908
 31
0
  0
LINE
  5
10D5
330
1F
100
AcDbEntity
  8
In1.Cu
  6
CONTINUOUS
100
AcDbLine
 10
5.3932861023622047
 20
-4.2848127952755908
 30
0
 11
5.3927521259842521
 21
-4.2844325590551184
 31
0
  0
LINE
  5
10D6
330
1F
100
AcDbEntity
  8
In1.Cu
  6
CONTINUOUS
100
AcDbLine
 10
5.3927521259842521
 20
-4.2844325590551184
 30
0
 11
5.3878580708661419
 21
-4.2809474803149605
 31
0
  0
LINE
  5
10D7
330
1F
100
AcDbEntity
  8
In1.Cu
  6
CONTINUOUS
100
AcDbLine
 10
5.3878580708661419
 20
-4.2809474803149605
 30
0
 11
5.3878568110236218
 21
-4.2809466535433067
 31
0
  0
LINE
  5
10D8
330
1F
100
AcDbEntity
  8
In1.Cu
  6
CONTINUOUS
100
AcDbLine
 10
5.3878568110236218
 20
-4.2809466535433067
 30
0
 11
5.3857445669291337
 21
-4.2795892125984247
 31
0
  0
LINE
  5
10D9
330
1F
100
AcDbEntity
  8
In1.Cu
  6
CONTINUOUS
100
AcDbLine
 10
5.3857445669291337
 20
-4.2795892125984247
 30
0
 11
5.3822511417322829
 21
-4.2773441338582678
 31
0
  0
LINE
  5
10DA
330
1F
100
AcDbEntity
  8
In1.Cu
  6
CONTINUOUS
100
AcDbLine
 10
5.3822511417322829
 20
-4.2773441338582678
 30
0
 11
5.3785256299212598
 21
-4.2751931889763775
 31
0
  0
LINE
  5
10DB
330
1F
100
AcDbEntity
  8
In1.Cu
  6
CONTINUOUS
100
AcDbLine
 10
5.3785256299212598
 20
-4.2751931889763775
 30
0
 11
5.3764799606299212
 21
-4.2740120866141735
 31
0
  0
LINE
  5
10DC
330
1F
100
AcDbEntity
  8
In1.Cu
  6
CONTINUOUS
100
AcDbLine
 10
5.3764799606299212
 20
-4.2740120866141735
 30
0
 11
5.3764798031496062
 21
-4.274012007874016
 31
0
  0
LINE
  5
10DD
330
1F
100
AcDbEntity
  8
In1.Cu
  6
CONTINUOUS
100
AcDbLine
 10
5.3764798031496062
 20
-4.274012007874016
 30
0
 11
5.3764797244094487
 21
-4.2740119685039373
 31
0
  0
LINE
  5
10DE
330
1F
100
AcDbEntity
  8
In1.Cu
  6
CONTINUOUS
100
AcDbLine
 10
5.3764797244094487
 20
-4.2740119685039373
 30
0
 11
5.3705562598425196
 21
-4.2709582283464567
 31
0
  0
LINE
  5
10DF
330
1F
100
AcDbEntity
  8
In1.Cu
  6
CONTINUOUS
100
AcDbLine
 10
5.3705562598425196
 20
-4.2709582283464567
 30
0
 11
5.3705556692913383
 21
-4.2709579527559054
 31
0
  0
LINE
  5
10E0
330
1F
100
AcDbEntity
  8
In1.Cu
  6
CONTINUOUS
100
AcDbLine
 10
5.3705556692913383
 20
-4.2709579527559054
 30
0
 11
5.3644941338582672
 21
-4.2681897244094484
 31
0
  0
LINE
  5
10E1
330
1F
100
AcDbEntity
  8
In1.Cu
  6
CONTINUOUS
100
AcDbLine
 10
5.3644941338582672
 20
-4.2681897244094484
 30
0
 11
5.3644937007874018
 21
-4.2681895275590547
 31
0
  0
LINE
  5
10E2
330
1F
100
AcDbEntity
  8
In1.Cu
  6
CONTINUOUS
100
AcDbLine
 10
5.3644937007874018
 20
-4.2681895275590547
 30
0
 11
5.3583082677165352
 21
-4.2657132283464563
 31
0
  0
LINE
  5
10E3
330
1F
100
AcDbEntity
  8
In1.Cu
  6
CONTINUOUS
100
AcDbLine
 10
5.3583082677165352
 20
-4.2657132283464563
 30
0
 11
5.3583077559055114
 21
-4.2657130708661413
 31
0
  0
LINE
  5
10E4
330
1F
100
AcDbEntity
  8
In1.Cu
  6
CONTINUOUS
100
AcDbLine
 10
5.3583077559055114
 20
-4.2657130708661413
 30
0
 11
5.3583072834645664
 21
-4.2657128740157475
 31
0
  0
LINE
  5
10E5
330
1F
100
AcDbEntity
  8
In1.Cu
  6
CONTINUOUS
100
AcDbLine
 10
5.3583072834645664
 20
-4.2657128740157475
 30
0
 11
5.3543461417322833
 21
-4.264341889763779
 31
0
  0
LINE
  5
10E6
330
1F
100
AcDbEntity
  8
In1.Cu
  6
CONTINUOUS
100
AcDbLine
 10
5.3543461417322833
 20
-4.264341889763779
 30
0
 11
5.3520099999999999
 21
-4.2635333464566925
 31
0
  0
LINE
  5
10E7
330
1F
100
AcDbEntity
  8
In1.Cu
  6
CONTINUOUS
100
AcDbLine
 10
5.3520099999999999
 20
-4.2635333464566925
 30
0
 11
5.3520096062992124
 21
-4.2635332283464562
 31
0
  0
LINE
  5
10E8
330
1F
100
AcDbEntity
  8
In1.Cu
  6
CONTINUOUS
100
AcDbLine
 10
5.3520096062992124
 20
-4.2635332283464562
 30
0
 11
5.3520094881889761
 21
-4.2635331889763775
 31
0
  0
LINE
  5
10E9
330
1F
100
AcDbEntity
  8
In1.Cu
  6
CONTINUOUS
100
AcDbLine
 10
5.3520094881889761
 20
-4.2635331889763775
 30
0
 11
5.3503947244094485
 21
-4.2630590551181102
 31
0
  0
LINE
  5
10EA
330
1F
100
AcDbEntity
  8
In1.Cu
  6
CONTINUOUS
100
AcDbLine
 10
5.3503947244094485
 20
-4.2630590551181102
 30
0
 11
5.3456153937007871
 21
-4.2616557086614169
 31
0
  0
LINE
  5
10EB
330
1F
100
AcDbEntity
  8
In1.Cu
  6
CONTINUOUS
100
AcDbLine
 10
5.3456153937007871
 20
-4.2616557086614169
 30
0
 11
5.3391385433070866
 21
-4.2600844488188976
 31
0
  0
LINE
  5
10EC
330
1F
100
AcDbEntity
  8
In1.Cu
  6
CONTINUOUS
100
AcDbLine
 10
5.3391385433070866
 20
-4.2600844488188976
 30
0
 11
5.3325952755905508
 21
-4.2588233464566931
 31
0
  0
LINE
  5
10ED
330
1F
100
AcDbEntity
  8
In1.Cu
  6
CONTINUOUS
100
AcDbLine
 10
5.3325952755905508
 20
-4.2588233464566931
 30
0
 11
5.332595078740157
 21
-4.2588233070866144
 31
0
  0
LINE
  5
10EE
330
1F
100
AcDbEntity
  8
In1.Cu
  6
CONTINUOUS
100
AcDbLine
 10
5.332595078740157
 20
-4.2588233070866144
 30
0
 11
5.3325948425196845
 21
-4.2588232677165356
 31
0
  0
LINE
  5
10EF
330
1F
100
AcDbEntity
  8
In1.Cu
  6
CONTINUOUS
100
AcDbLine
 10
5.3325948425196845
 20
-4.2588232677165356
 30
0
 11
5.3325945275590554
 21
-4.2588231889763781
 31
0
  0
LINE
  5
10F0
330
1F
100
AcDbEntity
  8
In1.Cu
  6
CONTINUOUS
100
AcDbLine
 10
5.3325945275590554
 20
-4.2588231889763781
 30
0
 11
5.3325938582677166
 21
-4.2588231102362206
 31
0
  0
LINE
  5
10F1
330
1F
100
AcDbEntity
  8
In1.Cu
  6
CONTINUOUS
100
AcDbLine
 10
5.3325938582677166
 20
-4.2588231102362206
 30
0
 11
5.3259989763779529
 21
-4.2578749212598428
 31
0
  0
LINE
  5
10F2
330
1F
100
AcDbEntity
  8
In1.Cu
  6
CONTINUOUS
100
AcDbLine
 10
5.3259989763779529
 20
-4.2578749212598428
 30
0
 11
5.3259987007874017
 21
-4.257874881889764
 31
0
  0
LINE
  5
10F3
330
1F
100
AcDbEntity
  8
In1.Cu
  6
CONTINUOUS
100
AcDbLine
 10
5.3259987007874017
 20
-4.257874881889764
 30
0
 11
5.3259983858267717
 21
-4.2578748425196853
 31
0
  0
LINE
  5
10F4
330
1F
100
AcDbEntity
  8
In1.Cu
  6
CONTINUOUS
100
AcDbLine
 10
5.3259983858267717
 20
-4.2578748425196853
 30
0
 11
5.3259979921259841
 21
-4.2578748031496065
 31
0
  0
LINE
  5
10F5
330
1F
100
AcDbEntity
  8
In1.Cu
  6
CONTINUOUS
100
AcDbLine
 10
5.3259979921259841
 20
-4.2578748031496065
 30
0
 11
5.3259973228346453
 21
-4.257874724409449
 31
0
  0
LINE
  5
10F6
330
1F
100
AcDbEntity
  8
In1.Cu
  6
CONTINUOUS
100
AcDbLine
 10
5.3259973228346453
 20
-4.257874724409449
 30
0
 11
5.3193658267716533
 21
-4.2572414566929133
 31
0
  0
LINE
  5
10F7
330
1F
100
AcDbEntity
  8
In1.Cu
  6
CONTINUOUS
100
AcDbLine
 10
5.3193658267716533
 20
-4.2572414566929133
 30
0
 11
5.3193649212598428
 21
-4.2572413779527558
 31
0
  0
LINE
  5
10F8
330
1F
100
AcDbEntity
  8
In1.Cu
  6
CONTINUOUS
100
AcDbLine
 10
5.3193649212598428
 20
-4.2572413779527558
 30
0
 11
5.3193643700787403
 21
-4.2572413385826771
 31
0
  0
LINE
  5
10F9
330
1F
100
AcDbEntity
  8
In1.Cu
  6
CONTINUOUS
100
AcDbLine
 10
5.3193643700787403
 20
-4.2572413385826771
 30
0
 11
5.319364251968504
 21
-4.2572413385826771
 31
0
  0
LINE
  5
10FA
330
1F
100
AcDbEntity
  8
In1.Cu
  6
CONTINUOUS
100
AcDbLine
 10
5.319364251968504
 20
-4.2572413385826771
 30
0
 11
5.3127075196850395
 21
-4.2569242519685035
 31
0
  0
LINE
  5
10FB
330
1F
100
AcDbEntity
  8
In1.Cu
  6
CONTINUOUS
100
AcDbLine
 10
5.3127075196850395
 20
-4.2569242519685035
 30
0
 11
5.3060431889763775
 21
-4.2569242519685035
 31
0
  0
LINE
  5
10FC
330
1F
100
AcDbEntity
  8
In1.Cu
  6
CONTINUOUS
100
AcDbLine
 10
5.3060431889763775
 20
-4.2569242519685035
 30
0
 11
5.299386456692913
 21
-4.2572413385826771
 31
0
  0
LINE
  5
10FD
330
1F
100
AcDbEntity
  8
In1.Cu
  6
CONTINUOUS
100
AcDbLine
 10
5.299386456692913
 20
-4.2572413385826771
 30
0
 11
5.2993860629921254
 21
-4.2572413385826771
 31
0
  0
LINE
  5
10FE
330
1F
100
AcDbEntity
  8
In1.Cu
  6
CONTINUOUS
100
AcDbLine
 10
5.2993860629921254
 20
-4.2572413385826771
 30
0
 11
5.2993860236220467
 21
-4.2572413779527558
 31
0
  0
LINE
  5
10FF
330
1F
100
AcDbEntity
  8
In1.Cu
  6
CONTINUOUS
100
AcDbLine
 10
5.2993860236220467
 20
-4.2572413779527558
 30
0
 11
5.2927518503937003
 21
-4.2578748425196853
 31
0
  0
LINE
  5
1100
330
1F
100
AcDbEntity
  8
In1.Cu
  6
CONTINUOUS
100
AcDbLine
 10
5.2927518503937003
 20
-4.2578748425196853
 30
0
 11
5.2927516929133853
 21
-4.257874881889764
 31
0
  0
LINE
  5
1101
330
1F
100
AcDbEntity
  8
In1.Cu
  6
CONTINUOUS
100
AcDbLine
 10
5.2927516929133853
 20
-4.257874881889764
 30
0
 11
5.2861563779527554
 21
-4.2588231102362206
 31
0
  0
LINE
  5
1102
330
1F
100
AcDbEntity
  8
In1.Cu
  6
CONTINUOUS
100
AcDbLine
 10
5.2861563779527554
 20
-4.2588231102362206
 30
0
 11
5.2861558267716537
 21
-4.2588232283464569
 31
0
  0
LINE
  5
1103
330
1F
100
AcDbEntity
  8
In1.Cu
  6
CONTINUOUS
100
AcDbLine
 10
5.2861558267716537
 20
-4.2588232283464569
 30
0
 11
5.2796119685039367
 21
-4.2600844881889763
 31
0
  0
LINE
  5
1104
330
1F
100
AcDbEntity
  8
In1.Cu
  6
CONTINUOUS
100
AcDbLine
 10
5.2796119685039367
 20
-4.2600844881889763
 30
0
 11
5.2731352755905512
 21
-4.2616556692913381
 31
0
  0
LINE
  5
1105
330
1F
100
AcDbEntity
  8
In1.Cu
  6
CONTINUOUS
100
AcDbLine
 10
5.2731352755905512
 20
-4.2616556692913381
 30
0
 11
5.2667409055118108
 21
-4.263533267716535
 31
0
  0
LINE
  5
1106
330
1F
100
AcDbEntity
  8
In1.Cu
  6
CONTINUOUS
100
AcDbLine
 10
5.2667409055118108
 20
-4.263533267716535
 30
0
 11
5.2604435039370081
 21
-4.2657128346456696
 31
0
  0
LINE
  5
1107
330
1F
100
AcDbEntity
  8
In1.Cu
  6
CONTINUOUS
100
AcDbLine
 10
5.2604435039370081
 20
-4.2657128346456696
 30
0
 11
5.2604434251968506
 21
-4.2657128740157475
 31
0
  0
LINE
  5
1108
330
1F
100
AcDbEntity
  8
In1.Cu
  6
CONTINUOUS
100
AcDbLine
 10
5.2604434251968506
 20
-4.2657128740157475
 30
0
 11
5.254256535433071
 21
-4.2681897244094484
 31
0
  0
LINE
  5
1109
330
1F
100
AcDbEntity
  8
In1.Cu
  6
CONTINUOUS
100
AcDbLine
 10
5.254256535433071
 20
-4.2681897244094484
 30
0
 11
5.2542564566929135
 21
-4.2681897637795272
 31
0
  0
LINE
  5
110A
330
1F
100
AcDbEntity
  8
In1.Cu
  6
CONTINUOUS
100
AcDbLine
 10
5.2542564566929135
 20
-4.2681897637795272
 30
0
 11
5.254255433070866
 21
-4.2681901968503935
 31
0
  0
LINE
  5
110B
330
1F
100
AcDbEntity
  8
In1.Cu
  6
CONTINUOUS
100
AcDbLine
 10
5.254255433070866
 20
-4.2681901968503935
 30
0
 11
5.2481949212598424
 21
-4.2709579527559054
 31
0
  0
LINE
  5
110C
330
1F
100
AcDbEntity
  8
In1.Cu
  6
CONTINUOUS
100
AcDbLine
 10
5.2481949212598424
 20
-4.2709579527559054
 30
0
 11
5.2481945669291337
 21
-4.2709581102362204
 31
0
  0
LINE
  5
110D
330
1F
100
AcDbEntity
  8
In1.Cu
  6
CONTINUOUS
100
AcDbLine
 10
5.2481945669291337
 20
-4.2709581102362204
 30
0
 11
5.2481944488188974
 21
-4.2709581889763779
 31
0
  0
LINE
  5
110E
330
1F
100
AcDbEntity
  8
In1.Cu
  6
CONTINUOUS
100
AcDbLine
 10
5.2481944488188974
 20
-4.2709581889763779
 30
0
 11
5.2422716141732284
 21
-4.2740116141732285
 31
0
  0
LINE
  5
110F
330
1F
100
AcDbEntity
  8
In1.Cu
  6
CONTINUOUS
100
AcDbLine
 10
5.2422716141732284
 20
-4.2740116141732285
 30
0
 11
5.2422709842519684
 21
-4.2740119291338585
 31
0
  0
LINE
  5
1110
330
1F
100
AcDbEntity
  8
In1.Cu
  6
CONTINUOUS
100
AcDbLine
 10
5.2422709842519684
 20
-4.2740119291338585
 30
0
 11
5.2422699999999995
 21
-4.2740124803149602
 31
0
  0
LINE
  5
1111
330
1F
100
AcDbEntity
  8
In1.Cu
  6
CONTINUOUS
100
AcDbLine
 10
5.2422699999999995
 20
-4.2740124803149602
 30
0
 11
5.2364998031496066
 21
-4.2773438976377953
 31
0
  0
LINE
  5
1112
330
1F
100
AcDbEntity
  8
In1.Cu
  6
CONTINUOUS
100
AcDbLine
 10
5.2364998031496066
 20
-4.2773438976377953
 30
0
 11
5.2364996850393704
 21
-4.2773439763779528
 31
0
  0
LINE
  5
1113
330
1F
100
AcDbEntity
  8
In1.Cu
  6
CONTINUOUS
100
AcDbLine
 10
5.2364996850393704
 20
-4.2773439763779528
 30
0
 11
5.2308938582677165
 21
-4.280946614173228
 31
0
  0
LINE
  5
1114
330
1F
100
AcDbEntity
  8
In1.Cu
  6
CONTINUOUS
100
AcDbLine
 10
5.2308938582677165
 20
-4.280946614173228
 30
0
 11
5.2308937401574802
 21
-4.2809466929133855
 31
0
  0
LINE
  5
1115
330
1F
100
AcDbEntity
  8
In1.Cu
  6
CONTINUOUS
100
AcDbLine
 10
5.2308937401574802
 20
-4.2809466929133855
 30
0
 11
5.2254646850393698
 21
-4.2848126771653545
 31
0
  0
LINE
  5
1116
330
1F
100
AcDbEntity
  8
In1.Cu
  6
CONTINUOUS
100
AcDbLine
 10
5.2254646850393698
 20
-4.2848126771653545
 30
0
 11
5.2202260629921255
 21
-4.2889323228346452
 31
0
  0
LINE
  5
1117
330
1F
100
AcDbEntity
  8
In1.Cu
  6
CONTINUOUS
100
AcDbLine
 10
5.2202260629921255
 20
-4.2889323228346452
 30
0
 11
5.2202255118110239
 21
-4.2889327559055115
 31
0
  0
LINE
  5
1118
330
1F
100
AcDbEntity
  8
In1.Cu
  6
CONTINUOUS
100
AcDbLine
 10
5.2202255118110239
 20
-4.2889327559055115
 30
0
 11
5.2151899999999998
 21
-4.2932961023622047
 31
0
  0
LINE
  5
1119
330
1F
100
AcDbEntity
  8
In1.Cu
  6
CONTINUOUS
100
AcDbLine
 10
5.2151899999999998
 20
-4.2932961023622047
 30
0
 11
5.2151895669291335
 21
-4.293296535433071
 31
0
  0
LINE
  5
111A
330
1F
100
AcDbEntity
  8
In1.Cu
  6
CONTINUOUS
100
AcDbLine
 10
5.2151895669291335
 20
-4.293296535433071
 30
0
 11
5.2103667716535433
 21
-4.2978949999999996
 31
0
  0
LINE
  5
111B
330
1F
100
AcDbEntity
  8
In1.Cu
  6
CONTINUOUS
100
AcDbLine
 10
5.2103667716535433
 20
-4.2978949999999996
 30
0
 11
5.2057669685039372
 21
-4.3027190944881886
 31
0
  0
LINE
  5
111C
330
1F
100
AcDbEntity
  8
In1.Cu
  6
CONTINUOUS
100
AcDbLine
 10
5.2057669685039372
 20
-4.3027190944881886
 30
0
 11
5.2057668503937009
 21
-4.3027192519685036
 31
0
  0
LINE
  5
111D
330
1F
100
AcDbEntity
  8
In1.Cu
  6
CONTINUOUS
100
AcDbLine
 10
5.2057668503937009
 20
-4.3027192519685036
 30
0
 11
5.2014034251968502
 21
-4.3077549606299215
 31
0
  0
LINE
  5
111E
330
1F
100
AcDbEntity
  8
In1.Cu
  6
CONTINUOUS
100
AcDbLine
 10
5.2014034251968502
 20
-4.3077549606299215
 30
0
 11
5.2014028346456689
 21
-4.3077556299212594
 31
0
  0
LINE
  5
111F
330
1F
100
AcDbEntity
  8
In1.Cu
  6
CONTINUOUS
100
AcDbLine
 10
5.2014028346456689
 20
-4.3077556299212594
 30
0
 11
5.1972848031496062
 21
-4.3129921259842519
 31
0
  0
LINE
  5
1120
330
1F
100
AcDbEntity
  8
In1.Cu
  6
CONTINUOUS
100
AcDbLine
 10
5.1972848031496062
 20
-4.3129921259842519
 30
0
 11
5.197283228346457
 21
-4.3129942519685036
 31
0
  0
LINE
  5
1121
330
1F
100
AcDbEntity
  8
In1.Cu
  6
CONTINUOUS
100
AcDbLine
 10
5.197283228346457
 20
-4.3129942519685036
 30
0
 11
5.1934183858267717
 21
-4.3184216141732286
 31
0
  0
LINE
  5
1122
330
1F
100
AcDbEntity
  8
In1.Cu
  6
CONTINUOUS
100
AcDbLine
 10
5.1934183858267717
 20
-4.3184216141732286
 30
0
 11
5.1934175590551179
 21
-4.3184228740157478
 31
0
  0
LINE
  5
1123
330
1F
100
AcDbEntity
  8
In1.Cu
  6
CONTINUOUS
100
AcDbLine
 10
5.1934175590551179
 20
-4.3184228740157478
 30
0
 11
5.1906942913385823
 21
-4.3226604330708662
 31
0
  0
LINE
  5
1124
330
1F
100
AcDbEntity
  8
In1.Cu
  6
CONTINUOUS
100
AcDbLine
 10
5.1906942913385823
 20
-4.3226604330708662
 30
0
 11
5.189815039370079
 21
-4.3240285826771654
 31
0
  0
LINE
  5
1125
330
1F
100
AcDbEntity
  8
In1.Cu
  6
CONTINUOUS
100
AcDbLine
 10
5.189815039370079
 20
-4.3240285826771654
 30
0
 11
5.1891333070866139
 21
-4.3252093307086614
 31
0
  0
LINE
  5
1126
330
1F
100
AcDbEntity
  8
In1.Cu
  6
CONTINUOUS
100
AcDbLine
 10
5.1891333070866139
 20
-4.3252093307086614
 30
0
 11
5.1864829921259838
 21
-4.3297997244094484
 31
0
  0
LINE
  5
1127
330
1F
100
AcDbEntity
  8
In1.Cu
  6
CONTINUOUS
100
AcDbLine
 10
5.1864829921259838
 20
-4.3297997244094484
 30
0
 11
5.1864828740157476
 21
-4.3297999999999996
 31
0
  0
LINE
  5
1128
330
1F
100
AcDbEntity
  8
In1.Cu
  6
CONTINUOUS
100
AcDbLine
 10
5.1864828740157476
 20
-4.3297999999999996
 30
0
 11
5.1834288976377954
 21
-4.3357239370078737
 31
0
  0
LINE
  5
1129
330
1F
100
AcDbEntity
  8
In1.Cu
  6
CONTINUOUS
100
AcDbLine
 10
5.1834288976377954
 20
-4.3357239370078737
 30
0
 11
5.1806606299212596
 21
-4.3417855511811023
 31
0
  0
LINE
  5
112A
330
1F
100
AcDbEntity
  8
In1.Cu
  6
CONTINUOUS
100
AcDbLine
 10
5.1806606299212596
 20
-4.3417855511811023
 30
0
 11
5.1806604330708659
 21
-4.3417859842519686
 31
0
  0
LINE
  5
112B
330
1F
100
AcDbEntity
  8
In1.Cu
  6
CONTINUOUS
100
AcDbLine
 10
5.1806604330708659
 20
-4.3417859842519686
 30
0
 11
5.1781841338582675
 21
-4.3479714173228343
 31
0
  0
LINE
  5
112C
330
1F
100
AcDbEntity
  8
In1.Cu
  6
CONTINUOUS
100
AcDbLine
 10
5.1781841338582675
 20
-4.3479714173228343
 30
0
 11
5.1781839763779525
 21
-4.3479719291338581
 31
0
  0
LINE
  5
112D
330
1F
100
AcDbEntity
  8
In1.Cu
  6
CONTINUOUS
100
AcDbLine
 10
5.1781839763779525
 20
-4.3479719291338581
 30
0
 11
5.1781837795275587
 21
-4.3479724409448819
 31
0
  0
LINE
  5
112E
330
1F
100
AcDbEntity
  8
In1.Cu
  6
CONTINUOUS
100
AcDbLine
 10
5.1781837795275587
 20
-4.3479724409448819
 30
0
 11
5.17818374015748
 21
-4.3479725984251969
 31
0
  0
LINE
  5
112F
330
1F
100
AcDbEntity
  8
In1.Cu
  6
CONTINUOUS
100
AcDbLine
 10
5.17818374015748
 20
-4.3479725984251969
 30
0
 11
5.1760042519685037
 21
-4.3542696850393696
 31
0
  0
LINE
  5
1130
330
1F
100
AcDbEntity
  8
In1.Cu
  6
CONTINUOUS
100
AcDbLine
 10
5.1760042519685037
 20
-4.3542696850393696
 30
0
 11
5.1741266141732281
 21
-4.3606642913385825
 31
0
  0
LINE
  5
1131
330
1F
100
AcDbEntity
  8
In1.Cu
  6
CONTINUOUS
100
AcDbLine
 10
5.1741266141732281
 20
-4.3606642913385825
 30
0
 11
5.1725553543307088
 21
-4.367141141732283
 31
0
  0
LINE
  5
1132
330
1F
100
AcDbEntity
  8
In1.Cu
  6
CONTINUOUS
100
AcDbLine
 10
5.1725553543307088
 20
-4.367141141732283
 30
0
 11
5.1712942519685035
 21
-4.3736844094488188
 31
0
  0
LINE
  5
1133
330
1F
100
AcDbEntity
  8
In1.Cu
  6
CONTINUOUS
100
AcDbLine
 10
5.1712942519685035
 20
-4.3736844094488188
 30
0
 11
5.1712940157480309
 21
-4.3736858267716539
 31
0
  0
LINE
  5
1134
330
1F
100
AcDbEntity
  8
In1.Cu
  6
CONTINUOUS
100
AcDbLine
 10
5.1712940157480309
 20
-4.3736858267716539
 30
0
 11
5.1703458267716531
 21
-4.3802807086614175
 31
0
  0
LINE
  5
1135
330
1F
100
AcDbEntity
  8
In1.Cu
  6
CONTINUOUS
100
AcDbLine
 10
5.1703458267716531
 20
-4.3802807086614175
 30
0
 11
5.1703456299212593
 21
-4.3802823622047242
 31
0
  0
LINE
  5
1136
330
1F
100
AcDbEntity
  8
In1.Cu
  6
CONTINUOUS
100
AcDbLine
 10
5.1703456299212593
 20
-4.3802823622047242
 30
0
 11
5.1697123622047245
 21
-4.3869138582677163
 31
0
  0
LINE
  5
1137
330
1F
100
AcDbEntity
  8
In1.Cu
  6
CONTINUOUS
100
AcDbLine
 10
5.1697123622047245
 20
-4.3869138582677163
 30
0
 11
5.169712283464567
 21
-4.3869147637795276
 31
0
  0
LINE
  5
1138
330
1F
100
AcDbEntity
  8
In1.Cu
  6
CONTINUOUS
100
AcDbLine
 10
5.169712283464567
 20
-4.3869147637795276
 30
0
 11
5.169712283464567
 21
-4.3869151181102364
 31
0
  0
LINE
  5
1139
330
1F
100
AcDbEntity
  8
In1.Cu
  6
CONTINUOUS
100
AcDbLine
 10
5.169712283464567
 20
-4.3869151181102364
 30
0
 11
5.1697122440944883
 21
-4.3869154724409452
 31
0
  0
LINE
  5
113A
330
1F
100
AcDbEntity
  8
In1.Cu
  6
CONTINUOUS
100
AcDbLine
 10
5.1697122440944883
 20
-4.3869154724409452
 30
0
 11
5.1693951574803148
 21
-4.3935722047244097
 31
0
  0
LINE
  5
113B
330
1F
100
AcDbEntity
  8
In1.Cu
  6
CONTINUOUS
100
AcDbLine
 10
5.1693951574803148
 20
-4.3935722047244097
 30
0
 11
5.1693951574803148
 21
-4.4002365354330708
 31
0
  0
LINE
  5
113C
330
1F
100
AcDbEntity
  8
In1.Cu
  6
CONTINUOUS
100
AcDbLine
 10
5.1856361811023621
 20
-4.0406101968503938
 30
0
 11
5.1882874015748026
 21
-4.0379589763779524
 31
0
  0
LINE
  5
113D
330
1F
100
AcDbEntity
  8
In1.Cu
  6
CONTINUOUS
100
AcDbLine
 10
5.1882874015748026
 20
-4.0379589763779524
 30
0
 11
5.1918477165354329
 21
-4.0359034251968504
 31
0
  0
LINE
  5
113E
330
1F
100
AcDbEntity
  8
In1.Cu
  6
CONTINUOUS
100
AcDbLine
 10
5.1918477165354329
 20
-4.0359034251968504
 30
0
 11
5.1958187007874015
 21
-4.0348394094488187
 31
0
  0
LINE
  5
113F
330
1F
100
AcDbEntity
  8
In1.Cu
  6
CONTINUOUS
100
AcDbLine
 10
5.1958187007874015
 20
-4.0348394094488187
 30
0
 11
5.1978742125984247
 21
-4.0347046850393697
 31
0
  0
LINE
  5
1140
330
1F
100
AcDbEntity
  8
In1.Cu
  6
CONTINUOUS
100
AcDbLine
 10
5.1978742125984247
 20
-4.0347046850393697
 30
0
 11
5.1998427165354331
 21
-4.0347046850393697
 31
0
  0
LINE
  5
1141
330
1F
100
AcDbEntity
  8
In1.Cu
  6
CONTINUOUS
100
AcDbLine
 10
5.1998427165354331
 20
-4.0347046850393697
 30
0
 11
5.1998427165354331
 21
-4.015019645669291
 31
0
  0
LINE
  5
1142
330
1F
100
AcDbEntity
  8
In1.Cu
  6
CONTINUOUS
100
AcDbLine
 10
5.1998427165354331
 20
-4.015019645669291
 30
0
 11
5.1943841732283467
 21
-4.015019645669291
 31
0
  0
LINE
  5
1143
330
1F
100
AcDbEntity
  8
In1.Cu
  6
CONTINUOUS
100
AcDbLine
 10
5.1943841732283467
 20
-4.015019645669291
 30
0
 11
5.1875390551181102
 21
-4.0163812204724412
 31
0
  0
LINE
  5
1144
330
1F
100
AcDbEntity
  8
In1.Cu
  6
CONTINUOUS
100
AcDbLine
 10
5.1875390551181102
 20
-4.0163812204724412
 30
0
 11
5.1875387401574802
 21
-4.0163812992125987
 31
0
  0
LINE
  5
1145
330
1F
100
AcDbEntity
  8
In1.Cu
  6
CONTINUOUS
100
AcDbLine
 10
5.1875387401574802
 20
-4.0163812992125987
 30
0
 11
5.1810904330708656
 21
-4.019052244094488
 31
0
  0
LINE
  5
1146
330
1F
100
AcDbEntity
  8
In1.Cu
  6
CONTINUOUS
100
AcDbLine
 10
5.1810904330708656
 20
-4.019052244094488
 30
0
 11
5.1810900787401577
 21
-4.0190524409448818
 31
0
  0
LINE
  5
1147
330
1F
100
AcDbEntity
  8
In1.Cu
  6
CONTINUOUS
100
AcDbLine
 10
5.1810900787401577
 20
-4.0190524409448818
 30
0
 11
5.1752869291338586
 21
-4.0229299999999997
 31
0
  0
LINE
  5
1148
330
1F
100
AcDbEntity
  8
In1.Cu
  6
CONTINUOUS
100
AcDbLine
 10
5.1752869291338586
 20
-4.0229299999999997
 30
0
 11
5.1752867716535436
 21
-4.0229301181102359
 31
0
  0
LINE
  5
1149
330
1F
100
AcDbEntity
  8
In1.Cu
  6
CONTINUOUS
100
AcDbLine
 10
5.1752867716535436
 20
-4.0229301181102359
 30
0
 11
5.170351614173228
 21
-4.0278652755905515
 31
0
  0
LINE
  5
114A
330
1F
100
AcDbEntity
  8
In1.Cu
  6
CONTINUOUS
100
AcDbLine
 10
5.170351614173228
 20
-4.0278652755905515
 30
0
 11
5.1703514960629917
 21
-4.0278654330708656
 31
0
  0
LINE
  5
114B
330
1F
100
AcDbEntity
  8
In1.Cu
  6
CONTINUOUS
100
AcDbLine
 10
5.1703514960629917
 20
-4.0278654330708656
 30
0
 11
5.1664739370078738
 21
-4.0336685826771657
 31
0
  0
LINE
  5
114C
330
1F
100
AcDbEntity
  8
In1.Cu
  6
CONTINUOUS
100
AcDbLine
 10
5.1664739370078738
 20
-4.0336685826771657
 30
0
 11
5.1664737401574801
 21
-4.0336689763779523
 31
0
  0
LINE
  5
114D
330
1F
100
AcDbEntity
  8
In1.Cu
  6
CONTINUOUS
100
AcDbLine
 10
5.1664737401574801
 20
-4.0336689763779523
 30
0
 11
5.1638028346456695
 21
-4.0401171259842519
 31
0
  0
LINE
  5
114E
330
1F
100
AcDbEntity
  8
In1.Cu
  6
CONTINUOUS
100
AcDbLine
 10
5.1638028346456695
 20
-4.0401171259842519
 30
0
 11
5.1638027165354332
 21
-4.0401174015748031
 31
0
  0
LINE
  5
114F
330
1F
100
AcDbEntity
  8
In1.Cu
  6
CONTINUOUS
100
AcDbLine
 10
5.1638027165354332
 20
-4.0401174015748031
 30
0
 11
5.1637047637795277
 21
-4.0406101968503938
 31
0
  0
LINE
  5
1150
330
1F
100
AcDbEntity
  8
In1.Cu
  6
CONTINUOUS
100
AcDbLine
 10
5.1637047637795277
 20
-4.0406101968503938
 30
0
 11
5.1856361811023621
 21
-4.0406101968503938
 31
0
  0
LINE
  5
1151
330
1F
100
AcDbEntity
  8
In1.Cu
  6
CONTINUOUS
100
AcDbLine
 10
5.3588645275590547
 20
-4.0264370078740157
 30
0
 11
5.3615157480314961
 21
-4.0237857874015743
 31
0
  0
LINE
  5
1152
330
1F
100
AcDbEntity
  8
In1.Cu
  6
CONTINUOUS
100
AcDbLine
 10
5.3615157480314961
 20
-4.0237857874015743
 30
0
 11
5.3650760629921255
 21
-4.0217302362204723
 31
0
  0
LINE
  5
1153
330
1F
100
AcDbEntity
  8
In1.Cu
  6
CONTINUOUS
100
AcDbLine
 10
5.3650760629921255
 20
-4.0217302362204723
 30
0
 11
5.3690470472440941
 21
-4.0206662204724406
 31
0
  0
LINE
  5
1154
330
1F
100
AcDbEntity
  8
In1.Cu
  6
CONTINUOUS
100
AcDbLine
 10
5.3690470472440941
 20
-4.0206662204724406
 30
0
 11
5.3711025590551182
 21
-4.0205314960629916
 31
0
  0
LINE
  5
1155
330
1F
100
AcDbEntity
  8
In1.Cu
  6
CONTINUOUS
100
AcDbLine
 10
5.3711025590551182
 20
-4.0205314960629916
 30
0
 11
5.3730710629921257
 21
-4.0205314960629916
 31
0
  0
LINE
  5
1156
330
1F
100
AcDbEntity
  8
In1.Cu
  6
CONTINUOUS
100
AcDbLine
 10
5.3730710629921257
 20
-4.0205314960629916
 30
0
 11
5.3730710629921257
 21
-4.003051614173228
 31
0
  0
LINE
  5
1157
330
1F
100
AcDbEntity
  8
In1.Cu
  6
CONTINUOUS
100
AcDbLine
 10
5.3730710629921257
 20
-4.003051614173228
 30
0
 11
5.3701299212598421
 21
-4.0008464566929129
 31
0
  0
LINE
  5
1158
330
1F
100
AcDbEntity
  8
In1.Cu
  6
CONTINUOUS
100
AcDbLine
 10
5.3701299212598421
 20
-4.0008464566929129
 30
0
 11
5.3676125196850393
 21
-4.0008464566929129
 31
0
  0
LINE
  5
1159
330
1F
100
AcDbEntity
  8
In1.Cu
  6
CONTINUOUS
100
AcDbLine
 10
5.3676125196850393
 20
-4.0008464566929129
 30
0
 11
5.3607674015748028
 21
-4.0022080314960631
 31
0
  0
LINE
  5
115A
330
1F
100
AcDbEntity
  8
In1.Cu
  6
CONTINUOUS
100
AcDbLine
 10
5.3607674015748028
 20
-4.0022080314960631
 30
0
 11
5.3607670866141728
 21
-4.0022081102362206
 31
0
  0
LINE
  5
115B
330
1F
100
AcDbEntity
  8
In1.Cu
  6
CONTINUOUS
100
AcDbLine
 10
5.3607670866141728
 20
-4.0022081102362206
 30
0
 11
5.3543187795275591
 21
-4.0048790551181099
 31
0
  0
LINE
  5
115C
330
1F
100
AcDbEntity
  8
In1.Cu
  6
CONTINUOUS
100
AcDbLine
 10
5.3543187795275591
 20
-4.0048790551181099
 30
0
 11
5.3543184251968503
 21
-4.0048792519685037
 31
0
  0
LINE
  5
115D
330
1F
100
AcDbEntity
  8
In1.Cu
  6
CONTINUOUS
100
AcDbLine
 10
5.3543184251968503
 20
-4.0048792519685037
 30
0
 11
5.3485152755905512
 21
-4.0087568110236216
 31
0
  0
LINE
  5
115E
330
1F
100
AcDbEntity
  8
In1.Cu
  6
CONTINUOUS
100
AcDbLine
 10
5.3485152755905512
 20
-4.0087568110236216
 30
0
 11
5.3485151181102362
 21
-4.0087569291338578
 31
0
  0
LINE
  5
115F
330
1F
100
AcDbEntity
  8
In1.Cu
  6
CONTINUOUS
100
AcDbLine
 10
5.3485151181102362
 20
-4.0087569291338578
 30
0
 11
5.3435799606299215
 21
-4.0136920866141734
 31
0
  0
LINE
  5
1160
330
1F
100
AcDbEntity
  8
In1.Cu
  6
CONTINUOUS
100
AcDbLine
 10
5.3435799606299215
 20
-4.0136920866141734
 30
0
 11
5.3435798425196852
 21
-4.0136922440944884
 31
0
  0
LINE
  5
1161
330
1F
100
AcDbEntity
  8
In1.Cu
  6
CONTINUOUS
100
AcDbLine
 10
5.3435798425196852
 20
-4.0136922440944884
 30
0
 11
5.3397022834645664
 21
-4.0194953937007876
 31
0
  0
LINE
  5
1162
330
1F
100
AcDbEntity
  8
In1.Cu
  6
CONTINUOUS
100
AcDbLine
 10
5.3397022834645664
 20
-4.0194953937007876
 30
0
 11
5.3397020866141727
 21
-4.0194957874015751
 31
0
  0
LINE
  5
1163
330
1F
100
AcDbEntity
  8
In1.Cu
  6
CONTINUOUS
100
AcDbLine
 10
5.3397020866141727
 20
-4.0194957874015751
 30
0
 11
5.3370311811023621
 21
-4.0259439370078738
 31
0
  0
LINE
  5
1164
330
1F
100
AcDbEntity
  8
In1.Cu
  6
CONTINUOUS
100
AcDbLine
 10
5.3370311811023621
 20
-4.0259439370078738
 30
0
 11
5.3370310629921258
 21
-4.0259442125984251
 31
0
  0
LINE
  5
1165
330
1F
100
AcDbEntity
  8
In1.Cu
  6
CONTINUOUS
100
AcDbLine
 10
5.3370310629921258
 20
-4.0259442125984251
 30
0
 11
5.3369331102362203
 21
-4.0264370078740157
 31
0
  0
LINE
  5
1166
330
1F
100
AcDbEntity
  8
In1.Cu
  6
CONTINUOUS
100
AcDbLine
 10
5.3369331102362203
 20
-4.0264370078740157
 30
0
 11
5.3588645275590547
 21
-4.0264370078740157
 31
0
  0
LINE
  5
1167
330
1F
100
AcDbEntity
  8
In1.Cu
  6
CONTINUOUS
100
AcDbLine
 10
5.1856361811023621
 20
-3.6870669685039368
 30
0
 11
5.1882874015748026
 21
-3.6844157480314959
 31
0
  0
LINE
  5
1168
330
1F
100
AcDbEntity
  8
In1.Cu
  6
CONTINUOUS
100
AcDbLine
 10
5.1882874015748026
 20
-3.6844157480314959
 30
0
 11
5.1918477165354329
 21
-3.6823601968503934
 31
0
  0
LINE
  5
1169
330
1F
100
AcDbEntity
  8
In1.Cu
  6
CONTINUOUS
100
AcDbLine
 10
5.1918477165354329
 20
-3.6823601968503934
 30
0
 11
5.1958187007874015
 21
-3.6812961811023621
 31
0
  0
LINE
  5
116A
330
1F
100
AcDbEntity
  8
In1.Cu
  6
CONTINUOUS
100
AcDbLine
 10
5.1958187007874015
 20
-3.6812961811023621
 30
0
 11
5.1978742125984247
 21
-3.6811614566929132
 31
0
  0
LINE
  5
116B
330
1F
100
AcDbEntity
  8
In1.Cu
  6
CONTINUOUS
100
AcDbLine
 10
5.1978742125984247
 20
-3.6811614566929132
 30
0
 11
5.1998427165354331
 21
-3.6811614566929132
 31
0
  0
LINE
  5
116C
330
1F
100
AcDbEntity
  8
In1.Cu
  6
CONTINUOUS
100
AcDbLine
 10
5.1998427165354331
 20
-3.6811614566929132
 30
0
 11
5.1998427165354331
 21
-3.6614764173228345
 31
0
  0
LINE
  5
116D
330
1F
100
AcDbEntity
  8
In1.Cu
  6
CONTINUOUS
100
AcDbLine
 10
5.1998427165354331
 20
-3.6614764173228345
 30
0
 11
5.1943841732283467
 21
-3.6614764173228345
 31
0
  0
LINE
  5
116E
330
1F
100
AcDbEntity
  8
In1.Cu
  6
CONTINUOUS
100
AcDbLine
 10
5.1943841732283467
 20
-3.6614764173228345
 30
0
 11
5.1875390551181102
 21
-3.6628379921259842
 31
0
  0
LINE
  5
116F
330
1F
100
AcDbEntity
  8
In1.Cu
  6
CONTINUOUS
100
AcDbLine
 10
5.1875390551181102
 20
-3.6628379921259842
 30
0
 11
5.1875387401574802
 21
-3.6628380708661417
 31
0
  0
LINE
  5
1170
330
1F
100
AcDbEntity
  8
In1.Cu
  6
CONTINUOUS
100
AcDbLine
 10
5.1875387401574802
 20
-3.6628380708661417
 30
0
 11
5.1810904330708656
 21
-3.6655090157480315
 31
0
  0
LINE
  5
1171
330
1F
100
AcDbEntity
  8
In1.Cu
  6
CONTINUOUS
100
AcDbLine
 10
5.1810904330708656
 20
-3.6655090157480315
 30
0
 11
5.1810900787401577
 21
-3.6655092125984252
 31
0
  0
LINE
  5
1172
330
1F
100
AcDbEntity
  8
In1.Cu
  6
CONTINUOUS
100
AcDbLine
 10
5.1810900787401577
 20
-3.6655092125984252
 30
0
 11
5.1752869291338586
 21
-3.6693867716535431
 31
0
  0
LINE
  5
1173
330
1F
100
AcDbEntity
  8
In1.Cu
  6
CONTINUOUS
100
AcDbLine
 10
5.1752869291338586
 20
-3.6693867716535431
 30
0
 11
5.1752867716535436
 21
-3.6693868897637794
 31
0
  0
LINE
  5
1174
330
1F
100
AcDbEntity
  8
In1.Cu
  6
CONTINUOUS
100
AcDbLine
 10
5.1752867716535436
 20
-3.6693868897637794
 30
0
 11
5.170351614173228
 21
-3.6743220472440945
 31
0
  0
LINE
  5
1175
330
1F
100
AcDbEntity
  8
In1.Cu
  6
CONTINUOUS
100
AcDbLine
 10
5.170351614173228
 20
-3.6743220472440945
 30
0
 11
5.1703514960629917
 21
-3.6743222047244095
 31
0
  0
LINE
  5
1176
330
1F
100
AcDbEntity
  8
In1.Cu
  6
CONTINUOUS
100
AcDbLine
 10
5.1703514960629917
 20
-3.6743222047244095
 30
0
 11
5.1664739370078738
 21
-3.6801253543307086
 31
0
  0
LINE
  5
1177
330
1F
100
AcDbEntity
  8
In1.Cu
  6
CONTINUOUS
100
AcDbLine
 10
5.1664739370078738
 20
-3.6801253543307086
 30
0
 11
5.1664737401574801
 21
-3.6801257480314962
 31
0
  0
LINE
  5
1178
330
1F
100
AcDbEntity
  8
In1.Cu
  6
CONTINUOUS
100
AcDbLine
 10
5.1664737401574801
 20
-3.6801257480314962
 30
0
 11
5.1638028346456695
 21
-3.6865738976377953
 31
0
  0
LINE
  5
1179
330
1F
100
AcDbEntity
  8
In1.Cu
  6
CONTINUOUS
100
AcDbLine
 10
5.1638028346456695
 20
-3.6865738976377953
 30
0
 11
5.1638027165354332
 21
-3.6865741732283466
 31
0
  0
LINE
  5
117A
330
1F
100
AcDbEntity
  8
In1.Cu
  6
CONTINUOUS
100
AcDbLine
 10
5.1638027165354332
 20
-3.6865741732283466
 30
0
 11
5.1637047637795277
 21
-3.6870669685039368
 31
0
  0
LINE
  5
117B
330
1F
100
AcDbEntity
  8
In1.Cu
  6
CONTINUOUS
100
AcDbLine
 10
5.1637047637795277
 20
-3.6870669685039368
 30
0
 11
5.1856361811023621
 21
-3.6870669685039368
 31
0
  0
LINE
  5
117C
330
1F
100
AcDbEntity
  8
In1.Cu
  6
CONTINUOUS
100
AcDbLine
 10
5.1693951574803148
 20
-3.3537897637795275
 30
0
 11
5.169712283464567
 21
-3.3604473622047242
 31
0
  0
LINE
  5
117D
330
1F
100
AcDbEntity
  8
In1.Cu
  6
CONTINUOUS
100
AcDbLine
 10
5.169712283464567
 20
-3.3604473622047242
 30
0
 11
5.1697123622047245
 21
-3.3604482677165355
 31
0
  0
LINE
  5
117E
330
1F
100
AcDbEntity
  8
In1.Cu
  6
CONTINUOUS
100
AcDbLine
 10
5.1697123622047245
 20
-3.3604482677165355
 30
0
 11
5.1703456299212593
 21
-3.3670797637795276
 31
0
  0
LINE
  5
117F
330
1F
100
AcDbEntity
  8
In1.Cu
  6
CONTINUOUS
100
AcDbLine
 10
5.1703456299212593
 20
-3.3670797637795276
 30
0
 11
5.1703458267716531
 21
-3.3670814173228347
 31
0
  0
LINE
  5
1180
330
1F
100
AcDbEntity
  8
In1.Cu
  6
CONTINUOUS
100
AcDbLine
 10
5.1703458267716531
 20
-3.3670814173228347
 30
0
 11
5.1712940157480309
 21
-3.3736762992125984
 31
0
  0
LINE
  5
1181
330
1F
100
AcDbEntity
  8
In1.Cu
  6
CONTINUOUS
100
AcDbLine
 10
5.1712940157480309
 20
-3.3736762992125984
 30
0
 11
5.1712942519685035
 21
-3.373677716535433
 31
0
  0
LINE
  5
1182
330
1F
100
AcDbEntity
  8
In1.Cu
  6
CONTINUOUS
100
AcDbLine
 10
5.1712942519685035
 20
-3.373677716535433
 30
0
 11
5.1725553543307088
 21
-3.3802210236220471
 31
0
  0
LINE
  5
1183
330
1F
100
AcDbEntity
  8
In1.Cu
  6
CONTINUOUS
100
AcDbLine
 10
5.1725553543307088
 20
-3.3802210236220471
 30
0
 11
5.1741265748031493
 21
-3.3866978346456693
 31
0
  0
LINE
  5
1184
330
1F
100
AcDbEntity
  8
In1.Cu
  6
CONTINUOUS
100
AcDbLine
 10
5.1741265748031493
 20
-3.3866978346456693
 30
0
 11
5.1760040944881887
 21
-3.3930919291338584
 31
0
  0
LINE
  5
1185
330
1F
100
AcDbEntity
  8
In1.Cu
  6
CONTINUOUS
100
AcDbLine
 10
5.1760040944881887
 20
-3.3930919291338584
 30
0
 11
5.1781837795275587
 21
-3.3993897244094486
 31
0
  0
LINE
  5
1186
330
1F
100
AcDbEntity
  8
In1.Cu
  6
CONTINUOUS
100
AcDbLine
 10
5.1781837795275587
 20
-3.3993897244094486
 30
0
 11
5.1781839763779525
 21
-3.3993901968503937
 31
0
  0
LINE
  5
1187
330
1F
100
AcDbEntity
  8
In1.Cu
  6
CONTINUOUS
100
AcDbLine
 10
5.1781839763779525
 20
-3.3993901968503937
 30
0
 11
5.1781841338582675
 21
-3.3993907086614175
 31
0
  0
LINE
  5
1188
330
1F
100
AcDbEntity
  8
In1.Cu
  6
CONTINUOUS
100
AcDbLine
 10
5.1781841338582675
 20
-3.3993907086614175
 30
0
 11
5.1806606692913384
 21
-3.405576653543307
 31
0
  0
LINE
  5
1189
330
1F
100
AcDbEntity
  8
In1.Cu
  6
CONTINUOUS
100
AcDbLine
 10
5.1806606692913384
 20
-3.405576653543307
 30
0
 11
5.1834292913385829
 21
-3.4116391732283464
 31
0
  0
LINE
  5
118A
330
1F
100
AcDbEntity
  8
In1.Cu
  6
CONTINUOUS
100
AcDbLine
 10
5.1834292913385829
 20
-3.4116391732283464
 30
0
 11
5.185711181102362
 21
-3.4160653149606297
 31
0
  0
LINE
  5
118B
330
1F
100
AcDbEntity
  8
In1.Cu
  6
CONTINUOUS
100
AcDbLine
 10
5.185711181102362
 20
-3.4160653149606297
 30
0
 11
5.1864828740157476
 21
-3.4175621653543304
 31
0
  0
LINE
  5
118C
330
1F
100
AcDbEntity
  8
In1.Cu
  6
CONTINUOUS
100
AcDbLine
 10
5.1864828740157476
 20
-3.4175621653543304
 30
0
 11
5.1864834251968501
 21
-3.4175631102362205
 31
0
  0
LINE
  5
118D
330
1F
100
AcDbEntity
  8
In1.Cu
  6
CONTINUOUS
100
AcDbLine
 10
5.1864834251968501
 20
-3.4175631102362205
 30
0
 11
5.1889587795275594
 21
-3.4218506299212597
 31
0
  0
LINE
  5
118E
330
1F
100
AcDbEntity
  8
In1.Cu
  6
CONTINUOUS
100
AcDbLine
 10
5.1889587795275594
 20
-3.4218506299212597
 30
0
 11
5.1898150000000003
 21
-3.4233336220472439
 31
0
  0
LINE
  5
118F
330
1F
100
AcDbEntity
  8
In1.Cu
  6
CONTINUOUS
100
AcDbLine
 10
5.1898150000000003
 20
-3.4233336220472439
 30
0
 11
5.1910056692913384
 21
-3.4251863385826771
 31
0
  0
LINE
  5
1190
330
1F
100
AcDbEntity
  8
In1.Cu
  6
CONTINUOUS
100
AcDbLine
 10
5.1910056692913384
 20
-3.4251863385826771
 30
0
 11
5.1934175196850392
 21
-3.428939251968504
 31
0
  0
LINE
  5
1191
330
1F
100
AcDbEntity
  8
In1.Cu
  6
CONTINUOUS
100
AcDbLine
 10
5.1934175196850392
 20
-3.428939251968504
 30
0
 11
5.193418346456693
 21
-3.4289405118110237
 31
0
  0
LINE
  5
1192
330
1F
100
AcDbEntity
  8
In1.Cu
  6
CONTINUOUS
100
AcDbLine
 10
5.193418346456693
 20
-3.4289405118110237
 30
0
 11
5.19690342519685
 21
-3.4338345669291339
 31
0
  0
LINE
  5
1193
330
1F
100
AcDbEntity
  8
In1.Cu
  6
CONTINUOUS
100
AcDbLine
 10
5.19690342519685
 20
-3.4338345669291339
 30
0
 11
5.1972836614173223
 21
-3.4343685433070865
 31
0
  0
LINE
  5
1194
330
1F
100
AcDbEntity
  8
In1.Cu
  6
CONTINUOUS
100
AcDbLine
 10
5.1972836614173223
 20
-3.4343685433070865
 30
0
 11
5.1972840551181099
 21
-3.4343690157480316
 31
0
  0
LINE
  5
1195
330
1F
100
AcDbEntity
  8
In1.Cu
  6
CONTINUOUS
100
AcDbLine
 10
5.1972840551181099
 20
-3.4343690157480316
 30
0
 11
5.1972847637795274
 21
-3.4343699999999999
 31
0
  0
LINE
  5
1196
330
1F
100
AcDbEntity
  8
In1.Cu
  6
CONTINUOUS
100
AcDbLine
 10
5.1972847637795274
 20
-3.4343699999999999
 30
0
 11
5.2014027952755901
 21
-3.439606496062992
 31
0
  0
LINE
  5
1197
330
1F
100
AcDbEntity
  8
In1.Cu
  6
CONTINUOUS
100
AcDbLine
 10
5.2014027952755901
 20
-3.439606496062992
 30
0
 11
5.2014033858267714
 21
-3.4396071653543308
 31
0
  0
LINE
  5
1198
330
1F
100
AcDbEntity
  8
In1.Cu
  6
CONTINUOUS
100
AcDbLine
 10
5.2014033858267714
 20
-3.4396071653543308
 30
0
 11
5.2057668110236222
 21
-3.4446428740157478
 31
0
  0
LINE
  5
1199
330
1F
100
AcDbEntity
  8
In1.Cu
  6
CONTINUOUS
100
AcDbLine
 10
5.2057668110236222
 20
-3.4446428740157478
 30
0
 11
5.2057669291338584
 21
-3.4446430314960628
 31
0
  0
LINE
  5
119A
330
1F
100
AcDbEntity
  8
In1.Cu
  6
CONTINUOUS
100
AcDbLine
 10
5.2057669291338584
 20
-3.4446430314960628
 30
0
 11
5.2103662992125983
 21
-3.4494667716535434
 31
0
  0
LINE
  5
119B
330
1F
100
AcDbEntity
  8
In1.Cu
  6
CONTINUOUS
100
AcDbLine
 10
5.2103662992125983
 20
-3.4494667716535434
 30
0
 11
5.2151900393700785
 21
-3.4540661417322833
 31
0
  0
LINE
  5
119C
330
1F
100
AcDbEntity
  8
In1.Cu
  6
CONTINUOUS
100
AcDbLine
 10
5.2151900393700785
 20
-3.4540661417322833
 30
0
 11
5.2151901968503935
 21
-3.4540662598425196
 31
0
  0
LINE
  5
119D
330
1F
100
AcDbEntity
  8
In1.Cu
  6
CONTINUOUS
100
AcDbLine
 10
5.2151901968503935
 20
-3.4540662598425196
 30
0
 11
5.2153786220472442
 21
-3.4542295275590549
 31
0
  0
LINE
  5
119E
330
1F
100
AcDbEntity
  8
In1.Cu
  6
CONTINUOUS
100
AcDbLine
 10
5.2153786220472442
 20
-3.4542295275590549
 30
0
 11
5.2202260629921255
 21
-3.4584298425196849
 31
0
  0
LINE
  5
119F
330
1F
100
AcDbEntity
  8
In1.Cu
  6
CONTINUOUS
100
AcDbLine
 10
5.2202260629921255
 20
-3.4584298425196849
 30
0
 11
5.2202262204724406
 21
-3.4584299606299211
 31
0
  0
LINE
  5
11A0
330
1F
100
AcDbEntity
  8
In1.Cu
  6
CONTINUOUS
100
AcDbLine
 10
5.2202262204724406
 20
-3.4584299606299211
 30
0
 11
5.2202265748031493
 21
-3.4584302755905512
 31
0
  0
LINE
  5
11A1
330
1F
100
AcDbEntity
  8
In1.Cu
  6
CONTINUOUS
100
AcDbLine
 10
5.2202265748031493
 20
-3.4584302755905512
 30
0
 11
5.2254630708661418
 21
-3.4625483070866139
 31
0
  0
LINE
  5
11A2
330
1F
100
AcDbEntity
  8
In1.Cu
  6
CONTINUOUS
100
AcDbLine
 10
5.2254630708661418
 20
-3.4625483070866139
 30
0
 11
5.2254638188976381
 21
-3.4625488582677164
 31
0
  0
LINE
  5
11A3
330
1F
100
AcDbEntity
  8
In1.Cu
  6
CONTINUOUS
100
AcDbLine
 10
5.2254638188976381
 20
-3.4625488582677164
 30
0
 11
5.2254645669291335
 21
-3.4625494488188977
 31
0
  0
LINE
  5
11A4
330
1F
100
AcDbEntity
  8
In1.Cu
  6
CONTINUOUS
100
AcDbLine
 10
5.2254645669291335
 20
-3.4625494488188977
 30
0
 11
5.2274520472440944
 21
-3.4639647244094487
 31
0
  0
LINE
  5
11A5
330
1F
100
AcDbEntity
  8
In1.Cu
  6
CONTINUOUS
100
AcDbLine
 10
5.2274520472440944
 20
-3.4639647244094487
 30
0
 11
5.2308925590551176
 21
-3.4664147244094488
 31
0
  0
LINE
  5
11A6
330
1F
100
AcDbEntity
  8
In1.Cu
  6
CONTINUOUS
100
AcDbLine
 10
5.2308925590551176
 20
-3.4664147244094488
 30
0
 11
5.2308930314960627
 21
-3.4664150393700788
 31
0
  0
LINE
  5
11A7
330
1F
100
AcDbEntity
  8
In1.Cu
  6
CONTINUOUS
100
AcDbLine
 10
5.2308930314960627
 20
-3.4664150393700788
 30
0
 11
5.2308931496062989
 21
-3.4664151181102363
 31
0
  0
LINE
  5
11A8
330
1F
100
AcDbEntity
  8
In1.Cu
  6
CONTINUOUS
100
AcDbLine
 10
5.2308931496062989
 20
-3.4664151181102363
 30
0
 11
5.2364994881889766
 21
-3.4700181102362202
 31
0
  0
LINE
  5
11A9
330
1F
100
AcDbEntity
  8
In1.Cu
  6
CONTINUOUS
100
AcDbLine
 10
5.2364994881889766
 20
-3.4700181102362202
 30
0
 11
5.2422709448818896
 21
-3.4733502362204725
 31
0
  0
LINE
  5
11AA
330
1F
100
AcDbEntity
  8
In1.Cu
  6
CONTINUOUS
100
AcDbLine
 10
5.2422709448818896
 20
-3.4733502362204725
 30
0
 11
5.2422715748031496
 21
-3.4733505511811025
 31
0
  0
LINE
  5
11AB
330
1F
100
AcDbEntity
  8
In1.Cu
  6
CONTINUOUS
100
AcDbLine
 10
5.2422715748031496
 20
-3.4733505511811025
 30
0
 11
5.2481938976377949
 21
-3.4764037795275589
 31
0
  0
LINE
  5
11AC
330
1F
100
AcDbEntity
  8
In1.Cu
  6
CONTINUOUS
100
AcDbLine
 10
5.2481938976377949
 20
-3.4764037795275589
 30
0
 11
5.2542564173228348
 21
-3.4791724015748029
 31
0
  0
LINE
  5
11AD
330
1F
100
AcDbEntity
  8
In1.Cu
  6
CONTINUOUS
100
AcDbLine
 10
5.2542564173228348
 20
-3.4791724015748029
 30
0
 11
5.2604423622047243
 21
-3.4816489370078738
 31
0
  0
LINE
  5
11AE
330
1F
100
AcDbEntity
  8
In1.Cu
  6
CONTINUOUS
100
AcDbLine
 10
5.2604423622047243
 20
-3.4816489370078738
 30
0
 11
5.2604425196850393
 21
-3.4816489763779526
 31
0
  0
LINE
  5
11AF
330
1F
100
AcDbEntity
  8
In1.Cu
  6
CONTINUOUS
100
AcDbLine
 10
5.2604425196850393
 20
-3.4816489763779526
 30
0
 11
5.2604433858267718
 21
-3.4816493307086613
 31
0
  0
LINE
  5
11B0
330
1F
100
AcDbEntity
  8
In1.Cu
  6
CONTINUOUS
100
AcDbLine
 10
5.2604433858267718
 20
-3.4816493307086613
 30
0
 11
5.2667411811023621
 21
-3.4838290157480314
 31
0
  0
LINE
  5
11B1
330
1F
100
AcDbEntity
  8
In1.Cu
  6
CONTINUOUS
100
AcDbLine
 10
5.2667411811023621
 20
-3.4838290157480314
 30
0
 11
5.2731352362204724
 21
-3.485706496062992
 31
0
  0
LINE
  5
11B2
330
1F
100
AcDbEntity
  8
In1.Cu
  6
CONTINUOUS
100
AcDbLine
 10
5.2731352362204724
 20
-3.485706496062992
 30
0
 11
5.2731351968503937
 21
-3.485706496062992
 31
0
  0
LINE
  5
11B3
330
1F
100
AcDbEntity
  8
In1.Cu
  6
CONTINUOUS
100
AcDbLine
 10
5.2731351968503937
 20
-3.485706496062992
 30
0
 11
5.2731354330708662
 21
-3.4857065354330707
 31
0
  0
LINE
  5
11B4
330
1F
100
AcDbEntity
  8
In1.Cu
  6
CONTINUOUS
100
AcDbLine
 10
5.2731354330708662
 20
-3.4857065354330707
 30
0
 11
5.2731355118110237
 21
-3.4857065748031495
 31
0
  0
LINE
  5
11B5
330
1F
100
AcDbEntity
  8
In1.Cu
  6
CONTINUOUS
100
AcDbLine
 10
5.2731355118110237
 20
-3.4857065748031495
 30
0
 11
5.2796119685039367
 21
-3.4872777165354329
 31
0
  0
LINE
  5
11B6
330
1F
100
AcDbEntity
  8
In1.Cu
  6
CONTINUOUS
100
AcDbLine
 10
5.2796119685039367
 20
-3.4872777165354329
 30
0
 11
5.2861558267716537
 21
-3.4885389370078741
 31
0
  0
LINE
  5
11B7
330
1F
100
AcDbEntity
  8
In1.Cu
  6
CONTINUOUS
100
AcDbLine
 10
5.2861558267716537
 20
-3.4885389370078741
 30
0
 11
5.2927522834645666
 21
-3.4894873622047244
 31
0
  0
LINE
  5
11B8
330
1F
100
AcDbEntity
  8
In1.Cu
  6
CONTINUOUS
100
AcDbLine
 10
5.2927522834645666
 20
-3.4894873622047244
 30
0
 11
5.2993864173228342
 21
-3.4901208661417322
 31
0
  0
LINE
  5
11B9
330
1F
100
AcDbEntity
  8
In1.Cu
  6
CONTINUOUS
100
AcDbLine
 10
5.2993864173228342
 20
-3.4901208661417322
 30
0
 11
5.3060431496062987
 21
-3.4904379527559053
 31
0
  0
LINE
  5
11BA
330
1F
100
AcDbEntity
  8
In1.Cu
  6
CONTINUOUS
100
AcDbLine
 10
5.3060431496062987
 20
-3.4904379527559053
 30
0
 11
5.3093753149606302
 21
-3.4904577952755904
 31
0
  0
LINE
  5
11BB
330
1F
100
AcDbEntity
  8
In1.Cu
  6
CONTINUOUS
100
AcDbLine
 10
5.3093753149606302
 20
-3.4904577952755904
 30
0
 11
5.3127074803149608
 21
-3.4904379527559053
 31
0
  0
LINE
  5
11BC
330
1F
100
AcDbEntity
  8
In1.Cu
  6
CONTINUOUS
100
AcDbLine
 10
5.3127074803149608
 20
-3.4904379527559053
 30
0
 11
5.3193642125984253
 21
-3.4901208661417322
 31
0
  0
LINE
  5
11BD
330
1F
100
AcDbEntity
  8
In1.Cu
  6
CONTINUOUS
100
AcDbLine
 10
5.3193642125984253
 20
-3.4901208661417322
 30
0
 11
5.3259983464566929
 21
-3.4894873622047244
 31
0
  0
LINE
  5
11BE
330
1F
100
AcDbEntity
  8
In1.Cu
  6
CONTINUOUS
100
AcDbLine
 10
5.3259983464566929
 20
-3.4894873622047244
 30
0
 11
5.3325948031496058
 21
-3.4885389370078741
 31
0
  0
LINE
  5
11BF
330
1F
100
AcDbEntity
  8
In1.Cu
  6
CONTINUOUS
100
AcDbLine
 10
5.3325948031496058
 20
-3.4885389370078741
 30
0
 11
5.3391386614173229
 21
-3.4872777165354329
 31
0
  0
LINE
  5
11C0
330
1F
100
AcDbEntity
  8
In1.Cu
  6
CONTINUOUS
100
AcDbLine
 10
5.3391386614173229
 20
-3.4872777165354329
 30
0
 11
5.3456151181102358
 21
-3.4857065748031495
 31
0
  0
LINE
  5
11C1
330
1F
100
AcDbEntity
  8
In1.Cu
  6
CONTINUOUS
100
AcDbLine
 10
5.3456151181102358
 20
-3.4857065748031495
 30
0
 11
5.3520094488188974
 21
-3.4838290157480314
 31
0
  0
LINE
  5
11C2
330
1F
100
AcDbEntity
  8
In1.Cu
  6
CONTINUOUS
100
AcDbLine
 10
5.3520094488188974
 20
-3.4838290157480314
 30
0
 11
5.3583072440944877
 21
-3.4816493307086613
 31
0
  0
LINE
  5
11C3
330
1F
100
AcDbEntity
  8
In1.Cu
  6
CONTINUOUS
100
AcDbLine
 10
5.3583072440944877
 20
-3.4816493307086613
 30
0
 11
5.3644941338582672
 21
-3.4791724409448817
 31
0
  0
LINE
  5
11C4
330
1F
100
AcDbEntity
  8
In1.Cu
  6
CONTINUOUS
100
AcDbLine
 10
5.3644941338582672
 20
-3.4791724409448817
 30
0
 11
5.3705562204724409
 21
-3.4764040157480314
 31
0
  0
LINE
  5
11C5
330
1F
100
AcDbEntity
  8
In1.Cu
  6
CONTINUOUS
100
AcDbLine
 10
5.3705562204724409
 20
-3.4764040157480314
 30
0
 11
5.3764796850393699
 21
-3.4733502362204725
 31
0
  0
LINE
  5
11C6
330
1F
100
AcDbEntity
  8
In1.Cu
  6
CONTINUOUS
100
AcDbLine
 10
5.3764796850393699
 20
-3.4733502362204725
 30
0
 11
5.3822511417322829
 21
-3.4700181102362202
 31
0
  0
LINE
  5
11C7
330
1F
100
AcDbEntity
  8
In1.Cu
  6
CONTINUOUS
100
AcDbLine
 10
5.3822511417322829
 20
-3.4700181102362202
 30
0
 11
5.3878574803149606
 21
-3.4664151181102363
 31
0
  0
LINE
  5
11C8
330
1F
100
AcDbEntity
  8
In1.Cu
  6
CONTINUOUS
100
AcDbLine
 10
5.3878574803149606
 20
-3.4664151181102363
 30
0
 11
5.393286062992126
 21
-3.4625494488188977
 31
0
  0
LINE
  5
11C9
330
1F
100
AcDbEntity
  8
In1.Cu
  6
CONTINUOUS
100
AcDbLine
 10
5.393286062992126
 20
-3.4625494488188977
 30
0
 11
5.398524566929134
 21
-3.4584298425196849
 31
0
  0
LINE
  5
11CA
330
1F
100
AcDbEntity
  8
In1.Cu
  6
CONTINUOUS
100
AcDbLine
 10
5.398524566929134
 20
-3.4584298425196849
 30
0
 11
5.4035611023622048
 21
-3.4540656692913383
 31
0
  0
LINE
  5
11CB
330
1F
100
AcDbEntity
  8
In1.Cu
  6
CONTINUOUS
100
AcDbLine
 10
5.4035611023622048
 20
-3.4540656692913383
 30
0
 11
5.4083842913385825
 21
-3.4494667716535434
 31
0
  0
LINE
  5
11CC
330
1F
100
AcDbEntity
  8
In1.Cu
  6
CONTINUOUS
100
AcDbLine
 10
5.4083842913385825
 20
-3.4494667716535434
 30
0
 11
5.4129831889763782
 21
-3.4446435826771653
 31
0
  0
LINE
  5
11CD
330
1F
100
AcDbEntity
  8
In1.Cu
  6
CONTINUOUS
100
AcDbLine
 10
5.4129831889763782
 20
-3.4446435826771653
 30
0
 11
5.4173473622047243
 21
-3.4396070472440945
 31
0
  0
LINE
  5
11CE
330
1F
100
AcDbEntity
  8
In1.Cu
  6
CONTINUOUS
100
AcDbLine
 10
5.4173473622047243
 20
-3.4396070472440945
 30
0
 11
5.4183205118110234
 21
-3.4383696062992124
 31
0
  0
LINE
  5
11CF
330
1F
100
AcDbEntity
  8
In1.Cu
  6
CONTINUOUS
100
AcDbLine
 10
5.4183205118110234
 20
-3.4383696062992124
 30
0
 11
5.4183205511811021
 21
-3.4383695669291336
 31
0
  0
LINE
  5
11D0
330
1F
100
AcDbEntity
  8
In1.Cu
  6
CONTINUOUS
100
AcDbLine
 10
5.4183205511811021
 20
-3.4383695669291336
 30
0
 11
5.420945433070866
 21
-3.4350317716535432
 31
0
  0
LINE
  5
11D1
330
1F
100
AcDbEntity
  8
In1.Cu
  6
CONTINUOUS
100
AcDbLine
 10
5.420945433070866
 20
-3.4350317716535432
 30
0
 11
5.4214659842519684
 21
-3.4343698031496062
 31
0
  0
LINE
  5
11D2
330
1F
100
AcDbEntity
  8
In1.Cu
  6
CONTINUOUS
100
AcDbLine
 10
5.4214659842519684
 20
-3.4343698031496062
 30
0
 11
5.4214660629921259
 21
-3.4343696456692911
 31
0
  0
LINE
  5
11D3
330
1F
100
AcDbEntity
  8
In1.Cu
  6
CONTINUOUS
100
AcDbLine
 10
5.4214660629921259
 20
-3.4343696456692911
 30
0
 11
5.4214669685039372
 21
-3.4343685433070865
 31
0
  0
LINE
  5
11D4
330
1F
100
AcDbEntity
  8
In1.Cu
  6
CONTINUOUS
100
AcDbLine
 10
5.4214669685039372
 20
-3.4343685433070865
 30
0
 11
5.4253326377952753
 21
-3.4289399606299211
 31
0
  0
LINE
  5
11D5
330
1F
100
AcDbEntity
  8
In1.Cu
  6
CONTINUOUS
100
AcDbLine
 10
5.4253326377952753
 20
-3.4289399606299211
 30
0
 11
5.4289356299212601
 21
-3.4233336220472439
 31
0
  0
LINE
  5
11D6
330
1F
100
AcDbEntity
  8
In1.Cu
  6
CONTINUOUS
100
AcDbLine
 10
5.4289356299212601
 20
-3.4233336220472439
 30
0
 11
5.4322677559055119
 21
-3.4175621653543304
 31
0
  0
LINE
  5
11D7
330
1F
100
AcDbEntity
  8
In1.Cu
  6
CONTINUOUS
100
AcDbLine
 10
5.4322677559055119
 20
-3.4175621653543304
 30
0
 11
5.4353215354330704
 21
-3.4116387007874014
 31
0
  0
LINE
  5
11D8
330
1F
100
AcDbEntity
  8
In1.Cu
  6
CONTINUOUS
100
AcDbLine
 10
5.4353215354330704
 20
-3.4116387007874014
 30
0
 11
5.4380899606299211
 21
-3.4055766141732282
 31
0
  0
LINE
  5
11D9
330
1F
100
AcDbEntity
  8
In1.Cu
  6
CONTINUOUS
100
AcDbLine
 10
5.4380899606299211
 20
-3.4055766141732282
 30
0
 11
5.4405668503937008
 21
-3.3993897244094486
 31
0
  0
LINE
  5
11DA
330
1F
100
AcDbEntity
  8
In1.Cu
  6
CONTINUOUS
100
AcDbLine
 10
5.4405668503937008
 20
-3.3993897244094486
 30
0
 11
5.4427465354330709
 21
-3.3930919291338584
 31
0
  0
LINE
  5
11DB
330
1F
100
AcDbEntity
  8
In1.Cu
  6
CONTINUOUS
100
AcDbLine
 10
5.4427465354330709
 20
-3.3930919291338584
 30
0
 11
5.444624094488189
 21
-3.3866975984251968
 31
0
  0
LINE
  5
11DC
330
1F
100
AcDbEntity
  8
In1.Cu
  6
CONTINUOUS
100
AcDbLine
 10
5.444624094488189
 20
-3.3866975984251968
 30
0
 11
5.446195236220472
 21
-3.3802211417322834
 31
0
  0
LINE
  5
11DD
330
1F
100
AcDbEntity
  8
In1.Cu
  6
CONTINUOUS
100
AcDbLine
 10
5.446195236220472
 20
-3.3802211417322834
 30
0
 11
5.4474564566929136
 21
-3.3736772834645667
 31
0
  0
LINE
  5
11DE
330
1F
100
AcDbEntity
  8
In1.Cu
  6
CONTINUOUS
100
AcDbLine
 10
5.4474564566929136
 20
-3.3736772834645667
 30
0
 11
5.4484048818897639
 21
-3.3670808267716534
 31
0
  0
LINE
  5
11DF
330
1F
100
AcDbEntity
  8
In1.Cu
  6
CONTINUOUS
100
AcDbLine
 10
5.4484048818897639
 20
-3.3670808267716534
 30
0
 11
5.4490383858267712
 21
-3.3604466929133858
 31
0
  0
LINE
  5
11E0
330
1F
100
AcDbEntity
  8
In1.Cu
  6
CONTINUOUS
100
AcDbLine
 10
5.4490383858267712
 20
-3.3604466929133858
 30
0
 11
5.4493554724409448
 21
-3.3537899606299213
 31
0
  0
LINE
  5
11E1
330
1F
100
AcDbEntity
  8
In1.Cu
  6
CONTINUOUS
100
AcDbLine
 10
5.4493554724409448
 20
-3.3537899606299213
 30
0
 11
5.4493554724409448
 21
-3.3504344094488188
 31
0
  0
LINE
  5
11E2
330
1F
100
AcDbEntity
  8
In1.Cu
  6
CONTINUOUS
100
AcDbLine
 10
5.4493554724409448
 20
-3.3504344094488188
 30
0
 11
5.4493554724409448
 21
-3.3471256299212597
 31
0
  0
LINE
  5
11E3
330
1F
100
AcDbEntity
  8
In1.Cu
  6
CONTINUOUS
100
AcDbLine
 10
5.4493554724409448
 20
-3.3471256299212597
 30
0
 11
5.4490383858267712
 21
-3.3404688976377952
 31
0
  0
LINE
  5
11E4
330
1F
100
AcDbEntity
  8
In1.Cu
  6
CONTINUOUS
100
AcDbLine
 10
5.4490383858267712
 20
-3.3404688976377952
 30
0
 11
5.4484048818897639
 21
-3.3338347637795276
 31
0
  0
LINE
  5
11E5
330
1F
100
AcDbEntity
  8
In1.Cu
  6
CONTINUOUS
100
AcDbLine
 10
5.4484048818897639
 20
-3.3338347637795276
 30
0
 11
5.4474564566929136
 21
-3.3272383070866143
 31
0
  0
LINE
  5
11E6
330
1F
100
AcDbEntity
  8
In1.Cu
  6
CONTINUOUS
100
AcDbLine
 10
5.4474564566929136
 20
-3.3272383070866143
 30
0
 11
5.4469750787401576
 21
-3.3247405905511811
 31
0
  0
LINE
  5
11E7
330
1F
100
AcDbEntity
  8
In1.Cu
  6
CONTINUOUS
100
AcDbLine
 10
5.4469750787401576
 20
-3.3247405905511811
 30
0
 11
5.4462277952755906
 21
-3.3208631889763778
 31
0
  0
LINE
  5
11E8
330
1F
100
AcDbEntity
  8
In1.Cu
  6
CONTINUOUS
100
AcDbLine
 10
5.4462277952755906
 20
-3.3208631889763778
 30
0
 11
5.4461952755905507
 21
-3.3206946850393702
 31
0
  0
LINE
  5
11E9
330
1F
100
AcDbEntity
  8
In1.Cu
  6
CONTINUOUS
100
AcDbLine
 10
5.4461952755905507
 20
-3.3206946850393702
 30
0
 11
5.4460896456692911
 21
-3.3202593307086614
 31
0
  0
LINE
  5
11EA
330
1F
100
AcDbEntity
  8
In1.Cu
  6
CONTINUOUS
100
AcDbLine
 10
5.4460896456692911
 20
-3.3202593307086614
 30
0
 11
5.444624094488189
 21
-3.3142179921259842
 31
0
  0
LINE
  5
11EB
330
1F
100
AcDbEntity
  8
In1.Cu
  6
CONTINUOUS
100
AcDbLine
 10
5.444624094488189
 20
-3.3142179921259842
 30
0
 11
5.4427465354330709
 21
-3.3078236614173226
 31
0
  0
LINE
  5
11EC
330
1F
100
AcDbEntity
  8
In1.Cu
  6
CONTINUOUS
100
AcDbLine
 10
5.4427465354330709
 20
-3.3078236614173226
 30
0
 11
5.4405668503937008
 21
-3.3015258661417324
 31
0
  0
LINE
  5
11ED
330
1F
100
AcDbEntity
  8
In1.Cu
  6
CONTINUOUS
100
AcDbLine
 10
5.4405668503937008
 20
-3.3015258661417324
 30
0
 11
5.4380899606299211
 21
-3.2953389763779528
 31
0
  0
LINE
  5
11EE
330
1F
100
AcDbEntity
  8
In1.Cu
  6
CONTINUOUS
100
AcDbLine
 10
5.4380899606299211
 20
-3.2953389763779528
 30
0
 11
5.4353215354330704
 21
-3.2892768897637796
 31
0
  0
LINE
  5
11EF
330
1F
100
AcDbEntity
  8
In1.Cu
  6
CONTINUOUS
100
AcDbLine
 10
5.4353215354330704
 20
-3.2892768897637796
 30
0
 11
5.4353214960629916
 21
-3.2892768110236221
 31
0
  0
LINE
  5
11F0
330
1F
100
AcDbEntity
  8
In1.Cu
  6
CONTINUOUS
100
AcDbLine
 10
5.4353214960629916
 20
-3.2892768110236221
 30
0
 11
5.4353212992125979
 21
-3.2892763779527558
 31
0
  0
LINE
  5
11F1
330
1F
100
AcDbEntity
  8
In1.Cu
  6
CONTINUOUS
100
AcDbLine
 10
5.4353212992125979
 20
-3.2892763779527558
 30
0
 11
5.4322680708661419
 21
-3.2833540551181102
 31
0
  0
LINE
  5
11F2
330
1F
100
AcDbEntity
  8
In1.Cu
  6
CONTINUOUS
100
AcDbLine
 10
5.4322680708661419
 20
-3.2833540551181102
 30
0
 11
5.4322677559055119
 21
-3.2833534251968501
 31
0
  0
LINE
  5
11F3
330
1F
100
AcDbEntity
  8
In1.Cu
  6
CONTINUOUS
100
AcDbLine
 10
5.4322677559055119
 20
-3.2833534251968501
 30
0
 11
5.4289356299212601
 21
-3.2775819685039371
 31
0
  0
LINE
  5
11F4
330
1F
100
AcDbEntity
  8
In1.Cu
  6
CONTINUOUS
100
AcDbLine
 10
5.4289356299212601
 20
-3.2775819685039371
 30
0
 11
5.4253326377952753
 21
-3.2719756299212599
 31
0
  0
LINE
  5
11F5
330
1F
100
AcDbEntity
  8
In1.Cu
  6
CONTINUOUS
100
AcDbLine
 10
5.4253326377952753
 20
-3.2719756299212599
 30
0
 11
5.4253325590551178
 21
-3.2719755118110236
 31
0
  0
LINE
  5
11F6
330
1F
100
AcDbEntity
  8
In1.Cu
  6
CONTINUOUS
100
AcDbLine
 10
5.4253325590551178
 20
-3.2719755118110236
 30
0
 11
5.4253322440944878
 21
-3.2719750393700786
 31
0
  0
LINE
  5
11F7
330
1F
100
AcDbEntity
  8
In1.Cu
  6
CONTINUOUS
100
AcDbLine
 10
5.4253322440944878
 20
-3.2719750393700786
 30
0
 11
5.4214674015748034
 21
-3.2665476771653541
 31
0
  0
LINE
  5
11F8
330
1F
100
AcDbEntity
  8
In1.Cu
  6
CONTINUOUS
100
AcDbLine
 10
5.4214674015748034
 20
-3.2665476771653541
 30
0
 11
5.4214669685039372
 21
-3.2665470472440945
 31
0
  0
LINE
  5
11F9
330
1F
100
AcDbEntity
  8
In1.Cu
  6
CONTINUOUS
100
AcDbLine
 10
5.4214669685039372
 20
-3.2665470472440945
 30
0
 11
5.4214663779527559
 21
-3.2665462992125982
 31
0
  0
LINE
  5
11FA
330
1F
100
AcDbEntity
  8
In1.Cu
  6
CONTINUOUS
100
AcDbLine
 10
5.4214663779527559
 20
-3.2665462992125982
 30
0
 11
5.4214658267716533
 21
-3.2665455511811023
 31
0
  0
LINE
  5
11FB
330
1F
100
AcDbEntity
  8
In1.Cu
  6
CONTINUOUS
100
AcDbLine
 10
5.4214658267716533
 20
-3.2665455511811023
 30
0
 11
5.4173477952755906
 21
-3.2613090551181103
 31
0
  0
LINE
  5
11FC
330
1F
100
AcDbEntity
  8
In1.Cu
  6
CONTINUOUS
100
AcDbLine
 10
5.4173477952755906
 20
-3.2613090551181103
 30
0
 11
5.4173473622047243
 21
-3.2613085433070865
 31
0
  0
LINE
  5
11FD
330
1F
100
AcDbEntity
  8
In1.Cu
  6
CONTINUOUS
100
AcDbLine
 10
5.4173473622047243
 20
-3.2613085433070865
 30
0
 11
5.4139425196850395
 21
-3.2573791338582678
 31
0
  0
LINE
  5
11FE
330
1F
100
AcDbEntity
  8
In1.Cu
  6
CONTINUOUS
100
AcDbLine
 10
5.4139425196850395
 20
-3.2573791338582678
 30
0
 11
5.4129837795275586
 21
-3.2562726771653541
 31
0
  0
LINE
  5
11FF
330
1F
100
AcDbEntity
  8
In1.Cu
  6
CONTINUOUS
100
AcDbLine
 10
5.4129837795275586
 20
-3.2562726771653541
 30
0
 11
5.4129836614173223
 21
-3.2562725196850395
 31
0
  0
LINE
  5
1200
330
1F
100
AcDbEntity
  8
In1.Cu
  6
CONTINUOUS
100
AcDbLine
 10
5.4129836614173223
 20
-3.2562725196850395
 30
0
 11
5.4083842913385825
 21
-3.2514487795275588
 31
0
  0
LINE
  5
1201
330
1F
100
AcDbEntity
  8
In1.Cu
  6
CONTINUOUS
100
AcDbLine
 10
5.4083842913385825
 20
-3.2514487795275588
 30
0
 11
5.4035605511811022
 21
-3.2468494094488189
 31
0
  0
LINE
  5
1202
330
1F
100
AcDbEntity
  8
In1.Cu
  6
CONTINUOUS
100
AcDbLine
 10
5.4035605511811022
 20
-3.2468494094488189
 30
0
 11
5.4035603937007872
 21
-3.2468492519685039
 31
0
  0
LINE
  5
1203
330
1F
100
AcDbEntity
  8
In1.Cu
  6
CONTINUOUS
100
AcDbLine
 10
5.4035603937007872
 20
-3.2468492519685039
 30
0
 11
5.4012980314960632
 21
-3.244888937007874
 31
0
  0
LINE
  5
1204
330
1F
100
AcDbEntity
  8
In1.Cu
  6
CONTINUOUS
100
AcDbLine
 10
5.4012980314960632
 20
-3.244888937007874
 30
0
 11
5.4012977165354332
 21
-3.2448887007874014
 31
0
  0
LINE
  5
1205
330
1F
100
AcDbEntity
  8
In1.Cu
  6
CONTINUOUS
100
AcDbLine
 10
5.4012977165354332
 20
-3.2448887007874014
 30
0
 11
5.398524566929134
 21
-3.2424857480314961
 31
0
  0
LINE
  5
1206
330
1F
100
AcDbEntity
  8
In1.Cu
  6
CONTINUOUS
100
AcDbLine
 10
5.398524566929134
 20
-3.2424857480314961
 30
0
 11
5.3972954724409448
 21
-3.2415191732283466
 31
0
  0
LINE
  5
1207
330
1F
100
AcDbEntity
  8
In1.Cu
  6
CONTINUOUS
100
AcDbLine
 10
5.3972954724409448
 20
-3.2415191732283466
 30
0
 11
5.3932875196850389
 21
-3.238367244094488
 31
0
  0
LINE
  5
1208
330
1F
100
AcDbEntity
  8
In1.Cu
  6
CONTINUOUS
100
AcDbLine
 10
5.3932875196850389
 20
-3.238367244094488
 30
0
 11
5.393286535433071
 21
-3.2383665354330708
 31
0
  0
LINE
  5
1209
330
1F
100
AcDbEntity
  8
In1.Cu
  6
CONTINUOUS
100
AcDbLine
 10
5.393286535433071
 20
-3.2383665354330708
 30
0
 11
5.393286062992126
 21
-3.2383661417322833
 31
0
  0
LINE
  5
120A
330
1F
100
AcDbEntity
  8
In1.Cu
  6
CONTINUOUS
100
AcDbLine
 10
5.393286062992126
 20
-3.2383661417322833
 30
0
 11
5.3916351181102362
 21
-3.2371905118110234
 31
0
  0
LINE
  5
120B
330
1F
100
AcDbEntity
  8
In1.Cu
  6
CONTINUOUS
100
AcDbLine
 10
5.3916351181102362
 20
-3.2371905118110234
 30
0
 11
5.3878580314960631
 21
-3.2345008267716535
 31
0
  0
LINE
  5
120C
330
1F
100
AcDbEntity
  8
In1.Cu
  6
CONTINUOUS
100
AcDbLine
 10
5.3878580314960631
 20
-3.2345008267716535
 30
0
 11
5.387856771653543
 21
-3.2344999999999997
 31
0
  0
LINE
  5
120D
330
1F
100
AcDbEntity
  8
In1.Cu
  6
CONTINUOUS
100
AcDbLine
 10
5.387856771653543
 20
-3.2344999999999997
 30
0
 11
5.38225094488189
 21
-3.2308973622047241
 31
0
  0
LINE
  5
120E
330
1F
100
AcDbEntity
  8
In1.Cu
  6
CONTINUOUS
100
AcDbLine
 10
5.38225094488189
 20
-3.2308973622047241
 30
0
 11
5.3822508267716538
 21
-3.2308972834645671
 31
0
  0
LINE
  5
120F
330
1F
100
AcDbEntity
  8
In1.Cu
  6
CONTINUOUS
100
AcDbLine
 10
5.3822508267716538
 20
-3.2308972834645671
 30
0
 11
5.37648062992126
 21
-3.2275659055118111
 31
0
  0
LINE
  5
1210
330
1F
100
AcDbEntity
  8
In1.Cu
  6
CONTINUOUS
100
AcDbLine
 10
5.37648062992126
 20
-3.2275659055118111
 30
0
 11
5.3764796850393699
 21
-3.2275653543307086
 31
0
  0
LINE
  5
1211
330
1F
100
AcDbEntity
  8
In1.Cu
  6
CONTINUOUS
100
AcDbLine
 10
5.3764796850393699
 20
-3.2275653543307086
 30
0
 11
5.3764790157480311
 21
-3.2275649999999998
 31
0
  0
LINE
  5
1212
330
1F
100
AcDbEntity
  8
In1.Cu
  6
CONTINUOUS
100
AcDbLine
 10
5.3764790157480311
 20
-3.2275649999999998
 30
0
 11
5.3705566929133859
 21
-3.2245117716535434
 31
0
  0
LINE
  5
1213
330
1F
100
AcDbEntity
  8
In1.Cu
  6
CONTINUOUS
100
AcDbLine
 10
5.3705566929133859
 20
-3.2245117716535434
 30
0
 11
5.364494173228346
 21
-3.2217431496062989
 31
0
  0
LINE
  5
1214
330
1F
100
AcDbEntity
  8
In1.Cu
  6
CONTINUOUS
100
AcDbLine
 10
5.364494173228346
 20
-3.2217431496062989
 30
0
 11
5.3583082283464565
 21
-3.2192666141732285
 31
0
  0
LINE
  5
1215
330
1F
100
AcDbEntity
  8
In1.Cu
  6
CONTINUOUS
100
AcDbLine
 10
5.3583082283464565
 20
-3.2192666141732285
 30
0
 11
5.3583077165354327
 21
-3.2192664566929134
 31
0
  0
LINE
  5
1216
330
1F
100
AcDbEntity
  8
In1.Cu
  6
CONTINUOUS
100
AcDbLine
 10
5.3583077165354327
 20
-3.2192664566929134
 30
0
 11
5.3583072440944877
 21
-3.2192662598425197
 31
0
  0
LINE
  5
1217
330
1F
100
AcDbEntity
  8
In1.Cu
  6
CONTINUOUS
100
AcDbLine
 10
5.3583072440944877
 20
-3.2192662598425197
 30
0
 11
5.354106850393701
 21
-3.2178124803149606
 31
0
  0
LINE
  5
1218
330
1F
100
AcDbEntity
  8
In1.Cu
  6
CONTINUOUS
100
AcDbLine
 10
5.354106850393701
 20
-3.2178124803149606
 30
0
 11
5.3520097244094487
 21
-3.2170866535433071
 31
0
  0
LINE
  5
1219
330
1F
100
AcDbEntity
  8
In1.Cu
  6
CONTINUOUS
100
AcDbLine
 10
5.3520097244094487
 20
-3.2170866535433071
 30
0
 11
5.3456153543307083
 21
-3.2152090551181103
 31
0
  0
LINE
  5
121A
330
1F
100
AcDbEntity
  8
In1.Cu
  6
CONTINUOUS
100
AcDbLine
 10
5.3456153543307083
 20
-3.2152090551181103
 30
0
 11
5.3456153937007871
 21
-3.2152090551181103
 31
0
  0
LINE
  5
121B
330
1F
100
AcDbEntity
  8
In1.Cu
  6
CONTINUOUS
100
AcDbLine
 10
5.3456153937007871
 20
-3.2152090551181103
 30
0
 11
5.3391385433070866
 21
-3.2136378346456693
 31
0
  0
LINE
  5
121C
330
1F
100
AcDbEntity
  8
In1.Cu
  6
CONTINUOUS
100
AcDbLine
 10
5.3391385433070866
 20
-3.2136378346456693
 30
0
 11
5.332595236220472
 21
-3.2123767322834644
 31
0
  0
LINE
  5
121D
330
1F
100
AcDbEntity
  8
In1.Cu
  6
CONTINUOUS
100
AcDbLine
 10
5.332595236220472
 20
-3.2123767322834644
 30
0
 11
5.3325950393700783
 21
-3.2123766929133857
 31
0
  0
LINE
  5
121E
330
1F
100
AcDbEntity
  8
In1.Cu
  6
CONTINUOUS
100
AcDbLine
 10
5.3325950393700783
 20
-3.2123766929133857
 30
0
 11
5.3325948031496058
 21
-3.2123766535433069
 31
0
  0
LINE
  5
121F
330
1F
100
AcDbEntity
  8
In1.Cu
  6
CONTINUOUS
100
AcDbLine
 10
5.3325948031496058
 20
-3.2123766535433069
 30
0
 11
5.3325944881889766
 21
-3.2123765748031494
 31
0
  0
LINE
  5
1220
330
1F
100
AcDbEntity
  8
In1.Cu
  6
CONTINUOUS
100
AcDbLine
 10
5.3325944881889766
 20
-3.2123765748031494
 30
0
 11
5.3325938188976378
 21
-3.2123764960629919
 31
0
  0
LINE
  5
1221
330
1F
100
AcDbEntity
  8
In1.Cu
  6
CONTINUOUS
100
AcDbLine
 10
5.3325938188976378
 20
-3.2123764960629919
 30
0
 11
5.3259989370078742
 21
-3.2114283070866141
 31
0
  0
LINE
  5
1222
330
1F
100
AcDbEntity
  8
In1.Cu
  6
CONTINUOUS
100
AcDbLine
 10
5.3259989370078742
 20
-3.2114283070866141
 30
0
 11
5.3259986614173229
 21
-3.2114282677165353
 31
0
  0
LINE
  5
1223
330
1F
100
AcDbEntity
  8
In1.Cu
  6
CONTINUOUS
100
AcDbLine
 10
5.3259986614173229
 20
-3.2114282677165353
 30
0
 11
5.3259983464566929
 21
-3.2114282283464566
 31
0
  0
LINE
  5
1224
330
1F
100
AcDbEntity
  8
In1.Cu
  6
CONTINUOUS
100
AcDbLine
 10
5.3259983464566929
 20
-3.2114282283464566
 30
0
 11
5.3259979527559054
 21
-3.2114281889763778
 31
0
  0
LINE
  5
1225
330
1F
100
AcDbEntity
  8
In1.Cu
  6
CONTINUOUS
100
AcDbLine
 10
5.3259979527559054
 20
-3.2114281889763778
 30
0
 11
5.3259972834645666
 21
-3.2114281102362203
 31
0
  0
LINE
  5
1226
330
1F
100
AcDbEntity
  8
In1.Cu
  6
CONTINUOUS
100
AcDbLine
 10
5.3259972834645666
 20
-3.2114281102362203
 30
0
 11
5.3193657874015745
 21
-3.2107948425196851
 31
0
  0
LINE
  5
1227
330
1F
100
AcDbEntity
  8
In1.Cu
  6
CONTINUOUS
100
AcDbLine
 10
5.3193657874015745
 20
-3.2107948425196851
 30
0
 11
5.3193648818897641
 21
-3.2107947637795275
 31
0
  0
LINE
  5
1228
330
1F
100
AcDbEntity
  8
In1.Cu
  6
CONTINUOUS
100
AcDbLine
 10
5.3193648818897641
 20
-3.2107947637795275
 30
0
 11
5.3193643307086615
 21
-3.2107947244094488
 31
0
  0
LINE
  5
1229
330
1F
100
AcDbEntity
  8
In1.Cu
  6
CONTINUOUS
100
AcDbLine
 10
5.3193643307086615
 20
-3.2107947244094488
 30
0
 11
5.3193642125984253
 21
-3.2107947244094488
 31
0
  0
LINE
  5
122A
330
1F
100
AcDbEntity
  8
In1.Cu
  6
CONTINUOUS
100
AcDbLine
 10
5.3193642125984253
 20
-3.2107947244094488
 30
0
 11
5.3127074803149608
 21
-3.2104776377952757
 31
0
  0
LINE
  5
122B
330
1F
100
AcDbEntity
  8
In1.Cu
  6
CONTINUOUS
100
AcDbLine
 10
5.3127074803149608
 20
-3.2104776377952757
 30
0
 11
5.3060431496062987
 21
-3.2104776377952757
 31
0
  0
LINE
  5
122C
330
1F
100
AcDbEntity
  8
In1.Cu
  6
CONTINUOUS
100
AcDbLine
 10
5.3060431496062987
 20
-3.2104776377952757
 30
0
 11
5.2993864173228342
 21
-3.2107947244094488
 31
0
  0
LINE
  5
122D
330
1F
100
AcDbEntity
  8
In1.Cu
  6
CONTINUOUS
100
AcDbLine
 10
5.2993864173228342
 20
-3.2107947244094488
 30
0
 11
5.299386299212598
 21
-3.2107947244094488
 31
0
  0
LINE
  5
122E
330
1F
100
AcDbEntity
  8
In1.Cu
  6
CONTINUOUS
100
AcDbLine
 10
5.299386299212598
 20
-3.2107947244094488
 30
0
 11
5.2993857086614176
 21
-3.2107947637795275
 31
0
  0
LINE
  5
122F
330
1F
100
AcDbEntity
  8
In1.Cu
  6
CONTINUOUS
100
AcDbLine
 10
5.2993857086614176
 20
-3.2107947637795275
 30
0
 11
5.2993848031496062
 21
-3.2107948425196851
 31
0
  0
LINE
  5
1230
330
1F
100
AcDbEntity
  8
In1.Cu
  6
CONTINUOUS
100
AcDbLine
 10
5.2993848031496062
 20
-3.2107948425196851
 30
0
 11
5.2927533070866142
 21
-3.2114281102362203
 31
0
  0
LINE
  5
1231
330
1F
100
AcDbEntity
  8
In1.Cu
  6
CONTINUOUS
100
AcDbLine
 10
5.2927533070866142
 20
-3.2114281102362203
 30
0
 11
5.2927524409448816
 21
-3.2114281889763778
 31
0
  0
LINE
  5
1232
330
1F
100
AcDbEntity
  8
In1.Cu
  6
CONTINUOUS
100
AcDbLine
 10
5.2927524409448816
 20
-3.2114281889763778
 30
0
 11
5.2927522834645666
 21
-3.2114282283464566
 31
0
  0
LINE
  5
1233
330
1F
100
AcDbEntity
  8
In1.Cu
  6
CONTINUOUS
100
AcDbLine
 10
5.2927522834645666
 20
-3.2114282283464566
 30
0
 11
5.2927521259842516
 21
-3.2114282283464566
 31
0
  0
LINE
  5
1234
330
1F
100
AcDbEntity
  8
In1.Cu
  6
CONTINUOUS
100
AcDbLine
 10
5.2927521259842516
 20
-3.2114282283464566
 30
0
 11
5.2927516535433066
 21
-3.2114283070866141
 31
0
  0
LINE
  5
1235
330
1F
100
AcDbEntity
  8
In1.Cu
  6
CONTINUOUS
100
AcDbLine
 10
5.2927516535433066
 20
-3.2114283070866141
 30
0
 11
5.2861567716535429
 21
-3.2123764960629919
 31
0
  0
LINE
  5
1236
330
1F
100
AcDbEntity
  8
In1.Cu
  6
CONTINUOUS
100
AcDbLine
 10
5.2861567716535429
 20
-3.2123764960629919
 30
0
 11
5.2861553543307087
 21
-3.2123767322834644
 31
0
  0
LINE
  5
1237
330
1F
100
AcDbEntity
  8
In1.Cu
  6
CONTINUOUS
100
AcDbLine
 10
5.2861553543307087
 20
-3.2123767322834644
 30
0
 11
5.2796120472440942
 21
-3.2136378346456693
 31
0
  0
LINE
  5
1238
330
1F
100
AcDbEntity
  8
In1.Cu
  6
CONTINUOUS
100
AcDbLine
 10
5.2796120472440942
 20
-3.2136378346456693
 30
0
 11
5.2731352362204724
 21
-3.2152090551181103
 31
0
  0
LINE
  5
1239
330
1F
100
AcDbEntity
  8
In1.Cu
  6
CONTINUOUS
100
AcDbLine
 10
5.2731352362204724
 20
-3.2152090551181103
 30
0
 11
5.2667408661417321
 21
-3.2170866535433071
 31
0
  0
LINE
  5
123A
330
1F
100
AcDbEntity
  8
In1.Cu
  6
CONTINUOUS
100
AcDbLine
 10
5.2667408661417321
 20
-3.2170866535433071
 30
0
 11
5.2629266535433068
 21
-3.2184067716535432
 31
0
  0
LINE
  5
123B
330
1F
100
AcDbEntity
  8
In1.Cu
  6
CONTINUOUS
100
AcDbLine
 10
5.2629266535433068
 20
-3.2184067716535432
 30
0
 11
5.2604433858267718
 21
-3.2192662598425197
 31
0
  0
LINE
  5
123C
330
1F
100
AcDbEntity
  8
In1.Cu
  6
CONTINUOUS
100
AcDbLine
 10
5.2604433858267718
 20
-3.2192662598425197
 30
0
 11
5.2604429921259843
 21
-3.2192663779527559
 31
0
  0
LINE
  5
123D
330
1F
100
AcDbEntity
  8
In1.Cu
  6
CONTINUOUS
100
AcDbLine
 10
5.2604429921259843
 20
-3.2192663779527559
 30
0
 11
5.2604428740157481
 21
-3.2192664566929134
 31
0
  0
LINE
  5
123E
330
1F
100
AcDbEntity
  8
In1.Cu
  6
CONTINUOUS
100
AcDbLine
 10
5.2604428740157481
 20
-3.2192664566929134
 30
0
 11
5.2604423622047243
 21
-3.2192666141732285
 31
0
  0
LINE
  5
123F
330
1F
100
AcDbEntity
  8
In1.Cu
  6
CONTINUOUS
100
AcDbLine
 10
5.2604423622047243
 20
-3.2192666141732285
 30
0
 11
5.2542564173228348
 21
-3.2217431496062989
 31
0
  0
LINE
  5
1240
330
1F
100
AcDbEntity
  8
In1.Cu
  6
CONTINUOUS
100
AcDbLine
 10
5.2542564173228348
 20
-3.2217431496062989
 30
0
 11
5.2481938976377949
 21
-3.2245117716535434
 31
0
  0
LINE
  5
1241
330
1F
100
AcDbEntity
  8
In1.Cu
  6
CONTINUOUS
100
AcDbLine
 10
5.2481938976377949
 20
-3.2245117716535434
 30
0
 11
5.2422715748031496
 21
-3.2275649999999998
 31
0
  0
LINE
  5
1242
330
1F
100
AcDbEntity
  8
In1.Cu
  6
CONTINUOUS
100
AcDbLine
 10
5.2422715748031496
 20
-3.2275649999999998
 30
0
 11
5.2422699606299208
 21
-3.2275659055118111
 31
0
  0
LINE
  5
1243
330
1F
100
AcDbEntity
  8
In1.Cu
  6
CONTINUOUS
100
AcDbLine
 10
5.2422699606299208
 20
-3.2275659055118111
 30
0
 11
5.2364997637795279
 21
-3.2308972834645671
 31
0
  0
LINE
  5
1244
330
1F
100
AcDbEntity
  8
In1.Cu
  6
CONTINUOUS
100
AcDbLine
 10
5.2364997637795279
 20
-3.2308972834645671
 30
0
 11
5.2364996456692916
 21
-3.2308973622047241
 31
0
  0
LINE
  5
1245
330
1F
100
AcDbEntity
  8
In1.Cu
  6
CONTINUOUS
100
AcDbLine
 10
5.2364996456692916
 20
-3.2308973622047241
 30
0
 11
5.2308938188976377
 21
-3.2344999999999997
 31
0
  0
LINE
  5
1246
330
1F
100
AcDbEntity
  8
In1.Cu
  6
CONTINUOUS
100
AcDbLine
 10
5.2308938188976377
 20
-3.2344999999999997
 30
0
 11
5.2308925590551176
 21
-3.2345008267716535
 31
0
  0
LINE
  5
1247
330
1F
100
AcDbEntity
  8
In1.Cu
  6
CONTINUOUS
100
AcDbLine
 10
5.2308925590551176
 20
-3.2345008267716535
 30
0
 11
5.2254651968503936
 21
-3.2383656692913383
 31
0
  0
LINE
  5
1248
330
1F
100
AcDbEntity
  8
In1.Cu
  6
CONTINUOUS
100
AcDbLine
 10
5.2254651968503936
 20
-3.2383656692913383
 30
0
 11
5.2254630708661418
 21
-3.238367244094488
 31
0
  0
LINE
  5
1249
330
1F
100
AcDbEntity
  8
In1.Cu
  6
CONTINUOUS
100
AcDbLine
 10
5.2254630708661418
 20
-3.238367244094488
 30
0
 11
5.2202265748031493
 21
-3.2424852755905511
 31
0
  0
LINE
  5
124A
330
1F
100
AcDbEntity
  8
In1.Cu
  6
CONTINUOUS
100
AcDbLine
 10
5.2202265748031493
 20
-3.2424852755905511
 30
0
 11
5.2202259055118105
 21
-3.2424858661417324
 31
0
  0
LINE
  5
124B
330
1F
100
AcDbEntity
  8
In1.Cu
  6
CONTINUOUS
100
AcDbLine
 10
5.2202259055118105
 20
-3.2424858661417324
 30
0
 11
5.2151901968503935
 21
-3.2468492913385827
 31
0
  0
LINE
  5
124C
330
1F
100
AcDbEntity
  8
In1.Cu
  6
CONTINUOUS
100
AcDbLine
 10
5.2151901968503935
 20
-3.2468492913385827
 30
0
 11
5.2151900393700785
 21
-3.2468494094488189
 31
0
  0
LINE
  5
124D
330
1F
100
AcDbEntity
  8
In1.Cu
  6
CONTINUOUS
100
AcDbLine
 10
5.2151900393700785
 20
-3.2468494094488189
 30
0
 11
5.2103662992125983
 21
-3.2514487795275588
 31
0
  0
LINE
  5
124E
330
1F
100
AcDbEntity
  8
In1.Cu
  6
CONTINUOUS
100
AcDbLine
 10
5.2103662992125983
 20
-3.2514487795275588
 30
0
 11
5.2057669291338584
 21
-3.2562725196850395
 31
0
  0
LINE
  5
124F
330
1F
100
AcDbEntity
  8
In1.Cu
  6
CONTINUOUS
100
AcDbLine
 10
5.2057669291338584
 20
-3.2562725196850395
 30
0
 11
5.2057668110236222
 21
-3.2562726771653541
 31
0
  0
LINE
  5
1250
330
1F
100
AcDbEntity
  8
In1.Cu
  6
CONTINUOUS
100
AcDbLine
 10
5.2057668110236222
 20
-3.2562726771653541
 30
0
 11
5.2014033858267714
 21
-3.2613083858267715
 31
0
  0
LINE
  5
1251
330
1F
100
AcDbEntity
  8
In1.Cu
  6
CONTINUOUS
100
AcDbLine
 10
5.2014033858267714
 20
-3.2613083858267715
 30
0
 11
5.2014027952755901
 21
-3.2613090551181103
 31
0
  0
LINE
  5
1252
330
1F
100
AcDbEntity
  8
In1.Cu
  6
CONTINUOUS
100
AcDbLine
 10
5.2014027952755901
 20
-3.2613090551181103
 30
0
 11
5.1972847637795274
 21
-3.2665455511811023
 31
0
  0
LINE
  5
1253
330
1F
100
AcDbEntity
  8
In1.Cu
  6
CONTINUOUS
100
AcDbLine
 10
5.1972847637795274
 20
-3.2665455511811023
 30
0
 11
5.1972831889763782
 21
-3.2665476771653541
 31
0
  0
LINE
  5
1254
330
1F
100
AcDbEntity
  8
In1.Cu
  6
CONTINUOUS
100
AcDbLine
 10
5.1972831889763782
 20
-3.2665476771653541
 30
0
 11
5.193418346456693
 21
-3.2719750393700786
 31
0
  0
LINE
  5
1255
330
1F
100
AcDbEntity
  8
In1.Cu
  6
CONTINUOUS
100
AcDbLine
 10
5.193418346456693
 20
-3.2719750393700786
 30
0
 11
5.1934175196850392
 21
-3.2719762992125982
 31
0
  0
LINE
  5
1256
330
1F
100
AcDbEntity
  8
In1.Cu
  6
CONTINUOUS
100
AcDbLine
 10
5.1934175196850392
 20
-3.2719762992125982
 30
0
 11
5.189814881889764
 21
-3.2775821259842517
 31
0
  0
LINE
  5
1257
330
1F
100
AcDbEntity
  8
In1.Cu
  6
CONTINUOUS
100
AcDbLine
 10
5.189814881889764
 20
-3.2775821259842517
 30
0
 11
5.1898148031496065
 21
-3.277582244094488
 31
0
  0
LINE
  5
1258
330
1F
100
AcDbEntity
  8
In1.Cu
  6
CONTINUOUS
100
AcDbLine
 10
5.1898148031496065
 20
-3.277582244094488
 30
0
 11
5.1864834251968501
 21
-3.2833524409448818
 31
0
  0
LINE
  5
1259
330
1F
100
AcDbEntity
  8
In1.Cu
  6
CONTINUOUS
100
AcDbLine
 10
5.1864834251968501
 20
-3.2833524409448818
 30
0
 11
5.1864825196850388
 21
-3.2833540551181102
 31
0
  0
LINE
  5
125A
330
1F
100
AcDbEntity
  8
In1.Cu
  6
CONTINUOUS
100
AcDbLine
 10
5.1864825196850388
 20
-3.2833540551181102
 30
0
 11
5.1834292913385829
 21
-3.2892763779527558
 31
0
  0
LINE
  5
125B
330
1F
100
AcDbEntity
  8
In1.Cu
  6
CONTINUOUS
100
AcDbLine
 10
5.1834292913385829
 20
-3.2892763779527558
 30
0
 11
5.1806606692913384
 21
-3.2953388976377953
 31
0
  0
LINE
  5
125C
330
1F
100
AcDbEntity
  8
In1.Cu
  6
CONTINUOUS
100
AcDbLine
 10
5.1806606692913384
 20
-3.2953388976377953
 30
0
 11
5.1781841338582675
 21
-3.3015248425196848
 31
0
  0
LINE
  5
125D
330
1F
100
AcDbEntity
  8
In1.Cu
  6
CONTINUOUS
100
AcDbLine
 10
5.1781841338582675
 20
-3.3015248425196848
 30
0
 11
5.1781839763779525
 21
-3.3015253543307086
 31
0
  0
LINE
  5
125E
330
1F
100
AcDbEntity
  8
In1.Cu
  6
CONTINUOUS
100
AcDbLine
 10
5.1781839763779525
 20
-3.3015253543307086
 30
0
 11
5.1781837795275587
 21
-3.3015258661417324
 31
0
  0
LINE
  5
125F
330
1F
100
AcDbEntity
  8
In1.Cu
  6
CONTINUOUS
100
AcDbLine
 10
5.1781837795275587
 20
-3.3015258661417324
 30
0
 11
5.177991338582677
 21
-3.3020819291338581
 31
0
  0
LINE
  5
1260
330
1F
100
AcDbEntity
  8
In1.Cu
  6
CONTINUOUS
100
AcDbLine
 10
5.177991338582677
 20
-3.3020819291338581
 30
0
 11
5.1760041732283462
 21
-3.3078233464566926
 31
0
  0
LINE
  5
1261
330
1F
100
AcDbEntity
  8
In1.Cu
  6
CONTINUOUS
100
AcDbLine
 10
5.1760041732283462
 20
-3.3078233464566926
 30
0
 11
5.1741265748031493
 21
-3.314217716535433
 31
0
  0
LINE
  5
1262
330
1F
100
AcDbEntity
  8
In1.Cu
  6
CONTINUOUS
100
AcDbLine
 10
5.1741265748031493
 20
-3.314217716535433
 30
0
 11
5.1725553543307088
 21
-3.3206945275590551
 31
0
  0
LINE
  5
1263
330
1F
100
AcDbEntity
  8
In1.Cu
  6
CONTINUOUS
100
AcDbLine
 10
5.1725553543307088
 20
-3.3206945275590551
 30
0
 11
5.1712942519685035
 21
-3.3272378346456692
 31
0
  0
LINE
  5
1264
330
1F
100
AcDbEntity
  8
In1.Cu
  6
CONTINUOUS
100
AcDbLine
 10
5.1712942519685035
 20
-3.3272378346456692
 30
0
 11
5.1712940157480309
 21
-3.3272392519685039
 31
0
  0
LINE
  5
1265
330
1F
100
AcDbEntity
  8
In1.Cu
  6
CONTINUOUS
100
AcDbLine
 10
5.1712940157480309
 20
-3.3272392519685039
 30
0
 11
5.1703458267716531
 21
-3.3338341338582675
 31
0
  0
LINE
  5
1266
330
1F
100
AcDbEntity
  8
In1.Cu
  6
CONTINUOUS
100
AcDbLine
 10
5.1703458267716531
 20
-3.3338341338582675
 30
0
 11
5.1703456299212593
 21
-3.3338357874015747
 31
0
  0
LINE
  5
1267
330
1F
100
AcDbEntity
  8
In1.Cu
  6
CONTINUOUS
100
AcDbLine
 10
5.1703456299212593
 20
-3.3338357874015747
 30
0
 11
5.1697123622047245
 21
-3.3404672834645668
 31
0
  0
LINE
  5
1268
330
1F
100
AcDbEntity
  8
In1.Cu
  6
CONTINUOUS
100
AcDbLine
 10
5.1697123622047245
 20
-3.3404672834645668
 30
0
 11
5.169712283464567
 21
-3.3404681889763781
 31
0
  0
LINE
  5
1269
330
1F
100
AcDbEntity
  8
In1.Cu
  6
CONTINUOUS
100
AcDbLine
 10
5.169712283464567
 20
-3.3404681889763781
 30
0
 11
5.1697122440944883
 21
-3.3404687795275589
 31
0
  0
LINE
  5
126A
330
1F
100
AcDbEntity
  8
In1.Cu
  6
CONTINUOUS
100
AcDbLine
 10
5.1697122440944883
 20
-3.3404687795275589
 30
0
 11
5.1697122440944883
 21
-3.3404688976377952
 31
0
  0
LINE
  5
126B
330
1F
100
AcDbEntity
  8
In1.Cu
  6
CONTINUOUS
100
AcDbLine
 10
5.1697122440944883
 20
-3.3404688976377952
 30
0
 11
5.1694384645669293
 21
-3.3462169291338584
 31
0
  0
LINE
  5
126C
330
1F
100
AcDbEntity
  8
In1.Cu
  6
CONTINUOUS
100
AcDbLine
 10
5.1694384645669293
 20
-3.3462169291338584
 30
0
 11
5.1693951574803148
 21
-3.3471257874015747
 31
0
  0
LINE
  5
126D
330
1F
100
AcDbEntity
  8
In1.Cu
  6
CONTINUOUS
100
AcDbLine
 10
5.1693951574803148
 20
-3.3471257874015747
 30
0
 11
5.1693951574803148
 21
-3.3537897637795275
 31
0
  0
LINE
  5
126E
330
1F
100
AcDbEntity
  8
In1.Cu
  6
CONTINUOUS
100
AcDbLine
 10
5.6810939763779524
 20
-3.1858911417322835
 30
0
 11
5.6836938582677163
 21
-3.1873921653543307
 31
0
  0
LINE
  5
126F
330
1F
100
AcDbEntity
  8
In1.Cu
  6
CONTINUOUS
100
AcDbLine
 10
5.6836938582677163
 20
-3.1873921653543307
 30
0
 11
5.6858166929133853
 21
-3.1895150000000001
 31
0
  0
LINE
  5
1270
330
1F
100
AcDbEntity
  8
In1.Cu
  6
CONTINUOUS
100
AcDbLine
 10
5.6858166929133853
 20
-3.1895150000000001
 30
0
 11
5.6873177165354329
 21
-3.1921148818897636
 31
0
  0
LINE
  5
1271
330
1F
100
AcDbEntity
  8
In1.Cu
  6
CONTINUOUS
100
AcDbLine
 10
5.6873177165354329
 20
-3.1921148818897636
 30
0
 11
5.6880947244094484
 21
-3.1950146850393701
 31
0
  0
LINE
  5
1272
330
1F
100
AcDbEntity
  8
In1.Cu
  6
CONTINUOUS
100
AcDbLine
 10
5.6880947244094484
 20
-3.1950146850393701
 30
0
 11
5.6880947244094484
 21
-3.198016811023622
 31
0
  0
LINE
  5
1273
330
1F
100
AcDbEntity
  8
In1.Cu
  6
CONTINUOUS
100
AcDbLine
 10
5.6880947244094484
 20
-3.198016811023622
 30
0
 11
5.6873177165354329
 21
-3.2009166141732281
 31
0
  0
LINE
  5
1274
330
1F
100
AcDbEntity
  8
In1.Cu
  6
CONTINUOUS
100
AcDbLine
 10
5.6873177165354329
 20
-3.2009166141732281
 30
0
 11
5.6858166929133853
 21
-3.203516496062992
 31
0
  0
LINE
  5
1275
330
1F
100
AcDbEntity
  8
In1.Cu
  6
CONTINUOUS
100
AcDbLine
 10
5.6858166929133853
 20
-3.203516496062992
 30
0
 11
5.6836938582677163
 21
-3.2056393307086615
 31
0
  0
LINE
  5
1276
330
1F
100
AcDbEntity
  8
In1.Cu
  6
CONTINUOUS
100
AcDbLine
 10
5.6836938582677163
 20
-3.2056393307086615
 30
0
 11
5.6810939763779524
 21
-3.2071403543307087
 31
0
  0
LINE
  5
1277
330
1F
100
AcDbEntity
  8
In1.Cu
  6
CONTINUOUS
100
AcDbLine
 10
5.6810939763779524
 20
-3.2071403543307087
 30
0
 11
5.6781941732283467
 21
-3.2079173622047241
 31
0
  0
LINE
  5
1278
330
1F
100
AcDbEntity
  8
In1.Cu
  6
CONTINUOUS
100
AcDbLine
 10
5.6781941732283467
 20
-3.2079173622047241
 30
0
 11
5.675192047244094
 21
-3.2079173622047241
 31
0
  0
LINE
  5
1279
330
1F
100
AcDbEntity
  8
In1.Cu
  6
CONTINUOUS
100
AcDbLine
 10
5.675192047244094
 20
-3.2079173622047241
 30
0
 11
5.6722922440944883
 21
-3.2071403543307087
 31
0
  0
LINE
  5
127A
330
1F
100
AcDbEntity
  8
In1.Cu
  6
CONTINUOUS
100
AcDbLine
 10
5.6722922440944883
 20
-3.2071403543307087
 30
0
 11
5.6696923622047244
 21
-3.2056393307086615
 31
0
  0
LINE
  5
127B
330
1F
100
AcDbEntity
  8
In1.Cu
  6
CONTINUOUS
100
AcDbLine
 10
5.6696923622047244
 20
-3.2056393307086615
 30
0
 11
5.6675695275590554
 21
-3.203516496062992
 31
0
  0
LINE
  5
127C
330
1F
100
AcDbEntity
  8
In1.Cu
  6
CONTINUOUS
100
AcDbLine
 10
5.6675695275590554
 20
-3.203516496062992
 30
0
 11
5.6660685039370078
 21
-3.2009166141732281
 31
0
  0
LINE
  5
127D
330
1F
100
AcDbEntity
  8
In1.Cu
  6
CONTINUOUS
100
AcDbLine
 10
5.6660685039370078
 20
-3.2009166141732281
 30
0
 11
5.6652914960629923
 21
-3.198016811023622
 31
0
  0
LINE
  5
127E
330
1F
100
AcDbEntity
  8
In1.Cu
  6
CONTINUOUS
100
AcDbLine
 10
5.6652914960629923
 20
-3.198016811023622
 30
0
 11
5.6652914960629923
 21
-3.1950146850393701
 31
0
  0
LINE
  5
127F
330
1F
100
AcDbEntity
  8
In1.Cu
  6
CONTINUOUS
100
AcDbLine
 10
5.6652914960629923
 20
-3.1950146850393701
 30
0
 11
5.6660685039370078
 21
-3.1921148818897636
 31
0
  0
LINE
  5
1280
330
1F
100
AcDbEntity
  8
In1.Cu
  6
CONTINUOUS
100
AcDbLine
 10
5.6660685039370078
 20
-3.1921148818897636
 30
0
 11
5.6675695275590554
 21
-3.1895150000000001
 31
0
  0
LINE
  5
1281
330
1F
100
AcDbEntity
  8
In1.Cu
  6
CONTINUOUS
100
AcDbLine
 10
5.6675695275590554
 20
-3.1895150000000001
 30
0
 11
5.6696923622047244
 21
-3.1873921653543307
 31
0
  0
LINE
  5
1282
330
1F
100
AcDbEntity
  8
In1.Cu
  6
CONTINUOUS
100
AcDbLine
 10
5.6696923622047244
 20
-3.1873921653543307
 30
0
 11
5.6722922440944883
 21
-3.1858911417322835
 31
0
  0
LINE
  5
1283
330
1F
100
AcDbEntity
  8
In1.Cu
  6
CONTINUOUS
100
AcDbLine
 10
5.6722922440944883
 20
-3.1858911417322835
 30
0
 11
5.675192047244094
 21
-3.1851141338582676
 31
0
  0
LINE
  5
1284
330
1F
100
AcDbEntity
  8
In1.Cu
  6
CONTINUOUS
100
AcDbLine
 10
5.675192047244094
 20
-3.1851141338582676
 30
0
 11
5.6781941732283467
 21
-3.1851141338582676
 31
0
  0
LINE
  5
1285
330
1F
100
AcDbEntity
  8
In1.Cu
  6
CONTINUOUS
100
AcDbLine
 10
5.6781941732283467
 20
-3.1851141338582676
 30
0
 11
5.6810939763779524
 21
-3.1858911417322835
 31
0
  0
CIRCLE
  5
1286
330
1F
100
AcDbEntity
  8
In1.Cu
100
AcDbCircle
 10
6.5942575984251963
 20
-3.843340157480315
 30
0
 40
0.004
  0
CIRCLE
  5
1287
330
1F
100
AcDbEntity
  8
In1.Cu
100
AcDbCircle
 10
6.3007088582677166
 20
-4.1886417322834646
 30
0
 40
0.004
  0
CIRCLE
  5
1288
330
1F
100
AcDbEntity
  8
In1.Cu
100
AcDbCircle
 10
6.5632576377952754
 20
-3.8743401574803147
 30
0
 40
0.004
  0
CIRCLE
  5
1289
330
1F
100
AcDbEntity
  8
In1.Cu
100
AcDbCircle
 10
6.0448033464566926
 20
-3.6177755905511808
 30
0
 40
0.004
  0
CIRCLE
  5
128A
330
1F
100
AcDbEntity
  8
In1.Cu
100
AcDbCircle
 10
5.959685236220472
 20
-3.8736811023622044
 30
0
 40
0.004
  0
CIRCLE
  5
128B
330
1F
100
AcDbEntity
  8
In1.Cu
100
AcDbCircle
 10
6.5942575590551176
 20
-3.8743400787401572
 30
0
 40
0.004
  0
CIRCLE
  5
128C
330
1F
100
AcDbEntity
  8
In1.Cu
100
AcDbCircle
 10
6.5942575590551176
 20
-3.9053400787401573
 30
0
 40
0.004
  0
CIRCLE
  5
128D
330
1F
100
AcDbEntity
  8
In1.Cu
100
AcDbCircle
 10
6.5270868110236222
 20
-3.63746062992126
 30
0
 40
0.004
  0
CIRCLE
  5
128E
330
1F
100
AcDbEntity
  8
In1.Cu
100
AcDbCircle
 10
6.83417342519685
 20
-3.7942716141732284
 30
0
 40
0.004
  0
CIRCLE
  5
128F
330
1F
100
AcDbEntity
  8
In1.Cu
100
AcDbCircle
 10
6.83417342519685
 20
-3.8237991732283465
 30
0
 40
0.004
  0
CIRCLE
  5
1290
330
1F
100
AcDbEntity
  8
In1.Cu
100
AcDbCircle
 10
6.1993646850393702
 20
-3.9129896850393702
 30
0
 40
0.004
  0
CIRCLE
  5
1291
330
1F
100
AcDbEntity
  8
In1.Cu
100
AcDbCircle
 10
7.3595762598425196
 20
-4.0107616141732283
 30
0
 40
0.004
  0
CIRCLE
  5
1292
330
1F
100
AcDbEntity
  8
In1.Cu
100
AcDbCircle
 10
7.1155657086614168
 20
-3.7357062204724407
 30
0
 40
0.004
  0
CIRCLE
  5
1293
330
1F
100
AcDbEntity
  8
In1.Cu
100
AcDbCircle
 10
6.6413388188976379
 20
-3.8913976771653545
 30
0
 40
0.004
  0
CIRCLE
  5
1294
330
1F
100
AcDbEntity
  8
In1.Cu
100
AcDbCircle
 10
5.8971655511811019
 20
-4.4878543307086609
 30
0
 40
0.004
  0
CIRCLE
  5
1295
330
1F
100
AcDbEntity
  8
In1.Cu
100
AcDbCircle
 10
6.3538584645669287
 20
-4.0547834645669294
 30
0
 40
0.004
  0
CIRCLE
  5
1296
330
1F
100
AcDbEntity
  8
In1.Cu
100
AcDbCircle
 10
6.8774805118110232
 20
-3.9123818503937007
 30
0
 40
0.004
  0
CIRCLE
  5
1297
330
1F
100
AcDbEntity
  8
In1.Cu
100
AcDbCircle
 10
7.1785578346456695
 20
-3.798698346456693
 30
0
 40
0.004
  0
CIRCLE
  5
1298
330
1F
100
AcDbEntity
  8
In1.Cu
100
AcDbCircle
 10
6.8774805118110232
 20
-3.9386418110236221
 30
0
 40
0.004
  0
CIRCLE
  5
1299
330
1F
100
AcDbEntity
  8
In1.Cu
100
AcDbCircle
 10
6.4877167322834648
 20
-3.63746062992126
 30
0
 40
0.004
  0
CIRCLE
  5
129A
330
1F
100
AcDbEntity
  8
In1.Cu
100
AcDbCircle
 10
6.0546458661417324
 20
-4.1689566929133859
 30
0
 40
0.004
  0
CIRCLE
  5
129B
330
1F
100
AcDbEntity
  8
In1.Cu
100
AcDbCircle
 10
6.743622244094488
 20
-3.9701378346456693
 30
0
 40
0.004
  0
CIRCLE
  5
129C
330
1F
100
AcDbEntity
  8
In1.Cu
100
AcDbCircle
 10
7.0211812992125981
 20
-3.9123818503937007
 30
0
 40
0.004
  0
CIRCLE
  5
129D
330
1F
100
AcDbEntity
  8
In1.Cu
100
AcDbCircle
 10
6.4188190944881889
 20
-4.1886417322834646
 30
0
 40
0.004
  0
CIRCLE
  5
129E
330
1F
100
AcDbEntity
  8
In1.Cu
100
AcDbCircle
 10
6.08417342519685
 20
-4.2988779527559053
 30
0
 40
0.004
  0
CIRCLE
  5
129F
330
1F
100
AcDbEntity
  8
In1.Cu
100
AcDbCircle
 10
5.4640946850393703
 20
-4.3362795275590553
 30
0
 40
0.004
  0
CIRCLE
  5
12A0
330
1F
100
AcDbEntity
  8
In1.Cu
100
AcDbCircle
 10
6.962126181102362
 20
-3.8237991732283465
 30
0
 40
0.004
  0
CIRCLE
  5
12A1
330
1F
100
AcDbEntity
  8
In1.Cu
100
AcDbCircle
 10
6.0596852362204725
 20
-3.9236811023622047
 30
0
 40
0.004
  0
CIRCLE
  5
12A2
330
1F
100
AcDbEntity
  8
In1.Cu
100
AcDbCircle
 10
6.6865356299212593
 20
-3.8237991732283465
 30
0
 40
0.004
  0
CIRCLE
  5
12A3
330
1F
100
AcDbEntity
  8
In1.Cu
100
AcDbCircle
 10
7.0802364173228343
 20
-3.9123818503937007
 30
0
 40
0.004
  0
CIRCLE
  5
12A4
330
1F
100
AcDbEntity
  8
In1.Cu
100
AcDbCircle
 10
6.0096852362204727
 20
-3.8236811023622046
 30
0
 40
0.004
  0
CIRCLE
  5
12A5
330
1F
100
AcDbEntity
  8
In1.Cu
100
AcDbCircle
 10
7.1164836614173224
 20
-3.9481173228346456
 30
0
 40
0.004
  0
CIRCLE
  5
12A6
330
1F
100
AcDbEntity
  8
In1.Cu
100
AcDbCircle
 10
6.924724606299212
 20
-3.9123818503937007
 30
0
 40
0.004
  0
CIRCLE
  5
12A7
330
1F
100
AcDbEntity
  8
In1.Cu
100
AcDbCircle
 10
6.7829923228346454
 20
-3.9721062992125984
 30
0
 40
0.004
  0
CIRCLE
  5
12A8
330
1F
100
AcDbEntity
  8
In1.Cu
100
AcDbCircle
 10
7.3910723228346455
 20
-3.9477694881889764
 30
0
 40
0.004
  0
CIRCLE
  5
12A9
330
1F
100
AcDbEntity
  8
In1.Cu
100
AcDbCircle
 10
6.0054332677165352
 20
-3.6965157480314961
 30
0
 40
0.004
  0
CIRCLE
  5
12AA
330
1F
100
AcDbEntity
  8
In1.Cu
100
AcDbCircle
 10
7.1097639763779528
 20
-3.9025393307086613
 30
0
 40
0.004
  0
CIRCLE
  5
12AB
330
1F
100
AcDbEntity
  8
In1.Cu
100
AcDbCircle
 10
7.0507088582677166
 20
-3.8237991732283465
 30
0
 40
0.004
  0
CIRCLE
  5
12AC
330
1F
100
AcDbEntity
  8
In1.Cu
100
AcDbCircle
 10
5.999527755905512
 20
-4.2988779527559053
 30
0
 40
0.004
  0
CIRCLE
  5
12AD
330
1F
100
AcDbEntity
  8
In1.Cu
100
AcDbCircle
 10
7.1983466535433065
 20
-3.9025393307086613
 30
0
 40
0.004
  0
CIRCLE
  5
12AE
330
1F
100
AcDbEntity
  8
In1.Cu
100
AcDbCircle
 10
7.3298849606299212
 20
-3.7699094488188973
 30
0
 40
0.004
  0
CIRCLE
  5
12AF
330
1F
100
AcDbEntity
  8
In1.Cu
100
AcDbCircle
 10
7.3928770472440943
 20
-3.7384133858267714
 30
0
 40
0.004
  0
CIRCLE
  5
12B0
330
1F
100
AcDbEntity
  8
In1.Cu
100
AcDbCircle
 10
6.7437009842519684
 20
-3.9150198031496064
 30
0
 40
0.004
  0
CIRCLE
  5
12B1
330
1F
100
AcDbEntity
  8
In1.Cu
100
AcDbCircle
 10
5.5743309055118111
 20
-3.8106889763779526
 30
0
 40
0.004
  0
CIRCLE
  5
12B2
330
1F
100
AcDbEntity
  8
In1.Cu
100
AcDbCircle
 10
5.7081891732283463
 20
-3.7240748031496063
 30
0
 40
0.004
  0
CIRCLE
  5
12B3
330
1F
100
AcDbEntity
  8
In1.Cu
100
AcDbCircle
 10
7.1794757874015742
 20
-3.9481173228346456
 30
0
 40
0.004
  0
CIRCLE
  5
12B4
330
1F
100
AcDbEntity
  8
In1.Cu
100
AcDbCircle
 10
6.3853545275590546
 20
-4.3618700787401572
 30
0
 40
0.004
  0
CIRCLE
  5
12B5
330
1F
100
AcDbEntity
  8
In1.Cu
100
AcDbCircle
 10
6.5322576377952757
 20
-3.9053401181102361
 30
0
 40
0.004
  0
CIRCLE
  5
12B6
330
1F
100
AcDbEntity
  8
In1.Cu
100
AcDbCircle
 10
6.3672836614173223
 20
-3.672736181102362
 30
0
 40
0.004
  0
CIRCLE
  5
12B7
330
1F
100
AcDbEntity
  8
In1.Cu
100
AcDbCircle
 10
7.1479797244094483
 20
-3.9796133858267715
 30
0
 40
0.004
  0
CIRCLE
  5
12B8
330
1F
100
AcDbEntity
  8
In1.Cu
100
AcDbCircle
 10
7.3910723228346455
 20
-3.9792655511811024
 30
0
 40
0.004
  0
CIRCLE
  5
12B9
330
1F
100
AcDbEntity
  8
In1.Cu
100
AcDbCircle
 10
7.3613810236220472
 20
-3.8014055118110237
 30
0
 40
0.004
  0
CIRCLE
  5
12BA
330
1F
100
AcDbEntity
  8
In1.Cu
100
AcDbCircle
 10
7.3280801968503937
 20
-4.0107616141732283
 30
0
 40
0.004
  0
CIRCLE
  5
12BB
330
1F
100
AcDbEntity
  8
In1.Cu
100
AcDbCircle
 10
7.3298849606299212
 20
-3.7384133464566927
 30
0
 40
0.004
  0
CIRCLE
  5
12BC
330
1F
100
AcDbEntity
  8
In1.Cu
100
AcDbCircle
 10
6.2810238188976379
 20
-3.962263779527559
 30
0
 40
0.004
  0
CIRCLE
  5
12BD
330
1F
100
AcDbEntity
  8
In1.Cu
100
AcDbCircle
 10
6.5322575984251969
 20
-3.8743401181102359
 30
0
 40
0.004
  0
CIRCLE
  5
12BE
330
1F
100
AcDbEntity
  8
In1.Cu
100
AcDbCircle
 10
5.924724606299212
 20
-4.3060826377952752
 30
0
 40
0.004
  0
CIRCLE
  5
12BF
330
1F
100
AcDbEntity
  8
In1.Cu
100
AcDbCircle
 10
5.621575
 20
-4.0520984251968502
 30
0
 40
0.004
  0
CIRCLE
  5
12C0
330
1F
100
AcDbEntity
  8
In1.Cu
100
AcDbCircle
 10
6.4955907480314963
 20
-4.3067519685039368
 30
0
 40
0.004
  0
CIRCLE
  5
12C1
330
1F
100
AcDbEntity
  8
In1.Cu
100
AcDbCircle
 10
7.3595762598425196
 20
-3.9792655511811024
 30
0
 40
0.004
  0
CIRCLE
  5
12C2
330
1F
100
AcDbEntity
  8
In1.Cu
100
AcDbCircle
 10
7.0507088582677166
 20
-3.9123818503937007
 30
0
 40
0.004
  0
CIRCLE
  5
12C3
330
1F
100
AcDbEntity
  8
In1.Cu
100
AcDbCircle
 10
7.1785577952755908
 20
-3.7672022834645666
 30
0
 40
0.004
  0
CIRCLE
  5
12C4
330
1F
100
AcDbEntity
  8
In1.Cu
100
AcDbCircle
 10
6.962126181102362
 20
-3.7942716141732284
 30
0
 40
0.004
  0
CIRCLE
  5
12C5
330
1F
100
AcDbEntity
  8
In1.Cu
100
AcDbCircle
 10
7.1097639763779528
 20
-3.8336416929133859
 30
0
 40
0.004
  0
CIRCLE
  5
12C6
330
1F
100
AcDbEntity
  8
In1.Cu
100
AcDbCircle
 10
7.1479796850393695
 20
-3.9481173228346456
 30
0
 40
0.004
  0
CIRCLE
  5
12C7
330
1F
100
AcDbEntity
  8
In1.Cu
100
AcDbCircle
 10
7.1164836614173224
 20
-4.0111094488188979
 30
0
 40
0.004
  0
CIRCLE
  5
12C8
330
1F
100
AcDbEntity
  8
In1.Cu
100
AcDbCircle
 10
6.5113387795275592
 20
-4.0862795275590553
 30
0
 40
0.004
  0
CIRCLE
  5
12C9
330
1F
100
AcDbEntity
  8
In1.Cu
100
AcDbCircle
 10
6.5025591732283461
 20
-3.9506496456692912
 30
0
 40
0.004
  0
CIRCLE
  5
12CA
330
1F
100
AcDbEntity
  8
In1.Cu
100
AcDbCircle
 10
6.9248033858267712
 20
-3.9386417322834646
 30
0
 40
0.004
  0
CIRCLE
  5
12CB
330
1F
100
AcDbEntity
  8
In1.Cu
100
AcDbCircle
 10
6.6649608661417323
 20
-3.9701377952755905
 30
0
 40
0.004
  0
CIRCLE
  5
12CC
330
1F
100
AcDbEntity
  8
In1.Cu
100
AcDbCircle
 10
6.1235435039370074
 20
-4.1295866535433072
 30
0
 40
0.004
  0
CIRCLE
  5
12CD
330
1F
100
AcDbEntity
  8
In1.Cu
100
AcDbCircle
 10
5.959685236220472
 20
-3.8236810629921258
 30
0
 40
0.004
  0
CIRCLE
  5
12CE
330
1F
100
AcDbEntity
  8
In1.Cu
100
AcDbCircle
 10
7.3280801968503937
 20
-3.9792655511811024
 30
0
 40
0.004
  0
CIRCLE
  5
12CF
330
1F
100
AcDbEntity
  8
In1.Cu
100
AcDbCircle
 10
6.430275787401575
 20
-3.5467519291338583
 30
0
 40
0.004
  0
CIRCLE
  5
12D0
330
1F
100
AcDbEntity
  8
In1.Cu
100
AcDbCircle
 10
7.3595762598425196
 20
-3.9477694488188977
 30
0
 40
0.004
  0
CIRCLE
  5
12D1
330
1F
100
AcDbEntity
  8
In1.Cu
100
AcDbCircle
 10
6.7455907480314963
 20
-3.8237991732283465
 30
0
 40
0.004
  0
CIRCLE
  5
12D2
330
1F
100
AcDbEntity
  8
In1.Cu
100
AcDbCircle
 10
6.3597639763779528
 20
-4.1886417322834646
 30
0
 40
0.004
  0
CIRCLE
  5
12D3
330
1F
100
AcDbEntity
  8
In1.Cu
100
AcDbCircle
 10
7.1392915354330704
 20
-3.8336416929133859
 30
0
 40
0.004
  0
CIRCLE
  5
12D4
330
1F
100
AcDbEntity
  8
In1.Cu
100
AcDbCircle
 10
7.0802364173228343
 20
-3.8237991732283465
 30
0
 40
0.004
  0
CIRCLE
  5
12D5
330
1F
100
AcDbEntity
  8
In1.Cu
100
AcDbCircle
 10
7.1794757874015742
 20
-4.0111094488188979
 30
0
 40
0.004
  0
CIRCLE
  5
12D6
330
1F
100
AcDbEntity
  8
In1.Cu
100
AcDbCircle
 10
5.8085828740157481
 20
-4.1099015748031498
 30
0
 40
0.004
  0
CIRCLE
  5
12D7
330
1F
100
AcDbEntity
  8
In1.Cu
100
AcDbCircle
 10
5.5822049212598426
 20
-3.3776181102362206
 30
0
 40
0.004
  0
CIRCLE
  5
12D8
330
1F
100
AcDbEntity
  8
In1.Cu
100
AcDbCircle
 10
7.0211812992125981
 20
-3.8237991732283465
 30
0
 40
0.004
  0
CIRCLE
  5
12D9
330
1F
100
AcDbEntity
  8
In1.Cu
100
AcDbCircle
 10
7.1164836220472436
 20
-3.9796133858267715
 30
0
 40
0.004
  0
CIRCLE
  5
12DA
330
1F
100
AcDbEntity
  8
In1.Cu
100
AcDbCircle
 10
6.1018899606299213
 20
-3.9130511811023623
 30
0
 40
0.004
  0
CIRCLE
  5
12DB
330
1F
100
AcDbEntity
  8
In1.Cu
100
AcDbCircle
 10
6.9325986220472435
 20
-3.7745865748031497
 30
0
 40
0.004
  0
CIRCLE
  5
12DC
330
1F
100
AcDbEntity
  8
In1.Cu
100
AcDbCircle
 10
7.3613810236220472
 20
-3.769909409448819
 30
0
 40
0.004
  0
CIRCLE
  5
12DD
330
1F
100
AcDbEntity
  8
In1.Cu
100
AcDbCircle
 10
6.7043309842519685
 20
-3.9701377952755905
 30
0
 40
0.004
  0
CIRCLE
  5
12DE
330
1F
100
AcDbEntity
  8
In1.Cu
100
AcDbCircle
 10
6.8302364173228343
 20
-3.9701377952755905
 30
0
 40
0.004
  0
CIRCLE
  5
12DF
330
1F
100
AcDbEntity
  8
In1.Cu
100
AcDbCircle
 10
7.1155657086614168
 20
-3.7672022440944879
 30
0
 40
0.004
  0
CIRCLE
  5
12E0
330
1F
100
AcDbEntity
  8
In1.Cu
100
AcDbCircle
 10
7.3928770866141731
 20
-3.7699094488188973
 30
0
 40
0.004
  0
CIRCLE
  5
12E1
330
1F
100
AcDbEntity
  8
In1.Cu
100
AcDbCircle
 10
7.1392915354330704
 20
-3.9025393307086613
 30
0
 40
0.004
  0
CIRCLE
  5
12E2
330
1F
100
AcDbEntity
  8
In1.Cu
100
AcDbCircle
 10
6.5632575590551179
 20
-3.9053400787401573
 30
0
 40
0.004
  0
CIRCLE
  5
12E3
330
1F
100
AcDbEntity
  8
In1.Cu
100
AcDbCircle
 10
5.5133072834645667
 20
-4.3953346456692914
 30
0
 40
0.004
  0
CIRCLE
  5
12E4
330
1F
100
AcDbEntity
  8
In1.Cu
100
AcDbCircle
 10
5.6373229921259842
 20
-4.1965157480314961
 30
0
 40
0.004
  0
CIRCLE
  5
12E5
330
1F
100
AcDbEntity
  8
In1.Cu
100
AcDbCircle
 10
6.7829923228346454
 20
-3.5882480314960628
 30
0
 40
0.004
  0
CIRCLE
  5
12E6
330
1F
100
AcDbEntity
  8
In1.Cu
100
AcDbCircle
 10
5.424724606299212
 20
-4.1099015748031498
 30
0
 40
0.004
  0
CIRCLE
  5
12E7
330
1F
100
AcDbEntity
  8
In1.Cu
100
AcDbCircle
 10
6.0596852362204725
 20
-3.8236811023622046
 30
0
 40
0.004
  0
CIRCLE
  5
12E8
330
1F
100
AcDbEntity
  8
In1.Cu
100
AcDbCircle
 10
7.1794757480314955
 20
-3.9796133858267715
 30
0
 40
0.004
  0
CIRCLE
  5
12E9
330
1F
100
AcDbEntity
  8
In1.Cu
100
AcDbCircle
 10
7.1155657086614168
 20
-3.798698346456693
 30
0
 40
0.004
  0
CIRCLE
  5
12EA
330
1F
100
AcDbEntity
  8
In1.Cu
100
AcDbCircle
 10
7.3928770866141731
 20
-3.801405472440945
 30
0
 40
0.004
  0
CIRCLE
  5
12EB
330
1F
100
AcDbEntity
  8
In1.Cu
100
AcDbCircle
 10
7.147061732283464
 20
-3.7357062204724407
 30
0
 40
0.004
  0
CIRCLE
  5
12EC
330
1F
100
AcDbEntity
  8
In1.Cu
100
AcDbCircle
 10
5.959685236220472
 20
-3.9236811417322834
 30
0
 40
0.004
  0
CIRCLE
  5
12ED
330
1F
100
AcDbEntity
  8
In1.Cu
100
AcDbCircle
 10
7.1470617716535427
 20
-3.798698346456693
 30
0
 40
0.004
  0
CIRCLE
  5
12EE
330
1F
100
AcDbEntity
  8
In1.Cu
100
AcDbCircle
 10
6.5566143700787398
 20
-3.63746062992126
 30
0
 40
0.004
  0
CIRCLE
  5
12EF
330
1F
100
AcDbEntity
  8
In1.Cu
100
AcDbCircle
 10
5.7790553149606296
 20
-3.3067519685039368
 30
0
 40
0.004
  0
CIRCLE
  5
12F0
330
1F
100
AcDbEntity
  8
In1.Cu
100
AcDbCircle
 10
5.7593702362204722
 20
-4.2083267716535433
 30
0
 40
0.004
  0
CIRCLE
  5
12F1
330
1F
100
AcDbEntity
  8
In1.Cu
100
AcDbCircle
 10
6.3991340551181102
 20
-4.3067520078740156
 30
0
 40
0.004
  0
CIRCLE
  5
12F2
330
1F
100
AcDbEntity
  8
In1.Cu
100
AcDbCircle
 10
7.3910723228346455
 20
-4.0107616141732283
 30
0
 40
0.004
  0
CIRCLE
  5
12F3
330
1F
100
AcDbEntity
  8
In1.Cu
100
AcDbCircle
 10
6.2810238188976379
 20
-3.63746062992126
 30
0
 40
0.004
  0
CIRCLE
  5
12F4
330
1F
100
AcDbEntity
  8
In1.Cu
100
AcDbCircle
 10
6.1333860236220472
 20
-4.2378543307086609
 30
0
 40
0.004
  0
CIRCLE
  5
12F5
330
1F
100
AcDbEntity
  8
In1.Cu
100
AcDbCircle
 10
6.1038584645669287
 20
-4.2083267716535433
 30
0
 40
0.004
  0
CIRCLE
  5
12F6
330
1F
100
AcDbEntity
  8
In1.Cu
100
AcDbCircle
 10
6.5169293700787403
 20
-3.7374606692913384
 30
0
 40
0.004
  0
CIRCLE
  5
12F7
330
1F
100
AcDbEntity
  8
In1.Cu
100
AcDbCircle
 10
6.8735435039370074
 20
-3.7752559055118109
 30
0
 40
0.004
  0
CIRCLE
  5
12F8
330
1F
100
AcDbEntity
  8
In1.Cu
100
AcDbCircle
 10
6.4849607874015742
 20
-3.9715158267716535
 30
0
 40
0.004
  0
CIRCLE
  5
12F9
330
1F
100
AcDbEntity
  8
In1.Cu
100
AcDbCircle
 10
6.924724606299212
 20
-3.9701378346456693
 30
0
 40
0.004
  0
CIRCLE
  5
12FA
330
1F
100
AcDbEntity
  8
In1.Cu
100
AcDbCircle
 10
7.3280801968503937
 20
-3.9477694881889764
 30
0
 40
0.004
  0
CIRCLE
  5
12FB
330
1F
100
AcDbEntity
  8
In1.Cu
100
AcDbCircle
 10
6.8046458661417324
 20
-3.8237991732283465
 30
0
 40
0.004
  0
CIRCLE
  5
12FC
330
1F
100
AcDbEntity
  8
In1.Cu
100
AcDbCircle
 10
6.0596851968503938
 20
-3.8736811023622044
 30
0
 40
0.004
  0
CIRCLE
  5
12FD
330
1F
100
AcDbEntity
  8
In1.Cu
100
AcDbCircle
 10
6.0096852362204727
 20
-3.9236811023622047
 30
0
 40
0.004
  0
CIRCLE
  5
12FE
330
1F
100
AcDbEntity
  8
In1.Cu
100
AcDbCircle
 10
6.1727560629921259
 20
-4.2831299212598424
 30
0
 40
0.004
  0
CIRCLE
  5
12FF
330
1F
100
AcDbEntity
  8
In1.Cu
100
AcDbCircle
 10
6.704330905511811
 20
-3.9150197244094489
 30
0
 40
0.004
  0
CIRCLE
  5
1300
330
1F
100
AcDbEntity
  8
In1.Cu
100
AcDbCircle
 10
6.4719687007874018
 20
-4.3618701181102359
 30
0
 40
0.004
  0
CIRCLE
  5
1301
330
1F
100
AcDbEntity
  8
In1.Cu
100
AcDbCircle
 10
6.4483466535433074
 20
-3.63746062992126
 30
0
 40
0.004
  0
CIRCLE
  5
1302
330
1F
100
AcDbEntity
  8
In1.Cu
100
AcDbCircle
 10
5.999527755905512
 20
-4.228011811023622
 30
0
 40
0.004
  0
CIRCLE
  5
1303
330
1F
100
AcDbEntity
  8
In1.Cu
100
AcDbCircle
 10
6.1727561023622046
 20
-4.0705314960629924
 30
0
 40
0.004
  0
CIRCLE
  5
1304
330
1F
100
AcDbEntity
  8
In1.Cu
100
AcDbCircle
 10
5.6451970472440944
 20
-3.7319488188976377
 30
0
 40
0.004
  0
CIRCLE
  5
1305
330
1F
100
AcDbEntity
  8
In1.Cu
100
AcDbCircle
 10
6.9030710629921259
 20
-3.7745865748031497
 30
0
 40
0.004
  0
CIRCLE
  5
1306
330
1F
100
AcDbEntity
  8
In1.Cu
100
AcDbCircle
 10
5.8577954724409445
 20
-4.2870669291338581
 30
0
 40
0.004
  0
CIRCLE
  5
1307
330
1F
100
AcDbEntity
  8
In1.Cu
100
AcDbCircle
 10
7.1983466535433065
 20
-3.8336416929133859
 30
0
 40
0.004
  0
CIRCLE
  5
1308
330
1F
100
AcDbEntity
  8
In1.Cu
100
AcDbCircle
 10
6.7160631889763778
 20
-3.8237991732283465
 30
0
 40
0.004
  0
CIRCLE
  5
1309
330
1F
100
AcDbEntity
  8
In1.Cu
100
AcDbCircle
 10
6.0096852362204727
 20
-3.8736811023622044
 30
0
 40
0.004
  0
CIRCLE
  5
130A
330
1F
100
AcDbEntity
  8
In1.Cu
100
AcDbCircle
 10
7.1479796850393695
 20
-4.0111094488188979
 30
0
 40
0.004
  0
CIRCLE
  5
130B
330
1F
100
AcDbEntity
  8
In1.Cu
100
AcDbCircle
 10
6.6507481889763778
 20
-3.2475393307086615
 30
0
 40
0.004
  0
CIRCLE
  5
130C
330
1F
100
AcDbEntity
  8
In1.Cu
100
AcDbCircle
 10
5.999527755905512
 20
-4.1728937007874016
 30
0
 40
0.004
  0
CIRCLE
  5
130D
330
1F
100
AcDbEntity
  8
In1.Cu
100
AcDbCircle
 10
6.5369292913385824
 20
-4.1886417322834646
 30
0
 40
0.004
  0
CIRCLE
  5
130E
330
1F
100
AcDbEntity
  8
In1.Cu
100
AcDbCircle
 10
5.8459844488188972
 20
-3.6289172834645669
 30
0
 40
0.004
  0
CIRCLE
  5
130F
330
1F
100
AcDbEntity
  8
In1.Cu
100
AcDbCircle
 10
6.477874212598425
 20
-4.1886417322834646
 30
0
 40
0.004
  0
CIRCLE
  5
1310
330
1F
100
AcDbEntity
  8
In1.Cu
100
AcDbCircle
 10
7.0211812992125981
 20
-3.9419094094488187
 30
0
 40
0.004
  0
CIRCLE
  5
1311
330
1F
100
AcDbEntity
  8
In1.Cu
100
AcDbCircle
 10
6.4089765748031491
 20
-4.0784055118110238
 30
0
 40
0.004
  0
CIRCLE
  5
1312
330
1F
100
AcDbEntity
  8
In1.Cu
100
AcDbCircle
 10
6.5322576377952757
 20
-3.843340157480315
 30
0
 40
0.004
  0
CIRCLE
  5
1313
330
1F
100
AcDbEntity
  8
In1.Cu
100
AcDbCircle
 10
6.9916537401574805
 20
-3.8237991732283465
 30
0
 40
0.004
  0
CIRCLE
  5
1314
330
1F
100
AcDbEntity
  8
In1.Cu
100
AcDbCircle
 10
6.8774805118110232
 20
-3.9701378346456693
 30
0
 40
0.004
  0
CIRCLE
  5
1315
330
1F
100
AcDbEntity
  8
In1.Cu
100
AcDbCircle
 10
7.3613810236220472
 20
-3.7384133858267714
 30
0
 40
0.004
  0
CIRCLE
  5
1316
330
1F
100
AcDbEntity
  8
In1.Cu
100
AcDbCircle
 10
6.7436222047244092
 20
-3.9425787401574803
 30
0
 40
0.004
  0
CIRCLE
  5
1317
330
1F
100
AcDbEntity
  8
In1.Cu
100
AcDbCircle
 10
7.1470617716535427
 20
-3.7672022834645666
 30
0
 40
0.004
  0
CIRCLE
  5
1318
330
1F
100
AcDbEntity
  8
In1.Cu
100
AcDbCircle
 10
6.7829923228346454
 20
-3.9425787401574803
 30
0
 40
0.004
  0
CIRCLE
  5
1319
330
1F
100
AcDbEntity
  8
In1.Cu
100
AcDbCircle
 10
6.0546458661417324
 20
-4.228011811023622
 30
0
 40
0.004
  0
CIRCLE
  5
131A
330
1F
100
AcDbEntity
  8
In1.Cu
100
AcDbCircle
 10
7.1785578346456695
 20
-3.7357062204724407
 30
0
 40
0.004
  0
CIRCLE
  5
131B
330
1F
100
AcDbEntity
  8
In1.Cu
100
AcDbCircle
 10
7.1688190944881889
 20
-3.8336416929133859
 30
0
 40
0.004
  0
CIRCLE
  5
131C
330
1F
100
AcDbEntity
  8
In1.Cu
100
AcDbCircle
 10
6.7830711417322833
 20
-3.9150196850393701
 30
0
 40
0.004
  0
CIRCLE
  5
131D
330
1F
100
AcDbEntity
  8
In1.Cu
100
AcDbCircle
 10
5.4660631889763778
 20
-3.7056889370078738
 30
0
 40
0.004
  0
CIRCLE
  5
131E
330
1F
100
AcDbEntity
  8
In1.Cu
100
AcDbCircle
 10
6.9700001968503935
 20
-4.1787992125984248
 30
0
 40
0.004
  0
CIRCLE
  5
131F
330
1F
100
AcDbEntity
  8
In1.Cu
100
AcDbCircle
 10
6.5632576377952754
 20
-3.8433400787401575
 30
0
 40
0.004
  0
CIRCLE
  5
1320
330
1F
100
AcDbEntity
  8
In1.Cu
100
AcDbCircle
 10
5.6825986220472435
 20
-4.0009645275590549
 30
0
 40
0.004
  0
CIRCLE
  5
1321
330
1F
100
AcDbEntity
  8
In1.Cu
100
AcDbCircle
 10
7.3298849606299212
 20
-3.801405472440945
 30
0
 40
0.004
  0
CIRCLE
  5
1322
330
1F
100
AcDbEntity
  8
In1.Cu
100
AcDbCircle
 10
5.6117324803149602
 20
-3.9228937007874016
 30
0
 40
0.004
  0
CIRCLE
  5
1323
330
1F
100
AcDbEntity
  8
In1.Cu
100
AcDbCircle
 10
7.1688190944881889
 20
-3.9025393307086613
 30
0
 40
0.004
  0
CIRCLE
  5
1324
330
1F
100
AcDbEntity
  8
In1.Cu
100
AcDbCircle
 10
6.9719687007874018
 20
-3.9517519291338581
 30
0
 40
0.004
  0
CIRCLE
  5
1325
330
1F
100
AcDbEntity
  8
In1.Cu
100
AcDbCircle
 10
6.7751183070866139
 20
-3.8237991732283465
 30
0
 40
0.004
  0
CIRCLE
  5
1326
330
1F
100
AcDbEntity
  8
In1.Cu
100
AcDbCircle
 10
6.3932285433070861
 20
-3.7634448818897637
 30
0
 40
0.004
  0
CIRCLE
  5
1327
330
1F
100
AcDbEntity
  8
In1.Cu
100
AcDbCircle
 10
5.9129135826771648
 20
-3.8658070866141729
 30
0
 40
0.004
  0
CIRCLE
  5
1328
330
1F
100
AcDbEntity
  8
In1.Cu
100
AcDbCircle
 10
5.7711812598425194
 20
-3.243759842519685
 30
0
 40
0.004
  0
CIRCLE
  5
1329
330
1F
100
AcDbEntity
  8
In1.Cu
100
AcDbCircle
 10
6.1727561023622046
 20
-3.6571456692913387
 30
0
 40
0.004
  0
CIRCLE
  5
132A
330
1F
100
AcDbEntity
  8
In1.Cu
100
AcDbCircle
 10
5.4483466141732286
 20
-4.2516338582677164
 30
0
 40
0.004
  0
CIRCLE
  5
132B
330
1F
100
AcDbEntity
  8
In1.Cu
100
AcDbCircle
 10
5.9759057086614176
 20
-3.6768307086614174
 30
0
 40
0.004
  0
CIRCLE
  5
132C
330
1F
100
AcDbEntity
  8
In1.Cu
100
AcDbCircle
 10
6.4381497637795277
 20
-3.4365157086614171
 30
0
 40
0.004
  0
CIRCLE
  5
132D
330
1F
100
AcDbEntity
  8
In1.Cu
100
AcDbCircle
 10
5.6766931102362204
 20
-3.3224999999999998
 30
0
 40
0.004
  0
CIRCLE
  5
132E
330
1F
100
AcDbEntity
  8
In1.Cu
100
AcDbCircle
 10
6.3886026377952758
 20
-3.86466531496063
 30
0
 40
0.004
  0
CIRCLE
  5
132F
330
1F
100
AcDbEntity
  8
In1.Cu
100
AcDbCircle
 10
6.6113781496062991
 20
-3.3262794881889763
 30
0
 40
0.004
  0
CIRCLE
  5
1330
330
1F
100
AcDbEntity
  8
In1.Cu
100
AcDbCircle
 10
6.1018899212598425
 20
-3.8658070866141729
 30
0
 40
0.004
  0
CIRCLE
  5
1331
330
1F
100
AcDbEntity
  8
In1.Cu
100
AcDbCircle
 10
5.6766931102362204
 20
-3.1965157480314961
 30
0
 40
0.004
  0
CIRCLE
  5
1332
330
1F
100
AcDbEntity
  8
In1.Cu
100
AcDbCircle
 10
6.2885435039370075
 20
-3.5231298425196851
 30
0
 40
0.004
  0
CIRCLE
  5
1333
330
1F
100
AcDbEntity
  8
In1.Cu
100
AcDbCircle
 10
6.0467718503937009
 20
-3.9681692913385826
 30
0
 40
0.004
  0
CIRCLE
  5
1334
330
1F
100
AcDbEntity
  8
In1.Cu
100
AcDbCircle
 10
6.0467718110236222
 20
-3.7870669291338581
 30
0
 40
0.004
  0
CIRCLE
  5
1335
330
1F
100
AcDbEntity
  8
In1.Cu
100
AcDbCircle
 10
5.5428348425196852
 20
-4.3362795275590553
 30
0
 40
0.004
  0
CIRCLE
  5
1336
330
1F
100
AcDbEntity
  8
In1.Cu
100
AcDbCircle
 10
5.9129135433070861
 20
-3.9602952755905512
 30
0
 40
0.004
  0
CIRCLE
  5
1337
330
1F
100
AcDbEntity
  8
In1.Cu
100
AcDbCircle
 10
6.5547246456692916
 20
-4.0029134251968506
 30
0
 40
0.004
  0
CIRCLE
  5
1338
330
1F
100
AcDbEntity
  8
In1.Cu
100
AcDbCircle
 10
5.5743308661417323
 20
-3.243759842519685
 30
0
 40
0.004
  0
CIRCLE
  5
1339
330
1F
100
AcDbEntity
  8
In1.Cu
100
AcDbCircle
 10
5.6766931102362204
 20
-3.4406102362204725
 30
0
 40
0.004
  0
CIRCLE
  5
133A
330
1F
100
AcDbEntity
  8
In1.Cu
100
AcDbCircle
 10
5.503464724409449
 20
-3.4406102362204725
 30
0
 40
0.004
  0
CIRCLE
  5
133B
330
1F
100
AcDbEntity
  8
In1.Cu
100
AcDbCircle
 10
5.7692127952755907
 20
-3.7063582677165354
 30
0
 40
0.004
  0
CIRCLE
  5
133C
330
1F
100
AcDbEntity
  8
In1.Cu
100
AcDbCircle
 10
5.9213584645669286
 20
-3.896732283464567
 30
0
 40
0.004
  0
CIRCLE
  5
133D
330
1F
100
AcDbEntity
  8
In1.Cu
100
AcDbCircle
 10
6.1018899606299213
 20
-3.8264370078740155
 30
0
 40
0.004
  0
CIRCLE
  5
133E
330
1F
100
AcDbEntity
  8
In1.Cu
100
AcDbCircle
 10
5.9207875984251963
 20
-3.8028149606299211
 30
0
 40
0.004
  0
CIRCLE
  5
133F
330
1F
100
AcDbEntity
  8
In1.Cu
100
AcDbCircle
 10
6.4681104724409444
 20
-3.9386417322834646
 30
0
 40
0.004
  0
CIRCLE
  5
1340
330
1F
100
AcDbEntity
  8
In1.Cu
100
AcDbCircle
 10
6.5921262992125982
 20
-3.7575394094488188
 30
0
 40
0.004
  0
CIRCLE
  5
1341
330
1F
100
AcDbEntity
  8
In1.Cu
100
AcDbCircle
 10
6.1018899606299213
 20
-3.9602952755905512
 30
0
 40
0.004
  0
CIRCLE
  5
1342
330
1F
100
AcDbEntity
  8
In1.Cu
100
AcDbCircle
 10
6.637323031496063
 20
-4.1413976377952757
 30
0
 40
0.004
  0
CIRCLE
  5
1343
330
1F
100
AcDbEntity
  8
In1.Cu
100
AcDbCircle
 10
5.6688190944881889
 20
-3.834311023622047
 30
0
 40
0.004
  0
CIRCLE
  5
1344
330
1F
100
AcDbEntity
  8
In1.Cu
100
AcDbCircle
 10
5.503464724409449
 20
-3.8579330708661415
 30
0
 40
0.004
  0
ENDSEC
  0
SECTION
  2
OBJECTS
  0
DICTIONARY
  5
25
330
0
100
AcDbDictionary
281
1
  3
ACAD_GROUP
350
1345
  3
ACAD_LAYOUT
350
26
  3
ACAD_PLOTSTYLENAME
350
11
  0
DICTIONARY
  5
1345
330
25
100
AcDbDictionary
281
1
  0
ACDBDICTIONARYWDFLT
  5
11
330
25
100
AcDbDictionary
281
1
  3
Normal
350
10
100
AcDbDictionaryWithDefault
340
10
  0
ACDBPLACEHOLDER
  5
10
330
11
  0
DICTIONARY
  5
26
330
25
100
AcDbDictionary
281
1
  3
Model
350
22
  3
Layout1
350
23
  3
Layout2
350
24
  0
LAYOUT
  5
22
330
26
100
AcDbPlotSettings
  1

  2
none_device
  4
A3
  6

 40
0.0
 41
0.0
 42
0.0
 43
0.0
 44
420.0
 45
297.0
 46
0.0
 47
0.0
 48
0.0
 49
0.0
140
0.0
141
0.0
142
1.0
143
1.0
 70
1024
 72
1
 73
0
 74
5
  7

 75
16
 76
0
 77
2
 78
300
147
1.0
148
0.0
149
0.0
100
AcDbLayout
  1
Model
 70
1
 71
0
 10
0.0
 20
0.0
 11
420.0
 21
297.0
 12
0.0
 22
0.0
 32
0.0
 14
1e+20
 24
1e+20
 34
1e+20
 15
-1e+20
 25
-1e+20
 35
-1e+20
146
0.0
 13
0.0
 23
0.0
 33
0.0
 16
1.0
 26
0.0
 36
0.0
 17
0.0
 27
1.0
 37
0.0
 76
0
330
1F
  0
LAYOUT
  5
23
330
26
100
AcDbPlotSettings
  1

  2
none_device
  4
A3
  6

 40
0.0
 41
0.0
 42
0.0
 43
0.0
 44
420.0
 45
297.0
 46
0.0
 47
0.0
 48
0.0
 49
0.0
140
0.0
141
0.0
142
1.0
143
1.0
 70
0
 72
1
 73
0
 74
5
  7

 75
16
 76
0
 77
2
 78
300
147
1.0
148
0.0
149
0.0
100
AcDbLayout
  1
Layout1
 70
1
 71
1
 10
0.0
 20
0.0
 11
420.0
 21
297.0
 12
0.0
 22
0.0
 32
0.0
 14
1e+20
 24
1e+20
 34
1e+20
 15
-1e+20
 25
-1e+20
 35
-1e+20
146
0.0
 13
0.0
 23
0.0
 33
0.0
 16
1.0
 26
0.0
 36
0.0
 17
0.0
 27
1.0
 37
0.0
 76
0
330
20
  0
LAYOUT
  5
24
330
26
100
AcDbPlotSettings
  1

  2
none_device
  4
A3
  6

 40
0.0
 41
0.0
 42
0.0
 43
0.0
 44
420.0
 45
297.0
 46
0.0
 47
0.0
 48
0.0
 49
0.0
140
0.0
141
0.0
142
1.0
143
1.0
 70
0
 72
1
 73
0
 74
5
  7

 75
16
 76
0
 77
2
 78
300
147
1.0
148
0.0
149
0.0
100
AcDbLayout
  1
Layout2
 70
1
 71
2
 10
0.0
 20
0.0
 11
420.0
 21
297.0
 12
0.0
 22
0.0
 32
0.0
 14
1e+20
 24
1e+20
 34
1e+20
 15
-1e+20
 25
-1e+20
 35
-1e+20
146
0.0
 13
0.0
 23
0.0
 33
0.0
 16
1.0
 26
0.0
 36
0.0
 17
0.0
 27
1.0
 37
0.0
 76
0
330
21
  0
ENDSEC
  0
EOF
