ISO-10303-21;
HEADER;
/* Generated by software containing ST-Developer
 * from STEP Tools, Inc. (www.steptools.com) 
 */

FILE_DESCRIPTION(
/* description */ (''),
/* implementation_level */ '2;1');

FILE_NAME(
/* name */ 'AT-0927-TT-6-R.ipt.step',
/* time_stamp */ '2024-02-07T22:31:06-05:00',
/* author */ ('J.D.'),
/* organization */ (''),
/* preprocessor_version */ 'ST-DEVELOPER v20',
/* originating_system */ 'Autodesk Inventor 2024',
/* authorisation */ '');

FILE_SCHEMA (('AUTOMOTIVE_DESIGN { 1 0 10303 214 3 1 1 }'));
ENDSEC;

DATA;
#10=MECHANICAL_DESIGN_GEOMETRIC_PRESENTATION_REPRESENTATION('',(#1603,#1604,
#1605,#1606,#1607,#1608,#1609,#1610,#1611,#1612,#1613,#1614,#1615,#1616,
#1617,#1618,#1619,#1620,#1621,#1622,#1623,#1624,#1625,#1626,#1627,#1628,
#1629,#1630,#1631,#1632,#1633,#1634,#1635,#1636,#1637,#1638,#1639,#1640,
#1641,#1642,#1643,#1644,#1645,#1646,#1647,#1648,#1649,#1650,#1651,#1652,
#1653,#1654,#1655,#1656,#1657,#1658,#1659,#1660,#1661,#1662,#1663,#1664,
#1665,#1666,#1667,#1668,#1669,#1670,#1671,#1672,#1673,#1674),#3089);
#11=SHAPE_REPRESENTATION_RELATIONSHIP('SRR','None',#3096,#12);
#12=ADVANCED_BREP_SHAPE_REPRESENTATION('',(#1779),#3088);
#13=ORIENTED_CLOSED_SHELL('',*,#1778,.F.);
#14=CONICAL_SURFACE('',#1847,3.77733982509301,1.230457122656);
#15=CONICAL_SURFACE('',#1858,3.77733982509301,1.230457122656);
#16=ELLIPSE('',#1846,0.411691243177754,0.1);
#17=ELLIPSE('',#1856,0.411691243177754,0.1);
#18=B_SPLINE_CURVE_WITH_KNOTS('',3,(#2655,#2656,#2657,#2658,#2659,#2660,
#2661,#2662,#2663,#2664,#2665,#2666,#2667,#2668,#2669,#2670),
 .UNSPECIFIED.,.F.,.F.,(4,3,3,3,3,4),(0.,0.00173839214503173,0.0027892469173643,
0.00366560327259813,0.00461724787368593,0.00636094692619711),
 .UNSPECIFIED.);
#19=B_SPLINE_CURVE_WITH_KNOTS('',3,(#2671,#2672,#2673,#2674),
 .UNSPECIFIED.,.F.,.F.,(4,4),(0.0186624823365345,0.175645518866575),
 .UNSPECIFIED.);
#20=B_SPLINE_CURVE_WITH_KNOTS('',3,(#2675,#2676,#2677,#2678),
 .UNSPECIFIED.,.F.,.F.,(4,4),(-0.1756455196512,-0.0186624830229329),
 .UNSPECIFIED.);
#21=B_SPLINE_CURVE_WITH_KNOTS('',3,(#2697,#2698,#2699,#2700,#2701,#2702,
#2703,#2704,#2705,#2706,#2707,#2708,#2709,#2710,#2711,#2712,#2713,#2714,
#2715),.UNSPECIFIED.,.F.,.F.,(4,3,3,3,3,3,4),(0.,0.00187185201681132,0.00295222172403583,
0.00374453415139419,0.00452824965873639,0.00562446737196306,0.00719779087452165),
 .UNSPECIFIED.);
#22=B_SPLINE_CURVE_WITH_KNOTS('',3,(#2716,#2717,#2718,#2719),
 .UNSPECIFIED.,.F.,.F.,(4,4),(0.0184619580758024,0.211052591595418),
 .UNSPECIFIED.);
#23=B_SPLINE_CURVE_WITH_KNOTS('',3,(#2720,#2721,#2722,#2723),
 .UNSPECIFIED.,.F.,.F.,(4,4),(-0.211052591595418,-0.0184619483478853),
 .UNSPECIFIED.);
#24=B_SPLINE_CURVE_WITH_KNOTS('',3,(#2761,#2762,#2763,#2764,#2765,#2766,
#2767,#2768,#2769,#2770,#2771,#2772,#2773,#2774,#2775,#2776,#2777,#2778,
#2779,#2780,#2781,#2782),.UNSPECIFIED.,.F.,.F.,(4,3,3,3,3,3,3,4),(0.,0.00177918719371797,
0.0018884611288813,0.00296832305658081,0.00376096497885722,0.00454499185122918,
0.0056434199591979,0.00720305881154101),.UNSPECIFIED.);
#25=B_SPLINE_CURVE_WITH_KNOTS('',3,(#2783,#2784,#2785,#2786),
 .UNSPECIFIED.,.F.,.F.,(4,4),(0.0166503357593105,0.20936810642545),
 .UNSPECIFIED.);
#26=B_SPLINE_CURVE_WITH_KNOTS('',3,(#2787,#2788,#2789,#2790),
 .UNSPECIFIED.,.F.,.F.,(4,4),(-0.209368104381388,-0.0166503392841807),
 .UNSPECIFIED.);
#27=B_SPLINE_CURVE_WITH_KNOTS('',3,(#2809,#2810,#2811,#2812,#2813,#2814,
#2815,#2816,#2817,#2818,#2819,#2820,#2821,#2822,#2823,#2824),
 .UNSPECIFIED.,.F.,.F.,(4,3,3,3,3,4),(0.,0.00173034756985914,0.00278035177032905,
0.00365701878214138,0.00460953094878198,0.00635851992178284),
 .UNSPECIFIED.);
#28=B_SPLINE_CURVE_WITH_KNOTS('',3,(#2825,#2826,#2827,#2828),
 .UNSPECIFIED.,.F.,.F.,(4,4),(0.0186625567320353,0.17553775563613),
 .UNSPECIFIED.);
#29=B_SPLINE_CURVE_WITH_KNOTS('',3,(#2829,#2830,#2831,#2832),
 .UNSPECIFIED.,.F.,.F.,(4,4),(-0.175537754244486,-0.0186625561191996),
 .UNSPECIFIED.);
#30=B_SPLINE_SURFACE_WITH_KNOTS('',3,3,((#2637,#2638,#2639,#2640),(#2641,
#2642,#2643,#2644),(#2645,#2646,#2647,#2648),(#2649,#2650,#2651,#2652)),
 .UNSPECIFIED.,.F.,.F.,.F.,(4,4),(4,4),(0.,1.),(0.017051763461807,0.1756455196512),
 .UNSPECIFIED.);
#31=B_SPLINE_SURFACE_WITH_KNOTS('',3,3,((#2679,#2680,#2681,#2682),(#2683,
#2684,#2685,#2686),(#2687,#2688,#2689,#2690),(#2691,#2692,#2693,#2694)),
 .UNSPECIFIED.,.F.,.F.,.F.,(4,4),(4,4),(0.,1.),(0.0163976653457519,0.211052591595418),
 .UNSPECIFIED.);
#32=B_SPLINE_SURFACE_WITH_KNOTS('',3,3,((#2743,#2744,#2745,#2746),(#2747,
#2748,#2749,#2750),(#2751,#2752,#2753,#2754),(#2755,#2756,#2757,#2758)),
 .UNSPECIFIED.,.F.,.F.,.F.,(4,4),(4,4),(0.,1.),(0.014585808934502,0.20936810642545),
 .UNSPECIFIED.);
#33=B_SPLINE_SURFACE_WITH_KNOTS('',3,3,((#2791,#2792,#2793,#2794),(#2795,
#2796,#2797,#2798),(#2799,#2800,#2801,#2802),(#2803,#2804,#2805,#2806)),
 .UNSPECIFIED.,.F.,.F.,.F.,(4,4),(4,4),(0.,1.),(0.0170516943302969,0.17553775563613),
 .UNSPECIFIED.);
#34=SPHERICAL_SURFACE('',#1839,0.1);
#35=SPHERICAL_SURFACE('',#1849,0.1);
#36=FACE_BOUND('',#250,.T.);
#37=FACE_BOUND('',#252,.T.);
#38=FACE_BOUND('',#253,.T.);
#39=FACE_BOUND('',#287,.T.);
#40=FACE_BOUND('',#293,.T.);
#41=FACE_BOUND('',#299,.T.);
#42=FACE_BOUND('',#302,.T.);
#43=FACE_BOUND('',#326,.T.);
#44=FACE_BOUND('',#327,.T.);
#45=FACE_BOUND('',#328,.T.);
#46=FACE_BOUND('',#329,.T.);
#47=FACE_BOUND('',#330,.T.);
#48=FACE_BOUND('',#331,.T.);
#49=FACE_BOUND('',#332,.T.);
#50=FACE_BOUND('',#338,.T.);
#51=FACE_BOUND('',#342,.T.);
#52=FACE_BOUND('',#344,.T.);
#53=FACE_BOUND('',#347,.T.);
#54=FACE_BOUND('',#353,.T.);
#55=CIRCLE('',#1815,1.1);
#56=CIRCLE('',#1816,1.1);
#57=CIRCLE('',#1819,4.5);
#58=CIRCLE('',#1820,0.85);
#59=CIRCLE('',#1840,0.1);
#60=CIRCLE('',#1841,0.1);
#61=CIRCLE('',#1842,0.1);
#62=CIRCLE('',#1843,0.1);
#63=CIRCLE('',#1844,0.1);
#64=CIRCLE('',#1848,3.77733982509301);
#65=CIRCLE('',#1850,0.1);
#66=CIRCLE('',#1851,0.1);
#67=CIRCLE('',#1852,0.1);
#68=CIRCLE('',#1853,0.1);
#69=CIRCLE('',#1854,0.1);
#70=CIRCLE('',#1859,3.77733982509301);
#71=CIRCLE('',#1864,3.77733982509301);
#72=CIRCLE('',#1865,0.7);
#73=CIRCLE('',#1869,3.77733982509301);
#74=CIRCLE('',#1872,3.77733982509301);
#75=CIRCLE('',#1873,0.7);
#76=CIRCLE('',#1875,3.77733982509301);
#77=CIRCLE('',#1880,0.7);
#78=CIRCLE('',#1881,0.3);
#79=CIRCLE('',#1884,0.7);
#80=CIRCLE('',#1885,0.3);
#81=CIRCLE('',#1888,0.3);
#82=CIRCLE('',#1891,0.3);
#83=CIRCLE('',#1896,4.5);
#84=CIRCLE('',#1897,3.90000000000001);
#85=CIRCLE('',#1901,4.5);
#86=CIRCLE('',#1902,3.90000000000001);
#87=CIRCLE('',#1906,4.5);
#88=CIRCLE('',#1907,3.90000000000001);
#89=CIRCLE('',#1911,4.5);
#90=CIRCLE('',#1912,3.90000000000001);
#91=CIRCLE('',#1914,3.9);
#92=CIRCLE('',#1915,4.5);
#93=CIRCLE('',#1917,3.9);
#94=CIRCLE('',#1918,4.5);
#95=CIRCLE('',#1920,3.9);
#96=CIRCLE('',#1921,4.5);
#97=CIRCLE('',#1923,4.5);
#98=CIRCLE('',#1924,3.9);
#99=CIRCLE('',#1926,0.425);
#100=CIRCLE('',#1927,0.425);
#101=CIRCLE('',#1929,3.9);
#102=CIRCLE('',#1932,3.895);
#103=CIRCLE('',#1933,3.895);
#104=CIRCLE('',#1936,0.85);
#105=CIRCLE('',#1938,3.9);
#106=CIRCLE('',#1940,3.9);
#107=CIRCLE('',#1944,4.5);
#108=CIRCLE('',#1945,4.48);
#109=CIRCLE('',#1947,4.48);
#110=CIRCLE('',#1949,4.5);
#111=CIRCLE('',#1954,3.88);
#112=CIRCLE('',#1955,3.88);
#113=CIRCLE('',#1957,3.9);
#114=CIRCLE('',#1960,3.9);
#115=CYLINDRICAL_SURFACE('',#1814,1.1);
#116=CYLINDRICAL_SURFACE('',#1845,0.1);
#117=CYLINDRICAL_SURFACE('',#1855,0.1);
#118=CYLINDRICAL_SURFACE('',#1868,3.77733982509301);
#119=CYLINDRICAL_SURFACE('',#1874,3.77733982509301);
#120=CYLINDRICAL_SURFACE('',#1882,0.7);
#121=CYLINDRICAL_SURFACE('',#1886,0.7);
#122=CYLINDRICAL_SURFACE('',#1887,0.3);
#123=CYLINDRICAL_SURFACE('',#1890,0.3);
#124=CYLINDRICAL_SURFACE('',#1925,0.425);
#125=CYLINDRICAL_SURFACE('',#1931,3.895);
#126=CYLINDRICAL_SURFACE('',#1935,0.85);
#127=CYLINDRICAL_SURFACE('',#1939,3.9);
#128=CYLINDRICAL_SURFACE('',#1941,3.9);
#129=CYLINDRICAL_SURFACE('',#1946,4.48);
#130=CYLINDRICAL_SURFACE('',#1950,4.5);
#131=CYLINDRICAL_SURFACE('',#1951,4.5);
#132=CYLINDRICAL_SURFACE('',#1953,3.88);
#133=CYLINDRICAL_SURFACE('',#1959,3.9);
#134=FACE_OUTER_BOUND('',#236,.T.);
#135=FACE_OUTER_BOUND('',#237,.T.);
#136=FACE_OUTER_BOUND('',#238,.T.);
#137=FACE_OUTER_BOUND('',#239,.T.);
#138=FACE_OUTER_BOUND('',#240,.T.);
#139=FACE_OUTER_BOUND('',#241,.T.);
#140=FACE_OUTER_BOUND('',#242,.T.);
#141=FACE_OUTER_BOUND('',#243,.T.);
#142=FACE_OUTER_BOUND('',#244,.T.);
#143=FACE_OUTER_BOUND('',#245,.T.);
#144=FACE_OUTER_BOUND('',#246,.T.);
#145=FACE_OUTER_BOUND('',#247,.T.);
#146=FACE_OUTER_BOUND('',#248,.T.);
#147=FACE_OUTER_BOUND('',#249,.T.);
#148=FACE_OUTER_BOUND('',#251,.T.);
#149=FACE_OUTER_BOUND('',#254,.T.);
#150=FACE_OUTER_BOUND('',#255,.T.);
#151=FACE_OUTER_BOUND('',#256,.T.);
#152=FACE_OUTER_BOUND('',#257,.T.);
#153=FACE_OUTER_BOUND('',#258,.T.);
#154=FACE_OUTER_BOUND('',#259,.T.);
#155=FACE_OUTER_BOUND('',#260,.T.);
#156=FACE_OUTER_BOUND('',#261,.T.);
#157=FACE_OUTER_BOUND('',#262,.T.);
#158=FACE_OUTER_BOUND('',#263,.T.);
#159=FACE_OUTER_BOUND('',#264,.T.);
#160=FACE_OUTER_BOUND('',#265,.T.);
#161=FACE_OUTER_BOUND('',#266,.T.);
#162=FACE_OUTER_BOUND('',#267,.T.);
#163=FACE_OUTER_BOUND('',#268,.T.);
#164=FACE_OUTER_BOUND('',#269,.T.);
#165=FACE_OUTER_BOUND('',#270,.T.);
#166=FACE_OUTER_BOUND('',#271,.T.);
#167=FACE_OUTER_BOUND('',#272,.T.);
#168=FACE_OUTER_BOUND('',#273,.T.);
#169=FACE_OUTER_BOUND('',#274,.T.);
#170=FACE_OUTER_BOUND('',#275,.T.);
#171=FACE_OUTER_BOUND('',#276,.T.);
#172=FACE_OUTER_BOUND('',#277,.T.);
#173=FACE_OUTER_BOUND('',#278,.T.);
#174=FACE_OUTER_BOUND('',#279,.T.);
#175=FACE_OUTER_BOUND('',#280,.T.);
#176=FACE_OUTER_BOUND('',#281,.T.);
#177=FACE_OUTER_BOUND('',#282,.T.);
#178=FACE_OUTER_BOUND('',#283,.T.);
#179=FACE_OUTER_BOUND('',#284,.T.);
#180=FACE_OUTER_BOUND('',#285,.T.);
#181=FACE_OUTER_BOUND('',#286,.T.);
#182=FACE_OUTER_BOUND('',#288,.T.);
#183=FACE_OUTER_BOUND('',#289,.T.);
#184=FACE_OUTER_BOUND('',#290,.T.);
#185=FACE_OUTER_BOUND('',#291,.T.);
#186=FACE_OUTER_BOUND('',#292,.T.);
#187=FACE_OUTER_BOUND('',#294,.T.);
#188=FACE_OUTER_BOUND('',#295,.T.);
#189=FACE_OUTER_BOUND('',#296,.T.);
#190=FACE_OUTER_BOUND('',#297,.T.);
#191=FACE_OUTER_BOUND('',#298,.T.);
#192=FACE_OUTER_BOUND('',#300,.T.);
#193=FACE_OUTER_BOUND('',#301,.T.);
#194=FACE_OUTER_BOUND('',#303,.T.);
#195=FACE_OUTER_BOUND('',#304,.T.);
#196=FACE_OUTER_BOUND('',#305,.T.);
#197=FACE_OUTER_BOUND('',#306,.T.);
#198=FACE_OUTER_BOUND('',#307,.T.);
#199=FACE_OUTER_BOUND('',#308,.T.);
#200=FACE_OUTER_BOUND('',#309,.T.);
#201=FACE_OUTER_BOUND('',#310,.T.);
#202=FACE_OUTER_BOUND('',#311,.T.);
#203=FACE_OUTER_BOUND('',#312,.T.);
#204=FACE_OUTER_BOUND('',#313,.T.);
#205=FACE_OUTER_BOUND('',#314,.T.);
#206=FACE_OUTER_BOUND('',#315,.T.);
#207=FACE_OUTER_BOUND('',#316,.T.);
#208=FACE_OUTER_BOUND('',#317,.T.);
#209=FACE_OUTER_BOUND('',#318,.T.);
#210=FACE_OUTER_BOUND('',#319,.T.);
#211=FACE_OUTER_BOUND('',#320,.T.);
#212=FACE_OUTER_BOUND('',#321,.T.);
#213=FACE_OUTER_BOUND('',#322,.T.);
#214=FACE_OUTER_BOUND('',#323,.T.);
#215=FACE_OUTER_BOUND('',#324,.T.);
#216=FACE_OUTER_BOUND('',#325,.T.);
#217=FACE_OUTER_BOUND('',#333,.T.);
#218=FACE_OUTER_BOUND('',#334,.T.);
#219=FACE_OUTER_BOUND('',#335,.T.);
#220=FACE_OUTER_BOUND('',#336,.T.);
#221=FACE_OUTER_BOUND('',#337,.T.);
#222=FACE_OUTER_BOUND('',#339,.T.);
#223=FACE_OUTER_BOUND('',#340,.T.);
#224=FACE_OUTER_BOUND('',#341,.T.);
#225=FACE_OUTER_BOUND('',#343,.T.);
#226=FACE_OUTER_BOUND('',#345,.T.);
#227=FACE_OUTER_BOUND('',#346,.T.);
#228=FACE_OUTER_BOUND('',#348,.T.);
#229=FACE_OUTER_BOUND('',#349,.T.);
#230=FACE_OUTER_BOUND('',#350,.T.);
#231=FACE_OUTER_BOUND('',#351,.T.);
#232=FACE_OUTER_BOUND('',#352,.T.);
#233=FACE_OUTER_BOUND('',#354,.T.);
#234=FACE_OUTER_BOUND('',#355,.T.);
#235=FACE_OUTER_BOUND('',#356,.T.);
#236=EDGE_LOOP('',(#1062,#1063,#1064,#1065));
#237=EDGE_LOOP('',(#1066,#1067,#1068,#1069));
#238=EDGE_LOOP('',(#1070,#1071,#1072,#1073));
#239=EDGE_LOOP('',(#1074,#1075,#1076,#1077));
#240=EDGE_LOOP('',(#1078,#1079,#1080,#1081));
#241=EDGE_LOOP('',(#1082,#1083,#1084,#1085));
#242=EDGE_LOOP('',(#1086,#1087,#1088,#1089));
#243=EDGE_LOOP('',(#1090,#1091,#1092,#1093));
#244=EDGE_LOOP('',(#1094,#1095,#1096,#1097));
#245=EDGE_LOOP('',(#1098,#1099,#1100,#1101));
#246=EDGE_LOOP('',(#1102,#1103,#1104,#1105));
#247=EDGE_LOOP('',(#1106,#1107,#1108,#1109));
#248=EDGE_LOOP('',(#1110,#1111,#1112,#1113));
#249=EDGE_LOOP('',(#1114));
#250=EDGE_LOOP('',(#1115,#1116,#1117,#1118,#1119,#1120,#1121,#1122,#1123,
#1124,#1125,#1126));
#251=EDGE_LOOP('',(#1127));
#252=EDGE_LOOP('',(#1128));
#253=EDGE_LOOP('',(#1129));
#254=EDGE_LOOP('',(#1130,#1131,#1132,#1133,#1134,#1135,#1136,#1137,#1138,
#1139,#1140,#1141));
#255=EDGE_LOOP('',(#1142,#1143,#1144,#1145));
#256=EDGE_LOOP('',(#1146,#1147,#1148,#1149));
#257=EDGE_LOOP('',(#1150,#1151,#1152,#1153));
#258=EDGE_LOOP('',(#1154,#1155,#1156,#1157));
#259=EDGE_LOOP('',(#1158,#1159,#1160,#1161));
#260=EDGE_LOOP('',(#1162,#1163,#1164,#1165));
#261=EDGE_LOOP('',(#1166,#1167,#1168,#1169));
#262=EDGE_LOOP('',(#1170,#1171,#1172,#1173));
#263=EDGE_LOOP('',(#1174,#1175,#1176,#1177));
#264=EDGE_LOOP('',(#1178,#1179,#1180,#1181));
#265=EDGE_LOOP('',(#1182,#1183,#1184,#1185));
#266=EDGE_LOOP('',(#1186,#1187,#1188,#1189));
#267=EDGE_LOOP('',(#1190,#1191,#1192,#1193));
#268=EDGE_LOOP('',(#1194,#1195,#1196,#1197));
#269=EDGE_LOOP('',(#1198,#1199,#1200,#1201));
#270=EDGE_LOOP('',(#1202,#1203,#1204,#1205));
#271=EDGE_LOOP('',(#1206,#1207,#1208,#1209));
#272=EDGE_LOOP('',(#1210,#1211,#1212,#1213,#1214,#1215));
#273=EDGE_LOOP('',(#1216,#1217,#1218,#1219,#1220));
#274=EDGE_LOOP('',(#1221,#1222,#1223,#1224));
#275=EDGE_LOOP('',(#1225,#1226,#1227,#1228));
#276=EDGE_LOOP('',(#1229,#1230,#1231));
#277=EDGE_LOOP('',(#1232,#1233,#1234,#1235,#1236,#1237));
#278=EDGE_LOOP('',(#1238,#1239,#1240,#1241));
#279=EDGE_LOOP('',(#1242,#1243,#1244,#1245,#1246));
#280=EDGE_LOOP('',(#1247,#1248,#1249,#1250));
#281=EDGE_LOOP('',(#1251,#1252,#1253));
#282=EDGE_LOOP('',(#1254,#1255,#1256));
#283=EDGE_LOOP('',(#1257,#1258,#1259));
#284=EDGE_LOOP('',(#1260,#1261,#1262));
#285=EDGE_LOOP('',(#1263,#1264,#1265));
#286=EDGE_LOOP('',(#1266,#1267,#1268,#1269));
#287=EDGE_LOOP('',(#1270));
#288=EDGE_LOOP('',(#1271,#1272,#1273,#1274));
#289=EDGE_LOOP('',(#1275,#1276,#1277,#1278));
#290=EDGE_LOOP('',(#1279,#1280,#1281,#1282));
#291=EDGE_LOOP('',(#1283,#1284,#1285,#1286));
#292=EDGE_LOOP('',(#1287,#1288,#1289,#1290));
#293=EDGE_LOOP('',(#1291));
#294=EDGE_LOOP('',(#1292,#1293,#1294,#1295));
#295=EDGE_LOOP('',(#1296,#1297,#1298,#1299));
#296=EDGE_LOOP('',(#1300,#1301,#1302,#1303));
#297=EDGE_LOOP('',(#1304,#1305,#1306,#1307));
#298=EDGE_LOOP('',(#1308));
#299=EDGE_LOOP('',(#1309));
#300=EDGE_LOOP('',(#1310,#1311,#1312,#1313));
#301=EDGE_LOOP('',(#1314));
#302=EDGE_LOOP('',(#1315));
#303=EDGE_LOOP('',(#1316,#1317,#1318,#1319));
#304=EDGE_LOOP('',(#1320,#1321,#1322,#1323));
#305=EDGE_LOOP('',(#1324));
#306=EDGE_LOOP('',(#1325,#1326,#1327,#1328));
#307=EDGE_LOOP('',(#1329));
#308=EDGE_LOOP('',(#1330,#1331,#1332,#1333));
#309=EDGE_LOOP('',(#1334,#1335,#1336,#1337));
#310=EDGE_LOOP('',(#1338,#1339,#1340,#1341));
#311=EDGE_LOOP('',(#1342,#1343,#1344,#1345));
#312=EDGE_LOOP('',(#1346,#1347,#1348,#1349));
#313=EDGE_LOOP('',(#1350,#1351,#1352,#1353));
#314=EDGE_LOOP('',(#1354,#1355,#1356,#1357));
#315=EDGE_LOOP('',(#1358,#1359,#1360,#1361));
#316=EDGE_LOOP('',(#1362,#1363,#1364,#1365));
#317=EDGE_LOOP('',(#1366,#1367,#1368,#1369));
#318=EDGE_LOOP('',(#1370,#1371,#1372,#1373));
#319=EDGE_LOOP('',(#1374,#1375,#1376,#1377));
#320=EDGE_LOOP('',(#1378,#1379,#1380,#1381));
#321=EDGE_LOOP('',(#1382,#1383,#1384,#1385));
#322=EDGE_LOOP('',(#1386,#1387,#1388,#1389));
#323=EDGE_LOOP('',(#1390,#1391,#1392,#1393));
#324=EDGE_LOOP('',(#1394,#1395,#1396,#1397));
#325=EDGE_LOOP('',(#1398));
#326=EDGE_LOOP('',(#1399,#1400,#1401,#1402,#1403,#1404,#1405,#1406,#1407,
#1408,#1409,#1410));
#327=EDGE_LOOP('',(#1411,#1412,#1413,#1414));
#328=EDGE_LOOP('',(#1415,#1416,#1417,#1418,#1419,#1420));
#329=EDGE_LOOP('',(#1421,#1422,#1423,#1424,#1425,#1426));
#330=EDGE_LOOP('',(#1427,#1428,#1429,#1430));
#331=EDGE_LOOP('',(#1431,#1432,#1433,#1434));
#332=EDGE_LOOP('',(#1435));
#333=EDGE_LOOP('',(#1436));
#334=EDGE_LOOP('',(#1437,#1438,#1439,#1440));
#335=EDGE_LOOP('',(#1441));
#336=EDGE_LOOP('',(#1442,#1443,#1444,#1445));
#337=EDGE_LOOP('',(#1446));
#338=EDGE_LOOP('',(#1447));
#339=EDGE_LOOP('',(#1448,#1449,#1450,#1451));
#340=EDGE_LOOP('',(#1452,#1453,#1454,#1455,#1456,#1457,#1458,#1459,#1460,
#1461,#1462,#1463,#1464,#1465,#1466,#1467,#1468,#1469,#1470));
#341=EDGE_LOOP('',(#1471));
#342=EDGE_LOOP('',(#1472));
#343=EDGE_LOOP('',(#1473));
#344=EDGE_LOOP('',(#1474));
#345=EDGE_LOOP('',(#1475,#1476,#1477,#1478));
#346=EDGE_LOOP('',(#1479));
#347=EDGE_LOOP('',(#1480));
#348=EDGE_LOOP('',(#1481,#1482,#1483,#1484));
#349=EDGE_LOOP('',(#1485,#1486,#1487,#1488,#1489,#1490,#1491,#1492,#1493,
#1494,#1495,#1496,#1497,#1498,#1499,#1500,#1501,#1502,#1503));
#350=EDGE_LOOP('',(#1504,#1505,#1506,#1507,#1508,#1509,#1510,#1511,#1512,
#1513,#1514,#1515));
#351=EDGE_LOOP('',(#1516,#1517,#1518,#1519));
#352=EDGE_LOOP('',(#1520));
#353=EDGE_LOOP('',(#1521));
#354=EDGE_LOOP('',(#1522));
#355=EDGE_LOOP('',(#1523,#1524,#1525,#1526));
#356=EDGE_LOOP('',(#1527));
#357=LINE('',#2447,#516);
#358=LINE('',#2449,#517);
#359=LINE('',#2451,#518);
#360=LINE('',#2452,#519);
#361=LINE('',#2456,#520);
#362=LINE('',#2458,#521);
#363=LINE('',#2460,#522);
#364=LINE('',#2461,#523);
#365=LINE('',#2465,#524);
#366=LINE('',#2467,#525);
#367=LINE('',#2469,#526);
#368=LINE('',#2470,#527);
#369=LINE('',#2474,#528);
#370=LINE('',#2475,#529);
#371=LINE('',#2476,#530);
#372=LINE('',#2478,#531);
#373=LINE('',#2479,#532);
#374=LINE('',#2483,#533);
#375=LINE('',#2484,#534);
#376=LINE('',#2485,#535);
#377=LINE('',#2488,#536);
#378=LINE('',#2490,#537);
#379=LINE('',#2491,#538);
#380=LINE('',#2494,#539);
#381=LINE('',#2496,#540);
#382=LINE('',#2497,#541);
#383=LINE('',#2500,#542);
#384=LINE('',#2502,#543);
#385=LINE('',#2503,#544);
#386=LINE('',#2506,#545);
#387=LINE('',#2508,#546);
#388=LINE('',#2509,#547);
#389=LINE('',#2511,#548);
#390=LINE('',#2512,#549);
#391=LINE('',#2514,#550);
#392=LINE('',#2515,#551);
#393=LINE('',#2520,#552);
#394=LINE('',#2531,#553);
#395=LINE('',#2533,#554);
#396=LINE('',#2535,#555);
#397=LINE('',#2537,#556);
#398=LINE('',#2539,#557);
#399=LINE('',#2541,#558);
#400=LINE('',#2543,#559);
#401=LINE('',#2545,#560);
#402=LINE('',#2547,#561);
#403=LINE('',#2549,#562);
#404=LINE('',#2551,#563);
#405=LINE('',#2552,#564);
#406=LINE('',#2555,#565);
#407=LINE('',#2557,#566);
#408=LINE('',#2558,#567);
#409=LINE('',#2561,#568);
#410=LINE('',#2562,#569);
#411=LINE('',#2565,#570);
#412=LINE('',#2566,#571);
#413=LINE('',#2569,#572);
#414=LINE('',#2570,#573);
#415=LINE('',#2573,#574);
#416=LINE('',#2574,#575);
#417=LINE('',#2577,#576);
#418=LINE('',#2578,#577);
#419=LINE('',#2581,#578);
#420=LINE('',#2582,#579);
#421=LINE('',#2585,#580);
#422=LINE('',#2586,#581);
#423=LINE('',#2589,#582);
#424=LINE('',#2590,#583);
#425=LINE('',#2593,#584);
#426=LINE('',#2594,#585);
#427=LINE('',#2597,#586);
#428=LINE('',#2598,#587);
#429=LINE('',#2600,#588);
#430=LINE('',#2604,#589);
#431=LINE('',#2606,#590);
#432=LINE('',#2608,#591);
#433=LINE('',#2609,#592);
#434=LINE('',#2612,#593);
#435=LINE('',#2614,#594);
#436=LINE('',#2615,#595);
#437=LINE('',#2618,#596);
#438=LINE('',#2620,#597);
#439=LINE('',#2621,#598);
#440=LINE('',#2623,#599);
#441=LINE('',#2624,#600);
#442=LINE('',#2728,#601);
#443=LINE('',#2729,#602);
#444=LINE('',#2837,#603);
#445=LINE('',#2838,#604);
#446=LINE('',#2840,#605);
#447=LINE('',#2844,#606);
#448=LINE('',#2846,#607);
#449=LINE('',#2848,#608);
#450=LINE('',#2852,#609);
#451=LINE('',#2854,#610);
#452=LINE('',#2857,#611);
#453=LINE('',#2862,#612);
#454=LINE('',#2864,#613);
#455=LINE('',#2865,#614);
#456=LINE('',#2868,#615);
#457=LINE('',#2869,#616);
#458=LINE('',#2872,#617);
#459=LINE('',#2875,#618);
#460=LINE('',#2881,#619);
#461=LINE('',#2883,#620);
#462=LINE('',#2884,#621);
#463=LINE('',#2889,#622);
#464=LINE('',#2892,#623);
#465=LINE('',#2895,#624);
#466=LINE('',#2896,#625);
#467=LINE('',#2899,#626);
#468=LINE('',#2900,#627);
#469=LINE('',#2902,#628);
#470=LINE('',#2909,#629);
#471=LINE('',#2916,#630);
#472=LINE('',#2920,#631);
#473=LINE('',#2925,#632);
#474=LINE('',#2930,#633);
#475=LINE('',#2932,#634);
#476=LINE('',#2934,#635);
#477=LINE('',#2935,#636);
#478=LINE('',#2939,#637);
#479=LINE('',#2941,#638);
#480=LINE('',#2943,#639);
#481=LINE('',#2944,#640);
#482=LINE('',#2951,#641);
#483=LINE('',#2953,#642);
#484=LINE('',#2955,#643);
#485=LINE('',#2956,#644);
#486=LINE('',#2960,#645);
#487=LINE('',#2962,#646);
#488=LINE('',#2964,#647);
#489=LINE('',#2965,#648);
#490=LINE('',#2972,#649);
#491=LINE('',#2974,#650);
#492=LINE('',#2976,#651);
#493=LINE('',#2977,#652);
#494=LINE('',#2981,#653);
#495=LINE('',#2983,#654);
#496=LINE('',#2985,#655);
#497=LINE('',#2986,#656);
#498=LINE('',#2993,#657);
#499=LINE('',#2995,#658);
#500=LINE('',#2997,#659);
#501=LINE('',#2998,#660);
#502=LINE('',#3002,#661);
#503=LINE('',#3004,#662);
#504=LINE('',#3006,#663);
#505=LINE('',#3007,#664);
#506=LINE('',#3027,#665);
#507=LINE('',#3037,#666);
#508=LINE('',#3042,#667);
#509=LINE('',#3049,#668);
#510=LINE('',#3052,#669);
#511=LINE('',#3062,#670);
#512=LINE('',#3067,#671);
#513=LINE('',#3069,#672);
#514=LINE('',#3075,#673);
#515=LINE('',#3084,#674);
#516=VECTOR('',#1966,10.);
#517=VECTOR('',#1967,10.);
#518=VECTOR('',#1968,10.);
#519=VECTOR('',#1969,10.);
#520=VECTOR('',#1972,10.);
#521=VECTOR('',#1973,10.);
#522=VECTOR('',#1974,10.);
#523=VECTOR('',#1975,10.);
#524=VECTOR('',#1978,10.);
#525=VECTOR('',#1979,10.);
#526=VECTOR('',#1980,10.);
#527=VECTOR('',#1981,10.);
#528=VECTOR('',#1984,10.);
#529=VECTOR('',#1985,10.);
#530=VECTOR('',#1986,10.);
#531=VECTOR('',#1989,10.);
#532=VECTOR('',#1990,10.);
#533=VECTOR('',#1993,10.);
#534=VECTOR('',#1994,10.);
#535=VECTOR('',#1995,10.);
#536=VECTOR('',#1998,10.);
#537=VECTOR('',#1999,10.);
#538=VECTOR('',#2000,10.);
#539=VECTOR('',#2003,10.);
#540=VECTOR('',#2004,10.);
#541=VECTOR('',#2005,10.);
#542=VECTOR('',#2008,10.);
#543=VECTOR('',#2009,10.);
#544=VECTOR('',#2010,10.);
#545=VECTOR('',#2013,10.);
#546=VECTOR('',#2014,10.);
#547=VECTOR('',#2015,10.);
#548=VECTOR('',#2018,10.);
#549=VECTOR('',#2019,10.);
#550=VECTOR('',#2022,10.);
#551=VECTOR('',#2023,10.);
#552=VECTOR('',#2028,1.1);
#553=VECTOR('',#2041,10.);
#554=VECTOR('',#2042,10.);
#555=VECTOR('',#2043,10.);
#556=VECTOR('',#2044,10.);
#557=VECTOR('',#2045,10.);
#558=VECTOR('',#2046,10.);
#559=VECTOR('',#2047,10.);
#560=VECTOR('',#2048,10.);
#561=VECTOR('',#2049,10.);
#562=VECTOR('',#2050,10.);
#563=VECTOR('',#2051,10.);
#564=VECTOR('',#2052,10.);
#565=VECTOR('',#2055,10.);
#566=VECTOR('',#2056,10.);
#567=VECTOR('',#2057,10.);
#568=VECTOR('',#2060,10.);
#569=VECTOR('',#2061,10.);
#570=VECTOR('',#2064,10.);
#571=VECTOR('',#2065,10.);
#572=VECTOR('',#2068,10.);
#573=VECTOR('',#2069,10.);
#574=VECTOR('',#2072,10.);
#575=VECTOR('',#2073,10.);
#576=VECTOR('',#2076,10.);
#577=VECTOR('',#2077,10.);
#578=VECTOR('',#2080,10.);
#579=VECTOR('',#2081,10.);
#580=VECTOR('',#2084,10.);
#581=VECTOR('',#2085,10.);
#582=VECTOR('',#2088,10.);
#583=VECTOR('',#2089,10.);
#584=VECTOR('',#2092,10.);
#585=VECTOR('',#2093,10.);
#586=VECTOR('',#2096,10.);
#587=VECTOR('',#2097,10.);
#588=VECTOR('',#2100,10.);
#589=VECTOR('',#2103,10.);
#590=VECTOR('',#2104,10.);
#591=VECTOR('',#2105,10.);
#592=VECTOR('',#2106,10.);
#593=VECTOR('',#2109,10.);
#594=VECTOR('',#2110,10.);
#595=VECTOR('',#2111,10.);
#596=VECTOR('',#2114,10.);
#597=VECTOR('',#2115,10.);
#598=VECTOR('',#2116,10.);
#599=VECTOR('',#2119,10.);
#600=VECTOR('',#2120,10.);
#601=VECTOR('',#2139,10.);
#602=VECTOR('',#2140,10.);
#603=VECTOR('',#2161,10.);
#604=VECTOR('',#2162,10.);
#605=VECTOR('',#2165,10.);
#606=VECTOR('',#2172,10.);
#607=VECTOR('',#2175,10.);
#608=VECTOR('',#2178,10.);
#609=VECTOR('',#2181,10.);
#610=VECTOR('',#2182,10.);
#611=VECTOR('',#2185,10.);
#612=VECTOR('',#2190,10.);
#613=VECTOR('',#2191,10.);
#614=VECTOR('',#2192,10.);
#615=VECTOR('',#2195,10.);
#616=VECTOR('',#2196,10.);
#617=VECTOR('',#2199,10.);
#618=VECTOR('',#2204,10.);
#619=VECTOR('',#2209,10.);
#620=VECTOR('',#2210,10.);
#621=VECTOR('',#2211,10.);
#622=VECTOR('',#2216,10.);
#623=VECTOR('',#2219,10.);
#624=VECTOR('',#2222,10.);
#625=VECTOR('',#2223,10.);
#626=VECTOR('',#2226,10.);
#627=VECTOR('',#2227,10.);
#628=VECTOR('',#2230,10.);
#629=VECTOR('',#2239,0.7);
#630=VECTOR('',#2248,0.7);
#631=VECTOR('',#2253,0.3);
#632=VECTOR('',#2260,0.3);
#633=VECTOR('',#2265,10.);
#634=VECTOR('',#2266,10.);
#635=VECTOR('',#2267,10.);
#636=VECTOR('',#2268,10.);
#637=VECTOR('',#2271,10.);
#638=VECTOR('',#2272,10.);
#639=VECTOR('',#2273,10.);
#640=VECTOR('',#2274,10.);
#641=VECTOR('',#2283,10.);
#642=VECTOR('',#2284,10.);
#643=VECTOR('',#2285,10.);
#644=VECTOR('',#2286,10.);
#645=VECTOR('',#2289,10.);
#646=VECTOR('',#2290,10.);
#647=VECTOR('',#2291,10.);
#648=VECTOR('',#2292,10.);
#649=VECTOR('',#2301,10.);
#650=VECTOR('',#2302,10.);
#651=VECTOR('',#2303,10.);
#652=VECTOR('',#2304,10.);
#653=VECTOR('',#2307,10.);
#654=VECTOR('',#2308,10.);
#655=VECTOR('',#2309,10.);
#656=VECTOR('',#2310,10.);
#657=VECTOR('',#2319,10.);
#658=VECTOR('',#2320,10.);
#659=VECTOR('',#2321,10.);
#660=VECTOR('',#2322,10.);
#661=VECTOR('',#2325,10.);
#662=VECTOR('',#2326,10.);
#663=VECTOR('',#2327,10.);
#664=VECTOR('',#2328,10.);
#665=VECTOR('',#2363,0.425);
#666=VECTOR('',#2376,3.895);
#667=VECTOR('',#2383,0.85);
#668=VECTOR('',#2392,4.5);
#669=VECTOR('',#2397,4.5);
#670=VECTOR('',#2410,4.48);
#671=VECTOR('',#2417,4.5);
#672=VECTOR('',#2420,4.5);
#673=VECTOR('',#2427,4.48);
#674=VECTOR('',#2440,4.5);
#675=VERTEX_POINT('',#2445);
#676=VERTEX_POINT('',#2446);
#677=VERTEX_POINT('',#2448);
#678=VERTEX_POINT('',#2450);
#679=VERTEX_POINT('',#2454);
#680=VERTEX_POINT('',#2455);
#681=VERTEX_POINT('',#2457);
#682=VERTEX_POINT('',#2459);
#683=VERTEX_POINT('',#2463);
#684=VERTEX_POINT('',#2464);
#685=VERTEX_POINT('',#2466);
#686=VERTEX_POINT('',#2468);
#687=VERTEX_POINT('',#2472);
#688=VERTEX_POINT('',#2473);
#689=VERTEX_POINT('',#2481);
#690=VERTEX_POINT('',#2482);
#691=VERTEX_POINT('',#2487);
#692=VERTEX_POINT('',#2489);
#693=VERTEX_POINT('',#2493);
#694=VERTEX_POINT('',#2495);
#695=VERTEX_POINT('',#2499);
#696=VERTEX_POINT('',#2501);
#697=VERTEX_POINT('',#2505);
#698=VERTEX_POINT('',#2507);
#699=VERTEX_POINT('',#2517);
#700=VERTEX_POINT('',#2519);
#701=VERTEX_POINT('',#2524);
#702=VERTEX_POINT('',#2526);
#703=VERTEX_POINT('',#2529);
#704=VERTEX_POINT('',#2530);
#705=VERTEX_POINT('',#2532);
#706=VERTEX_POINT('',#2534);
#707=VERTEX_POINT('',#2536);
#708=VERTEX_POINT('',#2538);
#709=VERTEX_POINT('',#2540);
#710=VERTEX_POINT('',#2542);
#711=VERTEX_POINT('',#2544);
#712=VERTEX_POINT('',#2546);
#713=VERTEX_POINT('',#2548);
#714=VERTEX_POINT('',#2550);
#715=VERTEX_POINT('',#2554);
#716=VERTEX_POINT('',#2556);
#717=VERTEX_POINT('',#2560);
#718=VERTEX_POINT('',#2564);
#719=VERTEX_POINT('',#2568);
#720=VERTEX_POINT('',#2572);
#721=VERTEX_POINT('',#2576);
#722=VERTEX_POINT('',#2580);
#723=VERTEX_POINT('',#2584);
#724=VERTEX_POINT('',#2588);
#725=VERTEX_POINT('',#2592);
#726=VERTEX_POINT('',#2596);
#727=VERTEX_POINT('',#2602);
#728=VERTEX_POINT('',#2603);
#729=VERTEX_POINT('',#2605);
#730=VERTEX_POINT('',#2607);
#731=VERTEX_POINT('',#2611);
#732=VERTEX_POINT('',#2613);
#733=VERTEX_POINT('',#2617);
#734=VERTEX_POINT('',#2619);
#735=VERTEX_POINT('',#2627);
#736=VERTEX_POINT('',#2628);
#737=VERTEX_POINT('',#2630);
#738=VERTEX_POINT('',#2632);
#739=VERTEX_POINT('',#2634);
#740=VERTEX_POINT('',#2653);
#741=VERTEX_POINT('',#2654);
#742=VERTEX_POINT('',#2695);
#743=VERTEX_POINT('',#2696);
#744=VERTEX_POINT('',#2725);
#745=VERTEX_POINT('',#2726);
#746=VERTEX_POINT('',#2733);
#747=VERTEX_POINT('',#2734);
#748=VERTEX_POINT('',#2736);
#749=VERTEX_POINT('',#2738);
#750=VERTEX_POINT('',#2740);
#751=VERTEX_POINT('',#2759);
#752=VERTEX_POINT('',#2760);
#753=VERTEX_POINT('',#2807);
#754=VERTEX_POINT('',#2808);
#755=VERTEX_POINT('',#2834);
#756=VERTEX_POINT('',#2835);
#757=VERTEX_POINT('',#2850);
#758=VERTEX_POINT('',#2851);
#759=VERTEX_POINT('',#2853);
#760=VERTEX_POINT('',#2855);
#761=VERTEX_POINT('',#2858);
#762=VERTEX_POINT('',#2861);
#763=VERTEX_POINT('',#2863);
#764=VERTEX_POINT('',#2867);
#765=VERTEX_POINT('',#2871);
#766=VERTEX_POINT('',#2877);
#767=VERTEX_POINT('',#2878);
#768=VERTEX_POINT('',#2880);
#769=VERTEX_POINT('',#2882);
#770=VERTEX_POINT('',#2885);
#771=VERTEX_POINT('',#2888);
#772=VERTEX_POINT('',#2890);
#773=VERTEX_POINT('',#2894);
#774=VERTEX_POINT('',#2898);
#775=VERTEX_POINT('',#2904);
#776=VERTEX_POINT('',#2906);
#777=VERTEX_POINT('',#2911);
#778=VERTEX_POINT('',#2913);
#779=VERTEX_POINT('',#2918);
#780=VERTEX_POINT('',#2923);
#781=VERTEX_POINT('',#2928);
#782=VERTEX_POINT('',#2929);
#783=VERTEX_POINT('',#2931);
#784=VERTEX_POINT('',#2933);
#785=VERTEX_POINT('',#2937);
#786=VERTEX_POINT('',#2938);
#787=VERTEX_POINT('',#2940);
#788=VERTEX_POINT('',#2942);
#789=VERTEX_POINT('',#2949);
#790=VERTEX_POINT('',#2950);
#791=VERTEX_POINT('',#2952);
#792=VERTEX_POINT('',#2954);
#793=VERTEX_POINT('',#2958);
#794=VERTEX_POINT('',#2959);
#795=VERTEX_POINT('',#2961);
#796=VERTEX_POINT('',#2963);
#797=VERTEX_POINT('',#2970);
#798=VERTEX_POINT('',#2971);
#799=VERTEX_POINT('',#2973);
#800=VERTEX_POINT('',#2975);
#801=VERTEX_POINT('',#2979);
#802=VERTEX_POINT('',#2980);
#803=VERTEX_POINT('',#2982);
#804=VERTEX_POINT('',#2984);
#805=VERTEX_POINT('',#2991);
#806=VERTEX_POINT('',#2992);
#807=VERTEX_POINT('',#2994);
#808=VERTEX_POINT('',#2996);
#809=VERTEX_POINT('',#3000);
#810=VERTEX_POINT('',#3001);
#811=VERTEX_POINT('',#3003);
#812=VERTEX_POINT('',#3005);
#813=VERTEX_POINT('',#3024);
#814=VERTEX_POINT('',#3026);
#815=VERTEX_POINT('',#3030);
#816=VERTEX_POINT('',#3034);
#817=VERTEX_POINT('',#3036);
#818=VERTEX_POINT('',#3041);
#819=VERTEX_POINT('',#3045);
#820=VERTEX_POINT('',#3048);
#821=VERTEX_POINT('',#3055);
#822=VERTEX_POINT('',#3057);
#823=VERTEX_POINT('',#3060);
#824=VERTEX_POINT('',#3064);
#825=VERTEX_POINT('',#3072);
#826=VERTEX_POINT('',#3074);
#827=VERTEX_POINT('',#3078);
#828=VERTEX_POINT('',#3082);
#829=EDGE_CURVE('',#675,#676,#357,.T.);
#830=EDGE_CURVE('',#677,#675,#358,.T.);
#831=EDGE_CURVE('',#677,#678,#359,.T.);
#832=EDGE_CURVE('',#676,#678,#360,.T.);
#833=EDGE_CURVE('',#679,#680,#361,.T.);
#834=EDGE_CURVE('',#681,#679,#362,.T.);
#835=EDGE_CURVE('',#682,#681,#363,.T.);
#836=EDGE_CURVE('',#680,#682,#364,.T.);
#837=EDGE_CURVE('',#683,#684,#365,.T.);
#838=EDGE_CURVE('',#685,#683,#366,.T.);
#839=EDGE_CURVE('',#686,#685,#367,.T.);
#840=EDGE_CURVE('',#686,#684,#368,.T.);
#841=EDGE_CURVE('',#687,#688,#369,.T.);
#842=EDGE_CURVE('',#684,#687,#370,.T.);
#843=EDGE_CURVE('',#688,#686,#371,.T.);
#844=EDGE_CURVE('',#678,#681,#372,.T.);
#845=EDGE_CURVE('',#682,#677,#373,.T.);
#846=EDGE_CURVE('',#689,#690,#374,.T.);
#847=EDGE_CURVE('',#685,#689,#375,.T.);
#848=EDGE_CURVE('',#690,#683,#376,.T.);
#849=EDGE_CURVE('',#691,#690,#377,.T.);
#850=EDGE_CURVE('',#692,#691,#378,.T.);
#851=EDGE_CURVE('',#689,#692,#379,.T.);
#852=EDGE_CURVE('',#693,#680,#380,.T.);
#853=EDGE_CURVE('',#693,#694,#381,.T.);
#854=EDGE_CURVE('',#679,#694,#382,.T.);
#855=EDGE_CURVE('',#695,#688,#383,.T.);
#856=EDGE_CURVE('',#695,#696,#384,.T.);
#857=EDGE_CURVE('',#687,#696,#385,.T.);
#858=EDGE_CURVE('',#696,#697,#386,.T.);
#859=EDGE_CURVE('',#698,#695,#387,.T.);
#860=EDGE_CURVE('',#698,#697,#388,.T.);
#861=EDGE_CURVE('',#697,#676,#389,.T.);
#862=EDGE_CURVE('',#675,#698,#390,.T.);
#863=EDGE_CURVE('',#694,#691,#391,.T.);
#864=EDGE_CURVE('',#692,#693,#392,.T.);
#865=EDGE_CURVE('',#699,#699,#55,.T.);
#866=EDGE_CURVE('',#699,#700,#393,.T.);
#867=EDGE_CURVE('',#700,#700,#56,.T.);
#868=EDGE_CURVE('',#701,#701,#57,.T.);
#869=EDGE_CURVE('',#702,#702,#58,.T.);
#870=EDGE_CURVE('',#703,#704,#394,.T.);
#871=EDGE_CURVE('',#704,#705,#395,.T.);
#872=EDGE_CURVE('',#705,#706,#396,.T.);
#873=EDGE_CURVE('',#706,#707,#397,.T.);
#874=EDGE_CURVE('',#707,#708,#398,.T.);
#875=EDGE_CURVE('',#708,#709,#399,.T.);
#876=EDGE_CURVE('',#709,#710,#400,.T.);
#877=EDGE_CURVE('',#710,#711,#401,.T.);
#878=EDGE_CURVE('',#711,#712,#402,.T.);
#879=EDGE_CURVE('',#712,#713,#403,.T.);
#880=EDGE_CURVE('',#713,#714,#404,.T.);
#881=EDGE_CURVE('',#714,#703,#405,.T.);
#882=EDGE_CURVE('',#715,#708,#406,.T.);
#883=EDGE_CURVE('',#716,#715,#407,.T.);
#884=EDGE_CURVE('',#716,#709,#408,.T.);
#885=EDGE_CURVE('',#717,#707,#409,.T.);
#886=EDGE_CURVE('',#715,#717,#410,.T.);
#887=EDGE_CURVE('',#718,#706,#411,.T.);
#888=EDGE_CURVE('',#717,#718,#412,.T.);
#889=EDGE_CURVE('',#719,#705,#413,.T.);
#890=EDGE_CURVE('',#718,#719,#414,.T.);
#891=EDGE_CURVE('',#720,#704,#415,.T.);
#892=EDGE_CURVE('',#719,#720,#416,.T.);
#893=EDGE_CURVE('',#721,#703,#417,.T.);
#894=EDGE_CURVE('',#720,#721,#418,.T.);
#895=EDGE_CURVE('',#722,#714,#419,.T.);
#896=EDGE_CURVE('',#721,#722,#420,.T.);
#897=EDGE_CURVE('',#723,#713,#421,.T.);
#898=EDGE_CURVE('',#722,#723,#422,.T.);
#899=EDGE_CURVE('',#724,#712,#423,.T.);
#900=EDGE_CURVE('',#723,#724,#424,.T.);
#901=EDGE_CURVE('',#725,#711,#425,.T.);
#902=EDGE_CURVE('',#724,#725,#426,.T.);
#903=EDGE_CURVE('',#726,#710,#427,.T.);
#904=EDGE_CURVE('',#725,#726,#428,.T.);
#905=EDGE_CURVE('',#726,#716,#429,.T.);
#906=EDGE_CURVE('',#727,#728,#430,.T.);
#907=EDGE_CURVE('',#729,#728,#431,.T.);
#908=EDGE_CURVE('',#730,#729,#432,.T.);
#909=EDGE_CURVE('',#730,#727,#433,.T.);
#910=EDGE_CURVE('',#728,#731,#434,.T.);
#911=EDGE_CURVE('',#732,#731,#435,.T.);
#912=EDGE_CURVE('',#729,#732,#436,.T.);
#913=EDGE_CURVE('',#731,#733,#437,.T.);
#914=EDGE_CURVE('',#734,#733,#438,.T.);
#915=EDGE_CURVE('',#732,#734,#439,.T.);
#916=EDGE_CURVE('',#733,#727,#440,.T.);
#917=EDGE_CURVE('',#734,#730,#441,.T.);
#918=EDGE_CURVE('',#735,#736,#59,.T.);
#919=EDGE_CURVE('',#737,#736,#60,.F.);
#920=EDGE_CURVE('',#737,#738,#61,.T.);
#921=EDGE_CURVE('',#739,#737,#62,.F.);
#922=EDGE_CURVE('',#739,#735,#63,.T.);
#923=EDGE_CURVE('',#740,#741,#18,.F.);
#924=EDGE_CURVE('',#741,#739,#19,.T.);
#925=EDGE_CURVE('',#736,#740,#20,.T.);
#926=EDGE_CURVE('',#742,#743,#21,.F.);
#927=EDGE_CURVE('',#743,#735,#22,.T.);
#928=EDGE_CURVE('',#739,#742,#23,.T.);
#929=EDGE_CURVE('',#744,#745,#16,.F.);
#930=EDGE_CURVE('',#745,#736,#442,.T.);
#931=EDGE_CURVE('',#735,#744,#443,.T.);
#932=EDGE_CURVE('',#742,#741,#64,.T.);
#933=EDGE_CURVE('',#746,#747,#65,.T.);
#934=EDGE_CURVE('',#748,#747,#66,.F.);
#935=EDGE_CURVE('',#748,#749,#67,.T.);
#936=EDGE_CURVE('',#749,#750,#68,.T.);
#937=EDGE_CURVE('',#749,#746,#69,.T.);
#938=EDGE_CURVE('',#751,#752,#24,.F.);
#939=EDGE_CURVE('',#752,#748,#25,.T.);
#940=EDGE_CURVE('',#747,#751,#26,.T.);
#941=EDGE_CURVE('',#753,#754,#27,.F.);
#942=EDGE_CURVE('',#754,#746,#28,.T.);
#943=EDGE_CURVE('',#748,#753,#29,.T.);
#944=EDGE_CURVE('',#755,#756,#17,.F.);
#945=EDGE_CURVE('',#756,#747,#444,.T.);
#946=EDGE_CURVE('',#746,#755,#445,.T.);
#947=EDGE_CURVE('',#755,#754,#446,.T.);
#948=EDGE_CURVE('',#753,#752,#70,.T.);
#949=EDGE_CURVE('',#751,#756,#447,.T.);
#950=EDGE_CURVE('',#740,#745,#448,.T.);
#951=EDGE_CURVE('',#744,#743,#449,.T.);
#952=EDGE_CURVE('',#757,#758,#450,.T.);
#953=EDGE_CURVE('',#759,#757,#451,.T.);
#954=EDGE_CURVE('',#760,#759,#71,.T.);
#955=EDGE_CURVE('',#758,#760,#452,.T.);
#956=EDGE_CURVE('',#761,#761,#72,.T.);
#957=EDGE_CURVE('',#762,#758,#453,.T.);
#958=EDGE_CURVE('',#763,#762,#454,.T.);
#959=EDGE_CURVE('',#763,#757,#455,.T.);
#960=EDGE_CURVE('',#764,#760,#456,.T.);
#961=EDGE_CURVE('',#762,#764,#457,.T.);
#962=EDGE_CURVE('',#765,#759,#458,.T.);
#963=EDGE_CURVE('',#764,#765,#73,.T.);
#964=EDGE_CURVE('',#765,#763,#459,.T.);
#965=EDGE_CURVE('',#766,#767,#74,.T.);
#966=EDGE_CURVE('',#768,#766,#460,.T.);
#967=EDGE_CURVE('',#769,#768,#461,.T.);
#968=EDGE_CURVE('',#767,#769,#462,.T.);
#969=EDGE_CURVE('',#770,#770,#75,.T.);
#970=EDGE_CURVE('',#771,#767,#463,.T.);
#971=EDGE_CURVE('',#772,#771,#76,.T.);
#972=EDGE_CURVE('',#772,#766,#464,.T.);
#973=EDGE_CURVE('',#773,#769,#465,.T.);
#974=EDGE_CURVE('',#771,#773,#466,.T.);
#975=EDGE_CURVE('',#774,#768,#467,.T.);
#976=EDGE_CURVE('',#773,#774,#468,.T.);
#977=EDGE_CURVE('',#774,#772,#469,.T.);
#978=EDGE_CURVE('',#775,#775,#77,.T.);
#979=EDGE_CURVE('',#776,#776,#78,.T.);
#980=EDGE_CURVE('',#775,#761,#470,.T.);
#981=EDGE_CURVE('',#777,#777,#79,.T.);
#982=EDGE_CURVE('',#778,#778,#80,.T.);
#983=EDGE_CURVE('',#777,#770,#471,.T.);
#984=EDGE_CURVE('',#779,#779,#81,.T.);
#985=EDGE_CURVE('',#779,#776,#472,.T.);
#986=EDGE_CURVE('',#780,#780,#82,.T.);
#987=EDGE_CURVE('',#780,#778,#473,.T.);
#988=EDGE_CURVE('',#781,#782,#474,.T.);
#989=EDGE_CURVE('',#783,#782,#475,.T.);
#990=EDGE_CURVE('',#784,#783,#476,.T.);
#991=EDGE_CURVE('',#784,#781,#477,.T.);
#992=EDGE_CURVE('',#785,#786,#478,.T.);
#993=EDGE_CURVE('',#787,#786,#479,.T.);
#994=EDGE_CURVE('',#788,#787,#480,.T.);
#995=EDGE_CURVE('',#788,#785,#481,.T.);
#996=EDGE_CURVE('',#786,#781,#83,.T.);
#997=EDGE_CURVE('',#782,#785,#84,.T.);
#998=EDGE_CURVE('',#789,#790,#482,.T.);
#999=EDGE_CURVE('',#791,#790,#483,.T.);
#1000=EDGE_CURVE('',#792,#791,#484,.T.);
#1001=EDGE_CURVE('',#792,#789,#485,.T.);
#1002=EDGE_CURVE('',#793,#794,#486,.T.);
#1003=EDGE_CURVE('',#795,#794,#487,.T.);
#1004=EDGE_CURVE('',#796,#795,#488,.T.);
#1005=EDGE_CURVE('',#796,#793,#489,.T.);
#1006=EDGE_CURVE('',#794,#789,#85,.T.);
#1007=EDGE_CURVE('',#790,#793,#86,.T.);
#1008=EDGE_CURVE('',#797,#798,#490,.T.);
#1009=EDGE_CURVE('',#799,#798,#491,.T.);
#1010=EDGE_CURVE('',#800,#799,#492,.T.);
#1011=EDGE_CURVE('',#800,#797,#493,.T.);
#1012=EDGE_CURVE('',#801,#802,#494,.T.);
#1013=EDGE_CURVE('',#803,#802,#495,.T.);
#1014=EDGE_CURVE('',#804,#803,#496,.T.);
#1015=EDGE_CURVE('',#804,#801,#497,.T.);
#1016=EDGE_CURVE('',#802,#797,#87,.T.);
#1017=EDGE_CURVE('',#798,#801,#88,.T.);
#1018=EDGE_CURVE('',#805,#806,#498,.T.);
#1019=EDGE_CURVE('',#807,#806,#499,.T.);
#1020=EDGE_CURVE('',#808,#807,#500,.T.);
#1021=EDGE_CURVE('',#808,#805,#501,.T.);
#1022=EDGE_CURVE('',#809,#810,#502,.T.);
#1023=EDGE_CURVE('',#811,#810,#503,.T.);
#1024=EDGE_CURVE('',#812,#811,#504,.T.);
#1025=EDGE_CURVE('',#812,#809,#505,.T.);
#1026=EDGE_CURVE('',#810,#805,#89,.T.);
#1027=EDGE_CURVE('',#806,#809,#90,.T.);
#1028=EDGE_CURVE('',#799,#812,#91,.T.);
#1029=EDGE_CURVE('',#811,#800,#92,.T.);
#1030=EDGE_CURVE('',#791,#804,#93,.T.);
#1031=EDGE_CURVE('',#803,#792,#94,.T.);
#1032=EDGE_CURVE('',#783,#796,#95,.T.);
#1033=EDGE_CURVE('',#795,#784,#96,.T.);
#1034=EDGE_CURVE('',#787,#808,#97,.T.);
#1035=EDGE_CURVE('',#807,#788,#98,.T.);
#1036=EDGE_CURVE('',#813,#813,#99,.T.);
#1037=EDGE_CURVE('',#813,#814,#506,.T.);
#1038=EDGE_CURVE('',#814,#814,#100,.T.);
#1039=EDGE_CURVE('',#815,#815,#101,.T.);
#1040=EDGE_CURVE('',#816,#816,#102,.T.);
#1041=EDGE_CURVE('',#816,#817,#507,.T.);
#1042=EDGE_CURVE('',#817,#817,#103,.T.);
#1043=EDGE_CURVE('',#702,#818,#508,.T.);
#1044=EDGE_CURVE('',#818,#818,#104,.T.);
#1045=EDGE_CURVE('',#819,#819,#105,.T.);
#1046=EDGE_CURVE('',#819,#820,#509,.T.);
#1047=EDGE_CURVE('',#820,#820,#106,.F.);
#1048=EDGE_CURVE('',#799,#815,#510,.T.);
#1049=EDGE_CURVE('',#821,#821,#107,.T.);
#1050=EDGE_CURVE('',#822,#822,#108,.T.);
#1051=EDGE_CURVE('',#823,#823,#109,.T.);
#1052=EDGE_CURVE('',#823,#822,#511,.T.);
#1053=EDGE_CURVE('',#824,#824,#110,.T.);
#1054=EDGE_CURVE('',#701,#824,#512,.T.);
#1055=EDGE_CURVE('',#821,#800,#513,.T.);
#1056=EDGE_CURVE('',#825,#825,#111,.F.);
#1057=EDGE_CURVE('',#825,#826,#514,.T.);
#1058=EDGE_CURVE('',#826,#826,#112,.F.);
#1059=EDGE_CURVE('',#827,#827,#113,.T.);
#1060=EDGE_CURVE('',#828,#828,#114,.T.);
#1061=EDGE_CURVE('',#828,#827,#515,.T.);
#1062=ORIENTED_EDGE('',*,*,#829,.F.);
#1063=ORIENTED_EDGE('',*,*,#830,.F.);
#1064=ORIENTED_EDGE('',*,*,#831,.T.);
#1065=ORIENTED_EDGE('',*,*,#832,.F.);
#1066=ORIENTED_EDGE('',*,*,#833,.F.);
#1067=ORIENTED_EDGE('',*,*,#834,.F.);
#1068=ORIENTED_EDGE('',*,*,#835,.F.);
#1069=ORIENTED_EDGE('',*,*,#836,.F.);
#1070=ORIENTED_EDGE('',*,*,#837,.F.);
#1071=ORIENTED_EDGE('',*,*,#838,.F.);
#1072=ORIENTED_EDGE('',*,*,#839,.F.);
#1073=ORIENTED_EDGE('',*,*,#840,.T.);
#1074=ORIENTED_EDGE('',*,*,#841,.F.);
#1075=ORIENTED_EDGE('',*,*,#842,.F.);
#1076=ORIENTED_EDGE('',*,*,#840,.F.);
#1077=ORIENTED_EDGE('',*,*,#843,.F.);
#1078=ORIENTED_EDGE('',*,*,#844,.F.);
#1079=ORIENTED_EDGE('',*,*,#831,.F.);
#1080=ORIENTED_EDGE('',*,*,#845,.F.);
#1081=ORIENTED_EDGE('',*,*,#835,.T.);
#1082=ORIENTED_EDGE('',*,*,#846,.F.);
#1083=ORIENTED_EDGE('',*,*,#847,.F.);
#1084=ORIENTED_EDGE('',*,*,#838,.T.);
#1085=ORIENTED_EDGE('',*,*,#848,.F.);
#1086=ORIENTED_EDGE('',*,*,#846,.T.);
#1087=ORIENTED_EDGE('',*,*,#849,.F.);
#1088=ORIENTED_EDGE('',*,*,#850,.F.);
#1089=ORIENTED_EDGE('',*,*,#851,.F.);
#1090=ORIENTED_EDGE('',*,*,#833,.T.);
#1091=ORIENTED_EDGE('',*,*,#852,.F.);
#1092=ORIENTED_EDGE('',*,*,#853,.T.);
#1093=ORIENTED_EDGE('',*,*,#854,.F.);
#1094=ORIENTED_EDGE('',*,*,#841,.T.);
#1095=ORIENTED_EDGE('',*,*,#855,.F.);
#1096=ORIENTED_EDGE('',*,*,#856,.T.);
#1097=ORIENTED_EDGE('',*,*,#857,.F.);
#1098=ORIENTED_EDGE('',*,*,#858,.F.);
#1099=ORIENTED_EDGE('',*,*,#856,.F.);
#1100=ORIENTED_EDGE('',*,*,#859,.F.);
#1101=ORIENTED_EDGE('',*,*,#860,.T.);
#1102=ORIENTED_EDGE('',*,*,#829,.T.);
#1103=ORIENTED_EDGE('',*,*,#861,.F.);
#1104=ORIENTED_EDGE('',*,*,#860,.F.);
#1105=ORIENTED_EDGE('',*,*,#862,.F.);
#1106=ORIENTED_EDGE('',*,*,#863,.F.);
#1107=ORIENTED_EDGE('',*,*,#853,.F.);
#1108=ORIENTED_EDGE('',*,*,#864,.F.);
#1109=ORIENTED_EDGE('',*,*,#850,.T.);
#1110=ORIENTED_EDGE('',*,*,#865,.T.);
#1111=ORIENTED_EDGE('',*,*,#866,.T.);
#1112=ORIENTED_EDGE('',*,*,#867,.F.);
#1113=ORIENTED_EDGE('',*,*,#866,.F.);
#1114=ORIENTED_EDGE('',*,*,#865,.F.);
#1115=ORIENTED_EDGE('',*,*,#842,.T.);
#1116=ORIENTED_EDGE('',*,*,#857,.T.);
#1117=ORIENTED_EDGE('',*,*,#858,.T.);
#1118=ORIENTED_EDGE('',*,*,#861,.T.);
#1119=ORIENTED_EDGE('',*,*,#832,.T.);
#1120=ORIENTED_EDGE('',*,*,#844,.T.);
#1121=ORIENTED_EDGE('',*,*,#834,.T.);
#1122=ORIENTED_EDGE('',*,*,#854,.T.);
#1123=ORIENTED_EDGE('',*,*,#863,.T.);
#1124=ORIENTED_EDGE('',*,*,#849,.T.);
#1125=ORIENTED_EDGE('',*,*,#848,.T.);
#1126=ORIENTED_EDGE('',*,*,#837,.T.);
#1127=ORIENTED_EDGE('',*,*,#868,.F.);
#1128=ORIENTED_EDGE('',*,*,#869,.T.);
#1129=ORIENTED_EDGE('',*,*,#867,.T.);
#1130=ORIENTED_EDGE('',*,*,#870,.T.);
#1131=ORIENTED_EDGE('',*,*,#871,.T.);
#1132=ORIENTED_EDGE('',*,*,#872,.T.);
#1133=ORIENTED_EDGE('',*,*,#873,.T.);
#1134=ORIENTED_EDGE('',*,*,#874,.T.);
#1135=ORIENTED_EDGE('',*,*,#875,.T.);
#1136=ORIENTED_EDGE('',*,*,#876,.T.);
#1137=ORIENTED_EDGE('',*,*,#877,.T.);
#1138=ORIENTED_EDGE('',*,*,#878,.T.);
#1139=ORIENTED_EDGE('',*,*,#879,.T.);
#1140=ORIENTED_EDGE('',*,*,#880,.T.);
#1141=ORIENTED_EDGE('',*,*,#881,.T.);
#1142=ORIENTED_EDGE('',*,*,#875,.F.);
#1143=ORIENTED_EDGE('',*,*,#882,.F.);
#1144=ORIENTED_EDGE('',*,*,#883,.F.);
#1145=ORIENTED_EDGE('',*,*,#884,.T.);
#1146=ORIENTED_EDGE('',*,*,#874,.F.);
#1147=ORIENTED_EDGE('',*,*,#885,.F.);
#1148=ORIENTED_EDGE('',*,*,#886,.F.);
#1149=ORIENTED_EDGE('',*,*,#882,.T.);
#1150=ORIENTED_EDGE('',*,*,#873,.F.);
#1151=ORIENTED_EDGE('',*,*,#887,.F.);
#1152=ORIENTED_EDGE('',*,*,#888,.F.);
#1153=ORIENTED_EDGE('',*,*,#885,.T.);
#1154=ORIENTED_EDGE('',*,*,#872,.F.);
#1155=ORIENTED_EDGE('',*,*,#889,.F.);
#1156=ORIENTED_EDGE('',*,*,#890,.F.);
#1157=ORIENTED_EDGE('',*,*,#887,.T.);
#1158=ORIENTED_EDGE('',*,*,#871,.F.);
#1159=ORIENTED_EDGE('',*,*,#891,.F.);
#1160=ORIENTED_EDGE('',*,*,#892,.F.);
#1161=ORIENTED_EDGE('',*,*,#889,.T.);
#1162=ORIENTED_EDGE('',*,*,#870,.F.);
#1163=ORIENTED_EDGE('',*,*,#893,.F.);
#1164=ORIENTED_EDGE('',*,*,#894,.F.);
#1165=ORIENTED_EDGE('',*,*,#891,.T.);
#1166=ORIENTED_EDGE('',*,*,#881,.F.);
#1167=ORIENTED_EDGE('',*,*,#895,.F.);
#1168=ORIENTED_EDGE('',*,*,#896,.F.);
#1169=ORIENTED_EDGE('',*,*,#893,.T.);
#1170=ORIENTED_EDGE('',*,*,#880,.F.);
#1171=ORIENTED_EDGE('',*,*,#897,.F.);
#1172=ORIENTED_EDGE('',*,*,#898,.F.);
#1173=ORIENTED_EDGE('',*,*,#895,.T.);
#1174=ORIENTED_EDGE('',*,*,#879,.F.);
#1175=ORIENTED_EDGE('',*,*,#899,.F.);
#1176=ORIENTED_EDGE('',*,*,#900,.F.);
#1177=ORIENTED_EDGE('',*,*,#897,.T.);
#1178=ORIENTED_EDGE('',*,*,#878,.F.);
#1179=ORIENTED_EDGE('',*,*,#901,.F.);
#1180=ORIENTED_EDGE('',*,*,#902,.F.);
#1181=ORIENTED_EDGE('',*,*,#899,.T.);
#1182=ORIENTED_EDGE('',*,*,#877,.F.);
#1183=ORIENTED_EDGE('',*,*,#903,.F.);
#1184=ORIENTED_EDGE('',*,*,#904,.F.);
#1185=ORIENTED_EDGE('',*,*,#901,.T.);
#1186=ORIENTED_EDGE('',*,*,#876,.F.);
#1187=ORIENTED_EDGE('',*,*,#884,.F.);
#1188=ORIENTED_EDGE('',*,*,#905,.F.);
#1189=ORIENTED_EDGE('',*,*,#903,.T.);
#1190=ORIENTED_EDGE('',*,*,#906,.T.);
#1191=ORIENTED_EDGE('',*,*,#907,.F.);
#1192=ORIENTED_EDGE('',*,*,#908,.F.);
#1193=ORIENTED_EDGE('',*,*,#909,.T.);
#1194=ORIENTED_EDGE('',*,*,#910,.T.);
#1195=ORIENTED_EDGE('',*,*,#911,.F.);
#1196=ORIENTED_EDGE('',*,*,#912,.F.);
#1197=ORIENTED_EDGE('',*,*,#907,.T.);
#1198=ORIENTED_EDGE('',*,*,#913,.T.);
#1199=ORIENTED_EDGE('',*,*,#914,.F.);
#1200=ORIENTED_EDGE('',*,*,#915,.F.);
#1201=ORIENTED_EDGE('',*,*,#911,.T.);
#1202=ORIENTED_EDGE('',*,*,#916,.T.);
#1203=ORIENTED_EDGE('',*,*,#909,.F.);
#1204=ORIENTED_EDGE('',*,*,#917,.F.);
#1205=ORIENTED_EDGE('',*,*,#914,.T.);
#1206=ORIENTED_EDGE('',*,*,#906,.F.);
#1207=ORIENTED_EDGE('',*,*,#916,.F.);
#1208=ORIENTED_EDGE('',*,*,#913,.F.);
#1209=ORIENTED_EDGE('',*,*,#910,.F.);
#1210=ORIENTED_EDGE('',*,*,#918,.T.);
#1211=ORIENTED_EDGE('',*,*,#919,.F.);
#1212=ORIENTED_EDGE('',*,*,#920,.T.);
#1213=ORIENTED_EDGE('',*,*,#920,.F.);
#1214=ORIENTED_EDGE('',*,*,#921,.F.);
#1215=ORIENTED_EDGE('',*,*,#922,.T.);
#1216=ORIENTED_EDGE('',*,*,#923,.T.);
#1217=ORIENTED_EDGE('',*,*,#924,.T.);
#1218=ORIENTED_EDGE('',*,*,#921,.T.);
#1219=ORIENTED_EDGE('',*,*,#919,.T.);
#1220=ORIENTED_EDGE('',*,*,#925,.T.);
#1221=ORIENTED_EDGE('',*,*,#926,.T.);
#1222=ORIENTED_EDGE('',*,*,#927,.T.);
#1223=ORIENTED_EDGE('',*,*,#922,.F.);
#1224=ORIENTED_EDGE('',*,*,#928,.T.);
#1225=ORIENTED_EDGE('',*,*,#929,.T.);
#1226=ORIENTED_EDGE('',*,*,#930,.T.);
#1227=ORIENTED_EDGE('',*,*,#918,.F.);
#1228=ORIENTED_EDGE('',*,*,#931,.T.);
#1229=ORIENTED_EDGE('',*,*,#928,.F.);
#1230=ORIENTED_EDGE('',*,*,#924,.F.);
#1231=ORIENTED_EDGE('',*,*,#932,.F.);
#1232=ORIENTED_EDGE('',*,*,#933,.T.);
#1233=ORIENTED_EDGE('',*,*,#934,.F.);
#1234=ORIENTED_EDGE('',*,*,#935,.T.);
#1235=ORIENTED_EDGE('',*,*,#936,.T.);
#1236=ORIENTED_EDGE('',*,*,#936,.F.);
#1237=ORIENTED_EDGE('',*,*,#937,.T.);
#1238=ORIENTED_EDGE('',*,*,#938,.T.);
#1239=ORIENTED_EDGE('',*,*,#939,.T.);
#1240=ORIENTED_EDGE('',*,*,#934,.T.);
#1241=ORIENTED_EDGE('',*,*,#940,.T.);
#1242=ORIENTED_EDGE('',*,*,#941,.T.);
#1243=ORIENTED_EDGE('',*,*,#942,.T.);
#1244=ORIENTED_EDGE('',*,*,#937,.F.);
#1245=ORIENTED_EDGE('',*,*,#935,.F.);
#1246=ORIENTED_EDGE('',*,*,#943,.T.);
#1247=ORIENTED_EDGE('',*,*,#944,.T.);
#1248=ORIENTED_EDGE('',*,*,#945,.T.);
#1249=ORIENTED_EDGE('',*,*,#933,.F.);
#1250=ORIENTED_EDGE('',*,*,#946,.T.);
#1251=ORIENTED_EDGE('',*,*,#946,.F.);
#1252=ORIENTED_EDGE('',*,*,#942,.F.);
#1253=ORIENTED_EDGE('',*,*,#947,.F.);
#1254=ORIENTED_EDGE('',*,*,#943,.F.);
#1255=ORIENTED_EDGE('',*,*,#939,.F.);
#1256=ORIENTED_EDGE('',*,*,#948,.F.);
#1257=ORIENTED_EDGE('',*,*,#945,.F.);
#1258=ORIENTED_EDGE('',*,*,#949,.F.);
#1259=ORIENTED_EDGE('',*,*,#940,.F.);
#1260=ORIENTED_EDGE('',*,*,#930,.F.);
#1261=ORIENTED_EDGE('',*,*,#950,.F.);
#1262=ORIENTED_EDGE('',*,*,#925,.F.);
#1263=ORIENTED_EDGE('',*,*,#927,.F.);
#1264=ORIENTED_EDGE('',*,*,#951,.F.);
#1265=ORIENTED_EDGE('',*,*,#931,.F.);
#1266=ORIENTED_EDGE('',*,*,#952,.F.);
#1267=ORIENTED_EDGE('',*,*,#953,.F.);
#1268=ORIENTED_EDGE('',*,*,#954,.F.);
#1269=ORIENTED_EDGE('',*,*,#955,.F.);
#1270=ORIENTED_EDGE('',*,*,#956,.F.);
#1271=ORIENTED_EDGE('',*,*,#952,.T.);
#1272=ORIENTED_EDGE('',*,*,#957,.F.);
#1273=ORIENTED_EDGE('',*,*,#958,.F.);
#1274=ORIENTED_EDGE('',*,*,#959,.T.);
#1275=ORIENTED_EDGE('',*,*,#955,.T.);
#1276=ORIENTED_EDGE('',*,*,#960,.F.);
#1277=ORIENTED_EDGE('',*,*,#961,.F.);
#1278=ORIENTED_EDGE('',*,*,#957,.T.);
#1279=ORIENTED_EDGE('',*,*,#954,.T.);
#1280=ORIENTED_EDGE('',*,*,#962,.F.);
#1281=ORIENTED_EDGE('',*,*,#963,.F.);
#1282=ORIENTED_EDGE('',*,*,#960,.T.);
#1283=ORIENTED_EDGE('',*,*,#953,.T.);
#1284=ORIENTED_EDGE('',*,*,#959,.F.);
#1285=ORIENTED_EDGE('',*,*,#964,.F.);
#1286=ORIENTED_EDGE('',*,*,#962,.T.);
#1287=ORIENTED_EDGE('',*,*,#965,.F.);
#1288=ORIENTED_EDGE('',*,*,#966,.F.);
#1289=ORIENTED_EDGE('',*,*,#967,.F.);
#1290=ORIENTED_EDGE('',*,*,#968,.F.);
#1291=ORIENTED_EDGE('',*,*,#969,.F.);
#1292=ORIENTED_EDGE('',*,*,#965,.T.);
#1293=ORIENTED_EDGE('',*,*,#970,.F.);
#1294=ORIENTED_EDGE('',*,*,#971,.F.);
#1295=ORIENTED_EDGE('',*,*,#972,.T.);
#1296=ORIENTED_EDGE('',*,*,#968,.T.);
#1297=ORIENTED_EDGE('',*,*,#973,.F.);
#1298=ORIENTED_EDGE('',*,*,#974,.F.);
#1299=ORIENTED_EDGE('',*,*,#970,.T.);
#1300=ORIENTED_EDGE('',*,*,#967,.T.);
#1301=ORIENTED_EDGE('',*,*,#975,.F.);
#1302=ORIENTED_EDGE('',*,*,#976,.F.);
#1303=ORIENTED_EDGE('',*,*,#973,.T.);
#1304=ORIENTED_EDGE('',*,*,#966,.T.);
#1305=ORIENTED_EDGE('',*,*,#972,.F.);
#1306=ORIENTED_EDGE('',*,*,#977,.F.);
#1307=ORIENTED_EDGE('',*,*,#975,.T.);
#1308=ORIENTED_EDGE('',*,*,#978,.F.);
#1309=ORIENTED_EDGE('',*,*,#979,.F.);
#1310=ORIENTED_EDGE('',*,*,#978,.T.);
#1311=ORIENTED_EDGE('',*,*,#980,.T.);
#1312=ORIENTED_EDGE('',*,*,#956,.T.);
#1313=ORIENTED_EDGE('',*,*,#980,.F.);
#1314=ORIENTED_EDGE('',*,*,#981,.F.);
#1315=ORIENTED_EDGE('',*,*,#982,.F.);
#1316=ORIENTED_EDGE('',*,*,#981,.T.);
#1317=ORIENTED_EDGE('',*,*,#983,.T.);
#1318=ORIENTED_EDGE('',*,*,#969,.T.);
#1319=ORIENTED_EDGE('',*,*,#983,.F.);
#1320=ORIENTED_EDGE('',*,*,#984,.T.);
#1321=ORIENTED_EDGE('',*,*,#985,.T.);
#1322=ORIENTED_EDGE('',*,*,#979,.T.);
#1323=ORIENTED_EDGE('',*,*,#985,.F.);
#1324=ORIENTED_EDGE('',*,*,#984,.F.);
#1325=ORIENTED_EDGE('',*,*,#986,.T.);
#1326=ORIENTED_EDGE('',*,*,#987,.T.);
#1327=ORIENTED_EDGE('',*,*,#982,.T.);
#1328=ORIENTED_EDGE('',*,*,#987,.F.);
#1329=ORIENTED_EDGE('',*,*,#986,.F.);
#1330=ORIENTED_EDGE('',*,*,#988,.T.);
#1331=ORIENTED_EDGE('',*,*,#989,.F.);
#1332=ORIENTED_EDGE('',*,*,#990,.F.);
#1333=ORIENTED_EDGE('',*,*,#991,.T.);
#1334=ORIENTED_EDGE('',*,*,#992,.T.);
#1335=ORIENTED_EDGE('',*,*,#993,.F.);
#1336=ORIENTED_EDGE('',*,*,#994,.F.);
#1337=ORIENTED_EDGE('',*,*,#995,.T.);
#1338=ORIENTED_EDGE('',*,*,#996,.F.);
#1339=ORIENTED_EDGE('',*,*,#992,.F.);
#1340=ORIENTED_EDGE('',*,*,#997,.F.);
#1341=ORIENTED_EDGE('',*,*,#988,.F.);
#1342=ORIENTED_EDGE('',*,*,#998,.T.);
#1343=ORIENTED_EDGE('',*,*,#999,.F.);
#1344=ORIENTED_EDGE('',*,*,#1000,.F.);
#1345=ORIENTED_EDGE('',*,*,#1001,.T.);
#1346=ORIENTED_EDGE('',*,*,#1002,.T.);
#1347=ORIENTED_EDGE('',*,*,#1003,.F.);
#1348=ORIENTED_EDGE('',*,*,#1004,.F.);
#1349=ORIENTED_EDGE('',*,*,#1005,.T.);
#1350=ORIENTED_EDGE('',*,*,#1006,.F.);
#1351=ORIENTED_EDGE('',*,*,#1002,.F.);
#1352=ORIENTED_EDGE('',*,*,#1007,.F.);
#1353=ORIENTED_EDGE('',*,*,#998,.F.);
#1354=ORIENTED_EDGE('',*,*,#1008,.T.);
#1355=ORIENTED_EDGE('',*,*,#1009,.F.);
#1356=ORIENTED_EDGE('',*,*,#1010,.F.);
#1357=ORIENTED_EDGE('',*,*,#1011,.T.);
#1358=ORIENTED_EDGE('',*,*,#1012,.T.);
#1359=ORIENTED_EDGE('',*,*,#1013,.F.);
#1360=ORIENTED_EDGE('',*,*,#1014,.F.);
#1361=ORIENTED_EDGE('',*,*,#1015,.T.);
#1362=ORIENTED_EDGE('',*,*,#1016,.F.);
#1363=ORIENTED_EDGE('',*,*,#1012,.F.);
#1364=ORIENTED_EDGE('',*,*,#1017,.F.);
#1365=ORIENTED_EDGE('',*,*,#1008,.F.);
#1366=ORIENTED_EDGE('',*,*,#1018,.T.);
#1367=ORIENTED_EDGE('',*,*,#1019,.F.);
#1368=ORIENTED_EDGE('',*,*,#1020,.F.);
#1369=ORIENTED_EDGE('',*,*,#1021,.T.);
#1370=ORIENTED_EDGE('',*,*,#1022,.T.);
#1371=ORIENTED_EDGE('',*,*,#1023,.F.);
#1372=ORIENTED_EDGE('',*,*,#1024,.F.);
#1373=ORIENTED_EDGE('',*,*,#1025,.T.);
#1374=ORIENTED_EDGE('',*,*,#1026,.F.);
#1375=ORIENTED_EDGE('',*,*,#1022,.F.);
#1376=ORIENTED_EDGE('',*,*,#1027,.F.);
#1377=ORIENTED_EDGE('',*,*,#1018,.F.);
#1378=ORIENTED_EDGE('',*,*,#1010,.T.);
#1379=ORIENTED_EDGE('',*,*,#1028,.T.);
#1380=ORIENTED_EDGE('',*,*,#1024,.T.);
#1381=ORIENTED_EDGE('',*,*,#1029,.T.);
#1382=ORIENTED_EDGE('',*,*,#1000,.T.);
#1383=ORIENTED_EDGE('',*,*,#1030,.T.);
#1384=ORIENTED_EDGE('',*,*,#1014,.T.);
#1385=ORIENTED_EDGE('',*,*,#1031,.T.);
#1386=ORIENTED_EDGE('',*,*,#990,.T.);
#1387=ORIENTED_EDGE('',*,*,#1032,.T.);
#1388=ORIENTED_EDGE('',*,*,#1004,.T.);
#1389=ORIENTED_EDGE('',*,*,#1033,.T.);
#1390=ORIENTED_EDGE('',*,*,#994,.T.);
#1391=ORIENTED_EDGE('',*,*,#1034,.T.);
#1392=ORIENTED_EDGE('',*,*,#1020,.T.);
#1393=ORIENTED_EDGE('',*,*,#1035,.T.);
#1394=ORIENTED_EDGE('',*,*,#1036,.F.);
#1395=ORIENTED_EDGE('',*,*,#1037,.T.);
#1396=ORIENTED_EDGE('',*,*,#1038,.F.);
#1397=ORIENTED_EDGE('',*,*,#1037,.F.);
#1398=ORIENTED_EDGE('',*,*,#1039,.F.);
#1399=ORIENTED_EDGE('',*,*,#883,.T.);
#1400=ORIENTED_EDGE('',*,*,#886,.T.);
#1401=ORIENTED_EDGE('',*,*,#888,.T.);
#1402=ORIENTED_EDGE('',*,*,#890,.T.);
#1403=ORIENTED_EDGE('',*,*,#892,.T.);
#1404=ORIENTED_EDGE('',*,*,#894,.T.);
#1405=ORIENTED_EDGE('',*,*,#896,.T.);
#1406=ORIENTED_EDGE('',*,*,#898,.T.);
#1407=ORIENTED_EDGE('',*,*,#900,.T.);
#1408=ORIENTED_EDGE('',*,*,#902,.T.);
#1409=ORIENTED_EDGE('',*,*,#904,.T.);
#1410=ORIENTED_EDGE('',*,*,#905,.T.);
#1411=ORIENTED_EDGE('',*,*,#908,.T.);
#1412=ORIENTED_EDGE('',*,*,#912,.T.);
#1413=ORIENTED_EDGE('',*,*,#915,.T.);
#1414=ORIENTED_EDGE('',*,*,#917,.T.);
#1415=ORIENTED_EDGE('',*,*,#948,.T.);
#1416=ORIENTED_EDGE('',*,*,#938,.F.);
#1417=ORIENTED_EDGE('',*,*,#949,.T.);
#1418=ORIENTED_EDGE('',*,*,#944,.F.);
#1419=ORIENTED_EDGE('',*,*,#947,.T.);
#1420=ORIENTED_EDGE('',*,*,#941,.F.);
#1421=ORIENTED_EDGE('',*,*,#950,.T.);
#1422=ORIENTED_EDGE('',*,*,#929,.F.);
#1423=ORIENTED_EDGE('',*,*,#951,.T.);
#1424=ORIENTED_EDGE('',*,*,#926,.F.);
#1425=ORIENTED_EDGE('',*,*,#932,.T.);
#1426=ORIENTED_EDGE('',*,*,#923,.F.);
#1427=ORIENTED_EDGE('',*,*,#958,.T.);
#1428=ORIENTED_EDGE('',*,*,#961,.T.);
#1429=ORIENTED_EDGE('',*,*,#963,.T.);
#1430=ORIENTED_EDGE('',*,*,#964,.T.);
#1431=ORIENTED_EDGE('',*,*,#971,.T.);
#1432=ORIENTED_EDGE('',*,*,#974,.T.);
#1433=ORIENTED_EDGE('',*,*,#976,.T.);
#1434=ORIENTED_EDGE('',*,*,#977,.T.);
#1435=ORIENTED_EDGE('',*,*,#1038,.T.);
#1436=ORIENTED_EDGE('',*,*,#1036,.T.);
#1437=ORIENTED_EDGE('',*,*,#1040,.T.);
#1438=ORIENTED_EDGE('',*,*,#1041,.T.);
#1439=ORIENTED_EDGE('',*,*,#1042,.F.);
#1440=ORIENTED_EDGE('',*,*,#1041,.F.);
#1441=ORIENTED_EDGE('',*,*,#1040,.F.);
#1442=ORIENTED_EDGE('',*,*,#869,.F.);
#1443=ORIENTED_EDGE('',*,*,#1043,.T.);
#1444=ORIENTED_EDGE('',*,*,#1044,.F.);
#1445=ORIENTED_EDGE('',*,*,#1043,.F.);
#1446=ORIENTED_EDGE('',*,*,#1045,.T.);
#1447=ORIENTED_EDGE('',*,*,#1042,.T.);
#1448=ORIENTED_EDGE('',*,*,#1045,.F.);
#1449=ORIENTED_EDGE('',*,*,#1046,.T.);
#1450=ORIENTED_EDGE('',*,*,#1047,.F.);
#1451=ORIENTED_EDGE('',*,*,#1046,.F.);
#1452=ORIENTED_EDGE('',*,*,#1028,.F.);
#1453=ORIENTED_EDGE('',*,*,#1048,.T.);
#1454=ORIENTED_EDGE('',*,*,#1039,.T.);
#1455=ORIENTED_EDGE('',*,*,#1048,.F.);
#1456=ORIENTED_EDGE('',*,*,#1009,.T.);
#1457=ORIENTED_EDGE('',*,*,#1017,.T.);
#1458=ORIENTED_EDGE('',*,*,#1015,.F.);
#1459=ORIENTED_EDGE('',*,*,#1030,.F.);
#1460=ORIENTED_EDGE('',*,*,#999,.T.);
#1461=ORIENTED_EDGE('',*,*,#1007,.T.);
#1462=ORIENTED_EDGE('',*,*,#1005,.F.);
#1463=ORIENTED_EDGE('',*,*,#1032,.F.);
#1464=ORIENTED_EDGE('',*,*,#989,.T.);
#1465=ORIENTED_EDGE('',*,*,#997,.T.);
#1466=ORIENTED_EDGE('',*,*,#995,.F.);
#1467=ORIENTED_EDGE('',*,*,#1035,.F.);
#1468=ORIENTED_EDGE('',*,*,#1019,.T.);
#1469=ORIENTED_EDGE('',*,*,#1027,.T.);
#1470=ORIENTED_EDGE('',*,*,#1025,.F.);
#1471=ORIENTED_EDGE('',*,*,#1047,.T.);
#1472=ORIENTED_EDGE('',*,*,#1044,.T.);
#1473=ORIENTED_EDGE('',*,*,#1049,.F.);
#1474=ORIENTED_EDGE('',*,*,#1050,.T.);
#1475=ORIENTED_EDGE('',*,*,#1051,.T.);
#1476=ORIENTED_EDGE('',*,*,#1052,.T.);
#1477=ORIENTED_EDGE('',*,*,#1050,.F.);
#1478=ORIENTED_EDGE('',*,*,#1052,.F.);
#1479=ORIENTED_EDGE('',*,*,#1053,.F.);
#1480=ORIENTED_EDGE('',*,*,#1051,.F.);
#1481=ORIENTED_EDGE('',*,*,#868,.T.);
#1482=ORIENTED_EDGE('',*,*,#1054,.T.);
#1483=ORIENTED_EDGE('',*,*,#1053,.T.);
#1484=ORIENTED_EDGE('',*,*,#1054,.F.);
#1485=ORIENTED_EDGE('',*,*,#1049,.T.);
#1486=ORIENTED_EDGE('',*,*,#1055,.T.);
#1487=ORIENTED_EDGE('',*,*,#1029,.F.);
#1488=ORIENTED_EDGE('',*,*,#1023,.T.);
#1489=ORIENTED_EDGE('',*,*,#1026,.T.);
#1490=ORIENTED_EDGE('',*,*,#1021,.F.);
#1491=ORIENTED_EDGE('',*,*,#1034,.F.);
#1492=ORIENTED_EDGE('',*,*,#993,.T.);
#1493=ORIENTED_EDGE('',*,*,#996,.T.);
#1494=ORIENTED_EDGE('',*,*,#991,.F.);
#1495=ORIENTED_EDGE('',*,*,#1033,.F.);
#1496=ORIENTED_EDGE('',*,*,#1003,.T.);
#1497=ORIENTED_EDGE('',*,*,#1006,.T.);
#1498=ORIENTED_EDGE('',*,*,#1001,.F.);
#1499=ORIENTED_EDGE('',*,*,#1031,.F.);
#1500=ORIENTED_EDGE('',*,*,#1013,.T.);
#1501=ORIENTED_EDGE('',*,*,#1016,.T.);
#1502=ORIENTED_EDGE('',*,*,#1011,.F.);
#1503=ORIENTED_EDGE('',*,*,#1055,.F.);
#1504=ORIENTED_EDGE('',*,*,#839,.T.);
#1505=ORIENTED_EDGE('',*,*,#847,.T.);
#1506=ORIENTED_EDGE('',*,*,#851,.T.);
#1507=ORIENTED_EDGE('',*,*,#864,.T.);
#1508=ORIENTED_EDGE('',*,*,#852,.T.);
#1509=ORIENTED_EDGE('',*,*,#836,.T.);
#1510=ORIENTED_EDGE('',*,*,#845,.T.);
#1511=ORIENTED_EDGE('',*,*,#830,.T.);
#1512=ORIENTED_EDGE('',*,*,#862,.T.);
#1513=ORIENTED_EDGE('',*,*,#859,.T.);
#1514=ORIENTED_EDGE('',*,*,#855,.T.);
#1515=ORIENTED_EDGE('',*,*,#843,.T.);
#1516=ORIENTED_EDGE('',*,*,#1056,.T.);
#1517=ORIENTED_EDGE('',*,*,#1057,.T.);
#1518=ORIENTED_EDGE('',*,*,#1058,.F.);
#1519=ORIENTED_EDGE('',*,*,#1057,.F.);
#1520=ORIENTED_EDGE('',*,*,#1059,.T.);
#1521=ORIENTED_EDGE('',*,*,#1056,.F.);
#1522=ORIENTED_EDGE('',*,*,#1058,.T.);
#1523=ORIENTED_EDGE('',*,*,#1060,.T.);
#1524=ORIENTED_EDGE('',*,*,#1061,.T.);
#1525=ORIENTED_EDGE('',*,*,#1059,.F.);
#1526=ORIENTED_EDGE('',*,*,#1061,.F.);
#1527=ORIENTED_EDGE('',*,*,#1060,.F.);
#1528=PLANE('',#1802);
#1529=PLANE('',#1803);
#1530=PLANE('',#1804);
#1531=PLANE('',#1805);
#1532=PLANE('',#1806);
#1533=PLANE('',#1807);
#1534=PLANE('',#1808);
#1535=PLANE('',#1809);
#1536=PLANE('',#1810);
#1537=PLANE('',#1811);
#1538=PLANE('',#1812);
#1539=PLANE('',#1813);
#1540=PLANE('',#1817);
#1541=PLANE('',#1818);
#1542=PLANE('',#1821);
#1543=PLANE('',#1822);
#1544=PLANE('',#1823);
#1545=PLANE('',#1824);
#1546=PLANE('',#1825);
#1547=PLANE('',#1826);
#1548=PLANE('',#1827);
#1549=PLANE('',#1828);
#1550=PLANE('',#1829);
#1551=PLANE('',#1830);
#1552=PLANE('',#1831);
#1553=PLANE('',#1832);
#1554=PLANE('',#1833);
#1555=PLANE('',#1834);
#1556=PLANE('',#1835);
#1557=PLANE('',#1836);
#1558=PLANE('',#1837);
#1559=PLANE('',#1838);
#1560=PLANE('',#1857);
#1561=PLANE('',#1860);
#1562=PLANE('',#1861);
#1563=PLANE('',#1862);
#1564=PLANE('',#1863);
#1565=PLANE('',#1866);
#1566=PLANE('',#1867);
#1567=PLANE('',#1870);
#1568=PLANE('',#1871);
#1569=PLANE('',#1876);
#1570=PLANE('',#1877);
#1571=PLANE('',#1878);
#1572=PLANE('',#1879);
#1573=PLANE('',#1883);
#1574=PLANE('',#1889);
#1575=PLANE('',#1892);
#1576=PLANE('',#1893);
#1577=PLANE('',#1894);
#1578=PLANE('',#1895);
#1579=PLANE('',#1898);
#1580=PLANE('',#1899);
#1581=PLANE('',#1900);
#1582=PLANE('',#1903);
#1583=PLANE('',#1904);
#1584=PLANE('',#1905);
#1585=PLANE('',#1908);
#1586=PLANE('',#1909);
#1587=PLANE('',#1910);
#1588=PLANE('',#1913);
#1589=PLANE('',#1916);
#1590=PLANE('',#1919);
#1591=PLANE('',#1922);
#1592=PLANE('',#1928);
#1593=PLANE('',#1930);
#1594=PLANE('',#1934);
#1595=PLANE('',#1937);
#1596=PLANE('',#1942);
#1597=PLANE('',#1943);
#1598=PLANE('',#1948);
#1599=PLANE('',#1952);
#1600=PLANE('',#1956);
#1601=PLANE('',#1958);
#1602=PLANE('',#1961);
#1603=STYLED_ITEM('',(#3106),#1675);
#1604=STYLED_ITEM('',(#3106),#1676);
#1605=STYLED_ITEM('',(#3106),#1677);
#1606=STYLED_ITEM('',(#3106),#1678);
#1607=STYLED_ITEM('',(#3106),#1679);
#1608=STYLED_ITEM('',(#3106),#1680);
#1609=STYLED_ITEM('',(#3106),#1681);
#1610=STYLED_ITEM('',(#3106),#1682);
#1611=STYLED_ITEM('',(#3106),#1683);
#1612=STYLED_ITEM('',(#3106),#1684);
#1613=STYLED_ITEM('',(#3106),#1685);
#1614=STYLED_ITEM('',(#3106),#1686);
#1615=STYLED_ITEM('',(#3106),#1687);
#1616=STYLED_ITEM('',(#3106),#1688);
#1617=STYLED_ITEM('',(#3107),#1690);
#1618=STYLED_ITEM('',(#3107),#1691);
#1619=STYLED_ITEM('',(#3107),#1692);
#1620=STYLED_ITEM('',(#3107),#1693);
#1621=STYLED_ITEM('',(#3107),#1694);
#1622=STYLED_ITEM('',(#3107),#1695);
#1623=STYLED_ITEM('',(#3107),#1696);
#1624=STYLED_ITEM('',(#3107),#1697);
#1625=STYLED_ITEM('',(#3107),#1698);
#1626=STYLED_ITEM('',(#3107),#1699);
#1627=STYLED_ITEM('',(#3107),#1700);
#1628=STYLED_ITEM('',(#3107),#1701);
#1629=STYLED_ITEM('',(#3107),#1702);
#1630=STYLED_ITEM('',(#3107),#1703);
#1631=STYLED_ITEM('',(#3107),#1704);
#1632=STYLED_ITEM('',(#3107),#1705);
#1633=STYLED_ITEM('',(#3107),#1706);
#1634=STYLED_ITEM('',(#3107),#1707);
#1635=STYLED_ITEM('',(#3108),#1708);
#1636=STYLED_ITEM('',(#3108),#1709);
#1637=STYLED_ITEM('',(#3108),#1710);
#1638=STYLED_ITEM('',(#3108),#1711);
#1639=STYLED_ITEM('',(#3108),#1712);
#1640=STYLED_ITEM('',(#3108),#1713);
#1641=STYLED_ITEM('',(#3108),#1714);
#1642=STYLED_ITEM('',(#3108),#1715);
#1643=STYLED_ITEM('',(#3108),#1716);
#1644=STYLED_ITEM('',(#3108),#1717);
#1645=STYLED_ITEM('',(#3108),#1718);
#1646=STYLED_ITEM('',(#3108),#1719);
#1647=STYLED_ITEM('',(#3108),#1720);
#1648=STYLED_ITEM('',(#3108),#1721);
#1649=STYLED_ITEM('',(#3108),#1722);
#1650=STYLED_ITEM('',(#3108),#1723);
#1651=STYLED_ITEM('',(#3108),#1724);
#1652=STYLED_ITEM('',(#3108),#1725);
#1653=STYLED_ITEM('',(#3108),#1726);
#1654=STYLED_ITEM('',(#3108),#1727);
#1655=STYLED_ITEM('',(#3108),#1728);
#1656=STYLED_ITEM('',(#3108),#1729);
#1657=STYLED_ITEM('',(#3108),#1730);
#1658=STYLED_ITEM('',(#3108),#1731);
#1659=STYLED_ITEM('',(#3107),#1732);
#1660=STYLED_ITEM('',(#3107),#1733);
#1661=STYLED_ITEM('',(#3107),#1734);
#1662=STYLED_ITEM('',(#3107),#1735);
#1663=STYLED_ITEM('',(#3107),#1736);
#1664=STYLED_ITEM('',(#3107),#1737);
#1665=STYLED_ITEM('',(#3107),#1738);
#1666=STYLED_ITEM('',(#3107),#1739);
#1667=STYLED_ITEM('',(#3109),#1756);
#1668=STYLED_ITEM('',(#3109),#1757);
#1669=STYLED_ITEM('',(#3108),#1758);
#1670=STYLED_ITEM('',(#3108),#1759);
#1671=STYLED_ITEM('',(#3108),#1760);
#1672=STYLED_ITEM('',(#3108),#1774);
#1673=STYLED_ITEM('',(#3108),#1776);
#1674=STYLED_ITEM('',(#3105),#1779);
#1675=ADVANCED_FACE('',(#134),#1528,.F.);
#1676=ADVANCED_FACE('',(#135),#1529,.F.);
#1677=ADVANCED_FACE('',(#136),#1530,.F.);
#1678=ADVANCED_FACE('',(#137),#1531,.F.);
#1679=ADVANCED_FACE('',(#138),#1532,.F.);
#1680=ADVANCED_FACE('',(#139),#1533,.F.);
#1681=ADVANCED_FACE('',(#140),#1534,.F.);
#1682=ADVANCED_FACE('',(#141),#1535,.F.);
#1683=ADVANCED_FACE('',(#142),#1536,.F.);
#1684=ADVANCED_FACE('',(#143),#1537,.F.);
#1685=ADVANCED_FACE('',(#144),#1538,.F.);
#1686=ADVANCED_FACE('',(#145),#1539,.F.);
#1687=ADVANCED_FACE('',(#146),#115,.T.);
#1688=ADVANCED_FACE('',(#147,#36),#1540,.F.);
#1689=ADVANCED_FACE('',(#148,#37,#38),#1541,.F.);
#1690=ADVANCED_FACE('',(#149),#1542,.F.);
#1691=ADVANCED_FACE('',(#150),#1543,.T.);
#1692=ADVANCED_FACE('',(#151),#1544,.T.);
#1693=ADVANCED_FACE('',(#152),#1545,.T.);
#1694=ADVANCED_FACE('',(#153),#1546,.T.);
#1695=ADVANCED_FACE('',(#154),#1547,.T.);
#1696=ADVANCED_FACE('',(#155),#1548,.T.);
#1697=ADVANCED_FACE('',(#156),#1549,.T.);
#1698=ADVANCED_FACE('',(#157),#1550,.T.);
#1699=ADVANCED_FACE('',(#158),#1551,.T.);
#1700=ADVANCED_FACE('',(#159),#1552,.T.);
#1701=ADVANCED_FACE('',(#160),#1553,.T.);
#1702=ADVANCED_FACE('',(#161),#1554,.T.);
#1703=ADVANCED_FACE('',(#162),#1555,.T.);
#1704=ADVANCED_FACE('',(#163),#1556,.T.);
#1705=ADVANCED_FACE('',(#164),#1557,.T.);
#1706=ADVANCED_FACE('',(#165),#1558,.T.);
#1707=ADVANCED_FACE('',(#166),#1559,.F.);
#1708=ADVANCED_FACE('',(#167),#34,.T.);
#1709=ADVANCED_FACE('',(#168),#30,.F.);
#1710=ADVANCED_FACE('',(#169),#31,.F.);
#1711=ADVANCED_FACE('',(#170),#116,.T.);
#1712=ADVANCED_FACE('',(#171),#14,.T.);
#1713=ADVANCED_FACE('',(#172),#35,.T.);
#1714=ADVANCED_FACE('',(#173),#32,.F.);
#1715=ADVANCED_FACE('',(#174),#33,.F.);
#1716=ADVANCED_FACE('',(#175),#117,.T.);
#1717=ADVANCED_FACE('',(#176),#1560,.T.);
#1718=ADVANCED_FACE('',(#177),#15,.T.);
#1719=ADVANCED_FACE('',(#178),#1561,.T.);
#1720=ADVANCED_FACE('',(#179),#1562,.T.);
#1721=ADVANCED_FACE('',(#180),#1563,.T.);
#1722=ADVANCED_FACE('',(#181,#39),#1564,.F.);
#1723=ADVANCED_FACE('',(#182),#1565,.T.);
#1724=ADVANCED_FACE('',(#183),#1566,.T.);
#1725=ADVANCED_FACE('',(#184),#118,.T.);
#1726=ADVANCED_FACE('',(#185),#1567,.T.);
#1727=ADVANCED_FACE('',(#186,#40),#1568,.F.);
#1728=ADVANCED_FACE('',(#187),#119,.T.);
#1729=ADVANCED_FACE('',(#188),#1569,.T.);
#1730=ADVANCED_FACE('',(#189),#1570,.T.);
#1731=ADVANCED_FACE('',(#190),#1571,.T.);
#1732=ADVANCED_FACE('',(#191,#41),#1572,.F.);
#1733=ADVANCED_FACE('',(#192),#120,.T.);
#1734=ADVANCED_FACE('',(#193,#42),#1573,.F.);
#1735=ADVANCED_FACE('',(#194),#121,.T.);
#1736=ADVANCED_FACE('',(#195),#122,.T.);
#1737=ADVANCED_FACE('',(#196),#1574,.F.);
#1738=ADVANCED_FACE('',(#197),#123,.T.);
#1739=ADVANCED_FACE('',(#198),#1575,.F.);
#1740=ADVANCED_FACE('',(#199),#1576,.T.);
#1741=ADVANCED_FACE('',(#200),#1577,.T.);
#1742=ADVANCED_FACE('',(#201),#1578,.F.);
#1743=ADVANCED_FACE('',(#202),#1579,.T.);
#1744=ADVANCED_FACE('',(#203),#1580,.T.);
#1745=ADVANCED_FACE('',(#204),#1581,.F.);
#1746=ADVANCED_FACE('',(#205),#1582,.T.);
#1747=ADVANCED_FACE('',(#206),#1583,.T.);
#1748=ADVANCED_FACE('',(#207),#1584,.F.);
#1749=ADVANCED_FACE('',(#208),#1585,.T.);
#1750=ADVANCED_FACE('',(#209),#1586,.T.);
#1751=ADVANCED_FACE('',(#210),#1587,.F.);
#1752=ADVANCED_FACE('',(#211),#1588,.T.);
#1753=ADVANCED_FACE('',(#212),#1589,.T.);
#1754=ADVANCED_FACE('',(#213),#1590,.T.);
#1755=ADVANCED_FACE('',(#214),#1591,.T.);
#1756=ADVANCED_FACE('',(#215),#124,.F.);
#1757=ADVANCED_FACE('',(#216,#43,#44,#45,#46,#47,#48,#49),#1592,.F.);
#1758=ADVANCED_FACE('',(#217),#1593,.F.);
#1759=ADVANCED_FACE('',(#218),#125,.T.);
#1760=ADVANCED_FACE('',(#219),#1594,.F.);
#1761=ADVANCED_FACE('',(#220),#126,.F.);
#1762=ADVANCED_FACE('',(#221,#50),#1595,.T.);
#1763=ADVANCED_FACE('',(#222),#127,.F.);
#1764=ADVANCED_FACE('',(#223),#128,.F.);
#1765=ADVANCED_FACE('',(#224,#51),#1596,.T.);
#1766=ADVANCED_FACE('',(#225,#52),#1597,.F.);
#1767=ADVANCED_FACE('',(#226),#129,.T.);
#1768=ADVANCED_FACE('',(#227,#53),#1598,.F.);
#1769=ADVANCED_FACE('',(#228),#130,.T.);
#1770=ADVANCED_FACE('',(#229),#131,.T.);
#1771=ADVANCED_FACE('',(#230),#1599,.F.);
#1772=ADVANCED_FACE('',(#231),#132,.F.);
#1773=ADVANCED_FACE('',(#232,#54),#1600,.T.);
#1774=ADVANCED_FACE('',(#233),#1601,.T.);
#1775=ADVANCED_FACE('',(#234),#133,.F.);
#1776=ADVANCED_FACE('',(#235),#1602,.T.);
#1777=CLOSED_SHELL('',(#1675,#1676,#1677,#1678,#1679,#1680,#1681,#1682,
#1683,#1684,#1685,#1686,#1687,#1688,#1689,#1690,#1691,#1692,#1693,#1694,
#1695,#1696,#1697,#1698,#1699,#1700,#1701,#1702,#1703,#1704,#1705,#1706,
#1707,#1708,#1709,#1710,#1711,#1712,#1713,#1714,#1715,#1716,#1717,#1718,
#1719,#1720,#1721,#1722,#1723,#1724,#1725,#1726,#1727,#1728,#1729,#1730,
#1731,#1732,#1733,#1734,#1735,#1736,#1737,#1738,#1739,#1740,#1741,#1742,
#1743,#1744,#1745,#1746,#1747,#1748,#1749,#1750,#1751,#1752,#1753,#1754,
#1755,#1756,#1757,#1758,#1759,#1760,#1761,#1762,#1763,#1764,#1765,#1766,
#1767,#1768,#1769,#1770,#1771));
#1778=CLOSED_SHELL('',(#1772,#1773,#1774,#1775,#1776));
#1779=BREP_WITH_VOIDS('Solid1',#1777,(#13));
#1780=DERIVED_UNIT_ELEMENT(#1783,1.);
#1781=DERIVED_UNIT_ELEMENT(#3091,-3.);
#1782=DIMENSIONAL_EXPONENTS(0.,1.,0.,0.,0.,0.,0.);
#1783=(
CONVERSION_BASED_UNIT('gram',#1785)
MASS_UNIT()
NAMED_UNIT(#1782)
);
#1784=(
MASS_UNIT()
NAMED_UNIT(*)
SI_UNIT(.KILO.,.GRAM.)
);
#1785=MASS_MEASURE_WITH_UNIT(MASS_MEASURE(0.001),#1784);
#1786=DERIVED_UNIT((#1780,#1781));
#1787=MEASURE_REPRESENTATION_ITEM('density measure',
POSITIVE_RATIO_MEASURE(1.),#1786);
#1788=PROPERTY_DEFINITION_REPRESENTATION(#1793,#1790);
#1789=PROPERTY_DEFINITION_REPRESENTATION(#1794,#1791);
#1790=REPRESENTATION('material name',(#1792),#3088);
#1791=REPRESENTATION('density',(#1787),#3088);
#1792=DESCRIPTIVE_REPRESENTATION_ITEM('Generic','Generic');
#1793=PROPERTY_DEFINITION('material property','material name',#3098);
#1794=PROPERTY_DEFINITION('material property','density of part',#3098);
#1795=DATE_TIME_ROLE('creation_date');
#1796=APPLIED_DATE_AND_TIME_ASSIGNMENT(#1797,#1795,(#3098));
#1797=DATE_AND_TIME(#1798,#1799);
#1798=CALENDAR_DATE(2008,1,4);
#1799=LOCAL_TIME(0,0,0.,#1800);
#1800=COORDINATED_UNIVERSAL_TIME_OFFSET(0,0,.BEHIND.);
#1801=AXIS2_PLACEMENT_3D('',#2443,#1962,#1963);
#1802=AXIS2_PLACEMENT_3D('',#2444,#1964,#1965);
#1803=AXIS2_PLACEMENT_3D('',#2453,#1970,#1971);
#1804=AXIS2_PLACEMENT_3D('',#2462,#1976,#1977);
#1805=AXIS2_PLACEMENT_3D('',#2471,#1982,#1983);
#1806=AXIS2_PLACEMENT_3D('',#2477,#1987,#1988);
#1807=AXIS2_PLACEMENT_3D('',#2480,#1991,#1992);
#1808=AXIS2_PLACEMENT_3D('',#2486,#1996,#1997);
#1809=AXIS2_PLACEMENT_3D('',#2492,#2001,#2002);
#1810=AXIS2_PLACEMENT_3D('',#2498,#2006,#2007);
#1811=AXIS2_PLACEMENT_3D('',#2504,#2011,#2012);
#1812=AXIS2_PLACEMENT_3D('',#2510,#2016,#2017);
#1813=AXIS2_PLACEMENT_3D('',#2513,#2020,#2021);
#1814=AXIS2_PLACEMENT_3D('',#2516,#2024,#2025);
#1815=AXIS2_PLACEMENT_3D('',#2518,#2026,#2027);
#1816=AXIS2_PLACEMENT_3D('',#2521,#2029,#2030);
#1817=AXIS2_PLACEMENT_3D('',#2522,#2031,#2032);
#1818=AXIS2_PLACEMENT_3D('',#2523,#2033,#2034);
#1819=AXIS2_PLACEMENT_3D('',#2525,#2035,#2036);
#1820=AXIS2_PLACEMENT_3D('',#2527,#2037,#2038);
#1821=AXIS2_PLACEMENT_3D('',#2528,#2039,#2040);
#1822=AXIS2_PLACEMENT_3D('',#2553,#2053,#2054);
#1823=AXIS2_PLACEMENT_3D('',#2559,#2058,#2059);
#1824=AXIS2_PLACEMENT_3D('',#2563,#2062,#2063);
#1825=AXIS2_PLACEMENT_3D('',#2567,#2066,#2067);
#1826=AXIS2_PLACEMENT_3D('',#2571,#2070,#2071);
#1827=AXIS2_PLACEMENT_3D('',#2575,#2074,#2075);
#1828=AXIS2_PLACEMENT_3D('',#2579,#2078,#2079);
#1829=AXIS2_PLACEMENT_3D('',#2583,#2082,#2083);
#1830=AXIS2_PLACEMENT_3D('',#2587,#2086,#2087);
#1831=AXIS2_PLACEMENT_3D('',#2591,#2090,#2091);
#1832=AXIS2_PLACEMENT_3D('',#2595,#2094,#2095);
#1833=AXIS2_PLACEMENT_3D('',#2599,#2098,#2099);
#1834=AXIS2_PLACEMENT_3D('',#2601,#2101,#2102);
#1835=AXIS2_PLACEMENT_3D('',#2610,#2107,#2108);
#1836=AXIS2_PLACEMENT_3D('',#2616,#2112,#2113);
#1837=AXIS2_PLACEMENT_3D('',#2622,#2117,#2118);
#1838=AXIS2_PLACEMENT_3D('',#2625,#2121,#2122);
#1839=AXIS2_PLACEMENT_3D('',#2626,#2123,#2124);
#1840=AXIS2_PLACEMENT_3D('',#2629,#2125,#2126);
#1841=AXIS2_PLACEMENT_3D('',#2631,#2127,#2128);
#1842=AXIS2_PLACEMENT_3D('',#2633,#2129,#2130);
#1843=AXIS2_PLACEMENT_3D('',#2635,#2131,#2132);
#1844=AXIS2_PLACEMENT_3D('',#2636,#2133,#2134);
#1845=AXIS2_PLACEMENT_3D('',#2724,#2135,#2136);
#1846=AXIS2_PLACEMENT_3D('',#2727,#2137,#2138);
#1847=AXIS2_PLACEMENT_3D('',#2730,#2141,#2142);
#1848=AXIS2_PLACEMENT_3D('',#2731,#2143,#2144);
#1849=AXIS2_PLACEMENT_3D('',#2732,#2145,#2146);
#1850=AXIS2_PLACEMENT_3D('',#2735,#2147,#2148);
#1851=AXIS2_PLACEMENT_3D('',#2737,#2149,#2150);
#1852=AXIS2_PLACEMENT_3D('',#2739,#2151,#2152);
#1853=AXIS2_PLACEMENT_3D('',#2741,#2153,#2154);
#1854=AXIS2_PLACEMENT_3D('',#2742,#2155,#2156);
#1855=AXIS2_PLACEMENT_3D('',#2833,#2157,#2158);
#1856=AXIS2_PLACEMENT_3D('',#2836,#2159,#2160);
#1857=AXIS2_PLACEMENT_3D('',#2839,#2163,#2164);
#1858=AXIS2_PLACEMENT_3D('',#2841,#2166,#2167);
#1859=AXIS2_PLACEMENT_3D('',#2842,#2168,#2169);
#1860=AXIS2_PLACEMENT_3D('',#2843,#2170,#2171);
#1861=AXIS2_PLACEMENT_3D('',#2845,#2173,#2174);
#1862=AXIS2_PLACEMENT_3D('',#2847,#2176,#2177);
#1863=AXIS2_PLACEMENT_3D('',#2849,#2179,#2180);
#1864=AXIS2_PLACEMENT_3D('',#2856,#2183,#2184);
#1865=AXIS2_PLACEMENT_3D('',#2859,#2186,#2187);
#1866=AXIS2_PLACEMENT_3D('',#2860,#2188,#2189);
#1867=AXIS2_PLACEMENT_3D('',#2866,#2193,#2194);
#1868=AXIS2_PLACEMENT_3D('',#2870,#2197,#2198);
#1869=AXIS2_PLACEMENT_3D('',#2873,#2200,#2201);
#1870=AXIS2_PLACEMENT_3D('',#2874,#2202,#2203);
#1871=AXIS2_PLACEMENT_3D('',#2876,#2205,#2206);
#1872=AXIS2_PLACEMENT_3D('',#2879,#2207,#2208);
#1873=AXIS2_PLACEMENT_3D('',#2886,#2212,#2213);
#1874=AXIS2_PLACEMENT_3D('',#2887,#2214,#2215);
#1875=AXIS2_PLACEMENT_3D('',#2891,#2217,#2218);
#1876=AXIS2_PLACEMENT_3D('',#2893,#2220,#2221);
#1877=AXIS2_PLACEMENT_3D('',#2897,#2224,#2225);
#1878=AXIS2_PLACEMENT_3D('',#2901,#2228,#2229);
#1879=AXIS2_PLACEMENT_3D('',#2903,#2231,#2232);
#1880=AXIS2_PLACEMENT_3D('',#2905,#2233,#2234);
#1881=AXIS2_PLACEMENT_3D('',#2907,#2235,#2236);
#1882=AXIS2_PLACEMENT_3D('',#2908,#2237,#2238);
#1883=AXIS2_PLACEMENT_3D('',#2910,#2240,#2241);
#1884=AXIS2_PLACEMENT_3D('',#2912,#2242,#2243);
#1885=AXIS2_PLACEMENT_3D('',#2914,#2244,#2245);
#1886=AXIS2_PLACEMENT_3D('',#2915,#2246,#2247);
#1887=AXIS2_PLACEMENT_3D('',#2917,#2249,#2250);
#1888=AXIS2_PLACEMENT_3D('',#2919,#2251,#2252);
#1889=AXIS2_PLACEMENT_3D('',#2921,#2254,#2255);
#1890=AXIS2_PLACEMENT_3D('',#2922,#2256,#2257);
#1891=AXIS2_PLACEMENT_3D('',#2924,#2258,#2259);
#1892=AXIS2_PLACEMENT_3D('',#2926,#2261,#2262);
#1893=AXIS2_PLACEMENT_3D('',#2927,#2263,#2264);
#1894=AXIS2_PLACEMENT_3D('',#2936,#2269,#2270);
#1895=AXIS2_PLACEMENT_3D('',#2945,#2275,#2276);
#1896=AXIS2_PLACEMENT_3D('',#2946,#2277,#2278);
#1897=AXIS2_PLACEMENT_3D('',#2947,#2279,#2280);
#1898=AXIS2_PLACEMENT_3D('',#2948,#2281,#2282);
#1899=AXIS2_PLACEMENT_3D('',#2957,#2287,#2288);
#1900=AXIS2_PLACEMENT_3D('',#2966,#2293,#2294);
#1901=AXIS2_PLACEMENT_3D('',#2967,#2295,#2296);
#1902=AXIS2_PLACEMENT_3D('',#2968,#2297,#2298);
#1903=AXIS2_PLACEMENT_3D('',#2969,#2299,#2300);
#1904=AXIS2_PLACEMENT_3D('',#2978,#2305,#2306);
#1905=AXIS2_PLACEMENT_3D('',#2987,#2311,#2312);
#1906=AXIS2_PLACEMENT_3D('',#2988,#2313,#2314);
#1907=AXIS2_PLACEMENT_3D('',#2989,#2315,#2316);
#1908=AXIS2_PLACEMENT_3D('',#2990,#2317,#2318);
#1909=AXIS2_PLACEMENT_3D('',#2999,#2323,#2324);
#1910=AXIS2_PLACEMENT_3D('',#3008,#2329,#2330);
#1911=AXIS2_PLACEMENT_3D('',#3009,#2331,#2332);
#1912=AXIS2_PLACEMENT_3D('',#3010,#2333,#2334);
#1913=AXIS2_PLACEMENT_3D('',#3011,#2335,#2336);
#1914=AXIS2_PLACEMENT_3D('',#3012,#2337,#2338);
#1915=AXIS2_PLACEMENT_3D('',#3013,#2339,#2340);
#1916=AXIS2_PLACEMENT_3D('',#3014,#2341,#2342);
#1917=AXIS2_PLACEMENT_3D('',#3015,#2343,#2344);
#1918=AXIS2_PLACEMENT_3D('',#3016,#2345,#2346);
#1919=AXIS2_PLACEMENT_3D('',#3017,#2347,#2348);
#1920=AXIS2_PLACEMENT_3D('',#3018,#2349,#2350);
#1921=AXIS2_PLACEMENT_3D('',#3019,#2351,#2352);
#1922=AXIS2_PLACEMENT_3D('',#3020,#2353,#2354);
#1923=AXIS2_PLACEMENT_3D('',#3021,#2355,#2356);
#1924=AXIS2_PLACEMENT_3D('',#3022,#2357,#2358);
#1925=AXIS2_PLACEMENT_3D('',#3023,#2359,#2360);
#1926=AXIS2_PLACEMENT_3D('',#3025,#2361,#2362);
#1927=AXIS2_PLACEMENT_3D('',#3028,#2364,#2365);
#1928=AXIS2_PLACEMENT_3D('',#3029,#2366,#2367);
#1929=AXIS2_PLACEMENT_3D('',#3031,#2368,#2369);
#1930=AXIS2_PLACEMENT_3D('',#3032,#2370,#2371);
#1931=AXIS2_PLACEMENT_3D('',#3033,#2372,#2373);
#1932=AXIS2_PLACEMENT_3D('',#3035,#2374,#2375);
#1933=AXIS2_PLACEMENT_3D('',#3038,#2377,#2378);
#1934=AXIS2_PLACEMENT_3D('',#3039,#2379,#2380);
#1935=AXIS2_PLACEMENT_3D('',#3040,#2381,#2382);
#1936=AXIS2_PLACEMENT_3D('',#3043,#2384,#2385);
#1937=AXIS2_PLACEMENT_3D('',#3044,#2386,#2387);
#1938=AXIS2_PLACEMENT_3D('',#3046,#2388,#2389);
#1939=AXIS2_PLACEMENT_3D('',#3047,#2390,#2391);
#1940=AXIS2_PLACEMENT_3D('',#3050,#2393,#2394);
#1941=AXIS2_PLACEMENT_3D('',#3051,#2395,#2396);
#1942=AXIS2_PLACEMENT_3D('',#3053,#2398,#2399);
#1943=AXIS2_PLACEMENT_3D('',#3054,#2400,#2401);
#1944=AXIS2_PLACEMENT_3D('',#3056,#2402,#2403);
#1945=AXIS2_PLACEMENT_3D('',#3058,#2404,#2405);
#1946=AXIS2_PLACEMENT_3D('',#3059,#2406,#2407);
#1947=AXIS2_PLACEMENT_3D('',#3061,#2408,#2409);
#1948=AXIS2_PLACEMENT_3D('',#3063,#2411,#2412);
#1949=AXIS2_PLACEMENT_3D('',#3065,#2413,#2414);
#1950=AXIS2_PLACEMENT_3D('',#3066,#2415,#2416);
#1951=AXIS2_PLACEMENT_3D('',#3068,#2418,#2419);
#1952=AXIS2_PLACEMENT_3D('',#3070,#2421,#2422);
#1953=AXIS2_PLACEMENT_3D('',#3071,#2423,#2424);
#1954=AXIS2_PLACEMENT_3D('',#3073,#2425,#2426);
#1955=AXIS2_PLACEMENT_3D('',#3076,#2428,#2429);
#1956=AXIS2_PLACEMENT_3D('',#3077,#2430,#2431);
#1957=AXIS2_PLACEMENT_3D('',#3079,#2432,#2433);
#1958=AXIS2_PLACEMENT_3D('',#3080,#2434,#2435);
#1959=AXIS2_PLACEMENT_3D('',#3081,#2436,#2437);
#1960=AXIS2_PLACEMENT_3D('',#3083,#2438,#2439);
#1961=AXIS2_PLACEMENT_3D('',#3085,#2441,#2442);
#1962=DIRECTION('axis',(0.,0.,1.));
#1963=DIRECTION('refdir',(1.,0.,0.));
#1964=DIRECTION('center_axis',(-3.46944695195361E-16,-2.22044604925031E-16,
-1.));
#1965=DIRECTION('ref_axis',(0.,1.,-2.22044604925031E-16));
#1966=DIRECTION('',(0.,1.,-2.22044604925031E-16));
#1967=DIRECTION('',(-1.,7.70371977754894E-32,3.46944695195361E-16));
#1968=DIRECTION('',(0.,1.,-2.22044604925031E-16));
#1969=DIRECTION('',(1.,-7.70371977754894E-32,-3.46944695195361E-16));
#1970=DIRECTION('center_axis',(3.46944695195361E-16,2.22044604925031E-16,
1.));
#1971=DIRECTION('ref_axis',(0.,-1.,2.22044604925031E-16));
#1972=DIRECTION('',(0.,-1.,2.22044604925031E-16));
#1973=DIRECTION('',(-1.,7.70371977754894E-32,3.46944695195361E-16));
#1974=DIRECTION('',(0.,1.,-2.22044604925031E-16));
#1975=DIRECTION('',(1.,-7.70371977754894E-32,-3.46944695195361E-16));
#1976=DIRECTION('center_axis',(-1.,0.,0.));
#1977=DIRECTION('ref_axis',(0.,1.,-2.22044604925031E-16));
#1978=DIRECTION('',(0.,-2.22044604925031E-16,-1.));
#1979=DIRECTION('',(0.,1.,-2.22044604925031E-16));
#1980=DIRECTION('',(0.,2.22044604925031E-16,1.));
#1981=DIRECTION('',(0.,1.,-2.22044604925031E-16));
#1982=DIRECTION('center_axis',(-3.46944695195361E-16,-2.22044604925031E-16,
-1.));
#1983=DIRECTION('ref_axis',(0.,1.,-2.22044604925031E-16));
#1984=DIRECTION('',(0.,-1.,2.22044604925031E-16));
#1985=DIRECTION('',(1.,-7.70371977754894E-32,-3.46944695195361E-16));
#1986=DIRECTION('',(-1.,7.70371977754894E-32,3.46944695195361E-16));
#1987=DIRECTION('center_axis',(1.,0.,0.));
#1988=DIRECTION('ref_axis',(0.,-1.,2.22044604925031E-16));
#1989=DIRECTION('',(0.,2.22044604925031E-16,1.));
#1990=DIRECTION('',(0.,-2.22044604925031E-16,-1.));
#1991=DIRECTION('center_axis',(3.46944695195361E-16,2.22044604925031E-16,
1.));
#1992=DIRECTION('ref_axis',(0.,-1.,2.22044604925031E-16));
#1993=DIRECTION('',(0.,1.,-2.22044604925031E-16));
#1994=DIRECTION('',(1.,-7.70371977754894E-32,-3.46944695195361E-16));
#1995=DIRECTION('',(-1.,7.70371977754894E-32,3.46944695195361E-16));
#1996=DIRECTION('center_axis',(-1.,-9.62964972193618E-32,-4.33680868994202E-16));
#1997=DIRECTION('ref_axis',(0.,1.,-2.22044604925031E-16));
#1998=DIRECTION('',(4.33680868994202E-16,-2.22044604925031E-16,-1.));
#1999=DIRECTION('',(0.,1.,-2.22044604925031E-16));
#2000=DIRECTION('',(-4.33680868994202E-16,2.22044604925031E-16,1.));
#2001=DIRECTION('center_axis',(1.,-9.62964972193618E-32,-4.33680868994202E-16));
#2002=DIRECTION('ref_axis',(0.,-1.,2.22044604925031E-16));
#2003=DIRECTION('',(-4.33680868994202E-16,-2.22044604925031E-16,-1.));
#2004=DIRECTION('',(0.,1.,-2.22044604925031E-16));
#2005=DIRECTION('',(4.33680868994202E-16,2.22044604925031E-16,1.));
#2006=DIRECTION('center_axis',(-1.,-9.62964972193618E-32,-4.33680868994202E-16));
#2007=DIRECTION('ref_axis',(0.,1.,-2.22044604925031E-16));
#2008=DIRECTION('',(-4.33680868994202E-16,2.22044604925031E-16,1.));
#2009=DIRECTION('',(0.,1.,-2.22044604925031E-16));
#2010=DIRECTION('',(4.33680868994202E-16,-2.22044604925031E-16,-1.));
#2011=DIRECTION('center_axis',(0.,-2.22044604925031E-16,-1.));
#2012=DIRECTION('ref_axis',(0.,1.,-2.22044604925031E-16));
#2013=DIRECTION('',(1.,0.,0.));
#2014=DIRECTION('',(-1.,0.,0.));
#2015=DIRECTION('',(0.,1.,-2.22044604925031E-16));
#2016=DIRECTION('center_axis',(1.,-9.62964972193618E-32,-4.33680868994202E-16));
#2017=DIRECTION('ref_axis',(0.,-1.,2.22044604925031E-16));
#2018=DIRECTION('',(4.33680868994202E-16,2.22044604925031E-16,1.));
#2019=DIRECTION('',(-4.33680868994202E-16,-2.22044604925031E-16,-1.));
#2020=DIRECTION('center_axis',(0.,2.22044604925031E-16,1.));
#2021=DIRECTION('ref_axis',(0.,-1.,2.22044604925031E-16));
#2022=DIRECTION('',(-1.,0.,0.));
#2023=DIRECTION('',(1.,0.,0.));
#2024=DIRECTION('center_axis',(0.,1.,-2.22044604925031E-16));
#2025=DIRECTION('ref_axis',(-1.,0.,0.));
#2026=DIRECTION('center_axis',(0.,-1.,2.22044604925031E-16));
#2027=DIRECTION('ref_axis',(-1.,0.,0.));
#2028=DIRECTION('',(0.,-1.,2.22044604925031E-16));
#2029=DIRECTION('center_axis',(0.,-1.,2.22044604925031E-16));
#2030=DIRECTION('ref_axis',(-1.,0.,0.));
#2031=DIRECTION('center_axis',(0.,-1.,2.22044604925031E-16));
#2032=DIRECTION('ref_axis',(-1.,0.,0.));
#2033=DIRECTION('center_axis',(0.,-1.,2.22044604925031E-16));
#2034=DIRECTION('ref_axis',(-1.,0.,0.));
#2035=DIRECTION('center_axis',(0.,-1.,2.22044604925031E-16));
#2036=DIRECTION('ref_axis',(-1.,0.,0.));
#2037=DIRECTION('center_axis',(0.,-1.,2.22044604925031E-16));
#2038=DIRECTION('ref_axis',(-1.,0.,0.));
#2039=DIRECTION('center_axis',(0.,1.,-2.22044604925031E-16));
#2040=DIRECTION('ref_axis',(1.,0.,0.));
#2041=DIRECTION('',(0.,-2.22044604925031E-16,-1.));
#2042=DIRECTION('',(-1.,0.,0.));
#2043=DIRECTION('',(0.,-2.22044604925031E-16,-1.));
#2044=DIRECTION('',(1.,0.,0.));
#2045=DIRECTION('',(0.,-2.22044604925031E-16,-1.));
#2046=DIRECTION('',(1.,0.,0.));
#2047=DIRECTION('',(0.,2.22044604925031E-16,1.));
#2048=DIRECTION('',(1.,0.,0.));
#2049=DIRECTION('',(0.,2.22044604925031E-16,1.));
#2050=DIRECTION('',(-1.,0.,0.));
#2051=DIRECTION('',(0.,2.22044604925031E-16,1.));
#2052=DIRECTION('',(-1.,0.,0.));
#2053=DIRECTION('center_axis',(0.,-2.22044604925031E-16,-1.));
#2054=DIRECTION('ref_axis',(0.,1.,-2.22044604925031E-16));
#2055=DIRECTION('',(0.,-1.,2.22044604925031E-16));
#2056=DIRECTION('',(-1.,0.,0.));
#2057=DIRECTION('',(0.,-1.,2.22044604925031E-16));
#2058=DIRECTION('center_axis',(-1.,0.,0.));
#2059=DIRECTION('ref_axis',(0.,1.,-2.22044604925031E-16));
#2060=DIRECTION('',(0.,-1.,2.22044604925031E-16));
#2061=DIRECTION('',(0.,2.22044604925031E-16,1.));
#2062=DIRECTION('center_axis',(0.,-2.22044604925031E-16,-1.));
#2063=DIRECTION('ref_axis',(0.,1.,-2.22044604925031E-16));
#2064=DIRECTION('',(0.,-1.,2.22044604925031E-16));
#2065=DIRECTION('',(-1.,0.,0.));
#2066=DIRECTION('center_axis',(-1.,0.,0.));
#2067=DIRECTION('ref_axis',(0.,1.,-2.22044604925031E-16));
#2068=DIRECTION('',(0.,-1.,2.22044604925031E-16));
#2069=DIRECTION('',(0.,2.22044604925031E-16,1.));
#2070=DIRECTION('center_axis',(0.,2.22044604925031E-16,1.));
#2071=DIRECTION('ref_axis',(0.,-1.,2.22044604925031E-16));
#2072=DIRECTION('',(0.,-1.,2.22044604925031E-16));
#2073=DIRECTION('',(1.,0.,0.));
#2074=DIRECTION('center_axis',(-1.,0.,0.));
#2075=DIRECTION('ref_axis',(0.,1.,-2.22044604925031E-16));
#2076=DIRECTION('',(0.,-1.,2.22044604925031E-16));
#2077=DIRECTION('',(0.,2.22044604925031E-16,1.));
#2078=DIRECTION('center_axis',(0.,2.22044604925031E-16,1.));
#2079=DIRECTION('ref_axis',(0.,-1.,2.22044604925031E-16));
#2080=DIRECTION('',(0.,-1.,2.22044604925031E-16));
#2081=DIRECTION('',(1.,0.,0.));
#2082=DIRECTION('center_axis',(1.,0.,0.));
#2083=DIRECTION('ref_axis',(0.,-1.,2.22044604925031E-16));
#2084=DIRECTION('',(0.,-1.,2.22044604925031E-16));
#2085=DIRECTION('',(0.,-2.22044604925031E-16,-1.));
#2086=DIRECTION('center_axis',(0.,2.22044604925031E-16,1.));
#2087=DIRECTION('ref_axis',(0.,-1.,2.22044604925031E-16));
#2088=DIRECTION('',(0.,-1.,2.22044604925031E-16));
#2089=DIRECTION('',(1.,0.,0.));
#2090=DIRECTION('center_axis',(1.,0.,0.));
#2091=DIRECTION('ref_axis',(0.,-1.,2.22044604925031E-16));
#2092=DIRECTION('',(0.,-1.,2.22044604925031E-16));
#2093=DIRECTION('',(0.,-2.22044604925031E-16,-1.));
#2094=DIRECTION('center_axis',(0.,-2.22044604925031E-16,-1.));
#2095=DIRECTION('ref_axis',(0.,1.,-2.22044604925031E-16));
#2096=DIRECTION('',(0.,-1.,2.22044604925031E-16));
#2097=DIRECTION('',(-1.,0.,0.));
#2098=DIRECTION('center_axis',(1.,0.,0.));
#2099=DIRECTION('ref_axis',(0.,-1.,2.22044604925031E-16));
#2100=DIRECTION('',(0.,-2.22044604925031E-16,-1.));
#2101=DIRECTION('center_axis',(1.,9.30559865505307E-32,4.19086906353564E-16));
#2102=DIRECTION('ref_axis',(0.,-1.,2.22044604925031E-16));
#2103=DIRECTION('',(4.19086906353564E-16,-2.22044604925031E-16,-1.));
#2104=DIRECTION('',(0.,-1.,2.22044604925031E-16));
#2105=DIRECTION('',(4.19086906353564E-16,-2.22044604925031E-16,-1.));
#2106=DIRECTION('',(0.,-1.,2.22044604925031E-16));
#2107=DIRECTION('center_axis',(0.,-2.22044604925031E-16,-1.));
#2108=DIRECTION('ref_axis',(0.,1.,-2.22044604925031E-16));
#2109=DIRECTION('',(-1.,0.,0.));
#2110=DIRECTION('',(0.,-1.,2.22044604925031E-16));
#2111=DIRECTION('',(-1.,0.,0.));
#2112=DIRECTION('center_axis',(-1.,-9.30559865505308E-32,-4.19086906353564E-16));
#2113=DIRECTION('ref_axis',(0.,1.,-2.22044604925031E-16));
#2114=DIRECTION('',(-4.19086906353564E-16,2.22044604925031E-16,1.));
#2115=DIRECTION('',(0.,-1.,2.22044604925031E-16));
#2116=DIRECTION('',(-4.19086906353564E-16,2.22044604925031E-16,1.));
#2117=DIRECTION('center_axis',(-1.21412731612001E-15,2.22044604925031E-16,
1.));
#2118=DIRECTION('ref_axis',(0.,-1.,2.22044604925031E-16));
#2119=DIRECTION('',(1.,2.69590420236556E-31,1.21412731612001E-15));
#2120=DIRECTION('',(1.,2.69590420236556E-31,1.21412731612001E-15));
#2121=DIRECTION('center_axis',(0.,1.,-2.22044604925031E-16));
#2122=DIRECTION('ref_axis',(1.,0.,0.));
#2123=DIRECTION('center_axis',(0.,1.,0.));
#2124=DIRECTION('ref_axis',(1.,0.,0.));
#2125=DIRECTION('center_axis',(-0.685929845280567,-0.242900497666957,-0.685929730793557));
#2126=DIRECTION('ref_axis',(0.171756614180014,-0.970051209077719,0.171756563927768));
#2127=DIRECTION('center_axis',(0.880814034545688,-0.158044919959434,-0.446305321301868));
#2128=DIRECTION('ref_axis',(-0.269170295037602,-0.94264149109218,-0.197419278544125));
#2129=DIRECTION('center_axis',(0.,2.22044604925031E-16,1.));
#2130=DIRECTION('ref_axis',(-1.,0.,0.));
#2131=DIRECTION('center_axis',(0.880814034545688,-0.158044919959434,-0.446305321301868));
#2132=DIRECTION('ref_axis',(-0.269170295037602,-0.94264149109218,-0.197419278544125));
#2133=DIRECTION('center_axis',(-0.30928297973344,-0.10952284729125,0.944642146195279));
#2134=DIRECTION('ref_axis',(0.0340785596830296,-0.993984278508075,-0.104086050211892));
#2135=DIRECTION('center_axis',(-0.685929791414468,-0.242900478591971,-0.685929791414468));
#2136=DIRECTION('ref_axis',(0.17175657556584,-0.970051213854089,0.17175657556584));
#2137=DIRECTION('center_axis',(0.,1.,-2.22044604925031E-16));
#2138=DIRECTION('ref_axis',(0.707106781186547,1.57009245868377E-16,0.707106781186548));
#2139=DIRECTION('',(-0.685929791414468,-0.242900478591971,-0.685929791414468));
#2140=DIRECTION('',(0.685929791414468,0.242900478591971,0.685929791414468));
#2141=DIRECTION('center_axis',(0.,1.,-2.22044604925031E-16));
#2142=DIRECTION('ref_axis',(-0.974352739095328,-4.99658285792778E-17,-0.225026086970894));
#2143=DIRECTION('center_axis',(0.,1.,-2.22044604925031E-16));
#2144=DIRECTION('ref_axis',(-0.974352739095328,-4.99658285792778E-17,-0.225026086970894));
#2145=DIRECTION('center_axis',(0.,1.,0.));
#2146=DIRECTION('ref_axis',(1.,0.,0.));
#2147=DIRECTION('center_axis',(-0.685930126762283,-0.242900373071368,0.685929493433304));
#2148=DIRECTION('ref_axis',(0.171756602170398,-0.970051240276404,-0.171756399732558));
#2149=DIRECTION('center_axis',(-0.309282669500156,-0.109522954546272,-0.944642235332675));
#2150=DIRECTION('ref_axis',(-0.269170295037607,-0.942641491092176,0.197419278544134));
#2151=DIRECTION('center_axis',(0.880813992692604,-0.158044888366199,0.44630541508952));
#2152=DIRECTION('ref_axis',(-0.140980005375487,-0.987431928419025,-0.071434059264559));
#2153=DIRECTION('center_axis',(0.,2.22044604925031E-16,1.));
#2154=DIRECTION('ref_axis',(-1.,0.,0.));
#2155=DIRECTION('center_axis',(0.880813992692604,-0.158044888366199,0.44630541508952));
#2156=DIRECTION('ref_axis',(-0.140980005375487,-0.987431928419025,-0.071434059264559));
#2157=DIRECTION('center_axis',(-0.685929791414468,-0.242900478591971,0.685929791414468));
#2158=DIRECTION('ref_axis',(0.17175657556584,-0.970051213854089,-0.17175657556584));
#2159=DIRECTION('center_axis',(0.,1.,-2.22044604925031E-16));
#2160=DIRECTION('ref_axis',(0.707106781186548,-1.57009245868377E-16,-0.707106781186547));
#2161=DIRECTION('',(-0.685929791414468,-0.242900478591971,0.685929791414468));
#2162=DIRECTION('',(0.685929791414468,0.242900478591971,-0.685929791414468));
#2163=DIRECTION('center_axis',(1.44750740590945E-16,-0.942641491092179,
-0.333806859233771));
#2164=DIRECTION('ref_axis',(1.,9.62865804522399E-32,4.33636207845487E-16));
#2165=DIRECTION('',(-1.,-9.62865804522399E-32,-4.33636207845487E-16));
#2166=DIRECTION('center_axis',(0.,1.,-2.22044604925031E-16));
#2167=DIRECTION('ref_axis',(0.211789258325547,2.17007602676423E-16,0.977315358550102));
#2168=DIRECTION('center_axis',(0.,1.,-2.22044604925031E-16));
#2169=DIRECTION('ref_axis',(0.211789258325547,2.17007602676423E-16,0.977315358550102));
#2170=DIRECTION('center_axis',(0.333806859233771,-0.942641491092178,2.79833073417774E-16));
#2171=DIRECTION('ref_axis',(-2.11273717095426E-16,2.22044604925031E-16,
1.));
#2172=DIRECTION('',(2.11273717095426E-16,-2.22044604925031E-16,-1.));
#2173=DIRECTION('center_axis',(-6.20360316818334E-17,-0.942641491092178,
0.333806859233771));
#2174=DIRECTION('ref_axis',(-1.,-4.12656773366742E-32,-1.85844089076637E-16));
#2175=DIRECTION('',(1.,4.12656773366742E-32,1.85844089076637E-16));
#2176=DIRECTION('center_axis',(0.333806859233771,-0.942641491092178,2.79833073417774E-16));
#2177=DIRECTION('ref_axis',(-2.11273717095426E-16,2.22044604925031E-16,
1.));
#2178=DIRECTION('',(2.11273717095426E-16,-2.22044604925031E-16,-1.));
#2179=DIRECTION('center_axis',(0.,1.,-2.22044604925031E-16));
#2180=DIRECTION('ref_axis',(1.,0.,0.));
#2181=DIRECTION('',(-1.,-9.24446373305873E-32,-4.16333634234434E-16));
#2182=DIRECTION('',(9.7674076251494E-17,-2.22044604925031E-16,-1.));
#2183=DIRECTION('center_axis',(0.,1.,-2.22044604925031E-16));
#2184=DIRECTION('ref_axis',(-0.211789258325547,-2.17007602676423E-16,-0.977315358550102));
#2185=DIRECTION('',(5.08034758238306E-17,2.22044604925031E-16,1.));
#2186=DIRECTION('center_axis',(0.,-1.,2.22044604925031E-16));
#2187=DIRECTION('ref_axis',(1.,0.,0.));
#2188=DIRECTION('center_axis',(4.16333634234434E-16,-2.22044604925031E-16,
-1.));
#2189=DIRECTION('ref_axis',(0.,1.,-2.22044604925031E-16));
#2190=DIRECTION('',(0.,-1.,2.22044604925031E-16));
#2191=DIRECTION('',(-1.,-9.24446373305873E-32,-4.16333634234434E-16));
#2192=DIRECTION('',(0.,-1.,2.22044604925031E-16));
#2193=DIRECTION('center_axis',(-1.,1.12806377181208E-32,5.08034758238305E-17));
#2194=DIRECTION('ref_axis',(0.,1.,-2.22044604925031E-16));
#2195=DIRECTION('',(0.,-1.,2.22044604925031E-16));
#2196=DIRECTION('',(5.08034758238306E-17,2.22044604925031E-16,1.));
#2197=DIRECTION('center_axis',(0.,-1.,2.22044604925031E-16));
#2198=DIRECTION('ref_axis',(-0.211789258325547,-2.17007602676423E-16,-0.977315358550102));
#2199=DIRECTION('',(0.,-1.,2.22044604925031E-16));
#2200=DIRECTION('center_axis',(0.,1.,-2.22044604925031E-16));
#2201=DIRECTION('ref_axis',(-0.211789258325547,-2.17007602676423E-16,-0.977315358550102));
#2202=DIRECTION('center_axis',(1.,2.16880016726804E-32,9.7674076251494E-17));
#2203=DIRECTION('ref_axis',(0.,-1.,2.22044604925031E-16));
#2204=DIRECTION('',(9.7674076251494E-17,-2.22044604925031E-16,-1.));
#2205=DIRECTION('center_axis',(0.,1.,-2.22044604925031E-16));
#2206=DIRECTION('ref_axis',(1.,0.,0.));
#2207=DIRECTION('center_axis',(0.,1.,-2.22044604925031E-16));
#2208=DIRECTION('ref_axis',(-0.31768388748832,-2.10541957631221E-16,-0.948196681933821));
#2209=DIRECTION('',(0.,-2.22044604925031E-16,-1.));
#2210=DIRECTION('',(1.,4.62223186652936E-32,2.08166817117217E-16));
#2211=DIRECTION('',(-1.52410427471492E-16,2.22044604925031E-16,1.));
#2212=DIRECTION('center_axis',(0.,-1.,2.22044604925031E-16));
#2213=DIRECTION('ref_axis',(1.,0.,0.));
#2214=DIRECTION('center_axis',(0.,-1.,2.22044604925031E-16));
#2215=DIRECTION('ref_axis',(-0.31768388748832,-2.10541957631221E-16,-0.948196681933821));
#2216=DIRECTION('',(0.,-1.,2.22044604925031E-16));
#2217=DIRECTION('center_axis',(0.,1.,-2.22044604925031E-16));
#2218=DIRECTION('ref_axis',(-0.31768388748832,-2.10541957631221E-16,-0.948196681933821));
#2219=DIRECTION('',(0.,-1.,2.22044604925031E-16));
#2220=DIRECTION('center_axis',(-1.,-3.38419131543625E-32,-1.52410427471492E-16));
#2221=DIRECTION('ref_axis',(0.,1.,-2.22044604925031E-16));
#2222=DIRECTION('',(0.,-1.,2.22044604925031E-16));
#2223=DIRECTION('',(-1.52410427471492E-16,2.22044604925031E-16,1.));
#2224=DIRECTION('center_axis',(-2.08166817117217E-16,2.22044604925031E-16,
1.));
#2225=DIRECTION('ref_axis',(0.,-1.,2.22044604925031E-16));
#2226=DIRECTION('',(0.,-1.,2.22044604925031E-16));
#2227=DIRECTION('',(1.,4.62223186652936E-32,2.08166817117217E-16));
#2228=DIRECTION('center_axis',(1.,0.,0.));
#2229=DIRECTION('ref_axis',(0.,-1.,2.22044604925031E-16));
#2230=DIRECTION('',(0.,-2.22044604925031E-16,-1.));
#2231=DIRECTION('center_axis',(0.,1.,-2.22044604925031E-16));
#2232=DIRECTION('ref_axis',(1.,0.,0.));
#2233=DIRECTION('center_axis',(0.,1.,-2.22044604925031E-16));
#2234=DIRECTION('ref_axis',(1.,0.,0.));
#2235=DIRECTION('center_axis',(0.,-1.,2.22044604925031E-16));
#2236=DIRECTION('ref_axis',(1.,0.,0.));
#2237=DIRECTION('center_axis',(0.,-1.,2.22044604925031E-16));
#2238=DIRECTION('ref_axis',(1.,0.,0.));
#2239=DIRECTION('',(0.,1.,-2.22044604925031E-16));
#2240=DIRECTION('center_axis',(0.,1.,-2.22044604925031E-16));
#2241=DIRECTION('ref_axis',(1.,0.,0.));
#2242=DIRECTION('center_axis',(0.,1.,-2.22044604925031E-16));
#2243=DIRECTION('ref_axis',(1.,0.,0.));
#2244=DIRECTION('center_axis',(0.,-1.,2.22044604925031E-16));
#2245=DIRECTION('ref_axis',(1.,0.,0.));
#2246=DIRECTION('center_axis',(0.,-1.,2.22044604925031E-16));
#2247=DIRECTION('ref_axis',(1.,0.,0.));
#2248=DIRECTION('',(0.,1.,-2.22044604925031E-16));
#2249=DIRECTION('center_axis',(0.,-1.,2.22044604925031E-16));
#2250=DIRECTION('ref_axis',(1.,0.,0.));
#2251=DIRECTION('center_axis',(0.,1.,-2.22044604925031E-16));
#2252=DIRECTION('ref_axis',(1.,0.,0.));
#2253=DIRECTION('',(0.,1.,-2.22044604925031E-16));
#2254=DIRECTION('center_axis',(0.,1.,-2.22044604925031E-16));
#2255=DIRECTION('ref_axis',(1.,0.,0.));
#2256=DIRECTION('center_axis',(0.,-1.,2.22044604925031E-16));
#2257=DIRECTION('ref_axis',(1.,0.,0.));
#2258=DIRECTION('center_axis',(0.,1.,-2.22044604925031E-16));
#2259=DIRECTION('ref_axis',(1.,0.,0.));
#2260=DIRECTION('',(0.,1.,-2.22044604925031E-16));
#2261=DIRECTION('center_axis',(0.,1.,-2.22044604925031E-16));
#2262=DIRECTION('ref_axis',(1.,0.,0.));
#2263=DIRECTION('center_axis',(1.83697019872103E-16,2.22044604925031E-16,
1.));
#2264=DIRECTION('ref_axis',(0.,-1.,2.22044604925031E-16));
#2265=DIRECTION('',(1.,-4.07889322034067E-32,-1.83697019872103E-16));
#2266=DIRECTION('',(0.,-1.,2.22044604925031E-16));
#2267=DIRECTION('',(1.,-4.07889322034067E-32,-1.83697019872103E-16));
#2268=DIRECTION('',(0.,-1.,2.22044604925031E-16));
#2269=DIRECTION('center_axis',(0.716554738657052,-1.54882965163752E-16,
-0.697530864197509));
#2270=DIRECTION('ref_axis',(0.,-1.,2.22044604925031E-16));
#2271=DIRECTION('',(-0.697530864197509,-1.59107113852264E-16,-0.716554738657052));
#2272=DIRECTION('',(0.,-1.,2.22044604925031E-16));
#2273=DIRECTION('',(-0.697530864197509,-1.59107113852264E-16,-0.716554738657052));
#2274=DIRECTION('',(0.,-1.,2.22044604925031E-16));
#2275=DIRECTION('center_axis',(0.,1.,-2.22044604925031E-16));
#2276=DIRECTION('ref_axis',(1.,0.,0.));
#2277=DIRECTION('center_axis',(0.,1.,-2.22044604925031E-16));
#2278=DIRECTION('ref_axis',(1.,-4.07889322034067E-32,-1.83697019872103E-16));
#2279=DIRECTION('center_axis',(0.,-1.,2.22044604925031E-16));
#2280=DIRECTION('ref_axis',(-1.,4.07889322034067E-32,1.83697019872103E-16));
#2281=DIRECTION('center_axis',(1.,-2.71926214689378E-32,-1.22464679914735E-16));
#2282=DIRECTION('ref_axis',(0.,-1.,2.22044604925031E-16));
#2283=DIRECTION('',(-1.22464679914735E-16,-2.22044604925031E-16,-1.));
#2284=DIRECTION('',(0.,-1.,2.22044604925031E-16));
#2285=DIRECTION('',(-1.22464679914735E-16,-2.22044604925031E-16,-1.));
#2286=DIRECTION('',(0.,-1.,2.22044604925031E-16));
#2287=DIRECTION('center_axis',(-0.697530864197509,-1.59107113852264E-16,
-0.716554738657052));
#2288=DIRECTION('ref_axis',(0.,1.,-2.22044604925031E-16));
#2289=DIRECTION('',(-0.716554738657052,1.54882965163752E-16,0.697530864197509));
#2290=DIRECTION('',(0.,-1.,2.22044604925031E-16));
#2291=DIRECTION('',(-0.716554738657052,1.54882965163752E-16,0.697530864197509));
#2292=DIRECTION('',(0.,-1.,2.22044604925031E-16));
#2293=DIRECTION('center_axis',(0.,1.,-2.22044604925031E-16));
#2294=DIRECTION('ref_axis',(1.,0.,0.));
#2295=DIRECTION('center_axis',(0.,1.,-2.22044604925031E-16));
#2296=DIRECTION('ref_axis',(-1.22464679914735E-16,-2.22044604925031E-16,
-1.));
#2297=DIRECTION('center_axis',(0.,-1.,2.22044604925031E-16));
#2298=DIRECTION('ref_axis',(1.22464679914735E-16,2.22044604925031E-16,1.));
#2299=DIRECTION('center_axis',(-6.12323399573677E-17,-2.22044604925031E-16,
-1.));
#2300=DIRECTION('ref_axis',(0.,1.,-2.22044604925031E-16));
#2301=DIRECTION('',(-1.,1.35963107344689E-32,6.12323399573677E-17));
#2302=DIRECTION('',(0.,-1.,2.22044604925031E-16));
#2303=DIRECTION('',(-1.,1.35963107344689E-32,6.12323399573677E-17));
#2304=DIRECTION('',(0.,-1.,2.22044604925031E-16));
#2305=DIRECTION('center_axis',(-0.716554738657052,1.54882965163752E-16,
0.697530864197509));
#2306=DIRECTION('ref_axis',(0.,1.,-2.22044604925031E-16));
#2307=DIRECTION('',(0.697530864197509,1.59107113852264E-16,0.716554738657052));
#2308=DIRECTION('',(0.,-1.,2.22044604925031E-16));
#2309=DIRECTION('',(0.697530864197509,1.59107113852264E-16,0.716554738657052));
#2310=DIRECTION('',(0.,-1.,2.22044604925031E-16));
#2311=DIRECTION('center_axis',(0.,1.,-2.22044604925031E-16));
#2312=DIRECTION('ref_axis',(1.,0.,0.));
#2313=DIRECTION('center_axis',(0.,1.,-2.22044604925031E-16));
#2314=DIRECTION('ref_axis',(-1.,1.35963107344689E-32,6.12323399573677E-17));
#2315=DIRECTION('center_axis',(0.,-1.,2.22044604925031E-16));
#2316=DIRECTION('ref_axis',(1.,-1.35963107344689E-32,-6.12323399573677E-17));
#2317=DIRECTION('center_axis',(-1.,0.,0.));
#2318=DIRECTION('ref_axis',(0.,1.,-2.22044604925031E-16));
#2319=DIRECTION('',(0.,2.22044604925031E-16,1.));
#2320=DIRECTION('',(0.,-1.,2.22044604925031E-16));
#2321=DIRECTION('',(0.,2.22044604925031E-16,1.));
#2322=DIRECTION('',(0.,-1.,2.22044604925031E-16));
#2323=DIRECTION('center_axis',(0.697530864197509,1.59107113852264E-16,0.716554738657052));
#2324=DIRECTION('ref_axis',(0.,-1.,2.22044604925031E-16));
#2325=DIRECTION('',(0.716554738657052,-1.54882965163752E-16,-0.697530864197509));
#2326=DIRECTION('',(0.,-1.,2.22044604925031E-16));
#2327=DIRECTION('',(0.716554738657052,-1.54882965163752E-16,-0.697530864197509));
#2328=DIRECTION('',(0.,-1.,2.22044604925031E-16));
#2329=DIRECTION('center_axis',(0.,1.,-2.22044604925031E-16));
#2330=DIRECTION('ref_axis',(1.,0.,0.));
#2331=DIRECTION('center_axis',(0.,1.,-2.22044604925031E-16));
#2332=DIRECTION('ref_axis',(0.,2.22044604925031E-16,1.));
#2333=DIRECTION('center_axis',(0.,-1.,2.22044604925031E-16));
#2334=DIRECTION('ref_axis',(0.,-2.22044604925031E-16,-1.));
#2335=DIRECTION('center_axis',(0.,-1.,2.22044604925031E-16));
#2336=DIRECTION('ref_axis',(-1.,0.,0.));
#2337=DIRECTION('center_axis',(0.,1.,-2.22044604925031E-16));
#2338=DIRECTION('ref_axis',(-1.,0.,0.));
#2339=DIRECTION('center_axis',(0.,-1.,2.22044604925031E-16));
#2340=DIRECTION('ref_axis',(-1.,0.,0.));
#2341=DIRECTION('center_axis',(0.,-1.,2.22044604925031E-16));
#2342=DIRECTION('ref_axis',(-1.,0.,0.));
#2343=DIRECTION('center_axis',(0.,1.,-2.22044604925031E-16));
#2344=DIRECTION('ref_axis',(-1.,0.,0.));
#2345=DIRECTION('center_axis',(0.,-1.,2.22044604925031E-16));
#2346=DIRECTION('ref_axis',(-1.,0.,0.));
#2347=DIRECTION('center_axis',(0.,-1.,2.22044604925031E-16));
#2348=DIRECTION('ref_axis',(-1.,0.,0.));
#2349=DIRECTION('center_axis',(0.,1.,-2.22044604925031E-16));
#2350=DIRECTION('ref_axis',(-1.,0.,0.));
#2351=DIRECTION('center_axis',(0.,-1.,2.22044604925031E-16));
#2352=DIRECTION('ref_axis',(-1.,0.,0.));
#2353=DIRECTION('center_axis',(0.,-1.,2.22044604925031E-16));
#2354=DIRECTION('ref_axis',(-1.,0.,0.));
#2355=DIRECTION('center_axis',(0.,-1.,2.22044604925031E-16));
#2356=DIRECTION('ref_axis',(-1.,0.,0.));
#2357=DIRECTION('center_axis',(0.,1.,-2.22044604925031E-16));
#2358=DIRECTION('ref_axis',(-1.,0.,0.));
#2359=DIRECTION('center_axis',(0.,-1.,2.22044604925031E-16));
#2360=DIRECTION('ref_axis',(1.,0.,0.));
#2361=DIRECTION('center_axis',(0.,-1.,2.22044604925031E-16));
#2362=DIRECTION('ref_axis',(1.,0.,0.));
#2363=DIRECTION('',(0.,-1.,2.22044604925031E-16));
#2364=DIRECTION('center_axis',(0.,1.,-2.22044604925031E-16));
#2365=DIRECTION('ref_axis',(1.,0.,0.));
#2366=DIRECTION('center_axis',(0.,1.,-2.22044604925031E-16));
#2367=DIRECTION('ref_axis',(1.,0.,0.));
#2368=DIRECTION('center_axis',(0.,1.,-2.22044604925031E-16));
#2369=DIRECTION('ref_axis',(-1.,0.,0.));
#2370=DIRECTION('center_axis',(0.,1.,-2.22044604925031E-16));
#2371=DIRECTION('ref_axis',(1.,0.,0.));
#2372=DIRECTION('center_axis',(0.,1.,-2.22044604925031E-16));
#2373=DIRECTION('ref_axis',(-1.,0.,0.));
#2374=DIRECTION('center_axis',(0.,-1.,2.22044604925031E-16));
#2375=DIRECTION('ref_axis',(-1.,0.,0.));
#2376=DIRECTION('',(0.,-1.,2.22044604925031E-16));
#2377=DIRECTION('center_axis',(0.,-1.,2.22044604925031E-16));
#2378=DIRECTION('ref_axis',(-1.,0.,0.));
#2379=DIRECTION('center_axis',(0.,-1.,2.22044604925031E-16));
#2380=DIRECTION('ref_axis',(-1.,0.,0.));
#2381=DIRECTION('center_axis',(0.,-1.,2.22044604925031E-16));
#2382=DIRECTION('ref_axis',(-1.,0.,0.));
#2383=DIRECTION('',(0.,-1.,2.22044604925031E-16));
#2384=DIRECTION('center_axis',(0.,1.,-2.22044604925031E-16));
#2385=DIRECTION('ref_axis',(-1.,0.,0.));
#2386=DIRECTION('center_axis',(0.,1.,-2.22044604925031E-16));
#2387=DIRECTION('ref_axis',(1.,0.,0.));
#2388=DIRECTION('center_axis',(0.,1.,-2.22044604925031E-16));
#2389=DIRECTION('ref_axis',(-1.,0.,0.));
#2390=DIRECTION('center_axis',(0.,1.,-2.22044604925031E-16));
#2391=DIRECTION('ref_axis',(-1.,0.,0.));
#2392=DIRECTION('',(0.,1.,-2.22044604925031E-16));
#2393=DIRECTION('center_axis',(0.,1.,-2.22044604925031E-16));
#2394=DIRECTION('ref_axis',(-1.,0.,0.));
#2395=DIRECTION('center_axis',(0.,1.,-2.22044604925031E-16));
#2396=DIRECTION('ref_axis',(-1.,0.,0.));
#2397=DIRECTION('',(0.,1.,-2.22044604925031E-16));
#2398=DIRECTION('center_axis',(0.,-1.,2.22044604925031E-16));
#2399=DIRECTION('ref_axis',(-1.,0.,0.));
#2400=DIRECTION('center_axis',(0.,-1.,2.22044604925031E-16));
#2401=DIRECTION('ref_axis',(-1.,0.,0.));
#2402=DIRECTION('center_axis',(0.,-1.,2.22044604925031E-16));
#2403=DIRECTION('ref_axis',(-1.,0.,0.));
#2404=DIRECTION('center_axis',(0.,-1.,2.22044604925031E-16));
#2405=DIRECTION('ref_axis',(0.,2.22044604925031E-16,1.));
#2406=DIRECTION('center_axis',(0.,-1.,2.22044604925031E-16));
#2407=DIRECTION('ref_axis',(0.,2.22044604925031E-16,1.));
#2408=DIRECTION('center_axis',(0.,-1.,2.22044604925031E-16));
#2409=DIRECTION('ref_axis',(0.,2.22044604925031E-16,1.));
#2410=DIRECTION('',(0.,-1.,2.22044604925031E-16));
#2411=DIRECTION('center_axis',(0.,1.,-2.22044604925031E-16));
#2412=DIRECTION('ref_axis',(1.,0.,0.));
#2413=DIRECTION('center_axis',(0.,1.,-2.22044604925031E-16));
#2414=DIRECTION('ref_axis',(-1.,0.,0.));
#2415=DIRECTION('center_axis',(0.,1.,-2.22044604925031E-16));
#2416=DIRECTION('ref_axis',(-1.,0.,0.));
#2417=DIRECTION('',(0.,-1.,2.22044604925031E-16));
#2418=DIRECTION('center_axis',(0.,1.,-2.22044604925031E-16));
#2419=DIRECTION('ref_axis',(-1.,0.,0.));
#2420=DIRECTION('',(0.,-1.,2.22044604925031E-16));
#2421=DIRECTION('center_axis',(0.,-1.,2.22044604925031E-16));
#2422=DIRECTION('ref_axis',(-1.,0.,0.));
#2423=DIRECTION('center_axis',(0.,-1.,2.22044604925031E-16));
#2424=DIRECTION('ref_axis',(0.,2.22044604925031E-16,1.));
#2425=DIRECTION('center_axis',(0.,1.,-2.22044604925031E-16));
#2426=DIRECTION('ref_axis',(0.,2.22044604925031E-16,1.));
#2427=DIRECTION('',(0.,1.,-2.22044604925031E-16));
#2428=DIRECTION('center_axis',(0.,1.,-2.22044604925031E-16));
#2429=DIRECTION('ref_axis',(0.,2.22044604925031E-16,1.));
#2430=DIRECTION('center_axis',(0.,-1.,2.22044604925031E-16));
#2431=DIRECTION('ref_axis',(-1.,0.,0.));
#2432=DIRECTION('center_axis',(0.,-1.,2.22044604925031E-16));
#2433=DIRECTION('ref_axis',(-1.,0.,0.));
#2434=DIRECTION('center_axis',(0.,-1.,2.22044604925031E-16));
#2435=DIRECTION('ref_axis',(-1.,0.,0.));
#2436=DIRECTION('center_axis',(0.,1.,-2.22044604925031E-16));
#2437=DIRECTION('ref_axis',(-1.,0.,0.));
#2438=DIRECTION('center_axis',(0.,-1.,2.22044604925031E-16));
#2439=DIRECTION('ref_axis',(-1.,0.,0.));
#2440=DIRECTION('',(0.,1.,-2.22044604925031E-16));
#2441=DIRECTION('center_axis',(0.,1.,-2.22044604925031E-16));
#2442=DIRECTION('ref_axis',(1.,0.,0.));
#2443=CARTESIAN_POINT('',(0.,0.,0.));
#2444=CARTESIAN_POINT('Origin',(-0.783,1.966,2.649));
#2445=CARTESIAN_POINT('',(0.166999999999999,1.966,2.649));
#2446=CARTESIAN_POINT('',(0.166999999999999,1.976,2.649));
#2447=CARTESIAN_POINT('',(0.166999999999999,1.966,2.649));
#2448=CARTESIAN_POINT('',(0.817,1.966,2.649));
#2449=CARTESIAN_POINT('',(-0.383,1.966,2.649));
#2450=CARTESIAN_POINT('',(0.817,1.976,2.649));
#2451=CARTESIAN_POINT('',(0.817,1.966,2.649));
#2452=CARTESIAN_POINT('',(-0.383,1.976,2.649));
#2453=CARTESIAN_POINT('Origin',(0.817,1.966,2.949));
#2454=CARTESIAN_POINT('',(0.167,1.976,2.949));
#2455=CARTESIAN_POINT('',(0.167,1.966,2.949));
#2456=CARTESIAN_POINT('',(0.167,1.966,2.949));
#2457=CARTESIAN_POINT('',(0.817,1.976,2.949));
#2458=CARTESIAN_POINT('',(0.417,1.976,2.949));
#2459=CARTESIAN_POINT('',(0.817,1.966,2.949));
#2460=CARTESIAN_POINT('',(0.817,1.966,2.949));
#2461=CARTESIAN_POINT('',(0.417000000000001,1.966,2.949));
#2462=CARTESIAN_POINT('Origin',(-0.783,1.966,2.949));
#2463=CARTESIAN_POINT('',(-0.783,1.976,2.949));
#2464=CARTESIAN_POINT('',(-0.783,1.976,2.649));
#2465=CARTESIAN_POINT('',(-0.783,1.976,2.874));
#2466=CARTESIAN_POINT('',(-0.783,1.966,2.949));
#2467=CARTESIAN_POINT('',(-0.783,1.966,2.949));
#2468=CARTESIAN_POINT('',(-0.783,1.966,2.649));
#2469=CARTESIAN_POINT('',(-0.783,1.966,1.474));
#2470=CARTESIAN_POINT('',(-0.783,1.966,2.649));
#2471=CARTESIAN_POINT('Origin',(-0.783,1.966,2.649));
#2472=CARTESIAN_POINT('',(-0.132999999999999,1.976,2.649));
#2473=CARTESIAN_POINT('',(-0.132999999999999,1.966,2.649));
#2474=CARTESIAN_POINT('',(-0.132999999999999,1.966,2.649));
#2475=CARTESIAN_POINT('',(-0.383,1.976,2.649));
#2476=CARTESIAN_POINT('',(-0.383,1.966,2.649));
#2477=CARTESIAN_POINT('Origin',(0.817,1.966,2.649));
#2478=CARTESIAN_POINT('',(0.817,1.976,2.724));
#2479=CARTESIAN_POINT('',(0.817,1.966,1.324));
#2480=CARTESIAN_POINT('Origin',(0.817,1.966,2.949));
#2481=CARTESIAN_POINT('',(-0.133,1.966,2.949));
#2482=CARTESIAN_POINT('',(-0.133,1.976,2.949));
#2483=CARTESIAN_POINT('',(-0.133,1.966,2.949));
#2484=CARTESIAN_POINT('',(0.417000000000001,1.966,2.949));
#2485=CARTESIAN_POINT('',(0.417,1.976,2.949));
#2486=CARTESIAN_POINT('Origin',(-0.133,1.966,3.599));
#2487=CARTESIAN_POINT('',(-0.133,1.976,3.599));
#2488=CARTESIAN_POINT('',(-0.133,1.976,3.199));
#2489=CARTESIAN_POINT('',(-0.133,1.966,3.599));
#2490=CARTESIAN_POINT('',(-0.133,1.966,3.599));
#2491=CARTESIAN_POINT('',(-0.132999999999999,1.966,1.799));
#2492=CARTESIAN_POINT('Origin',(0.166999999999999,1.966,1.999));
#2493=CARTESIAN_POINT('',(0.167,1.966,3.599));
#2494=CARTESIAN_POINT('',(0.166999999999999,1.966,0.998999999999999));
#2495=CARTESIAN_POINT('',(0.167,1.976,3.599));
#2496=CARTESIAN_POINT('',(0.167,1.966,3.599));
#2497=CARTESIAN_POINT('',(0.166999999999999,1.976,2.399));
#2498=CARTESIAN_POINT('Origin',(-0.133,1.966,3.599));
#2499=CARTESIAN_POINT('',(-0.132999999999999,1.966,1.999));
#2500=CARTESIAN_POINT('',(-0.132999999999999,1.966,1.799));
#2501=CARTESIAN_POINT('',(-0.132999999999999,1.976,1.999));
#2502=CARTESIAN_POINT('',(-0.132999999999999,1.966,1.999));
#2503=CARTESIAN_POINT('',(-0.133,1.976,3.199));
#2504=CARTESIAN_POINT('Origin',(-0.132999999999999,1.966,1.999));
#2505=CARTESIAN_POINT('',(0.166999999999999,1.976,1.999));
#2506=CARTESIAN_POINT('',(-0.0579999999999996,1.976,1.999));
#2507=CARTESIAN_POINT('',(0.166999999999999,1.966,1.999));
#2508=CARTESIAN_POINT('',(-0.0579999999999996,1.966,1.999));
#2509=CARTESIAN_POINT('',(0.166999999999999,1.966,1.999));
#2510=CARTESIAN_POINT('Origin',(0.166999999999999,1.966,1.999));
#2511=CARTESIAN_POINT('',(0.166999999999999,1.976,2.399));
#2512=CARTESIAN_POINT('',(0.166999999999999,1.966,0.998999999999999));
#2513=CARTESIAN_POINT('Origin',(0.167,1.966,3.599));
#2514=CARTESIAN_POINT('',(0.0919999999999999,1.976,3.599));
#2515=CARTESIAN_POINT('',(0.0919999999999999,1.966,3.599));
#2516=CARTESIAN_POINT('Origin',(0.017,1.966,2.799));
#2517=CARTESIAN_POINT('',(1.117,1.976,2.799));
#2518=CARTESIAN_POINT('Origin',(0.017,1.976,2.799));
#2519=CARTESIAN_POINT('',(1.117,1.966,2.799));
#2520=CARTESIAN_POINT('',(1.117,1.966,2.799));
#2521=CARTESIAN_POINT('Origin',(0.017,1.966,2.799));
#2522=CARTESIAN_POINT('Origin',(0.017,1.976,2.799));
#2523=CARTESIAN_POINT('Origin',(0.017,1.966,-0.00100000000000088));
#2524=CARTESIAN_POINT('',(4.517,1.966,-0.00100000000000143));
#2525=CARTESIAN_POINT('Origin',(0.017,1.966,-0.00100000000000088));
#2526=CARTESIAN_POINT('',(0.867,1.966,-0.00100000000000098));
#2527=CARTESIAN_POINT('Origin',(0.017,1.966,-0.00100000000000088));
#2528=CARTESIAN_POINT('Origin',(0.017,-1.994,-0.000999999999999998));
#2529=CARTESIAN_POINT('',(1.64921591979689,-1.994,2.76777523099852));
#2530=CARTESIAN_POINT('',(1.64921591979689,-1.994,2.09030358395041));
#2531=CARTESIAN_POINT('',(1.64921591979689,-1.994,1.04465179197521));
#2532=CARTESIAN_POINT('',(0.971744272748776,-1.994,2.09030358395041));
#2533=CARTESIAN_POINT('',(0.494372136374388,-1.994,2.09030358395041));
#2534=CARTESIAN_POINT('',(0.971744272748776,-1.994,1.87474442352601));
#2535=CARTESIAN_POINT('',(0.971744272748776,-1.994,0.936872211763006));
#2536=CARTESIAN_POINT('',(1.64921591979689,-1.994,1.87474442352601));
#2537=CARTESIAN_POINT('',(0.833107959898444,-1.994,1.87474442352601));
#2538=CARTESIAN_POINT('',(1.64921591979689,-1.994,1.1972727764779));
#2539=CARTESIAN_POINT('',(1.64921591979689,-1.994,0.598136388238949));
#2540=CARTESIAN_POINT('',(1.87287880805679,-1.994,1.1972727764779));
#2541=CARTESIAN_POINT('',(0.944939404028396,-1.994,1.1972727764779));
#2542=CARTESIAN_POINT('',(1.87287880805679,-1.994,1.87474442352601));
#2543=CARTESIAN_POINT('',(1.87287880805679,-1.994,0.936872211763006));
#2544=CARTESIAN_POINT('',(2.5503504551049,-1.994,1.87474442352601));
#2545=CARTESIAN_POINT('',(1.28367522755245,-1.994,1.87474442352601));
#2546=CARTESIAN_POINT('',(2.5503504551049,-1.994,2.09030358395041));
#2547=CARTESIAN_POINT('',(2.5503504551049,-1.994,1.04465179197521));
#2548=CARTESIAN_POINT('',(1.87287880805679,-1.994,2.09030358395041));
#2549=CARTESIAN_POINT('',(0.944939404028396,-1.994,2.09030358395041));
#2550=CARTESIAN_POINT('',(1.87287880805679,-1.994,2.76777523099852));
#2551=CARTESIAN_POINT('',(1.87287880805679,-1.994,1.38338761549926));
#2552=CARTESIAN_POINT('',(0.833107959898444,-1.994,2.76777523099852));
#2553=CARTESIAN_POINT('Origin',(1.87287880805679,13.6144572681199,1.1972727764779));
#2554=CARTESIAN_POINT('',(1.64921591979689,-1.974,1.1972727764779));
#2555=CARTESIAN_POINT('',(1.64921591979689,13.6144572681199,1.1972727764779));
#2556=CARTESIAN_POINT('',(1.87287880805679,-1.974,1.1972727764779));
#2557=CARTESIAN_POINT('',(0.944939404028396,-1.974,1.1972727764779));
#2558=CARTESIAN_POINT('',(1.87287880805679,13.6144572681199,1.1972727764779));
#2559=CARTESIAN_POINT('Origin',(1.64921591979689,13.6144572681199,1.1972727764779));
#2560=CARTESIAN_POINT('',(1.64921591979689,-1.974,1.87474442352601));
#2561=CARTESIAN_POINT('',(1.64921591979689,13.6144572681199,1.87474442352601));
#2562=CARTESIAN_POINT('',(1.64921591979689,-1.974,0.598136388238949));
#2563=CARTESIAN_POINT('Origin',(1.64921591979689,13.6144572681199,1.87474442352601));
#2564=CARTESIAN_POINT('',(0.971744272748776,-1.974,1.87474442352601));
#2565=CARTESIAN_POINT('',(0.971744272748776,13.6144572681199,1.87474442352601));
#2566=CARTESIAN_POINT('',(0.833107959898444,-1.974,1.87474442352601));
#2567=CARTESIAN_POINT('Origin',(0.971744272748776,13.6144572681199,1.87474442352601));
#2568=CARTESIAN_POINT('',(0.971744272748776,-1.974,2.09030358395041));
#2569=CARTESIAN_POINT('',(0.971744272748776,13.6144572681199,2.09030358395041));
#2570=CARTESIAN_POINT('',(0.971744272748776,-1.974,0.936872211763006));
#2571=CARTESIAN_POINT('Origin',(0.971744272748776,13.6144572681199,2.09030358395041));
#2572=CARTESIAN_POINT('',(1.64921591979689,-1.974,2.09030358395041));
#2573=CARTESIAN_POINT('',(1.64921591979689,13.6144572681199,2.09030358395041));
#2574=CARTESIAN_POINT('',(0.494372136374388,-1.974,2.09030358395041));
#2575=CARTESIAN_POINT('Origin',(1.64921591979689,13.6144572681199,2.09030358395041));
#2576=CARTESIAN_POINT('',(1.64921591979689,-1.974,2.76777523099852));
#2577=CARTESIAN_POINT('',(1.64921591979689,13.6144572681199,2.76777523099852));
#2578=CARTESIAN_POINT('',(1.64921591979689,-1.974,1.04465179197521));
#2579=CARTESIAN_POINT('Origin',(1.64921591979689,13.6144572681199,2.76777523099852));
#2580=CARTESIAN_POINT('',(1.87287880805679,-1.974,2.76777523099852));
#2581=CARTESIAN_POINT('',(1.87287880805679,13.6144572681199,2.76777523099852));
#2582=CARTESIAN_POINT('',(0.833107959898444,-1.974,2.76777523099852));
#2583=CARTESIAN_POINT('Origin',(1.87287880805679,13.6144572681199,2.76777523099852));
#2584=CARTESIAN_POINT('',(1.87287880805679,-1.974,2.09030358395041));
#2585=CARTESIAN_POINT('',(1.87287880805679,13.6144572681199,2.09030358395041));
#2586=CARTESIAN_POINT('',(1.87287880805679,-1.974,1.38338761549926));
#2587=CARTESIAN_POINT('Origin',(1.87287880805679,13.6144572681199,2.09030358395041));
#2588=CARTESIAN_POINT('',(2.5503504551049,-1.974,2.09030358395041));
#2589=CARTESIAN_POINT('',(2.5503504551049,13.6144572681199,2.09030358395041));
#2590=CARTESIAN_POINT('',(0.944939404028396,-1.974,2.09030358395041));
#2591=CARTESIAN_POINT('Origin',(2.5503504551049,13.6144572681199,2.09030358395041));
#2592=CARTESIAN_POINT('',(2.5503504551049,-1.974,1.87474442352601));
#2593=CARTESIAN_POINT('',(2.5503504551049,13.6144572681199,1.87474442352601));
#2594=CARTESIAN_POINT('',(2.5503504551049,-1.974,1.04465179197521));
#2595=CARTESIAN_POINT('Origin',(2.5503504551049,13.6144572681199,1.87474442352601));
#2596=CARTESIAN_POINT('',(1.87287880805679,-1.974,1.87474442352601));
#2597=CARTESIAN_POINT('',(1.87287880805679,13.6144572681199,1.87474442352601));
#2598=CARTESIAN_POINT('',(1.28367522755245,-1.974,1.87474442352601));
#2599=CARTESIAN_POINT('Origin',(1.87287880805679,13.6144572681199,1.87474442352601));
#2600=CARTESIAN_POINT('',(1.87287880805679,-1.974,0.936872211763006));
#2601=CARTESIAN_POINT('Origin',(1.87992037889988,-1.974,-0.901661265811097));
#2602=CARTESIAN_POINT('',(1.87992037889988,-1.994,-0.901661265811097));
#2603=CARTESIAN_POINT('',(1.87992037889988,-1.994,-2.22623500910113));
#2604=CARTESIAN_POINT('',(1.87992037889988,-1.994,-2.22623500910113));
#2605=CARTESIAN_POINT('',(1.87992037889988,-1.974,-2.22623500910113));
#2606=CARTESIAN_POINT('',(1.87992037889988,-1.974,-2.22623500910113));
#2607=CARTESIAN_POINT('',(1.87992037889988,-1.974,-0.901661265811097));
#2608=CARTESIAN_POINT('',(1.87992037889988,-1.974,-0.451330632905548));
#2609=CARTESIAN_POINT('',(1.87992037889988,-1.974,-0.901661265811097));
#2610=CARTESIAN_POINT('Origin',(1.87992037889988,-1.974,-2.22623500910113));
#2611=CARTESIAN_POINT('',(1.65131522977658,-1.994,-2.22623500910113));
#2612=CARTESIAN_POINT('',(1.65131522977658,-1.994,-2.22623500910113));
#2613=CARTESIAN_POINT('',(1.65131522977658,-1.974,-2.22623500910113));
#2614=CARTESIAN_POINT('',(1.65131522977658,-1.974,-2.22623500910113));
#2615=CARTESIAN_POINT('',(0.948460189449939,-1.974,-2.22623500910113));
#2616=CARTESIAN_POINT('Origin',(1.65131522977658,-1.974,-2.22623500910113));
#2617=CARTESIAN_POINT('',(1.65131522977658,-1.994,-0.901661265811098));
#2618=CARTESIAN_POINT('',(1.65131522977658,-1.994,-0.901661265811098));
#2619=CARTESIAN_POINT('',(1.65131522977658,-1.974,-0.901661265811098));
#2620=CARTESIAN_POINT('',(1.65131522977658,-1.974,-0.901661265811098));
#2621=CARTESIAN_POINT('',(1.65131522977658,-1.974,-1.11361750455056));
#2622=CARTESIAN_POINT('Origin',(1.65131522977658,-1.974,-0.901661265811098));
#2623=CARTESIAN_POINT('',(1.87992037889988,-1.994,-0.901661265811097));
#2624=CARTESIAN_POINT('',(0.834157614888289,-1.974,-0.901661265811099));
#2625=CARTESIAN_POINT('Origin',(1.76561780433823,-1.994,-1.56394813745611));
#2626=CARTESIAN_POINT('Origin',(-2.32765576405863,-2.17587638780304,-1.72065576405863));
#2627=CARTESIAN_POINT('',(-2.29427507813525,-2.27014053691225,-1.72065576405863));
#2628=CARTESIAN_POINT('',(-2.32765575713957,-2.27014053815374,-1.68727508164111));
#2629=CARTESIAN_POINT('Origin',(-2.32765576405863,-2.17587638780304,-1.72065576405863));
#2630=CARTESIAN_POINT('',(-2.34531676745135,-2.27430447809825,-1.72065576405863));
#2631=CARTESIAN_POINT('Origin',(-2.32765576405863,-2.17587638780304,-1.72065576405863));
#2632=CARTESIAN_POINT('',(-2.32765576405863,-2.27587638780304,-1.72065576405863));
#2633=CARTESIAN_POINT('Origin',(-2.32765576405863,-2.17587638780304,-1.72065576405863));
#2634=CARTESIAN_POINT('',(-2.35457279356239,-2.27014053691225,-1.74039769191304));
#2635=CARTESIAN_POINT('Origin',(-2.32765576405863,-2.17587638780304,-1.72065576405863));
#2636=CARTESIAN_POINT('Origin',(-2.32765576405863,-2.17587638780304,-1.72065576405863));
#2637=CARTESIAN_POINT('Ctrl Pts',(-3.66608214872632,-1.97055074664545,-0.882409353710483));
#2638=CARTESIAN_POINT('Ctrl Pts',(-3.25963280944624,-2.08386699982454,-1.2059125130026));
#2639=CARTESIAN_POINT('Ctrl Pts',(-2.82391374042096,-2.18649435238232,-1.49987266819033));
#2640=CARTESIAN_POINT('Ctrl Pts',(-2.35457278659635,-2.27014053815374,-1.74039769548295));
#2641=CARTESIAN_POINT('Ctrl Pts',(-3.65629486512151,-1.97507596681036,-0.86840102108163));
#2642=CARTESIAN_POINT('Ctrl Pts',(-3.25019133614626,-2.08880092450436,-1.19082004276822));
#2643=CARTESIAN_POINT('Ctrl Pts',(-2.81504272648299,-2.1919016787278,-1.48352848159717));
#2644=CARTESIAN_POINT('Ctrl Pts',(-2.3467216793842,-2.27606703067414,-1.72280431291291));
#2645=CARTESIAN_POINT('Ctrl Pts',(-3.64496388152542,-1.97507596681036,-0.85403843654026));
#2646=CARTESIAN_POINT('Ctrl Pts',(-3.23910847636178,-2.08880092450436,-1.17517600993064));
#2647=CARTESIAN_POINT('Ctrl Pts',(-2.8044469555916,-2.1919016787278,-1.46635424961761));
#2648=CARTESIAN_POINT('Ctrl Pts',(-2.33719916810935,-2.27606703067414,-1.70401098023588));
#2649=CARTESIAN_POINT('Ctrl Pts',(-3.63361813914068,-1.97055074664545,-0.841259609006371));
#2650=CARTESIAN_POINT('Ctrl Pts',(-3.22800829346093,-2.08386699982454,-1.16125483650683));
#2651=CARTESIAN_POINT('Ctrl Pts',(-2.79383157704597,-2.18649435238232,-1.45106553980984));
#2652=CARTESIAN_POINT('Ctrl Pts',(-2.32765575713957,-2.27014053815374,-1.68727508164111));
#2653=CARTESIAN_POINT('',(-3.62125076094399,-1.974,-0.850999999999994));
#2654=CARTESIAN_POINT('',(-3.65368896377878,-1.97399999999999,-0.892256801054812));
#2655=CARTESIAN_POINT('Ctrl Pts',(-3.65368896604863,-1.97400006749072,-0.892257016622968));
#2656=CARTESIAN_POINT('Ctrl Pts',(-3.65505620486496,-1.97400005612,-0.886625865473941));
#2657=CARTESIAN_POINT('Ctrl Pts',(-3.65590013106939,-1.97399470132986,-0.880502726001819));
#2658=CARTESIAN_POINT('Ctrl Pts',(-3.6553168591423,-1.97398907238556,-0.874735558146411));
#2659=CARTESIAN_POINT('Ctrl Pts',(-3.65496427236267,-1.97398566969936,-0.871249316057123));
#2660=CARTESIAN_POINT('Ctrl Pts',(-3.65408562015288,-1.97398232699707,-0.867845147115618));
#2661=CARTESIAN_POINT('Ctrl Pts',(-3.65244269680733,-1.97398082832887,-0.864750393771182));
#2662=CARTESIAN_POINT('Ctrl Pts',(-3.65107258710906,-1.97397957852021,-0.862169535946977));
#2663=CARTESIAN_POINT('Ctrl Pts',(-3.64925029305623,-1.97397972972818,-0.859953411594917));
#2664=CARTESIAN_POINT('Ctrl Pts',(-3.64699038307529,-1.97398121531432,-0.85810099907566));
#2665=CARTESIAN_POINT('Ctrl Pts',(-3.64453632301232,-1.97398282852797,-0.856089444800495));
#2666=CARTESIAN_POINT('Ctrl Pts',(-3.64170795750561,-1.97398585837787,-0.854622897625814));
#2667=CARTESIAN_POINT('Ctrl Pts',(-3.63871673144907,-1.97398894730093,-0.853563817168474));
#2668=CARTESIAN_POINT('Ctrl Pts',(-3.63323590590278,-1.97399460713676,-0.851623263323177));
#2669=CARTESIAN_POINT('Ctrl Pts',(-3.62706054069574,-1.97400005603035,-0.851000085383665));
#2670=CARTESIAN_POINT('Ctrl Pts',(-3.62125075349198,-1.97400006749072,-0.851000190587904));
#2671=CARTESIAN_POINT('Ctrl Pts',(-3.6536890753987,-1.97400003710753,-0.892256929877615));
#2672=CARTESIAN_POINT('Ctrl Pts',(-3.25077879408234,-2.08594966080903,-1.21187806909764));
#2673=CARTESIAN_POINT('Ctrl Pts',(-2.81914699760029,-2.18734388349069,-1.50231549917037));
#2674=CARTESIAN_POINT('Ctrl Pts',(-2.35457279356239,-2.27014053691225,-1.74039769191304));
#2675=CARTESIAN_POINT('Ctrl Pts',(-2.32765575713957,-2.27014053815374,-1.68727508164111));
#2676=CARTESIAN_POINT('Ctrl Pts',(-2.78909697380503,-2.18734388486628,-1.45346454553802));
#2677=CARTESIAN_POINT('Ctrl Pts',(-3.2191857687689,-2.08594966225525,-1.16713609378125));
#2678=CARTESIAN_POINT('Ctrl Pts',(-3.62125085733866,-1.97400003857601,-0.851000108935278));
#2679=CARTESIAN_POINT('Ctrl Pts',(-1.44689876492235,-1.97006884648098,-3.44463654590859));
#2680=CARTESIAN_POINT('Ctrl Pts',(-1.79639826908408,-2.09383311199491,-2.91156920849173));
#2681=CARTESIAN_POINT('Ctrl Pts',(-2.09292010885694,-2.19883700261946,-2.33565368761094));
#2682=CARTESIAN_POINT('Ctrl Pts',(-2.29427507813525,-2.27014053691225,-1.72065576405863));
#2683=CARTESIAN_POINT('Ctrl Pts',(-1.46149462962132,-1.97523751325303,-3.45540618666288));
#2684=CARTESIAN_POINT('Ctrl Pts',(-1.81242850755975,-2.09951561256903,-2.92173082784647));
#2685=CARTESIAN_POINT('Ctrl Pts',(-2.11065791222306,-2.20511090527753,-2.34471544326277));
#2686=CARTESIAN_POINT('Ctrl Pts',(-2.31343858271814,-2.27692668979983,-1.72771683434095));
#2687=CARTESIAN_POINT('Ctrl Pts',(-1.47789317718096,-1.97523751325303,-3.46615770685326));
#2688=CARTESIAN_POINT('Ctrl Pts',(-1.83043427089263,-2.09951561256903,-2.93187155855626));
#2689=CARTESIAN_POINT('Ctrl Pts',(-2.13057138352361,-2.20511090527753,-2.35375391926083));
#2690=CARTESIAN_POINT('Ctrl Pts',(-2.33494396508817,-2.27692668979983,-1.73475785909991));
#2691=CARTESIAN_POINT('Ctrl Pts',(-1.49358954711768,-1.97006884648098,-3.47524882334668));
#2692=CARTESIAN_POINT('Ctrl Pts',(-1.84743476176068,-2.09383311199491,-2.9402919883257));
#2693=CARTESIAN_POINT('Ctrl Pts',(-2.1490422521165,-2.19883700261946,-2.36108877775725));
#2694=CARTESIAN_POINT('Ctrl Pts',(-2.35457279356239,-2.27014053691225,-1.74039769191304));
#2695=CARTESIAN_POINT('',(-1.5048292253059,-1.974,-3.458214480364));
#2696=CARTESIAN_POINT('',(-1.45800001569172,-1.97400000555673,-3.42766272230464));
#2697=CARTESIAN_POINT('Ctrl Pts',(-1.45800017754234,-1.97400006287104,-3.42766253964794));
#2698=CARTESIAN_POINT('Ctrl Pts',(-1.4580000922117,-1.97400006670462,-3.43390216355612));
#2699=CARTESIAN_POINT('Ctrl Pts',(-1.45856750151402,-1.97399427855704,-3.440672914516));
#2700=CARTESIAN_POINT('Ctrl Pts',(-1.46042337661726,-1.9739873600291,-3.4466398877884));
#2701=CARTESIAN_POINT('Ctrl Pts',(-1.46149452499006,-1.97398336688865,-3.45008382305113));
#2702=CARTESIAN_POINT('Ctrl Pts',(-1.4630462840249,-1.97397898821953,-3.45342839530982));
#2703=CARTESIAN_POINT('Ctrl Pts',(-1.46530753852872,-1.97397635359551,-3.45623935839566));
#2704=CARTESIAN_POINT('Ctrl Pts',(-1.46696587829225,-1.97397442143717,-3.4583008388045));
#2705=CARTESIAN_POINT('Ctrl Pts',(-1.46894091736597,-1.97397355620874,-3.45999487568093));
#2706=CARTESIAN_POINT('Ctrl Pts',(-1.47126526077498,-1.97397409593768,-3.46125829946185));
#2707=CARTESIAN_POINT('Ctrl Pts',(-1.47356438408938,-1.97397462981033,-3.46250801456825));
#2708=CARTESIAN_POINT('Ctrl Pts',(-1.47605438926837,-1.9739764861841,-3.46325437237611));
#2709=CARTESIAN_POINT('Ctrl Pts',(-1.47864714103462,-1.97397899588016,-3.46360898671003));
#2710=CARTESIAN_POINT('Ctrl Pts',(-1.48227373816782,-1.97398250630358,-3.46410500154012));
#2711=CARTESIAN_POINT('Ctrl Pts',(-1.48603894308225,-1.9739871274939,-3.46382575566723));
#2712=CARTESIAN_POINT('Ctrl Pts',(-1.48963574104272,-1.97399086692752,-3.46315227183967));
#2713=CARTESIAN_POINT('Ctrl Pts',(-1.49479796994751,-1.97399623387126,-3.46218566828848));
#2714=CARTESIAN_POINT('Ctrl Pts',(-1.50002413309926,-1.97400006607744,-3.46032955172485));
#2715=CARTESIAN_POINT('Ctrl Pts',(-1.50482946633792,-1.97400006287104,-3.45821422971169));
#2716=CARTESIAN_POINT('Ctrl Pts',(-1.45800004455121,-1.97400001577641,-3.42766274349388));
#2717=CARTESIAN_POINT('Ctrl Pts',(-1.8026767251519,-2.09605642989535,-2.89934977964272));
#2718=CARTESIAN_POINT('Ctrl Pts',(-2.09505545475982,-2.19959316826244,-2.32913170654915));
#2719=CARTESIAN_POINT('Ctrl Pts',(-2.29427507813525,-2.27014053691225,-1.72065576405863));
#2720=CARTESIAN_POINT('Ctrl Pts',(-2.35457279356239,-2.27014053691225,-1.74039769191304));
#2721=CARTESIAN_POINT('Ctrl Pts',(-2.15122186920249,-2.19959316469903,-2.35450645239426));
#2722=CARTESIAN_POINT('Ctrl Pts',(-1.85382095089335,-2.09605641943589,-2.92800261575492));
#2723=CARTESIAN_POINT('Ctrl Pts',(-1.50482927879829,-1.97399999728089,-3.45821451463467));
#2724=CARTESIAN_POINT('Origin',(-1.9945095252111,-2.05790311725838,-1.3875095252111));
#2725=CARTESIAN_POINT('',(-1.458,-1.974,-0.884380685923377));
#2726=CARTESIAN_POINT('',(-1.49138068592338,-1.974,-0.851));
#2727=CARTESIAN_POINT('Origin',(-1.75757443124309,-1.974,-1.15057443124309));
#2728=CARTESIAN_POINT('',(-1.9945095252111,-2.1521672663676,-1.35412883928773));
#2729=CARTESIAN_POINT('',(-1.96112883928773,-2.1521672663676,-1.3875095252111));
#2730=CARTESIAN_POINT('Origin',(0.017,-1.974,-0.001));
#2731=CARTESIAN_POINT('Origin',(0.017,-1.974,-0.001));
#2732=CARTESIAN_POINT('Origin',(-2.32765576405863,-2.17587638780303,1.71865576405863));
#2733=CARTESIAN_POINT('',(-2.32765575020574,-2.27014053815473,1.68527508164389));
#2734=CARTESIAN_POINT('',(-2.29427507180543,-2.27014053467075,1.71865578339177));
#2735=CARTESIAN_POINT('Origin',(-2.32765575939868,-2.17587638615286,1.71865575939868));
#2736=CARTESIAN_POINT('',(-2.35457279356239,-2.27014053691225,1.73839769191304));
#2737=CARTESIAN_POINT('Origin',(-2.32765576405863,-2.17587638780304,1.71865576405863));
#2738=CARTESIAN_POINT('',(-2.34531676484404,-2.27430447856608,1.71865576405863));
#2739=CARTESIAN_POINT('Origin',(-2.32765576405863,-2.17587638780303,1.71865576405863));
#2740=CARTESIAN_POINT('',(-2.32765576405863,-2.27587638780303,1.71865576405863));
#2741=CARTESIAN_POINT('Origin',(-2.32765576405863,-2.17587638780303,1.71865576405863));
#2742=CARTESIAN_POINT('Origin',(-2.32765576405863,-2.17587638780303,1.71865576405863));
#2743=CARTESIAN_POINT('Ctrl Pts',(-1.49358894195886,-1.97006863481487,3.47324973824899));
#2744=CARTESIAN_POINT('Ctrl Pts',(-1.84764337979776,-2.09390608070663,2.93797673250797));
#2745=CARTESIAN_POINT('Ctrl Pts',(-2.14934358018713,-2.19894154064221,2.35817878332996));
#2746=CARTESIAN_POINT('Ctrl Pts',(-2.35457279356239,-2.27014053691225,1.73839769191304));
#2747=CARTESIAN_POINT('Ctrl Pts',(-1.47789257425317,-1.97523730071807,3.46415862060981));
#2748=CARTESIAN_POINT('Ctrl Pts',(-1.83064212041178,-2.09958888406197,2.9295566975971));
#2749=CARTESIAN_POINT('Ctrl Pts',(-2.1308710139107,-2.2052161943097,2.35084640990858));
#2750=CARTESIAN_POINT('Ctrl Pts',(-2.33494396508818,-2.27692668979983,1.73275785909991));
#2751=CARTESIAN_POINT('Ctrl Pts',(-1.46149402944113,-1.97523730071807,3.45340709937451));
#2752=CARTESIAN_POINT('Ctrl Pts',(-1.81263541003704,-2.09958888406197,2.91941632634907));
#2753=CARTESIAN_POINT('Ctrl Pts',(-2.11095520871132,-2.2052161943097,2.34181086237129));
#2754=CARTESIAN_POINT('Ctrl Pts',(-2.31343858271814,-2.27692668979983,1.72571683434095));
#2755=CARTESIAN_POINT('Ctrl Pts',(-1.44689816719572,-1.97006863481487,3.44263745757942));
#2756=CARTESIAN_POINT('Ctrl Pts',(-1.79660432636934,-2.09390608070663,2.90925506482341));
#2757=CARTESIAN_POINT('Ctrl Pts',(-2.09321531512642,-2.19894154064221,2.33275203992179));
#2758=CARTESIAN_POINT('Ctrl Pts',(-2.29427507813525,-2.27014053691225,1.71865576405863));
#2759=CARTESIAN_POINT('',(-1.45800001901973,-1.97400000673524,3.42566271210238));
#2760=CARTESIAN_POINT('',(-1.50482928104438,-1.97400001625934,3.45621443074525));
#2761=CARTESIAN_POINT('Ctrl Pts',(-1.50482942183063,-1.97400004721016,3.45621419480685));
#2762=CARTESIAN_POINT('Ctrl Pts',(-1.49940131918021,-1.974000058177,3.45860368696025));
#2763=CARTESIAN_POINT('Ctrl Pts',(-1.49333396662451,-1.97399489439573,3.46070797336109));
#2764=CARTESIAN_POINT('Ctrl Pts',(-1.48741209977778,-1.97398847964666,3.46151255652972));
#2765=CARTESIAN_POINT('Ctrl Pts',(-1.48704839117188,-1.97398808566626,3.46156197233561));
#2766=CARTESIAN_POINT('Ctrl Pts',(-1.4866852438759,-1.97398768675731,3.46160649674293));
#2767=CARTESIAN_POINT('Ctrl Pts',(-1.48632284472571,-1.9739872842608,3.46164589943224));
#2768=CARTESIAN_POINT('Ctrl Pts',(-1.48274156027448,-1.97398330672801,3.46203528290204));
#2769=CARTESIAN_POINT('Ctrl Pts',(-1.47906100143818,-1.97397895223646,3.46194235844664));
#2770=CARTESIAN_POINT('Ctrl Pts',(-1.47558686039076,-1.97397633352858,3.46098718294677));
#2771=CARTESIAN_POINT('Ctrl Pts',(-1.47303676600604,-1.97397441134056,3.46028606354909));
#2772=CARTESIAN_POINT('Ctrl Pts',(-1.47069773627432,-1.97397355345151,3.45914792244653));
#2773=CARTESIAN_POINT('Ctrl Pts',(-1.46861468019215,-1.97397410024946,3.45751848784446));
#2774=CARTESIAN_POINT('Ctrl Pts',(-1.46655426438625,-1.97397464110439,3.45590676320702));
#2775=CARTESIAN_POINT('Ctrl Pts',(-1.46487938484665,-1.97397650430705,3.45392007380939));
#2776=CARTESIAN_POINT('Ctrl Pts',(-1.46352208831079,-1.97397902193516,3.45168370584214));
#2777=CARTESIAN_POINT('Ctrl Pts',(-1.46162050468096,-1.97398254915289,3.44855053589407));
#2778=CARTESIAN_POINT('Ctrl Pts',(-1.46037484580545,-1.97398719350432,3.4449801822789));
#2779=CARTESIAN_POINT('Ctrl Pts',(-1.45955621745286,-1.97399094067033,3.44140923933638));
#2780=CARTESIAN_POINT('Ctrl Pts',(-1.45839386137779,-1.97399626120579,3.43633891992972));
#2781=CARTESIAN_POINT('Ctrl Pts',(-1.45800008051012,-1.97400005688036,3.43086070943003));
#2782=CARTESIAN_POINT('Ctrl Pts',(-1.45800013331739,-1.97400004721016,3.42566250608201));
#2783=CARTESIAN_POINT('Ctrl Pts',(-1.50482927317364,-1.97399999521884,3.45621442065937));
#2784=CARTESIAN_POINT('Ctrl Pts',(-1.85402807352616,-2.09612885268071,2.92568150963991));
#2785=CARTESIAN_POINT('Ctrl Pts',(-2.15151883544238,-2.19969618949681,2.35160963045918));
#2786=CARTESIAN_POINT('Ctrl Pts',(-2.35457279356239,-2.27014053691225,1.73839769191304));
#2787=CARTESIAN_POINT('Ctrl Pts',(-2.29427507180543,-2.27014053467075,1.71865578339177));
#2788=CARTESIAN_POINT('Ctrl Pts',(-2.09534637518545,-2.19969618858829,2.32624314226));
#2789=CARTESIAN_POINT('Ctrl Pts',(-1.80288124782928,-2.09612885517391,2.8970299419622));
#2790=CARTESIAN_POINT('Ctrl Pts',(-1.45800000542239,-1.97400000192017,3.42566270211904));
#2791=CARTESIAN_POINT('Ctrl Pts',(-3.63361913010505,-1.97055046979718,0.839258827210974));
#2792=CARTESIAN_POINT('Ctrl Pts',(-3.22828750753285,-2.08378902581852,1.15903464470647));
#2793=CARTESIAN_POINT('Ctrl Pts',(-2.79457179027943,-2.1863615357038,1.44869047707994));
#2794=CARTESIAN_POINT('Ctrl Pts',(-2.32765575175885,-2.27014053911921,1.6852750843675));
#2795=CARTESIAN_POINT('Ctrl Pts',(-3.64496487309096,-1.97507568897349,0.852037651953146));
#2796=CARTESIAN_POINT('Ctrl Pts',(-3.23938785985582,-2.08872266909535,1.17295503157109));
#2797=CARTESIAN_POINT('Ctrl Pts',(-2.80518887094352,-2.19176803769584,1.46397688898197));
#2798=CARTESIAN_POINT('Ctrl Pts',(-2.33719916271625,-2.27606703164552,1.70201098297898));
#2799=CARTESIAN_POINT('Ctrl Pts',(-3.65629585729369,-1.97507568897349,0.866400233364733));
#2800=CARTESIAN_POINT('Ctrl Pts',(-3.25047089082704,-2.08872266909535,1.18859818207487));
#2801=CARTESIAN_POINT('Ctrl Pts',(-2.81578634600491,-2.19176803769584,1.48114855008702));
#2802=CARTESIAN_POINT('Ctrl Pts',(-2.34672167397871,-2.27606703164552,1.72080431567468));
#2803=CARTESIAN_POINT('Ctrl Pts',(-3.66608314174169,-1.97055046979718,0.880408563344695));
#2804=CARTESIAN_POINT('Ctrl Pts',(-3.2599126025097,-2.08378902581852,1.20368990590034));
#2805=CARTESIAN_POINT('Ctrl Pts',(-2.82465897939584,-2.1863615357038,1.49749075315607));
#2806=CARTESIAN_POINT('Ctrl Pts',(-2.3545727811791,-2.27014053911921,1.73839769825915));
#2807=CARTESIAN_POINT('',(-3.65368896377878,-1.97399999999999,0.890256801054812));
#2808=CARTESIAN_POINT('',(-3.62125076094399,-1.974,0.848999999999992));
#2809=CARTESIAN_POINT('Ctrl Pts',(-3.62125079308914,-1.97400007115562,0.849000200937261));
#2810=CARTESIAN_POINT('Ctrl Pts',(-3.62701860572911,-1.97400005771868,0.849000090676396));
#2811=CARTESIAN_POINT('Ctrl Pts',(-3.63314379875456,-1.97399469677106,0.849614296125395));
#2812=CARTESIAN_POINT('Ctrl Pts',(-3.63859225745606,-1.97398907605727,0.851520012899667));
#2813=CARTESIAN_POINT('Ctrl Pts',(-3.64189847443947,-1.97398566531299,0.852676434102406));
#2814=CARTESIAN_POINT('Ctrl Pts',(-3.64500201110171,-1.97398231960359,0.854324090739493));
#2815=CARTESIAN_POINT('Ctrl Pts',(-3.64762707040548,-1.97398082395491,0.856642736205989));
#2816=CARTESIAN_POINT('Ctrl Pts',(-3.64981877868115,-1.97397957521148,0.858578614168816));
#2817=CARTESIAN_POINT('Ctrl Pts',(-3.65154946478765,-1.97397973378956,0.860869734629138));
#2818=CARTESIAN_POINT('Ctrl Pts',(-3.65282376337031,-1.9739812234583,0.863501682845406));
#2819=CARTESIAN_POINT('Ctrl Pts',(-3.65420830834298,-1.97398284200625,0.866361334987194));
#2820=CARTESIAN_POINT('Ctrl Pts',(-3.65497436886029,-1.97398587356739,0.869458588489473));
#2821=CARTESIAN_POINT('Ctrl Pts',(-3.65530483600765,-1.97398895849423,0.872618635118473));
#2822=CARTESIAN_POINT('Ctrl Pts',(-3.65591163497245,-1.97399462299197,0.87842106673232));
#2823=CARTESIAN_POINT('Ctrl Pts',(-3.6550650533391,-1.97400005764009,0.884589502258918));
#2824=CARTESIAN_POINT('Ctrl Pts',(-3.65368900652458,-1.97400007115562,0.890257026662513));
#2825=CARTESIAN_POINT('Ctrl Pts',(-3.62125087898596,-1.9740000472386,0.849000133397687));
#2826=CARTESIAN_POINT('Ctrl Pts',(-3.2194674494267,-2.085872191317,1.16491732260047));
#2827=CARTESIAN_POINT('Ctrl Pts',(-2.78982602598304,-2.18721307082017,1.45109513806759));
#2828=CARTESIAN_POINT('Ctrl Pts',(-2.32765575175885,-2.27014053911921,1.6852750843675));
#2829=CARTESIAN_POINT('Ctrl Pts',(-2.35457279356239,-2.27014053691225,1.73839769191304));
#2830=CARTESIAN_POINT('Ctrl Pts',(-2.81988100286253,-2.18721306869822,1.4999393405783));
#2831=CARTESIAN_POINT('Ctrl Pts',(-3.25106111997305,-2.0858721895328,1.20965685740137));
#2832=CARTESIAN_POINT('Ctrl Pts',(-3.65368909732057,-1.97400004592751,0.890256954635151));
#2833=CARTESIAN_POINT('Origin',(-2.0937827023311,-2.0930575930307,1.4847827023311));
#2834=CARTESIAN_POINT('',(-1.49138068592338,-1.974,0.849));
#2835=CARTESIAN_POINT('',(-1.458,-1.974,0.882380685923377));
#2836=CARTESIAN_POINT('Origin',(-1.75757443124309,-1.974,1.14857443124309));
#2837=CARTESIAN_POINT('',(-2.06040201640772,-2.18732174213992,1.4847827023311));
#2838=CARTESIAN_POINT('',(-2.0937827023311,-2.18732174213992,1.45140201640772));
#2839=CARTESIAN_POINT('Origin',(-1.458,-1.974,0.849));
#2840=CARTESIAN_POINT('',(-0.7205,-1.974,0.849));
#2841=CARTESIAN_POINT('Origin',(0.017,-1.974,-0.001));
#2842=CARTESIAN_POINT('Origin',(0.017,-1.974,-0.001));
#2843=CARTESIAN_POINT('Origin',(-1.458,-1.974,3.47645181911033));
#2844=CARTESIAN_POINT('',(-1.458,-1.974,1.73772590955516));
#2845=CARTESIAN_POINT('Origin',(-3.66346140507324,-1.974,-0.851000000000001));
#2846=CARTESIAN_POINT('',(-1.82323070253662,-1.974,-0.851));
#2847=CARTESIAN_POINT('Origin',(-1.458,-1.974,-0.851));
#2848=CARTESIAN_POINT('',(-1.458,-1.974,-0.426));
#2849=CARTESIAN_POINT('Origin',(-0.1724827260003,-1.984,2.26368254887577));
#2850=CARTESIAN_POINT('',(0.817,-1.984,0.849000000000001));
#2851=CARTESIAN_POINT('',(-1.183,-1.984,0.849));
#2852=CARTESIAN_POINT('',(0.817,-1.984,0.849000000000001));
#2853=CARTESIAN_POINT('',(0.817,-1.984,3.69065222552636));
#2854=CARTESIAN_POINT('',(0.817,-1.984,3.69065222552636));
#2855=CARTESIAN_POINT('',(-1.183,-1.984,3.58066108868968));
#2856=CARTESIAN_POINT('Origin',(0.017,-1.984,-0.001));
#2857=CARTESIAN_POINT('',(-1.183,-1.984,0.849));
#2858=CARTESIAN_POINT('',(-0.683,-1.984,1.999));
#2859=CARTESIAN_POINT('Origin',(0.0169999999999998,-1.984,1.999));
#2860=CARTESIAN_POINT('Origin',(0.817,-1.974,0.849000000000001));
#2861=CARTESIAN_POINT('',(-1.183,-1.974,0.849));
#2862=CARTESIAN_POINT('',(-1.183,-1.974,0.849));
#2863=CARTESIAN_POINT('',(0.817,-1.974,0.849000000000001));
#2864=CARTESIAN_POINT('',(0.417,-1.974,0.849000000000001));
#2865=CARTESIAN_POINT('',(0.817,-1.974,0.849000000000001));
#2866=CARTESIAN_POINT('Origin',(-1.183,-1.974,0.849));
#2867=CARTESIAN_POINT('',(-1.183,-1.974,3.58066108868968));
#2868=CARTESIAN_POINT('',(-1.183,-1.974,3.58066108868968));
#2869=CARTESIAN_POINT('',(-1.183,-1.974,0.424));
#2870=CARTESIAN_POINT('Origin',(0.017,-1.974,-0.001));
#2871=CARTESIAN_POINT('',(0.817,-1.974,3.69065222552636));
#2872=CARTESIAN_POINT('',(0.817,-1.974,3.69065222552636));
#2873=CARTESIAN_POINT('Origin',(0.017,-1.974,-0.001));
#2874=CARTESIAN_POINT('Origin',(0.817,-1.974,3.69065222552636));
#2875=CARTESIAN_POINT('',(0.817,-1.974,1.84482611276318));
#2876=CARTESIAN_POINT('Origin',(-0.1724827260003,-1.984,-2.26568254887577));
#2877=CARTESIAN_POINT('',(0.817000000000001,-1.984,-3.69265222552636));
#2878=CARTESIAN_POINT('',(-1.183,-1.984,-3.58266108868968));
#2879=CARTESIAN_POINT('Origin',(0.017,-1.984,-0.001));
#2880=CARTESIAN_POINT('',(0.817000000000001,-1.984,-0.851));
#2881=CARTESIAN_POINT('',(0.817000000000001,-1.984,-3.69265222552636));
#2882=CARTESIAN_POINT('',(-1.183,-1.984,-0.851));
#2883=CARTESIAN_POINT('',(0.817000000000001,-1.984,-0.851));
#2884=CARTESIAN_POINT('',(-1.183,-1.984,-0.851));
#2885=CARTESIAN_POINT('',(-0.683,-1.984,-2.001));
#2886=CARTESIAN_POINT('Origin',(0.0169999999999998,-1.984,-2.001));
#2887=CARTESIAN_POINT('Origin',(0.017,-1.974,-0.001));
#2888=CARTESIAN_POINT('',(-1.183,-1.974,-3.58266108868968));
#2889=CARTESIAN_POINT('',(-1.183,-1.974,-3.58266108868968));
#2890=CARTESIAN_POINT('',(0.817000000000001,-1.974,-3.69265222552636));
#2891=CARTESIAN_POINT('Origin',(0.017,-1.974,-0.001));
#2892=CARTESIAN_POINT('',(0.817000000000001,-1.974,-3.69265222552636));
#2893=CARTESIAN_POINT('Origin',(-1.183,-1.974,-3.58266108868968));
#2894=CARTESIAN_POINT('',(-1.183,-1.974,-0.851));
#2895=CARTESIAN_POINT('',(-1.183,-1.974,-0.851));
#2896=CARTESIAN_POINT('',(-1.183,-1.974,-1.79183054434484));
#2897=CARTESIAN_POINT('Origin',(-1.183,-1.974,-0.851));
#2898=CARTESIAN_POINT('',(0.817000000000001,-1.974,-0.851));
#2899=CARTESIAN_POINT('',(0.817000000000001,-1.974,-0.851));
#2900=CARTESIAN_POINT('',(-0.583,-1.974,-0.851));
#2901=CARTESIAN_POINT('Origin',(0.817000000000001,-1.974,-0.851));
#2902=CARTESIAN_POINT('',(0.817000000000001,-1.974,-0.426));
#2903=CARTESIAN_POINT('Origin',(0.0169999999999998,-2.174,1.999));
#2904=CARTESIAN_POINT('',(-0.683,-2.174,1.999));
#2905=CARTESIAN_POINT('Origin',(0.0169999999999998,-2.174,1.999));
#2906=CARTESIAN_POINT('',(-0.283,-2.174,1.999));
#2907=CARTESIAN_POINT('Origin',(0.0169999999999998,-2.174,1.999));
#2908=CARTESIAN_POINT('Origin',(0.0169999999999998,-1.974,1.999));
#2909=CARTESIAN_POINT('',(-0.683,-1.974,1.999));
#2910=CARTESIAN_POINT('Origin',(0.0169999999999998,-2.174,-2.001));
#2911=CARTESIAN_POINT('',(-0.683,-2.174,-2.001));
#2912=CARTESIAN_POINT('Origin',(0.0169999999999998,-2.174,-2.001));
#2913=CARTESIAN_POINT('',(-0.283,-2.174,-2.001));
#2914=CARTESIAN_POINT('Origin',(0.0169999999999998,-2.174,-2.001));
#2915=CARTESIAN_POINT('Origin',(0.0169999999999998,-1.974,-2.001));
#2916=CARTESIAN_POINT('',(-0.683,-1.974,-2.001));
#2917=CARTESIAN_POINT('Origin',(0.0169999999999998,-1.974,1.999));
#2918=CARTESIAN_POINT('',(-0.283,-7.034,1.999));
#2919=CARTESIAN_POINT('Origin',(0.0169999999999998,-7.034,1.999));
#2920=CARTESIAN_POINT('',(-0.283,-1.974,1.999));
#2921=CARTESIAN_POINT('Origin',(0.0169999999999998,-7.034,1.999));
#2922=CARTESIAN_POINT('Origin',(0.0169999999999998,-1.974,-2.001));
#2923=CARTESIAN_POINT('',(-0.283,-7.034,-2.001));
#2924=CARTESIAN_POINT('Origin',(0.0169999999999998,-7.034,-2.001));
#2925=CARTESIAN_POINT('',(-0.283,-1.974,-2.001));
#2926=CARTESIAN_POINT('Origin',(0.0169999999999998,-7.034,-2.001));
#2927=CARTESIAN_POINT('Origin',(-4.483,-1.984,-0.000999999999999173));
#2928=CARTESIAN_POINT('',(-4.483,-2.534,-0.000999999999999051));
#2929=CARTESIAN_POINT('',(-3.88300000000001,-2.534,-0.000999999999999161));
#2930=CARTESIAN_POINT('',(-4.483,-2.534,-0.000999999999999051));
#2931=CARTESIAN_POINT('',(-3.88300000000001,-1.984,-0.000999999999999284));
#2932=CARTESIAN_POINT('',(-3.88300000000001,-1.984,-0.000999999999999284));
#2933=CARTESIAN_POINT('',(-4.483,-1.984,-0.000999999999999173));
#2934=CARTESIAN_POINT('',(-2.233,-1.984,-0.000999999999999587));
#2935=CARTESIAN_POINT('',(-4.483,-1.984,-0.000999999999999173));
#2936=CARTESIAN_POINT('Origin',(-2.70337037037038,-1.984,-2.79556348076242));
#2937=CARTESIAN_POINT('',(-2.70337037037038,-2.534,-2.79556348076242));
#2938=CARTESIAN_POINT('',(-3.12188888888886,-2.534,-3.22549632395663));
#2939=CARTESIAN_POINT('',(-2.70337037037038,-2.534,-2.79556348076242));
#2940=CARTESIAN_POINT('',(-3.12188888888886,-1.984,-3.22549632395663));
#2941=CARTESIAN_POINT('',(-3.12188888888886,-1.984,-3.22549632395663));
#2942=CARTESIAN_POINT('',(-2.70337037037038,-1.984,-2.79556348076242));
#2943=CARTESIAN_POINT('',(-1.34318518518524,-1.984,-1.39828174038117));
#2944=CARTESIAN_POINT('',(-2.70337037037038,-1.984,-2.79556348076242));
#2945=CARTESIAN_POINT('Origin',(-3.71865991589285,-2.534,-1.57788138177654));
#2946=CARTESIAN_POINT('Origin',(0.017,-2.534,-0.000999999999999878));
#2947=CARTESIAN_POINT('Origin',(0.017,-2.534,-0.000999999999999878));
#2948=CARTESIAN_POINT('Origin',(0.0170000000000006,-1.984,4.499));
#2949=CARTESIAN_POINT('',(0.0170000000000006,-2.534,4.499));
#2950=CARTESIAN_POINT('',(0.0170000000000005,-2.534,3.89900000000001));
#2951=CARTESIAN_POINT('',(0.0170000000000006,-2.534,4.499));
#2952=CARTESIAN_POINT('',(0.0170000000000005,-1.984,3.89900000000001));
#2953=CARTESIAN_POINT('',(0.0170000000000005,-1.984,3.89900000000001));
#2954=CARTESIAN_POINT('',(0.0170000000000006,-1.984,4.499));
#2955=CARTESIAN_POINT('',(0.0170000000000003,-1.984,2.249));
#2956=CARTESIAN_POINT('',(0.0170000000000006,-1.984,4.499));
#2957=CARTESIAN_POINT('Origin',(-2.77756348076242,-1.984,2.71937037037038));
#2958=CARTESIAN_POINT('',(-2.77756348076242,-2.534,2.71937037037038));
#2959=CARTESIAN_POINT('',(-3.20749632395663,-2.534,3.13788888888886));
#2960=CARTESIAN_POINT('',(-2.77756348076242,-2.534,2.71937037037038));
#2961=CARTESIAN_POINT('',(-3.20749632395663,-1.984,3.13788888888886));
#2962=CARTESIAN_POINT('',(-3.20749632395663,-1.984,3.13788888888886));
#2963=CARTESIAN_POINT('',(-2.77756348076242,-1.984,2.71937037037038));
#2964=CARTESIAN_POINT('',(-1.38028174038117,-1.984,1.35918518518524));
#2965=CARTESIAN_POINT('',(-2.77756348076242,-1.984,2.71937037037038));
#2966=CARTESIAN_POINT('Origin',(-1.55988138177654,-2.534,3.73465991589285));
#2967=CARTESIAN_POINT('Origin',(0.017,-2.534,-0.000999999999999878));
#2968=CARTESIAN_POINT('Origin',(0.017,-2.534,-0.000999999999999878));
#2969=CARTESIAN_POINT('Origin',(4.517,-1.984,-0.00100000000000028));
#2970=CARTESIAN_POINT('',(4.517,-2.534,-0.00100000000000015));
#2971=CARTESIAN_POINT('',(3.91700000000001,-2.534,-0.00100000000000012));
#2972=CARTESIAN_POINT('',(4.517,-2.534,-0.00100000000000015));
#2973=CARTESIAN_POINT('',(3.917,-1.984,-0.00100000000000048));
#2974=CARTESIAN_POINT('',(3.91700000000001,-1.984,-0.00100000000000024));
#2975=CARTESIAN_POINT('',(4.517,-1.984,-0.00100000000000055));
#2976=CARTESIAN_POINT('',(2.267,-1.984,-0.00100000000000014));
#2977=CARTESIAN_POINT('',(4.517,-1.984,-0.00100000000000028));
#2978=CARTESIAN_POINT('Origin',(2.73737037037038,-1.984,2.79356348076242));
#2979=CARTESIAN_POINT('',(2.73737037037038,-2.534,2.79356348076242));
#2980=CARTESIAN_POINT('',(3.15588888888886,-2.534,3.22349632395663));
#2981=CARTESIAN_POINT('',(2.73737037037038,-2.534,2.79356348076242));
#2982=CARTESIAN_POINT('',(3.15588888888886,-1.984,3.22349632395663));
#2983=CARTESIAN_POINT('',(3.15588888888886,-1.984,3.22349632395663));
#2984=CARTESIAN_POINT('',(2.73737037037038,-1.984,2.79356348076242));
#2985=CARTESIAN_POINT('',(1.37718518518524,-1.984,1.39628174038117));
#2986=CARTESIAN_POINT('',(2.73737037037038,-1.984,2.79356348076242));
#2987=CARTESIAN_POINT('Origin',(3.75265991589285,-2.534,1.57588138177654));
#2988=CARTESIAN_POINT('Origin',(0.017,-2.534,-0.000999999999999878));
#2989=CARTESIAN_POINT('Origin',(0.017,-2.534,-0.000999999999999878));
#2990=CARTESIAN_POINT('Origin',(0.017,-1.984,-4.501));
#2991=CARTESIAN_POINT('',(0.017,-2.534,-4.501));
#2992=CARTESIAN_POINT('',(0.017,-2.534,-3.90100000000001));
#2993=CARTESIAN_POINT('',(0.017,-2.534,-4.501));
#2994=CARTESIAN_POINT('',(0.017,-1.984,-3.90100000000001));
#2995=CARTESIAN_POINT('',(0.017,-1.984,-3.90100000000001));
#2996=CARTESIAN_POINT('',(0.017,-1.984,-4.501));
#2997=CARTESIAN_POINT('',(0.017,-1.984,-2.251));
#2998=CARTESIAN_POINT('',(0.017,-1.984,-4.501));
#2999=CARTESIAN_POINT('Origin',(2.81156348076242,-1.984,-2.72137037037038));
#3000=CARTESIAN_POINT('',(2.81156348076242,-2.534,-2.72137037037038));
#3001=CARTESIAN_POINT('',(3.24149632395663,-2.534,-3.13988888888886));
#3002=CARTESIAN_POINT('',(2.81156348076242,-2.534,-2.72137037037038));
#3003=CARTESIAN_POINT('',(3.24149632395663,-1.984,-3.13988888888886));
#3004=CARTESIAN_POINT('',(3.24149632395663,-1.984,-3.13988888888886));
#3005=CARTESIAN_POINT('',(2.81156348076242,-1.984,-2.72137037037038));
#3006=CARTESIAN_POINT('',(1.41428174038117,-1.984,-1.36118518518524));
#3007=CARTESIAN_POINT('',(2.81156348076242,-1.984,-2.72137037037038));
#3008=CARTESIAN_POINT('Origin',(1.59388138177654,-2.534,-3.73665991589285));
#3009=CARTESIAN_POINT('Origin',(0.017,-2.534,-0.000999999999999878));
#3010=CARTESIAN_POINT('Origin',(0.017,-2.534,-0.000999999999999878));
#3011=CARTESIAN_POINT('Origin',(0.017,-1.984,-0.001));
#3012=CARTESIAN_POINT('Origin',(0.017,-1.984,-0.001));
#3013=CARTESIAN_POINT('Origin',(0.017,-1.984,-0.001));
#3014=CARTESIAN_POINT('Origin',(0.017,-1.984,-0.001));
#3015=CARTESIAN_POINT('Origin',(0.017,-1.984,-0.001));
#3016=CARTESIAN_POINT('Origin',(0.017,-1.984,-0.001));
#3017=CARTESIAN_POINT('Origin',(0.017,-1.984,-0.001));
#3018=CARTESIAN_POINT('Origin',(0.017,-1.984,-0.001));
#3019=CARTESIAN_POINT('Origin',(0.017,-1.984,-0.001));
#3020=CARTESIAN_POINT('Origin',(0.017,-1.984,-0.001));
#3021=CARTESIAN_POINT('Origin',(0.017,-1.984,-0.001));
#3022=CARTESIAN_POINT('Origin',(0.017,-1.984,-0.001));
#3023=CARTESIAN_POINT('Origin',(1.792,-1.824,-0.00100000000000004));
#3024=CARTESIAN_POINT('',(1.367,-1.824,-0.00100000000000009));
#3025=CARTESIAN_POINT('Origin',(1.792,-1.824,-0.00100000000000004));
#3026=CARTESIAN_POINT('',(1.367,-1.974,-0.00100000000000005));
#3027=CARTESIAN_POINT('',(1.367,-1.824,-0.00100000000000009));
#3028=CARTESIAN_POINT('Origin',(1.792,-1.974,-0.001));
#3029=CARTESIAN_POINT('Origin',(0.017,-1.974,-0.001));
#3030=CARTESIAN_POINT('',(3.917,-1.974,-0.00100000000000048));
#3031=CARTESIAN_POINT('Origin',(0.017,-1.974,-0.001));
#3032=CARTESIAN_POINT('Origin',(0.017,-1.824,-0.00100000000000004));
#3033=CARTESIAN_POINT('Origin',(0.017,0.866,-0.00100000000000063));
#3034=CARTESIAN_POINT('',(3.912,1.016,-0.00100000000000114));
#3035=CARTESIAN_POINT('Origin',(0.017,1.016,-0.00100000000000067));
#3036=CARTESIAN_POINT('',(3.912,0.866,-0.00100000000000111));
#3037=CARTESIAN_POINT('',(3.912,0.866,-0.00100000000000111));
#3038=CARTESIAN_POINT('Origin',(0.017,0.866,-0.00100000000000063));
#3039=CARTESIAN_POINT('Origin',(0.017,1.016,-0.00100000000000067));
#3040=CARTESIAN_POINT('Origin',(0.017,1.966,-0.00100000000000088));
#3041=CARTESIAN_POINT('',(0.867,1.366,-0.00100000000000085));
#3042=CARTESIAN_POINT('',(0.867,1.966,-0.00100000000000077));
#3043=CARTESIAN_POINT('Origin',(0.017,1.366,-0.00100000000000074));
#3044=CARTESIAN_POINT('Origin',(0.017,0.866000000000001,4.94120598561567));
#3045=CARTESIAN_POINT('',(3.917,0.866,-0.00100000000000111));
#3046=CARTESIAN_POINT('Origin',(0.017,0.866,-0.00100000000000063));
#3047=CARTESIAN_POINT('Origin',(0.017,-1.984,-0.001));
#3048=CARTESIAN_POINT('',(3.917,1.366,-0.00100000000000122));
#3049=CARTESIAN_POINT('',(3.917,-1.984,-0.00100000000000048));
#3050=CARTESIAN_POINT('Origin',(0.017,1.366,-0.00100000000000074));
#3051=CARTESIAN_POINT('Origin',(0.017,-1.984,-0.001));
#3052=CARTESIAN_POINT('',(3.917,-1.984,-0.00100000000000048));
#3053=CARTESIAN_POINT('Origin',(0.017,1.366,-0.00100000000000074));
#3054=CARTESIAN_POINT('Origin',(0.017,-0.033999999999999,4.94120598561567));
#3055=CARTESIAN_POINT('',(4.517,-0.0340000000000001,-0.000999999999999882));
#3056=CARTESIAN_POINT('Origin',(0.017,-0.0340000000000001,-0.00100000000000043));
#3057=CARTESIAN_POINT('',(0.0170000000000005,-0.0340000000000011,-4.481));
#3058=CARTESIAN_POINT('Origin',(0.017,-0.0340000000000001,-0.00100000000000043));
#3059=CARTESIAN_POINT('Origin',(0.017,0.116,-0.00100000000000047));
#3060=CARTESIAN_POINT('',(0.0170000000000005,0.265999999999999,-4.481));
#3061=CARTESIAN_POINT('Origin',(0.017,0.266,-0.0010000000000005));
#3062=CARTESIAN_POINT('',(0.0170000000000005,0.115999999999999,-4.481));
#3063=CARTESIAN_POINT('Origin',(0.017,0.266000000000001,4.94120598561567));
#3064=CARTESIAN_POINT('',(4.517,0.266,-0.00100000000000105));
#3065=CARTESIAN_POINT('Origin',(0.017,0.266,-0.0010000000000005));
#3066=CARTESIAN_POINT('Origin',(0.017,-1.984,-0.001));
#3067=CARTESIAN_POINT('',(4.517,-1.984,-0.00100000000000055));
#3068=CARTESIAN_POINT('Origin',(0.017,-1.984,-0.001));
#3069=CARTESIAN_POINT('',(4.517,-1.984,-0.00100000000000055));
#3070=CARTESIAN_POINT('Origin',(0.017,1.966,-0.00100000000000088));
#3071=CARTESIAN_POINT('Origin',(0.017,0.116,-0.00100000000000047));
#3072=CARTESIAN_POINT('',(0.0169999999999995,-0.634000000000001,-3.881));
#3073=CARTESIAN_POINT('Origin',(0.017,-0.634,-0.0010000000000003));
#3074=CARTESIAN_POINT('',(0.0169999999999995,0.865999999999998,-3.881));
#3075=CARTESIAN_POINT('',(0.0170000000000005,0.115999999999999,-3.881));
#3076=CARTESIAN_POINT('Origin',(0.017,0.866,-0.00100000000000063));
#3077=CARTESIAN_POINT('Origin',(0.017,-0.633999999999999,4.94120598561567));
#3078=CARTESIAN_POINT('',(3.917,-0.634,-0.000999999999999822));
#3079=CARTESIAN_POINT('Origin',(0.017,-0.634,-0.0010000000000003));
#3080=CARTESIAN_POINT('Origin',(0.017,0.866,-0.00100000000000063));
#3081=CARTESIAN_POINT('Origin',(0.017,-1.984,-0.001));
#3082=CARTESIAN_POINT('',(3.917,-1.674,-0.00100000000000055));
#3083=CARTESIAN_POINT('Origin',(0.017,-1.674,-0.00100000000000007));
#3084=CARTESIAN_POINT('',(3.917,-1.984,-0.00100000000000048));
#3085=CARTESIAN_POINT('Origin',(0.017,-1.674,-0.00100000000000007));
#3086=UNCERTAINTY_MEASURE_WITH_UNIT(LENGTH_MEASURE(0.01),#3090,
'DISTANCE_ACCURACY_VALUE',
'Maximum model space distance between geometric entities at asserted c
onnectivities');
#3087=UNCERTAINTY_MEASURE_WITH_UNIT(LENGTH_MEASURE(0.01),#3090,
'DISTANCE_ACCURACY_VALUE',
'Maximum model space distance between geometric entities at asserted c
onnectivities');
#3088=(
GEOMETRIC_REPRESENTATION_CONTEXT(3)
GLOBAL_UNCERTAINTY_ASSIGNED_CONTEXT((#3086))
GLOBAL_UNIT_ASSIGNED_CONTEXT((#3090,#3092,#3093))
REPRESENTATION_CONTEXT('','3D')
);
#3089=(
GEOMETRIC_REPRESENTATION_CONTEXT(3)
GLOBAL_UNCERTAINTY_ASSIGNED_CONTEXT((#3087))
GLOBAL_UNIT_ASSIGNED_CONTEXT((#3090,#3092,#3093))
REPRESENTATION_CONTEXT('','3D')
);
#3090=(
LENGTH_UNIT()
NAMED_UNIT(*)
SI_UNIT(.MILLI.,.METRE.)
);
#3091=(
LENGTH_UNIT()
NAMED_UNIT(*)
SI_UNIT(.CENTI.,.METRE.)
);
#3092=(
NAMED_UNIT(*)
PLANE_ANGLE_UNIT()
SI_UNIT($,.RADIAN.)
);
#3093=(
NAMED_UNIT(*)
SI_UNIT($,.STERADIAN.)
SOLID_ANGLE_UNIT()
);
#3094=SHAPE_DEFINITION_REPRESENTATION(#3095,#3096);
#3095=PRODUCT_DEFINITION_SHAPE('',$,#3098);
#3096=SHAPE_REPRESENTATION('',(#1801),#3088);
#3097=PRODUCT_DEFINITION_CONTEXT('part definition',#3102,'design');
#3098=PRODUCT_DEFINITION('AT-0927-TT-3-R','AT-0927-TT-6-R',#3099,#3097);
#3099=PRODUCT_DEFINITION_FORMATION('',$,#3104);
#3100=PRODUCT_RELATED_PRODUCT_CATEGORY('AT-0927-TT-6-R',
'AT-0927-TT-6-R',(#3104));
#3101=APPLICATION_PROTOCOL_DEFINITION('international standard',
'automotive_design',2009,#3102);
#3102=APPLICATION_CONTEXT(
'Core Data for Automotive Mechanical Design Process');
#3103=PRODUCT_CONTEXT('part definition',#3102,'mechanical');
#3104=PRODUCT('AT-0927-TT-3-R','AT-0927-TT-6-R',$,(#3103));
#3105=PRESENTATION_STYLE_ASSIGNMENT((#3110));
#3106=PRESENTATION_STYLE_ASSIGNMENT((#3111));
#3107=PRESENTATION_STYLE_ASSIGNMENT((#3112));
#3108=PRESENTATION_STYLE_ASSIGNMENT((#3113));
#3109=PRESENTATION_STYLE_ASSIGNMENT((#3114));
#3110=SURFACE_STYLE_USAGE(.BOTH.,#3123);
#3111=SURFACE_STYLE_USAGE(.BOTH.,#3124);
#3112=SURFACE_STYLE_USAGE(.BOTH.,#3125);
#3113=SURFACE_STYLE_USAGE(.BOTH.,#3126);
#3114=SURFACE_STYLE_USAGE(.BOTH.,#3127);
#3115=SURFACE_STYLE_RENDERING_WITH_PROPERTIES($,#3143,(#3119));
#3116=SURFACE_STYLE_RENDERING_WITH_PROPERTIES($,#3145,(#3120));
#3117=SURFACE_STYLE_RENDERING_WITH_PROPERTIES($,#3146,(#3121));
#3118=SURFACE_STYLE_RENDERING_WITH_PROPERTIES($,#3147,(#3122));
#3119=SURFACE_STYLE_TRANSPARENT(0.);
#3120=SURFACE_STYLE_TRANSPARENT(0.);
#3121=SURFACE_STYLE_TRANSPARENT(0.);
#3122=SURFACE_STYLE_TRANSPARENT(0.480000019073486);
#3123=SURFACE_SIDE_STYLE('',(#3128,#3115));
#3124=SURFACE_SIDE_STYLE('',(#3129));
#3125=SURFACE_SIDE_STYLE('',(#3130,#3116));
#3126=SURFACE_SIDE_STYLE('',(#3131,#3117));
#3127=SURFACE_SIDE_STYLE('',(#3132,#3118));
#3128=SURFACE_STYLE_FILL_AREA(#3133);
#3129=SURFACE_STYLE_FILL_AREA(#3134);
#3130=SURFACE_STYLE_FILL_AREA(#3135);
#3131=SURFACE_STYLE_FILL_AREA(#3136);
#3132=SURFACE_STYLE_FILL_AREA(#3137);
#3133=FILL_AREA_STYLE('',(#3138));
#3134=FILL_AREA_STYLE('',(#3139));
#3135=FILL_AREA_STYLE('',(#3140));
#3136=FILL_AREA_STYLE('',(#3141));
#3137=FILL_AREA_STYLE('',(#3142));
#3138=FILL_AREA_STYLE_COLOUR('',#3143);
#3139=FILL_AREA_STYLE_COLOUR('',#3144);
#3140=FILL_AREA_STYLE_COLOUR('',#3145);
#3141=FILL_AREA_STYLE_COLOUR('',#3146);
#3142=FILL_AREA_STYLE_COLOUR('',#3147);
#3143=COLOUR_RGB('',0.,0.,0.);
#3144=COLOUR_RGB('',0.541176470588235,0.537254901960784,0.533333333333333);
#3145=COLOUR_RGB('',0.996078431372549,0.835294117647059,0.);
#3146=COLOUR_RGB('',0.956862745098039,0.956862745098039,0.956862745098039);
#3147=COLOUR_RGB('',0.0627450980392157,0.670588235294118,0.290196078431373);
ENDSEC;
END-ISO-10303-21;
