ISO-10303-21;
HEADER;
/* Generated by software containing ST-Developer
 * from STEP Tools, Inc. (www.steptools.com) 
 */
/* OPTION: using custom renumber hook */

FILE_DESCRIPTION(
/* description */ ('STEP AP242 Edition 2',
'CAx-IF Rec.Pracs.---Representation and Presentation of Product Manufa
cturing Information (PMI)---4.0---2014-10-13',
'CAx-IF Rec.Pracs.---3D Tessellated Geometry---0.4---2014-09-14','2;1',
'CAx-IF Rec.Pracs.---User Defined Attributes---1.5---2016-08-15'),
/* implementation_level */ '2;1');

FILE_NAME(
/* name */ 'Aluminium 25T Servo Horn',
/* time_stamp */ '2026-07-21T10:18:16Z',
/* author */ (''),
/* organization */ (''),
/* preprocessor_version */ 'ST-DEVELOPER v20',
/* originating_system */ 'ONSHAPE BY PTC INC, 1.218',
/* authorisation */ '  ');

FILE_SCHEMA (('AP242_MANAGED_MODEL_BASED_3D_ENGINEERING_MIM_LF { 1 0 10303 442 3 1 4 }'));
ENDSEC;

DATA;
#10=SHAPE_REPRESENTATION_RELATIONSHIP('','',#4141,#11);
#11=ADVANCED_BREP_SHAPE_REPRESENTATION('',(#4139),#7039);
#12=B_SPLINE_SURFACE_WITH_KNOTS('',3,1,((#6653,#6654),(#6655,#6656),(#6657,
#6658),(#6659,#6660)),.SURF_OF_LINEAR_EXTRUSION.,.F.,.F.,.F.,(4,4),(2,2),
(0.,1.),(0.,1.),.PIECEWISE_BEZIER_KNOTS.);
#13=B_SPLINE_SURFACE_WITH_KNOTS('',3,1,((#6666,#6667),(#6668,#6669),(#6670,
#6671),(#6672,#6673)),.SURF_OF_LINEAR_EXTRUSION.,.F.,.F.,.F.,(4,4),(2,2),
(0.,1.),(0.,1.),.PIECEWISE_BEZIER_KNOTS.);
#14=B_SPLINE_SURFACE_WITH_KNOTS('',3,1,((#6679,#6680),(#6681,#6682),(#6683,
#6684),(#6685,#6686)),.SURF_OF_LINEAR_EXTRUSION.,.F.,.F.,.F.,(4,4),(2,2),
(0.,1.),(0.,1.),.PIECEWISE_BEZIER_KNOTS.);
#15=B_SPLINE_SURFACE_WITH_KNOTS('',3,1,((#6692,#6693),(#6694,#6695),(#6696,
#6697),(#6698,#6699)),.SURF_OF_LINEAR_EXTRUSION.,.F.,.F.,.F.,(4,4),(2,2),
(0.,1.),(0.,1.),.PIECEWISE_BEZIER_KNOTS.);
#16=B_SPLINE_SURFACE_WITH_KNOTS('',3,1,((#6705,#6706),(#6707,#6708),(#6709,
#6710),(#6711,#6712)),.SURF_OF_LINEAR_EXTRUSION.,.F.,.F.,.F.,(4,4),(2,2),
(0.,1.),(0.,1.),.PIECEWISE_BEZIER_KNOTS.);
#17=B_SPLINE_SURFACE_WITH_KNOTS('',3,1,((#6722,#6723),(#6724,#6725),(#6726,
#6727),(#6728,#6729)),.SURF_OF_LINEAR_EXTRUSION.,.F.,.F.,.F.,(4,4),(2,2),
(0.,1.),(0.,1.),.PIECEWISE_BEZIER_KNOTS.);
#18=B_SPLINE_SURFACE_WITH_KNOTS('',3,1,((#6735,#6736),(#6737,#6738),(#6739,
#6740),(#6741,#6742)),.SURF_OF_LINEAR_EXTRUSION.,.F.,.F.,.F.,(4,4),(2,2),
(0.,1.),(0.,1.),.PIECEWISE_BEZIER_KNOTS.);
#19=B_SPLINE_SURFACE_WITH_KNOTS('',3,1,((#6748,#6749),(#6750,#6751),(#6752,
#6753),(#6754,#6755)),.SURF_OF_LINEAR_EXTRUSION.,.F.,.F.,.F.,(4,4),(2,2),
(0.,1.),(0.,1.),.PIECEWISE_BEZIER_KNOTS.);
#20=B_SPLINE_SURFACE_WITH_KNOTS('',3,1,((#6761,#6762),(#6763,#6764),(#6765,
#6766),(#6767,#6768)),.SURF_OF_LINEAR_EXTRUSION.,.F.,.F.,.F.,(4,4),(2,2),
(0.,1.),(0.,1.),.PIECEWISE_BEZIER_KNOTS.);
#21=B_SPLINE_SURFACE_WITH_KNOTS('',3,1,((#6774,#6775),(#6776,#6777),(#6778,
#6779),(#6780,#6781)),.SURF_OF_LINEAR_EXTRUSION.,.F.,.F.,.F.,(4,4),(2,2),
(0.,1.),(0.,1.),.PIECEWISE_BEZIER_KNOTS.);
#22=B_SPLINE_SURFACE_WITH_KNOTS('',3,1,((#6787,#6788),(#6789,#6790),(#6791,
#6792),(#6793,#6794)),.SURF_OF_LINEAR_EXTRUSION.,.F.,.F.,.F.,(4,4),(2,2),
(0.,1.),(0.,1.),.PIECEWISE_BEZIER_KNOTS.);
#23=B_SPLINE_SURFACE_WITH_KNOTS('',3,1,((#6800,#6801),(#6802,#6803),(#6804,
#6805),(#6806,#6807)),.SURF_OF_LINEAR_EXTRUSION.,.F.,.F.,.F.,(4,4),(2,2),
(0.,1.),(0.,1.),.PIECEWISE_BEZIER_KNOTS.);
#24=B_SPLINE_SURFACE_WITH_KNOTS('',3,1,((#6853,#6854),(#6855,#6856),(#6857,
#6858),(#6859,#6860)),.SURF_OF_LINEAR_EXTRUSION.,.F.,.F.,.F.,(4,4),(2,2),
(0.,1.),(0.,1.),.PIECEWISE_BEZIER_KNOTS.);
#25=B_SPLINE_SURFACE_WITH_KNOTS('',3,1,((#6868,#6869),(#6870,#6871),(#6872,
#6873),(#6874,#6875)),.SURF_OF_LINEAR_EXTRUSION.,.F.,.F.,.F.,(4,4),(2,2),
(0.,1.),(0.,1.),.PIECEWISE_BEZIER_KNOTS.);
#26=B_SPLINE_SURFACE_WITH_KNOTS('',3,1,((#6905,#6906),(#6907,#6908),(#6909,
#6910),(#6911,#6912)),.SURF_OF_LINEAR_EXTRUSION.,.F.,.F.,.F.,(4,4),(2,2),
(0.,1.),(0.,1.),.PIECEWISE_BEZIER_KNOTS.);
#27=B_SPLINE_SURFACE_WITH_KNOTS('',3,1,((#6918,#6919),(#6920,#6921),(#6922,
#6923),(#6924,#6925)),.SURF_OF_LINEAR_EXTRUSION.,.F.,.F.,.F.,(4,4),(2,2),
(0.,1.),(0.,1.),.PIECEWISE_BEZIER_KNOTS.);
#28=B_SPLINE_SURFACE_WITH_KNOTS('',3,1,((#6931,#6932),(#6933,#6934),(#6935,
#6936),(#6937,#6938)),.SURF_OF_LINEAR_EXTRUSION.,.F.,.F.,.F.,(4,4),(2,2),
(0.,1.),(0.,1.),.PIECEWISE_BEZIER_KNOTS.);
#29=B_SPLINE_SURFACE_WITH_KNOTS('',3,1,((#6944,#6945),(#6946,#6947),(#6948,
#6949),(#6950,#6951)),.SURF_OF_LINEAR_EXTRUSION.,.F.,.F.,.F.,(4,4),(2,2),
(0.,1.),(0.,1.),.PIECEWISE_BEZIER_KNOTS.);
#30=B_SPLINE_SURFACE_WITH_KNOTS('',3,1,((#6957,#6958),(#6959,#6960),(#6961,
#6962),(#6963,#6964)),.SURF_OF_LINEAR_EXTRUSION.,.F.,.F.,.F.,(4,4),(2,2),
(0.,1.),(0.,1.),.PIECEWISE_BEZIER_KNOTS.);
#31=B_SPLINE_SURFACE_WITH_KNOTS('',3,1,((#6970,#6971),(#6972,#6973),(#6974,
#6975),(#6976,#6977)),.SURF_OF_LINEAR_EXTRUSION.,.F.,.F.,.F.,(4,4),(2,2),
(0.,1.),(0.,1.),.PIECEWISE_BEZIER_KNOTS.);
#32=B_SPLINE_SURFACE_WITH_KNOTS('',3,1,((#6987,#6988),(#6989,#6990),(#6991,
#6992),(#6993,#6994)),.SURF_OF_LINEAR_EXTRUSION.,.F.,.F.,.F.,(4,4),(2,2),
(0.,1.),(0.,1.),.PIECEWISE_BEZIER_KNOTS.);
#33=B_SPLINE_SURFACE_WITH_KNOTS('',3,1,((#7000,#7001),(#7002,#7003),(#7004,
#7005),(#7006,#7007)),.SURF_OF_LINEAR_EXTRUSION.,.F.,.F.,.F.,(4,4),(2,2),
(0.,1.),(0.,1.),.PIECEWISE_BEZIER_KNOTS.);
#34=B_SPLINE_SURFACE_WITH_KNOTS('',3,1,((#7013,#7014),(#7015,#7016),(#7017,
#7018),(#7019,#7020)),.SURF_OF_LINEAR_EXTRUSION.,.F.,.F.,.F.,(4,4),(2,2),
(0.,1.),(0.,1.),.PIECEWISE_BEZIER_KNOTS.);
#35=B_SPLINE_SURFACE_WITH_KNOTS('',3,1,((#7026,#7027),(#7028,#7029),(#7030,
#7031),(#7032,#7033)),.SURF_OF_LINEAR_EXTRUSION.,.F.,.F.,.F.,(4,4),(2,2),
(0.,1.),(0.,1.),.PIECEWISE_BEZIER_KNOTS.);
#36=OVER_RIDING_STYLED_ITEM('',(#3833),#3780,#3831);
#37=OVER_RIDING_STYLED_ITEM('',(#3834),#3781,#3831);
#38=OVER_RIDING_STYLED_ITEM('',(#3835),#3782,#3831);
#39=OVER_RIDING_STYLED_ITEM('',(#3836),#3783,#3831);
#40=OVER_RIDING_STYLED_ITEM('',(#3837),#3784,#3831);
#41=OVER_RIDING_STYLED_ITEM('',(#3838),#3785,#3831);
#42=OVER_RIDING_STYLED_ITEM('',(#3839),#3786,#3831);
#43=OVER_RIDING_STYLED_ITEM('',(#3840),#3787,#3831);
#44=OVER_RIDING_STYLED_ITEM('',(#3841),#3788,#3831);
#45=OVER_RIDING_STYLED_ITEM('',(#3842),#3789,#3831);
#46=OVER_RIDING_STYLED_ITEM('',(#3843),#3790,#3831);
#47=OVER_RIDING_STYLED_ITEM('',(#3844),#3791,#3831);
#48=OVER_RIDING_STYLED_ITEM('',(#3845),#3792,#3831);
#49=OVER_RIDING_STYLED_ITEM('',(#3846),#3793,#3831);
#50=OVER_RIDING_STYLED_ITEM('',(#3847),#3794,#3831);
#51=OVER_RIDING_STYLED_ITEM('',(#3848),#3795,#3831);
#52=OVER_RIDING_STYLED_ITEM('',(#3849),#3796,#3831);
#53=OVER_RIDING_STYLED_ITEM('',(#3850),#3797,#3831);
#54=OVER_RIDING_STYLED_ITEM('',(#3851),#3798,#3831);
#55=OVER_RIDING_STYLED_ITEM('',(#3852),#3799,#3831);
#56=OVER_RIDING_STYLED_ITEM('',(#3853),#3800,#3831);
#57=OVER_RIDING_STYLED_ITEM('',(#3854),#3801,#3831);
#58=OVER_RIDING_STYLED_ITEM('',(#3855),#3802,#3831);
#59=OVER_RIDING_STYLED_ITEM('',(#3856),#3803,#3831);
#60=OVER_RIDING_STYLED_ITEM('',(#3857),#3804,#3831);
#61=OVER_RIDING_STYLED_ITEM('',(#3858),#3805,#3831);
#62=OVER_RIDING_STYLED_ITEM('',(#3859),#3806,#3831);
#63=OVER_RIDING_STYLED_ITEM('',(#3860),#3807,#3831);
#64=OVER_RIDING_STYLED_ITEM('',(#3861),#3808,#3831);
#65=OVER_RIDING_STYLED_ITEM('',(#3862),#3809,#3831);
#66=OVER_RIDING_STYLED_ITEM('',(#3863),#3810,#3831);
#67=OVER_RIDING_STYLED_ITEM('',(#3864),#3811,#3831);
#68=OVER_RIDING_STYLED_ITEM('',(#3865),#3812,#3831);
#69=OVER_RIDING_STYLED_ITEM('',(#3866),#3813,#3831);
#70=OVER_RIDING_STYLED_ITEM('',(#3867),#3814,#3831);
#71=OVER_RIDING_STYLED_ITEM('',(#3868),#3815,#3831);
#72=OVER_RIDING_STYLED_ITEM('',(#3869),#3816,#3831);
#73=OVER_RIDING_STYLED_ITEM('',(#3870),#3817,#3831);
#74=OVER_RIDING_STYLED_ITEM('',(#3871),#3818,#3831);
#75=OVER_RIDING_STYLED_ITEM('',(#3872),#3819,#3831);
#76=OVER_RIDING_STYLED_ITEM('',(#3873),#3820,#3831);
#77=OVER_RIDING_STYLED_ITEM('',(#3874),#3821,#3831);
#78=OVER_RIDING_STYLED_ITEM('',(#3875),#3822,#3831);
#79=OVER_RIDING_STYLED_ITEM('',(#3876),#3823,#3831);
#80=OVER_RIDING_STYLED_ITEM('',(#3877),#3824,#3831);
#81=OVER_RIDING_STYLED_ITEM('',(#3878),#3825,#3831);
#82=OVER_RIDING_STYLED_ITEM('',(#3879),#3826,#3831);
#83=OVER_RIDING_STYLED_ITEM('',(#3880),#3827,#3831);
#84=OVER_RIDING_STYLED_ITEM('',(#3881),#3828,#3831);
#85=OVER_RIDING_STYLED_ITEM('',(#3882),#3829,#3831);
#86=COLOUR_RGB('',0.901960784313726,0.901960784313726,0.901960784313726);
#87=TOROIDAL_SURFACE('',#4457,0.00235,0.0001);
#88=TOROIDAL_SURFACE('',#4458,0.00475,0.0001);
#89=TOROIDAL_SURFACE('',#4459,0.00475,0.0001);
#90=CONICAL_SURFACE('',#4424,0.00125,0.785398163397448);
#91=CONICAL_SURFACE('',#4425,0.00125,0.785398163397448);
#92=CONICAL_SURFACE('',#4426,0.00125,0.785398163397448);
#93=CONICAL_SURFACE('',#4428,0.0564569206581624,0.785398163397436);
#94=CONICAL_SURFACE('',#4429,0.00312878863574801,0.785398163397448);
#95=CONICAL_SURFACE('',#4432,0.00337878863574801,0.78539816339745);
#96=CONICAL_SURFACE('',#4433,0.0564569206581624,0.785398163397448);
#97=CONICAL_SURFACE('',#4435,0.0015,0.785398163397448);
#98=CONICAL_SURFACE('',#4436,0.0015,0.785398163397448);
#99=CONICAL_SURFACE('',#4437,0.0015,0.785398163397448);
#100=CONICAL_SURFACE('',#4439,0.0564569206581624,0.785398163397438);
#101=CONICAL_SURFACE('',#4440,0.00337878863574801,0.785398163397452);
#102=CONICAL_SURFACE('',#4443,0.00312878863574801,0.78539816339745);
#103=CONICAL_SURFACE('',#4444,0.0564569206581624,0.785398163397452);
#104=CONICAL_SURFACE('',#4446,0.0044,0.78539816339745);
#105=CONICAL_SURFACE('',#4451,0.00135,0.785398163397448);
#106=CONICAL_SURFACE('',#4452,0.00135,0.785398163397448);
#107=CONICAL_SURFACE('',#4453,0.00135,0.785398163397448);
#108=CONICAL_SURFACE('',#4454,0.00125,0.785398163397448);
#109=CONICAL_SURFACE('',#4455,0.00125,0.785398163397448);
#110=CONICAL_SURFACE('',#4456,0.00125,0.785398163397448);
#111=CONICAL_SURFACE('',#4460,0.00265,0.785398163397449);
#112=CYLINDRICAL_SURFACE('',#4155,0.00264999999999975);
#113=CYLINDRICAL_SURFACE('',#4158,0.00265);
#114=CYLINDRICAL_SURFACE('',#4161,0.00264999999999987);
#115=CYLINDRICAL_SURFACE('',#4164,0.0026499999999999);
#116=CYLINDRICAL_SURFACE('',#4167,0.00264999999999995);
#117=CYLINDRICAL_SURFACE('',#4170,0.00264999999999989);
#118=CYLINDRICAL_SURFACE('',#4173,0.00264999999999991);
#119=CYLINDRICAL_SURFACE('',#4176,0.00265000000000009);
#120=CYLINDRICAL_SURFACE('',#4179,0.00264999999999975);
#121=CYLINDRICAL_SURFACE('',#4182,0.00264999999999977);
#122=CYLINDRICAL_SURFACE('',#4185,0.0026499999999998);
#123=CYLINDRICAL_SURFACE('',#4188,0.00264999999999981);
#124=CYLINDRICAL_SURFACE('',#4191,0.00264999999999995);
#125=CYLINDRICAL_SURFACE('',#4194,0.00265000000000008);
#126=CYLINDRICAL_SURFACE('',#4197,0.00265000000000006);
#127=CYLINDRICAL_SURFACE('',#4200,0.00264999999999951);
#128=CYLINDRICAL_SURFACE('',#4203,0.00265000000000011);
#129=CYLINDRICAL_SURFACE('',#4206,0.00265000000000011);
#130=CYLINDRICAL_SURFACE('',#4209,0.00264999999999947);
#131=CYLINDRICAL_SURFACE('',#4212,0.00265);
#132=CYLINDRICAL_SURFACE('',#4215,0.00264999999999987);
#133=CYLINDRICAL_SURFACE('',#4218,0.00265000000000008);
#134=CYLINDRICAL_SURFACE('',#4221,0.00264999999999982);
#135=CYLINDRICAL_SURFACE('',#4224,0.00265);
#136=CYLINDRICAL_SURFACE('',#4227,0.00264999999999978);
#137=CYLINDRICAL_SURFACE('',#4230,0.001225);
#138=CYLINDRICAL_SURFACE('',#4241,0.00304999999999986);
#139=CYLINDRICAL_SURFACE('',#4246,0.00304999999999901);
#140=CYLINDRICAL_SURFACE('',#4251,0.00304999999999937);
#141=CYLINDRICAL_SURFACE('',#4256,0.00304999999999851);
#142=CYLINDRICAL_SURFACE('',#4261,0.00304999999999962);
#143=CYLINDRICAL_SURFACE('',#4266,0.00304999999999965);
#144=CYLINDRICAL_SURFACE('',#4271,0.00304999999999855);
#145=CYLINDRICAL_SURFACE('',#4276,0.00304999999999975);
#146=CYLINDRICAL_SURFACE('',#4281,0.00304999999999885);
#147=CYLINDRICAL_SURFACE('',#4286,0.00304999999999984);
#148=CYLINDRICAL_SURFACE('',#4291,0.00304999999999991);
#149=CYLINDRICAL_SURFACE('',#4296,0.00304999999999914);
#150=CYLINDRICAL_SURFACE('',#4301,0.00304999999999937);
#151=CYLINDRICAL_SURFACE('',#4306,0.00304999999999855);
#152=CYLINDRICAL_SURFACE('',#4311,0.00304999999999881);
#153=CYLINDRICAL_SURFACE('',#4316,0.00304999999999949);
#154=CYLINDRICAL_SURFACE('',#4321,0.00304999999999907);
#155=CYLINDRICAL_SURFACE('',#4326,0.00304999999999817);
#156=CYLINDRICAL_SURFACE('',#4331,0.00304999999999913);
#157=CYLINDRICAL_SURFACE('',#4336,0.00304999999999925);
#158=CYLINDRICAL_SURFACE('',#4341,0.00304999999999825);
#159=CYLINDRICAL_SURFACE('',#4346,0.00304999999999922);
#160=CYLINDRICAL_SURFACE('',#4351,0.0030499999999993);
#161=CYLINDRICAL_SURFACE('',#4356,0.00304999999999992);
#162=CYLINDRICAL_SURFACE('',#4361,0.00304999999999987);
#163=CYLINDRICAL_SURFACE('',#4365,0.00465);
#164=CYLINDRICAL_SURFACE('',#4375,0.00255);
#165=CYLINDRICAL_SURFACE('',#4379,0.00245);
#166=CYLINDRICAL_SURFACE('',#4390,0.00125);
#167=CYLINDRICAL_SURFACE('',#4393,0.00125);
#168=CYLINDRICAL_SURFACE('',#4396,0.00125);
#169=CYLINDRICAL_SURFACE('',#4399,0.00125);
#170=CYLINDRICAL_SURFACE('',#4402,0.00125);
#171=CYLINDRICAL_SURFACE('',#4405,0.00125);
#172=CYLINDRICAL_SURFACE('',#4408,0.0567069206581624);
#173=CYLINDRICAL_SURFACE('',#4412,0.00337878863574801);
#174=CYLINDRICAL_SURFACE('',#4416,0.0567069206581624);
#175=CYLINDRICAL_SURFACE('',#4420,0.00337878863574801);
#176=CYLINDRICAL_SURFACE('',#4449,0.00245);
#177=B_SPLINE_CURVE_WITH_KNOTS('',2,(#5501,#5502,#5503),.UNSPECIFIED.,.F.,
 .F.,(3,3),(0.,1.),.PIECEWISE_BEZIER_KNOTS.);
#178=B_SPLINE_CURVE_WITH_KNOTS('',2,(#5505,#5506,#5507),.UNSPECIFIED.,.F.,
 .F.,(3,3),(0.,1.),.PIECEWISE_BEZIER_KNOTS.);
#179=B_SPLINE_CURVE_WITH_KNOTS('',2,(#5509,#5510,#5511),.UNSPECIFIED.,.F.,
 .F.,(3,3),(0.,1.),.PIECEWISE_BEZIER_KNOTS.);
#180=B_SPLINE_CURVE_WITH_KNOTS('',2,(#5513,#5514,#5515),.UNSPECIFIED.,.F.,
 .F.,(3,3),(0.,1.),.PIECEWISE_BEZIER_KNOTS.);
#181=B_SPLINE_CURVE_WITH_KNOTS('',2,(#5517,#5518,#5519),.UNSPECIFIED.,.F.,
 .F.,(3,3),(0.,1.),.PIECEWISE_BEZIER_KNOTS.);
#182=B_SPLINE_CURVE_WITH_KNOTS('',2,(#5521,#5522,#5523),.UNSPECIFIED.,.F.,
 .F.,(3,3),(0.,1.),.PIECEWISE_BEZIER_KNOTS.);
#183=B_SPLINE_CURVE_WITH_KNOTS('',2,(#5525,#5526,#5527),.UNSPECIFIED.,.F.,
 .F.,(3,3),(0.,1.),.PIECEWISE_BEZIER_KNOTS.);
#184=B_SPLINE_CURVE_WITH_KNOTS('',2,(#5531,#5532,#5533),.UNSPECIFIED.,.F.,
 .F.,(3,3),(0.,1.),.PIECEWISE_BEZIER_KNOTS.);
#185=B_SPLINE_CURVE_WITH_KNOTS('',2,(#5535,#5536,#5537),.UNSPECIFIED.,.F.,
 .F.,(3,3),(0.,1.),.PIECEWISE_BEZIER_KNOTS.);
#186=B_SPLINE_CURVE_WITH_KNOTS('',2,(#5539,#5540,#5541),.UNSPECIFIED.,.F.,
 .F.,(3,3),(0.,1.),.PIECEWISE_BEZIER_KNOTS.);
#187=B_SPLINE_CURVE_WITH_KNOTS('',2,(#5543,#5544,#5545),.UNSPECIFIED.,.F.,
 .F.,(3,3),(0.,1.),.PIECEWISE_BEZIER_KNOTS.);
#188=B_SPLINE_CURVE_WITH_KNOTS('',2,(#5547,#5548,#5549),.UNSPECIFIED.,.F.,
 .F.,(3,3),(0.,1.),.PIECEWISE_BEZIER_KNOTS.);
#189=B_SPLINE_CURVE_WITH_KNOTS('',2,(#5572,#5573,#5574),.UNSPECIFIED.,.F.,
 .F.,(3,3),(0.,1.),.PIECEWISE_BEZIER_KNOTS.);
#190=B_SPLINE_CURVE_WITH_KNOTS('',2,(#5577,#5578,#5579),.UNSPECIFIED.,.F.,
 .F.,(3,3),(0.,1.),.PIECEWISE_BEZIER_KNOTS.);
#191=B_SPLINE_CURVE_WITH_KNOTS('',2,(#5581,#5582,#5583),.UNSPECIFIED.,.F.,
 .F.,(3,3),(0.,1.),.PIECEWISE_BEZIER_KNOTS.);
#192=B_SPLINE_CURVE_WITH_KNOTS('',2,(#5585,#5586,#5587),.UNSPECIFIED.,.F.,
 .F.,(3,3),(0.,1.),.PIECEWISE_BEZIER_KNOTS.);
#193=B_SPLINE_CURVE_WITH_KNOTS('',2,(#5589,#5590,#5591),.UNSPECIFIED.,.F.,
 .F.,(3,3),(0.,1.),.PIECEWISE_BEZIER_KNOTS.);
#194=B_SPLINE_CURVE_WITH_KNOTS('',2,(#5593,#5594,#5595),.UNSPECIFIED.,.F.,
 .F.,(3,3),(0.,1.),.PIECEWISE_BEZIER_KNOTS.);
#195=B_SPLINE_CURVE_WITH_KNOTS('',2,(#5599,#5600,#5601),.UNSPECIFIED.,.F.,
 .F.,(3,3),(0.,1.),.PIECEWISE_BEZIER_KNOTS.);
#196=B_SPLINE_CURVE_WITH_KNOTS('',2,(#5603,#5604,#5605),.UNSPECIFIED.,.F.,
 .F.,(3,3),(0.,1.),.PIECEWISE_BEZIER_KNOTS.);
#197=B_SPLINE_CURVE_WITH_KNOTS('',2,(#5607,#5608,#5609),.UNSPECIFIED.,.F.,
 .F.,(3,3),(0.,1.),.PIECEWISE_BEZIER_KNOTS.);
#198=B_SPLINE_CURVE_WITH_KNOTS('',2,(#5611,#5612,#5613),.UNSPECIFIED.,.F.,
 .F.,(3,3),(0.,1.),.PIECEWISE_BEZIER_KNOTS.);
#199=B_SPLINE_CURVE_WITH_KNOTS('',2,(#5615,#5616,#5617),.UNSPECIFIED.,.F.,
 .F.,(3,3),(0.,1.),.PIECEWISE_BEZIER_KNOTS.);
#200=B_SPLINE_CURVE_WITH_KNOTS('',2,(#5619,#5620,#5621),.UNSPECIFIED.,.F.,
 .F.,(3,3),(0.,1.),.PIECEWISE_BEZIER_KNOTS.);
#201=B_SPLINE_CURVE_WITH_KNOTS('',3,(#5893,#5894,#5895,#5896),
 .UNSPECIFIED.,.F.,.F.,(4,4),(3.05436497992176E-7,0.000597381113084988),
 .UNSPECIFIED.);
#202=B_SPLINE_CURVE_WITH_KNOTS('',3,(#5899,#5900,#5901,#5902),
 .UNSPECIFIED.,.F.,.F.,(4,4),(3.01422213645295E-7,0.000597377098800741),
 .UNSPECIFIED.);
#203=B_SPLINE_CURVE_WITH_KNOTS('',3,(#5914,#5915,#5916,#5917),
 .UNSPECIFIED.,.F.,.F.,(4,4),(3.19208721347683E-7,0.000597394885308392),
 .UNSPECIFIED.);
#204=B_SPLINE_CURVE_WITH_KNOTS('',3,(#5920,#5921,#5922,#5923),
 .UNSPECIFIED.,.F.,.F.,(4,4),(3.01422215307545E-7,0.000597377098802338),
 .UNSPECIFIED.);
#205=B_SPLINE_CURVE_WITH_KNOTS('',3,(#5935,#5936,#5937,#5938),
 .UNSPECIFIED.,.F.,.F.,(4,4),(3.57826892739301E-7,0.000597433503479834),
 .UNSPECIFIED.);
#206=B_SPLINE_CURVE_WITH_KNOTS('',3,(#5941,#5942,#5943,#5944),
 .UNSPECIFIED.,.F.,.F.,(4,4),(3.01422215075651E-7,0.000597377098802072),
 .UNSPECIFIED.);
#207=B_SPLINE_CURVE_WITH_KNOTS('',3,(#5956,#5957,#5958,#5959),
 .UNSPECIFIED.,.F.,.F.,(4,4),(4.24852536836846E-7,0.00059750052912369),
 .UNSPECIFIED.);
#208=B_SPLINE_CURVE_WITH_KNOTS('',3,(#5962,#5963,#5964,#5965),
 .UNSPECIFIED.,.F.,.F.,(4,4),(3.01422215225733E-7,0.000597377098802265),
 .UNSPECIFIED.);
#209=B_SPLINE_CURVE_WITH_KNOTS('',3,(#5977,#5978,#5979,#5980),
 .UNSPECIFIED.,.F.,.F.,(4,4),(3.51239341459846E-7,0.000597426915928554),
 .UNSPECIFIED.);
#210=B_SPLINE_CURVE_WITH_KNOTS('',3,(#5983,#5984,#5985,#5986),
 .UNSPECIFIED.,.F.,.F.,(4,4),(3.01422214100187E-7,0.000597377098801198),
 .UNSPECIFIED.);
#211=B_SPLINE_CURVE_WITH_KNOTS('',3,(#5998,#5999,#6000,#6001),
 .UNSPECIFIED.,.F.,.F.,(4,4),(3.1630823804539E-7,0.000597391984825085),
 .UNSPECIFIED.);
#212=B_SPLINE_CURVE_WITH_KNOTS('',3,(#6004,#6005,#6006,#6007),
 .UNSPECIFIED.,.F.,.F.,(4,4),(3.01422211728804E-7,0.000597377098798583),
 .UNSPECIFIED.);
#213=B_SPLINE_CURVE_WITH_KNOTS('',3,(#6019,#6020,#6021,#6022),
 .UNSPECIFIED.,.F.,.F.,(4,4),(3.05135068151352E-7,0.000597380811655146),
 .UNSPECIFIED.);
#214=B_SPLINE_CURVE_WITH_KNOTS('',3,(#6025,#6026,#6027,#6028),
 .UNSPECIFIED.,.F.,.F.,(4,4),(3.01422213888219E-7,0.000597377098800983),
 .UNSPECIFIED.);
#215=B_SPLINE_CURVE_WITH_KNOTS('',3,(#6040,#6041,#6042,#6043),
 .UNSPECIFIED.,.F.,.F.,(4,4),(3.13766853118241E-7,0.000597389443440146),
 .UNSPECIFIED.);
#216=B_SPLINE_CURVE_WITH_KNOTS('',3,(#6046,#6047,#6048,#6049),
 .UNSPECIFIED.,.F.,.F.,(4,4),(3.01422215132452E-7,0.00059737709880218),
 .UNSPECIFIED.);
#217=B_SPLINE_CURVE_WITH_KNOTS('',3,(#6061,#6062,#6063,#6064),
 .UNSPECIFIED.,.F.,.F.,(4,4),(3.4522449491111E-7,0.000597420901082003),
 .UNSPECIFIED.);
#218=B_SPLINE_CURVE_WITH_KNOTS('',3,(#6067,#6068,#6069,#6070),
 .UNSPECIFIED.,.F.,.F.,(4,4),(3.01422214791546E-7,0.000597377098801788),
 .UNSPECIFIED.);
#219=B_SPLINE_CURVE_WITH_KNOTS('',3,(#6082,#6083,#6084,#6085),
 .UNSPECIFIED.,.F.,.F.,(4,4),(4.12499886521354E-7,0.000597488176473448),
 .UNSPECIFIED.);
#220=B_SPLINE_CURVE_WITH_KNOTS('',3,(#6088,#6089,#6090,#6091),
 .UNSPECIFIED.,.F.,.F.,(4,4),(3.01422215378374E-7,0.000597377098802401),
 .UNSPECIFIED.);
#221=B_SPLINE_CURVE_WITH_KNOTS('',3,(#6103,#6104,#6105,#6106),
 .UNSPECIFIED.,.F.,.F.,(4,4),(3.6503339896967E-7,0.000597440709986059),
 .UNSPECIFIED.);
#222=B_SPLINE_CURVE_WITH_KNOTS('',3,(#6109,#6110,#6111,#6112),
 .UNSPECIFIED.,.F.,.F.,(4,4),(3.0142221447096E-7,0.000597377098801561),
 .UNSPECIFIED.);
#223=B_SPLINE_CURVE_WITH_KNOTS('',3,(#6124,#6125,#6126,#6127),
 .UNSPECIFIED.,.F.,.F.,(4,4),(3.2248408982508E-7,0.000597398160676878),
 .UNSPECIFIED.);
#224=B_SPLINE_CURVE_WITH_KNOTS('',3,(#6130,#6131,#6132,#6133),
 .UNSPECIFIED.,.F.,.F.,(4,4),(3.01422212490156E-7,0.000597377098799476),
 .UNSPECIFIED.);
#225=B_SPLINE_CURVE_WITH_KNOTS('',3,(#6145,#6146,#6147,#6148),
 .UNSPECIFIED.,.F.,.F.,(4,4),(3.06040848883236E-7,0.000597381717435884),
 .UNSPECIFIED.);
#226=B_SPLINE_CURVE_WITH_KNOTS('',3,(#6151,#6152,#6153,#6154),
 .UNSPECIFIED.,.F.,.F.,(4,4),(3.014222134022E-7,0.00059737709880048),
 .UNSPECIFIED.);
#227=B_SPLINE_CURVE_WITH_KNOTS('',3,(#6166,#6167,#6168,#6169),
 .UNSPECIFIED.,.F.,.F.,(4,4),(3.09709216892621E-7,0.000597385385803905),
 .UNSPECIFIED.);
#228=B_SPLINE_CURVE_WITH_KNOTS('',3,(#6172,#6173,#6174,#6175),
 .UNSPECIFIED.,.F.,.F.,(4,4),(3.01422214230752E-7,0.0005973770988013),
 .UNSPECIFIED.);
#229=B_SPLINE_CURVE_WITH_KNOTS('',3,(#6187,#6188,#6189,#6190),
 .UNSPECIFIED.,.F.,.F.,(4,4),(3.34755777213804E-7,0.000597410432364295),
 .UNSPECIFIED.);
#230=B_SPLINE_CURVE_WITH_KNOTS('',3,(#6193,#6194,#6195,#6196),
 .UNSPECIFIED.,.F.,.F.,(4,4),(3.01422215526991E-7,0.000597377098802536),
 .UNSPECIFIED.);
#231=B_SPLINE_CURVE_WITH_KNOTS('',3,(#6208,#6209,#6210,#6211),
 .UNSPECIFIED.,.F.,.F.,(4,4),(3.90935150574004E-7,0.000597466611737599),
 .UNSPECIFIED.);
#232=B_SPLINE_CURVE_WITH_KNOTS('',3,(#6214,#6215,#6216,#6217),
 .UNSPECIFIED.,.F.,.F.,(4,4),(3.01422215488094E-7,0.000597377098802503),
 .UNSPECIFIED.);
#233=B_SPLINE_CURVE_WITH_KNOTS('',3,(#6229,#6230,#6231,#6232),
 .UNSPECIFIED.,.F.,.F.,(4,4),(3.81522450957432E-7,0.000597457199038012),
 .UNSPECIFIED.);
#234=B_SPLINE_CURVE_WITH_KNOTS('',3,(#6235,#6236,#6237,#6238),
 .UNSPECIFIED.,.F.,.F.,(4,4),(3.01422214553417E-7,0.000597377098801632),
 .UNSPECIFIED.);
#235=B_SPLINE_CURVE_WITH_KNOTS('',3,(#6250,#6251,#6252,#6253),
 .UNSPECIFIED.,.F.,.F.,(4,4),(3.30235153055232E-7,0.000597405911740128),
 .UNSPECIFIED.);
#236=B_SPLINE_CURVE_WITH_KNOTS('',3,(#6256,#6257,#6258,#6259),
 .UNSPECIFIED.,.F.,.F.,(4,4),(3.01422213124928E-7,0.000597377098800185),
 .UNSPECIFIED.);
#237=B_SPLINE_CURVE_WITH_KNOTS('',3,(#6271,#6272,#6273,#6274),
 .UNSPECIFIED.,.F.,.F.,(4,4),(3.08171861371263E-7,0.000597383848448378),
 .UNSPECIFIED.);
#238=B_SPLINE_CURVE_WITH_KNOTS('',3,(#6277,#6278,#6279,#6280),
 .UNSPECIFIED.,.F.,.F.,(4,4),(3.01422212821852E-7,0.000597377098799853),
 .UNSPECIFIED.);
#239=B_SPLINE_CURVE_WITH_KNOTS('',3,(#6292,#6293,#6294,#6295),
 .UNSPECIFIED.,.F.,.F.,(4,4),(3.06951121274174E-7,0.000597382627708276),
 .UNSPECIFIED.);
#240=B_SPLINE_CURVE_WITH_KNOTS('',3,(#6298,#6299,#6300,#6301),
 .UNSPECIFIED.,.F.,.F.,(4,4),(3.01422214631699E-7,0.000597377098801722),
 .UNSPECIFIED.);
#241=B_SPLINE_CURVE_WITH_KNOTS('',3,(#6313,#6314,#6315,#6316),
 .UNSPECIFIED.,.F.,.F.,(4,4),(3.26152582795021E-7,0.00059740182916986),
 .UNSPECIFIED.);
#242=B_SPLINE_CURVE_WITH_KNOTS('',3,(#6319,#6320,#6321,#6322),
 .UNSPECIFIED.,.F.,.F.,(4,4),(3.01422214988643E-7,0.000597377098802009),
 .UNSPECIFIED.);
#243=B_SPLINE_CURVE_WITH_KNOTS('',3,(#6334,#6335,#6336,#6337),
 .UNSPECIFIED.,.F.,.F.,(4,4),(3.72911728581024E-7,0.000597448588315656),
 .UNSPECIFIED.);
#244=B_SPLINE_CURVE_WITH_KNOTS('',3,(#6340,#6341,#6342,#6343),
 .UNSPECIFIED.,.F.,.F.,(4,4),(3.01422215276598E-7,0.000597377098802281),
 .UNSPECIFIED.);
#245=B_SPLINE_CURVE_WITH_KNOTS('',3,(#6355,#6356,#6357,#6358),
 .UNSPECIFIED.,.F.,.F.,(4,4),(4.01230031241381E-7,0.000597476906618226),
 .UNSPECIFIED.);
#246=B_SPLINE_CURVE_WITH_KNOTS('',3,(#6361,#6362,#6363,#6364),
 .UNSPECIFIED.,.F.,.F.,(4,4),(3.0142221496933E-7,0.000597377098802034),
 .UNSPECIFIED.);
#247=B_SPLINE_CURVE_WITH_KNOTS('',3,(#6376,#6377,#6378,#6379),
 .UNSPECIFIED.,.F.,.F.,(4,4),(3.39741824469119E-7,0.000597415418411558),
 .UNSPECIFIED.);
#248=B_SPLINE_CURVE_WITH_KNOTS('',3,(#6382,#6383,#6384,#6385),
 .UNSPECIFIED.,.F.,.F.,(4,4),(3.01422213656407E-7,0.000597377098800751),
 .UNSPECIFIED.);
#249=B_SPLINE_CURVE_WITH_KNOTS('',3,(#6397,#6398,#6399,#6400),
 .UNSPECIFIED.,.F.,.F.,(4,4),(3.11571013430928E-7,0.000597387247600451),
 .UNSPECIFIED.);
#250=B_SPLINE_CURVE_WITH_KNOTS('',3,(#6408,#6409,#6410,#6411),
 .UNSPECIFIED.,.F.,.F.,(4,4),(-0.000526475201262313,0.00194656831678812),
 .UNSPECIFIED.);
#251=B_SPLINE_CURVE_WITH_KNOTS('',3,(#6415,#6416,#6417,#6418),
 .UNSPECIFIED.,.F.,.F.,(4,4),(-0.000526475201262355,0.00194656831678818),
 .UNSPECIFIED.);
#252=B_SPLINE_CURVE_WITH_KNOTS('',3,(#6420,#6421,#6422,#6423),
 .UNSPECIFIED.,.F.,.F.,(4,4),(3.01422212126927E-7,0.000597377098799061),
 .UNSPECIFIED.);
#253=B_SPLINE_CURVE_WITH_KNOTS('',3,(#6547,#6548,#6549,#6550,#6551,#6552,
#6553,#6554,#6555),.UNSPECIFIED.,.F.,.F.,(4,1,1,1,1,1,4),(0.,0.000103290592914669,
0.000154935889372004,0.000206581185829338,0.000258226482286673,0.000309871778744008,
0.000413162371658677),.UNSPECIFIED.);
#254=B_SPLINE_CURVE_WITH_KNOTS('',3,(#6557,#6558,#6559,#6560,#6561,#6562,
#6563,#6564,#6565),.UNSPECIFIED.,.F.,.F.,(4,1,1,1,1,1,4),(0.,0.000103183802885813,
0.00015477570432872,0.000206367605771627,0.000257959507214533,0.00030955140865744,
0.000412735211543253),.UNSPECIFIED.);
#255=B_SPLINE_CURVE_WITH_KNOTS('',3,(#6576,#6577,#6578,#6579,#6580,#6581,
#6582,#6583,#6584),.UNSPECIFIED.,.F.,.F.,(4,1,1,1,1,1,4),(0.,0.000103183802885857,
0.000154775704328786,0.000206367605771714,0.000257959507214643,0.000309551408657571,
0.000412735211543428),.UNSPECIFIED.);
#256=B_SPLINE_CURVE_WITH_KNOTS('',3,(#6585,#6586,#6587,#6588,#6589,#6590,
#6591,#6592,#6593),.UNSPECIFIED.,.F.,.F.,(4,1,1,1,1,1,4),(0.,0.000103290592914697,
0.000154935889372045,0.000206581185829393,0.000258226482286742,0.00030987177874409,
0.000413162371658787),.UNSPECIFIED.);
#257=B_SPLINE_CURVE_WITH_KNOTS('',2,(#6663,#6664,#6665),.UNSPECIFIED.,.F.,
 .F.,(3,3),(0.,1.),.PIECEWISE_BEZIER_KNOTS.);
#258=B_SPLINE_CURVE_WITH_KNOTS('',2,(#6676,#6677,#6678),.UNSPECIFIED.,.F.,
 .F.,(3,3),(0.,1.),.PIECEWISE_BEZIER_KNOTS.);
#259=B_SPLINE_CURVE_WITH_KNOTS('',2,(#6689,#6690,#6691),.UNSPECIFIED.,.F.,
 .F.,(3,3),(0.,1.),.PIECEWISE_BEZIER_KNOTS.);
#260=B_SPLINE_CURVE_WITH_KNOTS('',2,(#6702,#6703,#6704),.UNSPECIFIED.,.F.,
 .F.,(3,3),(0.,1.),.PIECEWISE_BEZIER_KNOTS.);
#261=B_SPLINE_CURVE_WITH_KNOTS('',2,(#6715,#6716,#6717),.UNSPECIFIED.,.F.,
 .F.,(3,3),(0.,1.),.PIECEWISE_BEZIER_KNOTS.);
#262=B_SPLINE_CURVE_WITH_KNOTS('',2,(#6732,#6733,#6734),.UNSPECIFIED.,.F.,
 .F.,(3,3),(0.,1.),.PIECEWISE_BEZIER_KNOTS.);
#263=B_SPLINE_CURVE_WITH_KNOTS('',2,(#6745,#6746,#6747),.UNSPECIFIED.,.F.,
 .F.,(3,3),(0.,1.),.PIECEWISE_BEZIER_KNOTS.);
#264=B_SPLINE_CURVE_WITH_KNOTS('',2,(#6758,#6759,#6760),.UNSPECIFIED.,.F.,
 .F.,(3,3),(0.,1.),.PIECEWISE_BEZIER_KNOTS.);
#265=B_SPLINE_CURVE_WITH_KNOTS('',2,(#6771,#6772,#6773),.UNSPECIFIED.,.F.,
 .F.,(3,3),(0.,1.),.PIECEWISE_BEZIER_KNOTS.);
#266=B_SPLINE_CURVE_WITH_KNOTS('',2,(#6784,#6785,#6786),.UNSPECIFIED.,.F.,
 .F.,(3,3),(0.,1.),.PIECEWISE_BEZIER_KNOTS.);
#267=B_SPLINE_CURVE_WITH_KNOTS('',2,(#6797,#6798,#6799),.UNSPECIFIED.,.F.,
 .F.,(3,3),(0.,1.),.PIECEWISE_BEZIER_KNOTS.);
#268=B_SPLINE_CURVE_WITH_KNOTS('',2,(#6810,#6811,#6812),.UNSPECIFIED.,.F.,
 .F.,(3,3),(0.,1.),.PIECEWISE_BEZIER_KNOTS.);
#269=B_SPLINE_CURVE_WITH_KNOTS('',2,(#6863,#6864,#6865),.UNSPECIFIED.,.F.,
 .F.,(3,3),(0.,1.),.PIECEWISE_BEZIER_KNOTS.);
#270=B_SPLINE_CURVE_WITH_KNOTS('',2,(#6878,#6879,#6880),.UNSPECIFIED.,.F.,
 .F.,(3,3),(0.,1.),.PIECEWISE_BEZIER_KNOTS.);
#271=B_SPLINE_CURVE_WITH_KNOTS('',2,(#6915,#6916,#6917),.UNSPECIFIED.,.F.,
 .F.,(3,3),(0.,1.),.PIECEWISE_BEZIER_KNOTS.);
#272=B_SPLINE_CURVE_WITH_KNOTS('',2,(#6928,#6929,#6930),.UNSPECIFIED.,.F.,
 .F.,(3,3),(0.,1.),.PIECEWISE_BEZIER_KNOTS.);
#273=B_SPLINE_CURVE_WITH_KNOTS('',2,(#6941,#6942,#6943),.UNSPECIFIED.,.F.,
 .F.,(3,3),(0.,1.),.PIECEWISE_BEZIER_KNOTS.);
#274=B_SPLINE_CURVE_WITH_KNOTS('',2,(#6954,#6955,#6956),.UNSPECIFIED.,.F.,
 .F.,(3,3),(0.,1.),.PIECEWISE_BEZIER_KNOTS.);
#275=B_SPLINE_CURVE_WITH_KNOTS('',2,(#6967,#6968,#6969),.UNSPECIFIED.,.F.,
 .F.,(3,3),(0.,1.),.PIECEWISE_BEZIER_KNOTS.);
#276=B_SPLINE_CURVE_WITH_KNOTS('',2,(#6980,#6981,#6982),.UNSPECIFIED.,.F.,
 .F.,(3,3),(0.,1.),.PIECEWISE_BEZIER_KNOTS.);
#277=B_SPLINE_CURVE_WITH_KNOTS('',2,(#6997,#6998,#6999),.UNSPECIFIED.,.F.,
 .F.,(3,3),(0.,1.),.PIECEWISE_BEZIER_KNOTS.);
#278=B_SPLINE_CURVE_WITH_KNOTS('',2,(#7010,#7011,#7012),.UNSPECIFIED.,.F.,
 .F.,(3,3),(0.,1.),.PIECEWISE_BEZIER_KNOTS.);
#279=B_SPLINE_CURVE_WITH_KNOTS('',2,(#7023,#7024,#7025),.UNSPECIFIED.,.F.,
 .F.,(3,3),(0.,1.),.PIECEWISE_BEZIER_KNOTS.);
#280=B_SPLINE_CURVE_WITH_KNOTS('',2,(#7034,#7035,#7036),.UNSPECIFIED.,.F.,
 .F.,(3,3),(0.,1.),.PIECEWISE_BEZIER_KNOTS.);
#281=LINE('',#5479,#564);
#282=LINE('',#5483,#565);
#283=LINE('',#5487,#566);
#284=LINE('',#5491,#567);
#285=LINE('',#5492,#568);
#286=LINE('',#5495,#569);
#287=LINE('',#5497,#570);
#288=LINE('',#5499,#571);
#289=LINE('',#5529,#572);
#290=LINE('',#5551,#573);
#291=LINE('',#5553,#574);
#292=LINE('',#5555,#575);
#293=LINE('',#5556,#576);
#294=LINE('',#5559,#577);
#295=LINE('',#5561,#578);
#296=LINE('',#5563,#579);
#297=LINE('',#5565,#580);
#298=LINE('',#5567,#581);
#299=LINE('',#5569,#582);
#300=LINE('',#5571,#583);
#301=LINE('',#5597,#584);
#302=LINE('',#5623,#585);
#303=LINE('',#5625,#586);
#304=LINE('',#5627,#587);
#305=LINE('',#5629,#588);
#306=LINE('',#5631,#589);
#307=LINE('',#5633,#590);
#308=LINE('',#5638,#591);
#309=LINE('',#5642,#592);
#310=LINE('',#5647,#593);
#311=LINE('',#5651,#594);
#312=LINE('',#5656,#595);
#313=LINE('',#5660,#596);
#314=LINE('',#5665,#597);
#315=LINE('',#5669,#598);
#316=LINE('',#5674,#599);
#317=LINE('',#5678,#600);
#318=LINE('',#5683,#601);
#319=LINE('',#5687,#602);
#320=LINE('',#5692,#603);
#321=LINE('',#5696,#604);
#322=LINE('',#5701,#605);
#323=LINE('',#5705,#606);
#324=LINE('',#5710,#607);
#325=LINE('',#5714,#608);
#326=LINE('',#5719,#609);
#327=LINE('',#5723,#610);
#328=LINE('',#5728,#611);
#329=LINE('',#5732,#612);
#330=LINE('',#5737,#613);
#331=LINE('',#5741,#614);
#332=LINE('',#5746,#615);
#333=LINE('',#5750,#616);
#334=LINE('',#5755,#617);
#335=LINE('',#5759,#618);
#336=LINE('',#5764,#619);
#337=LINE('',#5768,#620);
#338=LINE('',#5773,#621);
#339=LINE('',#5777,#622);
#340=LINE('',#5782,#623);
#341=LINE('',#5786,#624);
#342=LINE('',#5791,#625);
#343=LINE('',#5795,#626);
#344=LINE('',#5800,#627);
#345=LINE('',#5804,#628);
#346=LINE('',#5809,#629);
#347=LINE('',#5813,#630);
#348=LINE('',#5818,#631);
#349=LINE('',#5822,#632);
#350=LINE('',#5827,#633);
#351=LINE('',#5831,#634);
#352=LINE('',#5836,#635);
#353=LINE('',#5840,#636);
#354=LINE('',#5845,#637);
#355=LINE('',#5849,#638);
#356=LINE('',#5854,#639);
#357=LINE('',#5858,#640);
#358=LINE('',#5878,#641);
#359=LINE('',#5882,#642);
#360=LINE('',#5884,#643);
#361=LINE('',#5889,#644);
#362=LINE('',#5897,#645);
#363=LINE('',#5904,#646);
#364=LINE('',#5906,#647);
#365=LINE('',#5908,#648);
#366=LINE('',#5918,#649);
#367=LINE('',#5925,#650);
#368=LINE('',#5927,#651);
#369=LINE('',#5929,#652);
#370=LINE('',#5939,#653);
#371=LINE('',#5946,#654);
#372=LINE('',#5948,#655);
#373=LINE('',#5950,#656);
#374=LINE('',#5960,#657);
#375=LINE('',#5967,#658);
#376=LINE('',#5969,#659);
#377=LINE('',#5971,#660);
#378=LINE('',#5981,#661);
#379=LINE('',#5988,#662);
#380=LINE('',#5990,#663);
#381=LINE('',#5992,#664);
#382=LINE('',#6002,#665);
#383=LINE('',#6009,#666);
#384=LINE('',#6011,#667);
#385=LINE('',#6013,#668);
#386=LINE('',#6023,#669);
#387=LINE('',#6030,#670);
#388=LINE('',#6032,#671);
#389=LINE('',#6034,#672);
#390=LINE('',#6044,#673);
#391=LINE('',#6051,#674);
#392=LINE('',#6053,#675);
#393=LINE('',#6055,#676);
#394=LINE('',#6065,#677);
#395=LINE('',#6072,#678);
#396=LINE('',#6074,#679);
#397=LINE('',#6076,#680);
#398=LINE('',#6086,#681);
#399=LINE('',#6093,#682);
#400=LINE('',#6095,#683);
#401=LINE('',#6097,#684);
#402=LINE('',#6107,#685);
#403=LINE('',#6114,#686);
#404=LINE('',#6116,#687);
#405=LINE('',#6118,#688);
#406=LINE('',#6128,#689);
#407=LINE('',#6135,#690);
#408=LINE('',#6137,#691);
#409=LINE('',#6139,#692);
#410=LINE('',#6149,#693);
#411=LINE('',#6156,#694);
#412=LINE('',#6158,#695);
#413=LINE('',#6160,#696);
#414=LINE('',#6170,#697);
#415=LINE('',#6177,#698);
#416=LINE('',#6179,#699);
#417=LINE('',#6181,#700);
#418=LINE('',#6191,#701);
#419=LINE('',#6198,#702);
#420=LINE('',#6200,#703);
#421=LINE('',#6202,#704);
#422=LINE('',#6212,#705);
#423=LINE('',#6219,#706);
#424=LINE('',#6221,#707);
#425=LINE('',#6223,#708);
#426=LINE('',#6233,#709);
#427=LINE('',#6240,#710);
#428=LINE('',#6242,#711);
#429=LINE('',#6244,#712);
#430=LINE('',#6254,#713);
#431=LINE('',#6261,#714);
#432=LINE('',#6263,#715);
#433=LINE('',#6265,#716);
#434=LINE('',#6275,#717);
#435=LINE('',#6282,#718);
#436=LINE('',#6284,#719);
#437=LINE('',#6286,#720);
#438=LINE('',#6296,#721);
#439=LINE('',#6303,#722);
#440=LINE('',#6305,#723);
#441=LINE('',#6307,#724);
#442=LINE('',#6317,#725);
#443=LINE('',#6324,#726);
#444=LINE('',#6326,#727);
#445=LINE('',#6328,#728);
#446=LINE('',#6338,#729);
#447=LINE('',#6345,#730);
#448=LINE('',#6347,#731);
#449=LINE('',#6349,#732);
#450=LINE('',#6359,#733);
#451=LINE('',#6366,#734);
#452=LINE('',#6368,#735);
#453=LINE('',#6370,#736);
#454=LINE('',#6380,#737);
#455=LINE('',#6387,#738);
#456=LINE('',#6389,#739);
#457=LINE('',#6391,#740);
#458=LINE('',#6401,#741);
#459=LINE('',#6424,#742);
#460=LINE('',#6456,#743);
#461=LINE('',#6460,#744);
#462=LINE('',#6462,#745);
#463=LINE('',#6465,#746);
#464=LINE('',#6467,#747);
#465=LINE('',#6469,#748);
#466=LINE('',#6503,#749);
#467=LINE('',#6507,#750);
#468=LINE('',#6510,#751);
#469=LINE('',#6511,#752);
#470=LINE('',#6513,#753);
#471=LINE('',#6519,#754);
#472=LINE('',#6522,#755);
#473=LINE('',#6523,#756);
#474=LINE('',#6525,#757);
#475=LINE('',#6531,#758);
#476=LINE('',#6533,#759);
#477=LINE('',#6535,#760);
#478=LINE('',#6544,#761);
#479=LINE('',#6545,#762);
#480=LINE('',#6556,#763);
#481=LINE('',#6567,#764);
#482=LINE('',#6569,#765);
#483=LINE('',#6571,#766);
#484=LINE('',#6573,#767);
#485=LINE('',#6575,#768);
#486=LINE('',#6599,#769);
#487=LINE('',#6600,#770);
#488=LINE('',#6602,#771);
#489=LINE('',#6604,#772);
#490=LINE('',#6606,#773);
#491=LINE('',#6608,#774);
#492=LINE('',#6610,#775);
#493=LINE('',#6612,#776);
#494=LINE('',#6632,#777);
#495=LINE('',#6634,#778);
#496=LINE('',#6636,#779);
#497=LINE('',#6638,#780);
#498=LINE('',#6640,#781);
#499=LINE('',#6642,#782);
#500=LINE('',#6644,#783);
#501=LINE('',#6646,#784);
#502=LINE('',#6648,#785);
#503=LINE('',#6650,#786);
#504=LINE('',#6652,#787);
#505=LINE('',#6661,#788);
#506=LINE('',#6674,#789);
#507=LINE('',#6687,#790);
#508=LINE('',#6700,#791);
#509=LINE('',#6713,#792);
#510=LINE('',#6719,#793);
#511=LINE('',#6721,#794);
#512=LINE('',#6730,#795);
#513=LINE('',#6743,#796);
#514=LINE('',#6756,#797);
#515=LINE('',#6769,#798);
#516=LINE('',#6782,#799);
#517=LINE('',#6795,#800);
#518=LINE('',#6808,#801);
#519=LINE('',#6814,#802);
#520=LINE('',#6816,#803);
#521=LINE('',#6818,#804);
#522=LINE('',#6821,#805);
#523=LINE('',#6823,#806);
#524=LINE('',#6825,#807);
#525=LINE('',#6827,#808);
#526=LINE('',#6829,#809);
#527=LINE('',#6831,#810);
#528=LINE('',#6833,#811);
#529=LINE('',#6835,#812);
#530=LINE('',#6837,#813);
#531=LINE('',#6839,#814);
#532=LINE('',#6841,#815);
#533=LINE('',#6843,#816);
#534=LINE('',#6845,#817);
#535=LINE('',#6847,#818);
#536=LINE('',#6849,#819);
#537=LINE('',#6851,#820);
#538=LINE('',#6861,#821);
#539=LINE('',#6867,#822);
#540=LINE('',#6876,#823);
#541=LINE('',#6882,#824);
#542=LINE('',#6884,#825);
#543=LINE('',#6886,#826);
#544=LINE('',#6888,#827);
#545=LINE('',#6890,#828);
#546=LINE('',#6892,#829);
#547=LINE('',#6894,#830);
#548=LINE('',#6896,#831);
#549=LINE('',#6898,#832);
#550=LINE('',#6900,#833);
#551=LINE('',#6902,#834);
#552=LINE('',#6904,#835);
#553=LINE('',#6913,#836);
#554=LINE('',#6926,#837);
#555=LINE('',#6939,#838);
#556=LINE('',#6952,#839);
#557=LINE('',#6965,#840);
#558=LINE('',#6978,#841);
#559=LINE('',#6984,#842);
#560=LINE('',#6986,#843);
#561=LINE('',#6995,#844);
#562=LINE('',#7008,#845);
#563=LINE('',#7021,#846);
#564=VECTOR('',#4507,1.);
#565=VECTOR('',#4510,1.);
#566=VECTOR('',#4513,1.);
#567=VECTOR('',#4516,1.);
#568=VECTOR('',#4517,1.);
#569=VECTOR('',#4518,1.);
#570=VECTOR('',#4519,1.);
#571=VECTOR('',#4520,1.);
#572=VECTOR('',#4521,1.);
#573=VECTOR('',#4522,1.);
#574=VECTOR('',#4523,1.);
#575=VECTOR('',#4524,1.);
#576=VECTOR('',#4525,1.);
#577=VECTOR('',#4526,1.);
#578=VECTOR('',#4527,1.);
#579=VECTOR('',#4528,1.);
#580=VECTOR('',#4529,1.);
#581=VECTOR('',#4530,1.);
#582=VECTOR('',#4531,1.);
#583=VECTOR('',#4532,1.);
#584=VECTOR('',#4533,1.);
#585=VECTOR('',#4534,1.);
#586=VECTOR('',#4535,1.);
#587=VECTOR('',#4536,1.);
#588=VECTOR('',#4537,1.);
#589=VECTOR('',#4538,1.);
#590=VECTOR('',#4539,1.);
#591=VECTOR('',#4544,1.);
#592=VECTOR('',#4547,1.);
#593=VECTOR('',#4552,1.);
#594=VECTOR('',#4555,1.);
#595=VECTOR('',#4560,1.);
#596=VECTOR('',#4563,1.);
#597=VECTOR('',#4568,1.);
#598=VECTOR('',#4571,1.);
#599=VECTOR('',#4576,1.);
#600=VECTOR('',#4579,1.);
#601=VECTOR('',#4584,1.);
#602=VECTOR('',#4587,1.);
#603=VECTOR('',#4592,1.);
#604=VECTOR('',#4595,1.);
#605=VECTOR('',#4600,1.);
#606=VECTOR('',#4603,1.);
#607=VECTOR('',#4608,1.);
#608=VECTOR('',#4611,1.);
#609=VECTOR('',#4616,1.);
#610=VECTOR('',#4619,1.);
#611=VECTOR('',#4624,1.);
#612=VECTOR('',#4627,1.);
#613=VECTOR('',#4632,1.);
#614=VECTOR('',#4635,1.);
#615=VECTOR('',#4640,1.);
#616=VECTOR('',#4643,1.);
#617=VECTOR('',#4648,1.);
#618=VECTOR('',#4651,1.);
#619=VECTOR('',#4656,1.);
#620=VECTOR('',#4659,1.);
#621=VECTOR('',#4664,1.);
#622=VECTOR('',#4667,1.);
#623=VECTOR('',#4672,1.);
#624=VECTOR('',#4675,1.);
#625=VECTOR('',#4680,1.);
#626=VECTOR('',#4683,1.);
#627=VECTOR('',#4688,1.);
#628=VECTOR('',#4691,1.);
#629=VECTOR('',#4696,1.);
#630=VECTOR('',#4699,1.);
#631=VECTOR('',#4704,1.);
#632=VECTOR('',#4707,1.);
#633=VECTOR('',#4712,1.);
#634=VECTOR('',#4715,1.);
#635=VECTOR('',#4720,1.);
#636=VECTOR('',#4723,1.);
#637=VECTOR('',#4728,1.);
#638=VECTOR('',#4731,1.);
#639=VECTOR('',#4736,1.);
#640=VECTOR('',#4739,1.);
#641=VECTOR('',#4760,1.);
#642=VECTOR('',#4763,1.);
#643=VECTOR('',#4766,1.);
#644=VECTOR('',#4769,1.);
#645=VECTOR('',#4774,1.);
#646=VECTOR('',#4777,1.);
#647=VECTOR('',#4778,1.);
#648=VECTOR('',#4781,1.);
#649=VECTOR('',#4788,1.);
#650=VECTOR('',#4791,1.);
#651=VECTOR('',#4792,1.);
#652=VECTOR('',#4795,1.);
#653=VECTOR('',#4802,1.);
#654=VECTOR('',#4805,1.);
#655=VECTOR('',#4806,1.);
#656=VECTOR('',#4809,1.);
#657=VECTOR('',#4816,1.);
#658=VECTOR('',#4819,1.);
#659=VECTOR('',#4820,1.);
#660=VECTOR('',#4823,1.);
#661=VECTOR('',#4830,1.);
#662=VECTOR('',#4833,1.);
#663=VECTOR('',#4834,1.);
#664=VECTOR('',#4837,1.);
#665=VECTOR('',#4844,1.);
#666=VECTOR('',#4847,1.);
#667=VECTOR('',#4848,1.);
#668=VECTOR('',#4851,1.);
#669=VECTOR('',#4858,1.);
#670=VECTOR('',#4861,1.);
#671=VECTOR('',#4862,1.);
#672=VECTOR('',#4865,1.);
#673=VECTOR('',#4872,1.);
#674=VECTOR('',#4875,1.);
#675=VECTOR('',#4876,1.);
#676=VECTOR('',#4879,1.);
#677=VECTOR('',#4886,1.);
#678=VECTOR('',#4889,1.);
#679=VECTOR('',#4890,1.);
#680=VECTOR('',#4893,1.);
#681=VECTOR('',#4900,1.);
#682=VECTOR('',#4903,1.);
#683=VECTOR('',#4904,1.);
#684=VECTOR('',#4907,1.);
#685=VECTOR('',#4914,1.);
#686=VECTOR('',#4917,1.);
#687=VECTOR('',#4918,1.);
#688=VECTOR('',#4921,1.);
#689=VECTOR('',#4928,1.);
#690=VECTOR('',#4931,1.);
#691=VECTOR('',#4932,1.);
#692=VECTOR('',#4935,1.);
#693=VECTOR('',#4942,1.);
#694=VECTOR('',#4945,1.);
#695=VECTOR('',#4946,1.);
#696=VECTOR('',#4949,1.);
#697=VECTOR('',#4956,1.);
#698=VECTOR('',#4959,1.);
#699=VECTOR('',#4960,1.);
#700=VECTOR('',#4963,1.);
#701=VECTOR('',#4970,1.);
#702=VECTOR('',#4973,1.);
#703=VECTOR('',#4974,1.);
#704=VECTOR('',#4977,1.);
#705=VECTOR('',#4984,1.);
#706=VECTOR('',#4987,1.);
#707=VECTOR('',#4988,1.);
#708=VECTOR('',#4991,1.);
#709=VECTOR('',#4998,1.);
#710=VECTOR('',#5001,1.);
#711=VECTOR('',#5002,1.);
#712=VECTOR('',#5005,1.);
#713=VECTOR('',#5012,1.);
#714=VECTOR('',#5015,1.);
#715=VECTOR('',#5016,1.);
#716=VECTOR('',#5019,1.);
#717=VECTOR('',#5026,1.);
#718=VECTOR('',#5029,1.);
#719=VECTOR('',#5030,1.);
#720=VECTOR('',#5033,1.);
#721=VECTOR('',#5040,1.);
#722=VECTOR('',#5043,1.);
#723=VECTOR('',#5044,1.);
#724=VECTOR('',#5047,1.);
#725=VECTOR('',#5054,1.);
#726=VECTOR('',#5057,1.);
#727=VECTOR('',#5058,1.);
#728=VECTOR('',#5061,1.);
#729=VECTOR('',#5068,1.);
#730=VECTOR('',#5071,1.);
#731=VECTOR('',#5072,1.);
#732=VECTOR('',#5075,1.);
#733=VECTOR('',#5082,1.);
#734=VECTOR('',#5085,1.);
#735=VECTOR('',#5086,1.);
#736=VECTOR('',#5089,1.);
#737=VECTOR('',#5096,1.);
#738=VECTOR('',#5099,1.);
#739=VECTOR('',#5100,1.);
#740=VECTOR('',#5103,1.);
#741=VECTOR('',#5110,1.);
#742=VECTOR('',#5121,1.);
#743=VECTOR('',#5158,1.);
#744=VECTOR('',#5161,1.);
#745=VECTOR('',#5164,1.);
#746=VECTOR('',#5165,1.);
#747=VECTOR('',#5166,1.);
#748=VECTOR('',#5167,1.);
#749=VECTOR('',#5208,1.);
#750=VECTOR('',#5213,1.);
#751=VECTOR('',#5214,1.);
#752=VECTOR('',#5215,1.);
#753=VECTOR('',#5218,1.);
#754=VECTOR('',#5225,1.);
#755=VECTOR('',#5226,1.);
#756=VECTOR('',#5227,1.);
#757=VECTOR('',#5230,1.);
#758=VECTOR('',#5237,1.);
#759=VECTOR('',#5238,1.);
#760=VECTOR('',#5239,1.);
#761=VECTOR('',#5256,1.);
#762=VECTOR('',#5257,1.);
#763=VECTOR('',#5260,1.);
#764=VECTOR('',#5263,1.);
#765=VECTOR('',#5266,1.);
#766=VECTOR('',#5269,1.);
#767=VECTOR('',#5272,1.);
#768=VECTOR('',#5275,1.);
#769=VECTOR('',#5286,1.);
#770=VECTOR('',#5287,1.);
#771=VECTOR('',#5290,1.);
#772=VECTOR('',#5293,1.);
#773=VECTOR('',#5296,1.);
#774=VECTOR('',#5299,1.);
#775=VECTOR('',#5302,1.);
#776=VECTOR('',#5305,1.);
#777=VECTOR('',#5340,1.);
#778=VECTOR('',#5341,1.);
#779=VECTOR('',#5342,1.);
#780=VECTOR('',#5345,1.);
#781=VECTOR('',#5346,1.);
#782=VECTOR('',#5349,1.);
#783=VECTOR('',#5350,1.);
#784=VECTOR('',#5353,1.);
#785=VECTOR('',#5354,1.);
#786=VECTOR('',#5357,1.);
#787=VECTOR('',#5358,1.);
#788=VECTOR('',#5359,1.);
#789=VECTOR('',#5360,1.);
#790=VECTOR('',#5361,1.);
#791=VECTOR('',#5362,1.);
#792=VECTOR('',#5363,1.);
#793=VECTOR('',#5366,1.);
#794=VECTOR('',#5367,1.);
#795=VECTOR('',#5368,1.);
#796=VECTOR('',#5369,1.);
#797=VECTOR('',#5370,1.);
#798=VECTOR('',#5371,1.);
#799=VECTOR('',#5372,1.);
#800=VECTOR('',#5373,1.);
#801=VECTOR('',#5374,1.);
#802=VECTOR('',#5377,1.);
#803=VECTOR('',#5378,1.);
#804=VECTOR('',#5381,1.);
#805=VECTOR('',#5386,1.);
#806=VECTOR('',#5387,1.);
#807=VECTOR('',#5388,1.);
#808=VECTOR('',#5391,1.);
#809=VECTOR('',#5392,1.);
#810=VECTOR('',#5395,1.);
#811=VECTOR('',#5396,1.);
#812=VECTOR('',#5399,1.);
#813=VECTOR('',#5400,1.);
#814=VECTOR('',#5403,1.);
#815=VECTOR('',#5404,1.);
#816=VECTOR('',#5407,1.);
#817=VECTOR('',#5408,1.);
#818=VECTOR('',#5411,1.);
#819=VECTOR('',#5412,1.);
#820=VECTOR('',#5415,1.);
#821=VECTOR('',#5418,1.);
#822=VECTOR('',#5419,1.);
#823=VECTOR('',#5420,1.);
#824=VECTOR('',#5423,1.);
#825=VECTOR('',#5424,1.);
#826=VECTOR('',#5427,1.);
#827=VECTOR('',#5428,1.);
#828=VECTOR('',#5431,1.);
#829=VECTOR('',#5432,1.);
#830=VECTOR('',#5435,1.);
#831=VECTOR('',#5436,1.);
#832=VECTOR('',#5439,1.);
#833=VECTOR('',#5440,1.);
#834=VECTOR('',#5443,1.);
#835=VECTOR('',#5444,1.);
#836=VECTOR('',#5445,1.);
#837=VECTOR('',#5446,1.);
#838=VECTOR('',#5447,1.);
#839=VECTOR('',#5448,1.);
#840=VECTOR('',#5449,1.);
#841=VECTOR('',#5450,1.);
#842=VECTOR('',#5453,1.);
#843=VECTOR('',#5454,1.);
#844=VECTOR('',#5455,1.);
#845=VECTOR('',#5456,1.);
#846=VECTOR('',#5457,1.);
#847=ORIENTED_EDGE('',*,*,#1937,.T.);
#848=ORIENTED_EDGE('',*,*,#1938,.T.);
#849=ORIENTED_EDGE('',*,*,#1939,.T.);
#850=ORIENTED_EDGE('',*,*,#1940,.T.);
#851=ORIENTED_EDGE('',*,*,#1941,.T.);
#852=ORIENTED_EDGE('',*,*,#1942,.T.);
#853=ORIENTED_EDGE('',*,*,#1943,.F.);
#854=ORIENTED_EDGE('',*,*,#1944,.T.);
#855=ORIENTED_EDGE('',*,*,#1945,.T.);
#856=ORIENTED_EDGE('',*,*,#1946,.T.);
#857=ORIENTED_EDGE('',*,*,#1947,.T.);
#858=ORIENTED_EDGE('',*,*,#1948,.T.);
#859=ORIENTED_EDGE('',*,*,#1949,.T.);
#860=ORIENTED_EDGE('',*,*,#1950,.T.);
#861=ORIENTED_EDGE('',*,*,#1951,.T.);
#862=ORIENTED_EDGE('',*,*,#1952,.T.);
#863=ORIENTED_EDGE('',*,*,#1953,.T.);
#864=ORIENTED_EDGE('',*,*,#1954,.T.);
#865=ORIENTED_EDGE('',*,*,#1955,.T.);
#866=ORIENTED_EDGE('',*,*,#1956,.T.);
#867=ORIENTED_EDGE('',*,*,#1957,.T.);
#868=ORIENTED_EDGE('',*,*,#1958,.T.);
#869=ORIENTED_EDGE('',*,*,#1959,.T.);
#870=ORIENTED_EDGE('',*,*,#1960,.T.);
#871=ORIENTED_EDGE('',*,*,#1961,.T.);
#872=ORIENTED_EDGE('',*,*,#1962,.T.);
#873=ORIENTED_EDGE('',*,*,#1963,.T.);
#874=ORIENTED_EDGE('',*,*,#1964,.T.);
#875=ORIENTED_EDGE('',*,*,#1965,.T.);
#876=ORIENTED_EDGE('',*,*,#1966,.T.);
#877=ORIENTED_EDGE('',*,*,#1967,.T.);
#878=ORIENTED_EDGE('',*,*,#1968,.T.);
#879=ORIENTED_EDGE('',*,*,#1969,.T.);
#880=ORIENTED_EDGE('',*,*,#1970,.T.);
#881=ORIENTED_EDGE('',*,*,#1971,.T.);
#882=ORIENTED_EDGE('',*,*,#1972,.T.);
#883=ORIENTED_EDGE('',*,*,#1973,.T.);
#884=ORIENTED_EDGE('',*,*,#1974,.T.);
#885=ORIENTED_EDGE('',*,*,#1975,.T.);
#886=ORIENTED_EDGE('',*,*,#1976,.T.);
#887=ORIENTED_EDGE('',*,*,#1977,.T.);
#888=ORIENTED_EDGE('',*,*,#1978,.T.);
#889=ORIENTED_EDGE('',*,*,#1979,.T.);
#890=ORIENTED_EDGE('',*,*,#1980,.T.);
#891=ORIENTED_EDGE('',*,*,#1981,.T.);
#892=ORIENTED_EDGE('',*,*,#1982,.T.);
#893=ORIENTED_EDGE('',*,*,#1983,.T.);
#894=ORIENTED_EDGE('',*,*,#1984,.T.);
#895=ORIENTED_EDGE('',*,*,#1985,.T.);
#896=ORIENTED_EDGE('',*,*,#1986,.T.);
#897=ORIENTED_EDGE('',*,*,#1987,.T.);
#898=ORIENTED_EDGE('',*,*,#1988,.T.);
#899=ORIENTED_EDGE('',*,*,#1989,.T.);
#900=ORIENTED_EDGE('',*,*,#1990,.T.);
#901=ORIENTED_EDGE('',*,*,#1991,.T.);
#902=ORIENTED_EDGE('',*,*,#1992,.T.);
#903=ORIENTED_EDGE('',*,*,#1993,.T.);
#904=ORIENTED_EDGE('',*,*,#1994,.T.);
#905=ORIENTED_EDGE('',*,*,#1995,.T.);
#906=ORIENTED_EDGE('',*,*,#1996,.T.);
#907=ORIENTED_EDGE('',*,*,#1997,.T.);
#908=ORIENTED_EDGE('',*,*,#1998,.T.);
#909=ORIENTED_EDGE('',*,*,#1999,.F.);
#910=ORIENTED_EDGE('',*,*,#2000,.F.);
#911=ORIENTED_EDGE('',*,*,#2001,.F.);
#912=ORIENTED_EDGE('',*,*,#2002,.T.);
#913=ORIENTED_EDGE('',*,*,#2003,.F.);
#914=ORIENTED_EDGE('',*,*,#2004,.F.);
#915=ORIENTED_EDGE('',*,*,#2005,.F.);
#916=ORIENTED_EDGE('',*,*,#2006,.T.);
#917=ORIENTED_EDGE('',*,*,#2007,.F.);
#918=ORIENTED_EDGE('',*,*,#2008,.F.);
#919=ORIENTED_EDGE('',*,*,#2009,.F.);
#920=ORIENTED_EDGE('',*,*,#2010,.T.);
#921=ORIENTED_EDGE('',*,*,#2011,.F.);
#922=ORIENTED_EDGE('',*,*,#2012,.F.);
#923=ORIENTED_EDGE('',*,*,#2013,.F.);
#924=ORIENTED_EDGE('',*,*,#2014,.T.);
#925=ORIENTED_EDGE('',*,*,#2015,.F.);
#926=ORIENTED_EDGE('',*,*,#2016,.F.);
#927=ORIENTED_EDGE('',*,*,#2017,.F.);
#928=ORIENTED_EDGE('',*,*,#2018,.T.);
#929=ORIENTED_EDGE('',*,*,#2019,.F.);
#930=ORIENTED_EDGE('',*,*,#2020,.F.);
#931=ORIENTED_EDGE('',*,*,#2021,.F.);
#932=ORIENTED_EDGE('',*,*,#2022,.T.);
#933=ORIENTED_EDGE('',*,*,#2023,.F.);
#934=ORIENTED_EDGE('',*,*,#2024,.F.);
#935=ORIENTED_EDGE('',*,*,#2025,.F.);
#936=ORIENTED_EDGE('',*,*,#2026,.T.);
#937=ORIENTED_EDGE('',*,*,#2027,.F.);
#938=ORIENTED_EDGE('',*,*,#2028,.F.);
#939=ORIENTED_EDGE('',*,*,#2029,.F.);
#940=ORIENTED_EDGE('',*,*,#2030,.T.);
#941=ORIENTED_EDGE('',*,*,#2031,.F.);
#942=ORIENTED_EDGE('',*,*,#2032,.F.);
#943=ORIENTED_EDGE('',*,*,#2033,.F.);
#944=ORIENTED_EDGE('',*,*,#2034,.T.);
#945=ORIENTED_EDGE('',*,*,#2035,.F.);
#946=ORIENTED_EDGE('',*,*,#2036,.F.);
#947=ORIENTED_EDGE('',*,*,#2037,.F.);
#948=ORIENTED_EDGE('',*,*,#2038,.T.);
#949=ORIENTED_EDGE('',*,*,#2039,.F.);
#950=ORIENTED_EDGE('',*,*,#2040,.F.);
#951=ORIENTED_EDGE('',*,*,#2041,.F.);
#952=ORIENTED_EDGE('',*,*,#2042,.T.);
#953=ORIENTED_EDGE('',*,*,#2043,.F.);
#954=ORIENTED_EDGE('',*,*,#2044,.F.);
#955=ORIENTED_EDGE('',*,*,#2045,.F.);
#956=ORIENTED_EDGE('',*,*,#2046,.T.);
#957=ORIENTED_EDGE('',*,*,#2047,.F.);
#958=ORIENTED_EDGE('',*,*,#2048,.F.);
#959=ORIENTED_EDGE('',*,*,#2049,.F.);
#960=ORIENTED_EDGE('',*,*,#2050,.T.);
#961=ORIENTED_EDGE('',*,*,#2051,.F.);
#962=ORIENTED_EDGE('',*,*,#2052,.F.);
#963=ORIENTED_EDGE('',*,*,#2053,.F.);
#964=ORIENTED_EDGE('',*,*,#2054,.T.);
#965=ORIENTED_EDGE('',*,*,#2055,.F.);
#966=ORIENTED_EDGE('',*,*,#2056,.F.);
#967=ORIENTED_EDGE('',*,*,#2057,.F.);
#968=ORIENTED_EDGE('',*,*,#2058,.T.);
#969=ORIENTED_EDGE('',*,*,#2059,.F.);
#970=ORIENTED_EDGE('',*,*,#2060,.F.);
#971=ORIENTED_EDGE('',*,*,#2061,.F.);
#972=ORIENTED_EDGE('',*,*,#2062,.T.);
#973=ORIENTED_EDGE('',*,*,#2063,.F.);
#974=ORIENTED_EDGE('',*,*,#2064,.F.);
#975=ORIENTED_EDGE('',*,*,#2065,.F.);
#976=ORIENTED_EDGE('',*,*,#2066,.T.);
#977=ORIENTED_EDGE('',*,*,#2067,.F.);
#978=ORIENTED_EDGE('',*,*,#2068,.F.);
#979=ORIENTED_EDGE('',*,*,#2069,.F.);
#980=ORIENTED_EDGE('',*,*,#2070,.T.);
#981=ORIENTED_EDGE('',*,*,#2071,.F.);
#982=ORIENTED_EDGE('',*,*,#2072,.F.);
#983=ORIENTED_EDGE('',*,*,#2073,.F.);
#984=ORIENTED_EDGE('',*,*,#2074,.T.);
#985=ORIENTED_EDGE('',*,*,#2075,.F.);
#986=ORIENTED_EDGE('',*,*,#2076,.F.);
#987=ORIENTED_EDGE('',*,*,#2077,.F.);
#988=ORIENTED_EDGE('',*,*,#2078,.T.);
#989=ORIENTED_EDGE('',*,*,#2079,.F.);
#990=ORIENTED_EDGE('',*,*,#2080,.F.);
#991=ORIENTED_EDGE('',*,*,#2081,.F.);
#992=ORIENTED_EDGE('',*,*,#2082,.T.);
#993=ORIENTED_EDGE('',*,*,#2083,.F.);
#994=ORIENTED_EDGE('',*,*,#2084,.F.);
#995=ORIENTED_EDGE('',*,*,#2085,.F.);
#996=ORIENTED_EDGE('',*,*,#2086,.T.);
#997=ORIENTED_EDGE('',*,*,#2087,.F.);
#998=ORIENTED_EDGE('',*,*,#2088,.F.);
#999=ORIENTED_EDGE('',*,*,#2089,.F.);
#1000=ORIENTED_EDGE('',*,*,#2090,.T.);
#1001=ORIENTED_EDGE('',*,*,#2091,.F.);
#1002=ORIENTED_EDGE('',*,*,#2092,.F.);
#1003=ORIENTED_EDGE('',*,*,#2093,.F.);
#1004=ORIENTED_EDGE('',*,*,#2094,.T.);
#1005=ORIENTED_EDGE('',*,*,#2095,.F.);
#1006=ORIENTED_EDGE('',*,*,#2096,.F.);
#1007=ORIENTED_EDGE('',*,*,#2097,.F.);
#1008=ORIENTED_EDGE('',*,*,#2098,.T.);
#1009=ORIENTED_EDGE('',*,*,#2099,.T.);
#1010=ORIENTED_EDGE('',*,*,#2100,.F.);
#1011=ORIENTED_EDGE('',*,*,#2101,.T.);
#1012=ORIENTED_EDGE('',*,*,#2102,.T.);
#1013=ORIENTED_EDGE('',*,*,#2103,.T.);
#1014=ORIENTED_EDGE('',*,*,#2104,.T.);
#1015=ORIENTED_EDGE('',*,*,#2105,.T.);
#1016=ORIENTED_EDGE('',*,*,#2106,.T.);
#1017=ORIENTED_EDGE('',*,*,#2107,.T.);
#1018=ORIENTED_EDGE('',*,*,#2108,.T.);
#1019=ORIENTED_EDGE('',*,*,#2109,.T.);
#1020=ORIENTED_EDGE('',*,*,#2110,.T.);
#1021=ORIENTED_EDGE('',*,*,#2111,.T.);
#1022=ORIENTED_EDGE('',*,*,#2112,.F.);
#1023=ORIENTED_EDGE('',*,*,#2113,.F.);
#1024=ORIENTED_EDGE('',*,*,#2114,.F.);
#1025=ORIENTED_EDGE('',*,*,#2110,.F.);
#1026=ORIENTED_EDGE('',*,*,#2115,.T.);
#1027=ORIENTED_EDGE('',*,*,#2000,.T.);
#1028=ORIENTED_EDGE('',*,*,#2116,.F.);
#1029=ORIENTED_EDGE('',*,*,#2002,.F.);
#1030=ORIENTED_EDGE('',*,*,#2117,.T.);
#1031=ORIENTED_EDGE('',*,*,#2118,.T.);
#1032=ORIENTED_EDGE('',*,*,#2119,.T.);
#1033=ORIENTED_EDGE('',*,*,#2120,.T.);
#1034=ORIENTED_EDGE('',*,*,#2118,.F.);
#1035=ORIENTED_EDGE('',*,*,#2121,.F.);
#1036=ORIENTED_EDGE('',*,*,#2122,.F.);
#1037=ORIENTED_EDGE('',*,*,#2119,.F.);
#1038=ORIENTED_EDGE('',*,*,#2123,.T.);
#1039=ORIENTED_EDGE('',*,*,#2004,.T.);
#1040=ORIENTED_EDGE('',*,*,#2124,.F.);
#1041=ORIENTED_EDGE('',*,*,#2006,.F.);
#1042=ORIENTED_EDGE('',*,*,#2125,.T.);
#1043=ORIENTED_EDGE('',*,*,#2126,.T.);
#1044=ORIENTED_EDGE('',*,*,#2127,.T.);
#1045=ORIENTED_EDGE('',*,*,#2128,.T.);
#1046=ORIENTED_EDGE('',*,*,#2126,.F.);
#1047=ORIENTED_EDGE('',*,*,#2129,.F.);
#1048=ORIENTED_EDGE('',*,*,#2130,.F.);
#1049=ORIENTED_EDGE('',*,*,#2127,.F.);
#1050=ORIENTED_EDGE('',*,*,#2131,.T.);
#1051=ORIENTED_EDGE('',*,*,#2008,.T.);
#1052=ORIENTED_EDGE('',*,*,#2132,.F.);
#1053=ORIENTED_EDGE('',*,*,#2010,.F.);
#1054=ORIENTED_EDGE('',*,*,#2133,.T.);
#1055=ORIENTED_EDGE('',*,*,#2134,.T.);
#1056=ORIENTED_EDGE('',*,*,#2135,.T.);
#1057=ORIENTED_EDGE('',*,*,#2136,.T.);
#1058=ORIENTED_EDGE('',*,*,#2134,.F.);
#1059=ORIENTED_EDGE('',*,*,#2137,.F.);
#1060=ORIENTED_EDGE('',*,*,#2138,.F.);
#1061=ORIENTED_EDGE('',*,*,#2135,.F.);
#1062=ORIENTED_EDGE('',*,*,#2139,.T.);
#1063=ORIENTED_EDGE('',*,*,#2012,.T.);
#1064=ORIENTED_EDGE('',*,*,#2140,.F.);
#1065=ORIENTED_EDGE('',*,*,#2014,.F.);
#1066=ORIENTED_EDGE('',*,*,#2141,.T.);
#1067=ORIENTED_EDGE('',*,*,#2142,.T.);
#1068=ORIENTED_EDGE('',*,*,#2143,.T.);
#1069=ORIENTED_EDGE('',*,*,#2144,.T.);
#1070=ORIENTED_EDGE('',*,*,#2142,.F.);
#1071=ORIENTED_EDGE('',*,*,#2145,.F.);
#1072=ORIENTED_EDGE('',*,*,#2146,.F.);
#1073=ORIENTED_EDGE('',*,*,#2143,.F.);
#1074=ORIENTED_EDGE('',*,*,#2147,.T.);
#1075=ORIENTED_EDGE('',*,*,#2016,.T.);
#1076=ORIENTED_EDGE('',*,*,#2148,.F.);
#1077=ORIENTED_EDGE('',*,*,#2018,.F.);
#1078=ORIENTED_EDGE('',*,*,#2149,.T.);
#1079=ORIENTED_EDGE('',*,*,#2150,.T.);
#1080=ORIENTED_EDGE('',*,*,#2151,.T.);
#1081=ORIENTED_EDGE('',*,*,#2152,.T.);
#1082=ORIENTED_EDGE('',*,*,#2150,.F.);
#1083=ORIENTED_EDGE('',*,*,#2153,.F.);
#1084=ORIENTED_EDGE('',*,*,#2154,.F.);
#1085=ORIENTED_EDGE('',*,*,#2151,.F.);
#1086=ORIENTED_EDGE('',*,*,#2155,.T.);
#1087=ORIENTED_EDGE('',*,*,#2020,.T.);
#1088=ORIENTED_EDGE('',*,*,#2156,.F.);
#1089=ORIENTED_EDGE('',*,*,#2022,.F.);
#1090=ORIENTED_EDGE('',*,*,#2157,.T.);
#1091=ORIENTED_EDGE('',*,*,#2158,.T.);
#1092=ORIENTED_EDGE('',*,*,#2159,.T.);
#1093=ORIENTED_EDGE('',*,*,#2160,.T.);
#1094=ORIENTED_EDGE('',*,*,#2158,.F.);
#1095=ORIENTED_EDGE('',*,*,#2161,.F.);
#1096=ORIENTED_EDGE('',*,*,#2162,.F.);
#1097=ORIENTED_EDGE('',*,*,#2159,.F.);
#1098=ORIENTED_EDGE('',*,*,#2163,.T.);
#1099=ORIENTED_EDGE('',*,*,#2024,.T.);
#1100=ORIENTED_EDGE('',*,*,#2164,.F.);
#1101=ORIENTED_EDGE('',*,*,#2026,.F.);
#1102=ORIENTED_EDGE('',*,*,#2165,.T.);
#1103=ORIENTED_EDGE('',*,*,#2166,.T.);
#1104=ORIENTED_EDGE('',*,*,#2167,.T.);
#1105=ORIENTED_EDGE('',*,*,#2168,.T.);
#1106=ORIENTED_EDGE('',*,*,#2166,.F.);
#1107=ORIENTED_EDGE('',*,*,#2169,.F.);
#1108=ORIENTED_EDGE('',*,*,#2170,.F.);
#1109=ORIENTED_EDGE('',*,*,#2167,.F.);
#1110=ORIENTED_EDGE('',*,*,#2171,.T.);
#1111=ORIENTED_EDGE('',*,*,#2028,.T.);
#1112=ORIENTED_EDGE('',*,*,#2172,.F.);
#1113=ORIENTED_EDGE('',*,*,#2030,.F.);
#1114=ORIENTED_EDGE('',*,*,#2173,.T.);
#1115=ORIENTED_EDGE('',*,*,#2174,.T.);
#1116=ORIENTED_EDGE('',*,*,#2175,.T.);
#1117=ORIENTED_EDGE('',*,*,#2176,.T.);
#1118=ORIENTED_EDGE('',*,*,#2174,.F.);
#1119=ORIENTED_EDGE('',*,*,#2177,.F.);
#1120=ORIENTED_EDGE('',*,*,#2178,.F.);
#1121=ORIENTED_EDGE('',*,*,#2175,.F.);
#1122=ORIENTED_EDGE('',*,*,#2179,.T.);
#1123=ORIENTED_EDGE('',*,*,#2032,.T.);
#1124=ORIENTED_EDGE('',*,*,#2180,.F.);
#1125=ORIENTED_EDGE('',*,*,#2034,.F.);
#1126=ORIENTED_EDGE('',*,*,#2181,.T.);
#1127=ORIENTED_EDGE('',*,*,#2182,.T.);
#1128=ORIENTED_EDGE('',*,*,#2183,.T.);
#1129=ORIENTED_EDGE('',*,*,#2184,.T.);
#1130=ORIENTED_EDGE('',*,*,#2182,.F.);
#1131=ORIENTED_EDGE('',*,*,#2185,.F.);
#1132=ORIENTED_EDGE('',*,*,#2186,.F.);
#1133=ORIENTED_EDGE('',*,*,#2183,.F.);
#1134=ORIENTED_EDGE('',*,*,#2187,.T.);
#1135=ORIENTED_EDGE('',*,*,#2036,.T.);
#1136=ORIENTED_EDGE('',*,*,#2188,.F.);
#1137=ORIENTED_EDGE('',*,*,#2038,.F.);
#1138=ORIENTED_EDGE('',*,*,#2189,.T.);
#1139=ORIENTED_EDGE('',*,*,#2190,.T.);
#1140=ORIENTED_EDGE('',*,*,#2191,.T.);
#1141=ORIENTED_EDGE('',*,*,#2192,.T.);
#1142=ORIENTED_EDGE('',*,*,#2190,.F.);
#1143=ORIENTED_EDGE('',*,*,#2193,.F.);
#1144=ORIENTED_EDGE('',*,*,#2194,.F.);
#1145=ORIENTED_EDGE('',*,*,#2191,.F.);
#1146=ORIENTED_EDGE('',*,*,#2195,.T.);
#1147=ORIENTED_EDGE('',*,*,#2040,.T.);
#1148=ORIENTED_EDGE('',*,*,#2196,.F.);
#1149=ORIENTED_EDGE('',*,*,#2042,.F.);
#1150=ORIENTED_EDGE('',*,*,#2197,.T.);
#1151=ORIENTED_EDGE('',*,*,#2198,.T.);
#1152=ORIENTED_EDGE('',*,*,#2199,.T.);
#1153=ORIENTED_EDGE('',*,*,#2200,.T.);
#1154=ORIENTED_EDGE('',*,*,#2198,.F.);
#1155=ORIENTED_EDGE('',*,*,#2201,.F.);
#1156=ORIENTED_EDGE('',*,*,#2202,.F.);
#1157=ORIENTED_EDGE('',*,*,#2199,.F.);
#1158=ORIENTED_EDGE('',*,*,#2203,.T.);
#1159=ORIENTED_EDGE('',*,*,#2044,.T.);
#1160=ORIENTED_EDGE('',*,*,#2204,.F.);
#1161=ORIENTED_EDGE('',*,*,#2046,.F.);
#1162=ORIENTED_EDGE('',*,*,#2205,.T.);
#1163=ORIENTED_EDGE('',*,*,#2206,.T.);
#1164=ORIENTED_EDGE('',*,*,#2207,.T.);
#1165=ORIENTED_EDGE('',*,*,#2208,.T.);
#1166=ORIENTED_EDGE('',*,*,#2206,.F.);
#1167=ORIENTED_EDGE('',*,*,#2209,.F.);
#1168=ORIENTED_EDGE('',*,*,#2210,.F.);
#1169=ORIENTED_EDGE('',*,*,#2207,.F.);
#1170=ORIENTED_EDGE('',*,*,#2211,.T.);
#1171=ORIENTED_EDGE('',*,*,#2048,.T.);
#1172=ORIENTED_EDGE('',*,*,#2212,.F.);
#1173=ORIENTED_EDGE('',*,*,#2050,.F.);
#1174=ORIENTED_EDGE('',*,*,#2213,.T.);
#1175=ORIENTED_EDGE('',*,*,#2214,.T.);
#1176=ORIENTED_EDGE('',*,*,#2215,.T.);
#1177=ORIENTED_EDGE('',*,*,#2216,.T.);
#1178=ORIENTED_EDGE('',*,*,#2214,.F.);
#1179=ORIENTED_EDGE('',*,*,#2217,.F.);
#1180=ORIENTED_EDGE('',*,*,#2218,.F.);
#1181=ORIENTED_EDGE('',*,*,#2215,.F.);
#1182=ORIENTED_EDGE('',*,*,#2219,.T.);
#1183=ORIENTED_EDGE('',*,*,#2052,.T.);
#1184=ORIENTED_EDGE('',*,*,#2220,.F.);
#1185=ORIENTED_EDGE('',*,*,#2054,.F.);
#1186=ORIENTED_EDGE('',*,*,#2221,.T.);
#1187=ORIENTED_EDGE('',*,*,#2222,.T.);
#1188=ORIENTED_EDGE('',*,*,#2223,.T.);
#1189=ORIENTED_EDGE('',*,*,#2224,.T.);
#1190=ORIENTED_EDGE('',*,*,#2222,.F.);
#1191=ORIENTED_EDGE('',*,*,#2225,.F.);
#1192=ORIENTED_EDGE('',*,*,#2226,.F.);
#1193=ORIENTED_EDGE('',*,*,#2223,.F.);
#1194=ORIENTED_EDGE('',*,*,#2227,.T.);
#1195=ORIENTED_EDGE('',*,*,#2056,.T.);
#1196=ORIENTED_EDGE('',*,*,#2228,.F.);
#1197=ORIENTED_EDGE('',*,*,#2058,.F.);
#1198=ORIENTED_EDGE('',*,*,#2229,.T.);
#1199=ORIENTED_EDGE('',*,*,#2230,.T.);
#1200=ORIENTED_EDGE('',*,*,#2231,.T.);
#1201=ORIENTED_EDGE('',*,*,#2232,.T.);
#1202=ORIENTED_EDGE('',*,*,#2230,.F.);
#1203=ORIENTED_EDGE('',*,*,#2233,.F.);
#1204=ORIENTED_EDGE('',*,*,#2234,.F.);
#1205=ORIENTED_EDGE('',*,*,#2231,.F.);
#1206=ORIENTED_EDGE('',*,*,#2235,.T.);
#1207=ORIENTED_EDGE('',*,*,#2060,.T.);
#1208=ORIENTED_EDGE('',*,*,#2236,.F.);
#1209=ORIENTED_EDGE('',*,*,#2062,.F.);
#1210=ORIENTED_EDGE('',*,*,#2237,.T.);
#1211=ORIENTED_EDGE('',*,*,#2238,.T.);
#1212=ORIENTED_EDGE('',*,*,#2239,.T.);
#1213=ORIENTED_EDGE('',*,*,#2240,.T.);
#1214=ORIENTED_EDGE('',*,*,#2238,.F.);
#1215=ORIENTED_EDGE('',*,*,#2241,.F.);
#1216=ORIENTED_EDGE('',*,*,#2242,.F.);
#1217=ORIENTED_EDGE('',*,*,#2239,.F.);
#1218=ORIENTED_EDGE('',*,*,#2243,.T.);
#1219=ORIENTED_EDGE('',*,*,#2064,.T.);
#1220=ORIENTED_EDGE('',*,*,#2244,.F.);
#1221=ORIENTED_EDGE('',*,*,#2066,.F.);
#1222=ORIENTED_EDGE('',*,*,#2245,.T.);
#1223=ORIENTED_EDGE('',*,*,#2246,.T.);
#1224=ORIENTED_EDGE('',*,*,#2247,.T.);
#1225=ORIENTED_EDGE('',*,*,#2248,.T.);
#1226=ORIENTED_EDGE('',*,*,#2246,.F.);
#1227=ORIENTED_EDGE('',*,*,#2249,.F.);
#1228=ORIENTED_EDGE('',*,*,#2250,.F.);
#1229=ORIENTED_EDGE('',*,*,#2247,.F.);
#1230=ORIENTED_EDGE('',*,*,#2251,.T.);
#1231=ORIENTED_EDGE('',*,*,#2068,.T.);
#1232=ORIENTED_EDGE('',*,*,#2252,.F.);
#1233=ORIENTED_EDGE('',*,*,#2070,.F.);
#1234=ORIENTED_EDGE('',*,*,#2253,.T.);
#1235=ORIENTED_EDGE('',*,*,#2254,.T.);
#1236=ORIENTED_EDGE('',*,*,#2255,.T.);
#1237=ORIENTED_EDGE('',*,*,#2256,.T.);
#1238=ORIENTED_EDGE('',*,*,#2254,.F.);
#1239=ORIENTED_EDGE('',*,*,#2257,.F.);
#1240=ORIENTED_EDGE('',*,*,#2258,.F.);
#1241=ORIENTED_EDGE('',*,*,#2255,.F.);
#1242=ORIENTED_EDGE('',*,*,#2259,.T.);
#1243=ORIENTED_EDGE('',*,*,#2072,.T.);
#1244=ORIENTED_EDGE('',*,*,#2260,.F.);
#1245=ORIENTED_EDGE('',*,*,#2074,.F.);
#1246=ORIENTED_EDGE('',*,*,#2261,.T.);
#1247=ORIENTED_EDGE('',*,*,#2262,.T.);
#1248=ORIENTED_EDGE('',*,*,#2263,.T.);
#1249=ORIENTED_EDGE('',*,*,#2264,.T.);
#1250=ORIENTED_EDGE('',*,*,#2262,.F.);
#1251=ORIENTED_EDGE('',*,*,#2265,.F.);
#1252=ORIENTED_EDGE('',*,*,#2266,.F.);
#1253=ORIENTED_EDGE('',*,*,#2263,.F.);
#1254=ORIENTED_EDGE('',*,*,#2267,.T.);
#1255=ORIENTED_EDGE('',*,*,#2076,.T.);
#1256=ORIENTED_EDGE('',*,*,#2268,.F.);
#1257=ORIENTED_EDGE('',*,*,#2078,.F.);
#1258=ORIENTED_EDGE('',*,*,#2269,.T.);
#1259=ORIENTED_EDGE('',*,*,#2270,.T.);
#1260=ORIENTED_EDGE('',*,*,#2271,.T.);
#1261=ORIENTED_EDGE('',*,*,#2272,.T.);
#1262=ORIENTED_EDGE('',*,*,#2270,.F.);
#1263=ORIENTED_EDGE('',*,*,#2273,.F.);
#1264=ORIENTED_EDGE('',*,*,#2274,.F.);
#1265=ORIENTED_EDGE('',*,*,#2271,.F.);
#1266=ORIENTED_EDGE('',*,*,#2275,.T.);
#1267=ORIENTED_EDGE('',*,*,#2080,.T.);
#1268=ORIENTED_EDGE('',*,*,#2276,.F.);
#1269=ORIENTED_EDGE('',*,*,#2082,.F.);
#1270=ORIENTED_EDGE('',*,*,#2277,.T.);
#1271=ORIENTED_EDGE('',*,*,#2278,.T.);
#1272=ORIENTED_EDGE('',*,*,#2279,.T.);
#1273=ORIENTED_EDGE('',*,*,#2280,.T.);
#1274=ORIENTED_EDGE('',*,*,#2278,.F.);
#1275=ORIENTED_EDGE('',*,*,#2281,.F.);
#1276=ORIENTED_EDGE('',*,*,#2282,.F.);
#1277=ORIENTED_EDGE('',*,*,#2279,.F.);
#1278=ORIENTED_EDGE('',*,*,#2283,.T.);
#1279=ORIENTED_EDGE('',*,*,#2084,.T.);
#1280=ORIENTED_EDGE('',*,*,#2284,.F.);
#1281=ORIENTED_EDGE('',*,*,#2086,.F.);
#1282=ORIENTED_EDGE('',*,*,#2285,.T.);
#1283=ORIENTED_EDGE('',*,*,#2286,.T.);
#1284=ORIENTED_EDGE('',*,*,#2287,.T.);
#1285=ORIENTED_EDGE('',*,*,#2288,.T.);
#1286=ORIENTED_EDGE('',*,*,#2286,.F.);
#1287=ORIENTED_EDGE('',*,*,#2289,.F.);
#1288=ORIENTED_EDGE('',*,*,#2290,.F.);
#1289=ORIENTED_EDGE('',*,*,#2287,.F.);
#1290=ORIENTED_EDGE('',*,*,#2291,.T.);
#1291=ORIENTED_EDGE('',*,*,#2088,.T.);
#1292=ORIENTED_EDGE('',*,*,#2292,.F.);
#1293=ORIENTED_EDGE('',*,*,#2090,.F.);
#1294=ORIENTED_EDGE('',*,*,#2293,.T.);
#1295=ORIENTED_EDGE('',*,*,#2294,.T.);
#1296=ORIENTED_EDGE('',*,*,#2295,.T.);
#1297=ORIENTED_EDGE('',*,*,#2296,.T.);
#1298=ORIENTED_EDGE('',*,*,#2294,.F.);
#1299=ORIENTED_EDGE('',*,*,#2297,.F.);
#1300=ORIENTED_EDGE('',*,*,#2298,.F.);
#1301=ORIENTED_EDGE('',*,*,#2295,.F.);
#1302=ORIENTED_EDGE('',*,*,#2299,.T.);
#1303=ORIENTED_EDGE('',*,*,#2092,.T.);
#1304=ORIENTED_EDGE('',*,*,#2300,.F.);
#1305=ORIENTED_EDGE('',*,*,#2094,.F.);
#1306=ORIENTED_EDGE('',*,*,#2301,.T.);
#1307=ORIENTED_EDGE('',*,*,#2302,.T.);
#1308=ORIENTED_EDGE('',*,*,#2303,.T.);
#1309=ORIENTED_EDGE('',*,*,#2304,.T.);
#1310=ORIENTED_EDGE('',*,*,#2302,.F.);
#1311=ORIENTED_EDGE('',*,*,#2305,.F.);
#1312=ORIENTED_EDGE('',*,*,#2306,.F.);
#1313=ORIENTED_EDGE('',*,*,#2303,.F.);
#1314=ORIENTED_EDGE('',*,*,#2307,.T.);
#1315=ORIENTED_EDGE('',*,*,#2096,.T.);
#1316=ORIENTED_EDGE('',*,*,#2308,.T.);
#1317=ORIENTED_EDGE('',*,*,#2309,.T.);
#1318=ORIENTED_EDGE('',*,*,#2310,.T.);
#1319=ORIENTED_EDGE('',*,*,#2311,.T.);
#1320=ORIENTED_EDGE('',*,*,#2312,.T.);
#1321=ORIENTED_EDGE('',*,*,#2313,.F.);
#1322=ORIENTED_EDGE('',*,*,#2098,.F.);
#1323=ORIENTED_EDGE('',*,*,#2314,.T.);
#1324=ORIENTED_EDGE('',*,*,#2112,.T.);
#1325=ORIENTED_EDGE('',*,*,#2315,.T.);
#1326=ORIENTED_EDGE('',*,*,#2316,.T.);
#1327=ORIENTED_EDGE('',*,*,#2317,.T.);
#1328=ORIENTED_EDGE('',*,*,#2115,.F.);
#1329=ORIENTED_EDGE('',*,*,#2113,.T.);
#1330=ORIENTED_EDGE('',*,*,#2314,.F.);
#1331=ORIENTED_EDGE('',*,*,#2097,.T.);
#1332=ORIENTED_EDGE('',*,*,#2307,.F.);
#1333=ORIENTED_EDGE('',*,*,#2305,.T.);
#1334=ORIENTED_EDGE('',*,*,#2301,.F.);
#1335=ORIENTED_EDGE('',*,*,#2093,.T.);
#1336=ORIENTED_EDGE('',*,*,#2299,.F.);
#1337=ORIENTED_EDGE('',*,*,#2297,.T.);
#1338=ORIENTED_EDGE('',*,*,#2293,.F.);
#1339=ORIENTED_EDGE('',*,*,#2089,.T.);
#1340=ORIENTED_EDGE('',*,*,#2291,.F.);
#1341=ORIENTED_EDGE('',*,*,#2289,.T.);
#1342=ORIENTED_EDGE('',*,*,#2285,.F.);
#1343=ORIENTED_EDGE('',*,*,#2085,.T.);
#1344=ORIENTED_EDGE('',*,*,#2283,.F.);
#1345=ORIENTED_EDGE('',*,*,#2281,.T.);
#1346=ORIENTED_EDGE('',*,*,#2277,.F.);
#1347=ORIENTED_EDGE('',*,*,#2081,.T.);
#1348=ORIENTED_EDGE('',*,*,#2275,.F.);
#1349=ORIENTED_EDGE('',*,*,#2273,.T.);
#1350=ORIENTED_EDGE('',*,*,#2269,.F.);
#1351=ORIENTED_EDGE('',*,*,#2077,.T.);
#1352=ORIENTED_EDGE('',*,*,#2267,.F.);
#1353=ORIENTED_EDGE('',*,*,#2265,.T.);
#1354=ORIENTED_EDGE('',*,*,#2261,.F.);
#1355=ORIENTED_EDGE('',*,*,#2073,.T.);
#1356=ORIENTED_EDGE('',*,*,#2259,.F.);
#1357=ORIENTED_EDGE('',*,*,#2257,.T.);
#1358=ORIENTED_EDGE('',*,*,#2253,.F.);
#1359=ORIENTED_EDGE('',*,*,#2069,.T.);
#1360=ORIENTED_EDGE('',*,*,#2251,.F.);
#1361=ORIENTED_EDGE('',*,*,#2249,.T.);
#1362=ORIENTED_EDGE('',*,*,#2245,.F.);
#1363=ORIENTED_EDGE('',*,*,#2065,.T.);
#1364=ORIENTED_EDGE('',*,*,#2243,.F.);
#1365=ORIENTED_EDGE('',*,*,#2241,.T.);
#1366=ORIENTED_EDGE('',*,*,#2237,.F.);
#1367=ORIENTED_EDGE('',*,*,#2061,.T.);
#1368=ORIENTED_EDGE('',*,*,#2235,.F.);
#1369=ORIENTED_EDGE('',*,*,#2233,.T.);
#1370=ORIENTED_EDGE('',*,*,#2229,.F.);
#1371=ORIENTED_EDGE('',*,*,#2057,.T.);
#1372=ORIENTED_EDGE('',*,*,#2227,.F.);
#1373=ORIENTED_EDGE('',*,*,#2225,.T.);
#1374=ORIENTED_EDGE('',*,*,#2221,.F.);
#1375=ORIENTED_EDGE('',*,*,#2053,.T.);
#1376=ORIENTED_EDGE('',*,*,#2219,.F.);
#1377=ORIENTED_EDGE('',*,*,#2217,.T.);
#1378=ORIENTED_EDGE('',*,*,#2213,.F.);
#1379=ORIENTED_EDGE('',*,*,#2049,.T.);
#1380=ORIENTED_EDGE('',*,*,#2211,.F.);
#1381=ORIENTED_EDGE('',*,*,#2209,.T.);
#1382=ORIENTED_EDGE('',*,*,#2205,.F.);
#1383=ORIENTED_EDGE('',*,*,#2045,.T.);
#1384=ORIENTED_EDGE('',*,*,#2203,.F.);
#1385=ORIENTED_EDGE('',*,*,#2201,.T.);
#1386=ORIENTED_EDGE('',*,*,#2197,.F.);
#1387=ORIENTED_EDGE('',*,*,#2041,.T.);
#1388=ORIENTED_EDGE('',*,*,#2195,.F.);
#1389=ORIENTED_EDGE('',*,*,#2193,.T.);
#1390=ORIENTED_EDGE('',*,*,#2189,.F.);
#1391=ORIENTED_EDGE('',*,*,#2037,.T.);
#1392=ORIENTED_EDGE('',*,*,#2187,.F.);
#1393=ORIENTED_EDGE('',*,*,#2185,.T.);
#1394=ORIENTED_EDGE('',*,*,#2181,.F.);
#1395=ORIENTED_EDGE('',*,*,#2033,.T.);
#1396=ORIENTED_EDGE('',*,*,#2179,.F.);
#1397=ORIENTED_EDGE('',*,*,#2177,.T.);
#1398=ORIENTED_EDGE('',*,*,#2173,.F.);
#1399=ORIENTED_EDGE('',*,*,#2029,.T.);
#1400=ORIENTED_EDGE('',*,*,#2171,.F.);
#1401=ORIENTED_EDGE('',*,*,#2169,.T.);
#1402=ORIENTED_EDGE('',*,*,#2165,.F.);
#1403=ORIENTED_EDGE('',*,*,#2025,.T.);
#1404=ORIENTED_EDGE('',*,*,#2163,.F.);
#1405=ORIENTED_EDGE('',*,*,#2161,.T.);
#1406=ORIENTED_EDGE('',*,*,#2157,.F.);
#1407=ORIENTED_EDGE('',*,*,#2021,.T.);
#1408=ORIENTED_EDGE('',*,*,#2155,.F.);
#1409=ORIENTED_EDGE('',*,*,#2153,.T.);
#1410=ORIENTED_EDGE('',*,*,#2149,.F.);
#1411=ORIENTED_EDGE('',*,*,#2017,.T.);
#1412=ORIENTED_EDGE('',*,*,#2147,.F.);
#1413=ORIENTED_EDGE('',*,*,#2145,.T.);
#1414=ORIENTED_EDGE('',*,*,#2141,.F.);
#1415=ORIENTED_EDGE('',*,*,#2013,.T.);
#1416=ORIENTED_EDGE('',*,*,#2139,.F.);
#1417=ORIENTED_EDGE('',*,*,#2137,.T.);
#1418=ORIENTED_EDGE('',*,*,#2133,.F.);
#1419=ORIENTED_EDGE('',*,*,#2009,.T.);
#1420=ORIENTED_EDGE('',*,*,#2131,.F.);
#1421=ORIENTED_EDGE('',*,*,#2129,.T.);
#1422=ORIENTED_EDGE('',*,*,#2125,.F.);
#1423=ORIENTED_EDGE('',*,*,#2005,.T.);
#1424=ORIENTED_EDGE('',*,*,#2123,.F.);
#1425=ORIENTED_EDGE('',*,*,#2121,.T.);
#1426=ORIENTED_EDGE('',*,*,#2117,.F.);
#1427=ORIENTED_EDGE('',*,*,#2001,.T.);
#1428=ORIENTED_EDGE('',*,*,#2318,.T.);
#1429=ORIENTED_EDGE('',*,*,#2317,.F.);
#1430=ORIENTED_EDGE('',*,*,#2319,.T.);
#1431=ORIENTED_EDGE('',*,*,#2318,.F.);
#1432=ORIENTED_EDGE('',*,*,#2320,.T.);
#1433=ORIENTED_EDGE('',*,*,#2319,.F.);
#1434=ORIENTED_EDGE('',*,*,#2321,.T.);
#1435=ORIENTED_EDGE('',*,*,#2322,.T.);
#1436=ORIENTED_EDGE('',*,*,#2323,.T.);
#1437=ORIENTED_EDGE('',*,*,#2324,.T.);
#1438=ORIENTED_EDGE('',*,*,#2325,.T.);
#1439=ORIENTED_EDGE('',*,*,#2326,.T.);
#1440=ORIENTED_EDGE('',*,*,#2327,.T.);
#1441=ORIENTED_EDGE('',*,*,#2328,.T.);
#1442=ORIENTED_EDGE('',*,*,#2329,.T.);
#1443=ORIENTED_EDGE('',*,*,#2330,.F.);
#1444=ORIENTED_EDGE('',*,*,#2331,.T.);
#1445=ORIENTED_EDGE('',*,*,#2332,.T.);
#1446=ORIENTED_EDGE('',*,*,#2333,.T.);
#1447=ORIENTED_EDGE('',*,*,#2334,.T.);
#1448=ORIENTED_EDGE('',*,*,#2335,.T.);
#1449=ORIENTED_EDGE('',*,*,#2336,.T.);
#1450=ORIENTED_EDGE('',*,*,#2337,.T.);
#1451=ORIENTED_EDGE('',*,*,#2338,.T.);
#1452=ORIENTED_EDGE('',*,*,#2339,.T.);
#1453=ORIENTED_EDGE('',*,*,#2340,.T.);
#1454=ORIENTED_EDGE('',*,*,#2341,.T.);
#1455=ORIENTED_EDGE('',*,*,#2342,.T.);
#1456=ORIENTED_EDGE('',*,*,#2343,.T.);
#1457=ORIENTED_EDGE('',*,*,#2344,.T.);
#1458=ORIENTED_EDGE('',*,*,#2345,.T.);
#1459=ORIENTED_EDGE('',*,*,#2332,.F.);
#1460=ORIENTED_EDGE('',*,*,#2346,.T.);
#1461=ORIENTED_EDGE('',*,*,#2347,.T.);
#1462=ORIENTED_EDGE('',*,*,#2348,.T.);
#1463=ORIENTED_EDGE('',*,*,#2349,.T.);
#1464=ORIENTED_EDGE('',*,*,#2350,.T.);
#1465=ORIENTED_EDGE('',*,*,#2347,.F.);
#1466=ORIENTED_EDGE('',*,*,#2351,.T.);
#1467=ORIENTED_EDGE('',*,*,#2352,.T.);
#1468=ORIENTED_EDGE('',*,*,#2353,.T.);
#1469=ORIENTED_EDGE('',*,*,#2349,.F.);
#1470=ORIENTED_EDGE('',*,*,#2354,.T.);
#1471=ORIENTED_EDGE('',*,*,#2355,.T.);
#1472=ORIENTED_EDGE('',*,*,#2356,.T.);
#1473=ORIENTED_EDGE('',*,*,#2352,.F.);
#1474=ORIENTED_EDGE('',*,*,#2357,.T.);
#1475=ORIENTED_EDGE('',*,*,#2358,.T.);
#1476=ORIENTED_EDGE('',*,*,#2359,.T.);
#1477=ORIENTED_EDGE('',*,*,#2355,.F.);
#1478=ORIENTED_EDGE('',*,*,#2360,.T.);
#1479=ORIENTED_EDGE('',*,*,#2358,.F.);
#1480=ORIENTED_EDGE('',*,*,#2361,.T.);
#1481=ORIENTED_EDGE('',*,*,#2362,.T.);
#1482=ORIENTED_EDGE('',*,*,#2363,.T.);
#1483=ORIENTED_EDGE('',*,*,#2362,.F.);
#1484=ORIENTED_EDGE('',*,*,#2364,.T.);
#1485=ORIENTED_EDGE('',*,*,#2330,.T.);
#1486=ORIENTED_EDGE('',*,*,#2365,.T.);
#1487=ORIENTED_EDGE('',*,*,#2099,.F.);
#1488=ORIENTED_EDGE('',*,*,#2320,.F.);
#1489=ORIENTED_EDGE('',*,*,#2101,.F.);
#1490=ORIENTED_EDGE('',*,*,#2335,.F.);
#1491=ORIENTED_EDGE('',*,*,#2102,.F.);
#1492=ORIENTED_EDGE('',*,*,#2337,.F.);
#1493=ORIENTED_EDGE('',*,*,#2103,.F.);
#1494=ORIENTED_EDGE('',*,*,#2339,.F.);
#1495=ORIENTED_EDGE('',*,*,#2366,.F.);
#1496=ORIENTED_EDGE('',*,*,#2327,.F.);
#1497=ORIENTED_EDGE('',*,*,#2367,.F.);
#1498=ORIENTED_EDGE('',*,*,#2363,.F.);
#1499=ORIENTED_EDGE('',*,*,#2310,.F.);
#1500=ORIENTED_EDGE('',*,*,#2368,.T.);
#1501=ORIENTED_EDGE('',*,*,#2104,.F.);
#1502=ORIENTED_EDGE('',*,*,#2369,.F.);
#1503=ORIENTED_EDGE('',*,*,#2359,.F.);
#1504=ORIENTED_EDGE('',*,*,#2367,.T.);
#1505=ORIENTED_EDGE('',*,*,#2326,.F.);
#1506=ORIENTED_EDGE('',*,*,#2370,.T.);
#1507=ORIENTED_EDGE('',*,*,#2366,.T.);
#1508=ORIENTED_EDGE('',*,*,#2365,.F.);
#1509=ORIENTED_EDGE('',*,*,#2371,.F.);
#1510=ORIENTED_EDGE('',*,*,#2328,.F.);
#1511=ORIENTED_EDGE('',*,*,#2369,.T.);
#1512=ORIENTED_EDGE('',*,*,#2109,.F.);
#1513=ORIENTED_EDGE('',*,*,#2372,.F.);
#1514=ORIENTED_EDGE('',*,*,#2356,.F.);
#1515=ORIENTED_EDGE('',*,*,#2371,.T.);
#1516=ORIENTED_EDGE('',*,*,#2333,.F.);
#1517=ORIENTED_EDGE('',*,*,#2373,.F.);
#1518=ORIENTED_EDGE('',*,*,#2329,.F.);
#1519=ORIENTED_EDGE('',*,*,#2372,.T.);
#1520=ORIENTED_EDGE('',*,*,#2108,.F.);
#1521=ORIENTED_EDGE('',*,*,#2374,.F.);
#1522=ORIENTED_EDGE('',*,*,#2353,.F.);
#1523=ORIENTED_EDGE('',*,*,#2373,.T.);
#1524=ORIENTED_EDGE('',*,*,#2348,.F.);
#1525=ORIENTED_EDGE('',*,*,#2375,.F.);
#1526=ORIENTED_EDGE('',*,*,#2106,.F.);
#1527=ORIENTED_EDGE('',*,*,#2376,.T.);
#1528=ORIENTED_EDGE('',*,*,#2312,.F.);
#1529=ORIENTED_EDGE('',*,*,#2377,.T.);
#1530=ORIENTED_EDGE('',*,*,#2324,.F.);
#1531=ORIENTED_EDGE('',*,*,#2374,.T.);
#1532=ORIENTED_EDGE('',*,*,#2107,.F.);
#1533=ORIENTED_EDGE('',*,*,#2375,.T.);
#1534=ORIENTED_EDGE('',*,*,#2350,.F.);
#1535=ORIENTED_EDGE('',*,*,#2341,.F.);
#1536=ORIENTED_EDGE('',*,*,#2321,.F.);
#1537=ORIENTED_EDGE('',*,*,#2343,.F.);
#1538=ORIENTED_EDGE('',*,*,#2322,.F.);
#1539=ORIENTED_EDGE('',*,*,#2345,.F.);
#1540=ORIENTED_EDGE('',*,*,#2323,.F.);
#1541=ORIENTED_EDGE('',*,*,#2378,.F.);
#1542=ORIENTED_EDGE('',*,*,#2361,.F.);
#1543=ORIENTED_EDGE('',*,*,#2379,.F.);
#1544=ORIENTED_EDGE('',*,*,#1949,.F.);
#1545=ORIENTED_EDGE('',*,*,#2379,.T.);
#1546=ORIENTED_EDGE('',*,*,#2360,.F.);
#1547=ORIENTED_EDGE('',*,*,#2380,.F.);
#1548=ORIENTED_EDGE('',*,*,#1950,.F.);
#1549=ORIENTED_EDGE('',*,*,#2378,.T.);
#1550=ORIENTED_EDGE('',*,*,#1948,.F.);
#1551=ORIENTED_EDGE('',*,*,#2381,.F.);
#1552=ORIENTED_EDGE('',*,*,#2364,.F.);
#1553=ORIENTED_EDGE('',*,*,#2380,.T.);
#1554=ORIENTED_EDGE('',*,*,#2357,.F.);
#1555=ORIENTED_EDGE('',*,*,#2382,.F.);
#1556=ORIENTED_EDGE('',*,*,#1951,.F.);
#1557=ORIENTED_EDGE('',*,*,#2381,.T.);
#1558=ORIENTED_EDGE('',*,*,#1947,.F.);
#1559=ORIENTED_EDGE('',*,*,#2383,.F.);
#1560=ORIENTED_EDGE('',*,*,#2331,.F.);
#1561=ORIENTED_EDGE('',*,*,#2382,.T.);
#1562=ORIENTED_EDGE('',*,*,#2354,.F.);
#1563=ORIENTED_EDGE('',*,*,#2384,.F.);
#1564=ORIENTED_EDGE('',*,*,#1944,.F.);
#1565=ORIENTED_EDGE('',*,*,#2383,.T.);
#1566=ORIENTED_EDGE('',*,*,#1946,.F.);
#1567=ORIENTED_EDGE('',*,*,#2385,.F.);
#1568=ORIENTED_EDGE('',*,*,#2346,.F.);
#1569=ORIENTED_EDGE('',*,*,#2384,.T.);
#1570=ORIENTED_EDGE('',*,*,#2351,.F.);
#1571=ORIENTED_EDGE('',*,*,#2385,.T.);
#1572=ORIENTED_EDGE('',*,*,#1945,.F.);
#1573=ORIENTED_EDGE('',*,*,#2308,.F.);
#1574=ORIENTED_EDGE('',*,*,#2316,.F.);
#1575=ORIENTED_EDGE('',*,*,#2386,.T.);
#1576=ORIENTED_EDGE('',*,*,#2100,.T.);
#1577=ORIENTED_EDGE('',*,*,#2387,.T.);
#1578=ORIENTED_EDGE('',*,*,#1943,.T.);
#1579=ORIENTED_EDGE('',*,*,#2334,.F.);
#1580=ORIENTED_EDGE('',*,*,#1937,.F.);
#1581=ORIENTED_EDGE('',*,*,#2336,.F.);
#1582=ORIENTED_EDGE('',*,*,#1938,.F.);
#1583=ORIENTED_EDGE('',*,*,#2338,.F.);
#1584=ORIENTED_EDGE('',*,*,#1939,.F.);
#1585=ORIENTED_EDGE('',*,*,#1940,.F.);
#1586=ORIENTED_EDGE('',*,*,#2340,.F.);
#1587=ORIENTED_EDGE('',*,*,#1941,.F.);
#1588=ORIENTED_EDGE('',*,*,#2342,.F.);
#1589=ORIENTED_EDGE('',*,*,#1942,.F.);
#1590=ORIENTED_EDGE('',*,*,#2344,.F.);
#1591=ORIENTED_EDGE('',*,*,#2387,.F.);
#1592=ORIENTED_EDGE('',*,*,#2386,.F.);
#1593=ORIENTED_EDGE('',*,*,#2376,.F.);
#1594=ORIENTED_EDGE('',*,*,#2105,.F.);
#1595=ORIENTED_EDGE('',*,*,#2368,.F.);
#1596=ORIENTED_EDGE('',*,*,#2309,.F.);
#1597=ORIENTED_EDGE('',*,*,#2370,.F.);
#1598=ORIENTED_EDGE('',*,*,#2325,.F.);
#1599=ORIENTED_EDGE('',*,*,#2377,.F.);
#1600=ORIENTED_EDGE('',*,*,#2311,.F.);
#1601=ORIENTED_EDGE('',*,*,#2116,.T.);
#1602=ORIENTED_EDGE('',*,*,#2120,.F.);
#1603=ORIENTED_EDGE('',*,*,#2122,.T.);
#1604=ORIENTED_EDGE('',*,*,#2003,.T.);
#1605=ORIENTED_EDGE('',*,*,#2124,.T.);
#1606=ORIENTED_EDGE('',*,*,#2128,.F.);
#1607=ORIENTED_EDGE('',*,*,#2130,.T.);
#1608=ORIENTED_EDGE('',*,*,#2007,.T.);
#1609=ORIENTED_EDGE('',*,*,#2132,.T.);
#1610=ORIENTED_EDGE('',*,*,#2136,.F.);
#1611=ORIENTED_EDGE('',*,*,#2138,.T.);
#1612=ORIENTED_EDGE('',*,*,#2011,.T.);
#1613=ORIENTED_EDGE('',*,*,#2140,.T.);
#1614=ORIENTED_EDGE('',*,*,#2144,.F.);
#1615=ORIENTED_EDGE('',*,*,#2146,.T.);
#1616=ORIENTED_EDGE('',*,*,#2015,.T.);
#1617=ORIENTED_EDGE('',*,*,#2148,.T.);
#1618=ORIENTED_EDGE('',*,*,#2152,.F.);
#1619=ORIENTED_EDGE('',*,*,#2154,.T.);
#1620=ORIENTED_EDGE('',*,*,#2019,.T.);
#1621=ORIENTED_EDGE('',*,*,#2156,.T.);
#1622=ORIENTED_EDGE('',*,*,#2160,.F.);
#1623=ORIENTED_EDGE('',*,*,#2162,.T.);
#1624=ORIENTED_EDGE('',*,*,#2023,.T.);
#1625=ORIENTED_EDGE('',*,*,#2164,.T.);
#1626=ORIENTED_EDGE('',*,*,#2168,.F.);
#1627=ORIENTED_EDGE('',*,*,#2170,.T.);
#1628=ORIENTED_EDGE('',*,*,#2027,.T.);
#1629=ORIENTED_EDGE('',*,*,#2172,.T.);
#1630=ORIENTED_EDGE('',*,*,#2176,.F.);
#1631=ORIENTED_EDGE('',*,*,#2178,.T.);
#1632=ORIENTED_EDGE('',*,*,#2031,.T.);
#1633=ORIENTED_EDGE('',*,*,#2180,.T.);
#1634=ORIENTED_EDGE('',*,*,#2184,.F.);
#1635=ORIENTED_EDGE('',*,*,#2186,.T.);
#1636=ORIENTED_EDGE('',*,*,#2035,.T.);
#1637=ORIENTED_EDGE('',*,*,#2188,.T.);
#1638=ORIENTED_EDGE('',*,*,#2192,.F.);
#1639=ORIENTED_EDGE('',*,*,#2194,.T.);
#1640=ORIENTED_EDGE('',*,*,#2039,.T.);
#1641=ORIENTED_EDGE('',*,*,#2196,.T.);
#1642=ORIENTED_EDGE('',*,*,#2200,.F.);
#1643=ORIENTED_EDGE('',*,*,#2202,.T.);
#1644=ORIENTED_EDGE('',*,*,#2043,.T.);
#1645=ORIENTED_EDGE('',*,*,#2204,.T.);
#1646=ORIENTED_EDGE('',*,*,#2208,.F.);
#1647=ORIENTED_EDGE('',*,*,#2210,.T.);
#1648=ORIENTED_EDGE('',*,*,#2047,.T.);
#1649=ORIENTED_EDGE('',*,*,#2212,.T.);
#1650=ORIENTED_EDGE('',*,*,#2216,.F.);
#1651=ORIENTED_EDGE('',*,*,#2218,.T.);
#1652=ORIENTED_EDGE('',*,*,#2051,.T.);
#1653=ORIENTED_EDGE('',*,*,#2220,.T.);
#1654=ORIENTED_EDGE('',*,*,#2224,.F.);
#1655=ORIENTED_EDGE('',*,*,#2226,.T.);
#1656=ORIENTED_EDGE('',*,*,#2055,.T.);
#1657=ORIENTED_EDGE('',*,*,#2228,.T.);
#1658=ORIENTED_EDGE('',*,*,#2232,.F.);
#1659=ORIENTED_EDGE('',*,*,#2234,.T.);
#1660=ORIENTED_EDGE('',*,*,#2059,.T.);
#1661=ORIENTED_EDGE('',*,*,#2236,.T.);
#1662=ORIENTED_EDGE('',*,*,#2240,.F.);
#1663=ORIENTED_EDGE('',*,*,#2242,.T.);
#1664=ORIENTED_EDGE('',*,*,#2063,.T.);
#1665=ORIENTED_EDGE('',*,*,#2244,.T.);
#1666=ORIENTED_EDGE('',*,*,#2248,.F.);
#1667=ORIENTED_EDGE('',*,*,#2250,.T.);
#1668=ORIENTED_EDGE('',*,*,#2067,.T.);
#1669=ORIENTED_EDGE('',*,*,#2252,.T.);
#1670=ORIENTED_EDGE('',*,*,#2256,.F.);
#1671=ORIENTED_EDGE('',*,*,#2258,.T.);
#1672=ORIENTED_EDGE('',*,*,#2071,.T.);
#1673=ORIENTED_EDGE('',*,*,#2260,.T.);
#1674=ORIENTED_EDGE('',*,*,#2264,.F.);
#1675=ORIENTED_EDGE('',*,*,#2266,.T.);
#1676=ORIENTED_EDGE('',*,*,#2075,.T.);
#1677=ORIENTED_EDGE('',*,*,#2268,.T.);
#1678=ORIENTED_EDGE('',*,*,#2272,.F.);
#1679=ORIENTED_EDGE('',*,*,#2274,.T.);
#1680=ORIENTED_EDGE('',*,*,#2079,.T.);
#1681=ORIENTED_EDGE('',*,*,#2276,.T.);
#1682=ORIENTED_EDGE('',*,*,#2280,.F.);
#1683=ORIENTED_EDGE('',*,*,#2282,.T.);
#1684=ORIENTED_EDGE('',*,*,#2083,.T.);
#1685=ORIENTED_EDGE('',*,*,#2284,.T.);
#1686=ORIENTED_EDGE('',*,*,#2288,.F.);
#1687=ORIENTED_EDGE('',*,*,#2290,.T.);
#1688=ORIENTED_EDGE('',*,*,#2087,.T.);
#1689=ORIENTED_EDGE('',*,*,#2292,.T.);
#1690=ORIENTED_EDGE('',*,*,#2296,.F.);
#1691=ORIENTED_EDGE('',*,*,#2298,.T.);
#1692=ORIENTED_EDGE('',*,*,#2091,.T.);
#1693=ORIENTED_EDGE('',*,*,#2300,.T.);
#1694=ORIENTED_EDGE('',*,*,#2304,.F.);
#1695=ORIENTED_EDGE('',*,*,#2306,.T.);
#1696=ORIENTED_EDGE('',*,*,#2095,.T.);
#1697=ORIENTED_EDGE('',*,*,#2313,.T.);
#1698=ORIENTED_EDGE('',*,*,#2111,.F.);
#1699=ORIENTED_EDGE('',*,*,#2114,.T.);
#1700=ORIENTED_EDGE('',*,*,#1999,.T.);
#1701=ORIENTED_EDGE('',*,*,#2315,.F.);
#1702=ORIENTED_EDGE('',*,*,#1953,.F.);
#1703=ORIENTED_EDGE('',*,*,#2388,.F.);
#1704=ORIENTED_EDGE('',*,*,#2389,.T.);
#1705=ORIENTED_EDGE('',*,*,#2390,.T.);
#1706=ORIENTED_EDGE('',*,*,#1952,.F.);
#1707=ORIENTED_EDGE('',*,*,#2391,.F.);
#1708=ORIENTED_EDGE('',*,*,#2392,.T.);
#1709=ORIENTED_EDGE('',*,*,#2388,.T.);
#1710=ORIENTED_EDGE('',*,*,#1971,.F.);
#1711=ORIENTED_EDGE('',*,*,#2393,.F.);
#1712=ORIENTED_EDGE('',*,*,#2394,.T.);
#1713=ORIENTED_EDGE('',*,*,#2391,.T.);
#1714=ORIENTED_EDGE('',*,*,#1970,.F.);
#1715=ORIENTED_EDGE('',*,*,#2395,.F.);
#1716=ORIENTED_EDGE('',*,*,#2396,.T.);
#1717=ORIENTED_EDGE('',*,*,#2393,.T.);
#1718=ORIENTED_EDGE('',*,*,#1969,.F.);
#1719=ORIENTED_EDGE('',*,*,#2397,.F.);
#1720=ORIENTED_EDGE('',*,*,#2398,.T.);
#1721=ORIENTED_EDGE('',*,*,#2395,.T.);
#1722=ORIENTED_EDGE('',*,*,#1968,.F.);
#1723=ORIENTED_EDGE('',*,*,#2399,.F.);
#1724=ORIENTED_EDGE('',*,*,#2400,.T.);
#1725=ORIENTED_EDGE('',*,*,#2397,.T.);
#1726=ORIENTED_EDGE('',*,*,#1967,.F.);
#1727=ORIENTED_EDGE('',*,*,#2401,.F.);
#1728=ORIENTED_EDGE('',*,*,#2402,.T.);
#1729=ORIENTED_EDGE('',*,*,#2399,.T.);
#1730=ORIENTED_EDGE('',*,*,#1966,.F.);
#1731=ORIENTED_EDGE('',*,*,#2403,.F.);
#1732=ORIENTED_EDGE('',*,*,#2404,.T.);
#1733=ORIENTED_EDGE('',*,*,#2401,.T.);
#1734=ORIENTED_EDGE('',*,*,#1965,.F.);
#1735=ORIENTED_EDGE('',*,*,#2405,.F.);
#1736=ORIENTED_EDGE('',*,*,#2406,.T.);
#1737=ORIENTED_EDGE('',*,*,#2403,.T.);
#1738=ORIENTED_EDGE('',*,*,#1964,.F.);
#1739=ORIENTED_EDGE('',*,*,#2407,.F.);
#1740=ORIENTED_EDGE('',*,*,#2408,.T.);
#1741=ORIENTED_EDGE('',*,*,#2405,.T.);
#1742=ORIENTED_EDGE('',*,*,#1963,.F.);
#1743=ORIENTED_EDGE('',*,*,#2409,.F.);
#1744=ORIENTED_EDGE('',*,*,#2410,.T.);
#1745=ORIENTED_EDGE('',*,*,#2407,.T.);
#1746=ORIENTED_EDGE('',*,*,#1962,.F.);
#1747=ORIENTED_EDGE('',*,*,#2411,.F.);
#1748=ORIENTED_EDGE('',*,*,#2412,.T.);
#1749=ORIENTED_EDGE('',*,*,#2409,.T.);
#1750=ORIENTED_EDGE('',*,*,#1961,.F.);
#1751=ORIENTED_EDGE('',*,*,#2413,.F.);
#1752=ORIENTED_EDGE('',*,*,#2414,.T.);
#1753=ORIENTED_EDGE('',*,*,#2411,.T.);
#1754=ORIENTED_EDGE('',*,*,#1960,.F.);
#1755=ORIENTED_EDGE('',*,*,#2415,.F.);
#1756=ORIENTED_EDGE('',*,*,#2416,.T.);
#1757=ORIENTED_EDGE('',*,*,#2413,.T.);
#1758=ORIENTED_EDGE('',*,*,#1959,.F.);
#1759=ORIENTED_EDGE('',*,*,#2417,.F.);
#1760=ORIENTED_EDGE('',*,*,#2418,.T.);
#1761=ORIENTED_EDGE('',*,*,#2415,.T.);
#1762=ORIENTED_EDGE('',*,*,#1958,.F.);
#1763=ORIENTED_EDGE('',*,*,#2419,.F.);
#1764=ORIENTED_EDGE('',*,*,#2420,.T.);
#1765=ORIENTED_EDGE('',*,*,#2417,.T.);
#1766=ORIENTED_EDGE('',*,*,#1957,.F.);
#1767=ORIENTED_EDGE('',*,*,#2421,.F.);
#1768=ORIENTED_EDGE('',*,*,#2422,.T.);
#1769=ORIENTED_EDGE('',*,*,#2419,.T.);
#1770=ORIENTED_EDGE('',*,*,#1956,.F.);
#1771=ORIENTED_EDGE('',*,*,#2423,.F.);
#1772=ORIENTED_EDGE('',*,*,#2424,.T.);
#1773=ORIENTED_EDGE('',*,*,#2421,.T.);
#1774=ORIENTED_EDGE('',*,*,#1955,.F.);
#1775=ORIENTED_EDGE('',*,*,#2425,.F.);
#1776=ORIENTED_EDGE('',*,*,#2426,.T.);
#1777=ORIENTED_EDGE('',*,*,#2423,.T.);
#1778=ORIENTED_EDGE('',*,*,#1954,.F.);
#1779=ORIENTED_EDGE('',*,*,#2390,.F.);
#1780=ORIENTED_EDGE('',*,*,#2427,.T.);
#1781=ORIENTED_EDGE('',*,*,#2425,.T.);
#1782=ORIENTED_EDGE('',*,*,#2389,.F.);
#1783=ORIENTED_EDGE('',*,*,#2392,.F.);
#1784=ORIENTED_EDGE('',*,*,#2394,.F.);
#1785=ORIENTED_EDGE('',*,*,#2396,.F.);
#1786=ORIENTED_EDGE('',*,*,#2398,.F.);
#1787=ORIENTED_EDGE('',*,*,#2400,.F.);
#1788=ORIENTED_EDGE('',*,*,#2402,.F.);
#1789=ORIENTED_EDGE('',*,*,#2404,.F.);
#1790=ORIENTED_EDGE('',*,*,#2406,.F.);
#1791=ORIENTED_EDGE('',*,*,#2408,.F.);
#1792=ORIENTED_EDGE('',*,*,#2410,.F.);
#1793=ORIENTED_EDGE('',*,*,#2412,.F.);
#1794=ORIENTED_EDGE('',*,*,#2414,.F.);
#1795=ORIENTED_EDGE('',*,*,#2416,.F.);
#1796=ORIENTED_EDGE('',*,*,#2418,.F.);
#1797=ORIENTED_EDGE('',*,*,#2420,.F.);
#1798=ORIENTED_EDGE('',*,*,#2422,.F.);
#1799=ORIENTED_EDGE('',*,*,#2424,.F.);
#1800=ORIENTED_EDGE('',*,*,#2426,.F.);
#1801=ORIENTED_EDGE('',*,*,#2427,.F.);
#1802=ORIENTED_EDGE('',*,*,#1973,.F.);
#1803=ORIENTED_EDGE('',*,*,#2428,.F.);
#1804=ORIENTED_EDGE('',*,*,#2429,.T.);
#1805=ORIENTED_EDGE('',*,*,#2430,.T.);
#1806=ORIENTED_EDGE('',*,*,#1972,.F.);
#1807=ORIENTED_EDGE('',*,*,#2431,.F.);
#1808=ORIENTED_EDGE('',*,*,#2432,.T.);
#1809=ORIENTED_EDGE('',*,*,#2428,.T.);
#1810=ORIENTED_EDGE('',*,*,#1979,.F.);
#1811=ORIENTED_EDGE('',*,*,#2433,.F.);
#1812=ORIENTED_EDGE('',*,*,#2434,.T.);
#1813=ORIENTED_EDGE('',*,*,#2431,.T.);
#1814=ORIENTED_EDGE('',*,*,#1978,.F.);
#1815=ORIENTED_EDGE('',*,*,#2435,.F.);
#1816=ORIENTED_EDGE('',*,*,#2436,.T.);
#1817=ORIENTED_EDGE('',*,*,#2433,.T.);
#1818=ORIENTED_EDGE('',*,*,#1977,.F.);
#1819=ORIENTED_EDGE('',*,*,#2437,.F.);
#1820=ORIENTED_EDGE('',*,*,#2438,.T.);
#1821=ORIENTED_EDGE('',*,*,#2435,.T.);
#1822=ORIENTED_EDGE('',*,*,#1976,.F.);
#1823=ORIENTED_EDGE('',*,*,#2439,.F.);
#1824=ORIENTED_EDGE('',*,*,#2440,.T.);
#1825=ORIENTED_EDGE('',*,*,#2437,.T.);
#1826=ORIENTED_EDGE('',*,*,#1975,.F.);
#1827=ORIENTED_EDGE('',*,*,#2441,.F.);
#1828=ORIENTED_EDGE('',*,*,#2442,.T.);
#1829=ORIENTED_EDGE('',*,*,#2439,.T.);
#1830=ORIENTED_EDGE('',*,*,#1974,.F.);
#1831=ORIENTED_EDGE('',*,*,#2430,.F.);
#1832=ORIENTED_EDGE('',*,*,#2443,.T.);
#1833=ORIENTED_EDGE('',*,*,#2441,.T.);
#1834=ORIENTED_EDGE('',*,*,#2429,.F.);
#1835=ORIENTED_EDGE('',*,*,#2432,.F.);
#1836=ORIENTED_EDGE('',*,*,#2434,.F.);
#1837=ORIENTED_EDGE('',*,*,#2436,.F.);
#1838=ORIENTED_EDGE('',*,*,#2438,.F.);
#1839=ORIENTED_EDGE('',*,*,#2440,.F.);
#1840=ORIENTED_EDGE('',*,*,#2442,.F.);
#1841=ORIENTED_EDGE('',*,*,#2443,.F.);
#1842=ORIENTED_EDGE('',*,*,#1981,.F.);
#1843=ORIENTED_EDGE('',*,*,#2444,.F.);
#1844=ORIENTED_EDGE('',*,*,#2445,.T.);
#1845=ORIENTED_EDGE('',*,*,#2446,.T.);
#1846=ORIENTED_EDGE('',*,*,#1980,.F.);
#1847=ORIENTED_EDGE('',*,*,#2447,.F.);
#1848=ORIENTED_EDGE('',*,*,#2448,.T.);
#1849=ORIENTED_EDGE('',*,*,#2444,.T.);
#1850=ORIENTED_EDGE('',*,*,#1998,.F.);
#1851=ORIENTED_EDGE('',*,*,#2449,.F.);
#1852=ORIENTED_EDGE('',*,*,#2450,.T.);
#1853=ORIENTED_EDGE('',*,*,#2447,.T.);
#1854=ORIENTED_EDGE('',*,*,#1997,.F.);
#1855=ORIENTED_EDGE('',*,*,#2451,.F.);
#1856=ORIENTED_EDGE('',*,*,#2452,.T.);
#1857=ORIENTED_EDGE('',*,*,#2449,.T.);
#1858=ORIENTED_EDGE('',*,*,#1996,.F.);
#1859=ORIENTED_EDGE('',*,*,#2453,.F.);
#1860=ORIENTED_EDGE('',*,*,#2454,.T.);
#1861=ORIENTED_EDGE('',*,*,#2451,.T.);
#1862=ORIENTED_EDGE('',*,*,#1995,.F.);
#1863=ORIENTED_EDGE('',*,*,#2455,.F.);
#1864=ORIENTED_EDGE('',*,*,#2456,.T.);
#1865=ORIENTED_EDGE('',*,*,#2453,.T.);
#1866=ORIENTED_EDGE('',*,*,#1994,.F.);
#1867=ORIENTED_EDGE('',*,*,#2457,.F.);
#1868=ORIENTED_EDGE('',*,*,#2458,.T.);
#1869=ORIENTED_EDGE('',*,*,#2455,.T.);
#1870=ORIENTED_EDGE('',*,*,#1993,.F.);
#1871=ORIENTED_EDGE('',*,*,#2459,.F.);
#1872=ORIENTED_EDGE('',*,*,#2460,.T.);
#1873=ORIENTED_EDGE('',*,*,#2457,.T.);
#1874=ORIENTED_EDGE('',*,*,#1992,.F.);
#1875=ORIENTED_EDGE('',*,*,#2461,.F.);
#1876=ORIENTED_EDGE('',*,*,#2462,.T.);
#1877=ORIENTED_EDGE('',*,*,#2459,.T.);
#1878=ORIENTED_EDGE('',*,*,#1991,.F.);
#1879=ORIENTED_EDGE('',*,*,#2463,.F.);
#1880=ORIENTED_EDGE('',*,*,#2464,.T.);
#1881=ORIENTED_EDGE('',*,*,#2461,.T.);
#1882=ORIENTED_EDGE('',*,*,#1990,.F.);
#1883=ORIENTED_EDGE('',*,*,#2465,.F.);
#1884=ORIENTED_EDGE('',*,*,#2466,.T.);
#1885=ORIENTED_EDGE('',*,*,#2463,.T.);
#1886=ORIENTED_EDGE('',*,*,#1989,.F.);
#1887=ORIENTED_EDGE('',*,*,#2467,.F.);
#1888=ORIENTED_EDGE('',*,*,#2468,.T.);
#1889=ORIENTED_EDGE('',*,*,#2465,.T.);
#1890=ORIENTED_EDGE('',*,*,#1988,.F.);
#1891=ORIENTED_EDGE('',*,*,#2469,.F.);
#1892=ORIENTED_EDGE('',*,*,#2470,.T.);
#1893=ORIENTED_EDGE('',*,*,#2467,.T.);
#1894=ORIENTED_EDGE('',*,*,#1987,.F.);
#1895=ORIENTED_EDGE('',*,*,#2471,.F.);
#1896=ORIENTED_EDGE('',*,*,#2472,.T.);
#1897=ORIENTED_EDGE('',*,*,#2469,.T.);
#1898=ORIENTED_EDGE('',*,*,#1986,.F.);
#1899=ORIENTED_EDGE('',*,*,#2473,.F.);
#1900=ORIENTED_EDGE('',*,*,#2474,.T.);
#1901=ORIENTED_EDGE('',*,*,#2471,.T.);
#1902=ORIENTED_EDGE('',*,*,#1985,.F.);
#1903=ORIENTED_EDGE('',*,*,#2475,.F.);
#1904=ORIENTED_EDGE('',*,*,#2476,.T.);
#1905=ORIENTED_EDGE('',*,*,#2473,.T.);
#1906=ORIENTED_EDGE('',*,*,#1984,.F.);
#1907=ORIENTED_EDGE('',*,*,#2477,.F.);
#1908=ORIENTED_EDGE('',*,*,#2478,.T.);
#1909=ORIENTED_EDGE('',*,*,#2475,.T.);
#1910=ORIENTED_EDGE('',*,*,#1983,.F.);
#1911=ORIENTED_EDGE('',*,*,#2479,.F.);
#1912=ORIENTED_EDGE('',*,*,#2480,.T.);
#1913=ORIENTED_EDGE('',*,*,#2477,.T.);
#1914=ORIENTED_EDGE('',*,*,#1982,.F.);
#1915=ORIENTED_EDGE('',*,*,#2446,.F.);
#1916=ORIENTED_EDGE('',*,*,#2481,.T.);
#1917=ORIENTED_EDGE('',*,*,#2479,.T.);
#1918=ORIENTED_EDGE('',*,*,#2445,.F.);
#1919=ORIENTED_EDGE('',*,*,#2448,.F.);
#1920=ORIENTED_EDGE('',*,*,#2450,.F.);
#1921=ORIENTED_EDGE('',*,*,#2452,.F.);
#1922=ORIENTED_EDGE('',*,*,#2454,.F.);
#1923=ORIENTED_EDGE('',*,*,#2456,.F.);
#1924=ORIENTED_EDGE('',*,*,#2458,.F.);
#1925=ORIENTED_EDGE('',*,*,#2460,.F.);
#1926=ORIENTED_EDGE('',*,*,#2462,.F.);
#1927=ORIENTED_EDGE('',*,*,#2464,.F.);
#1928=ORIENTED_EDGE('',*,*,#2466,.F.);
#1929=ORIENTED_EDGE('',*,*,#2468,.F.);
#1930=ORIENTED_EDGE('',*,*,#2470,.F.);
#1931=ORIENTED_EDGE('',*,*,#2472,.F.);
#1932=ORIENTED_EDGE('',*,*,#2474,.F.);
#1933=ORIENTED_EDGE('',*,*,#2476,.F.);
#1934=ORIENTED_EDGE('',*,*,#2478,.F.);
#1935=ORIENTED_EDGE('',*,*,#2480,.F.);
#1936=ORIENTED_EDGE('',*,*,#2481,.F.);
#1937=EDGE_CURVE('',#2482,#2482,#2852,.F.);
#1938=EDGE_CURVE('',#2483,#2483,#2853,.F.);
#1939=EDGE_CURVE('',#2484,#2484,#2854,.F.);
#1940=EDGE_CURVE('',#2485,#2485,#2855,.F.);
#1941=EDGE_CURVE('',#2486,#2486,#2856,.F.);
#1942=EDGE_CURVE('',#2487,#2487,#2857,.F.);
#1943=EDGE_CURVE('',#2488,#2488,#2858,.T.);
#1944=EDGE_CURVE('',#2489,#2490,#2859,.T.);
#1945=EDGE_CURVE('',#2490,#2491,#281,.T.);
#1946=EDGE_CURVE('',#2491,#2492,#2860,.T.);
#1947=EDGE_CURVE('',#2492,#2493,#282,.T.);
#1948=EDGE_CURVE('',#2493,#2494,#2861,.T.);
#1949=EDGE_CURVE('',#2494,#2495,#283,.T.);
#1950=EDGE_CURVE('',#2495,#2496,#2862,.T.);
#1951=EDGE_CURVE('',#2496,#2489,#284,.T.);
#1952=EDGE_CURVE('',#2497,#2498,#285,.T.);
#1953=EDGE_CURVE('',#2498,#2499,#286,.T.);
#1954=EDGE_CURVE('',#2499,#2500,#287,.T.);
#1955=EDGE_CURVE('',#2500,#2501,#288,.T.);
#1956=EDGE_CURVE('',#2501,#2502,#177,.T.);
#1957=EDGE_CURVE('',#2502,#2503,#178,.T.);
#1958=EDGE_CURVE('',#2503,#2504,#179,.T.);
#1959=EDGE_CURVE('',#2504,#2505,#180,.T.);
#1960=EDGE_CURVE('',#2505,#2506,#181,.T.);
#1961=EDGE_CURVE('',#2506,#2507,#182,.T.);
#1962=EDGE_CURVE('',#2507,#2508,#183,.T.);
#1963=EDGE_CURVE('',#2508,#2509,#289,.T.);
#1964=EDGE_CURVE('',#2509,#2510,#184,.T.);
#1965=EDGE_CURVE('',#2510,#2511,#185,.T.);
#1966=EDGE_CURVE('',#2511,#2512,#186,.T.);
#1967=EDGE_CURVE('',#2512,#2513,#187,.T.);
#1968=EDGE_CURVE('',#2513,#2514,#188,.T.);
#1969=EDGE_CURVE('',#2514,#2515,#290,.T.);
#1970=EDGE_CURVE('',#2515,#2516,#291,.T.);
#1971=EDGE_CURVE('',#2516,#2497,#292,.T.);
#1972=EDGE_CURVE('',#2517,#2518,#293,.T.);
#1973=EDGE_CURVE('',#2518,#2519,#294,.T.);
#1974=EDGE_CURVE('',#2519,#2520,#295,.T.);
#1975=EDGE_CURVE('',#2520,#2521,#296,.T.);
#1976=EDGE_CURVE('',#2521,#2522,#297,.T.);
#1977=EDGE_CURVE('',#2522,#2523,#298,.T.);
#1978=EDGE_CURVE('',#2523,#2524,#299,.T.);
#1979=EDGE_CURVE('',#2524,#2517,#300,.T.);
#1980=EDGE_CURVE('',#2525,#2526,#189,.T.);
#1981=EDGE_CURVE('',#2526,#2527,#190,.T.);
#1982=EDGE_CURVE('',#2527,#2528,#191,.T.);
#1983=EDGE_CURVE('',#2528,#2529,#192,.T.);
#1984=EDGE_CURVE('',#2529,#2530,#193,.T.);
#1985=EDGE_CURVE('',#2530,#2531,#194,.T.);
#1986=EDGE_CURVE('',#2531,#2532,#301,.T.);
#1987=EDGE_CURVE('',#2532,#2533,#195,.T.);
#1988=EDGE_CURVE('',#2533,#2534,#196,.T.);
#1989=EDGE_CURVE('',#2534,#2535,#197,.T.);
#1990=EDGE_CURVE('',#2535,#2536,#198,.T.);
#1991=EDGE_CURVE('',#2536,#2537,#199,.T.);
#1992=EDGE_CURVE('',#2537,#2538,#200,.T.);
#1993=EDGE_CURVE('',#2538,#2539,#302,.T.);
#1994=EDGE_CURVE('',#2539,#2540,#303,.T.);
#1995=EDGE_CURVE('',#2540,#2541,#304,.T.);
#1996=EDGE_CURVE('',#2541,#2542,#305,.T.);
#1997=EDGE_CURVE('',#2542,#2543,#306,.T.);
#1998=EDGE_CURVE('',#2543,#2525,#307,.T.);
#1999=EDGE_CURVE('',#2544,#2545,#2863,.T.);
#2000=EDGE_CURVE('',#2546,#2544,#308,.T.);
#2001=EDGE_CURVE('',#2547,#2546,#2864,.T.);
#2002=EDGE_CURVE('',#2547,#2545,#309,.T.);
#2003=EDGE_CURVE('',#2548,#2549,#2865,.T.);
#2004=EDGE_CURVE('',#2550,#2548,#310,.T.);
#2005=EDGE_CURVE('',#2551,#2550,#2866,.T.);
#2006=EDGE_CURVE('',#2551,#2549,#311,.T.);
#2007=EDGE_CURVE('',#2552,#2553,#2867,.T.);
#2008=EDGE_CURVE('',#2554,#2552,#312,.T.);
#2009=EDGE_CURVE('',#2555,#2554,#2868,.T.);
#2010=EDGE_CURVE('',#2555,#2553,#313,.T.);
#2011=EDGE_CURVE('',#2556,#2557,#2869,.T.);
#2012=EDGE_CURVE('',#2558,#2556,#314,.T.);
#2013=EDGE_CURVE('',#2559,#2558,#2870,.T.);
#2014=EDGE_CURVE('',#2559,#2557,#315,.T.);
#2015=EDGE_CURVE('',#2560,#2561,#2871,.T.);
#2016=EDGE_CURVE('',#2562,#2560,#316,.T.);
#2017=EDGE_CURVE('',#2563,#2562,#2872,.T.);
#2018=EDGE_CURVE('',#2563,#2561,#317,.T.);
#2019=EDGE_CURVE('',#2564,#2565,#2873,.T.);
#2020=EDGE_CURVE('',#2566,#2564,#318,.T.);
#2021=EDGE_CURVE('',#2567,#2566,#2874,.T.);
#2022=EDGE_CURVE('',#2567,#2565,#319,.T.);
#2023=EDGE_CURVE('',#2568,#2569,#2875,.T.);
#2024=EDGE_CURVE('',#2570,#2568,#320,.T.);
#2025=EDGE_CURVE('',#2571,#2570,#2876,.T.);
#2026=EDGE_CURVE('',#2571,#2569,#321,.T.);
#2027=EDGE_CURVE('',#2572,#2573,#2877,.T.);
#2028=EDGE_CURVE('',#2574,#2572,#322,.T.);
#2029=EDGE_CURVE('',#2575,#2574,#2878,.T.);
#2030=EDGE_CURVE('',#2575,#2573,#323,.T.);
#2031=EDGE_CURVE('',#2576,#2577,#2879,.T.);
#2032=EDGE_CURVE('',#2578,#2576,#324,.T.);
#2033=EDGE_CURVE('',#2579,#2578,#2880,.T.);
#2034=EDGE_CURVE('',#2579,#2577,#325,.T.);
#2035=EDGE_CURVE('',#2580,#2581,#2881,.T.);
#2036=EDGE_CURVE('',#2582,#2580,#326,.T.);
#2037=EDGE_CURVE('',#2583,#2582,#2882,.T.);
#2038=EDGE_CURVE('',#2583,#2581,#327,.T.);
#2039=EDGE_CURVE('',#2584,#2585,#2883,.T.);
#2040=EDGE_CURVE('',#2586,#2584,#328,.T.);
#2041=EDGE_CURVE('',#2587,#2586,#2884,.T.);
#2042=EDGE_CURVE('',#2587,#2585,#329,.T.);
#2043=EDGE_CURVE('',#2588,#2589,#2885,.T.);
#2044=EDGE_CURVE('',#2590,#2588,#330,.T.);
#2045=EDGE_CURVE('',#2591,#2590,#2886,.T.);
#2046=EDGE_CURVE('',#2591,#2589,#331,.T.);
#2047=EDGE_CURVE('',#2592,#2593,#2887,.T.);
#2048=EDGE_CURVE('',#2594,#2592,#332,.T.);
#2049=EDGE_CURVE('',#2595,#2594,#2888,.T.);
#2050=EDGE_CURVE('',#2595,#2593,#333,.T.);
#2051=EDGE_CURVE('',#2596,#2597,#2889,.T.);
#2052=EDGE_CURVE('',#2598,#2596,#334,.T.);
#2053=EDGE_CURVE('',#2599,#2598,#2890,.T.);
#2054=EDGE_CURVE('',#2599,#2597,#335,.T.);
#2055=EDGE_CURVE('',#2600,#2601,#2891,.T.);
#2056=EDGE_CURVE('',#2602,#2600,#336,.T.);
#2057=EDGE_CURVE('',#2603,#2602,#2892,.T.);
#2058=EDGE_CURVE('',#2603,#2601,#337,.T.);
#2059=EDGE_CURVE('',#2604,#2605,#2893,.T.);
#2060=EDGE_CURVE('',#2606,#2604,#338,.T.);
#2061=EDGE_CURVE('',#2607,#2606,#2894,.T.);
#2062=EDGE_CURVE('',#2607,#2605,#339,.T.);
#2063=EDGE_CURVE('',#2608,#2609,#2895,.T.);
#2064=EDGE_CURVE('',#2610,#2608,#340,.T.);
#2065=EDGE_CURVE('',#2611,#2610,#2896,.T.);
#2066=EDGE_CURVE('',#2611,#2609,#341,.T.);
#2067=EDGE_CURVE('',#2612,#2613,#2897,.T.);
#2068=EDGE_CURVE('',#2614,#2612,#342,.T.);
#2069=EDGE_CURVE('',#2615,#2614,#2898,.T.);
#2070=EDGE_CURVE('',#2615,#2613,#343,.T.);
#2071=EDGE_CURVE('',#2616,#2617,#2899,.T.);
#2072=EDGE_CURVE('',#2618,#2616,#344,.T.);
#2073=EDGE_CURVE('',#2619,#2618,#2900,.T.);
#2074=EDGE_CURVE('',#2619,#2617,#345,.T.);
#2075=EDGE_CURVE('',#2620,#2621,#2901,.T.);
#2076=EDGE_CURVE('',#2622,#2620,#346,.T.);
#2077=EDGE_CURVE('',#2623,#2622,#2902,.T.);
#2078=EDGE_CURVE('',#2623,#2621,#347,.T.);
#2079=EDGE_CURVE('',#2624,#2625,#2903,.T.);
#2080=EDGE_CURVE('',#2626,#2624,#348,.T.);
#2081=EDGE_CURVE('',#2627,#2626,#2904,.T.);
#2082=EDGE_CURVE('',#2627,#2625,#349,.T.);
#2083=EDGE_CURVE('',#2628,#2629,#2905,.T.);
#2084=EDGE_CURVE('',#2630,#2628,#350,.T.);
#2085=EDGE_CURVE('',#2631,#2630,#2906,.T.);
#2086=EDGE_CURVE('',#2631,#2629,#351,.T.);
#2087=EDGE_CURVE('',#2632,#2633,#2907,.T.);
#2088=EDGE_CURVE('',#2634,#2632,#352,.T.);
#2089=EDGE_CURVE('',#2635,#2634,#2908,.T.);
#2090=EDGE_CURVE('',#2635,#2633,#353,.T.);
#2091=EDGE_CURVE('',#2636,#2637,#2909,.T.);
#2092=EDGE_CURVE('',#2638,#2636,#354,.T.);
#2093=EDGE_CURVE('',#2639,#2638,#2910,.T.);
#2094=EDGE_CURVE('',#2639,#2637,#355,.T.);
#2095=EDGE_CURVE('',#2640,#2641,#2911,.T.);
#2096=EDGE_CURVE('',#2642,#2640,#356,.T.);
#2097=EDGE_CURVE('',#2643,#2642,#2912,.T.);
#2098=EDGE_CURVE('',#2643,#2641,#357,.T.);
#2099=EDGE_CURVE('',#2644,#2644,#2913,.T.);
#2100=EDGE_CURVE('',#2645,#2645,#2914,.F.);
#2101=EDGE_CURVE('',#2646,#2646,#2915,.T.);
#2102=EDGE_CURVE('',#2647,#2647,#2916,.T.);
#2103=EDGE_CURVE('',#2648,#2648,#2917,.T.);
#2104=EDGE_CURVE('',#2649,#2650,#2918,.F.);
#2105=EDGE_CURVE('',#2650,#2651,#2919,.T.);
#2106=EDGE_CURVE('',#2651,#2652,#2920,.F.);
#2107=EDGE_CURVE('',#2652,#2653,#358,.T.);
#2108=EDGE_CURVE('',#2653,#2654,#2921,.F.);
#2109=EDGE_CURVE('',#2654,#2649,#359,.T.);
#2110=EDGE_CURVE('',#2655,#2656,#360,.T.);
#2111=EDGE_CURVE('',#2656,#2657,#2922,.T.);
#2112=EDGE_CURVE('',#2658,#2657,#361,.T.);
#2113=EDGE_CURVE('',#2655,#2658,#2923,.T.);
#2114=EDGE_CURVE('',#2656,#2544,#201,.T.);
#2115=EDGE_CURVE('',#2655,#2546,#362,.T.);
#2116=EDGE_CURVE('',#2545,#2659,#202,.T.);
#2117=EDGE_CURVE('',#2547,#2660,#363,.T.);
#2118=EDGE_CURVE('',#2660,#2659,#364,.T.);
#2119=EDGE_CURVE('',#2661,#2662,#365,.T.);
#2120=EDGE_CURVE('',#2662,#2659,#2924,.T.);
#2121=EDGE_CURVE('',#2661,#2660,#2925,.T.);
#2122=EDGE_CURVE('',#2662,#2548,#203,.T.);
#2123=EDGE_CURVE('',#2661,#2550,#366,.T.);
#2124=EDGE_CURVE('',#2549,#2663,#204,.T.);
#2125=EDGE_CURVE('',#2551,#2664,#367,.T.);
#2126=EDGE_CURVE('',#2664,#2663,#368,.T.);
#2127=EDGE_CURVE('',#2665,#2666,#369,.T.);
#2128=EDGE_CURVE('',#2666,#2663,#2926,.T.);
#2129=EDGE_CURVE('',#2665,#2664,#2927,.T.);
#2130=EDGE_CURVE('',#2666,#2552,#205,.T.);
#2131=EDGE_CURVE('',#2665,#2554,#370,.T.);
#2132=EDGE_CURVE('',#2553,#2667,#206,.T.);
#2133=EDGE_CURVE('',#2555,#2668,#371,.T.);
#2134=EDGE_CURVE('',#2668,#2667,#372,.T.);
#2135=EDGE_CURVE('',#2669,#2670,#373,.T.);
#2136=EDGE_CURVE('',#2670,#2667,#2928,.T.);
#2137=EDGE_CURVE('',#2669,#2668,#2929,.T.);
#2138=EDGE_CURVE('',#2670,#2556,#207,.T.);
#2139=EDGE_CURVE('',#2669,#2558,#374,.T.);
#2140=EDGE_CURVE('',#2557,#2671,#208,.T.);
#2141=EDGE_CURVE('',#2559,#2672,#375,.T.);
#2142=EDGE_CURVE('',#2672,#2671,#376,.T.);
#2143=EDGE_CURVE('',#2673,#2674,#377,.T.);
#2144=EDGE_CURVE('',#2674,#2671,#2930,.T.);
#2145=EDGE_CURVE('',#2673,#2672,#2931,.T.);
#2146=EDGE_CURVE('',#2674,#2560,#209,.T.);
#2147=EDGE_CURVE('',#2673,#2562,#378,.T.);
#2148=EDGE_CURVE('',#2561,#2675,#210,.T.);
#2149=EDGE_CURVE('',#2563,#2676,#379,.T.);
#2150=EDGE_CURVE('',#2676,#2675,#380,.T.);
#2151=EDGE_CURVE('',#2677,#2678,#381,.T.);
#2152=EDGE_CURVE('',#2678,#2675,#2932,.T.);
#2153=EDGE_CURVE('',#2677,#2676,#2933,.T.);
#2154=EDGE_CURVE('',#2678,#2564,#211,.T.);
#2155=EDGE_CURVE('',#2677,#2566,#382,.T.);
#2156=EDGE_CURVE('',#2565,#2679,#212,.T.);
#2157=EDGE_CURVE('',#2567,#2680,#383,.T.);
#2158=EDGE_CURVE('',#2680,#2679,#384,.T.);
#2159=EDGE_CURVE('',#2681,#2682,#385,.T.);
#2160=EDGE_CURVE('',#2682,#2679,#2934,.T.);
#2161=EDGE_CURVE('',#2681,#2680,#2935,.T.);
#2162=EDGE_CURVE('',#2682,#2568,#213,.T.);
#2163=EDGE_CURVE('',#2681,#2570,#386,.T.);
#2164=EDGE_CURVE('',#2569,#2683,#214,.T.);
#2165=EDGE_CURVE('',#2571,#2684,#387,.T.);
#2166=EDGE_CURVE('',#2684,#2683,#388,.T.);
#2167=EDGE_CURVE('',#2685,#2686,#389,.T.);
#2168=EDGE_CURVE('',#2686,#2683,#2936,.T.);
#2169=EDGE_CURVE('',#2685,#2684,#2937,.T.);
#2170=EDGE_CURVE('',#2686,#2572,#215,.T.);
#2171=EDGE_CURVE('',#2685,#2574,#390,.T.);
#2172=EDGE_CURVE('',#2573,#2687,#216,.T.);
#2173=EDGE_CURVE('',#2575,#2688,#391,.T.);
#2174=EDGE_CURVE('',#2688,#2687,#392,.T.);
#2175=EDGE_CURVE('',#2689,#2690,#393,.T.);
#2176=EDGE_CURVE('',#2690,#2687,#2938,.T.);
#2177=EDGE_CURVE('',#2689,#2688,#2939,.T.);
#2178=EDGE_CURVE('',#2690,#2576,#217,.T.);
#2179=EDGE_CURVE('',#2689,#2578,#394,.T.);
#2180=EDGE_CURVE('',#2577,#2691,#218,.T.);
#2181=EDGE_CURVE('',#2579,#2692,#395,.T.);
#2182=EDGE_CURVE('',#2692,#2691,#396,.T.);
#2183=EDGE_CURVE('',#2693,#2694,#397,.T.);
#2184=EDGE_CURVE('',#2694,#2691,#2940,.T.);
#2185=EDGE_CURVE('',#2693,#2692,#2941,.T.);
#2186=EDGE_CURVE('',#2694,#2580,#219,.T.);
#2187=EDGE_CURVE('',#2693,#2582,#398,.T.);
#2188=EDGE_CURVE('',#2581,#2695,#220,.T.);
#2189=EDGE_CURVE('',#2583,#2696,#399,.T.);
#2190=EDGE_CURVE('',#2696,#2695,#400,.T.);
#2191=EDGE_CURVE('',#2697,#2698,#401,.T.);
#2192=EDGE_CURVE('',#2698,#2695,#2942,.T.);
#2193=EDGE_CURVE('',#2697,#2696,#2943,.T.);
#2194=EDGE_CURVE('',#2698,#2584,#221,.T.);
#2195=EDGE_CURVE('',#2697,#2586,#402,.T.);
#2196=EDGE_CURVE('',#2585,#2699,#222,.T.);
#2197=EDGE_CURVE('',#2587,#2700,#403,.T.);
#2198=EDGE_CURVE('',#2700,#2699,#404,.T.);
#2199=EDGE_CURVE('',#2701,#2702,#405,.T.);
#2200=EDGE_CURVE('',#2702,#2699,#2944,.T.);
#2201=EDGE_CURVE('',#2701,#2700,#2945,.T.);
#2202=EDGE_CURVE('',#2702,#2588,#223,.T.);
#2203=EDGE_CURVE('',#2701,#2590,#406,.T.);
#2204=EDGE_CURVE('',#2589,#2703,#224,.T.);
#2205=EDGE_CURVE('',#2591,#2704,#407,.T.);
#2206=EDGE_CURVE('',#2704,#2703,#408,.T.);
#2207=EDGE_CURVE('',#2705,#2706,#409,.T.);
#2208=EDGE_CURVE('',#2706,#2703,#2946,.T.);
#2209=EDGE_CURVE('',#2705,#2704,#2947,.T.);
#2210=EDGE_CURVE('',#2706,#2592,#225,.T.);
#2211=EDGE_CURVE('',#2705,#2594,#410,.T.);
#2212=EDGE_CURVE('',#2593,#2707,#226,.T.);
#2213=EDGE_CURVE('',#2595,#2708,#411,.T.);
#2214=EDGE_CURVE('',#2708,#2707,#412,.T.);
#2215=EDGE_CURVE('',#2709,#2710,#413,.T.);
#2216=EDGE_CURVE('',#2710,#2707,#2948,.T.);
#2217=EDGE_CURVE('',#2709,#2708,#2949,.T.);
#2218=EDGE_CURVE('',#2710,#2596,#227,.T.);
#2219=EDGE_CURVE('',#2709,#2598,#414,.T.);
#2220=EDGE_CURVE('',#2597,#2711,#228,.T.);
#2221=EDGE_CURVE('',#2599,#2712,#415,.T.);
#2222=EDGE_CURVE('',#2712,#2711,#416,.T.);
#2223=EDGE_CURVE('',#2713,#2714,#417,.T.);
#2224=EDGE_CURVE('',#2714,#2711,#2950,.T.);
#2225=EDGE_CURVE('',#2713,#2712,#2951,.T.);
#2226=EDGE_CURVE('',#2714,#2600,#229,.T.);
#2227=EDGE_CURVE('',#2713,#2602,#418,.T.);
#2228=EDGE_CURVE('',#2601,#2715,#230,.T.);
#2229=EDGE_CURVE('',#2603,#2716,#419,.T.);
#2230=EDGE_CURVE('',#2716,#2715,#420,.T.);
#2231=EDGE_CURVE('',#2717,#2718,#421,.T.);
#2232=EDGE_CURVE('',#2718,#2715,#2952,.T.);
#2233=EDGE_CURVE('',#2717,#2716,#2953,.T.);
#2234=EDGE_CURVE('',#2718,#2604,#231,.T.);
#2235=EDGE_CURVE('',#2717,#2606,#422,.T.);
#2236=EDGE_CURVE('',#2605,#2719,#232,.T.);
#2237=EDGE_CURVE('',#2607,#2720,#423,.T.);
#2238=EDGE_CURVE('',#2720,#2719,#424,.T.);
#2239=EDGE_CURVE('',#2721,#2722,#425,.T.);
#2240=EDGE_CURVE('',#2722,#2719,#2954,.T.);
#2241=EDGE_CURVE('',#2721,#2720,#2955,.T.);
#2242=EDGE_CURVE('',#2722,#2608,#233,.T.);
#2243=EDGE_CURVE('',#2721,#2610,#426,.T.);
#2244=EDGE_CURVE('',#2609,#2723,#234,.T.);
#2245=EDGE_CURVE('',#2611,#2724,#427,.T.);
#2246=EDGE_CURVE('',#2724,#2723,#428,.T.);
#2247=EDGE_CURVE('',#2725,#2726,#429,.T.);
#2248=EDGE_CURVE('',#2726,#2723,#2956,.T.);
#2249=EDGE_CURVE('',#2725,#2724,#2957,.T.);
#2250=EDGE_CURVE('',#2726,#2612,#235,.T.);
#2251=EDGE_CURVE('',#2725,#2614,#430,.T.);
#2252=EDGE_CURVE('',#2613,#2727,#236,.T.);
#2253=EDGE_CURVE('',#2615,#2728,#431,.T.);
#2254=EDGE_CURVE('',#2728,#2727,#432,.T.);
#2255=EDGE_CURVE('',#2729,#2730,#433,.T.);
#2256=EDGE_CURVE('',#2730,#2727,#2958,.T.);
#2257=EDGE_CURVE('',#2729,#2728,#2959,.T.);
#2258=EDGE_CURVE('',#2730,#2616,#237,.T.);
#2259=EDGE_CURVE('',#2729,#2618,#434,.T.);
#2260=EDGE_CURVE('',#2617,#2731,#238,.T.);
#2261=EDGE_CURVE('',#2619,#2732,#435,.T.);
#2262=EDGE_CURVE('',#2732,#2731,#436,.T.);
#2263=EDGE_CURVE('',#2733,#2734,#437,.T.);
#2264=EDGE_CURVE('',#2734,#2731,#2960,.T.);
#2265=EDGE_CURVE('',#2733,#2732,#2961,.T.);
#2266=EDGE_CURVE('',#2734,#2620,#239,.T.);
#2267=EDGE_CURVE('',#2733,#2622,#438,.T.);
#2268=EDGE_CURVE('',#2621,#2735,#240,.T.);
#2269=EDGE_CURVE('',#2623,#2736,#439,.T.);
#2270=EDGE_CURVE('',#2736,#2735,#440,.T.);
#2271=EDGE_CURVE('',#2737,#2738,#441,.T.);
#2272=EDGE_CURVE('',#2738,#2735,#2962,.T.);
#2273=EDGE_CURVE('',#2737,#2736,#2963,.T.);
#2274=EDGE_CURVE('',#2738,#2624,#241,.T.);
#2275=EDGE_CURVE('',#2737,#2626,#442,.T.);
#2276=EDGE_CURVE('',#2625,#2739,#242,.T.);
#2277=EDGE_CURVE('',#2627,#2740,#443,.T.);
#2278=EDGE_CURVE('',#2740,#2739,#444,.T.);
#2279=EDGE_CURVE('',#2741,#2742,#445,.T.);
#2280=EDGE_CURVE('',#2742,#2739,#2964,.T.);
#2281=EDGE_CURVE('',#2741,#2740,#2965,.T.);
#2282=EDGE_CURVE('',#2742,#2628,#243,.T.);
#2283=EDGE_CURVE('',#2741,#2630,#446,.T.);
#2284=EDGE_CURVE('',#2629,#2743,#244,.T.);
#2285=EDGE_CURVE('',#2631,#2744,#447,.T.);
#2286=EDGE_CURVE('',#2744,#2743,#448,.T.);
#2287=EDGE_CURVE('',#2745,#2746,#449,.T.);
#2288=EDGE_CURVE('',#2746,#2743,#2966,.T.);
#2289=EDGE_CURVE('',#2745,#2744,#2967,.T.);
#2290=EDGE_CURVE('',#2746,#2632,#245,.T.);
#2291=EDGE_CURVE('',#2745,#2634,#450,.T.);
#2292=EDGE_CURVE('',#2633,#2747,#246,.T.);
#2293=EDGE_CURVE('',#2635,#2748,#451,.T.);
#2294=EDGE_CURVE('',#2748,#2747,#452,.T.);
#2295=EDGE_CURVE('',#2749,#2750,#453,.T.);
#2296=EDGE_CURVE('',#2750,#2747,#2968,.T.);
#2297=EDGE_CURVE('',#2749,#2748,#2969,.T.);
#2298=EDGE_CURVE('',#2750,#2636,#247,.T.);
#2299=EDGE_CURVE('',#2749,#2638,#454,.T.);
#2300=EDGE_CURVE('',#2637,#2751,#248,.T.);
#2301=EDGE_CURVE('',#2639,#2752,#455,.T.);
#2302=EDGE_CURVE('',#2752,#2751,#456,.T.);
#2303=EDGE_CURVE('',#2753,#2754,#457,.T.);
#2304=EDGE_CURVE('',#2754,#2751,#2970,.T.);
#2305=EDGE_CURVE('',#2753,#2752,#2971,.T.);
#2306=EDGE_CURVE('',#2754,#2640,#249,.T.);
#2307=EDGE_CURVE('',#2753,#2642,#458,.T.);
#2308=EDGE_CURVE('',#2755,#2755,#2972,.F.);
#2309=EDGE_CURVE('',#2756,#2757,#2973,.F.);
#2310=EDGE_CURVE('',#2757,#2758,#250,.T.);
#2311=EDGE_CURVE('',#2758,#2759,#2974,.F.);
#2312=EDGE_CURVE('',#2759,#2756,#251,.T.);
#2313=EDGE_CURVE('',#2641,#2657,#252,.T.);
#2314=EDGE_CURVE('',#2643,#2658,#459,.T.);
#2315=EDGE_CURVE('',#2760,#2760,#2975,.T.);
#2316=EDGE_CURVE('',#2761,#2761,#2976,.T.);
#2317=EDGE_CURVE('',#2762,#2762,#2977,.T.);
#2318=EDGE_CURVE('',#2763,#2763,#2978,.T.);
#2319=EDGE_CURVE('',#2764,#2764,#2979,.T.);
#2320=EDGE_CURVE('',#2765,#2765,#2980,.T.);
#2321=EDGE_CURVE('',#2766,#2766,#2981,.T.);
#2322=EDGE_CURVE('',#2767,#2767,#2982,.T.);
#2323=EDGE_CURVE('',#2768,#2768,#2983,.T.);
#2324=EDGE_CURVE('',#2769,#2770,#2984,.F.);
#2325=EDGE_CURVE('',#2770,#2771,#2985,.T.);
#2326=EDGE_CURVE('',#2771,#2772,#2986,.F.);
#2327=EDGE_CURVE('',#2772,#2773,#460,.T.);
#2328=EDGE_CURVE('',#2773,#2774,#2987,.F.);
#2329=EDGE_CURVE('',#2774,#2769,#461,.T.);
#2330=EDGE_CURVE('',#2775,#2776,#462,.T.);
#2331=EDGE_CURVE('',#2775,#2777,#463,.T.);
#2332=EDGE_CURVE('',#2777,#2778,#464,.T.);
#2333=EDGE_CURVE('',#2778,#2776,#465,.T.);
#2334=EDGE_CURVE('',#2779,#2779,#2988,.T.);
#2335=EDGE_CURVE('',#2780,#2780,#2989,.F.);
#2336=EDGE_CURVE('',#2781,#2781,#2990,.T.);
#2337=EDGE_CURVE('',#2782,#2782,#2991,.F.);
#2338=EDGE_CURVE('',#2783,#2783,#2992,.T.);
#2339=EDGE_CURVE('',#2784,#2784,#2993,.F.);
#2340=EDGE_CURVE('',#2785,#2785,#2994,.T.);
#2341=EDGE_CURVE('',#2786,#2786,#2995,.F.);
#2342=EDGE_CURVE('',#2787,#2787,#2996,.T.);
#2343=EDGE_CURVE('',#2788,#2788,#2997,.F.);
#2344=EDGE_CURVE('',#2789,#2789,#2998,.T.);
#2345=EDGE_CURVE('',#2790,#2790,#2999,.F.);
#2346=EDGE_CURVE('',#2777,#2791,#3000,.F.);
#2347=EDGE_CURVE('',#2791,#2792,#466,.T.);
#2348=EDGE_CURVE('',#2792,#2778,#3001,.T.);
#2349=EDGE_CURVE('',#2793,#2794,#467,.T.);
#2350=EDGE_CURVE('',#2794,#2792,#468,.T.);
#2351=EDGE_CURVE('',#2791,#2793,#469,.T.);
#2352=EDGE_CURVE('',#2795,#2796,#470,.T.);
#2353=EDGE_CURVE('',#2796,#2794,#3002,.T.);
#2354=EDGE_CURVE('',#2793,#2795,#3003,.F.);
#2355=EDGE_CURVE('',#2797,#2798,#471,.T.);
#2356=EDGE_CURVE('',#2798,#2796,#472,.T.);
#2357=EDGE_CURVE('',#2795,#2797,#473,.T.);
#2358=EDGE_CURVE('',#2799,#2800,#474,.T.);
#2359=EDGE_CURVE('',#2800,#2798,#3004,.T.);
#2360=EDGE_CURVE('',#2797,#2799,#3005,.F.);
#2361=EDGE_CURVE('',#2799,#2801,#475,.T.);
#2362=EDGE_CURVE('',#2801,#2802,#476,.T.);
#2363=EDGE_CURVE('',#2802,#2800,#477,.T.);
#2364=EDGE_CURVE('',#2801,#2775,#3006,.F.);
#2365=EDGE_CURVE('',#2776,#2802,#3007,.T.);
#2366=EDGE_CURVE('',#2773,#2802,#478,.T.);
#2367=EDGE_CURVE('',#2800,#2772,#479,.T.);
#2368=EDGE_CURVE('',#2757,#2650,#253,.T.);
#2369=EDGE_CURVE('',#2798,#2649,#480,.T.);
#2370=EDGE_CURVE('',#2771,#2758,#254,.T.);
#2371=EDGE_CURVE('',#2774,#2776,#481,.T.);
#2372=EDGE_CURVE('',#2796,#2654,#482,.T.);
#2373=EDGE_CURVE('',#2769,#2778,#483,.T.);
#2374=EDGE_CURVE('',#2794,#2653,#484,.T.);
#2375=EDGE_CURVE('',#2652,#2792,#485,.T.);
#2376=EDGE_CURVE('',#2651,#2756,#255,.T.);
#2377=EDGE_CURVE('',#2759,#2770,#256,.T.);
#2378=EDGE_CURVE('',#2801,#2494,#486,.T.);
#2379=EDGE_CURVE('',#2495,#2799,#487,.T.);
#2380=EDGE_CURVE('',#2496,#2797,#488,.T.);
#2381=EDGE_CURVE('',#2775,#2493,#489,.T.);
#2382=EDGE_CURVE('',#2489,#2795,#490,.T.);
#2383=EDGE_CURVE('',#2777,#2492,#491,.T.);
#2384=EDGE_CURVE('',#2490,#2793,#492,.T.);
#2385=EDGE_CURVE('',#2791,#2491,#493,.T.);
#2386=EDGE_CURVE('',#2803,#2803,#3008,.T.);
#2387=EDGE_CURVE('',#2804,#2804,#3009,.F.);
#2388=EDGE_CURVE('',#2805,#2498,#494,.T.);
#2389=EDGE_CURVE('',#2805,#2806,#495,.T.);
#2390=EDGE_CURVE('',#2806,#2499,#496,.T.);
#2391=EDGE_CURVE('',#2807,#2497,#497,.T.);
#2392=EDGE_CURVE('',#2807,#2805,#498,.T.);
#2393=EDGE_CURVE('',#2808,#2516,#499,.T.);
#2394=EDGE_CURVE('',#2808,#2807,#500,.T.);
#2395=EDGE_CURVE('',#2809,#2515,#501,.T.);
#2396=EDGE_CURVE('',#2809,#2808,#502,.T.);
#2397=EDGE_CURVE('',#2810,#2514,#503,.T.);
#2398=EDGE_CURVE('',#2810,#2809,#504,.T.);
#2399=EDGE_CURVE('',#2811,#2513,#505,.T.);
#2400=EDGE_CURVE('',#2811,#2810,#257,.T.);
#2401=EDGE_CURVE('',#2812,#2512,#506,.T.);
#2402=EDGE_CURVE('',#2812,#2811,#258,.T.);
#2403=EDGE_CURVE('',#2813,#2511,#507,.T.);
#2404=EDGE_CURVE('',#2813,#2812,#259,.T.);
#2405=EDGE_CURVE('',#2814,#2510,#508,.T.);
#2406=EDGE_CURVE('',#2814,#2813,#260,.T.);
#2407=EDGE_CURVE('',#2815,#2509,#509,.T.);
#2408=EDGE_CURVE('',#2815,#2814,#261,.T.);
#2409=EDGE_CURVE('',#2816,#2508,#510,.T.);
#2410=EDGE_CURVE('',#2816,#2815,#511,.T.);
#2411=EDGE_CURVE('',#2817,#2507,#512,.T.);
#2412=EDGE_CURVE('',#2817,#2816,#262,.T.);
#2413=EDGE_CURVE('',#2818,#2506,#513,.T.);
#2414=EDGE_CURVE('',#2818,#2817,#263,.T.);
#2415=EDGE_CURVE('',#2819,#2505,#514,.T.);
#2416=EDGE_CURVE('',#2819,#2818,#264,.T.);
#2417=EDGE_CURVE('',#2820,#2504,#515,.T.);
#2418=EDGE_CURVE('',#2820,#2819,#265,.T.);
#2419=EDGE_CURVE('',#2821,#2503,#516,.T.);
#2420=EDGE_CURVE('',#2821,#2820,#266,.T.);
#2421=EDGE_CURVE('',#2822,#2502,#517,.T.);
#2422=EDGE_CURVE('',#2822,#2821,#267,.T.);
#2423=EDGE_CURVE('',#2823,#2501,#518,.T.);
#2424=EDGE_CURVE('',#2823,#2822,#268,.T.);
#2425=EDGE_CURVE('',#2824,#2500,#519,.T.);
#2426=EDGE_CURVE('',#2824,#2823,#520,.T.);
#2427=EDGE_CURVE('',#2806,#2824,#521,.T.);
#2428=EDGE_CURVE('',#2825,#2518,#522,.T.);
#2429=EDGE_CURVE('',#2825,#2826,#523,.T.);
#2430=EDGE_CURVE('',#2826,#2519,#524,.T.);
#2431=EDGE_CURVE('',#2827,#2517,#525,.T.);
#2432=EDGE_CURVE('',#2827,#2825,#526,.T.);
#2433=EDGE_CURVE('',#2828,#2524,#527,.T.);
#2434=EDGE_CURVE('',#2828,#2827,#528,.T.);
#2435=EDGE_CURVE('',#2829,#2523,#529,.T.);
#2436=EDGE_CURVE('',#2829,#2828,#530,.T.);
#2437=EDGE_CURVE('',#2830,#2522,#531,.T.);
#2438=EDGE_CURVE('',#2830,#2829,#532,.T.);
#2439=EDGE_CURVE('',#2831,#2521,#533,.T.);
#2440=EDGE_CURVE('',#2831,#2830,#534,.T.);
#2441=EDGE_CURVE('',#2832,#2520,#535,.T.);
#2442=EDGE_CURVE('',#2832,#2831,#536,.T.);
#2443=EDGE_CURVE('',#2826,#2832,#537,.T.);
#2444=EDGE_CURVE('',#2833,#2526,#538,.T.);
#2445=EDGE_CURVE('',#2833,#2834,#269,.T.);
#2446=EDGE_CURVE('',#2834,#2527,#539,.T.);
#2447=EDGE_CURVE('',#2835,#2525,#540,.T.);
#2448=EDGE_CURVE('',#2835,#2833,#270,.T.);
#2449=EDGE_CURVE('',#2836,#2543,#541,.T.);
#2450=EDGE_CURVE('',#2836,#2835,#542,.T.);
#2451=EDGE_CURVE('',#2837,#2542,#543,.T.);
#2452=EDGE_CURVE('',#2837,#2836,#544,.T.);
#2453=EDGE_CURVE('',#2838,#2541,#545,.T.);
#2454=EDGE_CURVE('',#2838,#2837,#546,.T.);
#2455=EDGE_CURVE('',#2839,#2540,#547,.T.);
#2456=EDGE_CURVE('',#2839,#2838,#548,.T.);
#2457=EDGE_CURVE('',#2840,#2539,#549,.T.);
#2458=EDGE_CURVE('',#2840,#2839,#550,.T.);
#2459=EDGE_CURVE('',#2841,#2538,#551,.T.);
#2460=EDGE_CURVE('',#2841,#2840,#552,.T.);
#2461=EDGE_CURVE('',#2842,#2537,#553,.T.);
#2462=EDGE_CURVE('',#2842,#2841,#271,.T.);
#2463=EDGE_CURVE('',#2843,#2536,#554,.T.);
#2464=EDGE_CURVE('',#2843,#2842,#272,.T.);
#2465=EDGE_CURVE('',#2844,#2535,#555,.T.);
#2466=EDGE_CURVE('',#2844,#2843,#273,.T.);
#2467=EDGE_CURVE('',#2845,#2534,#556,.T.);
#2468=EDGE_CURVE('',#2845,#2844,#274,.T.);
#2469=EDGE_CURVE('',#2846,#2533,#557,.T.);
#2470=EDGE_CURVE('',#2846,#2845,#275,.T.);
#2471=EDGE_CURVE('',#2847,#2532,#558,.T.);
#2472=EDGE_CURVE('',#2847,#2846,#276,.T.);
#2473=EDGE_CURVE('',#2848,#2531,#559,.T.);
#2474=EDGE_CURVE('',#2848,#2847,#560,.T.);
#2475=EDGE_CURVE('',#2849,#2530,#561,.T.);
#2476=EDGE_CURVE('',#2849,#2848,#277,.T.);
#2477=EDGE_CURVE('',#2850,#2529,#562,.T.);
#2478=EDGE_CURVE('',#2850,#2849,#278,.T.);
#2479=EDGE_CURVE('',#2851,#2528,#563,.T.);
#2480=EDGE_CURVE('',#2851,#2850,#279,.T.);
#2481=EDGE_CURVE('',#2834,#2851,#280,.T.);
#2482=VERTEX_POINT('',#5463);
#2483=VERTEX_POINT('',#5465);
#2484=VERTEX_POINT('',#5467);
#2485=VERTEX_POINT('',#5469);
#2486=VERTEX_POINT('',#5471);
#2487=VERTEX_POINT('',#5473);
#2488=VERTEX_POINT('',#5475);
#2489=VERTEX_POINT('',#5477);
#2490=VERTEX_POINT('',#5478);
#2491=VERTEX_POINT('',#5480);
#2492=VERTEX_POINT('',#5482);
#2493=VERTEX_POINT('',#5484);
#2494=VERTEX_POINT('',#5486);
#2495=VERTEX_POINT('',#5488);
#2496=VERTEX_POINT('',#5490);
#2497=VERTEX_POINT('',#5493);
#2498=VERTEX_POINT('',#5494);
#2499=VERTEX_POINT('',#5496);
#2500=VERTEX_POINT('',#5498);
#2501=VERTEX_POINT('',#5500);
#2502=VERTEX_POINT('',#5504);
#2503=VERTEX_POINT('',#5508);
#2504=VERTEX_POINT('',#5512);
#2505=VERTEX_POINT('',#5516);
#2506=VERTEX_POINT('',#5520);
#2507=VERTEX_POINT('',#5524);
#2508=VERTEX_POINT('',#5528);
#2509=VERTEX_POINT('',#5530);
#2510=VERTEX_POINT('',#5534);
#2511=VERTEX_POINT('',#5538);
#2512=VERTEX_POINT('',#5542);
#2513=VERTEX_POINT('',#5546);
#2514=VERTEX_POINT('',#5550);
#2515=VERTEX_POINT('',#5552);
#2516=VERTEX_POINT('',#5554);
#2517=VERTEX_POINT('',#5557);
#2518=VERTEX_POINT('',#5558);
#2519=VERTEX_POINT('',#5560);
#2520=VERTEX_POINT('',#5562);
#2521=VERTEX_POINT('',#5564);
#2522=VERTEX_POINT('',#5566);
#2523=VERTEX_POINT('',#5568);
#2524=VERTEX_POINT('',#5570);
#2525=VERTEX_POINT('',#5575);
#2526=VERTEX_POINT('',#5576);
#2527=VERTEX_POINT('',#5580);
#2528=VERTEX_POINT('',#5584);
#2529=VERTEX_POINT('',#5588);
#2530=VERTEX_POINT('',#5592);
#2531=VERTEX_POINT('',#5596);
#2532=VERTEX_POINT('',#5598);
#2533=VERTEX_POINT('',#5602);
#2534=VERTEX_POINT('',#5606);
#2535=VERTEX_POINT('',#5610);
#2536=VERTEX_POINT('',#5614);
#2537=VERTEX_POINT('',#5618);
#2538=VERTEX_POINT('',#5622);
#2539=VERTEX_POINT('',#5624);
#2540=VERTEX_POINT('',#5626);
#2541=VERTEX_POINT('',#5628);
#2542=VERTEX_POINT('',#5630);
#2543=VERTEX_POINT('',#5632);
#2544=VERTEX_POINT('',#5636);
#2545=VERTEX_POINT('',#5637);
#2546=VERTEX_POINT('',#5639);
#2547=VERTEX_POINT('',#5641);
#2548=VERTEX_POINT('',#5645);
#2549=VERTEX_POINT('',#5646);
#2550=VERTEX_POINT('',#5648);
#2551=VERTEX_POINT('',#5650);
#2552=VERTEX_POINT('',#5654);
#2553=VERTEX_POINT('',#5655);
#2554=VERTEX_POINT('',#5657);
#2555=VERTEX_POINT('',#5659);
#2556=VERTEX_POINT('',#5663);
#2557=VERTEX_POINT('',#5664);
#2558=VERTEX_POINT('',#5666);
#2559=VERTEX_POINT('',#5668);
#2560=VERTEX_POINT('',#5672);
#2561=VERTEX_POINT('',#5673);
#2562=VERTEX_POINT('',#5675);
#2563=VERTEX_POINT('',#5677);
#2564=VERTEX_POINT('',#5681);
#2565=VERTEX_POINT('',#5682);
#2566=VERTEX_POINT('',#5684);
#2567=VERTEX_POINT('',#5686);
#2568=VERTEX_POINT('',#5690);
#2569=VERTEX_POINT('',#5691);
#2570=VERTEX_POINT('',#5693);
#2571=VERTEX_POINT('',#5695);
#2572=VERTEX_POINT('',#5699);
#2573=VERTEX_POINT('',#5700);
#2574=VERTEX_POINT('',#5702);
#2575=VERTEX_POINT('',#5704);
#2576=VERTEX_POINT('',#5708);
#2577=VERTEX_POINT('',#5709);
#2578=VERTEX_POINT('',#5711);
#2579=VERTEX_POINT('',#5713);
#2580=VERTEX_POINT('',#5717);
#2581=VERTEX_POINT('',#5718);
#2582=VERTEX_POINT('',#5720);
#2583=VERTEX_POINT('',#5722);
#2584=VERTEX_POINT('',#5726);
#2585=VERTEX_POINT('',#5727);
#2586=VERTEX_POINT('',#5729);
#2587=VERTEX_POINT('',#5731);
#2588=VERTEX_POINT('',#5735);
#2589=VERTEX_POINT('',#5736);
#2590=VERTEX_POINT('',#5738);
#2591=VERTEX_POINT('',#5740);
#2592=VERTEX_POINT('',#5744);
#2593=VERTEX_POINT('',#5745);
#2594=VERTEX_POINT('',#5747);
#2595=VERTEX_POINT('',#5749);
#2596=VERTEX_POINT('',#5753);
#2597=VERTEX_POINT('',#5754);
#2598=VERTEX_POINT('',#5756);
#2599=VERTEX_POINT('',#5758);
#2600=VERTEX_POINT('',#5762);
#2601=VERTEX_POINT('',#5763);
#2602=VERTEX_POINT('',#5765);
#2603=VERTEX_POINT('',#5767);
#2604=VERTEX_POINT('',#5771);
#2605=VERTEX_POINT('',#5772);
#2606=VERTEX_POINT('',#5774);
#2607=VERTEX_POINT('',#5776);
#2608=VERTEX_POINT('',#5780);
#2609=VERTEX_POINT('',#5781);
#2610=VERTEX_POINT('',#5783);
#2611=VERTEX_POINT('',#5785);
#2612=VERTEX_POINT('',#5789);
#2613=VERTEX_POINT('',#5790);
#2614=VERTEX_POINT('',#5792);
#2615=VERTEX_POINT('',#5794);
#2616=VERTEX_POINT('',#5798);
#2617=VERTEX_POINT('',#5799);
#2618=VERTEX_POINT('',#5801);
#2619=VERTEX_POINT('',#5803);
#2620=VERTEX_POINT('',#5807);
#2621=VERTEX_POINT('',#5808);
#2622=VERTEX_POINT('',#5810);
#2623=VERTEX_POINT('',#5812);
#2624=VERTEX_POINT('',#5816);
#2625=VERTEX_POINT('',#5817);
#2626=VERTEX_POINT('',#5819);
#2627=VERTEX_POINT('',#5821);
#2628=VERTEX_POINT('',#5825);
#2629=VERTEX_POINT('',#5826);
#2630=VERTEX_POINT('',#5828);
#2631=VERTEX_POINT('',#5830);
#2632=VERTEX_POINT('',#5834);
#2633=VERTEX_POINT('',#5835);
#2634=VERTEX_POINT('',#5837);
#2635=VERTEX_POINT('',#5839);
#2636=VERTEX_POINT('',#5843);
#2637=VERTEX_POINT('',#5844);
#2638=VERTEX_POINT('',#5846);
#2639=VERTEX_POINT('',#5848);
#2640=VERTEX_POINT('',#5852);
#2641=VERTEX_POINT('',#5853);
#2642=VERTEX_POINT('',#5855);
#2643=VERTEX_POINT('',#5857);
#2644=VERTEX_POINT('',#5861);
#2645=VERTEX_POINT('',#5863);
#2646=VERTEX_POINT('',#5866);
#2647=VERTEX_POINT('',#5868);
#2648=VERTEX_POINT('',#5870);
#2649=VERTEX_POINT('',#5872);
#2650=VERTEX_POINT('',#5873);
#2651=VERTEX_POINT('',#5875);
#2652=VERTEX_POINT('',#5877);
#2653=VERTEX_POINT('',#5879);
#2654=VERTEX_POINT('',#5881);
#2655=VERTEX_POINT('',#5885);
#2656=VERTEX_POINT('',#5886);
#2657=VERTEX_POINT('',#5888);
#2658=VERTEX_POINT('',#5890);
#2659=VERTEX_POINT('',#5903);
#2660=VERTEX_POINT('',#5905);
#2661=VERTEX_POINT('',#5909);
#2662=VERTEX_POINT('',#5910);
#2663=VERTEX_POINT('',#5924);
#2664=VERTEX_POINT('',#5926);
#2665=VERTEX_POINT('',#5930);
#2666=VERTEX_POINT('',#5931);
#2667=VERTEX_POINT('',#5945);
#2668=VERTEX_POINT('',#5947);
#2669=VERTEX_POINT('',#5951);
#2670=VERTEX_POINT('',#5952);
#2671=VERTEX_POINT('',#5966);
#2672=VERTEX_POINT('',#5968);
#2673=VERTEX_POINT('',#5972);
#2674=VERTEX_POINT('',#5973);
#2675=VERTEX_POINT('',#5987);
#2676=VERTEX_POINT('',#5989);
#2677=VERTEX_POINT('',#5993);
#2678=VERTEX_POINT('',#5994);
#2679=VERTEX_POINT('',#6008);
#2680=VERTEX_POINT('',#6010);
#2681=VERTEX_POINT('',#6014);
#2682=VERTEX_POINT('',#6015);
#2683=VERTEX_POINT('',#6029);
#2684=VERTEX_POINT('',#6031);
#2685=VERTEX_POINT('',#6035);
#2686=VERTEX_POINT('',#6036);
#2687=VERTEX_POINT('',#6050);
#2688=VERTEX_POINT('',#6052);
#2689=VERTEX_POINT('',#6056);
#2690=VERTEX_POINT('',#6057);
#2691=VERTEX_POINT('',#6071);
#2692=VERTEX_POINT('',#6073);
#2693=VERTEX_POINT('',#6077);
#2694=VERTEX_POINT('',#6078);
#2695=VERTEX_POINT('',#6092);
#2696=VERTEX_POINT('',#6094);
#2697=VERTEX_POINT('',#6098);
#2698=VERTEX_POINT('',#6099);
#2699=VERTEX_POINT('',#6113);
#2700=VERTEX_POINT('',#6115);
#2701=VERTEX_POINT('',#6119);
#2702=VERTEX_POINT('',#6120);
#2703=VERTEX_POINT('',#6134);
#2704=VERTEX_POINT('',#6136);
#2705=VERTEX_POINT('',#6140);
#2706=VERTEX_POINT('',#6141);
#2707=VERTEX_POINT('',#6155);
#2708=VERTEX_POINT('',#6157);
#2709=VERTEX_POINT('',#6161);
#2710=VERTEX_POINT('',#6162);
#2711=VERTEX_POINT('',#6176);
#2712=VERTEX_POINT('',#6178);
#2713=VERTEX_POINT('',#6182);
#2714=VERTEX_POINT('',#6183);
#2715=VERTEX_POINT('',#6197);
#2716=VERTEX_POINT('',#6199);
#2717=VERTEX_POINT('',#6203);
#2718=VERTEX_POINT('',#6204);
#2719=VERTEX_POINT('',#6218);
#2720=VERTEX_POINT('',#6220);
#2721=VERTEX_POINT('',#6224);
#2722=VERTEX_POINT('',#6225);
#2723=VERTEX_POINT('',#6239);
#2724=VERTEX_POINT('',#6241);
#2725=VERTEX_POINT('',#6245);
#2726=VERTEX_POINT('',#6246);
#2727=VERTEX_POINT('',#6260);
#2728=VERTEX_POINT('',#6262);
#2729=VERTEX_POINT('',#6266);
#2730=VERTEX_POINT('',#6267);
#2731=VERTEX_POINT('',#6281);
#2732=VERTEX_POINT('',#6283);
#2733=VERTEX_POINT('',#6287);
#2734=VERTEX_POINT('',#6288);
#2735=VERTEX_POINT('',#6302);
#2736=VERTEX_POINT('',#6304);
#2737=VERTEX_POINT('',#6308);
#2738=VERTEX_POINT('',#6309);
#2739=VERTEX_POINT('',#6323);
#2740=VERTEX_POINT('',#6325);
#2741=VERTEX_POINT('',#6329);
#2742=VERTEX_POINT('',#6330);
#2743=VERTEX_POINT('',#6344);
#2744=VERTEX_POINT('',#6346);
#2745=VERTEX_POINT('',#6350);
#2746=VERTEX_POINT('',#6351);
#2747=VERTEX_POINT('',#6365);
#2748=VERTEX_POINT('',#6367);
#2749=VERTEX_POINT('',#6371);
#2750=VERTEX_POINT('',#6372);
#2751=VERTEX_POINT('',#6386);
#2752=VERTEX_POINT('',#6388);
#2753=VERTEX_POINT('',#6392);
#2754=VERTEX_POINT('',#6393);
#2755=VERTEX_POINT('',#6404);
#2756=VERTEX_POINT('',#6406);
#2757=VERTEX_POINT('',#6407);
#2758=VERTEX_POINT('',#6412);
#2759=VERTEX_POINT('',#6414);
#2760=VERTEX_POINT('',#6427);
#2761=VERTEX_POINT('',#6429);
#2762=VERTEX_POINT('',#6432);
#2763=VERTEX_POINT('',#6435);
#2764=VERTEX_POINT('',#6438);
#2765=VERTEX_POINT('',#6441);
#2766=VERTEX_POINT('',#6444);
#2767=VERTEX_POINT('',#6446);
#2768=VERTEX_POINT('',#6448);
#2769=VERTEX_POINT('',#6450);
#2770=VERTEX_POINT('',#6451);
#2771=VERTEX_POINT('',#6453);
#2772=VERTEX_POINT('',#6455);
#2773=VERTEX_POINT('',#6457);
#2774=VERTEX_POINT('',#6459);
#2775=VERTEX_POINT('',#6463);
#2776=VERTEX_POINT('',#6464);
#2777=VERTEX_POINT('',#6466);
#2778=VERTEX_POINT('',#6468);
#2779=VERTEX_POINT('',#6472);
#2780=VERTEX_POINT('',#6474);
#2781=VERTEX_POINT('',#6477);
#2782=VERTEX_POINT('',#6479);
#2783=VERTEX_POINT('',#6482);
#2784=VERTEX_POINT('',#6484);
#2785=VERTEX_POINT('',#6487);
#2786=VERTEX_POINT('',#6489);
#2787=VERTEX_POINT('',#6492);
#2788=VERTEX_POINT('',#6494);
#2789=VERTEX_POINT('',#6497);
#2790=VERTEX_POINT('',#6499);
#2791=VERTEX_POINT('',#6502);
#2792=VERTEX_POINT('',#6504);
#2793=VERTEX_POINT('',#6508);
#2794=VERTEX_POINT('',#6509);
#2795=VERTEX_POINT('',#6514);
#2796=VERTEX_POINT('',#6515);
#2797=VERTEX_POINT('',#6520);
#2798=VERTEX_POINT('',#6521);
#2799=VERTEX_POINT('',#6526);
#2800=VERTEX_POINT('',#6527);
#2801=VERTEX_POINT('',#6532);
#2802=VERTEX_POINT('',#6534);
#2803=VERTEX_POINT('',#6617);
#2804=VERTEX_POINT('',#6620);
#2805=VERTEX_POINT('',#6633);
#2806=VERTEX_POINT('',#6635);
#2807=VERTEX_POINT('',#6639);
#2808=VERTEX_POINT('',#6643);
#2809=VERTEX_POINT('',#6647);
#2810=VERTEX_POINT('',#6651);
#2811=VERTEX_POINT('',#6662);
#2812=VERTEX_POINT('',#6675);
#2813=VERTEX_POINT('',#6688);
#2814=VERTEX_POINT('',#6701);
#2815=VERTEX_POINT('',#6714);
#2816=VERTEX_POINT('',#6720);
#2817=VERTEX_POINT('',#6731);
#2818=VERTEX_POINT('',#6744);
#2819=VERTEX_POINT('',#6757);
#2820=VERTEX_POINT('',#6770);
#2821=VERTEX_POINT('',#6783);
#2822=VERTEX_POINT('',#6796);
#2823=VERTEX_POINT('',#6809);
#2824=VERTEX_POINT('',#6815);
#2825=VERTEX_POINT('',#6822);
#2826=VERTEX_POINT('',#6824);
#2827=VERTEX_POINT('',#6828);
#2828=VERTEX_POINT('',#6832);
#2829=VERTEX_POINT('',#6836);
#2830=VERTEX_POINT('',#6840);
#2831=VERTEX_POINT('',#6844);
#2832=VERTEX_POINT('',#6848);
#2833=VERTEX_POINT('',#6862);
#2834=VERTEX_POINT('',#6866);
#2835=VERTEX_POINT('',#6877);
#2836=VERTEX_POINT('',#6883);
#2837=VERTEX_POINT('',#6887);
#2838=VERTEX_POINT('',#6891);
#2839=VERTEX_POINT('',#6895);
#2840=VERTEX_POINT('',#6899);
#2841=VERTEX_POINT('',#6903);
#2842=VERTEX_POINT('',#6914);
#2843=VERTEX_POINT('',#6927);
#2844=VERTEX_POINT('',#6940);
#2845=VERTEX_POINT('',#6953);
#2846=VERTEX_POINT('',#6966);
#2847=VERTEX_POINT('',#6979);
#2848=VERTEX_POINT('',#6985);
#2849=VERTEX_POINT('',#6996);
#2850=VERTEX_POINT('',#7009);
#2851=VERTEX_POINT('',#7022);
#2852=CIRCLE('',#4144,0.00135);
#2853=CIRCLE('',#4145,0.00135);
#2854=CIRCLE('',#4146,0.00135);
#2855=CIRCLE('',#4147,0.00135);
#2856=CIRCLE('',#4148,0.00135);
#2857=CIRCLE('',#4149,0.00135);
#2858=CIRCLE('',#4150,0.00245);
#2859=CIRCLE('',#4151,0.00312878863574801);
#2860=CIRCLE('',#4152,0.0564569206581624);
#2861=CIRCLE('',#4153,0.00312878863574801);
#2862=CIRCLE('',#4154,0.0564569206581624);
#2863=CIRCLE('',#4156,0.00265);
#2864=CIRCLE('',#4157,0.00264999999999975);
#2865=CIRCLE('',#4159,0.00265);
#2866=CIRCLE('',#4160,0.00265);
#2867=CIRCLE('',#4162,0.00265);
#2868=CIRCLE('',#4163,0.00264999999999987);
#2869=CIRCLE('',#4165,0.00265);
#2870=CIRCLE('',#4166,0.0026499999999999);
#2871=CIRCLE('',#4168,0.00265);
#2872=CIRCLE('',#4169,0.00264999999999995);
#2873=CIRCLE('',#4171,0.00265);
#2874=CIRCLE('',#4172,0.00264999999999989);
#2875=CIRCLE('',#4174,0.00265);
#2876=CIRCLE('',#4175,0.00264999999999991);
#2877=CIRCLE('',#4177,0.00265);
#2878=CIRCLE('',#4178,0.00265000000000009);
#2879=CIRCLE('',#4180,0.00265);
#2880=CIRCLE('',#4181,0.00264999999999975);
#2881=CIRCLE('',#4183,0.00265);
#2882=CIRCLE('',#4184,0.00264999999999977);
#2883=CIRCLE('',#4186,0.00265);
#2884=CIRCLE('',#4187,0.0026499999999998);
#2885=CIRCLE('',#4189,0.00265);
#2886=CIRCLE('',#4190,0.00264999999999981);
#2887=CIRCLE('',#4192,0.00265);
#2888=CIRCLE('',#4193,0.00264999999999995);
#2889=CIRCLE('',#4195,0.00265);
#2890=CIRCLE('',#4196,0.00265000000000008);
#2891=CIRCLE('',#4198,0.00265);
#2892=CIRCLE('',#4199,0.00265000000000006);
#2893=CIRCLE('',#4201,0.00265);
#2894=CIRCLE('',#4202,0.00264999999999951);
#2895=CIRCLE('',#4204,0.00265);
#2896=CIRCLE('',#4205,0.00265000000000011);
#2897=CIRCLE('',#4207,0.00265);
#2898=CIRCLE('',#4208,0.00265000000000011);
#2899=CIRCLE('',#4210,0.00265);
#2900=CIRCLE('',#4211,0.00264999999999947);
#2901=CIRCLE('',#4213,0.00265);
#2902=CIRCLE('',#4214,0.00265);
#2903=CIRCLE('',#4216,0.00265);
#2904=CIRCLE('',#4217,0.00264999999999987);
#2905=CIRCLE('',#4219,0.00265);
#2906=CIRCLE('',#4220,0.00265000000000008);
#2907=CIRCLE('',#4222,0.00265);
#2908=CIRCLE('',#4223,0.00264999999999982);
#2909=CIRCLE('',#4225,0.00265);
#2910=CIRCLE('',#4226,0.00265);
#2911=CIRCLE('',#4228,0.00265);
#2912=CIRCLE('',#4229,0.00264999999999978);
#2913=CIRCLE('',#4231,0.001225);
#2914=CIRCLE('',#4232,0.001225);
#2915=CIRCLE('',#4234,0.0015);
#2916=CIRCLE('',#4235,0.0015);
#2917=CIRCLE('',#4236,0.0015);
#2918=CIRCLE('',#4237,0.0564569206581624);
#2919=CIRCLE('',#4238,0.00475);
#2920=CIRCLE('',#4239,0.0564569206581624);
#2921=CIRCLE('',#4240,0.00312878863574801);
#2922=CIRCLE('',#4242,0.00304999999999986);
#2923=CIRCLE('',#4243,0.00304999999999986);
#2924=CIRCLE('',#4247,0.00304999999999901);
#2925=CIRCLE('',#4248,0.00304999999999901);
#2926=CIRCLE('',#4252,0.00304999999999937);
#2927=CIRCLE('',#4253,0.00304999999999937);
#2928=CIRCLE('',#4257,0.00304999999999851);
#2929=CIRCLE('',#4258,0.00304999999999851);
#2930=CIRCLE('',#4262,0.00304999999999962);
#2931=CIRCLE('',#4263,0.00304999999999962);
#2932=CIRCLE('',#4267,0.00304999999999965);
#2933=CIRCLE('',#4268,0.00304999999999965);
#2934=CIRCLE('',#4272,0.00304999999999855);
#2935=CIRCLE('',#4273,0.00304999999999855);
#2936=CIRCLE('',#4277,0.00304999999999975);
#2937=CIRCLE('',#4278,0.00304999999999975);
#2938=CIRCLE('',#4282,0.00304999999999885);
#2939=CIRCLE('',#4283,0.00304999999999885);
#2940=CIRCLE('',#4287,0.00304999999999984);
#2941=CIRCLE('',#4288,0.00304999999999984);
#2942=CIRCLE('',#4292,0.00304999999999991);
#2943=CIRCLE('',#4293,0.00304999999999991);
#2944=CIRCLE('',#4297,0.00304999999999914);
#2945=CIRCLE('',#4298,0.00304999999999914);
#2946=CIRCLE('',#4302,0.00304999999999937);
#2947=CIRCLE('',#4303,0.00304999999999937);
#2948=CIRCLE('',#4307,0.00304999999999855);
#2949=CIRCLE('',#4308,0.00304999999999855);
#2950=CIRCLE('',#4312,0.00304999999999881);
#2951=CIRCLE('',#4313,0.00304999999999881);
#2952=CIRCLE('',#4317,0.00304999999999949);
#2953=CIRCLE('',#4318,0.00304999999999949);
#2954=CIRCLE('',#4322,0.00304999999999907);
#2955=CIRCLE('',#4323,0.00304999999999907);
#2956=CIRCLE('',#4327,0.00304999999999817);
#2957=CIRCLE('',#4328,0.00304999999999817);
#2958=CIRCLE('',#4332,0.00304999999999913);
#2959=CIRCLE('',#4333,0.00304999999999913);
#2960=CIRCLE('',#4337,0.00304999999999925);
#2961=CIRCLE('',#4338,0.00304999999999925);
#2962=CIRCLE('',#4342,0.00304999999999825);
#2963=CIRCLE('',#4343,0.00304999999999825);
#2964=CIRCLE('',#4347,0.00304999999999922);
#2965=CIRCLE('',#4348,0.00304999999999922);
#2966=CIRCLE('',#4352,0.0030499999999993);
#2967=CIRCLE('',#4353,0.0030499999999993);
#2968=CIRCLE('',#4357,0.00304999999999992);
#2969=CIRCLE('',#4358,0.00304999999999992);
#2970=CIRCLE('',#4362,0.00304999999999987);
#2971=CIRCLE('',#4363,0.00304999999999987);
#2972=CIRCLE('',#4366,0.00465);
#2973=CIRCLE('',#4367,0.00465);
#2974=CIRCLE('',#4368,0.00465);
#2975=CIRCLE('',#4371,0.0031);
#2976=CIRCLE('',#4372,0.0044);
#2977=CIRCLE('',#4374,0.00255);
#2978=CIRCLE('',#4376,0.00255);
#2979=CIRCLE('',#4378,0.00245);
#2980=CIRCLE('',#4380,0.00245);
#2981=CIRCLE('',#4382,0.0015);
#2982=CIRCLE('',#4383,0.0015);
#2983=CIRCLE('',#4384,0.0015);
#2984=CIRCLE('',#4385,0.0564569206581624);
#2985=CIRCLE('',#4386,0.00475);
#2986=CIRCLE('',#4387,0.0564569206581624);
#2987=CIRCLE('',#4388,0.00312878863574801);
#2988=CIRCLE('',#4391,0.00125);
#2989=CIRCLE('',#4392,0.00125);
#2990=CIRCLE('',#4394,0.00125);
#2991=CIRCLE('',#4395,0.00125);
#2992=CIRCLE('',#4397,0.00125);
#2993=CIRCLE('',#4398,0.00125);
#2994=CIRCLE('',#4400,0.00125);
#2995=CIRCLE('',#4401,0.00125);
#2996=CIRCLE('',#4403,0.00125);
#2997=CIRCLE('',#4404,0.00125);
#2998=CIRCLE('',#4406,0.00125);
#2999=CIRCLE('',#4407,0.00125);
#3000=CIRCLE('',#4409,0.0567069206581624);
#3001=CIRCLE('',#4410,0.0567069206581624);
#3002=CIRCLE('',#4413,0.00337878863574801);
#3003=CIRCLE('',#4414,0.00337878863574801);
#3004=CIRCLE('',#4417,0.0567069206581624);
#3005=CIRCLE('',#4418,0.0567069206581624);
#3006=CIRCLE('',#4421,0.00337878863574801);
#3007=CIRCLE('',#4422,0.00337878863574801);
#3008=CIRCLE('',#4448,0.00235);
#3009=CIRCLE('',#4450,0.00245);
#3010=EDGE_LOOP('',(#847));
#3011=EDGE_LOOP('',(#848));
#3012=EDGE_LOOP('',(#849));
#3013=EDGE_LOOP('',(#850));
#3014=EDGE_LOOP('',(#851));
#3015=EDGE_LOOP('',(#852));
#3016=EDGE_LOOP('',(#853));
#3017=EDGE_LOOP('',(#854,#855,#856,#857,#858,#859,#860,#861));
#3018=EDGE_LOOP('',(#862,#863,#864,#865,#866,#867,#868,#869,#870,#871,#872,
#873,#874,#875,#876,#877,#878,#879,#880,#881));
#3019=EDGE_LOOP('',(#882,#883,#884,#885,#886,#887,#888,#889));
#3020=EDGE_LOOP('',(#890,#891,#892,#893,#894,#895,#896,#897,#898,#899,#900,
#901,#902,#903,#904,#905,#906,#907,#908));
#3021=EDGE_LOOP('',(#909,#910,#911,#912));
#3022=EDGE_LOOP('',(#913,#914,#915,#916));
#3023=EDGE_LOOP('',(#917,#918,#919,#920));
#3024=EDGE_LOOP('',(#921,#922,#923,#924));
#3025=EDGE_LOOP('',(#925,#926,#927,#928));
#3026=EDGE_LOOP('',(#929,#930,#931,#932));
#3027=EDGE_LOOP('',(#933,#934,#935,#936));
#3028=EDGE_LOOP('',(#937,#938,#939,#940));
#3029=EDGE_LOOP('',(#941,#942,#943,#944));
#3030=EDGE_LOOP('',(#945,#946,#947,#948));
#3031=EDGE_LOOP('',(#949,#950,#951,#952));
#3032=EDGE_LOOP('',(#953,#954,#955,#956));
#3033=EDGE_LOOP('',(#957,#958,#959,#960));
#3034=EDGE_LOOP('',(#961,#962,#963,#964));
#3035=EDGE_LOOP('',(#965,#966,#967,#968));
#3036=EDGE_LOOP('',(#969,#970,#971,#972));
#3037=EDGE_LOOP('',(#973,#974,#975,#976));
#3038=EDGE_LOOP('',(#977,#978,#979,#980));
#3039=EDGE_LOOP('',(#981,#982,#983,#984));
#3040=EDGE_LOOP('',(#985,#986,#987,#988));
#3041=EDGE_LOOP('',(#989,#990,#991,#992));
#3042=EDGE_LOOP('',(#993,#994,#995,#996));
#3043=EDGE_LOOP('',(#997,#998,#999,#1000));
#3044=EDGE_LOOP('',(#1001,#1002,#1003,#1004));
#3045=EDGE_LOOP('',(#1005,#1006,#1007,#1008));
#3046=EDGE_LOOP('',(#1009));
#3047=EDGE_LOOP('',(#1010));
#3048=EDGE_LOOP('',(#1011));
#3049=EDGE_LOOP('',(#1012));
#3050=EDGE_LOOP('',(#1013));
#3051=EDGE_LOOP('',(#1014,#1015,#1016,#1017,#1018,#1019));
#3052=EDGE_LOOP('',(#1020,#1021,#1022,#1023));
#3053=EDGE_LOOP('',(#1024,#1025,#1026,#1027));
#3054=EDGE_LOOP('',(#1028,#1029,#1030,#1031));
#3055=EDGE_LOOP('',(#1032,#1033,#1034,#1035));
#3056=EDGE_LOOP('',(#1036,#1037,#1038,#1039));
#3057=EDGE_LOOP('',(#1040,#1041,#1042,#1043));
#3058=EDGE_LOOP('',(#1044,#1045,#1046,#1047));
#3059=EDGE_LOOP('',(#1048,#1049,#1050,#1051));
#3060=EDGE_LOOP('',(#1052,#1053,#1054,#1055));
#3061=EDGE_LOOP('',(#1056,#1057,#1058,#1059));
#3062=EDGE_LOOP('',(#1060,#1061,#1062,#1063));
#3063=EDGE_LOOP('',(#1064,#1065,#1066,#1067));
#3064=EDGE_LOOP('',(#1068,#1069,#1070,#1071));
#3065=EDGE_LOOP('',(#1072,#1073,#1074,#1075));
#3066=EDGE_LOOP('',(#1076,#1077,#1078,#1079));
#3067=EDGE_LOOP('',(#1080,#1081,#1082,#1083));
#3068=EDGE_LOOP('',(#1084,#1085,#1086,#1087));
#3069=EDGE_LOOP('',(#1088,#1089,#1090,#1091));
#3070=EDGE_LOOP('',(#1092,#1093,#1094,#1095));
#3071=EDGE_LOOP('',(#1096,#1097,#1098,#1099));
#3072=EDGE_LOOP('',(#1100,#1101,#1102,#1103));
#3073=EDGE_LOOP('',(#1104,#1105,#1106,#1107));
#3074=EDGE_LOOP('',(#1108,#1109,#1110,#1111));
#3075=EDGE_LOOP('',(#1112,#1113,#1114,#1115));
#3076=EDGE_LOOP('',(#1116,#1117,#1118,#1119));
#3077=EDGE_LOOP('',(#1120,#1121,#1122,#1123));
#3078=EDGE_LOOP('',(#1124,#1125,#1126,#1127));
#3079=EDGE_LOOP('',(#1128,#1129,#1130,#1131));
#3080=EDGE_LOOP('',(#1132,#1133,#1134,#1135));
#3081=EDGE_LOOP('',(#1136,#1137,#1138,#1139));
#3082=EDGE_LOOP('',(#1140,#1141,#1142,#1143));
#3083=EDGE_LOOP('',(#1144,#1145,#1146,#1147));
#3084=EDGE_LOOP('',(#1148,#1149,#1150,#1151));
#3085=EDGE_LOOP('',(#1152,#1153,#1154,#1155));
#3086=EDGE_LOOP('',(#1156,#1157,#1158,#1159));
#3087=EDGE_LOOP('',(#1160,#1161,#1162,#1163));
#3088=EDGE_LOOP('',(#1164,#1165,#1166,#1167));
#3089=EDGE_LOOP('',(#1168,#1169,#1170,#1171));
#3090=EDGE_LOOP('',(#1172,#1173,#1174,#1175));
#3091=EDGE_LOOP('',(#1176,#1177,#1178,#1179));
#3092=EDGE_LOOP('',(#1180,#1181,#1182,#1183));
#3093=EDGE_LOOP('',(#1184,#1185,#1186,#1187));
#3094=EDGE_LOOP('',(#1188,#1189,#1190,#1191));
#3095=EDGE_LOOP('',(#1192,#1193,#1194,#1195));
#3096=EDGE_LOOP('',(#1196,#1197,#1198,#1199));
#3097=EDGE_LOOP('',(#1200,#1201,#1202,#1203));
#3098=EDGE_LOOP('',(#1204,#1205,#1206,#1207));
#3099=EDGE_LOOP('',(#1208,#1209,#1210,#1211));
#3100=EDGE_LOOP('',(#1212,#1213,#1214,#1215));
#3101=EDGE_LOOP('',(#1216,#1217,#1218,#1219));
#3102=EDGE_LOOP('',(#1220,#1221,#1222,#1223));
#3103=EDGE_LOOP('',(#1224,#1225,#1226,#1227));
#3104=EDGE_LOOP('',(#1228,#1229,#1230,#1231));
#3105=EDGE_LOOP('',(#1232,#1233,#1234,#1235));
#3106=EDGE_LOOP('',(#1236,#1237,#1238,#1239));
#3107=EDGE_LOOP('',(#1240,#1241,#1242,#1243));
#3108=EDGE_LOOP('',(#1244,#1245,#1246,#1247));
#3109=EDGE_LOOP('',(#1248,#1249,#1250,#1251));
#3110=EDGE_LOOP('',(#1252,#1253,#1254,#1255));
#3111=EDGE_LOOP('',(#1256,#1257,#1258,#1259));
#3112=EDGE_LOOP('',(#1260,#1261,#1262,#1263));
#3113=EDGE_LOOP('',(#1264,#1265,#1266,#1267));
#3114=EDGE_LOOP('',(#1268,#1269,#1270,#1271));
#3115=EDGE_LOOP('',(#1272,#1273,#1274,#1275));
#3116=EDGE_LOOP('',(#1276,#1277,#1278,#1279));
#3117=EDGE_LOOP('',(#1280,#1281,#1282,#1283));
#3118=EDGE_LOOP('',(#1284,#1285,#1286,#1287));
#3119=EDGE_LOOP('',(#1288,#1289,#1290,#1291));
#3120=EDGE_LOOP('',(#1292,#1293,#1294,#1295));
#3121=EDGE_LOOP('',(#1296,#1297,#1298,#1299));
#3122=EDGE_LOOP('',(#1300,#1301,#1302,#1303));
#3123=EDGE_LOOP('',(#1304,#1305,#1306,#1307));
#3124=EDGE_LOOP('',(#1308,#1309,#1310,#1311));
#3125=EDGE_LOOP('',(#1312,#1313,#1314,#1315));
#3126=EDGE_LOOP('',(#1316));
#3127=EDGE_LOOP('',(#1317,#1318,#1319,#1320));
#3128=EDGE_LOOP('',(#1321,#1322,#1323,#1324));
#3129=EDGE_LOOP('',(#1325));
#3130=EDGE_LOOP('',(#1326));
#3131=EDGE_LOOP('',(#1327));
#3132=EDGE_LOOP('',(#1328,#1329,#1330,#1331,#1332,#1333,#1334,#1335,#1336,
#1337,#1338,#1339,#1340,#1341,#1342,#1343,#1344,#1345,#1346,#1347,#1348,
#1349,#1350,#1351,#1352,#1353,#1354,#1355,#1356,#1357,#1358,#1359,#1360,
#1361,#1362,#1363,#1364,#1365,#1366,#1367,#1368,#1369,#1370,#1371,#1372,
#1373,#1374,#1375,#1376,#1377,#1378,#1379,#1380,#1381,#1382,#1383,#1384,
#1385,#1386,#1387,#1388,#1389,#1390,#1391,#1392,#1393,#1394,#1395,#1396,
#1397,#1398,#1399,#1400,#1401,#1402,#1403,#1404,#1405,#1406,#1407,#1408,
#1409,#1410,#1411,#1412,#1413,#1414,#1415,#1416,#1417,#1418,#1419,#1420,
#1421,#1422,#1423,#1424,#1425,#1426,#1427));
#3133=EDGE_LOOP('',(#1428));
#3134=EDGE_LOOP('',(#1429));
#3135=EDGE_LOOP('',(#1430));
#3136=EDGE_LOOP('',(#1431));
#3137=EDGE_LOOP('',(#1432));
#3138=EDGE_LOOP('',(#1433));
#3139=EDGE_LOOP('',(#1434));
#3140=EDGE_LOOP('',(#1435));
#3141=EDGE_LOOP('',(#1436));
#3142=EDGE_LOOP('',(#1437,#1438,#1439,#1440,#1441,#1442));
#3143=EDGE_LOOP('',(#1443,#1444,#1445,#1446));
#3144=EDGE_LOOP('',(#1447));
#3145=EDGE_LOOP('',(#1448));
#3146=EDGE_LOOP('',(#1449));
#3147=EDGE_LOOP('',(#1450));
#3148=EDGE_LOOP('',(#1451));
#3149=EDGE_LOOP('',(#1452));
#3150=EDGE_LOOP('',(#1453));
#3151=EDGE_LOOP('',(#1454));
#3152=EDGE_LOOP('',(#1455));
#3153=EDGE_LOOP('',(#1456));
#3154=EDGE_LOOP('',(#1457));
#3155=EDGE_LOOP('',(#1458));
#3156=EDGE_LOOP('',(#1459,#1460,#1461,#1462));
#3157=EDGE_LOOP('',(#1463,#1464,#1465,#1466));
#3158=EDGE_LOOP('',(#1467,#1468,#1469,#1470));
#3159=EDGE_LOOP('',(#1471,#1472,#1473,#1474));
#3160=EDGE_LOOP('',(#1475,#1476,#1477,#1478));
#3161=EDGE_LOOP('',(#1479,#1480,#1481,#1482));
#3162=EDGE_LOOP('',(#1483,#1484,#1485,#1486));
#3163=EDGE_LOOP('',(#1487));
#3164=EDGE_LOOP('',(#1488));
#3165=EDGE_LOOP('',(#1489));
#3166=EDGE_LOOP('',(#1490));
#3167=EDGE_LOOP('',(#1491));
#3168=EDGE_LOOP('',(#1492));
#3169=EDGE_LOOP('',(#1493));
#3170=EDGE_LOOP('',(#1494));
#3171=EDGE_LOOP('',(#1495,#1496,#1497,#1498));
#3172=EDGE_LOOP('',(#1499,#1500,#1501,#1502,#1503,#1504,#1505,#1506));
#3173=EDGE_LOOP('',(#1507,#1508,#1509,#1510));
#3174=EDGE_LOOP('',(#1511,#1512,#1513,#1514));
#3175=EDGE_LOOP('',(#1515,#1516,#1517,#1518));
#3176=EDGE_LOOP('',(#1519,#1520,#1521,#1522));
#3177=EDGE_LOOP('',(#1523,#1524,#1525,#1526,#1527,#1528,#1529,#1530));
#3178=EDGE_LOOP('',(#1531,#1532,#1533,#1534));
#3179=EDGE_LOOP('',(#1535));
#3180=EDGE_LOOP('',(#1536));
#3181=EDGE_LOOP('',(#1537));
#3182=EDGE_LOOP('',(#1538));
#3183=EDGE_LOOP('',(#1539));
#3184=EDGE_LOOP('',(#1540));
#3185=EDGE_LOOP('',(#1541,#1542,#1543,#1544));
#3186=EDGE_LOOP('',(#1545,#1546,#1547,#1548));
#3187=EDGE_LOOP('',(#1549,#1550,#1551,#1552));
#3188=EDGE_LOOP('',(#1553,#1554,#1555,#1556));
#3189=EDGE_LOOP('',(#1557,#1558,#1559,#1560));
#3190=EDGE_LOOP('',(#1561,#1562,#1563,#1564));
#3191=EDGE_LOOP('',(#1565,#1566,#1567,#1568));
#3192=EDGE_LOOP('',(#1569,#1570,#1571,#1572));
#3193=EDGE_LOOP('',(#1573));
#3194=EDGE_LOOP('',(#1574));
#3195=EDGE_LOOP('',(#1575));
#3196=EDGE_LOOP('',(#1576));
#3197=EDGE_LOOP('',(#1577));
#3198=EDGE_LOOP('',(#1578));
#3199=EDGE_LOOP('',(#1579));
#3200=EDGE_LOOP('',(#1580));
#3201=EDGE_LOOP('',(#1581));
#3202=EDGE_LOOP('',(#1582));
#3203=EDGE_LOOP('',(#1583));
#3204=EDGE_LOOP('',(#1584));
#3205=EDGE_LOOP('',(#1585));
#3206=EDGE_LOOP('',(#1586));
#3207=EDGE_LOOP('',(#1587));
#3208=EDGE_LOOP('',(#1588));
#3209=EDGE_LOOP('',(#1589));
#3210=EDGE_LOOP('',(#1590));
#3211=EDGE_LOOP('',(#1591));
#3212=EDGE_LOOP('',(#1592));
#3213=EDGE_LOOP('',(#1593,#1594,#1595,#1596));
#3214=EDGE_LOOP('',(#1597,#1598,#1599,#1600));
#3215=EDGE_LOOP('',(#1601,#1602,#1603,#1604,#1605,#1606,#1607,#1608,#1609,
#1610,#1611,#1612,#1613,#1614,#1615,#1616,#1617,#1618,#1619,#1620,#1621,
#1622,#1623,#1624,#1625,#1626,#1627,#1628,#1629,#1630,#1631,#1632,#1633,
#1634,#1635,#1636,#1637,#1638,#1639,#1640,#1641,#1642,#1643,#1644,#1645,
#1646,#1647,#1648,#1649,#1650,#1651,#1652,#1653,#1654,#1655,#1656,#1657,
#1658,#1659,#1660,#1661,#1662,#1663,#1664,#1665,#1666,#1667,#1668,#1669,
#1670,#1671,#1672,#1673,#1674,#1675,#1676,#1677,#1678,#1679,#1680,#1681,
#1682,#1683,#1684,#1685,#1686,#1687,#1688,#1689,#1690,#1691,#1692,#1693,
#1694,#1695,#1696,#1697,#1698,#1699,#1700));
#3216=EDGE_LOOP('',(#1701));
#3217=EDGE_LOOP('',(#1702,#1703,#1704,#1705));
#3218=EDGE_LOOP('',(#1706,#1707,#1708,#1709));
#3219=EDGE_LOOP('',(#1710,#1711,#1712,#1713));
#3220=EDGE_LOOP('',(#1714,#1715,#1716,#1717));
#3221=EDGE_LOOP('',(#1718,#1719,#1720,#1721));
#3222=EDGE_LOOP('',(#1722,#1723,#1724,#1725));
#3223=EDGE_LOOP('',(#1726,#1727,#1728,#1729));
#3224=EDGE_LOOP('',(#1730,#1731,#1732,#1733));
#3225=EDGE_LOOP('',(#1734,#1735,#1736,#1737));
#3226=EDGE_LOOP('',(#1738,#1739,#1740,#1741));
#3227=EDGE_LOOP('',(#1742,#1743,#1744,#1745));
#3228=EDGE_LOOP('',(#1746,#1747,#1748,#1749));
#3229=EDGE_LOOP('',(#1750,#1751,#1752,#1753));
#3230=EDGE_LOOP('',(#1754,#1755,#1756,#1757));
#3231=EDGE_LOOP('',(#1758,#1759,#1760,#1761));
#3232=EDGE_LOOP('',(#1762,#1763,#1764,#1765));
#3233=EDGE_LOOP('',(#1766,#1767,#1768,#1769));
#3234=EDGE_LOOP('',(#1770,#1771,#1772,#1773));
#3235=EDGE_LOOP('',(#1774,#1775,#1776,#1777));
#3236=EDGE_LOOP('',(#1778,#1779,#1780,#1781));
#3237=EDGE_LOOP('',(#1782,#1783,#1784,#1785,#1786,#1787,#1788,#1789,#1790,
#1791,#1792,#1793,#1794,#1795,#1796,#1797,#1798,#1799,#1800,#1801));
#3238=EDGE_LOOP('',(#1802,#1803,#1804,#1805));
#3239=EDGE_LOOP('',(#1806,#1807,#1808,#1809));
#3240=EDGE_LOOP('',(#1810,#1811,#1812,#1813));
#3241=EDGE_LOOP('',(#1814,#1815,#1816,#1817));
#3242=EDGE_LOOP('',(#1818,#1819,#1820,#1821));
#3243=EDGE_LOOP('',(#1822,#1823,#1824,#1825));
#3244=EDGE_LOOP('',(#1826,#1827,#1828,#1829));
#3245=EDGE_LOOP('',(#1830,#1831,#1832,#1833));
#3246=EDGE_LOOP('',(#1834,#1835,#1836,#1837,#1838,#1839,#1840,#1841));
#3247=EDGE_LOOP('',(#1842,#1843,#1844,#1845));
#3248=EDGE_LOOP('',(#1846,#1847,#1848,#1849));
#3249=EDGE_LOOP('',(#1850,#1851,#1852,#1853));
#3250=EDGE_LOOP('',(#1854,#1855,#1856,#1857));
#3251=EDGE_LOOP('',(#1858,#1859,#1860,#1861));
#3252=EDGE_LOOP('',(#1862,#1863,#1864,#1865));
#3253=EDGE_LOOP('',(#1866,#1867,#1868,#1869));
#3254=EDGE_LOOP('',(#1870,#1871,#1872,#1873));
#3255=EDGE_LOOP('',(#1874,#1875,#1876,#1877));
#3256=EDGE_LOOP('',(#1878,#1879,#1880,#1881));
#3257=EDGE_LOOP('',(#1882,#1883,#1884,#1885));
#3258=EDGE_LOOP('',(#1886,#1887,#1888,#1889));
#3259=EDGE_LOOP('',(#1890,#1891,#1892,#1893));
#3260=EDGE_LOOP('',(#1894,#1895,#1896,#1897));
#3261=EDGE_LOOP('',(#1898,#1899,#1900,#1901));
#3262=EDGE_LOOP('',(#1902,#1903,#1904,#1905));
#3263=EDGE_LOOP('',(#1906,#1907,#1908,#1909));
#3264=EDGE_LOOP('',(#1910,#1911,#1912,#1913));
#3265=EDGE_LOOP('',(#1914,#1915,#1916,#1917));
#3266=EDGE_LOOP('',(#1918,#1919,#1920,#1921,#1922,#1923,#1924,#1925,#1926,
#1927,#1928,#1929,#1930,#1931,#1932,#1933,#1934,#1935,#1936));
#3267=FACE_BOUND('',#3010,.T.);
#3268=FACE_BOUND('',#3011,.T.);
#3269=FACE_BOUND('',#3012,.T.);
#3270=FACE_BOUND('',#3013,.T.);
#3271=FACE_BOUND('',#3014,.T.);
#3272=FACE_BOUND('',#3015,.T.);
#3273=FACE_BOUND('',#3016,.T.);
#3274=FACE_BOUND('',#3017,.T.);
#3275=FACE_BOUND('',#3018,.T.);
#3276=FACE_BOUND('',#3019,.T.);
#3277=FACE_BOUND('',#3020,.T.);
#3278=FACE_BOUND('',#3021,.T.);
#3279=FACE_BOUND('',#3022,.T.);
#3280=FACE_BOUND('',#3023,.T.);
#3281=FACE_BOUND('',#3024,.T.);
#3282=FACE_BOUND('',#3025,.T.);
#3283=FACE_BOUND('',#3026,.T.);
#3284=FACE_BOUND('',#3027,.T.);
#3285=FACE_BOUND('',#3028,.T.);
#3286=FACE_BOUND('',#3029,.T.);
#3287=FACE_BOUND('',#3030,.T.);
#3288=FACE_BOUND('',#3031,.T.);
#3289=FACE_BOUND('',#3032,.T.);
#3290=FACE_BOUND('',#3033,.T.);
#3291=FACE_BOUND('',#3034,.T.);
#3292=FACE_BOUND('',#3035,.T.);
#3293=FACE_BOUND('',#3036,.T.);
#3294=FACE_BOUND('',#3037,.T.);
#3295=FACE_BOUND('',#3038,.T.);
#3296=FACE_BOUND('',#3039,.T.);
#3297=FACE_BOUND('',#3040,.T.);
#3298=FACE_BOUND('',#3041,.T.);
#3299=FACE_BOUND('',#3042,.T.);
#3300=FACE_BOUND('',#3043,.T.);
#3301=FACE_BOUND('',#3044,.T.);
#3302=FACE_BOUND('',#3045,.T.);
#3303=FACE_BOUND('',#3046,.T.);
#3304=FACE_BOUND('',#3047,.T.);
#3305=FACE_BOUND('',#3048,.T.);
#3306=FACE_BOUND('',#3049,.T.);
#3307=FACE_BOUND('',#3050,.T.);
#3308=FACE_BOUND('',#3051,.T.);
#3309=FACE_BOUND('',#3052,.T.);
#3310=FACE_BOUND('',#3053,.T.);
#3311=FACE_BOUND('',#3054,.T.);
#3312=FACE_BOUND('',#3055,.T.);
#3313=FACE_BOUND('',#3056,.T.);
#3314=FACE_BOUND('',#3057,.T.);
#3315=FACE_BOUND('',#3058,.T.);
#3316=FACE_BOUND('',#3059,.T.);
#3317=FACE_BOUND('',#3060,.T.);
#3318=FACE_BOUND('',#3061,.T.);
#3319=FACE_BOUND('',#3062,.T.);
#3320=FACE_BOUND('',#3063,.T.);
#3321=FACE_BOUND('',#3064,.T.);
#3322=FACE_BOUND('',#3065,.T.);
#3323=FACE_BOUND('',#3066,.T.);
#3324=FACE_BOUND('',#3067,.T.);
#3325=FACE_BOUND('',#3068,.T.);
#3326=FACE_BOUND('',#3069,.T.);
#3327=FACE_BOUND('',#3070,.T.);
#3328=FACE_BOUND('',#3071,.T.);
#3329=FACE_BOUND('',#3072,.T.);
#3330=FACE_BOUND('',#3073,.T.);
#3331=FACE_BOUND('',#3074,.T.);
#3332=FACE_BOUND('',#3075,.T.);
#3333=FACE_BOUND('',#3076,.T.);
#3334=FACE_BOUND('',#3077,.T.);
#3335=FACE_BOUND('',#3078,.T.);
#3336=FACE_BOUND('',#3079,.T.);
#3337=FACE_BOUND('',#3080,.T.);
#3338=FACE_BOUND('',#3081,.T.);
#3339=FACE_BOUND('',#3082,.T.);
#3340=FACE_BOUND('',#3083,.T.);
#3341=FACE_BOUND('',#3084,.T.);
#3342=FACE_BOUND('',#3085,.T.);
#3343=FACE_BOUND('',#3086,.T.);
#3344=FACE_BOUND('',#3087,.T.);
#3345=FACE_BOUND('',#3088,.T.);
#3346=FACE_BOUND('',#3089,.T.);
#3347=FACE_BOUND('',#3090,.T.);
#3348=FACE_BOUND('',#3091,.T.);
#3349=FACE_BOUND('',#3092,.T.);
#3350=FACE_BOUND('',#3093,.T.);
#3351=FACE_BOUND('',#3094,.T.);
#3352=FACE_BOUND('',#3095,.T.);
#3353=FACE_BOUND('',#3096,.T.);
#3354=FACE_BOUND('',#3097,.T.);
#3355=FACE_BOUND('',#3098,.T.);
#3356=FACE_BOUND('',#3099,.T.);
#3357=FACE_BOUND('',#3100,.T.);
#3358=FACE_BOUND('',#3101,.T.);
#3359=FACE_BOUND('',#3102,.T.);
#3360=FACE_BOUND('',#3103,.T.);
#3361=FACE_BOUND('',#3104,.T.);
#3362=FACE_BOUND('',#3105,.T.);
#3363=FACE_BOUND('',#3106,.T.);
#3364=FACE_BOUND('',#3107,.T.);
#3365=FACE_BOUND('',#3108,.T.);
#3366=FACE_BOUND('',#3109,.T.);
#3367=FACE_BOUND('',#3110,.T.);
#3368=FACE_BOUND('',#3111,.T.);
#3369=FACE_BOUND('',#3112,.T.);
#3370=FACE_BOUND('',#3113,.T.);
#3371=FACE_BOUND('',#3114,.T.);
#3372=FACE_BOUND('',#3115,.T.);
#3373=FACE_BOUND('',#3116,.T.);
#3374=FACE_BOUND('',#3117,.T.);
#3375=FACE_BOUND('',#3118,.T.);
#3376=FACE_BOUND('',#3119,.T.);
#3377=FACE_BOUND('',#3120,.T.);
#3378=FACE_BOUND('',#3121,.T.);
#3379=FACE_BOUND('',#3122,.T.);
#3380=FACE_BOUND('',#3123,.T.);
#3381=FACE_BOUND('',#3124,.T.);
#3382=FACE_BOUND('',#3125,.T.);
#3383=FACE_BOUND('',#3126,.T.);
#3384=FACE_BOUND('',#3127,.T.);
#3385=FACE_BOUND('',#3128,.T.);
#3386=FACE_BOUND('',#3129,.T.);
#3387=FACE_BOUND('',#3130,.T.);
#3388=FACE_BOUND('',#3131,.T.);
#3389=FACE_BOUND('',#3132,.T.);
#3390=FACE_BOUND('',#3133,.T.);
#3391=FACE_BOUND('',#3134,.T.);
#3392=FACE_BOUND('',#3135,.T.);
#3393=FACE_BOUND('',#3136,.T.);
#3394=FACE_BOUND('',#3137,.T.);
#3395=FACE_BOUND('',#3138,.T.);
#3396=FACE_BOUND('',#3139,.T.);
#3397=FACE_BOUND('',#3140,.T.);
#3398=FACE_BOUND('',#3141,.T.);
#3399=FACE_BOUND('',#3142,.T.);
#3400=FACE_BOUND('',#3143,.T.);
#3401=FACE_BOUND('',#3144,.T.);
#3402=FACE_BOUND('',#3145,.T.);
#3403=FACE_BOUND('',#3146,.T.);
#3404=FACE_BOUND('',#3147,.T.);
#3405=FACE_BOUND('',#3148,.T.);
#3406=FACE_BOUND('',#3149,.T.);
#3407=FACE_BOUND('',#3150,.T.);
#3408=FACE_BOUND('',#3151,.T.);
#3409=FACE_BOUND('',#3152,.T.);
#3410=FACE_BOUND('',#3153,.T.);
#3411=FACE_BOUND('',#3154,.T.);
#3412=FACE_BOUND('',#3155,.T.);
#3413=FACE_BOUND('',#3156,.T.);
#3414=FACE_BOUND('',#3157,.T.);
#3415=FACE_BOUND('',#3158,.T.);
#3416=FACE_BOUND('',#3159,.T.);
#3417=FACE_BOUND('',#3160,.T.);
#3418=FACE_BOUND('',#3161,.T.);
#3419=FACE_BOUND('',#3162,.T.);
#3420=FACE_BOUND('',#3163,.T.);
#3421=FACE_BOUND('',#3164,.T.);
#3422=FACE_BOUND('',#3165,.T.);
#3423=FACE_BOUND('',#3166,.T.);
#3424=FACE_BOUND('',#3167,.T.);
#3425=FACE_BOUND('',#3168,.T.);
#3426=FACE_BOUND('',#3169,.T.);
#3427=FACE_BOUND('',#3170,.T.);
#3428=FACE_BOUND('',#3171,.T.);
#3429=FACE_BOUND('',#3172,.T.);
#3430=FACE_BOUND('',#3173,.T.);
#3431=FACE_BOUND('',#3174,.T.);
#3432=FACE_BOUND('',#3175,.T.);
#3433=FACE_BOUND('',#3176,.T.);
#3434=FACE_BOUND('',#3177,.T.);
#3435=FACE_BOUND('',#3178,.T.);
#3436=FACE_BOUND('',#3179,.T.);
#3437=FACE_BOUND('',#3180,.T.);
#3438=FACE_BOUND('',#3181,.T.);
#3439=FACE_BOUND('',#3182,.T.);
#3440=FACE_BOUND('',#3183,.T.);
#3441=FACE_BOUND('',#3184,.T.);
#3442=FACE_BOUND('',#3185,.T.);
#3443=FACE_BOUND('',#3186,.T.);
#3444=FACE_BOUND('',#3187,.T.);
#3445=FACE_BOUND('',#3188,.T.);
#3446=FACE_BOUND('',#3189,.T.);
#3447=FACE_BOUND('',#3190,.T.);
#3448=FACE_BOUND('',#3191,.T.);
#3449=FACE_BOUND('',#3192,.T.);
#3450=FACE_BOUND('',#3193,.T.);
#3451=FACE_BOUND('',#3194,.T.);
#3452=FACE_BOUND('',#3195,.T.);
#3453=FACE_BOUND('',#3196,.T.);
#3454=FACE_BOUND('',#3197,.T.);
#3455=FACE_BOUND('',#3198,.T.);
#3456=FACE_BOUND('',#3199,.T.);
#3457=FACE_BOUND('',#3200,.T.);
#3458=FACE_BOUND('',#3201,.T.);
#3459=FACE_BOUND('',#3202,.T.);
#3460=FACE_BOUND('',#3203,.T.);
#3461=FACE_BOUND('',#3204,.T.);
#3462=FACE_BOUND('',#3205,.T.);
#3463=FACE_BOUND('',#3206,.T.);
#3464=FACE_BOUND('',#3207,.T.);
#3465=FACE_BOUND('',#3208,.T.);
#3466=FACE_BOUND('',#3209,.T.);
#3467=FACE_BOUND('',#3210,.T.);
#3468=FACE_BOUND('',#3211,.T.);
#3469=FACE_BOUND('',#3212,.T.);
#3470=FACE_BOUND('',#3213,.T.);
#3471=FACE_BOUND('',#3214,.T.);
#3472=FACE_BOUND('',#3215,.T.);
#3473=FACE_BOUND('',#3216,.T.);
#3474=FACE_BOUND('',#3217,.T.);
#3475=FACE_BOUND('',#3218,.T.);
#3476=FACE_BOUND('',#3219,.T.);
#3477=FACE_BOUND('',#3220,.T.);
#3478=FACE_BOUND('',#3221,.T.);
#3479=FACE_BOUND('',#3222,.T.);
#3480=FACE_BOUND('',#3223,.T.);
#3481=FACE_BOUND('',#3224,.T.);
#3482=FACE_BOUND('',#3225,.T.);
#3483=FACE_BOUND('',#3226,.T.);
#3484=FACE_BOUND('',#3227,.T.);
#3485=FACE_BOUND('',#3228,.T.);
#3486=FACE_BOUND('',#3229,.T.);
#3487=FACE_BOUND('',#3230,.T.);
#3488=FACE_BOUND('',#3231,.T.);
#3489=FACE_BOUND('',#3232,.T.);
#3490=FACE_BOUND('',#3233,.T.);
#3491=FACE_BOUND('',#3234,.T.);
#3492=FACE_BOUND('',#3235,.T.);
#3493=FACE_BOUND('',#3236,.T.);
#3494=FACE_BOUND('',#3237,.T.);
#3495=FACE_BOUND('',#3238,.T.);
#3496=FACE_BOUND('',#3239,.T.);
#3497=FACE_BOUND('',#3240,.T.);
#3498=FACE_BOUND('',#3241,.T.);
#3499=FACE_BOUND('',#3242,.T.);
#3500=FACE_BOUND('',#3243,.T.);
#3501=FACE_BOUND('',#3244,.T.);
#3502=FACE_BOUND('',#3245,.T.);
#3503=FACE_BOUND('',#3246,.T.);
#3504=FACE_BOUND('',#3247,.T.);
#3505=FACE_BOUND('',#3248,.T.);
#3506=FACE_BOUND('',#3249,.T.);
#3507=FACE_BOUND('',#3250,.T.);
#3508=FACE_BOUND('',#3251,.T.);
#3509=FACE_BOUND('',#3252,.T.);
#3510=FACE_BOUND('',#3253,.T.);
#3511=FACE_BOUND('',#3254,.T.);
#3512=FACE_BOUND('',#3255,.T.);
#3513=FACE_BOUND('',#3256,.T.);
#3514=FACE_BOUND('',#3257,.T.);
#3515=FACE_BOUND('',#3258,.T.);
#3516=FACE_BOUND('',#3259,.T.);
#3517=FACE_BOUND('',#3260,.T.);
#3518=FACE_BOUND('',#3261,.T.);
#3519=FACE_BOUND('',#3262,.T.);
#3520=FACE_BOUND('',#3263,.T.);
#3521=FACE_BOUND('',#3264,.T.);
#3522=FACE_BOUND('',#3265,.T.);
#3523=FACE_BOUND('',#3266,.T.);
#3524=PLANE('',#4143);
#3525=PLANE('',#4233);
#3526=PLANE('',#4244);
#3527=PLANE('',#4245);
#3528=PLANE('',#4249);
#3529=PLANE('',#4250);
#3530=PLANE('',#4254);
#3531=PLANE('',#4255);
#3532=PLANE('',#4259);
#3533=PLANE('',#4260);
#3534=PLANE('',#4264);
#3535=PLANE('',#4265);
#3536=PLANE('',#4269);
#3537=PLANE('',#4270);
#3538=PLANE('',#4274);
#3539=PLANE('',#4275);
#3540=PLANE('',#4279);
#3541=PLANE('',#4280);
#3542=PLANE('',#4284);
#3543=PLANE('',#4285);
#3544=PLANE('',#4289);
#3545=PLANE('',#4290);
#3546=PLANE('',#4294);
#3547=PLANE('',#4295);
#3548=PLANE('',#4299);
#3549=PLANE('',#4300);
#3550=PLANE('',#4304);
#3551=PLANE('',#4305);
#3552=PLANE('',#4309);
#3553=PLANE('',#4310);
#3554=PLANE('',#4314);
#3555=PLANE('',#4315);
#3556=PLANE('',#4319);
#3557=PLANE('',#4320);
#3558=PLANE('',#4324);
#3559=PLANE('',#4325);
#3560=PLANE('',#4329);
#3561=PLANE('',#4330);
#3562=PLANE('',#4334);
#3563=PLANE('',#4335);
#3564=PLANE('',#4339);
#3565=PLANE('',#4340);
#3566=PLANE('',#4344);
#3567=PLANE('',#4345);
#3568=PLANE('',#4349);
#3569=PLANE('',#4350);
#3570=PLANE('',#4354);
#3571=PLANE('',#4355);
#3572=PLANE('',#4359);
#3573=PLANE('',#4360);
#3574=PLANE('',#4364);
#3575=PLANE('',#4369);
#3576=PLANE('',#4370);
#3577=PLANE('',#4373);
#3578=PLANE('',#4377);
#3579=PLANE('',#4381);
#3580=PLANE('',#4389);
#3581=PLANE('',#4411);
#3582=PLANE('',#4415);
#3583=PLANE('',#4419);
#3584=PLANE('',#4423);
#3585=PLANE('',#4427);
#3586=PLANE('',#4430);
#3587=PLANE('',#4431);
#3588=PLANE('',#4434);
#3589=PLANE('',#4438);
#3590=PLANE('',#4441);
#3591=PLANE('',#4442);
#3592=PLANE('',#4445);
#3593=PLANE('',#4447);
#3594=PLANE('',#4461);
#3595=PLANE('',#4462);
#3596=PLANE('',#4463);
#3597=PLANE('',#4464);
#3598=PLANE('',#4465);
#3599=PLANE('',#4466);
#3600=PLANE('',#4467);
#3601=PLANE('',#4468);
#3602=PLANE('',#4469);
#3603=PLANE('',#4470);
#3604=PLANE('',#4471);
#3605=PLANE('',#4472);
#3606=PLANE('',#4473);
#3607=PLANE('',#4474);
#3608=PLANE('',#4475);
#3609=PLANE('',#4476);
#3610=PLANE('',#4477);
#3611=PLANE('',#4478);
#3612=PLANE('',#4479);
#3613=PLANE('',#4480);
#3614=PLANE('',#4481);
#3615=PLANE('',#4482);
#3616=PLANE('',#4483);
#3617=PLANE('',#4484);
#3618=PLANE('',#4485);
#3619=PLANE('',#4486);
#3620=ADVANCED_FACE('',(#3267,#3268,#3269,#3270,#3271,#3272,#3273,#3274,
#3275,#3276,#3277),#3524,.T.);
#3621=ADVANCED_FACE('',(#3278),#112,.F.);
#3622=ADVANCED_FACE('',(#3279),#113,.F.);
#3623=ADVANCED_FACE('',(#3280),#114,.F.);
#3624=ADVANCED_FACE('',(#3281),#115,.F.);
#3625=ADVANCED_FACE('',(#3282),#116,.F.);
#3626=ADVANCED_FACE('',(#3283),#117,.F.);
#3627=ADVANCED_FACE('',(#3284),#118,.F.);
#3628=ADVANCED_FACE('',(#3285),#119,.F.);
#3629=ADVANCED_FACE('',(#3286),#120,.F.);
#3630=ADVANCED_FACE('',(#3287),#121,.F.);
#3631=ADVANCED_FACE('',(#3288),#122,.F.);
#3632=ADVANCED_FACE('',(#3289),#123,.F.);
#3633=ADVANCED_FACE('',(#3290),#124,.F.);
#3634=ADVANCED_FACE('',(#3291),#125,.F.);
#3635=ADVANCED_FACE('',(#3292),#126,.F.);
#3636=ADVANCED_FACE('',(#3293),#127,.F.);
#3637=ADVANCED_FACE('',(#3294),#128,.F.);
#3638=ADVANCED_FACE('',(#3295),#129,.F.);
#3639=ADVANCED_FACE('',(#3296),#130,.F.);
#3640=ADVANCED_FACE('',(#3297),#131,.F.);
#3641=ADVANCED_FACE('',(#3298),#132,.F.);
#3642=ADVANCED_FACE('',(#3299),#133,.F.);
#3643=ADVANCED_FACE('',(#3300),#134,.F.);
#3644=ADVANCED_FACE('',(#3301),#135,.F.);
#3645=ADVANCED_FACE('',(#3302),#136,.F.);
#3646=ADVANCED_FACE('',(#3303,#3304),#137,.F.);
#3647=ADVANCED_FACE('',(#3305,#3306,#3307,#3308),#3525,.F.);
#3648=ADVANCED_FACE('',(#3309),#138,.F.);
#3649=ADVANCED_FACE('',(#3310),#3526,.T.);
#3650=ADVANCED_FACE('',(#3311),#3527,.T.);
#3651=ADVANCED_FACE('',(#3312),#139,.F.);
#3652=ADVANCED_FACE('',(#3313),#3528,.T.);
#3653=ADVANCED_FACE('',(#3314),#3529,.T.);
#3654=ADVANCED_FACE('',(#3315),#140,.F.);
#3655=ADVANCED_FACE('',(#3316),#3530,.T.);
#3656=ADVANCED_FACE('',(#3317),#3531,.T.);
#3657=ADVANCED_FACE('',(#3318),#141,.F.);
#3658=ADVANCED_FACE('',(#3319),#3532,.T.);
#3659=ADVANCED_FACE('',(#3320),#3533,.T.);
#3660=ADVANCED_FACE('',(#3321),#142,.F.);
#3661=ADVANCED_FACE('',(#3322),#3534,.T.);
#3662=ADVANCED_FACE('',(#3323),#3535,.T.);
#3663=ADVANCED_FACE('',(#3324),#143,.F.);
#3664=ADVANCED_FACE('',(#3325),#3536,.T.);
#3665=ADVANCED_FACE('',(#3326),#3537,.T.);
#3666=ADVANCED_FACE('',(#3327),#144,.F.);
#3667=ADVANCED_FACE('',(#3328),#3538,.T.);
#3668=ADVANCED_FACE('',(#3329),#3539,.T.);
#3669=ADVANCED_FACE('',(#3330),#145,.F.);
#3670=ADVANCED_FACE('',(#3331),#3540,.T.);
#3671=ADVANCED_FACE('',(#3332),#3541,.T.);
#3672=ADVANCED_FACE('',(#3333),#146,.F.);
#3673=ADVANCED_FACE('',(#3334),#3542,.T.);
#3674=ADVANCED_FACE('',(#3335),#3543,.T.);
#3675=ADVANCED_FACE('',(#3336),#147,.F.);
#3676=ADVANCED_FACE('',(#3337),#3544,.T.);
#3677=ADVANCED_FACE('',(#3338),#3545,.T.);
#3678=ADVANCED_FACE('',(#3339),#148,.F.);
#3679=ADVANCED_FACE('',(#3340),#3546,.T.);
#3680=ADVANCED_FACE('',(#3341),#3547,.T.);
#3681=ADVANCED_FACE('',(#3342),#149,.F.);
#3682=ADVANCED_FACE('',(#3343),#3548,.T.);
#3683=ADVANCED_FACE('',(#3344),#3549,.T.);
#3684=ADVANCED_FACE('',(#3345),#150,.F.);
#3685=ADVANCED_FACE('',(#3346),#3550,.T.);
#3686=ADVANCED_FACE('',(#3347),#3551,.T.);
#3687=ADVANCED_FACE('',(#3348),#151,.F.);
#3688=ADVANCED_FACE('',(#3349),#3552,.T.);
#3689=ADVANCED_FACE('',(#3350),#3553,.T.);
#3690=ADVANCED_FACE('',(#3351),#152,.F.);
#3691=ADVANCED_FACE('',(#3352),#3554,.T.);
#3692=ADVANCED_FACE('',(#3353),#3555,.T.);
#3693=ADVANCED_FACE('',(#3354),#153,.F.);
#3694=ADVANCED_FACE('',(#3355),#3556,.T.);
#3695=ADVANCED_FACE('',(#3356),#3557,.T.);
#3696=ADVANCED_FACE('',(#3357),#154,.F.);
#3697=ADVANCED_FACE('',(#3358),#3558,.T.);
#3698=ADVANCED_FACE('',(#3359),#3559,.T.);
#3699=ADVANCED_FACE('',(#3360),#155,.F.);
#3700=ADVANCED_FACE('',(#3361),#3560,.T.);
#3701=ADVANCED_FACE('',(#3362),#3561,.T.);
#3702=ADVANCED_FACE('',(#3363),#156,.F.);
#3703=ADVANCED_FACE('',(#3364),#3562,.T.);
#3704=ADVANCED_FACE('',(#3365),#3563,.T.);
#3705=ADVANCED_FACE('',(#3366),#157,.F.);
#3706=ADVANCED_FACE('',(#3367),#3564,.T.);
#3707=ADVANCED_FACE('',(#3368),#3565,.T.);
#3708=ADVANCED_FACE('',(#3369),#158,.F.);
#3709=ADVANCED_FACE('',(#3370),#3566,.T.);
#3710=ADVANCED_FACE('',(#3371),#3567,.T.);
#3711=ADVANCED_FACE('',(#3372),#159,.F.);
#3712=ADVANCED_FACE('',(#3373),#3568,.T.);
#3713=ADVANCED_FACE('',(#3374),#3569,.T.);
#3714=ADVANCED_FACE('',(#3375),#160,.F.);
#3715=ADVANCED_FACE('',(#3376),#3570,.T.);
#3716=ADVANCED_FACE('',(#3377),#3571,.T.);
#3717=ADVANCED_FACE('',(#3378),#161,.F.);
#3718=ADVANCED_FACE('',(#3379),#3572,.T.);
#3719=ADVANCED_FACE('',(#3380),#3573,.T.);
#3720=ADVANCED_FACE('',(#3381),#162,.F.);
#3721=ADVANCED_FACE('',(#3382),#3574,.T.);
#3722=ADVANCED_FACE('',(#3383,#3384),#163,.T.);
#3723=ADVANCED_FACE('',(#3385),#3575,.T.);
#3724=ADVANCED_FACE('',(#3386,#3387),#3576,.T.);
#3725=ADVANCED_FACE('',(#3388,#3389),#3577,.F.);
#3726=ADVANCED_FACE('',(#3390,#3391),#164,.F.);
#3727=ADVANCED_FACE('',(#3392,#3393),#3578,.F.);
#3728=ADVANCED_FACE('',(#3394,#3395),#165,.F.);
#3729=ADVANCED_FACE('',(#3396,#3397,#3398,#3399),#3579,.F.);
#3730=ADVANCED_FACE('',(#3400),#3580,.T.);
#3731=ADVANCED_FACE('',(#3401,#3402),#166,.F.);
#3732=ADVANCED_FACE('',(#3403,#3404),#167,.F.);
#3733=ADVANCED_FACE('',(#3405,#3406),#168,.F.);
#3734=ADVANCED_FACE('',(#3407,#3408),#169,.F.);
#3735=ADVANCED_FACE('',(#3409,#3410),#170,.F.);
#3736=ADVANCED_FACE('',(#3411,#3412),#171,.F.);
#3737=ADVANCED_FACE('',(#3413),#172,.T.);
#3738=ADVANCED_FACE('',(#3414),#3581,.F.);
#3739=ADVANCED_FACE('',(#3415),#173,.T.);
#3740=ADVANCED_FACE('',(#3416),#3582,.T.);
#3741=ADVANCED_FACE('',(#3417),#174,.T.);
#3742=ADVANCED_FACE('',(#3418),#3583,.F.);
#3743=ADVANCED_FACE('',(#3419),#175,.T.);
#3744=ADVANCED_FACE('',(#3420,#3421),#3584,.F.);
#3745=ADVANCED_FACE('',(#3422,#3423),#90,.F.);
#3746=ADVANCED_FACE('',(#3424,#3425),#91,.F.);
#3747=ADVANCED_FACE('',(#3426,#3427),#92,.F.);
#3748=ADVANCED_FACE('',(#3428),#3585,.F.);
#3749=ADVANCED_FACE('',(#3429),#93,.T.);
#3750=ADVANCED_FACE('',(#3430),#94,.T.);
#3751=ADVANCED_FACE('',(#3431),#3586,.T.);
#3752=ADVANCED_FACE('',(#3432),#3587,.T.);
#3753=ADVANCED_FACE('',(#3433),#95,.T.);
#3754=ADVANCED_FACE('',(#3434),#96,.T.);
#3755=ADVANCED_FACE('',(#3435),#3588,.F.);
#3756=ADVANCED_FACE('',(#3436,#3437),#97,.F.);
#3757=ADVANCED_FACE('',(#3438,#3439),#98,.F.);
#3758=ADVANCED_FACE('',(#3440,#3441),#99,.F.);
#3759=ADVANCED_FACE('',(#3442),#3589,.T.);
#3760=ADVANCED_FACE('',(#3443),#100,.T.);
#3761=ADVANCED_FACE('',(#3444),#101,.T.);
#3762=ADVANCED_FACE('',(#3445),#3590,.F.);
#3763=ADVANCED_FACE('',(#3446),#3591,.F.);
#3764=ADVANCED_FACE('',(#3447),#102,.T.);
#3765=ADVANCED_FACE('',(#3448),#103,.T.);
#3766=ADVANCED_FACE('',(#3449),#3592,.T.);
#3767=ADVANCED_FACE('',(#3450,#3451),#104,.T.);
#3768=ADVANCED_FACE('',(#3452,#3453),#3593,.T.);
#3769=ADVANCED_FACE('',(#3454,#3455),#176,.F.);
#3770=ADVANCED_FACE('',(#3456,#3457),#105,.F.);
#3771=ADVANCED_FACE('',(#3458,#3459),#106,.F.);
#3772=ADVANCED_FACE('',(#3460,#3461),#107,.F.);
#3773=ADVANCED_FACE('',(#3462,#3463),#108,.F.);
#3774=ADVANCED_FACE('',(#3464,#3465),#109,.F.);
#3775=ADVANCED_FACE('',(#3466,#3467),#110,.F.);
#3776=ADVANCED_FACE('',(#3468,#3469),#87,.F.);
#3777=ADVANCED_FACE('',(#3470),#88,.F.);
#3778=ADVANCED_FACE('',(#3471),#89,.F.);
#3779=ADVANCED_FACE('',(#3472,#3473),#111,.F.);
#3780=ADVANCED_FACE('Face appearance 1',(#3474),#3594,.T.);
#3781=ADVANCED_FACE('Face appearance 1',(#3475),#3595,.T.);
#3782=ADVANCED_FACE('Face appearance 1',(#3476),#3596,.T.);
#3783=ADVANCED_FACE('Face appearance 1',(#3477),#3597,.T.);
#3784=ADVANCED_FACE('Face appearance 1',(#3478),#3598,.T.);
#3785=ADVANCED_FACE('Face appearance 1',(#3479),#12,.T.);
#3786=ADVANCED_FACE('Face appearance 1',(#3480),#13,.T.);
#3787=ADVANCED_FACE('Face appearance 1',(#3481),#14,.T.);
#3788=ADVANCED_FACE('Face appearance 1',(#3482),#15,.T.);
#3789=ADVANCED_FACE('Face appearance 1',(#3483),#16,.T.);
#3790=ADVANCED_FACE('Face appearance 1',(#3484),#3599,.T.);
#3791=ADVANCED_FACE('Face appearance 1',(#3485),#17,.T.);
#3792=ADVANCED_FACE('Face appearance 1',(#3486),#18,.T.);
#3793=ADVANCED_FACE('Face appearance 1',(#3487),#19,.T.);
#3794=ADVANCED_FACE('Face appearance 1',(#3488),#20,.T.);
#3795=ADVANCED_FACE('Face appearance 1',(#3489),#21,.T.);
#3796=ADVANCED_FACE('Face appearance 1',(#3490),#22,.T.);
#3797=ADVANCED_FACE('Face appearance 1',(#3491),#23,.T.);
#3798=ADVANCED_FACE('Face appearance 1',(#3492),#3600,.T.);
#3799=ADVANCED_FACE('Face appearance 1',(#3493),#3601,.T.);
#3800=ADVANCED_FACE('Face appearance 1',(#3494),#3602,.T.);
#3801=ADVANCED_FACE('Face appearance 1',(#3495),#3603,.T.);
#3802=ADVANCED_FACE('Face appearance 1',(#3496),#3604,.T.);
#3803=ADVANCED_FACE('Face appearance 1',(#3497),#3605,.T.);
#3804=ADVANCED_FACE('Face appearance 1',(#3498),#3606,.T.);
#3805=ADVANCED_FACE('Face appearance 1',(#3499),#3607,.T.);
#3806=ADVANCED_FACE('Face appearance 1',(#3500),#3608,.T.);
#3807=ADVANCED_FACE('Face appearance 1',(#3501),#3609,.T.);
#3808=ADVANCED_FACE('Face appearance 1',(#3502),#3610,.T.);
#3809=ADVANCED_FACE('Face appearance 1',(#3503),#3611,.T.);
#3810=ADVANCED_FACE('Face appearance 1',(#3504),#24,.T.);
#3811=ADVANCED_FACE('Face appearance 1',(#3505),#25,.T.);
#3812=ADVANCED_FACE('Face appearance 1',(#3506),#3612,.T.);
#3813=ADVANCED_FACE('Face appearance 1',(#3507),#3613,.T.);
#3814=ADVANCED_FACE('Face appearance 1',(#3508),#3614,.T.);
#3815=ADVANCED_FACE('Face appearance 1',(#3509),#3615,.T.);
#3816=ADVANCED_FACE('Face appearance 1',(#3510),#3616,.T.);
#3817=ADVANCED_FACE('Face appearance 1',(#3511),#3617,.T.);
#3818=ADVANCED_FACE('Face appearance 1',(#3512),#26,.T.);
#3819=ADVANCED_FACE('Face appearance 1',(#3513),#27,.T.);
#3820=ADVANCED_FACE('Face appearance 1',(#3514),#28,.T.);
#3821=ADVANCED_FACE('Face appearance 1',(#3515),#29,.T.);
#3822=ADVANCED_FACE('Face appearance 1',(#3516),#30,.T.);
#3823=ADVANCED_FACE('Face appearance 1',(#3517),#31,.T.);
#3824=ADVANCED_FACE('Face appearance 1',(#3518),#3618,.T.);
#3825=ADVANCED_FACE('Face appearance 1',(#3519),#32,.T.);
#3826=ADVANCED_FACE('Face appearance 1',(#3520),#33,.T.);
#3827=ADVANCED_FACE('Face appearance 1',(#3521),#34,.T.);
#3828=ADVANCED_FACE('Face appearance 1',(#3522),#35,.T.);
#3829=ADVANCED_FACE('Face appearance 1',(#3523),#3619,.T.);
#3830=CLOSED_SHELL('',(#3620,#3621,#3622,#3623,#3624,#3625,#3626,#3627,
#3628,#3629,#3630,#3631,#3632,#3633,#3634,#3635,#3636,#3637,#3638,#3639,
#3640,#3641,#3642,#3643,#3644,#3645,#3646,#3647,#3648,#3649,#3650,#3651,
#3652,#3653,#3654,#3655,#3656,#3657,#3658,#3659,#3660,#3661,#3662,#3663,
#3664,#3665,#3666,#3667,#3668,#3669,#3670,#3671,#3672,#3673,#3674,#3675,
#3676,#3677,#3678,#3679,#3680,#3681,#3682,#3683,#3684,#3685,#3686,#3687,
#3688,#3689,#3690,#3691,#3692,#3693,#3694,#3695,#3696,#3697,#3698,#3699,
#3700,#3701,#3702,#3703,#3704,#3705,#3706,#3707,#3708,#3709,#3710,#3711,
#3712,#3713,#3714,#3715,#3716,#3717,#3718,#3719,#3720,#3721,#3722,#3723,
#3724,#3725,#3726,#3727,#3728,#3729,#3730,#3731,#3732,#3733,#3734,#3735,
#3736,#3737,#3738,#3739,#3740,#3741,#3742,#3743,#3744,#3745,#3746,#3747,
#3748,#3749,#3750,#3751,#3752,#3753,#3754,#3755,#3756,#3757,#3758,#3759,
#3760,#3761,#3762,#3763,#3764,#3765,#3766,#3767,#3768,#3769,#3770,#3771,
#3772,#3773,#3774,#3775,#3776,#3777,#3778,#3779,#3780,#3781,#3782,#3783,
#3784,#3785,#3786,#3787,#3788,#3789,#3790,#3791,#3792,#3793,#3794,#3795,
#3796,#3797,#3798,#3799,#3800,#3801,#3802,#3803,#3804,#3805,#3806,#3807,
#3808,#3809,#3810,#3811,#3812,#3813,#3814,#3815,#3816,#3817,#3818,#3819,
#3820,#3821,#3822,#3823,#3824,#3825,#3826,#3827,#3828,#3829));
#3831=STYLED_ITEM('',(#3832),#4139);
#3832=PRESENTATION_STYLE_ASSIGNMENT((#3883));
#3833=PRESENTATION_STYLE_ASSIGNMENT((#3884));
#3834=PRESENTATION_STYLE_ASSIGNMENT((#3885));
#3835=PRESENTATION_STYLE_ASSIGNMENT((#3886));
#3836=PRESENTATION_STYLE_ASSIGNMENT((#3887));
#3837=PRESENTATION_STYLE_ASSIGNMENT((#3888));
#3838=PRESENTATION_STYLE_ASSIGNMENT((#3889));
#3839=PRESENTATION_STYLE_ASSIGNMENT((#3890));
#3840=PRESENTATION_STYLE_ASSIGNMENT((#3891));
#3841=PRESENTATION_STYLE_ASSIGNMENT((#3892));
#3842=PRESENTATION_STYLE_ASSIGNMENT((#3893));
#3843=PRESENTATION_STYLE_ASSIGNMENT((#3894));
#3844=PRESENTATION_STYLE_ASSIGNMENT((#3895));
#3845=PRESENTATION_STYLE_ASSIGNMENT((#3896));
#3846=PRESENTATION_STYLE_ASSIGNMENT((#3897));
#3847=PRESENTATION_STYLE_ASSIGNMENT((#3898));
#3848=PRESENTATION_STYLE_ASSIGNMENT((#3899));
#3849=PRESENTATION_STYLE_ASSIGNMENT((#3900));
#3850=PRESENTATION_STYLE_ASSIGNMENT((#3901));
#3851=PRESENTATION_STYLE_ASSIGNMENT((#3902));
#3852=PRESENTATION_STYLE_ASSIGNMENT((#3903));
#3853=PRESENTATION_STYLE_ASSIGNMENT((#3904));
#3854=PRESENTATION_STYLE_ASSIGNMENT((#3905));
#3855=PRESENTATION_STYLE_ASSIGNMENT((#3906));
#3856=PRESENTATION_STYLE_ASSIGNMENT((#3907));
#3857=PRESENTATION_STYLE_ASSIGNMENT((#3908));
#3858=PRESENTATION_STYLE_ASSIGNMENT((#3909));
#3859=PRESENTATION_STYLE_ASSIGNMENT((#3910));
#3860=PRESENTATION_STYLE_ASSIGNMENT((#3911));
#3861=PRESENTATION_STYLE_ASSIGNMENT((#3912));
#3862=PRESENTATION_STYLE_ASSIGNMENT((#3913));
#3863=PRESENTATION_STYLE_ASSIGNMENT((#3914));
#3864=PRESENTATION_STYLE_ASSIGNMENT((#3915));
#3865=PRESENTATION_STYLE_ASSIGNMENT((#3916));
#3866=PRESENTATION_STYLE_ASSIGNMENT((#3917));
#3867=PRESENTATION_STYLE_ASSIGNMENT((#3918));
#3868=PRESENTATION_STYLE_ASSIGNMENT((#3919));
#3869=PRESENTATION_STYLE_ASSIGNMENT((#3920));
#3870=PRESENTATION_STYLE_ASSIGNMENT((#3921));
#3871=PRESENTATION_STYLE_ASSIGNMENT((#3922));
#3872=PRESENTATION_STYLE_ASSIGNMENT((#3923));
#3873=PRESENTATION_STYLE_ASSIGNMENT((#3924));
#3874=PRESENTATION_STYLE_ASSIGNMENT((#3925));
#3875=PRESENTATION_STYLE_ASSIGNMENT((#3926));
#3876=PRESENTATION_STYLE_ASSIGNMENT((#3927));
#3877=PRESENTATION_STYLE_ASSIGNMENT((#3928));
#3878=PRESENTATION_STYLE_ASSIGNMENT((#3929));
#3879=PRESENTATION_STYLE_ASSIGNMENT((#3930));
#3880=PRESENTATION_STYLE_ASSIGNMENT((#3931));
#3881=PRESENTATION_STYLE_ASSIGNMENT((#3932));
#3882=PRESENTATION_STYLE_ASSIGNMENT((#3933));
#3883=SURFACE_STYLE_USAGE(.BOTH.,#3934);
#3884=SURFACE_STYLE_USAGE(.BOTH.,#3935);
#3885=SURFACE_STYLE_USAGE(.BOTH.,#3936);
#3886=SURFACE_STYLE_USAGE(.BOTH.,#3937);
#3887=SURFACE_STYLE_USAGE(.BOTH.,#3938);
#3888=SURFACE_STYLE_USAGE(.BOTH.,#3939);
#3889=SURFACE_STYLE_USAGE(.BOTH.,#3940);
#3890=SURFACE_STYLE_USAGE(.BOTH.,#3941);
#3891=SURFACE_STYLE_USAGE(.BOTH.,#3942);
#3892=SURFACE_STYLE_USAGE(.BOTH.,#3943);
#3893=SURFACE_STYLE_USAGE(.BOTH.,#3944);
#3894=SURFACE_STYLE_USAGE(.BOTH.,#3945);
#3895=SURFACE_STYLE_USAGE(.BOTH.,#3946);
#3896=SURFACE_STYLE_USAGE(.BOTH.,#3947);
#3897=SURFACE_STYLE_USAGE(.BOTH.,#3948);
#3898=SURFACE_STYLE_USAGE(.BOTH.,#3949);
#3899=SURFACE_STYLE_USAGE(.BOTH.,#3950);
#3900=SURFACE_STYLE_USAGE(.BOTH.,#3951);
#3901=SURFACE_STYLE_USAGE(.BOTH.,#3952);
#3902=SURFACE_STYLE_USAGE(.BOTH.,#3953);
#3903=SURFACE_STYLE_USAGE(.BOTH.,#3954);
#3904=SURFACE_STYLE_USAGE(.BOTH.,#3955);
#3905=SURFACE_STYLE_USAGE(.BOTH.,#3956);
#3906=SURFACE_STYLE_USAGE(.BOTH.,#3957);
#3907=SURFACE_STYLE_USAGE(.BOTH.,#3958);
#3908=SURFACE_STYLE_USAGE(.BOTH.,#3959);
#3909=SURFACE_STYLE_USAGE(.BOTH.,#3960);
#3910=SURFACE_STYLE_USAGE(.BOTH.,#3961);
#3911=SURFACE_STYLE_USAGE(.BOTH.,#3962);
#3912=SURFACE_STYLE_USAGE(.BOTH.,#3963);
#3913=SURFACE_STYLE_USAGE(.BOTH.,#3964);
#3914=SURFACE_STYLE_USAGE(.BOTH.,#3965);
#3915=SURFACE_STYLE_USAGE(.BOTH.,#3966);
#3916=SURFACE_STYLE_USAGE(.BOTH.,#3967);
#3917=SURFACE_STYLE_USAGE(.BOTH.,#3968);
#3918=SURFACE_STYLE_USAGE(.BOTH.,#3969);
#3919=SURFACE_STYLE_USAGE(.BOTH.,#3970);
#3920=SURFACE_STYLE_USAGE(.BOTH.,#3971);
#3921=SURFACE_STYLE_USAGE(.BOTH.,#3972);
#3922=SURFACE_STYLE_USAGE(.BOTH.,#3973);
#3923=SURFACE_STYLE_USAGE(.BOTH.,#3974);
#3924=SURFACE_STYLE_USAGE(.BOTH.,#3975);
#3925=SURFACE_STYLE_USAGE(.BOTH.,#3976);
#3926=SURFACE_STYLE_USAGE(.BOTH.,#3977);
#3927=SURFACE_STYLE_USAGE(.BOTH.,#3978);
#3928=SURFACE_STYLE_USAGE(.BOTH.,#3979);
#3929=SURFACE_STYLE_USAGE(.BOTH.,#3980);
#3930=SURFACE_STYLE_USAGE(.BOTH.,#3981);
#3931=SURFACE_STYLE_USAGE(.BOTH.,#3982);
#3932=SURFACE_STYLE_USAGE(.BOTH.,#3983);
#3933=SURFACE_STYLE_USAGE(.BOTH.,#3984);
#3934=SURFACE_SIDE_STYLE('',(#3985));
#3935=SURFACE_SIDE_STYLE('',(#3986));
#3936=SURFACE_SIDE_STYLE('',(#3987));
#3937=SURFACE_SIDE_STYLE('',(#3988));
#3938=SURFACE_SIDE_STYLE('',(#3989));
#3939=SURFACE_SIDE_STYLE('',(#3990));
#3940=SURFACE_SIDE_STYLE('',(#3991));
#3941=SURFACE_SIDE_STYLE('',(#3992));
#3942=SURFACE_SIDE_STYLE('',(#3993));
#3943=SURFACE_SIDE_STYLE('',(#3994));
#3944=SURFACE_SIDE_STYLE('',(#3995));
#3945=SURFACE_SIDE_STYLE('',(#3996));
#3946=SURFACE_SIDE_STYLE('',(#3997));
#3947=SURFACE_SIDE_STYLE('',(#3998));
#3948=SURFACE_SIDE_STYLE('',(#3999));
#3949=SURFACE_SIDE_STYLE('',(#4000));
#3950=SURFACE_SIDE_STYLE('',(#4001));
#3951=SURFACE_SIDE_STYLE('',(#4002));
#3952=SURFACE_SIDE_STYLE('',(#4003));
#3953=SURFACE_SIDE_STYLE('',(#4004));
#3954=SURFACE_SIDE_STYLE('',(#4005));
#3955=SURFACE_SIDE_STYLE('',(#4006));
#3956=SURFACE_SIDE_STYLE('',(#4007));
#3957=SURFACE_SIDE_STYLE('',(#4008));
#3958=SURFACE_SIDE_STYLE('',(#4009));
#3959=SURFACE_SIDE_STYLE('',(#4010));
#3960=SURFACE_SIDE_STYLE('',(#4011));
#3961=SURFACE_SIDE_STYLE('',(#4012));
#3962=SURFACE_SIDE_STYLE('',(#4013));
#3963=SURFACE_SIDE_STYLE('',(#4014));
#3964=SURFACE_SIDE_STYLE('',(#4015));
#3965=SURFACE_SIDE_STYLE('',(#4016));
#3966=SURFACE_SIDE_STYLE('',(#4017));
#3967=SURFACE_SIDE_STYLE('',(#4018));
#3968=SURFACE_SIDE_STYLE('',(#4019));
#3969=SURFACE_SIDE_STYLE('',(#4020));
#3970=SURFACE_SIDE_STYLE('',(#4021));
#3971=SURFACE_SIDE_STYLE('',(#4022));
#3972=SURFACE_SIDE_STYLE('',(#4023));
#3973=SURFACE_SIDE_STYLE('',(#4024));
#3974=SURFACE_SIDE_STYLE('',(#4025));
#3975=SURFACE_SIDE_STYLE('',(#4026));
#3976=SURFACE_SIDE_STYLE('',(#4027));
#3977=SURFACE_SIDE_STYLE('',(#4028));
#3978=SURFACE_SIDE_STYLE('',(#4029));
#3979=SURFACE_SIDE_STYLE('',(#4030));
#3980=SURFACE_SIDE_STYLE('',(#4031));
#3981=SURFACE_SIDE_STYLE('',(#4032));
#3982=SURFACE_SIDE_STYLE('',(#4033));
#3983=SURFACE_SIDE_STYLE('',(#4034));
#3984=SURFACE_SIDE_STYLE('',(#4035));
#3985=SURFACE_STYLE_FILL_AREA(#4036);
#3986=SURFACE_STYLE_FILL_AREA(#4037);
#3987=SURFACE_STYLE_FILL_AREA(#4038);
#3988=SURFACE_STYLE_FILL_AREA(#4039);
#3989=SURFACE_STYLE_FILL_AREA(#4040);
#3990=SURFACE_STYLE_FILL_AREA(#4041);
#3991=SURFACE_STYLE_FILL_AREA(#4042);
#3992=SURFACE_STYLE_FILL_AREA(#4043);
#3993=SURFACE_STYLE_FILL_AREA(#4044);
#3994=SURFACE_STYLE_FILL_AREA(#4045);
#3995=SURFACE_STYLE_FILL_AREA(#4046);
#3996=SURFACE_STYLE_FILL_AREA(#4047);
#3997=SURFACE_STYLE_FILL_AREA(#4048);
#3998=SURFACE_STYLE_FILL_AREA(#4049);
#3999=SURFACE_STYLE_FILL_AREA(#4050);
#4000=SURFACE_STYLE_FILL_AREA(#4051);
#4001=SURFACE_STYLE_FILL_AREA(#4052);
#4002=SURFACE_STYLE_FILL_AREA(#4053);
#4003=SURFACE_STYLE_FILL_AREA(#4054);
#4004=SURFACE_STYLE_FILL_AREA(#4055);
#4005=SURFACE_STYLE_FILL_AREA(#4056);
#4006=SURFACE_STYLE_FILL_AREA(#4057);
#4007=SURFACE_STYLE_FILL_AREA(#4058);
#4008=SURFACE_STYLE_FILL_AREA(#4059);
#4009=SURFACE_STYLE_FILL_AREA(#4060);
#4010=SURFACE_STYLE_FILL_AREA(#4061);
#4011=SURFACE_STYLE_FILL_AREA(#4062);
#4012=SURFACE_STYLE_FILL_AREA(#4063);
#4013=SURFACE_STYLE_FILL_AREA(#4064);
#4014=SURFACE_STYLE_FILL_AREA(#4065);
#4015=SURFACE_STYLE_FILL_AREA(#4066);
#4016=SURFACE_STYLE_FILL_AREA(#4067);
#4017=SURFACE_STYLE_FILL_AREA(#4068);
#4018=SURFACE_STYLE_FILL_AREA(#4069);
#4019=SURFACE_STYLE_FILL_AREA(#4070);
#4020=SURFACE_STYLE_FILL_AREA(#4071);
#4021=SURFACE_STYLE_FILL_AREA(#4072);
#4022=SURFACE_STYLE_FILL_AREA(#4073);
#4023=SURFACE_STYLE_FILL_AREA(#4074);
#4024=SURFACE_STYLE_FILL_AREA(#4075);
#4025=SURFACE_STYLE_FILL_AREA(#4076);
#4026=SURFACE_STYLE_FILL_AREA(#4077);
#4027=SURFACE_STYLE_FILL_AREA(#4078);
#4028=SURFACE_STYLE_FILL_AREA(#4079);
#4029=SURFACE_STYLE_FILL_AREA(#4080);
#4030=SURFACE_STYLE_FILL_AREA(#4081);
#4031=SURFACE_STYLE_FILL_AREA(#4082);
#4032=SURFACE_STYLE_FILL_AREA(#4083);
#4033=SURFACE_STYLE_FILL_AREA(#4084);
#4034=SURFACE_STYLE_FILL_AREA(#4085);
#4035=SURFACE_STYLE_FILL_AREA(#4086);
#4036=FILL_AREA_STYLE('',(#4087));
#4037=FILL_AREA_STYLE('',(#4088));
#4038=FILL_AREA_STYLE('',(#4089));
#4039=FILL_AREA_STYLE('',(#4090));
#4040=FILL_AREA_STYLE('',(#4091));
#4041=FILL_AREA_STYLE('',(#4092));
#4042=FILL_AREA_STYLE('',(#4093));
#4043=FILL_AREA_STYLE('',(#4094));
#4044=FILL_AREA_STYLE('',(#4095));
#4045=FILL_AREA_STYLE('',(#4096));
#4046=FILL_AREA_STYLE('',(#4097));
#4047=FILL_AREA_STYLE('',(#4098));
#4048=FILL_AREA_STYLE('',(#4099));
#4049=FILL_AREA_STYLE('',(#4100));
#4050=FILL_AREA_STYLE('',(#4101));
#4051=FILL_AREA_STYLE('',(#4102));
#4052=FILL_AREA_STYLE('',(#4103));
#4053=FILL_AREA_STYLE('',(#4104));
#4054=FILL_AREA_STYLE('',(#4105));
#4055=FILL_AREA_STYLE('',(#4106));
#4056=FILL_AREA_STYLE('',(#4107));
#4057=FILL_AREA_STYLE('',(#4108));
#4058=FILL_AREA_STYLE('',(#4109));
#4059=FILL_AREA_STYLE('',(#4110));
#4060=FILL_AREA_STYLE('',(#4111));
#4061=FILL_AREA_STYLE('',(#4112));
#4062=FILL_AREA_STYLE('',(#4113));
#4063=FILL_AREA_STYLE('',(#4114));
#4064=FILL_AREA_STYLE('',(#4115));
#4065=FILL_AREA_STYLE('',(#4116));
#4066=FILL_AREA_STYLE('',(#4117));
#4067=FILL_AREA_STYLE('',(#4118));
#4068=FILL_AREA_STYLE('',(#4119));
#4069=FILL_AREA_STYLE('',(#4120));
#4070=FILL_AREA_STYLE('',(#4121));
#4071=FILL_AREA_STYLE('',(#4122));
#4072=FILL_AREA_STYLE('',(#4123));
#4073=FILL_AREA_STYLE('',(#4124));
#4074=FILL_AREA_STYLE('',(#4125));
#4075=FILL_AREA_STYLE('',(#4126));
#4076=FILL_AREA_STYLE('',(#4127));
#4077=FILL_AREA_STYLE('',(#4128));
#4078=FILL_AREA_STYLE('',(#4129));
#4079=FILL_AREA_STYLE('',(#4130));
#4080=FILL_AREA_STYLE('',(#4131));
#4081=FILL_AREA_STYLE('',(#4132));
#4082=FILL_AREA_STYLE('',(#4133));
#4083=FILL_AREA_STYLE('',(#4134));
#4084=FILL_AREA_STYLE('',(#4135));
#4085=FILL_AREA_STYLE('',(#4136));
#4086=FILL_AREA_STYLE('',(#4137));
#4087=FILL_AREA_STYLE_COLOUR('',#4138);
#4088=FILL_AREA_STYLE_COLOUR('',#86);
#4089=FILL_AREA_STYLE_COLOUR('',#86);
#4090=FILL_AREA_STYLE_COLOUR('',#86);
#4091=FILL_AREA_STYLE_COLOUR('',#86);
#4092=FILL_AREA_STYLE_COLOUR('',#86);
#4093=FILL_AREA_STYLE_COLOUR('',#86);
#4094=FILL_AREA_STYLE_COLOUR('',#86);
#4095=FILL_AREA_STYLE_COLOUR('',#86);
#4096=FILL_AREA_STYLE_COLOUR('',#86);
#4097=FILL_AREA_STYLE_COLOUR('',#86);
#4098=FILL_AREA_STYLE_COLOUR('',#86);
#4099=FILL_AREA_STYLE_COLOUR('',#86);
#4100=FILL_AREA_STYLE_COLOUR('',#86);
#4101=FILL_AREA_STYLE_COLOUR('',#86);
#4102=FILL_AREA_STYLE_COLOUR('',#86);
#4103=FILL_AREA_STYLE_COLOUR('',#86);
#4104=FILL_AREA_STYLE_COLOUR('',#86);
#4105=FILL_AREA_STYLE_COLOUR('',#86);
#4106=FILL_AREA_STYLE_COLOUR('',#86);
#4107=FILL_AREA_STYLE_COLOUR('',#86);
#4108=FILL_AREA_STYLE_COLOUR('',#86);
#4109=FILL_AREA_STYLE_COLOUR('',#86);
#4110=FILL_AREA_STYLE_COLOUR('',#86);
#4111=FILL_AREA_STYLE_COLOUR('',#86);
#4112=FILL_AREA_STYLE_COLOUR('',#86);
#4113=FILL_AREA_STYLE_COLOUR('',#86);
#4114=FILL_AREA_STYLE_COLOUR('',#86);
#4115=FILL_AREA_STYLE_COLOUR('',#86);
#4116=FILL_AREA_STYLE_COLOUR('',#86);
#4117=FILL_AREA_STYLE_COLOUR('',#86);
#4118=FILL_AREA_STYLE_COLOUR('',#86);
#4119=FILL_AREA_STYLE_COLOUR('',#86);
#4120=FILL_AREA_STYLE_COLOUR('',#86);
#4121=FILL_AREA_STYLE_COLOUR('',#86);
#4122=FILL_AREA_STYLE_COLOUR('',#86);
#4123=FILL_AREA_STYLE_COLOUR('',#86);
#4124=FILL_AREA_STYLE_COLOUR('',#86);
#4125=FILL_AREA_STYLE_COLOUR('',#86);
#4126=FILL_AREA_STYLE_COLOUR('',#86);
#4127=FILL_AREA_STYLE_COLOUR('',#86);
#4128=FILL_AREA_STYLE_COLOUR('',#86);
#4129=FILL_AREA_STYLE_COLOUR('',#86);
#4130=FILL_AREA_STYLE_COLOUR('',#86);
#4131=FILL_AREA_STYLE_COLOUR('',#86);
#4132=FILL_AREA_STYLE_COLOUR('',#86);
#4133=FILL_AREA_STYLE_COLOUR('',#86);
#4134=FILL_AREA_STYLE_COLOUR('',#86);
#4135=FILL_AREA_STYLE_COLOUR('',#86);
#4136=FILL_AREA_STYLE_COLOUR('',#86);
#4137=FILL_AREA_STYLE_COLOUR('',#86);
#4138=DRAUGHTING_PRE_DEFINED_COLOUR('red');
#4139=MANIFOLD_SOLID_BREP('DualArmMetalHorn',#3830);
#4140=SHAPE_DEFINITION_REPRESENTATION(#7044,#4141);
#4141=SHAPE_REPRESENTATION('DualArmMetalHorn',(#4142),#7039);
#4142=AXIS2_PLACEMENT_3D('',#5460,#4487,#4488);
#4143=AXIS2_PLACEMENT_3D('',#5461,#4489,#4490);
#4144=AXIS2_PLACEMENT_3D('',#5462,#4491,#4492);
#4145=AXIS2_PLACEMENT_3D('',#5464,#4493,#4494);
#4146=AXIS2_PLACEMENT_3D('',#5466,#4495,#4496);
#4147=AXIS2_PLACEMENT_3D('',#5468,#4497,#4498);
#4148=AXIS2_PLACEMENT_3D('',#5470,#4499,#4500);
#4149=AXIS2_PLACEMENT_3D('',#5472,#4501,#4502);
#4150=AXIS2_PLACEMENT_3D('',#5474,#4503,#4504);
#4151=AXIS2_PLACEMENT_3D('',#5476,#4505,#4506);
#4152=AXIS2_PLACEMENT_3D('',#5481,#4508,#4509);
#4153=AXIS2_PLACEMENT_3D('',#5485,#4511,#4512);
#4154=AXIS2_PLACEMENT_3D('',#5489,#4514,#4515);
#4155=AXIS2_PLACEMENT_3D('',#5634,#4540,#4541);
#4156=AXIS2_PLACEMENT_3D('',#5635,#4542,#4543);
#4157=AXIS2_PLACEMENT_3D('',#5640,#4545,#4546);
#4158=AXIS2_PLACEMENT_3D('',#5643,#4548,#4549);
#4159=AXIS2_PLACEMENT_3D('',#5644,#4550,#4551);
#4160=AXIS2_PLACEMENT_3D('',#5649,#4553,#4554);
#4161=AXIS2_PLACEMENT_3D('',#5652,#4556,#4557);
#4162=AXIS2_PLACEMENT_3D('',#5653,#4558,#4559);
#4163=AXIS2_PLACEMENT_3D('',#5658,#4561,#4562);
#4164=AXIS2_PLACEMENT_3D('',#5661,#4564,#4565);
#4165=AXIS2_PLACEMENT_3D('',#5662,#4566,#4567);
#4166=AXIS2_PLACEMENT_3D('',#5667,#4569,#4570);
#4167=AXIS2_PLACEMENT_3D('',#5670,#4572,#4573);
#4168=AXIS2_PLACEMENT_3D('',#5671,#4574,#4575);
#4169=AXIS2_PLACEMENT_3D('',#5676,#4577,#4578);
#4170=AXIS2_PLACEMENT_3D('',#5679,#4580,#4581);
#4171=AXIS2_PLACEMENT_3D('',#5680,#4582,#4583);
#4172=AXIS2_PLACEMENT_3D('',#5685,#4585,#4586);
#4173=AXIS2_PLACEMENT_3D('',#5688,#4588,#4589);
#4174=AXIS2_PLACEMENT_3D('',#5689,#4590,#4591);
#4175=AXIS2_PLACEMENT_3D('',#5694,#4593,#4594);
#4176=AXIS2_PLACEMENT_3D('',#5697,#4596,#4597);
#4177=AXIS2_PLACEMENT_3D('',#5698,#4598,#4599);
#4178=AXIS2_PLACEMENT_3D('',#5703,#4601,#4602);
#4179=AXIS2_PLACEMENT_3D('',#5706,#4604,#4605);
#4180=AXIS2_PLACEMENT_3D('',#5707,#4606,#4607);
#4181=AXIS2_PLACEMENT_3D('',#5712,#4609,#4610);
#4182=AXIS2_PLACEMENT_3D('',#5715,#4612,#4613);
#4183=AXIS2_PLACEMENT_3D('',#5716,#4614,#4615);
#4184=AXIS2_PLACEMENT_3D('',#5721,#4617,#4618);
#4185=AXIS2_PLACEMENT_3D('',#5724,#4620,#4621);
#4186=AXIS2_PLACEMENT_3D('',#5725,#4622,#4623);
#4187=AXIS2_PLACEMENT_3D('',#5730,#4625,#4626);
#4188=AXIS2_PLACEMENT_3D('',#5733,#4628,#4629);
#4189=AXIS2_PLACEMENT_3D('',#5734,#4630,#4631);
#4190=AXIS2_PLACEMENT_3D('',#5739,#4633,#4634);
#4191=AXIS2_PLACEMENT_3D('',#5742,#4636,#4637);
#4192=AXIS2_PLACEMENT_3D('',#5743,#4638,#4639);
#4193=AXIS2_PLACEMENT_3D('',#5748,#4641,#4642);
#4194=AXIS2_PLACEMENT_3D('',#5751,#4644,#4645);
#4195=AXIS2_PLACEMENT_3D('',#5752,#4646,#4647);
#4196=AXIS2_PLACEMENT_3D('',#5757,#4649,#4650);
#4197=AXIS2_PLACEMENT_3D('',#5760,#4652,#4653);
#4198=AXIS2_PLACEMENT_3D('',#5761,#4654,#4655);
#4199=AXIS2_PLACEMENT_3D('',#5766,#4657,#4658);
#4200=AXIS2_PLACEMENT_3D('',#5769,#4660,#4661);
#4201=AXIS2_PLACEMENT_3D('',#5770,#4662,#4663);
#4202=AXIS2_PLACEMENT_3D('',#5775,#4665,#4666);
#4203=AXIS2_PLACEMENT_3D('',#5778,#4668,#4669);
#4204=AXIS2_PLACEMENT_3D('',#5779,#4670,#4671);
#4205=AXIS2_PLACEMENT_3D('',#5784,#4673,#4674);
#4206=AXIS2_PLACEMENT_3D('',#5787,#4676,#4677);
#4207=AXIS2_PLACEMENT_3D('',#5788,#4678,#4679);
#4208=AXIS2_PLACEMENT_3D('',#5793,#4681,#4682);
#4209=AXIS2_PLACEMENT_3D('',#5796,#4684,#4685);
#4210=AXIS2_PLACEMENT_3D('',#5797,#4686,#4687);
#4211=AXIS2_PLACEMENT_3D('',#5802,#4689,#4690);
#4212=AXIS2_PLACEMENT_3D('',#5805,#4692,#4693);
#4213=AXIS2_PLACEMENT_3D('',#5806,#4694,#4695);
#4214=AXIS2_PLACEMENT_3D('',#5811,#4697,#4698);
#4215=AXIS2_PLACEMENT_3D('',#5814,#4700,#4701);
#4216=AXIS2_PLACEMENT_3D('',#5815,#4702,#4703);
#4217=AXIS2_PLACEMENT_3D('',#5820,#4705,#4706);
#4218=AXIS2_PLACEMENT_3D('',#5823,#4708,#4709);
#4219=AXIS2_PLACEMENT_3D('',#5824,#4710,#4711);
#4220=AXIS2_PLACEMENT_3D('',#5829,#4713,#4714);
#4221=AXIS2_PLACEMENT_3D('',#5832,#4716,#4717);
#4222=AXIS2_PLACEMENT_3D('',#5833,#4718,#4719);
#4223=AXIS2_PLACEMENT_3D('',#5838,#4721,#4722);
#4224=AXIS2_PLACEMENT_3D('',#5841,#4724,#4725);
#4225=AXIS2_PLACEMENT_3D('',#5842,#4726,#4727);
#4226=AXIS2_PLACEMENT_3D('',#5847,#4729,#4730);
#4227=AXIS2_PLACEMENT_3D('',#5850,#4732,#4733);
#4228=AXIS2_PLACEMENT_3D('',#5851,#4734,#4735);
#4229=AXIS2_PLACEMENT_3D('',#5856,#4737,#4738);
#4230=AXIS2_PLACEMENT_3D('',#5859,#4740,#4741);
#4231=AXIS2_PLACEMENT_3D('',#5860,#4742,#4743);
#4232=AXIS2_PLACEMENT_3D('',#5862,#4744,#4745);
#4233=AXIS2_PLACEMENT_3D('',#5864,#4746,#4747);
#4234=AXIS2_PLACEMENT_3D('',#5865,#4748,#4749);
#4235=AXIS2_PLACEMENT_3D('',#5867,#4750,#4751);
#4236=AXIS2_PLACEMENT_3D('',#5869,#4752,#4753);
#4237=AXIS2_PLACEMENT_3D('',#5871,#4754,#4755);
#4238=AXIS2_PLACEMENT_3D('',#5874,#4756,#4757);
#4239=AXIS2_PLACEMENT_3D('',#5876,#4758,#4759);
#4240=AXIS2_PLACEMENT_3D('',#5880,#4761,#4762);
#4241=AXIS2_PLACEMENT_3D('',#5883,#4764,#4765);
#4242=AXIS2_PLACEMENT_3D('',#5887,#4767,#4768);
#4243=AXIS2_PLACEMENT_3D('',#5891,#4770,#4771);
#4244=AXIS2_PLACEMENT_3D('',#5892,#4772,#4773);
#4245=AXIS2_PLACEMENT_3D('',#5898,#4775,#4776);
#4246=AXIS2_PLACEMENT_3D('',#5907,#4779,#4780);
#4247=AXIS2_PLACEMENT_3D('',#5911,#4782,#4783);
#4248=AXIS2_PLACEMENT_3D('',#5912,#4784,#4785);
#4249=AXIS2_PLACEMENT_3D('',#5913,#4786,#4787);
#4250=AXIS2_PLACEMENT_3D('',#5919,#4789,#4790);
#4251=AXIS2_PLACEMENT_3D('',#5928,#4793,#4794);
#4252=AXIS2_PLACEMENT_3D('',#5932,#4796,#4797);
#4253=AXIS2_PLACEMENT_3D('',#5933,#4798,#4799);
#4254=AXIS2_PLACEMENT_3D('',#5934,#4800,#4801);
#4255=AXIS2_PLACEMENT_3D('',#5940,#4803,#4804);
#4256=AXIS2_PLACEMENT_3D('',#5949,#4807,#4808);
#4257=AXIS2_PLACEMENT_3D('',#5953,#4810,#4811);
#4258=AXIS2_PLACEMENT_3D('',#5954,#4812,#4813);
#4259=AXIS2_PLACEMENT_3D('',#5955,#4814,#4815);
#4260=AXIS2_PLACEMENT_3D('',#5961,#4817,#4818);
#4261=AXIS2_PLACEMENT_3D('',#5970,#4821,#4822);
#4262=AXIS2_PLACEMENT_3D('',#5974,#4824,#4825);
#4263=AXIS2_PLACEMENT_3D('',#5975,#4826,#4827);
#4264=AXIS2_PLACEMENT_3D('',#5976,#4828,#4829);
#4265=AXIS2_PLACEMENT_3D('',#5982,#4831,#4832);
#4266=AXIS2_PLACEMENT_3D('',#5991,#4835,#4836);
#4267=AXIS2_PLACEMENT_3D('',#5995,#4838,#4839);
#4268=AXIS2_PLACEMENT_3D('',#5996,#4840,#4841);
#4269=AXIS2_PLACEMENT_3D('',#5997,#4842,#4843);
#4270=AXIS2_PLACEMENT_3D('',#6003,#4845,#4846);
#4271=AXIS2_PLACEMENT_3D('',#6012,#4849,#4850);
#4272=AXIS2_PLACEMENT_3D('',#6016,#4852,#4853);
#4273=AXIS2_PLACEMENT_3D('',#6017,#4854,#4855);
#4274=AXIS2_PLACEMENT_3D('',#6018,#4856,#4857);
#4275=AXIS2_PLACEMENT_3D('',#6024,#4859,#4860);
#4276=AXIS2_PLACEMENT_3D('',#6033,#4863,#4864);
#4277=AXIS2_PLACEMENT_3D('',#6037,#4866,#4867);
#4278=AXIS2_PLACEMENT_3D('',#6038,#4868,#4869);
#4279=AXIS2_PLACEMENT_3D('',#6039,#4870,#4871);
#4280=AXIS2_PLACEMENT_3D('',#6045,#4873,#4874);
#4281=AXIS2_PLACEMENT_3D('',#6054,#4877,#4878);
#4282=AXIS2_PLACEMENT_3D('',#6058,#4880,#4881);
#4283=AXIS2_PLACEMENT_3D('',#6059,#4882,#4883);
#4284=AXIS2_PLACEMENT_3D('',#6060,#4884,#4885);
#4285=AXIS2_PLACEMENT_3D('',#6066,#4887,#4888);
#4286=AXIS2_PLACEMENT_3D('',#6075,#4891,#4892);
#4287=AXIS2_PLACEMENT_3D('',#6079,#4894,#4895);
#4288=AXIS2_PLACEMENT_3D('',#6080,#4896,#4897);
#4289=AXIS2_PLACEMENT_3D('',#6081,#4898,#4899);
#4290=AXIS2_PLACEMENT_3D('',#6087,#4901,#4902);
#4291=AXIS2_PLACEMENT_3D('',#6096,#4905,#4906);
#4292=AXIS2_PLACEMENT_3D('',#6100,#4908,#4909);
#4293=AXIS2_PLACEMENT_3D('',#6101,#4910,#4911);
#4294=AXIS2_PLACEMENT_3D('',#6102,#4912,#4913);
#4295=AXIS2_PLACEMENT_3D('',#6108,#4915,#4916);
#4296=AXIS2_PLACEMENT_3D('',#6117,#4919,#4920);
#4297=AXIS2_PLACEMENT_3D('',#6121,#4922,#4923);
#4298=AXIS2_PLACEMENT_3D('',#6122,#4924,#4925);
#4299=AXIS2_PLACEMENT_3D('',#6123,#4926,#4927);
#4300=AXIS2_PLACEMENT_3D('',#6129,#4929,#4930);
#4301=AXIS2_PLACEMENT_3D('',#6138,#4933,#4934);
#4302=AXIS2_PLACEMENT_3D('',#6142,#4936,#4937);
#4303=AXIS2_PLACEMENT_3D('',#6143,#4938,#4939);
#4304=AXIS2_PLACEMENT_3D('',#6144,#4940,#4941);
#4305=AXIS2_PLACEMENT_3D('',#6150,#4943,#4944);
#4306=AXIS2_PLACEMENT_3D('',#6159,#4947,#4948);
#4307=AXIS2_PLACEMENT_3D('',#6163,#4950,#4951);
#4308=AXIS2_PLACEMENT_3D('',#6164,#4952,#4953);
#4309=AXIS2_PLACEMENT_3D('',#6165,#4954,#4955);
#4310=AXIS2_PLACEMENT_3D('',#6171,#4957,#4958);
#4311=AXIS2_PLACEMENT_3D('',#6180,#4961,#4962);
#4312=AXIS2_PLACEMENT_3D('',#6184,#4964,#4965);
#4313=AXIS2_PLACEMENT_3D('',#6185,#4966,#4967);
#4314=AXIS2_PLACEMENT_3D('',#6186,#4968,#4969);
#4315=AXIS2_PLACEMENT_3D('',#6192,#4971,#4972);
#4316=AXIS2_PLACEMENT_3D('',#6201,#4975,#4976);
#4317=AXIS2_PLACEMENT_3D('',#6205,#4978,#4979);
#4318=AXIS2_PLACEMENT_3D('',#6206,#4980,#4981);
#4319=AXIS2_PLACEMENT_3D('',#6207,#4982,#4983);
#4320=AXIS2_PLACEMENT_3D('',#6213,#4985,#4986);
#4321=AXIS2_PLACEMENT_3D('',#6222,#4989,#4990);
#4322=AXIS2_PLACEMENT_3D('',#6226,#4992,#4993);
#4323=AXIS2_PLACEMENT_3D('',#6227,#4994,#4995);
#4324=AXIS2_PLACEMENT_3D('',#6228,#4996,#4997);
#4325=AXIS2_PLACEMENT_3D('',#6234,#4999,#5000);
#4326=AXIS2_PLACEMENT_3D('',#6243,#5003,#5004);
#4327=AXIS2_PLACEMENT_3D('',#6247,#5006,#5007);
#4328=AXIS2_PLACEMENT_3D('',#6248,#5008,#5009);
#4329=AXIS2_PLACEMENT_3D('',#6249,#5010,#5011);
#4330=AXIS2_PLACEMENT_3D('',#6255,#5013,#5014);
#4331=AXIS2_PLACEMENT_3D('',#6264,#5017,#5018);
#4332=AXIS2_PLACEMENT_3D('',#6268,#5020,#5021);
#4333=AXIS2_PLACEMENT_3D('',#6269,#5022,#5023);
#4334=AXIS2_PLACEMENT_3D('',#6270,#5024,#5025);
#4335=AXIS2_PLACEMENT_3D('',#6276,#5027,#5028);
#4336=AXIS2_PLACEMENT_3D('',#6285,#5031,#5032);
#4337=AXIS2_PLACEMENT_3D('',#6289,#5034,#5035);
#4338=AXIS2_PLACEMENT_3D('',#6290,#5036,#5037);
#4339=AXIS2_PLACEMENT_3D('',#6291,#5038,#5039);
#4340=AXIS2_PLACEMENT_3D('',#6297,#5041,#5042);
#4341=AXIS2_PLACEMENT_3D('',#6306,#5045,#5046);
#4342=AXIS2_PLACEMENT_3D('',#6310,#5048,#5049);
#4343=AXIS2_PLACEMENT_3D('',#6311,#5050,#5051);
#4344=AXIS2_PLACEMENT_3D('',#6312,#5052,#5053);
#4345=AXIS2_PLACEMENT_3D('',#6318,#5055,#5056);
#4346=AXIS2_PLACEMENT_3D('',#6327,#5059,#5060);
#4347=AXIS2_PLACEMENT_3D('',#6331,#5062,#5063);
#4348=AXIS2_PLACEMENT_3D('',#6332,#5064,#5065);
#4349=AXIS2_PLACEMENT_3D('',#6333,#5066,#5067);
#4350=AXIS2_PLACEMENT_3D('',#6339,#5069,#5070);
#4351=AXIS2_PLACEMENT_3D('',#6348,#5073,#5074);
#4352=AXIS2_PLACEMENT_3D('',#6352,#5076,#5077);
#4353=AXIS2_PLACEMENT_3D('',#6353,#5078,#5079);
#4354=AXIS2_PLACEMENT_3D('',#6354,#5080,#5081);
#4355=AXIS2_PLACEMENT_3D('',#6360,#5083,#5084);
#4356=AXIS2_PLACEMENT_3D('',#6369,#5087,#5088);
#4357=AXIS2_PLACEMENT_3D('',#6373,#5090,#5091);
#4358=AXIS2_PLACEMENT_3D('',#6374,#5092,#5093);
#4359=AXIS2_PLACEMENT_3D('',#6375,#5094,#5095);
#4360=AXIS2_PLACEMENT_3D('',#6381,#5097,#5098);
#4361=AXIS2_PLACEMENT_3D('',#6390,#5101,#5102);
#4362=AXIS2_PLACEMENT_3D('',#6394,#5104,#5105);
#4363=AXIS2_PLACEMENT_3D('',#6395,#5106,#5107);
#4364=AXIS2_PLACEMENT_3D('',#6396,#5108,#5109);
#4365=AXIS2_PLACEMENT_3D('',#6402,#5111,#5112);
#4366=AXIS2_PLACEMENT_3D('',#6403,#5113,#5114);
#4367=AXIS2_PLACEMENT_3D('',#6405,#5115,#5116);
#4368=AXIS2_PLACEMENT_3D('',#6413,#5117,#5118);
#4369=AXIS2_PLACEMENT_3D('',#6419,#5119,#5120);
#4370=AXIS2_PLACEMENT_3D('',#6425,#5122,#5123);
#4371=AXIS2_PLACEMENT_3D('',#6426,#5124,#5125);
#4372=AXIS2_PLACEMENT_3D('',#6428,#5126,#5127);
#4373=AXIS2_PLACEMENT_3D('',#6430,#5128,#5129);
#4374=AXIS2_PLACEMENT_3D('',#6431,#5130,#5131);
#4375=AXIS2_PLACEMENT_3D('',#6433,#5132,#5133);
#4376=AXIS2_PLACEMENT_3D('',#6434,#5134,#5135);
#4377=AXIS2_PLACEMENT_3D('',#6436,#5136,#5137);
#4378=AXIS2_PLACEMENT_3D('',#6437,#5138,#5139);
#4379=AXIS2_PLACEMENT_3D('',#6439,#5140,#5141);
#4380=AXIS2_PLACEMENT_3D('',#6440,#5142,#5143);
#4381=AXIS2_PLACEMENT_3D('',#6442,#5144,#5145);
#4382=AXIS2_PLACEMENT_3D('',#6443,#5146,#5147);
#4383=AXIS2_PLACEMENT_3D('',#6445,#5148,#5149);
#4384=AXIS2_PLACEMENT_3D('',#6447,#5150,#5151);
#4385=AXIS2_PLACEMENT_3D('',#6449,#5152,#5153);
#4386=AXIS2_PLACEMENT_3D('',#6452,#5154,#5155);
#4387=AXIS2_PLACEMENT_3D('',#6454,#5156,#5157);
#4388=AXIS2_PLACEMENT_3D('',#6458,#5159,#5160);
#4389=AXIS2_PLACEMENT_3D('',#6461,#5162,#5163);
#4390=AXIS2_PLACEMENT_3D('',#6470,#5168,#5169);
#4391=AXIS2_PLACEMENT_3D('',#6471,#5170,#5171);
#4392=AXIS2_PLACEMENT_3D('',#6473,#5172,#5173);
#4393=AXIS2_PLACEMENT_3D('',#6475,#5174,#5175);
#4394=AXIS2_PLACEMENT_3D('',#6476,#5176,#5177);
#4395=AXIS2_PLACEMENT_3D('',#6478,#5178,#5179);
#4396=AXIS2_PLACEMENT_3D('',#6480,#5180,#5181);
#4397=AXIS2_PLACEMENT_3D('',#6481,#5182,#5183);
#4398=AXIS2_PLACEMENT_3D('',#6483,#5184,#5185);
#4399=AXIS2_PLACEMENT_3D('',#6485,#5186,#5187);
#4400=AXIS2_PLACEMENT_3D('',#6486,#5188,#5189);
#4401=AXIS2_PLACEMENT_3D('',#6488,#5190,#5191);
#4402=AXIS2_PLACEMENT_3D('',#6490,#5192,#5193);
#4403=AXIS2_PLACEMENT_3D('',#6491,#5194,#5195);
#4404=AXIS2_PLACEMENT_3D('',#6493,#5196,#5197);
#4405=AXIS2_PLACEMENT_3D('',#6495,#5198,#5199);
#4406=AXIS2_PLACEMENT_3D('',#6496,#5200,#5201);
#4407=AXIS2_PLACEMENT_3D('',#6498,#5202,#5203);
#4408=AXIS2_PLACEMENT_3D('',#6500,#5204,#5205);
#4409=AXIS2_PLACEMENT_3D('',#6501,#5206,#5207);
#4410=AXIS2_PLACEMENT_3D('',#6505,#5209,#5210);
#4411=AXIS2_PLACEMENT_3D('',#6506,#5211,#5212);
#4412=AXIS2_PLACEMENT_3D('',#6512,#5216,#5217);
#4413=AXIS2_PLACEMENT_3D('',#6516,#5219,#5220);
#4414=AXIS2_PLACEMENT_3D('',#6517,#5221,#5222);
#4415=AXIS2_PLACEMENT_3D('',#6518,#5223,#5224);
#4416=AXIS2_PLACEMENT_3D('',#6524,#5228,#5229);
#4417=AXIS2_PLACEMENT_3D('',#6528,#5231,#5232);
#4418=AXIS2_PLACEMENT_3D('',#6529,#5233,#5234);
#4419=AXIS2_PLACEMENT_3D('',#6530,#5235,#5236);
#4420=AXIS2_PLACEMENT_3D('',#6536,#5240,#5241);
#4421=AXIS2_PLACEMENT_3D('',#6537,#5242,#5243);
#4422=AXIS2_PLACEMENT_3D('',#6538,#5244,#5245);
#4423=AXIS2_PLACEMENT_3D('',#6539,#5246,#5247);
#4424=AXIS2_PLACEMENT_3D('',#6540,#5248,#5249);
#4425=AXIS2_PLACEMENT_3D('',#6541,#5250,#5251);
#4426=AXIS2_PLACEMENT_3D('',#6542,#5252,#5253);
#4427=AXIS2_PLACEMENT_3D('',#6543,#5254,#5255);
#4428=AXIS2_PLACEMENT_3D('',#6546,#5258,#5259);
#4429=AXIS2_PLACEMENT_3D('',#6566,#5261,#5262);
#4430=AXIS2_PLACEMENT_3D('',#6568,#5264,#5265);
#4431=AXIS2_PLACEMENT_3D('',#6570,#5267,#5268);
#4432=AXIS2_PLACEMENT_3D('',#6572,#5270,#5271);
#4433=AXIS2_PLACEMENT_3D('',#6574,#5273,#5274);
#4434=AXIS2_PLACEMENT_3D('',#6594,#5276,#5277);
#4435=AXIS2_PLACEMENT_3D('',#6595,#5278,#5279);
#4436=AXIS2_PLACEMENT_3D('',#6596,#5280,#5281);
#4437=AXIS2_PLACEMENT_3D('',#6597,#5282,#5283);
#4438=AXIS2_PLACEMENT_3D('',#6598,#5284,#5285);
#4439=AXIS2_PLACEMENT_3D('',#6601,#5288,#5289);
#4440=AXIS2_PLACEMENT_3D('',#6603,#5291,#5292);
#4441=AXIS2_PLACEMENT_3D('',#6605,#5294,#5295);
#4442=AXIS2_PLACEMENT_3D('',#6607,#5297,#5298);
#4443=AXIS2_PLACEMENT_3D('',#6609,#5300,#5301);
#4444=AXIS2_PLACEMENT_3D('',#6611,#5303,#5304);
#4445=AXIS2_PLACEMENT_3D('',#6613,#5306,#5307);
#4446=AXIS2_PLACEMENT_3D('',#6614,#5308,#5309);
#4447=AXIS2_PLACEMENT_3D('',#6615,#5310,#5311);
#4448=AXIS2_PLACEMENT_3D('',#6616,#5312,#5313);
#4449=AXIS2_PLACEMENT_3D('',#6618,#5314,#5315);
#4450=AXIS2_PLACEMENT_3D('',#6619,#5316,#5317);
#4451=AXIS2_PLACEMENT_3D('',#6621,#5318,#5319);
#4452=AXIS2_PLACEMENT_3D('',#6622,#5320,#5321);
#4453=AXIS2_PLACEMENT_3D('',#6623,#5322,#5323);
#4454=AXIS2_PLACEMENT_3D('',#6624,#5324,#5325);
#4455=AXIS2_PLACEMENT_3D('',#6625,#5326,#5327);
#4456=AXIS2_PLACEMENT_3D('',#6626,#5328,#5329);
#4457=AXIS2_PLACEMENT_3D('',#6627,#5330,#5331);
#4458=AXIS2_PLACEMENT_3D('',#6628,#5332,#5333);
#4459=AXIS2_PLACEMENT_3D('',#6629,#5334,#5335);
#4460=AXIS2_PLACEMENT_3D('',#6630,#5336,#5337);
#4461=AXIS2_PLACEMENT_3D('',#6631,#5338,#5339);
#4462=AXIS2_PLACEMENT_3D('',#6637,#5343,#5344);
#4463=AXIS2_PLACEMENT_3D('',#6641,#5347,#5348);
#4464=AXIS2_PLACEMENT_3D('',#6645,#5351,#5352);
#4465=AXIS2_PLACEMENT_3D('',#6649,#5355,#5356);
#4466=AXIS2_PLACEMENT_3D('',#6718,#5364,#5365);
#4467=AXIS2_PLACEMENT_3D('',#6813,#5375,#5376);
#4468=AXIS2_PLACEMENT_3D('',#6817,#5379,#5380);
#4469=AXIS2_PLACEMENT_3D('',#6819,#5382,#5383);
#4470=AXIS2_PLACEMENT_3D('',#6820,#5384,#5385);
#4471=AXIS2_PLACEMENT_3D('',#6826,#5389,#5390);
#4472=AXIS2_PLACEMENT_3D('',#6830,#5393,#5394);
#4473=AXIS2_PLACEMENT_3D('',#6834,#5397,#5398);
#4474=AXIS2_PLACEMENT_3D('',#6838,#5401,#5402);
#4475=AXIS2_PLACEMENT_3D('',#6842,#5405,#5406);
#4476=AXIS2_PLACEMENT_3D('',#6846,#5409,#5410);
#4477=AXIS2_PLACEMENT_3D('',#6850,#5413,#5414);
#4478=AXIS2_PLACEMENT_3D('',#6852,#5416,#5417);
#4479=AXIS2_PLACEMENT_3D('',#6881,#5421,#5422);
#4480=AXIS2_PLACEMENT_3D('',#6885,#5425,#5426);
#4481=AXIS2_PLACEMENT_3D('',#6889,#5429,#5430);
#4482=AXIS2_PLACEMENT_3D('',#6893,#5433,#5434);
#4483=AXIS2_PLACEMENT_3D('',#6897,#5437,#5438);
#4484=AXIS2_PLACEMENT_3D('',#6901,#5441,#5442);
#4485=AXIS2_PLACEMENT_3D('',#6983,#5451,#5452);
#4486=AXIS2_PLACEMENT_3D('',#7037,#5458,#5459);
#4487=DIRECTION('',(0.,0.,1.));
#4488=DIRECTION('',(1.,0.,0.));
#4489=DIRECTION('',(0.,0.,1.));
#4490=DIRECTION('',(1.,0.,0.));
#4491=DIRECTION('',(0.,0.,1.));
#4492=DIRECTION('',(1.,0.,0.));
#4493=DIRECTION('',(0.,0.,1.));
#4494=DIRECTION('',(1.,0.,0.));
#4495=DIRECTION('',(0.,0.,1.));
#4496=DIRECTION('',(1.,0.,0.));
#4497=DIRECTION('',(0.,0.,1.));
#4498=DIRECTION('',(1.,0.,0.));
#4499=DIRECTION('',(0.,0.,1.));
#4500=DIRECTION('',(1.,0.,0.));
#4501=DIRECTION('',(0.,0.,1.));
#4502=DIRECTION('',(1.,0.,0.));
#4503=DIRECTION('',(0.,0.,1.));
#4504=DIRECTION('',(1.,0.,0.));
#4505=DIRECTION('',(0.,0.,1.));
#4506=DIRECTION('',(1.,0.,0.));
#4507=DIRECTION('',(0.996632282233611,-0.0820005732286357,0.));
#4508=DIRECTION('',(0.,0.,1.));
#4509=DIRECTION('',(1.,0.,0.));
#4510=DIRECTION('',(0.996632282233611,0.0820005732286357,0.));
#4511=DIRECTION('',(0.,0.,1.));
#4512=DIRECTION('',(1.,0.,0.));
#4513=DIRECTION('',(-0.996632282233611,0.0820005732286358,0.));
#4514=DIRECTION('',(0.,0.,1.));
#4515=DIRECTION('',(1.,0.,0.));
#4516=DIRECTION('',(-0.996632282233611,-0.0820005732286358,0.));
#4517=DIRECTION('',(0.,-1.,0.));
#4518=DIRECTION('',(-1.,0.,0.));
#4519=DIRECTION('',(0.,1.,0.));
#4520=DIRECTION('',(0.705345626770167,0.708863560070766,0.));
#4521=DIRECTION('',(-0.614559281729933,0.788870641638786,0.));
#4522=DIRECTION('',(-0.714927248093617,-0.699198848635557,0.));
#4523=DIRECTION('',(0.,-1.,0.));
#4524=DIRECTION('',(1.,0.,0.));
#4525=DIRECTION('',(0.,-1.,0.));
#4526=DIRECTION('',(-1.,0.,0.));
#4527=DIRECTION('',(0.,1.,0.));
#4528=DIRECTION('',(-1.,0.,0.));
#4529=DIRECTION('',(0.,1.,0.));
#4530=DIRECTION('',(1.,0.,0.));
#4531=DIRECTION('',(0.,-1.,0.));
#4532=DIRECTION('',(-1.,0.,0.));
#4533=DIRECTION('',(0.,1.,0.));
#4534=DIRECTION('',(-0.84249884643456,0.538698147162617,0.));
#4535=DIRECTION('',(0.0801899398604535,0.996779601288659,0.));
#4536=DIRECTION('',(1.,0.,0.));
#4537=DIRECTION('',(0.,-1.,0.));
#4538=DIRECTION('',(-1.,0.,0.));
#4539=DIRECTION('',(-0.0842475244201124,-0.996444857796498,0.));
#4540=DIRECTION('',(0.,0.,-1.));
#4541=DIRECTION('',(-1.,0.,0.));
#4542=DIRECTION('',(0.,0.,1.));
#4543=DIRECTION('',(1.,0.,0.));
#4544=DIRECTION('',(0.,0.,-1.));
#4545=DIRECTION('',(0.,0.,-1.));
#4546=DIRECTION('',(-1.,0.,0.));
#4547=DIRECTION('',(0.,0.,-1.));
#4548=DIRECTION('',(0.,0.,-1.));
#4549=DIRECTION('',(-1.,0.,0.));
#4550=DIRECTION('',(0.,0.,1.));
#4551=DIRECTION('',(1.,0.,0.));
#4552=DIRECTION('',(0.,0.,-1.));
#4553=DIRECTION('',(0.,0.,-1.));
#4554=DIRECTION('',(-1.,0.,0.));
#4555=DIRECTION('',(0.,0.,-1.));
#4556=DIRECTION('',(0.,0.,-1.));
#4557=DIRECTION('',(-1.,0.,0.));
#4558=DIRECTION('',(0.,0.,1.));
#4559=DIRECTION('',(1.,0.,0.));
#4560=DIRECTION('',(0.,0.,-1.));
#4561=DIRECTION('',(0.,0.,-1.));
#4562=DIRECTION('',(-1.,0.,0.));
#4563=DIRECTION('',(0.,0.,-1.));
#4564=DIRECTION('',(0.,0.,-1.));
#4565=DIRECTION('',(-1.,0.,0.));
#4566=DIRECTION('',(0.,0.,1.));
#4567=DIRECTION('',(1.,0.,0.));
#4568=DIRECTION('',(0.,0.,-1.));
#4569=DIRECTION('',(0.,0.,-1.));
#4570=DIRECTION('',(-1.,0.,0.));
#4571=DIRECTION('',(0.,0.,-1.));
#4572=DIRECTION('',(0.,0.,-1.));
#4573=DIRECTION('',(-1.,0.,0.));
#4574=DIRECTION('',(0.,0.,1.));
#4575=DIRECTION('',(1.,0.,0.));
#4576=DIRECTION('',(0.,0.,-1.));
#4577=DIRECTION('',(0.,0.,-1.));
#4578=DIRECTION('',(-1.,0.,0.));
#4579=DIRECTION('',(0.,0.,-1.));
#4580=DIRECTION('',(0.,0.,-1.));
#4581=DIRECTION('',(-1.,0.,0.));
#4582=DIRECTION('',(0.,0.,1.));
#4583=DIRECTION('',(1.,0.,0.));
#4584=DIRECTION('',(0.,0.,-1.));
#4585=DIRECTION('',(0.,0.,-1.));
#4586=DIRECTION('',(-1.,0.,0.));
#4587=DIRECTION('',(0.,0.,-1.));
#4588=DIRECTION('',(0.,0.,-1.));
#4589=DIRECTION('',(-1.,0.,0.));
#4590=DIRECTION('',(0.,0.,1.));
#4591=DIRECTION('',(1.,0.,0.));
#4592=DIRECTION('',(0.,0.,-1.));
#4593=DIRECTION('',(0.,0.,-1.));
#4594=DIRECTION('',(-1.,0.,0.));
#4595=DIRECTION('',(0.,0.,-1.));
#4596=DIRECTION('',(0.,0.,-1.));
#4597=DIRECTION('',(-1.,0.,0.));
#4598=DIRECTION('',(0.,0.,1.));
#4599=DIRECTION('',(1.,0.,0.));
#4600=DIRECTION('',(0.,0.,-1.));
#4601=DIRECTION('',(0.,0.,-1.));
#4602=DIRECTION('',(-1.,0.,0.));
#4603=DIRECTION('',(0.,0.,-1.));
#4604=DIRECTION('',(0.,0.,-1.));
#4605=DIRECTION('',(-1.,0.,0.));
#4606=DIRECTION('',(0.,0.,1.));
#4607=DIRECTION('',(1.,0.,0.));
#4608=DIRECTION('',(0.,0.,-1.));
#4609=DIRECTION('',(0.,0.,-1.));
#4610=DIRECTION('',(-1.,0.,0.));
#4611=DIRECTION('',(0.,0.,-1.));
#4612=DIRECTION('',(0.,0.,-1.));
#4613=DIRECTION('',(-1.,0.,0.));
#4614=DIRECTION('',(0.,0.,1.));
#4615=DIRECTION('',(1.,0.,0.));
#4616=DIRECTION('',(0.,0.,-1.));
#4617=DIRECTION('',(0.,0.,-1.));
#4618=DIRECTION('',(-1.,0.,0.));
#4619=DIRECTION('',(0.,0.,-1.));
#4620=DIRECTION('',(0.,0.,-1.));
#4621=DIRECTION('',(-1.,0.,0.));
#4622=DIRECTION('',(0.,0.,1.));
#4623=DIRECTION('',(1.,0.,0.));
#4624=DIRECTION('',(0.,0.,-1.));
#4625=DIRECTION('',(0.,0.,-1.));
#4626=DIRECTION('',(-1.,0.,0.));
#4627=DIRECTION('',(0.,0.,-1.));
#4628=DIRECTION('',(0.,0.,-1.));
#4629=DIRECTION('',(-1.,0.,0.));
#4630=DIRECTION('',(0.,0.,1.));
#4631=DIRECTION('',(1.,0.,0.));
#4632=DIRECTION('',(0.,0.,-1.));
#4633=DIRECTION('',(0.,0.,-1.));
#4634=DIRECTION('',(-1.,0.,0.));
#4635=DIRECTION('',(0.,0.,-1.));
#4636=DIRECTION('',(0.,0.,-1.));
#4637=DIRECTION('',(-1.,0.,0.));
#4638=DIRECTION('',(0.,0.,1.));
#4639=DIRECTION('',(1.,0.,0.));
#4640=DIRECTION('',(0.,0.,-1.));
#4641=DIRECTION('',(0.,0.,-1.));
#4642=DIRECTION('',(-1.,0.,0.));
#4643=DIRECTION('',(0.,0.,-1.));
#4644=DIRECTION('',(0.,0.,-1.));
#4645=DIRECTION('',(-1.,0.,0.));
#4646=DIRECTION('',(0.,0.,1.));
#4647=DIRECTION('',(1.,0.,0.));
#4648=DIRECTION('',(0.,0.,-1.));
#4649=DIRECTION('',(0.,0.,-1.));
#4650=DIRECTION('',(-1.,0.,0.));
#4651=DIRECTION('',(0.,0.,-1.));
#4652=DIRECTION('',(0.,0.,-1.));
#4653=DIRECTION('',(-1.,0.,0.));
#4654=DIRECTION('',(0.,0.,1.));
#4655=DIRECTION('',(1.,0.,0.));
#4656=DIRECTION('',(0.,0.,-1.));
#4657=DIRECTION('',(0.,0.,-1.));
#4658=DIRECTION('',(-1.,0.,0.));
#4659=DIRECTION('',(0.,0.,-1.));
#4660=DIRECTION('',(0.,0.,-1.));
#4661=DIRECTION('',(-1.,0.,0.));
#4662=DIRECTION('',(0.,0.,1.));
#4663=DIRECTION('',(1.,0.,0.));
#4664=DIRECTION('',(0.,0.,-1.));
#4665=DIRECTION('',(0.,0.,-1.));
#4666=DIRECTION('',(-1.,0.,0.));
#4667=DIRECTION('',(0.,0.,-1.));
#4668=DIRECTION('',(0.,0.,-1.));
#4669=DIRECTION('',(-1.,0.,0.));
#4670=DIRECTION('',(0.,0.,1.));
#4671=DIRECTION('',(1.,0.,0.));
#4672=DIRECTION('',(0.,0.,-1.));
#4673=DIRECTION('',(0.,0.,-1.));
#4674=DIRECTION('',(-1.,0.,0.));
#4675=DIRECTION('',(0.,0.,-1.));
#4676=DIRECTION('',(0.,0.,-1.));
#4677=DIRECTION('',(-1.,0.,0.));
#4678=DIRECTION('',(0.,0.,1.));
#4679=DIRECTION('',(1.,0.,0.));
#4680=DIRECTION('',(0.,0.,-1.));
#4681=DIRECTION('',(0.,0.,-1.));
#4682=DIRECTION('',(-1.,0.,0.));
#4683=DIRECTION('',(0.,0.,-1.));
#4684=DIRECTION('',(0.,0.,-1.));
#4685=DIRECTION('',(-1.,0.,0.));
#4686=DIRECTION('',(0.,0.,1.));
#4687=DIRECTION('',(1.,0.,0.));
#4688=DIRECTION('',(0.,0.,-1.));
#4689=DIRECTION('',(0.,0.,-1.));
#4690=DIRECTION('',(-1.,0.,0.));
#4691=DIRECTION('',(0.,0.,-1.));
#4692=DIRECTION('',(0.,0.,-1.));
#4693=DIRECTION('',(-1.,0.,0.));
#4694=DIRECTION('',(0.,0.,1.));
#4695=DIRECTION('',(1.,0.,0.));
#4696=DIRECTION('',(0.,0.,-1.));
#4697=DIRECTION('',(0.,0.,-1.));
#4698=DIRECTION('',(-1.,0.,0.));
#4699=DIRECTION('',(0.,0.,-1.));
#4700=DIRECTION('',(0.,0.,-1.));
#4701=DIRECTION('',(-1.,0.,0.));
#4702=DIRECTION('',(0.,0.,1.));
#4703=DIRECTION('',(1.,0.,0.));
#4704=DIRECTION('',(0.,0.,-1.));
#4705=DIRECTION('',(0.,0.,-1.));
#4706=DIRECTION('',(-1.,0.,0.));
#4707=DIRECTION('',(0.,0.,-1.));
#4708=DIRECTION('',(0.,0.,-1.));
#4709=DIRECTION('',(-1.,0.,0.));
#4710=DIRECTION('',(0.,0.,1.));
#4711=DIRECTION('',(1.,0.,0.));
#4712=DIRECTION('',(0.,0.,-1.));
#4713=DIRECTION('',(0.,0.,-1.));
#4714=DIRECTION('',(-1.,0.,0.));
#4715=DIRECTION('',(0.,0.,-1.));
#4716=DIRECTION('',(0.,0.,-1.));
#4717=DIRECTION('',(-1.,0.,0.));
#4718=DIRECTION('',(0.,0.,1.));
#4719=DIRECTION('',(1.,0.,0.));
#4720=DIRECTION('',(0.,0.,-1.));
#4721=DIRECTION('',(0.,0.,-1.));
#4722=DIRECTION('',(-1.,0.,0.));
#4723=DIRECTION('',(0.,0.,-1.));
#4724=DIRECTION('',(0.,0.,-1.));
#4725=DIRECTION('',(-1.,0.,0.));
#4726=DIRECTION('',(0.,0.,1.));
#4727=DIRECTION('',(1.,0.,0.));
#4728=DIRECTION('',(0.,0.,-1.));
#4729=DIRECTION('',(0.,0.,-1.));
#4730=DIRECTION('',(-1.,0.,0.));
#4731=DIRECTION('',(0.,0.,-1.));
#4732=DIRECTION('',(0.,0.,-1.));
#4733=DIRECTION('',(-1.,0.,0.));
#4734=DIRECTION('',(0.,0.,1.));
#4735=DIRECTION('',(1.,0.,0.));
#4736=DIRECTION('',(0.,0.,-1.));
#4737=DIRECTION('',(0.,0.,-1.));
#4738=DIRECTION('',(-1.,0.,0.));
#4739=DIRECTION('',(0.,0.,-1.));
#4740=DIRECTION('',(0.,0.,-1.));
#4741=DIRECTION('',(-1.,0.,0.));
#4742=DIRECTION('',(0.,0.,-1.));
#4743=DIRECTION('',(-1.,0.,0.));
#4744=DIRECTION('',(0.,0.,1.));
#4745=DIRECTION('',(1.,0.,0.));
#4746=DIRECTION('',(0.,0.,1.));
#4747=DIRECTION('',(1.,0.,0.));
#4748=DIRECTION('',(0.,0.,1.));
#4749=DIRECTION('',(1.,0.,0.));
#4750=DIRECTION('',(0.,0.,1.));
#4751=DIRECTION('',(1.,0.,0.));
#4752=DIRECTION('',(0.,0.,1.));
#4753=DIRECTION('',(1.,0.,0.));
#4754=DIRECTION('',(0.,0.,1.));
#4755=DIRECTION('',(1.,0.,0.));
#4756=DIRECTION('',(0.,0.,1.));
#4757=DIRECTION('',(1.,0.,0.));
#4758=DIRECTION('',(0.,0.,1.));
#4759=DIRECTION('',(1.,0.,0.));
#4760=DIRECTION('',(-0.996632282233611,0.0820005732286357,0.));
#4761=DIRECTION('',(0.,0.,1.));
#4762=DIRECTION('',(1.,0.,0.));
#4763=DIRECTION('',(0.996632282233611,0.0820005732286358,0.));
#4764=DIRECTION('',(0.,0.,-1.));
#4765=DIRECTION('',(-1.,0.,0.));
#4766=DIRECTION('',(0.,0.,-1.));
#4767=DIRECTION('',(0.,0.,-1.));
#4768=DIRECTION('',(-1.,0.,0.));
#4769=DIRECTION('',(0.,0.,-1.));
#4770=DIRECTION('',(0.,0.,-1.));
#4771=DIRECTION('',(-1.,0.,0.));
#4772=DIRECTION('',(0.0471064507096448,-0.99888987496197,0.));
#4773=DIRECTION('',(0.99888987496197,0.0471064507096449,0.));
#4774=DIRECTION('',(-0.99888987496197,-0.0471064507096449,0.));
#4775=DIRECTION('',(-0.883765630088696,0.467929814260569,0.));
#4776=DIRECTION('',(-0.467929814260569,-0.883765630088696,0.));
#4777=DIRECTION('',(0.467929814260569,0.883765630088696,0.));
#4778=DIRECTION('',(0.,0.,-1.));
#4779=DIRECTION('',(0.,0.,-1.));
#4780=DIRECTION('',(-1.,0.,0.));
#4781=DIRECTION('',(0.,0.,-1.));
#4782=DIRECTION('',(0.,0.,-1.));
#4783=DIRECTION('',(-1.,0.,0.));
#4784=DIRECTION('',(0.,0.,-1.));
#4785=DIRECTION('',(-1.,0.,0.));
#4786=DIRECTION('',(0.294040325232306,-0.95579301479833,0.));
#4787=DIRECTION('',(0.95579301479833,0.294040325232306,0.));
#4788=DIRECTION('',(-0.95579301479833,-0.294040325232306,0.));
#4789=DIRECTION('',(-0.972369920397678,0.2334453638559,0.));
#4790=DIRECTION('',(-0.2334453638559,-0.972369920397678,0.));
#4791=DIRECTION('',(0.2334453638559,0.972369920397678,0.));
#4792=DIRECTION('',(0.,0.,-1.));
#4793=DIRECTION('',(0.,0.,-1.));
#4794=DIRECTION('',(-1.,0.,0.));
#4795=DIRECTION('',(0.,0.,-1.));
#4796=DIRECTION('',(0.,0.,-1.));
#4797=DIRECTION('',(-1.,0.,0.));
#4798=DIRECTION('',(0.,0.,-1.));
#4799=DIRECTION('',(-1.,0.,0.));
#4800=DIRECTION('',(0.522498564715951,-0.852640164354091,0.));
#4801=DIRECTION('',(0.852640164354091,0.522498564715951,0.));
#4802=DIRECTION('',(-0.852640164354091,-0.522498564715951,0.));
#4803=DIRECTION('',(-0.999876632481661,-0.0157073173118265,0.));
#4804=DIRECTION('',(0.0157073173118265,-0.999876632481661,0.));
#4805=DIRECTION('',(-0.0157073173118265,0.99987663248166,0.));
#4806=DIRECTION('',(0.,0.,-1.));
#4807=DIRECTION('',(0.,0.,-1.));
#4808=DIRECTION('',(-1.,0.,0.));
#4809=DIRECTION('',(0.,0.,-1.));
#4810=DIRECTION('',(0.,0.,-1.));
#4811=DIRECTION('',(-1.,0.,0.));
#4812=DIRECTION('',(0.,0.,-1.));
#4813=DIRECTION('',(-1.,0.,0.));
#4814=DIRECTION('',(0.718126297763191,-0.695912796592312,0.));
#4815=DIRECTION('',(0.695912796592312,0.718126297763191,0.));
#4816=DIRECTION('',(-0.695912796592312,-0.718126297763191,0.));
#4817=DIRECTION('',(-0.964557418457796,-0.263873049965379,0.));
#4818=DIRECTION('',(0.263873049965379,-0.964557418457797,0.));
#4819=DIRECTION('',(-0.263873049965379,0.964557418457797,0.));
#4820=DIRECTION('',(0.,0.,-1.));
#4821=DIRECTION('',(0.,0.,-1.));
#4822=DIRECTION('',(-1.,0.,0.));
#4823=DIRECTION('',(0.,0.,-1.));
#4824=DIRECTION('',(0.,0.,-1.));
#4825=DIRECTION('',(-1.,0.,0.));
#4826=DIRECTION('',(0.,0.,-1.));
#4827=DIRECTION('',(-1.,0.,0.));
#4828=DIRECTION('',(0.868631514438192,-0.495458668432405,0.));
#4829=DIRECTION('',(0.495458668432405,0.868631514438193,0.));
#4830=DIRECTION('',(-0.495458668432405,-0.868631514438193,0.));
#4831=DIRECTION('',(-0.868631514438188,-0.495458668432412,0.));
#4832=DIRECTION('',(0.495458668432412,-0.868631514438188,0.));
#4833=DIRECTION('',(-0.495458668432413,0.868631514438188,0.));
#4834=DIRECTION('',(0.,0.,-1.));
#4835=DIRECTION('',(0.,0.,-1.));
#4836=DIRECTION('',(-1.,0.,0.));
#4837=DIRECTION('',(0.,0.,-1.));
#4838=DIRECTION('',(0.,0.,-1.));
#4839=DIRECTION('',(-1.,0.,0.));
#4840=DIRECTION('',(0.,0.,-1.));
#4841=DIRECTION('',(-1.,0.,0.));
#4842=DIRECTION('',(0.964557418457799,-0.263873049965371,0.));
#4843=DIRECTION('',(0.263873049965371,0.964557418457799,0.));
#4844=DIRECTION('',(-0.263873049965371,-0.964557418457799,0.));
#4845=DIRECTION('',(-0.718126297763185,-0.695912796592318,0.));
#4846=DIRECTION('',(0.695912796592318,-0.718126297763185,0.));
#4847=DIRECTION('',(-0.695912796592318,0.718126297763185,0.));
#4848=DIRECTION('',(0.,0.,-1.));
#4849=DIRECTION('',(0.,0.,-1.));
#4850=DIRECTION('',(-1.,0.,0.));
#4851=DIRECTION('',(0.,0.,-1.));
#4852=DIRECTION('',(0.,0.,-1.));
#4853=DIRECTION('',(-1.,0.,0.));
#4854=DIRECTION('',(0.,0.,-1.));
#4855=DIRECTION('',(-1.,0.,0.));
#4856=DIRECTION('',(0.99987663248166,-0.0157073173118179,0.));
#4857=DIRECTION('',(0.0157073173118179,0.999876632481661,0.));
#4858=DIRECTION('',(-0.0157073173118179,-0.999876632481661,0.));
#4859=DIRECTION('',(-0.522498564715944,-0.852640164354095,0.));
#4860=DIRECTION('',(0.852640164354095,-0.522498564715944,0.));
#4861=DIRECTION('',(-0.852640164354095,0.522498564715944,0.));
#4862=DIRECTION('',(0.,0.,-1.));
#4863=DIRECTION('',(0.,0.,-1.));
#4864=DIRECTION('',(-1.,0.,0.));
#4865=DIRECTION('',(0.,0.,-1.));
#4866=DIRECTION('',(0.,0.,-1.));
#4867=DIRECTION('',(-1.,0.,0.));
#4868=DIRECTION('',(0.,0.,-1.));
#4869=DIRECTION('',(-1.,0.,0.));
#4870=DIRECTION('',(0.972369920397676,0.233445363855908,0.));
#4871=DIRECTION('',(-0.233445363855908,0.972369920397676,0.));
#4872=DIRECTION('',(0.233445363855908,-0.972369920397676,0.));
#4873=DIRECTION('',(-0.2940403252323,-0.955793014798331,0.));
#4874=DIRECTION('',(0.955793014798332,-0.2940403252323,0.));
#4875=DIRECTION('',(-0.955793014798332,0.2940403252323,0.));
#4876=DIRECTION('',(0.,0.,-1.));
#4877=DIRECTION('',(0.,0.,-1.));
#4878=DIRECTION('',(-1.,0.,0.));
#4879=DIRECTION('',(0.,0.,-1.));
#4880=DIRECTION('',(0.,0.,-1.));
#4881=DIRECTION('',(-1.,0.,0.));
#4882=DIRECTION('',(0.,0.,-1.));
#4883=DIRECTION('',(-1.,0.,0.));
#4884=DIRECTION('',(0.883765630088692,0.467929814260576,0.));
#4885=DIRECTION('',(-0.467929814260576,0.883765630088692,0.));
#4886=DIRECTION('',(0.467929814260576,-0.883765630088692,0.));
#4887=DIRECTION('',(-0.0471064507096369,-0.99888987496197,0.));
#4888=DIRECTION('',(0.99888987496197,-0.0471064507096369,0.));
#4889=DIRECTION('',(-0.99888987496197,0.0471064507096369,0.));
#4890=DIRECTION('',(0.,0.,-1.));
#4891=DIRECTION('',(0.,0.,-1.));
#4892=DIRECTION('',(-1.,0.,0.));
#4893=DIRECTION('',(0.,0.,-1.));
#4894=DIRECTION('',(0.,0.,-1.));
#4895=DIRECTION('',(-1.,0.,0.));
#4896=DIRECTION('',(0.,0.,-1.));
#4897=DIRECTION('',(-1.,0.,0.));
#4898=DIRECTION('',(0.739631094978608,0.673012513509776,0.));
#4899=DIRECTION('',(-0.673012513509776,0.739631094978608,0.));
#4900=DIRECTION('',(0.673012513509776,-0.739631094978608,0.));
#4901=DIRECTION('',(0.202787295356518,-0.979222810621765,0.));
#4902=DIRECTION('',(0.979222810621765,0.202787295356518,0.));
#4903=DIRECTION('',(-0.979222810621765,-0.202787295356518,0.));
#4904=DIRECTION('',(0.,0.,-1.));
#4905=DIRECTION('',(0.,0.,-1.));
#4906=DIRECTION('',(-1.,0.,0.));
#4907=DIRECTION('',(0.,0.,-1.));
#4908=DIRECTION('',(0.,0.,-1.));
#4909=DIRECTION('',(-1.,0.,0.));
#4910=DIRECTION('',(0.,0.,-1.));
#4911=DIRECTION('',(-1.,0.,0.));
#4912=DIRECTION('',(0.54902281799813,0.835807361368272,0.));
#4913=DIRECTION('',(-0.835807361368272,0.54902281799813,0.));
#4914=DIRECTION('',(0.835807361368272,-0.54902281799813,0.));
#4915=DIRECTION('',(0.43993916985592,-0.898027575760613,0.));
#4916=DIRECTION('',(0.898027575760613,0.43993916985592,0.));
#4917=DIRECTION('',(-0.898027575760613,-0.439939169855921,0.));
#4918=DIRECTION('',(0.,0.,-1.));
#4919=DIRECTION('',(0.,0.,-1.));
#4920=DIRECTION('',(-1.,0.,0.));
#4921=DIRECTION('',(0.,0.,-1.));
#4922=DIRECTION('',(0.,0.,-1.));
#4923=DIRECTION('',(-1.,0.,0.));
#4924=DIRECTION('',(0.,0.,-1.));
#4925=DIRECTION('',(-1.,0.,0.));
#4926=DIRECTION('',(0.323917418198147,0.946085358827546,0.));
#4927=DIRECTION('',(-0.946085358827546,0.323917418198147,0.));
#4928=DIRECTION('',(0.946085358827546,-0.323917418198147,0.));
#4929=DIRECTION('',(0.649448048330189,-0.760405965600027,0.));
#4930=DIRECTION('',(0.760405965600027,0.649448048330189,0.));
#4931=DIRECTION('',(-0.760405965600027,-0.649448048330189,0.));
#4932=DIRECTION('',(0.,0.,-1.));
#4933=DIRECTION('',(0.,0.,-1.));
#4934=DIRECTION('',(-1.,0.,0.));
#4935=DIRECTION('',(0.,0.,-1.));
#4936=DIRECTION('',(0.,0.,-1.));
#4937=DIRECTION('',(-1.,0.,0.));
#4938=DIRECTION('',(0.,0.,-1.));
#4939=DIRECTION('',(-1.,0.,0.));
#4940=DIRECTION('',(0.0784590957278421,0.996917333733128,0.));
#4941=DIRECTION('',(-0.996917333733128,0.0784590957278421,0.));
#4942=DIRECTION('',(0.996917333733128,-0.0784590957278421,0.));
#4943=DIRECTION('',(0.818149717425027,-0.575005252043274,0.));
#4944=DIRECTION('',(0.575005252043274,0.818149717425027,0.));
#4945=DIRECTION('',(-0.575005252043274,-0.818149717425027,0.));
#4946=DIRECTION('',(0.,0.,-1.));
#4947=DIRECTION('',(0.,0.,-1.));
#4948=DIRECTION('',(-1.,0.,0.));
#4949=DIRECTION('',(0.,0.,-1.));
#4950=DIRECTION('',(0.,0.,-1.));
#4951=DIRECTION('',(-1.,0.,0.));
#4952=DIRECTION('',(0.,0.,-1.));
#4953=DIRECTION('',(-1.,0.,0.));
#4954=DIRECTION('',(-0.171929100279412,0.985109326154774,0.));
#4955=DIRECTION('',(-0.985109326154774,-0.171929100279412,0.));
#4956=DIRECTION('',(0.985109326154774,0.171929100279412,0.));
#4957=DIRECTION('',(0.935444030829869,-0.353474843779252,0.));
#4958=DIRECTION('',(0.353474843779252,0.935444030829869,0.));
#4959=DIRECTION('',(-0.353474843779252,-0.935444030829869,0.));
#4960=DIRECTION('',(0.,0.,-1.));
#4961=DIRECTION('',(0.,0.,-1.));
#4962=DIRECTION('',(-1.,0.,0.));
#4963=DIRECTION('',(0.,0.,-1.));
#4964=DIRECTION('',(0.,0.,-1.));
#4965=DIRECTION('',(-1.,0.,0.));
#4966=DIRECTION('',(0.,0.,-1.));
#4967=DIRECTION('',(-1.,0.,0.));
#4968=DIRECTION('',(-0.411514358605112,0.911403276635444,0.));
#4969=DIRECTION('',(-0.911403276635444,-0.411514358605112,0.));
#4970=DIRECTION('',(0.911403276635444,0.411514358605112,0.));
#4971=DIRECTION('',(0.99396095545518,-0.10973431109104,0.));
#4972=DIRECTION('',(0.10973431109104,0.99396095545518,0.));
#4973=DIRECTION('',(-0.10973431109104,-0.99396095545518,0.));
#4974=DIRECTION('',(0.,0.,-1.));
#4975=DIRECTION('',(0.,0.,-1.));
#4976=DIRECTION('',(-1.,0.,0.));
#4977=DIRECTION('',(0.,0.,-1.));
#4978=DIRECTION('',(0.,0.,-1.));
#4979=DIRECTION('',(-1.,0.,0.));
#4980=DIRECTION('',(0.,0.,-1.));
#4981=DIRECTION('',(-1.,0.,0.));
#4982=DIRECTION('',(-0.625242656335707,0.780430407338329,0.));
#4983=DIRECTION('',(-0.780430407338329,-0.625242656335707,0.));
#4984=DIRECTION('',(0.780430407338329,0.625242656335707,0.));
#4985=DIRECTION('',(0.990023657716557,0.140901231937588,0.));
#4986=DIRECTION('',(-0.140901231937588,0.990023657716557,0.));
#4987=DIRECTION('',(0.140901231937588,-0.990023657716557,0.));
#4988=DIRECTION('',(0.,0.,-1.));
#4989=DIRECTION('',(0.,0.,-1.));
#4990=DIRECTION('',(-1.,0.,0.));
#4991=DIRECTION('',(0.,0.,-1.));
#4992=DIRECTION('',(0.,0.,-1.));
#4993=DIRECTION('',(-1.,0.,0.));
#4994=DIRECTION('',(0.,0.,-1.));
#4995=DIRECTION('',(-1.,0.,0.));
#4996=DIRECTION('',(-0.799684658487092,0.600420225325882,0.));
#4997=DIRECTION('',(-0.600420225325882,-0.799684658487092,0.));
#4998=DIRECTION('',(0.600420225325882,0.799684658487092,0.));
#4999=DIRECTION('',(0.923879532511284,0.382683432365095,0.));
#5000=DIRECTION('',(-0.382683432365095,0.923879532511285,0.));
#5001=DIRECTION('',(0.382683432365095,-0.923879532511284,0.));
#5002=DIRECTION('',(0.,0.,-1.));
#5003=DIRECTION('',(0.,0.,-1.));
#5004=DIRECTION('',(-1.,0.,0.));
#5005=DIRECTION('',(0.,0.,-1.));
#5006=DIRECTION('',(0.,0.,-1.));
#5007=DIRECTION('',(-1.,0.,0.));
#5008=DIRECTION('',(0.,0.,-1.));
#5009=DIRECTION('',(-1.,0.,0.));
#5010=DIRECTION('',(-0.923879532511288,0.382683432365088,0.));
#5011=DIRECTION('',(-0.382683432365088,-0.923879532511288,0.));
#5012=DIRECTION('',(0.382683432365088,0.923879532511288,0.));
#5013=DIRECTION('',(0.799684658487087,0.600420225325889,0.));
#5014=DIRECTION('',(-0.600420225325889,0.799684658487087,0.));
#5015=DIRECTION('',(0.600420225325889,-0.799684658487087,0.));
#5016=DIRECTION('',(0.,0.,-1.));
#5017=DIRECTION('',(0.,0.,-1.));
#5018=DIRECTION('',(-1.,0.,0.));
#5019=DIRECTION('',(0.,0.,-1.));
#5020=DIRECTION('',(0.,0.,-1.));
#5021=DIRECTION('',(-1.,0.,0.));
#5022=DIRECTION('',(0.,0.,-1.));
#5023=DIRECTION('',(-1.,0.,0.));
#5024=DIRECTION('',(-0.990023657716558,0.14090123193758,0.));
#5025=DIRECTION('',(-0.14090123193758,-0.990023657716558,0.));
#5026=DIRECTION('',(0.14090123193758,0.990023657716558,0.));
#5027=DIRECTION('',(0.6252426563357,0.780430407338334,0.));
#5028=DIRECTION('',(-0.780430407338334,0.6252426563357,0.));
#5029=DIRECTION('',(0.780430407338334,-0.6252426563357,0.));
#5030=DIRECTION('',(0.,0.,-1.));
#5031=DIRECTION('',(0.,0.,-1.));
#5032=DIRECTION('',(-1.,0.,0.));
#5033=DIRECTION('',(0.,0.,-1.));
#5034=DIRECTION('',(0.,0.,-1.));
#5035=DIRECTION('',(-1.,0.,0.));
#5036=DIRECTION('',(0.,0.,-1.));
#5037=DIRECTION('',(-1.,0.,0.));
#5038=DIRECTION('',(-0.993960955455179,-0.109734311091048,0.));
#5039=DIRECTION('',(0.109734311091048,-0.993960955455179,0.));
#5040=DIRECTION('',(-0.109734311091048,0.993960955455179,0.));
#5041=DIRECTION('',(0.411514358605105,0.911403276635447,0.));
#5042=DIRECTION('',(-0.911403276635447,0.411514358605105,0.));
#5043=DIRECTION('',(0.911403276635447,-0.411514358605105,0.));
#5044=DIRECTION('',(0.,0.,-1.));
#5045=DIRECTION('',(0.,0.,-1.));
#5046=DIRECTION('',(-1.,0.,0.));
#5047=DIRECTION('',(0.,0.,-1.));
#5048=DIRECTION('',(0.,0.,-1.));
#5049=DIRECTION('',(-1.,0.,0.));
#5050=DIRECTION('',(0.,0.,-1.));
#5051=DIRECTION('',(-1.,0.,0.));
#5052=DIRECTION('',(-0.935444030829866,-0.353474843779259,0.));
#5053=DIRECTION('',(0.353474843779259,-0.935444030829867,0.));
#5054=DIRECTION('',(-0.353474843779259,0.935444030829866,0.));
#5055=DIRECTION('',(0.171929100279404,0.985109326154775,0.));
#5056=DIRECTION('',(-0.985109326154775,0.171929100279404,0.));
#5057=DIRECTION('',(0.985109326154775,-0.171929100279404,0.));
#5058=DIRECTION('',(0.,0.,-1.));
#5059=DIRECTION('',(0.,0.,-1.));
#5060=DIRECTION('',(-1.,0.,0.));
#5061=DIRECTION('',(0.,0.,-1.));
#5062=DIRECTION('',(0.,0.,-1.));
#5063=DIRECTION('',(-1.,0.,0.));
#5064=DIRECTION('',(0.,0.,-1.));
#5065=DIRECTION('',(-1.,0.,0.));
#5066=DIRECTION('',(-0.818149717425022,-0.57500525204328,0.));
#5067=DIRECTION('',(0.57500525204328,-0.818149717425023,0.));
#5068=DIRECTION('',(-0.57500525204328,0.818149717425023,0.));
#5069=DIRECTION('',(-0.0784590957278502,0.996917333733128,0.));
#5070=DIRECTION('',(-0.996917333733128,-0.0784590957278502,0.));
#5071=DIRECTION('',(0.996917333733128,0.0784590957278502,0.));
#5072=DIRECTION('',(0.,0.,-1.));
#5073=DIRECTION('',(0.,0.,-1.));
#5074=DIRECTION('',(-1.,0.,0.));
#5075=DIRECTION('',(0.,0.,-1.));
#5076=DIRECTION('',(0.,0.,-1.));
#5077=DIRECTION('',(-1.,0.,0.));
#5078=DIRECTION('',(0.,0.,-1.));
#5079=DIRECTION('',(-1.,0.,0.));
#5080=DIRECTION('',(-0.649448048330182,-0.760405965600033,0.));
#5081=DIRECTION('',(0.760405965600033,-0.649448048330182,0.));
#5082=DIRECTION('',(-0.760405965600033,0.649448048330182,0.));
#5083=DIRECTION('',(-0.323917418198154,0.946085358827544,0.));
#5084=DIRECTION('',(-0.946085358827544,-0.323917418198154,0.));
#5085=DIRECTION('',(0.946085358827544,0.323917418198154,0.));
#5086=DIRECTION('',(0.,0.,-1.));
#5087=DIRECTION('',(0.,0.,-1.));
#5088=DIRECTION('',(-1.,0.,0.));
#5089=DIRECTION('',(0.,0.,-1.));
#5090=DIRECTION('',(0.,0.,-1.));
#5091=DIRECTION('',(-1.,0.,0.));
#5092=DIRECTION('',(0.,0.,-1.));
#5093=DIRECTION('',(-1.,0.,0.));
#5094=DIRECTION('',(-0.439939169855913,-0.898027575760617,0.));
#5095=DIRECTION('',(0.898027575760617,-0.439939169855914,0.));
#5096=DIRECTION('',(-0.898027575760617,0.439939169855914,0.));
#5097=DIRECTION('',(-0.549022817998137,0.835807361368267,0.));
#5098=DIRECTION('',(-0.835807361368267,-0.549022817998137,0.));
#5099=DIRECTION('',(0.835807361368267,0.549022817998137,0.));
#5100=DIRECTION('',(0.,0.,-1.));
#5101=DIRECTION('',(0.,0.,-1.));
#5102=DIRECTION('',(-1.,0.,0.));
#5103=DIRECTION('',(0.,0.,-1.));
#5104=DIRECTION('',(0.,0.,-1.));
#5105=DIRECTION('',(-1.,0.,0.));
#5106=DIRECTION('',(0.,0.,-1.));
#5107=DIRECTION('',(-1.,0.,0.));
#5108=DIRECTION('',(-0.20278729535651,-0.979222810621766,0.));
#5109=DIRECTION('',(0.979222810621766,-0.20278729535651,0.));
#5110=DIRECTION('',(-0.979222810621766,0.20278729535651,0.));
#5111=DIRECTION('',(0.,0.,-1.));
#5112=DIRECTION('',(-1.,0.,0.));
#5113=DIRECTION('',(0.,0.,-1.));
#5114=DIRECTION('',(-1.,0.,0.));
#5115=DIRECTION('',(0.,0.,1.));
#5116=DIRECTION('',(1.,0.,0.));
#5117=DIRECTION('',(0.,0.,1.));
#5118=DIRECTION('',(1.,0.,0.));
#5119=DIRECTION('',(-0.739631094978614,0.673012513509769,0.));
#5120=DIRECTION('',(-0.673012513509769,-0.739631094978614,0.));
#5121=DIRECTION('',(0.673012513509769,0.739631094978614,0.));
#5122=DIRECTION('',(0.,0.,-1.));
#5123=DIRECTION('',(1.,0.,0.));
#5124=DIRECTION('',(0.,0.,1.));
#5125=DIRECTION('',(1.,0.,0.));
#5126=DIRECTION('',(0.,0.,-1.));
#5127=DIRECTION('',(-1.,0.,0.));
#5128=DIRECTION('',(0.,0.,1.));
#5129=DIRECTION('',(1.,0.,0.));
#5130=DIRECTION('',(0.,0.,1.));
#5131=DIRECTION('',(1.,0.,0.));
#5132=DIRECTION('',(0.,0.,-1.));
#5133=DIRECTION('',(-1.,0.,0.));
#5134=DIRECTION('',(0.,0.,1.));
#5135=DIRECTION('',(1.,0.,0.));
#5136=DIRECTION('',(0.,0.,1.));
#5137=DIRECTION('',(1.,0.,0.));
#5138=DIRECTION('',(0.,0.,1.));
#5139=DIRECTION('',(1.,0.,0.));
#5140=DIRECTION('',(0.,0.,-1.));
#5141=DIRECTION('',(-1.,0.,0.));
#5142=DIRECTION('',(0.,0.,1.));
#5143=DIRECTION('',(1.,0.,0.));
#5144=DIRECTION('',(0.,0.,1.));
#5145=DIRECTION('',(1.,0.,0.));
#5146=DIRECTION('',(0.,0.,1.));
#5147=DIRECTION('',(1.,0.,0.));
#5148=DIRECTION('',(0.,0.,1.));
#5149=DIRECTION('',(1.,0.,0.));
#5150=DIRECTION('',(0.,0.,1.));
#5151=DIRECTION('',(1.,0.,0.));
#5152=DIRECTION('',(0.,0.,1.));
#5153=DIRECTION('',(1.,0.,0.));
#5154=DIRECTION('',(0.,0.,1.));
#5155=DIRECTION('',(1.,0.,0.));
#5156=DIRECTION('',(0.,0.,1.));
#5157=DIRECTION('',(1.,0.,0.));
#5158=DIRECTION('',(0.996632282233611,-0.0820005732286358,0.));
#5159=DIRECTION('',(0.,0.,1.));
#5160=DIRECTION('',(1.,0.,0.));
#5161=DIRECTION('',(-0.996632282233611,-0.0820005732286357,0.));
#5162=DIRECTION('',(0.0820005732286357,-0.996632282233611,0.));
#5163=DIRECTION('',(0.996632282233611,0.0820005732286357,0.));
#5164=DIRECTION('',(0.,0.,-1.));
#5165=DIRECTION('',(-0.996632282233611,-0.0820005732286357,0.));
#5166=DIRECTION('',(0.,0.,-1.));
#5167=DIRECTION('',(0.996632282233611,0.0820005732286357,0.));
#5168=DIRECTION('',(0.,0.,-1.));
#5169=DIRECTION('',(-1.,0.,0.));
#5170=DIRECTION('',(0.,0.,1.));
#5171=DIRECTION('',(1.,0.,0.));
#5172=DIRECTION('',(0.,0.,1.));
#5173=DIRECTION('',(1.,0.,0.));
#5174=DIRECTION('',(0.,0.,-1.));
#5175=DIRECTION('',(-1.,0.,0.));
#5176=DIRECTION('',(0.,0.,1.));
#5177=DIRECTION('',(1.,0.,0.));
#5178=DIRECTION('',(0.,0.,1.));
#5179=DIRECTION('',(1.,0.,0.));
#5180=DIRECTION('',(0.,0.,-1.));
#5181=DIRECTION('',(-1.,0.,0.));
#5182=DIRECTION('',(0.,0.,1.));
#5183=DIRECTION('',(1.,0.,0.));
#5184=DIRECTION('',(0.,0.,1.));
#5185=DIRECTION('',(1.,0.,0.));
#5186=DIRECTION('',(0.,0.,-1.));
#5187=DIRECTION('',(-1.,0.,0.));
#5188=DIRECTION('',(0.,0.,1.));
#5189=DIRECTION('',(1.,0.,0.));
#5190=DIRECTION('',(0.,0.,1.));
#5191=DIRECTION('',(1.,0.,0.));
#5192=DIRECTION('',(0.,0.,-1.));
#5193=DIRECTION('',(-1.,0.,0.));
#5194=DIRECTION('',(0.,0.,1.));
#5195=DIRECTION('',(1.,0.,0.));
#5196=DIRECTION('',(0.,0.,1.));
#5197=DIRECTION('',(1.,0.,0.));
#5198=DIRECTION('',(0.,0.,-1.));
#5199=DIRECTION('',(-1.,0.,0.));
#5200=DIRECTION('',(0.,0.,1.));
#5201=DIRECTION('',(1.,0.,0.));
#5202=DIRECTION('',(0.,0.,1.));
#5203=DIRECTION('',(1.,0.,0.));
#5204=DIRECTION('',(0.,0.,-1.));
#5205=DIRECTION('',(-1.,0.,0.));
#5206=DIRECTION('',(0.,0.,1.));
#5207=DIRECTION('',(1.,0.,0.));
#5208=DIRECTION('',(0.,0.,-1.));
#5209=DIRECTION('',(0.,0.,1.));
#5210=DIRECTION('',(1.,0.,0.));
#5211=DIRECTION('',(0.0820005732286357,0.996632282233611,0.));
#5212=DIRECTION('',(-0.996632282233611,0.0820005732286357,0.));
#5213=DIRECTION('',(0.,0.,-1.));
#5214=DIRECTION('',(0.996632282233611,-0.0820005732286357,0.));
#5215=DIRECTION('',(-0.996632282233611,0.0820005732286357,0.));
#5216=DIRECTION('',(0.,0.,-1.));
#5217=DIRECTION('',(-1.,0.,0.));
#5218=DIRECTION('',(0.,0.,-1.));
#5219=DIRECTION('',(0.,0.,1.));
#5220=DIRECTION('',(1.,0.,0.));
#5221=DIRECTION('',(0.,0.,1.));
#5222=DIRECTION('',(1.,0.,0.));
#5223=DIRECTION('',(-0.0820005732286358,0.996632282233611,0.));
#5224=DIRECTION('',(-0.996632282233611,-0.0820005732286358,0.));
#5225=DIRECTION('',(0.,0.,-1.));
#5226=DIRECTION('',(-0.996632282233611,-0.0820005732286358,0.));
#5227=DIRECTION('',(0.996632282233611,0.0820005732286358,0.));
#5228=DIRECTION('',(0.,0.,-1.));
#5229=DIRECTION('',(-1.,0.,0.));
#5230=DIRECTION('',(0.,0.,-1.));
#5231=DIRECTION('',(0.,0.,1.));
#5232=DIRECTION('',(1.,0.,0.));
#5233=DIRECTION('',(0.,0.,1.));
#5234=DIRECTION('',(1.,0.,0.));
#5235=DIRECTION('',(-0.0820005732286357,-0.996632282233611,0.));
#5236=DIRECTION('',(0.996632282233611,-0.0820005732286357,0.));
#5237=DIRECTION('',(0.996632282233611,-0.0820005732286357,0.));
#5238=DIRECTION('',(0.,0.,-1.));
#5239=DIRECTION('',(-0.996632282233611,0.0820005732286357,0.));
#5240=DIRECTION('',(0.,0.,-1.));
#5241=DIRECTION('',(-1.,0.,0.));
#5242=DIRECTION('',(0.,0.,1.));
#5243=DIRECTION('',(1.,0.,0.));
#5244=DIRECTION('',(0.,0.,1.));
#5245=DIRECTION('',(1.,0.,0.));
#5246=DIRECTION('',(0.,0.,1.));
#5247=DIRECTION('',(1.,0.,0.));
#5248=DIRECTION('',(0.,0.,-1.));
#5249=DIRECTION('',(-1.,0.,0.));
#5250=DIRECTION('',(0.,0.,-1.));
#5251=DIRECTION('',(-1.,0.,0.));
#5252=DIRECTION('',(0.,0.,-1.));
#5253=DIRECTION('',(-1.,0.,0.));
#5254=DIRECTION('',(-0.0579831613911523,-0.704725445116811,0.707106781186548));
#5255=DIRECTION('',(-0.996632282233611,0.0820005732286357,0.));
#5256=DIRECTION('',(0.0579831613911482,0.704725445116812,0.707106781186547));
#5257=DIRECTION('',(-0.0579831613911531,-0.704725445116811,-0.707106781186547));
#5258=DIRECTION('',(0.,0.,1.));
#5259=DIRECTION('',(1.,0.,0.));
#5260=DIRECTION('',(0.0579831613911501,-0.704725445116792,-0.707106781186567));
#5261=DIRECTION('',(0.,0.,1.));
#5262=DIRECTION('',(1.,0.,0.));
#5263=DIRECTION('',(0.0579831613911484,-0.70472544511681,0.707106781186549));
#5264=DIRECTION('',(-0.0579831613911523,0.70472544511681,-0.707106781186548));
#5265=DIRECTION('',(-0.996632282233611,-0.0820005732286358,0.));
#5266=DIRECTION('',(0.0579831613911484,-0.704725445116813,-0.707106781186547));
#5267=DIRECTION('',(0.0579831613911524,-0.704725445116811,-0.707106781186547));
#5268=DIRECTION('',(0.996632282233611,0.0820005732286357,0.));
#5269=DIRECTION('',(0.0579831613911532,-0.704725445116812,0.707106781186547));
#5270=DIRECTION('',(0.,0.,1.));
#5271=DIRECTION('',(1.,0.,0.));
#5272=DIRECTION('',(0.0579831613911484,0.704725445116812,-0.707106781186547));
#5273=DIRECTION('',(0.,0.,1.));
#5274=DIRECTION('',(1.,0.,0.));
#5275=DIRECTION('',(-0.0579831613911499,-0.704725445116792,0.707106781186567));
#5276=DIRECTION('',(0.0579831613911523,0.70472544511681,0.707106781186549));
#5277=DIRECTION('',(0.996632282233611,-0.0820005732286357,0.));
#5278=DIRECTION('',(0.,0.,-1.));
#5279=DIRECTION('',(-1.,0.,0.));
#5280=DIRECTION('',(0.,0.,-1.));
#5281=DIRECTION('',(-1.,0.,0.));
#5282=DIRECTION('',(0.,0.,-1.));
#5283=DIRECTION('',(-1.,0.,0.));
#5284=DIRECTION('',(0.0579831613911523,0.70472544511681,0.707106781186549));
#5285=DIRECTION('',(0.996632282233611,-0.0820005732286357,0.));
#5286=DIRECTION('',(-0.0579831613911484,-0.704725445116814,0.707106781186545));
#5287=DIRECTION('',(0.0579831613911533,0.704725445116814,-0.707106781186545));
#5288=DIRECTION('',(0.,0.,-1.));
#5289=DIRECTION('',(-1.,0.,0.));
#5290=DIRECTION('',(-0.05798316139115,0.704725445116794,-0.707106781186565));
#5291=DIRECTION('',(0.,0.,-1.));
#5292=DIRECTION('',(-1.,0.,0.));
#5293=DIRECTION('',(-0.0579831613911486,0.704725445116812,0.707106781186547));
#5294=DIRECTION('',(0.0579831613911523,-0.70472544511681,-0.707106781186549));
#5295=DIRECTION('',(0.996632282233611,0.0820005732286358,0.));
#5296=DIRECTION('',(-0.0579831613911485,0.704725445116813,-0.707106781186546));
#5297=DIRECTION('',(-0.0579831613911522,0.704725445116809,-0.70710678118655));
#5298=DIRECTION('',(-0.996632282233611,-0.0820005732286357,0.));
#5299=DIRECTION('',(-0.0579831613911534,0.704725445116812,0.707106781186546));
#5300=DIRECTION('',(0.,0.,-1.));
#5301=DIRECTION('',(-1.,0.,0.));
#5302=DIRECTION('',(-0.0579831613911485,-0.704725445116813,-0.707106781186546));
#5303=DIRECTION('',(0.,0.,-1.));
#5304=DIRECTION('',(-1.,0.,0.));
#5305=DIRECTION('',(0.05798316139115,0.704725445116794,0.707106781186565));
#5306=DIRECTION('',(-0.0579831613911522,-0.704725445116809,0.70710678118655));
#5307=DIRECTION('',(-0.996632282233611,0.0820005732286357,0.));
#5308=DIRECTION('',(0.,0.,1.));
#5309=DIRECTION('',(1.,0.,0.));
#5310=DIRECTION('',(0.,0.,1.));
#5311=DIRECTION('',(1.,0.,0.));
#5312=DIRECTION('',(0.,0.,1.));
#5313=DIRECTION('',(1.,0.,0.));
#5314=DIRECTION('',(0.,0.,1.));
#5315=DIRECTION('',(1.,0.,0.));
#5316=DIRECTION('',(0.,0.,1.));
#5317=DIRECTION('',(1.,0.,0.));
#5318=DIRECTION('',(0.,0.,1.));
#5319=DIRECTION('',(1.,0.,0.));
#5320=DIRECTION('',(0.,0.,1.));
#5321=DIRECTION('',(1.,0.,0.));
#5322=DIRECTION('',(0.,0.,1.));
#5323=DIRECTION('',(1.,0.,0.));
#5324=DIRECTION('',(0.,0.,1.));
#5325=DIRECTION('',(1.,0.,0.));
#5326=DIRECTION('',(0.,0.,1.));
#5327=DIRECTION('',(1.,0.,0.));
#5328=DIRECTION('',(0.,0.,1.));
#5329=DIRECTION('',(1.,0.,0.));
#5330=DIRECTION('',(0.,0.,1.));
#5331=DIRECTION('',(1.,0.,0.));
#5332=DIRECTION('',(0.,0.,1.));
#5333=DIRECTION('',(1.,0.,0.));
#5334=DIRECTION('',(0.,0.,1.));
#5335=DIRECTION('',(1.,0.,0.));
#5336=DIRECTION('',(0.,0.,-1.));
#5337=DIRECTION('',(-1.,0.,0.));
#5338=DIRECTION('',(0.,-1.,0.));
#5339=DIRECTION('',(0.,0.,-1.));
#5340=DIRECTION('',(0.,0.,-1.));
#5341=DIRECTION('',(-1.,0.,0.));
#5342=DIRECTION('',(0.,0.,-1.));
#5343=DIRECTION('',(1.,0.,0.));
#5344=DIRECTION('',(0.,0.,-1.));
#5345=DIRECTION('',(0.,0.,-1.));
#5346=DIRECTION('',(0.,-1.,0.));
#5347=DIRECTION('',(0.,1.,0.));
#5348=DIRECTION('',(0.,0.,1.));
#5349=DIRECTION('',(0.,0.,-1.));
#5350=DIRECTION('',(1.,0.,0.));
#5351=DIRECTION('',(1.,0.,0.));
#5352=DIRECTION('',(0.,0.,-1.));
#5353=DIRECTION('',(0.,0.,-1.));
#5354=DIRECTION('',(0.,-1.,0.));
#5355=DIRECTION('',(0.699198848635557,-0.714927248093617,0.));
#5356=DIRECTION('',(0.714927248093617,0.699198848635557,0.));
#5357=DIRECTION('',(0.,0.,-1.));
#5358=DIRECTION('',(-0.714927248093617,-0.699198848635557,0.));
#5359=DIRECTION('',(0.,0.,-1.));
#5360=DIRECTION('',(0.,0.,-1.));
#5361=DIRECTION('',(0.,0.,-1.));
#5362=DIRECTION('',(0.,0.,-1.));
#5363=DIRECTION('',(0.,0.,-1.));
#5364=DIRECTION('',(-0.788870641638786,-0.614559281729933,0.));
#5365=DIRECTION('',(0.614559281729933,-0.788870641638786,0.));
#5366=DIRECTION('',(0.,0.,-1.));
#5367=DIRECTION('',(-0.614559281729933,0.788870641638786,0.));
#5368=DIRECTION('',(0.,0.,-1.));
#5369=DIRECTION('',(0.,0.,-1.));
#5370=DIRECTION('',(0.,0.,-1.));
#5371=DIRECTION('',(0.,0.,-1.));
#5372=DIRECTION('',(0.,0.,-1.));
#5373=DIRECTION('',(0.,0.,-1.));
#5374=DIRECTION('',(0.,0.,-1.));
#5375=DIRECTION('',(-0.708863560070766,0.705345626770167,0.));
#5376=DIRECTION('',(-0.705345626770167,-0.708863560070766,0.));
#5377=DIRECTION('',(0.,0.,-1.));
#5378=DIRECTION('',(0.705345626770167,0.708863560070766,0.));
#5379=DIRECTION('',(-1.,0.,0.));
#5380=DIRECTION('',(0.,0.,1.));
#5381=DIRECTION('',(0.,1.,0.));
#5382=DIRECTION('',(0.,0.,1.));
#5383=DIRECTION('',(1.,0.,0.));
#5384=DIRECTION('',(0.,-1.,0.));
#5385=DIRECTION('',(0.,0.,-1.));
#5386=DIRECTION('',(0.,0.,-1.));
#5387=DIRECTION('',(-1.,0.,0.));
#5388=DIRECTION('',(0.,0.,-1.));
#5389=DIRECTION('',(1.,0.,0.));
#5390=DIRECTION('',(0.,0.,-1.));
#5391=DIRECTION('',(0.,0.,-1.));
#5392=DIRECTION('',(0.,-1.,0.));
#5393=DIRECTION('',(0.,-1.,0.));
#5394=DIRECTION('',(0.,0.,-1.));
#5395=DIRECTION('',(0.,0.,-1.));
#5396=DIRECTION('',(-1.,0.,0.));
#5397=DIRECTION('',(1.,0.,0.));
#5398=DIRECTION('',(0.,0.,-1.));
#5399=DIRECTION('',(0.,0.,-1.));
#5400=DIRECTION('',(0.,-1.,0.));
#5401=DIRECTION('',(0.,1.,0.));
#5402=DIRECTION('',(0.,0.,1.));
#5403=DIRECTION('',(0.,0.,-1.));
#5404=DIRECTION('',(1.,0.,0.));
#5405=DIRECTION('',(-1.,0.,0.));
#5406=DIRECTION('',(0.,0.,1.));
#5407=DIRECTION('',(0.,0.,-1.));
#5408=DIRECTION('',(0.,1.,0.));
#5409=DIRECTION('',(0.,-1.,0.));
#5410=DIRECTION('',(0.,0.,-1.));
#5411=DIRECTION('',(0.,0.,-1.));
#5412=DIRECTION('',(-1.,0.,0.));
#5413=DIRECTION('',(-1.,0.,0.));
#5414=DIRECTION('',(0.,0.,1.));
#5415=DIRECTION('',(0.,1.,0.));
#5416=DIRECTION('',(0.,0.,1.));
#5417=DIRECTION('',(1.,0.,0.));
#5418=DIRECTION('',(0.,0.,-1.));
#5419=DIRECTION('',(0.,0.,-1.));
#5420=DIRECTION('',(0.,0.,-1.));
#5421=DIRECTION('',(0.996444857796498,-0.0842475244201123,0.));
#5422=DIRECTION('',(0.0842475244201123,0.996444857796498,0.));
#5423=DIRECTION('',(0.,0.,-1.));
#5424=DIRECTION('',(-0.0842475244201124,-0.996444857796498,0.));
#5425=DIRECTION('',(0.,-1.,0.));
#5426=DIRECTION('',(0.,0.,-1.));
#5427=DIRECTION('',(0.,0.,-1.));
#5428=DIRECTION('',(-1.,0.,0.));
#5429=DIRECTION('',(1.,0.,0.));
#5430=DIRECTION('',(0.,0.,-1.));
#5431=DIRECTION('',(0.,0.,-1.));
#5432=DIRECTION('',(0.,-1.,0.));
#5433=DIRECTION('',(0.,1.,0.));
#5434=DIRECTION('',(0.,0.,1.));
#5435=DIRECTION('',(0.,0.,-1.));
#5436=DIRECTION('',(1.,0.,0.));
#5437=DIRECTION('',(-0.996779601288658,0.0801899398604535,0.));
#5438=DIRECTION('',(-0.0801899398604535,-0.996779601288658,0.));
#5439=DIRECTION('',(0.,0.,-1.));
#5440=DIRECTION('',(0.0801899398604535,0.996779601288659,0.));
#5441=DIRECTION('',(-0.538698147162617,-0.84249884643456,0.));
#5442=DIRECTION('',(0.84249884643456,-0.538698147162617,0.));
#5443=DIRECTION('',(0.,0.,-1.));
#5444=DIRECTION('',(-0.84249884643456,0.538698147162617,0.));
#5445=DIRECTION('',(0.,0.,-1.));
#5446=DIRECTION('',(0.,0.,-1.));
#5447=DIRECTION('',(0.,0.,-1.));
#5448=DIRECTION('',(0.,0.,-1.));
#5449=DIRECTION('',(0.,0.,-1.));
#5450=DIRECTION('',(0.,0.,-1.));
#5451=DIRECTION('',(-1.,0.,0.));
#5452=DIRECTION('',(0.,0.,1.));
#5453=DIRECTION('',(0.,0.,-1.));
#5454=DIRECTION('',(0.,1.,0.));
#5455=DIRECTION('',(0.,0.,-1.));
#5456=DIRECTION('',(0.,0.,-1.));
#5457=DIRECTION('',(0.,0.,-1.));
#5458=DIRECTION('',(0.,0.,1.));
#5459=DIRECTION('',(1.,0.,0.));
#5460=CARTESIAN_POINT('',(0.,0.,0.));
#5461=CARTESIAN_POINT('',(0.,0.,0.0015));
#5462=CARTESIAN_POINT('',(-0.02025,1.70646050580954E-19,0.0015));
#5463=CARTESIAN_POINT('',(-0.0189,1.70646050580954E-19,0.0015));
#5464=CARTESIAN_POINT('',(-0.0165,1.70646050580954E-19,0.0015));
#5465=CARTESIAN_POINT('',(-0.01515,1.70646050580954E-19,0.0015));
#5466=CARTESIAN_POINT('',(-0.01275,1.70646050580954E-19,0.0015));
#5467=CARTESIAN_POINT('',(-0.0114,1.70646050580954E-19,0.0015));
#5468=CARTESIAN_POINT('',(0.01275,4.48201806737242E-19,0.0015));
#5469=CARTESIAN_POINT('',(0.0141,4.48201806737242E-19,0.0015));
#5470=CARTESIAN_POINT('',(0.0165,4.48201806737242E-19,0.0015));
#5471=CARTESIAN_POINT('',(0.01785,4.48201806737242E-19,0.0015));
#5472=CARTESIAN_POINT('',(0.02025,-5.81707229052734E-20,0.0015));
#5473=CARTESIAN_POINT('',(0.0216,-5.81707229052734E-20,0.0015));
#5474=CARTESIAN_POINT('',(0.,-5.97015314584335E-20,0.0015));
#5475=CARTESIAN_POINT('',(0.00245,-5.97015314584335E-20,0.0015));
#5476=CARTESIAN_POINT('',(-0.020071211364252,-3.23092247400681E-17,0.0015));
#5477=CARTESIAN_POINT('',(-0.0203277738258945,0.0031182517586721,0.0015));
#5478=CARTESIAN_POINT('',(-0.0203277738258945,-0.00311825175867216,0.0015));
#5479=CARTESIAN_POINT('',(-0.00462949985669284,-0.00440986902526295,0.0015));
#5480=CARTESIAN_POINT('',(-0.00462949985669293,-0.00440986902526402,0.0015));
#5481=CARTESIAN_POINT('',(-3.46944695195838E-18,0.0518569206581622,0.0015));
#5482=CARTESIAN_POINT('',(0.00462949985669284,-0.00440986902526295,0.0015));
#5483=CARTESIAN_POINT('',(0.000391523173746877,-0.00475855983482846,0.0015));
#5484=CARTESIAN_POINT('',(0.0203277738258945,-0.00311825175867216,0.0015));
#5485=CARTESIAN_POINT('',(0.020071211364252,-3.23092247400681E-17,0.0015));
#5486=CARTESIAN_POINT('',(0.0203277738258945,0.00311825175867216,0.0015));
#5487=CARTESIAN_POINT('',(0.00462949985669284,0.00440986902526295,0.0015));
#5488=CARTESIAN_POINT('',(0.00462949985669293,0.00440986902526402,0.0015));
#5489=CARTESIAN_POINT('',(3.46944695195361E-18,-0.0518569206581622,0.0015));
#5490=CARTESIAN_POINT('',(-0.00462949985669284,0.00440986902526295,0.0015));
#5491=CARTESIAN_POINT('',(-0.000391523173746877,0.00475855983482846,0.0015));
#5492=CARTESIAN_POINT('',(0.00525135990725878,-0.0010120608168361,0.0015));
#5493=CARTESIAN_POINT('',(0.00525135990725878,-0.00089410558230783,0.0015));
#5494=CARTESIAN_POINT('',(0.00525135990725878,-0.00113001605136437,0.0015));
#5495=CARTESIAN_POINT('',(0.004514936686285,-0.00113001605136437,0.0015));
#5496=CARTESIAN_POINT('',(0.00377851346531122,-0.00113001605136437,0.0015));
#5497=CARTESIAN_POINT('',(0.00377851346531122,-0.00102039860888175,0.0015));
#5498=CARTESIAN_POINT('',(0.00377851346531122,-0.000910781166399144,0.0015));
#5499=CARTESIAN_POINT('',(0.00407352416622079,-0.000614299090422686,0.0015));
#5500=CARTESIAN_POINT('',(0.00436853486713038,-0.000317817014446229,0.0015));
#5501=CARTESIAN_POINT('',(0.00436853486713038,-0.000317817014446229,0.0015));
#5502=CARTESIAN_POINT('',(0.00463828696272517,-4.46317103620479E-5,0.0015));
#5503=CARTESIAN_POINT('',(0.00472411717495987,7.18521490993397E-5,0.0015));
#5504=CARTESIAN_POINT('',(0.00472411717495987,7.18521490993397E-5,0.0015));
#5505=CARTESIAN_POINT('',(0.00472411717495987,7.18521490993397E-5,0.0015));
#5506=CARTESIAN_POINT('',(0.00480994738719458,0.000188336008560727,0.0015));
#5507=CARTESIAN_POINT('',(0.00485286249331193,0.000298689138576778,0.0015));
#5508=CARTESIAN_POINT('',(0.00485286249331193,0.000298689138576778,0.0015));
#5509=CARTESIAN_POINT('',(0.00485286249331193,0.000298689138576778,0.0015));
#5510=CARTESIAN_POINT('',(0.00489577759942929,0.00040904226859283,0.0015));
#5511=CARTESIAN_POINT('',(0.00489577759942929,0.000536070982700196,0.0015));
#5512=CARTESIAN_POINT('',(0.00489577759942929,0.000536070982700196,0.0015));
#5513=CARTESIAN_POINT('',(0.00489577759942929,0.000536070982700196,0.0015));
#5514=CARTESIAN_POINT('',(0.00489577759942929,0.000715578740859639,0.0015));
#5515=CARTESIAN_POINT('',(0.00478689584448012,0.000820536828963795,0.0015));
#5516=CARTESIAN_POINT('',(0.00478689584448012,0.000820536828963795,0.0015));
#5517=CARTESIAN_POINT('',(0.00478689584448012,0.000820536828963795,0.0015));
#5518=CARTESIAN_POINT('',(0.00467801408953094,0.00092549491706795,0.0015));
#5519=CARTESIAN_POINT('',(0.00448477349741395,0.00092549491706795,0.0015));
#5520=CARTESIAN_POINT('',(0.00448477349741395,0.00092549491706795,0.0015));
#5521=CARTESIAN_POINT('',(0.00448477349741395,0.00092549491706795,0.0015));
#5522=CARTESIAN_POINT('',(0.00434548332441591,0.00092549491706795,0.0015));
#5523=CARTESIAN_POINT('',(0.00422041644373105,0.000879391831639022,0.0015));
#5524=CARTESIAN_POINT('',(0.00422041644373105,0.000879391831639022,0.0015));
#5525=CARTESIAN_POINT('',(0.00422041644373105,0.000879391831639022,0.0015));
#5526=CARTESIAN_POINT('',(0.0040953495630462,0.000833288746210094,0.0015));
#5527=CARTESIAN_POINT('',(0.0039423265560906,0.000712145532370251,0.0015));
#5528=CARTESIAN_POINT('',(0.0039423265560906,0.000712145532370251,0.0015));
#5529=CARTESIAN_POINT('',(0.00387488853219191,0.000798711432138398,0.0015));
#5530=CARTESIAN_POINT('',(0.00380745050829321,0.000885277331906545,0.0015));
#5531=CARTESIAN_POINT('',(0.00380745050829321,0.000885277331906545,0.0015));
#5532=CARTESIAN_POINT('',(0.00411692973069377,0.00114276796861066,0.0015));
#5533=CARTESIAN_POINT('',(0.00448183074728018,0.00114276796861066,0.0015));
#5534=CARTESIAN_POINT('',(0.00448183074728018,0.00114276796861066,0.0015));
#5535=CARTESIAN_POINT('',(0.00448183074728018,0.00114276796861066,0.0015));
#5536=CARTESIAN_POINT('',(0.00479768592830391,0.00114276796861066,0.0015));
#5537=CARTESIAN_POINT('',(0.00497694845728554,0.000981161940431603,0.0015));
#5538=CARTESIAN_POINT('',(0.00497694845728554,0.000981161940431603,0.0015));
#5539=CARTESIAN_POINT('',(0.00497694845728554,0.000981161940431603,0.0015));
#5540=CARTESIAN_POINT('',(0.00515621098626717,0.000819555912252541,0.0015));
#5541=CARTESIAN_POINT('',(0.00515621098626717,0.000546861066523987,0.0015));
#5542=CARTESIAN_POINT('',(0.00515621098626717,0.000546861066523987,0.0015));
#5543=CARTESIAN_POINT('',(0.00515621098626717,0.000546861066523987,0.0015));
#5544=CARTESIAN_POINT('',(0.00515621098626717,0.000333511681826288,0.0015));
#5545=CARTESIAN_POINT('',(0.0050365391474942,0.000125066880684858,0.0015));
#5546=CARTESIAN_POINT('',(0.0050365391474942,0.000125066880684858,0.0015));
#5547=CARTESIAN_POINT('',(0.0050365391474942,0.000125066880684858,0.0015));
#5548=CARTESIAN_POINT('',(0.00491686730872124,-8.33779204565724E-5,0.0015));
#5549=CARTESIAN_POINT('',(0.00458924112716248,-0.000402175851614054,0.0015));
#5550=CARTESIAN_POINT('',(0.00458924112716248,-0.000402175851614054,0.0015));
#5551=CARTESIAN_POINT('',(0.00434401194934903,-0.000642009987515606,0.0015));
#5552=CARTESIAN_POINT('',(0.00409878277153558,-0.000881844123417157,0.0015));
#5553=CARTESIAN_POINT('',(0.00409878277153558,-0.000887974852862493,0.0015));
#5554=CARTESIAN_POINT('',(0.00409878277153558,-0.00089410558230783,0.0015));
#5555=CARTESIAN_POINT('',(0.00467507133939718,-0.00089410558230783,0.0015));
#5556=CARTESIAN_POINT('',(0.00821176654182272,-0.000125312109862672,0.0015));
#5557=CARTESIAN_POINT('',(0.00821176654182272,0.000879391831639022,0.0015));
#5558=CARTESIAN_POINT('',(0.00821176654182272,-0.00113001605136437,0.0015));
#5559=CARTESIAN_POINT('',(0.00808154984840378,-0.00113001605136437,0.0015));
#5560=CARTESIAN_POINT('',(0.00795133315498484,-0.00113001605136437,0.0015));
#5561=CARTESIAN_POINT('',(0.00795133315498484,-0.000125312109862672,0.0015));
#5562=CARTESIAN_POINT('',(0.00795133315498484,0.000879391831639022,0.0015));
#5563=CARTESIAN_POINT('',(0.00759648653468878,0.000879391831639022,0.0015));
#5564=CARTESIAN_POINT('',(0.00724163991439272,0.000879391831639022,0.0015));
#5565=CARTESIAN_POINT('',(0.00724163991439272,0.000995140003566969,0.0015));
#5566=CARTESIAN_POINT('',(0.00724163991439272,0.00111088817549492,0.0015));
#5567=CARTESIAN_POINT('',(0.00808154984840378,0.00111088817549492,0.0015));
#5568=CARTESIAN_POINT('',(0.00892145978241484,0.00111088817549492,0.0015));
#5569=CARTESIAN_POINT('',(0.00892145978241484,0.000995140003566969,0.0015));
#5570=CARTESIAN_POINT('',(0.00892145978241484,0.000879391831639022,0.0015));
#5571=CARTESIAN_POINT('',(0.00856661316211878,0.000879391831639022,0.0015));
#5572=CARTESIAN_POINT('',(0.00592230693775638,0.000203540217585161,0.0015));
#5573=CARTESIAN_POINT('',(0.00609838148742643,0.000238853219190298,0.0015));
#5574=CARTESIAN_POINT('',(0.00627347512038523,0.000238853219190298,0.0015));
#5575=CARTESIAN_POINT('',(0.00592230693775638,0.000203540217585161,0.0015));
#5576=CARTESIAN_POINT('',(0.00627347512038523,0.000238853219190298,0.0015));
#5577=CARTESIAN_POINT('',(0.00627347512038523,0.000238853219190298,0.0015));
#5578=CARTESIAN_POINT('',(0.00662758605314785,0.000238853219190298,0.0015));
#5579=CARTESIAN_POINT('',(0.00683063581237739,6.32691278758691E-5,0.0015));
#5580=CARTESIAN_POINT('',(0.00683063581237739,6.32691278758691E-5,0.0015));
#5581=CARTESIAN_POINT('',(0.00683063581237739,6.32691278758691E-5,0.0015));
#5582=CARTESIAN_POINT('',(0.00703368557160692,-0.000112314963438559,0.0015));
#5583=CARTESIAN_POINT('',(0.00703368557160692,-0.000417380060638488,0.0015));
#5584=CARTESIAN_POINT('',(0.00703368557160692,-0.000417380060638488,0.0015));
#5585=CARTESIAN_POINT('',(0.00703368557160692,-0.000417380060638488,0.0015));
#5586=CARTESIAN_POINT('',(0.00703368557160692,-0.000765115034777956,0.0015));
#5587=CARTESIAN_POINT('',(0.00681224362404138,-0.000963014981273408,0.0015));
#5588=CARTESIAN_POINT('',(0.00681224362404138,-0.000963014981273408,0.0015));
#5589=CARTESIAN_POINT('',(0.00681224362404138,-0.000963014981273408,0.0015));
#5590=CARTESIAN_POINT('',(0.00659080167647583,-0.00116091492776886,0.0015));
#5591=CARTESIAN_POINT('',(0.00620137774210808,-0.00116091492776886,0.0015));
#5592=CARTESIAN_POINT('',(0.00620137774210808,-0.00116091492776886,0.0015));
#5593=CARTESIAN_POINT('',(0.00620137774210808,-0.00116091492776886,0.0015));
#5594=CARTESIAN_POINT('',(0.00582274389156412,-0.00116091492776886,0.0015));
#5595=CARTESIAN_POINT('',(0.0056236177991796,-0.00103977171392902,0.0015));
#5596=CARTESIAN_POINT('',(0.0056236177991796,-0.00103977171392902,0.0015));
#5597=CARTESIAN_POINT('',(0.0056236177991796,-0.000917157125022294,0.0015));
#5598=CARTESIAN_POINT('',(0.0056236177991796,-0.00079454253611557,0.0015));
#5599=CARTESIAN_POINT('',(0.0056236177991796,-0.00079454253611557,0.0015));
#5600=CARTESIAN_POINT('',(0.00573053772070626,-0.000863206705903335,0.0015));
#5601=CARTESIAN_POINT('',(0.005889936686285,-0.000902443374353487,0.0015));
#5602=CARTESIAN_POINT('',(0.005889936686285,-0.000902443374353487,0.0015));
#5603=CARTESIAN_POINT('',(0.005889936686285,-0.000902443374353487,0.0015));
#5604=CARTESIAN_POINT('',(0.00604933565186374,-0.000941680042803638,0.0015));
#5605=CARTESIAN_POINT('',(0.00620432049224184,-0.000941680042803638,0.0015));
#5606=CARTESIAN_POINT('',(0.00620432049224184,-0.000941680042803638,0.0015));
#5607=CARTESIAN_POINT('',(0.00620432049224184,-0.000941680042803638,0.0015));
#5608=CARTESIAN_POINT('',(0.00647407258783663,-0.000941680042803638,0.0015));
#5609=CARTESIAN_POINT('',(0.00662341715712502,-0.000814406099518459,0.0015));
#5610=CARTESIAN_POINT('',(0.00662341715712502,-0.000814406099518459,0.0015));
#5611=CARTESIAN_POINT('',(0.00662341715712502,-0.000814406099518459,0.0015));
#5612=CARTESIAN_POINT('',(0.00677276172641341,-0.00068713215623328,0.0015));
#5613=CARTESIAN_POINT('',(0.00677276172641341,-0.000446317103620475,0.0015));
#5614=CARTESIAN_POINT('',(0.00677276172641341,-0.000446317103620475,0.0015));
#5615=CARTESIAN_POINT('',(0.00677276172641341,-0.000446317103620475,0.0015));
#5616=CARTESIAN_POINT('',(0.00677276172641341,2.25610843588367E-5,0.0015));
#5617=CARTESIAN_POINT('',(0.00619843499197432,2.25610843588367E-5,0.0015));
#5618=CARTESIAN_POINT('',(0.00619843499197432,2.25610843588367E-5,0.0015));
#5619=CARTESIAN_POINT('',(0.00619843499197432,2.25610843588367E-5,0.0015));
#5620=CARTESIAN_POINT('',(0.00605276886035313,2.25610843588367E-5,0.0015));
#5621=CARTESIAN_POINT('',(0.00580901105760656,-2.20706260032105E-5,0.0015));
#5622=CARTESIAN_POINT('',(0.00580901105760656,-2.20706260032107E-5,0.0015));
#5623=CARTESIAN_POINT('',(0.00574304440877475,2.01087925807022E-5,0.0015));
#5624=CARTESIAN_POINT('',(0.00567707775994293,6.22882111646159E-5,0.0015));
#5625=CARTESIAN_POINT('',(0.00571925717852684,0.000586588193329766,0.0015));
#5626=CARTESIAN_POINT('',(0.00576143659711076,0.00111088817549492,0.0015));
#5627=CARTESIAN_POINT('',(0.00631859728910291,0.00111088817549492,0.0015));
#5628=CARTESIAN_POINT('',(0.00687575798109506,0.00111088817549492,0.0015));
#5629=CARTESIAN_POINT('',(0.00687575798109506,0.000993668628500088,0.0015));
#5630=CARTESIAN_POINT('',(0.00687575798109506,0.000876449081505261,0.0015));
#5631=CARTESIAN_POINT('',(0.00642747904405208,0.000876449081505261,0.0015));
#5632=CARTESIAN_POINT('',(0.0059792001070091,0.000876449081505261,0.0015));
#5633=CARTESIAN_POINT('',(0.00595075352238274,0.000539994649545211,0.0015));
#5634=CARTESIAN_POINT('',(2.07516295813725E-16,1.3834419720915E-16,-0.003));
#5635=CARTESIAN_POINT('',(0.,0.,-0.00555));
#5636=CARTESIAN_POINT('',(0.00228978744778068,0.001333931573952,-0.00555));
#5637=CARTESIAN_POINT('',(0.00218192145160098,0.00150390118659553,-0.00555));
#5638=CARTESIAN_POINT('',(0.00228978744778068,0.001333931573952,-0.003));
#5639=CARTESIAN_POINT('',(0.00228978744778068,0.001333931573952,-0.003));
#5640=CARTESIAN_POINT('',(2.07516295813725E-16,1.3834419720915E-16,-0.003));
#5641=CARTESIAN_POINT('',(0.00218192145160098,0.00150390118659553,-0.003));
#5642=CARTESIAN_POINT('',(0.00218192145160098,0.00150390118659553,-0.003));
#5643=CARTESIAN_POINT('',(-4.44522890719057E-18,-7.91467585914418E-18,-0.003));
#5644=CARTESIAN_POINT('',(0.,0.,-0.00555));
#5645=CARTESIAN_POINT('',(0.0018861142718723,0.0018614706426478,-0.00555));
#5646=CARTESIAN_POINT('',(0.00173936736052452,0.00199927516493902,-0.00555));
#5647=CARTESIAN_POINT('',(0.0018861142718723,0.0018614706426478,-0.003));
#5648=CARTESIAN_POINT('',(0.00188611427187231,0.0018614706426478,-0.003));
#5649=CARTESIAN_POINT('',(-4.44522890719057E-18,-7.91467585914418E-18,-0.003));
#5650=CARTESIAN_POINT('',(0.00173936736052452,0.00199927516493902,-0.003));
#5651=CARTESIAN_POINT('',(0.00173936736052452,0.00199927516493902,-0.003));
#5652=CARTESIAN_POINT('',(6.5594231435373E-17,1.17093834628434E-16,-0.003));
#5653=CARTESIAN_POINT('',(0.,0.,-0.00555));
#5654=CARTESIAN_POINT('',(0.00136392959961913,0.0022720466648559,-0.00555));
#5655=CARTESIAN_POINT('',(0.00118752242124062,0.00236902733184968,-0.00555));
#5656=CARTESIAN_POINT('',(0.00136392959961913,0.0022720466648559,-0.003));
#5657=CARTESIAN_POINT('',(0.00136392959961913,0.0022720466648559,-0.003));
#5658=CARTESIAN_POINT('',(6.5594231435373E-17,1.17093834628434E-16,-0.003));
#5659=CARTESIAN_POINT('',(0.00118752242124062,0.00236902733184968,-0.003));
#5660=CARTESIAN_POINT('',(0.00118752242124062,0.00236902733184968,-0.003));
#5661=CARTESIAN_POINT('',(2.206351421008E-17,9.82287168271867E-17,-0.003));
#5662=CARTESIAN_POINT('',(0.,0.,-0.00555));
#5663=CARTESIAN_POINT('',(0.000756044214439714,0.00253986163910797,-0.00555));
#5664=CARTESIAN_POINT('',(0.000561061080828213,0.00258992479882715,-0.00555));
#5665=CARTESIAN_POINT('',(0.000756044214439714,0.00253986163910797,-0.003));
#5666=CARTESIAN_POINT('',(0.000756044214439714,0.00253986163910797,-0.003));
#5667=CARTESIAN_POINT('',(2.206351421008E-17,9.82287168271867E-17,-0.003));
#5668=CARTESIAN_POINT('',(0.000561061080828213,0.00258992479882715,-0.003));
#5669=CARTESIAN_POINT('',(0.000561061080828213,0.00258992479882715,-0.003));
#5670=CARTESIAN_POINT('',(6.78303984161244E-18,4.64038529823796E-17,-0.003));
#5671=CARTESIAN_POINT('',(0.,0.,-0.00555));
#5672=CARTESIAN_POINT('',(0.000100653790730927,0.0026480877656172,-0.00555));
#5673=CARTESIAN_POINT('',(-0.000100653790730947,0.0026480877656172,-0.00555));
#5674=CARTESIAN_POINT('',(0.000100653790730927,0.0026480877656172,-0.003));
#5675=CARTESIAN_POINT('',(0.000100653790730927,0.0026480877656172,-0.003));
#5676=CARTESIAN_POINT('',(6.78303984161244E-18,4.64038529823796E-17,-0.003));
#5677=CARTESIAN_POINT('',(-0.000100653790730948,0.0026480877656172,-0.003));
#5678=CARTESIAN_POINT('',(-0.000100653790730948,0.0026480877656172,-0.003));
#5679=CARTESIAN_POINT('',(-2.72134745293861E-17,1.10154940724527E-16,-0.003));
#5680=CARTESIAN_POINT('',(0.,0.,-0.00555));
#5681=CARTESIAN_POINT('',(-0.000561061080828232,0.00258992479882715,-0.00555));
#5682=CARTESIAN_POINT('',(-0.000756044214439734,0.00253986163910796,-0.00555));
#5683=CARTESIAN_POINT('',(-0.000561061080828233,0.00258992479882715,-0.003));
#5684=CARTESIAN_POINT('',(-0.000561061080828233,0.00258992479882715,-0.003));
#5685=CARTESIAN_POINT('',(-2.72134745293861E-17,1.10154940724527E-16,-0.003));
#5686=CARTESIAN_POINT('',(-0.000756044214439734,0.00253986163910796,-0.003));
#5687=CARTESIAN_POINT('',(-0.000756044214439734,0.00253986163910796,-0.003));
#5688=CARTESIAN_POINT('',(-4.36933475511658E-17,8.65193333643433E-17,-0.003));
#5689=CARTESIAN_POINT('',(0.,0.,-0.00555));
#5690=CARTESIAN_POINT('',(-0.00118752242124064,0.00236902733184967,-0.00555));
#5691=CARTESIAN_POINT('',(-0.00136392959961915,0.00227204666485588,-0.00555));
#5692=CARTESIAN_POINT('',(-0.00118752242124064,0.00236902733184967,-0.003));
#5693=CARTESIAN_POINT('',(-0.00118752242124064,0.00236902733184967,-0.003));
#5694=CARTESIAN_POINT('',(-4.36933475511658E-17,8.65193333643433E-17,-0.003));
#5695=CARTESIAN_POINT('',(-0.00136392959961916,0.00227204666485588,-0.003));
#5696=CARTESIAN_POINT('',(-0.00136392959961915,0.00227204666485588,-0.003));
#5697=CARTESIAN_POINT('',(5.68121938382404E-17,-6.33174068731535E-17,-0.003));
#5698=CARTESIAN_POINT('',(0.,0.,-0.00555));
#5699=CARTESIAN_POINT('',(-0.00173936736052454,0.00199927516493901,-0.00555));
#5700=CARTESIAN_POINT('',(-0.00188611427187232,0.00186147064264778,-0.00555));
#5701=CARTESIAN_POINT('',(-0.00173936736052454,0.00199927516493901,-0.003));
#5702=CARTESIAN_POINT('',(-0.00173936736052454,0.00199927516493901,-0.003));
#5703=CARTESIAN_POINT('',(5.68121938382404E-17,-6.33174068731535E-17,-0.003));
#5704=CARTESIAN_POINT('',(-0.00188611427187232,0.00186147064264778,-0.003));
#5705=CARTESIAN_POINT('',(-0.00188611427187232,0.00186147064264778,-0.003));
#5706=CARTESIAN_POINT('',(-2.09251019289702E-16,1.36609473733174E-16,-0.003));
#5707=CARTESIAN_POINT('',(0.,0.,-0.00555));
#5708=CARTESIAN_POINT('',(-0.002181921451601,0.00150390118659552,-0.00555));
#5709=CARTESIAN_POINT('',(-0.00228978744778069,0.00133393157395198,-0.00555));
#5710=CARTESIAN_POINT('',(-0.002181921451601,0.00150390118659552,-0.003));
#5711=CARTESIAN_POINT('',(-0.002181921451601,0.00150390118659552,-0.003));
#5712=CARTESIAN_POINT('',(-2.09251019289702E-16,1.36609473733174E-16,-0.003));
#5713=CARTESIAN_POINT('',(-0.00228978744778069,0.00133393157395198,-0.003));
#5714=CARTESIAN_POINT('',(-0.00228978744778069,0.00133393157395198,-0.003));
#5715=CARTESIAN_POINT('',(-2.20309881449055E-16,6.22874148092922E-17,-0.003));
#5716=CARTESIAN_POINT('',(0.,0.,-0.00555));
#5717=CARTESIAN_POINT('',(-0.0024873773933276,0.000914031565736553,-0.00555));
#5718=CARTESIAN_POINT('',(-0.00254958485709584,0.00072257667860762,-0.00555));
#5719=CARTESIAN_POINT('',(-0.0024873773933276,0.000914031565736553,-0.003));
#5720=CARTESIAN_POINT('',(-0.0024873773933276,0.000914031565736553,-0.003));
#5721=CARTESIAN_POINT('',(-2.20309881449055E-16,6.22874148092922E-17,-0.003));
#5722=CARTESIAN_POINT('',(-0.00254958485709584,0.00072257667860762,-0.003));
#5723=CARTESIAN_POINT('',(-0.00254958485709584,0.00072257667860762,-0.003));
#5724=CARTESIAN_POINT('',(-1.9298798670242E-16,1.25293113557856E-17,-0.003));
#5725=CARTESIAN_POINT('',(0.,0.,-0.00555));
#5726=CARTESIAN_POINT('',(-0.00263654226549727,0.000266729980029413,-0.00555));
#5727=CARTESIAN_POINT('',(-0.00264918247312246,6.58196330952105E-5,-0.00555));
#5728=CARTESIAN_POINT('',(-0.00263654226549727,0.000266729980029413,-0.003));
#5729=CARTESIAN_POINT('',(-0.00263654226549727,0.000266729980029413,-0.003));
#5730=CARTESIAN_POINT('',(-1.9298798670242E-16,1.25293113557856E-17,-0.003));
#5731=CARTESIAN_POINT('',(-0.00264918247312246,6.58196330952115E-5,-0.003));
#5732=CARTESIAN_POINT('',(-0.00264918247312246,6.58196330952114E-5,-0.003));
#5733=CARTESIAN_POINT('',(-1.89084858881472E-16,-2.63190077370856E-17,-0.003));
#5734=CARTESIAN_POINT('',(0.,0.,-0.00555));
#5735=CARTESIAN_POINT('',(-0.0026200434906016,-0.000397331231287223,-0.00555));
#5736=CARTESIAN_POINT('',(-0.0025823222113512,-0.000595073102032248,-0.00555));
#5737=CARTESIAN_POINT('',(-0.0026200434906016,-0.000397331231287223,-0.003));
#5738=CARTESIAN_POINT('',(-0.0026200434906016,-0.000397331231287223,-0.003));
#5739=CARTESIAN_POINT('',(-1.89084858881472E-16,-2.63190077370856E-17,-0.003));
#5740=CARTESIAN_POINT('',(-0.00258232221135119,-0.000595073102032248,-0.003));
#5741=CARTESIAN_POINT('',(-0.00258232221135119,-0.000595073102032248,-0.003));
#5742=CARTESIAN_POINT('',(-4.53196508098941E-17,-2.22261445359528E-17,-0.003));
#5743=CARTESIAN_POINT('',(0.,0.,-0.00555));
#5744=CARTESIAN_POINT('',(-0.0024389177473455,-0.00103642666006003,-0.00555));
#5745=CARTESIAN_POINT('',(-0.00235320514792397,-0.00121857520563324,-0.00555));
#5746=CARTESIAN_POINT('',(-0.0024389177473455,-0.00103642666006003,-0.003));
#5747=CARTESIAN_POINT('',(-0.0024389177473455,-0.00103642666006003,-0.003));
#5748=CARTESIAN_POINT('',(-4.53196508098941E-17,-2.22261445359528E-17,-0.003));
#5749=CARTESIAN_POINT('',(-0.00235320514792397,-0.00121857520563324,-0.003));
#5750=CARTESIAN_POINT('',(-0.00235320514792397,-0.00121857520563324,-0.003));
#5751=CARTESIAN_POINT('',(5.74627151417317E-17,4.73796349376166E-17,-0.003));
#5752=CARTESIAN_POINT('',(0.,0.,-0.00555));
#5753=CARTESIAN_POINT('',(-0.00210454583231164,-0.00161039959007065,-0.00555));
#5754=CARTESIAN_POINT('',(-0.00197622755056955,-0.00176550974745818,-0.00555));
#5755=CARTESIAN_POINT('',(-0.00210454583231163,-0.00161039959007065,-0.003));
#5756=CARTESIAN_POINT('',(-0.00210454583231164,-0.00161039959007065,-0.003));
#5757=CARTESIAN_POINT('',(5.74627151417317E-17,4.73796349376166E-17,-0.003));
#5758=CARTESIAN_POINT('',(-0.00197622755056955,-0.00176550974745818,-0.003));
#5759=CARTESIAN_POINT('',(-0.00197622755056955,-0.00176550974745818,-0.003));
#5760=CARTESIAN_POINT('',(3.19839640883224E-17,4.7271214720368E-17,-0.003));
#5761=CARTESIAN_POINT('',(0.,0.,-0.00555));
#5762=CARTESIAN_POINT('',(-0.0016379375626555,-0.00208318519120173,-0.00555));
#5763=CARTESIAN_POINT('',(-0.00147507630815632,-0.00220151081875968,-0.00555));
#5764=CARTESIAN_POINT('',(-0.0016379375626555,-0.00208318519120173,-0.003));
#5765=CARTESIAN_POINT('',(-0.0016379375626555,-0.00208318519120173,-0.003));
#5766=CARTESIAN_POINT('',(3.19839640883224E-17,4.7271214720368E-17,-0.003));
#5767=CARTESIAN_POINT('',(-0.00147507630815632,-0.00220151081875968,-0.003));
#5768=CARTESIAN_POINT('',(-0.00147507630815632,-0.00220151081875968,-0.003));
#5769=CARTESIAN_POINT('',(-1.85561201820894E-16,-4.57966997657877E-16,-0.003));
#5770=CARTESIAN_POINT('',(0.,0.,-0.00555));
#5771=CARTESIAN_POINT('',(-0.00106841165202473,-0.00242507660535039,-0.00555));
#5772=CARTESIAN_POINT('',(-0.000881240596350447,-0.00249918286872808,-0.00555));
#5773=CARTESIAN_POINT('',(-0.00106841165202473,-0.00242507660535039,-0.003));
#5774=CARTESIAN_POINT('',(-0.00106841165202473,-0.00242507660535039,-0.003));
#5775=CARTESIAN_POINT('',(-1.85561201820894E-16,-4.57966997657877E-16,-0.003));
#5776=CARTESIAN_POINT('',(-0.000881240596350448,-0.00249918286872808,-0.003));
#5777=CARTESIAN_POINT('',(-0.000881240596350449,-0.00249918286872808,-0.003));
#5778=CARTESIAN_POINT('',(1.77673631016062E-17,1.12106504635001E-16,-0.003));
#5779=CARTESIAN_POINT('',(0.,0.,-0.00555));
#5780=CARTESIAN_POINT('',(-0.00043175350795406,-0.00261459153757702,-0.00555));
#5781=CARTESIAN_POINT('',(-0.000232033296899672,-0.00263982206770265,-0.00555));
#5782=CARTESIAN_POINT('',(-0.00043175350795406,-0.00261459153757701,-0.003));
#5783=CARTESIAN_POINT('',(-0.00043175350795406,-0.00261459153757702,-0.003));
#5784=CARTESIAN_POINT('',(1.77673631016062E-17,1.12106504635001E-16,-0.003));
#5785=CARTESIAN_POINT('',(-0.000232033296899672,-0.00263982206770265,-0.003));
#5786=CARTESIAN_POINT('',(-0.000232033296899673,-0.00263982206770265,-0.003));
#5787=CARTESIAN_POINT('',(-1.42301535138722E-17,1.15142270717961E-16,-0.003));
#5788=CARTESIAN_POINT('',(0.,0.,-0.00555));
#5789=CARTESIAN_POINT('',(0.000232033296899693,-0.00263982206770265,-0.00555));
#5790=CARTESIAN_POINT('',(0.00043175350795408,-0.00261459153757701,-0.00555));
#5791=CARTESIAN_POINT('',(0.000232033296899693,-0.00263982206770265,-0.003));
#5792=CARTESIAN_POINT('',(0.000232033296899694,-0.00263982206770265,-0.003));
#5793=CARTESIAN_POINT('',(-1.42301535138722E-17,1.15142270717961E-16,-0.003));
#5794=CARTESIAN_POINT('',(0.000431753507954081,-0.00261459153757701,-0.003));
#5795=CARTESIAN_POINT('',(0.000431753507954081,-0.00261459153757701,-0.003));
#5796=CARTESIAN_POINT('',(1.95969542676755E-16,-4.91577265004928E-16,-0.003));
#5797=CARTESIAN_POINT('',(0.,0.,-0.00555));
#5798=CARTESIAN_POINT('',(0.000881240596350465,-0.00249918286872807,-0.00555));
#5799=CARTESIAN_POINT('',(0.00106841165202475,-0.00242507660535039,-0.00555));
#5800=CARTESIAN_POINT('',(0.000881240596350466,-0.00249918286872808,-0.003));
#5801=CARTESIAN_POINT('',(0.000881240596350466,-0.00249918286872807,-0.003));
#5802=CARTESIAN_POINT('',(1.95969542676755E-16,-4.91577265004928E-16,-0.003));
#5803=CARTESIAN_POINT('',(0.00106841165202475,-0.00242507660535039,-0.003));
#5804=CARTESIAN_POINT('',(0.00106841165202475,-0.00242507660535039,-0.003));
#5805=CARTESIAN_POINT('',(-1.51788304147971E-18,6.72205346941013E-18,-0.003));
#5806=CARTESIAN_POINT('',(0.,0.,-0.00555));
#5807=CARTESIAN_POINT('',(0.00147507630815634,-0.00220151081875967,-0.00555));
#5808=CARTESIAN_POINT('',(0.00163793756265551,-0.00208318519120172,-0.00555));
#5809=CARTESIAN_POINT('',(0.00147507630815634,-0.00220151081875967,-0.003));
#5810=CARTESIAN_POINT('',(0.00147507630815634,-0.00220151081875967,-0.003));
#5811=CARTESIAN_POINT('',(-1.51788304147971E-18,6.72205346941013E-18,-0.003));
#5812=CARTESIAN_POINT('',(0.00163793756265551,-0.00208318519120172,-0.003));
#5813=CARTESIAN_POINT('',(0.00163793756265551,-0.00208318519120172,-0.003));
#5814=CARTESIAN_POINT('',(9.93129189996722E-17,-8.26162055433954E-17,-0.003));
#5815=CARTESIAN_POINT('',(0.,0.,-0.00555));
#5816=CARTESIAN_POINT('',(0.00197622755056956,-0.00176550974745817,-0.00555));
#5817=CARTESIAN_POINT('',(0.00210454583231165,-0.00161039959007063,-0.00555));
#5818=CARTESIAN_POINT('',(0.00197622755056956,-0.00176550974745817,-0.003));
#5819=CARTESIAN_POINT('',(0.00197622755056956,-0.00176550974745817,-0.003));
#5820=CARTESIAN_POINT('',(9.93129189996722E-17,-8.26162055433954E-17,-0.003));
#5821=CARTESIAN_POINT('',(0.00210454583231165,-0.00161039959007063,-0.003));
#5822=CARTESIAN_POINT('',(0.00210454583231165,-0.00161039959007063,-0.003));
#5823=CARTESIAN_POINT('',(-7.35089072945172E-17,3.31765864780564E-17,-0.003));
#5824=CARTESIAN_POINT('',(0.,0.,-0.00555));
#5825=CARTESIAN_POINT('',(0.00235320514792398,-0.00121857520563322,-0.00555));
#5826=CARTESIAN_POINT('',(0.0024389177473455,-0.00103642666006001,-0.00555));
#5827=CARTESIAN_POINT('',(0.00235320514792398,-0.00121857520563322,-0.003));
#5828=CARTESIAN_POINT('',(0.00235320514792398,-0.00121857520563322,-0.003));
#5829=CARTESIAN_POINT('',(-7.35089072945172E-17,3.31765864780564E-17,-0.003));
#5830=CARTESIAN_POINT('',(0.0024389177473455,-0.00103642666006001,-0.003));
#5831=CARTESIAN_POINT('',(0.0024389177473455,-0.00103642666006001,-0.003));
#5832=CARTESIAN_POINT('',(1.84531209757033E-16,-2.24700900247621E-17,-0.003));
#5833=CARTESIAN_POINT('',(0.,0.,-0.00555));
#5834=CARTESIAN_POINT('',(0.0025823222113512,-0.000595073102032229,-0.00555));
#5835=CARTESIAN_POINT('',(0.0026200434906016,-0.000397331231287203,-0.00555));
#5836=CARTESIAN_POINT('',(0.0025823222113512,-0.000595073102032228,-0.003));
#5837=CARTESIAN_POINT('',(0.0025823222113512,-0.000595073102032228,-0.003));
#5838=CARTESIAN_POINT('',(1.84531209757033E-16,-2.24700900247621E-17,-0.003));
#5839=CARTESIAN_POINT('',(0.0026200434906016,-0.000397331231287203,-0.003));
#5840=CARTESIAN_POINT('',(0.0026200434906016,-0.000397331231287203,-0.003));
#5841=CARTESIAN_POINT('',(-2.68882138776405E-17,-6.78981610519047E-18,-0.003));
#5842=CARTESIAN_POINT('',(0.,0.,-0.00555));
#5843=CARTESIAN_POINT('',(0.00264918247312246,6.58196330952313E-5,-0.00555));
#5844=CARTESIAN_POINT('',(0.00263654226549727,0.000266729980029434,-0.00555));
#5845=CARTESIAN_POINT('',(0.00264918247312246,6.58196330952312E-5,-0.003));
#5846=CARTESIAN_POINT('',(0.00264918247312246,6.58196330952313E-5,-0.003));
#5847=CARTESIAN_POINT('',(-2.68882138776405E-17,-6.78981610519047E-18,-0.003));
#5848=CARTESIAN_POINT('',(0.00263654226549727,0.000266729980029435,-0.003));
#5849=CARTESIAN_POINT('',(0.00263654226549727,0.000266729980029433,-0.003));
#5850=CARTESIAN_POINT('',(2.1315414711065E-16,6.44558191542632E-17,-0.003));
#5851=CARTESIAN_POINT('',(0.,0.,-0.00555));
#5852=CARTESIAN_POINT('',(0.00254958485709583,0.00072257667860764,-0.00555));
#5853=CARTESIAN_POINT('',(0.00248737739332759,0.000914031565736574,-0.00555));
#5854=CARTESIAN_POINT('',(0.00254958485709583,0.00072257667860764,-0.003));
#5855=CARTESIAN_POINT('',(0.00254958485709583,0.00072257667860764,-0.003));
#5856=CARTESIAN_POINT('',(2.1315414711065E-16,6.44558191542632E-17,-0.003));
#5857=CARTESIAN_POINT('',(0.00248737739332759,0.000914031565736574,-0.003));
#5858=CARTESIAN_POINT('',(0.00248737739332759,0.000914031565736574,-0.003));
#5859=CARTESIAN_POINT('',(0.,-2.09720764353985E-19,0.001502));
#5860=CARTESIAN_POINT('',(0.,-2.09720764353985E-19,-0.0015));
#5861=CARTESIAN_POINT('',(-0.001225,-2.09720764353985E-19,-0.0015));
#5862=CARTESIAN_POINT('',(0.,-2.09720764353985E-19,-2.16840434497101E-19));
#5863=CARTESIAN_POINT('',(0.001225,-2.09720764353985E-19,-2.16840434497101E-19));
#5864=CARTESIAN_POINT('',(0.,0.,-0.0015));
#5865=CARTESIAN_POINT('',(-0.02025,1.70646050580954E-19,-0.0015));
#5866=CARTESIAN_POINT('',(-0.01875,1.70646050580954E-19,-0.0015));
#5867=CARTESIAN_POINT('',(-0.0165,1.70646050580954E-19,-0.0015));
#5868=CARTESIAN_POINT('',(-0.015,1.70646050580954E-19,-0.0015));
#5869=CARTESIAN_POINT('',(-0.01275,1.70646050580954E-19,-0.0015));
#5870=CARTESIAN_POINT('',(-0.01125,1.70646050580954E-19,-0.0015));
#5871=CARTESIAN_POINT('',(3.46944695195361E-18,-0.0518569206581622,-0.0015));
#5872=CARTESIAN_POINT('',(-0.00462949985669284,0.00440986902526295,-0.0015));
#5873=CARTESIAN_POINT('',(-0.00123560784970861,0.00458647721478462,-0.0015));
#5874=CARTESIAN_POINT('',(0.,-2.84730380801759E-19,-0.0015));
#5875=CARTESIAN_POINT('',(-0.00123560784970861,-0.00458647721478462,-0.0015));
#5876=CARTESIAN_POINT('',(-3.46944695195838E-18,0.0518569206581622,-0.0015));
#5877=CARTESIAN_POINT('',(-0.00462949985669293,-0.00440986902526402,-0.0015));
#5878=CARTESIAN_POINT('',(-0.000391523173746876,-0.00475855983482846,-0.0015));
#5879=CARTESIAN_POINT('',(-0.0203277738258945,-0.00311825175867216,-0.0015));
#5880=CARTESIAN_POINT('',(-0.020071211364252,-3.23092247400681E-17,-0.0015));
#5881=CARTESIAN_POINT('',(-0.0203277738258945,0.0031182517586721,-0.0015));
#5882=CARTESIAN_POINT('',(-0.00462949985669284,0.00440986902526295,-0.0015));
#5883=CARTESIAN_POINT('',(-1.11022302462516E-16,-4.85722573273506E-17,-0.003));
#5884=CARTESIAN_POINT('',(0.00273257783612108,0.00135481303859179,-0.003));
#5885=CARTESIAN_POINT('',(0.00273257783612108,0.00135481303859179,-0.003));
#5886=CARTESIAN_POINT('',(0.00273257783612119,0.00135481303859184,-0.00594999999999987));
#5887=CARTESIAN_POINT('',(0.,0.,-0.00594999999999987));
#5888=CARTESIAN_POINT('',(0.00278571205431941,0.0012418970772242,-0.00594999999999975));
#5889=CARTESIAN_POINT('',(0.00278571205431941,0.0012418970772242,-0.003));
#5890=CARTESIAN_POINT('',(0.00278571205431941,0.0012418970772242,-0.003));
#5891=CARTESIAN_POINT('',(-1.11022302462516E-16,-4.85722573273506E-17,-0.003));
#5892=CARTESIAN_POINT('',(0.00251118264195087,0.00134437230627189,-0.003));
#5893=CARTESIAN_POINT('',(0.00273257783612108,0.00135481303859179,-0.00594999999999975));
#5894=CARTESIAN_POINT('',(0.00258596533981539,0.00134789896877913,-0.0058155746459554));
#5895=CARTESIAN_POINT('',(0.00243853360402788,0.00134094626461324,-0.00568205818823963));
#5896=CARTESIAN_POINT('',(0.00228978744778068,0.001333931573952,-0.00555));
#5897=CARTESIAN_POINT('',(0.00251118264195087,0.00134437230627189,-0.003));
#5898=CARTESIAN_POINT('',(0.00228563399758128,0.00169978009995611,-0.003));
#5899=CARTESIAN_POINT('',(0.00218192145160099,0.00150390118659553,-0.00555));
#5900=CARTESIAN_POINT('',(0.00225160156680204,0.00163550402325732,-0.00568205818880084));
#5901=CARTESIAN_POINT('',(0.00232066594159078,0.00176594392864849,-0.00581557464644463));
#5902=CARTESIAN_POINT('',(0.00238934654356157,0.00189565901331669,-0.00594999999999975));
#5903=CARTESIAN_POINT('',(0.002389346543561,0.00189565901331624,-0.00594999999999901));
#5904=CARTESIAN_POINT('',(0.00228563399758128,0.00169978009995611,-0.003));
#5905=CARTESIAN_POINT('',(0.00238934654356158,0.00189565901331669,-0.003));
#5906=CARTESIAN_POINT('',(0.00238934654356158,0.00189565901331669,-0.003));
#5907=CARTESIAN_POINT('',(5.56846235788555E-16,4.78783679369599E-16,-0.003));
#5908=CARTESIAN_POINT('',(0.00230980057684332,0.00199181356939165,-0.003));
#5909=CARTESIAN_POINT('',(0.00230980057684332,0.00199181356939165,-0.003));
#5910=CARTESIAN_POINT('',(0.00230980057684332,0.00199181356939165,-0.00594999999999974));
#5911=CARTESIAN_POINT('',(0.,0.,-0.00594999999999901));
#5912=CARTESIAN_POINT('',(5.56846235788555E-16,4.78783679369599E-16,-0.003));
#5913=CARTESIAN_POINT('',(0.00209795742435781,0.00192664210601972,-0.003));
#5914=CARTESIAN_POINT('',(0.00230980057684332,0.00199181356939165,-0.00594999999999974));
#5915=CARTESIAN_POINT('',(0.00216951364112889,0.00194865567268739,-0.00581557464612474));
#5916=CARTESIAN_POINT('',(0.00202844281167628,0.00190525661878053,-0.00568205818843388));
#5917=CARTESIAN_POINT('',(0.00188611427187231,0.00186147064264779,-0.00555));
#5918=CARTESIAN_POINT('',(0.00209795742435781,0.00192664210601972,-0.003));
#5919=CARTESIAN_POINT('',(0.0017911084812972,0.00221479244339768,-0.003));
#5920=CARTESIAN_POINT('',(0.00173936736052452,0.00199927516493902,-0.00555));
#5921=CARTESIAN_POINT('',(0.00177413005205697,0.00214407219598687,-0.00568205818835713));
#5922=CARTESIAN_POINT('',(0.00180858555717591,0.00228758970353713,-0.00581557464605783));
#5923=CARTESIAN_POINT('',(0.00184284960206987,0.00243030972185632,-0.00594999999999974));
#5924=CARTESIAN_POINT('',(0.00184284960206964,0.00243030972185603,-0.00594999999999937));
#5925=CARTESIAN_POINT('',(0.0017911084812972,0.00221479244339768,-0.003));
#5926=CARTESIAN_POINT('',(0.00184284960206987,0.00243030972185633,-0.003));
#5927=CARTESIAN_POINT('',(0.00184284960206987,0.00243030972185633,-0.003));
#5928=CARTESIAN_POINT('',(2.17382535583344E-16,3.01191363516473E-16,-0.003));
#5929=CARTESIAN_POINT('',(0.0017418900524702,0.00250366112824875,-0.003));
#5930=CARTESIAN_POINT('',(0.0017418900524702,0.00250366112824875,-0.003));
#5931=CARTESIAN_POINT('',(0.0017418900524702,0.00250366112824875,-0.00594999999999975));
#5932=CARTESIAN_POINT('',(0.,0.,-0.00594999999999937));
#5933=CARTESIAN_POINT('',(2.17382535583344E-16,3.01191363516473E-16,-0.003));
#5934=CARTESIAN_POINT('',(0.00155290982604467,0.00238785389655232,-0.003));
#5935=CARTESIAN_POINT('',(0.0017418900524702,0.00250366112824875,-0.00594999999999974));
#5936=CARTESIAN_POINT('',(0.00161674342171459,0.00242697117428865,-0.00581557464659959));
#5937=CARTESIAN_POINT('',(0.00149089749768115,0.00234985269285676,-0.00568205818897859));
#5938=CARTESIAN_POINT('',(0.00136392959961914,0.00227204666485589,-0.00555));
#5939=CARTESIAN_POINT('',(0.00155290982604467,0.00238785389655232,-0.003));
#5940=CARTESIAN_POINT('',(0.001184041031897,0.00259064123218374,-0.003));
#5941=CARTESIAN_POINT('',(0.00118752242124062,0.00236902733184968,-0.00555));
#5942=CARTESIAN_POINT('',(0.00118518342158352,0.00251792042760152,-0.00568205818823537));
#5943=CARTESIAN_POINT('',(0.00118286509089072,0.00266549780444349,-0.0058155746459517));
#5944=CARTESIAN_POINT('',(0.00118055964255338,0.0028122551325178,-0.00594999999999975));
#5945=CARTESIAN_POINT('',(0.0011805596425529,0.00281225513251665,-0.00594999999999851));
#5946=CARTESIAN_POINT('',(0.001184041031897,0.00259064123218374,-0.003));
#5947=CARTESIAN_POINT('',(0.00118055964255337,0.0028122551325178,-0.003));
#5948=CARTESIAN_POINT('',(0.00118055964255337,0.00281225513251779,-0.003));
#5949=CARTESIAN_POINT('',(4.63604848954802E-16,1.14773641979315E-15,-0.003));
#5950=CARTESIAN_POINT('',(0.00106453016987689,0.00285819445059645,-0.003));
#5951=CARTESIAN_POINT('',(0.00106453016987689,0.00285819445059645,-0.003));
#5952=CARTESIAN_POINT('',(0.00106453016987689,0.00285819445059645,-0.00594999999999975));
#5953=CARTESIAN_POINT('',(0.,0.,-0.00594999999999851));
#5954=CARTESIAN_POINT('',(4.63604848954802E-16,1.14773641979315E-15,-0.003));
#5955=CARTESIAN_POINT('',(0.000910287192158302,0.00269902804485221,-0.003));
#5956=CARTESIAN_POINT('',(0.00106453016987689,0.00285819445059645,-0.00594999999999975));
#5957=CARTESIAN_POINT('',(0.000962387267278244,0.00275279115172749,-0.00581557464742371));
#5958=CARTESIAN_POINT('',(0.000859673610924056,0.00264679888067206,-0.00568205818992397));
#5959=CARTESIAN_POINT('',(0.000756044214439716,0.00253986163910797,-0.00555));
#5960=CARTESIAN_POINT('',(0.000910287192158302,0.00269902804485221,-0.003));
#5961=CARTESIAN_POINT('',(0.000502575929864407,0.00280371050463972,-0.003));
#5962=CARTESIAN_POINT('',(0.000561061080828213,0.00258992479882715,-0.00555));
#5963=CARTESIAN_POINT('',(0.000521767357917418,0.00273355845879131,-0.00568205818839297));
#5964=CARTESIAN_POINT('',(0.000482820860658832,0.00287592287553885,-0.00581557464608908));
#5965=CARTESIAN_POINT('',(0.000444090778900601,0.00301749621045229,-0.00594999999999974));
#5966=CARTESIAN_POINT('',(0.000444090778900584,0.00301749621045217,-0.00594999999999963));
#5967=CARTESIAN_POINT('',(0.000502575929864407,0.00280371050463972,-0.003));
#5968=CARTESIAN_POINT('',(0.000444090778900601,0.00301749621045229,-0.003));
#5969=CARTESIAN_POINT('',(0.000444090778900601,0.00301749621045229,-0.003));
#5970=CARTESIAN_POINT('',(4.93311988480905E-18,1.19045398538908E-16,-0.003));
#5971=CARTESIAN_POINT('',(0.000320281941642111,0.00303313690390928,-0.003));
#5972=CARTESIAN_POINT('',(0.000320281941642111,0.00303313690390928,-0.003));
#5973=CARTESIAN_POINT('',(0.000320281941642111,0.00303313690390928,-0.00594999999999974));
#5974=CARTESIAN_POINT('',(0.,0.,-0.00594999999999963));
#5975=CARTESIAN_POINT('',(4.93311988480905E-18,1.19045398538908E-16,-0.003));
#5976=CARTESIAN_POINT('',(0.000210467866186519,0.00284061233476324,-0.003));
#5977=CARTESIAN_POINT('',(0.000320281941642111,0.00303313690390928,-0.00594999999999974));
#5978=CARTESIAN_POINT('',(0.000247560780169135,0.00290564313571701,-0.00581557464651859));
#5979=CARTESIAN_POINT('',(0.000174433268045206,0.00277743695899538,-0.00568205818888568));
#5980=CARTESIAN_POINT('',(0.000100653790730928,0.0026480877656172,-0.00555));
#5981=CARTESIAN_POINT('',(0.000210467866186519,0.00284061233476324,-0.003));
#5982=CARTESIAN_POINT('',(-0.000210467866186543,0.00284061233476325,-0.003));
#5983=CARTESIAN_POINT('',(-0.000100653790730947,0.0026480877656172,-0.00555));
#5984=CARTESIAN_POINT('',(-0.000174433268045226,0.00277743695899538,-0.00568205818888568));
#5985=CARTESIAN_POINT('',(-0.000247560780169157,0.00290564313571701,-0.00581557464651859));
#5986=CARTESIAN_POINT('',(-0.000320281941642134,0.00303313690390928,-0.00594999999999974));
#5987=CARTESIAN_POINT('',(-0.000320281941642125,0.00303313690390919,-0.00594999999999965));
#5988=CARTESIAN_POINT('',(-0.000210467866186543,0.00284061233476325,-0.003));
#5989=CARTESIAN_POINT('',(-0.000320281941642135,0.00303313690390928,-0.003));
#5990=CARTESIAN_POINT('',(-0.000320281941642135,0.00303313690390928,-0.003));
#5991=CARTESIAN_POINT('',(2.16840434497101E-19,9.58434720477186E-17,-0.003));
#5992=CARTESIAN_POINT('',(-0.000444090778900625,0.00301749621045229,-0.003));
#5993=CARTESIAN_POINT('',(-0.000444090778900625,0.00301749621045229,-0.003));
#5994=CARTESIAN_POINT('',(-0.000444090778900625,0.00301749621045229,-0.00594999999999975));
#5995=CARTESIAN_POINT('',(0.,0.,-0.00594999999999965));
#5996=CARTESIAN_POINT('',(2.16840434497101E-19,9.58434720477186E-17,-0.003));
#5997=CARTESIAN_POINT('',(-0.000502575929864428,0.00280371050463971,-0.003));
#5998=CARTESIAN_POINT('',(-0.000444090778900623,0.00301749621045228,-0.00594999999999975));
#5999=CARTESIAN_POINT('',(-0.000482820860658853,0.00287592287553885,-0.00581557464608908));
#6000=CARTESIAN_POINT('',(-0.000521767357917438,0.00273355845879131,-0.00568205818839298));
#6001=CARTESIAN_POINT('',(-0.000561061080828231,0.00258992479882715,-0.00555));
#6002=CARTESIAN_POINT('',(-0.000502575929864428,0.00280371050463971,-0.003));
#6003=CARTESIAN_POINT('',(-0.000910287192158324,0.0026990280448522,-0.003));
#6004=CARTESIAN_POINT('',(-0.000756044214439734,0.00253986163910797,-0.00555));
#6005=CARTESIAN_POINT('',(-0.000859673610924075,0.00264679888067205,-0.00568205818992397));
#6006=CARTESIAN_POINT('',(-0.000962387267278264,0.00275279115172748,-0.00581557464742371));
#6007=CARTESIAN_POINT('',(-0.00106453016987691,0.00285819445059644,-0.00594999999999975));
#6008=CARTESIAN_POINT('',(-0.0010645301698765,0.00285819445059533,-0.00594999999999856));
#6009=CARTESIAN_POINT('',(-0.000910287192158324,0.0026990280448522,-0.003));
#6010=CARTESIAN_POINT('',(-0.00106453016987691,0.00285819445059644,-0.003));
#6011=CARTESIAN_POINT('',(-0.00106453016987691,0.00285819445059644,-0.003));
#6012=CARTESIAN_POINT('',(-4.51678625057461E-16,1.0998146837693E-15,-0.003));
#6013=CARTESIAN_POINT('',(-0.0011805596425534,0.00281225513251778,-0.003));
#6014=CARTESIAN_POINT('',(-0.0011805596425534,0.00281225513251778,-0.003));
#6015=CARTESIAN_POINT('',(-0.0011805596425534,0.00281225513251778,-0.00594999999999975));
#6016=CARTESIAN_POINT('',(0.,0.,-0.00594999999999856));
#6017=CARTESIAN_POINT('',(-4.51678625057461E-16,1.0998146837693E-15,-0.003));
#6018=CARTESIAN_POINT('',(-0.00118404103189702,0.00259064123218373,-0.003));
#6019=CARTESIAN_POINT('',(-0.0011805596425534,0.00281225513251778,-0.00594999999999974));
#6020=CARTESIAN_POINT('',(-0.00118286509089074,0.00266549780444348,-0.00581557464595169));
#6021=CARTESIAN_POINT('',(-0.00118518342158354,0.00251792042760151,-0.00568205818823537));
#6022=CARTESIAN_POINT('',(-0.00118752242124064,0.00236902733184967,-0.00555));
#6023=CARTESIAN_POINT('',(-0.00118404103189702,0.00259064123218373,-0.003));
#6024=CARTESIAN_POINT('',(-0.00155290982604469,0.00238785389655231,-0.003));
#6025=CARTESIAN_POINT('',(-0.00136392959961916,0.00227204666485588,-0.00555));
#6026=CARTESIAN_POINT('',(-0.00149089749768117,0.00234985269285675,-0.00568205818897859));
#6027=CARTESIAN_POINT('',(-0.00161674342171461,0.00242697117428864,-0.00581557464659959));
#6028=CARTESIAN_POINT('',(-0.00174189005247022,0.00250366112824874,-0.00594999999999975));
#6029=CARTESIAN_POINT('',(-0.00174189005247023,0.00250366112824874,-0.00594999999999975));
#6030=CARTESIAN_POINT('',(-0.00155290982604469,0.00238785389655231,-0.003));
#6031=CARTESIAN_POINT('',(-0.00174189005247022,0.00250366112824873,-0.003));
#6032=CARTESIAN_POINT('',(-0.00174189005247022,0.00250366112824873,-0.003));
#6033=CARTESIAN_POINT('',(2.92734586571086E-18,-6.50521303491303E-18,-0.003));
#6034=CARTESIAN_POINT('',(-0.00184284960206989,0.00243030972185631,-0.003));
#6035=CARTESIAN_POINT('',(-0.00184284960206989,0.00243030972185631,-0.003));
#6036=CARTESIAN_POINT('',(-0.00184284960206989,0.00243030972185631,-0.00594999999999974));
#6037=CARTESIAN_POINT('',(0.,0.,-0.00594999999999975));
#6038=CARTESIAN_POINT('',(2.92734586571086E-18,-6.50521303491303E-18,-0.003));
#6039=CARTESIAN_POINT('',(-0.00179110848129721,0.00221479244339766,-0.003));
#6040=CARTESIAN_POINT('',(-0.00184284960206989,0.00243030972185631,-0.00594999999999975));
#6041=CARTESIAN_POINT('',(-0.00180858555717593,0.00228758970353711,-0.00581557464605783));
#6042=CARTESIAN_POINT('',(-0.00177413005205699,0.00214407219598685,-0.00568205818835713));
#6043=CARTESIAN_POINT('',(-0.00173936736052454,0.00199927516493901,-0.00555));
#6044=CARTESIAN_POINT('',(-0.00179110848129721,0.00221479244339766,-0.003));
#6045=CARTESIAN_POINT('',(-0.00209795742435783,0.00192664210601971,-0.003));
#6046=CARTESIAN_POINT('',(-0.00188611427187232,0.00186147064264778,-0.00555));
#6047=CARTESIAN_POINT('',(-0.00202844281167629,0.00190525661878052,-0.00568205818843388));
#6048=CARTESIAN_POINT('',(-0.0021695136411289,0.00194865567268738,-0.00581557464612474));
#6049=CARTESIAN_POINT('',(-0.00230980057684333,0.00199181356939164,-0.00594999999999974));
#6050=CARTESIAN_POINT('',(-0.00230980057684266,0.00199181356939105,-0.00594999999999885));
#6051=CARTESIAN_POINT('',(-0.00209795742435783,0.00192664210601971,-0.003));
#6052=CARTESIAN_POINT('',(-0.00230980057684334,0.00199181356939164,-0.003));
#6053=CARTESIAN_POINT('',(-0.00230980057684334,0.00199181356939164,-0.003));
#6054=CARTESIAN_POINT('',(-6.85215773010839E-16,5.79614481410751E-16,-0.003));
#6055=CARTESIAN_POINT('',(-0.00238934654356159,0.00189565901331667,-0.003));
#6056=CARTESIAN_POINT('',(-0.00238934654356159,0.00189565901331667,-0.003));
#6057=CARTESIAN_POINT('',(-0.00238934654356159,0.00189565901331667,-0.00594999999999974));
#6058=CARTESIAN_POINT('',(0.,0.,-0.00594999999999885));
#6059=CARTESIAN_POINT('',(-6.85215773010839E-16,5.79614481410751E-16,-0.003));
#6060=CARTESIAN_POINT('',(-0.00228563399758129,0.00169978009995609,-0.003));
#6061=CARTESIAN_POINT('',(-0.00238934654356159,0.00189565901331667,-0.00594999999999974));
#6062=CARTESIAN_POINT('',(-0.0023206659415908,0.00176594392864847,-0.00581557464644463));
#6063=CARTESIAN_POINT('',(-0.00225160156680205,0.00163550402325731,-0.00568205818880084));
#6064=CARTESIAN_POINT('',(-0.002181921451601,0.00150390118659552,-0.00555));
#6065=CARTESIAN_POINT('',(-0.00228563399758129,0.00169978009995609,-0.003));
#6066=CARTESIAN_POINT('',(-0.00251118264195089,0.00134437230627187,-0.003));
#6067=CARTESIAN_POINT('',(-0.00228978744778069,0.00133393157395198,-0.00555));
#6068=CARTESIAN_POINT('',(-0.00243853360402789,0.00134094626461322,-0.00568205818823962));
#6069=CARTESIAN_POINT('',(-0.0025859653398154,0.00134789896877911,-0.0058155746459554));
#6070=CARTESIAN_POINT('',(-0.00273257783612108,0.00135481303859176,-0.00594999999999974));
#6071=CARTESIAN_POINT('',(-0.00273257783612118,0.00135481303859181,-0.00594999999999985));
#6072=CARTESIAN_POINT('',(-0.00251118264195089,0.00134437230627187,-0.003));
#6073=CARTESIAN_POINT('',(-0.00273257783612109,0.00135481303859177,-0.003));
#6074=CARTESIAN_POINT('',(-0.00273257783612109,0.00135481303859177,-0.003));
#6075=CARTESIAN_POINT('',(9.2374025095765E-17,-3.9790219730218E-17,-0.003));
#6076=CARTESIAN_POINT('',(-0.00278571205431941,0.00124189707722417,-0.003));
#6077=CARTESIAN_POINT('',(-0.00278571205431941,0.00124189707722417,-0.003));
#6078=CARTESIAN_POINT('',(-0.00278571205431941,0.00124189707722417,-0.00594999999999974));
#6079=CARTESIAN_POINT('',(0.,0.,-0.00594999999999985));
#6080=CARTESIAN_POINT('',(9.2374025095765E-17,-3.9790219730218E-17,-0.003));
#6081=CARTESIAN_POINT('',(-0.0026365447238235,0.00107796432148036,-0.003));
#6082=CARTESIAN_POINT('',(-0.00278571205431941,0.00124189707722417,-0.00594999999999974));
#6083=CARTESIAN_POINT('',(-0.00268693035059247,0.00113333740229274,-0.00581557464727183));
#6084=CARTESIAN_POINT('',(-0.00258759667489696,0.00102417111808835,-0.00568205818974974));
#6085=CARTESIAN_POINT('',(-0.0024873773933276,0.000914031565736553,-0.00555));
#6086=CARTESIAN_POINT('',(-0.0026365447238235,0.00107796432148036,-0.003));
#6087=CARTESIAN_POINT('',(-0.00276662101866645,0.000677630650265491,-0.003));
#6088=CARTESIAN_POINT('',(-0.00254958485709583,0.000722576678607621,-0.00555));
#6089=CARTESIAN_POINT('',(-0.00269540236204407,0.000692379325029519,-0.00568205818832615));
#6090=CARTESIAN_POINT('',(-0.00283993132594343,0.000662448815474476,-0.00581557464603083));
#6091=CARTESIAN_POINT('',(-0.00298365718023706,0.000632684621923364,-0.00594999999999975));
#6092=CARTESIAN_POINT('',(-0.00298365718023723,0.000632684621923398,-0.00594999999999992));
#6093=CARTESIAN_POINT('',(-0.00276662101866645,0.000677630650265491,-0.003));
#6094=CARTESIAN_POINT('',(-0.00298365718023706,0.000632684621923362,-0.003));
#6095=CARTESIAN_POINT('',(-0.00298365718023706,0.000632684621923362,-0.003));
#6096=CARTESIAN_POINT('',(1.6978606021123E-16,-2.39066579033054E-17,-0.003));
#6097=CARTESIAN_POINT('',(-0.00300704103157208,0.000510102180391729,-0.003));
#6098=CARTESIAN_POINT('',(-0.00300704103157208,0.000510102180391729,-0.003));
#6099=CARTESIAN_POINT('',(-0.00300704103157208,0.000510102180391729,-0.00594999999999975));
#6100=CARTESIAN_POINT('',(0.,0.,-0.00594999999999992));
#6101=CARTESIAN_POINT('',(1.6978606021123E-16,-2.39066579033054E-17,-0.003));
#6102=CARTESIAN_POINT('',(-0.00282179164853468,0.000388416080210572,-0.003));
#6103=CARTESIAN_POINT('',(-0.00300704103157208,0.00051010218039173,-0.00594999999999975));
#6104=CARTESIAN_POINT('',(-0.00288436504287259,0.000429519117679483,-0.0058155746466882));
#6105=CARTESIAN_POINT('',(-0.00276100356626155,0.000348485773571898,-0.00568205818908024));
#6106=CARTESIAN_POINT('',(-0.00263654226549728,0.000266729980029415,-0.00555));
#6107=CARTESIAN_POINT('',(-0.00282179164853468,0.000388416080210572,-0.003));
#6108=CARTESIAN_POINT('',(-0.00284822242185883,-3.1689031648274E-5,-0.003));
#6109=CARTESIAN_POINT('',(-0.00264918247312246,6.58196330952101E-5,-0.00555));
#6110=CARTESIAN_POINT('',(-0.00278290907696146,3.07645859456429E-7,-0.00568205818872351));
#6111=CARTESIAN_POINT('',(-0.00291545398258299,-6.46254333930134E-5,-0.00581557464637722));
#6112=CARTESIAN_POINT('',(-0.00304726237059521,-0.000129197696391759,-0.00594999999999975));
#6113=CARTESIAN_POINT('',(-0.0030472623705946,-0.000129197696391734,-0.00594999999999914));
#6114=CARTESIAN_POINT('',(-0.00284822242185883,-3.1689031648274E-5,-0.003));
#6115=CARTESIAN_POINT('',(-0.0030472623705952,-0.000129197696391759,-0.003));
#6116=CARTESIAN_POINT('',(-0.0030472623705952,-0.000129197696391759,-0.003));
#6117=CARTESIAN_POINT('',(-6.04984812246912E-16,-3.99121924746226E-17,-0.003));
#6118=CARTESIAN_POINT('',(-0.00303942656168774,-0.000253744312459321,-0.003));
#6119=CARTESIAN_POINT('',(-0.00303942656168774,-0.000253744312459321,-0.003));
#6120=CARTESIAN_POINT('',(-0.00303942656168774,-0.000253744312459321,-0.00594999999999974));
#6121=CARTESIAN_POINT('',(0.,0.,-0.00594999999999914));
#6122=CARTESIAN_POINT('',(-6.04984812246912E-16,-3.99121924746226E-17,-0.003));
#6123=CARTESIAN_POINT('',(-0.00282973502614466,-0.000325537771873272,-0.003));
#6124=CARTESIAN_POINT('',(-0.00303942656168775,-0.00025374431245932,-0.00594999999999975));
#6125=CARTESIAN_POINT('',(-0.00290056447144487,-0.000301287432472099,-0.00581557464616502));
#6126=CARTESIAN_POINT('',(-0.00276092644916492,-0.00034909621339993,-0.00568205818848009));
#6127=CARTESIAN_POINT('',(-0.0026200434906016,-0.00039733123128722,-0.00555));
#6128=CARTESIAN_POINT('',(-0.00282973502614466,-0.000325537771873272,-0.003));
#6129=CARTESIAN_POINT('',(-0.0027508595352565,-0.000739017575159473,-0.003));
#6130=CARTESIAN_POINT('',(-0.00258232221135119,-0.000595073102032248,-0.00555));
#6131=CARTESIAN_POINT('',(-0.00269555538005462,-0.000691783364375669,-0.00568205818959078));
#6132=CARTESIAN_POINT('',(-0.00280778794346452,-0.000787639029064123,-0.00581557464713326));
#6133=CARTESIAN_POINT('',(-0.0029193968591618,-0.000882962048286696,-0.00594999999999975));
#6134=CARTESIAN_POINT('',(-0.00291939685916144,-0.000882962048286587,-0.00594999999999937));
#6135=CARTESIAN_POINT('',(-0.0027508595352565,-0.000739017575159473,-0.003));
#6136=CARTESIAN_POINT('',(-0.0029193968591618,-0.000882962048286696,-0.003));
#6137=CARTESIAN_POINT('',(-0.0029193968591618,-0.000882962048286696,-0.003));
#6138=CARTESIAN_POINT('',(-3.62340366044655E-16,-1.02348685082632E-16,-0.003));
#6139=CARTESIAN_POINT('',(-0.00288083374270361,-0.00100164711695225,-0.003));
#6140=CARTESIAN_POINT('',(-0.00288083374270361,-0.00100164711695225,-0.003));
#6141=CARTESIAN_POINT('',(-0.00288083374270361,-0.00100164711695225,-0.00594999999999975));
#6142=CARTESIAN_POINT('',(0.,0.,-0.00594999999999937));
#6143=CARTESIAN_POINT('',(-3.62340366044655E-16,-1.02348685082632E-16,-0.003));
#6144=CARTESIAN_POINT('',(-0.00265987574502455,-0.00101903688850614,-0.003));
#6145=CARTESIAN_POINT('',(-0.00288083374270361,-0.00100164711695225,-0.00594999999999974));
#6146=CARTESIAN_POINT('',(-0.0027345107670037,-0.00101316298488749,-0.00581557464596283));
#6147=CARTESIAN_POINT('',(-0.00258737016959497,-0.00102474320104675,-0.00568205818824815));
#6148=CARTESIAN_POINT('',(-0.00243891774734549,-0.00103642666006003,-0.00555));
#6149=CARTESIAN_POINT('',(-0.00265987574502455,-0.00101903688850614,-0.003));
#6150=CARTESIAN_POINT('',(-0.00248065002710033,-0.00139991092650688,-0.003));
#6151=CARTESIAN_POINT('',(-0.00235320514792398,-0.00121857520563324,-0.00555));
#6152=CARTESIAN_POINT('',(-0.0024388300239225,-0.00134040708082709,-0.00568205818919136));
#6153=CARTESIAN_POINT('',(-0.00252369826057653,-0.0014611623671312,-0.00581557464678507));
#6154=CARTESIAN_POINT('',(-0.00260809490627667,-0.00158124664738052,-0.00594999999999975));
#6155=CARTESIAN_POINT('',(-0.00260809490627565,-0.00158124664737991,-0.00594999999999855));
#6156=CARTESIAN_POINT('',(-0.00248065002710033,-0.00139991092650688,-0.003));
#6157=CARTESIAN_POINT('',(-0.00260809490627667,-0.00158124664738052,-0.003));
#6158=CARTESIAN_POINT('',(-0.00260809490627667,-0.00158124664738052,-0.003));
#6159=CARTESIAN_POINT('',(-1.01134378649448E-15,-6.29921462214078E-16,-0.003));
#6160=CARTESIAN_POINT('',(-0.00254122754470003,-0.00168661274928666,-0.003));
#6161=CARTESIAN_POINT('',(-0.00254122754470003,-0.00168661274928665,-0.003));
#6162=CARTESIAN_POINT('',(-0.00254122754470003,-0.00168661274928665,-0.00594999999999974));
#6163=CARTESIAN_POINT('',(0.,0.,-0.00594999999999855));
#6164=CARTESIAN_POINT('',(-1.01134378649448E-15,-6.29921462214078E-16,-0.003));
#6165=CARTESIAN_POINT('',(-0.00232288668850583,-0.00164850616967865,-0.003));
#6166=CARTESIAN_POINT('',(-0.00254122754470003,-0.00168661274928665,-0.00594999999999974));
#6167=CARTESIAN_POINT('',(-0.00239663769450197,-0.00166137778074654,-0.00581557464600794));
#6168=CARTESIAN_POINT('',(-0.00225123990689243,-0.00163600180455525,-0.00568205818829989));
#6169=CARTESIAN_POINT('',(-0.00210454583231164,-0.00161039959007065,-0.00555));
#6170=CARTESIAN_POINT('',(-0.00232288668850583,-0.00164850616967865,-0.003));
#6171=CARTESIAN_POINT('',(-0.00205457215454881,-0.00197284272582962,-0.003));
#6172=CARTESIAN_POINT('',(-0.00197622755056955,-0.00176550974745819,-0.00555));
#6173=CARTESIAN_POINT('',(-0.00202886400807753,-0.00190480809031456,-0.00568205818853183));
#6174=CARTESIAN_POINT('',(-0.00208103533453075,-0.00204287549955181,-0.00581557464621013));
#6175=CARTESIAN_POINT('',(-0.00213291675852807,-0.00218017570420105,-0.00594999999999975));
#6176=CARTESIAN_POINT('',(-0.00213291675852742,-0.00218017570420038,-0.00594999999999882));
#6177=CARTESIAN_POINT('',(-0.00205457215454881,-0.00197284272582962,-0.003));
#6178=CARTESIAN_POINT('',(-0.00213291675852807,-0.00218017570420105,-0.003));
#6179=CARTESIAN_POINT('',(-0.00213291675852807,-0.00218017570420106,-0.003));
#6180=CARTESIAN_POINT('',(-6.2905410047609E-16,-6.84131570838353E-16,-0.003));
#6181=CARTESIAN_POINT('',(-0.0020419466740818,-0.00226560229965559,-0.003));
#6182=CARTESIAN_POINT('',(-0.0020419466740818,-0.00226560229965559,-0.003));
#6183=CARTESIAN_POINT('',(-0.0020419466740818,-0.00226560229965559,-0.00594999999999974));
#6184=CARTESIAN_POINT('',(0.,0.,-0.00594999999999882));
#6185=CARTESIAN_POINT('',(-6.2905410047609E-16,-6.84131570838353E-16,-0.003));
#6186=CARTESIAN_POINT('',(-0.00183994211836865,-0.00217439374542866,-0.003));
#6187=CARTESIAN_POINT('',(-0.0020419466740818,-0.00226560229965559,-0.00594999999999974));
#6188=CARTESIAN_POINT('',(-0.00190817506169517,-0.00220520210066347,-0.00581557464631591));
#6189=CARTESIAN_POINT('',(-0.00177365596166352,-0.0021444643980583,-0.00568205818865317));
#6190=CARTESIAN_POINT('',(-0.00163793756265549,-0.00208318519120173,-0.00555));
#6191=CARTESIAN_POINT('',(-0.00183994211836865,-0.00217439374542866,-0.003));
#6192=CARTESIAN_POINT('',(-0.00149939795733918,-0.00242181356108048,-0.003));
#6193=CARTESIAN_POINT('',(-0.00147507630815632,-0.00220151081875968,-0.00555));
#6194=CARTESIAN_POINT('',(-0.00149141700535929,-0.00234952300239834,-0.00568205818826099));
#6195=CARTESIAN_POINT('',(-0.0015076133052365,-0.00249622725142241,-0.00581557464597403));
#6196=CARTESIAN_POINT('',(-0.00152371960652204,-0.00264211630340127,-0.00594999999999975));
#6197=CARTESIAN_POINT('',(-0.00152371960652191,-0.00264211630340105,-0.00594999999999949));
#6198=CARTESIAN_POINT('',(-0.00149939795733918,-0.00242181356108048,-0.003));
#6199=CARTESIAN_POINT('',(-0.00152371960652204,-0.00264211630340126,-0.003));
#6200=CARTESIAN_POINT('',(-0.00152371960652204,-0.00264211630340127,-0.003));
#6201=CARTESIAN_POINT('',(-1.23056946577105E-16,-2.24429849704499E-16,-0.003));
#6202=CARTESIAN_POINT('',(-0.00141436278417646,-0.00270223572523476,-0.003));
#6203=CARTESIAN_POINT('',(-0.00141436278417646,-0.00270223572523476,-0.003));
#6204=CARTESIAN_POINT('',(-0.00141436278417646,-0.00270223572523476,-0.00594999999999974));
#6205=CARTESIAN_POINT('',(0.,0.,-0.00594999999999949));
#6206=CARTESIAN_POINT('',(-1.23056946577105E-16,-2.24429849704499E-16,-0.003));
#6207=CARTESIAN_POINT('',(-0.0012413872181006,-0.00256365616529258,-0.003));
#6208=CARTESIAN_POINT('',(-0.00141436278417646,-0.00270223572523476,-0.00594999999999974));
#6209=CARTESIAN_POINT('',(-0.00129981477224245,-0.00261046546284346,-0.00581557464700668));
#6210=CARTESIAN_POINT('',(-0.00118462668961787,-0.00251818240713316,-0.00568205818944558));
#6211=CARTESIAN_POINT('',(-0.00106841165202473,-0.00242507660535039,-0.00555));
#6212=CARTESIAN_POINT('',(-0.0012413872181006,-0.00256365616529258,-0.003));
#6213=CARTESIAN_POINT('',(-0.000850011072069975,-0.00271861294348141,-0.003));
#6214=CARTESIAN_POINT('',(-0.000881240596350448,-0.00249918286872808,-0.00555));
#6215=CARTESIAN_POINT('',(-0.000860258787251488,-0.00264660874360519,-0.00568205818827821));
#6216=CARTESIAN_POINT('',(-0.000839462387449164,-0.00279273186486188,-0.00581557464598904));
#6217=CARTESIAN_POINT('',(-0.000818781547789503,-0.00293804301823474,-0.00594999999999975));
#6218=CARTESIAN_POINT('',(-0.00081878154778932,-0.00293804301823408,-0.00594999999999907));
#6219=CARTESIAN_POINT('',(-0.000850011072069975,-0.00271861294348141,-0.003));
#6220=CARTESIAN_POINT('',(-0.000818781547789502,-0.00293804301823473,-0.003));
#6221=CARTESIAN_POINT('',(-0.000818781547789503,-0.00293804301823474,-0.003));
#6222=CARTESIAN_POINT('',(-1.85073310843275E-16,-6.51171824794794E-16,-0.003));
#6223=CARTESIAN_POINT('',(-0.000697909278878853,-0.00296907774206962,-0.003));
#6224=CARTESIAN_POINT('',(-0.000697909278878859,-0.00296907774206962,-0.003));
#6225=CARTESIAN_POINT('',(-0.000697909278878857,-0.00296907774206962,-0.00594999999999974));
#6226=CARTESIAN_POINT('',(0.,0.,-0.00594999999999907));
#6227=CARTESIAN_POINT('',(-1.85073310843275E-16,-6.51171824794794E-16,-0.003));
#6228=CARTESIAN_POINT('',(-0.000564831393416458,-0.00279183463982332,-0.003));
#6229=CARTESIAN_POINT('',(-0.000697909278878855,-0.00296907774206962,-0.00594999999999974));
#6230=CARTESIAN_POINT('',(-0.000609782339502124,-0.00285170367896116,-0.00581557464689094));
#6231=CARTESIAN_POINT('',(-0.000521162965007066,-0.00273367375385337,-0.00568205818931281));
#6232=CARTESIAN_POINT('',(-0.000431753507954059,-0.00261459153757702,-0.00555));
#6233=CARTESIAN_POINT('',(-0.000564831393416458,-0.00279183463982332,-0.003));
#6234=CARTESIAN_POINT('',(-0.000147214865020568,-0.00284459187628439,-0.003));
#6235=CARTESIAN_POINT('',(-0.000232033296899672,-0.00263982206770265,-0.00555));
#6236=CARTESIAN_POINT('',(-0.000175047345593744,-0.00277739832421015,-0.00568205818858942));
#6237=CARTESIAN_POINT('',(-0.000118564960416546,-0.00291375886454012,-0.00581557464626033));
#6238=CARTESIAN_POINT('',(-6.23964331414632E-5,-0.00304936168486614,-0.00594999999999975));
#6239=CARTESIAN_POINT('',(-6.23964331414307E-5,-0.00304936168486456,-0.00594999999999817));
#6240=CARTESIAN_POINT('',(-0.000147214865020568,-0.00284459187628439,-0.003));
#6241=CARTESIAN_POINT('',(-6.23964331414629E-5,-0.00304936168486614,-0.003));
#6242=CARTESIAN_POINT('',(-6.2396433141463E-5,-0.00304936168486614,-0.003));
#6243=CARTESIAN_POINT('',(-7.45388993583784E-20,-1.57642995879393E-15,-0.003));
#6244=CARTESIAN_POINT('',(6.23964331414944E-5,-0.00304936168486614,-0.003));
#6245=CARTESIAN_POINT('',(6.23964331414892E-5,-0.00304936168486614,-0.003));
#6246=CARTESIAN_POINT('',(6.23964331414897E-5,-0.00304936168486614,-0.00594999999999974));
#6247=CARTESIAN_POINT('',(0.,0.,-0.00594999999999817));
#6248=CARTESIAN_POINT('',(-7.45388993583784E-20,-1.57642995879393E-15,-0.003));
#6249=CARTESIAN_POINT('',(0.000147214865020591,-0.00284459187628439,-0.003));
#6250=CARTESIAN_POINT('',(6.23964331414894E-5,-0.00304936168486614,-0.00594999999999974));
#6251=CARTESIAN_POINT('',(0.000118564960416571,-0.00291375886454011,-0.00581557464626032));
#6252=CARTESIAN_POINT('',(0.000175047345593766,-0.00277739832421014,-0.00568205818858941));
#6253=CARTESIAN_POINT('',(0.000232033296899693,-0.00263982206770264,-0.00555));
#6254=CARTESIAN_POINT('',(0.000147214865020591,-0.00284459187628439,-0.003));
#6255=CARTESIAN_POINT('',(0.000564831393416481,-0.00279183463982331,-0.003));
#6256=CARTESIAN_POINT('',(0.000431753507954082,-0.00261459153757702,-0.00555));
#6257=CARTESIAN_POINT('',(0.000521162965007091,-0.00273367375385336,-0.00568205818931282));
#6258=CARTESIAN_POINT('',(0.000609782339502151,-0.00285170367896116,-0.00581557464689095));
#6259=CARTESIAN_POINT('',(0.000697909278878883,-0.00296907774206962,-0.00594999999999975));
#6260=CARTESIAN_POINT('',(0.000697909278878741,-0.00296907774206902,-0.00594999999999913));
#6261=CARTESIAN_POINT('',(0.000564831393416481,-0.00279183463982331,-0.003));
#6262=CARTESIAN_POINT('',(0.000697909278878881,-0.00296907774206962,-0.003));
#6263=CARTESIAN_POINT('',(0.000697909278878882,-0.00296907774206962,-0.003));
#6264=CARTESIAN_POINT('',(1.69135538907738E-16,-5.90673343570103E-16,-0.003));
#6265=CARTESIAN_POINT('',(0.00081878154778953,-0.00293804301823472,-0.003));
#6266=CARTESIAN_POINT('',(0.000818781547789525,-0.00293804301823472,-0.003));
#6267=CARTESIAN_POINT('',(0.000818781547789525,-0.00293804301823472,-0.00594999999999974));
#6268=CARTESIAN_POINT('',(0.,0.,-0.00594999999999913));
#6269=CARTESIAN_POINT('',(1.69135538907738E-16,-5.90673343570103E-16,-0.003));
#6270=CARTESIAN_POINT('',(0.000850011072069995,-0.0027186129434814,-0.003));
#6271=CARTESIAN_POINT('',(0.000818781547789525,-0.00293804301823473,-0.00594999999999974));
#6272=CARTESIAN_POINT('',(0.000839462387449185,-0.00279273186486187,-0.00581557464598903));
#6273=CARTESIAN_POINT('',(0.000860258787251508,-0.00264660874360518,-0.00568205818827821));
#6274=CARTESIAN_POINT('',(0.000881240596350465,-0.00249918286872807,-0.00555));
#6275=CARTESIAN_POINT('',(0.000850011072069995,-0.0027186129434814,-0.003));
#6276=CARTESIAN_POINT('',(0.00124138721810062,-0.00256365616529257,-0.003));
#6277=CARTESIAN_POINT('',(0.00106841165202475,-0.00242507660535038,-0.00555));
#6278=CARTESIAN_POINT('',(0.00118462668961789,-0.00251818240713315,-0.00568205818944558));
#6279=CARTESIAN_POINT('',(0.00129981477224248,-0.00261046546284345,-0.00581557464700668));
#6280=CARTESIAN_POINT('',(0.00141436278417649,-0.00270223572523475,-0.00594999999999975));
#6281=CARTESIAN_POINT('',(0.00141436278417625,-0.00270223572523431,-0.00594999999999925));
#6282=CARTESIAN_POINT('',(0.00124138721810062,-0.00256365616529257,-0.003));
#6283=CARTESIAN_POINT('',(0.00141436278417648,-0.00270223572523475,-0.003));
#6284=CARTESIAN_POINT('',(0.00141436278417649,-0.00270223572523475,-0.003));
#6285=CARTESIAN_POINT('',(2.4687283467495E-16,-4.31078783780237E-16,-0.003));
#6286=CARTESIAN_POINT('',(0.00152371960652206,-0.00264211630340125,-0.003));
#6287=CARTESIAN_POINT('',(0.00152371960652206,-0.00264211630340125,-0.003));
#6288=CARTESIAN_POINT('',(0.00152371960652206,-0.00264211630340125,-0.00594999999999974));
#6289=CARTESIAN_POINT('',(0.,0.,-0.00594999999999925));
#6290=CARTESIAN_POINT('',(2.4687283467495E-16,-4.31078783780237E-16,-0.003));
#6291=CARTESIAN_POINT('',(0.0014993979573392,-0.00242181356108046,-0.003));
#6292=CARTESIAN_POINT('',(0.00152371960652206,-0.00264211630340126,-0.00594999999999975));
#6293=CARTESIAN_POINT('',(0.00150761330523652,-0.0024962272514224,-0.00581557464597403));
#6294=CARTESIAN_POINT('',(0.00149141700535931,-0.00234952300239834,-0.00568205818826099));
#6295=CARTESIAN_POINT('',(0.00147507630815634,-0.00220151081875967,-0.00555));
#6296=CARTESIAN_POINT('',(0.0014993979573392,-0.00242181356108046,-0.003));
#6297=CARTESIAN_POINT('',(0.00183994211836867,-0.00217439374542864,-0.003));
#6298=CARTESIAN_POINT('',(0.00163793756265551,-0.00208318519120171,-0.00555));
#6299=CARTESIAN_POINT('',(0.00177365596166355,-0.00214446439805829,-0.00568205818865318));
#6300=CARTESIAN_POINT('',(0.00190817506169519,-0.00220520210066345,-0.00581557464631591));
#6301=CARTESIAN_POINT('',(0.00204194667408183,-0.00226560229965558,-0.00594999999999975));
#6302=CARTESIAN_POINT('',(0.00204194667408082,-0.00226560229965447,-0.00594999999999825));
#6303=CARTESIAN_POINT('',(0.00183994211836867,-0.00217439374542864,-0.003));
#6304=CARTESIAN_POINT('',(0.00204194667408182,-0.00226560229965557,-0.003));
#6305=CARTESIAN_POINT('',(0.00204194667408183,-0.00226560229965558,-0.003));
#6306=CARTESIAN_POINT('',(1.03064258516472E-15,-1.08723793856846E-15,-0.003));
#6307=CARTESIAN_POINT('',(0.00213291675852809,-0.00218017570420103,-0.003));
#6308=CARTESIAN_POINT('',(0.00213291675852808,-0.00218017570420103,-0.003));
#6309=CARTESIAN_POINT('',(0.00213291675852809,-0.00218017570420104,-0.00594999999999975));
#6310=CARTESIAN_POINT('',(0.,0.,-0.00594999999999825));
#6311=CARTESIAN_POINT('',(1.03064258516472E-15,-1.08723793856846E-15,-0.003));
#6312=CARTESIAN_POINT('',(0.00205457215454882,-0.0019728427258296,-0.003));
#6313=CARTESIAN_POINT('',(0.00213291675852809,-0.00218017570420103,-0.00594999999999974));
#6314=CARTESIAN_POINT('',(0.00208103533453076,-0.00204287549955179,-0.00581557464621013));
#6315=CARTESIAN_POINT('',(0.00202886400807754,-0.00190480809031455,-0.00568205818853183));
#6316=CARTESIAN_POINT('',(0.00197622755056956,-0.00176550974745817,-0.00555));
#6317=CARTESIAN_POINT('',(0.00205457215454882,-0.0019728427258296,-0.003));
#6318=CARTESIAN_POINT('',(0.00232288668850585,-0.00164850616967864,-0.003));
#6319=CARTESIAN_POINT('',(0.00210454583231165,-0.00161039959007063,-0.00555));
#6320=CARTESIAN_POINT('',(0.00225123990689244,-0.00163600180455523,-0.00568205818829989));
#6321=CARTESIAN_POINT('',(0.00239663769450198,-0.00166137778074653,-0.00581557464600794));
#6322=CARTESIAN_POINT('',(0.00254122754470005,-0.00168661274928664,-0.00594999999999975));
#6323=CARTESIAN_POINT('',(0.00254122754469961,-0.00168661274928634,-0.00594999999999922));
#6324=CARTESIAN_POINT('',(0.00232288668850585,-0.00164850616967864,-0.003));
#6325=CARTESIAN_POINT('',(0.00254122754470005,-0.00168661274928664,-0.003));
#6326=CARTESIAN_POINT('',(0.00254122754470005,-0.00168661274928664,-0.003));
#6327=CARTESIAN_POINT('',(4.54063869836929E-16,-2.66063213127943E-16,-0.003));
#6328=CARTESIAN_POINT('',(0.00260809490627668,-0.00158124664738049,-0.003));
#6329=CARTESIAN_POINT('',(0.00260809490627668,-0.00158124664738049,-0.003));
#6330=CARTESIAN_POINT('',(0.00260809490627668,-0.0015812466473805,-0.00594999999999974));
#6331=CARTESIAN_POINT('',(0.,0.,-0.00594999999999922));
#6332=CARTESIAN_POINT('',(4.54063869836929E-16,-2.66063213127943E-16,-0.003));
#6333=CARTESIAN_POINT('',(0.00248065002710033,-0.00139991092650686,-0.003));
#6334=CARTESIAN_POINT('',(0.00260809490627668,-0.0015812466473805,-0.00594999999999974));
#6335=CARTESIAN_POINT('',(0.00252369826057653,-0.00146116236713118,-0.00581557464678507));
#6336=CARTESIAN_POINT('',(0.00243883002392251,-0.00134040708082708,-0.00568205818919136));
#6337=CARTESIAN_POINT('',(0.00235320514792398,-0.00121857520563322,-0.00555));
#6338=CARTESIAN_POINT('',(0.00248065002710033,-0.00139991092650686,-0.003));
#6339=CARTESIAN_POINT('',(0.00265987574502456,-0.00101903688850612,-0.003));
#6340=CARTESIAN_POINT('',(0.0024389177473455,-0.00103642666006001,-0.00555));
#6341=CARTESIAN_POINT('',(0.00258737016959498,-0.00102474320104673,-0.00568205818824815));
#6342=CARTESIAN_POINT('',(0.00273451076700372,-0.00101316298488747,-0.00581557464596283));
#6343=CARTESIAN_POINT('',(0.00288083374270362,-0.00100164711695223,-0.00594999999999975));
#6344=CARTESIAN_POINT('',(0.0028808337427032,-0.00100164711695208,-0.0059499999999993));
#6345=CARTESIAN_POINT('',(0.00265987574502456,-0.00101903688850612,-0.003));
#6346=CARTESIAN_POINT('',(0.00288083374270362,-0.00100164711695222,-0.003));
#6347=CARTESIAN_POINT('',(0.00288083374270362,-0.00100164711695223,-0.003));
#6348=CARTESIAN_POINT('',(4.27609336828283E-16,-1.17202254845683E-16,-0.003));
#6349=CARTESIAN_POINT('',(0.00291939685916181,-0.000882962048286669,-0.003));
#6350=CARTESIAN_POINT('',(0.00291939685916181,-0.000882962048286674,-0.003));
#6351=CARTESIAN_POINT('',(0.00291939685916181,-0.000882962048286672,-0.00594999999999975));
#6352=CARTESIAN_POINT('',(0.,0.,-0.0059499999999993));
#6353=CARTESIAN_POINT('',(4.27609336828283E-16,-1.17202254845683E-16,-0.003));
#6354=CARTESIAN_POINT('',(0.0027508595352565,-0.000739017575159451,-0.003));
#6355=CARTESIAN_POINT('',(0.00291939685916181,-0.000882962048286671,-0.00594999999999974));
#6356=CARTESIAN_POINT('',(0.00280778794346452,-0.0007876390290641,-0.00581557464713326));
#6357=CARTESIAN_POINT('',(0.00269555538005462,-0.000691783364375648,-0.00568205818959078));
#6358=CARTESIAN_POINT('',(0.0025823222113512,-0.000595073102032228,-0.00555));
#6359=CARTESIAN_POINT('',(0.0027508595352565,-0.000739017575159451,-0.003));
#6360=CARTESIAN_POINT('',(0.00282973502614467,-0.000325537771873249,-0.003));
#6361=CARTESIAN_POINT('',(0.00262004349060158,-0.000397331231287208,-0.00554999999999998));
#6362=CARTESIAN_POINT('',(0.00276092644916491,-0.000349096213399917,-0.00568205818848007));
#6363=CARTESIAN_POINT('',(0.00290056447144485,-0.000301287432472084,-0.00581557464616501));
#6364=CARTESIAN_POINT('',(0.00303942656168774,-0.000253744312459302,-0.00594999999999973));
#6365=CARTESIAN_POINT('',(0.00303942656168792,-0.00025374431245931,-0.00594999999999992));
#6366=CARTESIAN_POINT('',(0.00282973502614467,-0.000325537771873249,-0.003));
#6367=CARTESIAN_POINT('',(0.00303942656168775,-0.000253744312459295,-0.003));
#6368=CARTESIAN_POINT('',(0.00303942656168775,-0.000253744312459296,-0.003));
#6369=CARTESIAN_POINT('',(-1.72171304990698E-16,2.24023273889817E-17,-0.003));
#6370=CARTESIAN_POINT('',(0.0030472623705952,-0.00012919769639173,-0.003));
#6371=CARTESIAN_POINT('',(0.0030472623705952,-0.000129197696391735,-0.003));
#6372=CARTESIAN_POINT('',(0.0030472623705952,-0.000129197696391735,-0.00594999999999975));
#6373=CARTESIAN_POINT('',(0.,0.,-0.00594999999999992));
#6374=CARTESIAN_POINT('',(-1.72171304990698E-16,2.24023273889817E-17,-0.003));
#6375=CARTESIAN_POINT('',(0.00284822242185883,-3.16890316482515E-5,-0.003));
#6376=CARTESIAN_POINT('',(0.0030472623705952,-0.000129197696391734,-0.00594999999999974));
#6377=CARTESIAN_POINT('',(0.00291545398258299,-6.46254333929896E-5,-0.00581557464637722));
#6378=CARTESIAN_POINT('',(0.00278290907696146,3.07645859478757E-7,-0.00568205818872351));
#6379=CARTESIAN_POINT('',(0.00264918247312246,6.58196330952312E-5,-0.00555));
#6380=CARTESIAN_POINT('',(0.00284822242185883,-3.16890316482515E-5,-0.003));
#6381=CARTESIAN_POINT('',(0.00282179164853468,0.000388416080210594,-0.003));
#6382=CARTESIAN_POINT('',(0.00263654226549727,0.000266729980029434,-0.00555));
#6383=CARTESIAN_POINT('',(0.00276100356626154,0.000348485773571919,-0.00568205818908024));
#6384=CARTESIAN_POINT('',(0.00288436504287259,0.000429519117679505,-0.0058155746466882));
#6385=CARTESIAN_POINT('',(0.00300704103157208,0.000510102180391754,-0.00594999999999975));
#6386=CARTESIAN_POINT('',(0.0030070410315722,0.000510102180391774,-0.00594999999999987));
#6387=CARTESIAN_POINT('',(0.00282179164853468,0.000388416080210594,-0.003));
#6388=CARTESIAN_POINT('',(0.00300704103157207,0.000510102180391753,-0.003));
#6389=CARTESIAN_POINT('',(0.00300704103157208,0.000510102180391754,-0.003));
#6390=CARTESIAN_POINT('',(-1.21647483752874E-16,-1.81061762805079E-17,-0.003));
#6391=CARTESIAN_POINT('',(0.00298365718023705,0.000632684621923392,-0.003));
#6392=CARTESIAN_POINT('',(0.00298365718023705,0.000632684621923387,-0.003));
#6393=CARTESIAN_POINT('',(0.00298365718023705,0.000632684621923387,-0.00594999999999974));
#6394=CARTESIAN_POINT('',(0.,0.,-0.00594999999999987));
#6395=CARTESIAN_POINT('',(-1.21647483752874E-16,-1.81061762805079E-17,-0.003));
#6396=CARTESIAN_POINT('',(0.00276662101866644,0.000677630650265514,-0.003));
#6397=CARTESIAN_POINT('',(0.00298365718023705,0.000632684621923388,-0.00594999999999974));
#6398=CARTESIAN_POINT('',(0.00283993132594342,0.000662448815474498,-0.00581557464603083));
#6399=CARTESIAN_POINT('',(0.00269540236204406,0.00069237932502954,-0.00568205818832615));
#6400=CARTESIAN_POINT('',(0.00254958485709583,0.000722576678607641,-0.00555));
#6401=CARTESIAN_POINT('',(0.00276662101866644,0.000677630650265514,-0.003));
#6402=CARTESIAN_POINT('',(0.,-2.84730380801759E-19,-0.003));
#6403=CARTESIAN_POINT('',(0.,-2.84730380801759E-19,-0.00575));
#6404=CARTESIAN_POINT('',(-0.00465,-2.84730380801759E-19,-0.00575));
#6405=CARTESIAN_POINT('',(0.,-2.84730380801759E-19,-0.0016));
#6406=CARTESIAN_POINT('',(-0.00122123978961595,-0.00448676647222237,-0.0016));
#6407=CARTESIAN_POINT('',(-0.0012212397896159,0.00448676647222238,-0.0016));
#6408=CARTESIAN_POINT('',(-0.0012212397896159,0.00448676647222238,-0.0016));
#6409=CARTESIAN_POINT('',(-0.000437045468519577,0.0047002140215082,-0.00140359585834839));
#6410=CARTESIAN_POINT('',(0.000436924998955504,0.00470024681176506,-0.0014035656863353));
#6411=CARTESIAN_POINT('',(0.00122123978961589,0.00448676647222239,-0.0016));
#6412=CARTESIAN_POINT('',(0.00122123978961589,0.00448676647222239,-0.0016));
#6413=CARTESIAN_POINT('',(0.,-2.84730380801759E-19,-0.0016));
#6414=CARTESIAN_POINT('',(0.00122123978961594,-0.00448676647222238,-0.0016));
#6415=CARTESIAN_POINT('',(0.00122123978961594,-0.00448676647222238,-0.0016));
#6416=CARTESIAN_POINT('',(0.000437045468519591,-0.00470021402150821,-0.00140359585834838));
#6417=CARTESIAN_POINT('',(-0.000436924998955528,-0.00470024681176507,-0.00140356568633529));
#6418=CARTESIAN_POINT('',(-0.00122123978961594,-0.00448676647222238,-0.0016));
#6419=CARTESIAN_POINT('',(0.0026365447238235,0.00107796432148039,-0.003));
#6420=CARTESIAN_POINT('',(0.00248737739332759,0.000914031565736572,-0.00555));
#6421=CARTESIAN_POINT('',(0.00258759667489696,0.00102417111808837,-0.00568205818974974));
#6422=CARTESIAN_POINT('',(0.00268693035059247,0.00113333740229276,-0.00581557464727183));
#6423=CARTESIAN_POINT('',(0.00278571205431941,0.0012418970772242,-0.00594999999999975));
#6424=CARTESIAN_POINT('',(0.0026365447238235,0.00107796432148039,-0.003));
#6425=CARTESIAN_POINT('',(0.,-0.00067625,-0.006));
#6426=CARTESIAN_POINT('',(0.,0.,-0.006));
#6427=CARTESIAN_POINT('',(0.0031,0.,-0.006));
#6428=CARTESIAN_POINT('',(0.,-2.84730380801759E-19,-0.006));
#6429=CARTESIAN_POINT('',(-0.0044,-2.84730380801759E-19,-0.006));
#6430=CARTESIAN_POINT('',(0.,0.,-0.003));
#6431=CARTESIAN_POINT('',(0.,-1.28587913910472E-19,-0.003));
#6432=CARTESIAN_POINT('',(0.00255,-1.28587913910472E-19,-0.003));
#6433=CARTESIAN_POINT('',(0.,-1.28587913910472E-19,-0.00225));
#6434=CARTESIAN_POINT('',(0.,-1.28587913910472E-19,-0.00225));
#6435=CARTESIAN_POINT('',(0.00255,-1.28587913910472E-19,-0.00225));
#6436=CARTESIAN_POINT('',(0.,0.,-0.00225));
#6437=CARTESIAN_POINT('',(0.,-1.34711147906209E-19,-0.00225));
#6438=CARTESIAN_POINT('',(0.00245,-1.34711147906209E-19,-0.00225));
#6439=CARTESIAN_POINT('',(0.,-1.34711147906209E-19,-0.0015));
#6440=CARTESIAN_POINT('',(0.,-1.34711147906209E-19,-0.0015));
#6441=CARTESIAN_POINT('',(0.00245,-1.34711147906209E-19,-0.0015));
#6442=CARTESIAN_POINT('',(0.,0.,-0.0015));
#6443=CARTESIAN_POINT('',(0.01275,4.48201806737242E-19,-0.0015));
#6444=CARTESIAN_POINT('',(0.01425,4.48201806737242E-19,-0.0015));
#6445=CARTESIAN_POINT('',(0.0165,4.48201806737242E-19,-0.0015));
#6446=CARTESIAN_POINT('',(0.018,4.48201806737242E-19,-0.0015));
#6447=CARTESIAN_POINT('',(0.02025,-5.81707229052734E-20,-0.0015));
#6448=CARTESIAN_POINT('',(0.02175,-5.81707229052734E-20,-0.0015));
#6449=CARTESIAN_POINT('',(-3.46944695195838E-18,0.0518569206581622,-0.0015));
#6450=CARTESIAN_POINT('',(0.00462949985669284,-0.00440986902526295,-0.0015));
#6451=CARTESIAN_POINT('',(0.00123560784970861,-0.00458647721478462,-0.0015));
#6452=CARTESIAN_POINT('',(0.,-2.84730380801759E-19,-0.0015));
#6453=CARTESIAN_POINT('',(0.00123560784970861,0.00458647721478462,-0.0015));
#6454=CARTESIAN_POINT('',(3.46944695195361E-18,-0.0518569206581622,-0.0015));
#6455=CARTESIAN_POINT('',(0.00462949985669284,0.00440986902526295,-0.0015));
#6456=CARTESIAN_POINT('',(0.000391523173746877,0.00475855983482846,-0.0015));
#6457=CARTESIAN_POINT('',(0.0203277738258945,0.00311825175867216,-0.0015));
#6458=CARTESIAN_POINT('',(0.020071211364252,-3.23092247400681E-17,-0.0015));
#6459=CARTESIAN_POINT('',(0.0203277738258945,-0.00311825175867216,-0.0015));
#6460=CARTESIAN_POINT('',(0.00462949985669284,-0.00440986902526295,-0.0015));
#6461=CARTESIAN_POINT('',(0.0124991369846008,-0.00401321846252596,0.0015));
#6462=CARTESIAN_POINT('',(0.0203482739692017,-0.00336740982923057,0.0015));
#6463=CARTESIAN_POINT('',(0.0203482739692017,-0.00336740982923057,0.00125));
#6464=CARTESIAN_POINT('',(0.0203482739692017,-0.00336740982923057,-0.00125));
#6465=CARTESIAN_POINT('',(0.0124991369846008,-0.00401321846252596,0.00125));
#6466=CARTESIAN_POINT('',(0.00465000000000009,-0.00465902709582242,0.00125));
#6467=CARTESIAN_POINT('',(0.00465000000000009,-0.00465902709582242,0.0015));
#6468=CARTESIAN_POINT('',(0.00465000000000009,-0.00465902709582242,-0.00125));
#6469=CARTESIAN_POINT('',(0.0203482739692017,-0.00336740982923057,-0.00125));
#6470=CARTESIAN_POINT('',(-0.02025,1.70646050580954E-19,0.0015));
#6471=CARTESIAN_POINT('',(-0.02025,1.70646050580954E-19,0.0014));
#6472=CARTESIAN_POINT('',(-0.019,1.70646050580954E-19,0.0014));
#6473=CARTESIAN_POINT('',(-0.02025,1.70646050580954E-19,-0.00125));
#6474=CARTESIAN_POINT('',(-0.019,1.70646050580954E-19,-0.00125));
#6475=CARTESIAN_POINT('',(-0.0165,1.70646050580954E-19,0.0015));
#6476=CARTESIAN_POINT('',(-0.0165,1.70646050580954E-19,0.0014));
#6477=CARTESIAN_POINT('',(-0.01525,1.70646050580954E-19,0.0014));
#6478=CARTESIAN_POINT('',(-0.0165,1.70646050580954E-19,-0.00125));
#6479=CARTESIAN_POINT('',(-0.01525,1.70646050580954E-19,-0.00125));
#6480=CARTESIAN_POINT('',(-0.01275,1.70646050580954E-19,0.0015));
#6481=CARTESIAN_POINT('',(-0.01275,1.70646050580954E-19,0.0014));
#6482=CARTESIAN_POINT('',(-0.0115,1.70646050580954E-19,0.0014));
#6483=CARTESIAN_POINT('',(-0.01275,1.70646050580954E-19,-0.00125));
#6484=CARTESIAN_POINT('',(-0.0115,1.70646050580954E-19,-0.00125));
#6485=CARTESIAN_POINT('',(0.01275,4.48201806737242E-19,0.0015));
#6486=CARTESIAN_POINT('',(0.01275,4.48201806737242E-19,0.0014));
#6487=CARTESIAN_POINT('',(0.014,4.48201806737242E-19,0.0014));
#6488=CARTESIAN_POINT('',(0.01275,4.48201806737242E-19,-0.00125));
#6489=CARTESIAN_POINT('',(0.014,4.48201806737242E-19,-0.00125));
#6490=CARTESIAN_POINT('',(0.0165,4.48201806737242E-19,0.0015));
#6491=CARTESIAN_POINT('',(0.0165,4.48201806737242E-19,0.0014));
#6492=CARTESIAN_POINT('',(0.01775,4.48201806737242E-19,0.0014));
#6493=CARTESIAN_POINT('',(0.0165,4.48201806737242E-19,-0.00125));
#6494=CARTESIAN_POINT('',(0.01775,4.48201806737242E-19,-0.00125));
#6495=CARTESIAN_POINT('',(0.02025,-5.81707229052734E-20,0.0015));
#6496=CARTESIAN_POINT('',(0.02025,-5.81707229052734E-20,0.0014));
#6497=CARTESIAN_POINT('',(0.0215,-5.81707229052734E-20,0.0014));
#6498=CARTESIAN_POINT('',(0.02025,-5.81707229052734E-20,-0.00125));
#6499=CARTESIAN_POINT('',(0.0215,-5.81707229052734E-20,-0.00125));
#6500=CARTESIAN_POINT('',(-3.46944695195838E-18,0.0518569206581622,0.0015));
#6501=CARTESIAN_POINT('',(-3.46944695195838E-18,0.0518569206581622,0.00125));
#6502=CARTESIAN_POINT('',(-0.00465,-0.00465902709582135,0.00125));
#6503=CARTESIAN_POINT('',(-0.00465,-0.00465902709582135,0.0015));
#6504=CARTESIAN_POINT('',(-0.00465,-0.00465902709582135,-0.00125));
#6505=CARTESIAN_POINT('',(-3.46944695195838E-18,0.0518569206581622,-0.00125));
#6506=CARTESIAN_POINT('',(-0.0124991369846008,-0.00401321846252596,0.0015));
#6507=CARTESIAN_POINT('',(-0.0203482739692017,-0.00336740982923057,0.0015));
#6508=CARTESIAN_POINT('',(-0.0203482739692017,-0.00336740982923057,0.00125));
#6509=CARTESIAN_POINT('',(-0.0203482739692017,-0.00336740982923057,-0.00125));
#6510=CARTESIAN_POINT('',(-0.0124991369846008,-0.00401321846252596,-0.00125));
#6511=CARTESIAN_POINT('',(-0.0203482739692017,-0.00336740982923057,0.00125));
#6512=CARTESIAN_POINT('',(-0.020071211364252,-3.23092247400681E-17,0.0015));
#6513=CARTESIAN_POINT('',(-0.0203482739692017,0.00336740982923053,0.0015));
#6514=CARTESIAN_POINT('',(-0.0203482739692017,0.00336740982923053,0.00125));
#6515=CARTESIAN_POINT('',(-0.0203482739692017,0.00336740982923053,-0.00125));
#6516=CARTESIAN_POINT('',(-0.020071211364252,-3.23092247400681E-17,-0.00125));
#6517=CARTESIAN_POINT('',(-0.020071211364252,-3.23092247400681E-17,0.00125));
#6518=CARTESIAN_POINT('',(-0.0124991369846008,0.00401321846252596,0.0015));
#6519=CARTESIAN_POINT('',(-0.00465,0.00465902709582135,0.0015));
#6520=CARTESIAN_POINT('',(-0.00465,0.00465902709582135,0.00125));
#6521=CARTESIAN_POINT('',(-0.00465,0.00465902709582135,-0.00125));
#6522=CARTESIAN_POINT('',(-0.0203482739692017,0.00336740982923057,-0.00125));
#6523=CARTESIAN_POINT('',(-0.0124991369846008,0.00401321846252596,0.00125));
#6524=CARTESIAN_POINT('',(3.46944695195361E-18,-0.0518569206581622,0.0015));
#6525=CARTESIAN_POINT('',(0.00465000000000009,0.00465902709582242,0.0015));
#6526=CARTESIAN_POINT('',(0.00465000000000009,0.00465902709582242,0.00125));
#6527=CARTESIAN_POINT('',(0.00465000000000009,0.00465902709582242,-0.00125));
#6528=CARTESIAN_POINT('',(3.46944695195361E-18,-0.0518569206581622,-0.00125));
#6529=CARTESIAN_POINT('',(3.46944695195361E-18,-0.0518569206581622,0.00125));
#6530=CARTESIAN_POINT('',(0.0124991369846008,0.00401321846252596,0.0015));
#6531=CARTESIAN_POINT('',(0.0203482739692017,0.00336740982923057,0.00125));
#6532=CARTESIAN_POINT('',(0.0203482739692017,0.00336740982923053,0.00125));
#6533=CARTESIAN_POINT('',(0.0203482739692017,0.00336740982923053,0.0015));
#6534=CARTESIAN_POINT('',(0.0203482739692017,0.00336740982923053,-0.00125));
#6535=CARTESIAN_POINT('',(0.0124991369846008,0.00401321846252596,-0.00125));
#6536=CARTESIAN_POINT('',(0.020071211364252,-3.23092247400681E-17,0.0015));
#6537=CARTESIAN_POINT('',(0.020071211364252,-3.23092247400681E-17,0.00125));
#6538=CARTESIAN_POINT('',(0.020071211364252,-3.23092247400681E-17,-0.00125));
#6539=CARTESIAN_POINT('',(0.,0.,-0.0015));
#6540=CARTESIAN_POINT('',(-0.02025,1.70646050580954E-19,-0.00125));
#6541=CARTESIAN_POINT('',(-0.0165,1.70646050580954E-19,-0.00125));
#6542=CARTESIAN_POINT('',(-0.01275,1.70646050580954E-19,-0.00125));
#6543=CARTESIAN_POINT('',(0.0124991369846008,0.00401321846252596,-0.00125));
#6544=CARTESIAN_POINT('',(0.0203277738258945,0.00311825175867216,-0.0015));
#6545=CARTESIAN_POINT('',(0.00465,0.00465902709582135,-0.00125));
#6546=CARTESIAN_POINT('',(3.46944695195361E-18,-0.0518569206581622,-0.0015));
#6547=CARTESIAN_POINT('',(-0.0012212397896159,0.00448676647222238,-0.0016));
#6548=CARTESIAN_POINT('',(-0.00118893824405899,0.00449555853504634,-0.00159190996777399));
#6549=CARTESIAN_POINT('',(-0.00113902064827985,0.00451032260511953,-0.00157818243541401));
#6550=CARTESIAN_POINT('',(-0.001082319563414,0.00453054699445837,-0.00155907511847209));
#6551=CARTESIAN_POINT('',(-0.00102620246496012,0.00456028191289709,-0.00153039110104127));
#6552=CARTESIAN_POINT('',(-0.0010851842098701,0.00458249955149186,-0.00150707838953208));
#6553=CARTESIAN_POINT('',(-0.00114923323619794,0.00458586768378173,-0.00150244865934418));
#6554=CARTESIAN_POINT('',(-0.00120153557601153,0.00458722309420483,-0.00149999999999924));
#6555=CARTESIAN_POINT('',(-0.00123560784970844,0.00458647721478533,-0.00149999999999929));
#6556=CARTESIAN_POINT('',(-0.00465000000000009,0.00465902709582241,-0.00125));
#6557=CARTESIAN_POINT('',(0.00123560784970861,0.00458647721478462,-0.0015));
#6558=CARTESIAN_POINT('',(0.00120117673568504,0.00458723094961216,-0.0015));
#6559=CARTESIAN_POINT('',(0.00114857892528422,0.00458568419567011,-0.00150264663756111));
#6560=CARTESIAN_POINT('',(0.00108283686180858,0.0045825685830315,-0.00150705394629321));
#6561=CARTESIAN_POINT('',(0.0010267876359014,0.00455828124841087,-0.00153238057278674));
#6562=CARTESIAN_POINT('',(0.0010842261308139,0.0045301123422539,-0.0015594733117128));
#6563=CARTESIAN_POINT('',(0.00113963165251778,0.00450998199118225,-0.00157850986870356));
#6564=CARTESIAN_POINT('',(0.00118927912663173,0.00449546575121995,-0.00159199534297667));
#6565=CARTESIAN_POINT('',(0.00122123978961589,0.00448676647222239,-0.0016));
#6566=CARTESIAN_POINT('',(0.020071211364252,-3.23092247400681E-17,-0.0015));
#6567=CARTESIAN_POINT('',(0.0203277738258945,-0.00311825175867216,-0.0015));
#6568=CARTESIAN_POINT('',(-0.000391523173746877,0.00475855983482846,-0.0015));
#6569=CARTESIAN_POINT('',(-0.0203482739692017,0.00336740982923057,-0.00125));
#6570=CARTESIAN_POINT('',(0.000391523173746877,-0.00475855983482846,-0.0015));
#6571=CARTESIAN_POINT('',(0.00462949985669284,-0.00440986902526295,-0.0015));
#6572=CARTESIAN_POINT('',(-0.020071211364252,-3.23092247400681E-17,-0.00125));
#6573=CARTESIAN_POINT('',(-0.0203482739692017,-0.00336740982923057,-0.00125));
#6574=CARTESIAN_POINT('',(-3.46944695195838E-18,0.0518569206581622,-0.0015));
#6575=CARTESIAN_POINT('',(-0.00462949985669293,-0.00440986902526402,-0.0015));
#6576=CARTESIAN_POINT('',(-0.00123560784970861,-0.00458647721478462,-0.0015));
#6577=CARTESIAN_POINT('',(-0.00120117673568502,-0.00458723094961216,-0.0015));
#6578=CARTESIAN_POINT('',(-0.0011485789252842,-0.00458568419567011,-0.00150264663756112));
#6579=CARTESIAN_POINT('',(-0.0010828368618085,-0.00458256858303148,-0.00150705394629321));
#6580=CARTESIAN_POINT('',(-0.00102678763590143,-0.00455828124841076,-0.00153238057278686));
#6581=CARTESIAN_POINT('',(-0.00108422613081403,-0.00453011234225387,-0.00155947331171282));
#6582=CARTESIAN_POINT('',(-0.00113963165251785,-0.00450998199118222,-0.00157850986870361));
#6583=CARTESIAN_POINT('',(-0.0011892791266318,-0.00449546575121993,-0.00159199534297667));
#6584=CARTESIAN_POINT('',(-0.00122123978961595,-0.00448676647222237,-0.0016));
#6585=CARTESIAN_POINT('',(0.00122123978961594,-0.00448676647222238,-0.0016));
#6586=CARTESIAN_POINT('',(0.00118893824405902,-0.00449555853504633,-0.00159190996777399));
#6587=CARTESIAN_POINT('',(0.00113902064827987,-0.00451032260511953,-0.00157818243541401));
#6588=CARTESIAN_POINT('',(0.001082319563414,-0.00453054699445836,-0.00155907511847211));
#6589=CARTESIAN_POINT('',(0.00102620246496012,-0.00456028191289714,-0.00153039110104121));
#6590=CARTESIAN_POINT('',(0.0010851842098702,-0.00458249955149187,-0.00150707838953207));
#6591=CARTESIAN_POINT('',(0.00114923323619797,-0.00458586768378174,-0.00150244865934418));
#6592=CARTESIAN_POINT('',(0.00120153557601155,-0.00458722309420483,-0.00149999999999924));
#6593=CARTESIAN_POINT('',(0.00123560784970844,-0.00458647721478533,-0.00149999999999929));
#6594=CARTESIAN_POINT('',(-0.0124991369846008,-0.00401321846252596,-0.00125));
#6595=CARTESIAN_POINT('',(0.01275,4.48201806737242E-19,-0.0015));
#6596=CARTESIAN_POINT('',(0.0165,4.48201806737242E-19,-0.0015));
#6597=CARTESIAN_POINT('',(0.02025,-5.81707229052734E-20,-0.0015));
#6598=CARTESIAN_POINT('',(0.000391523173746877,0.00475855983482846,0.0015));
#6599=CARTESIAN_POINT('',(0.0203482739692017,0.00336740982923057,0.00125));
#6600=CARTESIAN_POINT('',(0.00462949985669284,0.00440986902526295,0.0015));
#6601=CARTESIAN_POINT('',(3.46944695195361E-18,-0.0518569206581622,0.0015));
#6602=CARTESIAN_POINT('',(-0.00462949985669293,0.00440986902526402,0.0015));
#6603=CARTESIAN_POINT('',(0.020071211364252,-3.23092247400681E-17,0.00125));
#6604=CARTESIAN_POINT('',(0.0203482739692017,-0.00336740982923057,0.00125));
#6605=CARTESIAN_POINT('',(-0.0124991369846008,0.00401321846252596,0.00125));
#6606=CARTESIAN_POINT('',(-0.0203277738258945,0.00311825175867216,0.0015));
#6607=CARTESIAN_POINT('',(0.0124991369846008,-0.00401321846252596,0.00125));
#6608=CARTESIAN_POINT('',(0.00465,-0.00465902709582135,0.00125));
#6609=CARTESIAN_POINT('',(-0.020071211364252,-3.23092247400681E-17,0.0015));
#6610=CARTESIAN_POINT('',(-0.0203277738258945,-0.00311825175867216,0.0015));
#6611=CARTESIAN_POINT('',(-3.46944695195838E-18,0.0518569206581622,0.0015));
#6612=CARTESIAN_POINT('',(-0.00465000000000009,-0.00465902709582241,0.00125));
#6613=CARTESIAN_POINT('',(-0.000391523173746876,-0.00475855983482846,0.0015));
#6614=CARTESIAN_POINT('',(0.,-2.84730380801759E-19,-0.006));
#6615=CARTESIAN_POINT('',(0.,0.,-2.16840434497101E-19));
#6616=CARTESIAN_POINT('',(0.,-5.97015314584335E-20,-2.16840434497101E-19));
#6617=CARTESIAN_POINT('',(0.00235,-5.97015314584335E-20,-2.16840434497101E-19));
#6618=CARTESIAN_POINT('',(0.,-5.97015314584335E-20,-2.16840434497101E-19));
#6619=CARTESIAN_POINT('',(0.,-5.97015314584335E-20,0.0001));
#6620=CARTESIAN_POINT('',(0.00245,-5.97015314584335E-20,0.0001));
#6621=CARTESIAN_POINT('',(-0.02025,1.70646050580954E-19,0.0015));
#6622=CARTESIAN_POINT('',(-0.0165,1.70646050580954E-19,0.0015));
#6623=CARTESIAN_POINT('',(-0.01275,1.70646050580954E-19,0.0015));
#6624=CARTESIAN_POINT('',(0.01275,4.48201806737242E-19,0.0014));
#6625=CARTESIAN_POINT('',(0.0165,4.48201806737242E-19,0.0014));
#6626=CARTESIAN_POINT('',(0.02025,-5.81707229052734E-20,0.0014));
#6627=CARTESIAN_POINT('',(0.,-5.97015314584335E-20,0.0001));
#6628=CARTESIAN_POINT('',(0.,-2.84730380801759E-19,-0.0016));
#6629=CARTESIAN_POINT('',(0.,-2.84730380801759E-19,-0.0016));
#6630=CARTESIAN_POINT('',(0.,0.,-0.00555));
#6631=CARTESIAN_POINT('',(0.004514936686285,-0.00113001605136437,0.001501));
#6632=CARTESIAN_POINT('',(0.00525135990725878,-0.00113001605136437,0.001501));
#6633=CARTESIAN_POINT('',(0.00525135990725878,-0.00113001605136437,0.001501));
#6634=CARTESIAN_POINT('',(0.004514936686285,-0.00113001605136437,0.001501));
#6635=CARTESIAN_POINT('',(0.00377851346531122,-0.00113001605136437,0.001501));
#6636=CARTESIAN_POINT('',(0.00377851346531122,-0.00113001605136437,0.001501));
#6637=CARTESIAN_POINT('',(0.00525135990725878,-0.0010120608168361,0.001501));
#6638=CARTESIAN_POINT('',(0.00525135990725878,-0.00089410558230783,0.001501));
#6639=CARTESIAN_POINT('',(0.00525135990725878,-0.00089410558230783,0.001501));
#6640=CARTESIAN_POINT('',(0.00525135990725878,-0.0010120608168361,0.001501));
#6641=CARTESIAN_POINT('',(0.00467507133939718,-0.00089410558230783,0.001501));
#6642=CARTESIAN_POINT('',(0.00409878277153558,-0.00089410558230783,0.001501));
#6643=CARTESIAN_POINT('',(0.00409878277153558,-0.00089410558230783,0.001501));
#6644=CARTESIAN_POINT('',(0.00467507133939718,-0.00089410558230783,0.001501));
#6645=CARTESIAN_POINT('',(0.00409878277153558,-0.000887974852862493,0.001501));
#6646=CARTESIAN_POINT('',(0.00409878277153558,-0.000881844123417157,0.001501));
#6647=CARTESIAN_POINT('',(0.00409878277153558,-0.000881844123417157,0.001501));
#6648=CARTESIAN_POINT('',(0.00409878277153558,-0.000887974852862493,0.001501));
#6649=CARTESIAN_POINT('',(0.00434401194934903,-0.000642009987515606,0.001501));
#6650=CARTESIAN_POINT('',(0.00458924112716248,-0.000402175851614054,0.001501));
#6651=CARTESIAN_POINT('',(0.00458924112716248,-0.000402175851614054,0.001501));
#6652=CARTESIAN_POINT('',(0.00434401194934903,-0.000642009987515606,0.001501));
#6653=CARTESIAN_POINT('',(0.0050365391474942,0.000125066880684858,0.001501));
#6654=CARTESIAN_POINT('',(0.0050365391474942,0.000125066880684858,0.0015));
#6655=CARTESIAN_POINT('',(0.00495675792164556,-1.38963200760957E-5,0.001501));
#6656=CARTESIAN_POINT('',(0.00495675792164556,-1.38963200760957E-5,0.0015));
#6657=CARTESIAN_POINT('',(0.00480765858153499,-0.000189643897509066,0.001501));
#6658=CARTESIAN_POINT('',(0.00480765858153499,-0.000189643897509066,0.0015));
#6659=CARTESIAN_POINT('',(0.00458924112716248,-0.000402175851614054,0.001501));
#6660=CARTESIAN_POINT('',(0.00458924112716248,-0.000402175851614054,0.0015));
#6661=CARTESIAN_POINT('',(0.0050365391474942,0.000125066880684858,0.001501));
#6662=CARTESIAN_POINT('',(0.0050365391474942,0.000125066880684858,0.001501));
#6663=CARTESIAN_POINT('',(0.0050365391474942,0.000125066880684858,0.001501));
#6664=CARTESIAN_POINT('',(0.00491686730872124,-8.33779204565724E-5,0.001501));
#6665=CARTESIAN_POINT('',(0.00458924112716248,-0.000402175851614054,0.001501));
#6666=CARTESIAN_POINT('',(0.00515621098626717,0.000546861066523987,0.001501));
#6667=CARTESIAN_POINT('',(0.00515621098626717,0.000546861066523987,0.0015));
#6668=CARTESIAN_POINT('',(0.00515621098626717,0.000404628143392188,0.001501));
#6669=CARTESIAN_POINT('',(0.00515621098626717,0.000404628143392188,0.0015));
#6670=CARTESIAN_POINT('',(0.00511632037334285,0.000264030081445811,0.001501));
#6671=CARTESIAN_POINT('',(0.00511632037334285,0.000264030081445811,0.0015));
#6672=CARTESIAN_POINT('',(0.0050365391474942,0.000125066880684858,0.001501));
#6673=CARTESIAN_POINT('',(0.0050365391474942,0.000125066880684858,0.0015));
#6674=CARTESIAN_POINT('',(0.00515621098626717,0.000546861066523987,0.001501));
#6675=CARTESIAN_POINT('',(0.00515621098626717,0.000546861066523987,0.001501));
#6676=CARTESIAN_POINT('',(0.00515621098626717,0.000546861066523987,0.001501));
#6677=CARTESIAN_POINT('',(0.00515621098626717,0.000333511681826288,0.001501));
#6678=CARTESIAN_POINT('',(0.0050365391474942,0.000125066880684858,0.001501));
#6679=CARTESIAN_POINT('',(0.00497694845728554,0.000981161940431603,0.001501));
#6680=CARTESIAN_POINT('',(0.00497694845728554,0.000981161940431603,0.0015));
#6681=CARTESIAN_POINT('',(0.00509645680993996,0.000873424588312229,0.001501));
#6682=CARTESIAN_POINT('',(0.00509645680993996,0.000873424588312229,0.0015));
#6683=CARTESIAN_POINT('',(0.00515621098626717,0.000728657630343023,0.001501));
#6684=CARTESIAN_POINT('',(0.00515621098626717,0.000728657630343023,0.0015));
#6685=CARTESIAN_POINT('',(0.00515621098626717,0.000546861066523987,0.001501));
#6686=CARTESIAN_POINT('',(0.00515621098626717,0.000546861066523987,0.0015));
#6687=CARTESIAN_POINT('',(0.00497694845728554,0.000981161940431603,0.001501));
#6688=CARTESIAN_POINT('',(0.00497694845728554,0.000981161940431603,0.001501));
#6689=CARTESIAN_POINT('',(0.00497694845728554,0.000981161940431603,0.001501));
#6690=CARTESIAN_POINT('',(0.00515621098626717,0.000819555912252541,0.001501));
#6691=CARTESIAN_POINT('',(0.00515621098626717,0.000546861066523987,0.001501));
#6692=CARTESIAN_POINT('',(0.00448183074728018,0.00114276796861066,0.001501));
#6693=CARTESIAN_POINT('',(0.00448183074728018,0.00114276796861066,0.0015));
#6694=CARTESIAN_POINT('',(0.00469240086796267,0.00114276796861066,0.001501));
#6695=CARTESIAN_POINT('',(0.00469240086796267,0.00114276796861066,0.0015));
#6696=CARTESIAN_POINT('',(0.00485744010463112,0.00108889929255098,0.001501));
#6697=CARTESIAN_POINT('',(0.00485744010463112,0.00108889929255098,0.0015));
#6698=CARTESIAN_POINT('',(0.00497694845728554,0.000981161940431603,0.001501));
#6699=CARTESIAN_POINT('',(0.00497694845728554,0.000981161940431603,0.0015));
#6700=CARTESIAN_POINT('',(0.00448183074728018,0.00114276796861066,0.001501));
#6701=CARTESIAN_POINT('',(0.00448183074728018,0.00114276796861066,0.001501));
#6702=CARTESIAN_POINT('',(0.00448183074728018,0.00114276796861066,0.001501));
#6703=CARTESIAN_POINT('',(0.00479768592830391,0.00114276796861066,0.001501));
#6704=CARTESIAN_POINT('',(0.00497694845728554,0.000981161940431603,0.001501));
#6705=CARTESIAN_POINT('',(0.00380745050829321,0.000885277331906545,0.001501));
#6706=CARTESIAN_POINT('',(0.00380745050829321,0.000885277331906545,0.0015));
#6707=CARTESIAN_POINT('',(0.00401376998989359,0.00105693775637596,0.001501));
#6708=CARTESIAN_POINT('',(0.00401376998989359,0.00105693775637596,0.0015));
#6709=CARTESIAN_POINT('',(0.00423856340288924,0.00114276796861066,0.001501));
#6710=CARTESIAN_POINT('',(0.00423856340288924,0.00114276796861066,0.0015));
#6711=CARTESIAN_POINT('',(0.00448183074728018,0.00114276796861066,0.001501));
#6712=CARTESIAN_POINT('',(0.00448183074728018,0.00114276796861066,0.0015));
#6713=CARTESIAN_POINT('',(0.00380745050829321,0.000885277331906545,0.001501));
#6714=CARTESIAN_POINT('',(0.00380745050829321,0.000885277331906545,0.001501));
#6715=CARTESIAN_POINT('',(0.00380745050829321,0.000885277331906545,0.001501));
#6716=CARTESIAN_POINT('',(0.00411692973069377,0.00114276796861066,0.001501));
#6717=CARTESIAN_POINT('',(0.00448183074728018,0.00114276796861066,0.001501));
#6718=CARTESIAN_POINT('',(0.00387488853219191,0.000798711432138398,0.001501));
#6719=CARTESIAN_POINT('',(0.0039423265560906,0.000712145532370251,0.001501));
#6720=CARTESIAN_POINT('',(0.0039423265560906,0.000712145532370251,0.001501));
#6721=CARTESIAN_POINT('',(0.00387488853219191,0.000798711432138398,0.001501));
#6722=CARTESIAN_POINT('',(0.00422041644373105,0.000879391831639022,0.001501));
#6723=CARTESIAN_POINT('',(0.00422041644373105,0.000879391831639022,0.0015));
#6724=CARTESIAN_POINT('',(0.00413703852327448,0.00084865644135307,0.001501));
#6725=CARTESIAN_POINT('',(0.00413703852327448,0.00084865644135307,0.0015));
#6726=CARTESIAN_POINT('',(0.004044341894061,0.000792907674930146,0.001501));
#6727=CARTESIAN_POINT('',(0.004044341894061,0.000792907674930146,0.0015));
#6728=CARTESIAN_POINT('',(0.0039423265560906,0.000712145532370251,0.001501));
#6729=CARTESIAN_POINT('',(0.0039423265560906,0.000712145532370251,0.0015));
#6730=CARTESIAN_POINT('',(0.00422041644373105,0.000879391831639022,0.001501));
#6731=CARTESIAN_POINT('',(0.00422041644373105,0.000879391831639022,0.001501));
#6732=CARTESIAN_POINT('',(0.00422041644373105,0.000879391831639022,0.001501));
#6733=CARTESIAN_POINT('',(0.0040953495630462,0.000833288746210094,0.001501));
#6734=CARTESIAN_POINT('',(0.0039423265560906,0.000712145532370251,0.001501));
#6735=CARTESIAN_POINT('',(0.00448477349741395,0.00092549491706795,0.001501));
#6736=CARTESIAN_POINT('',(0.00448477349741395,0.00092549491706795,0.0015));
#6737=CARTESIAN_POINT('',(0.00439191338208192,0.00092549491706795,0.001501));
#6738=CARTESIAN_POINT('',(0.00439191338208192,0.00092549491706795,0.0015));
#6739=CARTESIAN_POINT('',(0.00430379436418762,0.000910127221924974,0.001501));
#6740=CARTESIAN_POINT('',(0.00430379436418762,0.000910127221924974,0.0015));
#6741=CARTESIAN_POINT('',(0.00422041644373105,0.000879391831639022,0.001501));
#6742=CARTESIAN_POINT('',(0.00422041644373105,0.000879391831639022,0.0015));
#6743=CARTESIAN_POINT('',(0.00448477349741395,0.00092549491706795,0.001501));
#6744=CARTESIAN_POINT('',(0.00448477349741395,0.00092549491706795,0.001501));
#6745=CARTESIAN_POINT('',(0.00448477349741395,0.00092549491706795,0.001501));
#6746=CARTESIAN_POINT('',(0.00434548332441591,0.00092549491706795,0.001501));
#6747=CARTESIAN_POINT('',(0.00422041644373105,0.000879391831639022,0.001501));
#6748=CARTESIAN_POINT('',(0.00478689584448012,0.000820536828963795,0.001501));
#6749=CARTESIAN_POINT('',(0.00478689584448012,0.000820536828963795,0.0015));
#6750=CARTESIAN_POINT('',(0.00471430800784733,0.000890508887699898,0.001501));
#6751=CARTESIAN_POINT('',(0.00471430800784733,0.000890508887699898,0.0015));
#6752=CARTESIAN_POINT('',(0.00461360055882528,0.00092549491706795,0.001501));
#6753=CARTESIAN_POINT('',(0.00461360055882528,0.00092549491706795,0.0015));
#6754=CARTESIAN_POINT('',(0.00448477349741395,0.00092549491706795,0.001501));
#6755=CARTESIAN_POINT('',(0.00448477349741395,0.00092549491706795,0.0015));
#6756=CARTESIAN_POINT('',(0.00478689584448012,0.000820536828963795,0.001501));
#6757=CARTESIAN_POINT('',(0.00478689584448012,0.000820536828963795,0.001501));
#6758=CARTESIAN_POINT('',(0.00478689584448012,0.000820536828963795,0.001501));
#6759=CARTESIAN_POINT('',(0.00467801408953094,0.00092549491706795,0.001501));
#6760=CARTESIAN_POINT('',(0.00448477349741395,0.00092549491706795,0.001501));
#6761=CARTESIAN_POINT('',(0.00489577759942929,0.000536070982700196,0.001501));
#6762=CARTESIAN_POINT('',(0.00489577759942929,0.000536070982700196,0.0015));
#6763=CARTESIAN_POINT('',(0.00489577759942929,0.000655742821473158,0.001501));
#6764=CARTESIAN_POINT('',(0.00489577759942929,0.000655742821473158,0.0015));
#6765=CARTESIAN_POINT('',(0.0048594836811129,0.000750564770227691,0.001501));
#6766=CARTESIAN_POINT('',(0.0048594836811129,0.000750564770227691,0.0015));
#6767=CARTESIAN_POINT('',(0.00478689584448012,0.000820536828963795,0.001501));
#6768=CARTESIAN_POINT('',(0.00478689584448012,0.000820536828963795,0.0015));
#6769=CARTESIAN_POINT('',(0.00489577759942929,0.000536070982700196,0.001501));
#6770=CARTESIAN_POINT('',(0.00489577759942929,0.000536070982700196,0.001501));
#6771=CARTESIAN_POINT('',(0.00489577759942929,0.000536070982700196,0.001501));
#6772=CARTESIAN_POINT('',(0.00489577759942929,0.000715578740859639,0.001501));
#6773=CARTESIAN_POINT('',(0.00478689584448012,0.000820536828963795,0.001501));
#6774=CARTESIAN_POINT('',(0.00485286249331193,0.000298689138576778,0.001501));
#6775=CARTESIAN_POINT('',(0.00485286249331193,0.000298689138576778,0.0015));
#6776=CARTESIAN_POINT('',(0.00488147256405684,0.000372257891920813,0.001501));
#6777=CARTESIAN_POINT('',(0.00488147256405684,0.000372257891920813,0.0015));
#6778=CARTESIAN_POINT('',(0.00489577759942929,0.000451385173295285,0.001501));
#6779=CARTESIAN_POINT('',(0.00489577759942929,0.000451385173295285,0.0015));
#6780=CARTESIAN_POINT('',(0.00489577759942929,0.000536070982700196,0.001501));
#6781=CARTESIAN_POINT('',(0.00489577759942929,0.000536070982700196,0.0015));
#6782=CARTESIAN_POINT('',(0.00485286249331193,0.000298689138576778,0.001501));
#6783=CARTESIAN_POINT('',(0.00485286249331193,0.000298689138576778,0.001501));
#6784=CARTESIAN_POINT('',(0.00485286249331193,0.000298689138576778,0.001501));
#6785=CARTESIAN_POINT('',(0.00489577759942929,0.00040904226859283,0.001501));
#6786=CARTESIAN_POINT('',(0.00489577759942929,0.000536070982700196,0.001501));
#6787=CARTESIAN_POINT('',(0.00472411717495987,7.18521490993397E-5,0.001501));
#6788=CARTESIAN_POINT('',(0.00472411717495987,7.18521490993397E-5,0.0015));
#6789=CARTESIAN_POINT('',(0.00478133731644968,0.000149508055406932,0.001501));
#6790=CARTESIAN_POINT('',(0.00478133731644968,0.000149508055406932,0.0015));
#6791=CARTESIAN_POINT('',(0.00482425242256703,0.000225120385232744,0.001501));
#6792=CARTESIAN_POINT('',(0.00482425242256703,0.000225120385232744,0.0015));
#6793=CARTESIAN_POINT('',(0.00485286249331193,0.000298689138576778,0.001501));
#6794=CARTESIAN_POINT('',(0.00485286249331193,0.000298689138576778,0.0015));
#6795=CARTESIAN_POINT('',(0.00472411717495987,7.18521490993397E-5,0.001501));
#6796=CARTESIAN_POINT('',(0.00472411717495987,7.18521490993397E-5,0.001501));
#6797=CARTESIAN_POINT('',(0.00472411717495987,7.18521490993397E-5,0.001501));
#6798=CARTESIAN_POINT('',(0.00480994738719458,0.000188336008560727,0.001501));
#6799=CARTESIAN_POINT('',(0.00485286249331193,0.000298689138576778,0.001501));
#6800=CARTESIAN_POINT('',(0.00436853486713038,-0.000317817014446229,0.001501));
#6801=CARTESIAN_POINT('',(0.00436853486713038,-0.000317817014446229,0.0015));
#6802=CARTESIAN_POINT('',(0.00454836959752691,-0.000135693478390108,0.001501));
#6803=CARTESIAN_POINT('',(0.00454836959752691,-0.000135693478390108,0.0015));
#6804=CARTESIAN_POINT('',(0.00466689703347007,-5.80375720825204E-6,0.001501));
#6805=CARTESIAN_POINT('',(0.00466689703347007,-5.80375720825204E-6,0.0015));
#6806=CARTESIAN_POINT('',(0.00472411717495987,7.18521490993397E-5,0.001501));
#6807=CARTESIAN_POINT('',(0.00472411717495987,7.18521490993397E-5,0.0015));
#6808=CARTESIAN_POINT('',(0.00436853486713038,-0.000317817014446229,0.001501));
#6809=CARTESIAN_POINT('',(0.00436853486713038,-0.000317817014446229,0.001501));
#6810=CARTESIAN_POINT('',(0.00436853486713038,-0.000317817014446229,0.001501));
#6811=CARTESIAN_POINT('',(0.00463828696272517,-4.46317103620479E-5,0.001501));
#6812=CARTESIAN_POINT('',(0.00472411717495987,7.18521490993397E-5,0.001501));
#6813=CARTESIAN_POINT('',(0.00407352416622079,-0.000614299090422686,0.001501));
#6814=CARTESIAN_POINT('',(0.00377851346531122,-0.000910781166399144,0.001501));
#6815=CARTESIAN_POINT('',(0.00377851346531122,-0.000910781166399144,0.001501));
#6816=CARTESIAN_POINT('',(0.00407352416622079,-0.000614299090422686,0.001501));
#6817=CARTESIAN_POINT('',(0.00377851346531122,-0.00102039860888175,0.001501));
#6818=CARTESIAN_POINT('',(0.00377851346531122,-0.00102039860888175,0.001501));
#6819=CARTESIAN_POINT('',(0.,0.,0.001501));
#6820=CARTESIAN_POINT('',(0.00808154984840378,-0.00113001605136437,0.001501));
#6821=CARTESIAN_POINT('',(0.00821176654182272,-0.00113001605136437,0.001501));
#6822=CARTESIAN_POINT('',(0.00821176654182272,-0.00113001605136437,0.001501));
#6823=CARTESIAN_POINT('',(0.00808154984840378,-0.00113001605136437,0.001501));
#6824=CARTESIAN_POINT('',(0.00795133315498484,-0.00113001605136437,0.001501));
#6825=CARTESIAN_POINT('',(0.00795133315498484,-0.00113001605136437,0.001501));
#6826=CARTESIAN_POINT('',(0.00821176654182272,-0.000125312109862672,0.001501));
#6827=CARTESIAN_POINT('',(0.00821176654182272,0.000879391831639022,0.001501));
#6828=CARTESIAN_POINT('',(0.00821176654182272,0.000879391831639022,0.001501));
#6829=CARTESIAN_POINT('',(0.00821176654182272,-0.000125312109862672,0.001501));
#6830=CARTESIAN_POINT('',(0.00856661316211878,0.000879391831639022,0.001501));
#6831=CARTESIAN_POINT('',(0.00892145978241484,0.000879391831639022,0.001501));
#6832=CARTESIAN_POINT('',(0.00892145978241484,0.000879391831639022,0.001501));
#6833=CARTESIAN_POINT('',(0.00856661316211878,0.000879391831639022,0.001501));
#6834=CARTESIAN_POINT('',(0.00892145978241484,0.000995140003566969,0.001501));
#6835=CARTESIAN_POINT('',(0.00892145978241484,0.00111088817549492,0.001501));
#6836=CARTESIAN_POINT('',(0.00892145978241484,0.00111088817549492,0.001501));
#6837=CARTESIAN_POINT('',(0.00892145978241484,0.000995140003566969,0.001501));
#6838=CARTESIAN_POINT('',(0.00808154984840378,0.00111088817549492,0.001501));
#6839=CARTESIAN_POINT('',(0.00724163991439272,0.00111088817549492,0.001501));
#6840=CARTESIAN_POINT('',(0.00724163991439272,0.00111088817549492,0.001501));
#6841=CARTESIAN_POINT('',(0.00808154984840378,0.00111088817549492,0.001501));
#6842=CARTESIAN_POINT('',(0.00724163991439272,0.000995140003566969,0.001501));
#6843=CARTESIAN_POINT('',(0.00724163991439272,0.000879391831639022,0.001501));
#6844=CARTESIAN_POINT('',(0.00724163991439272,0.000879391831639022,0.001501));
#6845=CARTESIAN_POINT('',(0.00724163991439272,0.000995140003566969,0.001501));
#6846=CARTESIAN_POINT('',(0.00759648653468878,0.000879391831639022,0.001501));
#6847=CARTESIAN_POINT('',(0.00795133315498484,0.000879391831639022,0.001501));
#6848=CARTESIAN_POINT('',(0.00795133315498484,0.000879391831639022,0.001501));
#6849=CARTESIAN_POINT('',(0.00759648653468878,0.000879391831639022,0.001501));
#6850=CARTESIAN_POINT('',(0.00795133315498484,-0.000125312109862672,0.001501));
#6851=CARTESIAN_POINT('',(0.00795133315498484,-0.000125312109862672,0.001501));
#6852=CARTESIAN_POINT('',(0.,0.,0.001501));
#6853=CARTESIAN_POINT('',(0.00627347512038523,0.000238853219190298,0.001501));
#6854=CARTESIAN_POINT('',(0.00627347512038523,0.000238853219190298,0.0015));
#6855=CARTESIAN_POINT('',(0.00650954907556031,0.000238853219190298,0.001501));
#6856=CARTESIAN_POINT('',(0.00650954907556031,0.000238853219190298,0.0015));
#6857=CARTESIAN_POINT('',(0.00669526930622436,0.000180325188752155,0.001501));
#6858=CARTESIAN_POINT('',(0.00669526930622436,0.000180325188752155,0.0015));
#6859=CARTESIAN_POINT('',(0.00683063581237739,6.32691278758691E-5,0.001501));
#6860=CARTESIAN_POINT('',(0.00683063581237739,6.32691278758691E-5,0.0015));
#6861=CARTESIAN_POINT('',(0.00627347512038523,0.000238853219190298,0.001501));
#6862=CARTESIAN_POINT('',(0.00627347512038523,0.000238853219190298,0.001501));
#6863=CARTESIAN_POINT('',(0.00627347512038523,0.000238853219190298,0.001501));
#6864=CARTESIAN_POINT('',(0.00662758605314785,0.000238853219190298,0.001501));
#6865=CARTESIAN_POINT('',(0.00683063581237739,6.32691278758691E-5,0.001501));
#6866=CARTESIAN_POINT('',(0.00683063581237739,6.32691278758691E-5,0.001501));
#6867=CARTESIAN_POINT('',(0.00683063581237739,6.32691278758691E-5,0.001501));
#6868=CARTESIAN_POINT('',(0.00592230693775638,0.000203540217585161,0.001501));
#6869=CARTESIAN_POINT('',(0.00592230693775638,0.000203540217585161,0.0015));
#6870=CARTESIAN_POINT('',(0.00603968997086975,0.000227082218655252,0.001501));
#6871=CARTESIAN_POINT('',(0.00603968997086975,0.000227082218655252,0.0015));
#6872=CARTESIAN_POINT('',(0.00615674603174603,0.000238853219190298,0.001501));
#6873=CARTESIAN_POINT('',(0.00615674603174603,0.000238853219190298,0.0015));
#6874=CARTESIAN_POINT('',(0.00627347512038523,0.000238853219190298,0.001501));
#6875=CARTESIAN_POINT('',(0.00627347512038523,0.000238853219190298,0.0015));
#6876=CARTESIAN_POINT('',(0.00592230693775638,0.000203540217585161,0.001501));
#6877=CARTESIAN_POINT('',(0.00592230693775638,0.000203540217585161,0.001501));
#6878=CARTESIAN_POINT('',(0.00592230693775638,0.000203540217585161,0.001501));
#6879=CARTESIAN_POINT('',(0.00609838148742643,0.000238853219190298,0.001501));
#6880=CARTESIAN_POINT('',(0.00627347512038523,0.000238853219190298,0.001501));
#6881=CARTESIAN_POINT('',(0.00595075352238274,0.000539994649545211,0.001501));
#6882=CARTESIAN_POINT('',(0.0059792001070091,0.000876449081505261,0.001501));
#6883=CARTESIAN_POINT('',(0.0059792001070091,0.000876449081505261,0.001501));
#6884=CARTESIAN_POINT('',(0.00595075352238274,0.000539994649545211,0.001501));
#6885=CARTESIAN_POINT('',(0.00642747904405208,0.000876449081505261,0.001501));
#6886=CARTESIAN_POINT('',(0.00687575798109506,0.000876449081505261,0.001501));
#6887=CARTESIAN_POINT('',(0.00687575798109506,0.000876449081505261,0.001501));
#6888=CARTESIAN_POINT('',(0.00642747904405208,0.000876449081505261,0.001501));
#6889=CARTESIAN_POINT('',(0.00687575798109506,0.000993668628500088,0.001501));
#6890=CARTESIAN_POINT('',(0.00687575798109506,0.00111088817549492,0.001501));
#6891=CARTESIAN_POINT('',(0.00687575798109506,0.00111088817549492,0.001501));
#6892=CARTESIAN_POINT('',(0.00687575798109506,0.000993668628500088,0.001501));
#6893=CARTESIAN_POINT('',(0.00631859728910291,0.00111088817549492,0.001501));
#6894=CARTESIAN_POINT('',(0.00576143659711076,0.00111088817549492,0.001501));
#6895=CARTESIAN_POINT('',(0.00576143659711076,0.00111088817549492,0.001501));
#6896=CARTESIAN_POINT('',(0.00631859728910291,0.00111088817549492,0.001501));
#6897=CARTESIAN_POINT('',(0.00571925717852684,0.000586588193329766,0.001501));
#6898=CARTESIAN_POINT('',(0.00567707775994293,6.22882111646159E-5,0.001501));
#6899=CARTESIAN_POINT('',(0.00567707775994293,6.22882111646159E-5,0.001501));
#6900=CARTESIAN_POINT('',(0.00571925717852684,0.000586588193329766,0.001501));
#6901=CARTESIAN_POINT('',(0.00574304440877475,2.01087925807022E-5,0.001501));
#6902=CARTESIAN_POINT('',(0.00580901105760656,-2.20706260032107E-5,0.001501));
#6903=CARTESIAN_POINT('',(0.00580901105760656,-2.20706260032107E-5,0.001501));
#6904=CARTESIAN_POINT('',(0.00574304440877475,2.01087925807022E-5,0.001501));
#6905=CARTESIAN_POINT('',(0.00619843499197432,2.25610843588367E-5,0.001501));
#6906=CARTESIAN_POINT('',(0.00619843499197432,2.25610843588367E-5,0.0015));
#6907=CARTESIAN_POINT('',(0.00610132423756019,2.25610843588367E-5,0.001501));
#6908=CARTESIAN_POINT('',(0.00610132423756019,2.25610843588367E-5,0.0015));
#6909=CARTESIAN_POINT('',(0.00597151625943761,7.68384757148761E-6,0.001501));
#6910=CARTESIAN_POINT('',(0.00597151625943761,7.68384757148761E-6,0.0015));
#6911=CARTESIAN_POINT('',(0.00580901105760656,-2.20706260032105E-5,0.001501));
#6912=CARTESIAN_POINT('',(0.00580901105760656,-2.20706260032105E-5,0.0015));
#6913=CARTESIAN_POINT('',(0.00619843499197432,2.25610843588367E-5,0.001501));
#6914=CARTESIAN_POINT('',(0.00619843499197432,2.25610843588367E-5,0.001501));
#6915=CARTESIAN_POINT('',(0.00619843499197432,2.25610843588367E-5,0.001501));
#6916=CARTESIAN_POINT('',(0.00605276886035313,2.25610843588367E-5,0.001501));
#6917=CARTESIAN_POINT('',(0.00580901105760656,-2.20706260032105E-5,0.001501));
#6918=CARTESIAN_POINT('',(0.00677276172641341,-0.000446317103620475,0.001501));
#6919=CARTESIAN_POINT('',(0.00677276172641341,-0.000446317103620475,0.0015));
#6920=CARTESIAN_POINT('',(0.00677276172641341,-0.000133731644967601,0.001501));
#6921=CARTESIAN_POINT('',(0.00677276172641341,-0.000133731644967601,0.0015));
#6922=CARTESIAN_POINT('',(0.00658131948160038,2.25610843588367E-5,0.001501));
#6923=CARTESIAN_POINT('',(0.00658131948160038,2.25610843588367E-5,0.0015));
#6924=CARTESIAN_POINT('',(0.00619843499197432,2.25610843588367E-5,0.001501));
#6925=CARTESIAN_POINT('',(0.00619843499197432,2.25610843588367E-5,0.0015));
#6926=CARTESIAN_POINT('',(0.00677276172641341,-0.000446317103620475,0.001501));
#6927=CARTESIAN_POINT('',(0.00677276172641341,-0.000446317103620475,0.001501));
#6928=CARTESIAN_POINT('',(0.00677276172641341,-0.000446317103620475,0.001501));
#6929=CARTESIAN_POINT('',(0.00677276172641341,2.25610843588367E-5,0.001501));
#6930=CARTESIAN_POINT('',(0.00619843499197432,2.25610843588367E-5,0.001501));
#6931=CARTESIAN_POINT('',(0.00662341715712502,-0.000814406099518459,0.001501));
#6932=CARTESIAN_POINT('',(0.00662341715712502,-0.000814406099518459,0.0015));
#6933=CARTESIAN_POINT('',(0.00672298020331728,-0.000729556803995006,0.001501));
#6934=CARTESIAN_POINT('',(0.00672298020331728,-0.000729556803995006,0.0015));
#6935=CARTESIAN_POINT('',(0.00677276172641341,-0.000606860472029012,0.001501));
#6936=CARTESIAN_POINT('',(0.00677276172641341,-0.000606860472029012,0.0015));
#6937=CARTESIAN_POINT('',(0.00677276172641341,-0.000446317103620475,0.001501));
#6938=CARTESIAN_POINT('',(0.00677276172641341,-0.000446317103620475,0.0015));
#6939=CARTESIAN_POINT('',(0.00662341715712502,-0.000814406099518459,0.001501));
#6940=CARTESIAN_POINT('',(0.00662341715712502,-0.000814406099518459,0.001501));
#6941=CARTESIAN_POINT('',(0.00662341715712502,-0.000814406099518459,0.001501));
#6942=CARTESIAN_POINT('',(0.00677276172641341,-0.00068713215623328,0.001501));
#6943=CARTESIAN_POINT('',(0.00677276172641341,-0.000446317103620475,0.001501));
#6944=CARTESIAN_POINT('',(0.00620432049224184,-0.000941680042803638,0.001501));
#6945=CARTESIAN_POINT('',(0.00620432049224184,-0.000941680042803638,0.0015));
#6946=CARTESIAN_POINT('',(0.00638415522263837,-0.000941680042803638,0.001501));
#6947=CARTESIAN_POINT('',(0.00638415522263837,-0.000941680042803638,0.0015));
#6948=CARTESIAN_POINT('',(0.00652385411093276,-0.000899255395041912,0.001501));
#6949=CARTESIAN_POINT('',(0.00652385411093276,-0.000899255395041912,0.0015));
#6950=CARTESIAN_POINT('',(0.00662341715712502,-0.000814406099518459,0.001501));
#6951=CARTESIAN_POINT('',(0.00662341715712502,-0.000814406099518459,0.0015));
#6952=CARTESIAN_POINT('',(0.00620432049224184,-0.000941680042803638,0.001501));
#6953=CARTESIAN_POINT('',(0.00620432049224184,-0.000941680042803638,0.001501));
#6954=CARTESIAN_POINT('',(0.00620432049224184,-0.000941680042803638,0.001501));
#6955=CARTESIAN_POINT('',(0.00647407258783663,-0.000941680042803638,0.001501));
#6956=CARTESIAN_POINT('',(0.00662341715712502,-0.000814406099518459,0.001501));
#6957=CARTESIAN_POINT('',(0.005889936686285,-0.000902443374353487,0.001501));
#6958=CARTESIAN_POINT('',(0.005889936686285,-0.000902443374353487,0.0015));
#6959=CARTESIAN_POINT('',(0.00599620266333749,-0.000928601153320254,0.001501));
#6960=CARTESIAN_POINT('',(0.00599620266333749,-0.000928601153320254,0.0015));
#6961=CARTESIAN_POINT('',(0.00610099726532311,-0.000941680042803638,0.001501));
#6962=CARTESIAN_POINT('',(0.00610099726532311,-0.000941680042803638,0.0015));
#6963=CARTESIAN_POINT('',(0.00620432049224184,-0.000941680042803638,0.001501));
#6964=CARTESIAN_POINT('',(0.00620432049224184,-0.000941680042803638,0.0015));
#6965=CARTESIAN_POINT('',(0.005889936686285,-0.000902443374353487,0.001501));
#6966=CARTESIAN_POINT('',(0.005889936686285,-0.000902443374353487,0.001501));
#6967=CARTESIAN_POINT('',(0.005889936686285,-0.000902443374353487,0.001501));
#6968=CARTESIAN_POINT('',(0.00604933565186374,-0.000941680042803638,0.001501));
#6969=CARTESIAN_POINT('',(0.00620432049224184,-0.000941680042803638,0.001501));
#6970=CARTESIAN_POINT('',(0.0056236177991796,-0.00079454253611557,0.001501));
#6971=CARTESIAN_POINT('',(0.0056236177991796,-0.00079454253611557,0.0015));
#6972=CARTESIAN_POINT('',(0.00569489774686404,-0.000840318649307413,0.001501));
#6973=CARTESIAN_POINT('',(0.00569489774686404,-0.000840318649307413,0.0015));
#6974=CARTESIAN_POINT('',(0.00578367070923251,-0.000876285595386719,0.001501));
#6975=CARTESIAN_POINT('',(0.00578367070923251,-0.000876285595386719,0.0015));
#6976=CARTESIAN_POINT('',(0.005889936686285,-0.000902443374353487,0.001501));
#6977=CARTESIAN_POINT('',(0.005889936686285,-0.000902443374353487,0.0015));
#6978=CARTESIAN_POINT('',(0.0056236177991796,-0.00079454253611557,0.001501));
#6979=CARTESIAN_POINT('',(0.0056236177991796,-0.00079454253611557,0.001501));
#6980=CARTESIAN_POINT('',(0.0056236177991796,-0.00079454253611557,0.001501));
#6981=CARTESIAN_POINT('',(0.00573053772070626,-0.000863206705903335,0.001501));
#6982=CARTESIAN_POINT('',(0.005889936686285,-0.000902443374353487,0.001501));
#6983=CARTESIAN_POINT('',(0.0056236177991796,-0.000917157125022294,0.001501));
#6984=CARTESIAN_POINT('',(0.0056236177991796,-0.00103977171392902,0.001501));
#6985=CARTESIAN_POINT('',(0.0056236177991796,-0.00103977171392902,0.001501));
#6986=CARTESIAN_POINT('',(0.0056236177991796,-0.000917157125022294,0.001501));
#6987=CARTESIAN_POINT('',(0.00620137774210808,-0.00116091492776886,0.001501));
#6988=CARTESIAN_POINT('',(0.00620137774210808,-0.00116091492776886,0.0015));
#6989=CARTESIAN_POINT('',(0.00594895517507877,-0.00116091492776886,0.001501));
#6990=CARTESIAN_POINT('',(0.00594895517507877,-0.00116091492776886,0.0015));
#6991=CARTESIAN_POINT('',(0.00575636852743595,-0.00112053385648891,0.001501));
#6992=CARTESIAN_POINT('',(0.00575636852743595,-0.00112053385648891,0.0015));
#6993=CARTESIAN_POINT('',(0.0056236177991796,-0.00103977171392902,0.001501));
#6994=CARTESIAN_POINT('',(0.0056236177991796,-0.00103977171392902,0.0015));
#6995=CARTESIAN_POINT('',(0.00620137774210808,-0.00116091492776886,0.001501));
#6996=CARTESIAN_POINT('',(0.00620137774210808,-0.00116091492776886,0.001501));
#6997=CARTESIAN_POINT('',(0.00620137774210808,-0.00116091492776886,0.001501));
#6998=CARTESIAN_POINT('',(0.00582274389156412,-0.00116091492776886,0.001501));
#6999=CARTESIAN_POINT('',(0.0056236177991796,-0.00103977171392902,0.001501));
#7000=CARTESIAN_POINT('',(0.00681224362404138,-0.000963014981273408,0.001501));
#7001=CARTESIAN_POINT('',(0.00681224362404138,-0.000963014981273408,0.0015));
#7002=CARTESIAN_POINT('',(0.00666461565899768,-0.00109494827893704,0.001501));
#7003=CARTESIAN_POINT('',(0.00666461565899768,-0.00109494827893704,0.0015));
#7004=CARTESIAN_POINT('',(0.00646099369835325,-0.00116091492776886,0.001501));
#7005=CARTESIAN_POINT('',(0.00646099369835325,-0.00116091492776886,0.0015));
#7006=CARTESIAN_POINT('',(0.00620137774210808,-0.00116091492776886,0.001501));
#7007=CARTESIAN_POINT('',(0.00620137774210808,-0.00116091492776886,0.0015));
#7008=CARTESIAN_POINT('',(0.00681224362404138,-0.000963014981273408,0.001501));
#7009=CARTESIAN_POINT('',(0.00681224362404138,-0.000963014981273408,0.001501));
#7010=CARTESIAN_POINT('',(0.00681224362404138,-0.000963014981273408,0.001501));
#7011=CARTESIAN_POINT('',(0.00659080167647583,-0.00116091492776886,0.001501));
#7012=CARTESIAN_POINT('',(0.00620137774210808,-0.00116091492776886,0.001501));
#7013=CARTESIAN_POINT('',(0.00703368557160692,-0.000417380060638488,0.001501));
#7014=CARTESIAN_POINT('',(0.00703368557160692,-0.000417380060638488,0.0015));
#7015=CARTESIAN_POINT('',(0.00703368557160692,-0.000649203376731467,0.001501));
#7016=CARTESIAN_POINT('',(0.00703368557160692,-0.000649203376731467,0.0015));
#7017=CARTESIAN_POINT('',(0.00695987158908507,-0.000831081683609773,0.001501));
#7018=CARTESIAN_POINT('',(0.00695987158908507,-0.000831081683609773,0.0015));
#7019=CARTESIAN_POINT('',(0.00681224362404138,-0.000963014981273408,0.001501));
#7020=CARTESIAN_POINT('',(0.00681224362404138,-0.000963014981273408,0.0015));
#7021=CARTESIAN_POINT('',(0.00703368557160692,-0.000417380060638488,0.001501));
#7022=CARTESIAN_POINT('',(0.00703368557160692,-0.000417380060638488,0.001501));
#7023=CARTESIAN_POINT('',(0.00703368557160692,-0.000417380060638488,0.001501));
#7024=CARTESIAN_POINT('',(0.00703368557160692,-0.000765115034777956,0.001501));
#7025=CARTESIAN_POINT('',(0.00681224362404138,-0.000963014981273408,0.001501));
#7026=CARTESIAN_POINT('',(0.00683063581237739,6.32691278758691E-5,0.001501));
#7027=CARTESIAN_POINT('',(0.00683063581237739,6.32691278758691E-5,0.0015));
#7028=CARTESIAN_POINT('',(0.00696600231853041,-5.37869330004164E-5,0.001501));
#7029=CARTESIAN_POINT('',(0.00696600231853041,-5.37869330004164E-5,0.0015));
#7030=CARTESIAN_POINT('',(0.00703368557160692,-0.000214003329171869,0.001501));
#7031=CARTESIAN_POINT('',(0.00703368557160692,-0.000214003329171869,0.0015));
#7032=CARTESIAN_POINT('',(0.00703368557160692,-0.000417380060638488,0.001501));
#7033=CARTESIAN_POINT('',(0.00703368557160692,-0.000417380060638488,0.0015));
#7034=CARTESIAN_POINT('',(0.00683063581237739,6.32691278758691E-5,0.001501));
#7035=CARTESIAN_POINT('',(0.00703368557160692,-0.000112314963438559,0.001501));
#7036=CARTESIAN_POINT('',(0.00703368557160692,-0.000417380060638488,0.001501));
#7037=CARTESIAN_POINT('',(0.,0.,0.001501));
#7038=MECHANICAL_DESIGN_GEOMETRIC_PRESENTATION_REPRESENTATION('',(#3831,
#36,#37,#38,#39,#40,#41,#42,#43,#44,#45,#46,#47,#48,#49,#50,#51,#52,#53,
#54,#55,#56,#57,#58,#59,#60,#61,#62,#63,#64,#65,#66,#67,#68,#69,#70,#71,
#72,#73,#74,#75,#76,#77,#78,#79,#80,#81,#82,#83,#84,#85),#7039);
#7039=(
GEOMETRIC_REPRESENTATION_CONTEXT(3)
GLOBAL_UNCERTAINTY_ASSIGNED_CONTEXT((#7040))
GLOBAL_UNIT_ASSIGNED_CONTEXT((#7043,#7042,#7041))
REPRESENTATION_CONTEXT('DualArmMetalHorn','TOP_LEVEL_ASSEMBLY_PART')
);
#7040=UNCERTAINTY_MEASURE_WITH_UNIT(LENGTH_MEASURE(2.E-5),#7043,
'DISTANCE_ACCURACY_VALUE','Maximum Tolerance applied to model');
#7041=(
NAMED_UNIT(*)
SI_UNIT($,.STERADIAN.)
SOLID_ANGLE_UNIT()
);
#7042=(
NAMED_UNIT(*)
PLANE_ANGLE_UNIT()
SI_UNIT($,.RADIAN.)
);
#7043=(
LENGTH_UNIT()
NAMED_UNIT(*)
SI_UNIT($,.METRE.)
);
#7044=PRODUCT_DEFINITION_SHAPE('','',#7045);
#7045=PRODUCT_DEFINITION('','',#7047,#7046);
#7046=PRODUCT_DEFINITION_CONTEXT('',#7053,'design');
#7047=PRODUCT_DEFINITION_FORMATION_WITH_SPECIFIED_SOURCE('','',#7049,
 .NOT_KNOWN.);
#7048=PRODUCT_RELATED_PRODUCT_CATEGORY('','',(#7049));
#7049=PRODUCT('DualArmMetalHorn','DualArmMetalHorn','DualArmMetalHorn',
(#7051));
#7050=PRODUCT_CATEGORY('','');
#7051=PRODUCT_CONTEXT('',#7053,'mechanical');
#7052=APPLICATION_PROTOCOL_DEFINITION('international standard',
'ap242_managed_model_based_3d_engineering',2020,#7053);
#7053=APPLICATION_CONTEXT('managed model based 3d engineering');
ENDSEC;
END-ISO-10303-21;
