ISO-10303-21;
HEADER;
/* Generated by software containing ST-Developer
 * from STEP Tools, Inc. (www.steptools.com) 
 */
/* OPTION: using custom renumber hook */

FILE_DESCRIPTION(
/* description */ ('STEP AP242',
'CAx-IF Rec.Pracs.---Representation and Presentation of Product Manufa
cturing Information (PMI)---4.0---2014-10-13',
'CAx-IF Rec.Pracs.---3D Tessellated Geometry---0.4---2014-09-14','2;1'),

/* implementation_level */ '2;1');

FILE_NAME(
/* name */ '68a758454077fb18fb97b769',
/* time_stamp */ '2025-08-21T17:32:53Z',
/* author */ (''),
/* organization */ (''),
/* preprocessor_version */ 'ST-DEVELOPER v20',
/* originating_system */ 'ONSHAPE BY PTC INC, 1.202',
/* authorisation */ '  ');

FILE_SCHEMA (('AP242_MANAGED_MODEL_BASED_3D_ENGINEERING_MIM_LF { 1 0 10303 442 1 1 4 }'));
ENDSEC;

DATA;
#10=B_SPLINE_CURVE_WITH_KNOTS('',2,(#8046,#8047,#8048,#8049,#8050),
 .UNSPECIFIED.,.F.,.F.,(3,2,3),(-0.0354218071010315,0.,1.),
 .PIECEWISE_BEZIER_KNOTS.);
#11=B_SPLINE_CURVE_WITH_KNOTS('',2,(#8843,#8844,#8845,#8846,#8847),
 .UNSPECIFIED.,.F.,.F.,(3,2,3),(-0.0354218071010315,0.,1.),
 .PIECEWISE_BEZIER_KNOTS.);
#12=LINE('',#7335,#617);
#13=LINE('',#7339,#618);
#14=LINE('',#7341,#619);
#15=LINE('',#7344,#620);
#16=LINE('',#7346,#621);
#17=LINE('',#7347,#622);
#18=LINE('',#7349,#623);
#19=LINE('',#7351,#624);
#20=LINE('',#7353,#625);
#21=LINE('',#7359,#626);
#22=LINE('',#7361,#627);
#23=LINE('',#7363,#628);
#24=LINE('',#7365,#629);
#25=LINE('',#7367,#630);
#26=LINE('',#7368,#631);
#27=LINE('',#7370,#632);
#28=LINE('',#7374,#633);
#29=LINE('',#7376,#634);
#30=LINE('',#7378,#635);
#31=LINE('',#7380,#636);
#32=LINE('',#7382,#637);
#33=LINE('',#7384,#638);
#34=LINE('',#7386,#639);
#35=LINE('',#7388,#640);
#36=LINE('',#7390,#641);
#37=LINE('',#7396,#642);
#38=LINE('',#7398,#643);
#39=LINE('',#7400,#644);
#40=LINE('',#7404,#645);
#41=LINE('',#7406,#646);
#42=LINE('',#7408,#647);
#43=LINE('',#7410,#648);
#44=LINE('',#7412,#649);
#45=LINE('',#7414,#650);
#46=LINE('',#7419,#651);
#47=LINE('',#7421,#652);
#48=LINE('',#7423,#653);
#49=LINE('',#7425,#654);
#50=LINE('',#7427,#655);
#51=LINE('',#7429,#656);
#52=LINE('',#7431,#657);
#53=LINE('',#7433,#658);
#54=LINE('',#7435,#659);
#55=LINE('',#7437,#660);
#56=LINE('',#7439,#661);
#57=LINE('',#7441,#662);
#58=LINE('',#7443,#663);
#59=LINE('',#7445,#664);
#60=LINE('',#7447,#665);
#61=LINE('',#7449,#666);
#62=LINE('',#7451,#667);
#63=LINE('',#7453,#668);
#64=LINE('',#7455,#669);
#65=LINE('',#7461,#670);
#66=LINE('',#7464,#671);
#67=LINE('',#7466,#672);
#68=LINE('',#7468,#673);
#69=LINE('',#7470,#674);
#70=LINE('',#7472,#675);
#71=LINE('',#7474,#676);
#72=LINE('',#7478,#677);
#73=LINE('',#7482,#678);
#74=LINE('',#7484,#679);
#75=LINE('',#7486,#680);
#76=LINE('',#7490,#681);
#77=LINE('',#7494,#682);
#78=LINE('',#7495,#683);
#79=LINE('',#7503,#684);
#80=LINE('',#7507,#685);
#81=LINE('',#7509,#686);
#82=LINE('',#7512,#687);
#83=LINE('',#7514,#688);
#84=LINE('',#7516,#689);
#85=LINE('',#7518,#690);
#86=LINE('',#7519,#691);
#87=LINE('',#7521,#692);
#88=LINE('',#7525,#693);
#89=LINE('',#7529,#694);
#90=LINE('',#7531,#695);
#91=LINE('',#7533,#696);
#92=LINE('',#7534,#697);
#93=LINE('',#7536,#698);
#94=LINE('',#7538,#699);
#95=LINE('',#7542,#700);
#96=LINE('',#7544,#701);
#97=LINE('',#7546,#702);
#98=LINE('',#7548,#703);
#99=LINE('',#7550,#704);
#100=LINE('',#7552,#705);
#101=LINE('',#7554,#706);
#102=LINE('',#7556,#707);
#103=LINE('',#7558,#708);
#104=LINE('',#7560,#709);
#105=LINE('',#7562,#710);
#106=LINE('',#7564,#711);
#107=LINE('',#7568,#712);
#108=LINE('',#7570,#713);
#109=LINE('',#7572,#714);
#110=LINE('',#7576,#715);
#111=LINE('',#7578,#716);
#112=LINE('',#7580,#717);
#113=LINE('',#7584,#718);
#114=LINE('',#7586,#719);
#115=LINE('',#7588,#720);
#116=LINE('',#7592,#721);
#117=LINE('',#7594,#722);
#118=LINE('',#7596,#723);
#119=LINE('',#7601,#724);
#120=LINE('',#7603,#725);
#121=LINE('',#7605,#726);
#122=LINE('',#7607,#727);
#123=LINE('',#7609,#728);
#124=LINE('',#7611,#729);
#125=LINE('',#7613,#730);
#126=LINE('',#7615,#731);
#127=LINE('',#7617,#732);
#128=LINE('',#7619,#733);
#129=LINE('',#7621,#734);
#130=LINE('',#7623,#735);
#131=LINE('',#7625,#736);
#132=LINE('',#7627,#737);
#133=LINE('',#7629,#738);
#134=LINE('',#7631,#739);
#135=LINE('',#7633,#740);
#136=LINE('',#7635,#741);
#137=LINE('',#7637,#742);
#138=LINE('',#7639,#743);
#139=LINE('',#7641,#744);
#140=LINE('',#7643,#745);
#141=LINE('',#7645,#746);
#142=LINE('',#7647,#747);
#143=LINE('',#7649,#748);
#144=LINE('',#7653,#749);
#145=LINE('',#7655,#750);
#146=LINE('',#7657,#751);
#147=LINE('',#7659,#752);
#148=LINE('',#7661,#753);
#149=LINE('',#7663,#754);
#150=LINE('',#7665,#755);
#151=LINE('',#7674,#756);
#152=LINE('',#7678,#757);
#153=LINE('',#7680,#758);
#154=LINE('',#7683,#759);
#155=LINE('',#7685,#760);
#156=LINE('',#7686,#761);
#157=LINE('',#7688,#762);
#158=LINE('',#7690,#763);
#159=LINE('',#7692,#764);
#160=LINE('',#7698,#765);
#161=LINE('',#7700,#766);
#162=LINE('',#7702,#767);
#163=LINE('',#7704,#768);
#164=LINE('',#7706,#769);
#165=LINE('',#7707,#770);
#166=LINE('',#7709,#771);
#167=LINE('',#7713,#772);
#168=LINE('',#7715,#773);
#169=LINE('',#7717,#774);
#170=LINE('',#7721,#775);
#171=LINE('',#7723,#776);
#172=LINE('',#7725,#777);
#173=LINE('',#7727,#778);
#174=LINE('',#7729,#779);
#175=LINE('',#7731,#780);
#176=LINE('',#7733,#781);
#177=LINE('',#7735,#782);
#178=LINE('',#7737,#783);
#179=LINE('',#7743,#784);
#180=LINE('',#7745,#785);
#181=LINE('',#7747,#786);
#182=LINE('',#7751,#787);
#183=LINE('',#7753,#788);
#184=LINE('',#7755,#789);
#185=LINE('',#7757,#790);
#186=LINE('',#7759,#791);
#187=LINE('',#7761,#792);
#188=LINE('',#7766,#793);
#189=LINE('',#7768,#794);
#190=LINE('',#7770,#795);
#191=LINE('',#7772,#796);
#192=LINE('',#7774,#797);
#193=LINE('',#7776,#798);
#194=LINE('',#7778,#799);
#195=LINE('',#7782,#800);
#196=LINE('',#7784,#801);
#197=LINE('',#7786,#802);
#198=LINE('',#7788,#803);
#199=LINE('',#7790,#804);
#200=LINE('',#7792,#805);
#201=LINE('',#7794,#806);
#202=LINE('',#7796,#807);
#203=LINE('',#7798,#808);
#204=LINE('',#7800,#809);
#205=LINE('',#7802,#810);
#206=LINE('',#7804,#811);
#207=LINE('',#7806,#812);
#208=LINE('',#7808,#813);
#209=LINE('',#7810,#814);
#210=LINE('',#7812,#815);
#211=LINE('',#7814,#816);
#212=LINE('',#7816,#817);
#213=LINE('',#7818,#818);
#214=LINE('',#7827,#819);
#215=LINE('',#7831,#820);
#216=LINE('',#7833,#821);
#217=LINE('',#7836,#822);
#218=LINE('',#7838,#823);
#219=LINE('',#7840,#824);
#220=LINE('',#7842,#825);
#221=LINE('',#7843,#826);
#222=LINE('',#7845,#827);
#223=LINE('',#7849,#828);
#224=LINE('',#7853,#829);
#225=LINE('',#7855,#830);
#226=LINE('',#7857,#831);
#227=LINE('',#7858,#832);
#228=LINE('',#7860,#833);
#229=LINE('',#7862,#834);
#230=LINE('',#7866,#835);
#231=LINE('',#7868,#836);
#232=LINE('',#7870,#837);
#233=LINE('',#7872,#838);
#234=LINE('',#7874,#839);
#235=LINE('',#7876,#840);
#236=LINE('',#7878,#841);
#237=LINE('',#7880,#842);
#238=LINE('',#7882,#843);
#239=LINE('',#7884,#844);
#240=LINE('',#7886,#845);
#241=LINE('',#7888,#846);
#242=LINE('',#7892,#847);
#243=LINE('',#7894,#848);
#244=LINE('',#7896,#849);
#245=LINE('',#7900,#850);
#246=LINE('',#7902,#851);
#247=LINE('',#7904,#852);
#248=LINE('',#7908,#853);
#249=LINE('',#7910,#854);
#250=LINE('',#7912,#855);
#251=LINE('',#7917,#856);
#252=LINE('',#7919,#857);
#253=LINE('',#7921,#858);
#254=LINE('',#7923,#859);
#255=LINE('',#7925,#860);
#256=LINE('',#7927,#861);
#257=LINE('',#7929,#862);
#258=LINE('',#7931,#863);
#259=LINE('',#7933,#864);
#260=LINE('',#7935,#865);
#261=LINE('',#7937,#866);
#262=LINE('',#7939,#867);
#263=LINE('',#7941,#868);
#264=LINE('',#7943,#869);
#265=LINE('',#7945,#870);
#266=LINE('',#7947,#871);
#267=LINE('',#7949,#872);
#268=LINE('',#7951,#873);
#269=LINE('',#7953,#874);
#270=LINE('',#7955,#875);
#271=LINE('',#7957,#876);
#272=LINE('',#7959,#877);
#273=LINE('',#7961,#878);
#274=LINE('',#7963,#879);
#275=LINE('',#7965,#880);
#276=LINE('',#7978,#881);
#277=LINE('',#7980,#882);
#278=LINE('',#7982,#883);
#279=LINE('',#7984,#884);
#280=LINE('',#7995,#885);
#281=LINE('',#7998,#886);
#282=LINE('',#8000,#887);
#283=LINE('',#8002,#888);
#284=LINE('',#8004,#889);
#285=LINE('',#8006,#890);
#286=LINE('',#8008,#891);
#287=LINE('',#8010,#892);
#288=LINE('',#8012,#893);
#289=LINE('',#8014,#894);
#290=LINE('',#8016,#895);
#291=LINE('',#8018,#896);
#292=LINE('',#8019,#897);
#293=LINE('',#8022,#898);
#294=LINE('',#8024,#899);
#295=LINE('',#8026,#900);
#296=LINE('',#8028,#901);
#297=LINE('',#8030,#902);
#298=LINE('',#8032,#903);
#299=LINE('',#8034,#904);
#300=LINE('',#8035,#905);
#301=LINE('',#8038,#906);
#302=LINE('',#8052,#907);
#303=LINE('',#8062,#908);
#304=LINE('',#8064,#909);
#305=LINE('',#8067,#910);
#306=LINE('',#8069,#911);
#307=LINE('',#8071,#912);
#308=LINE('',#8073,#913);
#309=LINE('',#8075,#914);
#310=LINE('',#8077,#915);
#311=LINE('',#8079,#916);
#312=LINE('',#8081,#917);
#313=LINE('',#8084,#918);
#314=LINE('',#8086,#919);
#315=LINE('',#8088,#920);
#316=LINE('',#8090,#921);
#317=LINE('',#8092,#922);
#318=LINE('',#8094,#923);
#319=LINE('',#8096,#924);
#320=LINE('',#8098,#925);
#321=LINE('',#8100,#926);
#322=LINE('',#8102,#927);
#323=LINE('',#8104,#928);
#324=LINE('',#8106,#929);
#325=LINE('',#8109,#930);
#326=LINE('',#8111,#931);
#327=LINE('',#8113,#932);
#328=LINE('',#8115,#933);
#329=LINE('',#8117,#934);
#330=LINE('',#8119,#935);
#331=LINE('',#8121,#936);
#332=LINE('',#8123,#937);
#333=LINE('',#8125,#938);
#334=LINE('',#8127,#939);
#335=LINE('',#8129,#940);
#336=LINE('',#8131,#941);
#337=LINE('',#8134,#942);
#338=LINE('',#8136,#943);
#339=LINE('',#8138,#944);
#340=LINE('',#8140,#945);
#341=LINE('',#8142,#946);
#342=LINE('',#8144,#947);
#343=LINE('',#8146,#948);
#344=LINE('',#8154,#949);
#345=LINE('',#8157,#950);
#346=LINE('',#8159,#951);
#347=LINE('',#8161,#952);
#348=LINE('',#8162,#953);
#349=LINE('',#8164,#954);
#350=LINE('',#8166,#955);
#351=LINE('',#8172,#956);
#352=LINE('',#8174,#957);
#353=LINE('',#8176,#958);
#354=LINE('',#8178,#959);
#355=LINE('',#8180,#960);
#356=LINE('',#8182,#961);
#357=LINE('',#8184,#962);
#358=LINE('',#8186,#963);
#359=LINE('',#8188,#964);
#360=LINE('',#8192,#965);
#361=LINE('',#8193,#966);
#362=LINE('',#8195,#967);
#363=LINE('',#8197,#968);
#364=LINE('',#8199,#969);
#365=LINE('',#8201,#970);
#366=LINE('',#8203,#971);
#367=LINE('',#8205,#972);
#368=LINE('',#8210,#973);
#369=LINE('',#8212,#974);
#370=LINE('',#8214,#975);
#371=LINE('',#8216,#976);
#372=LINE('',#8218,#977);
#373=LINE('',#8220,#978);
#374=LINE('',#8222,#979);
#375=LINE('',#8224,#980);
#376=LINE('',#8226,#981);
#377=LINE('',#8229,#982);
#378=LINE('',#8231,#983);
#379=LINE('',#8233,#984);
#380=LINE('',#8235,#985);
#381=LINE('',#8237,#986);
#382=LINE('',#8239,#987);
#383=LINE('',#8241,#988);
#384=LINE('',#8243,#989);
#385=LINE('',#8245,#990);
#386=LINE('',#8248,#991);
#387=LINE('',#8250,#992);
#388=LINE('',#8254,#993);
#389=LINE('',#8256,#994);
#390=LINE('',#8258,#995);
#391=LINE('',#8260,#996);
#392=LINE('',#8263,#997);
#393=LINE('',#8269,#998);
#394=LINE('',#8270,#999);
#395=LINE('',#8276,#1000);
#396=LINE('',#8278,#1001);
#397=LINE('',#8280,#1002);
#398=LINE('',#8281,#1003);
#399=LINE('',#8283,#1004);
#400=LINE('',#8285,#1005);
#401=LINE('',#8287,#1006);
#402=LINE('',#8292,#1007);
#403=LINE('',#8294,#1008);
#404=LINE('',#8296,#1009);
#405=LINE('',#8297,#1010);
#406=LINE('',#8298,#1011);
#407=LINE('',#8300,#1012);
#408=LINE('',#8302,#1013);
#409=LINE('',#8306,#1014);
#410=LINE('',#8309,#1015);
#411=LINE('',#8311,#1016);
#412=LINE('',#8313,#1017);
#413=LINE('',#8314,#1018);
#414=LINE('',#8316,#1019);
#415=LINE('',#8319,#1020);
#416=LINE('',#8322,#1021);
#417=LINE('',#8324,#1022);
#418=LINE('',#8326,#1023);
#419=LINE('',#8329,#1024);
#420=LINE('',#8330,#1025);
#421=LINE('',#8332,#1026);
#422=LINE('',#8334,#1027);
#423=LINE('',#8335,#1028);
#424=LINE('',#8337,#1029);
#425=LINE('',#8341,#1030);
#426=LINE('',#8343,#1031);
#427=LINE('',#8345,#1032);
#428=LINE('',#8347,#1033);
#429=LINE('',#8349,#1034);
#430=LINE('',#8351,#1035);
#431=LINE('',#8353,#1036);
#432=LINE('',#8355,#1037);
#433=LINE('',#8357,#1038);
#434=LINE('',#8359,#1039);
#435=LINE('',#8361,#1040);
#436=LINE('',#8363,#1041);
#437=LINE('',#8365,#1042);
#438=LINE('',#8367,#1043);
#439=LINE('',#8369,#1044);
#440=LINE('',#8371,#1045);
#441=LINE('',#8373,#1046);
#442=LINE('',#8375,#1047);
#443=LINE('',#8377,#1048);
#444=LINE('',#8379,#1049);
#445=LINE('',#8381,#1050);
#446=LINE('',#8383,#1051);
#447=LINE('',#8387,#1052);
#448=LINE('',#8389,#1053);
#449=LINE('',#8391,#1054);
#450=LINE('',#8397,#1055);
#451=LINE('',#8401,#1056);
#452=LINE('',#8403,#1057);
#453=LINE('',#8405,#1058);
#454=LINE('',#8407,#1059);
#455=LINE('',#8409,#1060);
#456=LINE('',#8411,#1061);
#457=LINE('',#8413,#1062);
#458=LINE('',#8415,#1063);
#459=LINE('',#8417,#1064);
#460=LINE('',#8419,#1065);
#461=LINE('',#8421,#1066);
#462=LINE('',#8423,#1067);
#463=LINE('',#8425,#1068);
#464=LINE('',#8427,#1069);
#465=LINE('',#8429,#1070);
#466=LINE('',#8431,#1071);
#467=LINE('',#8433,#1072);
#468=LINE('',#8435,#1073);
#469=LINE('',#8437,#1074);
#470=LINE('',#8439,#1075);
#471=LINE('',#8441,#1076);
#472=LINE('',#8447,#1077);
#473=LINE('',#8451,#1078);
#474=LINE('',#8453,#1079);
#475=LINE('',#8455,#1080);
#476=LINE('',#8457,#1081);
#477=LINE('',#8461,#1082);
#478=LINE('',#8463,#1083);
#479=LINE('',#8465,#1084);
#480=LINE('',#8467,#1085);
#481=LINE('',#8469,#1086);
#482=LINE('',#8471,#1087);
#483=LINE('',#8473,#1088);
#484=LINE('',#8475,#1089);
#485=LINE('',#8477,#1090);
#486=LINE('',#8479,#1091);
#487=LINE('',#8481,#1092);
#488=LINE('',#8483,#1093);
#489=LINE('',#8485,#1094);
#490=LINE('',#8487,#1095);
#491=LINE('',#8489,#1096);
#492=LINE('',#8491,#1097);
#493=LINE('',#8493,#1098);
#494=LINE('',#8495,#1099);
#495=LINE('',#8505,#1100);
#496=LINE('',#8509,#1101);
#497=LINE('',#8511,#1102);
#498=LINE('',#8513,#1103);
#499=LINE('',#8515,#1104);
#500=LINE('',#8517,#1105);
#501=LINE('',#8521,#1106);
#502=LINE('',#8523,#1107);
#503=LINE('',#8525,#1108);
#504=LINE('',#8529,#1109);
#505=LINE('',#8531,#1110);
#506=LINE('',#8533,#1111);
#507=LINE('',#8537,#1112);
#508=LINE('',#8539,#1113);
#509=LINE('',#8541,#1114);
#510=LINE('',#8545,#1115);
#511=LINE('',#8547,#1116);
#512=LINE('',#8549,#1117);
#513=LINE('',#8553,#1118);
#514=LINE('',#8557,#1119);
#515=LINE('',#8559,#1120);
#516=LINE('',#8561,#1121);
#517=LINE('',#8563,#1122);
#518=LINE('',#8565,#1123);
#519=LINE('',#8569,#1124);
#520=LINE('',#8573,#1125);
#521=LINE('',#8575,#1126);
#522=LINE('',#8577,#1127);
#523=LINE('',#8579,#1128);
#524=LINE('',#8581,#1129);
#525=LINE('',#8583,#1130);
#526=LINE('',#8585,#1131);
#527=LINE('',#8587,#1132);
#528=LINE('',#8589,#1133);
#529=LINE('',#8591,#1134);
#530=LINE('',#8593,#1135);
#531=LINE('',#8595,#1136);
#532=LINE('',#8597,#1137);
#533=LINE('',#8599,#1138);
#534=LINE('',#8601,#1139);
#535=LINE('',#8603,#1140);
#536=LINE('',#8605,#1141);
#537=LINE('',#8607,#1142);
#538=LINE('',#8617,#1143);
#539=LINE('',#8619,#1144);
#540=LINE('',#8621,#1145);
#541=LINE('',#8623,#1146);
#542=LINE('',#8625,#1147);
#543=LINE('',#8627,#1148);
#544=LINE('',#8629,#1149);
#545=LINE('',#8631,#1150);
#546=LINE('',#8633,#1151);
#547=LINE('',#8635,#1152);
#548=LINE('',#8637,#1153);
#549=LINE('',#8639,#1154);
#550=LINE('',#8641,#1155);
#551=LINE('',#8643,#1156);
#552=LINE('',#8645,#1157);
#553=LINE('',#8647,#1158);
#554=LINE('',#8653,#1159);
#555=LINE('',#8657,#1160);
#556=LINE('',#8661,#1161);
#557=LINE('',#8667,#1162);
#558=LINE('',#8673,#1163);
#559=LINE('',#8679,#1164);
#560=LINE('',#8683,#1165);
#561=LINE('',#8687,#1166);
#562=LINE('',#8689,#1167);
#563=LINE('',#8693,#1168);
#564=LINE('',#8697,#1169);
#565=LINE('',#8701,#1170);
#566=LINE('',#8705,#1171);
#567=LINE('',#8709,#1172);
#568=LINE('',#8713,#1173);
#569=LINE('',#8715,#1174);
#570=LINE('',#8717,#1175);
#571=LINE('',#8719,#1176);
#572=LINE('',#8721,#1177);
#573=LINE('',#8723,#1178);
#574=LINE('',#8725,#1179);
#575=LINE('',#8727,#1180);
#576=LINE('',#8735,#1181);
#577=LINE('',#8738,#1182);
#578=LINE('',#8740,#1183);
#579=LINE('',#8742,#1184);
#580=LINE('',#8744,#1185);
#581=LINE('',#8746,#1186);
#582=LINE('',#8748,#1187);
#583=LINE('',#8752,#1188);
#584=LINE('',#8758,#1189);
#585=LINE('',#8764,#1190);
#586=LINE('',#8768,#1191);
#587=LINE('',#8771,#1192);
#588=LINE('',#8773,#1193);
#589=LINE('',#8775,#1194);
#590=LINE('',#8777,#1195);
#591=LINE('',#8779,#1196);
#592=LINE('',#8781,#1197);
#593=LINE('',#8783,#1198);
#594=LINE('',#8785,#1199);
#595=LINE('',#8787,#1200);
#596=LINE('',#8791,#1201);
#597=LINE('',#8797,#1202);
#598=LINE('',#8803,#1203);
#599=LINE('',#8807,#1204);
#600=LINE('',#8809,#1205);
#601=LINE('',#8811,#1206);
#602=LINE('',#8813,#1207);
#603=LINE('',#8815,#1208);
#604=LINE('',#8817,#1209);
#605=LINE('',#8819,#1210);
#606=LINE('',#8821,#1211);
#607=LINE('',#8825,#1212);
#608=LINE('',#8829,#1213);
#609=LINE('',#8833,#1214);
#610=LINE('',#8837,#1215);
#611=LINE('',#8839,#1216);
#612=LINE('',#8841,#1217);
#613=LINE('',#8849,#1218);
#614=LINE('',#8853,#1219);
#615=LINE('',#8862,#1220);
#616=LINE('',#8863,#1221);
#617=VECTOR('',#5867,1.);
#618=VECTOR('',#5870,1.);
#619=VECTOR('',#5873,1.);
#620=VECTOR('',#5874,1.);
#621=VECTOR('',#5875,1.);
#622=VECTOR('',#5876,1.);
#623=VECTOR('',#5877,1.);
#624=VECTOR('',#5878,1.);
#625=VECTOR('',#5879,1.);
#626=VECTOR('',#5886,1.);
#627=VECTOR('',#5889,1.);
#628=VECTOR('',#5890,1.);
#629=VECTOR('',#5891,1.);
#630=VECTOR('',#5892,1.);
#631=VECTOR('',#5893,1.);
#632=VECTOR('',#5894,1.);
#633=VECTOR('',#5899,1.);
#634=VECTOR('',#5900,1.);
#635=VECTOR('',#5901,1.);
#636=VECTOR('',#5902,1.);
#637=VECTOR('',#5903,1.);
#638=VECTOR('',#5904,1.);
#639=VECTOR('',#5905,1.);
#640=VECTOR('',#5906,1.);
#641=VECTOR('',#5907,1.);
#642=VECTOR('',#5914,1.);
#643=VECTOR('',#5915,1.);
#644=VECTOR('',#5916,1.);
#645=VECTOR('',#5921,1.);
#646=VECTOR('',#5924,1.);
#647=VECTOR('',#5925,1.);
#648=VECTOR('',#5928,1.);
#649=VECTOR('',#5929,1.);
#650=VECTOR('',#5932,1.);
#651=VECTOR('',#5939,1.);
#652=VECTOR('',#5942,1.);
#653=VECTOR('',#5943,1.);
#654=VECTOR('',#5946,1.);
#655=VECTOR('',#5947,1.);
#656=VECTOR('',#5950,1.);
#657=VECTOR('',#5951,1.);
#658=VECTOR('',#5954,1.);
#659=VECTOR('',#5955,1.);
#660=VECTOR('',#5958,1.);
#661=VECTOR('',#5959,1.);
#662=VECTOR('',#5962,1.);
#663=VECTOR('',#5963,1.);
#664=VECTOR('',#5966,1.);
#665=VECTOR('',#5967,1.);
#666=VECTOR('',#5970,1.);
#667=VECTOR('',#5971,1.);
#668=VECTOR('',#5974,1.);
#669=VECTOR('',#5975,1.);
#670=VECTOR('',#5986,1.);
#671=VECTOR('',#5987,1.);
#672=VECTOR('',#5988,1.);
#673=VECTOR('',#5989,1.);
#674=VECTOR('',#5992,1.);
#675=VECTOR('',#5993,1.);
#676=VECTOR('',#5994,1.);
#677=VECTOR('',#5999,1.);
#678=VECTOR('',#6004,1.);
#679=VECTOR('',#6005,1.);
#680=VECTOR('',#6006,1.);
#681=VECTOR('',#6011,1.);
#682=VECTOR('',#6016,1.);
#683=VECTOR('',#6017,1.);
#684=VECTOR('',#6028,1.);
#685=VECTOR('',#6031,1.);
#686=VECTOR('',#6034,1.);
#687=VECTOR('',#6035,1.);
#688=VECTOR('',#6036,1.);
#689=VECTOR('',#6037,1.);
#690=VECTOR('',#6038,1.);
#691=VECTOR('',#6039,1.);
#692=VECTOR('',#6040,1.);
#693=VECTOR('',#6045,1.);
#694=VECTOR('',#6050,1.);
#695=VECTOR('',#6051,1.);
#696=VECTOR('',#6052,1.);
#697=VECTOR('',#6053,1.);
#698=VECTOR('',#6054,1.);
#699=VECTOR('',#6055,1.);
#700=VECTOR('',#6060,1.);
#701=VECTOR('',#6061,1.);
#702=VECTOR('',#6062,1.);
#703=VECTOR('',#6063,1.);
#704=VECTOR('',#6064,1.);
#705=VECTOR('',#6065,1.);
#706=VECTOR('',#6066,1.);
#707=VECTOR('',#6067,1.);
#708=VECTOR('',#6068,1.);
#709=VECTOR('',#6069,1.);
#710=VECTOR('',#6070,1.);
#711=VECTOR('',#6071,1.);
#712=VECTOR('',#6074,1.);
#713=VECTOR('',#6075,1.);
#714=VECTOR('',#6076,1.);
#715=VECTOR('',#6081,1.);
#716=VECTOR('',#6082,1.);
#717=VECTOR('',#6083,1.);
#718=VECTOR('',#6088,1.);
#719=VECTOR('',#6089,1.);
#720=VECTOR('',#6090,1.);
#721=VECTOR('',#6097,1.);
#722=VECTOR('',#6098,1.);
#723=VECTOR('',#6101,1.);
#724=VECTOR('',#6108,1.);
#725=VECTOR('',#6111,1.);
#726=VECTOR('',#6112,1.);
#727=VECTOR('',#6115,1.);
#728=VECTOR('',#6116,1.);
#729=VECTOR('',#6119,1.);
#730=VECTOR('',#6120,1.);
#731=VECTOR('',#6123,1.);
#732=VECTOR('',#6124,1.);
#733=VECTOR('',#6127,1.);
#734=VECTOR('',#6128,1.);
#735=VECTOR('',#6131,1.);
#736=VECTOR('',#6132,1.);
#737=VECTOR('',#6135,1.);
#738=VECTOR('',#6136,1.);
#739=VECTOR('',#6139,1.);
#740=VECTOR('',#6140,1.);
#741=VECTOR('',#6143,1.);
#742=VECTOR('',#6144,1.);
#743=VECTOR('',#6147,1.);
#744=VECTOR('',#6148,1.);
#745=VECTOR('',#6151,1.);
#746=VECTOR('',#6152,1.);
#747=VECTOR('',#6155,1.);
#748=VECTOR('',#6156,1.);
#749=VECTOR('',#6161,1.);
#750=VECTOR('',#6164,1.);
#751=VECTOR('',#6165,1.);
#752=VECTOR('',#6168,1.);
#753=VECTOR('',#6169,1.);
#754=VECTOR('',#6172,1.);
#755=VECTOR('',#6173,1.);
#756=VECTOR('',#6186,1.);
#757=VECTOR('',#6189,1.);
#758=VECTOR('',#6192,1.);
#759=VECTOR('',#6193,1.);
#760=VECTOR('',#6194,1.);
#761=VECTOR('',#6195,1.);
#762=VECTOR('',#6196,1.);
#763=VECTOR('',#6197,1.);
#764=VECTOR('',#6198,1.);
#765=VECTOR('',#6205,1.);
#766=VECTOR('',#6208,1.);
#767=VECTOR('',#6209,1.);
#768=VECTOR('',#6210,1.);
#769=VECTOR('',#6211,1.);
#770=VECTOR('',#6212,1.);
#771=VECTOR('',#6213,1.);
#772=VECTOR('',#6218,1.);
#773=VECTOR('',#6219,1.);
#774=VECTOR('',#6220,1.);
#775=VECTOR('',#6223,1.);
#776=VECTOR('',#6224,1.);
#777=VECTOR('',#6225,1.);
#778=VECTOR('',#6226,1.);
#779=VECTOR('',#6227,1.);
#780=VECTOR('',#6228,1.);
#781=VECTOR('',#6229,1.);
#782=VECTOR('',#6230,1.);
#783=VECTOR('',#6231,1.);
#784=VECTOR('',#6238,1.);
#785=VECTOR('',#6239,1.);
#786=VECTOR('',#6240,1.);
#787=VECTOR('',#6245,1.);
#788=VECTOR('',#6248,1.);
#789=VECTOR('',#6249,1.);
#790=VECTOR('',#6252,1.);
#791=VECTOR('',#6253,1.);
#792=VECTOR('',#6256,1.);
#793=VECTOR('',#6263,1.);
#794=VECTOR('',#6266,1.);
#795=VECTOR('',#6267,1.);
#796=VECTOR('',#6270,1.);
#797=VECTOR('',#6271,1.);
#798=VECTOR('',#6274,1.);
#799=VECTOR('',#6275,1.);
#800=VECTOR('',#6280,1.);
#801=VECTOR('',#6283,1.);
#802=VECTOR('',#6284,1.);
#803=VECTOR('',#6287,1.);
#804=VECTOR('',#6288,1.);
#805=VECTOR('',#6291,1.);
#806=VECTOR('',#6292,1.);
#807=VECTOR('',#6295,1.);
#808=VECTOR('',#6296,1.);
#809=VECTOR('',#6299,1.);
#810=VECTOR('',#6300,1.);
#811=VECTOR('',#6303,1.);
#812=VECTOR('',#6304,1.);
#813=VECTOR('',#6307,1.);
#814=VECTOR('',#6308,1.);
#815=VECTOR('',#6311,1.);
#816=VECTOR('',#6312,1.);
#817=VECTOR('',#6315,1.);
#818=VECTOR('',#6316,1.);
#819=VECTOR('',#6329,1.);
#820=VECTOR('',#6332,1.);
#821=VECTOR('',#6335,1.);
#822=VECTOR('',#6336,1.);
#823=VECTOR('',#6337,1.);
#824=VECTOR('',#6338,1.);
#825=VECTOR('',#6339,1.);
#826=VECTOR('',#6340,1.);
#827=VECTOR('',#6341,1.);
#828=VECTOR('',#6346,1.);
#829=VECTOR('',#6351,1.);
#830=VECTOR('',#6352,1.);
#831=VECTOR('',#6353,1.);
#832=VECTOR('',#6354,1.);
#833=VECTOR('',#6355,1.);
#834=VECTOR('',#6356,1.);
#835=VECTOR('',#6361,1.);
#836=VECTOR('',#6362,1.);
#837=VECTOR('',#6363,1.);
#838=VECTOR('',#6364,1.);
#839=VECTOR('',#6365,1.);
#840=VECTOR('',#6366,1.);
#841=VECTOR('',#6367,1.);
#842=VECTOR('',#6368,1.);
#843=VECTOR('',#6369,1.);
#844=VECTOR('',#6370,1.);
#845=VECTOR('',#6371,1.);
#846=VECTOR('',#6372,1.);
#847=VECTOR('',#6377,1.);
#848=VECTOR('',#6378,1.);
#849=VECTOR('',#6379,1.);
#850=VECTOR('',#6384,1.);
#851=VECTOR('',#6385,1.);
#852=VECTOR('',#6386,1.);
#853=VECTOR('',#6393,1.);
#854=VECTOR('',#6394,1.);
#855=VECTOR('',#6397,1.);
#856=VECTOR('',#6404,1.);
#857=VECTOR('',#6407,1.);
#858=VECTOR('',#6408,1.);
#859=VECTOR('',#6411,1.);
#860=VECTOR('',#6412,1.);
#861=VECTOR('',#6415,1.);
#862=VECTOR('',#6416,1.);
#863=VECTOR('',#6419,1.);
#864=VECTOR('',#6420,1.);
#865=VECTOR('',#6423,1.);
#866=VECTOR('',#6424,1.);
#867=VECTOR('',#6427,1.);
#868=VECTOR('',#6428,1.);
#869=VECTOR('',#6431,1.);
#870=VECTOR('',#6432,1.);
#871=VECTOR('',#6435,1.);
#872=VECTOR('',#6436,1.);
#873=VECTOR('',#6439,1.);
#874=VECTOR('',#6440,1.);
#875=VECTOR('',#6443,1.);
#876=VECTOR('',#6444,1.);
#877=VECTOR('',#6447,1.);
#878=VECTOR('',#6448,1.);
#879=VECTOR('',#6451,1.);
#880=VECTOR('',#6452,1.);
#881=VECTOR('',#6469,1.);
#882=VECTOR('',#6470,1.);
#883=VECTOR('',#6471,1.);
#884=VECTOR('',#6472,1.);
#885=VECTOR('',#6483,1.);
#886=VECTOR('',#6484,1.);
#887=VECTOR('',#6485,1.);
#888=VECTOR('',#6486,1.);
#889=VECTOR('',#6487,1.);
#890=VECTOR('',#6488,1.);
#891=VECTOR('',#6489,1.);
#892=VECTOR('',#6490,1.);
#893=VECTOR('',#6491,1.);
#894=VECTOR('',#6492,1.);
#895=VECTOR('',#6493,1.);
#896=VECTOR('',#6494,1.);
#897=VECTOR('',#6495,1.);
#898=VECTOR('',#6496,1.);
#899=VECTOR('',#6497,1.);
#900=VECTOR('',#6498,1.);
#901=VECTOR('',#6499,1.);
#902=VECTOR('',#6500,1.);
#903=VECTOR('',#6501,1.);
#904=VECTOR('',#6502,1.);
#905=VECTOR('',#6503,1.);
#906=VECTOR('',#6504,1.);
#907=VECTOR('',#6511,1.);
#908=VECTOR('',#6520,1.);
#909=VECTOR('',#6523,1.);
#910=VECTOR('',#6524,1.);
#911=VECTOR('',#6525,1.);
#912=VECTOR('',#6526,1.);
#913=VECTOR('',#6527,1.);
#914=VECTOR('',#6528,1.);
#915=VECTOR('',#6529,1.);
#916=VECTOR('',#6530,1.);
#917=VECTOR('',#6533,1.);
#918=VECTOR('',#6534,1.);
#919=VECTOR('',#6535,1.);
#920=VECTOR('',#6536,1.);
#921=VECTOR('',#6537,1.);
#922=VECTOR('',#6538,1.);
#923=VECTOR('',#6539,1.);
#924=VECTOR('',#6540,1.);
#925=VECTOR('',#6541,1.);
#926=VECTOR('',#6542,1.);
#927=VECTOR('',#6543,1.);
#928=VECTOR('',#6544,1.);
#929=VECTOR('',#6547,1.);
#930=VECTOR('',#6548,1.);
#931=VECTOR('',#6549,1.);
#932=VECTOR('',#6550,1.);
#933=VECTOR('',#6551,1.);
#934=VECTOR('',#6552,1.);
#935=VECTOR('',#6553,1.);
#936=VECTOR('',#6554,1.);
#937=VECTOR('',#6555,1.);
#938=VECTOR('',#6556,1.);
#939=VECTOR('',#6557,1.);
#940=VECTOR('',#6558,1.);
#941=VECTOR('',#6561,1.);
#942=VECTOR('',#6562,1.);
#943=VECTOR('',#6563,1.);
#944=VECTOR('',#6564,1.);
#945=VECTOR('',#6565,1.);
#946=VECTOR('',#6566,1.);
#947=VECTOR('',#6567,1.);
#948=VECTOR('',#6568,1.);
#949=VECTOR('',#6579,1.);
#950=VECTOR('',#6580,1.);
#951=VECTOR('',#6581,1.);
#952=VECTOR('',#6582,1.);
#953=VECTOR('',#6583,1.);
#954=VECTOR('',#6584,1.);
#955=VECTOR('',#6585,1.);
#956=VECTOR('',#6592,1.);
#957=VECTOR('',#6593,1.);
#958=VECTOR('',#6594,1.);
#959=VECTOR('',#6595,1.);
#960=VECTOR('',#6596,1.);
#961=VECTOR('',#6597,1.);
#962=VECTOR('',#6598,1.);
#963=VECTOR('',#6599,1.);
#964=VECTOR('',#6600,1.);
#965=VECTOR('',#6603,1.);
#966=VECTOR('',#6604,1.);
#967=VECTOR('',#6605,1.);
#968=VECTOR('',#6606,1.);
#969=VECTOR('',#6607,1.);
#970=VECTOR('',#6608,1.);
#971=VECTOR('',#6609,1.);
#972=VECTOR('',#6610,1.);
#973=VECTOR('',#6615,1.);
#974=VECTOR('',#6616,1.);
#975=VECTOR('',#6617,1.);
#976=VECTOR('',#6618,1.);
#977=VECTOR('',#6619,1.);
#978=VECTOR('',#6620,1.);
#979=VECTOR('',#6621,1.);
#980=VECTOR('',#6622,1.);
#981=VECTOR('',#6623,1.);
#982=VECTOR('',#6626,1.);
#983=VECTOR('',#6627,1.);
#984=VECTOR('',#6628,1.);
#985=VECTOR('',#6629,1.);
#986=VECTOR('',#6630,1.);
#987=VECTOR('',#6631,1.);
#988=VECTOR('',#6632,1.);
#989=VECTOR('',#6633,1.);
#990=VECTOR('',#6636,1.);
#991=VECTOR('',#6637,1.);
#992=VECTOR('',#6638,1.);
#993=VECTOR('',#6641,1.);
#994=VECTOR('',#6642,1.);
#995=VECTOR('',#6643,1.);
#996=VECTOR('',#6646,1.);
#997=VECTOR('',#6647,1.);
#998=VECTOR('',#6654,1.);
#999=VECTOR('',#6655,1.);
#1000=VECTOR('',#6662,1.);
#1001=VECTOR('',#6663,1.);
#1002=VECTOR('',#6664,1.);
#1003=VECTOR('',#6665,1.);
#1004=VECTOR('',#6666,1.);
#1005=VECTOR('',#6667,1.);
#1006=VECTOR('',#6668,1.);
#1007=VECTOR('',#6673,1.);
#1008=VECTOR('',#6674,1.);
#1009=VECTOR('',#6675,1.);
#1010=VECTOR('',#6676,1.);
#1011=VECTOR('',#6677,1.);
#1012=VECTOR('',#6678,1.);
#1013=VECTOR('',#6679,1.);
#1014=VECTOR('',#6684,1.);
#1015=VECTOR('',#6685,1.);
#1016=VECTOR('',#6686,1.);
#1017=VECTOR('',#6687,1.);
#1018=VECTOR('',#6688,1.);
#1019=VECTOR('',#6691,1.);
#1020=VECTOR('',#6692,1.);
#1021=VECTOR('',#6695,1.);
#1022=VECTOR('',#6696,1.);
#1023=VECTOR('',#6699,1.);
#1024=VECTOR('',#6700,1.);
#1025=VECTOR('',#6701,1.);
#1026=VECTOR('',#6702,1.);
#1027=VECTOR('',#6703,1.);
#1028=VECTOR('',#6704,1.);
#1029=VECTOR('',#6707,1.);
#1030=VECTOR('',#6712,1.);
#1031=VECTOR('',#6713,1.);
#1032=VECTOR('',#6716,1.);
#1033=VECTOR('',#6717,1.);
#1034=VECTOR('',#6720,1.);
#1035=VECTOR('',#6721,1.);
#1036=VECTOR('',#6724,1.);
#1037=VECTOR('',#6725,1.);
#1038=VECTOR('',#6728,1.);
#1039=VECTOR('',#6729,1.);
#1040=VECTOR('',#6732,1.);
#1041=VECTOR('',#6733,1.);
#1042=VECTOR('',#6736,1.);
#1043=VECTOR('',#6739,1.);
#1044=VECTOR('',#6740,1.);
#1045=VECTOR('',#6743,1.);
#1046=VECTOR('',#6744,1.);
#1047=VECTOR('',#6747,1.);
#1048=VECTOR('',#6748,1.);
#1049=VECTOR('',#6751,1.);
#1050=VECTOR('',#6752,1.);
#1051=VECTOR('',#6755,1.);
#1052=VECTOR('',#6760,1.);
#1053=VECTOR('',#6763,1.);
#1054=VECTOR('',#6764,1.);
#1055=VECTOR('',#6775,1.);
#1056=VECTOR('',#6780,1.);
#1057=VECTOR('',#6781,1.);
#1058=VECTOR('',#6784,1.);
#1059=VECTOR('',#6785,1.);
#1060=VECTOR('',#6788,1.);
#1061=VECTOR('',#6789,1.);
#1062=VECTOR('',#6792,1.);
#1063=VECTOR('',#6793,1.);
#1064=VECTOR('',#6796,1.);
#1065=VECTOR('',#6797,1.);
#1066=VECTOR('',#6800,1.);
#1067=VECTOR('',#6801,1.);
#1068=VECTOR('',#6804,1.);
#1069=VECTOR('',#6807,1.);
#1070=VECTOR('',#6808,1.);
#1071=VECTOR('',#6811,1.);
#1072=VECTOR('',#6812,1.);
#1073=VECTOR('',#6815,1.);
#1074=VECTOR('',#6816,1.);
#1075=VECTOR('',#6819,1.);
#1076=VECTOR('',#6820,1.);
#1077=VECTOR('',#6831,1.);
#1078=VECTOR('',#6836,1.);
#1079=VECTOR('',#6839,1.);
#1080=VECTOR('',#6840,1.);
#1081=VECTOR('',#6843,1.);
#1082=VECTOR('',#6848,1.);
#1083=VECTOR('',#6849,1.);
#1084=VECTOR('',#6852,1.);
#1085=VECTOR('',#6853,1.);
#1086=VECTOR('',#6856,1.);
#1087=VECTOR('',#6857,1.);
#1088=VECTOR('',#6860,1.);
#1089=VECTOR('',#6861,1.);
#1090=VECTOR('',#6864,1.);
#1091=VECTOR('',#6865,1.);
#1092=VECTOR('',#6868,1.);
#1093=VECTOR('',#6869,1.);
#1094=VECTOR('',#6872,1.);
#1095=VECTOR('',#6873,1.);
#1096=VECTOR('',#6876,1.);
#1097=VECTOR('',#6877,1.);
#1098=VECTOR('',#6880,1.);
#1099=VECTOR('',#6881,1.);
#1100=VECTOR('',#6898,1.);
#1101=VECTOR('',#6903,1.);
#1102=VECTOR('',#6904,1.);
#1103=VECTOR('',#6907,1.);
#1104=VECTOR('',#6908,1.);
#1105=VECTOR('',#6911,1.);
#1106=VECTOR('',#6918,1.);
#1107=VECTOR('',#6919,1.);
#1108=VECTOR('',#6920,1.);
#1109=VECTOR('',#6927,1.);
#1110=VECTOR('',#6928,1.);
#1111=VECTOR('',#6931,1.);
#1112=VECTOR('',#6938,1.);
#1113=VECTOR('',#6939,1.);
#1114=VECTOR('',#6940,1.);
#1115=VECTOR('',#6947,1.);
#1116=VECTOR('',#6948,1.);
#1117=VECTOR('',#6951,1.);
#1118=VECTOR('',#6958,1.);
#1119=VECTOR('',#6963,1.);
#1120=VECTOR('',#6964,1.);
#1121=VECTOR('',#6967,1.);
#1122=VECTOR('',#6968,1.);
#1123=VECTOR('',#6971,1.);
#1124=VECTOR('',#6978,1.);
#1125=VECTOR('',#6983,1.);
#1126=VECTOR('',#6984,1.);
#1127=VECTOR('',#6987,1.);
#1128=VECTOR('',#6988,1.);
#1129=VECTOR('',#6991,1.);
#1130=VECTOR('',#6992,1.);
#1131=VECTOR('',#6995,1.);
#1132=VECTOR('',#6996,1.);
#1133=VECTOR('',#6999,1.);
#1134=VECTOR('',#7000,1.);
#1135=VECTOR('',#7003,1.);
#1136=VECTOR('',#7004,1.);
#1137=VECTOR('',#7007,1.);
#1138=VECTOR('',#7008,1.);
#1139=VECTOR('',#7011,1.);
#1140=VECTOR('',#7012,1.);
#1141=VECTOR('',#7015,1.);
#1142=VECTOR('',#7016,1.);
#1143=VECTOR('',#7035,1.);
#1144=VECTOR('',#7036,1.);
#1145=VECTOR('',#7037,1.);
#1146=VECTOR('',#7040,1.);
#1147=VECTOR('',#7041,1.);
#1148=VECTOR('',#7044,1.);
#1149=VECTOR('',#7045,1.);
#1150=VECTOR('',#7048,1.);
#1151=VECTOR('',#7049,1.);
#1152=VECTOR('',#7052,1.);
#1153=VECTOR('',#7053,1.);
#1154=VECTOR('',#7056,1.);
#1155=VECTOR('',#7057,1.);
#1156=VECTOR('',#7060,1.);
#1157=VECTOR('',#7061,1.);
#1158=VECTOR('',#7064,1.);
#1159=VECTOR('',#7071,1.);
#1160=VECTOR('',#7074,1.);
#1161=VECTOR('',#7079,1.);
#1162=VECTOR('',#7086,1.);
#1163=VECTOR('',#7093,1.);
#1164=VECTOR('',#7100,1.);
#1165=VECTOR('',#7105,1.);
#1166=VECTOR('',#7108,1.);
#1167=VECTOR('',#7111,1.);
#1168=VECTOR('',#7116,1.);
#1169=VECTOR('',#7121,1.);
#1170=VECTOR('',#7126,1.);
#1171=VECTOR('',#7131,1.);
#1172=VECTOR('',#7136,1.);
#1173=VECTOR('',#7141,1.);
#1174=VECTOR('',#7142,1.);
#1175=VECTOR('',#7145,1.);
#1176=VECTOR('',#7146,1.);
#1177=VECTOR('',#7149,1.);
#1178=VECTOR('',#7150,1.);
#1179=VECTOR('',#7153,1.);
#1180=VECTOR('',#7154,1.);
#1181=VECTOR('',#7169,1.);
#1182=VECTOR('',#7170,1.);
#1183=VECTOR('',#7171,1.);
#1184=VECTOR('',#7172,1.);
#1185=VECTOR('',#7175,1.);
#1186=VECTOR('',#7176,1.);
#1187=VECTOR('',#7177,1.);
#1188=VECTOR('',#7182,1.);
#1189=VECTOR('',#7189,1.);
#1190=VECTOR('',#7196,1.);
#1191=VECTOR('',#7201,1.);
#1192=VECTOR('',#7202,1.);
#1193=VECTOR('',#7203,1.);
#1194=VECTOR('',#7204,1.);
#1195=VECTOR('',#7207,1.);
#1196=VECTOR('',#7208,1.);
#1197=VECTOR('',#7209,1.);
#1198=VECTOR('',#7212,1.);
#1199=VECTOR('',#7213,1.);
#1200=VECTOR('',#7214,1.);
#1201=VECTOR('',#7219,1.);
#1202=VECTOR('',#7226,1.);
#1203=VECTOR('',#7233,1.);
#1204=VECTOR('',#7238,1.);
#1205=VECTOR('',#7239,1.);
#1206=VECTOR('',#7240,1.);
#1207=VECTOR('',#7243,1.);
#1208=VECTOR('',#7244,1.);
#1209=VECTOR('',#7247,1.);
#1210=VECTOR('',#7248,1.);
#1211=VECTOR('',#7251,1.);
#1212=VECTOR('',#7256,1.);
#1213=VECTOR('',#7261,1.);
#1214=VECTOR('',#7266,1.);
#1215=VECTOR('',#7271,1.);
#1216=VECTOR('',#7272,1.);
#1217=VECTOR('',#7275,1.);
#1218=VECTOR('',#7278,1.);
#1219=VECTOR('',#7283,1.);
#1220=VECTOR('',#7298,1.);
#1221=VECTOR('',#7299,1.);
#1222=CONTEXT_DEPENDENT_SHAPE_REPRESENTATION(#1238,#8901);
#1223=CONTEXT_DEPENDENT_SHAPE_REPRESENTATION(#1239,#8903);
#1224=CONTEXT_DEPENDENT_SHAPE_REPRESENTATION(#1240,#8905);
#1225=CONTEXT_DEPENDENT_SHAPE_REPRESENTATION(#1241,#8907);
#1226=CONTEXT_DEPENDENT_SHAPE_REPRESENTATION(#1242,#8909);
#1227=CONTEXT_DEPENDENT_SHAPE_REPRESENTATION(#1243,#8911);
#1228=CONTEXT_DEPENDENT_SHAPE_REPRESENTATION(#1244,#8913);
#1229=CONTEXT_DEPENDENT_SHAPE_REPRESENTATION(#1245,#8915);
#1230=NEXT_ASSEMBLY_USAGE_OCCURRENCE('NAUO1','3 - PM, Top',
'3 - PM, Top',#8916,#8917,'');
#1231=NEXT_ASSEMBLY_USAGE_OCCURRENCE('NAUO2','8 - Term 2','8 - Term 2',
#8916,#8918,'');
#1232=NEXT_ASSEMBLY_USAGE_OCCURRENCE('NAUO3','2 - Lens','2 - Lens',#8916,
#8919,'');
#1233=NEXT_ASSEMBLY_USAGE_OCCURRENCE('NAUO4','7 - Term 1','7 - Term 1',
#8916,#8920,'');
#1234=NEXT_ASSEMBLY_USAGE_OCCURRENCE('NAUO5','5 - Term 3','5 - Term 3',
#8916,#8921,'');
#1235=NEXT_ASSEMBLY_USAGE_OCCURRENCE('NAUO6','6 - Term 4','6 - Term 4',
#8916,#8922,'');
#1236=NEXT_ASSEMBLY_USAGE_OCCURRENCE('NAUO7','1 - Sub','1 - Sub',#8916,
#8923,'');
#1237=NEXT_ASSEMBLY_USAGE_OCCURRENCE('NAUO8','4 - PM, Bot',
'4 - PM, Bot',#8916,#8924,'');
#1238=(
REPRESENTATION_RELATIONSHIP(' ',' ',#5407,#5406)
REPRESENTATION_RELATIONSHIP_WITH_TRANSFORMATION(#1246)
SHAPE_REPRESENTATION_RELATIONSHIP()
);
#1239=(
REPRESENTATION_RELATIONSHIP(' ',' ',#5408,#5406)
REPRESENTATION_RELATIONSHIP_WITH_TRANSFORMATION(#1247)
SHAPE_REPRESENTATION_RELATIONSHIP()
);
#1240=(
REPRESENTATION_RELATIONSHIP(' ',' ',#5409,#5406)
REPRESENTATION_RELATIONSHIP_WITH_TRANSFORMATION(#1248)
SHAPE_REPRESENTATION_RELATIONSHIP()
);
#1241=(
REPRESENTATION_RELATIONSHIP(' ',' ',#5410,#5406)
REPRESENTATION_RELATIONSHIP_WITH_TRANSFORMATION(#1249)
SHAPE_REPRESENTATION_RELATIONSHIP()
);
#1242=(
REPRESENTATION_RELATIONSHIP(' ',' ',#5411,#5406)
REPRESENTATION_RELATIONSHIP_WITH_TRANSFORMATION(#1250)
SHAPE_REPRESENTATION_RELATIONSHIP()
);
#1243=(
REPRESENTATION_RELATIONSHIP(' ',' ',#5412,#5406)
REPRESENTATION_RELATIONSHIP_WITH_TRANSFORMATION(#1251)
SHAPE_REPRESENTATION_RELATIONSHIP()
);
#1244=(
REPRESENTATION_RELATIONSHIP(' ',' ',#5413,#5406)
REPRESENTATION_RELATIONSHIP_WITH_TRANSFORMATION(#1252)
SHAPE_REPRESENTATION_RELATIONSHIP()
);
#1245=(
REPRESENTATION_RELATIONSHIP(' ',' ',#5414,#5406)
REPRESENTATION_RELATIONSHIP_WITH_TRANSFORMATION(#1253)
SHAPE_REPRESENTATION_RELATIONSHIP()
);
#1246=ITEM_DEFINED_TRANSFORMATION(' ',' ',#5415,#5421);
#1247=ITEM_DEFINED_TRANSFORMATION(' ',' ',#5415,#5455);
#1248=ITEM_DEFINED_TRANSFORMATION(' ',' ',#5415,#5468);
#1249=ITEM_DEFINED_TRANSFORMATION(' ',' ',#5415,#5511);
#1250=ITEM_DEFINED_TRANSFORMATION(' ',' ',#5415,#5551);
#1251=ITEM_DEFINED_TRANSFORMATION(' ',' ',#5415,#5588);
#1252=ITEM_DEFINED_TRANSFORMATION(' ',' ',#5415,#5842);
#1253=ITEM_DEFINED_TRANSFORMATION(' ',' ',#5415,#5848);
#1254=SHAPE_REPRESENTATION_RELATIONSHIP('','',#5407,#1262);
#1255=SHAPE_REPRESENTATION_RELATIONSHIP('','',#5408,#1263);
#1256=SHAPE_REPRESENTATION_RELATIONSHIP('','',#5409,#1264);
#1257=SHAPE_REPRESENTATION_RELATIONSHIP('','',#5410,#1265);
#1258=SHAPE_REPRESENTATION_RELATIONSHIP('','',#5411,#1266);
#1259=SHAPE_REPRESENTATION_RELATIONSHIP('','',#5412,#1267);
#1260=SHAPE_REPRESENTATION_RELATIONSHIP('','',#5413,#1268);
#1261=SHAPE_REPRESENTATION_RELATIONSHIP('','',#5414,#1269);
#1262=ADVANCED_BREP_SHAPE_REPRESENTATION('',(#5389),#8879);
#1263=ADVANCED_BREP_SHAPE_REPRESENTATION('',(#5390),#8880);
#1264=ADVANCED_BREP_SHAPE_REPRESENTATION('',(#5391),#8881);
#1265=ADVANCED_BREP_SHAPE_REPRESENTATION('',(#5392),#8882);
#1266=ADVANCED_BREP_SHAPE_REPRESENTATION('',(#5393),#8883);
#1267=ADVANCED_BREP_SHAPE_REPRESENTATION('',(#5394),#8884);
#1268=ADVANCED_BREP_SHAPE_REPRESENTATION('',(#5395),#8885);
#1269=ADVANCED_BREP_SHAPE_REPRESENTATION('',(#5396),#8886);
#1270=PLANE('',#5419);
#1271=PLANE('',#5420);
#1272=PLANE('',#5425);
#1273=PLANE('',#5429);
#1274=PLANE('',#5430);
#1275=PLANE('',#5433);
#1276=PLANE('',#5437);
#1277=PLANE('',#5438);
#1278=PLANE('',#5439);
#1279=PLANE('',#5440);
#1280=PLANE('',#5443);
#1281=PLANE('',#5444);
#1282=PLANE('',#5445);
#1283=PLANE('',#5446);
#1284=PLANE('',#5447);
#1285=PLANE('',#5448);
#1286=PLANE('',#5449);
#1287=PLANE('',#5450);
#1288=PLANE('',#5451);
#1289=PLANE('',#5454);
#1290=PLANE('',#5456);
#1291=PLANE('',#5457);
#1292=PLANE('',#5461);
#1293=PLANE('',#5465);
#1294=PLANE('',#5466);
#1295=PLANE('',#5467);
#1296=PLANE('',#5472);
#1297=PLANE('',#5476);
#1298=PLANE('',#5477);
#1299=PLANE('',#5481);
#1300=PLANE('',#5483);
#1301=PLANE('',#5486);
#1302=PLANE('',#5487);
#1303=PLANE('',#5488);
#1304=PLANE('',#5491);
#1305=PLANE('',#5492);
#1306=PLANE('',#5493);
#1307=PLANE('',#5494);
#1308=PLANE('',#5495);
#1309=PLANE('',#5496);
#1310=PLANE('',#5497);
#1311=PLANE('',#5498);
#1312=PLANE('',#5499);
#1313=PLANE('',#5500);
#1314=PLANE('',#5501);
#1315=PLANE('',#5502);
#1316=PLANE('',#5505);
#1317=PLANE('',#5506);
#1318=PLANE('',#5507);
#1319=PLANE('',#5510);
#1320=PLANE('',#5515);
#1321=PLANE('',#5519);
#1322=PLANE('',#5520);
#1323=PLANE('',#5524);
#1324=PLANE('',#5528);
#1325=PLANE('',#5529);
#1326=PLANE('',#5530);
#1327=PLANE('',#5531);
#1328=PLANE('',#5534);
#1329=PLANE('',#5535);
#1330=PLANE('',#5536);
#1331=PLANE('',#5539);
#1332=PLANE('',#5540);
#1333=PLANE('',#5541);
#1334=PLANE('',#5542);
#1335=PLANE('',#5543);
#1336=PLANE('',#5544);
#1337=PLANE('',#5545);
#1338=PLANE('',#5546);
#1339=PLANE('',#5547);
#1340=PLANE('',#5550);
#1341=PLANE('',#5555);
#1342=PLANE('',#5559);
#1343=PLANE('',#5560);
#1344=PLANE('',#5563);
#1345=PLANE('',#5565);
#1346=PLANE('',#5568);
#1347=PLANE('',#5569);
#1348=PLANE('',#5570);
#1349=PLANE('',#5573);
#1350=PLANE('',#5574);
#1351=PLANE('',#5575);
#1352=PLANE('',#5576);
#1353=PLANE('',#5577);
#1354=PLANE('',#5578);
#1355=PLANE('',#5579);
#1356=PLANE('',#5580);
#1357=PLANE('',#5581);
#1358=PLANE('',#5582);
#1359=PLANE('',#5583);
#1360=PLANE('',#5584);
#1361=PLANE('',#5587);
#1362=PLANE('',#5589);
#1363=PLANE('',#5605);
#1364=PLANE('',#5606);
#1365=PLANE('',#5607);
#1366=PLANE('',#5608);
#1367=PLANE('',#5612);
#1368=PLANE('',#5613);
#1369=PLANE('',#5614);
#1370=PLANE('',#5621);
#1371=PLANE('',#5623);
#1372=PLANE('',#5625);
#1373=PLANE('',#5627);
#1374=PLANE('',#5633);
#1375=PLANE('',#5634);
#1376=PLANE('',#5636);
#1377=PLANE('',#5639);
#1378=PLANE('',#5640);
#1379=PLANE('',#5641);
#1380=PLANE('',#5642);
#1381=PLANE('',#5643);
#1382=PLANE('',#5644);
#1383=PLANE('',#5645);
#1384=PLANE('',#5646);
#1385=PLANE('',#5647);
#1386=PLANE('',#5648);
#1387=PLANE('',#5649);
#1388=PLANE('',#5652);
#1389=PLANE('',#5653);
#1390=PLANE('',#5656);
#1391=PLANE('',#5660);
#1392=PLANE('',#5661);
#1393=PLANE('',#5662);
#1394=PLANE('',#5663);
#1395=PLANE('',#5664);
#1396=PLANE('',#5665);
#1397=PLANE('',#5666);
#1398=PLANE('',#5667);
#1399=PLANE('',#5668);
#1400=PLANE('',#5669);
#1401=PLANE('',#5670);
#1402=PLANE('',#5673);
#1403=PLANE('',#5677);
#1404=PLANE('',#5678);
#1405=PLANE('',#5681);
#1406=PLANE('',#5682);
#1407=PLANE('',#5683);
#1408=PLANE('',#5684);
#1409=PLANE('',#5685);
#1410=PLANE('',#5686);
#1411=PLANE('',#5687);
#1412=PLANE('',#5688);
#1413=PLANE('',#5689);
#1414=PLANE('',#5692);
#1415=PLANE('',#5696);
#1416=PLANE('',#5699);
#1417=PLANE('',#5700);
#1418=PLANE('',#5701);
#1419=PLANE('',#5702);
#1420=PLANE('',#5704);
#1421=PLANE('',#5707);
#1422=PLANE('',#5708);
#1423=PLANE('',#5709);
#1424=PLANE('',#5711);
#1425=PLANE('',#5714);
#1426=PLANE('',#5715);
#1427=PLANE('',#5716);
#1428=PLANE('',#5720);
#1429=PLANE('',#5721);
#1430=PLANE('',#5722);
#1431=PLANE('',#5723);
#1432=PLANE('',#5727);
#1433=PLANE('',#5728);
#1434=PLANE('',#5729);
#1435=PLANE('',#5730);
#1436=PLANE('',#5731);
#1437=PLANE('',#5732);
#1438=PLANE('',#5733);
#1439=PLANE('',#5734);
#1440=PLANE('',#5735);
#1441=PLANE('',#5738);
#1442=PLANE('',#5744);
#1443=PLANE('',#5745);
#1444=PLANE('',#5746);
#1445=PLANE('',#5747);
#1446=PLANE('',#5748);
#1447=PLANE('',#5749);
#1448=PLANE('',#5750);
#1449=PLANE('',#5751);
#1450=PLANE('',#5752);
#1451=PLANE('',#5782);
#1452=PLANE('',#5783);
#1453=PLANE('',#5784);
#1454=PLANE('',#5785);
#1455=PLANE('',#5791);
#1456=PLANE('',#5792);
#1457=PLANE('',#5793);
#1458=PLANE('',#5803);
#1459=PLANE('',#5804);
#1460=PLANE('',#5805);
#1461=PLANE('',#5815);
#1462=PLANE('',#5816);
#1463=PLANE('',#5817);
#1464=PLANE('',#5826);
#1465=PLANE('',#5837);
#1466=PLANE('',#5838);
#1467=PLANE('',#5839);
#1468=PLANE('',#5840);
#1469=PLANE('',#5841);
#1470=PLANE('',#5846);
#1471=PLANE('',#5847);
#1472=ORIENTED_EDGE('',*,*,#2982,.T.);
#1473=ORIENTED_EDGE('',*,*,#2983,.F.);
#1474=ORIENTED_EDGE('',*,*,#2982,.F.);
#1475=ORIENTED_EDGE('',*,*,#2983,.T.);
#1476=ORIENTED_EDGE('',*,*,#2984,.F.);
#1477=ORIENTED_EDGE('',*,*,#2985,.T.);
#1478=ORIENTED_EDGE('',*,*,#2986,.F.);
#1479=ORIENTED_EDGE('',*,*,#2987,.F.);
#1480=ORIENTED_EDGE('',*,*,#2988,.F.);
#1481=ORIENTED_EDGE('',*,*,#2989,.F.);
#1482=ORIENTED_EDGE('',*,*,#2990,.F.);
#1483=ORIENTED_EDGE('',*,*,#2985,.F.);
#1484=ORIENTED_EDGE('',*,*,#2991,.T.);
#1485=ORIENTED_EDGE('',*,*,#2992,.T.);
#1486=ORIENTED_EDGE('',*,*,#2993,.T.);
#1487=ORIENTED_EDGE('',*,*,#2994,.T.);
#1488=ORIENTED_EDGE('',*,*,#2995,.T.);
#1489=ORIENTED_EDGE('',*,*,#2994,.F.);
#1490=ORIENTED_EDGE('',*,*,#2996,.F.);
#1491=ORIENTED_EDGE('',*,*,#2997,.T.);
#1492=ORIENTED_EDGE('',*,*,#2998,.F.);
#1493=ORIENTED_EDGE('',*,*,#2997,.F.);
#1494=ORIENTED_EDGE('',*,*,#2999,.T.);
#1495=ORIENTED_EDGE('',*,*,#3000,.F.);
#1496=ORIENTED_EDGE('',*,*,#3001,.T.);
#1497=ORIENTED_EDGE('',*,*,#2987,.T.);
#1498=ORIENTED_EDGE('',*,*,#3002,.F.);
#1499=ORIENTED_EDGE('',*,*,#3003,.T.);
#1500=ORIENTED_EDGE('',*,*,#2993,.F.);
#1501=ORIENTED_EDGE('',*,*,#3004,.T.);
#1502=ORIENTED_EDGE('',*,*,#3005,.F.);
#1503=ORIENTED_EDGE('',*,*,#3006,.T.);
#1504=ORIENTED_EDGE('',*,*,#3007,.T.);
#1505=ORIENTED_EDGE('',*,*,#3008,.T.);
#1506=ORIENTED_EDGE('',*,*,#3009,.T.);
#1507=ORIENTED_EDGE('',*,*,#3010,.T.);
#1508=ORIENTED_EDGE('',*,*,#3011,.T.);
#1509=ORIENTED_EDGE('',*,*,#3012,.T.);
#1510=ORIENTED_EDGE('',*,*,#3013,.T.);
#1511=ORIENTED_EDGE('',*,*,#3014,.T.);
#1512=ORIENTED_EDGE('',*,*,#2999,.F.);
#1513=ORIENTED_EDGE('',*,*,#2996,.T.);
#1514=ORIENTED_EDGE('',*,*,#2998,.T.);
#1515=ORIENTED_EDGE('',*,*,#3015,.T.);
#1516=ORIENTED_EDGE('',*,*,#3016,.T.);
#1517=ORIENTED_EDGE('',*,*,#3017,.T.);
#1518=ORIENTED_EDGE('',*,*,#3018,.T.);
#1519=ORIENTED_EDGE('',*,*,#2988,.T.);
#1520=ORIENTED_EDGE('',*,*,#2995,.F.);
#1521=ORIENTED_EDGE('',*,*,#3015,.F.);
#1522=ORIENTED_EDGE('',*,*,#3003,.F.);
#1523=ORIENTED_EDGE('',*,*,#3019,.T.);
#1524=ORIENTED_EDGE('',*,*,#3020,.T.);
#1525=ORIENTED_EDGE('',*,*,#3016,.F.);
#1526=ORIENTED_EDGE('',*,*,#3020,.F.);
#1527=ORIENTED_EDGE('',*,*,#3021,.T.);
#1528=ORIENTED_EDGE('',*,*,#3022,.T.);
#1529=ORIENTED_EDGE('',*,*,#3017,.F.);
#1530=ORIENTED_EDGE('',*,*,#3022,.F.);
#1531=ORIENTED_EDGE('',*,*,#3023,.T.);
#1532=ORIENTED_EDGE('',*,*,#3024,.T.);
#1533=ORIENTED_EDGE('',*,*,#3018,.F.);
#1534=ORIENTED_EDGE('',*,*,#3024,.F.);
#1535=ORIENTED_EDGE('',*,*,#3025,.T.);
#1536=ORIENTED_EDGE('',*,*,#2989,.T.);
#1537=ORIENTED_EDGE('',*,*,#3002,.T.);
#1538=ORIENTED_EDGE('',*,*,#2986,.T.);
#1539=ORIENTED_EDGE('',*,*,#2990,.T.);
#1540=ORIENTED_EDGE('',*,*,#3025,.F.);
#1541=ORIENTED_EDGE('',*,*,#3023,.F.);
#1542=ORIENTED_EDGE('',*,*,#3021,.F.);
#1543=ORIENTED_EDGE('',*,*,#3019,.F.);
#1544=ORIENTED_EDGE('',*,*,#3004,.F.);
#1545=ORIENTED_EDGE('',*,*,#2992,.F.);
#1546=ORIENTED_EDGE('',*,*,#3026,.T.);
#1547=ORIENTED_EDGE('',*,*,#3027,.T.);
#1548=ORIENTED_EDGE('',*,*,#3005,.T.);
#1549=ORIENTED_EDGE('',*,*,#3027,.F.);
#1550=ORIENTED_EDGE('',*,*,#3028,.F.);
#1551=ORIENTED_EDGE('',*,*,#3029,.T.);
#1552=ORIENTED_EDGE('',*,*,#3006,.F.);
#1553=ORIENTED_EDGE('',*,*,#3029,.F.);
#1554=ORIENTED_EDGE('',*,*,#3030,.T.);
#1555=ORIENTED_EDGE('',*,*,#3031,.T.);
#1556=ORIENTED_EDGE('',*,*,#3007,.F.);
#1557=ORIENTED_EDGE('',*,*,#3031,.F.);
#1558=ORIENTED_EDGE('',*,*,#3032,.T.);
#1559=ORIENTED_EDGE('',*,*,#3033,.T.);
#1560=ORIENTED_EDGE('',*,*,#3008,.F.);
#1561=ORIENTED_EDGE('',*,*,#3033,.F.);
#1562=ORIENTED_EDGE('',*,*,#3034,.T.);
#1563=ORIENTED_EDGE('',*,*,#3035,.T.);
#1564=ORIENTED_EDGE('',*,*,#3009,.F.);
#1565=ORIENTED_EDGE('',*,*,#3035,.F.);
#1566=ORIENTED_EDGE('',*,*,#3036,.T.);
#1567=ORIENTED_EDGE('',*,*,#3037,.T.);
#1568=ORIENTED_EDGE('',*,*,#3010,.F.);
#1569=ORIENTED_EDGE('',*,*,#3037,.F.);
#1570=ORIENTED_EDGE('',*,*,#3038,.T.);
#1571=ORIENTED_EDGE('',*,*,#3039,.T.);
#1572=ORIENTED_EDGE('',*,*,#3011,.F.);
#1573=ORIENTED_EDGE('',*,*,#3039,.F.);
#1574=ORIENTED_EDGE('',*,*,#3040,.T.);
#1575=ORIENTED_EDGE('',*,*,#3041,.T.);
#1576=ORIENTED_EDGE('',*,*,#3012,.F.);
#1577=ORIENTED_EDGE('',*,*,#3041,.F.);
#1578=ORIENTED_EDGE('',*,*,#3042,.T.);
#1579=ORIENTED_EDGE('',*,*,#3043,.T.);
#1580=ORIENTED_EDGE('',*,*,#3013,.F.);
#1581=ORIENTED_EDGE('',*,*,#3043,.F.);
#1582=ORIENTED_EDGE('',*,*,#3044,.T.);
#1583=ORIENTED_EDGE('',*,*,#3045,.T.);
#1584=ORIENTED_EDGE('',*,*,#3014,.F.);
#1585=ORIENTED_EDGE('',*,*,#3045,.F.);
#1586=ORIENTED_EDGE('',*,*,#3046,.T.);
#1587=ORIENTED_EDGE('',*,*,#3000,.T.);
#1588=ORIENTED_EDGE('',*,*,#2991,.F.);
#1589=ORIENTED_EDGE('',*,*,#2984,.T.);
#1590=ORIENTED_EDGE('',*,*,#3001,.F.);
#1591=ORIENTED_EDGE('',*,*,#3046,.F.);
#1592=ORIENTED_EDGE('',*,*,#3044,.F.);
#1593=ORIENTED_EDGE('',*,*,#3042,.F.);
#1594=ORIENTED_EDGE('',*,*,#3040,.F.);
#1595=ORIENTED_EDGE('',*,*,#3038,.F.);
#1596=ORIENTED_EDGE('',*,*,#3036,.F.);
#1597=ORIENTED_EDGE('',*,*,#3034,.F.);
#1598=ORIENTED_EDGE('',*,*,#3032,.F.);
#1599=ORIENTED_EDGE('',*,*,#3030,.F.);
#1600=ORIENTED_EDGE('',*,*,#3028,.T.);
#1601=ORIENTED_EDGE('',*,*,#3026,.F.);
#1602=ORIENTED_EDGE('',*,*,#3047,.F.);
#1603=ORIENTED_EDGE('',*,*,#3048,.F.);
#1604=ORIENTED_EDGE('',*,*,#3049,.T.);
#1605=ORIENTED_EDGE('',*,*,#3050,.T.);
#1606=ORIENTED_EDGE('',*,*,#3051,.T.);
#1607=ORIENTED_EDGE('',*,*,#3052,.F.);
#1608=ORIENTED_EDGE('',*,*,#3053,.F.);
#1609=ORIENTED_EDGE('',*,*,#3048,.T.);
#1610=ORIENTED_EDGE('',*,*,#3054,.T.);
#1611=ORIENTED_EDGE('',*,*,#3055,.F.);
#1612=ORIENTED_EDGE('',*,*,#3056,.F.);
#1613=ORIENTED_EDGE('',*,*,#3052,.T.);
#1614=ORIENTED_EDGE('',*,*,#3057,.T.);
#1615=ORIENTED_EDGE('',*,*,#3058,.F.);
#1616=ORIENTED_EDGE('',*,*,#3059,.F.);
#1617=ORIENTED_EDGE('',*,*,#3055,.T.);
#1618=ORIENTED_EDGE('',*,*,#3060,.F.);
#1619=ORIENTED_EDGE('',*,*,#3061,.F.);
#1620=ORIENTED_EDGE('',*,*,#3062,.T.);
#1621=ORIENTED_EDGE('',*,*,#3058,.T.);
#1622=ORIENTED_EDGE('',*,*,#3063,.F.);
#1623=ORIENTED_EDGE('',*,*,#3050,.F.);
#1624=ORIENTED_EDGE('',*,*,#3064,.T.);
#1625=ORIENTED_EDGE('',*,*,#3061,.T.);
#1626=ORIENTED_EDGE('',*,*,#3049,.F.);
#1627=ORIENTED_EDGE('',*,*,#3053,.T.);
#1628=ORIENTED_EDGE('',*,*,#3056,.T.);
#1629=ORIENTED_EDGE('',*,*,#3059,.T.);
#1630=ORIENTED_EDGE('',*,*,#3062,.F.);
#1631=ORIENTED_EDGE('',*,*,#3064,.F.);
#1632=ORIENTED_EDGE('',*,*,#3047,.T.);
#1633=ORIENTED_EDGE('',*,*,#3063,.T.);
#1634=ORIENTED_EDGE('',*,*,#3060,.T.);
#1635=ORIENTED_EDGE('',*,*,#3057,.F.);
#1636=ORIENTED_EDGE('',*,*,#3054,.F.);
#1637=ORIENTED_EDGE('',*,*,#3051,.F.);
#1638=ORIENTED_EDGE('',*,*,#3065,.F.);
#1639=ORIENTED_EDGE('',*,*,#3066,.T.);
#1640=ORIENTED_EDGE('',*,*,#3067,.F.);
#1641=ORIENTED_EDGE('',*,*,#3068,.F.);
#1642=ORIENTED_EDGE('',*,*,#3069,.T.);
#1643=ORIENTED_EDGE('',*,*,#3070,.F.);
#1644=ORIENTED_EDGE('',*,*,#3071,.F.);
#1645=ORIENTED_EDGE('',*,*,#3072,.F.);
#1646=ORIENTED_EDGE('',*,*,#3073,.F.);
#1647=ORIENTED_EDGE('',*,*,#3068,.T.);
#1648=ORIENTED_EDGE('',*,*,#3074,.T.);
#1649=ORIENTED_EDGE('',*,*,#3075,.T.);
#1650=ORIENTED_EDGE('',*,*,#3076,.F.);
#1651=ORIENTED_EDGE('',*,*,#3077,.F.);
#1652=ORIENTED_EDGE('',*,*,#3078,.T.);
#1653=ORIENTED_EDGE('',*,*,#3070,.T.);
#1654=ORIENTED_EDGE('',*,*,#3079,.T.);
#1655=ORIENTED_EDGE('',*,*,#3080,.F.);
#1656=ORIENTED_EDGE('',*,*,#3081,.T.);
#1657=ORIENTED_EDGE('',*,*,#3066,.F.);
#1658=ORIENTED_EDGE('',*,*,#3082,.F.);
#1659=ORIENTED_EDGE('',*,*,#3083,.T.);
#1660=ORIENTED_EDGE('',*,*,#3084,.F.);
#1661=ORIENTED_EDGE('',*,*,#3077,.T.);
#1662=ORIENTED_EDGE('',*,*,#3084,.T.);
#1663=ORIENTED_EDGE('',*,*,#3085,.T.);
#1664=ORIENTED_EDGE('',*,*,#3086,.F.);
#1665=ORIENTED_EDGE('',*,*,#3087,.F.);
#1666=ORIENTED_EDGE('',*,*,#3088,.F.);
#1667=ORIENTED_EDGE('',*,*,#3089,.F.);
#1668=ORIENTED_EDGE('',*,*,#3090,.F.);
#1669=ORIENTED_EDGE('',*,*,#3091,.F.);
#1670=ORIENTED_EDGE('',*,*,#3092,.F.);
#1671=ORIENTED_EDGE('',*,*,#3093,.T.);
#1672=ORIENTED_EDGE('',*,*,#3094,.T.);
#1673=ORIENTED_EDGE('',*,*,#3095,.F.);
#1674=ORIENTED_EDGE('',*,*,#3096,.F.);
#1675=ORIENTED_EDGE('',*,*,#3097,.T.);
#1676=ORIENTED_EDGE('',*,*,#3098,.T.);
#1677=ORIENTED_EDGE('',*,*,#3099,.F.);
#1678=ORIENTED_EDGE('',*,*,#3100,.T.);
#1679=ORIENTED_EDGE('',*,*,#3101,.T.);
#1680=ORIENTED_EDGE('',*,*,#3102,.T.);
#1681=ORIENTED_EDGE('',*,*,#3071,.T.);
#1682=ORIENTED_EDGE('',*,*,#3078,.F.);
#1683=ORIENTED_EDGE('',*,*,#3069,.F.);
#1684=ORIENTED_EDGE('',*,*,#3103,.T.);
#1685=ORIENTED_EDGE('',*,*,#3104,.F.);
#1686=ORIENTED_EDGE('',*,*,#3105,.F.);
#1687=ORIENTED_EDGE('',*,*,#3106,.T.);
#1688=ORIENTED_EDGE('',*,*,#3079,.F.);
#1689=ORIENTED_EDGE('',*,*,#3076,.T.);
#1690=ORIENTED_EDGE('',*,*,#3105,.T.);
#1691=ORIENTED_EDGE('',*,*,#3107,.F.);
#1692=ORIENTED_EDGE('',*,*,#3108,.F.);
#1693=ORIENTED_EDGE('',*,*,#3109,.T.);
#1694=ORIENTED_EDGE('',*,*,#3106,.F.);
#1695=ORIENTED_EDGE('',*,*,#3109,.F.);
#1696=ORIENTED_EDGE('',*,*,#3110,.T.);
#1697=ORIENTED_EDGE('',*,*,#3080,.T.);
#1698=ORIENTED_EDGE('',*,*,#3103,.F.);
#1699=ORIENTED_EDGE('',*,*,#3075,.F.);
#1700=ORIENTED_EDGE('',*,*,#3111,.T.);
#1701=ORIENTED_EDGE('',*,*,#3112,.T.);
#1702=ORIENTED_EDGE('',*,*,#3104,.T.);
#1703=ORIENTED_EDGE('',*,*,#3112,.F.);
#1704=ORIENTED_EDGE('',*,*,#3113,.F.);
#1705=ORIENTED_EDGE('',*,*,#3107,.T.);
#1706=ORIENTED_EDGE('',*,*,#3074,.F.);
#1707=ORIENTED_EDGE('',*,*,#3067,.T.);
#1708=ORIENTED_EDGE('',*,*,#3081,.F.);
#1709=ORIENTED_EDGE('',*,*,#3110,.F.);
#1710=ORIENTED_EDGE('',*,*,#3108,.T.);
#1711=ORIENTED_EDGE('',*,*,#3113,.T.);
#1712=ORIENTED_EDGE('',*,*,#3111,.F.);
#1713=ORIENTED_EDGE('',*,*,#3085,.F.);
#1714=ORIENTED_EDGE('',*,*,#3083,.F.);
#1715=ORIENTED_EDGE('',*,*,#3114,.T.);
#1716=ORIENTED_EDGE('',*,*,#3115,.T.);
#1717=ORIENTED_EDGE('',*,*,#3086,.T.);
#1718=ORIENTED_EDGE('',*,*,#3115,.F.);
#1719=ORIENTED_EDGE('',*,*,#3116,.F.);
#1720=ORIENTED_EDGE('',*,*,#3117,.T.);
#1721=ORIENTED_EDGE('',*,*,#3087,.T.);
#1722=ORIENTED_EDGE('',*,*,#3117,.F.);
#1723=ORIENTED_EDGE('',*,*,#3118,.F.);
#1724=ORIENTED_EDGE('',*,*,#3119,.T.);
#1725=ORIENTED_EDGE('',*,*,#3088,.T.);
#1726=ORIENTED_EDGE('',*,*,#3119,.F.);
#1727=ORIENTED_EDGE('',*,*,#3120,.F.);
#1728=ORIENTED_EDGE('',*,*,#3121,.T.);
#1729=ORIENTED_EDGE('',*,*,#3089,.T.);
#1730=ORIENTED_EDGE('',*,*,#3121,.F.);
#1731=ORIENTED_EDGE('',*,*,#3122,.F.);
#1732=ORIENTED_EDGE('',*,*,#3123,.T.);
#1733=ORIENTED_EDGE('',*,*,#3090,.T.);
#1734=ORIENTED_EDGE('',*,*,#3123,.F.);
#1735=ORIENTED_EDGE('',*,*,#3124,.F.);
#1736=ORIENTED_EDGE('',*,*,#3125,.T.);
#1737=ORIENTED_EDGE('',*,*,#3091,.T.);
#1738=ORIENTED_EDGE('',*,*,#3125,.F.);
#1739=ORIENTED_EDGE('',*,*,#3126,.F.);
#1740=ORIENTED_EDGE('',*,*,#3127,.T.);
#1741=ORIENTED_EDGE('',*,*,#3092,.T.);
#1742=ORIENTED_EDGE('',*,*,#3127,.F.);
#1743=ORIENTED_EDGE('',*,*,#3128,.F.);
#1744=ORIENTED_EDGE('',*,*,#3129,.T.);
#1745=ORIENTED_EDGE('',*,*,#3093,.F.);
#1746=ORIENTED_EDGE('',*,*,#3129,.F.);
#1747=ORIENTED_EDGE('',*,*,#3130,.T.);
#1748=ORIENTED_EDGE('',*,*,#3131,.T.);
#1749=ORIENTED_EDGE('',*,*,#3094,.F.);
#1750=ORIENTED_EDGE('',*,*,#3131,.F.);
#1751=ORIENTED_EDGE('',*,*,#3132,.T.);
#1752=ORIENTED_EDGE('',*,*,#3133,.T.);
#1753=ORIENTED_EDGE('',*,*,#3095,.T.);
#1754=ORIENTED_EDGE('',*,*,#3133,.F.);
#1755=ORIENTED_EDGE('',*,*,#3134,.F.);
#1756=ORIENTED_EDGE('',*,*,#3135,.T.);
#1757=ORIENTED_EDGE('',*,*,#3096,.T.);
#1758=ORIENTED_EDGE('',*,*,#3135,.F.);
#1759=ORIENTED_EDGE('',*,*,#3136,.F.);
#1760=ORIENTED_EDGE('',*,*,#3137,.T.);
#1761=ORIENTED_EDGE('',*,*,#3097,.F.);
#1762=ORIENTED_EDGE('',*,*,#3137,.F.);
#1763=ORIENTED_EDGE('',*,*,#3138,.T.);
#1764=ORIENTED_EDGE('',*,*,#3139,.T.);
#1765=ORIENTED_EDGE('',*,*,#3098,.F.);
#1766=ORIENTED_EDGE('',*,*,#3139,.F.);
#1767=ORIENTED_EDGE('',*,*,#3140,.T.);
#1768=ORIENTED_EDGE('',*,*,#3141,.T.);
#1769=ORIENTED_EDGE('',*,*,#3099,.T.);
#1770=ORIENTED_EDGE('',*,*,#3141,.F.);
#1771=ORIENTED_EDGE('',*,*,#3142,.F.);
#1772=ORIENTED_EDGE('',*,*,#3143,.T.);
#1773=ORIENTED_EDGE('',*,*,#3100,.F.);
#1774=ORIENTED_EDGE('',*,*,#3143,.F.);
#1775=ORIENTED_EDGE('',*,*,#3144,.T.);
#1776=ORIENTED_EDGE('',*,*,#3145,.T.);
#1777=ORIENTED_EDGE('',*,*,#3101,.F.);
#1778=ORIENTED_EDGE('',*,*,#3145,.F.);
#1779=ORIENTED_EDGE('',*,*,#3146,.T.);
#1780=ORIENTED_EDGE('',*,*,#3147,.T.);
#1781=ORIENTED_EDGE('',*,*,#3102,.F.);
#1782=ORIENTED_EDGE('',*,*,#3147,.F.);
#1783=ORIENTED_EDGE('',*,*,#3148,.T.);
#1784=ORIENTED_EDGE('',*,*,#3072,.T.);
#1785=ORIENTED_EDGE('',*,*,#3082,.T.);
#1786=ORIENTED_EDGE('',*,*,#3065,.T.);
#1787=ORIENTED_EDGE('',*,*,#3073,.T.);
#1788=ORIENTED_EDGE('',*,*,#3148,.F.);
#1789=ORIENTED_EDGE('',*,*,#3146,.F.);
#1790=ORIENTED_EDGE('',*,*,#3144,.F.);
#1791=ORIENTED_EDGE('',*,*,#3142,.T.);
#1792=ORIENTED_EDGE('',*,*,#3140,.F.);
#1793=ORIENTED_EDGE('',*,*,#3138,.F.);
#1794=ORIENTED_EDGE('',*,*,#3136,.T.);
#1795=ORIENTED_EDGE('',*,*,#3134,.T.);
#1796=ORIENTED_EDGE('',*,*,#3132,.F.);
#1797=ORIENTED_EDGE('',*,*,#3130,.F.);
#1798=ORIENTED_EDGE('',*,*,#3128,.T.);
#1799=ORIENTED_EDGE('',*,*,#3126,.T.);
#1800=ORIENTED_EDGE('',*,*,#3124,.T.);
#1801=ORIENTED_EDGE('',*,*,#3122,.T.);
#1802=ORIENTED_EDGE('',*,*,#3120,.T.);
#1803=ORIENTED_EDGE('',*,*,#3118,.T.);
#1804=ORIENTED_EDGE('',*,*,#3116,.T.);
#1805=ORIENTED_EDGE('',*,*,#3114,.F.);
#1806=ORIENTED_EDGE('',*,*,#3149,.F.);
#1807=ORIENTED_EDGE('',*,*,#3150,.T.);
#1808=ORIENTED_EDGE('',*,*,#3151,.F.);
#1809=ORIENTED_EDGE('',*,*,#3152,.F.);
#1810=ORIENTED_EDGE('',*,*,#3153,.F.);
#1811=ORIENTED_EDGE('',*,*,#3154,.F.);
#1812=ORIENTED_EDGE('',*,*,#3155,.T.);
#1813=ORIENTED_EDGE('',*,*,#3150,.F.);
#1814=ORIENTED_EDGE('',*,*,#3156,.F.);
#1815=ORIENTED_EDGE('',*,*,#3157,.T.);
#1816=ORIENTED_EDGE('',*,*,#3158,.T.);
#1817=ORIENTED_EDGE('',*,*,#3159,.T.);
#1818=ORIENTED_EDGE('',*,*,#3160,.T.);
#1819=ORIENTED_EDGE('',*,*,#3159,.F.);
#1820=ORIENTED_EDGE('',*,*,#3161,.F.);
#1821=ORIENTED_EDGE('',*,*,#3162,.T.);
#1822=ORIENTED_EDGE('',*,*,#3163,.F.);
#1823=ORIENTED_EDGE('',*,*,#3162,.F.);
#1824=ORIENTED_EDGE('',*,*,#3164,.T.);
#1825=ORIENTED_EDGE('',*,*,#3165,.F.);
#1826=ORIENTED_EDGE('',*,*,#3166,.F.);
#1827=ORIENTED_EDGE('',*,*,#3152,.T.);
#1828=ORIENTED_EDGE('',*,*,#3167,.T.);
#1829=ORIENTED_EDGE('',*,*,#3168,.T.);
#1830=ORIENTED_EDGE('',*,*,#3158,.F.);
#1831=ORIENTED_EDGE('',*,*,#3169,.T.);
#1832=ORIENTED_EDGE('',*,*,#3170,.T.);
#1833=ORIENTED_EDGE('',*,*,#3171,.F.);
#1834=ORIENTED_EDGE('',*,*,#3172,.F.);
#1835=ORIENTED_EDGE('',*,*,#3173,.T.);
#1836=ORIENTED_EDGE('',*,*,#3174,.F.);
#1837=ORIENTED_EDGE('',*,*,#3175,.T.);
#1838=ORIENTED_EDGE('',*,*,#3176,.T.);
#1839=ORIENTED_EDGE('',*,*,#3177,.T.);
#1840=ORIENTED_EDGE('',*,*,#3178,.T.);
#1841=ORIENTED_EDGE('',*,*,#3179,.T.);
#1842=ORIENTED_EDGE('',*,*,#3180,.T.);
#1843=ORIENTED_EDGE('',*,*,#3181,.T.);
#1844=ORIENTED_EDGE('',*,*,#3182,.T.);
#1845=ORIENTED_EDGE('',*,*,#3183,.T.);
#1846=ORIENTED_EDGE('',*,*,#3164,.F.);
#1847=ORIENTED_EDGE('',*,*,#3161,.T.);
#1848=ORIENTED_EDGE('',*,*,#3163,.T.);
#1849=ORIENTED_EDGE('',*,*,#3184,.T.);
#1850=ORIENTED_EDGE('',*,*,#3185,.T.);
#1851=ORIENTED_EDGE('',*,*,#3186,.T.);
#1852=ORIENTED_EDGE('',*,*,#3187,.F.);
#1853=ORIENTED_EDGE('',*,*,#3153,.T.);
#1854=ORIENTED_EDGE('',*,*,#3160,.F.);
#1855=ORIENTED_EDGE('',*,*,#3184,.F.);
#1856=ORIENTED_EDGE('',*,*,#3168,.F.);
#1857=ORIENTED_EDGE('',*,*,#3188,.T.);
#1858=ORIENTED_EDGE('',*,*,#3189,.T.);
#1859=ORIENTED_EDGE('',*,*,#3185,.F.);
#1860=ORIENTED_EDGE('',*,*,#3189,.F.);
#1861=ORIENTED_EDGE('',*,*,#3190,.T.);
#1862=ORIENTED_EDGE('',*,*,#3191,.T.);
#1863=ORIENTED_EDGE('',*,*,#3186,.F.);
#1864=ORIENTED_EDGE('',*,*,#3191,.F.);
#1865=ORIENTED_EDGE('',*,*,#3192,.T.);
#1866=ORIENTED_EDGE('',*,*,#3193,.T.);
#1867=ORIENTED_EDGE('',*,*,#3187,.T.);
#1868=ORIENTED_EDGE('',*,*,#3193,.F.);
#1869=ORIENTED_EDGE('',*,*,#3194,.F.);
#1870=ORIENTED_EDGE('',*,*,#3154,.T.);
#1871=ORIENTED_EDGE('',*,*,#3167,.F.);
#1872=ORIENTED_EDGE('',*,*,#3151,.T.);
#1873=ORIENTED_EDGE('',*,*,#3155,.F.);
#1874=ORIENTED_EDGE('',*,*,#3194,.T.);
#1875=ORIENTED_EDGE('',*,*,#3192,.F.);
#1876=ORIENTED_EDGE('',*,*,#3190,.F.);
#1877=ORIENTED_EDGE('',*,*,#3188,.F.);
#1878=ORIENTED_EDGE('',*,*,#3169,.F.);
#1879=ORIENTED_EDGE('',*,*,#3157,.F.);
#1880=ORIENTED_EDGE('',*,*,#3195,.T.);
#1881=ORIENTED_EDGE('',*,*,#3196,.T.);
#1882=ORIENTED_EDGE('',*,*,#3170,.F.);
#1883=ORIENTED_EDGE('',*,*,#3196,.F.);
#1884=ORIENTED_EDGE('',*,*,#3197,.T.);
#1885=ORIENTED_EDGE('',*,*,#3198,.T.);
#1886=ORIENTED_EDGE('',*,*,#3171,.T.);
#1887=ORIENTED_EDGE('',*,*,#3198,.F.);
#1888=ORIENTED_EDGE('',*,*,#3199,.F.);
#1889=ORIENTED_EDGE('',*,*,#3200,.T.);
#1890=ORIENTED_EDGE('',*,*,#3172,.T.);
#1891=ORIENTED_EDGE('',*,*,#3200,.F.);
#1892=ORIENTED_EDGE('',*,*,#3201,.F.);
#1893=ORIENTED_EDGE('',*,*,#3202,.T.);
#1894=ORIENTED_EDGE('',*,*,#3173,.F.);
#1895=ORIENTED_EDGE('',*,*,#3202,.F.);
#1896=ORIENTED_EDGE('',*,*,#3203,.T.);
#1897=ORIENTED_EDGE('',*,*,#3204,.T.);
#1898=ORIENTED_EDGE('',*,*,#3174,.T.);
#1899=ORIENTED_EDGE('',*,*,#3204,.F.);
#1900=ORIENTED_EDGE('',*,*,#3205,.F.);
#1901=ORIENTED_EDGE('',*,*,#3206,.T.);
#1902=ORIENTED_EDGE('',*,*,#3175,.F.);
#1903=ORIENTED_EDGE('',*,*,#3206,.F.);
#1904=ORIENTED_EDGE('',*,*,#3207,.T.);
#1905=ORIENTED_EDGE('',*,*,#3208,.T.);
#1906=ORIENTED_EDGE('',*,*,#3176,.F.);
#1907=ORIENTED_EDGE('',*,*,#3208,.F.);
#1908=ORIENTED_EDGE('',*,*,#3209,.T.);
#1909=ORIENTED_EDGE('',*,*,#3210,.T.);
#1910=ORIENTED_EDGE('',*,*,#3177,.F.);
#1911=ORIENTED_EDGE('',*,*,#3210,.F.);
#1912=ORIENTED_EDGE('',*,*,#3211,.T.);
#1913=ORIENTED_EDGE('',*,*,#3212,.T.);
#1914=ORIENTED_EDGE('',*,*,#3178,.F.);
#1915=ORIENTED_EDGE('',*,*,#3212,.F.);
#1916=ORIENTED_EDGE('',*,*,#3213,.T.);
#1917=ORIENTED_EDGE('',*,*,#3214,.T.);
#1918=ORIENTED_EDGE('',*,*,#3179,.F.);
#1919=ORIENTED_EDGE('',*,*,#3214,.F.);
#1920=ORIENTED_EDGE('',*,*,#3215,.T.);
#1921=ORIENTED_EDGE('',*,*,#3216,.T.);
#1922=ORIENTED_EDGE('',*,*,#3180,.F.);
#1923=ORIENTED_EDGE('',*,*,#3216,.F.);
#1924=ORIENTED_EDGE('',*,*,#3217,.T.);
#1925=ORIENTED_EDGE('',*,*,#3218,.T.);
#1926=ORIENTED_EDGE('',*,*,#3181,.F.);
#1927=ORIENTED_EDGE('',*,*,#3218,.F.);
#1928=ORIENTED_EDGE('',*,*,#3219,.T.);
#1929=ORIENTED_EDGE('',*,*,#3220,.T.);
#1930=ORIENTED_EDGE('',*,*,#3182,.F.);
#1931=ORIENTED_EDGE('',*,*,#3220,.F.);
#1932=ORIENTED_EDGE('',*,*,#3221,.T.);
#1933=ORIENTED_EDGE('',*,*,#3222,.T.);
#1934=ORIENTED_EDGE('',*,*,#3183,.F.);
#1935=ORIENTED_EDGE('',*,*,#3222,.F.);
#1936=ORIENTED_EDGE('',*,*,#3223,.T.);
#1937=ORIENTED_EDGE('',*,*,#3165,.T.);
#1938=ORIENTED_EDGE('',*,*,#3156,.T.);
#1939=ORIENTED_EDGE('',*,*,#3149,.T.);
#1940=ORIENTED_EDGE('',*,*,#3166,.T.);
#1941=ORIENTED_EDGE('',*,*,#3223,.F.);
#1942=ORIENTED_EDGE('',*,*,#3221,.F.);
#1943=ORIENTED_EDGE('',*,*,#3219,.F.);
#1944=ORIENTED_EDGE('',*,*,#3217,.F.);
#1945=ORIENTED_EDGE('',*,*,#3215,.F.);
#1946=ORIENTED_EDGE('',*,*,#3213,.F.);
#1947=ORIENTED_EDGE('',*,*,#3211,.F.);
#1948=ORIENTED_EDGE('',*,*,#3209,.F.);
#1949=ORIENTED_EDGE('',*,*,#3207,.F.);
#1950=ORIENTED_EDGE('',*,*,#3205,.T.);
#1951=ORIENTED_EDGE('',*,*,#3203,.F.);
#1952=ORIENTED_EDGE('',*,*,#3201,.T.);
#1953=ORIENTED_EDGE('',*,*,#3199,.T.);
#1954=ORIENTED_EDGE('',*,*,#3197,.F.);
#1955=ORIENTED_EDGE('',*,*,#3195,.F.);
#1956=ORIENTED_EDGE('',*,*,#3224,.F.);
#1957=ORIENTED_EDGE('',*,*,#3225,.T.);
#1958=ORIENTED_EDGE('',*,*,#3226,.F.);
#1959=ORIENTED_EDGE('',*,*,#3227,.F.);
#1960=ORIENTED_EDGE('',*,*,#3228,.T.);
#1961=ORIENTED_EDGE('',*,*,#3229,.F.);
#1962=ORIENTED_EDGE('',*,*,#3230,.F.);
#1963=ORIENTED_EDGE('',*,*,#3231,.F.);
#1964=ORIENTED_EDGE('',*,*,#3232,.T.);
#1965=ORIENTED_EDGE('',*,*,#3227,.T.);
#1966=ORIENTED_EDGE('',*,*,#3233,.F.);
#1967=ORIENTED_EDGE('',*,*,#3234,.T.);
#1968=ORIENTED_EDGE('',*,*,#3235,.F.);
#1969=ORIENTED_EDGE('',*,*,#3236,.F.);
#1970=ORIENTED_EDGE('',*,*,#3237,.T.);
#1971=ORIENTED_EDGE('',*,*,#3229,.T.);
#1972=ORIENTED_EDGE('',*,*,#3238,.T.);
#1973=ORIENTED_EDGE('',*,*,#3239,.F.);
#1974=ORIENTED_EDGE('',*,*,#3240,.F.);
#1975=ORIENTED_EDGE('',*,*,#3225,.F.);
#1976=ORIENTED_EDGE('',*,*,#3241,.T.);
#1977=ORIENTED_EDGE('',*,*,#3242,.T.);
#1978=ORIENTED_EDGE('',*,*,#3243,.F.);
#1979=ORIENTED_EDGE('',*,*,#3236,.T.);
#1980=ORIENTED_EDGE('',*,*,#3243,.T.);
#1981=ORIENTED_EDGE('',*,*,#3244,.T.);
#1982=ORIENTED_EDGE('',*,*,#3245,.F.);
#1983=ORIENTED_EDGE('',*,*,#3246,.F.);
#1984=ORIENTED_EDGE('',*,*,#3247,.F.);
#1985=ORIENTED_EDGE('',*,*,#3248,.F.);
#1986=ORIENTED_EDGE('',*,*,#3249,.F.);
#1987=ORIENTED_EDGE('',*,*,#3250,.F.);
#1988=ORIENTED_EDGE('',*,*,#3251,.T.);
#1989=ORIENTED_EDGE('',*,*,#3252,.F.);
#1990=ORIENTED_EDGE('',*,*,#3253,.F.);
#1991=ORIENTED_EDGE('',*,*,#3254,.F.);
#1992=ORIENTED_EDGE('',*,*,#3255,.F.);
#1993=ORIENTED_EDGE('',*,*,#3256,.T.);
#1994=ORIENTED_EDGE('',*,*,#3257,.T.);
#1995=ORIENTED_EDGE('',*,*,#3230,.T.);
#1996=ORIENTED_EDGE('',*,*,#3237,.F.);
#1997=ORIENTED_EDGE('',*,*,#3228,.F.);
#1998=ORIENTED_EDGE('',*,*,#3258,.F.);
#1999=ORIENTED_EDGE('',*,*,#3259,.F.);
#2000=ORIENTED_EDGE('',*,*,#3260,.F.);
#2001=ORIENTED_EDGE('',*,*,#3261,.T.);
#2002=ORIENTED_EDGE('',*,*,#3238,.F.);
#2003=ORIENTED_EDGE('',*,*,#3235,.T.);
#2004=ORIENTED_EDGE('',*,*,#3260,.T.);
#2005=ORIENTED_EDGE('',*,*,#3262,.F.);
#2006=ORIENTED_EDGE('',*,*,#3263,.F.);
#2007=ORIENTED_EDGE('',*,*,#3264,.T.);
#2008=ORIENTED_EDGE('',*,*,#3261,.F.);
#2009=ORIENTED_EDGE('',*,*,#3264,.F.);
#2010=ORIENTED_EDGE('',*,*,#3265,.T.);
#2011=ORIENTED_EDGE('',*,*,#3239,.T.);
#2012=ORIENTED_EDGE('',*,*,#3258,.T.);
#2013=ORIENTED_EDGE('',*,*,#3234,.F.);
#2014=ORIENTED_EDGE('',*,*,#3266,.F.);
#2015=ORIENTED_EDGE('',*,*,#3267,.T.);
#2016=ORIENTED_EDGE('',*,*,#3259,.T.);
#2017=ORIENTED_EDGE('',*,*,#3267,.F.);
#2018=ORIENTED_EDGE('',*,*,#3268,.F.);
#2019=ORIENTED_EDGE('',*,*,#3262,.T.);
#2020=ORIENTED_EDGE('',*,*,#3233,.T.);
#2021=ORIENTED_EDGE('',*,*,#3226,.T.);
#2022=ORIENTED_EDGE('',*,*,#3240,.T.);
#2023=ORIENTED_EDGE('',*,*,#3265,.F.);
#2024=ORIENTED_EDGE('',*,*,#3263,.T.);
#2025=ORIENTED_EDGE('',*,*,#3268,.T.);
#2026=ORIENTED_EDGE('',*,*,#3266,.T.);
#2027=ORIENTED_EDGE('',*,*,#3244,.F.);
#2028=ORIENTED_EDGE('',*,*,#3242,.F.);
#2029=ORIENTED_EDGE('',*,*,#3269,.T.);
#2030=ORIENTED_EDGE('',*,*,#3270,.T.);
#2031=ORIENTED_EDGE('',*,*,#3245,.T.);
#2032=ORIENTED_EDGE('',*,*,#3270,.F.);
#2033=ORIENTED_EDGE('',*,*,#3271,.F.);
#2034=ORIENTED_EDGE('',*,*,#3272,.T.);
#2035=ORIENTED_EDGE('',*,*,#3246,.T.);
#2036=ORIENTED_EDGE('',*,*,#3272,.F.);
#2037=ORIENTED_EDGE('',*,*,#3273,.F.);
#2038=ORIENTED_EDGE('',*,*,#3274,.T.);
#2039=ORIENTED_EDGE('',*,*,#3247,.T.);
#2040=ORIENTED_EDGE('',*,*,#3274,.F.);
#2041=ORIENTED_EDGE('',*,*,#3275,.F.);
#2042=ORIENTED_EDGE('',*,*,#3276,.T.);
#2043=ORIENTED_EDGE('',*,*,#3248,.T.);
#2044=ORIENTED_EDGE('',*,*,#3276,.F.);
#2045=ORIENTED_EDGE('',*,*,#3277,.F.);
#2046=ORIENTED_EDGE('',*,*,#3278,.T.);
#2047=ORIENTED_EDGE('',*,*,#3249,.T.);
#2048=ORIENTED_EDGE('',*,*,#3278,.F.);
#2049=ORIENTED_EDGE('',*,*,#3279,.F.);
#2050=ORIENTED_EDGE('',*,*,#3280,.T.);
#2051=ORIENTED_EDGE('',*,*,#3250,.T.);
#2052=ORIENTED_EDGE('',*,*,#3280,.F.);
#2053=ORIENTED_EDGE('',*,*,#3281,.F.);
#2054=ORIENTED_EDGE('',*,*,#3282,.T.);
#2055=ORIENTED_EDGE('',*,*,#3251,.F.);
#2056=ORIENTED_EDGE('',*,*,#3282,.F.);
#2057=ORIENTED_EDGE('',*,*,#3283,.T.);
#2058=ORIENTED_EDGE('',*,*,#3284,.T.);
#2059=ORIENTED_EDGE('',*,*,#3252,.T.);
#2060=ORIENTED_EDGE('',*,*,#3284,.F.);
#2061=ORIENTED_EDGE('',*,*,#3285,.F.);
#2062=ORIENTED_EDGE('',*,*,#3286,.T.);
#2063=ORIENTED_EDGE('',*,*,#3253,.T.);
#2064=ORIENTED_EDGE('',*,*,#3286,.F.);
#2065=ORIENTED_EDGE('',*,*,#3287,.F.);
#2066=ORIENTED_EDGE('',*,*,#3288,.T.);
#2067=ORIENTED_EDGE('',*,*,#3254,.T.);
#2068=ORIENTED_EDGE('',*,*,#3288,.F.);
#2069=ORIENTED_EDGE('',*,*,#3289,.F.);
#2070=ORIENTED_EDGE('',*,*,#3290,.T.);
#2071=ORIENTED_EDGE('',*,*,#3255,.T.);
#2072=ORIENTED_EDGE('',*,*,#3290,.F.);
#2073=ORIENTED_EDGE('',*,*,#3291,.F.);
#2074=ORIENTED_EDGE('',*,*,#3292,.T.);
#2075=ORIENTED_EDGE('',*,*,#3256,.F.);
#2076=ORIENTED_EDGE('',*,*,#3292,.F.);
#2077=ORIENTED_EDGE('',*,*,#3293,.T.);
#2078=ORIENTED_EDGE('',*,*,#3294,.T.);
#2079=ORIENTED_EDGE('',*,*,#3257,.F.);
#2080=ORIENTED_EDGE('',*,*,#3294,.F.);
#2081=ORIENTED_EDGE('',*,*,#3295,.T.);
#2082=ORIENTED_EDGE('',*,*,#3231,.T.);
#2083=ORIENTED_EDGE('',*,*,#3241,.F.);
#2084=ORIENTED_EDGE('',*,*,#3224,.T.);
#2085=ORIENTED_EDGE('',*,*,#3232,.F.);
#2086=ORIENTED_EDGE('',*,*,#3295,.F.);
#2087=ORIENTED_EDGE('',*,*,#3293,.F.);
#2088=ORIENTED_EDGE('',*,*,#3291,.T.);
#2089=ORIENTED_EDGE('',*,*,#3289,.T.);
#2090=ORIENTED_EDGE('',*,*,#3287,.T.);
#2091=ORIENTED_EDGE('',*,*,#3285,.T.);
#2092=ORIENTED_EDGE('',*,*,#3283,.F.);
#2093=ORIENTED_EDGE('',*,*,#3281,.T.);
#2094=ORIENTED_EDGE('',*,*,#3279,.T.);
#2095=ORIENTED_EDGE('',*,*,#3277,.T.);
#2096=ORIENTED_EDGE('',*,*,#3275,.T.);
#2097=ORIENTED_EDGE('',*,*,#3273,.T.);
#2098=ORIENTED_EDGE('',*,*,#3271,.T.);
#2099=ORIENTED_EDGE('',*,*,#3269,.F.);
#2100=ORIENTED_EDGE('',*,*,#3296,.T.);
#2101=ORIENTED_EDGE('',*,*,#3297,.T.);
#2102=ORIENTED_EDGE('',*,*,#3298,.T.);
#2103=ORIENTED_EDGE('',*,*,#3299,.T.);
#2104=ORIENTED_EDGE('',*,*,#3300,.T.);
#2105=ORIENTED_EDGE('',*,*,#3301,.T.);
#2106=ORIENTED_EDGE('',*,*,#3302,.T.);
#2107=ORIENTED_EDGE('',*,*,#3303,.T.);
#2108=ORIENTED_EDGE('',*,*,#3304,.T.);
#2109=ORIENTED_EDGE('',*,*,#3305,.T.);
#2110=ORIENTED_EDGE('',*,*,#3306,.T.);
#2111=ORIENTED_EDGE('',*,*,#3307,.T.);
#2112=ORIENTED_EDGE('',*,*,#3308,.T.);
#2113=ORIENTED_EDGE('',*,*,#3309,.T.);
#2114=ORIENTED_EDGE('',*,*,#3310,.T.);
#2115=ORIENTED_EDGE('',*,*,#3311,.T.);
#2116=ORIENTED_EDGE('',*,*,#3312,.F.);
#2117=ORIENTED_EDGE('',*,*,#3313,.F.);
#2118=ORIENTED_EDGE('',*,*,#3314,.T.);
#2119=ORIENTED_EDGE('',*,*,#3315,.F.);
#2120=ORIENTED_EDGE('',*,*,#3316,.T.);
#2121=ORIENTED_EDGE('',*,*,#3317,.T.);
#2122=ORIENTED_EDGE('',*,*,#3318,.T.);
#2123=ORIENTED_EDGE('',*,*,#3319,.F.);
#2124=ORIENTED_EDGE('',*,*,#3320,.T.);
#2125=ORIENTED_EDGE('',*,*,#3321,.T.);
#2126=ORIENTED_EDGE('',*,*,#3322,.T.);
#2127=ORIENTED_EDGE('',*,*,#3323,.T.);
#2128=ORIENTED_EDGE('',*,*,#3324,.T.);
#2129=ORIENTED_EDGE('',*,*,#3325,.T.);
#2130=ORIENTED_EDGE('',*,*,#3326,.T.);
#2131=ORIENTED_EDGE('',*,*,#3327,.T.);
#2132=ORIENTED_EDGE('',*,*,#3328,.T.);
#2133=ORIENTED_EDGE('',*,*,#3329,.T.);
#2134=ORIENTED_EDGE('',*,*,#3330,.T.);
#2135=ORIENTED_EDGE('',*,*,#3331,.T.);
#2136=ORIENTED_EDGE('',*,*,#3332,.T.);
#2137=ORIENTED_EDGE('',*,*,#3333,.T.);
#2138=ORIENTED_EDGE('',*,*,#3334,.T.);
#2139=ORIENTED_EDGE('',*,*,#3335,.T.);
#2140=ORIENTED_EDGE('',*,*,#3336,.T.);
#2141=ORIENTED_EDGE('',*,*,#3337,.T.);
#2142=ORIENTED_EDGE('',*,*,#3338,.T.);
#2143=ORIENTED_EDGE('',*,*,#3339,.T.);
#2144=ORIENTED_EDGE('',*,*,#3340,.F.);
#2145=ORIENTED_EDGE('',*,*,#3341,.T.);
#2146=ORIENTED_EDGE('',*,*,#3342,.T.);
#2147=ORIENTED_EDGE('',*,*,#3343,.T.);
#2148=ORIENTED_EDGE('',*,*,#3344,.T.);
#2149=ORIENTED_EDGE('',*,*,#3345,.F.);
#2150=ORIENTED_EDGE('',*,*,#3346,.F.);
#2151=ORIENTED_EDGE('',*,*,#3347,.F.);
#2152=ORIENTED_EDGE('',*,*,#3348,.T.);
#2153=ORIENTED_EDGE('',*,*,#3349,.T.);
#2154=ORIENTED_EDGE('',*,*,#3350,.F.);
#2155=ORIENTED_EDGE('',*,*,#3351,.T.);
#2156=ORIENTED_EDGE('',*,*,#3352,.F.);
#2157=ORIENTED_EDGE('',*,*,#3353,.F.);
#2158=ORIENTED_EDGE('',*,*,#3354,.F.);
#2159=ORIENTED_EDGE('',*,*,#3355,.F.);
#2160=ORIENTED_EDGE('',*,*,#3356,.T.);
#2161=ORIENTED_EDGE('',*,*,#3357,.T.);
#2162=ORIENTED_EDGE('',*,*,#3358,.T.);
#2163=ORIENTED_EDGE('',*,*,#3359,.F.);
#2164=ORIENTED_EDGE('',*,*,#3360,.F.);
#2165=ORIENTED_EDGE('',*,*,#3361,.T.);
#2166=ORIENTED_EDGE('',*,*,#3362,.T.);
#2167=ORIENTED_EDGE('',*,*,#3363,.T.);
#2168=ORIENTED_EDGE('',*,*,#3364,.T.);
#2169=ORIENTED_EDGE('',*,*,#3365,.F.);
#2170=ORIENTED_EDGE('',*,*,#3366,.T.);
#2171=ORIENTED_EDGE('',*,*,#3367,.F.);
#2172=ORIENTED_EDGE('',*,*,#3368,.F.);
#2173=ORIENTED_EDGE('',*,*,#3369,.T.);
#2174=ORIENTED_EDGE('',*,*,#3370,.F.);
#2175=ORIENTED_EDGE('',*,*,#3371,.F.);
#2176=ORIENTED_EDGE('',*,*,#3372,.F.);
#2177=ORIENTED_EDGE('',*,*,#3373,.T.);
#2178=ORIENTED_EDGE('',*,*,#3374,.T.);
#2179=ORIENTED_EDGE('',*,*,#3375,.T.);
#2180=ORIENTED_EDGE('',*,*,#3376,.T.);
#2181=ORIENTED_EDGE('',*,*,#3377,.F.);
#2182=ORIENTED_EDGE('',*,*,#3378,.F.);
#2183=ORIENTED_EDGE('',*,*,#3379,.F.);
#2184=ORIENTED_EDGE('',*,*,#3380,.F.);
#2185=ORIENTED_EDGE('',*,*,#3381,.T.);
#2186=ORIENTED_EDGE('',*,*,#3380,.T.);
#2187=ORIENTED_EDGE('',*,*,#3382,.F.);
#2188=ORIENTED_EDGE('',*,*,#3383,.F.);
#2189=ORIENTED_EDGE('',*,*,#3384,.T.);
#2190=ORIENTED_EDGE('',*,*,#3385,.F.);
#2191=ORIENTED_EDGE('',*,*,#3313,.T.);
#2192=ORIENTED_EDGE('',*,*,#3386,.T.);
#2193=ORIENTED_EDGE('',*,*,#3387,.F.);
#2194=ORIENTED_EDGE('',*,*,#3388,.T.);
#2195=ORIENTED_EDGE('',*,*,#3381,.F.);
#2196=ORIENTED_EDGE('',*,*,#3389,.F.);
#2197=ORIENTED_EDGE('',*,*,#3358,.F.);
#2198=ORIENTED_EDGE('',*,*,#3390,.F.);
#2199=ORIENTED_EDGE('',*,*,#3391,.F.);
#2200=ORIENTED_EDGE('',*,*,#3392,.F.);
#2201=ORIENTED_EDGE('',*,*,#3393,.F.);
#2202=ORIENTED_EDGE('',*,*,#3394,.F.);
#2203=ORIENTED_EDGE('',*,*,#3395,.F.);
#2204=ORIENTED_EDGE('',*,*,#3396,.F.);
#2205=ORIENTED_EDGE('',*,*,#3397,.F.);
#2206=ORIENTED_EDGE('',*,*,#3398,.F.);
#2207=ORIENTED_EDGE('',*,*,#3399,.T.);
#2208=ORIENTED_EDGE('',*,*,#3400,.F.);
#2209=ORIENTED_EDGE('',*,*,#3401,.T.);
#2210=ORIENTED_EDGE('',*,*,#3318,.F.);
#2211=ORIENTED_EDGE('',*,*,#3402,.F.);
#2212=ORIENTED_EDGE('',*,*,#3403,.T.);
#2213=ORIENTED_EDGE('',*,*,#3404,.T.);
#2214=ORIENTED_EDGE('',*,*,#3405,.T.);
#2215=ORIENTED_EDGE('',*,*,#3406,.T.);
#2216=ORIENTED_EDGE('',*,*,#3407,.T.);
#2217=ORIENTED_EDGE('',*,*,#3408,.T.);
#2218=ORIENTED_EDGE('',*,*,#3409,.F.);
#2219=ORIENTED_EDGE('',*,*,#3370,.T.);
#2220=ORIENTED_EDGE('',*,*,#3410,.F.);
#2221=ORIENTED_EDGE('',*,*,#3411,.F.);
#2222=ORIENTED_EDGE('',*,*,#3412,.F.);
#2223=ORIENTED_EDGE('',*,*,#3413,.F.);
#2224=ORIENTED_EDGE('',*,*,#3414,.F.);
#2225=ORIENTED_EDGE('',*,*,#3415,.F.);
#2226=ORIENTED_EDGE('',*,*,#3416,.F.);
#2227=ORIENTED_EDGE('',*,*,#3417,.F.);
#2228=ORIENTED_EDGE('',*,*,#3418,.F.);
#2229=ORIENTED_EDGE('',*,*,#3419,.T.);
#2230=ORIENTED_EDGE('',*,*,#3420,.F.);
#2231=ORIENTED_EDGE('',*,*,#3346,.T.);
#2232=ORIENTED_EDGE('',*,*,#3421,.T.);
#2233=ORIENTED_EDGE('',*,*,#3422,.T.);
#2234=ORIENTED_EDGE('',*,*,#3423,.T.);
#2235=ORIENTED_EDGE('',*,*,#3424,.T.);
#2236=ORIENTED_EDGE('',*,*,#3425,.T.);
#2237=ORIENTED_EDGE('',*,*,#3426,.T.);
#2238=ORIENTED_EDGE('',*,*,#3427,.T.);
#2239=ORIENTED_EDGE('',*,*,#3428,.T.);
#2240=ORIENTED_EDGE('',*,*,#3429,.F.);
#2241=ORIENTED_EDGE('',*,*,#3430,.T.);
#2242=ORIENTED_EDGE('',*,*,#3431,.T.);
#2243=ORIENTED_EDGE('',*,*,#3432,.F.);
#2244=ORIENTED_EDGE('',*,*,#3433,.F.);
#2245=ORIENTED_EDGE('',*,*,#3434,.T.);
#2246=ORIENTED_EDGE('',*,*,#3435,.T.);
#2247=ORIENTED_EDGE('',*,*,#3436,.F.);
#2248=ORIENTED_EDGE('',*,*,#3437,.T.);
#2249=ORIENTED_EDGE('',*,*,#3375,.F.);
#2250=ORIENTED_EDGE('',*,*,#3438,.F.);
#2251=ORIENTED_EDGE('',*,*,#3439,.F.);
#2252=ORIENTED_EDGE('',*,*,#3440,.F.);
#2253=ORIENTED_EDGE('',*,*,#3310,.F.);
#2254=ORIENTED_EDGE('',*,*,#3441,.F.);
#2255=ORIENTED_EDGE('',*,*,#3442,.F.);
#2256=ORIENTED_EDGE('',*,*,#3364,.F.);
#2257=ORIENTED_EDGE('',*,*,#3443,.F.);
#2258=ORIENTED_EDGE('',*,*,#3444,.T.);
#2259=ORIENTED_EDGE('',*,*,#3445,.T.);
#2260=ORIENTED_EDGE('',*,*,#3446,.T.);
#2261=ORIENTED_EDGE('',*,*,#3386,.F.);
#2262=ORIENTED_EDGE('',*,*,#3312,.T.);
#2263=ORIENTED_EDGE('',*,*,#3447,.T.);
#2264=ORIENTED_EDGE('',*,*,#3448,.T.);
#2265=ORIENTED_EDGE('',*,*,#3449,.F.);
#2266=ORIENTED_EDGE('',*,*,#3450,.F.);
#2267=ORIENTED_EDGE('',*,*,#3451,.F.);
#2268=ORIENTED_EDGE('',*,*,#3352,.T.);
#2269=ORIENTED_EDGE('',*,*,#3452,.F.);
#2270=ORIENTED_EDGE('',*,*,#3453,.T.);
#2271=ORIENTED_EDGE('',*,*,#3454,.T.);
#2272=ORIENTED_EDGE('',*,*,#3455,.F.);
#2273=ORIENTED_EDGE('',*,*,#3377,.T.);
#2274=ORIENTED_EDGE('',*,*,#3456,.F.);
#2275=ORIENTED_EDGE('',*,*,#3344,.F.);
#2276=ORIENTED_EDGE('',*,*,#3457,.F.);
#2277=ORIENTED_EDGE('',*,*,#3458,.F.);
#2278=ORIENTED_EDGE('',*,*,#3459,.F.);
#2279=ORIENTED_EDGE('',*,*,#3460,.F.);
#2280=ORIENTED_EDGE('',*,*,#3461,.T.);
#2281=ORIENTED_EDGE('',*,*,#3462,.T.);
#2282=ORIENTED_EDGE('',*,*,#3463,.F.);
#2283=ORIENTED_EDGE('',*,*,#3464,.T.);
#2284=ORIENTED_EDGE('',*,*,#3447,.F.);
#2285=ORIENTED_EDGE('',*,*,#3311,.F.);
#2286=ORIENTED_EDGE('',*,*,#3440,.T.);
#2287=ORIENTED_EDGE('',*,*,#3465,.F.);
#2288=ORIENTED_EDGE('',*,*,#3466,.T.);
#2289=ORIENTED_EDGE('',*,*,#3467,.T.);
#2290=ORIENTED_EDGE('',*,*,#3314,.F.);
#2291=ORIENTED_EDGE('',*,*,#3385,.T.);
#2292=ORIENTED_EDGE('',*,*,#3468,.F.);
#2293=ORIENTED_EDGE('',*,*,#3469,.F.);
#2294=ORIENTED_EDGE('',*,*,#3470,.T.);
#2295=ORIENTED_EDGE('',*,*,#3471,.F.);
#2296=ORIENTED_EDGE('',*,*,#3472,.T.);
#2297=ORIENTED_EDGE('',*,*,#3421,.F.);
#2298=ORIENTED_EDGE('',*,*,#3345,.T.);
#2299=ORIENTED_EDGE('',*,*,#3456,.T.);
#2300=ORIENTED_EDGE('',*,*,#3376,.F.);
#2301=ORIENTED_EDGE('',*,*,#3437,.F.);
#2302=ORIENTED_EDGE('',*,*,#3473,.F.);
#2303=ORIENTED_EDGE('',*,*,#3474,.F.);
#2304=ORIENTED_EDGE('',*,*,#3475,.T.);
#2305=ORIENTED_EDGE('',*,*,#3430,.F.);
#2306=ORIENTED_EDGE('',*,*,#3476,.F.);
#2307=ORIENTED_EDGE('',*,*,#3389,.T.);
#2308=ORIENTED_EDGE('',*,*,#3477,.F.);
#2309=ORIENTED_EDGE('',*,*,#3478,.F.);
#2310=ORIENTED_EDGE('',*,*,#3359,.T.);
#2311=ORIENTED_EDGE('',*,*,#3428,.F.);
#2312=ORIENTED_EDGE('',*,*,#3479,.F.);
#2313=ORIENTED_EDGE('',*,*,#3480,.T.);
#2314=ORIENTED_EDGE('',*,*,#3477,.T.);
#2315=ORIENTED_EDGE('',*,*,#3427,.F.);
#2316=ORIENTED_EDGE('',*,*,#3481,.F.);
#2317=ORIENTED_EDGE('',*,*,#3482,.T.);
#2318=ORIENTED_EDGE('',*,*,#3479,.T.);
#2319=ORIENTED_EDGE('',*,*,#3426,.F.);
#2320=ORIENTED_EDGE('',*,*,#3483,.F.);
#2321=ORIENTED_EDGE('',*,*,#3484,.T.);
#2322=ORIENTED_EDGE('',*,*,#3481,.T.);
#2323=ORIENTED_EDGE('',*,*,#3425,.F.);
#2324=ORIENTED_EDGE('',*,*,#3485,.F.);
#2325=ORIENTED_EDGE('',*,*,#3486,.T.);
#2326=ORIENTED_EDGE('',*,*,#3483,.T.);
#2327=ORIENTED_EDGE('',*,*,#3424,.F.);
#2328=ORIENTED_EDGE('',*,*,#3487,.F.);
#2329=ORIENTED_EDGE('',*,*,#3488,.T.);
#2330=ORIENTED_EDGE('',*,*,#3485,.T.);
#2331=ORIENTED_EDGE('',*,*,#3423,.F.);
#2332=ORIENTED_EDGE('',*,*,#3489,.F.);
#2333=ORIENTED_EDGE('',*,*,#3490,.T.);
#2334=ORIENTED_EDGE('',*,*,#3487,.T.);
#2335=ORIENTED_EDGE('',*,*,#3422,.F.);
#2336=ORIENTED_EDGE('',*,*,#3472,.F.);
#2337=ORIENTED_EDGE('',*,*,#3491,.T.);
#2338=ORIENTED_EDGE('',*,*,#3489,.T.);
#2339=ORIENTED_EDGE('',*,*,#3429,.T.);
#2340=ORIENTED_EDGE('',*,*,#3492,.F.);
#2341=ORIENTED_EDGE('',*,*,#3493,.F.);
#2342=ORIENTED_EDGE('',*,*,#3476,.T.);
#2343=ORIENTED_EDGE('',*,*,#3435,.F.);
#2344=ORIENTED_EDGE('',*,*,#3494,.F.);
#2345=ORIENTED_EDGE('',*,*,#3495,.T.);
#2346=ORIENTED_EDGE('',*,*,#3492,.T.);
#2347=ORIENTED_EDGE('',*,*,#3434,.F.);
#2348=ORIENTED_EDGE('',*,*,#3496,.F.);
#2349=ORIENTED_EDGE('',*,*,#3497,.T.);
#2350=ORIENTED_EDGE('',*,*,#3494,.T.);
#2351=ORIENTED_EDGE('',*,*,#3433,.T.);
#2352=ORIENTED_EDGE('',*,*,#3498,.F.);
#2353=ORIENTED_EDGE('',*,*,#3499,.F.);
#2354=ORIENTED_EDGE('',*,*,#3496,.T.);
#2355=ORIENTED_EDGE('',*,*,#3432,.T.);
#2356=ORIENTED_EDGE('',*,*,#3500,.F.);
#2357=ORIENTED_EDGE('',*,*,#3501,.F.);
#2358=ORIENTED_EDGE('',*,*,#3498,.T.);
#2359=ORIENTED_EDGE('',*,*,#3431,.F.);
#2360=ORIENTED_EDGE('',*,*,#3475,.F.);
#2361=ORIENTED_EDGE('',*,*,#3502,.T.);
#2362=ORIENTED_EDGE('',*,*,#3500,.T.);
#2363=ORIENTED_EDGE('',*,*,#3436,.T.);
#2364=ORIENTED_EDGE('',*,*,#3503,.F.);
#2365=ORIENTED_EDGE('',*,*,#3504,.F.);
#2366=ORIENTED_EDGE('',*,*,#3473,.T.);
#2367=ORIENTED_EDGE('',*,*,#3438,.T.);
#2368=ORIENTED_EDGE('',*,*,#3374,.F.);
#2369=ORIENTED_EDGE('',*,*,#3505,.F.);
#2370=ORIENTED_EDGE('',*,*,#3503,.T.);
#2371=ORIENTED_EDGE('',*,*,#3506,.F.);
#2372=ORIENTED_EDGE('',*,*,#3348,.F.);
#2373=ORIENTED_EDGE('',*,*,#3478,.T.);
#2374=ORIENTED_EDGE('',*,*,#3480,.F.);
#2375=ORIENTED_EDGE('',*,*,#3482,.F.);
#2376=ORIENTED_EDGE('',*,*,#3484,.F.);
#2377=ORIENTED_EDGE('',*,*,#3486,.F.);
#2378=ORIENTED_EDGE('',*,*,#3488,.F.);
#2379=ORIENTED_EDGE('',*,*,#3490,.F.);
#2380=ORIENTED_EDGE('',*,*,#3491,.F.);
#2381=ORIENTED_EDGE('',*,*,#3471,.T.);
#2382=ORIENTED_EDGE('',*,*,#3493,.T.);
#2383=ORIENTED_EDGE('',*,*,#3495,.F.);
#2384=ORIENTED_EDGE('',*,*,#3497,.F.);
#2385=ORIENTED_EDGE('',*,*,#3499,.T.);
#2386=ORIENTED_EDGE('',*,*,#3501,.T.);
#2387=ORIENTED_EDGE('',*,*,#3502,.F.);
#2388=ORIENTED_EDGE('',*,*,#3474,.T.);
#2389=ORIENTED_EDGE('',*,*,#3504,.T.);
#2390=ORIENTED_EDGE('',*,*,#3505,.T.);
#2391=ORIENTED_EDGE('',*,*,#3373,.F.);
#2392=ORIENTED_EDGE('',*,*,#3409,.T.);
#2393=ORIENTED_EDGE('',*,*,#3507,.F.);
#2394=ORIENTED_EDGE('',*,*,#3508,.F.);
#2395=ORIENTED_EDGE('',*,*,#3371,.T.);
#2396=ORIENTED_EDGE('',*,*,#3408,.F.);
#2397=ORIENTED_EDGE('',*,*,#3509,.F.);
#2398=ORIENTED_EDGE('',*,*,#3510,.T.);
#2399=ORIENTED_EDGE('',*,*,#3507,.T.);
#2400=ORIENTED_EDGE('',*,*,#3407,.F.);
#2401=ORIENTED_EDGE('',*,*,#3511,.F.);
#2402=ORIENTED_EDGE('',*,*,#3512,.T.);
#2403=ORIENTED_EDGE('',*,*,#3509,.T.);
#2404=ORIENTED_EDGE('',*,*,#3406,.F.);
#2405=ORIENTED_EDGE('',*,*,#3513,.F.);
#2406=ORIENTED_EDGE('',*,*,#3514,.T.);
#2407=ORIENTED_EDGE('',*,*,#3511,.T.);
#2408=ORIENTED_EDGE('',*,*,#3405,.F.);
#2409=ORIENTED_EDGE('',*,*,#3515,.F.);
#2410=ORIENTED_EDGE('',*,*,#3516,.T.);
#2411=ORIENTED_EDGE('',*,*,#3513,.T.);
#2412=ORIENTED_EDGE('',*,*,#3404,.F.);
#2413=ORIENTED_EDGE('',*,*,#3517,.F.);
#2414=ORIENTED_EDGE('',*,*,#3518,.T.);
#2415=ORIENTED_EDGE('',*,*,#3515,.T.);
#2416=ORIENTED_EDGE('',*,*,#3403,.F.);
#2417=ORIENTED_EDGE('',*,*,#3519,.F.);
#2418=ORIENTED_EDGE('',*,*,#3520,.T.);
#2419=ORIENTED_EDGE('',*,*,#3517,.T.);
#2420=ORIENTED_EDGE('',*,*,#3402,.T.);
#2421=ORIENTED_EDGE('',*,*,#3317,.F.);
#2422=ORIENTED_EDGE('',*,*,#3521,.F.);
#2423=ORIENTED_EDGE('',*,*,#3519,.T.);
#2424=ORIENTED_EDGE('',*,*,#3467,.F.);
#2425=ORIENTED_EDGE('',*,*,#3522,.F.);
#2426=ORIENTED_EDGE('',*,*,#3523,.T.);
#2427=ORIENTED_EDGE('',*,*,#3315,.T.);
#2428=ORIENTED_EDGE('',*,*,#3466,.F.);
#2429=ORIENTED_EDGE('',*,*,#3524,.F.);
#2430=ORIENTED_EDGE('',*,*,#3525,.T.);
#2431=ORIENTED_EDGE('',*,*,#3522,.T.);
#2432=ORIENTED_EDGE('',*,*,#3470,.F.);
#2433=ORIENTED_EDGE('',*,*,#3526,.F.);
#2434=ORIENTED_EDGE('',*,*,#3527,.T.);
#2435=ORIENTED_EDGE('',*,*,#3524,.T.);
#2436=ORIENTED_EDGE('',*,*,#3469,.T.);
#2437=ORIENTED_EDGE('',*,*,#3528,.F.);
#2438=ORIENTED_EDGE('',*,*,#3529,.F.);
#2439=ORIENTED_EDGE('',*,*,#3526,.T.);
#2440=ORIENTED_EDGE('',*,*,#3468,.T.);
#2441=ORIENTED_EDGE('',*,*,#3384,.F.);
#2442=ORIENTED_EDGE('',*,*,#3530,.F.);
#2443=ORIENTED_EDGE('',*,*,#3528,.T.);
#2444=ORIENTED_EDGE('',*,*,#3531,.F.);
#2445=ORIENTED_EDGE('',*,*,#3360,.T.);
#2446=ORIENTED_EDGE('',*,*,#3508,.T.);
#2447=ORIENTED_EDGE('',*,*,#3510,.F.);
#2448=ORIENTED_EDGE('',*,*,#3512,.F.);
#2449=ORIENTED_EDGE('',*,*,#3514,.F.);
#2450=ORIENTED_EDGE('',*,*,#3516,.F.);
#2451=ORIENTED_EDGE('',*,*,#3518,.F.);
#2452=ORIENTED_EDGE('',*,*,#3520,.F.);
#2453=ORIENTED_EDGE('',*,*,#3521,.T.);
#2454=ORIENTED_EDGE('',*,*,#3316,.F.);
#2455=ORIENTED_EDGE('',*,*,#3523,.F.);
#2456=ORIENTED_EDGE('',*,*,#3525,.F.);
#2457=ORIENTED_EDGE('',*,*,#3527,.F.);
#2458=ORIENTED_EDGE('',*,*,#3529,.T.);
#2459=ORIENTED_EDGE('',*,*,#3530,.T.);
#2460=ORIENTED_EDGE('',*,*,#3383,.T.);
#2461=ORIENTED_EDGE('',*,*,#3439,.T.);
#2462=ORIENTED_EDGE('',*,*,#3532,.F.);
#2463=ORIENTED_EDGE('',*,*,#3533,.F.);
#2464=ORIENTED_EDGE('',*,*,#3465,.T.);
#2465=ORIENTED_EDGE('',*,*,#3441,.T.);
#2466=ORIENTED_EDGE('',*,*,#3309,.F.);
#2467=ORIENTED_EDGE('',*,*,#3534,.F.);
#2468=ORIENTED_EDGE('',*,*,#3532,.T.);
#2469=ORIENTED_EDGE('',*,*,#3401,.F.);
#2470=ORIENTED_EDGE('',*,*,#3535,.F.);
#2471=ORIENTED_EDGE('',*,*,#3536,.T.);
#2472=ORIENTED_EDGE('',*,*,#3319,.T.);
#2473=ORIENTED_EDGE('',*,*,#3400,.T.);
#2474=ORIENTED_EDGE('',*,*,#3537,.F.);
#2475=ORIENTED_EDGE('',*,*,#3538,.F.);
#2476=ORIENTED_EDGE('',*,*,#3535,.T.);
#2477=ORIENTED_EDGE('',*,*,#3399,.F.);
#2478=ORIENTED_EDGE('',*,*,#3539,.F.);
#2479=ORIENTED_EDGE('',*,*,#3540,.T.);
#2480=ORIENTED_EDGE('',*,*,#3537,.T.);
#2481=ORIENTED_EDGE('',*,*,#3398,.T.);
#2482=ORIENTED_EDGE('',*,*,#3541,.F.);
#2483=ORIENTED_EDGE('',*,*,#3542,.F.);
#2484=ORIENTED_EDGE('',*,*,#3539,.T.);
#2485=ORIENTED_EDGE('',*,*,#3397,.T.);
#2486=ORIENTED_EDGE('',*,*,#3543,.F.);
#2487=ORIENTED_EDGE('',*,*,#3544,.F.);
#2488=ORIENTED_EDGE('',*,*,#3541,.T.);
#2489=ORIENTED_EDGE('',*,*,#3396,.T.);
#2490=ORIENTED_EDGE('',*,*,#3545,.F.);
#2491=ORIENTED_EDGE('',*,*,#3546,.F.);
#2492=ORIENTED_EDGE('',*,*,#3543,.T.);
#2493=ORIENTED_EDGE('',*,*,#3395,.T.);
#2494=ORIENTED_EDGE('',*,*,#3547,.F.);
#2495=ORIENTED_EDGE('',*,*,#3548,.F.);
#2496=ORIENTED_EDGE('',*,*,#3545,.T.);
#2497=ORIENTED_EDGE('',*,*,#3394,.T.);
#2498=ORIENTED_EDGE('',*,*,#3549,.F.);
#2499=ORIENTED_EDGE('',*,*,#3550,.F.);
#2500=ORIENTED_EDGE('',*,*,#3547,.T.);
#2501=ORIENTED_EDGE('',*,*,#3393,.T.);
#2502=ORIENTED_EDGE('',*,*,#3551,.F.);
#2503=ORIENTED_EDGE('',*,*,#3552,.F.);
#2504=ORIENTED_EDGE('',*,*,#3549,.T.);
#2505=ORIENTED_EDGE('',*,*,#3392,.T.);
#2506=ORIENTED_EDGE('',*,*,#3553,.F.);
#2507=ORIENTED_EDGE('',*,*,#3554,.F.);
#2508=ORIENTED_EDGE('',*,*,#3551,.T.);
#2509=ORIENTED_EDGE('',*,*,#3391,.T.);
#2510=ORIENTED_EDGE('',*,*,#3555,.F.);
#2511=ORIENTED_EDGE('',*,*,#3556,.F.);
#2512=ORIENTED_EDGE('',*,*,#3553,.T.);
#2513=ORIENTED_EDGE('',*,*,#3390,.T.);
#2514=ORIENTED_EDGE('',*,*,#3357,.F.);
#2515=ORIENTED_EDGE('',*,*,#3557,.F.);
#2516=ORIENTED_EDGE('',*,*,#3555,.T.);
#2517=ORIENTED_EDGE('',*,*,#3558,.F.);
#2518=ORIENTED_EDGE('',*,*,#3461,.F.);
#2519=ORIENTED_EDGE('',*,*,#3533,.T.);
#2520=ORIENTED_EDGE('',*,*,#3534,.T.);
#2521=ORIENTED_EDGE('',*,*,#3308,.F.);
#2522=ORIENTED_EDGE('',*,*,#3536,.F.);
#2523=ORIENTED_EDGE('',*,*,#3538,.T.);
#2524=ORIENTED_EDGE('',*,*,#3540,.F.);
#2525=ORIENTED_EDGE('',*,*,#3542,.T.);
#2526=ORIENTED_EDGE('',*,*,#3544,.T.);
#2527=ORIENTED_EDGE('',*,*,#3546,.T.);
#2528=ORIENTED_EDGE('',*,*,#3548,.T.);
#2529=ORIENTED_EDGE('',*,*,#3550,.T.);
#2530=ORIENTED_EDGE('',*,*,#3552,.T.);
#2531=ORIENTED_EDGE('',*,*,#3554,.T.);
#2532=ORIENTED_EDGE('',*,*,#3556,.T.);
#2533=ORIENTED_EDGE('',*,*,#3557,.T.);
#2534=ORIENTED_EDGE('',*,*,#3356,.F.);
#2535=ORIENTED_EDGE('',*,*,#3559,.F.);
#2536=ORIENTED_EDGE('',*,*,#3460,.T.);
#2537=ORIENTED_EDGE('',*,*,#3559,.T.);
#2538=ORIENTED_EDGE('',*,*,#3451,.T.);
#2539=ORIENTED_EDGE('',*,*,#3560,.F.);
#2540=ORIENTED_EDGE('',*,*,#3561,.F.);
#2541=ORIENTED_EDGE('',*,*,#3353,.T.);
#2542=ORIENTED_EDGE('',*,*,#3450,.T.);
#2543=ORIENTED_EDGE('',*,*,#3562,.F.);
#2544=ORIENTED_EDGE('',*,*,#3563,.F.);
#2545=ORIENTED_EDGE('',*,*,#3560,.T.);
#2546=ORIENTED_EDGE('',*,*,#3449,.T.);
#2547=ORIENTED_EDGE('',*,*,#3564,.F.);
#2548=ORIENTED_EDGE('',*,*,#3565,.F.);
#2549=ORIENTED_EDGE('',*,*,#3562,.T.);
#2550=ORIENTED_EDGE('',*,*,#3448,.F.);
#2551=ORIENTED_EDGE('',*,*,#3464,.F.);
#2552=ORIENTED_EDGE('',*,*,#3566,.T.);
#2553=ORIENTED_EDGE('',*,*,#3564,.T.);
#2554=ORIENTED_EDGE('',*,*,#3567,.F.);
#2555=ORIENTED_EDGE('',*,*,#3354,.T.);
#2556=ORIENTED_EDGE('',*,*,#3561,.T.);
#2557=ORIENTED_EDGE('',*,*,#3563,.T.);
#2558=ORIENTED_EDGE('',*,*,#3565,.T.);
#2559=ORIENTED_EDGE('',*,*,#3566,.F.);
#2560=ORIENTED_EDGE('',*,*,#3463,.T.);
#2561=ORIENTED_EDGE('',*,*,#3453,.F.);
#2562=ORIENTED_EDGE('',*,*,#3568,.F.);
#2563=ORIENTED_EDGE('',*,*,#3569,.T.);
#2564=ORIENTED_EDGE('',*,*,#3570,.T.);
#2565=ORIENTED_EDGE('',*,*,#3452,.T.);
#2566=ORIENTED_EDGE('',*,*,#3351,.F.);
#2567=ORIENTED_EDGE('',*,*,#3571,.F.);
#2568=ORIENTED_EDGE('',*,*,#3568,.T.);
#2569=ORIENTED_EDGE('',*,*,#3455,.T.);
#2570=ORIENTED_EDGE('',*,*,#3572,.F.);
#2571=ORIENTED_EDGE('',*,*,#3573,.F.);
#2572=ORIENTED_EDGE('',*,*,#3378,.T.);
#2573=ORIENTED_EDGE('',*,*,#3454,.F.);
#2574=ORIENTED_EDGE('',*,*,#3570,.F.);
#2575=ORIENTED_EDGE('',*,*,#3574,.T.);
#2576=ORIENTED_EDGE('',*,*,#3572,.T.);
#2577=ORIENTED_EDGE('',*,*,#3575,.F.);
#2578=ORIENTED_EDGE('',*,*,#3379,.T.);
#2579=ORIENTED_EDGE('',*,*,#3573,.T.);
#2580=ORIENTED_EDGE('',*,*,#3574,.F.);
#2581=ORIENTED_EDGE('',*,*,#3569,.F.);
#2582=ORIENTED_EDGE('',*,*,#3571,.T.);
#2583=ORIENTED_EDGE('',*,*,#3350,.T.);
#2584=ORIENTED_EDGE('',*,*,#3444,.F.);
#2585=ORIENTED_EDGE('',*,*,#3576,.F.);
#2586=ORIENTED_EDGE('',*,*,#3577,.T.);
#2587=ORIENTED_EDGE('',*,*,#3578,.T.);
#2588=ORIENTED_EDGE('',*,*,#3443,.T.);
#2589=ORIENTED_EDGE('',*,*,#3363,.F.);
#2590=ORIENTED_EDGE('',*,*,#3579,.F.);
#2591=ORIENTED_EDGE('',*,*,#3576,.T.);
#2592=ORIENTED_EDGE('',*,*,#3446,.F.);
#2593=ORIENTED_EDGE('',*,*,#3580,.F.);
#2594=ORIENTED_EDGE('',*,*,#3581,.T.);
#2595=ORIENTED_EDGE('',*,*,#3387,.T.);
#2596=ORIENTED_EDGE('',*,*,#3445,.F.);
#2597=ORIENTED_EDGE('',*,*,#3578,.F.);
#2598=ORIENTED_EDGE('',*,*,#3582,.T.);
#2599=ORIENTED_EDGE('',*,*,#3580,.T.);
#2600=ORIENTED_EDGE('',*,*,#3583,.F.);
#2601=ORIENTED_EDGE('',*,*,#3388,.F.);
#2602=ORIENTED_EDGE('',*,*,#3581,.F.);
#2603=ORIENTED_EDGE('',*,*,#3582,.F.);
#2604=ORIENTED_EDGE('',*,*,#3577,.F.);
#2605=ORIENTED_EDGE('',*,*,#3579,.T.);
#2606=ORIENTED_EDGE('',*,*,#3362,.F.);
#2607=ORIENTED_EDGE('',*,*,#3442,.T.);
#2608=ORIENTED_EDGE('',*,*,#3584,.F.);
#2609=ORIENTED_EDGE('',*,*,#3585,.F.);
#2610=ORIENTED_EDGE('',*,*,#3365,.T.);
#2611=ORIENTED_EDGE('',*,*,#3459,.T.);
#2612=ORIENTED_EDGE('',*,*,#3586,.F.);
#2613=ORIENTED_EDGE('',*,*,#3587,.F.);
#2614=ORIENTED_EDGE('',*,*,#3584,.T.);
#2615=ORIENTED_EDGE('',*,*,#3458,.T.);
#2616=ORIENTED_EDGE('',*,*,#3588,.F.);
#2617=ORIENTED_EDGE('',*,*,#3589,.F.);
#2618=ORIENTED_EDGE('',*,*,#3586,.T.);
#2619=ORIENTED_EDGE('',*,*,#3457,.T.);
#2620=ORIENTED_EDGE('',*,*,#3343,.F.);
#2621=ORIENTED_EDGE('',*,*,#3590,.F.);
#2622=ORIENTED_EDGE('',*,*,#3588,.T.);
#2623=ORIENTED_EDGE('',*,*,#3591,.F.);
#2624=ORIENTED_EDGE('',*,*,#3366,.F.);
#2625=ORIENTED_EDGE('',*,*,#3585,.T.);
#2626=ORIENTED_EDGE('',*,*,#3587,.T.);
#2627=ORIENTED_EDGE('',*,*,#3589,.T.);
#2628=ORIENTED_EDGE('',*,*,#3590,.T.);
#2629=ORIENTED_EDGE('',*,*,#3342,.F.);
#2630=ORIENTED_EDGE('',*,*,#3420,.T.);
#2631=ORIENTED_EDGE('',*,*,#3592,.F.);
#2632=ORIENTED_EDGE('',*,*,#3593,.F.);
#2633=ORIENTED_EDGE('',*,*,#3347,.T.);
#2634=ORIENTED_EDGE('',*,*,#3419,.F.);
#2635=ORIENTED_EDGE('',*,*,#3594,.F.);
#2636=ORIENTED_EDGE('',*,*,#3595,.T.);
#2637=ORIENTED_EDGE('',*,*,#3592,.T.);
#2638=ORIENTED_EDGE('',*,*,#3418,.T.);
#2639=ORIENTED_EDGE('',*,*,#3596,.F.);
#2640=ORIENTED_EDGE('',*,*,#3597,.F.);
#2641=ORIENTED_EDGE('',*,*,#3594,.T.);
#2642=ORIENTED_EDGE('',*,*,#3417,.T.);
#2643=ORIENTED_EDGE('',*,*,#3598,.F.);
#2644=ORIENTED_EDGE('',*,*,#3599,.F.);
#2645=ORIENTED_EDGE('',*,*,#3596,.T.);
#2646=ORIENTED_EDGE('',*,*,#3416,.T.);
#2647=ORIENTED_EDGE('',*,*,#3600,.F.);
#2648=ORIENTED_EDGE('',*,*,#3601,.F.);
#2649=ORIENTED_EDGE('',*,*,#3598,.T.);
#2650=ORIENTED_EDGE('',*,*,#3415,.T.);
#2651=ORIENTED_EDGE('',*,*,#3602,.F.);
#2652=ORIENTED_EDGE('',*,*,#3603,.F.);
#2653=ORIENTED_EDGE('',*,*,#3600,.T.);
#2654=ORIENTED_EDGE('',*,*,#3414,.T.);
#2655=ORIENTED_EDGE('',*,*,#3604,.F.);
#2656=ORIENTED_EDGE('',*,*,#3605,.F.);
#2657=ORIENTED_EDGE('',*,*,#3602,.T.);
#2658=ORIENTED_EDGE('',*,*,#3413,.T.);
#2659=ORIENTED_EDGE('',*,*,#3606,.F.);
#2660=ORIENTED_EDGE('',*,*,#3607,.F.);
#2661=ORIENTED_EDGE('',*,*,#3604,.T.);
#2662=ORIENTED_EDGE('',*,*,#3412,.T.);
#2663=ORIENTED_EDGE('',*,*,#3608,.F.);
#2664=ORIENTED_EDGE('',*,*,#3609,.F.);
#2665=ORIENTED_EDGE('',*,*,#3606,.T.);
#2666=ORIENTED_EDGE('',*,*,#3411,.T.);
#2667=ORIENTED_EDGE('',*,*,#3610,.F.);
#2668=ORIENTED_EDGE('',*,*,#3611,.F.);
#2669=ORIENTED_EDGE('',*,*,#3608,.T.);
#2670=ORIENTED_EDGE('',*,*,#3410,.T.);
#2671=ORIENTED_EDGE('',*,*,#3369,.F.);
#2672=ORIENTED_EDGE('',*,*,#3612,.F.);
#2673=ORIENTED_EDGE('',*,*,#3610,.T.);
#2674=ORIENTED_EDGE('',*,*,#3613,.F.);
#2675=ORIENTED_EDGE('',*,*,#3340,.T.);
#2676=ORIENTED_EDGE('',*,*,#3593,.T.);
#2677=ORIENTED_EDGE('',*,*,#3595,.F.);
#2678=ORIENTED_EDGE('',*,*,#3597,.T.);
#2679=ORIENTED_EDGE('',*,*,#3599,.T.);
#2680=ORIENTED_EDGE('',*,*,#3601,.T.);
#2681=ORIENTED_EDGE('',*,*,#3603,.T.);
#2682=ORIENTED_EDGE('',*,*,#3605,.T.);
#2683=ORIENTED_EDGE('',*,*,#3607,.T.);
#2684=ORIENTED_EDGE('',*,*,#3609,.T.);
#2685=ORIENTED_EDGE('',*,*,#3611,.T.);
#2686=ORIENTED_EDGE('',*,*,#3612,.T.);
#2687=ORIENTED_EDGE('',*,*,#3368,.T.);
#2688=ORIENTED_EDGE('',*,*,#3591,.T.);
#2689=ORIENTED_EDGE('',*,*,#3341,.F.);
#2690=ORIENTED_EDGE('',*,*,#3613,.T.);
#2691=ORIENTED_EDGE('',*,*,#3367,.T.);
#2692=ORIENTED_EDGE('',*,*,#3531,.T.);
#2693=ORIENTED_EDGE('',*,*,#3382,.T.);
#2694=ORIENTED_EDGE('',*,*,#3583,.T.);
#2695=ORIENTED_EDGE('',*,*,#3361,.F.);
#2696=ORIENTED_EDGE('',*,*,#3506,.T.);
#2697=ORIENTED_EDGE('',*,*,#3372,.T.);
#2698=ORIENTED_EDGE('',*,*,#3575,.T.);
#2699=ORIENTED_EDGE('',*,*,#3349,.F.);
#2700=ORIENTED_EDGE('',*,*,#3558,.T.);
#2701=ORIENTED_EDGE('',*,*,#3355,.T.);
#2702=ORIENTED_EDGE('',*,*,#3567,.T.);
#2703=ORIENTED_EDGE('',*,*,#3462,.F.);
#2704=ORIENTED_EDGE('',*,*,#3321,.F.);
#2705=ORIENTED_EDGE('',*,*,#3614,.F.);
#2706=ORIENTED_EDGE('',*,*,#3615,.T.);
#2707=ORIENTED_EDGE('',*,*,#3616,.T.);
#2708=ORIENTED_EDGE('',*,*,#3320,.F.);
#2709=ORIENTED_EDGE('',*,*,#3617,.F.);
#2710=ORIENTED_EDGE('',*,*,#3618,.T.);
#2711=ORIENTED_EDGE('',*,*,#3614,.T.);
#2712=ORIENTED_EDGE('',*,*,#3327,.F.);
#2713=ORIENTED_EDGE('',*,*,#3619,.F.);
#2714=ORIENTED_EDGE('',*,*,#3620,.T.);
#2715=ORIENTED_EDGE('',*,*,#3617,.T.);
#2716=ORIENTED_EDGE('',*,*,#3326,.F.);
#2717=ORIENTED_EDGE('',*,*,#3621,.F.);
#2718=ORIENTED_EDGE('',*,*,#3622,.T.);
#2719=ORIENTED_EDGE('',*,*,#3619,.T.);
#2720=ORIENTED_EDGE('',*,*,#3325,.F.);
#2721=ORIENTED_EDGE('',*,*,#3623,.F.);
#2722=ORIENTED_EDGE('',*,*,#3624,.T.);
#2723=ORIENTED_EDGE('',*,*,#3621,.T.);
#2724=ORIENTED_EDGE('',*,*,#3324,.F.);
#2725=ORIENTED_EDGE('',*,*,#3625,.F.);
#2726=ORIENTED_EDGE('',*,*,#3626,.T.);
#2727=ORIENTED_EDGE('',*,*,#3623,.T.);
#2728=ORIENTED_EDGE('',*,*,#3323,.F.);
#2729=ORIENTED_EDGE('',*,*,#3627,.F.);
#2730=ORIENTED_EDGE('',*,*,#3628,.T.);
#2731=ORIENTED_EDGE('',*,*,#3625,.T.);
#2732=ORIENTED_EDGE('',*,*,#3322,.F.);
#2733=ORIENTED_EDGE('',*,*,#3616,.F.);
#2734=ORIENTED_EDGE('',*,*,#3629,.T.);
#2735=ORIENTED_EDGE('',*,*,#3627,.T.);
#2736=ORIENTED_EDGE('',*,*,#3615,.F.);
#2737=ORIENTED_EDGE('',*,*,#3618,.F.);
#2738=ORIENTED_EDGE('',*,*,#3620,.F.);
#2739=ORIENTED_EDGE('',*,*,#3622,.F.);
#2740=ORIENTED_EDGE('',*,*,#3624,.F.);
#2741=ORIENTED_EDGE('',*,*,#3626,.F.);
#2742=ORIENTED_EDGE('',*,*,#3628,.F.);
#2743=ORIENTED_EDGE('',*,*,#3629,.F.);
#2744=ORIENTED_EDGE('',*,*,#3630,.F.);
#2745=ORIENTED_EDGE('',*,*,#3631,.F.);
#2746=ORIENTED_EDGE('',*,*,#3632,.T.);
#2747=ORIENTED_EDGE('',*,*,#3633,.T.);
#2748=ORIENTED_EDGE('',*,*,#3634,.F.);
#2749=ORIENTED_EDGE('',*,*,#3635,.F.);
#2750=ORIENTED_EDGE('',*,*,#3636,.T.);
#2751=ORIENTED_EDGE('',*,*,#3631,.T.);
#2752=ORIENTED_EDGE('',*,*,#3637,.F.);
#2753=ORIENTED_EDGE('',*,*,#3638,.F.);
#2754=ORIENTED_EDGE('',*,*,#3639,.T.);
#2755=ORIENTED_EDGE('',*,*,#3635,.T.);
#2756=ORIENTED_EDGE('',*,*,#3640,.F.);
#2757=ORIENTED_EDGE('',*,*,#3641,.F.);
#2758=ORIENTED_EDGE('',*,*,#3642,.T.);
#2759=ORIENTED_EDGE('',*,*,#3638,.T.);
#2760=ORIENTED_EDGE('',*,*,#3643,.F.);
#2761=ORIENTED_EDGE('',*,*,#3644,.F.);
#2762=ORIENTED_EDGE('',*,*,#3645,.T.);
#2763=ORIENTED_EDGE('',*,*,#3641,.T.);
#2764=ORIENTED_EDGE('',*,*,#3297,.F.);
#2765=ORIENTED_EDGE('',*,*,#3646,.F.);
#2766=ORIENTED_EDGE('',*,*,#3647,.T.);
#2767=ORIENTED_EDGE('',*,*,#3648,.T.);
#2768=ORIENTED_EDGE('',*,*,#3296,.F.);
#2769=ORIENTED_EDGE('',*,*,#3649,.F.);
#2770=ORIENTED_EDGE('',*,*,#3650,.T.);
#2771=ORIENTED_EDGE('',*,*,#3646,.T.);
#2772=ORIENTED_EDGE('',*,*,#3307,.F.);
#2773=ORIENTED_EDGE('',*,*,#3651,.F.);
#2774=ORIENTED_EDGE('',*,*,#3652,.T.);
#2775=ORIENTED_EDGE('',*,*,#3649,.T.);
#2776=ORIENTED_EDGE('',*,*,#3306,.F.);
#2777=ORIENTED_EDGE('',*,*,#3653,.F.);
#2778=ORIENTED_EDGE('',*,*,#3654,.T.);
#2779=ORIENTED_EDGE('',*,*,#3651,.T.);
#2780=ORIENTED_EDGE('',*,*,#3305,.F.);
#2781=ORIENTED_EDGE('',*,*,#3655,.F.);
#2782=ORIENTED_EDGE('',*,*,#3656,.T.);
#2783=ORIENTED_EDGE('',*,*,#3653,.T.);
#2784=ORIENTED_EDGE('',*,*,#3304,.F.);
#2785=ORIENTED_EDGE('',*,*,#3657,.F.);
#2786=ORIENTED_EDGE('',*,*,#3658,.T.);
#2787=ORIENTED_EDGE('',*,*,#3655,.T.);
#2788=ORIENTED_EDGE('',*,*,#3303,.F.);
#2789=ORIENTED_EDGE('',*,*,#3659,.F.);
#2790=ORIENTED_EDGE('',*,*,#3660,.T.);
#2791=ORIENTED_EDGE('',*,*,#3657,.T.);
#2792=ORIENTED_EDGE('',*,*,#3302,.F.);
#2793=ORIENTED_EDGE('',*,*,#3661,.F.);
#2794=ORIENTED_EDGE('',*,*,#3662,.T.);
#2795=ORIENTED_EDGE('',*,*,#3659,.T.);
#2796=ORIENTED_EDGE('',*,*,#3301,.F.);
#2797=ORIENTED_EDGE('',*,*,#3663,.F.);
#2798=ORIENTED_EDGE('',*,*,#3664,.T.);
#2799=ORIENTED_EDGE('',*,*,#3661,.T.);
#2800=ORIENTED_EDGE('',*,*,#3300,.F.);
#2801=ORIENTED_EDGE('',*,*,#3665,.F.);
#2802=ORIENTED_EDGE('',*,*,#3666,.T.);
#2803=ORIENTED_EDGE('',*,*,#3663,.T.);
#2804=ORIENTED_EDGE('',*,*,#3299,.F.);
#2805=ORIENTED_EDGE('',*,*,#3667,.F.);
#2806=ORIENTED_EDGE('',*,*,#3668,.T.);
#2807=ORIENTED_EDGE('',*,*,#3665,.T.);
#2808=ORIENTED_EDGE('',*,*,#3298,.F.);
#2809=ORIENTED_EDGE('',*,*,#3648,.F.);
#2810=ORIENTED_EDGE('',*,*,#3669,.T.);
#2811=ORIENTED_EDGE('',*,*,#3667,.T.);
#2812=ORIENTED_EDGE('',*,*,#3670,.F.);
#2813=ORIENTED_EDGE('',*,*,#3633,.F.);
#2814=ORIENTED_EDGE('',*,*,#3671,.T.);
#2815=ORIENTED_EDGE('',*,*,#3644,.T.);
#2816=ORIENTED_EDGE('',*,*,#3647,.F.);
#2817=ORIENTED_EDGE('',*,*,#3650,.F.);
#2818=ORIENTED_EDGE('',*,*,#3652,.F.);
#2819=ORIENTED_EDGE('',*,*,#3654,.F.);
#2820=ORIENTED_EDGE('',*,*,#3656,.F.);
#2821=ORIENTED_EDGE('',*,*,#3658,.F.);
#2822=ORIENTED_EDGE('',*,*,#3660,.F.);
#2823=ORIENTED_EDGE('',*,*,#3662,.F.);
#2824=ORIENTED_EDGE('',*,*,#3664,.F.);
#2825=ORIENTED_EDGE('',*,*,#3666,.F.);
#2826=ORIENTED_EDGE('',*,*,#3668,.F.);
#2827=ORIENTED_EDGE('',*,*,#3669,.F.);
#2828=ORIENTED_EDGE('',*,*,#3632,.F.);
#2829=ORIENTED_EDGE('',*,*,#3636,.F.);
#2830=ORIENTED_EDGE('',*,*,#3639,.F.);
#2831=ORIENTED_EDGE('',*,*,#3642,.F.);
#2832=ORIENTED_EDGE('',*,*,#3645,.F.);
#2833=ORIENTED_EDGE('',*,*,#3671,.F.);
#2834=ORIENTED_EDGE('',*,*,#3672,.F.);
#2835=ORIENTED_EDGE('',*,*,#3673,.F.);
#2836=ORIENTED_EDGE('',*,*,#3674,.T.);
#2837=ORIENTED_EDGE('',*,*,#3675,.T.);
#2838=ORIENTED_EDGE('',*,*,#3676,.F.);
#2839=ORIENTED_EDGE('',*,*,#3677,.F.);
#2840=ORIENTED_EDGE('',*,*,#3678,.T.);
#2841=ORIENTED_EDGE('',*,*,#3673,.T.);
#2842=ORIENTED_EDGE('',*,*,#3679,.F.);
#2843=ORIENTED_EDGE('',*,*,#3680,.F.);
#2844=ORIENTED_EDGE('',*,*,#3681,.T.);
#2845=ORIENTED_EDGE('',*,*,#3677,.T.);
#2846=ORIENTED_EDGE('',*,*,#3682,.F.);
#2847=ORIENTED_EDGE('',*,*,#3683,.F.);
#2848=ORIENTED_EDGE('',*,*,#3684,.T.);
#2849=ORIENTED_EDGE('',*,*,#3680,.T.);
#2850=ORIENTED_EDGE('',*,*,#3685,.F.);
#2851=ORIENTED_EDGE('',*,*,#3686,.F.);
#2852=ORIENTED_EDGE('',*,*,#3687,.T.);
#2853=ORIENTED_EDGE('',*,*,#3683,.T.);
#2854=ORIENTED_EDGE('',*,*,#3688,.F.);
#2855=ORIENTED_EDGE('',*,*,#3689,.F.);
#2856=ORIENTED_EDGE('',*,*,#3690,.T.);
#2857=ORIENTED_EDGE('',*,*,#3691,.T.);
#2858=ORIENTED_EDGE('',*,*,#3692,.F.);
#2859=ORIENTED_EDGE('',*,*,#3693,.F.);
#2860=ORIENTED_EDGE('',*,*,#3694,.T.);
#2861=ORIENTED_EDGE('',*,*,#3689,.T.);
#2862=ORIENTED_EDGE('',*,*,#3695,.F.);
#2863=ORIENTED_EDGE('',*,*,#3696,.F.);
#2864=ORIENTED_EDGE('',*,*,#3697,.T.);
#2865=ORIENTED_EDGE('',*,*,#3693,.T.);
#2866=ORIENTED_EDGE('',*,*,#3698,.F.);
#2867=ORIENTED_EDGE('',*,*,#3699,.F.);
#2868=ORIENTED_EDGE('',*,*,#3700,.T.);
#2869=ORIENTED_EDGE('',*,*,#3696,.T.);
#2870=ORIENTED_EDGE('',*,*,#3701,.F.);
#2871=ORIENTED_EDGE('',*,*,#3702,.F.);
#2872=ORIENTED_EDGE('',*,*,#3703,.T.);
#2873=ORIENTED_EDGE('',*,*,#3699,.T.);
#2874=ORIENTED_EDGE('',*,*,#3704,.F.);
#2875=ORIENTED_EDGE('',*,*,#3705,.F.);
#2876=ORIENTED_EDGE('',*,*,#3706,.T.);
#2877=ORIENTED_EDGE('',*,*,#3702,.T.);
#2878=ORIENTED_EDGE('',*,*,#3329,.F.);
#2879=ORIENTED_EDGE('',*,*,#3707,.F.);
#2880=ORIENTED_EDGE('',*,*,#3708,.T.);
#2881=ORIENTED_EDGE('',*,*,#3709,.T.);
#2882=ORIENTED_EDGE('',*,*,#3328,.F.);
#2883=ORIENTED_EDGE('',*,*,#3710,.F.);
#2884=ORIENTED_EDGE('',*,*,#3711,.T.);
#2885=ORIENTED_EDGE('',*,*,#3707,.T.);
#2886=ORIENTED_EDGE('',*,*,#3339,.F.);
#2887=ORIENTED_EDGE('',*,*,#3712,.F.);
#2888=ORIENTED_EDGE('',*,*,#3713,.T.);
#2889=ORIENTED_EDGE('',*,*,#3710,.T.);
#2890=ORIENTED_EDGE('',*,*,#3338,.F.);
#2891=ORIENTED_EDGE('',*,*,#3714,.F.);
#2892=ORIENTED_EDGE('',*,*,#3715,.T.);
#2893=ORIENTED_EDGE('',*,*,#3712,.T.);
#2894=ORIENTED_EDGE('',*,*,#3337,.F.);
#2895=ORIENTED_EDGE('',*,*,#3716,.F.);
#2896=ORIENTED_EDGE('',*,*,#3717,.T.);
#2897=ORIENTED_EDGE('',*,*,#3714,.T.);
#2898=ORIENTED_EDGE('',*,*,#3336,.F.);
#2899=ORIENTED_EDGE('',*,*,#3718,.F.);
#2900=ORIENTED_EDGE('',*,*,#3719,.T.);
#2901=ORIENTED_EDGE('',*,*,#3716,.T.);
#2902=ORIENTED_EDGE('',*,*,#3335,.F.);
#2903=ORIENTED_EDGE('',*,*,#3720,.F.);
#2904=ORIENTED_EDGE('',*,*,#3721,.T.);
#2905=ORIENTED_EDGE('',*,*,#3718,.T.);
#2906=ORIENTED_EDGE('',*,*,#3334,.F.);
#2907=ORIENTED_EDGE('',*,*,#3722,.F.);
#2908=ORIENTED_EDGE('',*,*,#3723,.T.);
#2909=ORIENTED_EDGE('',*,*,#3720,.T.);
#2910=ORIENTED_EDGE('',*,*,#3333,.F.);
#2911=ORIENTED_EDGE('',*,*,#3724,.F.);
#2912=ORIENTED_EDGE('',*,*,#3725,.T.);
#2913=ORIENTED_EDGE('',*,*,#3722,.T.);
#2914=ORIENTED_EDGE('',*,*,#3332,.F.);
#2915=ORIENTED_EDGE('',*,*,#3726,.F.);
#2916=ORIENTED_EDGE('',*,*,#3727,.T.);
#2917=ORIENTED_EDGE('',*,*,#3724,.T.);
#2918=ORIENTED_EDGE('',*,*,#3331,.F.);
#2919=ORIENTED_EDGE('',*,*,#3728,.F.);
#2920=ORIENTED_EDGE('',*,*,#3729,.T.);
#2921=ORIENTED_EDGE('',*,*,#3726,.T.);
#2922=ORIENTED_EDGE('',*,*,#3730,.F.);
#2923=ORIENTED_EDGE('',*,*,#3691,.F.);
#2924=ORIENTED_EDGE('',*,*,#3731,.T.);
#2925=ORIENTED_EDGE('',*,*,#3705,.T.);
#2926=ORIENTED_EDGE('',*,*,#3330,.F.);
#2927=ORIENTED_EDGE('',*,*,#3709,.F.);
#2928=ORIENTED_EDGE('',*,*,#3732,.T.);
#2929=ORIENTED_EDGE('',*,*,#3728,.T.);
#2930=ORIENTED_EDGE('',*,*,#3733,.F.);
#2931=ORIENTED_EDGE('',*,*,#3675,.F.);
#2932=ORIENTED_EDGE('',*,*,#3734,.T.);
#2933=ORIENTED_EDGE('',*,*,#3686,.T.);
#2934=ORIENTED_EDGE('',*,*,#3708,.F.);
#2935=ORIENTED_EDGE('',*,*,#3711,.F.);
#2936=ORIENTED_EDGE('',*,*,#3713,.F.);
#2937=ORIENTED_EDGE('',*,*,#3715,.F.);
#2938=ORIENTED_EDGE('',*,*,#3717,.F.);
#2939=ORIENTED_EDGE('',*,*,#3719,.F.);
#2940=ORIENTED_EDGE('',*,*,#3721,.F.);
#2941=ORIENTED_EDGE('',*,*,#3723,.F.);
#2942=ORIENTED_EDGE('',*,*,#3725,.F.);
#2943=ORIENTED_EDGE('',*,*,#3727,.F.);
#2944=ORIENTED_EDGE('',*,*,#3729,.F.);
#2945=ORIENTED_EDGE('',*,*,#3732,.F.);
#2946=ORIENTED_EDGE('',*,*,#3690,.F.);
#2947=ORIENTED_EDGE('',*,*,#3694,.F.);
#2948=ORIENTED_EDGE('',*,*,#3697,.F.);
#2949=ORIENTED_EDGE('',*,*,#3700,.F.);
#2950=ORIENTED_EDGE('',*,*,#3703,.F.);
#2951=ORIENTED_EDGE('',*,*,#3706,.F.);
#2952=ORIENTED_EDGE('',*,*,#3731,.F.);
#2953=ORIENTED_EDGE('',*,*,#3674,.F.);
#2954=ORIENTED_EDGE('',*,*,#3678,.F.);
#2955=ORIENTED_EDGE('',*,*,#3681,.F.);
#2956=ORIENTED_EDGE('',*,*,#3684,.F.);
#2957=ORIENTED_EDGE('',*,*,#3687,.F.);
#2958=ORIENTED_EDGE('',*,*,#3734,.F.);
#2959=ORIENTED_EDGE('',*,*,#3692,.T.);
#2960=ORIENTED_EDGE('',*,*,#3688,.T.);
#2961=ORIENTED_EDGE('',*,*,#3730,.T.);
#2962=ORIENTED_EDGE('',*,*,#3704,.T.);
#2963=ORIENTED_EDGE('',*,*,#3701,.T.);
#2964=ORIENTED_EDGE('',*,*,#3698,.T.);
#2965=ORIENTED_EDGE('',*,*,#3695,.T.);
#2966=ORIENTED_EDGE('',*,*,#3634,.T.);
#2967=ORIENTED_EDGE('',*,*,#3630,.T.);
#2968=ORIENTED_EDGE('',*,*,#3670,.T.);
#2969=ORIENTED_EDGE('',*,*,#3643,.T.);
#2970=ORIENTED_EDGE('',*,*,#3640,.T.);
#2971=ORIENTED_EDGE('',*,*,#3637,.T.);
#2972=ORIENTED_EDGE('',*,*,#3676,.T.);
#2973=ORIENTED_EDGE('',*,*,#3672,.T.);
#2974=ORIENTED_EDGE('',*,*,#3733,.T.);
#2975=ORIENTED_EDGE('',*,*,#3685,.T.);
#2976=ORIENTED_EDGE('',*,*,#3682,.T.);
#2977=ORIENTED_EDGE('',*,*,#3679,.T.);
#2978=ORIENTED_EDGE('',*,*,#3735,.T.);
#2979=ORIENTED_EDGE('',*,*,#3736,.F.);
#2980=ORIENTED_EDGE('',*,*,#3735,.F.);
#2981=ORIENTED_EDGE('',*,*,#3736,.T.);
#2982=EDGE_CURVE('',#3737,#3737,#4243,.T.);
#2983=EDGE_CURVE('',#3738,#3738,#4244,.T.);
#2984=EDGE_CURVE('',#3739,#3740,#4245,.T.);
#2985=EDGE_CURVE('',#3739,#3741,#12,.T.);
#2986=EDGE_CURVE('',#3742,#3741,#4246,.T.);
#2987=EDGE_CURVE('',#3740,#3742,#13,.T.);
#2988=EDGE_CURVE('',#3743,#3744,#14,.T.);
#2989=EDGE_CURVE('',#3745,#3743,#15,.T.);
#2990=EDGE_CURVE('',#3741,#3745,#16,.T.);
#2991=EDGE_CURVE('',#3739,#3746,#17,.T.);
#2992=EDGE_CURVE('',#3746,#3747,#18,.T.);
#2993=EDGE_CURVE('',#3747,#3748,#19,.T.);
#2994=EDGE_CURVE('',#3748,#3744,#20,.T.);
#2995=EDGE_CURVE('',#3749,#3744,#4247,.T.);
#2996=EDGE_CURVE('',#3750,#3748,#4248,.T.);
#2997=EDGE_CURVE('',#3750,#3749,#21,.T.);
#2998=EDGE_CURVE('',#3749,#3751,#22,.T.);
#2999=EDGE_CURVE('',#3750,#3752,#23,.T.);
#3000=EDGE_CURVE('',#3753,#3752,#24,.T.);
#3001=EDGE_CURVE('',#3753,#3740,#25,.T.);
#3002=EDGE_CURVE('',#3754,#3742,#26,.T.);
#3003=EDGE_CURVE('',#3754,#3751,#27,.T.);
#3004=EDGE_CURVE('',#3747,#3755,#4249,.T.);
#3005=EDGE_CURVE('',#3756,#3755,#28,.T.);
#3006=EDGE_CURVE('',#3756,#3757,#29,.T.);
#3007=EDGE_CURVE('',#3757,#3758,#30,.T.);
#3008=EDGE_CURVE('',#3758,#3759,#31,.T.);
#3009=EDGE_CURVE('',#3759,#3760,#32,.T.);
#3010=EDGE_CURVE('',#3760,#3761,#33,.T.);
#3011=EDGE_CURVE('',#3761,#3762,#34,.T.);
#3012=EDGE_CURVE('',#3762,#3763,#35,.T.);
#3013=EDGE_CURVE('',#3763,#3764,#36,.T.);
#3014=EDGE_CURVE('',#3764,#3752,#4250,.T.);
#3015=EDGE_CURVE('',#3751,#3765,#4251,.T.);
#3016=EDGE_CURVE('',#3765,#3766,#37,.T.);
#3017=EDGE_CURVE('',#3766,#3767,#38,.T.);
#3018=EDGE_CURVE('',#3767,#3743,#39,.T.);
#3019=EDGE_CURVE('',#3754,#3768,#4252,.T.);
#3020=EDGE_CURVE('',#3768,#3765,#40,.T.);
#3021=EDGE_CURVE('',#3768,#3769,#41,.T.);
#3022=EDGE_CURVE('',#3769,#3766,#42,.T.);
#3023=EDGE_CURVE('',#3769,#3770,#43,.T.);
#3024=EDGE_CURVE('',#3770,#3767,#44,.T.);
#3025=EDGE_CURVE('',#3770,#3745,#45,.T.);
#3026=EDGE_CURVE('',#3746,#3771,#4253,.T.);
#3027=EDGE_CURVE('',#3771,#3755,#46,.T.);
#3028=EDGE_CURVE('',#3772,#3771,#47,.T.);
#3029=EDGE_CURVE('',#3772,#3756,#48,.T.);
#3030=EDGE_CURVE('',#3772,#3773,#49,.T.);
#3031=EDGE_CURVE('',#3773,#3757,#50,.T.);
#3032=EDGE_CURVE('',#3773,#3774,#51,.T.);
#3033=EDGE_CURVE('',#3774,#3758,#52,.T.);
#3034=EDGE_CURVE('',#3774,#3775,#53,.T.);
#3035=EDGE_CURVE('',#3775,#3759,#54,.T.);
#3036=EDGE_CURVE('',#3775,#3776,#55,.T.);
#3037=EDGE_CURVE('',#3776,#3760,#56,.T.);
#3038=EDGE_CURVE('',#3776,#3777,#57,.T.);
#3039=EDGE_CURVE('',#3777,#3761,#58,.T.);
#3040=EDGE_CURVE('',#3777,#3778,#59,.T.);
#3041=EDGE_CURVE('',#3778,#3762,#60,.T.);
#3042=EDGE_CURVE('',#3778,#3779,#61,.T.);
#3043=EDGE_CURVE('',#3779,#3763,#62,.T.);
#3044=EDGE_CURVE('',#3779,#3780,#63,.T.);
#3045=EDGE_CURVE('',#3780,#3764,#64,.T.);
#3046=EDGE_CURVE('',#3780,#3753,#4254,.T.);
#3047=EDGE_CURVE('',#3781,#3782,#65,.T.);
#3048=EDGE_CURVE('',#3783,#3781,#66,.T.);
#3049=EDGE_CURVE('',#3783,#3784,#67,.T.);
#3050=EDGE_CURVE('',#3784,#3782,#68,.T.);
#3051=EDGE_CURVE('',#3781,#3785,#69,.T.);
#3052=EDGE_CURVE('',#3786,#3785,#70,.T.);
#3053=EDGE_CURVE('',#3783,#3786,#71,.T.);
#3054=EDGE_CURVE('',#3785,#3787,#4255,.T.);
#3055=EDGE_CURVE('',#3788,#3787,#72,.T.);
#3056=EDGE_CURVE('',#3786,#3788,#4256,.T.);
#3057=EDGE_CURVE('',#3787,#3789,#73,.T.);
#3058=EDGE_CURVE('',#3790,#3789,#74,.T.);
#3059=EDGE_CURVE('',#3788,#3790,#75,.T.);
#3060=EDGE_CURVE('',#3791,#3789,#4257,.T.);
#3061=EDGE_CURVE('',#3792,#3791,#76,.T.);
#3062=EDGE_CURVE('',#3792,#3790,#4258,.T.);
#3063=EDGE_CURVE('',#3782,#3791,#77,.T.);
#3064=EDGE_CURVE('',#3784,#3792,#78,.T.);
#3065=EDGE_CURVE('',#3793,#3794,#4259,.T.);
#3066=EDGE_CURVE('',#3793,#3795,#79,.T.);
#3067=EDGE_CURVE('',#3796,#3795,#4260,.T.);
#3068=EDGE_CURVE('',#3794,#3796,#80,.T.);
#3069=EDGE_CURVE('',#3797,#3798,#81,.T.);
#3070=EDGE_CURVE('',#3799,#3798,#82,.T.);
#3071=EDGE_CURVE('',#3800,#3799,#83,.T.);
#3072=EDGE_CURVE('',#3801,#3800,#84,.T.);
#3073=EDGE_CURVE('',#3794,#3801,#85,.T.);
#3074=EDGE_CURVE('',#3796,#3802,#86,.T.);
#3075=EDGE_CURVE('',#3802,#3797,#87,.T.);
#3076=EDGE_CURVE('',#3803,#3798,#4261,.T.);
#3077=EDGE_CURVE('',#3804,#3803,#88,.T.);
#3078=EDGE_CURVE('',#3804,#3799,#4262,.T.);
#3079=EDGE_CURVE('',#3803,#3805,#89,.T.);
#3080=EDGE_CURVE('',#3806,#3805,#90,.T.);
#3081=EDGE_CURVE('',#3806,#3795,#91,.T.);
#3082=EDGE_CURVE('',#3807,#3793,#92,.T.);
#3083=EDGE_CURVE('',#3807,#3808,#93,.T.);
#3084=EDGE_CURVE('',#3804,#3808,#94,.T.);
#3085=EDGE_CURVE('',#3808,#3809,#4263,.T.);
#3086=EDGE_CURVE('',#3810,#3809,#95,.T.);
#3087=EDGE_CURVE('',#3811,#3810,#96,.T.);
#3088=EDGE_CURVE('',#3812,#3811,#97,.T.);
#3089=EDGE_CURVE('',#3813,#3812,#98,.T.);
#3090=EDGE_CURVE('',#3814,#3813,#99,.T.);
#3091=EDGE_CURVE('',#3815,#3814,#100,.T.);
#3092=EDGE_CURVE('',#3816,#3815,#101,.T.);
#3093=EDGE_CURVE('',#3816,#3817,#102,.T.);
#3094=EDGE_CURVE('',#3817,#3818,#103,.T.);
#3095=EDGE_CURVE('',#3819,#3818,#104,.T.);
#3096=EDGE_CURVE('',#3820,#3819,#105,.T.);
#3097=EDGE_CURVE('',#3820,#3821,#106,.T.);
#3098=EDGE_CURVE('',#3821,#3822,#4264,.T.);
#3099=EDGE_CURVE('',#3823,#3822,#107,.T.);
#3100=EDGE_CURVE('',#3823,#3824,#108,.T.);
#3101=EDGE_CURVE('',#3824,#3825,#109,.T.);
#3102=EDGE_CURVE('',#3825,#3800,#4265,.T.);
#3103=EDGE_CURVE('',#3797,#3826,#110,.T.);
#3104=EDGE_CURVE('',#3827,#3826,#111,.T.);
#3105=EDGE_CURVE('',#3828,#3827,#112,.T.);
#3106=EDGE_CURVE('',#3828,#3805,#4266,.T.);
#3107=EDGE_CURVE('',#3829,#3827,#113,.T.);
#3108=EDGE_CURVE('',#3830,#3829,#114,.T.);
#3109=EDGE_CURVE('',#3830,#3828,#115,.T.);
#3110=EDGE_CURVE('',#3830,#3806,#4267,.T.);
#3111=EDGE_CURVE('',#3802,#3831,#116,.T.);
#3112=EDGE_CURVE('',#3831,#3826,#117,.T.);
#3113=EDGE_CURVE('',#3829,#3831,#118,.T.);
#3114=EDGE_CURVE('',#3807,#3832,#4268,.T.);
#3115=EDGE_CURVE('',#3832,#3809,#119,.T.);
#3116=EDGE_CURVE('',#3833,#3832,#120,.T.);
#3117=EDGE_CURVE('',#3833,#3810,#121,.T.);
#3118=EDGE_CURVE('',#3834,#3833,#122,.T.);
#3119=EDGE_CURVE('',#3834,#3811,#123,.T.);
#3120=EDGE_CURVE('',#3835,#3834,#124,.T.);
#3121=EDGE_CURVE('',#3835,#3812,#125,.T.);
#3122=EDGE_CURVE('',#3836,#3835,#126,.T.);
#3123=EDGE_CURVE('',#3836,#3813,#127,.T.);
#3124=EDGE_CURVE('',#3837,#3836,#128,.T.);
#3125=EDGE_CURVE('',#3837,#3814,#129,.T.);
#3126=EDGE_CURVE('',#3838,#3837,#130,.T.);
#3127=EDGE_CURVE('',#3838,#3815,#131,.T.);
#3128=EDGE_CURVE('',#3839,#3838,#132,.T.);
#3129=EDGE_CURVE('',#3839,#3816,#133,.T.);
#3130=EDGE_CURVE('',#3839,#3840,#134,.T.);
#3131=EDGE_CURVE('',#3840,#3817,#135,.T.);
#3132=EDGE_CURVE('',#3840,#3841,#136,.T.);
#3133=EDGE_CURVE('',#3841,#3818,#137,.T.);
#3134=EDGE_CURVE('',#3842,#3841,#138,.T.);
#3135=EDGE_CURVE('',#3842,#3819,#139,.T.);
#3136=EDGE_CURVE('',#3843,#3842,#140,.T.);
#3137=EDGE_CURVE('',#3843,#3820,#141,.T.);
#3138=EDGE_CURVE('',#3843,#3844,#142,.T.);
#3139=EDGE_CURVE('',#3844,#3821,#143,.T.);
#3140=EDGE_CURVE('',#3844,#3845,#4269,.T.);
#3141=EDGE_CURVE('',#3845,#3822,#144,.T.);
#3142=EDGE_CURVE('',#3846,#3845,#145,.T.);
#3143=EDGE_CURVE('',#3846,#3823,#146,.T.);
#3144=EDGE_CURVE('',#3846,#3847,#147,.T.);
#3145=EDGE_CURVE('',#3847,#3824,#148,.T.);
#3146=EDGE_CURVE('',#3847,#3848,#149,.T.);
#3147=EDGE_CURVE('',#3848,#3825,#150,.T.);
#3148=EDGE_CURVE('',#3848,#3801,#4270,.T.);
#3149=EDGE_CURVE('',#3849,#3850,#4271,.T.);
#3150=EDGE_CURVE('',#3849,#3851,#151,.T.);
#3151=EDGE_CURVE('',#3852,#3851,#4272,.T.);
#3152=EDGE_CURVE('',#3850,#3852,#152,.T.);
#3153=EDGE_CURVE('',#3853,#3854,#153,.T.);
#3154=EDGE_CURVE('',#3855,#3853,#154,.T.);
#3155=EDGE_CURVE('',#3855,#3851,#155,.T.);
#3156=EDGE_CURVE('',#3856,#3849,#156,.T.);
#3157=EDGE_CURVE('',#3856,#3857,#157,.T.);
#3158=EDGE_CURVE('',#3857,#3858,#158,.T.);
#3159=EDGE_CURVE('',#3858,#3854,#159,.T.);
#3160=EDGE_CURVE('',#3859,#3854,#4273,.T.);
#3161=EDGE_CURVE('',#3860,#3858,#4274,.T.);
#3162=EDGE_CURVE('',#3860,#3859,#160,.T.);
#3163=EDGE_CURVE('',#3859,#3861,#161,.T.);
#3164=EDGE_CURVE('',#3860,#3862,#162,.T.);
#3165=EDGE_CURVE('',#3863,#3862,#163,.T.);
#3166=EDGE_CURVE('',#3850,#3863,#164,.T.);
#3167=EDGE_CURVE('',#3852,#3864,#165,.T.);
#3168=EDGE_CURVE('',#3864,#3861,#166,.T.);
#3169=EDGE_CURVE('',#3857,#3865,#4275,.T.);
#3170=EDGE_CURVE('',#3865,#3866,#167,.T.);
#3171=EDGE_CURVE('',#3867,#3866,#168,.T.);
#3172=EDGE_CURVE('',#3868,#3867,#169,.T.);
#3173=EDGE_CURVE('',#3868,#3869,#4276,.T.);
#3174=EDGE_CURVE('',#3870,#3869,#170,.T.);
#3175=EDGE_CURVE('',#3870,#3871,#171,.T.);
#3176=EDGE_CURVE('',#3871,#3872,#172,.T.);
#3177=EDGE_CURVE('',#3872,#3873,#173,.T.);
#3178=EDGE_CURVE('',#3873,#3874,#174,.T.);
#3179=EDGE_CURVE('',#3874,#3875,#175,.T.);
#3180=EDGE_CURVE('',#3875,#3876,#176,.T.);
#3181=EDGE_CURVE('',#3876,#3877,#177,.T.);
#3182=EDGE_CURVE('',#3877,#3878,#178,.T.);
#3183=EDGE_CURVE('',#3878,#3862,#4277,.T.);
#3184=EDGE_CURVE('',#3861,#3879,#4278,.T.);
#3185=EDGE_CURVE('',#3879,#3880,#179,.T.);
#3186=EDGE_CURVE('',#3880,#3881,#180,.T.);
#3187=EDGE_CURVE('',#3853,#3881,#181,.T.);
#3188=EDGE_CURVE('',#3864,#3882,#4279,.T.);
#3189=EDGE_CURVE('',#3882,#3879,#182,.T.);
#3190=EDGE_CURVE('',#3882,#3883,#183,.T.);
#3191=EDGE_CURVE('',#3883,#3880,#184,.T.);
#3192=EDGE_CURVE('',#3883,#3884,#185,.T.);
#3193=EDGE_CURVE('',#3884,#3881,#186,.T.);
#3194=EDGE_CURVE('',#3855,#3884,#187,.T.);
#3195=EDGE_CURVE('',#3856,#3885,#4280,.T.);
#3196=EDGE_CURVE('',#3885,#3865,#188,.T.);
#3197=EDGE_CURVE('',#3885,#3886,#189,.T.);
#3198=EDGE_CURVE('',#3886,#3866,#190,.T.);
#3199=EDGE_CURVE('',#3887,#3886,#191,.T.);
#3200=EDGE_CURVE('',#3887,#3867,#192,.T.);
#3201=EDGE_CURVE('',#3888,#3887,#193,.T.);
#3202=EDGE_CURVE('',#3888,#3868,#194,.T.);
#3203=EDGE_CURVE('',#3888,#3889,#4281,.T.);
#3204=EDGE_CURVE('',#3889,#3869,#195,.T.);
#3205=EDGE_CURVE('',#3890,#3889,#196,.T.);
#3206=EDGE_CURVE('',#3890,#3870,#197,.T.);
#3207=EDGE_CURVE('',#3890,#3891,#198,.T.);
#3208=EDGE_CURVE('',#3891,#3871,#199,.T.);
#3209=EDGE_CURVE('',#3891,#3892,#200,.T.);
#3210=EDGE_CURVE('',#3892,#3872,#201,.T.);
#3211=EDGE_CURVE('',#3892,#3893,#202,.T.);
#3212=EDGE_CURVE('',#3893,#3873,#203,.T.);
#3213=EDGE_CURVE('',#3893,#3894,#204,.T.);
#3214=EDGE_CURVE('',#3894,#3874,#205,.T.);
#3215=EDGE_CURVE('',#3894,#3895,#206,.T.);
#3216=EDGE_CURVE('',#3895,#3875,#207,.T.);
#3217=EDGE_CURVE('',#3895,#3896,#208,.T.);
#3218=EDGE_CURVE('',#3896,#3876,#209,.T.);
#3219=EDGE_CURVE('',#3896,#3897,#210,.T.);
#3220=EDGE_CURVE('',#3897,#3877,#211,.T.);
#3221=EDGE_CURVE('',#3897,#3898,#212,.T.);
#3222=EDGE_CURVE('',#3898,#3878,#213,.T.);
#3223=EDGE_CURVE('',#3898,#3863,#4282,.T.);
#3224=EDGE_CURVE('',#3899,#3900,#4283,.T.);
#3225=EDGE_CURVE('',#3899,#3901,#214,.T.);
#3226=EDGE_CURVE('',#3902,#3901,#4284,.T.);
#3227=EDGE_CURVE('',#3900,#3902,#215,.T.);
#3228=EDGE_CURVE('',#3903,#3904,#216,.T.);
#3229=EDGE_CURVE('',#3905,#3904,#217,.T.);
#3230=EDGE_CURVE('',#3906,#3905,#218,.T.);
#3231=EDGE_CURVE('',#3907,#3906,#219,.T.);
#3232=EDGE_CURVE('',#3907,#3900,#220,.T.);
#3233=EDGE_CURVE('',#3908,#3902,#221,.T.);
#3234=EDGE_CURVE('',#3908,#3903,#222,.T.);
#3235=EDGE_CURVE('',#3909,#3904,#4285,.T.);
#3236=EDGE_CURVE('',#3910,#3909,#223,.T.);
#3237=EDGE_CURVE('',#3910,#3905,#4286,.T.);
#3238=EDGE_CURVE('',#3909,#3911,#224,.T.);
#3239=EDGE_CURVE('',#3912,#3911,#225,.T.);
#3240=EDGE_CURVE('',#3901,#3912,#226,.T.);
#3241=EDGE_CURVE('',#3899,#3913,#227,.T.);
#3242=EDGE_CURVE('',#3913,#3914,#228,.T.);
#3243=EDGE_CURVE('',#3910,#3914,#229,.T.);
#3244=EDGE_CURVE('',#3914,#3915,#4287,.T.);
#3245=EDGE_CURVE('',#3916,#3915,#230,.T.);
#3246=EDGE_CURVE('',#3917,#3916,#231,.T.);
#3247=EDGE_CURVE('',#3918,#3917,#232,.T.);
#3248=EDGE_CURVE('',#3919,#3918,#233,.T.);
#3249=EDGE_CURVE('',#3920,#3919,#234,.T.);
#3250=EDGE_CURVE('',#3921,#3920,#235,.T.);
#3251=EDGE_CURVE('',#3921,#3922,#236,.T.);
#3252=EDGE_CURVE('',#3923,#3922,#237,.T.);
#3253=EDGE_CURVE('',#3924,#3923,#238,.T.);
#3254=EDGE_CURVE('',#3925,#3924,#239,.T.);
#3255=EDGE_CURVE('',#3926,#3925,#240,.T.);
#3256=EDGE_CURVE('',#3926,#3927,#241,.T.);
#3257=EDGE_CURVE('',#3927,#3906,#4288,.T.);
#3258=EDGE_CURVE('',#3928,#3903,#242,.T.);
#3259=EDGE_CURVE('',#3929,#3928,#243,.T.);
#3260=EDGE_CURVE('',#3930,#3929,#244,.T.);
#3261=EDGE_CURVE('',#3930,#3911,#4289,.T.);
#3262=EDGE_CURVE('',#3931,#3929,#245,.T.);
#3263=EDGE_CURVE('',#3932,#3931,#246,.T.);
#3264=EDGE_CURVE('',#3932,#3930,#247,.T.);
#3265=EDGE_CURVE('',#3932,#3912,#4290,.T.);
#3266=EDGE_CURVE('',#3933,#3908,#248,.T.);
#3267=EDGE_CURVE('',#3933,#3928,#249,.T.);
#3268=EDGE_CURVE('',#3931,#3933,#250,.T.);
#3269=EDGE_CURVE('',#3913,#3934,#4291,.T.);
#3270=EDGE_CURVE('',#3934,#3915,#251,.T.);
#3271=EDGE_CURVE('',#3935,#3934,#252,.T.);
#3272=EDGE_CURVE('',#3935,#3916,#253,.T.);
#3273=EDGE_CURVE('',#3936,#3935,#254,.T.);
#3274=EDGE_CURVE('',#3936,#3917,#255,.T.);
#3275=EDGE_CURVE('',#3937,#3936,#256,.T.);
#3276=EDGE_CURVE('',#3937,#3918,#257,.T.);
#3277=EDGE_CURVE('',#3938,#3937,#258,.T.);
#3278=EDGE_CURVE('',#3938,#3919,#259,.T.);
#3279=EDGE_CURVE('',#3939,#3938,#260,.T.);
#3280=EDGE_CURVE('',#3939,#3920,#261,.T.);
#3281=EDGE_CURVE('',#3940,#3939,#262,.T.);
#3282=EDGE_CURVE('',#3940,#3921,#263,.T.);
#3283=EDGE_CURVE('',#3940,#3941,#264,.T.);
#3284=EDGE_CURVE('',#3941,#3922,#265,.T.);
#3285=EDGE_CURVE('',#3942,#3941,#266,.T.);
#3286=EDGE_CURVE('',#3942,#3923,#267,.T.);
#3287=EDGE_CURVE('',#3943,#3942,#268,.T.);
#3288=EDGE_CURVE('',#3943,#3924,#269,.T.);
#3289=EDGE_CURVE('',#3944,#3943,#270,.T.);
#3290=EDGE_CURVE('',#3944,#3925,#271,.T.);
#3291=EDGE_CURVE('',#3945,#3944,#272,.T.);
#3292=EDGE_CURVE('',#3945,#3926,#273,.T.);
#3293=EDGE_CURVE('',#3945,#3946,#274,.T.);
#3294=EDGE_CURVE('',#3946,#3927,#275,.T.);
#3295=EDGE_CURVE('',#3946,#3907,#4292,.T.);
#3296=EDGE_CURVE('',#3947,#3948,#4293,.F.);
#3297=EDGE_CURVE('',#3948,#3949,#4294,.F.);
#3298=EDGE_CURVE('',#3949,#3950,#4295,.F.);
#3299=EDGE_CURVE('',#3950,#3951,#276,.T.);
#3300=EDGE_CURVE('',#3951,#3952,#277,.T.);
#3301=EDGE_CURVE('',#3952,#3953,#278,.T.);
#3302=EDGE_CURVE('',#3953,#3954,#279,.T.);
#3303=EDGE_CURVE('',#3954,#3955,#4296,.F.);
#3304=EDGE_CURVE('',#3955,#3956,#4297,.F.);
#3305=EDGE_CURVE('',#3956,#3957,#4298,.F.);
#3306=EDGE_CURVE('',#3957,#3958,#4299,.F.);
#3307=EDGE_CURVE('',#3958,#3947,#4300,.F.);
#3308=EDGE_CURVE('',#3959,#3960,#280,.T.);
#3309=EDGE_CURVE('',#3960,#3961,#281,.T.);
#3310=EDGE_CURVE('',#3961,#3962,#282,.T.);
#3311=EDGE_CURVE('',#3962,#3963,#283,.T.);
#3312=EDGE_CURVE('',#3964,#3963,#284,.T.);
#3313=EDGE_CURVE('',#3965,#3964,#285,.T.);
#3314=EDGE_CURVE('',#3965,#3966,#286,.T.);
#3315=EDGE_CURVE('',#3967,#3966,#287,.T.);
#3316=EDGE_CURVE('',#3967,#3968,#288,.T.);
#3317=EDGE_CURVE('',#3968,#3969,#289,.T.);
#3318=EDGE_CURVE('',#3969,#3970,#290,.T.);
#3319=EDGE_CURVE('',#3959,#3970,#291,.T.);
#3320=EDGE_CURVE('',#3971,#3972,#292,.T.);
#3321=EDGE_CURVE('',#3972,#3973,#293,.T.);
#3322=EDGE_CURVE('',#3973,#3974,#294,.T.);
#3323=EDGE_CURVE('',#3974,#3975,#295,.T.);
#3324=EDGE_CURVE('',#3975,#3976,#296,.T.);
#3325=EDGE_CURVE('',#3976,#3977,#297,.T.);
#3326=EDGE_CURVE('',#3977,#3978,#298,.T.);
#3327=EDGE_CURVE('',#3978,#3971,#299,.T.);
#3328=EDGE_CURVE('',#3979,#3980,#300,.T.);
#3329=EDGE_CURVE('',#3980,#3981,#301,.T.);
#3330=EDGE_CURVE('',#3981,#3982,#4301,.F.);
#3331=EDGE_CURVE('',#3982,#3983,#4302,.F.);
#3332=EDGE_CURVE('',#3983,#3984,#4303,.F.);
#3333=EDGE_CURVE('',#3984,#3985,#10,.T.);
#3334=EDGE_CURVE('',#3985,#3986,#302,.T.);
#3335=EDGE_CURVE('',#3986,#3987,#4304,.F.);
#3336=EDGE_CURVE('',#3987,#3988,#4305,.F.);
#3337=EDGE_CURVE('',#3988,#3989,#4306,.F.);
#3338=EDGE_CURVE('',#3989,#3990,#4307,.F.);
#3339=EDGE_CURVE('',#3990,#3979,#303,.T.);
#3340=EDGE_CURVE('',#3991,#3992,#304,.T.);
#3341=EDGE_CURVE('',#3991,#3993,#305,.T.);
#3342=EDGE_CURVE('',#3993,#3994,#306,.T.);
#3343=EDGE_CURVE('',#3994,#3995,#307,.T.);
#3344=EDGE_CURVE('',#3995,#3996,#308,.T.);
#3345=EDGE_CURVE('',#3997,#3996,#309,.T.);
#3346=EDGE_CURVE('',#3998,#3997,#310,.T.);
#3347=EDGE_CURVE('',#3992,#3998,#311,.T.);
#3348=EDGE_CURVE('',#3999,#4000,#312,.T.);
#3349=EDGE_CURVE('',#4000,#4001,#313,.T.);
#3350=EDGE_CURVE('',#4002,#4001,#314,.T.);
#3351=EDGE_CURVE('',#4002,#4003,#315,.T.);
#3352=EDGE_CURVE('',#4004,#4003,#316,.T.);
#3353=EDGE_CURVE('',#4005,#4004,#317,.T.);
#3354=EDGE_CURVE('',#4006,#4005,#318,.T.);
#3355=EDGE_CURVE('',#4007,#4006,#319,.T.);
#3356=EDGE_CURVE('',#4007,#4008,#320,.T.);
#3357=EDGE_CURVE('',#4008,#4009,#321,.T.);
#3358=EDGE_CURVE('',#4009,#4010,#322,.T.);
#3359=EDGE_CURVE('',#3999,#4010,#323,.T.);
#3360=EDGE_CURVE('',#4011,#4012,#324,.T.);
#3361=EDGE_CURVE('',#4011,#4013,#325,.T.);
#3362=EDGE_CURVE('',#4013,#4014,#326,.T.);
#3363=EDGE_CURVE('',#4014,#4015,#327,.T.);
#3364=EDGE_CURVE('',#4015,#4016,#328,.T.);
#3365=EDGE_CURVE('',#4017,#4016,#329,.T.);
#3366=EDGE_CURVE('',#4017,#4018,#330,.T.);
#3367=EDGE_CURVE('',#4019,#4018,#331,.T.);
#3368=EDGE_CURVE('',#4020,#4019,#332,.T.);
#3369=EDGE_CURVE('',#4020,#4021,#333,.T.);
#3370=EDGE_CURVE('',#4022,#4021,#334,.T.);
#3371=EDGE_CURVE('',#4012,#4022,#335,.T.);
#3372=EDGE_CURVE('',#4023,#4024,#336,.T.);
#3373=EDGE_CURVE('',#4023,#4025,#337,.T.);
#3374=EDGE_CURVE('',#4025,#4026,#338,.T.);
#3375=EDGE_CURVE('',#4026,#4027,#339,.T.);
#3376=EDGE_CURVE('',#4027,#4028,#340,.T.);
#3377=EDGE_CURVE('',#4029,#4028,#341,.T.);
#3378=EDGE_CURVE('',#4030,#4029,#342,.T.);
#3379=EDGE_CURVE('',#4024,#4030,#343,.T.);
#3380=EDGE_CURVE('',#4031,#4031,#4308,.T.);
#3381=EDGE_CURVE('',#4032,#4032,#4309,.T.);
#3382=EDGE_CURVE('',#4033,#4034,#344,.T.);
#3383=EDGE_CURVE('',#4035,#4033,#345,.T.);
#3384=EDGE_CURVE('',#4035,#4036,#346,.T.);
#3385=EDGE_CURVE('',#3965,#4036,#347,.T.);
#3386=EDGE_CURVE('',#3964,#4037,#348,.T.);
#3387=EDGE_CURVE('',#4038,#4037,#349,.T.);
#3388=EDGE_CURVE('',#4038,#4034,#350,.T.);
#3389=EDGE_CURVE('',#4010,#4039,#4310,.T.);
#3390=EDGE_CURVE('',#4040,#4009,#4311,.T.);
#3391=EDGE_CURVE('',#4041,#4040,#351,.T.);
#3392=EDGE_CURVE('',#4042,#4041,#352,.T.);
#3393=EDGE_CURVE('',#4043,#4042,#353,.T.);
#3394=EDGE_CURVE('',#4044,#4043,#354,.T.);
#3395=EDGE_CURVE('',#4045,#4044,#355,.T.);
#3396=EDGE_CURVE('',#4046,#4045,#356,.T.);
#3397=EDGE_CURVE('',#4047,#4046,#357,.T.);
#3398=EDGE_CURVE('',#4048,#4047,#358,.T.);
#3399=EDGE_CURVE('',#4048,#4049,#359,.T.);
#3400=EDGE_CURVE('',#4050,#4049,#4312,.T.);
#3401=EDGE_CURVE('',#4050,#3970,#360,.T.);
#3402=EDGE_CURVE('',#4051,#3969,#361,.T.);
#3403=EDGE_CURVE('',#4051,#4052,#362,.T.);
#3404=EDGE_CURVE('',#4052,#4053,#363,.T.);
#3405=EDGE_CURVE('',#4053,#4054,#364,.T.);
#3406=EDGE_CURVE('',#4054,#4055,#365,.T.);
#3407=EDGE_CURVE('',#4055,#4056,#366,.T.);
#3408=EDGE_CURVE('',#4056,#4057,#367,.T.);
#3409=EDGE_CURVE('',#4022,#4057,#4313,.T.);
#3410=EDGE_CURVE('',#4058,#4021,#4314,.T.);
#3411=EDGE_CURVE('',#4059,#4058,#368,.T.);
#3412=EDGE_CURVE('',#4060,#4059,#369,.T.);
#3413=EDGE_CURVE('',#4061,#4060,#370,.T.);
#3414=EDGE_CURVE('',#4062,#4061,#371,.T.);
#3415=EDGE_CURVE('',#4063,#4062,#372,.T.);
#3416=EDGE_CURVE('',#4064,#4063,#373,.T.);
#3417=EDGE_CURVE('',#4065,#4064,#374,.T.);
#3418=EDGE_CURVE('',#4066,#4065,#375,.T.);
#3419=EDGE_CURVE('',#4066,#4067,#376,.T.);
#3420=EDGE_CURVE('',#3998,#4067,#4315,.T.);
#3421=EDGE_CURVE('',#3997,#4068,#377,.T.);
#3422=EDGE_CURVE('',#4068,#4069,#378,.T.);
#3423=EDGE_CURVE('',#4069,#4070,#379,.T.);
#3424=EDGE_CURVE('',#4070,#4071,#380,.T.);
#3425=EDGE_CURVE('',#4071,#4072,#381,.T.);
#3426=EDGE_CURVE('',#4072,#4073,#382,.T.);
#3427=EDGE_CURVE('',#4073,#4074,#383,.T.);
#3428=EDGE_CURVE('',#4074,#4039,#384,.T.);
#3429=EDGE_CURVE('',#4075,#4076,#385,.T.);
#3430=EDGE_CURVE('',#4075,#4077,#386,.T.);
#3431=EDGE_CURVE('',#4077,#4078,#387,.T.);
#3432=EDGE_CURVE('',#4079,#4078,#4316,.T.);
#3433=EDGE_CURVE('',#4080,#4079,#388,.T.);
#3434=EDGE_CURVE('',#4080,#4081,#389,.T.);
#3435=EDGE_CURVE('',#4081,#4076,#390,.T.);
#3436=EDGE_CURVE('',#4082,#4083,#391,.T.);
#3437=EDGE_CURVE('',#4082,#4027,#392,.T.);
#3438=EDGE_CURVE('',#4083,#4026,#4317,.T.);
#3439=EDGE_CURVE('',#4084,#4085,#4318,.T.);
#3440=EDGE_CURVE('',#3962,#4084,#393,.T.);
#3441=EDGE_CURVE('',#4085,#3961,#394,.T.);
#3442=EDGE_CURVE('',#4016,#4086,#4319,.T.);
#3443=EDGE_CURVE('',#4087,#4015,#4320,.T.);
#3444=EDGE_CURVE('',#4087,#4088,#395,.T.);
#3445=EDGE_CURVE('',#4088,#4089,#396,.T.);
#3446=EDGE_CURVE('',#4089,#4037,#397,.T.);
#3447=EDGE_CURVE('',#3963,#4090,#398,.T.);
#3448=EDGE_CURVE('',#4090,#4091,#399,.T.);
#3449=EDGE_CURVE('',#4092,#4091,#400,.T.);
#3450=EDGE_CURVE('',#4093,#4092,#401,.T.);
#3451=EDGE_CURVE('',#4004,#4093,#4321,.T.);
#3452=EDGE_CURVE('',#4094,#4003,#4322,.T.);
#3453=EDGE_CURVE('',#4094,#4095,#402,.T.);
#3454=EDGE_CURVE('',#4095,#4096,#403,.T.);
#3455=EDGE_CURVE('',#4029,#4096,#404,.T.);
#3456=EDGE_CURVE('',#3996,#4028,#405,.T.);
#3457=EDGE_CURVE('',#4097,#3995,#406,.T.);
#3458=EDGE_CURVE('',#4098,#4097,#407,.T.);
#3459=EDGE_CURVE('',#4086,#4098,#408,.T.);
#3460=EDGE_CURVE('',#4099,#4099,#4323,.T.);
#3461=EDGE_CURVE('',#4100,#4101,#409,.T.);
#3462=EDGE_CURVE('',#4101,#4102,#410,.T.);
#3463=EDGE_CURVE('',#4103,#4102,#411,.T.);
#3464=EDGE_CURVE('',#4103,#4090,#412,.T.);
#3465=EDGE_CURVE('',#4100,#4084,#413,.T.);
#3466=EDGE_CURVE('',#4104,#4105,#414,.T.);
#3467=EDGE_CURVE('',#4105,#3966,#415,.T.);
#3468=EDGE_CURVE('',#4106,#4036,#4324,.T.);
#3469=EDGE_CURVE('',#4107,#4106,#416,.T.);
#3470=EDGE_CURVE('',#4107,#4104,#417,.T.);
#3471=EDGE_CURVE('',#4108,#4109,#418,.T.);
#3472=EDGE_CURVE('',#4108,#4068,#419,.T.);
#3473=EDGE_CURVE('',#4110,#4082,#420,.T.);
#3474=EDGE_CURVE('',#4111,#4110,#421,.T.);
#3475=EDGE_CURVE('',#4111,#4077,#422,.T.);
#3476=EDGE_CURVE('',#4109,#4075,#423,.T.);
#3477=EDGE_CURVE('',#4112,#4039,#424,.T.);
#3478=EDGE_CURVE('',#3999,#4112,#4325,.T.);
#3479=EDGE_CURVE('',#4113,#4074,#425,.T.);
#3480=EDGE_CURVE('',#4113,#4112,#426,.T.);
#3481=EDGE_CURVE('',#4114,#4073,#427,.T.);
#3482=EDGE_CURVE('',#4114,#4113,#428,.T.);
#3483=EDGE_CURVE('',#4115,#4072,#429,.T.);
#3484=EDGE_CURVE('',#4115,#4114,#430,.T.);
#3485=EDGE_CURVE('',#4116,#4071,#431,.T.);
#3486=EDGE_CURVE('',#4116,#4115,#432,.T.);
#3487=EDGE_CURVE('',#4117,#4070,#433,.T.);
#3488=EDGE_CURVE('',#4117,#4116,#434,.T.);
#3489=EDGE_CURVE('',#4118,#4069,#435,.T.);
#3490=EDGE_CURVE('',#4118,#4117,#436,.T.);
#3491=EDGE_CURVE('',#4108,#4118,#437,.T.);
#3492=EDGE_CURVE('',#4119,#4076,#438,.T.);
#3493=EDGE_CURVE('',#4109,#4119,#439,.T.);
#3494=EDGE_CURVE('',#4120,#4081,#440,.T.);
#3495=EDGE_CURVE('',#4120,#4119,#441,.T.);
#3496=EDGE_CURVE('',#4121,#4080,#442,.T.);
#3497=EDGE_CURVE('',#4121,#4120,#443,.T.);
#3498=EDGE_CURVE('',#4122,#4079,#444,.T.);
#3499=EDGE_CURVE('',#4121,#4122,#445,.T.);
#3500=EDGE_CURVE('',#4123,#4078,#446,.T.);
#3501=EDGE_CURVE('',#4122,#4123,#4326,.T.);
#3502=EDGE_CURVE('',#4111,#4123,#447,.T.);
#3503=EDGE_CURVE('',#4124,#4083,#448,.T.);
#3504=EDGE_CURVE('',#4110,#4124,#449,.T.);
#3505=EDGE_CURVE('',#4124,#4025,#4327,.T.);
#3506=EDGE_CURVE('',#4000,#4023,#4328,.T.);
#3507=EDGE_CURVE('',#4125,#4057,#450,.T.);
#3508=EDGE_CURVE('',#4012,#4125,#4329,.T.);
#3509=EDGE_CURVE('',#4126,#4056,#451,.T.);
#3510=EDGE_CURVE('',#4126,#4125,#452,.T.);
#3511=EDGE_CURVE('',#4127,#4055,#453,.T.);
#3512=EDGE_CURVE('',#4127,#4126,#454,.T.);
#3513=EDGE_CURVE('',#4128,#4054,#455,.T.);
#3514=EDGE_CURVE('',#4128,#4127,#456,.T.);
#3515=EDGE_CURVE('',#4129,#4053,#457,.T.);
#3516=EDGE_CURVE('',#4129,#4128,#458,.T.);
#3517=EDGE_CURVE('',#4130,#4052,#459,.T.);
#3518=EDGE_CURVE('',#4130,#4129,#460,.T.);
#3519=EDGE_CURVE('',#4131,#4051,#461,.T.);
#3520=EDGE_CURVE('',#4131,#4130,#462,.T.);
#3521=EDGE_CURVE('',#4131,#3968,#463,.T.);
#3522=EDGE_CURVE('',#4132,#4105,#464,.T.);
#3523=EDGE_CURVE('',#4132,#3967,#465,.T.);
#3524=EDGE_CURVE('',#4133,#4104,#466,.T.);
#3525=EDGE_CURVE('',#4133,#4132,#467,.T.);
#3526=EDGE_CURVE('',#4134,#4107,#468,.T.);
#3527=EDGE_CURVE('',#4134,#4133,#469,.T.);
#3528=EDGE_CURVE('',#4135,#4106,#470,.T.);
#3529=EDGE_CURVE('',#4134,#4135,#471,.T.);
#3530=EDGE_CURVE('',#4135,#4035,#4330,.T.);
#3531=EDGE_CURVE('',#4011,#4033,#4331,.T.);
#3532=EDGE_CURVE('',#4136,#4085,#472,.T.);
#3533=EDGE_CURVE('',#4100,#4136,#4332,.T.);
#3534=EDGE_CURVE('',#4136,#3960,#473,.T.);
#3535=EDGE_CURVE('',#4137,#4050,#474,.T.);
#3536=EDGE_CURVE('',#4137,#3959,#475,.T.);
#3537=EDGE_CURVE('',#4138,#4049,#476,.T.);
#3538=EDGE_CURVE('',#4137,#4138,#4333,.T.);
#3539=EDGE_CURVE('',#4139,#4048,#477,.T.);
#3540=EDGE_CURVE('',#4139,#4138,#478,.T.);
#3541=EDGE_CURVE('',#4140,#4047,#479,.T.);
#3542=EDGE_CURVE('',#4139,#4140,#480,.T.);
#3543=EDGE_CURVE('',#4141,#4046,#481,.T.);
#3544=EDGE_CURVE('',#4140,#4141,#482,.T.);
#3545=EDGE_CURVE('',#4142,#4045,#483,.T.);
#3546=EDGE_CURVE('',#4141,#4142,#484,.T.);
#3547=EDGE_CURVE('',#4143,#4044,#485,.T.);
#3548=EDGE_CURVE('',#4142,#4143,#486,.T.);
#3549=EDGE_CURVE('',#4144,#4043,#487,.T.);
#3550=EDGE_CURVE('',#4143,#4144,#488,.T.);
#3551=EDGE_CURVE('',#4145,#4042,#489,.T.);
#3552=EDGE_CURVE('',#4144,#4145,#490,.T.);
#3553=EDGE_CURVE('',#4146,#4041,#491,.T.);
#3554=EDGE_CURVE('',#4145,#4146,#492,.T.);
#3555=EDGE_CURVE('',#4147,#4040,#493,.T.);
#3556=EDGE_CURVE('',#4146,#4147,#494,.T.);
#3557=EDGE_CURVE('',#4147,#4008,#4334,.T.);
#3558=EDGE_CURVE('',#4101,#4007,#4335,.T.);
#3559=EDGE_CURVE('',#4148,#4148,#4336,.T.);
#3560=EDGE_CURVE('',#4149,#4093,#495,.T.);
#3561=EDGE_CURVE('',#4005,#4149,#4337,.T.);
#3562=EDGE_CURVE('',#4150,#4092,#496,.T.);
#3563=EDGE_CURVE('',#4149,#4150,#497,.T.);
#3564=EDGE_CURVE('',#4151,#4091,#498,.T.);
#3565=EDGE_CURVE('',#4150,#4151,#499,.T.);
#3566=EDGE_CURVE('',#4103,#4151,#500,.T.);
#3567=EDGE_CURVE('',#4006,#4102,#4338,.T.);
#3568=EDGE_CURVE('',#4152,#4094,#501,.T.);
#3569=EDGE_CURVE('',#4152,#4153,#502,.T.);
#3570=EDGE_CURVE('',#4153,#4095,#503,.T.);
#3571=EDGE_CURVE('',#4152,#4002,#4339,.T.);
#3572=EDGE_CURVE('',#4154,#4096,#504,.T.);
#3573=EDGE_CURVE('',#4030,#4154,#505,.T.);
#3574=EDGE_CURVE('',#4153,#4154,#506,.T.);
#3575=EDGE_CURVE('',#4024,#4001,#4340,.T.);
#3576=EDGE_CURVE('',#4155,#4087,#507,.T.);
#3577=EDGE_CURVE('',#4155,#4156,#508,.T.);
#3578=EDGE_CURVE('',#4156,#4088,#509,.T.);
#3579=EDGE_CURVE('',#4155,#4014,#4341,.T.);
#3580=EDGE_CURVE('',#4157,#4089,#510,.T.);
#3581=EDGE_CURVE('',#4157,#4038,#511,.T.);
#3582=EDGE_CURVE('',#4156,#4157,#512,.T.);
#3583=EDGE_CURVE('',#4034,#4013,#4342,.T.);
#3584=EDGE_CURVE('',#4158,#4086,#513,.T.);
#3585=EDGE_CURVE('',#4017,#4158,#4343,.T.);
#3586=EDGE_CURVE('',#4159,#4098,#514,.T.);
#3587=EDGE_CURVE('',#4158,#4159,#515,.T.);
#3588=EDGE_CURVE('',#4160,#4097,#516,.T.);
#3589=EDGE_CURVE('',#4159,#4160,#517,.T.);
#3590=EDGE_CURVE('',#4160,#3994,#518,.T.);
#3591=EDGE_CURVE('',#4018,#3993,#4344,.T.);
#3592=EDGE_CURVE('',#4161,#4067,#519,.T.);
#3593=EDGE_CURVE('',#3992,#4161,#4345,.T.);
#3594=EDGE_CURVE('',#4162,#4066,#520,.T.);
#3595=EDGE_CURVE('',#4162,#4161,#521,.T.);
#3596=EDGE_CURVE('',#4163,#4065,#522,.T.);
#3597=EDGE_CURVE('',#4162,#4163,#523,.T.);
#3598=EDGE_CURVE('',#4164,#4064,#524,.T.);
#3599=EDGE_CURVE('',#4163,#4164,#525,.T.);
#3600=EDGE_CURVE('',#4165,#4063,#526,.T.);
#3601=EDGE_CURVE('',#4164,#4165,#527,.T.);
#3602=EDGE_CURVE('',#4166,#4062,#528,.T.);
#3603=EDGE_CURVE('',#4165,#4166,#529,.T.);
#3604=EDGE_CURVE('',#4167,#4061,#530,.T.);
#3605=EDGE_CURVE('',#4166,#4167,#531,.T.);
#3606=EDGE_CURVE('',#4168,#4060,#532,.T.);
#3607=EDGE_CURVE('',#4167,#4168,#533,.T.);
#3608=EDGE_CURVE('',#4169,#4059,#534,.T.);
#3609=EDGE_CURVE('',#4168,#4169,#535,.T.);
#3610=EDGE_CURVE('',#4170,#4058,#536,.T.);
#3611=EDGE_CURVE('',#4169,#4170,#537,.T.);
#3612=EDGE_CURVE('',#4170,#4020,#4346,.T.);
#3613=EDGE_CURVE('',#3991,#4019,#4347,.T.);
#3614=EDGE_CURVE('',#4171,#3972,#538,.T.);
#3615=EDGE_CURVE('',#4171,#4172,#539,.T.);
#3616=EDGE_CURVE('',#4172,#3973,#540,.T.);
#3617=EDGE_CURVE('',#4173,#3971,#541,.T.);
#3618=EDGE_CURVE('',#4173,#4171,#542,.T.);
#3619=EDGE_CURVE('',#4174,#3978,#543,.T.);
#3620=EDGE_CURVE('',#4174,#4173,#544,.T.);
#3621=EDGE_CURVE('',#4175,#3977,#545,.T.);
#3622=EDGE_CURVE('',#4175,#4174,#546,.T.);
#3623=EDGE_CURVE('',#4176,#3976,#547,.T.);
#3624=EDGE_CURVE('',#4176,#4175,#548,.T.);
#3625=EDGE_CURVE('',#4177,#3975,#549,.T.);
#3626=EDGE_CURVE('',#4177,#4176,#550,.T.);
#3627=EDGE_CURVE('',#4178,#3974,#551,.T.);
#3628=EDGE_CURVE('',#4178,#4177,#552,.T.);
#3629=EDGE_CURVE('',#4172,#4178,#553,.T.);
#3630=EDGE_CURVE('',#4179,#4180,#4348,.T.);
#3631=EDGE_CURVE('',#4181,#4179,#554,.T.);
#3632=EDGE_CURVE('',#4181,#4182,#4349,.T.);
#3633=EDGE_CURVE('',#4182,#4180,#555,.T.);
#3634=EDGE_CURVE('',#4183,#4179,#4350,.T.);
#3635=EDGE_CURVE('',#4184,#4183,#556,.T.);
#3636=EDGE_CURVE('',#4184,#4181,#4351,.T.);
#3637=EDGE_CURVE('',#4185,#4183,#4352,.T.);
#3638=EDGE_CURVE('',#4186,#4185,#557,.T.);
#3639=EDGE_CURVE('',#4186,#4184,#4353,.T.);
#3640=EDGE_CURVE('',#4187,#4185,#4354,.T.);
#3641=EDGE_CURVE('',#4188,#4187,#558,.T.);
#3642=EDGE_CURVE('',#4188,#4186,#4355,.T.);
#3643=EDGE_CURVE('',#4189,#4187,#4356,.T.);
#3644=EDGE_CURVE('',#4190,#4189,#559,.T.);
#3645=EDGE_CURVE('',#4190,#4188,#4357,.T.);
#3646=EDGE_CURVE('',#4191,#3948,#560,.T.);
#3647=EDGE_CURVE('',#4191,#4192,#4358,.F.);
#3648=EDGE_CURVE('',#4192,#3949,#561,.T.);
#3649=EDGE_CURVE('',#4193,#3947,#562,.T.);
#3650=EDGE_CURVE('',#4193,#4191,#4359,.F.);
#3651=EDGE_CURVE('',#4194,#3958,#563,.T.);
#3652=EDGE_CURVE('',#4194,#4193,#4360,.F.);
#3653=EDGE_CURVE('',#4195,#3957,#564,.T.);
#3654=EDGE_CURVE('',#4195,#4194,#4361,.F.);
#3655=EDGE_CURVE('',#4196,#3956,#565,.T.);
#3656=EDGE_CURVE('',#4196,#4195,#4362,.F.);
#3657=EDGE_CURVE('',#4197,#3955,#566,.T.);
#3658=EDGE_CURVE('',#4197,#4196,#4363,.F.);
#3659=EDGE_CURVE('',#4198,#3954,#567,.T.);
#3660=EDGE_CURVE('',#4198,#4197,#4364,.F.);
#3661=EDGE_CURVE('',#4199,#3953,#568,.T.);
#3662=EDGE_CURVE('',#4199,#4198,#569,.T.);
#3663=EDGE_CURVE('',#4200,#3952,#570,.T.);
#3664=EDGE_CURVE('',#4200,#4199,#571,.T.);
#3665=EDGE_CURVE('',#4201,#3951,#572,.T.);
#3666=EDGE_CURVE('',#4201,#4200,#573,.T.);
#3667=EDGE_CURVE('',#4202,#3950,#574,.T.);
#3668=EDGE_CURVE('',#4202,#4201,#575,.T.);
#3669=EDGE_CURVE('',#4192,#4202,#4365,.F.);
#3670=EDGE_CURVE('',#4180,#4189,#4366,.T.);
#3671=EDGE_CURVE('',#4182,#4190,#4367,.T.);
#3672=EDGE_CURVE('',#4203,#4204,#576,.T.);
#3673=EDGE_CURVE('',#4205,#4203,#577,.T.);
#3674=EDGE_CURVE('',#4205,#4206,#578,.T.);
#3675=EDGE_CURVE('',#4206,#4204,#579,.T.);
#3676=EDGE_CURVE('',#4207,#4203,#580,.T.);
#3677=EDGE_CURVE('',#4208,#4207,#581,.T.);
#3678=EDGE_CURVE('',#4208,#4205,#582,.T.);
#3679=EDGE_CURVE('',#4209,#4207,#4368,.T.);
#3680=EDGE_CURVE('',#4210,#4209,#583,.T.);
#3681=EDGE_CURVE('',#4210,#4208,#4369,.T.);
#3682=EDGE_CURVE('',#4211,#4209,#4370,.T.);
#3683=EDGE_CURVE('',#4212,#4211,#584,.T.);
#3684=EDGE_CURVE('',#4212,#4210,#4371,.T.);
#3685=EDGE_CURVE('',#4213,#4211,#4372,.T.);
#3686=EDGE_CURVE('',#4214,#4213,#585,.T.);
#3687=EDGE_CURVE('',#4214,#4212,#4373,.T.);
#3688=EDGE_CURVE('',#4215,#4216,#586,.T.);
#3689=EDGE_CURVE('',#4217,#4215,#587,.T.);
#3690=EDGE_CURVE('',#4217,#4218,#588,.T.);
#3691=EDGE_CURVE('',#4218,#4216,#589,.T.);
#3692=EDGE_CURVE('',#4219,#4215,#590,.T.);
#3693=EDGE_CURVE('',#4220,#4219,#591,.T.);
#3694=EDGE_CURVE('',#4220,#4217,#592,.T.);
#3695=EDGE_CURVE('',#4221,#4219,#593,.T.);
#3696=EDGE_CURVE('',#4222,#4221,#594,.T.);
#3697=EDGE_CURVE('',#4222,#4220,#595,.T.);
#3698=EDGE_CURVE('',#4223,#4221,#4374,.T.);
#3699=EDGE_CURVE('',#4224,#4223,#596,.T.);
#3700=EDGE_CURVE('',#4224,#4222,#4375,.T.);
#3701=EDGE_CURVE('',#4225,#4223,#4376,.T.);
#3702=EDGE_CURVE('',#4226,#4225,#597,.T.);
#3703=EDGE_CURVE('',#4226,#4224,#4377,.T.);
#3704=EDGE_CURVE('',#4227,#4225,#4378,.T.);
#3705=EDGE_CURVE('',#4228,#4227,#598,.T.);
#3706=EDGE_CURVE('',#4228,#4226,#4379,.T.);
#3707=EDGE_CURVE('',#4229,#3980,#599,.T.);
#3708=EDGE_CURVE('',#4229,#4230,#600,.T.);
#3709=EDGE_CURVE('',#4230,#3981,#601,.T.);
#3710=EDGE_CURVE('',#4231,#3979,#602,.T.);
#3711=EDGE_CURVE('',#4231,#4229,#603,.T.);
#3712=EDGE_CURVE('',#4232,#3990,#604,.T.);
#3713=EDGE_CURVE('',#4232,#4231,#605,.T.);
#3714=EDGE_CURVE('',#4233,#3989,#606,.T.);
#3715=EDGE_CURVE('',#4233,#4232,#4380,.F.);
#3716=EDGE_CURVE('',#4234,#3988,#607,.T.);
#3717=EDGE_CURVE('',#4234,#4233,#4381,.F.);
#3718=EDGE_CURVE('',#4235,#3987,#608,.T.);
#3719=EDGE_CURVE('',#4235,#4234,#4382,.F.);
#3720=EDGE_CURVE('',#4236,#3986,#609,.T.);
#3721=EDGE_CURVE('',#4236,#4235,#4383,.F.);
#3722=EDGE_CURVE('',#4237,#3985,#610,.T.);
#3723=EDGE_CURVE('',#4237,#4236,#611,.T.);
#3724=EDGE_CURVE('',#4238,#3984,#612,.T.);
#3725=EDGE_CURVE('',#4238,#4237,#11,.T.);
#3726=EDGE_CURVE('',#4239,#3983,#613,.T.);
#3727=EDGE_CURVE('',#4239,#4238,#4384,.F.);
#3728=EDGE_CURVE('',#4240,#3982,#614,.T.);
#3729=EDGE_CURVE('',#4240,#4239,#4385,.F.);
#3730=EDGE_CURVE('',#4216,#4227,#4386,.T.);
#3731=EDGE_CURVE('',#4218,#4228,#4387,.T.);
#3732=EDGE_CURVE('',#4230,#4240,#4388,.F.);
#3733=EDGE_CURVE('',#4204,#4213,#615,.T.);
#3734=EDGE_CURVE('',#4206,#4214,#616,.T.);
#3735=EDGE_CURVE('',#4241,#4241,#4389,.T.);
#3736=EDGE_CURVE('',#4242,#4242,#4390,.T.);
#3737=VERTEX_POINT('',#7325);
#3738=VERTEX_POINT('',#7327);
#3739=VERTEX_POINT('',#7333);
#3740=VERTEX_POINT('',#7334);
#3741=VERTEX_POINT('',#7336);
#3742=VERTEX_POINT('',#7338);
#3743=VERTEX_POINT('',#7342);
#3744=VERTEX_POINT('',#7343);
#3745=VERTEX_POINT('',#7345);
#3746=VERTEX_POINT('',#7348);
#3747=VERTEX_POINT('',#7350);
#3748=VERTEX_POINT('',#7352);
#3749=VERTEX_POINT('',#7356);
#3750=VERTEX_POINT('',#7358);
#3751=VERTEX_POINT('',#7362);
#3752=VERTEX_POINT('',#7364);
#3753=VERTEX_POINT('',#7366);
#3754=VERTEX_POINT('',#7369);
#3755=VERTEX_POINT('',#7373);
#3756=VERTEX_POINT('',#7375);
#3757=VERTEX_POINT('',#7377);
#3758=VERTEX_POINT('',#7379);
#3759=VERTEX_POINT('',#7381);
#3760=VERTEX_POINT('',#7383);
#3761=VERTEX_POINT('',#7385);
#3762=VERTEX_POINT('',#7387);
#3763=VERTEX_POINT('',#7389);
#3764=VERTEX_POINT('',#7391);
#3765=VERTEX_POINT('',#7395);
#3766=VERTEX_POINT('',#7397);
#3767=VERTEX_POINT('',#7399);
#3768=VERTEX_POINT('',#7403);
#3769=VERTEX_POINT('',#7407);
#3770=VERTEX_POINT('',#7411);
#3771=VERTEX_POINT('',#7418);
#3772=VERTEX_POINT('',#7422);
#3773=VERTEX_POINT('',#7426);
#3774=VERTEX_POINT('',#7430);
#3775=VERTEX_POINT('',#7434);
#3776=VERTEX_POINT('',#7438);
#3777=VERTEX_POINT('',#7442);
#3778=VERTEX_POINT('',#7446);
#3779=VERTEX_POINT('',#7450);
#3780=VERTEX_POINT('',#7454);
#3781=VERTEX_POINT('',#7462);
#3782=VERTEX_POINT('',#7463);
#3783=VERTEX_POINT('',#7465);
#3784=VERTEX_POINT('',#7467);
#3785=VERTEX_POINT('',#7471);
#3786=VERTEX_POINT('',#7473);
#3787=VERTEX_POINT('',#7477);
#3788=VERTEX_POINT('',#7479);
#3789=VERTEX_POINT('',#7483);
#3790=VERTEX_POINT('',#7485);
#3791=VERTEX_POINT('',#7489);
#3792=VERTEX_POINT('',#7491);
#3793=VERTEX_POINT('',#7501);
#3794=VERTEX_POINT('',#7502);
#3795=VERTEX_POINT('',#7504);
#3796=VERTEX_POINT('',#7506);
#3797=VERTEX_POINT('',#7510);
#3798=VERTEX_POINT('',#7511);
#3799=VERTEX_POINT('',#7513);
#3800=VERTEX_POINT('',#7515);
#3801=VERTEX_POINT('',#7517);
#3802=VERTEX_POINT('',#7520);
#3803=VERTEX_POINT('',#7524);
#3804=VERTEX_POINT('',#7526);
#3805=VERTEX_POINT('',#7530);
#3806=VERTEX_POINT('',#7532);
#3807=VERTEX_POINT('',#7535);
#3808=VERTEX_POINT('',#7537);
#3809=VERTEX_POINT('',#7541);
#3810=VERTEX_POINT('',#7543);
#3811=VERTEX_POINT('',#7545);
#3812=VERTEX_POINT('',#7547);
#3813=VERTEX_POINT('',#7549);
#3814=VERTEX_POINT('',#7551);
#3815=VERTEX_POINT('',#7553);
#3816=VERTEX_POINT('',#7555);
#3817=VERTEX_POINT('',#7557);
#3818=VERTEX_POINT('',#7559);
#3819=VERTEX_POINT('',#7561);
#3820=VERTEX_POINT('',#7563);
#3821=VERTEX_POINT('',#7565);
#3822=VERTEX_POINT('',#7567);
#3823=VERTEX_POINT('',#7569);
#3824=VERTEX_POINT('',#7571);
#3825=VERTEX_POINT('',#7573);
#3826=VERTEX_POINT('',#7577);
#3827=VERTEX_POINT('',#7579);
#3828=VERTEX_POINT('',#7581);
#3829=VERTEX_POINT('',#7585);
#3830=VERTEX_POINT('',#7587);
#3831=VERTEX_POINT('',#7593);
#3832=VERTEX_POINT('',#7600);
#3833=VERTEX_POINT('',#7604);
#3834=VERTEX_POINT('',#7608);
#3835=VERTEX_POINT('',#7612);
#3836=VERTEX_POINT('',#7616);
#3837=VERTEX_POINT('',#7620);
#3838=VERTEX_POINT('',#7624);
#3839=VERTEX_POINT('',#7628);
#3840=VERTEX_POINT('',#7632);
#3841=VERTEX_POINT('',#7636);
#3842=VERTEX_POINT('',#7640);
#3843=VERTEX_POINT('',#7644);
#3844=VERTEX_POINT('',#7648);
#3845=VERTEX_POINT('',#7652);
#3846=VERTEX_POINT('',#7656);
#3847=VERTEX_POINT('',#7660);
#3848=VERTEX_POINT('',#7664);
#3849=VERTEX_POINT('',#7672);
#3850=VERTEX_POINT('',#7673);
#3851=VERTEX_POINT('',#7675);
#3852=VERTEX_POINT('',#7677);
#3853=VERTEX_POINT('',#7681);
#3854=VERTEX_POINT('',#7682);
#3855=VERTEX_POINT('',#7684);
#3856=VERTEX_POINT('',#7687);
#3857=VERTEX_POINT('',#7689);
#3858=VERTEX_POINT('',#7691);
#3859=VERTEX_POINT('',#7695);
#3860=VERTEX_POINT('',#7697);
#3861=VERTEX_POINT('',#7701);
#3862=VERTEX_POINT('',#7703);
#3863=VERTEX_POINT('',#7705);
#3864=VERTEX_POINT('',#7708);
#3865=VERTEX_POINT('',#7712);
#3866=VERTEX_POINT('',#7714);
#3867=VERTEX_POINT('',#7716);
#3868=VERTEX_POINT('',#7718);
#3869=VERTEX_POINT('',#7720);
#3870=VERTEX_POINT('',#7722);
#3871=VERTEX_POINT('',#7724);
#3872=VERTEX_POINT('',#7726);
#3873=VERTEX_POINT('',#7728);
#3874=VERTEX_POINT('',#7730);
#3875=VERTEX_POINT('',#7732);
#3876=VERTEX_POINT('',#7734);
#3877=VERTEX_POINT('',#7736);
#3878=VERTEX_POINT('',#7738);
#3879=VERTEX_POINT('',#7742);
#3880=VERTEX_POINT('',#7744);
#3881=VERTEX_POINT('',#7746);
#3882=VERTEX_POINT('',#7750);
#3883=VERTEX_POINT('',#7754);
#3884=VERTEX_POINT('',#7758);
#3885=VERTEX_POINT('',#7765);
#3886=VERTEX_POINT('',#7769);
#3887=VERTEX_POINT('',#7773);
#3888=VERTEX_POINT('',#7777);
#3889=VERTEX_POINT('',#7781);
#3890=VERTEX_POINT('',#7785);
#3891=VERTEX_POINT('',#7789);
#3892=VERTEX_POINT('',#7793);
#3893=VERTEX_POINT('',#7797);
#3894=VERTEX_POINT('',#7801);
#3895=VERTEX_POINT('',#7805);
#3896=VERTEX_POINT('',#7809);
#3897=VERTEX_POINT('',#7813);
#3898=VERTEX_POINT('',#7817);
#3899=VERTEX_POINT('',#7825);
#3900=VERTEX_POINT('',#7826);
#3901=VERTEX_POINT('',#7828);
#3902=VERTEX_POINT('',#7830);
#3903=VERTEX_POINT('',#7834);
#3904=VERTEX_POINT('',#7835);
#3905=VERTEX_POINT('',#7837);
#3906=VERTEX_POINT('',#7839);
#3907=VERTEX_POINT('',#7841);
#3908=VERTEX_POINT('',#7844);
#3909=VERTEX_POINT('',#7848);
#3910=VERTEX_POINT('',#7850);
#3911=VERTEX_POINT('',#7854);
#3912=VERTEX_POINT('',#7856);
#3913=VERTEX_POINT('',#7859);
#3914=VERTEX_POINT('',#7861);
#3915=VERTEX_POINT('',#7865);
#3916=VERTEX_POINT('',#7867);
#3917=VERTEX_POINT('',#7869);
#3918=VERTEX_POINT('',#7871);
#3919=VERTEX_POINT('',#7873);
#3920=VERTEX_POINT('',#7875);
#3921=VERTEX_POINT('',#7877);
#3922=VERTEX_POINT('',#7879);
#3923=VERTEX_POINT('',#7881);
#3924=VERTEX_POINT('',#7883);
#3925=VERTEX_POINT('',#7885);
#3926=VERTEX_POINT('',#7887);
#3927=VERTEX_POINT('',#7889);
#3928=VERTEX_POINT('',#7893);
#3929=VERTEX_POINT('',#7895);
#3930=VERTEX_POINT('',#7897);
#3931=VERTEX_POINT('',#7901);
#3932=VERTEX_POINT('',#7903);
#3933=VERTEX_POINT('',#7909);
#3934=VERTEX_POINT('',#7916);
#3935=VERTEX_POINT('',#7920);
#3936=VERTEX_POINT('',#7924);
#3937=VERTEX_POINT('',#7928);
#3938=VERTEX_POINT('',#7932);
#3939=VERTEX_POINT('',#7936);
#3940=VERTEX_POINT('',#7940);
#3941=VERTEX_POINT('',#7944);
#3942=VERTEX_POINT('',#7948);
#3943=VERTEX_POINT('',#7952);
#3944=VERTEX_POINT('',#7956);
#3945=VERTEX_POINT('',#7960);
#3946=VERTEX_POINT('',#7964);
#3947=VERTEX_POINT('',#7972);
#3948=VERTEX_POINT('',#7973);
#3949=VERTEX_POINT('',#7975);
#3950=VERTEX_POINT('',#7977);
#3951=VERTEX_POINT('',#7979);
#3952=VERTEX_POINT('',#7981);
#3953=VERTEX_POINT('',#7983);
#3954=VERTEX_POINT('',#7985);
#3955=VERTEX_POINT('',#7987);
#3956=VERTEX_POINT('',#7989);
#3957=VERTEX_POINT('',#7991);
#3958=VERTEX_POINT('',#7993);
#3959=VERTEX_POINT('',#7996);
#3960=VERTEX_POINT('',#7997);
#3961=VERTEX_POINT('',#7999);
#3962=VERTEX_POINT('',#8001);
#3963=VERTEX_POINT('',#8003);
#3964=VERTEX_POINT('',#8005);
#3965=VERTEX_POINT('',#8007);
#3966=VERTEX_POINT('',#8009);
#3967=VERTEX_POINT('',#8011);
#3968=VERTEX_POINT('',#8013);
#3969=VERTEX_POINT('',#8015);
#3970=VERTEX_POINT('',#8017);
#3971=VERTEX_POINT('',#8020);
#3972=VERTEX_POINT('',#8021);
#3973=VERTEX_POINT('',#8023);
#3974=VERTEX_POINT('',#8025);
#3975=VERTEX_POINT('',#8027);
#3976=VERTEX_POINT('',#8029);
#3977=VERTEX_POINT('',#8031);
#3978=VERTEX_POINT('',#8033);
#3979=VERTEX_POINT('',#8036);
#3980=VERTEX_POINT('',#8037);
#3981=VERTEX_POINT('',#8039);
#3982=VERTEX_POINT('',#8041);
#3983=VERTEX_POINT('',#8043);
#3984=VERTEX_POINT('',#8045);
#3985=VERTEX_POINT('',#8051);
#3986=VERTEX_POINT('',#8053);
#3987=VERTEX_POINT('',#8055);
#3988=VERTEX_POINT('',#8057);
#3989=VERTEX_POINT('',#8059);
#3990=VERTEX_POINT('',#8061);
#3991=VERTEX_POINT('',#8065);
#3992=VERTEX_POINT('',#8066);
#3993=VERTEX_POINT('',#8068);
#3994=VERTEX_POINT('',#8070);
#3995=VERTEX_POINT('',#8072);
#3996=VERTEX_POINT('',#8074);
#3997=VERTEX_POINT('',#8076);
#3998=VERTEX_POINT('',#8078);
#3999=VERTEX_POINT('',#8082);
#4000=VERTEX_POINT('',#8083);
#4001=VERTEX_POINT('',#8085);
#4002=VERTEX_POINT('',#8087);
#4003=VERTEX_POINT('',#8089);
#4004=VERTEX_POINT('',#8091);
#4005=VERTEX_POINT('',#8093);
#4006=VERTEX_POINT('',#8095);
#4007=VERTEX_POINT('',#8097);
#4008=VERTEX_POINT('',#8099);
#4009=VERTEX_POINT('',#8101);
#4010=VERTEX_POINT('',#8103);
#4011=VERTEX_POINT('',#8107);
#4012=VERTEX_POINT('',#8108);
#4013=VERTEX_POINT('',#8110);
#4014=VERTEX_POINT('',#8112);
#4015=VERTEX_POINT('',#8114);
#4016=VERTEX_POINT('',#8116);
#4017=VERTEX_POINT('',#8118);
#4018=VERTEX_POINT('',#8120);
#4019=VERTEX_POINT('',#8122);
#4020=VERTEX_POINT('',#8124);
#4021=VERTEX_POINT('',#8126);
#4022=VERTEX_POINT('',#8128);
#4023=VERTEX_POINT('',#8132);
#4024=VERTEX_POINT('',#8133);
#4025=VERTEX_POINT('',#8135);
#4026=VERTEX_POINT('',#8137);
#4027=VERTEX_POINT('',#8139);
#4028=VERTEX_POINT('',#8141);
#4029=VERTEX_POINT('',#8143);
#4030=VERTEX_POINT('',#8145);
#4031=VERTEX_POINT('',#8149);
#4032=VERTEX_POINT('',#8151);
#4033=VERTEX_POINT('',#8155);
#4034=VERTEX_POINT('',#8156);
#4035=VERTEX_POINT('',#8158);
#4036=VERTEX_POINT('',#8160);
#4037=VERTEX_POINT('',#8163);
#4038=VERTEX_POINT('',#8165);
#4039=VERTEX_POINT('',#8169);
#4040=VERTEX_POINT('',#8171);
#4041=VERTEX_POINT('',#8173);
#4042=VERTEX_POINT('',#8175);
#4043=VERTEX_POINT('',#8177);
#4044=VERTEX_POINT('',#8179);
#4045=VERTEX_POINT('',#8181);
#4046=VERTEX_POINT('',#8183);
#4047=VERTEX_POINT('',#8185);
#4048=VERTEX_POINT('',#8187);
#4049=VERTEX_POINT('',#8189);
#4050=VERTEX_POINT('',#8191);
#4051=VERTEX_POINT('',#8194);
#4052=VERTEX_POINT('',#8196);
#4053=VERTEX_POINT('',#8198);
#4054=VERTEX_POINT('',#8200);
#4055=VERTEX_POINT('',#8202);
#4056=VERTEX_POINT('',#8204);
#4057=VERTEX_POINT('',#8206);
#4058=VERTEX_POINT('',#8209);
#4059=VERTEX_POINT('',#8211);
#4060=VERTEX_POINT('',#8213);
#4061=VERTEX_POINT('',#8215);
#4062=VERTEX_POINT('',#8217);
#4063=VERTEX_POINT('',#8219);
#4064=VERTEX_POINT('',#8221);
#4065=VERTEX_POINT('',#8223);
#4066=VERTEX_POINT('',#8225);
#4067=VERTEX_POINT('',#8227);
#4068=VERTEX_POINT('',#8230);
#4069=VERTEX_POINT('',#8232);
#4070=VERTEX_POINT('',#8234);
#4071=VERTEX_POINT('',#8236);
#4072=VERTEX_POINT('',#8238);
#4073=VERTEX_POINT('',#8240);
#4074=VERTEX_POINT('',#8242);
#4075=VERTEX_POINT('',#8246);
#4076=VERTEX_POINT('',#8247);
#4077=VERTEX_POINT('',#8249);
#4078=VERTEX_POINT('',#8251);
#4079=VERTEX_POINT('',#8253);
#4080=VERTEX_POINT('',#8255);
#4081=VERTEX_POINT('',#8257);
#4082=VERTEX_POINT('',#8261);
#4083=VERTEX_POINT('',#8262);
#4084=VERTEX_POINT('',#8267);
#4085=VERTEX_POINT('',#8268);
#4086=VERTEX_POINT('',#8273);
#4087=VERTEX_POINT('',#8275);
#4088=VERTEX_POINT('',#8277);
#4089=VERTEX_POINT('',#8279);
#4090=VERTEX_POINT('',#8282);
#4091=VERTEX_POINT('',#8284);
#4092=VERTEX_POINT('',#8286);
#4093=VERTEX_POINT('',#8288);
#4094=VERTEX_POINT('',#8291);
#4095=VERTEX_POINT('',#8293);
#4096=VERTEX_POINT('',#8295);
#4097=VERTEX_POINT('',#8299);
#4098=VERTEX_POINT('',#8301);
#4099=VERTEX_POINT('',#8304);
#4100=VERTEX_POINT('',#8307);
#4101=VERTEX_POINT('',#8308);
#4102=VERTEX_POINT('',#8310);
#4103=VERTEX_POINT('',#8312);
#4104=VERTEX_POINT('',#8317);
#4105=VERTEX_POINT('',#8318);
#4106=VERTEX_POINT('',#8321);
#4107=VERTEX_POINT('',#8323);
#4108=VERTEX_POINT('',#8327);
#4109=VERTEX_POINT('',#8328);
#4110=VERTEX_POINT('',#8331);
#4111=VERTEX_POINT('',#8333);
#4112=VERTEX_POINT('',#8338);
#4113=VERTEX_POINT('',#8342);
#4114=VERTEX_POINT('',#8346);
#4115=VERTEX_POINT('',#8350);
#4116=VERTEX_POINT('',#8354);
#4117=VERTEX_POINT('',#8358);
#4118=VERTEX_POINT('',#8362);
#4119=VERTEX_POINT('',#8368);
#4120=VERTEX_POINT('',#8372);
#4121=VERTEX_POINT('',#8376);
#4122=VERTEX_POINT('',#8380);
#4123=VERTEX_POINT('',#8384);
#4124=VERTEX_POINT('',#8390);
#4125=VERTEX_POINT('',#8398);
#4126=VERTEX_POINT('',#8402);
#4127=VERTEX_POINT('',#8406);
#4128=VERTEX_POINT('',#8410);
#4129=VERTEX_POINT('',#8414);
#4130=VERTEX_POINT('',#8418);
#4131=VERTEX_POINT('',#8422);
#4132=VERTEX_POINT('',#8428);
#4133=VERTEX_POINT('',#8432);
#4134=VERTEX_POINT('',#8436);
#4135=VERTEX_POINT('',#8440);
#4136=VERTEX_POINT('',#8448);
#4137=VERTEX_POINT('',#8454);
#4138=VERTEX_POINT('',#8458);
#4139=VERTEX_POINT('',#8462);
#4140=VERTEX_POINT('',#8466);
#4141=VERTEX_POINT('',#8470);
#4142=VERTEX_POINT('',#8474);
#4143=VERTEX_POINT('',#8478);
#4144=VERTEX_POINT('',#8482);
#4145=VERTEX_POINT('',#8486);
#4146=VERTEX_POINT('',#8490);
#4147=VERTEX_POINT('',#8494);
#4148=VERTEX_POINT('',#8502);
#4149=VERTEX_POINT('',#8506);
#4150=VERTEX_POINT('',#8510);
#4151=VERTEX_POINT('',#8514);
#4152=VERTEX_POINT('',#8522);
#4153=VERTEX_POINT('',#8524);
#4154=VERTEX_POINT('',#8530);
#4155=VERTEX_POINT('',#8538);
#4156=VERTEX_POINT('',#8540);
#4157=VERTEX_POINT('',#8546);
#4158=VERTEX_POINT('',#8554);
#4159=VERTEX_POINT('',#8558);
#4160=VERTEX_POINT('',#8562);
#4161=VERTEX_POINT('',#8570);
#4162=VERTEX_POINT('',#8574);
#4163=VERTEX_POINT('',#8578);
#4164=VERTEX_POINT('',#8582);
#4165=VERTEX_POINT('',#8586);
#4166=VERTEX_POINT('',#8590);
#4167=VERTEX_POINT('',#8594);
#4168=VERTEX_POINT('',#8598);
#4169=VERTEX_POINT('',#8602);
#4170=VERTEX_POINT('',#8606);
#4171=VERTEX_POINT('',#8618);
#4172=VERTEX_POINT('',#8620);
#4173=VERTEX_POINT('',#8624);
#4174=VERTEX_POINT('',#8628);
#4175=VERTEX_POINT('',#8632);
#4176=VERTEX_POINT('',#8636);
#4177=VERTEX_POINT('',#8640);
#4178=VERTEX_POINT('',#8644);
#4179=VERTEX_POINT('',#8651);
#4180=VERTEX_POINT('',#8652);
#4181=VERTEX_POINT('',#8654);
#4182=VERTEX_POINT('',#8656);
#4183=VERTEX_POINT('',#8660);
#4184=VERTEX_POINT('',#8662);
#4185=VERTEX_POINT('',#8666);
#4186=VERTEX_POINT('',#8668);
#4187=VERTEX_POINT('',#8672);
#4188=VERTEX_POINT('',#8674);
#4189=VERTEX_POINT('',#8678);
#4190=VERTEX_POINT('',#8680);
#4191=VERTEX_POINT('',#8684);
#4192=VERTEX_POINT('',#8686);
#4193=VERTEX_POINT('',#8690);
#4194=VERTEX_POINT('',#8694);
#4195=VERTEX_POINT('',#8698);
#4196=VERTEX_POINT('',#8702);
#4197=VERTEX_POINT('',#8706);
#4198=VERTEX_POINT('',#8710);
#4199=VERTEX_POINT('',#8714);
#4200=VERTEX_POINT('',#8718);
#4201=VERTEX_POINT('',#8722);
#4202=VERTEX_POINT('',#8726);
#4203=VERTEX_POINT('',#8736);
#4204=VERTEX_POINT('',#8737);
#4205=VERTEX_POINT('',#8739);
#4206=VERTEX_POINT('',#8741);
#4207=VERTEX_POINT('',#8745);
#4208=VERTEX_POINT('',#8747);
#4209=VERTEX_POINT('',#8751);
#4210=VERTEX_POINT('',#8753);
#4211=VERTEX_POINT('',#8757);
#4212=VERTEX_POINT('',#8759);
#4213=VERTEX_POINT('',#8763);
#4214=VERTEX_POINT('',#8765);
#4215=VERTEX_POINT('',#8769);
#4216=VERTEX_POINT('',#8770);
#4217=VERTEX_POINT('',#8772);
#4218=VERTEX_POINT('',#8774);
#4219=VERTEX_POINT('',#8778);
#4220=VERTEX_POINT('',#8780);
#4221=VERTEX_POINT('',#8784);
#4222=VERTEX_POINT('',#8786);
#4223=VERTEX_POINT('',#8790);
#4224=VERTEX_POINT('',#8792);
#4225=VERTEX_POINT('',#8796);
#4226=VERTEX_POINT('',#8798);
#4227=VERTEX_POINT('',#8802);
#4228=VERTEX_POINT('',#8804);
#4229=VERTEX_POINT('',#8808);
#4230=VERTEX_POINT('',#8810);
#4231=VERTEX_POINT('',#8814);
#4232=VERTEX_POINT('',#8818);
#4233=VERTEX_POINT('',#8822);
#4234=VERTEX_POINT('',#8826);
#4235=VERTEX_POINT('',#8830);
#4236=VERTEX_POINT('',#8834);
#4237=VERTEX_POINT('',#8838);
#4238=VERTEX_POINT('',#8842);
#4239=VERTEX_POINT('',#8850);
#4240=VERTEX_POINT('',#8854);
#4241=VERTEX_POINT('',#8871);
#4242=VERTEX_POINT('',#8873);
#4243=CIRCLE('',#5417,8.E-5);
#4244=CIRCLE('',#5418,8.E-5);
#4245=CIRCLE('',#5423,0.000159999999999987);
#4246=CIRCLE('',#5424,0.000159999999999987);
#4247=CIRCLE('',#5427,0.000139999999999986);
#4248=CIRCLE('',#5428,0.000139999999999986);
#4249=CIRCLE('',#5431,0.000289999999999973);
#4250=CIRCLE('',#5432,0.000289999999999973);
#4251=CIRCLE('',#5434,0.00029);
#4252=CIRCLE('',#5436,0.00029);
#4253=CIRCLE('',#5442,0.000289999999999973);
#4254=CIRCLE('',#5453,0.000289999999999973);
#4255=CIRCLE('',#5459,0.0001);
#4256=CIRCLE('',#5460,0.0001);
#4257=CIRCLE('',#5463,0.0001);
#4258=CIRCLE('',#5464,0.0001);
#4259=CIRCLE('',#5470,0.000159999999999987);
#4260=CIRCLE('',#5471,0.000159999999999987);
#4261=CIRCLE('',#5474,0.000139999999999986);
#4262=CIRCLE('',#5475,0.000139999999999986);
#4263=CIRCLE('',#5478,0.000289999999999973);
#4264=CIRCLE('',#5479,0.000289999999999975);
#4265=CIRCLE('',#5480,0.00028999999999998);
#4266=CIRCLE('',#5482,0.00029);
#4267=CIRCLE('',#5485,0.00029);
#4268=CIRCLE('',#5490,0.000289999999999973);
#4269=CIRCLE('',#5504,0.000289999999999975);
#4270=CIRCLE('',#5509,0.00028999999999998);
#4271=CIRCLE('',#5513,0.000159999999999987);
#4272=CIRCLE('',#5514,0.000159999999999987);
#4273=CIRCLE('',#5517,0.000139999999999986);
#4274=CIRCLE('',#5518,0.000139999999999986);
#4275=CIRCLE('',#5521,0.000289999999999969);
#4276=CIRCLE('',#5522,0.000289999999999971);
#4277=CIRCLE('',#5523,0.000289999999999973);
#4278=CIRCLE('',#5525,0.00029);
#4279=CIRCLE('',#5527,0.00029);
#4280=CIRCLE('',#5533,0.000289999999999969);
#4281=CIRCLE('',#5538,0.000289999999999971);
#4282=CIRCLE('',#5549,0.000289999999999973);
#4283=CIRCLE('',#5553,0.000159999999999987);
#4284=CIRCLE('',#5554,0.000159999999999987);
#4285=CIRCLE('',#5557,0.000139999999999986);
#4286=CIRCLE('',#5558,0.000139999999999986);
#4287=CIRCLE('',#5561,0.000289999999999973);
#4288=CIRCLE('',#5562,0.000289999999999974);
#4289=CIRCLE('',#5564,0.00029);
#4290=CIRCLE('',#5567,0.00029);
#4291=CIRCLE('',#5572,0.000289999999999973);
#4292=CIRCLE('',#5586,0.000289999999999974);
#4293=CIRCLE('',#5590,4.36045954081578E-5);
#4294=CIRCLE('',#5591,5.04844327299062E-5);
#4295=CIRCLE('',#5592,3.02233071732967E-5);
#4296=CIRCLE('',#5593,3.63524745538799E-5);
#4297=CIRCLE('',#5594,4.36784624202268E-5);
#4298=CIRCLE('',#5595,4.30941912768201E-5);
#4299=CIRCLE('',#5596,3.67926876184173E-5);
#4300=CIRCLE('',#5597,3.62831850482644E-5);
#4301=CIRCLE('',#5598,4.96786206484742E-5);
#4302=CIRCLE('',#5599,1.66807480469382E-5);
#4303=CIRCLE('',#5600,1.93695617342745E-5);
#4304=CIRCLE('',#5601,1.76709218944725E-5);
#4305=CIRCLE('',#5602,2.06346614206606E-5);
#4306=CIRCLE('',#5603,2.01408843136321E-5);
#4307=CIRCLE('',#5604,3.42600676196685E-5);
#4308=CIRCLE('',#5610,8.E-5);
#4309=CIRCLE('',#5611,8.E-5);
#4310=CIRCLE('',#5615,0.000289999999999973);
#4311=CIRCLE('',#5616,0.000289999999999973);
#4312=CIRCLE('',#5617,0.000289999999999971);
#4313=CIRCLE('',#5618,0.000289999999999973);
#4314=CIRCLE('',#5619,0.000289999999999973);
#4315=CIRCLE('',#5620,0.000289999999999973);
#4316=CIRCLE('',#5622,0.000289999999999975);
#4317=CIRCLE('',#5624,0.00028999999999998);
#4318=CIRCLE('',#5626,0.000289999999999969);
#4319=CIRCLE('',#5628,0.00029);
#4320=CIRCLE('',#5629,0.00029);
#4321=CIRCLE('',#5630,0.00029);
#4322=CIRCLE('',#5631,0.00029);
#4323=CIRCLE('',#5632,8.E-5);
#4324=CIRCLE('',#5635,0.000289999999999974);
#4325=CIRCLE('',#5638,0.000289999999999973);
#4326=CIRCLE('',#5651,0.000289999999999975);
#4327=CIRCLE('',#5655,0.00028999999999998);
#4328=CIRCLE('',#5657,0.000159999999999987);
#4329=CIRCLE('',#5659,0.000289999999999973);
#4330=CIRCLE('',#5672,0.000289999999999974);
#4331=CIRCLE('',#5674,0.000159999999999987);
#4332=CIRCLE('',#5676,0.000289999999999969);
#4333=CIRCLE('',#5680,0.000289999999999971);
#4334=CIRCLE('',#5691,0.000289999999999973);
#4335=CIRCLE('',#5693,0.000159999999999987);
#4336=CIRCLE('',#5695,8.E-5);
#4337=CIRCLE('',#5698,0.00029);
#4338=CIRCLE('',#5703,0.000159999999999987);
#4339=CIRCLE('',#5706,0.00029);
#4340=CIRCLE('',#5710,0.000159999999999987);
#4341=CIRCLE('',#5713,0.00029);
#4342=CIRCLE('',#5717,0.000159999999999987);
#4343=CIRCLE('',#5719,0.00029);
#4344=CIRCLE('',#5724,0.000159999999999987);
#4345=CIRCLE('',#5726,0.000289999999999973);
#4346=CIRCLE('',#5737,0.000289999999999973);
#4347=CIRCLE('',#5739,0.000159999999999987);
#4348=CIRCLE('',#5754,3.39377623789045E-5);
#4349=CIRCLE('',#5755,3.39377623789045E-5);
#4350=CIRCLE('',#5757,3.37382925776E-5);
#4351=CIRCLE('',#5758,3.37382925776E-5);
#4352=CIRCLE('',#5760,1.77611545196878E-5);
#4353=CIRCLE('',#5761,1.77611545196878E-5);
#4354=CIRCLE('',#5763,2.1217407500905E-5);
#4355=CIRCLE('',#5764,2.1217407500905E-5);
#4356=CIRCLE('',#5766,2.12077690716034E-5);
#4357=CIRCLE('',#5767,2.12077690716034E-5);
#4358=CIRCLE('',#5769,5.04844327299062E-5);
#4359=CIRCLE('',#5771,4.36045954081578E-5);
#4360=CIRCLE('',#5773,3.62831850482644E-5);
#4361=CIRCLE('',#5775,3.67926876184173E-5);
#4362=CIRCLE('',#5777,4.30941912768201E-5);
#4363=CIRCLE('',#5779,4.36784624202268E-5);
#4364=CIRCLE('',#5781,3.63524745538799E-5);
#4365=CIRCLE('',#5787,3.02233071732967E-5);
#4366=CIRCLE('',#5789,1.76508541550389E-5);
#4367=CIRCLE('',#5790,1.76508541550389E-5);
#4368=CIRCLE('',#5795,1.110491343213E-5);
#4369=CIRCLE('',#5796,1.110491343213E-5);
#4370=CIRCLE('',#5798,9.86915309302734E-6);
#4371=CIRCLE('',#5799,9.86915309302734E-6);
#4372=CIRCLE('',#5801,1.67045373562065E-5);
#4373=CIRCLE('',#5802,1.67045373562065E-5);
#4374=CIRCLE('',#5807,2.23777199132944E-5);
#4375=CIRCLE('',#5808,2.23777199132944E-5);
#4376=CIRCLE('',#5810,7.00105564150204E-6);
#4377=CIRCLE('',#5811,7.00105564150204E-6);
#4378=CIRCLE('',#5813,7.93997767462982E-6);
#4379=CIRCLE('',#5814,7.93997767462982E-6);
#4380=CIRCLE('',#5819,3.42600676196685E-5);
#4381=CIRCLE('',#5821,2.01408843136321E-5);
#4382=CIRCLE('',#5823,2.06346614206606E-5);
#4383=CIRCLE('',#5825,1.76709218944725E-5);
#4384=CIRCLE('',#5829,1.93695617342745E-5);
#4385=CIRCLE('',#5831,1.66807480469382E-5);
#4386=CIRCLE('',#5833,1.85893301362976E-5);
#4387=CIRCLE('',#5834,1.85893301362976E-5);
#4388=CIRCLE('',#5836,4.96786206484742E-5);
#4389=CIRCLE('',#5844,8.E-5);
#4390=CIRCLE('',#5845,8.E-5);
#4391=EDGE_LOOP('',(#1472));
#4392=EDGE_LOOP('',(#1473));
#4393=EDGE_LOOP('',(#1474));
#4394=EDGE_LOOP('',(#1475));
#4395=EDGE_LOOP('',(#1476,#1477,#1478,#1479));
#4396=EDGE_LOOP('',(#1480,#1481,#1482,#1483,#1484,#1485,#1486,#1487));
#4397=EDGE_LOOP('',(#1488,#1489,#1490,#1491));
#4398=EDGE_LOOP('',(#1492,#1493,#1494,#1495,#1496,#1497,#1498,#1499));
#4399=EDGE_LOOP('',(#1500,#1501,#1502,#1503,#1504,#1505,#1506,#1507,#1508,
#1509,#1510,#1511,#1512,#1513));
#4400=EDGE_LOOP('',(#1514,#1515,#1516,#1517,#1518,#1519,#1520));
#4401=EDGE_LOOP('',(#1521,#1522,#1523,#1524));
#4402=EDGE_LOOP('',(#1525,#1526,#1527,#1528));
#4403=EDGE_LOOP('',(#1529,#1530,#1531,#1532));
#4404=EDGE_LOOP('',(#1533,#1534,#1535,#1536));
#4405=EDGE_LOOP('',(#1537,#1538,#1539,#1540,#1541,#1542,#1543));
#4406=EDGE_LOOP('',(#1544,#1545,#1546,#1547));
#4407=EDGE_LOOP('',(#1548,#1549,#1550,#1551));
#4408=EDGE_LOOP('',(#1552,#1553,#1554,#1555));
#4409=EDGE_LOOP('',(#1556,#1557,#1558,#1559));
#4410=EDGE_LOOP('',(#1560,#1561,#1562,#1563));
#4411=EDGE_LOOP('',(#1564,#1565,#1566,#1567));
#4412=EDGE_LOOP('',(#1568,#1569,#1570,#1571));
#4413=EDGE_LOOP('',(#1572,#1573,#1574,#1575));
#4414=EDGE_LOOP('',(#1576,#1577,#1578,#1579));
#4415=EDGE_LOOP('',(#1580,#1581,#1582,#1583));
#4416=EDGE_LOOP('',(#1584,#1585,#1586,#1587));
#4417=EDGE_LOOP('',(#1588,#1589,#1590,#1591,#1592,#1593,#1594,#1595,#1596,
#1597,#1598,#1599,#1600,#1601));
#4418=EDGE_LOOP('',(#1602,#1603,#1604,#1605));
#4419=EDGE_LOOP('',(#1606,#1607,#1608,#1609));
#4420=EDGE_LOOP('',(#1610,#1611,#1612,#1613));
#4421=EDGE_LOOP('',(#1614,#1615,#1616,#1617));
#4422=EDGE_LOOP('',(#1618,#1619,#1620,#1621));
#4423=EDGE_LOOP('',(#1622,#1623,#1624,#1625));
#4424=EDGE_LOOP('',(#1626,#1627,#1628,#1629,#1630,#1631));
#4425=EDGE_LOOP('',(#1632,#1633,#1634,#1635,#1636,#1637));
#4426=EDGE_LOOP('',(#1638,#1639,#1640,#1641));
#4427=EDGE_LOOP('',(#1642,#1643,#1644,#1645,#1646,#1647,#1648,#1649));
#4428=EDGE_LOOP('',(#1650,#1651,#1652,#1653));
#4429=EDGE_LOOP('',(#1654,#1655,#1656,#1657,#1658,#1659,#1660,#1661));
#4430=EDGE_LOOP('',(#1662,#1663,#1664,#1665,#1666,#1667,#1668,#1669,#1670,
#1671,#1672,#1673,#1674,#1675,#1676,#1677,#1678,#1679,#1680,#1681,#1682));
#4431=EDGE_LOOP('',(#1683,#1684,#1685,#1686,#1687,#1688,#1689));
#4432=EDGE_LOOP('',(#1690,#1691,#1692,#1693));
#4433=EDGE_LOOP('',(#1694,#1695,#1696,#1697));
#4434=EDGE_LOOP('',(#1698,#1699,#1700,#1701));
#4435=EDGE_LOOP('',(#1702,#1703,#1704,#1705));
#4436=EDGE_LOOP('',(#1706,#1707,#1708,#1709,#1710,#1711,#1712));
#4437=EDGE_LOOP('',(#1713,#1714,#1715,#1716));
#4438=EDGE_LOOP('',(#1717,#1718,#1719,#1720));
#4439=EDGE_LOOP('',(#1721,#1722,#1723,#1724));
#4440=EDGE_LOOP('',(#1725,#1726,#1727,#1728));
#4441=EDGE_LOOP('',(#1729,#1730,#1731,#1732));
#4442=EDGE_LOOP('',(#1733,#1734,#1735,#1736));
#4443=EDGE_LOOP('',(#1737,#1738,#1739,#1740));
#4444=EDGE_LOOP('',(#1741,#1742,#1743,#1744));
#4445=EDGE_LOOP('',(#1745,#1746,#1747,#1748));
#4446=EDGE_LOOP('',(#1749,#1750,#1751,#1752));
#4447=EDGE_LOOP('',(#1753,#1754,#1755,#1756));
#4448=EDGE_LOOP('',(#1757,#1758,#1759,#1760));
#4449=EDGE_LOOP('',(#1761,#1762,#1763,#1764));
#4450=EDGE_LOOP('',(#1765,#1766,#1767,#1768));
#4451=EDGE_LOOP('',(#1769,#1770,#1771,#1772));
#4452=EDGE_LOOP('',(#1773,#1774,#1775,#1776));
#4453=EDGE_LOOP('',(#1777,#1778,#1779,#1780));
#4454=EDGE_LOOP('',(#1781,#1782,#1783,#1784));
#4455=EDGE_LOOP('',(#1785,#1786,#1787,#1788,#1789,#1790,#1791,#1792,#1793,
#1794,#1795,#1796,#1797,#1798,#1799,#1800,#1801,#1802,#1803,#1804,#1805));
#4456=EDGE_LOOP('',(#1806,#1807,#1808,#1809));
#4457=EDGE_LOOP('',(#1810,#1811,#1812,#1813,#1814,#1815,#1816,#1817));
#4458=EDGE_LOOP('',(#1818,#1819,#1820,#1821));
#4459=EDGE_LOOP('',(#1822,#1823,#1824,#1825,#1826,#1827,#1828,#1829));
#4460=EDGE_LOOP('',(#1830,#1831,#1832,#1833,#1834,#1835,#1836,#1837,#1838,
#1839,#1840,#1841,#1842,#1843,#1844,#1845,#1846,#1847));
#4461=EDGE_LOOP('',(#1848,#1849,#1850,#1851,#1852,#1853,#1854));
#4462=EDGE_LOOP('',(#1855,#1856,#1857,#1858));
#4463=EDGE_LOOP('',(#1859,#1860,#1861,#1862));
#4464=EDGE_LOOP('',(#1863,#1864,#1865,#1866));
#4465=EDGE_LOOP('',(#1867,#1868,#1869,#1870));
#4466=EDGE_LOOP('',(#1871,#1872,#1873,#1874,#1875,#1876,#1877));
#4467=EDGE_LOOP('',(#1878,#1879,#1880,#1881));
#4468=EDGE_LOOP('',(#1882,#1883,#1884,#1885));
#4469=EDGE_LOOP('',(#1886,#1887,#1888,#1889));
#4470=EDGE_LOOP('',(#1890,#1891,#1892,#1893));
#4471=EDGE_LOOP('',(#1894,#1895,#1896,#1897));
#4472=EDGE_LOOP('',(#1898,#1899,#1900,#1901));
#4473=EDGE_LOOP('',(#1902,#1903,#1904,#1905));
#4474=EDGE_LOOP('',(#1906,#1907,#1908,#1909));
#4475=EDGE_LOOP('',(#1910,#1911,#1912,#1913));
#4476=EDGE_LOOP('',(#1914,#1915,#1916,#1917));
#4477=EDGE_LOOP('',(#1918,#1919,#1920,#1921));
#4478=EDGE_LOOP('',(#1922,#1923,#1924,#1925));
#4479=EDGE_LOOP('',(#1926,#1927,#1928,#1929));
#4480=EDGE_LOOP('',(#1930,#1931,#1932,#1933));
#4481=EDGE_LOOP('',(#1934,#1935,#1936,#1937));
#4482=EDGE_LOOP('',(#1938,#1939,#1940,#1941,#1942,#1943,#1944,#1945,#1946,
#1947,#1948,#1949,#1950,#1951,#1952,#1953,#1954,#1955));
#4483=EDGE_LOOP('',(#1956,#1957,#1958,#1959));
#4484=EDGE_LOOP('',(#1960,#1961,#1962,#1963,#1964,#1965,#1966,#1967));
#4485=EDGE_LOOP('',(#1968,#1969,#1970,#1971));
#4486=EDGE_LOOP('',(#1972,#1973,#1974,#1975,#1976,#1977,#1978,#1979));
#4487=EDGE_LOOP('',(#1980,#1981,#1982,#1983,#1984,#1985,#1986,#1987,#1988,
#1989,#1990,#1991,#1992,#1993,#1994,#1995,#1996));
#4488=EDGE_LOOP('',(#1997,#1998,#1999,#2000,#2001,#2002,#2003));
#4489=EDGE_LOOP('',(#2004,#2005,#2006,#2007));
#4490=EDGE_LOOP('',(#2008,#2009,#2010,#2011));
#4491=EDGE_LOOP('',(#2012,#2013,#2014,#2015));
#4492=EDGE_LOOP('',(#2016,#2017,#2018,#2019));
#4493=EDGE_LOOP('',(#2020,#2021,#2022,#2023,#2024,#2025,#2026));
#4494=EDGE_LOOP('',(#2027,#2028,#2029,#2030));
#4495=EDGE_LOOP('',(#2031,#2032,#2033,#2034));
#4496=EDGE_LOOP('',(#2035,#2036,#2037,#2038));
#4497=EDGE_LOOP('',(#2039,#2040,#2041,#2042));
#4498=EDGE_LOOP('',(#2043,#2044,#2045,#2046));
#4499=EDGE_LOOP('',(#2047,#2048,#2049,#2050));
#4500=EDGE_LOOP('',(#2051,#2052,#2053,#2054));
#4501=EDGE_LOOP('',(#2055,#2056,#2057,#2058));
#4502=EDGE_LOOP('',(#2059,#2060,#2061,#2062));
#4503=EDGE_LOOP('',(#2063,#2064,#2065,#2066));
#4504=EDGE_LOOP('',(#2067,#2068,#2069,#2070));
#4505=EDGE_LOOP('',(#2071,#2072,#2073,#2074));
#4506=EDGE_LOOP('',(#2075,#2076,#2077,#2078));
#4507=EDGE_LOOP('',(#2079,#2080,#2081,#2082));
#4508=EDGE_LOOP('',(#2083,#2084,#2085,#2086,#2087,#2088,#2089,#2090,#2091,
#2092,#2093,#2094,#2095,#2096,#2097,#2098,#2099));
#4509=EDGE_LOOP('',(#2100,#2101,#2102,#2103,#2104,#2105,#2106,#2107,#2108,
#2109,#2110,#2111));
#4510=EDGE_LOOP('',(#2112,#2113,#2114,#2115,#2116,#2117,#2118,#2119,#2120,
#2121,#2122,#2123));
#4511=EDGE_LOOP('',(#2124,#2125,#2126,#2127,#2128,#2129,#2130,#2131));
#4512=EDGE_LOOP('',(#2132,#2133,#2134,#2135,#2136,#2137,#2138,#2139,#2140,
#2141,#2142,#2143));
#4513=EDGE_LOOP('',(#2144,#2145,#2146,#2147,#2148,#2149,#2150,#2151));
#4514=EDGE_LOOP('',(#2152,#2153,#2154,#2155,#2156,#2157,#2158,#2159,#2160,
#2161,#2162,#2163));
#4515=EDGE_LOOP('',(#2164,#2165,#2166,#2167,#2168,#2169,#2170,#2171,#2172,
#2173,#2174,#2175));
#4516=EDGE_LOOP('',(#2176,#2177,#2178,#2179,#2180,#2181,#2182,#2183));
#4517=EDGE_LOOP('',(#2184));
#4518=EDGE_LOOP('',(#2185));
#4519=EDGE_LOOP('',(#2186));
#4520=EDGE_LOOP('',(#2187,#2188,#2189,#2190,#2191,#2192,#2193,#2194));
#4521=EDGE_LOOP('',(#2195));
#4522=EDGE_LOOP('',(#2196,#2197,#2198,#2199,#2200,#2201,#2202,#2203,#2204,
#2205,#2206,#2207,#2208,#2209,#2210,#2211,#2212,#2213,#2214,#2215,#2216,
#2217,#2218,#2219,#2220,#2221,#2222,#2223,#2224,#2225,#2226,#2227,#2228,
#2229,#2230,#2231,#2232,#2233,#2234,#2235,#2236,#2237,#2238,#2239));
#4523=EDGE_LOOP('',(#2240,#2241,#2242,#2243,#2244,#2245,#2246));
#4524=EDGE_LOOP('',(#2247,#2248,#2249,#2250));
#4525=EDGE_LOOP('',(#2251,#2252,#2253,#2254));
#4526=EDGE_LOOP('',(#2255,#2256,#2257,#2258,#2259,#2260,#2261,#2262,#2263,
#2264,#2265,#2266,#2267,#2268,#2269,#2270,#2271,#2272,#2273,#2274,#2275,
#2276,#2277,#2278));
#4527=EDGE_LOOP('',(#2279));
#4528=EDGE_LOOP('',(#2280,#2281,#2282,#2283,#2284,#2285,#2286,#2287));
#4529=EDGE_LOOP('',(#2288,#2289,#2290,#2291,#2292,#2293,#2294));
#4530=EDGE_LOOP('',(#2295,#2296,#2297,#2298,#2299,#2300,#2301,#2302,#2303,
#2304,#2305,#2306));
#4531=EDGE_LOOP('',(#2307,#2308,#2309,#2310));
#4532=EDGE_LOOP('',(#2311,#2312,#2313,#2314));
#4533=EDGE_LOOP('',(#2315,#2316,#2317,#2318));
#4534=EDGE_LOOP('',(#2319,#2320,#2321,#2322));
#4535=EDGE_LOOP('',(#2323,#2324,#2325,#2326));
#4536=EDGE_LOOP('',(#2327,#2328,#2329,#2330));
#4537=EDGE_LOOP('',(#2331,#2332,#2333,#2334));
#4538=EDGE_LOOP('',(#2335,#2336,#2337,#2338));
#4539=EDGE_LOOP('',(#2339,#2340,#2341,#2342));
#4540=EDGE_LOOP('',(#2343,#2344,#2345,#2346));
#4541=EDGE_LOOP('',(#2347,#2348,#2349,#2350));
#4542=EDGE_LOOP('',(#2351,#2352,#2353,#2354));
#4543=EDGE_LOOP('',(#2355,#2356,#2357,#2358));
#4544=EDGE_LOOP('',(#2359,#2360,#2361,#2362));
#4545=EDGE_LOOP('',(#2363,#2364,#2365,#2366));
#4546=EDGE_LOOP('',(#2367,#2368,#2369,#2370));
#4547=EDGE_LOOP('',(#2371,#2372,#2373,#2374,#2375,#2376,#2377,#2378,#2379,
#2380,#2381,#2382,#2383,#2384,#2385,#2386,#2387,#2388,#2389,#2390,#2391));
#4548=EDGE_LOOP('',(#2392,#2393,#2394,#2395));
#4549=EDGE_LOOP('',(#2396,#2397,#2398,#2399));
#4550=EDGE_LOOP('',(#2400,#2401,#2402,#2403));
#4551=EDGE_LOOP('',(#2404,#2405,#2406,#2407));
#4552=EDGE_LOOP('',(#2408,#2409,#2410,#2411));
#4553=EDGE_LOOP('',(#2412,#2413,#2414,#2415));
#4554=EDGE_LOOP('',(#2416,#2417,#2418,#2419));
#4555=EDGE_LOOP('',(#2420,#2421,#2422,#2423));
#4556=EDGE_LOOP('',(#2424,#2425,#2426,#2427));
#4557=EDGE_LOOP('',(#2428,#2429,#2430,#2431));
#4558=EDGE_LOOP('',(#2432,#2433,#2434,#2435));
#4559=EDGE_LOOP('',(#2436,#2437,#2438,#2439));
#4560=EDGE_LOOP('',(#2440,#2441,#2442,#2443));
#4561=EDGE_LOOP('',(#2444,#2445,#2446,#2447,#2448,#2449,#2450,#2451,#2452,
#2453,#2454,#2455,#2456,#2457,#2458,#2459,#2460));
#4562=EDGE_LOOP('',(#2461,#2462,#2463,#2464));
#4563=EDGE_LOOP('',(#2465,#2466,#2467,#2468));
#4564=EDGE_LOOP('',(#2469,#2470,#2471,#2472));
#4565=EDGE_LOOP('',(#2473,#2474,#2475,#2476));
#4566=EDGE_LOOP('',(#2477,#2478,#2479,#2480));
#4567=EDGE_LOOP('',(#2481,#2482,#2483,#2484));
#4568=EDGE_LOOP('',(#2485,#2486,#2487,#2488));
#4569=EDGE_LOOP('',(#2489,#2490,#2491,#2492));
#4570=EDGE_LOOP('',(#2493,#2494,#2495,#2496));
#4571=EDGE_LOOP('',(#2497,#2498,#2499,#2500));
#4572=EDGE_LOOP('',(#2501,#2502,#2503,#2504));
#4573=EDGE_LOOP('',(#2505,#2506,#2507,#2508));
#4574=EDGE_LOOP('',(#2509,#2510,#2511,#2512));
#4575=EDGE_LOOP('',(#2513,#2514,#2515,#2516));
#4576=EDGE_LOOP('',(#2517,#2518,#2519,#2520,#2521,#2522,#2523,#2524,#2525,
#2526,#2527,#2528,#2529,#2530,#2531,#2532,#2533,#2534));
#4577=EDGE_LOOP('',(#2535));
#4578=EDGE_LOOP('',(#2536));
#4579=EDGE_LOOP('',(#2537));
#4580=EDGE_LOOP('',(#2538,#2539,#2540,#2541));
#4581=EDGE_LOOP('',(#2542,#2543,#2544,#2545));
#4582=EDGE_LOOP('',(#2546,#2547,#2548,#2549));
#4583=EDGE_LOOP('',(#2550,#2551,#2552,#2553));
#4584=EDGE_LOOP('',(#2554,#2555,#2556,#2557,#2558,#2559,#2560));
#4585=EDGE_LOOP('',(#2561,#2562,#2563,#2564));
#4586=EDGE_LOOP('',(#2565,#2566,#2567,#2568));
#4587=EDGE_LOOP('',(#2569,#2570,#2571,#2572));
#4588=EDGE_LOOP('',(#2573,#2574,#2575,#2576));
#4589=EDGE_LOOP('',(#2577,#2578,#2579,#2580,#2581,#2582,#2583));
#4590=EDGE_LOOP('',(#2584,#2585,#2586,#2587));
#4591=EDGE_LOOP('',(#2588,#2589,#2590,#2591));
#4592=EDGE_LOOP('',(#2592,#2593,#2594,#2595));
#4593=EDGE_LOOP('',(#2596,#2597,#2598,#2599));
#4594=EDGE_LOOP('',(#2600,#2601,#2602,#2603,#2604,#2605,#2606));
#4595=EDGE_LOOP('',(#2607,#2608,#2609,#2610));
#4596=EDGE_LOOP('',(#2611,#2612,#2613,#2614));
#4597=EDGE_LOOP('',(#2615,#2616,#2617,#2618));
#4598=EDGE_LOOP('',(#2619,#2620,#2621,#2622));
#4599=EDGE_LOOP('',(#2623,#2624,#2625,#2626,#2627,#2628,#2629));
#4600=EDGE_LOOP('',(#2630,#2631,#2632,#2633));
#4601=EDGE_LOOP('',(#2634,#2635,#2636,#2637));
#4602=EDGE_LOOP('',(#2638,#2639,#2640,#2641));
#4603=EDGE_LOOP('',(#2642,#2643,#2644,#2645));
#4604=EDGE_LOOP('',(#2646,#2647,#2648,#2649));
#4605=EDGE_LOOP('',(#2650,#2651,#2652,#2653));
#4606=EDGE_LOOP('',(#2654,#2655,#2656,#2657));
#4607=EDGE_LOOP('',(#2658,#2659,#2660,#2661));
#4608=EDGE_LOOP('',(#2662,#2663,#2664,#2665));
#4609=EDGE_LOOP('',(#2666,#2667,#2668,#2669));
#4610=EDGE_LOOP('',(#2670,#2671,#2672,#2673));
#4611=EDGE_LOOP('',(#2674,#2675,#2676,#2677,#2678,#2679,#2680,#2681,#2682,
#2683,#2684,#2685,#2686,#2687));
#4612=EDGE_LOOP('',(#2688,#2689,#2690,#2691));
#4613=EDGE_LOOP('',(#2692,#2693,#2694,#2695));
#4614=EDGE_LOOP('',(#2696,#2697,#2698,#2699));
#4615=EDGE_LOOP('',(#2700,#2701,#2702,#2703));
#4616=EDGE_LOOP('',(#2704,#2705,#2706,#2707));
#4617=EDGE_LOOP('',(#2708,#2709,#2710,#2711));
#4618=EDGE_LOOP('',(#2712,#2713,#2714,#2715));
#4619=EDGE_LOOP('',(#2716,#2717,#2718,#2719));
#4620=EDGE_LOOP('',(#2720,#2721,#2722,#2723));
#4621=EDGE_LOOP('',(#2724,#2725,#2726,#2727));
#4622=EDGE_LOOP('',(#2728,#2729,#2730,#2731));
#4623=EDGE_LOOP('',(#2732,#2733,#2734,#2735));
#4624=EDGE_LOOP('',(#2736,#2737,#2738,#2739,#2740,#2741,#2742,#2743));
#4625=EDGE_LOOP('',(#2744,#2745,#2746,#2747));
#4626=EDGE_LOOP('',(#2748,#2749,#2750,#2751));
#4627=EDGE_LOOP('',(#2752,#2753,#2754,#2755));
#4628=EDGE_LOOP('',(#2756,#2757,#2758,#2759));
#4629=EDGE_LOOP('',(#2760,#2761,#2762,#2763));
#4630=EDGE_LOOP('',(#2764,#2765,#2766,#2767));
#4631=EDGE_LOOP('',(#2768,#2769,#2770,#2771));
#4632=EDGE_LOOP('',(#2772,#2773,#2774,#2775));
#4633=EDGE_LOOP('',(#2776,#2777,#2778,#2779));
#4634=EDGE_LOOP('',(#2780,#2781,#2782,#2783));
#4635=EDGE_LOOP('',(#2784,#2785,#2786,#2787));
#4636=EDGE_LOOP('',(#2788,#2789,#2790,#2791));
#4637=EDGE_LOOP('',(#2792,#2793,#2794,#2795));
#4638=EDGE_LOOP('',(#2796,#2797,#2798,#2799));
#4639=EDGE_LOOP('',(#2800,#2801,#2802,#2803));
#4640=EDGE_LOOP('',(#2804,#2805,#2806,#2807));
#4641=EDGE_LOOP('',(#2808,#2809,#2810,#2811));
#4642=EDGE_LOOP('',(#2812,#2813,#2814,#2815));
#4643=EDGE_LOOP('',(#2816,#2817,#2818,#2819,#2820,#2821,#2822,#2823,#2824,
#2825,#2826,#2827));
#4644=EDGE_LOOP('',(#2828,#2829,#2830,#2831,#2832,#2833));
#4645=EDGE_LOOP('',(#2834,#2835,#2836,#2837));
#4646=EDGE_LOOP('',(#2838,#2839,#2840,#2841));
#4647=EDGE_LOOP('',(#2842,#2843,#2844,#2845));
#4648=EDGE_LOOP('',(#2846,#2847,#2848,#2849));
#4649=EDGE_LOOP('',(#2850,#2851,#2852,#2853));
#4650=EDGE_LOOP('',(#2854,#2855,#2856,#2857));
#4651=EDGE_LOOP('',(#2858,#2859,#2860,#2861));
#4652=EDGE_LOOP('',(#2862,#2863,#2864,#2865));
#4653=EDGE_LOOP('',(#2866,#2867,#2868,#2869));
#4654=EDGE_LOOP('',(#2870,#2871,#2872,#2873));
#4655=EDGE_LOOP('',(#2874,#2875,#2876,#2877));
#4656=EDGE_LOOP('',(#2878,#2879,#2880,#2881));
#4657=EDGE_LOOP('',(#2882,#2883,#2884,#2885));
#4658=EDGE_LOOP('',(#2886,#2887,#2888,#2889));
#4659=EDGE_LOOP('',(#2890,#2891,#2892,#2893));
#4660=EDGE_LOOP('',(#2894,#2895,#2896,#2897));
#4661=EDGE_LOOP('',(#2898,#2899,#2900,#2901));
#4662=EDGE_LOOP('',(#2902,#2903,#2904,#2905));
#4663=EDGE_LOOP('',(#2906,#2907,#2908,#2909));
#4664=EDGE_LOOP('',(#2910,#2911,#2912,#2913));
#4665=EDGE_LOOP('',(#2914,#2915,#2916,#2917));
#4666=EDGE_LOOP('',(#2918,#2919,#2920,#2921));
#4667=EDGE_LOOP('',(#2922,#2923,#2924,#2925));
#4668=EDGE_LOOP('',(#2926,#2927,#2928,#2929));
#4669=EDGE_LOOP('',(#2930,#2931,#2932,#2933));
#4670=EDGE_LOOP('',(#2934,#2935,#2936,#2937,#2938,#2939,#2940,#2941,#2942,
#2943,#2944,#2945));
#4671=EDGE_LOOP('',(#2946,#2947,#2948,#2949,#2950,#2951,#2952));
#4672=EDGE_LOOP('',(#2953,#2954,#2955,#2956,#2957,#2958));
#4673=EDGE_LOOP('',(#2959,#2960,#2961,#2962,#2963,#2964,#2965));
#4674=EDGE_LOOP('',(#2966,#2967,#2968,#2969,#2970,#2971));
#4675=EDGE_LOOP('',(#2972,#2973,#2974,#2975,#2976,#2977));
#4676=EDGE_LOOP('',(#2978));
#4677=EDGE_LOOP('',(#2979));
#4678=EDGE_LOOP('',(#2980));
#4679=EDGE_LOOP('',(#2981));
#4680=FACE_BOUND('',#4391,.T.);
#4681=FACE_BOUND('',#4392,.T.);
#4682=FACE_BOUND('',#4393,.T.);
#4683=FACE_BOUND('',#4394,.T.);
#4684=FACE_BOUND('',#4395,.T.);
#4685=FACE_BOUND('',#4396,.T.);
#4686=FACE_BOUND('',#4397,.T.);
#4687=FACE_BOUND('',#4398,.T.);
#4688=FACE_BOUND('',#4399,.T.);
#4689=FACE_BOUND('',#4400,.T.);
#4690=FACE_BOUND('',#4401,.T.);
#4691=FACE_BOUND('',#4402,.T.);
#4692=FACE_BOUND('',#4403,.T.);
#4693=FACE_BOUND('',#4404,.T.);
#4694=FACE_BOUND('',#4405,.T.);
#4695=FACE_BOUND('',#4406,.T.);
#4696=FACE_BOUND('',#4407,.T.);
#4697=FACE_BOUND('',#4408,.T.);
#4698=FACE_BOUND('',#4409,.T.);
#4699=FACE_BOUND('',#4410,.T.);
#4700=FACE_BOUND('',#4411,.T.);
#4701=FACE_BOUND('',#4412,.T.);
#4702=FACE_BOUND('',#4413,.T.);
#4703=FACE_BOUND('',#4414,.T.);
#4704=FACE_BOUND('',#4415,.T.);
#4705=FACE_BOUND('',#4416,.T.);
#4706=FACE_BOUND('',#4417,.T.);
#4707=FACE_BOUND('',#4418,.T.);
#4708=FACE_BOUND('',#4419,.T.);
#4709=FACE_BOUND('',#4420,.T.);
#4710=FACE_BOUND('',#4421,.T.);
#4711=FACE_BOUND('',#4422,.T.);
#4712=FACE_BOUND('',#4423,.T.);
#4713=FACE_BOUND('',#4424,.T.);
#4714=FACE_BOUND('',#4425,.T.);
#4715=FACE_BOUND('',#4426,.T.);
#4716=FACE_BOUND('',#4427,.T.);
#4717=FACE_BOUND('',#4428,.T.);
#4718=FACE_BOUND('',#4429,.T.);
#4719=FACE_BOUND('',#4430,.T.);
#4720=FACE_BOUND('',#4431,.T.);
#4721=FACE_BOUND('',#4432,.T.);
#4722=FACE_BOUND('',#4433,.T.);
#4723=FACE_BOUND('',#4434,.T.);
#4724=FACE_BOUND('',#4435,.T.);
#4725=FACE_BOUND('',#4436,.T.);
#4726=FACE_BOUND('',#4437,.T.);
#4727=FACE_BOUND('',#4438,.T.);
#4728=FACE_BOUND('',#4439,.T.);
#4729=FACE_BOUND('',#4440,.T.);
#4730=FACE_BOUND('',#4441,.T.);
#4731=FACE_BOUND('',#4442,.T.);
#4732=FACE_BOUND('',#4443,.T.);
#4733=FACE_BOUND('',#4444,.T.);
#4734=FACE_BOUND('',#4445,.T.);
#4735=FACE_BOUND('',#4446,.T.);
#4736=FACE_BOUND('',#4447,.T.);
#4737=FACE_BOUND('',#4448,.T.);
#4738=FACE_BOUND('',#4449,.T.);
#4739=FACE_BOUND('',#4450,.T.);
#4740=FACE_BOUND('',#4451,.T.);
#4741=FACE_BOUND('',#4452,.T.);
#4742=FACE_BOUND('',#4453,.T.);
#4743=FACE_BOUND('',#4454,.T.);
#4744=FACE_BOUND('',#4455,.T.);
#4745=FACE_BOUND('',#4456,.T.);
#4746=FACE_BOUND('',#4457,.T.);
#4747=FACE_BOUND('',#4458,.T.);
#4748=FACE_BOUND('',#4459,.T.);
#4749=FACE_BOUND('',#4460,.T.);
#4750=FACE_BOUND('',#4461,.T.);
#4751=FACE_BOUND('',#4462,.T.);
#4752=FACE_BOUND('',#4463,.T.);
#4753=FACE_BOUND('',#4464,.T.);
#4754=FACE_BOUND('',#4465,.T.);
#4755=FACE_BOUND('',#4466,.T.);
#4756=FACE_BOUND('',#4467,.T.);
#4757=FACE_BOUND('',#4468,.T.);
#4758=FACE_BOUND('',#4469,.T.);
#4759=FACE_BOUND('',#4470,.T.);
#4760=FACE_BOUND('',#4471,.T.);
#4761=FACE_BOUND('',#4472,.T.);
#4762=FACE_BOUND('',#4473,.T.);
#4763=FACE_BOUND('',#4474,.T.);
#4764=FACE_BOUND('',#4475,.T.);
#4765=FACE_BOUND('',#4476,.T.);
#4766=FACE_BOUND('',#4477,.T.);
#4767=FACE_BOUND('',#4478,.T.);
#4768=FACE_BOUND('',#4479,.T.);
#4769=FACE_BOUND('',#4480,.T.);
#4770=FACE_BOUND('',#4481,.T.);
#4771=FACE_BOUND('',#4482,.T.);
#4772=FACE_BOUND('',#4483,.T.);
#4773=FACE_BOUND('',#4484,.T.);
#4774=FACE_BOUND('',#4485,.T.);
#4775=FACE_BOUND('',#4486,.T.);
#4776=FACE_BOUND('',#4487,.T.);
#4777=FACE_BOUND('',#4488,.T.);
#4778=FACE_BOUND('',#4489,.T.);
#4779=FACE_BOUND('',#4490,.T.);
#4780=FACE_BOUND('',#4491,.T.);
#4781=FACE_BOUND('',#4492,.T.);
#4782=FACE_BOUND('',#4493,.T.);
#4783=FACE_BOUND('',#4494,.T.);
#4784=FACE_BOUND('',#4495,.T.);
#4785=FACE_BOUND('',#4496,.T.);
#4786=FACE_BOUND('',#4497,.T.);
#4787=FACE_BOUND('',#4498,.T.);
#4788=FACE_BOUND('',#4499,.T.);
#4789=FACE_BOUND('',#4500,.T.);
#4790=FACE_BOUND('',#4501,.T.);
#4791=FACE_BOUND('',#4502,.T.);
#4792=FACE_BOUND('',#4503,.T.);
#4793=FACE_BOUND('',#4504,.T.);
#4794=FACE_BOUND('',#4505,.T.);
#4795=FACE_BOUND('',#4506,.T.);
#4796=FACE_BOUND('',#4507,.T.);
#4797=FACE_BOUND('',#4508,.T.);
#4798=FACE_BOUND('',#4509,.T.);
#4799=FACE_BOUND('',#4510,.T.);
#4800=FACE_BOUND('',#4511,.T.);
#4801=FACE_BOUND('',#4512,.T.);
#4802=FACE_BOUND('',#4513,.T.);
#4803=FACE_BOUND('',#4514,.T.);
#4804=FACE_BOUND('',#4515,.T.);
#4805=FACE_BOUND('',#4516,.T.);
#4806=FACE_BOUND('',#4517,.T.);
#4807=FACE_BOUND('',#4518,.T.);
#4808=FACE_BOUND('',#4519,.T.);
#4809=FACE_BOUND('',#4520,.T.);
#4810=FACE_BOUND('',#4521,.T.);
#4811=FACE_BOUND('',#4522,.T.);
#4812=FACE_BOUND('',#4523,.T.);
#4813=FACE_BOUND('',#4524,.T.);
#4814=FACE_BOUND('',#4525,.T.);
#4815=FACE_BOUND('',#4526,.T.);
#4816=FACE_BOUND('',#4527,.T.);
#4817=FACE_BOUND('',#4528,.T.);
#4818=FACE_BOUND('',#4529,.T.);
#4819=FACE_BOUND('',#4530,.T.);
#4820=FACE_BOUND('',#4531,.T.);
#4821=FACE_BOUND('',#4532,.T.);
#4822=FACE_BOUND('',#4533,.T.);
#4823=FACE_BOUND('',#4534,.T.);
#4824=FACE_BOUND('',#4535,.T.);
#4825=FACE_BOUND('',#4536,.T.);
#4826=FACE_BOUND('',#4537,.T.);
#4827=FACE_BOUND('',#4538,.T.);
#4828=FACE_BOUND('',#4539,.T.);
#4829=FACE_BOUND('',#4540,.T.);
#4830=FACE_BOUND('',#4541,.T.);
#4831=FACE_BOUND('',#4542,.T.);
#4832=FACE_BOUND('',#4543,.T.);
#4833=FACE_BOUND('',#4544,.T.);
#4834=FACE_BOUND('',#4545,.T.);
#4835=FACE_BOUND('',#4546,.T.);
#4836=FACE_BOUND('',#4547,.T.);
#4837=FACE_BOUND('',#4548,.T.);
#4838=FACE_BOUND('',#4549,.T.);
#4839=FACE_BOUND('',#4550,.T.);
#4840=FACE_BOUND('',#4551,.T.);
#4841=FACE_BOUND('',#4552,.T.);
#4842=FACE_BOUND('',#4553,.T.);
#4843=FACE_BOUND('',#4554,.T.);
#4844=FACE_BOUND('',#4555,.T.);
#4845=FACE_BOUND('',#4556,.T.);
#4846=FACE_BOUND('',#4557,.T.);
#4847=FACE_BOUND('',#4558,.T.);
#4848=FACE_BOUND('',#4559,.T.);
#4849=FACE_BOUND('',#4560,.T.);
#4850=FACE_BOUND('',#4561,.T.);
#4851=FACE_BOUND('',#4562,.T.);
#4852=FACE_BOUND('',#4563,.T.);
#4853=FACE_BOUND('',#4564,.T.);
#4854=FACE_BOUND('',#4565,.T.);
#4855=FACE_BOUND('',#4566,.T.);
#4856=FACE_BOUND('',#4567,.T.);
#4857=FACE_BOUND('',#4568,.T.);
#4858=FACE_BOUND('',#4569,.T.);
#4859=FACE_BOUND('',#4570,.T.);
#4860=FACE_BOUND('',#4571,.T.);
#4861=FACE_BOUND('',#4572,.T.);
#4862=FACE_BOUND('',#4573,.T.);
#4863=FACE_BOUND('',#4574,.T.);
#4864=FACE_BOUND('',#4575,.T.);
#4865=FACE_BOUND('',#4576,.T.);
#4866=FACE_BOUND('',#4577,.T.);
#4867=FACE_BOUND('',#4578,.T.);
#4868=FACE_BOUND('',#4579,.T.);
#4869=FACE_BOUND('',#4580,.T.);
#4870=FACE_BOUND('',#4581,.T.);
#4871=FACE_BOUND('',#4582,.T.);
#4872=FACE_BOUND('',#4583,.T.);
#4873=FACE_BOUND('',#4584,.T.);
#4874=FACE_BOUND('',#4585,.T.);
#4875=FACE_BOUND('',#4586,.T.);
#4876=FACE_BOUND('',#4587,.T.);
#4877=FACE_BOUND('',#4588,.T.);
#4878=FACE_BOUND('',#4589,.T.);
#4879=FACE_BOUND('',#4590,.T.);
#4880=FACE_BOUND('',#4591,.T.);
#4881=FACE_BOUND('',#4592,.T.);
#4882=FACE_BOUND('',#4593,.T.);
#4883=FACE_BOUND('',#4594,.T.);
#4884=FACE_BOUND('',#4595,.T.);
#4885=FACE_BOUND('',#4596,.T.);
#4886=FACE_BOUND('',#4597,.T.);
#4887=FACE_BOUND('',#4598,.T.);
#4888=FACE_BOUND('',#4599,.T.);
#4889=FACE_BOUND('',#4600,.T.);
#4890=FACE_BOUND('',#4601,.T.);
#4891=FACE_BOUND('',#4602,.T.);
#4892=FACE_BOUND('',#4603,.T.);
#4893=FACE_BOUND('',#4604,.T.);
#4894=FACE_BOUND('',#4605,.T.);
#4895=FACE_BOUND('',#4606,.T.);
#4896=FACE_BOUND('',#4607,.T.);
#4897=FACE_BOUND('',#4608,.T.);
#4898=FACE_BOUND('',#4609,.T.);
#4899=FACE_BOUND('',#4610,.T.);
#4900=FACE_BOUND('',#4611,.T.);
#4901=FACE_BOUND('',#4612,.T.);
#4902=FACE_BOUND('',#4613,.T.);
#4903=FACE_BOUND('',#4614,.T.);
#4904=FACE_BOUND('',#4615,.T.);
#4905=FACE_BOUND('',#4616,.T.);
#4906=FACE_BOUND('',#4617,.T.);
#4907=FACE_BOUND('',#4618,.T.);
#4908=FACE_BOUND('',#4619,.T.);
#4909=FACE_BOUND('',#4620,.T.);
#4910=FACE_BOUND('',#4621,.T.);
#4911=FACE_BOUND('',#4622,.T.);
#4912=FACE_BOUND('',#4623,.T.);
#4913=FACE_BOUND('',#4624,.T.);
#4914=FACE_BOUND('',#4625,.T.);
#4915=FACE_BOUND('',#4626,.T.);
#4916=FACE_BOUND('',#4627,.T.);
#4917=FACE_BOUND('',#4628,.T.);
#4918=FACE_BOUND('',#4629,.T.);
#4919=FACE_BOUND('',#4630,.T.);
#4920=FACE_BOUND('',#4631,.T.);
#4921=FACE_BOUND('',#4632,.T.);
#4922=FACE_BOUND('',#4633,.T.);
#4923=FACE_BOUND('',#4634,.T.);
#4924=FACE_BOUND('',#4635,.T.);
#4925=FACE_BOUND('',#4636,.T.);
#4926=FACE_BOUND('',#4637,.T.);
#4927=FACE_BOUND('',#4638,.T.);
#4928=FACE_BOUND('',#4639,.T.);
#4929=FACE_BOUND('',#4640,.T.);
#4930=FACE_BOUND('',#4641,.T.);
#4931=FACE_BOUND('',#4642,.T.);
#4932=FACE_BOUND('',#4643,.T.);
#4933=FACE_BOUND('',#4644,.T.);
#4934=FACE_BOUND('',#4645,.T.);
#4935=FACE_BOUND('',#4646,.T.);
#4936=FACE_BOUND('',#4647,.T.);
#4937=FACE_BOUND('',#4648,.T.);
#4938=FACE_BOUND('',#4649,.T.);
#4939=FACE_BOUND('',#4650,.T.);
#4940=FACE_BOUND('',#4651,.T.);
#4941=FACE_BOUND('',#4652,.T.);
#4942=FACE_BOUND('',#4653,.T.);
#4943=FACE_BOUND('',#4654,.T.);
#4944=FACE_BOUND('',#4655,.T.);
#4945=FACE_BOUND('',#4656,.T.);
#4946=FACE_BOUND('',#4657,.T.);
#4947=FACE_BOUND('',#4658,.T.);
#4948=FACE_BOUND('',#4659,.T.);
#4949=FACE_BOUND('',#4660,.T.);
#4950=FACE_BOUND('',#4661,.T.);
#4951=FACE_BOUND('',#4662,.T.);
#4952=FACE_BOUND('',#4663,.T.);
#4953=FACE_BOUND('',#4664,.T.);
#4954=FACE_BOUND('',#4665,.T.);
#4955=FACE_BOUND('',#4666,.T.);
#4956=FACE_BOUND('',#4667,.T.);
#4957=FACE_BOUND('',#4668,.T.);
#4958=FACE_BOUND('',#4669,.T.);
#4959=FACE_BOUND('',#4670,.T.);
#4960=FACE_BOUND('',#4671,.T.);
#4961=FACE_BOUND('',#4672,.T.);
#4962=FACE_BOUND('',#4673,.T.);
#4963=FACE_BOUND('',#4674,.T.);
#4964=FACE_BOUND('',#4675,.T.);
#4965=FACE_BOUND('',#4676,.T.);
#4966=FACE_BOUND('',#4677,.T.);
#4967=FACE_BOUND('',#4678,.T.);
#4968=FACE_BOUND('',#4679,.T.);
#4969=CYLINDRICAL_SURFACE('',#5416,8.E-5);
#4970=CYLINDRICAL_SURFACE('',#5422,0.000159999999999987);
#4971=CYLINDRICAL_SURFACE('',#5426,0.000139999999999986);
#4972=CYLINDRICAL_SURFACE('',#5435,0.00029);
#4973=CYLINDRICAL_SURFACE('',#5441,0.000289999999999973);
#4974=CYLINDRICAL_SURFACE('',#5452,0.000289999999999973);
#4975=CYLINDRICAL_SURFACE('',#5458,0.0001);
#4976=CYLINDRICAL_SURFACE('',#5462,0.0001);
#4977=CYLINDRICAL_SURFACE('',#5469,0.000159999999999987);
#4978=CYLINDRICAL_SURFACE('',#5473,0.000139999999999986);
#4979=CYLINDRICAL_SURFACE('',#5484,0.00029);
#4980=CYLINDRICAL_SURFACE('',#5489,0.000289999999999973);
#4981=CYLINDRICAL_SURFACE('',#5503,0.000289999999999975);
#4982=CYLINDRICAL_SURFACE('',#5508,0.00028999999999998);
#4983=CYLINDRICAL_SURFACE('',#5512,0.000159999999999987);
#4984=CYLINDRICAL_SURFACE('',#5516,0.000139999999999986);
#4985=CYLINDRICAL_SURFACE('',#5526,0.00029);
#4986=CYLINDRICAL_SURFACE('',#5532,0.000289999999999969);
#4987=CYLINDRICAL_SURFACE('',#5537,0.000289999999999971);
#4988=CYLINDRICAL_SURFACE('',#5548,0.000289999999999973);
#4989=CYLINDRICAL_SURFACE('',#5552,0.000159999999999987);
#4990=CYLINDRICAL_SURFACE('',#5556,0.000139999999999986);
#4991=CYLINDRICAL_SURFACE('',#5566,0.00029);
#4992=CYLINDRICAL_SURFACE('',#5571,0.000289999999999973);
#4993=CYLINDRICAL_SURFACE('',#5585,0.000289999999999974);
#4994=CYLINDRICAL_SURFACE('',#5609,8.E-5);
#4995=CYLINDRICAL_SURFACE('',#5637,0.000289999999999973);
#4996=CYLINDRICAL_SURFACE('',#5650,0.000289999999999975);
#4997=CYLINDRICAL_SURFACE('',#5654,0.00028999999999998);
#4998=CYLINDRICAL_SURFACE('',#5658,0.000289999999999973);
#4999=CYLINDRICAL_SURFACE('',#5671,0.000289999999999974);
#5000=CYLINDRICAL_SURFACE('',#5675,0.000289999999999969);
#5001=CYLINDRICAL_SURFACE('',#5679,0.000289999999999971);
#5002=CYLINDRICAL_SURFACE('',#5690,0.000289999999999973);
#5003=CYLINDRICAL_SURFACE('',#5694,8.E-5);
#5004=CYLINDRICAL_SURFACE('',#5697,0.00029);
#5005=CYLINDRICAL_SURFACE('',#5705,0.00029);
#5006=CYLINDRICAL_SURFACE('',#5712,0.00029);
#5007=CYLINDRICAL_SURFACE('',#5718,0.00029);
#5008=CYLINDRICAL_SURFACE('',#5725,0.000289999999999973);
#5009=CYLINDRICAL_SURFACE('',#5736,0.000289999999999973);
#5010=CYLINDRICAL_SURFACE('',#5740,0.000159999999999987);
#5011=CYLINDRICAL_SURFACE('',#5741,0.000159999999999987);
#5012=CYLINDRICAL_SURFACE('',#5742,0.000159999999999987);
#5013=CYLINDRICAL_SURFACE('',#5743,0.000159999999999987);
#5014=CYLINDRICAL_SURFACE('',#5753,3.39377623789045E-5);
#5015=CYLINDRICAL_SURFACE('',#5756,3.37382925776E-5);
#5016=CYLINDRICAL_SURFACE('',#5759,1.77611545196878E-5);
#5017=CYLINDRICAL_SURFACE('',#5762,2.1217407500905E-5);
#5018=CYLINDRICAL_SURFACE('',#5765,2.12077690716034E-5);
#5019=CYLINDRICAL_SURFACE('',#5768,5.04844327299062E-5);
#5020=CYLINDRICAL_SURFACE('',#5770,4.36045954081578E-5);
#5021=CYLINDRICAL_SURFACE('',#5772,3.62831850482644E-5);
#5022=CYLINDRICAL_SURFACE('',#5774,3.67926876184173E-5);
#5023=CYLINDRICAL_SURFACE('',#5776,4.30941912768201E-5);
#5024=CYLINDRICAL_SURFACE('',#5778,4.36784624202268E-5);
#5025=CYLINDRICAL_SURFACE('',#5780,3.63524745538799E-5);
#5026=CYLINDRICAL_SURFACE('',#5786,3.02233071732967E-5);
#5027=CYLINDRICAL_SURFACE('',#5788,1.76508541550389E-5);
#5028=CYLINDRICAL_SURFACE('',#5794,1.110491343213E-5);
#5029=CYLINDRICAL_SURFACE('',#5797,9.86915309302734E-6);
#5030=CYLINDRICAL_SURFACE('',#5800,1.67045373562065E-5);
#5031=CYLINDRICAL_SURFACE('',#5806,2.23777199132944E-5);
#5032=CYLINDRICAL_SURFACE('',#5809,7.00105564150204E-6);
#5033=CYLINDRICAL_SURFACE('',#5812,7.93997767462982E-6);
#5034=CYLINDRICAL_SURFACE('',#5818,3.42600676196685E-5);
#5035=CYLINDRICAL_SURFACE('',#5820,2.01408843136321E-5);
#5036=CYLINDRICAL_SURFACE('',#5822,2.06346614206606E-5);
#5037=CYLINDRICAL_SURFACE('',#5824,1.76709218944725E-5);
#5038=CYLINDRICAL_SURFACE('',#5827,1.32761534208441E-5);
#5039=CYLINDRICAL_SURFACE('',#5828,1.93695617342745E-5);
#5040=CYLINDRICAL_SURFACE('',#5830,1.66807480469382E-5);
#5041=CYLINDRICAL_SURFACE('',#5832,1.85893301362976E-5);
#5042=CYLINDRICAL_SURFACE('',#5835,4.96786206484742E-5);
#5043=CYLINDRICAL_SURFACE('',#5843,8.E-5);
#5044=ADVANCED_FACE('',(#4680,#4681),#4969,.T.);
#5045=ADVANCED_FACE('',(#4682),#1270,.F.);
#5046=ADVANCED_FACE('',(#4683),#1271,.T.);
#5047=ADVANCED_FACE('',(#4684),#4970,.T.);
#5048=ADVANCED_FACE('',(#4685),#1272,.T.);
#5049=ADVANCED_FACE('',(#4686),#4971,.F.);
#5050=ADVANCED_FACE('',(#4687),#1273,.T.);
#5051=ADVANCED_FACE('',(#4688),#1274,.F.);
#5052=ADVANCED_FACE('',(#4689),#1275,.T.);
#5053=ADVANCED_FACE('',(#4690),#4972,.T.);
#5054=ADVANCED_FACE('',(#4691),#1276,.T.);
#5055=ADVANCED_FACE('',(#4692),#1277,.T.);
#5056=ADVANCED_FACE('',(#4693),#1278,.T.);
#5057=ADVANCED_FACE('',(#4694),#1279,.F.);
#5058=ADVANCED_FACE('',(#4695),#4973,.T.);
#5059=ADVANCED_FACE('',(#4696),#1280,.F.);
#5060=ADVANCED_FACE('',(#4697),#1281,.T.);
#5061=ADVANCED_FACE('',(#4698),#1282,.T.);
#5062=ADVANCED_FACE('',(#4699),#1283,.T.);
#5063=ADVANCED_FACE('',(#4700),#1284,.T.);
#5064=ADVANCED_FACE('',(#4701),#1285,.T.);
#5065=ADVANCED_FACE('',(#4702),#1286,.T.);
#5066=ADVANCED_FACE('',(#4703),#1287,.T.);
#5067=ADVANCED_FACE('',(#4704),#1288,.T.);
#5068=ADVANCED_FACE('',(#4705),#4974,.T.);
#5069=ADVANCED_FACE('',(#4706),#1289,.F.);
#5070=ADVANCED_FACE('',(#4707),#1290,.T.);
#5071=ADVANCED_FACE('',(#4708),#1291,.F.);
#5072=ADVANCED_FACE('',(#4709),#4975,.T.);
#5073=ADVANCED_FACE('',(#4710),#1292,.F.);
#5074=ADVANCED_FACE('',(#4711),#4976,.T.);
#5075=ADVANCED_FACE('',(#4712),#1293,.T.);
#5076=ADVANCED_FACE('',(#4713),#1294,.T.);
#5077=ADVANCED_FACE('',(#4714),#1295,.F.);
#5078=ADVANCED_FACE('',(#4715),#4977,.T.);
#5079=ADVANCED_FACE('',(#4716),#1296,.T.);
#5080=ADVANCED_FACE('',(#4717),#4978,.F.);
#5081=ADVANCED_FACE('',(#4718),#1297,.T.);
#5082=ADVANCED_FACE('',(#4719),#1298,.F.);
#5083=ADVANCED_FACE('',(#4720),#1299,.T.);
#5084=ADVANCED_FACE('',(#4721),#1300,.F.);
#5085=ADVANCED_FACE('',(#4722),#4979,.T.);
#5086=ADVANCED_FACE('',(#4723),#1301,.T.);
#5087=ADVANCED_FACE('',(#4724),#1302,.F.);
#5088=ADVANCED_FACE('',(#4725),#1303,.F.);
#5089=ADVANCED_FACE('',(#4726),#4980,.T.);
#5090=ADVANCED_FACE('',(#4727),#1304,.F.);
#5091=ADVANCED_FACE('',(#4728),#1305,.F.);
#5092=ADVANCED_FACE('',(#4729),#1306,.F.);
#5093=ADVANCED_FACE('',(#4730),#1307,.F.);
#5094=ADVANCED_FACE('',(#4731),#1308,.F.);
#5095=ADVANCED_FACE('',(#4732),#1309,.F.);
#5096=ADVANCED_FACE('',(#4733),#1310,.F.);
#5097=ADVANCED_FACE('',(#4734),#1311,.T.);
#5098=ADVANCED_FACE('',(#4735),#1312,.T.);
#5099=ADVANCED_FACE('',(#4736),#1313,.F.);
#5100=ADVANCED_FACE('',(#4737),#1314,.F.);
#5101=ADVANCED_FACE('',(#4738),#1315,.T.);
#5102=ADVANCED_FACE('',(#4739),#4981,.T.);
#5103=ADVANCED_FACE('',(#4740),#1316,.F.);
#5104=ADVANCED_FACE('',(#4741),#1317,.T.);
#5105=ADVANCED_FACE('',(#4742),#1318,.T.);
#5106=ADVANCED_FACE('',(#4743),#4982,.T.);
#5107=ADVANCED_FACE('',(#4744),#1319,.F.);
#5108=ADVANCED_FACE('',(#4745),#4983,.T.);
#5109=ADVANCED_FACE('',(#4746),#1320,.T.);
#5110=ADVANCED_FACE('',(#4747),#4984,.F.);
#5111=ADVANCED_FACE('',(#4748),#1321,.T.);
#5112=ADVANCED_FACE('',(#4749),#1322,.F.);
#5113=ADVANCED_FACE('',(#4750),#1323,.T.);
#5114=ADVANCED_FACE('',(#4751),#4985,.T.);
#5115=ADVANCED_FACE('',(#4752),#1324,.T.);
#5116=ADVANCED_FACE('',(#4753),#1325,.T.);
#5117=ADVANCED_FACE('',(#4754),#1326,.F.);
#5118=ADVANCED_FACE('',(#4755),#1327,.F.);
#5119=ADVANCED_FACE('',(#4756),#4986,.T.);
#5120=ADVANCED_FACE('',(#4757),#1328,.T.);
#5121=ADVANCED_FACE('',(#4758),#1329,.F.);
#5122=ADVANCED_FACE('',(#4759),#1330,.F.);
#5123=ADVANCED_FACE('',(#4760),#4987,.T.);
#5124=ADVANCED_FACE('',(#4761),#1331,.F.);
#5125=ADVANCED_FACE('',(#4762),#1332,.T.);
#5126=ADVANCED_FACE('',(#4763),#1333,.T.);
#5127=ADVANCED_FACE('',(#4764),#1334,.T.);
#5128=ADVANCED_FACE('',(#4765),#1335,.T.);
#5129=ADVANCED_FACE('',(#4766),#1336,.T.);
#5130=ADVANCED_FACE('',(#4767),#1337,.T.);
#5131=ADVANCED_FACE('',(#4768),#1338,.T.);
#5132=ADVANCED_FACE('',(#4769),#1339,.T.);
#5133=ADVANCED_FACE('',(#4770),#4988,.T.);
#5134=ADVANCED_FACE('',(#4771),#1340,.F.);
#5135=ADVANCED_FACE('',(#4772),#4989,.T.);
#5136=ADVANCED_FACE('',(#4773),#1341,.T.);
#5137=ADVANCED_FACE('',(#4774),#4990,.F.);
#5138=ADVANCED_FACE('',(#4775),#1342,.T.);
#5139=ADVANCED_FACE('',(#4776),#1343,.F.);
#5140=ADVANCED_FACE('',(#4777),#1344,.T.);
#5141=ADVANCED_FACE('',(#4778),#1345,.F.);
#5142=ADVANCED_FACE('',(#4779),#4991,.T.);
#5143=ADVANCED_FACE('',(#4780),#1346,.F.);
#5144=ADVANCED_FACE('',(#4781),#1347,.F.);
#5145=ADVANCED_FACE('',(#4782),#1348,.F.);
#5146=ADVANCED_FACE('',(#4783),#4992,.T.);
#5147=ADVANCED_FACE('',(#4784),#1349,.F.);
#5148=ADVANCED_FACE('',(#4785),#1350,.F.);
#5149=ADVANCED_FACE('',(#4786),#1351,.F.);
#5150=ADVANCED_FACE('',(#4787),#1352,.F.);
#5151=ADVANCED_FACE('',(#4788),#1353,.F.);
#5152=ADVANCED_FACE('',(#4789),#1354,.F.);
#5153=ADVANCED_FACE('',(#4790),#1355,.T.);
#5154=ADVANCED_FACE('',(#4791),#1356,.F.);
#5155=ADVANCED_FACE('',(#4792),#1357,.F.);
#5156=ADVANCED_FACE('',(#4793),#1358,.F.);
#5157=ADVANCED_FACE('',(#4794),#1359,.F.);
#5158=ADVANCED_FACE('',(#4795),#1360,.T.);
#5159=ADVANCED_FACE('',(#4796),#4993,.T.);
#5160=ADVANCED_FACE('',(#4797),#1361,.F.);
#5161=ADVANCED_FACE('',(#4798,#4799,#4800,#4801),#1362,.T.);
#5162=ADVANCED_FACE('',(#4802),#1363,.T.);
#5163=ADVANCED_FACE('',(#4803),#1364,.F.);
#5164=ADVANCED_FACE('',(#4804),#1365,.T.);
#5165=ADVANCED_FACE('',(#4805),#1366,.F.);
#5166=ADVANCED_FACE('',(#4806,#4807),#4994,.F.);
#5167=ADVANCED_FACE('',(#4808),#1367,.T.);
#5168=ADVANCED_FACE('',(#4809),#1368,.T.);
#5169=ADVANCED_FACE('',(#4810,#4811),#1369,.F.);
#5170=ADVANCED_FACE('',(#4812),#1370,.F.);
#5171=ADVANCED_FACE('',(#4813),#1371,.F.);
#5172=ADVANCED_FACE('',(#4814),#1372,.F.);
#5173=ADVANCED_FACE('',(#4815,#4816),#1373,.T.);
#5174=ADVANCED_FACE('',(#4817),#1374,.F.);
#5175=ADVANCED_FACE('',(#4818),#1375,.F.);
#5176=ADVANCED_FACE('',(#4819),#1376,.F.);
#5177=ADVANCED_FACE('',(#4820),#4995,.F.);
#5178=ADVANCED_FACE('',(#4821),#1377,.T.);
#5179=ADVANCED_FACE('',(#4822),#1378,.T.);
#5180=ADVANCED_FACE('',(#4823),#1379,.T.);
#5181=ADVANCED_FACE('',(#4824),#1380,.T.);
#5182=ADVANCED_FACE('',(#4825),#1381,.T.);
#5183=ADVANCED_FACE('',(#4826),#1382,.T.);
#5184=ADVANCED_FACE('',(#4827),#1383,.T.);
#5185=ADVANCED_FACE('',(#4828),#1384,.F.);
#5186=ADVANCED_FACE('',(#4829),#1385,.T.);
#5187=ADVANCED_FACE('',(#4830),#1386,.T.);
#5188=ADVANCED_FACE('',(#4831),#1387,.F.);
#5189=ADVANCED_FACE('',(#4832),#4996,.F.);
#5190=ADVANCED_FACE('',(#4833),#1388,.T.);
#5191=ADVANCED_FACE('',(#4834),#1389,.F.);
#5192=ADVANCED_FACE('',(#4835),#4997,.F.);
#5193=ADVANCED_FACE('',(#4836),#1390,.T.);
#5194=ADVANCED_FACE('',(#4837),#4998,.F.);
#5195=ADVANCED_FACE('',(#4838),#1391,.T.);
#5196=ADVANCED_FACE('',(#4839),#1392,.T.);
#5197=ADVANCED_FACE('',(#4840),#1393,.T.);
#5198=ADVANCED_FACE('',(#4841),#1394,.T.);
#5199=ADVANCED_FACE('',(#4842),#1395,.T.);
#5200=ADVANCED_FACE('',(#4843),#1396,.T.);
#5201=ADVANCED_FACE('',(#4844),#1397,.F.);
#5202=ADVANCED_FACE('',(#4845),#1398,.T.);
#5203=ADVANCED_FACE('',(#4846),#1399,.T.);
#5204=ADVANCED_FACE('',(#4847),#1400,.T.);
#5205=ADVANCED_FACE('',(#4848),#1401,.F.);
#5206=ADVANCED_FACE('',(#4849),#4999,.F.);
#5207=ADVANCED_FACE('',(#4850),#1402,.T.);
#5208=ADVANCED_FACE('',(#4851),#5000,.F.);
#5209=ADVANCED_FACE('',(#4852),#1403,.F.);
#5210=ADVANCED_FACE('',(#4853),#1404,.T.);
#5211=ADVANCED_FACE('',(#4854),#5001,.F.);
#5212=ADVANCED_FACE('',(#4855),#1405,.T.);
#5213=ADVANCED_FACE('',(#4856),#1406,.F.);
#5214=ADVANCED_FACE('',(#4857),#1407,.F.);
#5215=ADVANCED_FACE('',(#4858),#1408,.F.);
#5216=ADVANCED_FACE('',(#4859),#1409,.F.);
#5217=ADVANCED_FACE('',(#4860),#1410,.F.);
#5218=ADVANCED_FACE('',(#4861),#1411,.F.);
#5219=ADVANCED_FACE('',(#4862),#1412,.F.);
#5220=ADVANCED_FACE('',(#4863),#1413,.F.);
#5221=ADVANCED_FACE('',(#4864),#5002,.F.);
#5222=ADVANCED_FACE('',(#4865),#1414,.T.);
#5223=ADVANCED_FACE('',(#4866,#4867),#5003,.F.);
#5224=ADVANCED_FACE('',(#4868),#1415,.T.);
#5225=ADVANCED_FACE('',(#4869),#5004,.F.);
#5226=ADVANCED_FACE('',(#4870),#1416,.F.);
#5227=ADVANCED_FACE('',(#4871),#1417,.F.);
#5228=ADVANCED_FACE('',(#4872),#1418,.T.);
#5229=ADVANCED_FACE('',(#4873),#1419,.T.);
#5230=ADVANCED_FACE('',(#4874),#1420,.T.);
#5231=ADVANCED_FACE('',(#4875),#5005,.F.);
#5232=ADVANCED_FACE('',(#4876),#1421,.F.);
#5233=ADVANCED_FACE('',(#4877),#1422,.T.);
#5234=ADVANCED_FACE('',(#4878),#1423,.T.);
#5235=ADVANCED_FACE('',(#4879),#1424,.T.);
#5236=ADVANCED_FACE('',(#4880),#5006,.F.);
#5237=ADVANCED_FACE('',(#4881),#1425,.T.);
#5238=ADVANCED_FACE('',(#4882),#1426,.T.);
#5239=ADVANCED_FACE('',(#4883),#1427,.T.);
#5240=ADVANCED_FACE('',(#4884),#5007,.F.);
#5241=ADVANCED_FACE('',(#4885),#1428,.F.);
#5242=ADVANCED_FACE('',(#4886),#1429,.F.);
#5243=ADVANCED_FACE('',(#4887),#1430,.F.);
#5244=ADVANCED_FACE('',(#4888),#1431,.T.);
#5245=ADVANCED_FACE('',(#4889),#5008,.F.);
#5246=ADVANCED_FACE('',(#4890),#1432,.T.);
#5247=ADVANCED_FACE('',(#4891),#1433,.F.);
#5248=ADVANCED_FACE('',(#4892),#1434,.F.);
#5249=ADVANCED_FACE('',(#4893),#1435,.F.);
#5250=ADVANCED_FACE('',(#4894),#1436,.F.);
#5251=ADVANCED_FACE('',(#4895),#1437,.F.);
#5252=ADVANCED_FACE('',(#4896),#1438,.F.);
#5253=ADVANCED_FACE('',(#4897),#1439,.F.);
#5254=ADVANCED_FACE('',(#4898),#1440,.F.);
#5255=ADVANCED_FACE('',(#4899),#5009,.F.);
#5256=ADVANCED_FACE('',(#4900),#1441,.T.);
#5257=ADVANCED_FACE('',(#4901),#5010,.F.);
#5258=ADVANCED_FACE('',(#4902),#5011,.F.);
#5259=ADVANCED_FACE('',(#4903),#5012,.F.);
#5260=ADVANCED_FACE('',(#4904),#5013,.F.);
#5261=ADVANCED_FACE('',(#4905),#1442,.T.);
#5262=ADVANCED_FACE('',(#4906),#1443,.T.);
#5263=ADVANCED_FACE('',(#4907),#1444,.T.);
#5264=ADVANCED_FACE('',(#4908),#1445,.T.);
#5265=ADVANCED_FACE('',(#4909),#1446,.T.);
#5266=ADVANCED_FACE('',(#4910),#1447,.T.);
#5267=ADVANCED_FACE('',(#4911),#1448,.T.);
#5268=ADVANCED_FACE('',(#4912),#1449,.T.);
#5269=ADVANCED_FACE('',(#4913),#1450,.T.);
#5270=ADVANCED_FACE('',(#4914),#5014,.T.);
#5271=ADVANCED_FACE('',(#4915),#5015,.T.);
#5272=ADVANCED_FACE('',(#4916),#5016,.T.);
#5273=ADVANCED_FACE('',(#4917),#5017,.T.);
#5274=ADVANCED_FACE('',(#4918),#5018,.T.);
#5275=ADVANCED_FACE('',(#4919),#5019,.F.);
#5276=ADVANCED_FACE('',(#4920),#5020,.F.);
#5277=ADVANCED_FACE('',(#4921),#5021,.F.);
#5278=ADVANCED_FACE('',(#4922),#5022,.F.);
#5279=ADVANCED_FACE('',(#4923),#5023,.F.);
#5280=ADVANCED_FACE('',(#4924),#5024,.F.);
#5281=ADVANCED_FACE('',(#4925),#5025,.F.);
#5282=ADVANCED_FACE('',(#4926),#1451,.T.);
#5283=ADVANCED_FACE('',(#4927),#1452,.T.);
#5284=ADVANCED_FACE('',(#4928),#1453,.T.);
#5285=ADVANCED_FACE('',(#4929),#1454,.T.);
#5286=ADVANCED_FACE('',(#4930),#5026,.F.);
#5287=ADVANCED_FACE('',(#4931),#5027,.T.);
#5288=ADVANCED_FACE('',(#4932,#4933),#1455,.T.);
#5289=ADVANCED_FACE('',(#4934),#1456,.T.);
#5290=ADVANCED_FACE('',(#4935),#1457,.T.);
#5291=ADVANCED_FACE('',(#4936),#5028,.T.);
#5292=ADVANCED_FACE('',(#4937),#5029,.T.);
#5293=ADVANCED_FACE('',(#4938),#5030,.T.);
#5294=ADVANCED_FACE('',(#4939),#1458,.T.);
#5295=ADVANCED_FACE('',(#4940),#1459,.T.);
#5296=ADVANCED_FACE('',(#4941),#1460,.T.);
#5297=ADVANCED_FACE('',(#4942),#5031,.T.);
#5298=ADVANCED_FACE('',(#4943),#5032,.T.);
#5299=ADVANCED_FACE('',(#4944),#5033,.T.);
#5300=ADVANCED_FACE('',(#4945),#1461,.T.);
#5301=ADVANCED_FACE('',(#4946),#1462,.T.);
#5302=ADVANCED_FACE('',(#4947),#1463,.T.);
#5303=ADVANCED_FACE('',(#4948),#5034,.F.);
#5304=ADVANCED_FACE('',(#4949),#5035,.F.);
#5305=ADVANCED_FACE('',(#4950),#5036,.F.);
#5306=ADVANCED_FACE('',(#4951),#5037,.F.);
#5307=ADVANCED_FACE('',(#4952),#1464,.T.);
#5308=ADVANCED_FACE('',(#4953),#5038,.F.);
#5309=ADVANCED_FACE('',(#4954),#5039,.F.);
#5310=ADVANCED_FACE('',(#4955),#5040,.F.);
#5311=ADVANCED_FACE('',(#4956),#5041,.T.);
#5312=ADVANCED_FACE('',(#4957),#5042,.F.);
#5313=ADVANCED_FACE('',(#4958),#1465,.T.);
#5314=ADVANCED_FACE('',(#4959,#4960,#4961),#1466,.T.);
#5315=ADVANCED_FACE('',(#4962),#1467,.T.);
#5316=ADVANCED_FACE('',(#4963),#1468,.T.);
#5317=ADVANCED_FACE('',(#4964),#1469,.T.);
#5318=ADVANCED_FACE('',(#4965,#4966),#5043,.T.);
#5319=ADVANCED_FACE('',(#4967),#1470,.F.);
#5320=ADVANCED_FACE('',(#4968),#1471,.T.);
#5321=CLOSED_SHELL('',(#5044,#5045,#5046));
#5322=CLOSED_SHELL('',(#5047,#5048,#5049,#5050,#5051,#5052,#5053,#5054,
#5055,#5056,#5057,#5058,#5059,#5060,#5061,#5062,#5063,#5064,#5065,#5066,
#5067,#5068,#5069));
#5323=CLOSED_SHELL('',(#5070,#5071,#5072,#5073,#5074,#5075,#5076,#5077));
#5324=CLOSED_SHELL('',(#5078,#5079,#5080,#5081,#5082,#5083,#5084,#5085,
#5086,#5087,#5088,#5089,#5090,#5091,#5092,#5093,#5094,#5095,#5096,#5097,
#5098,#5099,#5100,#5101,#5102,#5103,#5104,#5105,#5106,#5107));
#5325=CLOSED_SHELL('',(#5108,#5109,#5110,#5111,#5112,#5113,#5114,#5115,
#5116,#5117,#5118,#5119,#5120,#5121,#5122,#5123,#5124,#5125,#5126,#5127,
#5128,#5129,#5130,#5131,#5132,#5133,#5134));
#5326=CLOSED_SHELL('',(#5135,#5136,#5137,#5138,#5139,#5140,#5141,#5142,
#5143,#5144,#5145,#5146,#5147,#5148,#5149,#5150,#5151,#5152,#5153,#5154,
#5155,#5156,#5157,#5158,#5159,#5160));
#5327=CLOSED_SHELL('',(#5161,#5162,#5163,#5164,#5165,#5166,#5167,#5168,
#5169,#5170,#5171,#5172,#5173,#5174,#5175,#5176,#5177,#5178,#5179,#5180,
#5181,#5182,#5183,#5184,#5185,#5186,#5187,#5188,#5189,#5190,#5191,#5192,
#5193,#5194,#5195,#5196,#5197,#5198,#5199,#5200,#5201,#5202,#5203,#5204,
#5205,#5206,#5207,#5208,#5209,#5210,#5211,#5212,#5213,#5214,#5215,#5216,
#5217,#5218,#5219,#5220,#5221,#5222,#5223,#5224,#5225,#5226,#5227,#5228,
#5229,#5230,#5231,#5232,#5233,#5234,#5235,#5236,#5237,#5238,#5239,#5240,
#5241,#5242,#5243,#5244,#5245,#5246,#5247,#5248,#5249,#5250,#5251,#5252,
#5253,#5254,#5255,#5256,#5257,#5258,#5259,#5260,#5261,#5262,#5263,#5264,
#5265,#5266,#5267,#5268,#5269,#5270,#5271,#5272,#5273,#5274,#5275,#5276,
#5277,#5278,#5279,#5280,#5281,#5282,#5283,#5284,#5285,#5286,#5287,#5288,
#5289,#5290,#5291,#5292,#5293,#5294,#5295,#5296,#5297,#5298,#5299,#5300,
#5301,#5302,#5303,#5304,#5305,#5306,#5307,#5308,#5309,#5310,#5311,#5312,
#5313,#5314,#5315,#5316,#5317));
#5328=CLOSED_SHELL('',(#5318,#5319,#5320));
#5329=STYLED_ITEM('',(#5337),#5389);
#5330=STYLED_ITEM('',(#5338),#5390);
#5331=STYLED_ITEM('',(#5339),#5391);
#5332=STYLED_ITEM('',(#5340),#5392);
#5333=STYLED_ITEM('',(#5341),#5393);
#5334=STYLED_ITEM('',(#5342),#5394);
#5335=STYLED_ITEM('',(#5343),#5395);
#5336=STYLED_ITEM('',(#5344),#5396);
#5337=PRESENTATION_STYLE_ASSIGNMENT((#5345));
#5338=PRESENTATION_STYLE_ASSIGNMENT((#5346));
#5339=PRESENTATION_STYLE_ASSIGNMENT((#5347));
#5340=PRESENTATION_STYLE_ASSIGNMENT((#5348));
#5341=PRESENTATION_STYLE_ASSIGNMENT((#5349));
#5342=PRESENTATION_STYLE_ASSIGNMENT((#5350));
#5343=PRESENTATION_STYLE_ASSIGNMENT((#5351));
#5344=PRESENTATION_STYLE_ASSIGNMENT((#5352));
#5345=SURFACE_STYLE_USAGE(.BOTH.,#5353);
#5346=SURFACE_STYLE_USAGE(.BOTH.,#5354);
#5347=SURFACE_STYLE_USAGE(.BOTH.,#5355);
#5348=SURFACE_STYLE_USAGE(.BOTH.,#5356);
#5349=SURFACE_STYLE_USAGE(.BOTH.,#5357);
#5350=SURFACE_STYLE_USAGE(.BOTH.,#5358);
#5351=SURFACE_STYLE_USAGE(.BOTH.,#5359);
#5352=SURFACE_STYLE_USAGE(.BOTH.,#5360);
#5353=SURFACE_SIDE_STYLE('',(#5361));
#5354=SURFACE_SIDE_STYLE('',(#5362));
#5355=SURFACE_SIDE_STYLE('',(#5363));
#5356=SURFACE_SIDE_STYLE('',(#5364));
#5357=SURFACE_SIDE_STYLE('',(#5365));
#5358=SURFACE_SIDE_STYLE('',(#5366));
#5359=SURFACE_SIDE_STYLE('',(#5367));
#5360=SURFACE_SIDE_STYLE('',(#5368));
#5361=SURFACE_STYLE_FILL_AREA(#5369);
#5362=SURFACE_STYLE_FILL_AREA(#5370);
#5363=SURFACE_STYLE_FILL_AREA(#5371);
#5364=SURFACE_STYLE_FILL_AREA(#5372);
#5365=SURFACE_STYLE_FILL_AREA(#5373);
#5366=SURFACE_STYLE_FILL_AREA(#5374);
#5367=SURFACE_STYLE_FILL_AREA(#5375);
#5368=SURFACE_STYLE_FILL_AREA(#5376);
#5369=FILL_AREA_STYLE('',(#5377));
#5370=FILL_AREA_STYLE('',(#5378));
#5371=FILL_AREA_STYLE('',(#5379));
#5372=FILL_AREA_STYLE('',(#5380));
#5373=FILL_AREA_STYLE('',(#5381));
#5374=FILL_AREA_STYLE('',(#5382));
#5375=FILL_AREA_STYLE('',(#5383));
#5376=FILL_AREA_STYLE('',(#5384));
#5377=FILL_AREA_STYLE_COLOUR('',#5385);
#5378=FILL_AREA_STYLE_COLOUR('',#5386);
#5379=FILL_AREA_STYLE_COLOUR('',#5387);
#5380=FILL_AREA_STYLE_COLOUR('',#5386);
#5381=FILL_AREA_STYLE_COLOUR('',#5386);
#5382=FILL_AREA_STYLE_COLOUR('',#5386);
#5383=FILL_AREA_STYLE_COLOUR('',#5388);
#5384=FILL_AREA_STYLE_COLOUR('',#5385);
#5385=COLOUR_RGB('',0.372549019607843,0.654901960784314,0.23921568627451);
#5386=COLOUR_RGB('',0.980392156862745,0.796078431372549,0.262745098039216);
#5387=COLOUR_RGB('',0.917647058823529,0.917647058823529,0.917647058823529);
#5388=COLOUR_RGB('',0.901960784313726,0.87843137254902,0.811764705882353);
#5389=MANIFOLD_SOLID_BREP('3 - PM, Top',#5321);
#5390=MANIFOLD_SOLID_BREP('8 - Term 2',#5322);
#5391=MANIFOLD_SOLID_BREP('2 - Lens',#5323);
#5392=MANIFOLD_SOLID_BREP('7 - Term 1',#5324);
#5393=MANIFOLD_SOLID_BREP('5 - Term 3',#5325);
#5394=MANIFOLD_SOLID_BREP('6 - Term 4',#5326);
#5395=MANIFOLD_SOLID_BREP('1 - Sub',#5327);
#5396=MANIFOLD_SOLID_BREP('4 - PM, Bot',#5328);
#5397=SHAPE_DEFINITION_REPRESENTATION(#8899,#5406);
#5398=SHAPE_DEFINITION_REPRESENTATION(#8900,#5407);
#5399=SHAPE_DEFINITION_REPRESENTATION(#8902,#5408);
#5400=SHAPE_DEFINITION_REPRESENTATION(#8904,#5409);
#5401=SHAPE_DEFINITION_REPRESENTATION(#8906,#5410);
#5402=SHAPE_DEFINITION_REPRESENTATION(#8908,#5411);
#5403=SHAPE_DEFINITION_REPRESENTATION(#8910,#5412);
#5404=SHAPE_DEFINITION_REPRESENTATION(#8912,#5413);
#5405=SHAPE_DEFINITION_REPRESENTATION(#8914,#5414);
#5406=SHAPE_REPRESENTATION('QBLP600L-RGB-3189',(#5415,#5421,#5455,#5468,
#5511,#5551,#5588,#5842,#5848),#8878);
#5407=SHAPE_REPRESENTATION('3 - PM, Top',(#5415),#8879);
#5408=SHAPE_REPRESENTATION('8 - Term 2',(#5415),#8880);
#5409=SHAPE_REPRESENTATION('2 - Lens',(#5415),#8881);
#5410=SHAPE_REPRESENTATION('7 - Term 1',(#5415),#8882);
#5411=SHAPE_REPRESENTATION('5 - Term 3',(#5415),#8883);
#5412=SHAPE_REPRESENTATION('6 - Term 4',(#5415),#8884);
#5413=SHAPE_REPRESENTATION('1 - Sub',(#5415),#8885);
#5414=SHAPE_REPRESENTATION('4 - PM, Bot',(#5415),#8886);
#5415=AXIS2_PLACEMENT_3D('',#7322,#5849,#5850);
#5416=AXIS2_PLACEMENT_3D('',#7323,#5851,#5852);
#5417=AXIS2_PLACEMENT_3D('',#7324,#5853,#5854);
#5418=AXIS2_PLACEMENT_3D('',#7326,#5855,#5856);
#5419=AXIS2_PLACEMENT_3D('',#7328,#5857,#5858);
#5420=AXIS2_PLACEMENT_3D('',#7329,#5859,#5860);
#5421=AXIS2_PLACEMENT_3D('',#7330,#5861,#5862);
#5422=AXIS2_PLACEMENT_3D('',#7331,#5863,#5864);
#5423=AXIS2_PLACEMENT_3D('',#7332,#5865,#5866);
#5424=AXIS2_PLACEMENT_3D('',#7337,#5868,#5869);
#5425=AXIS2_PLACEMENT_3D('',#7340,#5871,#5872);
#5426=AXIS2_PLACEMENT_3D('',#7354,#5880,#5881);
#5427=AXIS2_PLACEMENT_3D('',#7355,#5882,#5883);
#5428=AXIS2_PLACEMENT_3D('',#7357,#5884,#5885);
#5429=AXIS2_PLACEMENT_3D('',#7360,#5887,#5888);
#5430=AXIS2_PLACEMENT_3D('',#7371,#5895,#5896);
#5431=AXIS2_PLACEMENT_3D('',#7372,#5897,#5898);
#5432=AXIS2_PLACEMENT_3D('',#7392,#5908,#5909);
#5433=AXIS2_PLACEMENT_3D('',#7393,#5910,#5911);
#5434=AXIS2_PLACEMENT_3D('',#7394,#5912,#5913);
#5435=AXIS2_PLACEMENT_3D('',#7401,#5917,#5918);
#5436=AXIS2_PLACEMENT_3D('',#7402,#5919,#5920);
#5437=AXIS2_PLACEMENT_3D('',#7405,#5922,#5923);
#5438=AXIS2_PLACEMENT_3D('',#7409,#5926,#5927);
#5439=AXIS2_PLACEMENT_3D('',#7413,#5930,#5931);
#5440=AXIS2_PLACEMENT_3D('',#7415,#5933,#5934);
#5441=AXIS2_PLACEMENT_3D('',#7416,#5935,#5936);
#5442=AXIS2_PLACEMENT_3D('',#7417,#5937,#5938);
#5443=AXIS2_PLACEMENT_3D('',#7420,#5940,#5941);
#5444=AXIS2_PLACEMENT_3D('',#7424,#5944,#5945);
#5445=AXIS2_PLACEMENT_3D('',#7428,#5948,#5949);
#5446=AXIS2_PLACEMENT_3D('',#7432,#5952,#5953);
#5447=AXIS2_PLACEMENT_3D('',#7436,#5956,#5957);
#5448=AXIS2_PLACEMENT_3D('',#7440,#5960,#5961);
#5449=AXIS2_PLACEMENT_3D('',#7444,#5964,#5965);
#5450=AXIS2_PLACEMENT_3D('',#7448,#5968,#5969);
#5451=AXIS2_PLACEMENT_3D('',#7452,#5972,#5973);
#5452=AXIS2_PLACEMENT_3D('',#7456,#5976,#5977);
#5453=AXIS2_PLACEMENT_3D('',#7457,#5978,#5979);
#5454=AXIS2_PLACEMENT_3D('',#7458,#5980,#5981);
#5455=AXIS2_PLACEMENT_3D('',#7459,#5982,#5983);
#5456=AXIS2_PLACEMENT_3D('',#7460,#5984,#5985);
#5457=AXIS2_PLACEMENT_3D('',#7469,#5990,#5991);
#5458=AXIS2_PLACEMENT_3D('',#7475,#5995,#5996);
#5459=AXIS2_PLACEMENT_3D('',#7476,#5997,#5998);
#5460=AXIS2_PLACEMENT_3D('',#7480,#6000,#6001);
#5461=AXIS2_PLACEMENT_3D('',#7481,#6002,#6003);
#5462=AXIS2_PLACEMENT_3D('',#7487,#6007,#6008);
#5463=AXIS2_PLACEMENT_3D('',#7488,#6009,#6010);
#5464=AXIS2_PLACEMENT_3D('',#7492,#6012,#6013);
#5465=AXIS2_PLACEMENT_3D('',#7493,#6014,#6015);
#5466=AXIS2_PLACEMENT_3D('',#7496,#6018,#6019);
#5467=AXIS2_PLACEMENT_3D('',#7497,#6020,#6021);
#5468=AXIS2_PLACEMENT_3D('',#7498,#6022,#6023);
#5469=AXIS2_PLACEMENT_3D('',#7499,#6024,#6025);
#5470=AXIS2_PLACEMENT_3D('',#7500,#6026,#6027);
#5471=AXIS2_PLACEMENT_3D('',#7505,#6029,#6030);
#5472=AXIS2_PLACEMENT_3D('',#7508,#6032,#6033);
#5473=AXIS2_PLACEMENT_3D('',#7522,#6041,#6042);
#5474=AXIS2_PLACEMENT_3D('',#7523,#6043,#6044);
#5475=AXIS2_PLACEMENT_3D('',#7527,#6046,#6047);
#5476=AXIS2_PLACEMENT_3D('',#7528,#6048,#6049);
#5477=AXIS2_PLACEMENT_3D('',#7539,#6056,#6057);
#5478=AXIS2_PLACEMENT_3D('',#7540,#6058,#6059);
#5479=AXIS2_PLACEMENT_3D('',#7566,#6072,#6073);
#5480=AXIS2_PLACEMENT_3D('',#7574,#6077,#6078);
#5481=AXIS2_PLACEMENT_3D('',#7575,#6079,#6080);
#5482=AXIS2_PLACEMENT_3D('',#7582,#6084,#6085);
#5483=AXIS2_PLACEMENT_3D('',#7583,#6086,#6087);
#5484=AXIS2_PLACEMENT_3D('',#7589,#6091,#6092);
#5485=AXIS2_PLACEMENT_3D('',#7590,#6093,#6094);
#5486=AXIS2_PLACEMENT_3D('',#7591,#6095,#6096);
#5487=AXIS2_PLACEMENT_3D('',#7595,#6099,#6100);
#5488=AXIS2_PLACEMENT_3D('',#7597,#6102,#6103);
#5489=AXIS2_PLACEMENT_3D('',#7598,#6104,#6105);
#5490=AXIS2_PLACEMENT_3D('',#7599,#6106,#6107);
#5491=AXIS2_PLACEMENT_3D('',#7602,#6109,#6110);
#5492=AXIS2_PLACEMENT_3D('',#7606,#6113,#6114);
#5493=AXIS2_PLACEMENT_3D('',#7610,#6117,#6118);
#5494=AXIS2_PLACEMENT_3D('',#7614,#6121,#6122);
#5495=AXIS2_PLACEMENT_3D('',#7618,#6125,#6126);
#5496=AXIS2_PLACEMENT_3D('',#7622,#6129,#6130);
#5497=AXIS2_PLACEMENT_3D('',#7626,#6133,#6134);
#5498=AXIS2_PLACEMENT_3D('',#7630,#6137,#6138);
#5499=AXIS2_PLACEMENT_3D('',#7634,#6141,#6142);
#5500=AXIS2_PLACEMENT_3D('',#7638,#6145,#6146);
#5501=AXIS2_PLACEMENT_3D('',#7642,#6149,#6150);
#5502=AXIS2_PLACEMENT_3D('',#7646,#6153,#6154);
#5503=AXIS2_PLACEMENT_3D('',#7650,#6157,#6158);
#5504=AXIS2_PLACEMENT_3D('',#7651,#6159,#6160);
#5505=AXIS2_PLACEMENT_3D('',#7654,#6162,#6163);
#5506=AXIS2_PLACEMENT_3D('',#7658,#6166,#6167);
#5507=AXIS2_PLACEMENT_3D('',#7662,#6170,#6171);
#5508=AXIS2_PLACEMENT_3D('',#7666,#6174,#6175);
#5509=AXIS2_PLACEMENT_3D('',#7667,#6176,#6177);
#5510=AXIS2_PLACEMENT_3D('',#7668,#6178,#6179);
#5511=AXIS2_PLACEMENT_3D('',#7669,#6180,#6181);
#5512=AXIS2_PLACEMENT_3D('',#7670,#6182,#6183);
#5513=AXIS2_PLACEMENT_3D('',#7671,#6184,#6185);
#5514=AXIS2_PLACEMENT_3D('',#7676,#6187,#6188);
#5515=AXIS2_PLACEMENT_3D('',#7679,#6190,#6191);
#5516=AXIS2_PLACEMENT_3D('',#7693,#6199,#6200);
#5517=AXIS2_PLACEMENT_3D('',#7694,#6201,#6202);
#5518=AXIS2_PLACEMENT_3D('',#7696,#6203,#6204);
#5519=AXIS2_PLACEMENT_3D('',#7699,#6206,#6207);
#5520=AXIS2_PLACEMENT_3D('',#7710,#6214,#6215);
#5521=AXIS2_PLACEMENT_3D('',#7711,#6216,#6217);
#5522=AXIS2_PLACEMENT_3D('',#7719,#6221,#6222);
#5523=AXIS2_PLACEMENT_3D('',#7739,#6232,#6233);
#5524=AXIS2_PLACEMENT_3D('',#7740,#6234,#6235);
#5525=AXIS2_PLACEMENT_3D('',#7741,#6236,#6237);
#5526=AXIS2_PLACEMENT_3D('',#7748,#6241,#6242);
#5527=AXIS2_PLACEMENT_3D('',#7749,#6243,#6244);
#5528=AXIS2_PLACEMENT_3D('',#7752,#6246,#6247);
#5529=AXIS2_PLACEMENT_3D('',#7756,#6250,#6251);
#5530=AXIS2_PLACEMENT_3D('',#7760,#6254,#6255);
#5531=AXIS2_PLACEMENT_3D('',#7762,#6257,#6258);
#5532=AXIS2_PLACEMENT_3D('',#7763,#6259,#6260);
#5533=AXIS2_PLACEMENT_3D('',#7764,#6261,#6262);
#5534=AXIS2_PLACEMENT_3D('',#7767,#6264,#6265);
#5535=AXIS2_PLACEMENT_3D('',#7771,#6268,#6269);
#5536=AXIS2_PLACEMENT_3D('',#7775,#6272,#6273);
#5537=AXIS2_PLACEMENT_3D('',#7779,#6276,#6277);
#5538=AXIS2_PLACEMENT_3D('',#7780,#6278,#6279);
#5539=AXIS2_PLACEMENT_3D('',#7783,#6281,#6282);
#5540=AXIS2_PLACEMENT_3D('',#7787,#6285,#6286);
#5541=AXIS2_PLACEMENT_3D('',#7791,#6289,#6290);
#5542=AXIS2_PLACEMENT_3D('',#7795,#6293,#6294);
#5543=AXIS2_PLACEMENT_3D('',#7799,#6297,#6298);
#5544=AXIS2_PLACEMENT_3D('',#7803,#6301,#6302);
#5545=AXIS2_PLACEMENT_3D('',#7807,#6305,#6306);
#5546=AXIS2_PLACEMENT_3D('',#7811,#6309,#6310);
#5547=AXIS2_PLACEMENT_3D('',#7815,#6313,#6314);
#5548=AXIS2_PLACEMENT_3D('',#7819,#6317,#6318);
#5549=AXIS2_PLACEMENT_3D('',#7820,#6319,#6320);
#5550=AXIS2_PLACEMENT_3D('',#7821,#6321,#6322);
#5551=AXIS2_PLACEMENT_3D('',#7822,#6323,#6324);
#5552=AXIS2_PLACEMENT_3D('',#7823,#6325,#6326);
#5553=AXIS2_PLACEMENT_3D('',#7824,#6327,#6328);
#5554=AXIS2_PLACEMENT_3D('',#7829,#6330,#6331);
#5555=AXIS2_PLACEMENT_3D('',#7832,#6333,#6334);
#5556=AXIS2_PLACEMENT_3D('',#7846,#6342,#6343);
#5557=AXIS2_PLACEMENT_3D('',#7847,#6344,#6345);
#5558=AXIS2_PLACEMENT_3D('',#7851,#6347,#6348);
#5559=AXIS2_PLACEMENT_3D('',#7852,#6349,#6350);
#5560=AXIS2_PLACEMENT_3D('',#7863,#6357,#6358);
#5561=AXIS2_PLACEMENT_3D('',#7864,#6359,#6360);
#5562=AXIS2_PLACEMENT_3D('',#7890,#6373,#6374);
#5563=AXIS2_PLACEMENT_3D('',#7891,#6375,#6376);
#5564=AXIS2_PLACEMENT_3D('',#7898,#6380,#6381);
#5565=AXIS2_PLACEMENT_3D('',#7899,#6382,#6383);
#5566=AXIS2_PLACEMENT_3D('',#7905,#6387,#6388);
#5567=AXIS2_PLACEMENT_3D('',#7906,#6389,#6390);
#5568=AXIS2_PLACEMENT_3D('',#7907,#6391,#6392);
#5569=AXIS2_PLACEMENT_3D('',#7911,#6395,#6396);
#5570=AXIS2_PLACEMENT_3D('',#7913,#6398,#6399);
#5571=AXIS2_PLACEMENT_3D('',#7914,#6400,#6401);
#5572=AXIS2_PLACEMENT_3D('',#7915,#6402,#6403);
#5573=AXIS2_PLACEMENT_3D('',#7918,#6405,#6406);
#5574=AXIS2_PLACEMENT_3D('',#7922,#6409,#6410);
#5575=AXIS2_PLACEMENT_3D('',#7926,#6413,#6414);
#5576=AXIS2_PLACEMENT_3D('',#7930,#6417,#6418);
#5577=AXIS2_PLACEMENT_3D('',#7934,#6421,#6422);
#5578=AXIS2_PLACEMENT_3D('',#7938,#6425,#6426);
#5579=AXIS2_PLACEMENT_3D('',#7942,#6429,#6430);
#5580=AXIS2_PLACEMENT_3D('',#7946,#6433,#6434);
#5581=AXIS2_PLACEMENT_3D('',#7950,#6437,#6438);
#5582=AXIS2_PLACEMENT_3D('',#7954,#6441,#6442);
#5583=AXIS2_PLACEMENT_3D('',#7958,#6445,#6446);
#5584=AXIS2_PLACEMENT_3D('',#7962,#6449,#6450);
#5585=AXIS2_PLACEMENT_3D('',#7966,#6453,#6454);
#5586=AXIS2_PLACEMENT_3D('',#7967,#6455,#6456);
#5587=AXIS2_PLACEMENT_3D('',#7968,#6457,#6458);
#5588=AXIS2_PLACEMENT_3D('',#7969,#6459,#6460);
#5589=AXIS2_PLACEMENT_3D('',#7970,#6461,#6462);
#5590=AXIS2_PLACEMENT_3D('',#7971,#6463,#6464);
#5591=AXIS2_PLACEMENT_3D('',#7974,#6465,#6466);
#5592=AXIS2_PLACEMENT_3D('',#7976,#6467,#6468);
#5593=AXIS2_PLACEMENT_3D('',#7986,#6473,#6474);
#5594=AXIS2_PLACEMENT_3D('',#7988,#6475,#6476);
#5595=AXIS2_PLACEMENT_3D('',#7990,#6477,#6478);
#5596=AXIS2_PLACEMENT_3D('',#7992,#6479,#6480);
#5597=AXIS2_PLACEMENT_3D('',#7994,#6481,#6482);
#5598=AXIS2_PLACEMENT_3D('',#8040,#6505,#6506);
#5599=AXIS2_PLACEMENT_3D('',#8042,#6507,#6508);
#5600=AXIS2_PLACEMENT_3D('',#8044,#6509,#6510);
#5601=AXIS2_PLACEMENT_3D('',#8054,#6512,#6513);
#5602=AXIS2_PLACEMENT_3D('',#8056,#6514,#6515);
#5603=AXIS2_PLACEMENT_3D('',#8058,#6516,#6517);
#5604=AXIS2_PLACEMENT_3D('',#8060,#6518,#6519);
#5605=AXIS2_PLACEMENT_3D('',#8063,#6521,#6522);
#5606=AXIS2_PLACEMENT_3D('',#8080,#6531,#6532);
#5607=AXIS2_PLACEMENT_3D('',#8105,#6545,#6546);
#5608=AXIS2_PLACEMENT_3D('',#8130,#6559,#6560);
#5609=AXIS2_PLACEMENT_3D('',#8147,#6569,#6570);
#5610=AXIS2_PLACEMENT_3D('',#8148,#6571,#6572);
#5611=AXIS2_PLACEMENT_3D('',#8150,#6573,#6574);
#5612=AXIS2_PLACEMENT_3D('',#8152,#6575,#6576);
#5613=AXIS2_PLACEMENT_3D('',#8153,#6577,#6578);
#5614=AXIS2_PLACEMENT_3D('',#8167,#6586,#6587);
#5615=AXIS2_PLACEMENT_3D('',#8168,#6588,#6589);
#5616=AXIS2_PLACEMENT_3D('',#8170,#6590,#6591);
#5617=AXIS2_PLACEMENT_3D('',#8190,#6601,#6602);
#5618=AXIS2_PLACEMENT_3D('',#8207,#6611,#6612);
#5619=AXIS2_PLACEMENT_3D('',#8208,#6613,#6614);
#5620=AXIS2_PLACEMENT_3D('',#8228,#6624,#6625);
#5621=AXIS2_PLACEMENT_3D('',#8244,#6634,#6635);
#5622=AXIS2_PLACEMENT_3D('',#8252,#6639,#6640);
#5623=AXIS2_PLACEMENT_3D('',#8259,#6644,#6645);
#5624=AXIS2_PLACEMENT_3D('',#8264,#6648,#6649);
#5625=AXIS2_PLACEMENT_3D('',#8265,#6650,#6651);
#5626=AXIS2_PLACEMENT_3D('',#8266,#6652,#6653);
#5627=AXIS2_PLACEMENT_3D('',#8271,#6656,#6657);
#5628=AXIS2_PLACEMENT_3D('',#8272,#6658,#6659);
#5629=AXIS2_PLACEMENT_3D('',#8274,#6660,#6661);
#5630=AXIS2_PLACEMENT_3D('',#8289,#6669,#6670);
#5631=AXIS2_PLACEMENT_3D('',#8290,#6671,#6672);
#5632=AXIS2_PLACEMENT_3D('',#8303,#6680,#6681);
#5633=AXIS2_PLACEMENT_3D('',#8305,#6682,#6683);
#5634=AXIS2_PLACEMENT_3D('',#8315,#6689,#6690);
#5635=AXIS2_PLACEMENT_3D('',#8320,#6693,#6694);
#5636=AXIS2_PLACEMENT_3D('',#8325,#6697,#6698);
#5637=AXIS2_PLACEMENT_3D('',#8336,#6705,#6706);
#5638=AXIS2_PLACEMENT_3D('',#8339,#6708,#6709);
#5639=AXIS2_PLACEMENT_3D('',#8340,#6710,#6711);
#5640=AXIS2_PLACEMENT_3D('',#8344,#6714,#6715);
#5641=AXIS2_PLACEMENT_3D('',#8348,#6718,#6719);
#5642=AXIS2_PLACEMENT_3D('',#8352,#6722,#6723);
#5643=AXIS2_PLACEMENT_3D('',#8356,#6726,#6727);
#5644=AXIS2_PLACEMENT_3D('',#8360,#6730,#6731);
#5645=AXIS2_PLACEMENT_3D('',#8364,#6734,#6735);
#5646=AXIS2_PLACEMENT_3D('',#8366,#6737,#6738);
#5647=AXIS2_PLACEMENT_3D('',#8370,#6741,#6742);
#5648=AXIS2_PLACEMENT_3D('',#8374,#6745,#6746);
#5649=AXIS2_PLACEMENT_3D('',#8378,#6749,#6750);
#5650=AXIS2_PLACEMENT_3D('',#8382,#6753,#6754);
#5651=AXIS2_PLACEMENT_3D('',#8385,#6756,#6757);
#5652=AXIS2_PLACEMENT_3D('',#8386,#6758,#6759);
#5653=AXIS2_PLACEMENT_3D('',#8388,#6761,#6762);
#5654=AXIS2_PLACEMENT_3D('',#8392,#6765,#6766);
#5655=AXIS2_PLACEMENT_3D('',#8393,#6767,#6768);
#5656=AXIS2_PLACEMENT_3D('',#8394,#6769,#6770);
#5657=AXIS2_PLACEMENT_3D('',#8395,#6771,#6772);
#5658=AXIS2_PLACEMENT_3D('',#8396,#6773,#6774);
#5659=AXIS2_PLACEMENT_3D('',#8399,#6776,#6777);
#5660=AXIS2_PLACEMENT_3D('',#8400,#6778,#6779);
#5661=AXIS2_PLACEMENT_3D('',#8404,#6782,#6783);
#5662=AXIS2_PLACEMENT_3D('',#8408,#6786,#6787);
#5663=AXIS2_PLACEMENT_3D('',#8412,#6790,#6791);
#5664=AXIS2_PLACEMENT_3D('',#8416,#6794,#6795);
#5665=AXIS2_PLACEMENT_3D('',#8420,#6798,#6799);
#5666=AXIS2_PLACEMENT_3D('',#8424,#6802,#6803);
#5667=AXIS2_PLACEMENT_3D('',#8426,#6805,#6806);
#5668=AXIS2_PLACEMENT_3D('',#8430,#6809,#6810);
#5669=AXIS2_PLACEMENT_3D('',#8434,#6813,#6814);
#5670=AXIS2_PLACEMENT_3D('',#8438,#6817,#6818);
#5671=AXIS2_PLACEMENT_3D('',#8442,#6821,#6822);
#5672=AXIS2_PLACEMENT_3D('',#8443,#6823,#6824);
#5673=AXIS2_PLACEMENT_3D('',#8444,#6825,#6826);
#5674=AXIS2_PLACEMENT_3D('',#8445,#6827,#6828);
#5675=AXIS2_PLACEMENT_3D('',#8446,#6829,#6830);
#5676=AXIS2_PLACEMENT_3D('',#8449,#6832,#6833);
#5677=AXIS2_PLACEMENT_3D('',#8450,#6834,#6835);
#5678=AXIS2_PLACEMENT_3D('',#8452,#6837,#6838);
#5679=AXIS2_PLACEMENT_3D('',#8456,#6841,#6842);
#5680=AXIS2_PLACEMENT_3D('',#8459,#6844,#6845);
#5681=AXIS2_PLACEMENT_3D('',#8460,#6846,#6847);
#5682=AXIS2_PLACEMENT_3D('',#8464,#6850,#6851);
#5683=AXIS2_PLACEMENT_3D('',#8468,#6854,#6855);
#5684=AXIS2_PLACEMENT_3D('',#8472,#6858,#6859);
#5685=AXIS2_PLACEMENT_3D('',#8476,#6862,#6863);
#5686=AXIS2_PLACEMENT_3D('',#8480,#6866,#6867);
#5687=AXIS2_PLACEMENT_3D('',#8484,#6870,#6871);
#5688=AXIS2_PLACEMENT_3D('',#8488,#6874,#6875);
#5689=AXIS2_PLACEMENT_3D('',#8492,#6878,#6879);
#5690=AXIS2_PLACEMENT_3D('',#8496,#6882,#6883);
#5691=AXIS2_PLACEMENT_3D('',#8497,#6884,#6885);
#5692=AXIS2_PLACEMENT_3D('',#8498,#6886,#6887);
#5693=AXIS2_PLACEMENT_3D('',#8499,#6888,#6889);
#5694=AXIS2_PLACEMENT_3D('',#8500,#6890,#6891);
#5695=AXIS2_PLACEMENT_3D('',#8501,#6892,#6893);
#5696=AXIS2_PLACEMENT_3D('',#8503,#6894,#6895);
#5697=AXIS2_PLACEMENT_3D('',#8504,#6896,#6897);
#5698=AXIS2_PLACEMENT_3D('',#8507,#6899,#6900);
#5699=AXIS2_PLACEMENT_3D('',#8508,#6901,#6902);
#5700=AXIS2_PLACEMENT_3D('',#8512,#6905,#6906);
#5701=AXIS2_PLACEMENT_3D('',#8516,#6909,#6910);
#5702=AXIS2_PLACEMENT_3D('',#8518,#6912,#6913);
#5703=AXIS2_PLACEMENT_3D('',#8519,#6914,#6915);
#5704=AXIS2_PLACEMENT_3D('',#8520,#6916,#6917);
#5705=AXIS2_PLACEMENT_3D('',#8526,#6921,#6922);
#5706=AXIS2_PLACEMENT_3D('',#8527,#6923,#6924);
#5707=AXIS2_PLACEMENT_3D('',#8528,#6925,#6926);
#5708=AXIS2_PLACEMENT_3D('',#8532,#6929,#6930);
#5709=AXIS2_PLACEMENT_3D('',#8534,#6932,#6933);
#5710=AXIS2_PLACEMENT_3D('',#8535,#6934,#6935);
#5711=AXIS2_PLACEMENT_3D('',#8536,#6936,#6937);
#5712=AXIS2_PLACEMENT_3D('',#8542,#6941,#6942);
#5713=AXIS2_PLACEMENT_3D('',#8543,#6943,#6944);
#5714=AXIS2_PLACEMENT_3D('',#8544,#6945,#6946);
#5715=AXIS2_PLACEMENT_3D('',#8548,#6949,#6950);
#5716=AXIS2_PLACEMENT_3D('',#8550,#6952,#6953);
#5717=AXIS2_PLACEMENT_3D('',#8551,#6954,#6955);
#5718=AXIS2_PLACEMENT_3D('',#8552,#6956,#6957);
#5719=AXIS2_PLACEMENT_3D('',#8555,#6959,#6960);
#5720=AXIS2_PLACEMENT_3D('',#8556,#6961,#6962);
#5721=AXIS2_PLACEMENT_3D('',#8560,#6965,#6966);
#5722=AXIS2_PLACEMENT_3D('',#8564,#6969,#6970);
#5723=AXIS2_PLACEMENT_3D('',#8566,#6972,#6973);
#5724=AXIS2_PLACEMENT_3D('',#8567,#6974,#6975);
#5725=AXIS2_PLACEMENT_3D('',#8568,#6976,#6977);
#5726=AXIS2_PLACEMENT_3D('',#8571,#6979,#6980);
#5727=AXIS2_PLACEMENT_3D('',#8572,#6981,#6982);
#5728=AXIS2_PLACEMENT_3D('',#8576,#6985,#6986);
#5729=AXIS2_PLACEMENT_3D('',#8580,#6989,#6990);
#5730=AXIS2_PLACEMENT_3D('',#8584,#6993,#6994);
#5731=AXIS2_PLACEMENT_3D('',#8588,#6997,#6998);
#5732=AXIS2_PLACEMENT_3D('',#8592,#7001,#7002);
#5733=AXIS2_PLACEMENT_3D('',#8596,#7005,#7006);
#5734=AXIS2_PLACEMENT_3D('',#8600,#7009,#7010);
#5735=AXIS2_PLACEMENT_3D('',#8604,#7013,#7014);
#5736=AXIS2_PLACEMENT_3D('',#8608,#7017,#7018);
#5737=AXIS2_PLACEMENT_3D('',#8609,#7019,#7020);
#5738=AXIS2_PLACEMENT_3D('',#8610,#7021,#7022);
#5739=AXIS2_PLACEMENT_3D('',#8611,#7023,#7024);
#5740=AXIS2_PLACEMENT_3D('',#8612,#7025,#7026);
#5741=AXIS2_PLACEMENT_3D('',#8613,#7027,#7028);
#5742=AXIS2_PLACEMENT_3D('',#8614,#7029,#7030);
#5743=AXIS2_PLACEMENT_3D('',#8615,#7031,#7032);
#5744=AXIS2_PLACEMENT_3D('',#8616,#7033,#7034);
#5745=AXIS2_PLACEMENT_3D('',#8622,#7038,#7039);
#5746=AXIS2_PLACEMENT_3D('',#8626,#7042,#7043);
#5747=AXIS2_PLACEMENT_3D('',#8630,#7046,#7047);
#5748=AXIS2_PLACEMENT_3D('',#8634,#7050,#7051);
#5749=AXIS2_PLACEMENT_3D('',#8638,#7054,#7055);
#5750=AXIS2_PLACEMENT_3D('',#8642,#7058,#7059);
#5751=AXIS2_PLACEMENT_3D('',#8646,#7062,#7063);
#5752=AXIS2_PLACEMENT_3D('',#8648,#7065,#7066);
#5753=AXIS2_PLACEMENT_3D('',#8649,#7067,#7068);
#5754=AXIS2_PLACEMENT_3D('',#8650,#7069,#7070);
#5755=AXIS2_PLACEMENT_3D('',#8655,#7072,#7073);
#5756=AXIS2_PLACEMENT_3D('',#8658,#7075,#7076);
#5757=AXIS2_PLACEMENT_3D('',#8659,#7077,#7078);
#5758=AXIS2_PLACEMENT_3D('',#8663,#7080,#7081);
#5759=AXIS2_PLACEMENT_3D('',#8664,#7082,#7083);
#5760=AXIS2_PLACEMENT_3D('',#8665,#7084,#7085);
#5761=AXIS2_PLACEMENT_3D('',#8669,#7087,#7088);
#5762=AXIS2_PLACEMENT_3D('',#8670,#7089,#7090);
#5763=AXIS2_PLACEMENT_3D('',#8671,#7091,#7092);
#5764=AXIS2_PLACEMENT_3D('',#8675,#7094,#7095);
#5765=AXIS2_PLACEMENT_3D('',#8676,#7096,#7097);
#5766=AXIS2_PLACEMENT_3D('',#8677,#7098,#7099);
#5767=AXIS2_PLACEMENT_3D('',#8681,#7101,#7102);
#5768=AXIS2_PLACEMENT_3D('',#8682,#7103,#7104);
#5769=AXIS2_PLACEMENT_3D('',#8685,#7106,#7107);
#5770=AXIS2_PLACEMENT_3D('',#8688,#7109,#7110);
#5771=AXIS2_PLACEMENT_3D('',#8691,#7112,#7113);
#5772=AXIS2_PLACEMENT_3D('',#8692,#7114,#7115);
#5773=AXIS2_PLACEMENT_3D('',#8695,#7117,#7118);
#5774=AXIS2_PLACEMENT_3D('',#8696,#7119,#7120);
#5775=AXIS2_PLACEMENT_3D('',#8699,#7122,#7123);
#5776=AXIS2_PLACEMENT_3D('',#8700,#7124,#7125);
#5777=AXIS2_PLACEMENT_3D('',#8703,#7127,#7128);
#5778=AXIS2_PLACEMENT_3D('',#8704,#7129,#7130);
#5779=AXIS2_PLACEMENT_3D('',#8707,#7132,#7133);
#5780=AXIS2_PLACEMENT_3D('',#8708,#7134,#7135);
#5781=AXIS2_PLACEMENT_3D('',#8711,#7137,#7138);
#5782=AXIS2_PLACEMENT_3D('',#8712,#7139,#7140);
#5783=AXIS2_PLACEMENT_3D('',#8716,#7143,#7144);
#5784=AXIS2_PLACEMENT_3D('',#8720,#7147,#7148);
#5785=AXIS2_PLACEMENT_3D('',#8724,#7151,#7152);
#5786=AXIS2_PLACEMENT_3D('',#8728,#7155,#7156);
#5787=AXIS2_PLACEMENT_3D('',#8729,#7157,#7158);
#5788=AXIS2_PLACEMENT_3D('',#8730,#7159,#7160);
#5789=AXIS2_PLACEMENT_3D('',#8731,#7161,#7162);
#5790=AXIS2_PLACEMENT_3D('',#8732,#7163,#7164);
#5791=AXIS2_PLACEMENT_3D('',#8733,#7165,#7166);
#5792=AXIS2_PLACEMENT_3D('',#8734,#7167,#7168);
#5793=AXIS2_PLACEMENT_3D('',#8743,#7173,#7174);
#5794=AXIS2_PLACEMENT_3D('',#8749,#7178,#7179);
#5795=AXIS2_PLACEMENT_3D('',#8750,#7180,#7181);
#5796=AXIS2_PLACEMENT_3D('',#8754,#7183,#7184);
#5797=AXIS2_PLACEMENT_3D('',#8755,#7185,#7186);
#5798=AXIS2_PLACEMENT_3D('',#8756,#7187,#7188);
#5799=AXIS2_PLACEMENT_3D('',#8760,#7190,#7191);
#5800=AXIS2_PLACEMENT_3D('',#8761,#7192,#7193);
#5801=AXIS2_PLACEMENT_3D('',#8762,#7194,#7195);
#5802=AXIS2_PLACEMENT_3D('',#8766,#7197,#7198);
#5803=AXIS2_PLACEMENT_3D('',#8767,#7199,#7200);
#5804=AXIS2_PLACEMENT_3D('',#8776,#7205,#7206);
#5805=AXIS2_PLACEMENT_3D('',#8782,#7210,#7211);
#5806=AXIS2_PLACEMENT_3D('',#8788,#7215,#7216);
#5807=AXIS2_PLACEMENT_3D('',#8789,#7217,#7218);
#5808=AXIS2_PLACEMENT_3D('',#8793,#7220,#7221);
#5809=AXIS2_PLACEMENT_3D('',#8794,#7222,#7223);
#5810=AXIS2_PLACEMENT_3D('',#8795,#7224,#7225);
#5811=AXIS2_PLACEMENT_3D('',#8799,#7227,#7228);
#5812=AXIS2_PLACEMENT_3D('',#8800,#7229,#7230);
#5813=AXIS2_PLACEMENT_3D('',#8801,#7231,#7232);
#5814=AXIS2_PLACEMENT_3D('',#8805,#7234,#7235);
#5815=AXIS2_PLACEMENT_3D('',#8806,#7236,#7237);
#5816=AXIS2_PLACEMENT_3D('',#8812,#7241,#7242);
#5817=AXIS2_PLACEMENT_3D('',#8816,#7245,#7246);
#5818=AXIS2_PLACEMENT_3D('',#8820,#7249,#7250);
#5819=AXIS2_PLACEMENT_3D('',#8823,#7252,#7253);
#5820=AXIS2_PLACEMENT_3D('',#8824,#7254,#7255);
#5821=AXIS2_PLACEMENT_3D('',#8827,#7257,#7258);
#5822=AXIS2_PLACEMENT_3D('',#8828,#7259,#7260);
#5823=AXIS2_PLACEMENT_3D('',#8831,#7262,#7263);
#5824=AXIS2_PLACEMENT_3D('',#8832,#7264,#7265);
#5825=AXIS2_PLACEMENT_3D('',#8835,#7267,#7268);
#5826=AXIS2_PLACEMENT_3D('',#8836,#7269,#7270);
#5827=AXIS2_PLACEMENT_3D('',#8840,#7273,#7274);
#5828=AXIS2_PLACEMENT_3D('',#8848,#7276,#7277);
#5829=AXIS2_PLACEMENT_3D('',#8851,#7279,#7280);
#5830=AXIS2_PLACEMENT_3D('',#8852,#7281,#7282);
#5831=AXIS2_PLACEMENT_3D('',#8855,#7284,#7285);
#5832=AXIS2_PLACEMENT_3D('',#8856,#7286,#7287);
#5833=AXIS2_PLACEMENT_3D('',#8857,#7288,#7289);
#5834=AXIS2_PLACEMENT_3D('',#8858,#7290,#7291);
#5835=AXIS2_PLACEMENT_3D('',#8859,#7292,#7293);
#5836=AXIS2_PLACEMENT_3D('',#8860,#7294,#7295);
#5837=AXIS2_PLACEMENT_3D('',#8861,#7296,#7297);
#5838=AXIS2_PLACEMENT_3D('',#8864,#7300,#7301);
#5839=AXIS2_PLACEMENT_3D('',#8865,#7302,#7303);
#5840=AXIS2_PLACEMENT_3D('',#8866,#7304,#7305);
#5841=AXIS2_PLACEMENT_3D('',#8867,#7306,#7307);
#5842=AXIS2_PLACEMENT_3D('',#8868,#7308,#7309);
#5843=AXIS2_PLACEMENT_3D('',#8869,#7310,#7311);
#5844=AXIS2_PLACEMENT_3D('',#8870,#7312,#7313);
#5845=AXIS2_PLACEMENT_3D('',#8872,#7314,#7315);
#5846=AXIS2_PLACEMENT_3D('',#8874,#7316,#7317);
#5847=AXIS2_PLACEMENT_3D('',#8875,#7318,#7319);
#5848=AXIS2_PLACEMENT_3D('',#8876,#7320,#7321);
#5849=DIRECTION('',(0.,0.,1.));
#5850=DIRECTION('',(1.,0.,0.));
#5851=DIRECTION('',(-4.92819169311593E-17,0.,1.));
#5852=DIRECTION('',(1.,0.,4.92819169311593E-17));
#5853=DIRECTION('',(-4.92819169311593E-17,0.,1.));
#5854=DIRECTION('',(1.,0.,4.92819169311593E-17));
#5855=DIRECTION('',(-4.92819169311593E-17,0.,1.));
#5856=DIRECTION('',(1.,0.,4.92819169311593E-17));
#5857=DIRECTION('',(-4.92819169311593E-17,0.,1.));
#5858=DIRECTION('',(1.,0.,4.92819169311593E-17));
#5859=DIRECTION('',(-4.92819169311593E-17,0.,1.));
#5860=DIRECTION('',(1.,0.,4.92819169311593E-17));
#5861=DIRECTION('',(0.,0.,1.));
#5862=DIRECTION('',(1.,0.,0.));
#5863=DIRECTION('',(-6.7762635780344E-17,0.,-1.));
#5864=DIRECTION('',(1.,0.,-6.7762635780344E-17));
#5865=DIRECTION('',(-4.92819169311593E-17,0.,1.));
#5866=DIRECTION('',(1.,0.,4.92819169311593E-17));
#5867=DIRECTION('',(-6.7762635780344E-17,0.,-1.));
#5868=DIRECTION('',(6.7762635780344E-17,0.,-1.));
#5869=DIRECTION('',(-1.,0.,-6.7762635780344E-17));
#5870=DIRECTION('',(-6.7762635780344E-17,0.,-1.));
#5871=DIRECTION('',(1.,0.,-6.7762635780344E-17));
#5872=DIRECTION('',(6.7762635780344E-17,0.,1.));
#5873=DIRECTION('',(0.,-1.,0.));
#5874=DIRECTION('',(6.7762635780344E-17,0.,-1.));
#5875=DIRECTION('',(0.,1.,0.));
#5876=DIRECTION('',(0.,1.,0.));
#5877=DIRECTION('',(-4.92819169311593E-17,0.,1.));
#5878=DIRECTION('',(0.,-1.,0.));
#5879=DIRECTION('',(-6.7762635780344E-17,0.,-1.));
#5880=DIRECTION('',(-6.7762635780344E-17,0.,-1.));
#5881=DIRECTION('',(1.,0.,-6.7762635780344E-17));
#5882=DIRECTION('',(-6.7762635780344E-17,0.,-1.));
#5883=DIRECTION('',(1.,0.,-6.7762635780344E-17));
#5884=DIRECTION('',(-6.7762635780344E-17,0.,-1.));
#5885=DIRECTION('',(1.,0.,-6.7762635780344E-17));
#5886=DIRECTION('',(-6.7762635780344E-17,0.,-1.));
#5887=DIRECTION('',(1.,0.,-6.7762635780344E-17));
#5888=DIRECTION('',(6.7762635780344E-17,0.,1.));
#5889=DIRECTION('',(0.,-1.,0.));
#5890=DIRECTION('',(0.,-1.,0.));
#5891=DIRECTION('',(-4.92819169311593E-17,0.,1.));
#5892=DIRECTION('',(0.,1.,0.));
#5893=DIRECTION('',(0.,1.,0.));
#5894=DIRECTION('',(6.7762635780344E-17,0.,-1.));
#5895=DIRECTION('',(-6.7762635780344E-17,0.,-1.));
#5896=DIRECTION('',(-1.,0.,6.7762635780344E-17));
#5897=DIRECTION('',(-4.92819169311593E-17,0.,1.));
#5898=DIRECTION('',(1.,0.,4.92819169311593E-17));
#5899=DIRECTION('',(1.,0.,4.92819169311593E-17));
#5900=DIRECTION('',(0.,1.,0.));
#5901=DIRECTION('',(-1.,0.,-4.92819169311593E-17));
#5902=DIRECTION('',(0.,-1.,0.));
#5903=DIRECTION('',(-1.,0.,-4.92819169311593E-17));
#5904=DIRECTION('',(0.,-1.,0.));
#5905=DIRECTION('',(1.,0.,4.92819169311593E-17));
#5906=DIRECTION('',(0.,1.,0.));
#5907=DIRECTION('',(1.,0.,4.92819169311593E-17));
#5908=DIRECTION('',(-4.92819169311593E-17,0.,1.));
#5909=DIRECTION('',(1.,0.,4.92819169311593E-17));
#5910=DIRECTION('',(-6.7762635780344E-17,0.,-1.));
#5911=DIRECTION('',(-1.,0.,6.7762635780344E-17));
#5912=DIRECTION('',(6.7762635780344E-17,0.,-1.));
#5913=DIRECTION('',(-1.,0.,-6.7762635780344E-17));
#5914=DIRECTION('',(-1.,-1.82643233119693E-13,-6.7762635780344E-17));
#5915=DIRECTION('',(0.,1.,0.));
#5916=DIRECTION('',(1.,0.,6.7762635780344E-17));
#5917=DIRECTION('',(6.7762635780344E-17,0.,-1.));
#5918=DIRECTION('',(-1.,0.,-6.7762635780344E-17));
#5919=DIRECTION('',(6.7762635780344E-17,0.,-1.));
#5920=DIRECTION('',(-1.,0.,-6.7762635780344E-17));
#5921=DIRECTION('',(6.7762635780344E-17,0.,-1.));
#5922=DIRECTION('',(1.82643233119693E-13,-1.,1.23763868836342E-29));
#5923=DIRECTION('',(1.,1.82643233119693E-13,0.));
#5924=DIRECTION('',(-1.,-1.82643233119693E-13,-6.7762635780344E-17));
#5925=DIRECTION('',(6.7762635780344E-17,0.,-1.));
#5926=DIRECTION('',(-1.,0.,-6.7762635780344E-17));
#5927=DIRECTION('',(-6.7762635780344E-17,0.,1.));
#5928=DIRECTION('',(0.,1.,0.));
#5929=DIRECTION('',(6.7762635780344E-17,0.,-1.));
#5930=DIRECTION('',(0.,1.,0.));
#5931=DIRECTION('',(0.,0.,1.));
#5932=DIRECTION('',(1.,0.,6.7762635780344E-17));
#5933=DIRECTION('',(6.7762635780344E-17,0.,-1.));
#5934=DIRECTION('',(1.,0.,6.7762635780344E-17));
#5935=DIRECTION('',(-4.92819169311593E-17,0.,1.));
#5936=DIRECTION('',(1.,0.,4.92819169311593E-17));
#5937=DIRECTION('',(-4.92819169311593E-17,0.,1.));
#5938=DIRECTION('',(1.,0.,4.92819169311593E-17));
#5939=DIRECTION('',(-4.92819169311593E-17,0.,1.));
#5940=DIRECTION('',(0.,-1.,0.));
#5941=DIRECTION('',(0.,0.,-1.));
#5942=DIRECTION('',(1.,0.,4.92819169311593E-17));
#5943=DIRECTION('',(-4.92819169311593E-17,0.,1.));
#5944=DIRECTION('',(1.,0.,4.92819169311593E-17));
#5945=DIRECTION('',(4.92819169311593E-17,0.,-1.));
#5946=DIRECTION('',(0.,1.,0.));
#5947=DIRECTION('',(-4.92819169311593E-17,0.,1.));
#5948=DIRECTION('',(0.,1.,0.));
#5949=DIRECTION('',(0.,0.,1.));
#5950=DIRECTION('',(-1.,0.,-4.92819169311593E-17));
#5951=DIRECTION('',(-4.92819169311593E-17,0.,1.));
#5952=DIRECTION('',(-1.,0.,-4.92819169311593E-17));
#5953=DIRECTION('',(-4.92819169311593E-17,0.,1.));
#5954=DIRECTION('',(0.,-1.,0.));
#5955=DIRECTION('',(-4.92819169311593E-17,0.,1.));
#5956=DIRECTION('',(0.,1.,0.));
#5957=DIRECTION('',(0.,0.,1.));
#5958=DIRECTION('',(-1.,0.,-4.92819169311593E-17));
#5959=DIRECTION('',(-4.92819169311593E-17,0.,1.));
#5960=DIRECTION('',(-1.,0.,-4.92819169311593E-17));
#5961=DIRECTION('',(-4.92819169311593E-17,0.,1.));
#5962=DIRECTION('',(0.,-1.,0.));
#5963=DIRECTION('',(-4.92819169311593E-17,0.,1.));
#5964=DIRECTION('',(0.,-1.,0.));
#5965=DIRECTION('',(0.,0.,-1.));
#5966=DIRECTION('',(1.,0.,4.92819169311593E-17));
#5967=DIRECTION('',(-4.92819169311593E-17,0.,1.));
#5968=DIRECTION('',(1.,0.,4.92819169311593E-17));
#5969=DIRECTION('',(4.92819169311593E-17,0.,-1.));
#5970=DIRECTION('',(0.,1.,0.));
#5971=DIRECTION('',(-4.92819169311593E-17,0.,1.));
#5972=DIRECTION('',(0.,-1.,0.));
#5973=DIRECTION('',(0.,0.,-1.));
#5974=DIRECTION('',(1.,0.,4.92819169311593E-17));
#5975=DIRECTION('',(-4.92819169311593E-17,0.,1.));
#5976=DIRECTION('',(-4.92819169311593E-17,0.,1.));
#5977=DIRECTION('',(1.,0.,4.92819169311593E-17));
#5978=DIRECTION('',(-4.92819169311593E-17,0.,1.));
#5979=DIRECTION('',(1.,0.,4.92819169311593E-17));
#5980=DIRECTION('',(-4.92819169311593E-17,0.,1.));
#5981=DIRECTION('',(1.,0.,4.92819169311593E-17));
#5982=DIRECTION('',(0.,0.,1.));
#5983=DIRECTION('',(1.,0.,0.));
#5984=DIRECTION('',(4.92819169311593E-17,0.,-1.));
#5985=DIRECTION('',(-1.,0.,-4.92819169311593E-17));
#5986=DIRECTION('',(-1.,0.,-4.92819169311593E-17));
#5987=DIRECTION('',(0.,1.,0.));
#5988=DIRECTION('',(-1.,0.,-4.92819169311593E-17));
#5989=DIRECTION('',(0.,1.,0.));
#5990=DIRECTION('',(-0.998629534754574,0.,-0.0523359562429437));
#5991=DIRECTION('',(-0.0523359562429437,0.,0.998629534754574));
#5992=DIRECTION('',(-0.0523359562429437,0.,0.998629534754574));
#5993=DIRECTION('',(0.,1.,0.));
#5994=DIRECTION('',(-0.0523359562429437,0.,0.998629534754574));
#5995=DIRECTION('',(0.,1.,0.));
#5996=DIRECTION('',(0.,0.,1.));
#5997=DIRECTION('',(0.,-1.,0.));
#5998=DIRECTION('',(0.,0.,-1.));
#5999=DIRECTION('',(0.,1.,0.));
#6000=DIRECTION('',(0.,-1.,0.));
#6001=DIRECTION('',(0.,0.,-1.));
#6002=DIRECTION('',(0.,0.,-1.));
#6003=DIRECTION('',(-1.,0.,0.));
#6004=DIRECTION('',(-1.,0.,0.));
#6005=DIRECTION('',(0.,1.,0.));
#6006=DIRECTION('',(-1.,0.,0.));
#6007=DIRECTION('',(0.,1.,0.));
#6008=DIRECTION('',(0.,0.,1.));
#6009=DIRECTION('',(0.,1.,0.));
#6010=DIRECTION('',(0.,0.,-1.));
#6011=DIRECTION('',(0.,1.,0.));
#6012=DIRECTION('',(0.,1.,0.));
#6013=DIRECTION('',(0.,0.,-1.));
#6014=DIRECTION('',(-0.998629534754574,0.,0.0523359562429434));
#6015=DIRECTION('',(0.0523359562429434,0.,0.998629534754574));
#6016=DIRECTION('',(0.0523359562429434,0.,0.998629534754574));
#6017=DIRECTION('',(0.0523359562429434,0.,0.998629534754574));
#6018=DIRECTION('',(0.,-1.,0.));
#6019=DIRECTION('',(1.,0.,0.));
#6020=DIRECTION('',(0.,-1.,0.));
#6021=DIRECTION('',(1.,0.,0.));
#6022=DIRECTION('',(0.,0.,1.));
#6023=DIRECTION('',(1.,0.,0.));
#6024=DIRECTION('',(6.7762635780344E-17,0.,-1.));
#6025=DIRECTION('',(-1.,0.,-6.7762635780344E-17));
#6026=DIRECTION('',(-4.92819169311593E-17,0.,1.));
#6027=DIRECTION('',(1.,0.,4.92819169311593E-17));
#6028=DIRECTION('',(6.7762635780344E-17,0.,-1.));
#6029=DIRECTION('',(6.7762635780344E-17,0.,-1.));
#6030=DIRECTION('',(-1.,0.,-6.7762635780344E-17));
#6031=DIRECTION('',(6.7762635780344E-17,0.,-1.));
#6032=DIRECTION('',(-1.,0.,-6.7762635780344E-17));
#6033=DIRECTION('',(-6.7762635780344E-17,0.,1.));
#6034=DIRECTION('',(0.,-1.,0.));
#6035=DIRECTION('',(6.7762635780344E-17,0.,-1.));
#6036=DIRECTION('',(0.,-1.,0.));
#6037=DIRECTION('',(-4.92819169311593E-17,0.,1.));
#6038=DIRECTION('',(0.,1.,0.));
#6039=DIRECTION('',(0.,1.,0.));
#6040=DIRECTION('',(6.7762635780344E-17,0.,-1.));
#6041=DIRECTION('',(6.7762635780344E-17,0.,-1.));
#6042=DIRECTION('',(-1.,0.,-6.7762635780344E-17));
#6043=DIRECTION('',(-6.7762635780344E-17,0.,1.));
#6044=DIRECTION('',(-1.,0.,-6.7762635780344E-17));
#6045=DIRECTION('',(6.7762635780344E-17,0.,-1.));
#6046=DIRECTION('',(-6.7762635780344E-17,0.,1.));
#6047=DIRECTION('',(-1.,0.,-6.7762635780344E-17));
#6048=DIRECTION('',(-1.,0.,-6.7762635780344E-17));
#6049=DIRECTION('',(-6.7762635780344E-17,0.,1.));
#6050=DIRECTION('',(0.,-1.,0.));
#6051=DIRECTION('',(6.7762635780344E-17,0.,-1.));
#6052=DIRECTION('',(0.,1.,0.));
#6053=DIRECTION('',(0.,1.,0.));
#6054=DIRECTION('',(-4.92819169311593E-17,0.,1.));
#6055=DIRECTION('',(0.,-1.,0.));
#6056=DIRECTION('',(6.7762635780344E-17,0.,-1.));
#6057=DIRECTION('',(1.,0.,6.7762635780344E-17));
#6058=DIRECTION('',(-4.92819169311593E-17,0.,1.));
#6059=DIRECTION('',(1.,0.,4.92819169311593E-17));
#6060=DIRECTION('',(-1.,0.,-4.92819169311593E-17));
#6061=DIRECTION('',(0.,1.,0.));
#6062=DIRECTION('',(-1.,0.,-4.92819169311593E-17));
#6063=DIRECTION('',(0.,-1.,0.));
#6064=DIRECTION('',(1.,0.,4.92819169311593E-17));
#6065=DIRECTION('',(0.,-1.,0.));
#6066=DIRECTION('',(-0.878624509572907,-0.4775133204192,-4.33003000944525E-17));
#6067=DIRECTION('',(-1.,0.,-4.92819169311593E-17));
#6068=DIRECTION('',(-0.878624509572923,-0.47751332041917,-4.33003000944533E-17));
#6069=DIRECTION('',(1.,0.,4.92819169311593E-17));
#6070=DIRECTION('',(0.,1.,0.));
#6071=DIRECTION('',(-1.,0.,-4.92819169311593E-17));
#6072=DIRECTION('',(-4.92819169311593E-17,0.,1.));
#6073=DIRECTION('',(1.,0.,4.92819169311593E-17));
#6074=DIRECTION('',(0.,-1.,0.));
#6075=DIRECTION('',(-1.,0.,-4.92819169311593E-17));
#6076=DIRECTION('',(0.,-1.,0.));
#6077=DIRECTION('',(-4.92819169311593E-17,0.,1.));
#6078=DIRECTION('',(1.,0.,4.92819169311593E-17));
#6079=DIRECTION('',(6.7762635780344E-17,0.,-1.));
#6080=DIRECTION('',(1.,0.,6.7762635780344E-17));
#6081=DIRECTION('',(1.,0.,6.7762635780344E-17));
#6082=DIRECTION('',(0.,1.,0.));
#6083=DIRECTION('',(1.,-1.82643233119693E-13,6.7762635780344E-17));
#6084=DIRECTION('',(6.7762635780344E-17,0.,-1.));
#6085=DIRECTION('',(-1.,0.,-6.7762635780344E-17));
#6086=DIRECTION('',(1.82643233119693E-13,1.,1.23763868836342E-29));
#6087=DIRECTION('',(-1.,1.82643233119693E-13,0.));
#6088=DIRECTION('',(6.7762635780344E-17,0.,-1.));
#6089=DIRECTION('',(1.,-1.82643233119693E-13,6.7762635780344E-17));
#6090=DIRECTION('',(6.7762635780344E-17,0.,-1.));
#6091=DIRECTION('',(6.7762635780344E-17,0.,-1.));
#6092=DIRECTION('',(-1.,0.,-6.7762635780344E-17));
#6093=DIRECTION('',(6.7762635780344E-17,0.,-1.));
#6094=DIRECTION('',(-1.,0.,-6.7762635780344E-17));
#6095=DIRECTION('',(0.,1.,0.));
#6096=DIRECTION('',(0.,0.,1.));
#6097=DIRECTION('',(1.,0.,6.7762635780344E-17));
#6098=DIRECTION('',(6.7762635780344E-17,0.,-1.));
#6099=DIRECTION('',(-1.,0.,-6.7762635780344E-17));
#6100=DIRECTION('',(-6.7762635780344E-17,0.,1.));
#6101=DIRECTION('',(0.,1.,0.));
#6102=DIRECTION('',(6.7762635780344E-17,0.,-1.));
#6103=DIRECTION('',(1.,0.,6.7762635780344E-17));
#6104=DIRECTION('',(-4.92819169311593E-17,0.,1.));
#6105=DIRECTION('',(1.,0.,4.92819169311593E-17));
#6106=DIRECTION('',(-4.92819169311593E-17,0.,1.));
#6107=DIRECTION('',(1.,0.,4.92819169311593E-17));
#6108=DIRECTION('',(-4.92819169311593E-17,0.,1.));
#6109=DIRECTION('',(0.,1.,0.));
#6110=DIRECTION('',(0.,0.,1.));
#6111=DIRECTION('',(-1.,0.,-4.92819169311593E-17));
#6112=DIRECTION('',(-4.92819169311593E-17,0.,1.));
#6113=DIRECTION('',(1.,0.,4.92819169311593E-17));
#6114=DIRECTION('',(4.92819169311593E-17,0.,-1.));
#6115=DIRECTION('',(0.,1.,0.));
#6116=DIRECTION('',(-4.92819169311593E-17,0.,1.));
#6117=DIRECTION('',(0.,1.,0.));
#6118=DIRECTION('',(0.,0.,1.));
#6119=DIRECTION('',(-1.,0.,-4.92819169311593E-17));
#6120=DIRECTION('',(-4.92819169311593E-17,0.,1.));
#6121=DIRECTION('',(-1.,0.,-4.92819169311593E-17));
#6122=DIRECTION('',(-4.92819169311593E-17,0.,1.));
#6123=DIRECTION('',(0.,-1.,0.));
#6124=DIRECTION('',(-4.92819169311593E-17,0.,1.));
#6125=DIRECTION('',(0.,-1.,0.));
#6126=DIRECTION('',(0.,0.,-1.));
#6127=DIRECTION('',(1.,0.,4.92819169311593E-17));
#6128=DIRECTION('',(-4.92819169311593E-17,0.,1.));
#6129=DIRECTION('',(-1.,0.,-4.92819169311593E-17));
#6130=DIRECTION('',(-4.92819169311593E-17,0.,1.));
#6131=DIRECTION('',(0.,-1.,0.));
#6132=DIRECTION('',(-4.92819169311593E-17,0.,1.));
#6133=DIRECTION('',(-0.4775133204192,0.878624509572907,-2.3532771790421E-17));
#6134=DIRECTION('',(-0.878624509572907,-0.4775133204192,0.));
#6135=DIRECTION('',(-0.878624509572907,-0.4775133204192,-4.33003000944525E-17));
#6136=DIRECTION('',(-4.92819169311593E-17,0.,1.));
#6137=DIRECTION('',(0.,1.,0.));
#6138=DIRECTION('',(0.,0.,1.));
#6139=DIRECTION('',(-1.,0.,-4.92819169311593E-17));
#6140=DIRECTION('',(-4.92819169311593E-17,0.,1.));
#6141=DIRECTION('',(-0.47751332041917,0.878624509572923,-2.35327717904196E-17));
#6142=DIRECTION('',(-0.878624509572923,-0.47751332041917,0.));
#6143=DIRECTION('',(-0.878624509572923,-0.47751332041917,-4.33003000944533E-17));
#6144=DIRECTION('',(-4.92819169311593E-17,0.,1.));
#6145=DIRECTION('',(0.,-1.,0.));
#6146=DIRECTION('',(0.,0.,-1.));
#6147=DIRECTION('',(1.,0.,4.92819169311593E-17));
#6148=DIRECTION('',(-4.92819169311593E-17,0.,1.));
#6149=DIRECTION('',(1.,0.,4.92819169311593E-17));
#6150=DIRECTION('',(4.92819169311593E-17,0.,-1.));
#6151=DIRECTION('',(0.,1.,0.));
#6152=DIRECTION('',(-4.92819169311593E-17,0.,1.));
#6153=DIRECTION('',(0.,1.,0.));
#6154=DIRECTION('',(0.,0.,1.));
#6155=DIRECTION('',(-1.,0.,-4.92819169311593E-17));
#6156=DIRECTION('',(-4.92819169311593E-17,0.,1.));
#6157=DIRECTION('',(-4.92819169311593E-17,0.,1.));
#6158=DIRECTION('',(1.,0.,4.92819169311593E-17));
#6159=DIRECTION('',(-4.92819169311593E-17,0.,1.));
#6160=DIRECTION('',(1.,0.,4.92819169311593E-17));
#6161=DIRECTION('',(-4.92819169311593E-17,0.,1.));
#6162=DIRECTION('',(-1.,0.,-4.92819169311593E-17));
#6163=DIRECTION('',(-4.92819169311593E-17,0.,1.));
#6164=DIRECTION('',(0.,-1.,0.));
#6165=DIRECTION('',(-4.92819169311593E-17,0.,1.));
#6166=DIRECTION('',(0.,1.,0.));
#6167=DIRECTION('',(0.,0.,1.));
#6168=DIRECTION('',(-1.,0.,-4.92819169311593E-17));
#6169=DIRECTION('',(-4.92819169311593E-17,0.,1.));
#6170=DIRECTION('',(-1.,0.,-4.92819169311593E-17));
#6171=DIRECTION('',(-4.92819169311593E-17,0.,1.));
#6172=DIRECTION('',(0.,-1.,0.));
#6173=DIRECTION('',(-4.92819169311593E-17,0.,1.));
#6174=DIRECTION('',(-4.92819169311593E-17,0.,1.));
#6175=DIRECTION('',(1.,0.,4.92819169311593E-17));
#6176=DIRECTION('',(-4.92819169311593E-17,0.,1.));
#6177=DIRECTION('',(1.,0.,4.92819169311593E-17));
#6178=DIRECTION('',(-4.92819169311593E-17,0.,1.));
#6179=DIRECTION('',(1.,0.,4.92819169311593E-17));
#6180=DIRECTION('',(0.,0.,1.));
#6181=DIRECTION('',(1.,0.,0.));
#6182=DIRECTION('',(6.7762635780344E-17,0.,-1.));
#6183=DIRECTION('',(-1.,0.,-6.7762635780344E-17));
#6184=DIRECTION('',(-4.92819169311593E-17,0.,1.));
#6185=DIRECTION('',(1.,0.,4.92819169311593E-17));
#6186=DIRECTION('',(6.7762635780344E-17,0.,-1.));
#6187=DIRECTION('',(6.7762635780344E-17,0.,-1.));
#6188=DIRECTION('',(-1.,0.,-6.7762635780344E-17));
#6189=DIRECTION('',(6.7762635780344E-17,0.,-1.));
#6190=DIRECTION('',(-1.,0.,-6.7762635780344E-17));
#6191=DIRECTION('',(-6.7762635780344E-17,0.,1.));
#6192=DIRECTION('',(0.,1.,0.));
#6193=DIRECTION('',(6.7762635780344E-17,0.,-1.));
#6194=DIRECTION('',(0.,1.,0.));
#6195=DIRECTION('',(0.,1.,0.));
#6196=DIRECTION('',(-4.92819169311593E-17,0.,1.));
#6197=DIRECTION('',(0.,1.,0.));
#6198=DIRECTION('',(6.7762635780344E-17,0.,-1.));
#6199=DIRECTION('',(6.7762635780344E-17,0.,-1.));
#6200=DIRECTION('',(-1.,0.,-6.7762635780344E-17));
#6201=DIRECTION('',(6.7762635780344E-17,0.,-1.));
#6202=DIRECTION('',(-1.,0.,-6.7762635780344E-17));
#6203=DIRECTION('',(6.7762635780344E-17,0.,-1.));
#6204=DIRECTION('',(-1.,0.,-6.7762635780344E-17));
#6205=DIRECTION('',(6.7762635780344E-17,0.,-1.));
#6206=DIRECTION('',(-1.,0.,-6.7762635780344E-17));
#6207=DIRECTION('',(-6.7762635780344E-17,0.,1.));
#6208=DIRECTION('',(0.,1.,0.));
#6209=DIRECTION('',(0.,1.,0.));
#6210=DIRECTION('',(-4.92819169311593E-17,0.,1.));
#6211=DIRECTION('',(0.,1.,0.));
#6212=DIRECTION('',(0.,1.,0.));
#6213=DIRECTION('',(6.7762635780344E-17,0.,-1.));
#6214=DIRECTION('',(6.7762635780344E-17,0.,-1.));
#6215=DIRECTION('',(1.,0.,6.7762635780344E-17));
#6216=DIRECTION('',(-4.92819169311593E-17,0.,1.));
#6217=DIRECTION('',(1.,0.,4.92819169311593E-17));
#6218=DIRECTION('',(0.,-1.,0.));
#6219=DIRECTION('',(-1.,0.,-4.92819169311593E-17));
#6220=DIRECTION('',(0.,-1.,0.));
#6221=DIRECTION('',(-4.92819169311593E-17,0.,1.));
#6222=DIRECTION('',(1.,0.,4.92819169311593E-17));
#6223=DIRECTION('',(-1.,0.,-4.92819169311593E-17));
#6224=DIRECTION('',(0.,-1.,0.));
#6225=DIRECTION('',(1.,0.,4.92819169311593E-17));
#6226=DIRECTION('',(0.,1.,0.));
#6227=DIRECTION('',(1.,0.,4.92819169311593E-17));
#6228=DIRECTION('',(0.,1.,0.));
#6229=DIRECTION('',(-1.,0.,-4.92819169311593E-17));
#6230=DIRECTION('',(0.,-1.,0.));
#6231=DIRECTION('',(-1.,0.,-4.92819169311593E-17));
#6232=DIRECTION('',(-4.92819169311593E-17,0.,1.));
#6233=DIRECTION('',(1.,0.,4.92819169311593E-17));
#6234=DIRECTION('',(6.7762635780344E-17,0.,-1.));
#6235=DIRECTION('',(1.,0.,6.7762635780344E-17));
#6236=DIRECTION('',(6.7762635780344E-17,0.,-1.));
#6237=DIRECTION('',(-1.,0.,-6.7762635780344E-17));
#6238=DIRECTION('',(1.,0.,6.7762635780344E-17));
#6239=DIRECTION('',(0.,-1.,0.));
#6240=DIRECTION('',(1.,0.,6.7762635780344E-17));
#6241=DIRECTION('',(6.7762635780344E-17,0.,-1.));
#6242=DIRECTION('',(-1.,0.,-6.7762635780344E-17));
#6243=DIRECTION('',(6.7762635780344E-17,0.,-1.));
#6244=DIRECTION('',(-1.,0.,-6.7762635780344E-17));
#6245=DIRECTION('',(6.7762635780344E-17,0.,-1.));
#6246=DIRECTION('',(0.,1.,0.));
#6247=DIRECTION('',(0.,0.,1.));
#6248=DIRECTION('',(1.,0.,6.7762635780344E-17));
#6249=DIRECTION('',(6.7762635780344E-17,0.,-1.));
#6250=DIRECTION('',(1.,0.,6.7762635780344E-17));
#6251=DIRECTION('',(6.7762635780344E-17,0.,-1.));
#6252=DIRECTION('',(0.,-1.,0.));
#6253=DIRECTION('',(6.7762635780344E-17,0.,-1.));
#6254=DIRECTION('',(0.,1.,0.));
#6255=DIRECTION('',(0.,0.,1.));
#6256=DIRECTION('',(1.,0.,6.7762635780344E-17));
#6257=DIRECTION('',(6.7762635780344E-17,0.,-1.));
#6258=DIRECTION('',(1.,0.,6.7762635780344E-17));
#6259=DIRECTION('',(-4.92819169311593E-17,0.,1.));
#6260=DIRECTION('',(1.,0.,4.92819169311593E-17));
#6261=DIRECTION('',(-4.92819169311593E-17,0.,1.));
#6262=DIRECTION('',(1.,0.,4.92819169311593E-17));
#6263=DIRECTION('',(-4.92819169311593E-17,0.,1.));
#6264=DIRECTION('',(-1.,0.,-4.92819169311593E-17));
#6265=DIRECTION('',(-4.92819169311593E-17,0.,1.));
#6266=DIRECTION('',(0.,-1.,0.));
#6267=DIRECTION('',(-4.92819169311593E-17,0.,1.));
#6268=DIRECTION('',(0.,1.,0.));
#6269=DIRECTION('',(0.,0.,1.));
#6270=DIRECTION('',(-1.,0.,-4.92819169311593E-17));
#6271=DIRECTION('',(-4.92819169311593E-17,0.,1.));
#6272=DIRECTION('',(-1.,0.,-4.92819169311593E-17));
#6273=DIRECTION('',(-4.92819169311593E-17,0.,1.));
#6274=DIRECTION('',(0.,-1.,0.));
#6275=DIRECTION('',(-4.92819169311593E-17,0.,1.));
#6276=DIRECTION('',(-4.92819169311593E-17,0.,1.));
#6277=DIRECTION('',(1.,0.,4.92819169311593E-17));
#6278=DIRECTION('',(-4.92819169311593E-17,0.,1.));
#6279=DIRECTION('',(1.,0.,4.92819169311593E-17));
#6280=DIRECTION('',(-4.92819169311593E-17,0.,1.));
#6281=DIRECTION('',(0.,1.,0.));
#6282=DIRECTION('',(0.,0.,1.));
#6283=DIRECTION('',(-1.,0.,-4.92819169311593E-17));
#6284=DIRECTION('',(-4.92819169311593E-17,0.,1.));
#6285=DIRECTION('',(-1.,0.,-4.92819169311593E-17));
#6286=DIRECTION('',(-4.92819169311593E-17,0.,1.));
#6287=DIRECTION('',(0.,-1.,0.));
#6288=DIRECTION('',(-4.92819169311593E-17,0.,1.));
#6289=DIRECTION('',(0.,-1.,0.));
#6290=DIRECTION('',(0.,0.,-1.));
#6291=DIRECTION('',(1.,0.,4.92819169311593E-17));
#6292=DIRECTION('',(-4.92819169311593E-17,0.,1.));
#6293=DIRECTION('',(1.,0.,4.92819169311593E-17));
#6294=DIRECTION('',(4.92819169311593E-17,0.,-1.));
#6295=DIRECTION('',(0.,1.,0.));
#6296=DIRECTION('',(-4.92819169311593E-17,0.,1.));
#6297=DIRECTION('',(0.,-1.,0.));
#6298=DIRECTION('',(0.,0.,-1.));
#6299=DIRECTION('',(1.,0.,4.92819169311593E-17));
#6300=DIRECTION('',(-4.92819169311593E-17,0.,1.));
#6301=DIRECTION('',(1.,0.,4.92819169311593E-17));
#6302=DIRECTION('',(4.92819169311593E-17,0.,-1.));
#6303=DIRECTION('',(0.,1.,0.));
#6304=DIRECTION('',(-4.92819169311593E-17,0.,1.));
#6305=DIRECTION('',(0.,1.,0.));
#6306=DIRECTION('',(0.,0.,1.));
#6307=DIRECTION('',(-1.,0.,-4.92819169311593E-17));
#6308=DIRECTION('',(-4.92819169311593E-17,0.,1.));
#6309=DIRECTION('',(-1.,0.,-4.92819169311593E-17));
#6310=DIRECTION('',(-4.92819169311593E-17,0.,1.));
#6311=DIRECTION('',(0.,-1.,0.));
#6312=DIRECTION('',(-4.92819169311593E-17,0.,1.));
#6313=DIRECTION('',(0.,1.,0.));
#6314=DIRECTION('',(0.,0.,1.));
#6315=DIRECTION('',(-1.,0.,-4.92819169311593E-17));
#6316=DIRECTION('',(-4.92819169311593E-17,0.,1.));
#6317=DIRECTION('',(-4.92819169311593E-17,0.,1.));
#6318=DIRECTION('',(1.,0.,4.92819169311593E-17));
#6319=DIRECTION('',(-4.92819169311593E-17,0.,1.));
#6320=DIRECTION('',(1.,0.,4.92819169311593E-17));
#6321=DIRECTION('',(-4.92819169311593E-17,0.,1.));
#6322=DIRECTION('',(1.,0.,4.92819169311593E-17));
#6323=DIRECTION('',(0.,0.,1.));
#6324=DIRECTION('',(1.,0.,0.));
#6325=DIRECTION('',(-6.7762635780344E-17,0.,-1.));
#6326=DIRECTION('',(1.,0.,-6.7762635780344E-17));
#6327=DIRECTION('',(-4.92819169311593E-17,0.,1.));
#6328=DIRECTION('',(1.,0.,4.92819169311593E-17));
#6329=DIRECTION('',(-6.7762635780344E-17,0.,-1.));
#6330=DIRECTION('',(6.7762635780344E-17,0.,-1.));
#6331=DIRECTION('',(-1.,0.,-6.7762635780344E-17));
#6332=DIRECTION('',(-6.7762635780344E-17,0.,-1.));
#6333=DIRECTION('',(1.,0.,-6.7762635780344E-17));
#6334=DIRECTION('',(6.7762635780344E-17,0.,1.));
#6335=DIRECTION('',(0.,1.,0.));
#6336=DIRECTION('',(-6.7762635780344E-17,0.,-1.));
#6337=DIRECTION('',(0.,1.,0.));
#6338=DIRECTION('',(-4.92819169311593E-17,0.,1.));
#6339=DIRECTION('',(0.,1.,0.));
#6340=DIRECTION('',(0.,1.,0.));
#6341=DIRECTION('',(6.7762635780344E-17,0.,-1.));
#6342=DIRECTION('',(-6.7762635780344E-17,0.,-1.));
#6343=DIRECTION('',(1.,0.,-6.7762635780344E-17));
#6344=DIRECTION('',(6.7762635780344E-17,0.,1.));
#6345=DIRECTION('',(1.,0.,-6.7762635780344E-17));
#6346=DIRECTION('',(-6.7762635780344E-17,0.,-1.));
#6347=DIRECTION('',(6.7762635780344E-17,0.,1.));
#6348=DIRECTION('',(1.,0.,-6.7762635780344E-17));
#6349=DIRECTION('',(1.,0.,-6.7762635780344E-17));
#6350=DIRECTION('',(6.7762635780344E-17,0.,1.));
#6351=DIRECTION('',(0.,1.,0.));
#6352=DIRECTION('',(6.7762635780344E-17,0.,-1.));
#6353=DIRECTION('',(0.,1.,0.));
#6354=DIRECTION('',(0.,1.,0.));
#6355=DIRECTION('',(-4.92819169311593E-17,0.,1.));
#6356=DIRECTION('',(0.,1.,0.));
#6357=DIRECTION('',(-6.7762635780344E-17,0.,-1.));
#6358=DIRECTION('',(-1.,0.,6.7762635780344E-17));
#6359=DIRECTION('',(-4.92819169311593E-17,0.,1.));
#6360=DIRECTION('',(1.,0.,4.92819169311593E-17));
#6361=DIRECTION('',(1.,0.,4.92819169311593E-17));
#6362=DIRECTION('',(0.,-1.,0.));
#6363=DIRECTION('',(1.,0.,4.92819169311593E-17));
#6364=DIRECTION('',(0.,1.,0.));
#6365=DIRECTION('',(-1.,0.,-4.92819169311593E-17));
#6366=DIRECTION('',(0.,1.,0.));
#6367=DIRECTION('',(-0.878624509573012,-0.477513320419006,-4.33003000944577E-17));
#6368=DIRECTION('',(-1.,0.,-4.92819169311593E-17));
#6369=DIRECTION('',(-0.878624509572943,-0.477513320419134,-4.33003000944544E-17));
#6370=DIRECTION('',(-1.,0.,-4.92819169311593E-17));
#6371=DIRECTION('',(0.,-1.,0.));
#6372=DIRECTION('',(1.,0.,4.92819169311593E-17));
#6373=DIRECTION('',(-4.92819169311593E-17,0.,1.));
#6374=DIRECTION('',(1.,0.,4.92819169311593E-17));
#6375=DIRECTION('',(-6.7762635780344E-17,0.,-1.));
#6376=DIRECTION('',(-1.,0.,6.7762635780344E-17));
#6377=DIRECTION('',(1.,0.,6.7762635780344E-17));
#6378=DIRECTION('',(0.,-1.,0.));
#6379=DIRECTION('',(-1.,0.,-6.7762635780344E-17));
#6380=DIRECTION('',(6.7762635780344E-17,0.,-1.));
#6381=DIRECTION('',(-1.,0.,-6.7762635780344E-17));
#6382=DIRECTION('',(0.,-1.,0.));
#6383=DIRECTION('',(0.,0.,-1.));
#6384=DIRECTION('',(6.7762635780344E-17,0.,-1.));
#6385=DIRECTION('',(-1.,0.,-6.7762635780344E-17));
#6386=DIRECTION('',(6.7762635780344E-17,0.,-1.));
#6387=DIRECTION('',(6.7762635780344E-17,0.,-1.));
#6388=DIRECTION('',(-1.,0.,-6.7762635780344E-17));
#6389=DIRECTION('',(6.7762635780344E-17,0.,-1.));
#6390=DIRECTION('',(-1.,0.,-6.7762635780344E-17));
#6391=DIRECTION('',(0.,1.,0.));
#6392=DIRECTION('',(0.,0.,1.));
#6393=DIRECTION('',(1.,0.,6.7762635780344E-17));
#6394=DIRECTION('',(6.7762635780344E-17,0.,-1.));
#6395=DIRECTION('',(1.,0.,6.7762635780344E-17));
#6396=DIRECTION('',(6.7762635780344E-17,0.,-1.));
#6397=DIRECTION('',(0.,-1.,0.));
#6398=DIRECTION('',(6.7762635780344E-17,0.,-1.));
#6399=DIRECTION('',(1.,0.,6.7762635780344E-17));
#6400=DIRECTION('',(-4.92819169311593E-17,0.,1.));
#6401=DIRECTION('',(1.,0.,4.92819169311593E-17));
#6402=DIRECTION('',(-4.92819169311593E-17,0.,1.));
#6403=DIRECTION('',(1.,0.,4.92819169311593E-17));
#6404=DIRECTION('',(-4.92819169311593E-17,0.,1.));
#6405=DIRECTION('',(0.,-1.,0.));
#6406=DIRECTION('',(0.,0.,-1.));
#6407=DIRECTION('',(1.,0.,4.92819169311593E-17));
#6408=DIRECTION('',(-4.92819169311593E-17,0.,1.));
#6409=DIRECTION('',(-1.,0.,-4.92819169311593E-17));
#6410=DIRECTION('',(-4.92819169311593E-17,0.,1.));
#6411=DIRECTION('',(0.,-1.,0.));
#6412=DIRECTION('',(-4.92819169311593E-17,0.,1.));
#6413=DIRECTION('',(0.,-1.,0.));
#6414=DIRECTION('',(0.,0.,-1.));
#6415=DIRECTION('',(1.,0.,4.92819169311593E-17));
#6416=DIRECTION('',(-4.92819169311593E-17,0.,1.));
#6417=DIRECTION('',(1.,0.,4.92819169311593E-17));
#6418=DIRECTION('',(4.92819169311593E-17,0.,-1.));
#6419=DIRECTION('',(0.,1.,0.));
#6420=DIRECTION('',(-4.92819169311593E-17,0.,1.));
#6421=DIRECTION('',(0.,1.,0.));
#6422=DIRECTION('',(0.,0.,1.));
#6423=DIRECTION('',(-1.,0.,-4.92819169311593E-17));
#6424=DIRECTION('',(-4.92819169311593E-17,0.,1.));
#6425=DIRECTION('',(1.,0.,4.92819169311593E-17));
#6426=DIRECTION('',(4.92819169311593E-17,0.,-1.));
#6427=DIRECTION('',(0.,1.,0.));
#6428=DIRECTION('',(-4.92819169311593E-17,0.,1.));
#6429=DIRECTION('',(-0.477513320419006,0.878624509573012,-2.35327717904115E-17));
#6430=DIRECTION('',(-0.878624509573012,-0.477513320419006,0.));
#6431=DIRECTION('',(-0.878624509573012,-0.477513320419006,-4.33003000944577E-17));
#6432=DIRECTION('',(-4.92819169311593E-17,0.,1.));
#6433=DIRECTION('',(0.,1.,0.));
#6434=DIRECTION('',(0.,0.,1.));
#6435=DIRECTION('',(-1.,0.,-4.92819169311593E-17));
#6436=DIRECTION('',(-4.92819169311593E-17,0.,1.));
#6437=DIRECTION('',(-0.477513320419134,0.878624509572942,-2.35327717904178E-17));
#6438=DIRECTION('',(-0.878624509572943,-0.477513320419134,0.));
#6439=DIRECTION('',(-0.878624509572943,-0.477513320419134,-4.33003000944544E-17));
#6440=DIRECTION('',(-4.92819169311593E-17,0.,1.));
#6441=DIRECTION('',(0.,1.,0.));
#6442=DIRECTION('',(0.,0.,1.));
#6443=DIRECTION('',(-1.,0.,-4.92819169311593E-17));
#6444=DIRECTION('',(-4.92819169311593E-17,0.,1.));
#6445=DIRECTION('',(-1.,0.,-4.92819169311593E-17));
#6446=DIRECTION('',(-4.92819169311593E-17,0.,1.));
#6447=DIRECTION('',(0.,-1.,0.));
#6448=DIRECTION('',(-4.92819169311593E-17,0.,1.));
#6449=DIRECTION('',(0.,-1.,0.));
#6450=DIRECTION('',(0.,0.,-1.));
#6451=DIRECTION('',(1.,0.,4.92819169311593E-17));
#6452=DIRECTION('',(-4.92819169311593E-17,0.,1.));
#6453=DIRECTION('',(-4.92819169311593E-17,0.,1.));
#6454=DIRECTION('',(1.,0.,4.92819169311593E-17));
#6455=DIRECTION('',(-4.92819169311593E-17,0.,1.));
#6456=DIRECTION('',(1.,0.,4.92819169311593E-17));
#6457=DIRECTION('',(-4.92819169311593E-17,0.,1.));
#6458=DIRECTION('',(1.,0.,4.92819169311593E-17));
#6459=DIRECTION('',(0.,0.,1.));
#6460=DIRECTION('',(1.,0.,0.));
#6461=DIRECTION('',(0.,-1.,0.));
#6462=DIRECTION('',(1.,0.,0.));
#6463=DIRECTION('',(0.,-1.,0.));
#6464=DIRECTION('',(0.,0.,-1.));
#6465=DIRECTION('',(0.,-1.,0.));
#6466=DIRECTION('',(0.,0.,-1.));
#6467=DIRECTION('',(0.,-1.,0.));
#6468=DIRECTION('',(0.,0.,-1.));
#6469=DIRECTION('',(0.666918906475378,0.,-0.745130305507491));
#6470=DIRECTION('',(-1.,0.,-3.14514731744385E-16));
#6471=DIRECTION('',(-0.632496792846349,0.,0.77456297809738));
#6472=DIRECTION('',(-1.,0.,0.));
#6473=DIRECTION('',(0.,-1.,0.));
#6474=DIRECTION('',(0.,0.,-1.));
#6475=DIRECTION('',(0.,-1.,0.));
#6476=DIRECTION('',(0.,0.,-1.));
#6477=DIRECTION('',(0.,-1.,0.));
#6478=DIRECTION('',(0.,0.,-1.));
#6479=DIRECTION('',(0.,-1.,0.));
#6480=DIRECTION('',(0.,0.,-1.));
#6481=DIRECTION('',(0.,-1.,0.));
#6482=DIRECTION('',(0.,0.,-1.));
#6483=DIRECTION('',(-1.,0.,-4.92819169311593E-17));
#6484=DIRECTION('',(-4.92819169311593E-17,0.,1.));
#6485=DIRECTION('',(-1.,0.,-4.92819169311593E-17));
#6486=DIRECTION('',(0.,0.,-1.));
#6487=DIRECTION('',(-1.,0.,-6.7762635780344E-17));
#6488=DIRECTION('',(0.,0.,-1.));
#6489=DIRECTION('',(-1.,0.,-4.92819169311593E-17));
#6490=DIRECTION('',(-4.92819169311593E-17,0.,1.));
#6491=DIRECTION('',(-1.,0.,-4.92819169311593E-17));
#6492=DIRECTION('',(-4.92819169311593E-17,0.,1.));
#6493=DIRECTION('',(-1.,0.,-4.92819169311593E-17));
#6494=DIRECTION('',(-4.92819169311593E-17,0.,1.));
#6495=DIRECTION('',(0.,0.,-1.));
#6496=DIRECTION('',(-1.,0.,-4.02799568725263E-16));
#6497=DIRECTION('',(0.,0.,1.));
#6498=DIRECTION('',(-1.,0.,-6.2902946348877E-16));
#6499=DIRECTION('',(0.,0.,1.));
#6500=DIRECTION('',(1.,0.,4.52536558950472E-16));
#6501=DIRECTION('',(0.,0.,-1.));
#6502=DIRECTION('',(-1.,0.,-6.29536745314165E-16));
#6503=DIRECTION('',(0.,0.,1.));
#6504=DIRECTION('',(1.,0.,0.));
#6505=DIRECTION('',(0.,-1.,0.));
#6506=DIRECTION('',(0.,0.,-1.));
#6507=DIRECTION('',(0.,-1.,0.));
#6508=DIRECTION('',(0.,0.,-1.));
#6509=DIRECTION('',(0.,-1.,0.));
#6510=DIRECTION('',(0.,0.,-1.));
#6511=DIRECTION('',(0.,0.,-1.));
#6512=DIRECTION('',(0.,-1.,0.));
#6513=DIRECTION('',(0.,0.,-1.));
#6514=DIRECTION('',(0.,-1.,0.));
#6515=DIRECTION('',(0.,0.,-1.));
#6516=DIRECTION('',(0.,-1.,0.));
#6517=DIRECTION('',(0.,0.,-1.));
#6518=DIRECTION('',(0.,-1.,0.));
#6519=DIRECTION('',(0.,0.,-1.));
#6520=DIRECTION('',(-1.,0.,-3.42579972581728E-16));
#6521=DIRECTION('',(1.,0.,0.));
#6522=DIRECTION('',(0.,0.,-1.));
#6523=DIRECTION('',(0.,1.,0.));
#6524=DIRECTION('',(-6.7762635780344E-17,0.,-1.));
#6525=DIRECTION('',(0.,1.,0.));
#6526=DIRECTION('',(6.7762635780344E-17,0.,-1.));
#6527=DIRECTION('',(0.,1.,0.));
#6528=DIRECTION('',(0.,0.,-1.));
#6529=DIRECTION('',(0.,1.,0.));
#6530=DIRECTION('',(-4.92819169311593E-17,0.,1.));
#6531=DIRECTION('',(1.,0.,0.));
#6532=DIRECTION('',(0.,0.,-1.));
#6533=DIRECTION('',(0.,1.,0.));
#6534=DIRECTION('',(6.7762635780344E-17,0.,-1.));
#6535=DIRECTION('',(0.,1.,0.));
#6536=DIRECTION('',(6.7762635780344E-17,0.,-1.));
#6537=DIRECTION('',(0.,1.,0.));
#6538=DIRECTION('',(6.7762635780344E-17,0.,-1.));
#6539=DIRECTION('',(0.,1.,0.));
#6540=DIRECTION('',(6.7762635780344E-17,0.,-1.));
#6541=DIRECTION('',(0.,1.,0.));
#6542=DIRECTION('',(-4.92819169311593E-17,0.,1.));
#6543=DIRECTION('',(0.,1.,0.));
#6544=DIRECTION('',(-4.92819169311593E-17,0.,1.));
#6545=DIRECTION('',(1.,0.,0.));
#6546=DIRECTION('',(0.,0.,-1.));
#6547=DIRECTION('',(0.,1.,0.));
#6548=DIRECTION('',(-6.7762635780344E-17,0.,-1.));
#6549=DIRECTION('',(0.,1.,0.));
#6550=DIRECTION('',(6.7762635780344E-17,0.,-1.));
#6551=DIRECTION('',(0.,1.,0.));
#6552=DIRECTION('',(6.7762635780344E-17,0.,-1.));
#6553=DIRECTION('',(0.,1.,0.));
#6554=DIRECTION('',(-6.7762635780344E-17,0.,-1.));
#6555=DIRECTION('',(0.,1.,0.));
#6556=DIRECTION('',(-4.92819169311593E-17,0.,1.));
#6557=DIRECTION('',(0.,1.,0.));
#6558=DIRECTION('',(-4.92819169311593E-17,0.,1.));
#6559=DIRECTION('',(1.,0.,0.));
#6560=DIRECTION('',(0.,0.,-1.));
#6561=DIRECTION('',(6.7762635780344E-17,0.,-1.));
#6562=DIRECTION('',(0.,1.,0.));
#6563=DIRECTION('',(-4.92819169311593E-17,0.,1.));
#6564=DIRECTION('',(0.,1.,0.));
#6565=DIRECTION('',(0.,0.,-1.));
#6566=DIRECTION('',(0.,1.,0.));
#6567=DIRECTION('',(6.7762635780344E-17,0.,-1.));
#6568=DIRECTION('',(0.,1.,0.));
#6569=DIRECTION('',(-4.92819169311593E-17,0.,1.));
#6570=DIRECTION('',(1.,0.,4.92819169311593E-17));
#6571=DIRECTION('',(-4.92819169311593E-17,0.,1.));
#6572=DIRECTION('',(1.,0.,4.92819169311593E-17));
#6573=DIRECTION('',(-4.92819169311593E-17,0.,1.));
#6574=DIRECTION('',(1.,0.,4.92819169311593E-17));
#6575=DIRECTION('',(-4.92819169311593E-17,0.,1.));
#6576=DIRECTION('',(1.,0.,4.92819169311593E-17));
#6577=DIRECTION('',(1.,0.,0.));
#6578=DIRECTION('',(0.,0.,-1.));
#6579=DIRECTION('',(-6.7762635780344E-17,0.,-1.));
#6580=DIRECTION('',(0.,1.,0.));
#6581=DIRECTION('',(-4.92819169311593E-17,0.,1.));
#6582=DIRECTION('',(0.,1.,0.));
#6583=DIRECTION('',(0.,1.,0.));
#6584=DIRECTION('',(6.7762635780344E-17,0.,-1.));
#6585=DIRECTION('',(0.,1.,0.));
#6586=DIRECTION('',(4.92819169311593E-17,0.,-1.));
#6587=DIRECTION('',(-1.,0.,-4.92819169311593E-17));
#6588=DIRECTION('',(-4.92819169311593E-17,0.,1.));
#6589=DIRECTION('',(1.,0.,4.92819169311593E-17));
#6590=DIRECTION('',(-4.92819169311593E-17,0.,1.));
#6591=DIRECTION('',(1.,0.,4.92819169311593E-17));
#6592=DIRECTION('',(-1.,0.,-4.92819169311593E-17));
#6593=DIRECTION('',(0.,-1.,0.));
#6594=DIRECTION('',(-1.,0.,-4.92819169311593E-17));
#6595=DIRECTION('',(0.,1.,0.));
#6596=DIRECTION('',(1.,0.,4.92819169311593E-17));
#6597=DIRECTION('',(0.,1.,0.));
#6598=DIRECTION('',(1.,0.,4.92819169311593E-17));
#6599=DIRECTION('',(0.,-1.,0.));
#6600=DIRECTION('',(-1.,0.,-4.92819169311593E-17));
#6601=DIRECTION('',(-4.92819169311593E-17,0.,1.));
#6602=DIRECTION('',(1.,0.,4.92819169311593E-17));
#6603=DIRECTION('',(0.,-1.,0.));
#6604=DIRECTION('',(-0.878624509573012,-0.477513320419006,-4.33003000944577E-17));
#6605=DIRECTION('',(0.,1.,0.));
#6606=DIRECTION('',(-1.,0.,-4.92819169311593E-17));
#6607=DIRECTION('',(0.,1.,0.));
#6608=DIRECTION('',(1.,0.,4.92819169311593E-17));
#6609=DIRECTION('',(0.,-1.,0.));
#6610=DIRECTION('',(1.,0.,4.92819169311593E-17));
#6611=DIRECTION('',(-4.92819169311593E-17,0.,1.));
#6612=DIRECTION('',(1.,0.,4.92819169311593E-17));
#6613=DIRECTION('',(-4.92819169311593E-17,0.,1.));
#6614=DIRECTION('',(1.,0.,4.92819169311593E-17));
#6615=DIRECTION('',(1.,0.,4.92819169311593E-17));
#6616=DIRECTION('',(0.,1.,0.));
#6617=DIRECTION('',(1.,0.,4.92819169311593E-17));
#6618=DIRECTION('',(0.,-1.,0.));
#6619=DIRECTION('',(-1.,0.,-4.92819169311593E-17));
#6620=DIRECTION('',(0.,-1.,0.));
#6621=DIRECTION('',(-1.,0.,-4.92819169311593E-17));
#6622=DIRECTION('',(0.,1.,0.));
#6623=DIRECTION('',(1.,0.,4.92819169311593E-17));
#6624=DIRECTION('',(-4.92819169311593E-17,0.,1.));
#6625=DIRECTION('',(1.,0.,4.92819169311593E-17));
#6626=DIRECTION('',(-1.,0.,-4.92819169311593E-17));
#6627=DIRECTION('',(-0.878624509572907,-0.4775133204192,-4.33003000944525E-17));
#6628=DIRECTION('',(0.,-1.,0.));
#6629=DIRECTION('',(1.,0.,4.92819169311593E-17));
#6630=DIRECTION('',(0.,-1.,0.));
#6631=DIRECTION('',(-1.,0.,-4.92819169311593E-17));
#6632=DIRECTION('',(0.,1.,0.));
#6633=DIRECTION('',(-1.,0.,-4.92819169311593E-17));
#6634=DIRECTION('',(4.92819169311593E-17,0.,-1.));
#6635=DIRECTION('',(-1.,0.,-4.92819169311593E-17));
#6636=DIRECTION('',(-0.878624509572923,-0.47751332041917,-4.33003000944533E-17));
#6637=DIRECTION('',(-1.,0.,-4.92819169311593E-17));
#6638=DIRECTION('',(0.,-1.,0.));
#6639=DIRECTION('',(-4.92819169311593E-17,0.,1.));
#6640=DIRECTION('',(1.,0.,4.92819169311593E-17));
#6641=DIRECTION('',(-1.,0.,-4.92819169311593E-17));
#6642=DIRECTION('',(0.,1.,0.));
#6643=DIRECTION('',(1.,0.,4.92819169311593E-17));
#6644=DIRECTION('',(4.92819169311593E-17,0.,-1.));
#6645=DIRECTION('',(-1.,0.,-4.92819169311593E-17));
#6646=DIRECTION('',(0.,-1.,0.));
#6647=DIRECTION('',(-1.,0.,-4.92819169311593E-17));
#6648=DIRECTION('',(-4.92819169311593E-17,0.,1.));
#6649=DIRECTION('',(1.,0.,4.92819169311593E-17));
#6650=DIRECTION('',(4.92819169311593E-17,0.,-1.));
#6651=DIRECTION('',(-1.,0.,-4.92819169311593E-17));
#6652=DIRECTION('',(-4.92819169311593E-17,0.,1.));
#6653=DIRECTION('',(1.,0.,4.92819169311593E-17));
#6654=DIRECTION('',(0.,1.,0.));
#6655=DIRECTION('',(0.,-1.,0.));
#6656=DIRECTION('',(6.7762635780344E-17,0.,-1.));
#6657=DIRECTION('',(-1.,0.,-6.7762635780344E-17));
#6658=DIRECTION('',(6.7762635780344E-17,0.,-1.));
#6659=DIRECTION('',(-1.,0.,-6.7762635780344E-17));
#6660=DIRECTION('',(6.7762635780344E-17,0.,-1.));
#6661=DIRECTION('',(-1.,0.,-6.7762635780344E-17));
#6662=DIRECTION('',(-1.,0.,-6.7762635780344E-17));
#6663=DIRECTION('',(0.,-1.,0.));
#6664=DIRECTION('',(1.,0.,6.7762635780344E-17));
#6665=DIRECTION('',(0.,1.,0.));
#6666=DIRECTION('',(1.,0.,6.7762635780344E-17));
#6667=DIRECTION('',(0.,-1.,0.));
#6668=DIRECTION('',(1.,0.,6.7762635780344E-17));
#6669=DIRECTION('',(6.7762635780344E-17,0.,-1.));
#6670=DIRECTION('',(-1.,0.,-6.7762635780344E-17));
#6671=DIRECTION('',(6.7762635780344E-17,0.,-1.));
#6672=DIRECTION('',(-1.,0.,-6.7762635780344E-17));
#6673=DIRECTION('',(1.,-1.82643233119693E-13,6.7762635780344E-17));
#6674=DIRECTION('',(0.,1.,0.));
#6675=DIRECTION('',(1.,0.,6.7762635780344E-17));
#6676=DIRECTION('',(-1.,0.,-6.7762635780344E-17));
#6677=DIRECTION('',(1.,0.,6.7762635780344E-17));
#6678=DIRECTION('',(0.,1.,0.));
#6679=DIRECTION('',(-1.,-1.82643233119693E-13,-6.7762635780344E-17));
#6680=DIRECTION('',(6.7762635780344E-17,0.,-1.));
#6681=DIRECTION('',(-1.,0.,-6.7762635780344E-17));
#6682=DIRECTION('',(1.,0.,0.));
#6683=DIRECTION('',(0.,0.,-1.));
#6684=DIRECTION('',(0.,1.,0.));
#6685=DIRECTION('',(6.7762635780344E-17,0.,-1.));
#6686=DIRECTION('',(0.,1.,0.));
#6687=DIRECTION('',(6.7762635780344E-17,0.,-1.));
#6688=DIRECTION('',(-4.92819169311593E-17,0.,1.));
#6689=DIRECTION('',(4.92819169311593E-17,0.,-1.));
#6690=DIRECTION('',(-1.,0.,-4.92819169311593E-17));
#6691=DIRECTION('',(-1.,0.,-4.92819169311593E-17));
#6692=DIRECTION('',(-0.878624509572943,-0.477513320419134,-4.33003000944544E-17));
#6693=DIRECTION('',(-4.92819169311593E-17,0.,1.));
#6694=DIRECTION('',(1.,0.,4.92819169311593E-17));
#6695=DIRECTION('',(1.,0.,4.92819169311593E-17));
#6696=DIRECTION('',(0.,-1.,0.));
#6697=DIRECTION('',(0.,-1.,0.));
#6698=DIRECTION('',(1.,0.,0.));
#6699=DIRECTION('',(-1.,0.,-4.92819169311593E-17));
#6700=DIRECTION('',(-4.92819169311593E-17,0.,1.));
#6701=DIRECTION('',(-4.92819169311593E-17,0.,1.));
#6702=DIRECTION('',(-1.,0.,-4.92819169311593E-17));
#6703=DIRECTION('',(-4.92819169311593E-17,0.,1.));
#6704=DIRECTION('',(-4.92819169311593E-17,0.,1.));
#6705=DIRECTION('',(-4.92819169311593E-17,0.,1.));
#6706=DIRECTION('',(1.,0.,4.92819169311593E-17));
#6707=DIRECTION('',(-4.92819169311593E-17,0.,1.));
#6708=DIRECTION('',(-4.92819169311593E-17,0.,1.));
#6709=DIRECTION('',(1.,0.,4.92819169311593E-17));
#6710=DIRECTION('',(0.,1.,0.));
#6711=DIRECTION('',(0.,0.,1.));
#6712=DIRECTION('',(-4.92819169311593E-17,0.,1.));
#6713=DIRECTION('',(-1.,0.,-4.92819169311593E-17));
#6714=DIRECTION('',(1.,0.,4.92819169311593E-17));
#6715=DIRECTION('',(4.92819169311593E-17,0.,-1.));
#6716=DIRECTION('',(-4.92819169311593E-17,0.,1.));
#6717=DIRECTION('',(0.,1.,0.));
#6718=DIRECTION('',(0.,1.,0.));
#6719=DIRECTION('',(0.,0.,1.));
#6720=DIRECTION('',(-4.92819169311593E-17,0.,1.));
#6721=DIRECTION('',(-1.,0.,-4.92819169311593E-17));
#6722=DIRECTION('',(-1.,0.,-4.92819169311593E-17));
#6723=DIRECTION('',(-4.92819169311593E-17,0.,1.));
#6724=DIRECTION('',(-4.92819169311593E-17,0.,1.));
#6725=DIRECTION('',(0.,-1.,0.));
#6726=DIRECTION('',(0.,-1.,0.));
#6727=DIRECTION('',(0.,0.,-1.));
#6728=DIRECTION('',(-4.92819169311593E-17,0.,1.));
#6729=DIRECTION('',(1.,0.,4.92819169311593E-17));
#6730=DIRECTION('',(-1.,0.,-4.92819169311593E-17));
#6731=DIRECTION('',(-4.92819169311593E-17,0.,1.));
#6732=DIRECTION('',(-4.92819169311593E-17,0.,1.));
#6733=DIRECTION('',(0.,-1.,0.));
#6734=DIRECTION('',(-0.4775133204192,0.878624509572907,-2.3532771790421E-17));
#6735=DIRECTION('',(-0.878624509572907,-0.4775133204192,0.));
#6736=DIRECTION('',(-0.878624509572907,-0.4775133204192,-4.33003000944525E-17));
#6737=DIRECTION('',(-0.47751332041917,0.878624509572923,-2.35327717904196E-17));
#6738=DIRECTION('',(-0.878624509572923,-0.47751332041917,0.));
#6739=DIRECTION('',(-4.92819169311593E-17,0.,1.));
#6740=DIRECTION('',(-0.878624509572923,-0.47751332041917,-4.33003000944533E-17));
#6741=DIRECTION('',(0.,-1.,0.));
#6742=DIRECTION('',(0.,0.,-1.));
#6743=DIRECTION('',(-4.92819169311593E-17,0.,1.));
#6744=DIRECTION('',(1.,0.,4.92819169311593E-17));
#6745=DIRECTION('',(1.,0.,4.92819169311593E-17));
#6746=DIRECTION('',(4.92819169311593E-17,0.,-1.));
#6747=DIRECTION('',(-4.92819169311593E-17,0.,1.));
#6748=DIRECTION('',(0.,1.,0.));
#6749=DIRECTION('',(0.,1.,0.));
#6750=DIRECTION('',(0.,0.,1.));
#6751=DIRECTION('',(-4.92819169311593E-17,0.,1.));
#6752=DIRECTION('',(-1.,0.,-4.92819169311593E-17));
#6753=DIRECTION('',(-4.92819169311593E-17,0.,1.));
#6754=DIRECTION('',(1.,0.,4.92819169311593E-17));
#6755=DIRECTION('',(-4.92819169311593E-17,0.,1.));
#6756=DIRECTION('',(-4.92819169311593E-17,0.,1.));
#6757=DIRECTION('',(1.,0.,4.92819169311593E-17));
#6758=DIRECTION('',(-1.,0.,-4.92819169311593E-17));
#6759=DIRECTION('',(-4.92819169311593E-17,0.,1.));
#6760=DIRECTION('',(0.,-1.,0.));
#6761=DIRECTION('',(-1.,0.,-4.92819169311593E-17));
#6762=DIRECTION('',(-4.92819169311593E-17,0.,1.));
#6763=DIRECTION('',(-4.92819169311593E-17,0.,1.));
#6764=DIRECTION('',(0.,-1.,0.));
#6765=DIRECTION('',(-4.92819169311593E-17,0.,1.));
#6766=DIRECTION('',(1.,0.,4.92819169311593E-17));
#6767=DIRECTION('',(-4.92819169311593E-17,0.,1.));
#6768=DIRECTION('',(1.,0.,4.92819169311593E-17));
#6769=DIRECTION('',(-4.92819169311593E-17,0.,1.));
#6770=DIRECTION('',(1.,0.,4.92819169311593E-17));
#6771=DIRECTION('',(-4.92819169311593E-17,0.,1.));
#6772=DIRECTION('',(1.,0.,4.92819169311593E-17));
#6773=DIRECTION('',(-4.92819169311593E-17,0.,1.));
#6774=DIRECTION('',(1.,0.,4.92819169311593E-17));
#6775=DIRECTION('',(-4.92819169311593E-17,0.,1.));
#6776=DIRECTION('',(-4.92819169311593E-17,0.,1.));
#6777=DIRECTION('',(1.,0.,4.92819169311593E-17));
#6778=DIRECTION('',(0.,-1.,0.));
#6779=DIRECTION('',(0.,0.,-1.));
#6780=DIRECTION('',(-4.92819169311593E-17,0.,1.));
#6781=DIRECTION('',(1.,0.,4.92819169311593E-17));
#6782=DIRECTION('',(-1.,0.,-4.92819169311593E-17));
#6783=DIRECTION('',(-4.92819169311593E-17,0.,1.));
#6784=DIRECTION('',(-4.92819169311593E-17,0.,1.));
#6785=DIRECTION('',(0.,-1.,0.));
#6786=DIRECTION('',(0.,-1.,0.));
#6787=DIRECTION('',(0.,0.,-1.));
#6788=DIRECTION('',(-4.92819169311593E-17,0.,1.));
#6789=DIRECTION('',(1.,0.,4.92819169311593E-17));
#6790=DIRECTION('',(1.,0.,4.92819169311593E-17));
#6791=DIRECTION('',(4.92819169311593E-17,0.,-1.));
#6792=DIRECTION('',(-4.92819169311593E-17,0.,1.));
#6793=DIRECTION('',(0.,1.,0.));
#6794=DIRECTION('',(0.,1.,0.));
#6795=DIRECTION('',(0.,0.,1.));
#6796=DIRECTION('',(-4.92819169311593E-17,0.,1.));
#6797=DIRECTION('',(-1.,0.,-4.92819169311593E-17));
#6798=DIRECTION('',(1.,0.,4.92819169311593E-17));
#6799=DIRECTION('',(4.92819169311593E-17,0.,-1.));
#6800=DIRECTION('',(-4.92819169311593E-17,0.,1.));
#6801=DIRECTION('',(0.,1.,0.));
#6802=DIRECTION('',(-0.477513320419006,0.878624509573012,-2.35327717904115E-17));
#6803=DIRECTION('',(-0.878624509573012,-0.477513320419006,0.));
#6804=DIRECTION('',(-0.878624509573012,-0.477513320419006,-4.33003000944577E-17));
#6805=DIRECTION('',(-0.477513320419134,0.878624509572942,-2.35327717904178E-17));
#6806=DIRECTION('',(-0.878624509572943,-0.477513320419134,0.));
#6807=DIRECTION('',(-4.92819169311593E-17,0.,1.));
#6808=DIRECTION('',(-0.878624509572943,-0.477513320419134,-4.33003000944544E-17));
#6809=DIRECTION('',(0.,1.,0.));
#6810=DIRECTION('',(0.,0.,1.));
#6811=DIRECTION('',(-4.92819169311593E-17,0.,1.));
#6812=DIRECTION('',(-1.,0.,-4.92819169311593E-17));
#6813=DIRECTION('',(-1.,0.,-4.92819169311593E-17));
#6814=DIRECTION('',(-4.92819169311593E-17,0.,1.));
#6815=DIRECTION('',(-4.92819169311593E-17,0.,1.));
#6816=DIRECTION('',(0.,-1.,0.));
#6817=DIRECTION('',(0.,-1.,0.));
#6818=DIRECTION('',(0.,0.,-1.));
#6819=DIRECTION('',(-4.92819169311593E-17,0.,1.));
#6820=DIRECTION('',(1.,0.,4.92819169311593E-17));
#6821=DIRECTION('',(-4.92819169311593E-17,0.,1.));
#6822=DIRECTION('',(1.,0.,4.92819169311593E-17));
#6823=DIRECTION('',(-4.92819169311593E-17,0.,1.));
#6824=DIRECTION('',(1.,0.,4.92819169311593E-17));
#6825=DIRECTION('',(-4.92819169311593E-17,0.,1.));
#6826=DIRECTION('',(1.,0.,4.92819169311593E-17));
#6827=DIRECTION('',(-4.92819169311593E-17,0.,1.));
#6828=DIRECTION('',(1.,0.,4.92819169311593E-17));
#6829=DIRECTION('',(-4.92819169311593E-17,0.,1.));
#6830=DIRECTION('',(1.,0.,4.92819169311593E-17));
#6831=DIRECTION('',(-4.92819169311593E-17,0.,1.));
#6832=DIRECTION('',(-4.92819169311593E-17,0.,1.));
#6833=DIRECTION('',(1.,0.,4.92819169311593E-17));
#6834=DIRECTION('',(-1.,0.,-4.92819169311593E-17));
#6835=DIRECTION('',(-4.92819169311593E-17,0.,1.));
#6836=DIRECTION('',(0.,-1.,0.));
#6837=DIRECTION('',(-1.,0.,-4.92819169311593E-17));
#6838=DIRECTION('',(-4.92819169311593E-17,0.,1.));
#6839=DIRECTION('',(-4.92819169311593E-17,0.,1.));
#6840=DIRECTION('',(0.,-1.,0.));
#6841=DIRECTION('',(-4.92819169311593E-17,0.,1.));
#6842=DIRECTION('',(1.,0.,4.92819169311593E-17));
#6843=DIRECTION('',(-4.92819169311593E-17,0.,1.));
#6844=DIRECTION('',(-4.92819169311593E-17,0.,1.));
#6845=DIRECTION('',(1.,0.,4.92819169311593E-17));
#6846=DIRECTION('',(0.,1.,0.));
#6847=DIRECTION('',(0.,0.,1.));
#6848=DIRECTION('',(-4.92819169311593E-17,0.,1.));
#6849=DIRECTION('',(-1.,0.,-4.92819169311593E-17));
#6850=DIRECTION('',(-1.,0.,-4.92819169311593E-17));
#6851=DIRECTION('',(-4.92819169311593E-17,0.,1.));
#6852=DIRECTION('',(-4.92819169311593E-17,0.,1.));
#6853=DIRECTION('',(0.,-1.,0.));
#6854=DIRECTION('',(0.,-1.,0.));
#6855=DIRECTION('',(0.,0.,-1.));
#6856=DIRECTION('',(-4.92819169311593E-17,0.,1.));
#6857=DIRECTION('',(1.,0.,4.92819169311593E-17));
#6858=DIRECTION('',(1.,0.,4.92819169311593E-17));
#6859=DIRECTION('',(4.92819169311593E-17,0.,-1.));
#6860=DIRECTION('',(-4.92819169311593E-17,0.,1.));
#6861=DIRECTION('',(0.,1.,0.));
#6862=DIRECTION('',(0.,-1.,0.));
#6863=DIRECTION('',(0.,0.,-1.));
#6864=DIRECTION('',(-4.92819169311593E-17,0.,1.));
#6865=DIRECTION('',(1.,0.,4.92819169311593E-17));
#6866=DIRECTION('',(1.,0.,4.92819169311593E-17));
#6867=DIRECTION('',(4.92819169311593E-17,0.,-1.));
#6868=DIRECTION('',(-4.92819169311593E-17,0.,1.));
#6869=DIRECTION('',(0.,1.,0.));
#6870=DIRECTION('',(0.,1.,0.));
#6871=DIRECTION('',(0.,0.,1.));
#6872=DIRECTION('',(-4.92819169311593E-17,0.,1.));
#6873=DIRECTION('',(-1.,0.,-4.92819169311593E-17));
#6874=DIRECTION('',(-1.,0.,-4.92819169311593E-17));
#6875=DIRECTION('',(-4.92819169311593E-17,0.,1.));
#6876=DIRECTION('',(-4.92819169311593E-17,0.,1.));
#6877=DIRECTION('',(0.,-1.,0.));
#6878=DIRECTION('',(0.,1.,0.));
#6879=DIRECTION('',(0.,0.,1.));
#6880=DIRECTION('',(-4.92819169311593E-17,0.,1.));
#6881=DIRECTION('',(-1.,0.,-4.92819169311593E-17));
#6882=DIRECTION('',(-4.92819169311593E-17,0.,1.));
#6883=DIRECTION('',(1.,0.,4.92819169311593E-17));
#6884=DIRECTION('',(-4.92819169311593E-17,0.,1.));
#6885=DIRECTION('',(1.,0.,4.92819169311593E-17));
#6886=DIRECTION('',(-4.92819169311593E-17,0.,1.));
#6887=DIRECTION('',(1.,0.,4.92819169311593E-17));
#6888=DIRECTION('',(-4.92819169311593E-17,0.,1.));
#6889=DIRECTION('',(1.,0.,4.92819169311593E-17));
#6890=DIRECTION('',(6.7762635780344E-17,0.,-1.));
#6891=DIRECTION('',(-1.,0.,-6.7762635780344E-17));
#6892=DIRECTION('',(6.7762635780344E-17,0.,-1.));
#6893=DIRECTION('',(-1.,0.,-6.7762635780344E-17));
#6894=DIRECTION('',(6.7762635780344E-17,0.,-1.));
#6895=DIRECTION('',(1.,0.,6.7762635780344E-17));
#6896=DIRECTION('',(6.7762635780344E-17,0.,-1.));
#6897=DIRECTION('',(-1.,0.,-6.7762635780344E-17));
#6898=DIRECTION('',(6.7762635780344E-17,0.,-1.));
#6899=DIRECTION('',(6.7762635780344E-17,0.,-1.));
#6900=DIRECTION('',(-1.,0.,-6.7762635780344E-17));
#6901=DIRECTION('',(0.,1.,0.));
#6902=DIRECTION('',(0.,0.,1.));
#6903=DIRECTION('',(6.7762635780344E-17,0.,-1.));
#6904=DIRECTION('',(1.,0.,6.7762635780344E-17));
#6905=DIRECTION('',(1.,0.,6.7762635780344E-17));
#6906=DIRECTION('',(6.7762635780344E-17,0.,-1.));
#6907=DIRECTION('',(6.7762635780344E-17,0.,-1.));
#6908=DIRECTION('',(0.,-1.,0.));
#6909=DIRECTION('',(0.,1.,0.));
#6910=DIRECTION('',(0.,0.,1.));
#6911=DIRECTION('',(1.,0.,6.7762635780344E-17));
#6912=DIRECTION('',(6.7762635780344E-17,0.,-1.));
#6913=DIRECTION('',(1.,0.,6.7762635780344E-17));
#6914=DIRECTION('',(6.7762635780344E-17,0.,-1.));
#6915=DIRECTION('',(-1.,0.,-6.7762635780344E-17));
#6916=DIRECTION('',(1.82643233119693E-13,1.,1.23763868836342E-29));
#6917=DIRECTION('',(-1.,1.82643233119693E-13,0.));
#6918=DIRECTION('',(6.7762635780344E-17,0.,-1.));
#6919=DIRECTION('',(1.,-1.82643233119693E-13,6.7762635780344E-17));
#6920=DIRECTION('',(6.7762635780344E-17,0.,-1.));
#6921=DIRECTION('',(6.7762635780344E-17,0.,-1.));
#6922=DIRECTION('',(-1.,0.,-6.7762635780344E-17));
#6923=DIRECTION('',(6.7762635780344E-17,0.,-1.));
#6924=DIRECTION('',(-1.,0.,-6.7762635780344E-17));
#6925=DIRECTION('',(0.,1.,0.));
#6926=DIRECTION('',(0.,0.,1.));
#6927=DIRECTION('',(6.7762635780344E-17,0.,-1.));
#6928=DIRECTION('',(1.,0.,6.7762635780344E-17));
#6929=DIRECTION('',(-1.,0.,-6.7762635780344E-17));
#6930=DIRECTION('',(-6.7762635780344E-17,0.,1.));
#6931=DIRECTION('',(0.,1.,0.));
#6932=DIRECTION('',(6.7762635780344E-17,0.,-1.));
#6933=DIRECTION('',(1.,0.,6.7762635780344E-17));
#6934=DIRECTION('',(6.7762635780344E-17,0.,-1.));
#6935=DIRECTION('',(-1.,0.,-6.7762635780344E-17));
#6936=DIRECTION('',(0.,-1.,0.));
#6937=DIRECTION('',(0.,0.,-1.));
#6938=DIRECTION('',(6.7762635780344E-17,0.,-1.));
#6939=DIRECTION('',(-1.,0.,-6.7762635780344E-17));
#6940=DIRECTION('',(6.7762635780344E-17,0.,-1.));
#6941=DIRECTION('',(6.7762635780344E-17,0.,-1.));
#6942=DIRECTION('',(-1.,0.,-6.7762635780344E-17));
#6943=DIRECTION('',(6.7762635780344E-17,0.,-1.));
#6944=DIRECTION('',(-1.,0.,-6.7762635780344E-17));
#6945=DIRECTION('',(0.,1.,0.));
#6946=DIRECTION('',(0.,0.,1.));
#6947=DIRECTION('',(6.7762635780344E-17,0.,-1.));
#6948=DIRECTION('',(1.,0.,6.7762635780344E-17));
#6949=DIRECTION('',(1.,0.,6.7762635780344E-17));
#6950=DIRECTION('',(6.7762635780344E-17,0.,-1.));
#6951=DIRECTION('',(0.,-1.,0.));
#6952=DIRECTION('',(6.7762635780344E-17,0.,-1.));
#6953=DIRECTION('',(1.,0.,6.7762635780344E-17));
#6954=DIRECTION('',(6.7762635780344E-17,0.,-1.));
#6955=DIRECTION('',(-1.,0.,-6.7762635780344E-17));
#6956=DIRECTION('',(6.7762635780344E-17,0.,-1.));
#6957=DIRECTION('',(-1.,0.,-6.7762635780344E-17));
#6958=DIRECTION('',(6.7762635780344E-17,0.,-1.));
#6959=DIRECTION('',(6.7762635780344E-17,0.,-1.));
#6960=DIRECTION('',(-1.,0.,-6.7762635780344E-17));
#6961=DIRECTION('',(1.82643233119693E-13,-1.,1.23763868836342E-29));
#6962=DIRECTION('',(1.,1.82643233119693E-13,0.));
#6963=DIRECTION('',(6.7762635780344E-17,0.,-1.));
#6964=DIRECTION('',(-1.,-1.82643233119693E-13,-6.7762635780344E-17));
#6965=DIRECTION('',(-1.,0.,-6.7762635780344E-17));
#6966=DIRECTION('',(-6.7762635780344E-17,0.,1.));
#6967=DIRECTION('',(6.7762635780344E-17,0.,-1.));
#6968=DIRECTION('',(0.,1.,0.));
#6969=DIRECTION('',(0.,1.,0.));
#6970=DIRECTION('',(0.,0.,1.));
#6971=DIRECTION('',(1.,0.,6.7762635780344E-17));
#6972=DIRECTION('',(6.7762635780344E-17,0.,-1.));
#6973=DIRECTION('',(1.,0.,6.7762635780344E-17));
#6974=DIRECTION('',(6.7762635780344E-17,0.,-1.));
#6975=DIRECTION('',(-1.,0.,-6.7762635780344E-17));
#6976=DIRECTION('',(-4.92819169311593E-17,0.,1.));
#6977=DIRECTION('',(1.,0.,4.92819169311593E-17));
#6978=DIRECTION('',(-4.92819169311593E-17,0.,1.));
#6979=DIRECTION('',(-4.92819169311593E-17,0.,1.));
#6980=DIRECTION('',(1.,0.,4.92819169311593E-17));
#6981=DIRECTION('',(0.,-1.,0.));
#6982=DIRECTION('',(0.,0.,-1.));
#6983=DIRECTION('',(-4.92819169311593E-17,0.,1.));
#6984=DIRECTION('',(1.,0.,4.92819169311593E-17));
#6985=DIRECTION('',(1.,0.,4.92819169311593E-17));
#6986=DIRECTION('',(4.92819169311593E-17,0.,-1.));
#6987=DIRECTION('',(-4.92819169311593E-17,0.,1.));
#6988=DIRECTION('',(0.,1.,0.));
#6989=DIRECTION('',(0.,1.,0.));
#6990=DIRECTION('',(0.,0.,1.));
#6991=DIRECTION('',(-4.92819169311593E-17,0.,1.));
#6992=DIRECTION('',(-1.,0.,-4.92819169311593E-17));
#6993=DIRECTION('',(-1.,0.,-4.92819169311593E-17));
#6994=DIRECTION('',(-4.92819169311593E-17,0.,1.));
#6995=DIRECTION('',(-4.92819169311593E-17,0.,1.));
#6996=DIRECTION('',(0.,-1.,0.));
#6997=DIRECTION('',(0.,1.,0.));
#6998=DIRECTION('',(0.,0.,1.));
#6999=DIRECTION('',(-4.92819169311593E-17,0.,1.));
#7000=DIRECTION('',(-1.,0.,-4.92819169311593E-17));
#7001=DIRECTION('',(-1.,0.,-4.92819169311593E-17));
#7002=DIRECTION('',(-4.92819169311593E-17,0.,1.));
#7003=DIRECTION('',(-4.92819169311593E-17,0.,1.));
#7004=DIRECTION('',(0.,-1.,0.));
#7005=DIRECTION('',(0.,-1.,0.));
#7006=DIRECTION('',(0.,0.,-1.));
#7007=DIRECTION('',(-4.92819169311593E-17,0.,1.));
#7008=DIRECTION('',(1.,0.,4.92819169311593E-17));
#7009=DIRECTION('',(1.,0.,4.92819169311593E-17));
#7010=DIRECTION('',(4.92819169311593E-17,0.,-1.));
#7011=DIRECTION('',(-4.92819169311593E-17,0.,1.));
#7012=DIRECTION('',(0.,1.,0.));
#7013=DIRECTION('',(0.,-1.,0.));
#7014=DIRECTION('',(0.,0.,-1.));
#7015=DIRECTION('',(-4.92819169311593E-17,0.,1.));
#7016=DIRECTION('',(1.,0.,4.92819169311593E-17));
#7017=DIRECTION('',(-4.92819169311593E-17,0.,1.));
#7018=DIRECTION('',(1.,0.,4.92819169311593E-17));
#7019=DIRECTION('',(-4.92819169311593E-17,0.,1.));
#7020=DIRECTION('',(1.,0.,4.92819169311593E-17));
#7021=DIRECTION('',(-4.92819169311593E-17,0.,1.));
#7022=DIRECTION('',(1.,0.,4.92819169311593E-17));
#7023=DIRECTION('',(-4.92819169311593E-17,0.,1.));
#7024=DIRECTION('',(1.,0.,4.92819169311593E-17));
#7025=DIRECTION('',(-6.7762635780344E-17,0.,-1.));
#7026=DIRECTION('',(1.,0.,-6.7762635780344E-17));
#7027=DIRECTION('',(-6.7762635780344E-17,0.,-1.));
#7028=DIRECTION('',(1.,0.,-6.7762635780344E-17));
#7029=DIRECTION('',(6.7762635780344E-17,0.,-1.));
#7030=DIRECTION('',(-1.,0.,-6.7762635780344E-17));
#7031=DIRECTION('',(6.7762635780344E-17,0.,-1.));
#7032=DIRECTION('',(-1.,0.,-6.7762635780344E-17));
#7033=DIRECTION('',(-4.02799568725263E-16,0.,1.));
#7034=DIRECTION('',(1.,0.,4.02799568725263E-16));
#7035=DIRECTION('',(0.,-1.,0.));
#7036=DIRECTION('',(-1.,0.,-4.02799568725263E-16));
#7037=DIRECTION('',(0.,-1.,0.));
#7038=DIRECTION('',(-1.,0.,0.));
#7039=DIRECTION('',(0.,0.,1.));
#7040=DIRECTION('',(0.,-1.,0.));
#7041=DIRECTION('',(0.,0.,-1.));
#7042=DIRECTION('',(-6.29536745314165E-16,0.,1.));
#7043=DIRECTION('',(1.,0.,6.29536745314165E-16));
#7044=DIRECTION('',(0.,-1.,0.));
#7045=DIRECTION('',(-1.,0.,-6.29536745314165E-16));
#7046=DIRECTION('',(-1.,0.,0.));
#7047=DIRECTION('',(0.,0.,1.));
#7048=DIRECTION('',(0.,-1.,0.));
#7049=DIRECTION('',(0.,0.,-1.));
#7050=DIRECTION('',(4.52536558950472E-16,0.,-1.));
#7051=DIRECTION('',(-1.,0.,-4.52536558950472E-16));
#7052=DIRECTION('',(0.,-1.,0.));
#7053=DIRECTION('',(1.,0.,4.52536558950472E-16));
#7054=DIRECTION('',(1.,0.,0.));
#7055=DIRECTION('',(0.,0.,-1.));
#7056=DIRECTION('',(0.,-1.,0.));
#7057=DIRECTION('',(0.,0.,1.));
#7058=DIRECTION('',(-6.2902946348877E-16,0.,1.));
#7059=DIRECTION('',(1.,0.,6.2902946348877E-16));
#7060=DIRECTION('',(0.,-1.,0.));
#7061=DIRECTION('',(-1.,0.,-6.2902946348877E-16));
#7062=DIRECTION('',(1.,0.,0.));
#7063=DIRECTION('',(0.,0.,-1.));
#7064=DIRECTION('',(0.,0.,1.));
#7065=DIRECTION('',(0.,-1.,0.));
#7066=DIRECTION('',(1.,0.,0.));
#7067=DIRECTION('',(0.,-1.,0.));
#7068=DIRECTION('',(-0.963331750894558,0.,-0.268313133704681));
#7069=DIRECTION('',(0.,-1.,0.));
#7070=DIRECTION('',(0.,0.,-1.));
#7071=DIRECTION('',(0.,-1.,0.));
#7072=DIRECTION('',(0.,-1.,0.));
#7073=DIRECTION('',(0.,0.,-1.));
#7074=DIRECTION('',(0.,-1.,0.));
#7075=DIRECTION('',(0.,-1.,0.));
#7076=DIRECTION('',(-0.962753055895231,0.,0.270382235667203));
#7077=DIRECTION('',(0.,-1.,0.));
#7078=DIRECTION('',(0.,0.,-1.));
#7079=DIRECTION('',(0.,-1.,0.));
#7080=DIRECTION('',(0.,-1.,0.));
#7081=DIRECTION('',(0.,0.,-1.));
#7082=DIRECTION('',(0.,-1.,0.));
#7083=DIRECTION('',(-0.42244279722568,0.,0.906389586806989));
#7084=DIRECTION('',(0.,-1.,0.));
#7085=DIRECTION('',(0.,0.,-1.));
#7086=DIRECTION('',(0.,-1.,0.));
#7087=DIRECTION('',(0.,-1.,0.));
#7088=DIRECTION('',(0.,0.,-1.));
#7089=DIRECTION('',(0.,-1.,0.));
#7090=DIRECTION('',(0.755620886064488,0.,0.655009218670331));
#7091=DIRECTION('',(0.,-1.,0.));
#7092=DIRECTION('',(0.,0.,-1.));
#7093=DIRECTION('',(0.,-1.,0.));
#7094=DIRECTION('',(0.,-1.,0.));
#7095=DIRECTION('',(0.,0.,-1.));
#7096=DIRECTION('',(0.,-1.,0.));
#7097=DIRECTION('',(0.754509731204976,0.,-0.656288858291069));
#7098=DIRECTION('',(0.,-1.,0.));
#7099=DIRECTION('',(0.,0.,-1.));
#7100=DIRECTION('',(0.,-1.,0.));
#7101=DIRECTION('',(0.,-1.,0.));
#7102=DIRECTION('',(0.,0.,-1.));
#7103=DIRECTION('',(0.,-1.,0.));
#7104=DIRECTION('',(0.975973241612778,0.,-0.217890412032854));
#7105=DIRECTION('',(0.,-1.,0.));
#7106=DIRECTION('',(0.,-1.,0.));
#7107=DIRECTION('',(0.,0.,-1.));
#7108=DIRECTION('',(0.,-1.,0.));
#7109=DIRECTION('',(0.,-1.,0.));
#7110=DIRECTION('',(0.945476897070982,0.,0.325689172532688));
#7111=DIRECTION('',(0.,-1.,0.));
#7112=DIRECTION('',(0.,-1.,0.));
#7113=DIRECTION('',(0.,0.,-1.));
#7114=DIRECTION('',(0.,-1.,0.));
#7115=DIRECTION('',(0.370692171570493,0.,0.928755788103822));
#7116=DIRECTION('',(0.,-1.,0.));
#7117=DIRECTION('',(0.,-1.,0.));
#7118=DIRECTION('',(0.,0.,-1.));
#7119=DIRECTION('',(0.,-1.,0.));
#7120=DIRECTION('',(-0.366709952822137,0.,0.930335321537985));
#7121=DIRECTION('',(0.,-1.,0.));
#7122=DIRECTION('',(0.,-1.,0.));
#7123=DIRECTION('',(0.,0.,-1.));
#7124=DIRECTION('',(0.,-1.,0.));
#7125=DIRECTION('',(-0.944219313414082,0.,0.32931730621976));
#7126=DIRECTION('',(0.,-1.,0.));
#7127=DIRECTION('',(0.,-1.,0.));
#7128=DIRECTION('',(0.,0.,-1.));
#7129=DIRECTION('',(0.,-1.,0.));
#7130=DIRECTION('',(-0.945133457699846,0.,-0.326684476423863));
#7131=DIRECTION('',(0.,-1.,0.));
#7132=DIRECTION('',(0.,-1.,0.));
#7133=DIRECTION('',(0.,0.,-1.));
#7134=DIRECTION('',(0.,-1.,0.));
#7135=DIRECTION('',(-0.371224293414667,0.,-0.928543226769105));
#7136=DIRECTION('',(0.,-1.,0.));
#7137=DIRECTION('',(0.,-1.,0.));
#7138=DIRECTION('',(0.,0.,-1.));
#7139=DIRECTION('',(0.,0.,1.));
#7140=DIRECTION('',(1.,0.,0.));
#7141=DIRECTION('',(0.,-1.,0.));
#7142=DIRECTION('',(-1.,0.,0.));
#7143=DIRECTION('',(0.77456297809738,0.,0.632496792846349));
#7144=DIRECTION('',(0.632496792846349,0.,-0.77456297809738));
#7145=DIRECTION('',(0.,-1.,0.));
#7146=DIRECTION('',(-0.632496792846349,0.,0.77456297809738));
#7147=DIRECTION('',(-3.14514731744385E-16,0.,1.));
#7148=DIRECTION('',(1.,0.,3.14514731744385E-16));
#7149=DIRECTION('',(0.,-1.,0.));
#7150=DIRECTION('',(-1.,0.,-3.14514731744385E-16));
#7151=DIRECTION('',(-0.745130305507491,0.,-0.666918906475378));
#7152=DIRECTION('',(-0.666918906475378,0.,0.745130305507491));
#7153=DIRECTION('',(0.,-1.,0.));
#7154=DIRECTION('',(0.666918906475378,0.,-0.745130305507491));
#7155=DIRECTION('',(0.,-1.,0.));
#7156=DIRECTION('',(0.688645838842634,0.,-0.725097861426114));
#7157=DIRECTION('',(0.,-1.,0.));
#7158=DIRECTION('',(0.,0.,-1.));
#7159=DIRECTION('',(0.,-1.,0.));
#7160=DIRECTION('',(-0.4228974482501,0.,-0.906177547869927));
#7161=DIRECTION('',(0.,-1.,0.));
#7162=DIRECTION('',(0.,0.,-1.));
#7163=DIRECTION('',(0.,-1.,0.));
#7164=DIRECTION('',(0.,0.,-1.));
#7165=DIRECTION('',(0.,-1.,0.));
#7166=DIRECTION('',(1.,0.,0.));
#7167=DIRECTION('',(-1.,0.,0.));
#7168=DIRECTION('',(0.,0.,1.));
#7169=DIRECTION('',(0.,0.,-1.));
#7170=DIRECTION('',(0.,-1.,0.));
#7171=DIRECTION('',(0.,0.,-1.));
#7172=DIRECTION('',(0.,-1.,0.));
#7173=DIRECTION('',(-6.50521303491307E-16,0.,1.));
#7174=DIRECTION('',(1.,0.,6.50521303491307E-16));
#7175=DIRECTION('',(-1.,0.,-6.50521303491307E-16));
#7176=DIRECTION('',(0.,-1.,0.));
#7177=DIRECTION('',(-1.,0.,-6.50521303491307E-16));
#7178=DIRECTION('',(0.,-1.,0.));
#7179=DIRECTION('',(0.641927827331379,0.,0.766765064734704));
#7180=DIRECTION('',(0.,-1.,0.));
#7181=DIRECTION('',(0.,0.,-1.));
#7182=DIRECTION('',(0.,-1.,0.));
#7183=DIRECTION('',(0.,-1.,0.));
#7184=DIRECTION('',(0.,0.,-1.));
#7185=DIRECTION('',(0.,-1.,0.));
#7186=DIRECTION('',(0.917588434659582,0.,-0.397531715186321));
#7187=DIRECTION('',(0.,-1.,0.));
#7188=DIRECTION('',(0.,0.,-1.));
#7189=DIRECTION('',(0.,-1.,0.));
#7190=DIRECTION('',(0.,-1.,0.));
#7191=DIRECTION('',(0.,0.,-1.));
#7192=DIRECTION('',(0.,-1.,0.));
#7193=DIRECTION('',(0.2779261116904,0.,-0.96060245494203));
#7194=DIRECTION('',(0.,-1.,0.));
#7195=DIRECTION('',(0.,0.,-1.));
#7196=DIRECTION('',(0.,-1.,0.));
#7197=DIRECTION('',(0.,-1.,0.));
#7198=DIRECTION('',(0.,0.,-1.));
#7199=DIRECTION('',(0.,0.,-1.));
#7200=DIRECTION('',(-1.,0.,0.));
#7201=DIRECTION('',(1.,0.,0.));
#7202=DIRECTION('',(0.,-1.,0.));
#7203=DIRECTION('',(1.,0.,0.));
#7204=DIRECTION('',(0.,-1.,0.));
#7205=DIRECTION('',(-1.,0.,0.));
#7206=DIRECTION('',(0.,0.,1.));
#7207=DIRECTION('',(0.,0.,-1.));
#7208=DIRECTION('',(0.,-1.,0.));
#7209=DIRECTION('',(0.,0.,-1.));
#7210=DIRECTION('',(0.,0.,1.));
#7211=DIRECTION('',(1.,0.,0.));
#7212=DIRECTION('',(-1.,0.,0.));
#7213=DIRECTION('',(0.,-1.,0.));
#7214=DIRECTION('',(-1.,0.,0.));
#7215=DIRECTION('',(0.,-1.,0.));
#7216=DIRECTION('',(0.209159218399512,0.,0.977881598844413));
#7217=DIRECTION('',(0.,-1.,0.));
#7218=DIRECTION('',(0.,0.,-1.));
#7219=DIRECTION('',(0.,-1.,0.));
#7220=DIRECTION('',(0.,-1.,0.));
#7221=DIRECTION('',(0.,0.,-1.));
#7222=DIRECTION('',(0.,-1.,0.));
#7223=DIRECTION('',(0.882477288488178,0.,0.470355009862289));
#7224=DIRECTION('',(0.,-1.,0.));
#7225=DIRECTION('',(0.,0.,-1.));
#7226=DIRECTION('',(0.,-1.,0.));
#7227=DIRECTION('',(0.,-1.,0.));
#7228=DIRECTION('',(0.,0.,-1.));
#7229=DIRECTION('',(0.,-1.,0.));
#7230=DIRECTION('',(0.904857091335893,0.,-0.425715449871328));
#7231=DIRECTION('',(0.,-1.,0.));
#7232=DIRECTION('',(0.,0.,-1.));
#7233=DIRECTION('',(0.,-1.,0.));
#7234=DIRECTION('',(0.,-1.,0.));
#7235=DIRECTION('',(0.,0.,-1.));
#7236=DIRECTION('',(0.,0.,-1.));
#7237=DIRECTION('',(-1.,0.,0.));
#7238=DIRECTION('',(0.,-1.,0.));
#7239=DIRECTION('',(1.,0.,0.));
#7240=DIRECTION('',(0.,-1.,0.));
#7241=DIRECTION('',(1.,0.,0.));
#7242=DIRECTION('',(0.,0.,-1.));
#7243=DIRECTION('',(0.,-1.,0.));
#7244=DIRECTION('',(0.,0.,1.));
#7245=DIRECTION('',(-3.42579972581728E-16,0.,1.));
#7246=DIRECTION('',(1.,0.,3.42579972581728E-16));
#7247=DIRECTION('',(0.,-1.,0.));
#7248=DIRECTION('',(-1.,0.,-3.42579972581728E-16));
#7249=DIRECTION('',(0.,-1.,0.));
#7250=DIRECTION('',(0.291507819211501,0.,-0.956568445715494));
#7251=DIRECTION('',(0.,-1.,0.));
#7252=DIRECTION('',(0.,-1.,0.));
#7253=DIRECTION('',(0.,0.,-1.));
#7254=DIRECTION('',(0.,-1.,0.));
#7255=DIRECTION('',(0.903665552979736,0.,-0.428238915043727));
#7256=DIRECTION('',(0.,-1.,0.));
#7257=DIRECTION('',(0.,-1.,0.));
#7258=DIRECTION('',(0.,0.,-1.));
#7259=DIRECTION('',(0.,-1.,0.));
#7260=DIRECTION('',(0.960365016721624,0.,0.27874546571608));
#7261=DIRECTION('',(0.,-1.,0.));
#7262=DIRECTION('',(0.,-1.,0.));
#7263=DIRECTION('',(0.,0.,-1.));
#7264=DIRECTION('',(0.,-1.,0.));
#7265=DIRECTION('',(0.518190803741896,0.,0.855265041327732));
#7266=DIRECTION('',(0.,-1.,0.));
#7267=DIRECTION('',(0.,-1.,0.));
#7268=DIRECTION('',(0.,0.,-1.));
#7269=DIRECTION('',(-1.,0.,0.));
#7270=DIRECTION('',(0.,0.,1.));
#7271=DIRECTION('',(0.,-1.,0.));
#7272=DIRECTION('',(0.,0.,-1.));
#7273=DIRECTION('',(0.,-1.,0.));
#7274=DIRECTION('',(0.524983817418969,0.,-0.851112208494395));
#7275=DIRECTION('',(0.,-1.,0.));
#7276=DIRECTION('',(0.,-1.,0.));
#7277=DIRECTION('',(0.957875270103414,0.,-0.287184552029374));
#7278=DIRECTION('',(0.,-1.,0.));
#7279=DIRECTION('',(0.,-1.,0.));
#7280=DIRECTION('',(0.,0.,-1.));
#7281=DIRECTION('',(0.,-1.,0.));
#7282=DIRECTION('',(0.887251376377609,0.,0.461286239894536));
#7283=DIRECTION('',(0.,-1.,0.));
#7284=DIRECTION('',(0.,-1.,0.));
#7285=DIRECTION('',(0.,0.,-1.));
#7286=DIRECTION('',(0.,-1.,0.));
#7287=DIRECTION('',(0.237096153646885,0.,-0.971486188232161));
#7288=DIRECTION('',(0.,-1.,0.));
#7289=DIRECTION('',(0.,0.,-1.));
#7290=DIRECTION('',(0.,-1.,0.));
#7291=DIRECTION('',(0.,0.,-1.));
#7292=DIRECTION('',(0.,-1.,0.));
#7293=DIRECTION('',(0.218681067362598,0.,0.975796387970951));
#7294=DIRECTION('',(0.,-1.,0.));
#7295=DIRECTION('',(0.,0.,-1.));
#7296=DIRECTION('',(3.09281126857988E-16,0.,-1.));
#7297=DIRECTION('',(-1.,0.,-3.09281126857989E-16));
#7298=DIRECTION('',(1.,0.,3.09281126857989E-16));
#7299=DIRECTION('',(1.,0.,3.09281126857989E-16));
#7300=DIRECTION('',(0.,-1.,0.));
#7301=DIRECTION('',(1.,0.,0.));
#7302=DIRECTION('',(0.,-1.,0.));
#7303=DIRECTION('',(1.,0.,0.));
#7304=DIRECTION('',(0.,-1.,0.));
#7305=DIRECTION('',(1.,0.,0.));
#7306=DIRECTION('',(0.,-1.,0.));
#7307=DIRECTION('',(1.,0.,0.));
#7308=DIRECTION('',(0.,0.,1.));
#7309=DIRECTION('',(1.,0.,0.));
#7310=DIRECTION('',(6.7762635780344E-17,0.,-1.));
#7311=DIRECTION('',(-1.,0.,-6.7762635780344E-17));
#7312=DIRECTION('',(6.7762635780344E-17,0.,-1.));
#7313=DIRECTION('',(-1.,0.,-6.7762635780344E-17));
#7314=DIRECTION('',(6.7762635780344E-17,0.,-1.));
#7315=DIRECTION('',(-1.,0.,-6.7762635780344E-17));
#7316=DIRECTION('',(6.7762635780344E-17,0.,-1.));
#7317=DIRECTION('',(1.,0.,6.7762635780344E-17));
#7318=DIRECTION('',(6.7762635780344E-17,0.,-1.));
#7319=DIRECTION('',(1.,0.,6.7762635780344E-17));
#7320=DIRECTION('',(0.,0.,1.));
#7321=DIRECTION('',(1.,0.,0.));
#7322=CARTESIAN_POINT('',(0.,0.,0.));
#7323=CARTESIAN_POINT('',(0.00064999999999975,1.70658320536415E-16,8.E-5));
#7324=CARTESIAN_POINT('',(0.00064999999999975,1.70658320536415E-16,8.E-5));
#7325=CARTESIAN_POINT('',(0.00072999999999975,1.70658320536415E-16,8.E-5));
#7326=CARTESIAN_POINT('',(0.00064999999999975,1.70658320536415E-16,0.0001));
#7327=CARTESIAN_POINT('',(0.00072999999999975,1.70658320536415E-16,0.0001));
#7328=CARTESIAN_POINT('',(-3.94255335449274E-21,0.,8.E-5));
#7329=CARTESIAN_POINT('',(-4.92819169311593E-21,0.,0.0001));
#7330=CARTESIAN_POINT('',(8.E-6,0.,0.0001));
#7331=CARTESIAN_POINT('',(0.000850000000000364,0.000399999999999807,0.0001));
#7332=CARTESIAN_POINT('',(0.000850000000000364,0.000399999999999807,8.E-5));
#7333=CARTESIAN_POINT('',(0.0008,0.00055198684153538,8.E-5));
#7334=CARTESIAN_POINT('',(0.0008,0.000248013158464234,8.E-5));
#7335=CARTESIAN_POINT('',(0.0008,0.00055198684153538,0.0001));
#7336=CARTESIAN_POINT('',(0.0008,0.00055198684153538,-8.E-5));
#7337=CARTESIAN_POINT('',(0.000850000000000364,0.000399999999999807,-8.E-5));
#7338=CARTESIAN_POINT('',(0.0008,0.000248013158464234,-8.E-5));
#7339=CARTESIAN_POINT('',(0.0008,0.000248013158464234,0.0001));
#7340=CARTESIAN_POINT('',(0.0008,0.000541376904920624,0.0001));
#7341=CARTESIAN_POINT('',(0.0008,0.000541376904920624,-0.0001));
#7342=CARTESIAN_POINT('',(0.0008,0.000674999999999812,-0.0001));
#7343=CARTESIAN_POINT('',(0.000799999999999989,0.000530766968305869,-0.0001));
#7344=CARTESIAN_POINT('',(0.0008,0.000674999999999812,-8.E-5));
#7345=CARTESIAN_POINT('',(0.0008,0.000674999999999812,-8.E-5));
#7346=CARTESIAN_POINT('',(0.0008,-0.00075,-8.E-5));
#7347=CARTESIAN_POINT('',(0.0008,-0.00075,8.E-5));
#7348=CARTESIAN_POINT('',(0.0008,0.000685657137141883,8.E-5));
#7349=CARTESIAN_POINT('',(0.0008,0.000685657137141883,8.E-5));
#7350=CARTESIAN_POINT('',(0.0008,0.000685657137141883,0.0001));
#7351=CARTESIAN_POINT('',(0.0008,0.000541376904920624,0.0001));
#7352=CARTESIAN_POINT('',(0.000799999999999989,0.000530766968305869,0.0001));
#7353=CARTESIAN_POINT('',(0.000799999999999989,0.000530766968305869,0.0001));
#7354=CARTESIAN_POINT('',(0.000850000000000364,0.000399999999999807,0.0001));
#7355=CARTESIAN_POINT('',(0.000850000000000364,0.000399999999999807,-0.0001));
#7356=CARTESIAN_POINT('',(0.0008,0.00026923303169374,-0.0001));
#7357=CARTESIAN_POINT('',(0.000850000000000364,0.000399999999999807,0.0001));
#7358=CARTESIAN_POINT('',(0.0008,0.00026923303169374,0.0001));
#7359=CARTESIAN_POINT('',(0.0008,0.00026923303169374,0.0001));
#7360=CARTESIAN_POINT('',(0.0008,0.000258623095078987,0.0001));
#7361=CARTESIAN_POINT('',(0.0008,0.000258623095078987,-0.0001));
#7362=CARTESIAN_POINT('',(0.0008,0.000114342862858073,-0.0001));
#7363=CARTESIAN_POINT('',(0.0008,0.000258623095078987,0.0001));
#7364=CARTESIAN_POINT('',(0.0008,0.000114342862858413,0.0001));
#7365=CARTESIAN_POINT('',(0.0008,0.000114342862858413,8.E-5));
#7366=CARTESIAN_POINT('',(0.0008,0.000114342862858413,8.E-5));
#7367=CARTESIAN_POINT('',(0.0008,-0.00075,8.E-5));
#7368=CARTESIAN_POINT('',(0.0008,-0.00075,-8.E-5));
#7369=CARTESIAN_POINT('',(0.0008,0.000114342862858073,-8.E-5));
#7370=CARTESIAN_POINT('',(0.0008,0.000114342862858073,-8.E-5));
#7371=CARTESIAN_POINT('',(0.000574999999999727,-6.15065792322162E-5,0.0001));
#7372=CARTESIAN_POINT('',(0.000849999999999682,0.000400000000000149,0.0001));
#7373=CARTESIAN_POINT('',(0.000576667668238997,0.000496899104301349,0.0001));
#7374=CARTESIAN_POINT('',(0.000503333834119303,0.000496899104301349,0.0001));
#7375=CARTESIAN_POINT('',(0.000429999999999609,0.000496899104301235,0.0001));
#7376=CARTESIAN_POINT('',(0.000429999999999609,0.000585949552151021,0.0001));
#7377=CARTESIAN_POINT('',(0.000429999999999609,0.000675000000000807,0.0001));
#7378=CARTESIAN_POINT('',(0.000329999999999643,0.000675000000000807,0.0001));
#7379=CARTESIAN_POINT('',(0.000229999999999677,0.000675000000000807,0.0001));
#7380=CARTESIAN_POINT('',(0.000229999999999677,0.000552500000000691,0.0001));
#7381=CARTESIAN_POINT('',(0.000229999999999677,0.000430000000000575,0.0001));
#7382=CARTESIAN_POINT('',(0.000139999999999702,0.000430000000000575,0.0001));
#7383=CARTESIAN_POINT('',(4.99999999997272E-5,0.000430000000000575,0.0001));
#7384=CARTESIAN_POINT('',(4.99999999997272E-5,0.000240000000000635,0.0001));
#7385=CARTESIAN_POINT('',(4.99999999997272E-5,5.00000000006936E-5,0.0001));
#7386=CARTESIAN_POINT('',(0.000239999999999668,5.00000000006936E-5,0.0001));
#7387=CARTESIAN_POINT('',(0.000429999999999609,5.00000000006936E-5,0.0001));
#7388=CARTESIAN_POINT('',(0.000429999999999609,0.000198449552150976,0.0001));
#7389=CARTESIAN_POINT('',(0.000429999999999609,0.000346899104301258,0.0001));
#7390=CARTESIAN_POINT('',(0.000497451503974674,0.000346899104301258,0.0001));
#7391=CARTESIAN_POINT('',(0.000564903007949738,0.000346899104301258,0.0001));
#7392=CARTESIAN_POINT('',(0.000849999999999682,0.000400000000000148,0.0001));
#7393=CARTESIAN_POINT('',(0.000574999999999727,-6.15065792322162E-5,-0.0001));
#7394=CARTESIAN_POINT('',(0.000849999999999682,0.000399999999999835,-0.0001));
#7395=CARTESIAN_POINT('',(0.000661055563722698,0.000179999999999865,-0.0001));
#7396=CARTESIAN_POINT('',(0.00050552778186119,0.000179999999999836,-0.0001));
#7397=CARTESIAN_POINT('',(0.000349999999999682,0.000179999999999808,-0.0001));
#7398=CARTESIAN_POINT('',(0.000349999999999682,0.00042749999999981,-0.0001));
#7399=CARTESIAN_POINT('',(0.000349999999999682,0.000674999999999812,-0.0001));
#7400=CARTESIAN_POINT('',(0.000574999999999818,0.000674999999999812,-0.0001));
#7401=CARTESIAN_POINT('',(0.000849999999999682,0.000399999999999835,-8.E-5));
#7402=CARTESIAN_POINT('',(0.000849999999999682,0.000399999999999835,-8.E-5));
#7403=CARTESIAN_POINT('',(0.000661055563722698,0.000179999999999865,-8.E-5));
#7404=CARTESIAN_POINT('',(0.000661055563722698,0.000179999999999865,-8.E-5));
#7405=CARTESIAN_POINT('',(0.00050552778186119,0.000179999999999836,-8.E-5));
#7406=CARTESIAN_POINT('',(0.00050552778186119,0.000179999999999836,-8.E-5));
#7407=CARTESIAN_POINT('',(0.000349999999999682,0.000179999999999808,-8.E-5));
#7408=CARTESIAN_POINT('',(0.000349999999999682,0.000179999999999808,-8.E-5));
#7409=CARTESIAN_POINT('',(0.000349999999999682,0.00042749999999981,-8.E-5));
#7410=CARTESIAN_POINT('',(0.000349999999999682,0.00042749999999981,-8.E-5));
#7411=CARTESIAN_POINT('',(0.000349999999999682,0.000674999999999812,-8.E-5));
#7412=CARTESIAN_POINT('',(0.000349999999999682,0.000674999999999812,-8.E-5));
#7413=CARTESIAN_POINT('',(0.000574999999999818,0.000674999999999812,-8.E-5));
#7414=CARTESIAN_POINT('',(0.000574999999999818,0.000674999999999812,-8.E-5));
#7415=CARTESIAN_POINT('',(5.42101086242753E-21,0.,-8.E-5));
#7416=CARTESIAN_POINT('',(0.000849999999999682,0.000400000000000149,8.E-5));
#7417=CARTESIAN_POINT('',(0.000849999999999682,0.000400000000000149,8.E-5));
#7418=CARTESIAN_POINT('',(0.000576667668238997,0.000496899104301349,8.E-5));
#7419=CARTESIAN_POINT('',(0.000576667668238997,0.000496899104301349,8.E-5));
#7420=CARTESIAN_POINT('',(0.000503333834119303,0.000496899104301349,8.E-5));
#7421=CARTESIAN_POINT('',(0.000503333834119303,0.000496899104301349,8.E-5));
#7422=CARTESIAN_POINT('',(0.000429999999999609,0.000496899104301235,8.E-5));
#7423=CARTESIAN_POINT('',(0.000429999999999609,0.000496899104301235,8.E-5));
#7424=CARTESIAN_POINT('',(0.000429999999999609,0.000585949552151021,8.E-5));
#7425=CARTESIAN_POINT('',(0.000429999999999609,0.000585949552151021,8.E-5));
#7426=CARTESIAN_POINT('',(0.000429999999999609,0.000675000000000807,8.E-5));
#7427=CARTESIAN_POINT('',(0.000429999999999609,0.000675000000000807,8.E-5));
#7428=CARTESIAN_POINT('',(0.000329999999999643,0.000675000000000807,8.E-5));
#7429=CARTESIAN_POINT('',(0.000329999999999643,0.000675000000000807,8.E-5));
#7430=CARTESIAN_POINT('',(0.000229999999999677,0.000675000000000807,8.E-5));
#7431=CARTESIAN_POINT('',(0.000229999999999677,0.000675000000000807,8.E-5));
#7432=CARTESIAN_POINT('',(0.000229999999999677,0.000552500000000691,8.E-5));
#7433=CARTESIAN_POINT('',(0.000229999999999677,0.000552500000000691,8.E-5));
#7434=CARTESIAN_POINT('',(0.000229999999999677,0.000430000000000575,8.E-5));
#7435=CARTESIAN_POINT('',(0.000229999999999677,0.000430000000000575,8.E-5));
#7436=CARTESIAN_POINT('',(0.000139999999999702,0.000430000000000575,8.E-5));
#7437=CARTESIAN_POINT('',(0.000139999999999702,0.000430000000000575,8.E-5));
#7438=CARTESIAN_POINT('',(4.99999999997272E-5,0.000430000000000575,8.E-5));
#7439=CARTESIAN_POINT('',(4.99999999997272E-5,0.000430000000000575,8.E-5));
#7440=CARTESIAN_POINT('',(4.99999999997272E-5,0.000240000000000635,8.E-5));
#7441=CARTESIAN_POINT('',(4.99999999997272E-5,0.000240000000000635,8.E-5));
#7442=CARTESIAN_POINT('',(4.99999999997272E-5,5.00000000006936E-5,8.E-5));
#7443=CARTESIAN_POINT('',(4.99999999997272E-5,5.00000000006936E-5,8.E-5));
#7444=CARTESIAN_POINT('',(0.000239999999999668,5.00000000006936E-5,8.E-5));
#7445=CARTESIAN_POINT('',(0.000239999999999668,5.00000000006936E-5,8.E-5));
#7446=CARTESIAN_POINT('',(0.000429999999999609,5.00000000006936E-5,8.E-5));
#7447=CARTESIAN_POINT('',(0.000429999999999609,5.00000000006936E-5,8.E-5));
#7448=CARTESIAN_POINT('',(0.000429999999999609,0.000198449552150976,8.E-5));
#7449=CARTESIAN_POINT('',(0.000429999999999609,0.000198449552150976,8.E-5));
#7450=CARTESIAN_POINT('',(0.000429999999999609,0.000346899104301258,8.E-5));
#7451=CARTESIAN_POINT('',(0.000429999999999609,0.000346899104301258,8.E-5));
#7452=CARTESIAN_POINT('',(0.000497451503974674,0.000346899104301258,8.E-5));
#7453=CARTESIAN_POINT('',(0.000497451503974674,0.000346899104301258,8.E-5));
#7454=CARTESIAN_POINT('',(0.000564903007949738,0.000346899104301258,8.E-5));
#7455=CARTESIAN_POINT('',(0.000564903007949738,0.000346899104301258,8.E-5));
#7456=CARTESIAN_POINT('',(0.000849999999999682,0.000400000000000148,8.E-5));
#7457=CARTESIAN_POINT('',(0.000849999999999682,0.000400000000000148,8.E-5));
#7458=CARTESIAN_POINT('',(-3.94255335449274E-21,0.,8.E-5));
#7459=CARTESIAN_POINT('',(8.E-6,0.,0.0001));
#7460=CARTESIAN_POINT('',(0.,-0.00075,0.0001));
#7461=CARTESIAN_POINT('',(0.,0.00075,0.0001));
#7462=CARTESIAN_POINT('',(0.00055,0.00075,0.0001));
#7463=CARTESIAN_POINT('',(-0.00055,0.00075,0.0001));
#7464=CARTESIAN_POINT('',(0.00055,-0.00075,0.0001));
#7465=CARTESIAN_POINT('',(0.00055,-0.00075,0.0001));
#7466=CARTESIAN_POINT('',(0.,-0.00075,0.0001));
#7467=CARTESIAN_POINT('',(-0.00055,-0.00075,0.0001));
#7468=CARTESIAN_POINT('',(-0.00055,-0.00075,0.0001));
#7469=CARTESIAN_POINT('',(0.000541999452418559,-0.00075,0.000252659541978145));
#7470=CARTESIAN_POINT('',(0.000541999452418559,0.00075,0.000252659541978145));
#7471=CARTESIAN_POINT('',(0.000533998904837118,0.00075,0.00040531908395629));
#7472=CARTESIAN_POINT('',(0.000533998904837118,-0.00075,0.00040531908395629));
#7473=CARTESIAN_POINT('',(0.000533998904837118,-0.00075,0.00040531908395629));
#7474=CARTESIAN_POINT('',(0.000541999452418559,-0.00075,0.000252659541978145));
#7475=CARTESIAN_POINT('',(0.000434135951361661,-0.00075,0.000400085488331996));
#7476=CARTESIAN_POINT('',(0.000434135951361661,0.00075,0.000400085488331996));
#7477=CARTESIAN_POINT('',(0.00043827,0.00075,0.0005));
#7478=CARTESIAN_POINT('',(0.00043827,-0.00075,0.0005));
#7479=CARTESIAN_POINT('',(0.00043827,-0.00075,0.0005));
#7480=CARTESIAN_POINT('',(0.000434135951361661,-0.00075,0.000400085488331996));
#7481=CARTESIAN_POINT('',(0.,-0.00075,0.0005));
#7482=CARTESIAN_POINT('',(0.,0.00075,0.0005));
#7483=CARTESIAN_POINT('',(-0.00043827,0.00075,0.0005));
#7484=CARTESIAN_POINT('',(-0.00043827,-0.00075,0.0005));
#7485=CARTESIAN_POINT('',(-0.00043827,-0.00075,0.0005));
#7486=CARTESIAN_POINT('',(0.,-0.00075,0.0005));
#7487=CARTESIAN_POINT('',(-0.000434135951361661,-0.00075,0.000400085488331996));
#7488=CARTESIAN_POINT('',(-0.000434135951361661,0.00075,0.000400085488331996));
#7489=CARTESIAN_POINT('',(-0.000533998904837119,0.00075,0.00040531908395629));
#7490=CARTESIAN_POINT('',(-0.000533998904837119,-0.00075,0.00040531908395629));
#7491=CARTESIAN_POINT('',(-0.000533998904837119,-0.00075,0.00040531908395629));
#7492=CARTESIAN_POINT('',(-0.000434135951361661,-0.00075,0.000400085488331996));
#7493=CARTESIAN_POINT('',(-0.000541999452418559,-0.00075,0.000252659541978144));
#7494=CARTESIAN_POINT('',(-0.000541999452418559,0.00075,0.000252659541978144));
#7495=CARTESIAN_POINT('',(-0.000541999452418559,-0.00075,0.000252659541978144));
#7496=CARTESIAN_POINT('',(0.,-0.00075,0.0002));
#7497=CARTESIAN_POINT('',(0.,0.00075,0.0002));
#7498=CARTESIAN_POINT('',(8.E-6,0.,0.0001));
#7499=CARTESIAN_POINT('',(-0.000850000000000364,0.000399999999999807,0.0001));
#7500=CARTESIAN_POINT('',(-0.000850000000000364,0.000399999999999807,8.E-5));
#7501=CARTESIAN_POINT('',(-0.0008,0.000248013158464234,8.E-5));
#7502=CARTESIAN_POINT('',(-0.0008,0.00055198684153538,8.E-5));
#7503=CARTESIAN_POINT('',(-0.0008,0.000248013158464234,0.0001));
#7504=CARTESIAN_POINT('',(-0.0008,0.000248013158464234,-8.E-5));
#7505=CARTESIAN_POINT('',(-0.000850000000000364,0.000399999999999807,-8.E-5));
#7506=CARTESIAN_POINT('',(-0.0008,0.00055198684153538,-8.E-5));
#7507=CARTESIAN_POINT('',(-0.0008,0.00055198684153538,0.0001));
#7508=CARTESIAN_POINT('',(-0.0008,0.000541376904920624,0.0001));
#7509=CARTESIAN_POINT('',(-0.0008,0.000541376904920624,-0.0001));
#7510=CARTESIAN_POINT('',(-0.0008,0.000674999999999812,-0.0001));
#7511=CARTESIAN_POINT('',(-0.000799999999999989,0.000530766968305869,-0.0001));
#7512=CARTESIAN_POINT('',(-0.000799999999999989,0.000530766968305869,0.0001));
#7513=CARTESIAN_POINT('',(-0.000799999999999989,0.000530766968305869,0.0001));
#7514=CARTESIAN_POINT('',(-0.0008,0.000541376904920624,0.0001));
#7515=CARTESIAN_POINT('',(-0.0008,0.000685657137141764,0.0001));
#7516=CARTESIAN_POINT('',(-0.0008,0.000685657137141764,8.E-5));
#7517=CARTESIAN_POINT('',(-0.0008,0.000685657137141764,8.E-5));
#7518=CARTESIAN_POINT('',(-0.0008,-0.00075,8.E-5));
#7519=CARTESIAN_POINT('',(-0.0008,-0.00075,-8.E-5));
#7520=CARTESIAN_POINT('',(-0.0008,0.000674999999999812,-8.E-5));
#7521=CARTESIAN_POINT('',(-0.0008,0.000674999999999812,-8.E-5));
#7522=CARTESIAN_POINT('',(-0.000850000000000364,0.000399999999999807,0.0001));
#7523=CARTESIAN_POINT('',(-0.000850000000000364,0.000399999999999807,-0.0001));
#7524=CARTESIAN_POINT('',(-0.0008,0.00026923303169374,-0.0001));
#7525=CARTESIAN_POINT('',(-0.0008,0.00026923303169374,0.0001));
#7526=CARTESIAN_POINT('',(-0.0008,0.00026923303169374,0.0001));
#7527=CARTESIAN_POINT('',(-0.000850000000000364,0.000399999999999807,0.0001));
#7528=CARTESIAN_POINT('',(-0.0008,0.000258623095078987,0.0001));
#7529=CARTESIAN_POINT('',(-0.0008,0.000258623095078987,-0.0001));
#7530=CARTESIAN_POINT('',(-0.0008,0.000114342862858192,-0.0001));
#7531=CARTESIAN_POINT('',(-0.0008,0.000114342862858192,-8.E-5));
#7532=CARTESIAN_POINT('',(-0.0008,0.000114342862858192,-8.E-5));
#7533=CARTESIAN_POINT('',(-0.0008,-0.00075,-8.E-5));
#7534=CARTESIAN_POINT('',(-0.0008,-0.00075,8.E-5));
#7535=CARTESIAN_POINT('',(-0.0008,0.000114342862858533,8.E-5));
#7536=CARTESIAN_POINT('',(-0.0008,0.000114342862858533,8.E-5));
#7537=CARTESIAN_POINT('',(-0.0008,0.000114342862858533,0.0001));
#7538=CARTESIAN_POINT('',(-0.0008,0.000258623095078987,0.0001));
#7539=CARTESIAN_POINT('',(-0.000574999999999727,-6.15065792322162E-5,0.0001));
#7540=CARTESIAN_POINT('',(-0.000850000000000364,0.000400000000000148,0.0001));
#7541=CARTESIAN_POINT('',(-0.000564903007949511,0.000346899104301258,0.0001));
#7542=CARTESIAN_POINT('',(-0.000497451503974446,0.000346899104301258,0.0001));
#7543=CARTESIAN_POINT('',(-0.000429999999999382,0.000346899104301258,0.0001));
#7544=CARTESIAN_POINT('',(-0.000429999999999382,0.000198449552150976,0.0001));
#7545=CARTESIAN_POINT('',(-0.000429999999999382,5.00000000006936E-5,0.0001));
#7546=CARTESIAN_POINT('',(-0.000239999999999441,5.00000000006936E-5,0.0001));
#7547=CARTESIAN_POINT('',(-4.99999999994997E-5,5.00000000006936E-5,0.0001));
#7548=CARTESIAN_POINT('',(-4.99999999994997E-5,0.000240000000000635,0.0001));
#7549=CARTESIAN_POINT('',(-4.99999999994997E-5,0.000430000000000575,0.0001));
#7550=CARTESIAN_POINT('',(-0.000139999999999475,0.000430000000000575,0.0001));
#7551=CARTESIAN_POINT('',(-0.00022999999999945,0.000430000000000575,0.0001));
#7552=CARTESIAN_POINT('',(-0.00022999999999945,0.00052404643453832,0.0001));
#7553=CARTESIAN_POINT('',(-0.00022999999999945,0.000618092869076065,0.0001));
#7554=CARTESIAN_POINT('',(-0.000108645439549264,0.000684046434538004,0.0001));
#7555=CARTESIAN_POINT('',(1.27091209009218E-5,0.00075,0.0001));
#7556=CARTESIAN_POINT('',(0.,0.00075,0.0001));
#7557=CARTESIAN_POINT('',(-0.00019670912090271,0.00075,0.0001));
#7558=CARTESIAN_POINT('',(-0.000265709120902045,0.000712500000000375,0.0001));
#7559=CARTESIAN_POINT('',(-0.000334709120901379,0.000675000000000807,0.0001));
#7560=CARTESIAN_POINT('',(-0.000382354560450381,0.000675000000000807,0.0001));
#7561=CARTESIAN_POINT('',(-0.000429999999999382,0.000675000000000807,0.0001));
#7562=CARTESIAN_POINT('',(-0.000429999999999382,0.000585949552151021,0.0001));
#7563=CARTESIAN_POINT('',(-0.000429999999999382,0.000496899104301235,0.0001));
#7564=CARTESIAN_POINT('',(-0.000503333834119076,0.000496899104301349,0.0001));
#7565=CARTESIAN_POINT('',(-0.00057666766823877,0.000496899104301349,0.0001));
#7566=CARTESIAN_POINT('',(-0.000850000000000365,0.000400000000000147,0.0001));
#7567=CARTESIAN_POINT('',(-0.000624999999999875,0.000582961744634825,0.0001));
#7568=CARTESIAN_POINT('',(-0.000624999999999886,0.000666480872317379,0.0001));
#7569=CARTESIAN_POINT('',(-0.000624999999999886,0.00075,0.0001));
#7570=CARTESIAN_POINT('',(0.,0.00075,0.0001));
#7571=CARTESIAN_POINT('',(-0.000724999999999909,0.00075,0.0001));
#7572=CARTESIAN_POINT('',(-0.000724999999999909,0.000705838641081243,0.0001));
#7573=CARTESIAN_POINT('',(-0.000724999999999909,0.000661677282162543,0.0001));
#7574=CARTESIAN_POINT('',(-0.000850000000000365,0.000400000000000141,0.0001));
#7575=CARTESIAN_POINT('',(-0.000574999999999727,-6.15065792322162E-5,-0.0001));
#7576=CARTESIAN_POINT('',(-0.000574999999999704,0.000674999999999812,-0.0001));
#7577=CARTESIAN_POINT('',(-0.000349999999999454,0.000674999999999812,-0.0001));
#7578=CARTESIAN_POINT('',(-0.000349999999999454,0.00042749999999981,-0.0001));
#7579=CARTESIAN_POINT('',(-0.000349999999999454,0.000179999999999808,-0.0001));
#7580=CARTESIAN_POINT('',(-0.000505527781860962,0.000179999999999836,-0.0001));
#7581=CARTESIAN_POINT('',(-0.00066105556372247,0.000179999999999865,-0.0001));
#7582=CARTESIAN_POINT('',(-0.000850000000000364,0.000399999999999834,-0.0001));
#7583=CARTESIAN_POINT('',(-0.000505527781860962,0.000179999999999836,-8.E-5));
#7584=CARTESIAN_POINT('',(-0.000349999999999454,0.000179999999999808,-8.E-5));
#7585=CARTESIAN_POINT('',(-0.000349999999999454,0.000179999999999808,-8.E-5));
#7586=CARTESIAN_POINT('',(-0.000505527781860962,0.000179999999999836,-8.E-5));
#7587=CARTESIAN_POINT('',(-0.00066105556372247,0.000179999999999865,-8.E-5));
#7588=CARTESIAN_POINT('',(-0.00066105556372247,0.000179999999999865,-8.E-5));
#7589=CARTESIAN_POINT('',(-0.000850000000000364,0.000399999999999834,-8.E-5));
#7590=CARTESIAN_POINT('',(-0.000850000000000364,0.000399999999999834,-8.E-5));
#7591=CARTESIAN_POINT('',(-0.000574999999999704,0.000674999999999812,-8.E-5));
#7592=CARTESIAN_POINT('',(-0.000574999999999704,0.000674999999999812,-8.E-5));
#7593=CARTESIAN_POINT('',(-0.000349999999999454,0.000674999999999812,-8.E-5));
#7594=CARTESIAN_POINT('',(-0.000349999999999454,0.000674999999999812,-8.E-5));
#7595=CARTESIAN_POINT('',(-0.000349999999999454,0.00042749999999981,-8.E-5));
#7596=CARTESIAN_POINT('',(-0.000349999999999454,0.00042749999999981,-8.E-5));
#7597=CARTESIAN_POINT('',(5.42101086242753E-21,0.,-8.E-5));
#7598=CARTESIAN_POINT('',(-0.000850000000000364,0.000400000000000148,8.E-5));
#7599=CARTESIAN_POINT('',(-0.000850000000000364,0.000400000000000148,8.E-5));
#7600=CARTESIAN_POINT('',(-0.000564903007949511,0.000346899104301258,8.E-5));
#7601=CARTESIAN_POINT('',(-0.000564903007949511,0.000346899104301258,8.E-5));
#7602=CARTESIAN_POINT('',(-0.000497451503974446,0.000346899104301258,8.E-5));
#7603=CARTESIAN_POINT('',(-0.000497451503974446,0.000346899104301258,8.E-5));
#7604=CARTESIAN_POINT('',(-0.000429999999999382,0.000346899104301258,8.E-5));
#7605=CARTESIAN_POINT('',(-0.000429999999999382,0.000346899104301258,8.E-5));
#7606=CARTESIAN_POINT('',(-0.000429999999999382,0.000198449552150976,8.E-5));
#7607=CARTESIAN_POINT('',(-0.000429999999999382,0.000198449552150976,8.E-5));
#7608=CARTESIAN_POINT('',(-0.000429999999999382,5.00000000006936E-5,8.E-5));
#7609=CARTESIAN_POINT('',(-0.000429999999999382,5.00000000006936E-5,8.E-5));
#7610=CARTESIAN_POINT('',(-0.000239999999999441,5.00000000006936E-5,8.E-5));
#7611=CARTESIAN_POINT('',(-0.000239999999999441,5.00000000006936E-5,8.E-5));
#7612=CARTESIAN_POINT('',(-4.99999999994997E-5,5.00000000006936E-5,8.E-5));
#7613=CARTESIAN_POINT('',(-4.99999999994997E-5,5.00000000006936E-5,8.E-5));
#7614=CARTESIAN_POINT('',(-4.99999999994997E-5,0.000240000000000635,8.E-5));
#7615=CARTESIAN_POINT('',(-4.99999999994997E-5,0.000240000000000635,8.E-5));
#7616=CARTESIAN_POINT('',(-4.99999999994997E-5,0.000430000000000575,8.E-5));
#7617=CARTESIAN_POINT('',(-4.99999999994997E-5,0.000430000000000575,8.E-5));
#7618=CARTESIAN_POINT('',(-0.000139999999999475,0.000430000000000575,8.E-5));
#7619=CARTESIAN_POINT('',(-0.000139999999999475,0.000430000000000575,8.E-5));
#7620=CARTESIAN_POINT('',(-0.00022999999999945,0.000430000000000575,8.E-5));
#7621=CARTESIAN_POINT('',(-0.00022999999999945,0.000430000000000575,8.E-5));
#7622=CARTESIAN_POINT('',(-0.00022999999999945,0.00052404643453832,8.E-5));
#7623=CARTESIAN_POINT('',(-0.00022999999999945,0.00052404643453832,8.E-5));
#7624=CARTESIAN_POINT('',(-0.00022999999999945,0.000618092869076065,8.E-5));
#7625=CARTESIAN_POINT('',(-0.00022999999999945,0.000618092869076065,8.E-5));
#7626=CARTESIAN_POINT('',(-0.000108645439549264,0.000684046434538004,8.E-5));
#7627=CARTESIAN_POINT('',(-0.000108645439549264,0.000684046434538004,8.E-5));
#7628=CARTESIAN_POINT('',(1.27091209009218E-5,0.00075,8.E-5));
#7629=CARTESIAN_POINT('',(1.27091209009218E-5,0.00075,8.E-5));
#7630=CARTESIAN_POINT('',(9.85638338623186E-22,0.00075,8.E-5));
#7631=CARTESIAN_POINT('',(9.85638338623186E-22,0.00075,8.E-5));
#7632=CARTESIAN_POINT('',(-0.00019670912090271,0.00075,8.E-5));
#7633=CARTESIAN_POINT('',(-0.00019670912090271,0.00075,8.E-5));
#7634=CARTESIAN_POINT('',(-0.000265709120902045,0.000712500000000375,8.E-5));
#7635=CARTESIAN_POINT('',(-0.000265709120902045,0.000712500000000375,8.E-5));
#7636=CARTESIAN_POINT('',(-0.000334709120901379,0.000675000000000807,8.E-5));
#7637=CARTESIAN_POINT('',(-0.000334709120901379,0.000675000000000807,8.E-5));
#7638=CARTESIAN_POINT('',(-0.000382354560450381,0.000675000000000807,8.E-5));
#7639=CARTESIAN_POINT('',(-0.000382354560450381,0.000675000000000807,8.E-5));
#7640=CARTESIAN_POINT('',(-0.000429999999999382,0.000675000000000807,8.E-5));
#7641=CARTESIAN_POINT('',(-0.000429999999999382,0.000675000000000807,8.E-5));
#7642=CARTESIAN_POINT('',(-0.000429999999999382,0.000585949552151021,8.E-5));
#7643=CARTESIAN_POINT('',(-0.000429999999999382,0.000585949552151021,8.E-5));
#7644=CARTESIAN_POINT('',(-0.000429999999999382,0.000496899104301235,8.E-5));
#7645=CARTESIAN_POINT('',(-0.000429999999999382,0.000496899104301235,8.E-5));
#7646=CARTESIAN_POINT('',(-0.000503333834119076,0.000496899104301349,8.E-5));
#7647=CARTESIAN_POINT('',(-0.000503333834119076,0.000496899104301349,8.E-5));
#7648=CARTESIAN_POINT('',(-0.00057666766823877,0.000496899104301349,8.E-5));
#7649=CARTESIAN_POINT('',(-0.00057666766823877,0.000496899104301349,8.E-5));
#7650=CARTESIAN_POINT('',(-0.000850000000000365,0.000400000000000147,8.E-5));
#7651=CARTESIAN_POINT('',(-0.000850000000000365,0.000400000000000147,8.E-5));
#7652=CARTESIAN_POINT('',(-0.000624999999999875,0.000582961744634825,8.E-5));
#7653=CARTESIAN_POINT('',(-0.000624999999999875,0.000582961744634825,8.E-5));
#7654=CARTESIAN_POINT('',(-0.000624999999999886,0.000666480872317379,8.E-5));
#7655=CARTESIAN_POINT('',(-0.000624999999999886,0.000666480872317379,8.E-5));
#7656=CARTESIAN_POINT('',(-0.000624999999999886,0.00075,8.E-5));
#7657=CARTESIAN_POINT('',(-0.000624999999999886,0.00075,8.E-5));
#7658=CARTESIAN_POINT('',(9.85638338623186E-22,0.00075,8.E-5));
#7659=CARTESIAN_POINT('',(9.85638338623186E-22,0.00075,8.E-5));
#7660=CARTESIAN_POINT('',(-0.000724999999999909,0.00075,8.E-5));
#7661=CARTESIAN_POINT('',(-0.000724999999999909,0.00075,8.E-5));
#7662=CARTESIAN_POINT('',(-0.000724999999999909,0.000705838641081243,8.E-5));
#7663=CARTESIAN_POINT('',(-0.000724999999999909,0.000705838641081243,8.E-5));
#7664=CARTESIAN_POINT('',(-0.000724999999999909,0.000661677282162543,8.E-5));
#7665=CARTESIAN_POINT('',(-0.000724999999999909,0.000661677282162543,8.E-5));
#7666=CARTESIAN_POINT('',(-0.000850000000000365,0.000400000000000141,8.E-5));
#7667=CARTESIAN_POINT('',(-0.000850000000000365,0.000400000000000141,8.E-5));
#7668=CARTESIAN_POINT('',(-3.94255335449274E-21,0.,8.E-5));
#7669=CARTESIAN_POINT('',(8.E-6,0.,0.0001));
#7670=CARTESIAN_POINT('',(-0.000850000000000364,-0.000399999999999807,0.0001));
#7671=CARTESIAN_POINT('',(-0.000850000000000364,-0.000399999999999807,8.E-5));
#7672=CARTESIAN_POINT('',(-0.0008,-0.00055198684153538,8.E-5));
#7673=CARTESIAN_POINT('',(-0.0008,-0.000248013158464235,8.E-5));
#7674=CARTESIAN_POINT('',(-0.0008,-0.00055198684153538,0.0001));
#7675=CARTESIAN_POINT('',(-0.0008,-0.00055198684153538,-8.E-5));
#7676=CARTESIAN_POINT('',(-0.000850000000000364,-0.000399999999999807,-8.E-5));
#7677=CARTESIAN_POINT('',(-0.0008,-0.000248013158464234,-8.E-5));
#7678=CARTESIAN_POINT('',(-0.0008,-0.000248013158464234,0.0001));
#7679=CARTESIAN_POINT('',(-0.0008,-0.000541376904920624,0.0001));
#7680=CARTESIAN_POINT('',(-0.0008,-0.000541376904920624,-0.0001));
#7681=CARTESIAN_POINT('',(-0.0008,-0.000675000000000154,-0.0001));
#7682=CARTESIAN_POINT('',(-0.000799999999999989,-0.000530766968305869,-0.0001));
#7683=CARTESIAN_POINT('',(-0.0008,-0.000675000000000154,-8.E-5));
#7684=CARTESIAN_POINT('',(-0.0008,-0.000675000000000154,-8.E-5));
#7685=CARTESIAN_POINT('',(-0.0008,-0.00075,-8.E-5));
#7686=CARTESIAN_POINT('',(-0.0008,-0.00075,8.E-5));
#7687=CARTESIAN_POINT('',(-0.0008,-0.000685657137141422,8.E-5));
#7688=CARTESIAN_POINT('',(-0.0008,-0.000685657137141422,8.E-5));
#7689=CARTESIAN_POINT('',(-0.0008,-0.000685657137141422,0.0001));
#7690=CARTESIAN_POINT('',(-0.0008,-0.000541376904920624,0.0001));
#7691=CARTESIAN_POINT('',(-0.000799999999999989,-0.000530766968305869,0.0001));
#7692=CARTESIAN_POINT('',(-0.000799999999999989,-0.000530766968305869,0.0001));
#7693=CARTESIAN_POINT('',(-0.000850000000000364,-0.000399999999999807,0.0001));
#7694=CARTESIAN_POINT('',(-0.000850000000000364,-0.000399999999999807,-0.0001));
#7695=CARTESIAN_POINT('',(-0.0008,-0.00026923303169374,-0.0001));
#7696=CARTESIAN_POINT('',(-0.000850000000000364,-0.000399999999999807,0.0001));
#7697=CARTESIAN_POINT('',(-0.0008,-0.00026923303169374,0.0001));
#7698=CARTESIAN_POINT('',(-0.0008,-0.00026923303169374,0.0001));
#7699=CARTESIAN_POINT('',(-0.0008,-0.000258623095078987,0.0001));
#7700=CARTESIAN_POINT('',(-0.0008,-0.000258623095078987,-0.0001));
#7701=CARTESIAN_POINT('',(-0.0008,-0.000114342862858477,-0.0001));
#7702=CARTESIAN_POINT('',(-0.0008,-0.000258623095078987,0.0001));
#7703=CARTESIAN_POINT('',(-0.0008,-0.000114342862858191,0.0001));
#7704=CARTESIAN_POINT('',(-0.0008,-0.000114342862858191,8.E-5));
#7705=CARTESIAN_POINT('',(-0.0008,-0.000114342862858191,8.E-5));
#7706=CARTESIAN_POINT('',(-0.0008,-0.00075,8.E-5));
#7707=CARTESIAN_POINT('',(-0.0008,-0.00075,-8.E-5));
#7708=CARTESIAN_POINT('',(-0.0008,-0.000114342862858477,-8.E-5));
#7709=CARTESIAN_POINT('',(-0.0008,-0.000114342862858477,-8.E-5));
#7710=CARTESIAN_POINT('',(-0.000574999999999727,6.15065792322162E-5,0.0001));
#7711=CARTESIAN_POINT('',(-0.000850000000000361,-0.000399999999999812,0.0001));
#7712=CARTESIAN_POINT('',(-0.000724999999999795,-0.000661677282162202,0.0001));
#7713=CARTESIAN_POINT('',(-0.000724999999999795,-0.000705838641081073,0.0001));
#7714=CARTESIAN_POINT('',(-0.000724999999999795,-0.00075,0.0001));
#7715=CARTESIAN_POINT('',(0.,-0.00075,0.0001));
#7716=CARTESIAN_POINT('',(-0.000624999999999886,-0.00075,0.0001));
#7717=CARTESIAN_POINT('',(-0.000624999999999886,-0.000666480872317266,0.0001));
#7718=CARTESIAN_POINT('',(-0.000624999999999875,-0.000582961744634483,0.0001));
#7719=CARTESIAN_POINT('',(-0.000850000000000361,-0.000399999999999808,0.0001));
#7720=CARTESIAN_POINT('',(-0.00057666766823877,-0.000496899104300553,0.0001));
#7721=CARTESIAN_POINT('',(-0.000503333834119076,-0.000496899104300553,0.0001));
#7722=CARTESIAN_POINT('',(-0.000429999999999382,-0.000496899104300439,0.0001));
#7723=CARTESIAN_POINT('',(-0.000429999999999382,-0.000585949552150225,0.0001));
#7724=CARTESIAN_POINT('',(-0.000429999999999382,-0.000675000000000011,0.0001));
#7725=CARTESIAN_POINT('',(-0.000329999999999416,-0.000675000000000011,0.0001));
#7726=CARTESIAN_POINT('',(-0.00022999999999945,-0.000675000000000011,0.0001));
#7727=CARTESIAN_POINT('',(-0.00022999999999945,-0.000552499999999895,0.0001));
#7728=CARTESIAN_POINT('',(-0.00022999999999945,-0.00042999999999978,0.0001));
#7729=CARTESIAN_POINT('',(-0.000139999999999475,-0.00042999999999978,0.0001));
#7730=CARTESIAN_POINT('',(-4.99999999994997E-5,-0.00042999999999978,0.0001));
#7731=CARTESIAN_POINT('',(-4.99999999994997E-5,-0.000239999999999839,0.0001));
#7732=CARTESIAN_POINT('',(-4.99999999994997E-5,-4.99999999998976E-5,0.0001));
#7733=CARTESIAN_POINT('',(-0.000239999999999441,-4.99999999998976E-5,0.0001));
#7734=CARTESIAN_POINT('',(-0.000429999999999382,-4.99999999998976E-5,0.0001));
#7735=CARTESIAN_POINT('',(-0.000429999999999382,-0.00019844955215018,0.0001));
#7736=CARTESIAN_POINT('',(-0.000429999999999382,-0.000346899104300462,0.0001));
#7737=CARTESIAN_POINT('',(-0.000497451503974446,-0.000346899104300462,0.0001));
#7738=CARTESIAN_POINT('',(-0.000564903007949511,-0.000346899104300462,0.0001));
#7739=CARTESIAN_POINT('',(-0.000850000000000364,-0.000399999999999807,0.0001));
#7740=CARTESIAN_POINT('',(-0.000574999999999727,6.15065792322162E-5,-0.0001));
#7741=CARTESIAN_POINT('',(-0.000850000000000363,-0.000400000000000119,-0.0001));
#7742=CARTESIAN_POINT('',(-0.00066105556372247,-0.00018000000000015,-0.0001));
#7743=CARTESIAN_POINT('',(-0.000505527781860962,-0.00018000000000015,-0.0001));
#7744=CARTESIAN_POINT('',(-0.000349999999999454,-0.00018000000000015,-0.0001));
#7745=CARTESIAN_POINT('',(-0.000349999999999454,-0.000427500000000152,-0.0001));
#7746=CARTESIAN_POINT('',(-0.000349999999999454,-0.000675000000000154,-0.0001));
#7747=CARTESIAN_POINT('',(-0.000574999999999704,-0.000675000000000154,-0.0001));
#7748=CARTESIAN_POINT('',(-0.000850000000000363,-0.000400000000000119,-8.E-5));
#7749=CARTESIAN_POINT('',(-0.000850000000000363,-0.000400000000000119,-8.E-5));
#7750=CARTESIAN_POINT('',(-0.00066105556372247,-0.00018000000000015,-8.E-5));
#7751=CARTESIAN_POINT('',(-0.00066105556372247,-0.00018000000000015,-8.E-5));
#7752=CARTESIAN_POINT('',(-0.000505527781860962,-0.00018000000000015,-8.E-5));
#7753=CARTESIAN_POINT('',(-0.000505527781860962,-0.00018000000000015,-8.E-5));
#7754=CARTESIAN_POINT('',(-0.000349999999999454,-0.00018000000000015,-8.E-5));
#7755=CARTESIAN_POINT('',(-0.000349999999999454,-0.00018000000000015,-8.E-5));
#7756=CARTESIAN_POINT('',(-0.000349999999999454,-0.000427500000000152,-8.E-5));
#7757=CARTESIAN_POINT('',(-0.000349999999999454,-0.000427500000000152,-8.E-5));
#7758=CARTESIAN_POINT('',(-0.000349999999999454,-0.000675000000000154,-8.E-5));
#7759=CARTESIAN_POINT('',(-0.000349999999999454,-0.000675000000000154,-8.E-5));
#7760=CARTESIAN_POINT('',(-0.000574999999999704,-0.000675000000000154,-8.E-5));
#7761=CARTESIAN_POINT('',(-0.000574999999999704,-0.000675000000000154,-8.E-5));
#7762=CARTESIAN_POINT('',(5.42101086242753E-21,0.,-8.E-5));
#7763=CARTESIAN_POINT('',(-0.000850000000000361,-0.000399999999999812,8.E-5));
#7764=CARTESIAN_POINT('',(-0.000850000000000361,-0.000399999999999812,8.E-5));
#7765=CARTESIAN_POINT('',(-0.000724999999999795,-0.000661677282162202,8.E-5));
#7766=CARTESIAN_POINT('',(-0.000724999999999795,-0.000661677282162202,8.E-5));
#7767=CARTESIAN_POINT('',(-0.000724999999999795,-0.000705838641081073,8.E-5));
#7768=CARTESIAN_POINT('',(-0.000724999999999795,-0.000705838641081073,8.E-5));
#7769=CARTESIAN_POINT('',(-0.000724999999999795,-0.00075,8.E-5));
#7770=CARTESIAN_POINT('',(-0.000724999999999795,-0.00075,8.E-5));
#7771=CARTESIAN_POINT('',(9.85638338623186E-22,-0.00075,8.E-5));
#7772=CARTESIAN_POINT('',(9.85638338623186E-22,-0.00075,8.E-5));
#7773=CARTESIAN_POINT('',(-0.000624999999999886,-0.00075,8.E-5));
#7774=CARTESIAN_POINT('',(-0.000624999999999886,-0.00075,8.E-5));
#7775=CARTESIAN_POINT('',(-0.000624999999999886,-0.000666480872317266,8.E-5));
#7776=CARTESIAN_POINT('',(-0.000624999999999886,-0.000666480872317266,8.E-5));
#7777=CARTESIAN_POINT('',(-0.000624999999999875,-0.000582961744634483,8.E-5));
#7778=CARTESIAN_POINT('',(-0.000624999999999875,-0.000582961744634483,8.E-5));
#7779=CARTESIAN_POINT('',(-0.000850000000000361,-0.000399999999999808,8.E-5));
#7780=CARTESIAN_POINT('',(-0.000850000000000361,-0.000399999999999808,8.E-5));
#7781=CARTESIAN_POINT('',(-0.00057666766823877,-0.000496899104300553,8.E-5));
#7782=CARTESIAN_POINT('',(-0.00057666766823877,-0.000496899104300553,8.E-5));
#7783=CARTESIAN_POINT('',(-0.000503333834119076,-0.000496899104300553,8.E-5));
#7784=CARTESIAN_POINT('',(-0.000503333834119076,-0.000496899104300553,8.E-5));
#7785=CARTESIAN_POINT('',(-0.000429999999999382,-0.000496899104300439,8.E-5));
#7786=CARTESIAN_POINT('',(-0.000429999999999382,-0.000496899104300439,8.E-5));
#7787=CARTESIAN_POINT('',(-0.000429999999999382,-0.000585949552150225,8.E-5));
#7788=CARTESIAN_POINT('',(-0.000429999999999382,-0.000585949552150225,8.E-5));
#7789=CARTESIAN_POINT('',(-0.000429999999999382,-0.000675000000000011,8.E-5));
#7790=CARTESIAN_POINT('',(-0.000429999999999382,-0.000675000000000011,8.E-5));
#7791=CARTESIAN_POINT('',(-0.000329999999999416,-0.000675000000000011,8.E-5));
#7792=CARTESIAN_POINT('',(-0.000329999999999416,-0.000675000000000011,8.E-5));
#7793=CARTESIAN_POINT('',(-0.00022999999999945,-0.000675000000000011,8.E-5));
#7794=CARTESIAN_POINT('',(-0.00022999999999945,-0.000675000000000011,8.E-5));
#7795=CARTESIAN_POINT('',(-0.00022999999999945,-0.000552499999999895,8.E-5));
#7796=CARTESIAN_POINT('',(-0.00022999999999945,-0.000552499999999895,8.E-5));
#7797=CARTESIAN_POINT('',(-0.00022999999999945,-0.00042999999999978,8.E-5));
#7798=CARTESIAN_POINT('',(-0.00022999999999945,-0.00042999999999978,8.E-5));
#7799=CARTESIAN_POINT('',(-0.000139999999999475,-0.00042999999999978,8.E-5));
#7800=CARTESIAN_POINT('',(-0.000139999999999475,-0.00042999999999978,8.E-5));
#7801=CARTESIAN_POINT('',(-4.99999999994997E-5,-0.00042999999999978,8.E-5));
#7802=CARTESIAN_POINT('',(-4.99999999994997E-5,-0.00042999999999978,8.E-5));
#7803=CARTESIAN_POINT('',(-4.99999999994997E-5,-0.000239999999999839,8.E-5));
#7804=CARTESIAN_POINT('',(-4.99999999994997E-5,-0.000239999999999839,8.E-5));
#7805=CARTESIAN_POINT('',(-4.99999999994997E-5,-4.99999999998976E-5,8.E-5));
#7806=CARTESIAN_POINT('',(-4.99999999994997E-5,-4.99999999998976E-5,8.E-5));
#7807=CARTESIAN_POINT('',(-0.000239999999999441,-4.99999999998976E-5,8.E-5));
#7808=CARTESIAN_POINT('',(-0.000239999999999441,-4.99999999998976E-5,8.E-5));
#7809=CARTESIAN_POINT('',(-0.000429999999999382,-4.99999999998976E-5,8.E-5));
#7810=CARTESIAN_POINT('',(-0.000429999999999382,-4.99999999998976E-5,8.E-5));
#7811=CARTESIAN_POINT('',(-0.000429999999999382,-0.00019844955215018,8.E-5));
#7812=CARTESIAN_POINT('',(-0.000429999999999382,-0.00019844955215018,8.E-5));
#7813=CARTESIAN_POINT('',(-0.000429999999999382,-0.000346899104300462,8.E-5));
#7814=CARTESIAN_POINT('',(-0.000429999999999382,-0.000346899104300462,8.E-5));
#7815=CARTESIAN_POINT('',(-0.000497451503974446,-0.000346899104300462,8.E-5));
#7816=CARTESIAN_POINT('',(-0.000497451503974446,-0.000346899104300462,8.E-5));
#7817=CARTESIAN_POINT('',(-0.000564903007949511,-0.000346899104300462,8.E-5));
#7818=CARTESIAN_POINT('',(-0.000564903007949511,-0.000346899104300462,8.E-5));
#7819=CARTESIAN_POINT('',(-0.000850000000000364,-0.000399999999999807,8.E-5));
#7820=CARTESIAN_POINT('',(-0.000850000000000364,-0.000399999999999807,8.E-5));
#7821=CARTESIAN_POINT('',(-3.94255335449274E-21,0.,8.E-5));
#7822=CARTESIAN_POINT('',(8.E-6,0.,0.0001));
#7823=CARTESIAN_POINT('',(0.000850000000000364,-0.000399999999999807,0.0001));
#7824=CARTESIAN_POINT('',(0.000850000000000364,-0.000399999999999807,8.E-5));
#7825=CARTESIAN_POINT('',(0.0008,-0.000248013158464234,8.E-5));
#7826=CARTESIAN_POINT('',(0.0008,-0.00055198684153538,8.E-5));
#7827=CARTESIAN_POINT('',(0.0008,-0.000248013158464234,0.0001));
#7828=CARTESIAN_POINT('',(0.0008,-0.000248013158464235,-8.E-5));
#7829=CARTESIAN_POINT('',(0.000850000000000364,-0.000399999999999807,-8.E-5));
#7830=CARTESIAN_POINT('',(0.0008,-0.00055198684153538,-8.E-5));
#7831=CARTESIAN_POINT('',(0.0008,-0.00055198684153538,0.0001));
#7832=CARTESIAN_POINT('',(0.0008,-0.000541376904920624,0.0001));
#7833=CARTESIAN_POINT('',(0.0008,-0.000541376904920624,-0.0001));
#7834=CARTESIAN_POINT('',(0.0008,-0.000675000000000154,-0.0001));
#7835=CARTESIAN_POINT('',(0.000799999999999989,-0.000530766968305869,-0.0001));
#7836=CARTESIAN_POINT('',(0.000799999999999989,-0.000530766968305869,0.0001));
#7837=CARTESIAN_POINT('',(0.000799999999999989,-0.000530766968305869,0.0001));
#7838=CARTESIAN_POINT('',(0.0008,-0.000541376904920624,0.0001));
#7839=CARTESIAN_POINT('',(0.0008,-0.000685657137141542,0.0001));
#7840=CARTESIAN_POINT('',(0.0008,-0.000685657137141542,8.E-5));
#7841=CARTESIAN_POINT('',(0.0008,-0.000685657137141542,8.E-5));
#7842=CARTESIAN_POINT('',(0.0008,-0.00075,8.E-5));
#7843=CARTESIAN_POINT('',(0.0008,-0.00075,-8.E-5));
#7844=CARTESIAN_POINT('',(0.0008,-0.000675000000000154,-8.E-5));
#7845=CARTESIAN_POINT('',(0.0008,-0.000675000000000154,-8.E-5));
#7846=CARTESIAN_POINT('',(0.000850000000000364,-0.000399999999999807,0.0001));
#7847=CARTESIAN_POINT('',(0.000850000000000364,-0.000399999999999807,-0.0001));
#7848=CARTESIAN_POINT('',(0.0008,-0.00026923303169374,-0.0001));
#7849=CARTESIAN_POINT('',(0.0008,-0.00026923303169374,0.0001));
#7850=CARTESIAN_POINT('',(0.0008,-0.00026923303169374,0.0001));
#7851=CARTESIAN_POINT('',(0.000850000000000364,-0.000399999999999807,0.0001));
#7852=CARTESIAN_POINT('',(0.0008,-0.000258623095078987,0.0001));
#7853=CARTESIAN_POINT('',(0.0008,-0.000258623095078987,-0.0001));
#7854=CARTESIAN_POINT('',(0.0008,-0.000114342862858358,-0.0001));
#7855=CARTESIAN_POINT('',(0.0008,-0.000114342862858358,-8.E-5));
#7856=CARTESIAN_POINT('',(0.0008,-0.000114342862858358,-8.E-5));
#7857=CARTESIAN_POINT('',(0.0008,-0.00075,-8.E-5));
#7858=CARTESIAN_POINT('',(0.0008,-0.00075,8.E-5));
#7859=CARTESIAN_POINT('',(0.0008,-0.000114342862858072,8.E-5));
#7860=CARTESIAN_POINT('',(0.0008,-0.000114342862858072,8.E-5));
#7861=CARTESIAN_POINT('',(0.0008,-0.000114342862858072,0.0001));
#7862=CARTESIAN_POINT('',(0.0008,-0.000258623095078987,0.0001));
#7863=CARTESIAN_POINT('',(0.000574999999999727,6.15065792322162E-5,0.0001));
#7864=CARTESIAN_POINT('',(0.000849999999999682,-0.000399999999999807,0.0001));
#7865=CARTESIAN_POINT('',(0.000564903007949738,-0.000346899104300462,0.0001));
#7866=CARTESIAN_POINT('',(0.000497451503974674,-0.000346899104300462,0.0001));
#7867=CARTESIAN_POINT('',(0.000429999999999609,-0.000346899104300462,0.0001));
#7868=CARTESIAN_POINT('',(0.000429999999999609,-0.00019844955215018,0.0001));
#7869=CARTESIAN_POINT('',(0.000429999999999609,-4.99999999998976E-5,0.0001));
#7870=CARTESIAN_POINT('',(0.000239999999999668,-4.99999999998976E-5,0.0001));
#7871=CARTESIAN_POINT('',(4.99999999997272E-5,-4.99999999998976E-5,0.0001));
#7872=CARTESIAN_POINT('',(4.99999999997272E-5,-0.000239999999999839,0.0001));
#7873=CARTESIAN_POINT('',(4.99999999997272E-5,-0.00042999999999978,0.0001));
#7874=CARTESIAN_POINT('',(0.000139999999999702,-0.00042999999999978,0.0001));
#7875=CARTESIAN_POINT('',(0.000229999999999677,-0.00042999999999978,0.0001));
#7876=CARTESIAN_POINT('',(0.000229999999999677,-0.000524046434537524,0.0001));
#7877=CARTESIAN_POINT('',(0.000229999999999677,-0.000618092869075269,0.0001));
#7878=CARTESIAN_POINT('',(0.000108645439548695,-0.000684046434537606,0.0001));
#7879=CARTESIAN_POINT('',(-1.27091209022858E-5,-0.00075,0.0001));
#7880=CARTESIAN_POINT('',(0.,-0.00075,0.0001));
#7881=CARTESIAN_POINT('',(0.000196709120901346,-0.00075,0.0001));
#7882=CARTESIAN_POINT('',(0.00026570912090142,-0.000712499999999977,0.0001));
#7883=CARTESIAN_POINT('',(0.000334709120901493,-0.000675000000000011,0.0001));
#7884=CARTESIAN_POINT('',(0.000382354560450551,-0.000675000000000011,0.0001));
#7885=CARTESIAN_POINT('',(0.000429999999999609,-0.000675000000000011,0.0001));
#7886=CARTESIAN_POINT('',(0.000429999999999609,-0.000585949552150225,0.0001));
#7887=CARTESIAN_POINT('',(0.000429999999999609,-0.000496899104300439,0.0001));
#7888=CARTESIAN_POINT('',(0.000503333834119303,-0.000496899104300553,0.0001));
#7889=CARTESIAN_POINT('',(0.000576667668238997,-0.000496899104300553,0.0001));
#7890=CARTESIAN_POINT('',(0.000849999999999682,-0.000399999999999807,0.0001));
#7891=CARTESIAN_POINT('',(0.000574999999999727,6.15065792322162E-5,-0.0001));
#7892=CARTESIAN_POINT('',(0.000574999999999818,-0.000675000000000154,-0.0001));
#7893=CARTESIAN_POINT('',(0.000349999999999682,-0.000675000000000154,-0.0001));
#7894=CARTESIAN_POINT('',(0.000349999999999682,-0.000427500000000152,-0.0001));
#7895=CARTESIAN_POINT('',(0.000349999999999682,-0.00018000000000015,-0.0001));
#7896=CARTESIAN_POINT('',(0.00050552778186119,-0.00018000000000015,-0.0001));
#7897=CARTESIAN_POINT('',(0.000661055563722698,-0.00018000000000015,-0.0001));
#7898=CARTESIAN_POINT('',(0.000849999999999682,-0.000400000000000121,-0.0001));
#7899=CARTESIAN_POINT('',(0.00050552778186119,-0.00018000000000015,-8.E-5));
#7900=CARTESIAN_POINT('',(0.000349999999999682,-0.00018000000000015,-8.E-5));
#7901=CARTESIAN_POINT('',(0.000349999999999682,-0.00018000000000015,-8.E-5));
#7902=CARTESIAN_POINT('',(0.00050552778186119,-0.00018000000000015,-8.E-5));
#7903=CARTESIAN_POINT('',(0.000661055563722698,-0.00018000000000015,-8.E-5));
#7904=CARTESIAN_POINT('',(0.000661055563722698,-0.00018000000000015,-8.E-5));
#7905=CARTESIAN_POINT('',(0.000849999999999682,-0.000400000000000121,-8.E-5));
#7906=CARTESIAN_POINT('',(0.000849999999999682,-0.000400000000000121,-8.E-5));
#7907=CARTESIAN_POINT('',(0.000574999999999818,-0.000675000000000154,-8.E-5));
#7908=CARTESIAN_POINT('',(0.000574999999999818,-0.000675000000000154,-8.E-5));
#7909=CARTESIAN_POINT('',(0.000349999999999682,-0.000675000000000154,-8.E-5));
#7910=CARTESIAN_POINT('',(0.000349999999999682,-0.000675000000000154,-8.E-5));
#7911=CARTESIAN_POINT('',(0.000349999999999682,-0.000427500000000152,-8.E-5));
#7912=CARTESIAN_POINT('',(0.000349999999999682,-0.000427500000000152,-8.E-5));
#7913=CARTESIAN_POINT('',(5.42101086242753E-21,0.,-8.E-5));
#7914=CARTESIAN_POINT('',(0.000849999999999682,-0.000399999999999807,8.E-5));
#7915=CARTESIAN_POINT('',(0.000849999999999682,-0.000399999999999807,8.E-5));
#7916=CARTESIAN_POINT('',(0.000564903007949738,-0.000346899104300462,8.E-5));
#7917=CARTESIAN_POINT('',(0.000564903007949738,-0.000346899104300462,8.E-5));
#7918=CARTESIAN_POINT('',(0.000497451503974674,-0.000346899104300462,8.E-5));
#7919=CARTESIAN_POINT('',(0.000497451503974674,-0.000346899104300462,8.E-5));
#7920=CARTESIAN_POINT('',(0.000429999999999609,-0.000346899104300462,8.E-5));
#7921=CARTESIAN_POINT('',(0.000429999999999609,-0.000346899104300462,8.E-5));
#7922=CARTESIAN_POINT('',(0.000429999999999609,-0.00019844955215018,8.E-5));
#7923=CARTESIAN_POINT('',(0.000429999999999609,-0.00019844955215018,8.E-5));
#7924=CARTESIAN_POINT('',(0.000429999999999609,-4.99999999998976E-5,8.E-5));
#7925=CARTESIAN_POINT('',(0.000429999999999609,-4.99999999998976E-5,8.E-5));
#7926=CARTESIAN_POINT('',(0.000239999999999668,-4.99999999998976E-5,8.E-5));
#7927=CARTESIAN_POINT('',(0.000239999999999668,-4.99999999998976E-5,8.E-5));
#7928=CARTESIAN_POINT('',(4.99999999997272E-5,-4.99999999998976E-5,8.E-5));
#7929=CARTESIAN_POINT('',(4.99999999997272E-5,-4.99999999998976E-5,8.E-5));
#7930=CARTESIAN_POINT('',(4.99999999997272E-5,-0.000239999999999839,8.E-5));
#7931=CARTESIAN_POINT('',(4.99999999997272E-5,-0.000239999999999839,8.E-5));
#7932=CARTESIAN_POINT('',(4.99999999997272E-5,-0.00042999999999978,8.E-5));
#7933=CARTESIAN_POINT('',(4.99999999997272E-5,-0.00042999999999978,8.E-5));
#7934=CARTESIAN_POINT('',(0.000139999999999702,-0.00042999999999978,8.E-5));
#7935=CARTESIAN_POINT('',(0.000139999999999702,-0.00042999999999978,8.E-5));
#7936=CARTESIAN_POINT('',(0.000229999999999677,-0.00042999999999978,8.E-5));
#7937=CARTESIAN_POINT('',(0.000229999999999677,-0.00042999999999978,8.E-5));
#7938=CARTESIAN_POINT('',(0.000229999999999677,-0.000524046434537524,8.E-5));
#7939=CARTESIAN_POINT('',(0.000229999999999677,-0.000524046434537524,8.E-5));
#7940=CARTESIAN_POINT('',(0.000229999999999677,-0.000618092869075269,8.E-5));
#7941=CARTESIAN_POINT('',(0.000229999999999677,-0.000618092869075269,8.E-5));
#7942=CARTESIAN_POINT('',(0.000108645439548695,-0.000684046434537606,8.E-5));
#7943=CARTESIAN_POINT('',(0.000108645439548695,-0.000684046434537606,8.E-5));
#7944=CARTESIAN_POINT('',(-1.27091209022858E-5,-0.00075,8.E-5));
#7945=CARTESIAN_POINT('',(-1.27091209022858E-5,-0.00075,8.E-5));
#7946=CARTESIAN_POINT('',(9.85638338623186E-22,-0.00075,8.E-5));
#7947=CARTESIAN_POINT('',(9.85638338623186E-22,-0.00075,8.E-5));
#7948=CARTESIAN_POINT('',(0.000196709120901346,-0.00075,8.E-5));
#7949=CARTESIAN_POINT('',(0.000196709120901346,-0.00075,8.E-5));
#7950=CARTESIAN_POINT('',(0.00026570912090142,-0.000712499999999977,8.E-5));
#7951=CARTESIAN_POINT('',(0.00026570912090142,-0.000712499999999977,8.E-5));
#7952=CARTESIAN_POINT('',(0.000334709120901493,-0.000675000000000011,8.E-5));
#7953=CARTESIAN_POINT('',(0.000334709120901493,-0.000675000000000011,8.E-5));
#7954=CARTESIAN_POINT('',(0.000382354560450551,-0.000675000000000011,8.E-5));
#7955=CARTESIAN_POINT('',(0.000382354560450551,-0.000675000000000011,8.E-5));
#7956=CARTESIAN_POINT('',(0.000429999999999609,-0.000675000000000011,8.E-5));
#7957=CARTESIAN_POINT('',(0.000429999999999609,-0.000675000000000011,8.E-5));
#7958=CARTESIAN_POINT('',(0.000429999999999609,-0.000585949552150225,8.E-5));
#7959=CARTESIAN_POINT('',(0.000429999999999609,-0.000585949552150225,8.E-5));
#7960=CARTESIAN_POINT('',(0.000429999999999609,-0.000496899104300439,8.E-5));
#7961=CARTESIAN_POINT('',(0.000429999999999609,-0.000496899104300439,8.E-5));
#7962=CARTESIAN_POINT('',(0.000503333834119303,-0.000496899104300553,8.E-5));
#7963=CARTESIAN_POINT('',(0.000503333834119303,-0.000496899104300553,8.E-5));
#7964=CARTESIAN_POINT('',(0.000576667668238997,-0.000496899104300553,8.E-5));
#7965=CARTESIAN_POINT('',(0.000576667668238997,-0.000496899104300553,8.E-5));
#7966=CARTESIAN_POINT('',(0.000849999999999682,-0.000399999999999807,8.E-5));
#7967=CARTESIAN_POINT('',(0.000849999999999682,-0.000399999999999807,8.E-5));
#7968=CARTESIAN_POINT('',(-3.94255335449274E-21,0.,8.E-5));
#7969=CARTESIAN_POINT('',(8.E-6,0.,0.0001));
#7970=CARTESIAN_POINT('',(0.,-0.00075,0.0002));
#7971=CARTESIAN_POINT('',(0.000584524043229813,-0.00075,3.30024591655037E-5));
#7972=CARTESIAN_POINT('',(0.000618837724514995,-0.00075,5.99084439535559E-5));
#7973=CARTESIAN_POINT('',(0.000628101802127676,-0.00075,2.97769805985301E-5));
#7974=CARTESIAN_POINT('',(0.000577676014079811,-0.00075,2.79023781217992E-5));
#7975=CARTESIAN_POINT('',(0.000623255594556834,-0.00075,6.29027944225333E-6));
#7976=CARTESIAN_POINT('',(0.000596288401941365,-0.00075,2.00261564491779E-5));
#7977=CARTESIAN_POINT('',(0.000608661767396761,-0.00075,-7.55048893187523E-6));
#7978=CARTESIAN_POINT('',(0.000618211805555556,-0.00075,-1.82204861111112E-5));
#7979=CARTESIAN_POINT('',(0.000627760416666667,-0.00075,-2.88888888888889E-5));
#7980=CARTESIAN_POINT('',(0.000616987847222222,-0.00075,-2.88888888888889E-5));
#7981=CARTESIAN_POINT('',(0.000606215277777778,-0.00075,-2.88888888888889E-5));
#7982=CARTESIAN_POINT('',(0.000598949652777778,-0.00075,-1.99913194444445E-5));
#7983=CARTESIAN_POINT('',(0.000591684027777778,-0.00075,-1.109375E-5));
#7984=CARTESIAN_POINT('',(0.000591059027777778,-0.00075,-1.109375E-5));
#7985=CARTESIAN_POINT('',(0.000590428249993936,-0.00075,-1.10131305026715E-5));
#7986=CARTESIAN_POINT('',(0.000587823852520556,-0.00075,2.53269647478947E-5));
#7987=CARTESIAN_POINT('',(0.000562072362514701,-0.00075,-3.3162384756325E-7));
#7988=CARTESIAN_POINT('',(0.000596418398959219,-0.00075,2.66527764605616E-5));
#7989=CARTESIAN_POINT('',(0.000552861325695452,-0.00075,2.99068975667107E-5));
#7990=CARTESIAN_POINT('',(0.000595834084587467,-0.00075,3.31465182124359E-5));
#7991=CARTESIAN_POINT('',(0.000562100996718397,-0.00075,5.99642008988374E-5));
#7992=CARTESIAN_POINT('',(0.000587879636754949,-0.00075,3.37122756341998E-5));
#7993=CARTESIAN_POINT('',(0.000590555483800537,-0.00075,7.0407528876799E-5));
#7994=CARTESIAN_POINT('',(0.00059321272719601,-0.00075,3.42213065167874E-5));
#7995=CARTESIAN_POINT('',(9.85638338623186E-22,-0.00075,8.E-5));
#7996=CARTESIAN_POINT('',(-0.000624999999999886,-0.00075,8.E-5));
#7997=CARTESIAN_POINT('',(-0.000724999999999795,-0.00075,8.E-5));
#7998=CARTESIAN_POINT('',(-0.000724999999999795,-0.00075,8.E-5));
#7999=CARTESIAN_POINT('',(-0.000724999999999795,-0.00075,0.0001));
#8000=CARTESIAN_POINT('',(0.,-0.00075,0.0001));
#8001=CARTESIAN_POINT('',(-0.0008,-0.00075,0.0001));
#8002=CARTESIAN_POINT('',(-0.0008,-0.00075,-1.49077798716757E-19));
#8003=CARTESIAN_POINT('',(-0.0008,-0.00075,-0.0001));
#8004=CARTESIAN_POINT('',(-1.0842021724855E-19,-0.00075,-0.0001));
#8005=CARTESIAN_POINT('',(0.0008,-0.00075,-0.0001));
#8006=CARTESIAN_POINT('',(0.0008,-0.00075,-4.06575814682064E-20));
#8007=CARTESIAN_POINT('',(0.0008,-0.00075,0.0001));
#8008=CARTESIAN_POINT('',(0.,-0.00075,0.0001));
#8009=CARTESIAN_POINT('',(0.000196709120901346,-0.00075,0.0001));
#8010=CARTESIAN_POINT('',(0.000196709120901346,-0.00075,8.E-5));
#8011=CARTESIAN_POINT('',(0.000196709120901346,-0.00075,8.E-5));
#8012=CARTESIAN_POINT('',(9.85638338623186E-22,-0.00075,8.E-5));
#8013=CARTESIAN_POINT('',(-1.27091209022858E-5,-0.00075,8.E-5));
#8014=CARTESIAN_POINT('',(-1.27091209022858E-5,-0.00075,8.E-5));
#8015=CARTESIAN_POINT('',(-1.27091209022858E-5,-0.00075,0.0001));
#8016=CARTESIAN_POINT('',(0.,-0.00075,0.0001));
#8017=CARTESIAN_POINT('',(-0.000624999999999886,-0.00075,0.0001));
#8018=CARTESIAN_POINT('',(-0.000624999999999886,-0.00075,8.E-5));
#8019=CARTESIAN_POINT('',(0.000675243055555556,-0.00075,2.26649305555555E-5));
#8020=CARTESIAN_POINT('',(0.000675243055555556,-0.00075,5.53298611111111E-5));
#8021=CARTESIAN_POINT('',(0.000675243055555556,-0.00075,-1.E-5));
#8022=CARTESIAN_POINT('',(0.000666831597222222,-0.00075,-1.E-5));
#8023=CARTESIAN_POINT('',(0.000658420138888889,-0.00075,-1.E-5));
#8024=CARTESIAN_POINT('',(0.000658420138888889,-0.00075,2.26649305555555E-5));
#8025=CARTESIAN_POINT('',(0.000658420138888889,-0.00075,5.53298611111111E-5));
#8026=CARTESIAN_POINT('',(0.000647647569444445,-0.00075,5.5329861111111E-5));
#8027=CARTESIAN_POINT('',(0.000636875,-0.00075,5.5329861111111E-5));
#8028=CARTESIAN_POINT('',(0.000636875,-0.00075,6.23263888888888E-5));
#8029=CARTESIAN_POINT('',(0.000636875,-0.00075,6.93229166666666E-5));
#8030=CARTESIAN_POINT('',(0.000666822916666667,-0.00075,6.93229166666666E-5));
#8031=CARTESIAN_POINT('',(0.000696770833333333,-0.00075,6.93229166666666E-5));
#8032=CARTESIAN_POINT('',(0.000696770833333333,-0.00075,6.23263888888888E-5));
#8033=CARTESIAN_POINT('',(0.000696770833333333,-0.00075,5.53298611111111E-5));
#8034=CARTESIAN_POINT('',(0.000686006944444445,-0.00075,5.53298611111111E-5));
#8035=CARTESIAN_POINT('',(0.000708975694444445,-0.00075,2.96614583333333E-5));
#8036=CARTESIAN_POINT('',(0.000708975694444445,-0.00075,-1.E-5));
#8037=CARTESIAN_POINT('',(0.000708975694444445,-0.00075,6.93229166666666E-5));
#8038=CARTESIAN_POINT('',(0.000721319444444445,-0.00075,6.93229166666666E-5));
#8039=CARTESIAN_POINT('',(0.000733669047890932,-0.00075,6.92441343285607E-5));
#8040=CARTESIAN_POINT('',(0.000737355825639489,-0.00075,1.96232875823435E-5));
#8041=CARTESIAN_POINT('',(0.000758204325470286,-0.00075,6.46087652654653E-5));
#8042=CARTESIAN_POINT('',(0.000749058536621941,-0.00075,5.06015199507493E-5));
#8043=CARTESIAN_POINT('',(0.000765713513957194,-0.00075,4.96746513625849E-5));
#8044=CARTESIAN_POINT('',(0.000746390021391131,-0.00075,4.83395270839929E-5));
#8045=CARTESIAN_POINT('',(0.000762460910804883,-0.00075,3.7569531415884E-5));
#8046=CARTESIAN_POINT('',(0.000762684062047341,-0.00075,3.79009800126396E-5));
#8047=CARTESIAN_POINT('',(0.000762565989357004,-0.00075,3.77395525063198E-5));
#8048=CARTESIAN_POINT('',(0.000762447916666667,-0.00075,3.7578125E-5));
#8049=CARTESIAN_POINT('',(0.000759114583333333,-0.00075,3.30208333333333E-5));
#8050=CARTESIAN_POINT('',(0.000753576388888889,-0.00075,3.21006944444444E-5));
#8051=CARTESIAN_POINT('',(0.000753576388888889,-0.00075,3.21006944444444E-5));
#8052=CARTESIAN_POINT('',(0.000753576388888889,-0.00075,3.18315972222222E-5));
#8053=CARTESIAN_POINT('',(0.000753576388888889,-0.00075,3.14943369682946E-5));
#8054=CARTESIAN_POINT('',(0.000750901885243502,-0.00075,1.40269813913324E-5));
#8055=CARTESIAN_POINT('',(0.000764450669753416,-0.00075,2.53712274618508E-5));
#8056=CARTESIAN_POINT('',(0.000747137327258948,-0.00075,1.41445884448268E-5));
#8057=CARTESIAN_POINT('',(0.000767737178375039,-0.00075,1.2951300977916E-5));
#8058=CARTESIAN_POINT('',(0.000747619849515693,-0.00075,1.19775590671014E-5));
#8059=CARTESIAN_POINT('',(0.000759975770144754,-0.00075,-3.96581137653209E-6));
#8060=CARTESIAN_POINT('',(0.000740708384153594,-0.00075,2.43021010190258E-5));
#8061=CARTESIAN_POINT('',(0.000738648954013991,-0.00075,-9.9481002348466E-6));
#8062=CARTESIAN_POINT('',(0.000723810763888889,-0.00075,-1.E-5));
#8063=CARTESIAN_POINT('',(0.0008,-0.00075,-4.06575814682064E-20));
#8064=CARTESIAN_POINT('',(0.0008,-0.00075,8.E-5));
#8065=CARTESIAN_POINT('',(0.0008,0.00055198684153538,8.E-5));
#8066=CARTESIAN_POINT('',(0.0008,0.000685657137141883,8.E-5));
#8067=CARTESIAN_POINT('',(0.0008,0.00055198684153538,0.0001));
#8068=CARTESIAN_POINT('',(0.0008,0.00055198684153538,-8.E-5));
#8069=CARTESIAN_POINT('',(0.0008,-0.00075,-8.E-5));
#8070=CARTESIAN_POINT('',(0.0008,0.000674999999999812,-8.E-5));
#8071=CARTESIAN_POINT('',(0.0008,0.000674999999999812,-8.E-5));
#8072=CARTESIAN_POINT('',(0.0008,0.000674999999999812,-0.0001));
#8073=CARTESIAN_POINT('',(0.0008,-0.00075,-0.0001));
#8074=CARTESIAN_POINT('',(0.0008,0.00075,-0.0001));
#8075=CARTESIAN_POINT('',(0.0008,0.00075,-4.06575814682064E-20));
#8076=CARTESIAN_POINT('',(0.0008,0.00075,0.0001));
#8077=CARTESIAN_POINT('',(0.0008,-0.00075,0.0001));
#8078=CARTESIAN_POINT('',(0.0008,0.000685657137141883,0.0001));
#8079=CARTESIAN_POINT('',(0.0008,0.000685657137141883,8.E-5));
#8080=CARTESIAN_POINT('',(-0.0008,-0.00075,-1.49077798716757E-19));
#8081=CARTESIAN_POINT('',(-0.0008,-0.00075,8.E-5));
#8082=CARTESIAN_POINT('',(-0.0008,0.000114342862858533,8.E-5));
#8083=CARTESIAN_POINT('',(-0.0008,0.000248013158464234,8.E-5));
#8084=CARTESIAN_POINT('',(-0.0008,0.000248013158464234,0.0001));
#8085=CARTESIAN_POINT('',(-0.0008,0.000248013158464234,-8.E-5));
#8086=CARTESIAN_POINT('',(-0.0008,-0.00075,-8.E-5));
#8087=CARTESIAN_POINT('',(-0.0008,0.000114342862858192,-8.E-5));
#8088=CARTESIAN_POINT('',(-0.0008,0.000114342862858192,-8.E-5));
#8089=CARTESIAN_POINT('',(-0.0008,0.000114342862858192,-0.0001));
#8090=CARTESIAN_POINT('',(-0.0008,-0.00075,-0.0001));
#8091=CARTESIAN_POINT('',(-0.0008,-0.000114342862858477,-0.0001));
#8092=CARTESIAN_POINT('',(-0.0008,-0.000114342862858477,-8.E-5));
#8093=CARTESIAN_POINT('',(-0.0008,-0.000114342862858477,-8.E-5));
#8094=CARTESIAN_POINT('',(-0.0008,-0.00075,-8.E-5));
#8095=CARTESIAN_POINT('',(-0.0008,-0.000248013158464234,-8.E-5));
#8096=CARTESIAN_POINT('',(-0.0008,-0.000248013158464234,0.0001));
#8097=CARTESIAN_POINT('',(-0.0008,-0.000248013158464234,8.E-5));
#8098=CARTESIAN_POINT('',(-0.0008,-0.00075,8.E-5));
#8099=CARTESIAN_POINT('',(-0.0008,-0.000114342862858191,8.E-5));
#8100=CARTESIAN_POINT('',(-0.0008,-0.000114342862858191,8.E-5));
#8101=CARTESIAN_POINT('',(-0.0008,-0.000114342862858191,0.0001));
#8102=CARTESIAN_POINT('',(-0.0008,-0.00075,0.0001));
#8103=CARTESIAN_POINT('',(-0.0008,0.000114342862858533,0.0001));
#8104=CARTESIAN_POINT('',(-0.0008,0.000114342862858533,8.E-5));
#8105=CARTESIAN_POINT('',(0.0008,-0.00075,-4.06575814682064E-20));
#8106=CARTESIAN_POINT('',(0.0008,-0.00075,8.E-5));
#8107=CARTESIAN_POINT('',(0.0008,-0.000248013158464234,8.E-5));
#8108=CARTESIAN_POINT('',(0.0008,-0.000114342862858072,8.E-5));
#8109=CARTESIAN_POINT('',(0.0008,-0.000248013158464234,0.0001));
#8110=CARTESIAN_POINT('',(0.0008,-0.000248013158464234,-8.E-5));
#8111=CARTESIAN_POINT('',(0.0008,-0.00075,-8.E-5));
#8112=CARTESIAN_POINT('',(0.0008,-0.000114342862858358,-8.E-5));
#8113=CARTESIAN_POINT('',(0.0008,-0.000114342862858358,-8.E-5));
#8114=CARTESIAN_POINT('',(0.0008,-0.000114342862858358,-0.0001));
#8115=CARTESIAN_POINT('',(0.0008,-0.00075,-0.0001));
#8116=CARTESIAN_POINT('',(0.0008,0.000114342862858073,-0.0001));
#8117=CARTESIAN_POINT('',(0.0008,0.000114342862858073,-8.E-5));
#8118=CARTESIAN_POINT('',(0.0008,0.000114342862858073,-8.E-5));
#8119=CARTESIAN_POINT('',(0.0008,-0.00075,-8.E-5));
#8120=CARTESIAN_POINT('',(0.0008,0.000248013158464234,-8.E-5));
#8121=CARTESIAN_POINT('',(0.0008,0.000248013158464234,0.0001));
#8122=CARTESIAN_POINT('',(0.0008,0.000248013158464234,8.E-5));
#8123=CARTESIAN_POINT('',(0.0008,-0.00075,8.E-5));
#8124=CARTESIAN_POINT('',(0.0008,0.000114342862858413,8.E-5));
#8125=CARTESIAN_POINT('',(0.0008,0.000114342862858413,8.E-5));
#8126=CARTESIAN_POINT('',(0.0008,0.000114342862858413,0.0001));
#8127=CARTESIAN_POINT('',(0.0008,-0.00075,0.0001));
#8128=CARTESIAN_POINT('',(0.0008,-0.000114342862858072,0.0001));
#8129=CARTESIAN_POINT('',(0.0008,-0.000114342862858072,8.E-5));
#8130=CARTESIAN_POINT('',(-0.0008,-0.00075,-1.49077798716757E-19));
#8131=CARTESIAN_POINT('',(-0.0008,0.00055198684153538,0.0001));
#8132=CARTESIAN_POINT('',(-0.0008,0.00055198684153538,8.E-5));
#8133=CARTESIAN_POINT('',(-0.0008,0.00055198684153538,-8.E-5));
#8134=CARTESIAN_POINT('',(-0.0008,-0.00075,8.E-5));
#8135=CARTESIAN_POINT('',(-0.0008,0.000685657137141764,8.E-5));
#8136=CARTESIAN_POINT('',(-0.0008,0.000685657137141764,8.E-5));
#8137=CARTESIAN_POINT('',(-0.0008,0.000685657137141764,0.0001));
#8138=CARTESIAN_POINT('',(-0.0008,-0.00075,0.0001));
#8139=CARTESIAN_POINT('',(-0.0008,0.00075,0.0001));
#8140=CARTESIAN_POINT('',(-0.0008,0.00075,-1.49077798716757E-19));
#8141=CARTESIAN_POINT('',(-0.0008,0.00075,-0.0001));
#8142=CARTESIAN_POINT('',(-0.0008,-0.00075,-0.0001));
#8143=CARTESIAN_POINT('',(-0.0008,0.000674999999999812,-0.0001));
#8144=CARTESIAN_POINT('',(-0.0008,0.000674999999999812,-8.E-5));
#8145=CARTESIAN_POINT('',(-0.0008,0.000674999999999812,-8.E-5));
#8146=CARTESIAN_POINT('',(-0.0008,-0.00075,-8.E-5));
#8147=CARTESIAN_POINT('',(0.00064999999999975,1.70658320536415E-16,8.E-5));
#8148=CARTESIAN_POINT('',(0.00064999999999975,1.70658320536415E-16,8.E-5));
#8149=CARTESIAN_POINT('',(0.00072999999999975,1.70658320536415E-16,8.E-5));
#8150=CARTESIAN_POINT('',(0.00064999999999975,1.70658320536415E-16,0.0001));
#8151=CARTESIAN_POINT('',(0.00072999999999975,1.70658320536415E-16,0.0001));
#8152=CARTESIAN_POINT('',(-3.94255335449274E-21,0.,8.E-5));
#8153=CARTESIAN_POINT('',(0.0008,-0.00075,-4.06575814682064E-20));
#8154=CARTESIAN_POINT('',(0.0008,-0.00055198684153538,0.0001));
#8155=CARTESIAN_POINT('',(0.0008,-0.00055198684153538,8.E-5));
#8156=CARTESIAN_POINT('',(0.0008,-0.00055198684153538,-8.E-5));
#8157=CARTESIAN_POINT('',(0.0008,-0.00075,8.E-5));
#8158=CARTESIAN_POINT('',(0.0008,-0.000685657137141542,8.E-5));
#8159=CARTESIAN_POINT('',(0.0008,-0.000685657137141542,8.E-5));
#8160=CARTESIAN_POINT('',(0.0008,-0.000685657137141542,0.0001));
#8161=CARTESIAN_POINT('',(0.0008,-0.00075,0.0001));
#8162=CARTESIAN_POINT('',(0.0008,-0.00075,-0.0001));
#8163=CARTESIAN_POINT('',(0.0008,-0.000675000000000154,-0.0001));
#8164=CARTESIAN_POINT('',(0.0008,-0.000675000000000154,-8.E-5));
#8165=CARTESIAN_POINT('',(0.0008,-0.000675000000000154,-8.E-5));
#8166=CARTESIAN_POINT('',(0.0008,-0.00075,-8.E-5));
#8167=CARTESIAN_POINT('',(0.,-0.00075,0.0001));
#8168=CARTESIAN_POINT('',(-0.000850000000000364,0.000400000000000148,0.0001));
#8169=CARTESIAN_POINT('',(-0.000564903007949511,0.000346899104301258,0.0001));
#8170=CARTESIAN_POINT('',(-0.000850000000000364,-0.000399999999999807,0.0001));
#8171=CARTESIAN_POINT('',(-0.000564903007949511,-0.000346899104300462,0.0001));
#8172=CARTESIAN_POINT('',(-0.000497451503974446,-0.000346899104300462,0.0001));
#8173=CARTESIAN_POINT('',(-0.000429999999999382,-0.000346899104300462,0.0001));
#8174=CARTESIAN_POINT('',(-0.000429999999999382,-0.00019844955215018,0.0001));
#8175=CARTESIAN_POINT('',(-0.000429999999999382,-4.99999999998976E-5,0.0001));
#8176=CARTESIAN_POINT('',(-0.000239999999999441,-4.99999999998976E-5,0.0001));
#8177=CARTESIAN_POINT('',(-4.99999999994997E-5,-4.99999999998976E-5,0.0001));
#8178=CARTESIAN_POINT('',(-4.99999999994997E-5,-0.000239999999999839,0.0001));
#8179=CARTESIAN_POINT('',(-4.99999999994997E-5,-0.00042999999999978,0.0001));
#8180=CARTESIAN_POINT('',(-0.000139999999999475,-0.00042999999999978,0.0001));
#8181=CARTESIAN_POINT('',(-0.00022999999999945,-0.00042999999999978,0.0001));
#8182=CARTESIAN_POINT('',(-0.00022999999999945,-0.000552499999999895,0.0001));
#8183=CARTESIAN_POINT('',(-0.00022999999999945,-0.000675000000000011,0.0001));
#8184=CARTESIAN_POINT('',(-0.000329999999999416,-0.000675000000000011,0.0001));
#8185=CARTESIAN_POINT('',(-0.000429999999999382,-0.000675000000000011,0.0001));
#8186=CARTESIAN_POINT('',(-0.000429999999999382,-0.000585949552150225,0.0001));
#8187=CARTESIAN_POINT('',(-0.000429999999999382,-0.000496899104300439,0.0001));
#8188=CARTESIAN_POINT('',(-0.000503333834119076,-0.000496899104300553,0.0001));
#8189=CARTESIAN_POINT('',(-0.00057666766823877,-0.000496899104300553,0.0001));
#8190=CARTESIAN_POINT('',(-0.000850000000000361,-0.000399999999999808,0.0001));
#8191=CARTESIAN_POINT('',(-0.000624999999999875,-0.000582961744634483,0.0001));
#8192=CARTESIAN_POINT('',(-0.000624999999999886,-0.000666480872317266,0.0001));
#8193=CARTESIAN_POINT('',(0.000108645439548695,-0.000684046434537606,0.0001));
#8194=CARTESIAN_POINT('',(0.000229999999999677,-0.000618092869075269,0.0001));
#8195=CARTESIAN_POINT('',(0.000229999999999677,-0.000524046434537524,0.0001));
#8196=CARTESIAN_POINT('',(0.000229999999999677,-0.00042999999999978,0.0001));
#8197=CARTESIAN_POINT('',(0.000139999999999702,-0.00042999999999978,0.0001));
#8198=CARTESIAN_POINT('',(4.99999999997272E-5,-0.00042999999999978,0.0001));
#8199=CARTESIAN_POINT('',(4.99999999997272E-5,-0.000239999999999839,0.0001));
#8200=CARTESIAN_POINT('',(4.99999999997272E-5,-4.99999999998976E-5,0.0001));
#8201=CARTESIAN_POINT('',(0.000239999999999668,-4.99999999998976E-5,0.0001));
#8202=CARTESIAN_POINT('',(0.000429999999999609,-4.99999999998976E-5,0.0001));
#8203=CARTESIAN_POINT('',(0.000429999999999609,-0.00019844955215018,0.0001));
#8204=CARTESIAN_POINT('',(0.000429999999999609,-0.000346899104300462,0.0001));
#8205=CARTESIAN_POINT('',(0.000497451503974674,-0.000346899104300462,0.0001));
#8206=CARTESIAN_POINT('',(0.000564903007949738,-0.000346899104300462,0.0001));
#8207=CARTESIAN_POINT('',(0.000849999999999682,-0.000399999999999807,0.0001));
#8208=CARTESIAN_POINT('',(0.000849999999999682,0.000400000000000148,0.0001));
#8209=CARTESIAN_POINT('',(0.000564903007949738,0.000346899104301258,0.0001));
#8210=CARTESIAN_POINT('',(0.000497451503974674,0.000346899104301258,0.0001));
#8211=CARTESIAN_POINT('',(0.000429999999999609,0.000346899104301258,0.0001));
#8212=CARTESIAN_POINT('',(0.000429999999999609,0.000198449552150976,0.0001));
#8213=CARTESIAN_POINT('',(0.000429999999999609,5.00000000006936E-5,0.0001));
#8214=CARTESIAN_POINT('',(0.000239999999999668,5.00000000006936E-5,0.0001));
#8215=CARTESIAN_POINT('',(4.99999999997272E-5,5.00000000006936E-5,0.0001));
#8216=CARTESIAN_POINT('',(4.99999999997272E-5,0.000240000000000635,0.0001));
#8217=CARTESIAN_POINT('',(4.99999999997272E-5,0.000430000000000575,0.0001));
#8218=CARTESIAN_POINT('',(0.000139999999999702,0.000430000000000575,0.0001));
#8219=CARTESIAN_POINT('',(0.000229999999999677,0.000430000000000575,0.0001));
#8220=CARTESIAN_POINT('',(0.000229999999999677,0.000552500000000691,0.0001));
#8221=CARTESIAN_POINT('',(0.000229999999999677,0.000675000000000807,0.0001));
#8222=CARTESIAN_POINT('',(0.000329999999999643,0.000675000000000807,0.0001));
#8223=CARTESIAN_POINT('',(0.000429999999999609,0.000675000000000807,0.0001));
#8224=CARTESIAN_POINT('',(0.000429999999999609,0.000585949552151021,0.0001));
#8225=CARTESIAN_POINT('',(0.000429999999999609,0.000496899104301235,0.0001));
#8226=CARTESIAN_POINT('',(0.000503333834119303,0.000496899104301349,0.0001));
#8227=CARTESIAN_POINT('',(0.000576667668238997,0.000496899104301349,0.0001));
#8228=CARTESIAN_POINT('',(0.000849999999999682,0.000400000000000149,0.0001));
#8229=CARTESIAN_POINT('',(0.,0.00075,0.0001));
#8230=CARTESIAN_POINT('',(1.27091209009218E-5,0.00075,0.0001));
#8231=CARTESIAN_POINT('',(-0.000108645439549264,0.000684046434538004,0.0001));
#8232=CARTESIAN_POINT('',(-0.00022999999999945,0.000618092869076065,0.0001));
#8233=CARTESIAN_POINT('',(-0.00022999999999945,0.00052404643453832,0.0001));
#8234=CARTESIAN_POINT('',(-0.00022999999999945,0.000430000000000575,0.0001));
#8235=CARTESIAN_POINT('',(-0.000139999999999475,0.000430000000000575,0.0001));
#8236=CARTESIAN_POINT('',(-4.99999999994997E-5,0.000430000000000575,0.0001));
#8237=CARTESIAN_POINT('',(-4.99999999994997E-5,0.000240000000000635,0.0001));
#8238=CARTESIAN_POINT('',(-4.99999999994997E-5,5.00000000006936E-5,0.0001));
#8239=CARTESIAN_POINT('',(-0.000239999999999441,5.00000000006936E-5,0.0001));
#8240=CARTESIAN_POINT('',(-0.000429999999999382,5.00000000006936E-5,0.0001));
#8241=CARTESIAN_POINT('',(-0.000429999999999382,0.000198449552150976,0.0001));
#8242=CARTESIAN_POINT('',(-0.000429999999999382,0.000346899104301258,0.0001));
#8243=CARTESIAN_POINT('',(-0.000497451503974446,0.000346899104301258,0.0001));
#8244=CARTESIAN_POINT('',(0.,-0.00075,0.0001));
#8245=CARTESIAN_POINT('',(-0.000265709120902045,0.000712500000000375,0.0001));
#8246=CARTESIAN_POINT('',(-0.00019670912090271,0.00075,0.0001));
#8247=CARTESIAN_POINT('',(-0.000334709120901379,0.000675000000000807,0.0001));
#8248=CARTESIAN_POINT('',(0.,0.00075,0.0001));
#8249=CARTESIAN_POINT('',(-0.000624999999999886,0.00075,0.0001));
#8250=CARTESIAN_POINT('',(-0.000624999999999886,0.000666480872317379,0.0001));
#8251=CARTESIAN_POINT('',(-0.000624999999999875,0.000582961744634825,0.0001));
#8252=CARTESIAN_POINT('',(-0.000850000000000365,0.000400000000000147,0.0001));
#8253=CARTESIAN_POINT('',(-0.00057666766823877,0.000496899104301349,0.0001));
#8254=CARTESIAN_POINT('',(-0.000503333834119076,0.000496899104301349,0.0001));
#8255=CARTESIAN_POINT('',(-0.000429999999999382,0.000496899104301235,0.0001));
#8256=CARTESIAN_POINT('',(-0.000429999999999382,0.000585949552151021,0.0001));
#8257=CARTESIAN_POINT('',(-0.000429999999999382,0.000675000000000807,0.0001));
#8258=CARTESIAN_POINT('',(-0.000382354560450381,0.000675000000000807,0.0001));
#8259=CARTESIAN_POINT('',(0.,-0.00075,0.0001));
#8260=CARTESIAN_POINT('',(-0.000724999999999909,0.000705838641081243,0.0001));
#8261=CARTESIAN_POINT('',(-0.000724999999999909,0.00075,0.0001));
#8262=CARTESIAN_POINT('',(-0.000724999999999909,0.000661677282162543,0.0001));
#8263=CARTESIAN_POINT('',(0.,0.00075,0.0001));
#8264=CARTESIAN_POINT('',(-0.000850000000000365,0.000400000000000141,0.0001));
#8265=CARTESIAN_POINT('',(0.,-0.00075,0.0001));
#8266=CARTESIAN_POINT('',(-0.000850000000000361,-0.000399999999999812,0.0001));
#8267=CARTESIAN_POINT('',(-0.0008,-0.000685657137141422,0.0001));
#8268=CARTESIAN_POINT('',(-0.000724999999999795,-0.000661677282162202,0.0001));
#8269=CARTESIAN_POINT('',(-0.0008,-0.00075,0.0001));
#8270=CARTESIAN_POINT('',(-0.000724999999999795,-0.000705838641081073,0.0001));
#8271=CARTESIAN_POINT('',(-1.0842021724855E-19,-0.00075,-0.0001));
#8272=CARTESIAN_POINT('',(0.000849999999999682,0.000399999999999835,-0.0001));
#8273=CARTESIAN_POINT('',(0.000661055563722698,0.000179999999999865,-0.0001));
#8274=CARTESIAN_POINT('',(0.000849999999999682,-0.000400000000000121,-0.0001));
#8275=CARTESIAN_POINT('',(0.000661055563722698,-0.00018000000000015,-0.0001));
#8276=CARTESIAN_POINT('',(0.00050552778186119,-0.00018000000000015,-0.0001));
#8277=CARTESIAN_POINT('',(0.000349999999999682,-0.00018000000000015,-0.0001));
#8278=CARTESIAN_POINT('',(0.000349999999999682,-0.000427500000000152,-0.0001));
#8279=CARTESIAN_POINT('',(0.000349999999999682,-0.000675000000000154,-0.0001));
#8280=CARTESIAN_POINT('',(0.000574999999999818,-0.000675000000000154,-0.0001));
#8281=CARTESIAN_POINT('',(-0.0008,-0.00075,-0.0001));
#8282=CARTESIAN_POINT('',(-0.0008,-0.000675000000000154,-0.0001));
#8283=CARTESIAN_POINT('',(-0.000574999999999704,-0.000675000000000154,-0.0001));
#8284=CARTESIAN_POINT('',(-0.000349999999999454,-0.000675000000000154,-0.0001));
#8285=CARTESIAN_POINT('',(-0.000349999999999454,-0.000427500000000152,-0.0001));
#8286=CARTESIAN_POINT('',(-0.000349999999999454,-0.00018000000000015,-0.0001));
#8287=CARTESIAN_POINT('',(-0.000505527781860962,-0.00018000000000015,-0.0001));
#8288=CARTESIAN_POINT('',(-0.00066105556372247,-0.00018000000000015,-0.0001));
#8289=CARTESIAN_POINT('',(-0.000850000000000363,-0.000400000000000119,-0.0001));
#8290=CARTESIAN_POINT('',(-0.000850000000000364,0.000399999999999834,-0.0001));
#8291=CARTESIAN_POINT('',(-0.00066105556372247,0.000179999999999865,-0.0001));
#8292=CARTESIAN_POINT('',(-0.000505527781860962,0.000179999999999836,-0.0001));
#8293=CARTESIAN_POINT('',(-0.000349999999999454,0.000179999999999808,-0.0001));
#8294=CARTESIAN_POINT('',(-0.000349999999999454,0.00042749999999981,-0.0001));
#8295=CARTESIAN_POINT('',(-0.000349999999999454,0.000674999999999812,-0.0001));
#8296=CARTESIAN_POINT('',(-0.000574999999999704,0.000674999999999812,-0.0001));
#8297=CARTESIAN_POINT('',(-1.0842021724855E-19,0.00075,-0.0001));
#8298=CARTESIAN_POINT('',(0.000574999999999818,0.000674999999999812,-0.0001));
#8299=CARTESIAN_POINT('',(0.000349999999999682,0.000674999999999812,-0.0001));
#8300=CARTESIAN_POINT('',(0.000349999999999682,0.00042749999999981,-0.0001));
#8301=CARTESIAN_POINT('',(0.000349999999999682,0.000179999999999808,-0.0001));
#8302=CARTESIAN_POINT('',(0.00050552778186119,0.000179999999999836,-0.0001));
#8303=CARTESIAN_POINT('',(0.00064999999999975,-1.99498098324529E-16,-0.0001));
#8304=CARTESIAN_POINT('',(0.00056999999999975,-1.99498098324529E-16,-0.0001));
#8305=CARTESIAN_POINT('',(-0.0008,-0.00075,-1.49077798716757E-19));
#8306=CARTESIAN_POINT('',(-0.0008,-0.00075,8.E-5));
#8307=CARTESIAN_POINT('',(-0.0008,-0.000685657137141422,8.E-5));
#8308=CARTESIAN_POINT('',(-0.0008,-0.00055198684153538,8.E-5));
#8309=CARTESIAN_POINT('',(-0.0008,-0.00055198684153538,0.0001));
#8310=CARTESIAN_POINT('',(-0.0008,-0.00055198684153538,-8.E-5));
#8311=CARTESIAN_POINT('',(-0.0008,-0.00075,-8.E-5));
#8312=CARTESIAN_POINT('',(-0.0008,-0.000675000000000154,-8.E-5));
#8313=CARTESIAN_POINT('',(-0.0008,-0.000675000000000154,-8.E-5));
#8314=CARTESIAN_POINT('',(-0.0008,-0.000685657137141422,8.E-5));
#8315=CARTESIAN_POINT('',(0.,-0.00075,0.0001));
#8316=CARTESIAN_POINT('',(0.000382354560450551,-0.000675000000000011,0.0001));
#8317=CARTESIAN_POINT('',(0.000429999999999609,-0.000675000000000011,0.0001));
#8318=CARTESIAN_POINT('',(0.000334709120901493,-0.000675000000000011,0.0001));
#8319=CARTESIAN_POINT('',(0.00026570912090142,-0.000712499999999977,0.0001));
#8320=CARTESIAN_POINT('',(0.000849999999999682,-0.000399999999999807,0.0001));
#8321=CARTESIAN_POINT('',(0.000576667668238997,-0.000496899104300553,0.0001));
#8322=CARTESIAN_POINT('',(0.000503333834119303,-0.000496899104300553,0.0001));
#8323=CARTESIAN_POINT('',(0.000429999999999609,-0.000496899104300439,0.0001));
#8324=CARTESIAN_POINT('',(0.000429999999999609,-0.000585949552150225,0.0001));
#8325=CARTESIAN_POINT('',(0.,0.00075,0.0002));
#8326=CARTESIAN_POINT('',(9.85638338623186E-22,0.00075,8.E-5));
#8327=CARTESIAN_POINT('',(1.27091209009218E-5,0.00075,8.E-5));
#8328=CARTESIAN_POINT('',(-0.00019670912090271,0.00075,8.E-5));
#8329=CARTESIAN_POINT('',(1.27091209009218E-5,0.00075,8.E-5));
#8330=CARTESIAN_POINT('',(-0.000724999999999909,0.00075,8.E-5));
#8331=CARTESIAN_POINT('',(-0.000724999999999909,0.00075,8.E-5));
#8332=CARTESIAN_POINT('',(9.85638338623186E-22,0.00075,8.E-5));
#8333=CARTESIAN_POINT('',(-0.000624999999999886,0.00075,8.E-5));
#8334=CARTESIAN_POINT('',(-0.000624999999999886,0.00075,8.E-5));
#8335=CARTESIAN_POINT('',(-0.00019670912090271,0.00075,8.E-5));
#8336=CARTESIAN_POINT('',(-0.000850000000000364,0.000400000000000148,8.E-5));
#8337=CARTESIAN_POINT('',(-0.000564903007949511,0.000346899104301258,8.E-5));
#8338=CARTESIAN_POINT('',(-0.000564903007949511,0.000346899104301258,8.E-5));
#8339=CARTESIAN_POINT('',(-0.000850000000000364,0.000400000000000148,8.E-5));
#8340=CARTESIAN_POINT('',(-0.000497451503974446,0.000346899104301258,8.E-5));
#8341=CARTESIAN_POINT('',(-0.000429999999999382,0.000346899104301258,8.E-5));
#8342=CARTESIAN_POINT('',(-0.000429999999999382,0.000346899104301258,8.E-5));
#8343=CARTESIAN_POINT('',(-0.000497451503974446,0.000346899104301258,8.E-5));
#8344=CARTESIAN_POINT('',(-0.000429999999999382,0.000198449552150976,8.E-5));
#8345=CARTESIAN_POINT('',(-0.000429999999999382,5.00000000006936E-5,8.E-5));
#8346=CARTESIAN_POINT('',(-0.000429999999999382,5.00000000006936E-5,8.E-5));
#8347=CARTESIAN_POINT('',(-0.000429999999999382,0.000198449552150976,8.E-5));
#8348=CARTESIAN_POINT('',(-0.000239999999999441,5.00000000006936E-5,8.E-5));
#8349=CARTESIAN_POINT('',(-4.99999999994997E-5,5.00000000006936E-5,8.E-5));
#8350=CARTESIAN_POINT('',(-4.99999999994997E-5,5.00000000006936E-5,8.E-5));
#8351=CARTESIAN_POINT('',(-0.000239999999999441,5.00000000006936E-5,8.E-5));
#8352=CARTESIAN_POINT('',(-4.99999999994997E-5,0.000240000000000635,8.E-5));
#8353=CARTESIAN_POINT('',(-4.99999999994997E-5,0.000430000000000575,8.E-5));
#8354=CARTESIAN_POINT('',(-4.99999999994997E-5,0.000430000000000575,8.E-5));
#8355=CARTESIAN_POINT('',(-4.99999999994997E-5,0.000240000000000635,8.E-5));
#8356=CARTESIAN_POINT('',(-0.000139999999999475,0.000430000000000575,8.E-5));
#8357=CARTESIAN_POINT('',(-0.00022999999999945,0.000430000000000575,8.E-5));
#8358=CARTESIAN_POINT('',(-0.00022999999999945,0.000430000000000575,8.E-5));
#8359=CARTESIAN_POINT('',(-0.000139999999999475,0.000430000000000575,8.E-5));
#8360=CARTESIAN_POINT('',(-0.00022999999999945,0.00052404643453832,8.E-5));
#8361=CARTESIAN_POINT('',(-0.00022999999999945,0.000618092869076065,8.E-5));
#8362=CARTESIAN_POINT('',(-0.00022999999999945,0.000618092869076065,8.E-5));
#8363=CARTESIAN_POINT('',(-0.00022999999999945,0.00052404643453832,8.E-5));
#8364=CARTESIAN_POINT('',(-0.000108645439549264,0.000684046434538004,8.E-5));
#8365=CARTESIAN_POINT('',(-0.000108645439549264,0.000684046434538004,8.E-5));
#8366=CARTESIAN_POINT('',(-0.000265709120902045,0.000712500000000375,8.E-5));
#8367=CARTESIAN_POINT('',(-0.000334709120901379,0.000675000000000807,8.E-5));
#8368=CARTESIAN_POINT('',(-0.000334709120901379,0.000675000000000807,8.E-5));
#8369=CARTESIAN_POINT('',(-0.000265709120902045,0.000712500000000375,8.E-5));
#8370=CARTESIAN_POINT('',(-0.000382354560450381,0.000675000000000807,8.E-5));
#8371=CARTESIAN_POINT('',(-0.000429999999999382,0.000675000000000807,8.E-5));
#8372=CARTESIAN_POINT('',(-0.000429999999999382,0.000675000000000807,8.E-5));
#8373=CARTESIAN_POINT('',(-0.000382354560450381,0.000675000000000807,8.E-5));
#8374=CARTESIAN_POINT('',(-0.000429999999999382,0.000585949552151021,8.E-5));
#8375=CARTESIAN_POINT('',(-0.000429999999999382,0.000496899104301235,8.E-5));
#8376=CARTESIAN_POINT('',(-0.000429999999999382,0.000496899104301235,8.E-5));
#8377=CARTESIAN_POINT('',(-0.000429999999999382,0.000585949552151021,8.E-5));
#8378=CARTESIAN_POINT('',(-0.000503333834119076,0.000496899104301349,8.E-5));
#8379=CARTESIAN_POINT('',(-0.00057666766823877,0.000496899104301349,8.E-5));
#8380=CARTESIAN_POINT('',(-0.00057666766823877,0.000496899104301349,8.E-5));
#8381=CARTESIAN_POINT('',(-0.000503333834119076,0.000496899104301349,8.E-5));
#8382=CARTESIAN_POINT('',(-0.000850000000000365,0.000400000000000147,8.E-5));
#8383=CARTESIAN_POINT('',(-0.000624999999999875,0.000582961744634825,8.E-5));
#8384=CARTESIAN_POINT('',(-0.000624999999999875,0.000582961744634825,8.E-5));
#8385=CARTESIAN_POINT('',(-0.000850000000000365,0.000400000000000147,8.E-5));
#8386=CARTESIAN_POINT('',(-0.000624999999999886,0.000666480872317379,8.E-5));
#8387=CARTESIAN_POINT('',(-0.000624999999999886,0.000666480872317379,8.E-5));
#8388=CARTESIAN_POINT('',(-0.000724999999999909,0.000705838641081243,8.E-5));
#8389=CARTESIAN_POINT('',(-0.000724999999999909,0.000661677282162543,8.E-5));
#8390=CARTESIAN_POINT('',(-0.000724999999999909,0.000661677282162543,8.E-5));
#8391=CARTESIAN_POINT('',(-0.000724999999999909,0.000705838641081243,8.E-5));
#8392=CARTESIAN_POINT('',(-0.000850000000000365,0.000400000000000141,8.E-5));
#8393=CARTESIAN_POINT('',(-0.000850000000000365,0.000400000000000141,8.E-5));
#8394=CARTESIAN_POINT('',(-3.94255335449274E-21,0.,8.E-5));
#8395=CARTESIAN_POINT('',(-0.000850000000000364,0.000399999999999807,8.E-5));
#8396=CARTESIAN_POINT('',(0.000849999999999682,-0.000399999999999807,8.E-5));
#8397=CARTESIAN_POINT('',(0.000564903007949738,-0.000346899104300462,8.E-5));
#8398=CARTESIAN_POINT('',(0.000564903007949738,-0.000346899104300462,8.E-5));
#8399=CARTESIAN_POINT('',(0.000849999999999682,-0.000399999999999807,8.E-5));
#8400=CARTESIAN_POINT('',(0.000497451503974674,-0.000346899104300462,8.E-5));
#8401=CARTESIAN_POINT('',(0.000429999999999609,-0.000346899104300462,8.E-5));
#8402=CARTESIAN_POINT('',(0.000429999999999609,-0.000346899104300462,8.E-5));
#8403=CARTESIAN_POINT('',(0.000497451503974674,-0.000346899104300462,8.E-5));
#8404=CARTESIAN_POINT('',(0.000429999999999609,-0.00019844955215018,8.E-5));
#8405=CARTESIAN_POINT('',(0.000429999999999609,-4.99999999998976E-5,8.E-5));
#8406=CARTESIAN_POINT('',(0.000429999999999609,-4.99999999998976E-5,8.E-5));
#8407=CARTESIAN_POINT('',(0.000429999999999609,-0.00019844955215018,8.E-5));
#8408=CARTESIAN_POINT('',(0.000239999999999668,-4.99999999998976E-5,8.E-5));
#8409=CARTESIAN_POINT('',(4.99999999997272E-5,-4.99999999998976E-5,8.E-5));
#8410=CARTESIAN_POINT('',(4.99999999997272E-5,-4.99999999998976E-5,8.E-5));
#8411=CARTESIAN_POINT('',(0.000239999999999668,-4.99999999998976E-5,8.E-5));
#8412=CARTESIAN_POINT('',(4.99999999997272E-5,-0.000239999999999839,8.E-5));
#8413=CARTESIAN_POINT('',(4.99999999997272E-5,-0.00042999999999978,8.E-5));
#8414=CARTESIAN_POINT('',(4.99999999997272E-5,-0.00042999999999978,8.E-5));
#8415=CARTESIAN_POINT('',(4.99999999997272E-5,-0.000239999999999839,8.E-5));
#8416=CARTESIAN_POINT('',(0.000139999999999702,-0.00042999999999978,8.E-5));
#8417=CARTESIAN_POINT('',(0.000229999999999677,-0.00042999999999978,8.E-5));
#8418=CARTESIAN_POINT('',(0.000229999999999677,-0.00042999999999978,8.E-5));
#8419=CARTESIAN_POINT('',(0.000139999999999702,-0.00042999999999978,8.E-5));
#8420=CARTESIAN_POINT('',(0.000229999999999677,-0.000524046434537524,8.E-5));
#8421=CARTESIAN_POINT('',(0.000229999999999677,-0.000618092869075269,8.E-5));
#8422=CARTESIAN_POINT('',(0.000229999999999677,-0.000618092869075269,8.E-5));
#8423=CARTESIAN_POINT('',(0.000229999999999677,-0.000524046434537524,8.E-5));
#8424=CARTESIAN_POINT('',(0.000108645439548695,-0.000684046434537606,8.E-5));
#8425=CARTESIAN_POINT('',(0.000108645439548695,-0.000684046434537606,8.E-5));
#8426=CARTESIAN_POINT('',(0.00026570912090142,-0.000712499999999977,8.E-5));
#8427=CARTESIAN_POINT('',(0.000334709120901493,-0.000675000000000011,8.E-5));
#8428=CARTESIAN_POINT('',(0.000334709120901493,-0.000675000000000011,8.E-5));
#8429=CARTESIAN_POINT('',(0.00026570912090142,-0.000712499999999977,8.E-5));
#8430=CARTESIAN_POINT('',(0.000382354560450551,-0.000675000000000011,8.E-5));
#8431=CARTESIAN_POINT('',(0.000429999999999609,-0.000675000000000011,8.E-5));
#8432=CARTESIAN_POINT('',(0.000429999999999609,-0.000675000000000011,8.E-5));
#8433=CARTESIAN_POINT('',(0.000382354560450551,-0.000675000000000011,8.E-5));
#8434=CARTESIAN_POINT('',(0.000429999999999609,-0.000585949552150225,8.E-5));
#8435=CARTESIAN_POINT('',(0.000429999999999609,-0.000496899104300439,8.E-5));
#8436=CARTESIAN_POINT('',(0.000429999999999609,-0.000496899104300439,8.E-5));
#8437=CARTESIAN_POINT('',(0.000429999999999609,-0.000585949552150225,8.E-5));
#8438=CARTESIAN_POINT('',(0.000503333834119303,-0.000496899104300553,8.E-5));
#8439=CARTESIAN_POINT('',(0.000576667668238997,-0.000496899104300553,8.E-5));
#8440=CARTESIAN_POINT('',(0.000576667668238997,-0.000496899104300553,8.E-5));
#8441=CARTESIAN_POINT('',(0.000503333834119303,-0.000496899104300553,8.E-5));
#8442=CARTESIAN_POINT('',(0.000849999999999682,-0.000399999999999807,8.E-5));
#8443=CARTESIAN_POINT('',(0.000849999999999682,-0.000399999999999807,8.E-5));
#8444=CARTESIAN_POINT('',(-3.94255335449274E-21,0.,8.E-5));
#8445=CARTESIAN_POINT('',(0.000850000000000364,-0.000399999999999807,8.E-5));
#8446=CARTESIAN_POINT('',(-0.000850000000000361,-0.000399999999999812,8.E-5));
#8447=CARTESIAN_POINT('',(-0.000724999999999795,-0.000661677282162202,8.E-5));
#8448=CARTESIAN_POINT('',(-0.000724999999999795,-0.000661677282162202,8.E-5));
#8449=CARTESIAN_POINT('',(-0.000850000000000361,-0.000399999999999812,8.E-5));
#8450=CARTESIAN_POINT('',(-0.000724999999999795,-0.000705838641081073,8.E-5));
#8451=CARTESIAN_POINT('',(-0.000724999999999795,-0.000705838641081073,8.E-5));
#8452=CARTESIAN_POINT('',(-0.000624999999999886,-0.000666480872317266,8.E-5));
#8453=CARTESIAN_POINT('',(-0.000624999999999875,-0.000582961744634483,8.E-5));
#8454=CARTESIAN_POINT('',(-0.000624999999999875,-0.000582961744634483,8.E-5));
#8455=CARTESIAN_POINT('',(-0.000624999999999886,-0.000666480872317266,8.E-5));
#8456=CARTESIAN_POINT('',(-0.000850000000000361,-0.000399999999999808,8.E-5));
#8457=CARTESIAN_POINT('',(-0.00057666766823877,-0.000496899104300553,8.E-5));
#8458=CARTESIAN_POINT('',(-0.00057666766823877,-0.000496899104300553,8.E-5));
#8459=CARTESIAN_POINT('',(-0.000850000000000361,-0.000399999999999808,8.E-5));
#8460=CARTESIAN_POINT('',(-0.000503333834119076,-0.000496899104300553,8.E-5));
#8461=CARTESIAN_POINT('',(-0.000429999999999382,-0.000496899104300439,8.E-5));
#8462=CARTESIAN_POINT('',(-0.000429999999999382,-0.000496899104300439,8.E-5));
#8463=CARTESIAN_POINT('',(-0.000503333834119076,-0.000496899104300553,8.E-5));
#8464=CARTESIAN_POINT('',(-0.000429999999999382,-0.000585949552150225,8.E-5));
#8465=CARTESIAN_POINT('',(-0.000429999999999382,-0.000675000000000011,8.E-5));
#8466=CARTESIAN_POINT('',(-0.000429999999999382,-0.000675000000000011,8.E-5));
#8467=CARTESIAN_POINT('',(-0.000429999999999382,-0.000585949552150225,8.E-5));
#8468=CARTESIAN_POINT('',(-0.000329999999999416,-0.000675000000000011,8.E-5));
#8469=CARTESIAN_POINT('',(-0.00022999999999945,-0.000675000000000011,8.E-5));
#8470=CARTESIAN_POINT('',(-0.00022999999999945,-0.000675000000000011,8.E-5));
#8471=CARTESIAN_POINT('',(-0.000329999999999416,-0.000675000000000011,8.E-5));
#8472=CARTESIAN_POINT('',(-0.00022999999999945,-0.000552499999999895,8.E-5));
#8473=CARTESIAN_POINT('',(-0.00022999999999945,-0.00042999999999978,8.E-5));
#8474=CARTESIAN_POINT('',(-0.00022999999999945,-0.00042999999999978,8.E-5));
#8475=CARTESIAN_POINT('',(-0.00022999999999945,-0.000552499999999895,8.E-5));
#8476=CARTESIAN_POINT('',(-0.000139999999999475,-0.00042999999999978,8.E-5));
#8477=CARTESIAN_POINT('',(-4.99999999994997E-5,-0.00042999999999978,8.E-5));
#8478=CARTESIAN_POINT('',(-4.99999999994997E-5,-0.00042999999999978,8.E-5));
#8479=CARTESIAN_POINT('',(-0.000139999999999475,-0.00042999999999978,8.E-5));
#8480=CARTESIAN_POINT('',(-4.99999999994997E-5,-0.000239999999999839,8.E-5));
#8481=CARTESIAN_POINT('',(-4.99999999994997E-5,-4.99999999998976E-5,8.E-5));
#8482=CARTESIAN_POINT('',(-4.99999999994997E-5,-4.99999999998976E-5,8.E-5));
#8483=CARTESIAN_POINT('',(-4.99999999994997E-5,-0.000239999999999839,8.E-5));
#8484=CARTESIAN_POINT('',(-0.000239999999999441,-4.99999999998976E-5,8.E-5));
#8485=CARTESIAN_POINT('',(-0.000429999999999382,-4.99999999998976E-5,8.E-5));
#8486=CARTESIAN_POINT('',(-0.000429999999999382,-4.99999999998976E-5,8.E-5));
#8487=CARTESIAN_POINT('',(-0.000239999999999441,-4.99999999998976E-5,8.E-5));
#8488=CARTESIAN_POINT('',(-0.000429999999999382,-0.00019844955215018,8.E-5));
#8489=CARTESIAN_POINT('',(-0.000429999999999382,-0.000346899104300462,8.E-5));
#8490=CARTESIAN_POINT('',(-0.000429999999999382,-0.000346899104300462,8.E-5));
#8491=CARTESIAN_POINT('',(-0.000429999999999382,-0.00019844955215018,8.E-5));
#8492=CARTESIAN_POINT('',(-0.000497451503974446,-0.000346899104300462,8.E-5));
#8493=CARTESIAN_POINT('',(-0.000564903007949511,-0.000346899104300462,8.E-5));
#8494=CARTESIAN_POINT('',(-0.000564903007949511,-0.000346899104300462,8.E-5));
#8495=CARTESIAN_POINT('',(-0.000497451503974446,-0.000346899104300462,8.E-5));
#8496=CARTESIAN_POINT('',(-0.000850000000000364,-0.000399999999999807,8.E-5));
#8497=CARTESIAN_POINT('',(-0.000850000000000364,-0.000399999999999807,8.E-5));
#8498=CARTESIAN_POINT('',(-3.94255335449274E-21,0.,8.E-5));
#8499=CARTESIAN_POINT('',(-0.000850000000000364,-0.000399999999999807,8.E-5));
#8500=CARTESIAN_POINT('',(0.00064999999999975,-1.99498098324529E-16,-8.E-5));
#8501=CARTESIAN_POINT('',(0.00064999999999975,-1.99498098324529E-16,-8.E-5));
#8502=CARTESIAN_POINT('',(0.00056999999999975,-1.99498098324529E-16,-8.E-5));
#8503=CARTESIAN_POINT('',(5.42101086242753E-21,0.,-8.E-5));
#8504=CARTESIAN_POINT('',(-0.000850000000000363,-0.000400000000000119,-8.E-5));
#8505=CARTESIAN_POINT('',(-0.00066105556372247,-0.00018000000000015,-8.E-5));
#8506=CARTESIAN_POINT('',(-0.00066105556372247,-0.00018000000000015,-8.E-5));
#8507=CARTESIAN_POINT('',(-0.000850000000000363,-0.000400000000000119,-8.E-5));
#8508=CARTESIAN_POINT('',(-0.000505527781860962,-0.00018000000000015,-8.E-5));
#8509=CARTESIAN_POINT('',(-0.000349999999999454,-0.00018000000000015,-8.E-5));
#8510=CARTESIAN_POINT('',(-0.000349999999999454,-0.00018000000000015,-8.E-5));
#8511=CARTESIAN_POINT('',(-0.000505527781860962,-0.00018000000000015,-8.E-5));
#8512=CARTESIAN_POINT('',(-0.000349999999999454,-0.000427500000000152,-8.E-5));
#8513=CARTESIAN_POINT('',(-0.000349999999999454,-0.000675000000000154,-8.E-5));
#8514=CARTESIAN_POINT('',(-0.000349999999999454,-0.000675000000000154,-8.E-5));
#8515=CARTESIAN_POINT('',(-0.000349999999999454,-0.000427500000000152,-8.E-5));
#8516=CARTESIAN_POINT('',(-0.000574999999999704,-0.000675000000000154,-8.E-5));
#8517=CARTESIAN_POINT('',(-0.000574999999999704,-0.000675000000000154,-8.E-5));
#8518=CARTESIAN_POINT('',(5.42101086242753E-21,0.,-8.E-5));
#8519=CARTESIAN_POINT('',(-0.000850000000000364,-0.000399999999999807,-8.E-5));
#8520=CARTESIAN_POINT('',(-0.000505527781860962,0.000179999999999836,-8.E-5));
#8521=CARTESIAN_POINT('',(-0.00066105556372247,0.000179999999999865,-8.E-5));
#8522=CARTESIAN_POINT('',(-0.00066105556372247,0.000179999999999865,-8.E-5));
#8523=CARTESIAN_POINT('',(-0.000505527781860962,0.000179999999999836,-8.E-5));
#8524=CARTESIAN_POINT('',(-0.000349999999999454,0.000179999999999808,-8.E-5));
#8525=CARTESIAN_POINT('',(-0.000349999999999454,0.000179999999999808,-8.E-5));
#8526=CARTESIAN_POINT('',(-0.000850000000000364,0.000399999999999834,-8.E-5));
#8527=CARTESIAN_POINT('',(-0.000850000000000364,0.000399999999999834,-8.E-5));
#8528=CARTESIAN_POINT('',(-0.000574999999999704,0.000674999999999812,-8.E-5));
#8529=CARTESIAN_POINT('',(-0.000349999999999454,0.000674999999999812,-8.E-5));
#8530=CARTESIAN_POINT('',(-0.000349999999999454,0.000674999999999812,-8.E-5));
#8531=CARTESIAN_POINT('',(-0.000574999999999704,0.000674999999999812,-8.E-5));
#8532=CARTESIAN_POINT('',(-0.000349999999999454,0.00042749999999981,-8.E-5));
#8533=CARTESIAN_POINT('',(-0.000349999999999454,0.00042749999999981,-8.E-5));
#8534=CARTESIAN_POINT('',(5.42101086242753E-21,0.,-8.E-5));
#8535=CARTESIAN_POINT('',(-0.000850000000000364,0.000399999999999807,-8.E-5));
#8536=CARTESIAN_POINT('',(0.00050552778186119,-0.00018000000000015,-8.E-5));
#8537=CARTESIAN_POINT('',(0.000661055563722698,-0.00018000000000015,-8.E-5));
#8538=CARTESIAN_POINT('',(0.000661055563722698,-0.00018000000000015,-8.E-5));
#8539=CARTESIAN_POINT('',(0.00050552778186119,-0.00018000000000015,-8.E-5));
#8540=CARTESIAN_POINT('',(0.000349999999999682,-0.00018000000000015,-8.E-5));
#8541=CARTESIAN_POINT('',(0.000349999999999682,-0.00018000000000015,-8.E-5));
#8542=CARTESIAN_POINT('',(0.000849999999999682,-0.000400000000000121,-8.E-5));
#8543=CARTESIAN_POINT('',(0.000849999999999682,-0.000400000000000121,-8.E-5));
#8544=CARTESIAN_POINT('',(0.000574999999999818,-0.000675000000000154,-8.E-5));
#8545=CARTESIAN_POINT('',(0.000349999999999682,-0.000675000000000154,-8.E-5));
#8546=CARTESIAN_POINT('',(0.000349999999999682,-0.000675000000000154,-8.E-5));
#8547=CARTESIAN_POINT('',(0.000574999999999818,-0.000675000000000154,-8.E-5));
#8548=CARTESIAN_POINT('',(0.000349999999999682,-0.000427500000000152,-8.E-5));
#8549=CARTESIAN_POINT('',(0.000349999999999682,-0.000427500000000152,-8.E-5));
#8550=CARTESIAN_POINT('',(5.42101086242753E-21,0.,-8.E-5));
#8551=CARTESIAN_POINT('',(0.000850000000000364,-0.000399999999999807,-8.E-5));
#8552=CARTESIAN_POINT('',(0.000849999999999682,0.000399999999999835,-8.E-5));
#8553=CARTESIAN_POINT('',(0.000661055563722698,0.000179999999999865,-8.E-5));
#8554=CARTESIAN_POINT('',(0.000661055563722698,0.000179999999999865,-8.E-5));
#8555=CARTESIAN_POINT('',(0.000849999999999682,0.000399999999999835,-8.E-5));
#8556=CARTESIAN_POINT('',(0.00050552778186119,0.000179999999999836,-8.E-5));
#8557=CARTESIAN_POINT('',(0.000349999999999682,0.000179999999999808,-8.E-5));
#8558=CARTESIAN_POINT('',(0.000349999999999682,0.000179999999999808,-8.E-5));
#8559=CARTESIAN_POINT('',(0.00050552778186119,0.000179999999999836,-8.E-5));
#8560=CARTESIAN_POINT('',(0.000349999999999682,0.00042749999999981,-8.E-5));
#8561=CARTESIAN_POINT('',(0.000349999999999682,0.000674999999999812,-8.E-5));
#8562=CARTESIAN_POINT('',(0.000349999999999682,0.000674999999999812,-8.E-5));
#8563=CARTESIAN_POINT('',(0.000349999999999682,0.00042749999999981,-8.E-5));
#8564=CARTESIAN_POINT('',(0.000574999999999818,0.000674999999999812,-8.E-5));
#8565=CARTESIAN_POINT('',(0.000574999999999818,0.000674999999999812,-8.E-5));
#8566=CARTESIAN_POINT('',(5.42101086242753E-21,0.,-8.E-5));
#8567=CARTESIAN_POINT('',(0.000850000000000364,0.000399999999999807,-8.E-5));
#8568=CARTESIAN_POINT('',(0.000849999999999682,0.000400000000000149,8.E-5));
#8569=CARTESIAN_POINT('',(0.000576667668238997,0.000496899104301349,8.E-5));
#8570=CARTESIAN_POINT('',(0.000576667668238997,0.000496899104301349,8.E-5));
#8571=CARTESIAN_POINT('',(0.000849999999999682,0.000400000000000149,8.E-5));
#8572=CARTESIAN_POINT('',(0.000503333834119303,0.000496899104301349,8.E-5));
#8573=CARTESIAN_POINT('',(0.000429999999999609,0.000496899104301235,8.E-5));
#8574=CARTESIAN_POINT('',(0.000429999999999609,0.000496899104301235,8.E-5));
#8575=CARTESIAN_POINT('',(0.000503333834119303,0.000496899104301349,8.E-5));
#8576=CARTESIAN_POINT('',(0.000429999999999609,0.000585949552151021,8.E-5));
#8577=CARTESIAN_POINT('',(0.000429999999999609,0.000675000000000807,8.E-5));
#8578=CARTESIAN_POINT('',(0.000429999999999609,0.000675000000000807,8.E-5));
#8579=CARTESIAN_POINT('',(0.000429999999999609,0.000585949552151021,8.E-5));
#8580=CARTESIAN_POINT('',(0.000329999999999643,0.000675000000000807,8.E-5));
#8581=CARTESIAN_POINT('',(0.000229999999999677,0.000675000000000807,8.E-5));
#8582=CARTESIAN_POINT('',(0.000229999999999677,0.000675000000000807,8.E-5));
#8583=CARTESIAN_POINT('',(0.000329999999999643,0.000675000000000807,8.E-5));
#8584=CARTESIAN_POINT('',(0.000229999999999677,0.000552500000000691,8.E-5));
#8585=CARTESIAN_POINT('',(0.000229999999999677,0.000430000000000575,8.E-5));
#8586=CARTESIAN_POINT('',(0.000229999999999677,0.000430000000000575,8.E-5));
#8587=CARTESIAN_POINT('',(0.000229999999999677,0.000552500000000691,8.E-5));
#8588=CARTESIAN_POINT('',(0.000139999999999702,0.000430000000000575,8.E-5));
#8589=CARTESIAN_POINT('',(4.99999999997272E-5,0.000430000000000575,8.E-5));
#8590=CARTESIAN_POINT('',(4.99999999997272E-5,0.000430000000000575,8.E-5));
#8591=CARTESIAN_POINT('',(0.000139999999999702,0.000430000000000575,8.E-5));
#8592=CARTESIAN_POINT('',(4.99999999997272E-5,0.000240000000000635,8.E-5));
#8593=CARTESIAN_POINT('',(4.99999999997272E-5,5.00000000006936E-5,8.E-5));
#8594=CARTESIAN_POINT('',(4.99999999997272E-5,5.00000000006936E-5,8.E-5));
#8595=CARTESIAN_POINT('',(4.99999999997272E-5,0.000240000000000635,8.E-5));
#8596=CARTESIAN_POINT('',(0.000239999999999668,5.00000000006936E-5,8.E-5));
#8597=CARTESIAN_POINT('',(0.000429999999999609,5.00000000006936E-5,8.E-5));
#8598=CARTESIAN_POINT('',(0.000429999999999609,5.00000000006936E-5,8.E-5));
#8599=CARTESIAN_POINT('',(0.000239999999999668,5.00000000006936E-5,8.E-5));
#8600=CARTESIAN_POINT('',(0.000429999999999609,0.000198449552150976,8.E-5));
#8601=CARTESIAN_POINT('',(0.000429999999999609,0.000346899104301258,8.E-5));
#8602=CARTESIAN_POINT('',(0.000429999999999609,0.000346899104301258,8.E-5));
#8603=CARTESIAN_POINT('',(0.000429999999999609,0.000198449552150976,8.E-5));
#8604=CARTESIAN_POINT('',(0.000497451503974674,0.000346899104301258,8.E-5));
#8605=CARTESIAN_POINT('',(0.000564903007949738,0.000346899104301258,8.E-5));
#8606=CARTESIAN_POINT('',(0.000564903007949738,0.000346899104301258,8.E-5));
#8607=CARTESIAN_POINT('',(0.000497451503974674,0.000346899104301258,8.E-5));
#8608=CARTESIAN_POINT('',(0.000849999999999682,0.000400000000000148,8.E-5));
#8609=CARTESIAN_POINT('',(0.000849999999999682,0.000400000000000148,8.E-5));
#8610=CARTESIAN_POINT('',(-3.94255335449274E-21,0.,8.E-5));
#8611=CARTESIAN_POINT('',(0.000850000000000364,0.000399999999999807,8.E-5));
#8612=CARTESIAN_POINT('',(0.000850000000000364,0.000399999999999807,0.0001));
#8613=CARTESIAN_POINT('',(0.000850000000000364,-0.000399999999999807,0.0001));
#8614=CARTESIAN_POINT('',(-0.000850000000000364,0.000399999999999807,0.0001));
#8615=CARTESIAN_POINT('',(-0.000850000000000364,-0.000399999999999807,0.0001));
#8616=CARTESIAN_POINT('',(0.000666831597222222,-0.000745,-1.E-5));
#8617=CARTESIAN_POINT('',(0.000675243055555556,-0.000745,-1.E-5));
#8618=CARTESIAN_POINT('',(0.000675243055555556,-0.000745,-1.E-5));
#8619=CARTESIAN_POINT('',(0.000666831597222222,-0.000745,-1.E-5));
#8620=CARTESIAN_POINT('',(0.000658420138888889,-0.000745,-1.E-5));
#8621=CARTESIAN_POINT('',(0.000658420138888889,-0.000745,-1.E-5));
#8622=CARTESIAN_POINT('',(0.000675243055555556,-0.000745,2.26649305555555E-5));
#8623=CARTESIAN_POINT('',(0.000675243055555556,-0.000745,5.53298611111111E-5));
#8624=CARTESIAN_POINT('',(0.000675243055555556,-0.000745,5.53298611111111E-5));
#8625=CARTESIAN_POINT('',(0.000675243055555556,-0.000745,2.26649305555555E-5));
#8626=CARTESIAN_POINT('',(0.000686006944444445,-0.000745,5.53298611111111E-5));
#8627=CARTESIAN_POINT('',(0.000696770833333333,-0.000745,5.53298611111111E-5));
#8628=CARTESIAN_POINT('',(0.000696770833333333,-0.000745,5.53298611111111E-5));
#8629=CARTESIAN_POINT('',(0.000686006944444445,-0.000745,5.53298611111111E-5));
#8630=CARTESIAN_POINT('',(0.000696770833333333,-0.000745,6.23263888888888E-5));
#8631=CARTESIAN_POINT('',(0.000696770833333333,-0.000745,6.93229166666666E-5));
#8632=CARTESIAN_POINT('',(0.000696770833333333,-0.000745,6.93229166666666E-5));
#8633=CARTESIAN_POINT('',(0.000696770833333333,-0.000745,6.23263888888888E-5));
#8634=CARTESIAN_POINT('',(0.000666822916666667,-0.000745,6.93229166666666E-5));
#8635=CARTESIAN_POINT('',(0.000636875,-0.000745,6.93229166666666E-5));
#8636=CARTESIAN_POINT('',(0.000636875,-0.000745,6.93229166666666E-5));
#8637=CARTESIAN_POINT('',(0.000666822916666667,-0.000745,6.93229166666666E-5));
#8638=CARTESIAN_POINT('',(0.000636875,-0.000745,6.23263888888888E-5));
#8639=CARTESIAN_POINT('',(0.000636875,-0.000745,5.5329861111111E-5));
#8640=CARTESIAN_POINT('',(0.000636875,-0.000745,5.5329861111111E-5));
#8641=CARTESIAN_POINT('',(0.000636875,-0.000745,6.23263888888888E-5));
#8642=CARTESIAN_POINT('',(0.000647647569444445,-0.000745,5.5329861111111E-5));
#8643=CARTESIAN_POINT('',(0.000658420138888889,-0.000745,5.53298611111111E-5));
#8644=CARTESIAN_POINT('',(0.000658420138888889,-0.000745,5.53298611111111E-5));
#8645=CARTESIAN_POINT('',(0.000647647569444445,-0.000745,5.5329861111111E-5));
#8646=CARTESIAN_POINT('',(0.000658420138888889,-0.000745,2.26649305555555E-5));
#8647=CARTESIAN_POINT('',(0.000658420138888889,-0.000745,2.26649305555555E-5));
#8648=CARTESIAN_POINT('',(0.,-0.000745,-8.67361737988404E-19));
#8649=CARTESIAN_POINT('',(0.000604282218296034,-0.000745,2.72287662434395E-5));
#8650=CARTESIAN_POINT('',(0.000604282218296034,-0.00075,2.72287662434395E-5));
#8651=CARTESIAN_POINT('',(0.000570439966426615,-0.00075,2.97685971077652E-5));
#8652=CARTESIAN_POINT('',(0.00057529433030185,-0.00075,9.71469446862521E-6));
#8653=CARTESIAN_POINT('',(0.000570440246181054,-0.000745,2.97648685675341E-5));
#8654=CARTESIAN_POINT('',(0.000570439966426615,-0.000745,2.97685971077652E-5));
#8655=CARTESIAN_POINT('',(0.000604282218296034,-0.000745,2.72287662434395E-5));
#8656=CARTESIAN_POINT('',(0.00057529588738756,-0.000745,9.71239003232093E-6));
#8657=CARTESIAN_POINT('',(0.000575355902777778,-0.000745,9.74826388888881E-6));
#8658=CARTESIAN_POINT('',(0.000604083378987206,-0.000745,3.22970614984446E-5));
#8659=CARTESIAN_POINT('',(0.000604083378987206,-0.00075,3.22970614984446E-5));
#8660=CARTESIAN_POINT('',(0.000575347138190425,-0.00075,4.98424948749202E-5));
#8661=CARTESIAN_POINT('',(0.000575407986111111,-0.000745,4.98090277777777E-5));
#8662=CARTESIAN_POINT('',(0.000575347138190425,-0.000745,4.98424948749202E-5));
#8663=CARTESIAN_POINT('',(0.000604083378987206,-0.000745,3.22970614984446E-5));
#8664=CARTESIAN_POINT('',(0.000589247614922862,-0.000745,3.87621710123582E-5));
#8665=CARTESIAN_POINT('',(0.000589247614922862,-0.00075,3.87621710123582E-5));
#8666=CARTESIAN_POINT('',(0.000590547524560542,-0.00075,5.67441397657888E-5));
#8667=CARTESIAN_POINT('',(0.000590538194444445,-0.000745,5.65625E-5));
#8668=CARTESIAN_POINT('',(0.000590547524560542,-0.000745,5.67441397657888E-5));
#8669=CARTESIAN_POINT('',(0.000589247614922862,-0.000745,3.87621710123582E-5));
#8670=CARTESIAN_POINT('',(0.000589357909378051,-0.000745,3.58283001657229E-5));
#8671=CARTESIAN_POINT('',(0.000589357909378051,-0.00075,3.58283001657229E-5));
#8672=CARTESIAN_POINT('',(0.000610555555555556,-0.00075,2.97743055555555E-5));
#8673=CARTESIAN_POINT('',(0.000609698080285093,-0.000745,2.97904339423088E-5));
#8674=CARTESIAN_POINT('',(0.000610555555555556,-0.000745,2.97743055555555E-5));
#8675=CARTESIAN_POINT('',(0.000589357909378051,-0.000745,3.58283001657229E-5));
#8676=CARTESIAN_POINT('',(0.000589363756861063,-0.000745,2.37667506935431E-5));
#8677=CARTESIAN_POINT('',(0.000589363756861063,-0.00075,2.37667506935431E-5));
#8678=CARTESIAN_POINT('',(0.000590439548923438,-0.00075,2.84787316691014E-6));
#8679=CARTESIAN_POINT('',(0.000590434027777778,-0.000745,3.02083333333326E-6));
#8680=CARTESIAN_POINT('',(0.000590439548923438,-0.000745,2.84787316691014E-6));
#8681=CARTESIAN_POINT('',(0.000589363756861063,-0.000745,2.37667506935431E-5));
#8682=CARTESIAN_POINT('',(0.000577676014079811,-0.000745,2.79023781217992E-5));
#8683=CARTESIAN_POINT('',(0.000628194444444445,-0.000745,2.97743055555555E-5));
#8684=CARTESIAN_POINT('',(0.000628101802127676,-0.000745,2.97769805985301E-5));
#8685=CARTESIAN_POINT('',(0.000577676014079811,-0.000745,2.79023781217992E-5));
#8686=CARTESIAN_POINT('',(0.000623255369987968,-0.000745000000018555,6.28984189055532E-6));
#8687=CARTESIAN_POINT('',(0.000623229166666667,-0.000745,6.30208333333326E-6));
#8688=CARTESIAN_POINT('',(0.000584524043229813,-0.000745,3.30024591655037E-5));
#8689=CARTESIAN_POINT('',(0.000618837724514846,-0.000745,5.99084439546151E-5));
#8690=CARTESIAN_POINT('',(0.000618837724514995,-0.000745,5.99084439535559E-5));
#8691=CARTESIAN_POINT('',(0.000584524043229813,-0.000745,3.30024591655037E-5));
#8692=CARTESIAN_POINT('',(0.00059321272719601,-0.000745,3.42213065167874E-5));
#8693=CARTESIAN_POINT('',(0.000590558713328603,-0.000745,7.04072945201382E-5));
#8694=CARTESIAN_POINT('',(0.000590555483800537,-0.000745,7.0407528876799E-5));
#8695=CARTESIAN_POINT('',(0.00059321272719601,-0.000745,3.42213065167874E-5));
#8696=CARTESIAN_POINT('',(0.000587879636754949,-0.000745,3.37122756341998E-5));
#8697=CARTESIAN_POINT('',(0.000562100996718467,-0.000745,5.99642008998157E-5));
#8698=CARTESIAN_POINT('',(0.000562100996718397,-0.000745,5.99642008988374E-5));
#8699=CARTESIAN_POINT('',(0.000587879636754949,-0.000745,3.37122756341998E-5));
#8700=CARTESIAN_POINT('',(0.000595834084587467,-0.000745,3.31465182124359E-5));
#8701=CARTESIAN_POINT('',(0.000552861578815547,-0.000745,2.99103059742155E-5));
#8702=CARTESIAN_POINT('',(0.000552861325695452,-0.000745,2.99068975667107E-5));
#8703=CARTESIAN_POINT('',(0.000595834084587467,-0.000745,3.31465182124359E-5));
#8704=CARTESIAN_POINT('',(0.000596418398959219,-0.000745,2.66527764605616E-5));
#8705=CARTESIAN_POINT('',(0.000562072362514851,-0.000745,-3.31623848534482E-7));
#8706=CARTESIAN_POINT('',(0.000562072362514701,-0.000745,-3.3162384756325E-7));
#8707=CARTESIAN_POINT('',(0.000596418398959219,-0.000745,2.66527764605616E-5));
#8708=CARTESIAN_POINT('',(0.000587823852520556,-0.000745,2.53269647478947E-5));
#8709=CARTESIAN_POINT('',(0.000590434027777778,-0.000745,-1.109375E-5));
#8710=CARTESIAN_POINT('',(0.000590428249993936,-0.00074500025,-1.10131305026715E-5));
#8711=CARTESIAN_POINT('',(0.000587823852520556,-0.000745,2.53269647478947E-5));
#8712=CARTESIAN_POINT('',(0.000591059027777778,-0.000745,-1.109375E-5));
#8713=CARTESIAN_POINT('',(0.000591684027777778,-0.000745,-1.109375E-5));
#8714=CARTESIAN_POINT('',(0.000591684027777778,-0.000745,-1.109375E-5));
#8715=CARTESIAN_POINT('',(0.000591059027777778,-0.000745,-1.109375E-5));
#8716=CARTESIAN_POINT('',(0.000598949652777778,-0.000745,-1.99913194444445E-5));
#8717=CARTESIAN_POINT('',(0.000606215277777778,-0.000745,-2.88888888888889E-5));
#8718=CARTESIAN_POINT('',(0.000606215277777778,-0.000745,-2.88888888888889E-5));
#8719=CARTESIAN_POINT('',(0.000598949652777778,-0.000745,-1.99913194444445E-5));
#8720=CARTESIAN_POINT('',(0.000616987847222222,-0.000745,-2.88888888888889E-5));
#8721=CARTESIAN_POINT('',(0.000627760416666667,-0.000745,-2.88888888888889E-5));
#8722=CARTESIAN_POINT('',(0.000627760416666667,-0.000745,-2.88888888888889E-5));
#8723=CARTESIAN_POINT('',(0.000616987847222222,-0.000745,-2.88888888888889E-5));
#8724=CARTESIAN_POINT('',(0.000618211805555556,-0.000745,-1.82204861111112E-5));
#8725=CARTESIAN_POINT('',(0.000608663194444445,-0.000745,-7.5520833333334E-6));
#8726=CARTESIAN_POINT('',(0.000608661767396761,-0.000745,-7.55048893187523E-6));
#8727=CARTESIAN_POINT('',(0.000618211805555556,-0.000745,-1.82204861111112E-5));
#8728=CARTESIAN_POINT('',(0.000596288401941365,-0.000745,2.00261564491779E-5));
#8729=CARTESIAN_POINT('',(0.000596288401941365,-0.000745,2.00261564491779E-5));
#8730=CARTESIAN_POINT('',(0.000589118015838155,-0.000745,2.07111680363117E-5));
#8731=CARTESIAN_POINT('',(0.000589118015838155,-0.00075,2.07111680363117E-5));
#8732=CARTESIAN_POINT('',(0.000589118015838155,-0.000745,2.07111680363117E-5));
#8733=CARTESIAN_POINT('',(0.,-0.000745,-8.67361737988404E-19));
#8734=CARTESIAN_POINT('',(0.000725798611111111,-0.000745,1.42274305555555E-5));
#8735=CARTESIAN_POINT('',(0.000725798611111111,-0.00075,1.42274305555555E-5));
#8736=CARTESIAN_POINT('',(0.000725798611111111,-0.00075,2.45659722222222E-5));
#8737=CARTESIAN_POINT('',(0.000725798611111111,-0.00075,3.88888888888885E-6));
#8738=CARTESIAN_POINT('',(0.000725798611111111,-0.000745,2.45659722222222E-5));
#8739=CARTESIAN_POINT('',(0.000725798611111111,-0.000745,2.45659722222222E-5));
#8740=CARTESIAN_POINT('',(0.000725798611111111,-0.000745,1.42274305555555E-5));
#8741=CARTESIAN_POINT('',(0.000725798611111111,-0.000745,3.88888888888885E-6));
#8742=CARTESIAN_POINT('',(0.000725798611111111,-0.000745,3.88888888888885E-6));
#8743=CARTESIAN_POINT('',(0.000731006944444445,-0.000745,2.45659722222222E-5));
#8744=CARTESIAN_POINT('',(0.000731006944444445,-0.00075,2.45659722222222E-5));
#8745=CARTESIAN_POINT('',(0.00073628373421531,-0.00075,2.43409803050538E-5));
#8746=CARTESIAN_POINT('',(0.000736215277777778,-0.000745,2.45659722222222E-5));
#8747=CARTESIAN_POINT('',(0.00073628373421531,-0.000745,2.43409803050538E-5));
#8748=CARTESIAN_POINT('',(0.000731006944444445,-0.000745,2.45659722222222E-5));
#8749=CARTESIAN_POINT('',(0.00073958467836323,-0.000745,1.34919531122806E-5));
#8750=CARTESIAN_POINT('',(0.00073958467836323,-0.00075,1.34919531122806E-5));
#8751=CARTESIAN_POINT('',(0.000750437881793328,-0.00075,1.47040896330591E-5));
#8752=CARTESIAN_POINT('',(0.0007503125,-0.000745,1.46875E-5));
#8753=CARTESIAN_POINT('',(0.000750437881793328,-0.000745,1.47040896330591E-5));
#8754=CARTESIAN_POINT('',(0.00073958467836323,-0.000745,1.34919531122806E-5));
#8755=CARTESIAN_POINT('',(0.000740422079813161,-0.000745,1.38355245915248E-5));
#8756=CARTESIAN_POINT('',(0.000740422079813161,-0.00075,1.38355245915248E-5));
#8757=CARTESIAN_POINT('',(0.000746874704211195,-0.00075,6.36800685374797E-6));
#8758=CARTESIAN_POINT('',(0.000746874704212782,-0.000745,6.36800685428196E-6));
#8759=CARTESIAN_POINT('',(0.000746874704211195,-0.000745,6.36800685374797E-6));
#8760=CARTESIAN_POINT('',(0.000740422079813161,-0.000745,1.38355245915248E-5));
#8761=CARTESIAN_POINT('',(0.000738143243169483,-0.000745,2.06089041700857E-5));
#8762=CARTESIAN_POINT('',(0.000738143243169483,-0.00075,2.06089041700857E-5));
#8763=CARTESIAN_POINT('',(0.000736756501378608,-0.00075,3.92533197411112E-6));
#8764=CARTESIAN_POINT('',(0.000736753472222222,-0.000745,3.88888888888886E-6));
#8765=CARTESIAN_POINT('',(0.000736756501378608,-0.00074500025,3.92533197411112E-6));
#8766=CARTESIAN_POINT('',(0.000738143243169483,-0.000745,2.06089041700857E-5));
#8767=CARTESIAN_POINT('',(0.000730677083333333,-0.000745,3.78993055555555E-5));
#8768=CARTESIAN_POINT('',(0.000730677083333333,-0.00075,3.78993055555555E-5));
#8769=CARTESIAN_POINT('',(0.000725798611111111,-0.00075,3.78993055555556E-5));
#8770=CARTESIAN_POINT('',(0.000735558296717377,-0.00075,3.79336059220504E-5));
#8771=CARTESIAN_POINT('',(0.000725798611111111,-0.000745,3.78993055555556E-5));
#8772=CARTESIAN_POINT('',(0.000725798611111111,-0.000745,3.78993055555556E-5));
#8773=CARTESIAN_POINT('',(0.000730677083333333,-0.000745,3.78993055555555E-5));
#8774=CARTESIAN_POINT('',(0.000735558296717377,-0.00074500025,3.79336059220504E-5));
#8775=CARTESIAN_POINT('',(0.000735555555555556,-0.000745,3.78993055555555E-5));
#8776=CARTESIAN_POINT('',(0.000725798611111111,-0.000745,4.671875E-5));
#8777=CARTESIAN_POINT('',(0.000725798611111111,-0.00075,4.671875E-5));
#8778=CARTESIAN_POINT('',(0.000725798611111111,-0.00075,5.55381944444444E-5));
#8779=CARTESIAN_POINT('',(0.000725798611111111,-0.000745,5.55381944444444E-5));
#8780=CARTESIAN_POINT('',(0.000725798611111111,-0.000745,5.55381944444444E-5));
#8781=CARTESIAN_POINT('',(0.000725798611111111,-0.000745,4.671875E-5));
#8782=CARTESIAN_POINT('',(0.000730217013888889,-0.000745,5.55381944444444E-5));
#8783=CARTESIAN_POINT('',(0.000730217013888889,-0.00075,5.55381944444444E-5));
#8784=CARTESIAN_POINT('',(0.000734637648746007,-0.00075,5.55063164169581E-5));
#8785=CARTESIAN_POINT('',(0.000734635416666667,-0.000745,5.55381944444444E-5));
#8786=CARTESIAN_POINT('',(0.000734637648746007,-0.000745,5.55063164169581E-5));
#8787=CARTESIAN_POINT('',(0.000730217013888889,-0.000745,5.55381944444444E-5));
#8788=CARTESIAN_POINT('',(0.000736202927733148,-0.000745,3.31513733471917E-5));
#8789=CARTESIAN_POINT('',(0.000736202927733148,-0.00075,3.31513733471917E-5));
#8790=CARTESIAN_POINT('',(0.000744807976017427,-0.00075,5.3808466379525E-5));
#8791=CARTESIAN_POINT('',(0.000744807976019051,-0.000745,5.38084663789307E-5));
#8792=CARTESIAN_POINT('',(0.000744807976017427,-0.000745,5.3808466379525E-5));
#8793=CARTESIAN_POINT('',(0.000736202927733148,-0.000745,3.31513733471917E-5));
#8794=CARTESIAN_POINT('',(0.000741504491500095,-0.000745,4.76358032474122E-5));
#8795=CARTESIAN_POINT('',(0.000741504491500095,-0.00075,4.76358032474122E-5));
#8796=CARTESIAN_POINT('',(0.000748471208947031,-0.00075,4.69432513515896E-5));
#8797=CARTESIAN_POINT('',(0.000748471208948273,-0.000745,4.69432513507713E-5));
#8798=CARTESIAN_POINT('',(0.000748471208947031,-0.000745,4.69432513515896E-5));
#8799=CARTESIAN_POINT('',(0.000741504491500095,-0.000745,4.76358032474122E-5));
#8800=CARTESIAN_POINT('',(0.000740565189530983,-0.000745,4.62096966602804E-5));
#8801=CARTESIAN_POINT('',(0.000740565189530983,-0.00075,4.62096966602804E-5));
#8802=CARTESIAN_POINT('',(0.000745331553584742,-0.00075,3.9859498301382E-5));
#8803=CARTESIAN_POINT('',(0.000745331553587964,-0.000745,3.98594983024854E-5));
#8804=CARTESIAN_POINT('',(0.000745331553584742,-0.000745,3.9859498301382E-5));
#8805=CARTESIAN_POINT('',(0.000740565189530983,-0.000745,4.62096966602804E-5));
#8806=CARTESIAN_POINT('',(0.000721319444444445,-0.000745,6.93229166666666E-5));
#8807=CARTESIAN_POINT('',(0.000708975694444445,-0.000745,6.93229166666666E-5));
#8808=CARTESIAN_POINT('',(0.000708975694444445,-0.000745,6.93229166666666E-5));
#8809=CARTESIAN_POINT('',(0.000721319444444445,-0.000745,6.93229166666666E-5));
#8810=CARTESIAN_POINT('',(0.000733669047890932,-0.00074500025,6.92441343285607E-5));
#8811=CARTESIAN_POINT('',(0.000733663194444444,-0.000745,6.93229166666666E-5));
#8812=CARTESIAN_POINT('',(0.000708975694444445,-0.000745,2.96614583333333E-5));
#8813=CARTESIAN_POINT('',(0.000708975694444445,-0.000745,-1.E-5));
#8814=CARTESIAN_POINT('',(0.000708975694444445,-0.000745,-1.E-5));
#8815=CARTESIAN_POINT('',(0.000708975694444445,-0.000745,2.96614583333333E-5));
#8816=CARTESIAN_POINT('',(0.000723810763888889,-0.000745,-1.E-5));
#8817=CARTESIAN_POINT('',(0.000738645833333333,-0.000745,-1.E-5));
#8818=CARTESIAN_POINT('',(0.000738648954013991,-0.000745,-9.9481002348466E-6));
#8819=CARTESIAN_POINT('',(0.000723810763888889,-0.000745,-1.E-5));
#8820=CARTESIAN_POINT('',(0.000740708384153594,-0.000745,2.43021010190258E-5));
#8821=CARTESIAN_POINT('',(0.000759947916666667,-0.000745,-3.92361111111114E-6));
#8822=CARTESIAN_POINT('',(0.000759975770144754,-0.000745,-3.96581137653209E-6));
#8823=CARTESIAN_POINT('',(0.000740708384153594,-0.000745,2.43021010190258E-5));
#8824=CARTESIAN_POINT('',(0.000747619849515693,-0.000745,1.19775590671014E-5));
#8825=CARTESIAN_POINT('',(0.000767737306454489,-0.000745,1.29487167563823E-5));
#8826=CARTESIAN_POINT('',(0.000767737178375039,-0.000745,1.2951300977916E-5));
#8827=CARTESIAN_POINT('',(0.000747619849515693,-0.000745,1.19775590671014E-5));
#8828=CARTESIAN_POINT('',(0.000747137327258948,-0.000745,1.41445884448268E-5));
#8829=CARTESIAN_POINT('',(0.000764450669753422,-0.000745,2.53712274620222E-5));
#8830=CARTESIAN_POINT('',(0.000764450669753416,-0.000745,2.53712274618508E-5));
#8831=CARTESIAN_POINT('',(0.000747137327258948,-0.000745,1.41445884448268E-5));
#8832=CARTESIAN_POINT('',(0.000750901885243502,-0.000745,1.40269813913324E-5));
#8833=CARTESIAN_POINT('',(0.000753576388888889,-0.000745,3.14943369683139E-5));
#8834=CARTESIAN_POINT('',(0.000753576388888889,-0.000745,3.14943369682946E-5));
#8835=CARTESIAN_POINT('',(0.000750901885243502,-0.000745,1.40269813913324E-5));
#8836=CARTESIAN_POINT('',(0.000753576388888889,-0.000745,3.18315972222222E-5));
#8837=CARTESIAN_POINT('',(0.000753576388888889,-0.000745,3.21006944444444E-5));
#8838=CARTESIAN_POINT('',(0.000753576388888889,-0.000745,3.21006944444444E-5));
#8839=CARTESIAN_POINT('',(0.000753576388888889,-0.000745,3.18315972222222E-5));
#8840=CARTESIAN_POINT('',(0.000751591284451201,-0.000745,4.52333756042247E-5));
#8841=CARTESIAN_POINT('',(0.000762447916666667,-0.000745,3.7578125E-5));
#8842=CARTESIAN_POINT('',(0.000762460910804883,-0.000745,3.7569531415884E-5));
#8843=CARTESIAN_POINT('',(0.000762684062047341,-0.000745,3.79009800126396E-5));
#8844=CARTESIAN_POINT('',(0.000762565989357004,-0.000745,3.77395525063198E-5));
#8845=CARTESIAN_POINT('',(0.000762447916666667,-0.000745,3.7578125E-5));
#8846=CARTESIAN_POINT('',(0.000759114583333333,-0.000745,3.30208333333333E-5));
#8847=CARTESIAN_POINT('',(0.000753576388888889,-0.000745,3.21006944444444E-5));
#8848=CARTESIAN_POINT('',(0.000746390021391131,-0.000745,4.83395270839929E-5));
#8849=CARTESIAN_POINT('',(0.000765713513957534,-0.000745,4.96746513621831E-5));
#8850=CARTESIAN_POINT('',(0.000765713513957194,-0.000745,4.96746513625849E-5));
#8851=CARTESIAN_POINT('',(0.000746390021391131,-0.000745,4.83395270839929E-5));
#8852=CARTESIAN_POINT('',(0.000749058536621941,-0.000745,5.06015199507493E-5));
#8853=CARTESIAN_POINT('',(0.000758159722222222,-0.000745,6.45225694444444E-5));
#8854=CARTESIAN_POINT('',(0.000758204325470286,-0.000745,6.46087652654653E-5));
#8855=CARTESIAN_POINT('',(0.000749058536621941,-0.000745,5.06015199507493E-5));
#8856=CARTESIAN_POINT('',(0.000737041908866753,-0.000745,5.64981576639174E-5));
#8857=CARTESIAN_POINT('',(0.000737041908866753,-0.00075,5.64981576639174E-5));
#8858=CARTESIAN_POINT('',(0.000737041908866753,-0.000745,5.64981576639174E-5));
#8859=CARTESIAN_POINT('',(0.000737355825639489,-0.000745,1.96232875823435E-5));
#8860=CARTESIAN_POINT('',(0.000737355825639489,-0.000745,1.96232875823435E-5));
#8861=CARTESIAN_POINT('',(0.000731276041666667,-0.000745,3.88888888888886E-6));
#8862=CARTESIAN_POINT('',(0.000731276041666667,-0.00075,3.88888888888886E-6));
#8863=CARTESIAN_POINT('',(0.000731276041666667,-0.000745,3.88888888888886E-6));
#8864=CARTESIAN_POINT('',(0.,-0.000745,-8.67361737988404E-19));
#8865=CARTESIAN_POINT('',(0.,-0.00075,0.0002));
#8866=CARTESIAN_POINT('',(0.,-0.00075,0.0002));
#8867=CARTESIAN_POINT('',(0.,-0.00075,0.0002));
#8868=CARTESIAN_POINT('',(8.E-6,0.,0.0001));
#8869=CARTESIAN_POINT('',(0.00064999999999975,-1.99498098324529E-16,-8.E-5));
#8870=CARTESIAN_POINT('',(0.00064999999999975,-1.99498098324529E-16,-8.E-5));
#8871=CARTESIAN_POINT('',(0.00056999999999975,-1.99498098324529E-16,-8.E-5));
#8872=CARTESIAN_POINT('',(0.00064999999999975,-1.99498098324529E-16,-0.0001));
#8873=CARTESIAN_POINT('',(0.00056999999999975,-1.99498098324529E-16,-0.0001));
#8874=CARTESIAN_POINT('',(5.42101086242753E-21,0.,-8.E-5));
#8875=CARTESIAN_POINT('',(6.77626357803441E-21,0.,-0.0001));
#8876=CARTESIAN_POINT('',(8.E-6,0.,0.0001));
#8877=MECHANICAL_DESIGN_GEOMETRIC_PRESENTATION_REPRESENTATION('',(#5329,
#5330,#5331,#5332,#5333,#5334,#5335,#5336),#8878);
#8878=(
GEOMETRIC_REPRESENTATION_CONTEXT(3)
GLOBAL_UNCERTAINTY_ASSIGNED_CONTEXT((#8887))
GLOBAL_UNIT_ASSIGNED_CONTEXT((#8898,#8897,#8896))
REPRESENTATION_CONTEXT('QBLP600L-RGB-3189','TOP_LEVEL_ASSEMBLY_PART')
);
#8879=(
GEOMETRIC_REPRESENTATION_CONTEXT(3)
GLOBAL_UNCERTAINTY_ASSIGNED_CONTEXT((#8888))
GLOBAL_UNIT_ASSIGNED_CONTEXT((#8898,#8897,#8896))
REPRESENTATION_CONTEXT('3 - PM, Top','COMPONENT_PART')
);
#8880=(
GEOMETRIC_REPRESENTATION_CONTEXT(3)
GLOBAL_UNCERTAINTY_ASSIGNED_CONTEXT((#8889))
GLOBAL_UNIT_ASSIGNED_CONTEXT((#8898,#8897,#8896))
REPRESENTATION_CONTEXT('8 - Term 2','COMPONENT_PART')
);
#8881=(
GEOMETRIC_REPRESENTATION_CONTEXT(3)
GLOBAL_UNCERTAINTY_ASSIGNED_CONTEXT((#8890))
GLOBAL_UNIT_ASSIGNED_CONTEXT((#8898,#8897,#8896))
REPRESENTATION_CONTEXT('2 - Lens','COMPONENT_PART')
);
#8882=(
GEOMETRIC_REPRESENTATION_CONTEXT(3)
GLOBAL_UNCERTAINTY_ASSIGNED_CONTEXT((#8891))
GLOBAL_UNIT_ASSIGNED_CONTEXT((#8898,#8897,#8896))
REPRESENTATION_CONTEXT('7 - Term 1','COMPONENT_PART')
);
#8883=(
GEOMETRIC_REPRESENTATION_CONTEXT(3)
GLOBAL_UNCERTAINTY_ASSIGNED_CONTEXT((#8892))
GLOBAL_UNIT_ASSIGNED_CONTEXT((#8898,#8897,#8896))
REPRESENTATION_CONTEXT('5 - Term 3','COMPONENT_PART')
);
#8884=(
GEOMETRIC_REPRESENTATION_CONTEXT(3)
GLOBAL_UNCERTAINTY_ASSIGNED_CONTEXT((#8893))
GLOBAL_UNIT_ASSIGNED_CONTEXT((#8898,#8897,#8896))
REPRESENTATION_CONTEXT('6 - Term 4','COMPONENT_PART')
);
#8885=(
GEOMETRIC_REPRESENTATION_CONTEXT(3)
GLOBAL_UNCERTAINTY_ASSIGNED_CONTEXT((#8894))
GLOBAL_UNIT_ASSIGNED_CONTEXT((#8898,#8897,#8896))
REPRESENTATION_CONTEXT('1 - Sub','COMPONENT_PART')
);
#8886=(
GEOMETRIC_REPRESENTATION_CONTEXT(3)
GLOBAL_UNCERTAINTY_ASSIGNED_CONTEXT((#8895))
GLOBAL_UNIT_ASSIGNED_CONTEXT((#8898,#8897,#8896))
REPRESENTATION_CONTEXT('4 - PM, Bot','COMPONENT_PART')
);
#8887=UNCERTAINTY_MEASURE_WITH_UNIT(LENGTH_MEASURE(1.E-8),#8898,
'DISTANCE_ACCURACY_VALUE','Maximum Tolerance applied to model');
#8888=UNCERTAINTY_MEASURE_WITH_UNIT(LENGTH_MEASURE(1.E-8),#8898,
'DISTANCE_ACCURACY_VALUE','Maximum Tolerance applied to model');
#8889=UNCERTAINTY_MEASURE_WITH_UNIT(LENGTH_MEASURE(1.E-8),#8898,
'DISTANCE_ACCURACY_VALUE','Maximum Tolerance applied to model');
#8890=UNCERTAINTY_MEASURE_WITH_UNIT(LENGTH_MEASURE(1.E-8),#8898,
'DISTANCE_ACCURACY_VALUE','Maximum Tolerance applied to model');
#8891=UNCERTAINTY_MEASURE_WITH_UNIT(LENGTH_MEASURE(1.E-8),#8898,
'DISTANCE_ACCURACY_VALUE','Maximum Tolerance applied to model');
#8892=UNCERTAINTY_MEASURE_WITH_UNIT(LENGTH_MEASURE(1.E-8),#8898,
'DISTANCE_ACCURACY_VALUE','Maximum Tolerance applied to model');
#8893=UNCERTAINTY_MEASURE_WITH_UNIT(LENGTH_MEASURE(1.E-8),#8898,
'DISTANCE_ACCURACY_VALUE','Maximum Tolerance applied to model');
#8894=UNCERTAINTY_MEASURE_WITH_UNIT(LENGTH_MEASURE(2.E-6),#8898,
'DISTANCE_ACCURACY_VALUE','Maximum Tolerance applied to model');
#8895=UNCERTAINTY_MEASURE_WITH_UNIT(LENGTH_MEASURE(1.E-8),#8898,
'DISTANCE_ACCURACY_VALUE','Maximum Tolerance applied to model');
#8896=(
NAMED_UNIT(*)
SI_UNIT($,.STERADIAN.)
SOLID_ANGLE_UNIT()
);
#8897=(
NAMED_UNIT(*)
PLANE_ANGLE_UNIT()
SI_UNIT($,.RADIAN.)
);
#8898=(
LENGTH_UNIT()
NAMED_UNIT(*)
SI_UNIT($,.METRE.)
);
#8899=PRODUCT_DEFINITION_SHAPE('','',#8916);
#8900=PRODUCT_DEFINITION_SHAPE('','',#8917);
#8901=PRODUCT_DEFINITION_SHAPE(' ','NAUO PRDDFN',#1230);
#8902=PRODUCT_DEFINITION_SHAPE('','',#8918);
#8903=PRODUCT_DEFINITION_SHAPE(' ','NAUO PRDDFN',#1231);
#8904=PRODUCT_DEFINITION_SHAPE('','',#8919);
#8905=PRODUCT_DEFINITION_SHAPE(' ','NAUO PRDDFN',#1232);
#8906=PRODUCT_DEFINITION_SHAPE('','',#8920);
#8907=PRODUCT_DEFINITION_SHAPE(' ','NAUO PRDDFN',#1233);
#8908=PRODUCT_DEFINITION_SHAPE('','',#8921);
#8909=PRODUCT_DEFINITION_SHAPE(' ','NAUO PRDDFN',#1234);
#8910=PRODUCT_DEFINITION_SHAPE('','',#8922);
#8911=PRODUCT_DEFINITION_SHAPE(' ','NAUO PRDDFN',#1235);
#8912=PRODUCT_DEFINITION_SHAPE('','',#8923);
#8913=PRODUCT_DEFINITION_SHAPE(' ','NAUO PRDDFN',#1236);
#8914=PRODUCT_DEFINITION_SHAPE('','',#8924);
#8915=PRODUCT_DEFINITION_SHAPE(' ','NAUO PRDDFN',#1237);
#8916=PRODUCT_DEFINITION('','',#8934,#8925);
#8917=PRODUCT_DEFINITION('','',#8935,#8926);
#8918=PRODUCT_DEFINITION('','',#8936,#8927);
#8919=PRODUCT_DEFINITION('','',#8937,#8928);
#8920=PRODUCT_DEFINITION('','',#8938,#8929);
#8921=PRODUCT_DEFINITION('','',#8939,#8930);
#8922=PRODUCT_DEFINITION('','',#8940,#8931);
#8923=PRODUCT_DEFINITION('','',#8941,#8932);
#8924=PRODUCT_DEFINITION('','',#8942,#8933);
#8925=PRODUCT_DEFINITION_CONTEXT('',#8980,'design');
#8926=PRODUCT_DEFINITION_CONTEXT('',#8980,'design');
#8927=PRODUCT_DEFINITION_CONTEXT('',#8980,'design');
#8928=PRODUCT_DEFINITION_CONTEXT('',#8980,'design');
#8929=PRODUCT_DEFINITION_CONTEXT('',#8980,'design');
#8930=PRODUCT_DEFINITION_CONTEXT('',#8980,'design');
#8931=PRODUCT_DEFINITION_CONTEXT('',#8980,'design');
#8932=PRODUCT_DEFINITION_CONTEXT('',#8980,'design');
#8933=PRODUCT_DEFINITION_CONTEXT('',#8980,'design');
#8934=PRODUCT_DEFINITION_FORMATION_WITH_SPECIFIED_SOURCE('','',#8952,
 .NOT_KNOWN.);
#8935=PRODUCT_DEFINITION_FORMATION_WITH_SPECIFIED_SOURCE('','',#8953,
 .NOT_KNOWN.);
#8936=PRODUCT_DEFINITION_FORMATION_WITH_SPECIFIED_SOURCE('','',#8954,
 .NOT_KNOWN.);
#8937=PRODUCT_DEFINITION_FORMATION_WITH_SPECIFIED_SOURCE('','',#8955,
 .NOT_KNOWN.);
#8938=PRODUCT_DEFINITION_FORMATION_WITH_SPECIFIED_SOURCE('','',#8956,
 .NOT_KNOWN.);
#8939=PRODUCT_DEFINITION_FORMATION_WITH_SPECIFIED_SOURCE('','',#8957,
 .NOT_KNOWN.);
#8940=PRODUCT_DEFINITION_FORMATION_WITH_SPECIFIED_SOURCE('','',#8958,
 .NOT_KNOWN.);
#8941=PRODUCT_DEFINITION_FORMATION_WITH_SPECIFIED_SOURCE('','',#8959,
 .NOT_KNOWN.);
#8942=PRODUCT_DEFINITION_FORMATION_WITH_SPECIFIED_SOURCE('','',#8960,
 .NOT_KNOWN.);
#8943=PRODUCT_RELATED_PRODUCT_CATEGORY('','',(#8952));
#8944=PRODUCT_RELATED_PRODUCT_CATEGORY('','',(#8953));
#8945=PRODUCT_RELATED_PRODUCT_CATEGORY('','',(#8954));
#8946=PRODUCT_RELATED_PRODUCT_CATEGORY('','',(#8955));
#8947=PRODUCT_RELATED_PRODUCT_CATEGORY('','',(#8956));
#8948=PRODUCT_RELATED_PRODUCT_CATEGORY('','',(#8957));
#8949=PRODUCT_RELATED_PRODUCT_CATEGORY('','',(#8958));
#8950=PRODUCT_RELATED_PRODUCT_CATEGORY('','',(#8959));
#8951=PRODUCT_RELATED_PRODUCT_CATEGORY('','',(#8960));
#8952=PRODUCT('QBLP600L-RGB-3189','QBLP600L-RGB-3189',
'QBLP600L-RGB-3189',(#8970));
#8953=PRODUCT('3 - PM, Top','3 - PM, Top','3 - PM, Top',(#8971));
#8954=PRODUCT('8 - Term 2','8 - Term 2','8 - Term 2',(#8972));
#8955=PRODUCT('2 - Lens','2 - Lens','2 - Lens',(#8973));
#8956=PRODUCT('7 - Term 1','7 - Term 1','7 - Term 1',(#8974));
#8957=PRODUCT('5 - Term 3','5 - Term 3','5 - Term 3',(#8975));
#8958=PRODUCT('6 - Term 4','6 - Term 4','6 - Term 4',(#8976));
#8959=PRODUCT('1 - Sub','1 - Sub','1 - Sub',(#8977));
#8960=PRODUCT('4 - PM, Bot','4 - PM, Bot','4 - PM, Bot',(#8978));
#8961=PRODUCT_CATEGORY('','');
#8962=PRODUCT_CATEGORY('','');
#8963=PRODUCT_CATEGORY('','');
#8964=PRODUCT_CATEGORY('','');
#8965=PRODUCT_CATEGORY('','');
#8966=PRODUCT_CATEGORY('','');
#8967=PRODUCT_CATEGORY('','');
#8968=PRODUCT_CATEGORY('','');
#8969=PRODUCT_CATEGORY('','');
#8970=PRODUCT_CONTEXT('',#8980,'mechanical');
#8971=PRODUCT_CONTEXT('',#8980,'mechanical');
#8972=PRODUCT_CONTEXT('',#8980,'mechanical');
#8973=PRODUCT_CONTEXT('',#8980,'mechanical');
#8974=PRODUCT_CONTEXT('',#8980,'mechanical');
#8975=PRODUCT_CONTEXT('',#8980,'mechanical');
#8976=PRODUCT_CONTEXT('',#8980,'mechanical');
#8977=PRODUCT_CONTEXT('',#8980,'mechanical');
#8978=PRODUCT_CONTEXT('',#8980,'mechanical');
#8979=APPLICATION_PROTOCOL_DEFINITION('international standard',
'ap242_managed_model_based_3d_engineering',2011,#8980);
#8980=APPLICATION_CONTEXT('managed model based 3d engineering');
ENDSEC;
END-ISO-10303-21;
