ISO-10303-21;
HEADER;
FILE_DESCRIPTION (( 'STEP AP214' ),
    '1' );
FILE_NAME ('C1E-76.800-8-1012-X-M.STEP',
    '2025-01-22T10:48:50',
    ( '' ),
    ( '' ),
    'SwSTEP 2.0',
    'SolidWorks 2021',
    '' );
FILE_SCHEMA (( 'AUTOMOTIVE_DESIGN' ));
ENDSEC;

DATA;
#1 = ORIENTED_EDGE ( 'NONE', *, *, #71, .F. ) ;
#2 = EDGE_CURVE ( 'NONE', #472, #451, #3448, .T. ) ;
#3 = FACE_OUTER_BOUND ( 'NONE', #27, .T. ) ;
#4 = FACE_OUTER_BOUND ( 'NONE', #3474, .T. ) ;
#5 = VERTEX_POINT ( 'NONE', #1415 ) ;
#6 = PLANE ( 'NONE',  #2534 ) ;
#7 = ORIENTED_EDGE ( 'NONE', *, *, #760, .F. ) ;
#8 = FACE_OUTER_BOUND ( 'NONE', #372, .T. ) ;
#9 = CARTESIAN_POINT ( 'NONE',  ( -0.7199999999999999734, 0.5000000000000001110, -0.6749999999999998224 ) ) ;
#10 = PLANE ( 'NONE',  #2393 ) ;
#11 = CARTESIAN_POINT ( 'NONE',  ( -1.000000000000000000, 0.2550000000000000044, 0.6999999999999998446 ) ) ;
#12 = VECTOR ( 'NONE', #384, 1000.000000000000000 ) ;
#13 = LINE ( 'NONE', #1130, #2771 ) ;
#14 = FACE_OUTER_BOUND ( 'NONE', #426, .T. ) ;
#15 = PLANE ( 'NONE',  #1185 ) ;
#16 = ORIENTED_EDGE ( 'NONE', *, *, #49, .T. ) ;
#17 = CARTESIAN_POINT ( 'NONE',  ( 0.3500000000000001443, 0.9789693182963199458, 0.2500000000000000555 ) ) ;
#18 = EDGE_CURVE ( 'NONE', #2798, #2348, #875, .T. ) ;
#19 = ORIENTED_EDGE ( 'NONE', *, *, #2418, .F. ) ;
#20 = CARTESIAN_POINT ( 'NONE',  ( -0.7200000000000000844, 3.280350850198277879, 0.6999999999999999556 ) ) ;
#21 = EDGE_CURVE ( 'NONE', #1313, #773, #1342, .T. ) ;
#22 = LINE ( 'NONE', #627, #738 ) ;
#23 = ORIENTED_EDGE ( 'NONE', *, *, #2712, .F. ) ;
#24 = SURFACE_STYLE_USAGE ( .BOTH. , #2246 ) ;
#25 = ORIENTED_EDGE ( 'NONE', *, *, #1355, .F. ) ;
#26 = VECTOR ( 'NONE', #51, 1000.000000000000000 ) ;
#27 = EDGE_LOOP ( 'NONE', ( #158, #1963, #871, #1675 ) ) ;
#28 = CARTESIAN_POINT ( 'NONE',  ( -0.8896446609406717387, 0.5000000000000001110, -0.6193755415948604126 ) ) ;
#29 = CARTESIAN_POINT ( 'NONE',  ( -5.082197683525802651E-17, 0.5000000000000000000, 0.6749999999999999334 ) ) ;
#30 = VECTOR ( 'NONE', #2632, 1000.000000000000000 ) ;
#31 = AXIS2_PLACEMENT_3D ( 'NONE', #2863, #569, #2795 ) ;
#32 = PRESENTATION_STYLE_ASSIGNMENT (( #1743 ) ) ;
#33 = DIRECTION ( 'NONE',  ( -0.000000000000000000, 1.000000000000000000, -0.000000000000000000 ) ) ;
#34 = CARTESIAN_POINT ( 'NONE',  ( -0.9300000000000000488, 0.9789693182963199458, 0.2499999999999997780 ) ) ;
#35 = VECTOR ( 'NONE', #168, 1000.000000000000000 ) ;
#36 = CARTESIAN_POINT ( 'NONE',  ( -0.3499999999999998113, 0.1275000000000000022, -0.4500000000000005107 ) ) ;
#37 = ORIENTED_EDGE ( 'NONE', *, *, #1805, .F. ) ;
#38 = AXIS2_PLACEMENT_3D ( 'NONE', #563, #865, #3602 ) ;
#39 = AXIS2_PLACEMENT_3D ( 'NONE', #2656, #163, #1256 ) ;
#40 = LINE ( 'NONE', #17, #2064 ) ;
#41 = AXIS2_PLACEMENT_3D ( 'NONE', #341, #1787, #1444 ) ;
#42 = ORIENTED_EDGE ( 'NONE', *, *, #1640, .F. ) ;
#43 = EDGE_CURVE ( 'NONE', #591, #1108, #2381, .T. ) ;
#44 = CARTESIAN_POINT ( 'NONE',  ( 0.9300000000000003819, 0.1275000000000000022, -0.6299999999999996714 ) ) ;
#45 = DIRECTION ( 'NONE',  ( 0.7071067811865470176, 0.000000000000000000, 0.7071067811865481278 ) ) ;
#46 = ORIENTED_EDGE ( 'NONE', *, *, #1867, .T. ) ;
#47 = CARTESIAN_POINT ( 'NONE',  ( 0.3500000000000001998, 0.1275000000000000022, 0.2500000000000000555 ) ) ;
#48 = ORIENTED_EDGE ( 'NONE', *, *, #1691, .F. ) ;
#49 = EDGE_CURVE ( 'NONE', #638, #1593, #1701, .T. ) ;
#50 = DIRECTION ( 'NONE',  ( 0.000000000000000000, 1.000000000000000000, 0.000000000000000000 ) ) ;
#51 = DIRECTION ( 'NONE',  ( 1.000000000000000000, -0.000000000000000000, 0.000000000000000000 ) ) ;
#52 = CARTESIAN_POINT ( 'NONE',  ( 0.7200000000000006395, 0.2969374450965875378, -0.7199999999999998623 ) ) ;
#53 = APPLICATION_PROTOCOL_DEFINITION ( 'draft international standard', 'automotive_design', 1998, #3401 ) ;
#54 = CARTESIAN_POINT ( 'NONE',  ( -1.000000000000000000, 0.2550000000000000044, -0.7999999999999999334 ) ) ;
#55 = DIRECTION ( 'NONE',  ( -0.000000000000000000, 0.000000000000000000, -1.000000000000000000 ) ) ;
#56 = VERTEX_POINT ( 'NONE', #1665 ) ;
#57 = AXIS2_PLACEMENT_3D ( 'NONE', #2430, #2741, #1129 ) ;
#58 = CARTESIAN_POINT ( 'NONE',  ( 0.000000000000000000, 0.2500000000000000000, -0.7999999999999999334 ) ) ;
#59 = ORIENTED_EDGE ( 'NONE', *, *, #718, .T. ) ;
#60 = DIRECTION ( 'NONE',  ( -0.000000000000000000, 1.000000000000000000, 0.000000000000000000 ) ) ;
#61 = CARTESIAN_POINT ( 'NONE',  ( 0.8300000000000001821, 0.1275000000000000022, 0.7300000000000002043 ) ) ;
#62 = ORIENTED_EDGE ( 'NONE', *, *, #1341, .T. ) ;
#63 = LINE ( 'NONE', #3431, #1595 ) ;
#64 = AXIS2_PLACEMENT_3D ( 'NONE', #2609, #2016, #665 ) ;
#65 = VERTEX_POINT ( 'NONE', #1435 ) ;
#66 = DIRECTION ( 'NONE',  ( -0.7071067811865441310, 0.000000000000000000, 0.7071067811865507924 ) ) ;
#67 = CARTESIAN_POINT ( 'NONE',  ( -0.8999999999999996891, 0.4750000000000009770, -0.6254415587728427983 ) ) ;
#68 = EDGE_CURVE ( 'NONE', #2124, #3314, #2038, .T. ) ;
#69 = CYLINDRICAL_SURFACE ( 'NONE', #467, 0.1000000000000002554 ) ;
#70 = LINE ( 'NONE', #1186, #680 ) ;
#71 = EDGE_CURVE ( 'NONE', #1848, #2198, #1383, .T. ) ;
#72 = DIRECTION ( 'NONE',  ( 0.7071067811865477948, 0.000000000000000000, -0.7071067811865473507 ) ) ;
#73 = EDGE_LOOP ( 'NONE', ( #1058, #1673, #1749, #1430 ) ) ;
#74 = AXIS2_PLACEMENT_3D ( 'NONE', #3156, #1764, #2877 ) ;
#75 = CARTESIAN_POINT ( 'NONE',  ( 0.9000000000000003553, 3.280350850198277879, 0.5200000000000000178 ) ) ;
#76 = AXIS2_PLACEMENT_3D ( 'NONE', #1649, #2769, #352 ) ;
#77 = EDGE_LOOP ( 'NONE', ( #1628, #1747, #101, #1952, #951, #1878 ) ) ;
#78 = CARTESIAN_POINT ( 'NONE',  ( 0.9200000000000001510, 0.3250000000000000666, 0.5199999999999995737 ) ) ;
#79 = ORIENTED_EDGE ( 'NONE', *, *, #921, .F. ) ;
#80 = DIRECTION ( 'NONE',  ( 0.000000000000000000, 0.000000000000000000, -1.000000000000000000 ) ) ;
#81 = ORIENTED_EDGE ( 'NONE', *, *, #1119, .T. ) ;
#82 = VECTOR ( 'NONE', #1740, 1000.000000000000000 ) ;
#83 = LINE ( 'NONE', #1198, #883 ) ;
#84 = CARTESIAN_POINT ( 'NONE',  ( -0.8299999999999999600, 0.1275000000000000022, -0.7300000000000002043 ) ) ;
#85 = DIRECTION ( 'NONE',  ( -0.000000000000000000, 1.000000000000000000, -0.000000000000000000 ) ) ;
#86 = ADVANCED_FACE ( 'NONE', ( #8 ), #3392, .T. ) ;
#87 = SURFACE_STYLE_FILL_AREA ( #2873 ) ;
#88 = DIRECTION ( 'NONE',  ( -1.000000000000000000, -0.000000000000000000, -0.000000000000000000 ) ) ;
#89 = DIRECTION ( 'NONE',  ( 0.000000000000000000, -1.000000000000000000, -0.000000000000000000 ) ) ;
#90 = AXIS2_PLACEMENT_3D ( 'NONE', #2734, #3054, #2173 ) ;
#91 = VERTEX_POINT ( 'NONE', #891 ) ;
#92 = AXIS2_PLACEMENT_3D ( 'NONE', #1674, #306, #2792 ) ;
#93 = EDGE_CURVE ( 'NONE', #110, #2421, #1126, .T. ) ;
#94 = CARTESIAN_POINT ( 'NONE',  ( -1.000000000000000000, 0.000000000000000000, 0.8000000000000001554 ) ) ;
#95 = ORIENTED_EDGE ( 'NONE', *, *, #1133, .F. ) ;
#96 = AXIS2_PLACEMENT_3D ( 'NONE', #1555, #2893, #1521 ) ;
#97 = VECTOR ( 'NONE', #3500, 1000.000000000000000 ) ;
#98 = EDGE_CURVE ( 'NONE', #2603, #1520, #1179, .T. ) ;
#99 = CIRCLE ( 'NONE', #3071, 0.1999999999999996503 ) ;
#100 = LINE ( 'NONE', #660, #3421 ) ;
#101 = ORIENTED_EDGE ( 'NONE', *, *, #1273, .T. ) ;
#102 = ORIENTED_EDGE ( 'NONE', *, *, #2531, .T. ) ;
#103 = DIRECTION ( 'NONE',  ( 0.000000000000000000, -1.000000000000000000, 0.000000000000000000 ) ) ;
#104 = CARTESIAN_POINT ( 'NONE',  ( -0.8999999999999998002, 0.4750000000000010325, -0.5199999999999999067 ) ) ;
#105 = CARTESIAN_POINT ( 'NONE',  ( -0.9300000000000001599, -1.807003620809173954E-17, -0.6300000000000000044 ) ) ;
#106 = LINE ( 'NONE', #54, #2302 ) ;
#107 = CARTESIAN_POINT ( 'NONE',  ( 0.7200000000000005285, 0.4049999999999999711, -0.5199999999999999067 ) ) ;
#108 = CARTESIAN_POINT ( 'NONE',  ( 0.7200000000000005285, 0.3249999999999999556, 0.8074999999999994404 ) ) ;
#109 = ADVANCED_FACE ( 'NONE', ( #1722 ), #3079, .F. ) ;
#110 = VERTEX_POINT ( 'NONE', #3411 ) ;
#111 = CARTESIAN_POINT ( 'NONE',  ( 0.9200000000000000400, 0.4049999999999999711, 0.5199999999999999067 ) ) ;
#112 = ADVANCED_FACE ( 'NONE', ( #3037 ), #534, .F. ) ;
#113 = EDGE_LOOP ( 'NONE', ( #2139, #1443, #2782, #3467, #1899, #119, #1077, #1830 ) ) ;
#114 = COLOUR_RGB ( '',0.9686274509803921573, 0.8784313725490195957, 0.5999999999999999778 ) ;
#115 = CARTESIAN_POINT ( 'NONE',  ( -0.8750000000000001110, 0.4749999999999999778, -1.824378655624647794E-16 ) ) ;
#116 = VERTEX_POINT ( 'NONE', #1503 ) ;
#117 = EDGE_CURVE ( 'NONE', #133, #346, #2905, .T. ) ;
#118 = DIRECTION ( 'NONE',  ( -0.000000000000000000, 1.000000000000000000, 0.000000000000000000 ) ) ;
#119 = ORIENTED_EDGE ( 'NONE', *, *, #3283, .T. ) ;
#120 = DIRECTION ( 'NONE',  ( -1.936075308009829121E-15, -0.000000000000000000, 1.000000000000000000 ) ) ;
#121 = PLANE ( 'NONE',  #2942 ) ;
#122 = DIRECTION ( 'NONE',  ( 0.000000000000000000, 0.000000000000000000, -1.000000000000000000 ) ) ;
#123 = CARTESIAN_POINT ( 'NONE',  ( -0.8193755415948609233, 0.4999999999999998890, 0.6896446609406722272 ) ) ;
#124 = DIRECTION ( 'NONE',  ( -1.000000000000000000, 0.000000000000000000, -2.258754526011467242E-16 ) ) ;
#125 = CARTESIAN_POINT ( 'NONE',  ( -0.9999999999999997780, 0.000000000000000000, -0.2500000000000002220 ) ) ;
#126 = VERTEX_POINT ( 'NONE', #2574 ) ;
#127 = CIRCLE ( 'NONE', #409, 0.08749999999999946709 ) ;
#128 = EDGE_CURVE ( 'NONE', #3090, #2217, #83, .T. ) ;
#129 = AXIS2_PLACEMENT_3D ( 'NONE', #3218, #166, #564 ) ;
#130 = CYLINDRICAL_SURFACE ( 'NONE', #3046, 0.1999999999999999833 ) ;
#131 = EDGE_LOOP ( 'NONE', ( #42, #948, #2520, #2333 ) ) ;
#132 = DIRECTION ( 'NONE',  ( -0.7071067811865477948, -0.000000000000000000, 0.7071067811865473507 ) ) ;
#133 = VERTEX_POINT ( 'NONE', #3484 ) ;
#134 = ADVANCED_FACE ( 'NONE', ( #1233 ), #928, .F. ) ;
#135 = LINE ( 'NONE', #980, #3031 ) ;
#136 = CARTESIAN_POINT ( 'NONE',  ( 0.9300000000000002709, 0.000000000000000000, 0.6299999999999998934 ) ) ;
#137 = LINE ( 'NONE', #1068, #2051 ) ;
#138 = ORIENTED_EDGE ( 'NONE', *, *, #93, .T. ) ;
#139 = PLANE ( 'NONE',  #1656 ) ;
#140 = CARTESIAN_POINT ( 'NONE',  ( 0.9550000000000002931, 0.2549999999999998934, 0.5199999999999995737 ) ) ;
#141 = CARTESIAN_POINT ( 'NONE',  ( 0.9200000000000000400, 0.4049999999999999711, -0.5199999999999999067 ) ) ;
#142 = CARTESIAN_POINT ( 'NONE',  ( 0.7200000000000005285, 0.4049999999999999711, -0.6999999999999998446 ) ) ;
#143 = VECTOR ( 'NONE', #2104, 1000.000000000000000 ) ;
#144 = CIRCLE ( 'NONE', #1370, 0.1800000000000001599 ) ;
#145 = ORIENTED_EDGE ( 'NONE', *, *, #2852, .T. ) ;
#146 = AXIS2_PLACEMENT_3D ( 'NONE', #829, #524, #1350 ) ;
#147 = VECTOR ( 'NONE', #1279, 1000.000000000000000 ) ;
#148 = CARTESIAN_POINT ( 'NONE',  ( 0.7200000000000004174, 0.5000000000000000000, -0.6750000000000000444 ) ) ;
#149 = VERTEX_POINT ( 'NONE', #2086 ) ;
#150 = CIRCLE ( 'NONE', #2355, 0.1999999999999999833 ) ;
#151 = DIRECTION ( 'NONE',  ( -1.000000000000000000, 0.000000000000000000, -9.346570452461246523E-17 ) ) ;
#152 = ORIENTED_EDGE ( 'NONE', *, *, #2833, .F. ) ;
#153 = EDGE_CURVE ( 'NONE', #953, #663, #1534, .T. ) ;
#154 = VECTOR ( 'NONE', #1814, 999.9999999999998863 ) ;
#155 = AXIS2_PLACEMENT_3D ( 'NONE', #1018, #2927, #1238 ) ;
#156 = CARTESIAN_POINT ( 'NONE',  ( -1.000000000000000000, 0.000000000000000000, 0.6999999999999997335 ) ) ;
#157 = LINE ( 'NONE', #3224, #143 ) ;
#158 = ORIENTED_EDGE ( 'NONE', *, *, #3486, .F. ) ;
#159 = EDGE_CURVE ( 'NONE', #2348, #295, #2888, .T. ) ;
#160 = CARTESIAN_POINT ( 'NONE',  ( -0.3499999999999998113, 0.000000000000000000, -0.4500000000000005662 ) ) ;
#161 = CARTESIAN_POINT ( 'NONE',  ( 0.9300000000000003819, 0.1275000000000000022, -0.6299999999999996714 ) ) ;
#162 = FACE_OUTER_BOUND ( 'NONE', #1917, .T. ) ;
#163 = DIRECTION ( 'NONE',  ( -0.000000000000000000, 1.000000000000000000, -0.000000000000000000 ) ) ;
#164 = CARTESIAN_POINT ( 'NONE',  ( 1.000000000000000222, 0.1275000000000000022, -0.7300000000000000933 ) ) ;
#165 = ORIENTED_EDGE ( 'NONE', *, *, #2223, .F. ) ;
#166 = DIRECTION ( 'NONE',  ( -0.000000000000000000, 1.000000000000000000, 0.000000000000000000 ) ) ;
#167 = VERTEX_POINT ( 'NONE', #647 ) ;
#168 = DIRECTION ( 'NONE',  ( -1.000000000000000000, 0.000000000000000000, -0.000000000000000000 ) ) ;
#169 = ORIENTED_EDGE ( 'NONE', *, *, #1498, .T. ) ;
#170 = EDGE_CURVE ( 'NONE', #1902, #3178, #2065, .T. ) ;
#171 = CARTESIAN_POINT ( 'NONE',  ( 0.7200000000000003064, 0.5000000000000001110, -0.6896446609406723383 ) ) ;
#172 = LINE ( 'NONE', #997, #424 ) ;
#173 = ORIENTED_EDGE ( 'NONE', *, *, #2423, .F. ) ;
#174 = CARTESIAN_POINT ( 'NONE',  ( -0.9299999999999999378, 0.9789693182963199458, -0.6299999999999998934 ) ) ;
#175 = ORIENTED_EDGE ( 'NONE', *, *, #1208, .F. ) ;
#176 = EDGE_CURVE ( 'NONE', #3090, #741, #229, .T. ) ;
#177 = DIRECTION ( 'NONE',  ( 0.000000000000000000, 0.000000000000000000, -1.000000000000000000 ) ) ;
#178 = DIRECTION ( 'NONE',  ( 0.000000000000000000, -1.000000000000000000, 0.000000000000000000 ) ) ;
#179 = CARTESIAN_POINT ( 'NONE',  ( -0.7199999999999999734, 0.2550000000000000044, -0.7550000000000000044 ) ) ;
#180 = CARTESIAN_POINT ( 'NONE',  ( -0.7200000000000004174, 0.4896446609406731598, 0.6999999999999991784 ) ) ;
#181 = EDGE_CURVE ( 'NONE', #2977, #1044, #1170, .T. ) ;
#182 = CARTESIAN_POINT ( 'NONE',  ( -0.8299999999999999600, 0.9789693182963199458, -0.7300000000000002043 ) ) ;
#183 = DIRECTION ( 'NONE',  ( -1.000000000000000000, 0.000000000000000000, 0.000000000000000000 ) ) ;
#184 = ORIENTED_EDGE ( 'NONE', *, *, #1495, .T. ) ;
#185 = VERTEX_POINT ( 'NONE', #156 ) ;
#186 = PLANE ( 'NONE',  #1782 ) ;
#187 = ORIENTED_EDGE ( 'NONE', *, *, #984, .T. ) ;
#188 = VECTOR ( 'NONE', #536, 1000.000000000000000 ) ;
#189 = DIRECTION ( 'NONE',  ( 1.000000000000000000, 0.000000000000000000, 0.000000000000000000 ) ) ;
#190 = SURFACE_SIDE_STYLE ('',( #1012 ) ) ;
#191 = ORIENTED_EDGE ( 'NONE', *, *, #877, .T. ) ;
#192 = LINE ( 'NONE', #1569, #558 ) ;
#193 = VECTOR ( 'NONE', #2990, 1000.000000000000000 ) ;
#194 = EDGE_CURVE ( 'NONE', #570, #3277, #135, .T. ) ;
#195 = CARTESIAN_POINT ( 'NONE',  ( 0.7200000000000005285, 0.3250000000000000666, 0.5199999999999996847 ) ) ;
#196 = VECTOR ( 'NONE', #1347, 1000.000000000000114 ) ;
#197 = ORIENTED_EDGE ( 'NONE', *, *, #2691, .T. ) ;
#198 = EDGE_CURVE ( 'NONE', #3329, #3028, #2921, .T. ) ;
#199 = EDGE_LOOP ( 'NONE', ( #2168, #3057, #2170, #214 ) ) ;
#200 = LINE ( 'NONE', #3256, #2706 ) ;
#201 = ORIENTED_EDGE ( 'NONE', *, *, #417, .F. ) ;
#202 = VECTOR ( 'NONE', #348, 1000.000000000000000 ) ;
#203 = CARTESIAN_POINT ( 'NONE',  ( -0.3499999999999998113, 0.000000000000000000, 0.000000000000000000 ) ) ;
#204 = ORIENTED_EDGE ( 'NONE', *, *, #718, .F. ) ;
#205 = VECTOR ( 'NONE', #670, 1000.000000000000000 ) ;
#206 = AXIS2_PLACEMENT_3D ( 'NONE', #1621, #1662, #836 ) ;
#207 = VECTOR ( 'NONE', #972, 1000.000000000000000 ) ;
#208 = LINE ( 'NONE', #3340, #265 ) ;
#209 = PLANE ( 'NONE',  #2567 ) ;
#210 = DIRECTION ( 'NONE',  ( 0.000000000000000000, -1.000000000000000000, 0.000000000000000000 ) ) ;
#211 = CYLINDRICAL_SURFACE ( 'NONE', #1320, 0.05999999999999994227 ) ;
#212 = LINE ( 'NONE', #2432, #1426 ) ;
#213 = EDGE_CURVE ( 'NONE', #1044, #2977, #1190, .T. ) ;
#214 = ORIENTED_EDGE ( 'NONE', *, *, #3124, .F. ) ;
#215 = ADVANCED_FACE ( 'NONE', ( #2592 ), #1775, .T. ) ;
#216 = VERTEX_POINT ( 'NONE', #942 ) ;
#217 = LINE ( 'NONE', #2420, #3185 ) ;
#218 = ORIENTED_EDGE ( 'NONE', *, *, #68, .F. ) ;
#219 = EDGE_CURVE ( 'NONE', #56, #811, #3527, .T. ) ;
#220 = PLANE ( 'NONE',  #90 ) ;
#221 = ORIENTED_EDGE ( 'NONE', *, *, #1944, .F. ) ;
#222 = ORIENTED_EDGE ( 'NONE', *, *, #3457, .F. ) ;
#223 = CARTESIAN_POINT ( 'NONE',  ( -0.8749999999999997780, 0.5000000000000001110, -0.5199999999999999067 ) ) ;
#224 = DIRECTION ( 'NONE',  ( 0.000000000000000000, 0.000000000000000000, -1.000000000000000000 ) ) ;
#225 = CARTESIAN_POINT ( 'NONE',  ( 1.000000000000000000, -3.614007241618347908E-17, -0.6999999999999996225 ) ) ;
#226 = DIRECTION ( 'NONE',  ( -0.000000000000000000, 1.000000000000000000, 0.000000000000000000 ) ) ;
#227 = CARTESIAN_POINT ( 'NONE',  ( 0.3500000000000002554, 0.1275000000000000022, 0.8000000000000003775 ) ) ;
#228 = LINE ( 'NONE', #520, #3405 ) ;
#229 = CIRCLE ( 'NONE', #2732, 0.02499999999999995628 ) ;
#230 = ORIENTED_EDGE ( 'NONE', *, *, #784, .F. ) ;
#231 = CARTESIAN_POINT ( 'NONE',  ( -0.9300000000000001599, 0.1275000000000000022, -0.2500000000000002220 ) ) ;
#232 = ORIENTED_EDGE ( 'NONE', *, *, #1778, .T. ) ;
#233 = CARTESIAN_POINT ( 'NONE',  ( 0.9550000000000002931, 0.2550000000000000044, 0.5199999999999995737 ) ) ;
#234 = ORIENTED_EDGE ( 'NONE', *, *, #1456, .T. ) ;
#235 = ADVANCED_FACE ( 'NONE', ( #2368 ), #3166, .T. ) ;
#236 = DIRECTION ( 'NONE',  ( -0.000000000000000000, -0.000000000000000000, 1.000000000000000000 ) ) ;
#237 = LINE ( 'NONE', #1358, #1831 ) ;
#238 = ORIENTED_EDGE ( 'NONE', *, *, #1533, .F. ) ;
#239 = CARTESIAN_POINT ( 'NONE',  ( -0.3499999999999998113, 0.000000000000000000, -0.4500000000000004552 ) ) ;
#240 = VERTEX_POINT ( 'NONE', #761 ) ;
#241 = EDGE_CURVE ( 'NONE', #3451, #3570, #2422, .T. ) ;
#242 = CIRCLE ( 'NONE', #2335, 0.2349999999999998479 ) ;
#243 = CARTESIAN_POINT ( 'NONE',  ( -0.9199999999999997069, 0.2969374450965876489, -0.5200000000000001288 ) ) ;
#244 = CARTESIAN_POINT ( 'NONE',  ( 0.8107968978321706821, 0.5000000000000001110, 0.6749999999999999334 ) ) ;
#245 = VECTOR ( 'NONE', #2055, 1000.000000000000000 ) ;
#246 = PLANE ( 'NONE',  #3018 ) ;
#247 = CARTESIAN_POINT ( 'NONE',  ( 0.9000000000000000222, 0.9789693182963199458, -0.8000000000000001554 ) ) ;
#248 = SURFACE_SIDE_STYLE ('',( #1626 ) ) ;
#249 = DIRECTION ( 'NONE',  ( 0.7071067811865447972, 0.000000000000000000, -0.7071067811865502373 ) ) ;
#250 = VERTEX_POINT ( 'NONE', #1046 ) ;
#251 = CYLINDRICAL_SURFACE ( 'NONE', #496, 0.05999999999999994227 ) ;
#252 = CARTESIAN_POINT ( 'NONE',  ( 0.000000000000000000, 0.2500000000000000000, 0.8000000000000001554 ) ) ;
#253 = ORIENTED_EDGE ( 'NONE', *, *, #3007, .F. ) ;
#254 = CARTESIAN_POINT ( 'NONE',  ( 0.9300000000000002709, -9.035018104045870694E-17, -0.6299999999999996714 ) ) ;
#255 = DIRECTION ( 'NONE',  ( 0.000000000000000000, 0.000000000000000000, -1.000000000000000000 ) ) ;
#256 = ORIENTED_EDGE ( 'NONE', *, *, #353, .T. ) ;
#257 =( GEOMETRIC_REPRESENTATION_CONTEXT ( 3 ) GLOBAL_UNCERTAINTY_ASSIGNED_CONTEXT ( ( #3561 ) ) GLOBAL_UNIT_ASSIGNED_CONTEXT ( ( #3167, #383, #1286 ) ) REPRESENTATION_CONTEXT ( 'NONE', 'WORKASPACE' ) );
#258 = DIRECTION ( 'NONE',  ( 1.000000000000000000, 0.000000000000000000, 0.000000000000000000 ) ) ;
#259 = VERTEX_POINT ( 'NONE', #1064 ) ;
#260 = AXIS2_PLACEMENT_3D ( 'NONE', #1034, #2142, #3260 ) ;
#261 = ORIENTED_EDGE ( 'NONE', *, *, #3099, .F. ) ;
#262 = DIRECTION ( 'NONE',  ( 0.000000000000000000, 1.000000000000000000, 0.000000000000000000 ) ) ;
#263 = ADVANCED_FACE ( 'NONE', ( #1357 ), #3259, .F. ) ;
#264 = LINE ( 'NONE', #3341, #2447 ) ;
#265 = VECTOR ( 'NONE', #515, 1000.000000000000000 ) ;
#266 = AXIS2_PLACEMENT_3D ( 'NONE', #94, #2040, #2024 ) ;
#267 = LINE ( 'NONE', #1386, #514 ) ;
#268 = AXIS2_PLACEMENT_3D ( 'NONE', #1112, #285, #842 ) ;
#269 = CARTESIAN_POINT ( 'NONE',  ( -0.7199999999999999734, 0.4049999999999999711, -0.6999999999999998446 ) ) ;
#270 = DIRECTION ( 'NONE',  ( 1.000000000000000000, 0.000000000000000000, 0.000000000000000000 ) ) ;
#271 = EDGE_CURVE ( 'NONE', #1515, #1446, #747, .T. ) ;
#272 = PLANE ( 'NONE',  #537 ) ;
#273 = VERTEX_POINT ( 'NONE', #779 ) ;
#274 = DIRECTION ( 'NONE',  ( -1.000000000000000000, 0.000000000000000000, 0.000000000000000000 ) ) ;
#275 = ORIENTED_EDGE ( 'NONE', *, *, #2984, .F. ) ;
#276 = PLANE ( 'NONE',  #1766 ) ;
#277 = CARTESIAN_POINT ( 'NONE',  ( -0.9200000000000000400, 0.4049999999999999711, -0.5200000000000000178 ) ) ;
#278 = ORIENTED_EDGE ( 'NONE', *, *, #2269, .F. ) ;
#279 = CARTESIAN_POINT ( 'NONE',  ( -1.000000000000000000, 0.1275000000000000022, 0.7299999999999998712 ) ) ;
#280 = ORIENTED_EDGE ( 'NONE', *, *, #3258, .F. ) ;
#281 = CARTESIAN_POINT ( 'NONE',  ( -0.9299999999999999378, 0.1275000000000000022, 0.6299999999999993383 ) ) ;
#282 = DIRECTION ( 'NONE',  ( -1.000000000000000000, -4.627122202067980853E-16, 1.454732309464922997E-15 ) ) ;
#283 = CARTESIAN_POINT ( 'NONE',  ( 0.9000000000000005773, 0.4750000000000010325, 0.5200000000000004619 ) ) ;
#284 = EDGE_CURVE ( 'NONE', #65, #953, #1580, .T. ) ;
#285 = DIRECTION ( 'NONE',  ( 4.627122202067974937E-16, -1.000000000000000000, -4.627122202067982825E-16 ) ) ;
#286 = CARTESIAN_POINT ( 'NONE',  ( -0.6600000000000001421, 0.4899999999999999911, 0.5199999999999995737 ) ) ;
#287 = CARTESIAN_POINT ( 'NONE',  ( 0.9300000000000003819, 0.000000000000000000, -0.6299999999999996714 ) ) ;
#288 = ORIENTED_EDGE ( 'NONE', *, *, #3391, .F. ) ;
#289 = ADVANCED_FACE ( 'NONE', ( #490 ), #2103, .F. ) ;
#290 = CLOSED_SHELL ( 'NONE', ( #434, #1915, #2399, #3278, #713, #858, #1667, #872, #1124, #833, #3505, #389, #3616, #506, #2067, #2786, #699, #1382, #1246, #584, #3165, #2272, #289, #646, #3058, #3148, #2561, #2114, #651, #2626, #3000, #3348, #1739, #3022, #3076, #1387, #852, #109, #1452 ) ) ;
#291 = CARTESIAN_POINT ( 'NONE',  ( 0.9300000000000003819, 0.000000000000000000, -0.2499999999999999445 ) ) ;
#292 = ORIENTED_EDGE ( 'NONE', *, *, #1408, .T. ) ;
#293 = PLANE ( 'NONE',  #542 ) ;
#294 = FACE_OUTER_BOUND ( 'NONE', #3501, .T. ) ;
#295 = VERTEX_POINT ( 'NONE', #3572 ) ;
#296 = ORIENTED_EDGE ( 'NONE', *, *, #624, .F. ) ;
#297 = DIRECTION ( 'NONE',  ( -1.000000000000000000, 0.000000000000000000, 0.000000000000000000 ) ) ;
#298 = CARTESIAN_POINT ( 'NONE',  ( -0.7199999999999999734, 0.4896446609406732153, -0.6999999999999992895 ) ) ;
#299 = DIRECTION ( 'NONE',  ( -1.000000000000000000, 0.000000000000000000, 0.000000000000000000 ) ) ;
#300 = VECTOR ( 'NONE', #1035, 1000.000000000000000 ) ;
#301 = VECTOR ( 'NONE', #1093, 1000.000000000000000 ) ;
#302 = CARTESIAN_POINT ( 'NONE',  ( -0.9300000000000001599, 0.000000000000000000, -0.2500000000000001665 ) ) ;
#303 = CYLINDRICAL_SURFACE ( 'NONE', #76, 0.1000000000000002554 ) ;
#304 = ADVANCED_FACE ( 'NONE', ( #1301 ), #2070, .T. ) ;
#305 = ORIENTED_EDGE ( 'NONE', *, *, #2160, .T. ) ;
#306 = DIRECTION ( 'NONE',  ( 4.627122202067986770E-16, -1.000000000000000000, 4.627122202067982825E-16 ) ) ;
#307 = EDGE_CURVE ( 'NONE', #340, #2719, #1121, .T. ) ;
#308 = VERTEX_POINT ( 'NONE', #2261 ) ;
#309 = CARTESIAN_POINT ( 'NONE',  ( -0.8300000000000000711, 0.1275000000000000022, 0.7299999999999998712 ) ) ;
#310 = CARTESIAN_POINT ( 'NONE',  ( 0.3500000000000000333, 0.1275000000000000022, 0.2500000000000000000 ) ) ;
#311 = ORIENTED_EDGE ( 'NONE', *, *, #2460, .F. ) ;
#312 = CARTESIAN_POINT ( 'NONE',  ( -0.9550000000000000711, 0.2550000000000000044, -0.5200000000000000178 ) ) ;
#313 = VERTEX_POINT ( 'NONE', #1694 ) ;
#314 = AXIS2_PLACEMENT_3D ( 'NONE', #2665, #3519, #3465 ) ;
#315 = CARTESIAN_POINT ( 'NONE',  ( 1.007500000000000728, 0.3250000000000003997, 0.5199999999999995737 ) ) ;
#316 = CARTESIAN_POINT ( 'NONE',  ( -0.7199999999999999734, 0.4750000000000010325, -0.6999999999999997335 ) ) ;
#317 = CARTESIAN_POINT ( 'NONE',  ( -0.8999999999999998002, 0.000000000000000000, -0.8000000000000000444 ) ) ;
#318 = PRESENTATION_LAYER_ASSIGNMENT (  '', '', ( #3475 ) ) ;
#319 = AXIS2_PLACEMENT_3D ( 'NONE', #3353, #1193, #1463 ) ;
#320 = LINE ( 'NONE', #1744, #1089 ) ;
#321 = AXIS2_PLACEMENT_3D ( 'NONE', #397, #1231, #1771 ) ;
#322 = CARTESIAN_POINT ( 'NONE',  ( -0.8999999999999998002, 0.2500000000000000000, -0.7999999999999999334 ) ) ;
#323 = ORIENTED_EDGE ( 'NONE', *, *, #2557, .T. ) ;
#324 = AXIS2_PLACEMENT_3D ( 'NONE', #1113, #539, #3084 ) ;
#325 = AXIS2_PLACEMENT_3D ( 'NONE', #1818, #1785, #1003 ) ;
#326 = EDGE_CURVE ( 'NONE', #1048, #3338, #568, .T. ) ;
#327 = PLANE ( 'NONE',  #266 ) ;
#328 = ORIENTED_EDGE ( 'NONE', *, *, #1022, .T. ) ;
#329 = EDGE_CURVE ( 'NONE', #1920, #1295, #816, .T. ) ;
#330 = PLANE ( 'NONE',  #2577 ) ;
#331 = LINE ( 'NONE', #1395, #1255 ) ;
#332 = VERTEX_POINT ( 'NONE', #2206 ) ;
#333 = VERTEX_POINT ( 'NONE', #2752 ) ;
#334 = EDGE_CURVE ( 'NONE', #1466, #783, #1376, .T. ) ;
#335 = CARTESIAN_POINT ( 'NONE',  ( -0.9300000000000002709, 0.000000000000000000, 0.000000000000000000 ) ) ;
#336 = DIRECTION ( 'NONE',  ( -0.000000000000000000, 0.000000000000000000, -1.000000000000000000 ) ) ;
#337 = DIRECTION ( 'NONE',  ( -0.000000000000000000, -1.000000000000000000, -0.000000000000000000 ) ) ;
#338 = DIRECTION ( 'NONE',  ( -1.000000000000000000, 0.000000000000000000, 0.000000000000000000 ) ) ;
#339 = LINE ( 'NONE', #2613, #411 ) ;
#340 = VERTEX_POINT ( 'NONE', #3335 ) ;
#341 = CARTESIAN_POINT ( 'NONE',  ( 0.9300000000000002709, 0.1275000000000000022, 0.6299999999999998934 ) ) ;
#342 = EDGE_LOOP ( 'NONE', ( #1825, #1693, #1827, #1188 ) ) ;
#343 = FACE_OUTER_BOUND ( 'NONE', #669, .T. ) ;
#344 = ORIENTED_EDGE ( 'NONE', *, *, #1312, .F. ) ;
#345 =( LENGTH_UNIT ( ) NAMED_UNIT ( * ) SI_UNIT ( .MILLI., .METRE. ) );
#346 = VERTEX_POINT ( 'NONE', #2195 ) ;
#347 = EDGE_CURVE ( 'NONE', #1520, #2056, #1678, .T. ) ;
#348 = DIRECTION ( 'NONE',  ( 1.000000000000000000, -0.000000000000000000, 0.000000000000000000 ) ) ;
#349 = CARTESIAN_POINT ( 'NONE',  ( 0.8371572875253815438, 0.2969374450965875378, -0.7199999999999998623 ) ) ;
#350 = ADVANCED_FACE ( 'NONE', ( #2794 ), #293, .T. ) ;
#351 = DIRECTION ( 'NONE',  ( -1.000000000000000000, 0.000000000000000000, 0.000000000000000000 ) ) ;
#352 = DIRECTION ( 'NONE',  ( -1.000000000000000000, 0.000000000000000000, 0.000000000000000000 ) ) ;
#353 = EDGE_CURVE ( 'NONE', #1230, #837, #1939, .T. ) ;
#354 = ORIENTED_EDGE ( 'NONE', *, *, #1473, .F. ) ;
#355 = VECTOR ( 'NONE', #85, 1000.000000000000000 ) ;
#356 = CARTESIAN_POINT ( 'NONE',  ( 0.3500000000000000333, 0.000000000000000000, 0.000000000000000000 ) ) ;
#357 = ORIENTED_EDGE ( 'NONE', *, *, #128, .F. ) ;
#358 = CARTESIAN_POINT ( 'NONE',  ( -0.6600000000000001421, 0.4899999999999999911, 0.5199999999999995737 ) ) ;
#359 = ORIENTED_EDGE ( 'NONE', *, *, #2, .F. ) ;
#360 = ORIENTED_EDGE ( 'NONE', *, *, #2535, .F. ) ;
#361 = VECTOR ( 'NONE', #3109, 1000.000000000000000 ) ;
#362 = ADVANCED_FACE ( 'NONE', ( #3073 ), #276, .T. ) ;
#363 = CARTESIAN_POINT ( 'NONE',  ( -0.7200000000000000844, 0.5000000000000000000, 0.5199999999999995737 ) ) ;
#364 = CARTESIAN_POINT ( 'NONE',  ( -0.9300000000000001599, 0.000000000000000000, -0.6300000000000000044 ) ) ;
#365 = CARTESIAN_POINT ( 'NONE',  ( 0.9300000000000002709, 0.1275000000000000022, 0.6299999999999998934 ) ) ;
#366 = VERTEX_POINT ( 'NONE', #528 ) ;
#367 = ADVANCED_FACE ( 'NONE', ( #3 ), #330, .T. ) ;
#368 = DIRECTION ( 'NONE',  ( 0.000000000000000000, 0.000000000000000000, -1.000000000000000000 ) ) ;
#369 = LINE ( 'NONE', #1490, #1833 ) ;
#370 = CARTESIAN_POINT ( 'NONE',  ( 0.3500000000000002554, 0.1275000000000000022, -0.2499999999999998890 ) ) ;
#371 = CIRCLE ( 'NONE', #2643, 0.08749999999999946709 ) ;
#372 = EDGE_LOOP ( 'NONE', ( #169, #280, #2710, #1159 ) ) ;
#373 = VECTOR ( 'NONE', #2218, 1000.000000000000000 ) ;
#374 = EDGE_CURVE ( 'NONE', #1515, #3295, #3352, .T. ) ;
#375 = CARTESIAN_POINT ( 'NONE',  ( -0.9999999999999997780, 0.000000000000000000, -0.7300000000000002043 ) ) ;
#376 = VERTEX_POINT ( 'NONE', #2776 ) ;
#377 = CIRCLE ( 'NONE', #321, 0.05999999999999994227 ) ;
#378 = DIRECTION ( 'NONE',  ( 1.000000000000000000, 0.000000000000000000, -7.529181753371557474E-17 ) ) ;
#379 = ORIENTED_EDGE ( 'NONE', *, *, #3213, .F. ) ;
#380 = FACE_OUTER_BOUND ( 'NONE', #3460, .T. ) ;
#381 = ORIENTED_EDGE ( 'NONE', *, *, #2683, .F. ) ;
#382 = CARTESIAN_POINT ( 'NONE',  ( -0.7200000000000000844, 3.280350850198277879, 0.5199999999999999067 ) ) ;
#383 =( NAMED_UNIT ( * ) PLANE_ANGLE_UNIT ( ) SI_UNIT ( $, .RADIAN. ) );
#384 = DIRECTION ( 'NONE',  ( -0.000000000000000000, -1.000000000000000000, -0.000000000000000000 ) ) ;
#385 = ORIENTED_EDGE ( 'NONE', *, *, #2930, .T. ) ;
#386 = LINE ( 'NONE', #160, #154 ) ;
#387 =( NAMED_UNIT ( * ) SI_UNIT ( $, .STERADIAN. ) SOLID_ANGLE_UNIT ( ) );
#388 = DIRECTION ( 'NONE',  ( -1.000000000000000000, 0.000000000000000000, 0.000000000000000000 ) ) ;
#389 = ADVANCED_FACE ( 'NONE', ( #2243 ), #3370, .T. ) ;
#390 = CARTESIAN_POINT ( 'NONE',  ( -0.9200000000000001510, 0.4049999999999999711, 0.5199999999999999067 ) ) ;
#391 = CARTESIAN_POINT ( 'NONE',  ( -0.9000000000000001332, 0.000000000000000000, 0.8000000000000002665 ) ) ;
#392 = DIRECTION ( 'NONE',  ( 0.7071067811865441310, -0.000000000000000000, 0.7071067811865507924 ) ) ;
#393 = VERTEX_POINT ( 'NONE', #1977 ) ;
#394 = EDGE_CURVE ( 'NONE', #2517, #2941, #2467, .T. ) ;
#395 = CARTESIAN_POINT ( 'NONE',  ( -0.9300000000000001599, 0.1275000000000000022, -0.8000000000000003775 ) ) ;
#396 = VERTEX_POINT ( 'NONE', #2538 ) ;
#397 = CARTESIAN_POINT ( 'NONE',  ( -0.7200000000000000844, 0.5000000000000000000, 0.5199999999999995737 ) ) ;
#398 = ORIENTED_EDGE ( 'NONE', *, *, #1855, .T. ) ;
#399 = CARTESIAN_POINT ( 'NONE',  ( -0.9000000000000004663, 3.280350850198277879, 0.5199999999999995737 ) ) ;
#400 = CARTESIAN_POINT ( 'NONE',  ( 0.3500000000000000333, 0.1275000000000000022, 0.7300000000000000933 ) ) ;
#401 =( NAMED_UNIT ( * ) SI_UNIT ( $, .STERADIAN. ) SOLID_ANGLE_UNIT ( ) );
#402 = VERTEX_POINT ( 'NONE', #44 ) ;
#403 = CARTESIAN_POINT ( 'NONE',  ( -0.5500000000000003775, 0.1275000000000000022, -0.2500000000000001665 ) ) ;
#404 = DIRECTION ( 'NONE',  ( 1.000000000000000000, 0.000000000000000000, 0.000000000000000000 ) ) ;
#405 = CARTESIAN_POINT ( 'NONE',  ( -0.8254415587728435311, 0.4750000000000009770, 0.7000000000000001776 ) ) ;
#406 = DIRECTION ( 'NONE',  ( 0.000000000000000000, 1.000000000000000000, 0.000000000000000000 ) ) ;
#407 = EDGE_CURVE ( 'NONE', #2608, #2239, #3032, .T. ) ;
#408 = VERTEX_POINT ( 'NONE', #254 ) ;
#409 = AXIS2_PLACEMENT_3D ( 'NONE', #108, #1222, #2325 ) ;
#410 = EDGE_CURVE ( 'NONE', #2637, #240, #2658, .T. ) ;
#411 = VECTOR ( 'NONE', #932, 1000.000000000000000 ) ;
#412 = CARTESIAN_POINT ( 'NONE',  ( 0.7200000000000005285, 0.4750000000000010325, 0.5199999999999999067 ) ) ;
#413 = ORIENTED_EDGE ( 'NONE', *, *, #578, .T. ) ;
#414 = DIRECTION ( 'NONE',  ( -0.7071067811865441310, 0.000000000000000000, 0.7071067811865507924 ) ) ;
#415 = ORIENTED_EDGE ( 'NONE', *, *, #2177, .T. ) ;
#416 = DIRECTION ( 'NONE',  ( 1.000000000000000000, 0.000000000000000000, 0.000000000000000000 ) ) ;
#417 = EDGE_CURVE ( 'NONE', #116, #91, #2616, .T. ) ;
#418 = CARTESIAN_POINT ( 'NONE',  ( 0.8107968978321705711, 0.5000000000000000000, 0.6749999999999998224 ) ) ;
#419 = PLANE ( 'NONE',  #1817 ) ;
#420 = LINE ( 'NONE', #2339, #621 ) ;
#421 = DIRECTION ( 'NONE',  ( -0.7071067811865449082, -0.000000000000000000, 0.7071067811865502373 ) ) ;
#422 = DIRECTION ( 'NONE',  ( -1.000000000000000000, 0.000000000000000000, 0.000000000000000000 ) ) ;
#423 = DIRECTION ( 'NONE',  ( -0.000000000000000000, 1.000000000000000000, -0.000000000000000000 ) ) ;
#424 = VECTOR ( 'NONE', #728, 1000.000000000000000 ) ;
#425 = VECTOR ( 'NONE', #1448, 1000.000000000000000 ) ;
#426 = EDGE_LOOP ( 'NONE', ( #1155, #1980, #2482, #709 ) ) ;
#427 = VECTOR ( 'NONE', #2021, 1000.000000000000000 ) ;
#428 = AXIS2_PLACEMENT_3D ( 'NONE', #2834, #3092, #854 ) ;
#429 = EDGE_CURVE ( 'NONE', #1973, #3093, #2343, .T. ) ;
#430 = CARTESIAN_POINT ( 'NONE',  ( -1.000000000000000000, 0.1275000000000000022, 0.6999999999999998446 ) ) ;
#431 = ORIENTED_EDGE ( 'NONE', *, *, #1774, .F. ) ;
#432 = DIRECTION ( 'NONE',  ( 1.084202172485502462E-15, 5.421010862427512309E-16, -1.000000000000000000 ) ) ;
#433 = VERTEX_POINT ( 'NONE', #3128 ) ;
#434 = ADVANCED_FACE ( 'NONE', ( #990 ), #3253, .T. ) ;
#435 = AXIS2_PLACEMENT_3D ( 'NONE', #2361, #1276, #3215 ) ;
#436 = AXIS2_PLACEMENT_3D ( 'NONE', #1928, #3268, #3342 ) ;
#437 = CARTESIAN_POINT ( 'NONE',  ( 0.8896446609406726269, 0.5000000000000001110, -0.5199999999999996847 ) ) ;
#438 = DIRECTION ( 'NONE',  ( 0.000000000000000000, 1.000000000000000000, 0.000000000000000000 ) ) ;
#439 = CARTESIAN_POINT ( 'NONE',  ( -0.7200000000000004174, 0.2969374450965875933, 0.7200000000000004174 ) ) ;
#440 = VERTEX_POINT ( 'NONE', #755 ) ;
#441 = EDGE_CURVE ( 'NONE', #433, #1567, #1843, .T. ) ;
#442 = CARTESIAN_POINT ( 'NONE',  ( -0.7200000000000003064, 0.5000000000000000000, 0.6749999999999998224 ) ) ;
#443 = CARTESIAN_POINT ( 'NONE',  ( -0.7200000000000000844, 0.3249999999999999001, 0.7200000000000000844 ) ) ;
#444 = CARTESIAN_POINT ( 'NONE',  ( 0.9200000000000002620, 0.2969374450965875378, 0.6371572875253803669 ) ) ;
#445 = LINE ( 'NONE', #1525, #2074 ) ;
#446 = CARTESIAN_POINT ( 'NONE',  ( 0.9000000000000003553, 3.280350850198277879, 0.5199999999999999067 ) ) ;
#447 = DIRECTION ( 'NONE',  ( -1.000000000000000000, 0.000000000000000000, -0.000000000000000000 ) ) ;
#448 = ORIENTED_EDGE ( 'NONE', *, *, #2833, .T. ) ;
#449 = ORIENTED_EDGE ( 'NONE', *, *, #901, .F. ) ;
#450 = CARTESIAN_POINT ( 'NONE',  ( -0.5500000000000003775, 0.1275000000000000022, -0.2500000000000001665 ) ) ;
#451 = VERTEX_POINT ( 'NONE', #1259 ) ;
#452 = CARTESIAN_POINT ( 'NONE',  ( 1.007499999999999174, 0.3249999999999999556, -0.5199999999999999067 ) ) ;
#453 = EDGE_CURVE ( 'NONE', #3295, #953, #144, .T. ) ;
#454 = SURFACE_STYLE_USAGE ( .BOTH. , #2611 ) ;
#455 = ORIENTED_EDGE ( 'NONE', *, *, #3103, .T. ) ;
#456 = CLOSED_SHELL ( 'NONE', ( #1025, #1851, #2008, #1002, #691, #1184, #215, #3217, #3441, #2027, #304, #1889, #2738, #1251, #3426, #2241, #1613, #1985, #1071, #3307, #2359 ) ) ;
#457 = CARTESIAN_POINT ( 'NONE',  ( -0.7200000000000000844, 0.4049999999999999711, -0.7199999999999999734 ) ) ;
#458 = EDGE_CURVE ( 'NONE', #2941, #1611, #678, .T. ) ;
#459 = CARTESIAN_POINT ( 'NONE',  ( 0.9300000000000003819, 0.1275000000000000022, -0.6299999999999996714 ) ) ;
#460 = CARTESIAN_POINT ( 'NONE',  ( -1.000000000000000000, 0.2550000000000000044, 0.8000000000000001554 ) ) ;
#461 = CARTESIAN_POINT ( 'NONE',  ( 0.3500000000000002554, 0.9789693182963199458, -0.2499999999999999445 ) ) ;
#462 = DIRECTION ( 'NONE',  ( -0.000000000000000000, -1.000000000000000000, -0.000000000000000000 ) ) ;
#463 = ORIENTED_EDGE ( 'NONE', *, *, #502, .F. ) ;
#464 = ORIENTED_EDGE ( 'NONE', *, *, #1937, .T. ) ;
#465 = LINE ( 'NONE', #1061, #559 ) ;
#466 = ORIENTED_EDGE ( 'NONE', *, *, #1710, .T. ) ;
#467 = AXIS2_PLACEMENT_3D ( 'NONE', #1984, #2322, #2033 ) ;
#468 = CARTESIAN_POINT ( 'NONE',  ( -0.7200000000000000844, 0.4049999999999999711, 0.7000000000000000666 ) ) ;
#469 = DIRECTION ( 'NONE',  ( -1.000000000000000000, -0.000000000000000000, -0.000000000000000000 ) ) ;
#470 = ORIENTED_EDGE ( 'NONE', *, *, #2485, .T. ) ;
#471 = PRESENTATION_STYLE_ASSIGNMENT (( #1339 ) ) ;
#472 = VERTEX_POINT ( 'NONE', #2636 ) ;
#473 = EDGE_CURVE ( 'NONE', #1862, #1349, #3496, .T. ) ;
#474 = LINE ( 'NONE', #1907, #673 ) ;
#475 = CARTESIAN_POINT ( 'NONE',  ( -0.8300000000000000711, 0.000000000000000000, 0.7299999999999998712 ) ) ;
#476 = UNCERTAINTY_MEASURE_WITH_UNIT (LENGTH_MEASURE( 1.000000000000000082E-05 ), #1575, 'distance_accuracy_value', 'NONE');
#477 = EDGE_CURVE ( 'NONE', #2682, #3388, #1020, .T. ) ;
#478 = FACE_OUTER_BOUND ( 'NONE', #2814, .T. ) ;
#479 = CARTESIAN_POINT ( 'NONE',  ( -0.7200000000000000844, 0.4750000000000010325, -0.5200000000000000178 ) ) ;
#480 = CARTESIAN_POINT ( 'NONE',  ( 0.8300000000000002931, -5.421010862427522170E-17, 0.7300000000000002043 ) ) ;
#481 = ORIENTED_EDGE ( 'NONE', *, *, #2005, .F. ) ;
#482 = ADVANCED_FACE ( 'NONE', ( #2969 ), #2277, .F. ) ;
#483 = MECHANICAL_DESIGN_GEOMETRIC_PRESENTATION_REPRESENTATION (  '', ( #1311 ), #257 ) ;
#484 = VECTOR ( 'NONE', #1134, 1000.000000000000000 ) ;
#485 = ORIENTED_EDGE ( 'NONE', *, *, #2183, .F. ) ;
#486 = DIRECTION ( 'NONE',  ( 0.000000000000000000, 1.000000000000000000, 0.000000000000000000 ) ) ;
#487 = ORIENTED_EDGE ( 'NONE', *, *, #553, .F. ) ;
#488 = CIRCLE ( 'NONE', #1084, 0.08749999999999946709 ) ;
#489 = STYLED_ITEM ( 'NONE', ( #3112 ), #3048 ) ;
#490 = FACE_OUTER_BOUND ( 'NONE', #2878, .T. ) ;
#491 = DIRECTION ( 'NONE',  ( 1.000000000000000000, 0.000000000000000000, 0.000000000000000000 ) ) ;
#492 = DIRECTION ( 'NONE',  ( 1.000000000000000000, 0.000000000000000000, 9.346570452461244058E-17 ) ) ;
#493 = ORIENTED_EDGE ( 'NONE', *, *, #2394, .T. ) ;
#494 = VECTOR ( 'NONE', #368, 1000.000000000000000 ) ;
#495 = VECTOR ( 'NONE', #1308, 1000.000000000000000 ) ;
#496 = AXIS2_PLACEMENT_3D ( 'NONE', #1210, #1461, #902 ) ;
#497 = CARTESIAN_POINT ( 'NONE',  ( -0.8749999999999997780, 0.5000000000000001110, -0.6107968978321701714 ) ) ;
#498 = CARTESIAN_POINT ( 'NONE',  ( 0.3500000000000000333, 0.1275000000000000022, 0.8000000000000003775 ) ) ;
#499 = CARTESIAN_POINT ( 'NONE',  ( -0.7200000000000000844, 0.3250000000000000666, -0.7199999999999998623 ) ) ;
#500 = CARTESIAN_POINT ( 'NONE',  ( -0.9000000000000003553, 3.280350850198277879, -0.5200000000000000178 ) ) ;
#501 = LINE ( 'NONE', #36, #1471 ) ;
#502 = EDGE_CURVE ( 'NONE', #346, #250, #697, .T. ) ;
#503 = ORIENTED_EDGE ( 'NONE', *, *, #410, .F. ) ;
#504 = DIRECTION ( 'NONE',  ( -0.000000000000000000, 1.000000000000000000, -0.000000000000000000 ) ) ;
#505 = ORIENTED_EDGE ( 'NONE', *, *, #2978, .T. ) ;
#506 = ADVANCED_FACE ( 'NONE', ( #2414 ), #1608, .F. ) ;
#507 = PLANE ( 'NONE',  #3310 ) ;
#508 = VERTEX_POINT ( 'NONE', #1114 ) ;
#509 = CARTESIAN_POINT ( 'NONE',  ( 0.8750000000000004441, 0.5000000000000000000, -0.6107968978321699494 ) ) ;
#510 = DIRECTION ( 'NONE',  ( -1.000000000000000000, 0.000000000000000000, 0.000000000000000000 ) ) ;
#511 = VERTEX_POINT ( 'NONE', #2708 ) ;
#512 = DIRECTION ( 'NONE',  ( -0.000000000000000000, -1.000000000000000000, -0.000000000000000000 ) ) ;
#513 = ORIENTED_EDGE ( 'NONE', *, *, #895, .F. ) ;
#514 = VECTOR ( 'NONE', #635, 1000.000000000000000 ) ;
#515 = DIRECTION ( 'NONE',  ( -0.000000000000000000, 1.000000000000000000, -0.000000000000000000 ) ) ;
#516 = CARTESIAN_POINT ( 'NONE',  ( -0.5500000000000003775, 0.9789693182963199458, -0.2500000000000001665 ) ) ;
#517 = PLANE ( 'NONE',  #1976 ) ;
#518 = DIRECTION ( 'NONE',  ( 1.000000000000000000, -0.000000000000000000, 0.000000000000000000 ) ) ;
#519 = DIRECTION ( 'NONE',  ( -1.000000000000000000, 0.000000000000000000, 0.000000000000000000 ) ) ;
#520 = CARTESIAN_POINT ( 'NONE',  ( -0.7200000000000000844, 0.4049999999999999711, -0.6999999999999998446 ) ) ;
#521 = AXIS2_PLACEMENT_3D ( 'NONE', #2647, #3132, #1794 ) ;
#522 = VERTEX_POINT ( 'NONE', #3619 ) ;
#523 = EDGE_CURVE ( 'NONE', #408, #3574, #3021, .T. ) ;
#524 = DIRECTION ( 'NONE',  ( -0.000000000000000000, 1.000000000000000000, -0.000000000000000000 ) ) ;
#525 = FACE_OUTER_BOUND ( 'NONE', #815, .T. ) ;
#526 = ORIENTED_EDGE ( 'NONE', *, *, #410, .T. ) ;
#527 = EDGE_CURVE ( 'NONE', #2346, #953, #2236, .T. ) ;
#528 = CARTESIAN_POINT ( 'NONE',  ( -0.8299999999999999600, 0.1275000000000000022, -0.7300000000000002043 ) ) ;
#529 = DIRECTION ( 'NONE',  ( 1.000000000000000000, 0.000000000000000000, 9.346570452461242826E-17 ) ) ;
#530 = ORIENTED_EDGE ( 'NONE', *, *, #1760, .T. ) ;
#531 = SURFACE_STYLE_USAGE ( .BOTH. , #1379 ) ;
#532 = ORIENTED_EDGE ( 'NONE', *, *, #2140, .T. ) ;
#533 = VECTOR ( 'NONE', #1586, 1000.000000000000000 ) ;
#534 = CYLINDRICAL_SURFACE ( 'NONE', #1460, 0.08749999999999946709 ) ;
#535 = CARTESIAN_POINT ( 'NONE',  ( -0.8445088815882587641, 0.2718375329420475439, -0.7325499560772700258 ) ) ;
#536 = DIRECTION ( 'NONE',  ( -1.000000000000000000, -0.000000000000000000, 7.529181753371557474E-17 ) ) ;
#537 = AXIS2_PLACEMENT_3D ( 'NONE', #2472, #826, #2804 ) ;
#538 = DIRECTION ( 'NONE',  ( -0.000000000000000000, 1.000000000000000000, -0.000000000000000000 ) ) ;
#539 = DIRECTION ( 'NONE',  ( 0.000000000000000000, -1.000000000000000000, -0.000000000000000000 ) ) ;
#540 = PRESENTATION_STYLE_ASSIGNMENT (( #844 ) ) ;
#541 = FACE_OUTER_BOUND ( 'NONE', #1192, .T. ) ;
#542 = AXIS2_PLACEMENT_3D ( 'NONE', #3589, #2222, #2832 ) ;
#543 = ORIENTED_EDGE ( 'NONE', *, *, #441, .T. ) ;
#544 = CARTESIAN_POINT ( 'NONE',  ( -0.3499999999999997558, 0.9789693182963199458, -0.7300000000000002043 ) ) ;
#545 = ORIENTED_EDGE ( 'NONE', *, *, #788, .F. ) ;
#546 = PRODUCT_RELATED_PRODUCT_CATEGORY ( 'part', '', ( #2454 ) ) ;
#547 = CARTESIAN_POINT ( 'NONE',  ( 0.3500000000000001998, 0.9789693182963199458, 0.2500000000000000555 ) ) ;
#548 = CARTESIAN_POINT ( 'NONE',  ( -0.3500000000000000333, 0.1275000000000000022, 0.2500000000000000000 ) ) ;
#549 = ORIENTED_EDGE ( 'NONE', *, *, #1557, .T. ) ;
#550 = VECTOR ( 'NONE', #3590, 1000.000000000000000 ) ;
#551 = LINE ( 'NONE', #279, #2303 ) ;
#552 = ORIENTED_EDGE ( 'NONE', *, *, #2438, .T. ) ;
#553 = EDGE_CURVE ( 'NONE', #1335, #2558, #2449, .T. ) ;
#554 =( GEOMETRIC_REPRESENTATION_CONTEXT ( 3 ) GLOBAL_UNCERTAINTY_ASSIGNED_CONTEXT ( ( #476 ) ) GLOBAL_UNIT_ASSIGNED_CONTEXT ( ( #1575, #3603, #3564 ) ) REPRESENTATION_CONTEXT ( 'NONE', 'WORKASPACE' ) );
#555 = EDGE_LOOP ( 'NONE', ( #3557, #1083, #586, #485 ) ) ;
#556 = LINE ( 'NONE', #1604, #793 ) ;
#557 = CARTESIAN_POINT ( 'NONE',  ( 0.9200000000000002620, 0.4049999999999999711, 0.5199999999999997957 ) ) ;
#558 = VECTOR ( 'NONE', #1306, 1000.000000000000114 ) ;
#559 = VECTOR ( 'NONE', #3608, 1000.000000000000000 ) ;
#560 = EDGE_CURVE ( 'NONE', #2554, #1324, #1648, .T. ) ;
#561 = VECTOR ( 'NONE', #1559, 1000.000000000000000 ) ;
#562 = LINE ( 'NONE', #1606, #2192 ) ;
#563 = CARTESIAN_POINT ( 'NONE',  ( -0.7200000000000000844, 0.4049999999999999711, 0.5199999999999999067 ) ) ;
#564 = DIRECTION ( 'NONE',  ( 1.000000000000000000, 0.000000000000000000, 0.000000000000000000 ) ) ;
#565 = EDGE_LOOP ( 'NONE', ( #607, #3078, #1789, #2756 ) ) ;
#566 = DIRECTION ( 'NONE',  ( -1.000000000000000000, 0.000000000000000000, 0.000000000000000000 ) ) ;
#567 = VERTEX_POINT ( 'NONE', #480 ) ;
#568 = LINE ( 'NONE', #3091, #3350 ) ;
#569 = DIRECTION ( 'NONE',  ( 2.258754526011489922E-16, 0.000000000000000000, -1.000000000000000000 ) ) ;
#570 = VERTEX_POINT ( 'NONE', #2744 ) ;
#571 = FILL_AREA_STYLE_COLOUR ( '', #971 ) ;
#572 = ORIENTED_EDGE ( 'NONE', *, *, #2204, .F. ) ;
#573 = EDGE_CURVE ( 'NONE', #110, #167, #790, .T. ) ;
#574 = DIRECTION ( 'NONE',  ( 1.000000000000000000, 0.000000000000000000, 0.000000000000000000 ) ) ;
#575 = CARTESIAN_POINT ( 'NONE',  ( -0.3499999999999998113, 0.000000000000000000, -0.7300000000000002043 ) ) ;
#576 = CARTESIAN_POINT ( 'NONE',  ( 0.3500000000000002554, 0.000000000000000000, -0.7300000000000000933 ) ) ;
#577 = PRESENTATION_LAYER_ASSIGNMENT (  '', '', ( #2791 ) ) ;
#578 = EDGE_CURVE ( 'NONE', #1532, #110, #212, .T. ) ;
#579 = CARTESIAN_POINT ( 'NONE',  ( 1.000000000000000000, 0.2500000000000000000, -0.6999999999999996225 ) ) ;
#580 = FILL_AREA_STYLE_COLOUR ( '', #1890 ) ;
#581 = LINE ( 'NONE', #1689, #1634 ) ;
#582 = EDGE_LOOP ( 'NONE', ( #2589, #3292, #79, #1305, #59, #1906, #3050 ) ) ;
#583 = MANIFOLD_SOLID_BREP ( 'Cut-Extrude2', #290 ) ;
#584 = ADVANCED_FACE ( 'NONE', ( #3270 ), #2471, .F. ) ;
#585 = PLANE ( 'NONE',  #2529 ) ;
#586 = ORIENTED_EDGE ( 'NONE', *, *, #219, .T. ) ;
#587 = DIRECTION ( 'NONE',  ( -0.000000000000000000, 1.000000000000000000, -0.000000000000000000 ) ) ;
#588 = CARTESIAN_POINT ( 'NONE',  ( -0.7200000000000000844, 0.4899999999999999911, 0.5199999999999995737 ) ) ;
#589 = ORIENTED_EDGE ( 'NONE', *, *, #925, .T. ) ;
#590 = FACE_OUTER_BOUND ( 'NONE', #1177, .T. ) ;
#591 = VERTEX_POINT ( 'NONE', #2492 ) ;
#592 = ORIENTED_EDGE ( 'NONE', *, *, #2852, .F. ) ;
#593 = DIRECTION ( 'NONE',  ( 0.000000000000000000, 1.000000000000000000, 0.000000000000000000 ) ) ;
#594 = FACE_OUTER_BOUND ( 'NONE', #2031, .T. ) ;
#595 = VECTOR ( 'NONE', #3250, 1000.000000000000000 ) ;
#596 = EDGE_CURVE ( 'NONE', #440, #508, #3289, .T. ) ;
#597 = AXIS2_PLACEMENT_3D ( 'NONE', #1263, #2363, #3498 ) ;
#598 = PLANE ( 'NONE',  #3126 ) ;
#599 = CARTESIAN_POINT ( 'NONE',  ( -0.3499999999999998113, 0.000000000000000000, -0.8000000000000003775 ) ) ;
#600 = ORIENTED_EDGE ( 'NONE', *, *, #2415, .F. ) ;
#601 = ADVANCED_FACE ( 'NONE', ( #14 ), #2820, .T. ) ;
#602 = LINE ( 'NONE', #2860, #1845 ) ;
#603 = ORIENTED_EDGE ( 'NONE', *, *, #2223, .T. ) ;
#604 = EDGE_CURVE ( 'NONE', #332, #3329, #2288, .T. ) ;
#605 = CARTESIAN_POINT ( 'NONE',  ( -0.7200000000000000844, 0.5000000000000000000, 0.5199999999999995737 ) ) ;
#606 = DIRECTION ( 'NONE',  ( 1.000000000000000000, 0.000000000000000000, 7.529181753371558706E-17 ) ) ;
#607 = ORIENTED_EDGE ( 'NONE', *, *, #2163, .T. ) ;
#608 = ORIENTED_EDGE ( 'NONE', *, *, #2025, .F. ) ;
#609 = VECTOR ( 'NONE', #3412, 1000.000000000000000 ) ;
#610 = DIRECTION ( 'NONE',  ( -0.000000000000000000, 1.000000000000000000, 0.000000000000000000 ) ) ;
#611 = CARTESIAN_POINT ( 'NONE',  ( -0.3499999999999998113, 0.1275000000000000022, -0.4500000000000005662 ) ) ;
#612 = LINE ( 'NONE', #3378, #1296 ) ;
#613 = AXIS2_PLACEMENT_3D ( 'NONE', #1419, #2788, #2255 ) ;
#614 = VECTOR ( 'NONE', #45, 1000.000000000000000 ) ;
#615 =( LENGTH_UNIT ( ) NAMED_UNIT ( * ) SI_UNIT ( .MILLI., .METRE. ) );
#616 = CARTESIAN_POINT ( 'NONE',  ( 0.9300000000000002709, 0.000000000000000000, -0.2499999999999998890 ) ) ;
#617 = PRESENTATION_LAYER_ASSIGNMENT (  '', '', ( #1841 ) ) ;
#618 = CARTESIAN_POINT ( 'NONE',  ( -0.3500000000000000333, 0.1275000000000000022, 0.2499999999999998890 ) ) ;
#619 = ORIENTED_EDGE ( 'NONE', *, *, #1331, .F. ) ;
#620 = MANIFOLD_SOLID_BREP ( 'Boss-Extrude6[1]', #3334 ) ;
#621 = VECTOR ( 'NONE', #1539, 1000.000000000000000 ) ;
#622 = AXIS2_PLACEMENT_3D ( 'NONE', #1578, #2193, #3294 ) ;
#623 = PLANE ( 'NONE',  #2945 ) ;
#624 = EDGE_CURVE ( 'NONE', #1567, #1920, #1781, .T. ) ;
#625 = EDGE_LOOP ( 'NONE', ( #2023, #2209, #828, #2642 ) ) ;
#626 = ADVANCED_FACE ( 'NONE', ( #2233 ), #2054, .F. ) ;
#627 = CARTESIAN_POINT ( 'NONE',  ( 1.000000000000000000, 0.1275000000000000022, -0.6999999999999998446 ) ) ;
#628 = VERTEX_POINT ( 'NONE', #3210 ) ;
#629 = PRESENTATION_STYLE_ASSIGNMENT (( #24 ) ) ;
#630 = ORIENTED_EDGE ( 'NONE', *, *, #453, .F. ) ;
#631 = CARTESIAN_POINT ( 'NONE',  ( -0.9299999999999999378, 0.000000000000000000, 0.8000000000000001554 ) ) ;
#632 = ADVANCED_FACE ( 'NONE', ( #711 ), #2073, .F. ) ;
#633 = CARTESIAN_POINT ( 'NONE',  ( -0.7200000000000000844, 0.4750000000000010325, 0.6999999999999999556 ) ) ;
#634 = LINE ( 'NONE', #365, #1877 ) ;
#635 = DIRECTION ( 'NONE',  ( -0.000000000000000000, 1.000000000000000000, 0.000000000000000000 ) ) ;
#636 = CARTESIAN_POINT ( 'NONE',  ( -0.9299999999999999378, 0.1275000000000000022, -0.6300000000000001155 ) ) ;
#637 = DIRECTION ( 'NONE',  ( 0.000000000000000000, 1.000000000000000000, 0.000000000000000000 ) ) ;
#638 = VERTEX_POINT ( 'NONE', #443 ) ;
#639 = DIRECTION ( 'NONE',  ( -1.000000000000000000, 0.000000000000000000, 0.000000000000000000 ) ) ;
#640 = ORIENTED_EDGE ( 'NONE', *, *, #3142, .T. ) ;
#641 = EDGE_CURVE ( 'NONE', #250, #2885, #3194, .T. ) ;
#642 = AXIS2_PLACEMENT_3D ( 'NONE', #2229, #50, #3114 ) ;
#643 = CARTESIAN_POINT ( 'NONE',  ( 0.7200000000000005285, 3.280350850198277879, -0.6999999999999998446 ) ) ;
#644 = ORIENTED_EDGE ( 'NONE', *, *, #1896, .F. ) ;
#645 = ORIENTED_EDGE ( 'NONE', *, *, #2495, .T. ) ;
#646 = ADVANCED_FACE ( 'NONE', ( #2391 ), #1815, .F. ) ;
#647 = CARTESIAN_POINT ( 'NONE',  ( 0.9300000000000002709, 0.000000000000000000, 0.6299999999999998934 ) ) ;
#648 = CARTESIAN_POINT ( 'NONE',  ( -0.5899999999999976374, 0.1275000000000000022, 0.2499999999999998890 ) ) ;
#649 = CARTESIAN_POINT ( 'NONE',  ( 0.9325499560772706475, 0.2718375329420474329, -0.5199999999999999067 ) ) ;
#650 = EDGE_LOOP ( 'NONE', ( #2849, #305, #493, #1753 ) ) ;
#651 = ADVANCED_FACE ( 'NONE', ( #3507 ), #2108, .F. ) ;
#652 =( LENGTH_UNIT ( ) NAMED_UNIT ( * ) SI_UNIT ( .MILLI., .METRE. ) );
#653 = DIRECTION ( 'NONE',  ( -1.000000000000000000, 0.000000000000000000, -7.529181753371559939E-17 ) ) ;
#654 = CARTESIAN_POINT ( 'NONE',  ( 0.000000000000000000, 0.000000000000000000, -0.7999999999999999334 ) ) ;
#655 = LINE ( 'NONE', #1236, #245 ) ;
#656 = ORIENTED_EDGE ( 'NONE', *, *, #1116, .T. ) ;
#657 = COLOUR_RGB ( '',0.2509803921568627416, 0.2509803921568627416, 0.2509803921568627416 ) ;
#658 = DIRECTION ( 'NONE',  ( 0.000000000000000000, 0.000000000000000000, -1.000000000000000000 ) ) ;
#659 = ORIENTED_EDGE ( 'NONE', *, *, #2761, .F. ) ;
#660 = CARTESIAN_POINT ( 'NONE',  ( 1.000000000000000000, 0.1275000000000000022, -0.7300000000000002043 ) ) ;
#661 = ORIENTED_EDGE ( 'NONE', *, *, #2311, .F. ) ;
#662 = LINE ( 'NONE', #3535, #35 ) ;
#663 = VERTEX_POINT ( 'NONE', #2875 ) ;
#664 = AXIS2_PLACEMENT_3D ( 'NONE', #2121, #1565, #3296 ) ;
#665 = DIRECTION ( 'NONE',  ( -0.000000000000000000, 0.000000000000000000, -1.000000000000000000 ) ) ;
#666 = DIRECTION ( 'NONE',  ( 0.000000000000000000, 1.000000000000000000, 0.000000000000000000 ) ) ;
#667 = EDGE_CURVE ( 'NONE', #3102, #1582, #369, .T. ) ;
#668 = DIRECTION ( 'NONE',  ( 1.000000000000000000, 0.000000000000000000, 0.000000000000000000 ) ) ;
#669 = EDGE_LOOP ( 'NONE', ( #1087, #1169, #1270, #3272 ) ) ;
#670 = DIRECTION ( 'NONE',  ( 0.000000000000000000, -1.000000000000000000, 0.000000000000000000 ) ) ;
#671 = EDGE_CURVE ( 'NONE', #1804, #3388, #3538, .T. ) ;
#672 = DIRECTION ( 'NONE',  ( -1.000000000000000000, 0.000000000000000000, 4.336808689942006692E-15 ) ) ;
#673 = VECTOR ( 'NONE', #3304, 1000.000000000000000 ) ;
#674 = EDGE_LOOP ( 'NONE', ( #2419, #1245, #2699, #3191 ) ) ;
#675 = DIRECTION ( 'NONE',  ( 0.7071067811865441310, 0.000000000000000000, -0.7071067811865507924 ) ) ;
#676 =( GEOMETRIC_REPRESENTATION_CONTEXT ( 3 ) GLOBAL_UNCERTAINTY_ASSIGNED_CONTEXT ( ( #969 ) ) GLOBAL_UNIT_ASSIGNED_CONTEXT ( ( #3373, #2588, #2541 ) ) REPRESENTATION_CONTEXT ( 'NONE', 'WORKASPACE' ) );
#677 = PLANE ( 'NONE',  #1494 ) ;
#678 = LINE ( 'NONE', #2379, #2763 ) ;
#679 = VERTEX_POINT ( 'NONE', #1954 ) ;
#680 = VECTOR ( 'NONE', #2287, 1000.000000000000000 ) ;
#681 = COLOUR_RGB ( '',0.9686274509803921573, 0.8784313725490195957, 0.5999999999999999778 ) ;
#682 = CIRCLE ( 'NONE', #1209, 0.08749999999999968914 ) ;
#683 = LINE ( 'NONE', #395, #1893 ) ;
#684 = ORIENTED_EDGE ( 'NONE', *, *, #1516, .T. ) ;
#685 = DIRECTION ( 'NONE',  ( -1.000000000000000000, 0.000000000000000000, -0.000000000000000000 ) ) ;
#686 = EDGE_LOOP ( 'NONE', ( #3014, #589, #1961, #2383 ) ) ;
#687 = DIRECTION ( 'NONE',  ( 0.000000000000000000, 0.000000000000000000, -1.000000000000000000 ) ) ;
#688 = DIRECTION ( 'NONE',  ( 0.000000000000000000, -1.000000000000000000, 0.000000000000000000 ) ) ;
#689 = CARTESIAN_POINT ( 'NONE',  ( -0.9550000000000002931, 0.2550000000000000600, 0.6576598128423226663 ) ) ;
#690 = ORIENTED_EDGE ( 'NONE', *, *, #1731, .T. ) ;
#691 = ADVANCED_FACE ( 'NONE', ( #2238 ), #1652, .T. ) ;
#692 = FACE_OUTER_BOUND ( 'NONE', #2039, .T. ) ;
#693 = CARTESIAN_POINT ( 'NONE',  ( 0.9200000000000001510, 0.2969374450965875378, 0.5199999999999994627 ) ) ;
#694 = EDGE_CURVE ( 'NONE', #1711, #1027, #1079, .T. ) ;
#695 = DIRECTION ( 'NONE',  ( -1.000000000000000000, 0.000000000000000000, 0.000000000000000000 ) ) ;
#696 = CARTESIAN_POINT ( 'NONE',  ( -0.9300000000000002709, 0.000000000000000000, 0.6299999999999995604 ) ) ;
#697 = LINE ( 'NONE', #1075, #2296 ) ;
#698 = ORIENTED_EDGE ( 'NONE', *, *, #1707, .F. ) ;
#699 = ADVANCED_FACE ( 'NONE', ( #3070 ), #3047, .F. ) ;
#700 = DIRECTION ( 'NONE',  ( -1.000000000000000000, 0.000000000000000000, -2.085004177856735617E-16 ) ) ;
#701 = EDGE_LOOP ( 'NONE', ( #81, #640, #1211, #1676, #1730, #2510, #102 ) ) ;
#702 = CARTESIAN_POINT ( 'NONE',  ( -0.8749999999999997780, 0.5000000000000001110, -0.6107968978321701714 ) ) ;
#703 = ORIENTED_EDGE ( 'NONE', *, *, #3192, .F. ) ;
#704 =( BOUNDED_CURVE ( )  B_SPLINE_CURVE ( 3, ( #1302, #2066, #418, #943 ),
 .UNSPECIFIED., .F., .F. ) 
 B_SPLINE_CURVE_WITH_KNOTS ( ( 4, 4 ),
 ( 0.000000000000000000, 1.000000000000000000 ),
 .UNSPECIFIED. ) 
 CURVE ( )  GEOMETRIC_REPRESENTATION_ITEM ( )  RATIONAL_B_SPLINE_CURVE ( ( 1.000000000000000000, 0.8047378541243652705, 0.8047378541243652705, 1.000000000000000000 ) ) 
 REPRESENTATION_ITEM ( '' )  );
#705 = CARTESIAN_POINT ( 'NONE',  ( 0.3500000000000001998, 0.1275000000000000022, 0.2500000000000000555 ) ) ;
#706 = VECTOR ( 'NONE', #2267, 1000.000000000000000 ) ;
#707 = LINE ( 'NONE', #2048, #2935 ) ;
#708 = LINE ( 'NONE', #1304, #2220 ) ;
#709 = ORIENTED_EDGE ( 'NONE', *, *, #1805, .T. ) ;
#710 = CARTESIAN_POINT ( 'NONE',  ( -0.8750000000000006661, 0.5000000000000000000, 0.6107968978321699494 ) ) ;
#711 = FACE_OUTER_BOUND ( 'NONE', #625, .T. ) ;
#712 = CARTESIAN_POINT ( 'NONE',  ( -1.000000000000000000, 0.1275000000000000022, 0.2500000000000000000 ) ) ;
#713 = ADVANCED_FACE ( 'NONE', ( #3623 ), #1118, .F. ) ;
#714 = UNCERTAINTY_MEASURE_WITH_UNIT (LENGTH_MEASURE( 1.000000000000000082E-05 ), #652, 'distance_accuracy_value', 'NONE');
#715 = LINE ( 'NONE', #733, #2831 ) ;
#716 = LINE ( 'NONE', #1819, #2590 ) ;
#717 = CARTESIAN_POINT ( 'NONE',  ( -0.8299999999999999600, 0.1275000000000000022, -0.7300000000000002043 ) ) ;
#718 = EDGE_CURVE ( 'NONE', #1451, #628, #2764, .T. ) ;
#719 = ORIENTED_EDGE ( 'NONE', *, *, #159, .F. ) ;
#720 = VECTOR ( 'NONE', #120, 1000.000000000000000 ) ;
#721 = AXIS2_PLACEMENT_3D ( 'NONE', #881, #3327, #3005 ) ;
#722 = CARTESIAN_POINT ( 'NONE',  ( -0.7200000000000000844, 0.4049999999999999711, -0.7199999999999999734 ) ) ;
#723 = VERTEX_POINT ( 'NONE', #2728 ) ;
#724 = EDGE_CURVE ( 'NONE', #1904, #3369, #1974, .T. ) ;
#725 = CARTESIAN_POINT ( 'NONE',  ( -0.7200000000000003064, 0.3250000000000000666, 0.5199999999999996847 ) ) ;
#726 = ORIENTED_EDGE ( 'NONE', *, *, #271, .F. ) ;
#727 = CARTESIAN_POINT ( 'NONE',  ( 0.7200000000000005285, 0.5000000000000000000, -0.6749999999999999334 ) ) ;
#728 = DIRECTION ( 'NONE',  ( 0.000000000000000000, -1.000000000000000000, -0.000000000000000000 ) ) ;
#729 = CARTESIAN_POINT ( 'NONE',  ( 0.7200000000000005285, 0.2550000000000000044, 0.7549999999999998934 ) ) ;
#730 = EDGE_LOOP ( 'NONE', ( #2735, #1527, #1759, #2994 ) ) ;
#731 = LINE ( 'NONE', #2669, #1026 ) ;
#732 = CYLINDRICAL_SURFACE ( 'NONE', #3281, 0.08749999999999946709 ) ;
#733 = CARTESIAN_POINT ( 'NONE',  ( 0.8999999999999999112, 0.2500000000000000000, -0.7999999999999999334 ) ) ;
#734 = DIRECTION ( 'NONE',  ( -1.000000000000000000, 0.000000000000000000, 0.000000000000000000 ) ) ;
#735 = VECTOR ( 'NONE', #529, 1000.000000000000000 ) ;
#736 = EDGE_LOOP ( 'NONE', ( #698, #2796, #1023, #1220 ) ) ;
#737 = CIRCLE ( 'NONE', #92, 0.2350000000000000699 ) ;
#738 = VECTOR ( 'NONE', #2539, 1000.000000000000114 ) ;
#739 = EDGE_CURVE ( 'NONE', #3257, #2629, #737, .T. ) ;
#740 = CIRCLE ( 'NONE', #38, 0.1800000000000001599 ) ;
#741 = VERTEX_POINT ( 'NONE', #3607 ) ;
#742 = AXIS2_PLACEMENT_3D ( 'NONE', #743, #2044, #2478 ) ;
#743 = CARTESIAN_POINT ( 'NONE',  ( 1.000000000000000000, 0.1275000000000000022, 0.8000000000000003775 ) ) ;
#744 = VERTEX_POINT ( 'NONE', #291 ) ;
#745 = AXIS2_PLACEMENT_3D ( 'NONE', #1224, #1709, #3404 ) ;
#746 = EDGE_CURVE ( 'NONE', #5, #1902, #40, .T. ) ;
#747 = LINE ( 'NONE', #468, #3170 ) ;
#748 = ORIENTED_EDGE ( 'NONE', *, *, #1116, .F. ) ;
#749 =( NAMED_UNIT ( * ) PLANE_ANGLE_UNIT ( ) SI_UNIT ( $, .RADIAN. ) );
#750 = ORIENTED_EDGE ( 'NONE', *, *, #2140, .F. ) ;
#751 = FACE_OUTER_BOUND ( 'NONE', #3321, .T. ) ;
#752 = CARTESIAN_POINT ( 'NONE',  ( 0.9200000000000000400, 0.3250000000000000666, 0.5199999999999995737 ) ) ;
#753 = CARTESIAN_POINT ( 'NONE',  ( -0.7200000000000000844, 3.280350850198277879, -0.5200000000000000178 ) ) ;
#754 = CARTESIAN_POINT ( 'NONE',  ( -0.3499999999999997558, 0.1275000000000000022, -0.7300000000000002043 ) ) ;
#755 = CARTESIAN_POINT ( 'NONE',  ( 0.3500000000000002554, 0.000000000000000000, -0.2499999999999998890 ) ) ;
#756 = EDGE_LOOP ( 'NONE', ( #2929, #278, #222, #2259 ) ) ;
#757 = ORIENTED_EDGE ( 'NONE', *, *, #3443, .T. ) ;
#758 = DIRECTION ( 'NONE',  ( 0.000000000000000000, 0.000000000000000000, -1.000000000000000000 ) ) ;
#759 = EDGE_LOOP ( 'NONE', ( #2528, #2600, #726, #2479, #481, #3541, #661, #1772 ) ) ;
#760 = EDGE_CURVE ( 'NONE', #1895, #3183, #1914, .T. ) ;
#761 = CARTESIAN_POINT ( 'NONE',  ( 0.8750000000000003331, 0.5000000000000000000, 0.5200000000000000178 ) ) ;
#762 = FACE_OUTER_BOUND ( 'NONE', #1066, .T. ) ;
#763 = ORIENTED_EDGE ( 'NONE', *, *, #1786, .F. ) ;
#764 = CARTESIAN_POINT ( 'NONE',  ( -0.9325499560772705365, 0.2718375329420475439, 0.6445088815882590305 ) ) ;
#765 = VERTEX_POINT ( 'NONE', #3367 ) ;
#766 = ADVANCED_FACE ( 'NONE', ( #794 ), #585, .F. ) ;
#767 = CLOSED_SHELL ( 'NONE', ( #3236, #3595, #962, #2372, #2367, #2644, #263, #86, #2751 ) ) ;
#768 = CARTESIAN_POINT ( 'NONE',  ( -0.8999999999999999112, 5.421010862427522170E-17, 0.8000000000000001554 ) ) ;
#769 = PLANE ( 'NONE',  #2807 ) ;
#770 = EDGE_CURVE ( 'NONE', #1738, #3257, #682, .T. ) ;
#771 = LINE ( 'NONE', #2785, #3143 ) ;
#772 = DIRECTION ( 'NONE',  ( -1.000000000000000000, 0.000000000000000000, 0.000000000000000000 ) ) ;
#773 = VERTEX_POINT ( 'NONE', #2532 ) ;
#774 = EDGE_LOOP ( 'NONE', ( #1406, #1697, #2434, #3216, #3445, #2062, #2659, #275 ) ) ;
#775 = FACE_OUTER_BOUND ( 'NONE', #650, .T. ) ;
#776 = PRESENTATION_LAYER_ASSIGNMENT (  '', '', ( #2742 ) ) ;
#777 = ORIENTED_EDGE ( 'NONE', *, *, #1710, .F. ) ;
#778 = AXIS2_PLACEMENT_3D ( 'NONE', #2821, #2580, #55 ) ;
#779 = CARTESIAN_POINT ( 'NONE',  ( -0.5500000000000003775, 0.1275000000000000022, -0.2500000000000002220 ) ) ;
#780 = CARTESIAN_POINT ( 'NONE',  ( 0.000000000000000000, 0.000000000000000000, -0.2499999999999998890 ) ) ;
#781 = ORIENTED_EDGE ( 'NONE', *, *, #2394, .F. ) ;
#782 = LINE ( 'NONE', #239, #3222 ) ;
#783 = VERTEX_POINT ( 'NONE', #2258 ) ;
#784 = EDGE_CURVE ( 'NONE', #451, #216, #1897, .T. ) ;
#785 = DIRECTION ( 'NONE',  ( 0.7071067811865470176, 0.000000000000000000, -0.7071067811865481278 ) ) ;
#786 = CARTESIAN_POINT ( 'NONE',  ( -1.000000000000000000, 0.2500000000000000000, -0.6999999999999997335 ) ) ;
#787 = DIRECTION ( 'NONE',  ( 2.258754526011467242E-16, 0.000000000000000000, -1.000000000000000000 ) ) ;
#788 = EDGE_CURVE ( 'NONE', #522, #1663, #2190, .T. ) ;
#789 = CARTESIAN_POINT ( 'NONE',  ( -0.8299999999999999600, 0.000000000000000000, -0.7300000000000002043 ) ) ;
#790 = LINE ( 'NONE', #3312, #3594 ) ;
#791 = DIRECTION ( 'NONE',  ( 0.000000000000000000, -1.000000000000000000, 0.000000000000000000 ) ) ;
#792 = ORIENTED_EDGE ( 'NONE', *, *, #1912, .F. ) ;
#793 = VECTOR ( 'NONE', #2230, 1000.000000000000000 ) ;
#794 = FACE_OUTER_BOUND ( 'NONE', #3255, .T. ) ;
#795 = AXIS2_PLACEMENT_3D ( 'NONE', #1930, #3345, #519 ) ;
#796 = EDGE_LOOP ( 'NONE', ( #3605, #1060, #1123, #1548 ) ) ;
#797 = DIRECTION ( 'NONE',  ( 0.7071067811865447972, 0.000000000000000000, -0.7071067811865502373 ) ) ;
#798 = EDGE_LOOP ( 'NONE', ( #3049, #232, #3337, #999 ) ) ;
#799 = AXIS2_PLACEMENT_3D ( 'NONE', #3129, #2848, #2568 ) ;
#800 = AXIS2_PLACEMENT_3D ( 'NONE', #725, #2622, #432 ) ;
#801 = CARTESIAN_POINT ( 'NONE',  ( 0.9000000000000003553, 0.4750000000000010325, 0.5199999999999999067 ) ) ;
#802 = ORIENTED_EDGE ( 'NONE', *, *, #1640, .T. ) ;
#803 = VERTEX_POINT ( 'NONE', #231 ) ;
#804 = AXIS2_PLACEMENT_3D ( 'NONE', #3004, #3563, #1365 ) ;
#805 = AXIS2_PLACEMENT_3D ( 'NONE', #2897, #2614, #422 ) ;
#806 = DIRECTION ( 'NONE',  ( -1.000000000000000000, 0.000000000000000000, 0.000000000000000000 ) ) ;
#807 = ADVANCED_FACE ( 'NONE', ( #2748 ), #251, .T. ) ;
#808 = CARTESIAN_POINT ( 'NONE',  ( 0.8300000000000004041, 0.9789693182963199458, -0.7299999999999999822 ) ) ;
#809 = CARTESIAN_POINT ( 'NONE',  ( -0.7200000000000000844, 3.280350850198277879, 0.6999999999999999556 ) ) ;
#810 = LINE ( 'NONE', #287, #1996 ) ;
#811 = VERTEX_POINT ( 'NONE', #935 ) ;
#812 = ADVANCED_FACE ( 'NONE', ( #2844 ), #327, .F. ) ;
#813 = CARTESIAN_POINT ( 'NONE',  ( -1.000000000000000000, 0.2500000000000000000, 0.8000000000000001554 ) ) ;
#814 = CARTESIAN_POINT ( 'NONE',  ( 0.7200000000000005285, 0.4750000000000010325, -0.6999999999999998446 ) ) ;
#815 = EDGE_LOOP ( 'NONE', ( #983, #1393, #3096, #1354 ) ) ;
#816 = LINE ( 'NONE', #832, #1641 ) ;
#817 = CARTESIAN_POINT ( 'NONE',  ( 1.000000000000000000, 0.9789693182963199458, 0.7000000000000000666 ) ) ;
#818 = ORIENTED_EDGE ( 'NONE', *, *, #1661, .F. ) ;
#819 =( NAMED_UNIT ( * ) PLANE_ANGLE_UNIT ( ) SI_UNIT ( $, .RADIAN. ) );
#820 = EDGE_LOOP ( 'NONE', ( #855, #449, #1500, #1708 ) ) ;
#821 = CARTESIAN_POINT ( 'NONE',  ( -0.9325499560772698704, 0.2718375329420475439, -0.5200000000000001288 ) ) ;
#822 = CARTESIAN_POINT ( 'NONE',  ( -0.3499999999999998668, 0.1275000000000000022, 0.2499999999999999445 ) ) ;
#823 = CARTESIAN_POINT ( 'NONE',  ( -0.9200000000000000400, 0.4049999999999999711, -0.5200000000000000178 ) ) ;
#824 = LINE ( 'NONE', #1892, #3184 ) ;
#825 = EDGE_CURVE ( 'NONE', #2486, #1711, #2615, .T. ) ;
#826 = DIRECTION ( 'NONE',  ( -9.346570452461242826E-17, 0.000000000000000000, 1.000000000000000000 ) ) ;
#827 = CLOSED_SHELL ( 'NONE', ( #812, #2329, #1428, #2847, #601, #2052, #2000, #350, #2518 ) ) ;
#828 = ORIENTED_EDGE ( 'NONE', *, *, #458, .F. ) ;
#829 = CARTESIAN_POINT ( 'NONE',  ( 1.000000000000000222, 0.000000000000000000, -0.8000000000000001554 ) ) ;
#830 = ADVANCED_FACE ( 'NONE', ( #1989 ), #1496, .F. ) ;
#831 = EDGE_LOOP ( 'NONE', ( #2587, #3138, #2137, #976 ) ) ;
#832 = CARTESIAN_POINT ( 'NONE',  ( -0.9299999999999999378, 0.1275000000000000022, -0.6299999999999998934 ) ) ;
#833 = ADVANCED_FACE ( 'NONE', ( #2550 ), #2292, .F. ) ;
#834 = CARTESIAN_POINT ( 'NONE',  ( -0.3499999999999998113, 0.000000000000000000, 0.8000000000000001554 ) ) ;
#835 = EDGE_LOOP ( 'NONE', ( #2549, #3162 ) ) ;
#836 = DIRECTION ( 'NONE',  ( -1.000000000000000000, 0.000000000000000000, 0.000000000000000000 ) ) ;
#837 = VERTEX_POINT ( 'NONE', #1732 ) ;
#838 = VECTOR ( 'NONE', #3134, 1000.000000000000000 ) ;
#839 = VERTEX_POINT ( 'NONE', #3176 ) ;
#840 = CARTESIAN_POINT ( 'NONE',  ( -0.9199999999999998179, 0.3250000000000001221, -0.5200000000000001288 ) ) ;
#841 = DIRECTION ( 'NONE',  ( -0.000000000000000000, -1.000000000000000000, -0.000000000000000000 ) ) ;
#842 = DIRECTION ( 'NONE',  ( 0.000000000000000000, 4.613626265895758136E-16, -1.000000000000000000 ) ) ;
#843 = LINE ( 'NONE', #286, #2356 ) ;
#844 = SURFACE_STYLE_USAGE ( .BOTH. , #248 ) ;
#845 = DIRECTION ( 'NONE',  ( 0.000000000000000000, 1.000000000000000000, 0.000000000000000000 ) ) ;
#846 =( BOUNDED_SURFACE ( )  B_SPLINE_SURFACE ( 3, 3, ( 
 ( #3262, #2105, #1829, #2628 ),
 ( #439, #1504, #2370, #1014 ),
 ( #3207, #1552, #764, #1812 ),
 ( #1868, #2667, #689, #2123 ) ),
 .UNSPECIFIED., .F., .F., .F. ) 
 B_SPLINE_SURFACE_WITH_KNOTS ( ( 4, 4 ),
 ( 4, 4 ),
 ( 0.000000000000000000, 1.000000000000000000 ),
 ( 0.000000000000000000, 1.000000000000000000 ),
 .UNSPECIFIED. ) 
 GEOMETRIC_REPRESENTATION_ITEM ( )  RATIONAL_B_SPLINE_SURFACE ( (
 ( 1.000000000000000000, 0.8047378541243652705, 0.8047378541243652705, 1.000000000000000000),
 ( 0.9296181273332774220, 0.7480988969452926352, 0.7480988969452926352, 0.9296181273332774220),
 ( 0.9296181273332774220, 0.7480988969452926352, 0.7480988969452926352, 0.9296181273332774220),
 ( 1.000000000000000000, 0.8047378541243652705, 0.8047378541243652705, 1.000000000000000000) ) ) 
 REPRESENTATION_ITEM ( '' )  SURFACE ( )  );
#847 = AXIS2_PLACEMENT_3D ( 'NONE', #382, #103, #1217 ) ;
#848 = EDGE_LOOP ( 'NONE', ( #1544, #187, #191, #1475 ) ) ;
#849 = DIRECTION ( 'NONE',  ( 0.000000000000000000, -1.000000000000000000, 0.000000000000000000 ) ) ;
#850 = ORIENTED_EDGE ( 'NONE', *, *, #1166, .F. ) ;
#851 = ORIENTED_EDGE ( 'NONE', *, *, #1336, .F. ) ;
#852 = ADVANCED_FACE ( 'NONE', ( #2006 ), #950, .F. ) ;
#853 = CARTESIAN_POINT ( 'NONE',  ( 0.7200000000000004174, 0.4750000000000010325, -0.7000000000000001776 ) ) ;
#854 = DIRECTION ( 'NONE',  ( -5.706327223607922485E-16, 0.000000000000000000, 1.000000000000000000 ) ) ;
#855 = ORIENTED_EDGE ( 'NONE', *, *, #1568, .T. ) ;
#856 = AXIS2_PLACEMENT_3D ( 'NONE', #2156, #2991, #491 ) ;
#857 = EDGE_LOOP ( 'NONE', ( #763, #933, #513, #1550 ) ) ;
#858 = ADVANCED_FACE ( 'NONE', ( #2583 ), #677, .T. ) ;
#859 = DIRECTION ( 'NONE',  ( 0.000000000000000000, 1.000000000000000000, 0.000000000000000000 ) ) ;
#860 = CARTESIAN_POINT ( 'NONE',  ( 1.000000000000000000, 0.1275000000000000022, 0.2500000000000000000 ) ) ;
#861 = CARTESIAN_POINT ( 'NONE',  ( 0.8750000000000000000, 0.5000000000000001110, 0.6107968978321706155 ) ) ;
#862 = AXIS2_PLACEMENT_3D ( 'NONE', #2547, #2308, #338 ) ;
#863 = MECHANICAL_DESIGN_GEOMETRIC_PRESENTATION_REPRESENTATION (  '', ( #1257 ), #3366 ) ;
#864 = VECTOR ( 'NONE', #920, 1000.000000000000000 ) ;
#865 = DIRECTION ( 'NONE',  ( -0.000000000000000000, 1.000000000000000000, -0.000000000000000000 ) ) ;
#866 = LINE ( 'NONE', #1951, #1524 ) ;
#867 = EDGE_LOOP ( 'NONE', ( #1243, #3408, #1883, #2402 ) ) ;
#868 = EDGE_LOOP ( 'NONE', ( #882, #2989, #62, #3586 ) ) ;
#869 = DIRECTION ( 'NONE',  ( -1.000000000000000000, 0.000000000000000000, -0.000000000000000000 ) ) ;
#870 = DIRECTION ( 'NONE',  ( -1.000000000000000000, 0.000000000000000000, 0.000000000000000000 ) ) ;
#871 = ORIENTED_EDGE ( 'NONE', *, *, #3027, .T. ) ;
#872 = ADVANCED_FACE ( 'NONE', ( #2565 ), #623, .T. ) ;
#873 = FILL_AREA_STYLE ('',( #3556 ) ) ;
#874 = EDGE_LOOP ( 'NONE', ( #1175, #1214, #2571, #2050 ) ) ;
#875 = LINE ( 'NONE', #335, #1227 ) ;
#876 = LINE ( 'NONE', #1702, #3591 ) ;
#877 = EDGE_CURVE ( 'NONE', #393, #1234, #884, .T. ) ;
#878 = DIRECTION ( 'NONE',  ( 0.000000000000000000, -0.000000000000000000, 1.000000000000000000 ) ) ;
#879 = DIRECTION ( 'NONE',  ( 0.000000000000000000, 1.000000000000000000, 0.000000000000000000 ) ) ;
#880 = EDGE_CURVE ( 'NONE', #741, #1207, #3158, .T. ) ;
#881 = CARTESIAN_POINT ( 'NONE',  ( -0.7200000000000000844, 0.4899999999999999911, 0.5199999999999995737 ) ) ;
#882 = ORIENTED_EDGE ( 'NONE', *, *, #2826, .T. ) ;
#883 = VECTOR ( 'NONE', #2320, 1000.000000000000000 ) ;
#884 = LINE ( 'NONE', #75, #864 ) ;
#885 = VERTEX_POINT ( 'NONE', #2602 ) ;
#886 = CARTESIAN_POINT ( 'NONE',  ( 0.9300000000000002709, 0.1275000000000000022, 0.8000000000000003775 ) ) ;
#887 = CYLINDRICAL_SURFACE ( 'NONE', #1718, 0.05999999999999994227 ) ;
#888 = ORIENTED_EDGE ( 'NONE', *, *, #3081, .T. ) ;
#889 = CARTESIAN_POINT ( 'NONE',  ( 0.3500000000000001998, 0.9789693182963199458, 0.2500000000000000555 ) ) ;
#890 = ORIENTED_EDGE ( 'NONE', *, *, #3290, .F. ) ;
#891 = CARTESIAN_POINT ( 'NONE',  ( -0.8299999999999999600, 0.1275000000000000022, -0.7300000000000002043 ) ) ;
#892 = DIRECTION ( 'NONE',  ( -0.000000000000000000, -1.000000000000000000, -0.000000000000000000 ) ) ;
#893 = LINE ( 'NONE', #29, #3518 ) ;
#894 = VECTOR ( 'NONE', #1344, 1000.000000000000000 ) ;
#895 = EDGE_CURVE ( 'NONE', #3400, #116, #1191, .T. ) ;
#896 =( NAMED_UNIT ( * ) PLANE_ANGLE_UNIT ( ) SI_UNIT ( $, .RADIAN. ) );
#897 = AXIS2_PLACEMENT_3D ( 'NONE', #2858, #89, #3415 ) ;
#898 = CARTESIAN_POINT ( 'NONE',  ( -5.082197683525803883E-17, 0.4749999999999999778, 0.6750000000000001554 ) ) ;
#899 = DIRECTION ( 'NONE',  ( 0.000000000000000000, 1.000000000000000000, 0.000000000000000000 ) ) ;
#900 = VERTEX_POINT ( 'NONE', #391 ) ;
#901 = EDGE_CURVE ( 'NONE', #2902, #1282, #1477, .T. ) ;
#902 = DIRECTION ( 'NONE',  ( 1.000000000000000000, 0.000000000000000000, 0.000000000000000000 ) ) ;
#903 = ORIENTED_EDGE ( 'NONE', *, *, #473, .F. ) ;
#904 = PLANE ( 'NONE',  #319 ) ;
#905 = ORIENTED_EDGE ( 'NONE', *, *, #3571, .F. ) ;
#906 = DIRECTION ( 'NONE',  ( 1.000000000000000000, 0.000000000000000000, 2.258754526011467242E-16 ) ) ;
#907 = ORIENTED_EDGE ( 'NONE', *, *, #1331, .T. ) ;
#908 = VECTOR ( 'NONE', #1882, 1000.000000000000000 ) ;
#909 = LINE ( 'NONE', #3434, #3473 ) ;
#910 = AXIS2_PLACEMENT_3D ( 'NONE', #3233, #60, #3512 ) ;
#911 = CARTESIAN_POINT ( 'NONE',  ( 0.9200000000000003730, 0.2969374450965875378, -0.6371572875253807000 ) ) ;
#912 = CIRCLE ( 'NONE', #2646, 0.02499999999999995628 ) ;
#913 = VECTOR ( 'NONE', #2431, 1000.000000000000000 ) ;
#914 = DIRECTION ( 'NONE',  ( -1.000000000000000000, 0.000000000000000000, 0.000000000000000000 ) ) ;
#915 = VECTOR ( 'NONE', #80, 1000.000000000000000 ) ;
#916 = CARTESIAN_POINT ( 'NONE',  ( 1.000000000000000000, 0.1275000000000000022, 0.8000000000000001554 ) ) ;
#917 = ORIENTED_EDGE ( 'NONE', *, *, #3379, .F. ) ;
#918 = AXIS2_PLACEMENT_3D ( 'NONE', #2390, #1037, #3193 ) ;
#919 = AXIS2_PLACEMENT_3D ( 'NONE', #2153, #2988, #1598 ) ;
#920 = DIRECTION ( 'NONE',  ( 0.000000000000000000, 1.000000000000000000, 0.000000000000000000 ) ) ;
#921 = EDGE_CURVE ( 'NONE', #1445, #308, #602, .T. ) ;
#922 = ORIENTED_EDGE ( 'NONE', *, *, #957, .T. ) ;
#923 = PLANE ( 'NONE',  #428 ) ;
#924 = VERTEX_POINT ( 'NONE', #3422 ) ;
#925 = EDGE_CURVE ( 'NONE', #3277, #1532, #1239, .T. ) ;
#926 = DIRECTION ( 'NONE',  ( 0.7071067811865464625, 0.000000000000000000, 0.7071067811865486830 ) ) ;
#927 = EDGE_LOOP ( 'NONE', ( #385, #2697, #173, #1699 ) ) ;
#928 = PLANE ( 'NONE',  #64 ) ;
#929 = FACE_OUTER_BOUND ( 'NONE', #131, .T. ) ;
#930 = FACE_OUTER_BOUND ( 'NONE', #1603, .T. ) ;
#931 = LINE ( 'NONE', #1167, #2018 ) ;
#932 = DIRECTION ( 'NONE',  ( -0.000000000000000000, -1.000000000000000000, -0.000000000000000000 ) ) ;
#933 = ORIENTED_EDGE ( 'NONE', *, *, #1964, .F. ) ;
#934 = PRODUCT_DEFINITION ( 'UNKNOWN', '', #2670, #1801 ) ;
#935 = CARTESIAN_POINT ( 'NONE',  ( 0.7200000000000004174, 0.4750000000000008105, 0.7000000000000000666 ) ) ;
#936 = ORIENTED_EDGE ( 'NONE', *, *, #937, .T. ) ;
#937 = EDGE_CURVE ( 'NONE', #3183, #259, #1767, .T. ) ;
#938 = CARTESIAN_POINT ( 'NONE',  ( 0.8595826963244265206, 0.5000000000000000000, -0.5993359184731912315 ) ) ;
#939 = ORIENTED_EDGE ( 'NONE', *, *, #527, .T. ) ;
#940 = ORIENTED_EDGE ( 'NONE', *, *, #1778, .F. ) ;
#941 = EDGE_CURVE ( 'NONE', #3388, #1478, #2825, .T. ) ;
#942 = CARTESIAN_POINT ( 'NONE',  ( -0.8999999999999998002, 0.2550000000000000044, -0.8000000000000001554 ) ) ;
#943 = CARTESIAN_POINT ( 'NONE',  ( 0.7200000000000005285, 0.5000000000000000000, 0.6750000000000000444 ) ) ;
#944 = CARTESIAN_POINT ( 'NONE',  ( 0.7200000000000006395, 0.2550000000000001155, -0.7550000000000001155 ) ) ;
#945 = ORIENTED_EDGE ( 'NONE', *, *, #3419, .F. ) ;
#946 = CARTESIAN_POINT ( 'NONE',  ( -0.8299999999999999600, 0.000000000000000000, 0.7299999999999998712 ) ) ;
#947 = LINE ( 'NONE', #1987, #2924 ) ;
#948 = ORIENTED_EDGE ( 'NONE', *, *, #159, .T. ) ;
#949 = VECTOR ( 'NONE', #2505, 1000.000000000000000 ) ;
#950 = PLANE ( 'NONE',  #745 ) ;
#951 = ORIENTED_EDGE ( 'NONE', *, *, #2962, .T. ) ;
#952 = CYLINDRICAL_SURFACE ( 'NONE', #1431, 0.02499999999999995628 ) ;
#953 = VERTEX_POINT ( 'NONE', #1258 ) ;
#954 = DIRECTION ( 'NONE',  ( 9.346570452461246523E-17, 0.000000000000000000, -1.000000000000000000 ) ) ;
#955 = ORIENTED_EDGE ( 'NONE', *, *, #1297, .T. ) ;
#956 =( BOUNDED_SURFACE ( )  B_SPLINE_SURFACE ( 3, 3, ( 
 ( #752, #1291, #1307, #1836 ),
 ( #693, #444, #2409, #2392 ),
 ( #1857, #1541, #2964, #3545 ),
 ( #140, #1799, #1326, #1038 ) ),
 .UNSPECIFIED., .F., .F., .F. ) 
 B_SPLINE_SURFACE_WITH_KNOTS ( ( 4, 4 ),
 ( 4, 4 ),
 ( 0.000000000000000000, 1.000000000000000000 ),
 ( 0.000000000000000000, 1.000000000000000000 ),
 .UNSPECIFIED. ) 
 GEOMETRIC_REPRESENTATION_ITEM ( )  RATIONAL_B_SPLINE_SURFACE ( (
 ( 1.000000000000000000, 0.8047378541243649375, 0.8047378541243649375, 1.000000000000000000),
 ( 0.9296181273332777550, 0.7480988969452926352, 0.7480988969452926352, 0.9296181273332777550),
 ( 0.9296181273332777550, 0.7480988969452926352, 0.7480988969452926352, 0.9296181273332777550),
 ( 1.000000000000000000, 0.8047378541243649375, 0.8047378541243649375, 1.000000000000000000) ) ) 
 REPRESENTATION_ITEM ( '' )  SURFACE ( )  );
#957 = EDGE_CURVE ( 'NONE', #332, #1895, #3269, .T. ) ;
#958 = DIRECTION ( 'NONE',  ( 1.000000000000000000, 0.000000000000000000, 0.000000000000000000 ) ) ;
#959 = CARTESIAN_POINT ( 'NONE',  ( 0.7200000000000005285, 0.4049999999999999711, -0.7200000000000000844 ) ) ;
#960 = CARTESIAN_POINT ( 'NONE',  ( 0.7200000000000005285, 0.2550000000000000044, 0.5199999999999996847 ) ) ;
#961 = ORIENTED_EDGE ( 'NONE', *, *, #2930, .F. ) ;
#962 = ADVANCED_FACE ( 'NONE', ( #2148 ), #1019, .T. ) ;
#963 = AXIS2_PLACEMENT_3D ( 'NONE', #3188, #688, #2906 ) ;
#964 = COLOUR_RGB ( '',0.2509803921568627416, 0.2509803921568627416, 0.2509803921568627416 ) ;
#965 = FACE_OUTER_BOUND ( 'NONE', #3497, .T. ) ;
#966 = CARTESIAN_POINT ( 'NONE',  ( -0.9300000000000001599, 0.9789693182963199458, -0.2500000000000001665 ) ) ;
#967 = DIRECTION ( 'NONE',  ( 1.000000000000000000, 0.000000000000000000, 0.000000000000000000 ) ) ;
#968 = AXIS2_PLACEMENT_3D ( 'NONE', #722, #2316, #378 ) ;
#969 = UNCERTAINTY_MEASURE_WITH_UNIT (LENGTH_MEASURE( 1.000000000000000082E-05 ), #3373, 'distance_accuracy_value', 'NONE');
#970 = CARTESIAN_POINT ( 'NONE',  ( -0.8999999999999998002, 0.4896446609406732153, 0.6254415587728423542 ) ) ;
#971 = COLOUR_RGB ( '',0.9686274509803921573, 0.8784313725490195957, 0.5999999999999999778 ) ;
#972 = DIRECTION ( 'NONE',  ( 0.000000000000000000, 1.000000000000000000, 0.000000000000000000 ) ) ;
#973 = ORIENTED_EDGE ( 'NONE', *, *, #43, .F. ) ;
#974 = VECTOR ( 'NONE', #2597, 1000.000000000000114 ) ;
#975 = DIRECTION ( 'NONE',  ( -0.000000000000000000, -0.000000000000000000, 1.000000000000000000 ) ) ;
#976 = ORIENTED_EDGE ( 'NONE', *, *, #347, .F. ) ;
#977 = CARTESIAN_POINT ( 'NONE',  ( -0.9000000000000003553, 3.280350850198277879, -0.5200000000000000178 ) ) ;
#978 = ORIENTED_EDGE ( 'NONE', *, *, #3052, .F. ) ;
#979 = EDGE_CURVE ( 'NONE', #3028, #1450, #3547, .T. ) ;
#980 = CARTESIAN_POINT ( 'NONE',  ( 0.3500000000000000333, 0.1275000000000000022, 0.7300000000000000933 ) ) ;
#981 = PLANE ( 'NONE',  #1136 ) ;
#982 = DIRECTION ( 'NONE',  ( -1.000000000000000000, 0.000000000000000000, -0.000000000000000000 ) ) ;
#983 = ORIENTED_EDGE ( 'NONE', *, *, #2512, .F. ) ;
#984 = EDGE_CURVE ( 'NONE', #1446, #393, #2595, .T. ) ;
#985 = CARTESIAN_POINT ( 'NONE',  ( -0.6600000000000001421, 0.5000000000000000000, 0.5199999999999995737 ) ) ;
#986 = DIRECTION ( 'NONE',  ( 0.7071067811865502373, 0.000000000000000000, 0.7071067811865447972 ) ) ;
#987 = CARTESIAN_POINT ( 'NONE',  ( -1.000000000000000000, 0.2550000000000000044, -0.6999999999999996225 ) ) ;
#988 = ADVANCED_FACE ( 'NONE', ( #1842 ), #1040, .T. ) ;
#989 = DIRECTION ( 'NONE',  ( -1.000000000000000000, 0.000000000000000000, 1.042502088928369904E-16 ) ) ;
#990 = FACE_OUTER_BOUND ( 'NONE', #1622, .T. ) ;
#991 = ORIENTED_EDGE ( 'NONE', *, *, #3491, .T. ) ;
#992 = FACE_OUTER_BOUND ( 'NONE', #2503, .T. ) ;
#993 = ORIENTED_EDGE ( 'NONE', *, *, #2314, .T. ) ;
#994 = DIRECTION ( 'NONE',  ( -1.000000000000000000, 0.000000000000000000, 0.000000000000000000 ) ) ;
#995 = ORIENTED_EDGE ( 'NONE', *, *, #1512, .T. ) ;
#996 = DIRECTION ( 'NONE',  ( 0.000000000000000000, -1.000000000000000000, 0.000000000000000000 ) ) ;
#997 = CARTESIAN_POINT ( 'NONE',  ( 0.9300000000000003819, 0.1275000000000000022, -0.6299999999999996714 ) ) ;
#998 = FILL_AREA_STYLE_COLOUR ( '', #657 ) ;
#999 = ORIENTED_EDGE ( 'NONE', *, *, #2219, .F. ) ;
#1000 = PLANE ( 'NONE',  #2191 ) ;
#1001 = DIRECTION ( 'NONE',  ( 0.000000000000000000, -1.000000000000000000, -0.000000000000000000 ) ) ;
#1002 = ADVANCED_FACE ( 'NONE', ( #2132 ), #1004, .F. ) ;
#1003 = DIRECTION ( 'NONE',  ( 0.000000000000000000, 0.000000000000000000, -1.000000000000000000 ) ) ;
#1004 = PLANE ( 'NONE',  #3248 ) ;
#1005 = ORIENTED_EDGE ( 'NONE', *, *, #93, .F. ) ;
#1006 = EDGE_CURVE ( 'NONE', #1593, #2124, #99, .T. ) ;
#1007 = VECTOR ( 'NONE', #841, 1000.000000000000000 ) ;
#1008 = VECTOR ( 'NONE', #2894, 1000.000000000000000 ) ;
#1009 = VERTEX_POINT ( 'NONE', #3252 ) ;
#1010 = FACE_OUTER_BOUND ( 'NONE', #1943, .T. ) ;
#1011 = ORIENTED_EDGE ( 'NONE', *, *, #1588, .F. ) ;
#1012 = SURFACE_STYLE_FILL_AREA ( #2648 ) ;
#1013 = EDGE_LOOP ( 'NONE', ( #3157, #2400, #1482, #204 ) ) ;
#1014 = CARTESIAN_POINT ( 'NONE',  ( -0.9200000000000007061, 0.2969374450965875933, 0.5200000000000000178 ) ) ;
#1015 = EDGE_LOOP ( 'NONE', ( #1596, #2746, #2317, #1378 ) ) ;
#1016 = CARTESIAN_POINT ( 'NONE',  ( 1.000000000000000000, 0.2500000000000000000, 0.6999999999999999556 ) ) ;
#1017 = FACE_OUTER_BOUND ( 'NONE', #3478, .T. ) ;
#1018 = CARTESIAN_POINT ( 'NONE',  ( -0.9999999999999997780, 0.9789693182963199458, -0.8000000000000003775 ) ) ;
#1019 = PLANE ( 'NONE',  #3427 ) ;
#1020 = LINE ( 'NONE', #2133, #1832 ) ;
#1021 = VECTOR ( 'NONE', #1086, 1000.000000000000000 ) ;
#1022 = EDGE_CURVE ( 'NONE', #1313, #885, #2096, .T. ) ;
#1023 = ORIENTED_EDGE ( 'NONE', *, *, #176, .F. ) ;
#1024 = AXIS2_PLACEMENT_3D ( 'NONE', #2036, #1835, #1763 ) ;
#1025 = ADVANCED_FACE ( 'NONE', ( #1860 ), #211, .F. ) ;
#1026 = VECTOR ( 'NONE', #177, 1000.000000000000000 ) ;
#1027 = VERTEX_POINT ( 'NONE', #754 ) ;
#1028 = VECTOR ( 'NONE', #1465, 1000.000000000000000 ) ;
#1029 = DIRECTION ( 'NONE',  ( 1.000000000000000000, 0.000000000000000000, 0.000000000000000000 ) ) ;
#1030 = ORIENTED_EDGE ( 'NONE', *, *, #2253, .F. ) ;
#1031 = VECTOR ( 'NONE', #1511, 1000.000000000000000 ) ;
#1032 = CARTESIAN_POINT ( 'NONE',  ( 0.9000000000000000222, 0.4896446609406733264, -0.5199999999999996847 ) ) ;
#1033 = EDGE_CURVE ( 'NONE', #133, #2157, #2674, .T. ) ;
#1034 = CARTESIAN_POINT ( 'NONE',  ( 5.082197683525801418E-17, 0.4749999999999999778, -0.6749999999999999334 ) ) ;
#1035 = DIRECTION ( 'NONE',  ( -0.000000000000000000, -1.000000000000000000, -0.000000000000000000 ) ) ;
#1036 = ORIENTED_EDGE ( 'NONE', *, *, #1588, .T. ) ;
#1037 = DIRECTION ( 'NONE',  ( 0.7071067811865509034, 0.000000000000000000, 0.7071067811865442421 ) ) ;
#1038 = CARTESIAN_POINT ( 'NONE',  ( 0.7200000000000007505, 0.2549999999999998934, 0.7549999999999995604 ) ) ;
#1039 = CARTESIAN_POINT ( 'NONE',  ( -0.8750000000000003331, 0.5000000000000000000, 0.5199999999999997957 ) ) ;
#1040 = CYLINDRICAL_SURFACE ( 'NONE', #2890, 0.2000000000000000944 ) ;
#1041 = EDGE_LOOP ( 'NONE', ( #3036, #2274, #3175, #3009, #3245, #1396, #2621, #1850, #1876, #152, #945, #466, #2473, #2319, #1278, #719, #3235, #3075, #2846, #905, #1869, #903, #1287, #221, #2331, #608, #2992, #1011, #1576 ) ) ;
#1042 = EDGE_LOOP ( 'NONE', ( #23, #1036, #463, #3406 ) ) ;
#1043 = PLANE ( 'NONE',  #919 ) ;
#1044 = VERTEX_POINT ( 'NONE', #2635 ) ;
#1045 = ADVANCED_FACE ( 'NONE', ( #2079 ), #3199, .T. ) ;
#1046 = CARTESIAN_POINT ( 'NONE',  ( 0.9000000000000001332, 0.000000000000000000, -0.7999999999999999334 ) ) ;
#1047 = DIRECTION ( 'NONE',  ( 0.000000000000000000, 0.000000000000000000, -1.000000000000000000 ) ) ;
#1048 = VERTEX_POINT ( 'NONE', #142 ) ;
#1049 = ORIENTED_EDGE ( 'NONE', *, *, #1091, .F. ) ;
#1050 = EDGE_CURVE ( 'NONE', #65, #741, #2248, .T. ) ;
#1051 = VECTOR ( 'NONE', #2336, 1000.000000000000000 ) ;
#1052 = LINE ( 'NONE', #2463, #1536 ) ;
#1053 = LINE ( 'NONE', #3597, #301 ) ;
#1054 = FACE_OUTER_BOUND ( 'NONE', #868, .T. ) ;
#1055 = FACE_OUTER_BOUND ( 'NONE', #3087, .T. ) ;
#1056 = DIRECTION ( 'NONE',  ( 0.7071067811865509034, 0.000000000000000000, -0.7071067811865442421 ) ) ;
#1057 = DIRECTION ( 'NONE',  ( -1.000000000000000000, -0.000000000000000000, 7.529181753371557474E-17 ) ) ;
#1058 = ORIENTED_EDGE ( 'NONE', *, *, #2978, .F. ) ;
#1059 = B_SPLINE_CURVE_WITH_KNOTS ( 'NONE', 3,
 ( #3291, #2345, #938, #3565, #1769, #148 ),
 .UNSPECIFIED., .F., .F.,
 ( 4, 2, 4 ),
 ( 0.000000000000000000, 0.5000000000000000000, 1.000000000000000000 ),
 .UNSPECIFIED. ) ;
#1060 = ORIENTED_EDGE ( 'NONE', *, *, #3571, .T. ) ;
#1061 = CARTESIAN_POINT ( 'NONE',  ( 0.8300000000000005151, 0.9789693182963199458, -0.7299999999999999822 ) ) ;
#1062 = ORIENTED_EDGE ( 'NONE', *, *, #3463, .T. ) ;
#1063 = AXIS2_PLACEMENT_3D ( 'NONE', #2273, #2289, #388 ) ;
#1064 = CARTESIAN_POINT ( 'NONE',  ( -0.8299999999999998490, 0.1275000000000000022, 0.7299999999999997602 ) ) ;
#1065 = DIRECTION ( 'NONE',  ( 1.000000000000000000, 0.000000000000000000, -1.042502088928367809E-16 ) ) ;
#1066 = EDGE_LOOP ( 'NONE', ( #3219, #1338, #922, #3030 ) ) ;
#1067 = EDGE_CURVE ( 'NONE', #259, #1266, #1803, .T. ) ;
#1068 = CARTESIAN_POINT ( 'NONE',  ( -0.5500000000000003775, 0.9789693182963199458, -0.2500000000000001665 ) ) ;
#1069 = ORIENTED_EDGE ( 'NONE', *, *, #98, .T. ) ;
#1070 = CARTESIAN_POINT ( 'NONE',  ( -0.8371572875253806556, 0.2969374450965876489, -0.7199999999999999734 ) ) ;
#1071 = ADVANCED_FACE ( 'NONE', ( #2689, #1309 ), #2985, .T. ) ;
#1072 = CARTESIAN_POINT ( 'NONE',  ( 0.8999999999999999112, 0.1275000000000000022, 0.8000000000000000444 ) ) ;
#1073 = DIRECTION ( 'NONE',  ( 0.000000000000000000, 1.000000000000000000, 0.000000000000000000 ) ) ;
#1074 = LINE ( 'NONE', #500, #2704 ) ;
#1075 = CARTESIAN_POINT ( 'NONE',  ( 0.9000000000000001332, 0.2500000000000000000, -0.7999999999999999334 ) ) ;
#1076 = DIRECTION ( 'NONE',  ( -4.627122202067986770E-16, 1.000000000000000000, -4.627122202067982825E-16 ) ) ;
#1077 = ORIENTED_EDGE ( 'NONE', *, *, #2318, .T. ) ;
#1078 = VECTOR ( 'NONE', #1047, 1000.000000000000000 ) ;
#1079 = LINE ( 'NONE', #544, #373 ) ;
#1080 = VECTOR ( 'NONE', #1635, 1000.000000000000000 ) ;
#1081 = VECTOR ( 'NONE', #2511, 1000.000000000000000 ) ;
#1082 = DIRECTION ( 'NONE',  ( -1.000000000000000000, 0.000000000000000000, 0.000000000000000000 ) ) ;
#1083 = ORIENTED_EDGE ( 'NONE', *, *, #1800, .T. ) ;
#1084 = AXIS2_PLACEMENT_3D ( 'NONE', #1824, #1057, #1547 ) ;
#1085 = CARTESIAN_POINT ( 'NONE',  ( 1.000000000000000000, 0.000000000000000000, 0.8000000000000003775 ) ) ;
#1086 = DIRECTION ( 'NONE',  ( -0.000000000000000000, -0.000000000000000000, 1.000000000000000000 ) ) ;
#1087 = ORIENTED_EDGE ( 'NONE', *, *, #2311, .T. ) ;
#1088 = ORIENTED_EDGE ( 'NONE', *, *, #2619, .F. ) ;
#1089 = VECTOR ( 'NONE', #1151, 1000.000000000000000 ) ;
#1090 = CIRCLE ( 'NONE', #39, 0.1000000000000002554 ) ;
#1091 = EDGE_CURVE ( 'NONE', #3180, #333, #716, .T. ) ;
#1092 = CARTESIAN_POINT ( 'NONE',  ( -0.7199999999999999734, 0.5000000000000001110, -0.6896446609406718942 ) ) ;
#1093 = DIRECTION ( 'NONE',  ( 0.000000000000000000, 1.000000000000000000, 0.000000000000000000 ) ) ;
#1094 = EDGE_CURVE ( 'NONE', #2533, #1451, #1096, .T. ) ;
#1095 = DIRECTION ( 'NONE',  ( -0.7071067811865474617, 0.000000000000000000, -0.7071067811865474617 ) ) ;
#1096 = LINE ( 'NONE', #247, #913 ) ;
#1097 = FILL_AREA_STYLE_COLOUR ( '', #964 ) ;
#1098 = PLANE ( 'NONE',  #2169 ) ;
#1099 = EDGE_LOOP ( 'NONE', ( #487, #3417, #1403, #3383 ) ) ;
#1100 = ADVANCED_FACE ( 'NONE', ( #3325 ), #1971, .F. ) ;
#1101 = ORIENTED_EDGE ( 'NONE', *, *, #788, .T. ) ;
#1102 = LINE ( 'NONE', #1901, #3600 ) ;
#1103 = EDGE_LOOP ( 'NONE', ( #3113, #3347, #3430, #1513 ) ) ;
#1104 = DIRECTION ( 'NONE',  ( 0.7071067811865441310, -0.000000000000000000, 0.7071067811865507924 ) ) ;
#1105 = PLANE ( 'NONE',  #3416 ) ;
#1106 = EDGE_LOOP ( 'NONE', ( #1145, #2790, #3374, #2210, #288, #1553, #165 ) ) ;
#1107 =( NAMED_UNIT ( * ) SI_UNIT ( $, .STERADIAN. ) SOLID_ANGLE_UNIT ( ) );
#1108 = VERTEX_POINT ( 'NONE', #2232 ) ;
#1109 = ORIENTED_EDGE ( 'NONE', *, *, #1133, .T. ) ;
#1110 = CARTESIAN_POINT ( 'NONE',  ( -0.7199999999999997513, 0.2969374450965877044, -0.7199999999999998623 ) ) ;
#1111 = CARTESIAN_POINT ( 'NONE',  ( -0.9200000000000002620, 0.3250000000000000111, 0.5200000000000000178 ) ) ;
#1112 = CARTESIAN_POINT ( 'NONE',  ( -0.7200000000000003064, 0.2550000000000001155, 0.5199999999999996847 ) ) ;
#1113 = CARTESIAN_POINT ( 'NONE',  ( 1.000000000000000000, 0.1275000000000000022, 0.8000000000000003775 ) ) ;
#1114 = CARTESIAN_POINT ( 'NONE',  ( 0.3500000000000002554, 0.1275000000000000022, -0.2499999999999999445 ) ) ;
#1115 = FACE_OUTER_BOUND ( 'NONE', #2695, .T. ) ;
#1116 = EDGE_CURVE ( 'NONE', #1614, #1804, #1670, .T. ) ;
#1117 = ORIENTED_EDGE ( 'NONE', *, *, #502, .T. ) ;
#1118 = CYLINDRICAL_SURFACE ( 'NONE', #1714, 0.1000000000000002554 ) ;
#1119 = EDGE_CURVE ( 'NONE', #2731, #396, #824, .T. ) ;
#1120 = EDGE_LOOP ( 'NONE', ( #2843, #2457, #145, #1796 ) ) ;
#1121 = LINE ( 'NONE', #3386, #2872 ) ;
#1122 = DIRECTION ( 'NONE',  ( 0.000000000000000000, -1.000000000000000000, 0.000000000000000000 ) ) ;
#1123 = ORIENTED_EDGE ( 'NONE', *, *, #2757, .F. ) ;
#1124 = ADVANCED_FACE ( 'NONE', ( #3582 ), #1346, .F. ) ;
#1125 = VERTEX_POINT ( 'NONE', #2201 ) ;
#1126 = LINE ( 'NONE', #1966, #3212 ) ;
#1127 = CARTESIAN_POINT ( 'NONE',  ( 0.7200000000000005285, 0.4750000000000010325, -0.5199999999999999067 ) ) ;
#1128 = CARTESIAN_POINT ( 'NONE',  ( 1.000000000000000222, 0.000000000000000000, -0.8000000000000001554 ) ) ;
#1129 = DIRECTION ( 'NONE',  ( 1.000000000000000000, 0.000000000000000000, 0.000000000000000000 ) ) ;
#1130 = CARTESIAN_POINT ( 'NONE',  ( 0.3500000000000000333, 0.9789693182963199458, 0.7300000000000000933 ) ) ;
#1131 = CARTESIAN_POINT ( 'NONE',  ( -0.3500000000000000333, 0.000000000000000000, 0.7300000000000000933 ) ) ;
#1132 = ORIENTED_EDGE ( 'NONE', *, *, #3580, .T. ) ;
#1133 = EDGE_CURVE ( 'NONE', #924, #2554, #1929, .T. ) ;
#1134 = DIRECTION ( 'NONE',  ( 2.258754526011468228E-16, -0.000000000000000000, 1.000000000000000000 ) ) ;
#1135 = ORIENTED_EDGE ( 'NONE', *, *, #1360, .F. ) ;
#1136 = AXIS2_PLACEMENT_3D ( 'NONE', #3206, #2369, #3502 ) ;
#1137 = EDGE_CURVE ( 'NONE', #839, #65, #1074, .T. ) ;
#1138 = DIRECTION ( 'NONE',  ( -0.000000000000000000, 1.000000000000000000, -0.000000000000000000 ) ) ;
#1139 = PLANE ( 'NONE',  #1837 ) ;
#1140 = EDGE_LOOP ( 'NONE', ( #2012, #1049, #2960, #3221 ) ) ;
#1141 = VECTOR ( 'NONE', #438, 1000.000000000000000 ) ;
#1142 = ORIENTED_EDGE ( 'NONE', *, *, #2604, .T. ) ;
#1143 = AXIS2_PLACEMENT_3D ( 'NONE', #2570, #2555, #1698 ) ;
#1144 = EDGE_CURVE ( 'NONE', #1793, #2533, #3065, .T. ) ;
#1145 = ORIENTED_EDGE ( 'NONE', *, *, #560, .F. ) ;
#1146 = CARTESIAN_POINT ( 'NONE',  ( 0.7200000000000005285, 0.3250000000000000666, -0.7199999999999999734 ) ) ;
#1147 = CARTESIAN_POINT ( 'NONE',  ( 0.9999999999999997780, 0.1275000000000000022, 0.6999999999999999556 ) ) ;
#1148 = AXIS2_PLACEMENT_3D ( 'NONE', #1204, #2035, #351 ) ;
#1149 = VECTOR ( 'NONE', #2673, 1000.000000000000000 ) ;
#1150 = VECTOR ( 'NONE', #3140, 1000.000000000000000 ) ;
#1151 = DIRECTION ( 'NONE',  ( 0.000000000000000000, 1.000000000000000000, 0.000000000000000000 ) ) ;
#1152 = DIRECTION ( 'NONE',  ( -2.258754526011467242E-16, 0.000000000000000000, 1.000000000000000000 ) ) ;
#1153 = ORIENTED_EDGE ( 'NONE', *, *, #307, .T. ) ;
#1154 = CARTESIAN_POINT ( 'NONE',  ( -0.9200000000000001510, 0.4049999999999999711, 0.5199999999999999067 ) ) ;
#1155 = ORIENTED_EDGE ( 'NONE', *, *, #979, .T. ) ;
#1156 = ORIENTED_EDGE ( 'NONE', *, *, #2826, .F. ) ;
#1157 = CARTESIAN_POINT ( 'NONE',  ( 0.9000000000000006883, 0.4750000000000009770, -0.6254415587728429093 ) ) ;
#1158 = DIRECTION ( 'NONE',  ( 0.000000000000000000, 1.000000000000000000, 0.000000000000000000 ) ) ;
#1159 = ORIENTED_EDGE ( 'NONE', *, *, #1094, .T. ) ;
#1160 = DIRECTION ( 'NONE',  ( -1.000000000000000000, 0.000000000000000000, -9.346570452461245291E-17 ) ) ;
#1161 = ORIENTED_EDGE ( 'NONE', *, *, #3509, .T. ) ;
#1162 = ADVANCED_FACE ( 'NONE', ( #1055 ), #3618, .T. ) ;
#1163 = DIRECTION ( 'NONE',  ( 6.123233995736766036E-17, 0.000000000000000000, 1.000000000000000000 ) ) ;
#1164 = LINE ( 'NONE', #2268, #2063 ) ;
#1165 = DIRECTION ( 'NONE',  ( -0.000000000000000000, 1.000000000000000000, -0.000000000000000000 ) ) ;
#1166 = EDGE_CURVE ( 'NONE', #723, #2864, #1625, .T. ) ;
#1167 = CARTESIAN_POINT ( 'NONE',  ( 0.7200000000000005285, 0.4049999999999999711, 0.7200000000000000844 ) ) ;
#1168 = DIRECTION ( 'NONE',  ( 0.7071067811865473507, 0.000000000000000000, 0.7071067811865477948 ) ) ;
#1169 = ORIENTED_EDGE ( 'NONE', *, *, #880, .F. ) ;
#1170 = CIRCLE ( 'NONE', #521, 0.05999999999999994227 ) ;
#1171 = DIRECTION ( 'NONE',  ( -1.000000000000000000, 0.000000000000000000, -0.000000000000000000 ) ) ;
#1172 = ORIENTED_EDGE ( 'NONE', *, *, #71, .T. ) ;
#1173 = DIRECTION ( 'NONE',  ( 0.000000000000000000, -1.000000000000000000, 0.000000000000000000 ) ) ;
#1174 = DIRECTION ( 'NONE',  ( -7.529181753371558706E-17, 0.000000000000000000, 1.000000000000000000 ) ) ;
#1175 = ORIENTED_EDGE ( 'NONE', *, *, #176, .T. ) ;
#1176 = FACE_OUTER_BOUND ( 'NONE', #2690, .T. ) ;
#1177 = EDGE_LOOP ( 'NONE', ( #381, #2433, #2451, #1030 ) ) ;
#1178 = EDGE_CURVE ( 'NONE', #240, #1234, #1488, .T. ) ;
#1179 = LINE ( 'NONE', #1997, #3566 ) ;
#1180 = CARTESIAN_POINT ( 'NONE',  ( -0.8999999999999996891, 0.000000000000000000, -0.8000000000000003775 ) ) ;
#1181 = LINE ( 'NONE', #2049, #12 ) ;
#1182 = VECTOR ( 'NONE', #512, 1000.000000000000000 ) ;
#1183 =( NAMED_UNIT ( * ) SI_UNIT ( $, .STERADIAN. ) SOLID_ANGLE_UNIT ( ) );
#1184 = ADVANCED_FACE ( 'NONE', ( #3020 ), #3311, .F. ) ;
#1185 = AXIS2_PLACEMENT_3D ( 'NONE', #2745, #1366, #1911 ) ;
#1186 = CARTESIAN_POINT ( 'NONE',  ( -1.000000000000000000, 0.000000000000000000, 0.2500000000000000000 ) ) ;
#1187 = LINE ( 'NONE', #599, #1008 ) ;
#1188 = ORIENTED_EDGE ( 'NONE', *, *, #3315, .F. ) ;
#1189 = EDGE_CURVE ( 'NONE', #663, #1515, #740, .T. ) ;
#1190 = CIRCLE ( 'NONE', #3051, 0.05999999999999994227 ) ;
#1191 = LINE ( 'NONE', #1748, #1600 ) ;
#1192 = EDGE_LOOP ( 'NONE', ( #973, #1808, #2793, #1411 ) ) ;
#1193 = DIRECTION ( 'NONE',  ( -2.258754526011467242E-16, 0.000000000000000000, 1.000000000000000000 ) ) ;
#1194 = ORIENTED_EDGE ( 'NONE', *, *, #1317, .F. ) ;
#1195 = SURFACE_STYLE_FILL_AREA ( #873 ) ;
#1196 = ORIENTED_EDGE ( 'NONE', *, *, #2204, .T. ) ;
#1197 = AXIS2_PLACEMENT_3D ( 'NONE', #1127, #2504, #806 ) ;
#1198 = CARTESIAN_POINT ( 'NONE',  ( 5.082197683525802034E-17, 0.5000000000000000000, -0.6749999999999999334 ) ) ;
#1199 = CYLINDRICAL_SURFACE ( 'NONE', #2180, 0.1000000000000002554 ) ;
#1200 = AXIS2_PLACEMENT_3D ( 'NONE', #2899, #2080, #3200 ) ;
#1201 = CARTESIAN_POINT ( 'NONE',  ( 0.000000000000000000, 0.000000000000000000, 0.7300000000000002043 ) ) ;
#1202 = VECTOR ( 'NONE', #3136, 1000.000000000000000 ) ;
#1203 = VECTOR ( 'NONE', #3495, 1000.000000000000000 ) ;
#1204 = CARTESIAN_POINT ( 'NONE',  ( 0.7200000000000005285, 0.2550000000000000600, -0.5199999999999996847 ) ) ;
#1205 = AXIS2_PLACEMENT_3D ( 'NONE', #889, #1737, #1160 ) ;
#1206 = LINE ( 'NONE', #3137, #2165 ) ;
#1207 = VERTEX_POINT ( 'NONE', #269 ) ;
#1208 = EDGE_CURVE ( 'NONE', #2676, #1125, #1898, .T. ) ;
#1209 = AXIS2_PLACEMENT_3D ( 'NONE', #3585, #2475, #1422 ) ;
#1210 = CARTESIAN_POINT ( 'NONE',  ( -0.7200000000000000844, 0.4899999999999999911, 0.5199999999999995737 ) ) ;
#1211 = ORIENTED_EDGE ( 'NONE', *, *, #2671, .T. ) ;
#1212 = EDGE_CURVE ( 'NONE', #773, #1502, #843, .T. ) ;
#1213 = DIRECTION ( 'NONE',  ( 1.000000000000000000, -0.000000000000000000, 0.000000000000000000 ) ) ;
#1214 = ORIENTED_EDGE ( 'NONE', *, *, #1050, .F. ) ;
#1215 = ORIENTED_EDGE ( 'NONE', *, *, #3186, .T. ) ;
#1216 =( BOUNDED_CURVE ( )  B_SPLINE_CURVE ( 3, ( #442, #1506, #710, #2408 ),
 .UNSPECIFIED., .F., .F. ) 
 B_SPLINE_CURVE_WITH_KNOTS ( ( 4, 4 ),
 ( 0.000000000000000000, 1.000000000000000000 ),
 .UNSPECIFIED. ) 
 CURVE ( )  GEOMETRIC_REPRESENTATION_ITEM ( )  RATIONAL_B_SPLINE_CURVE ( ( 1.000000000000000000, 0.8047378541243648264, 0.8047378541243648264, 1.000000000000000000 ) ) 
 REPRESENTATION_ITEM ( '' )  );
#1217 = DIRECTION ( 'NONE',  ( -1.000000000000000000, 0.000000000000000000, 0.000000000000000000 ) ) ;
#1218 = CARTESIAN_POINT ( 'NONE',  ( -0.9300000000000002709, 0.1275000000000000022, 0.2499999999999998335 ) ) ;
#1219 = CARTESIAN_POINT ( 'NONE',  ( -0.9999999999999997780, 0.9789693182963199458, 0.6999999999999998446 ) ) ;
#1220 = ORIENTED_EDGE ( 'NONE', *, *, #128, .T. ) ;
#1221 = CYLINDRICAL_SURFACE ( 'NONE', #3308, 0.02499999999999995628 ) ;
#1222 = DIRECTION ( 'NONE',  ( -1.000000000000000000, 0.000000000000000000, 0.000000000000000000 ) ) ;
#1223 = ORIENTED_EDGE ( 'NONE', *, *, #3622, .F. ) ;
#1224 = CARTESIAN_POINT ( 'NONE',  ( -0.5500000000000003775, 0.1275000000000000022, -0.2500000000000001665 ) ) ;
#1225 = EDGE_CURVE ( 'NONE', #1844, #3093, #13, .T. ) ;
#1226 = EDGE_LOOP ( 'NONE', ( #2717, #3522, #2263, #3059 ) ) ;
#1227 = VECTOR ( 'NONE', #2521, 1000.000000000000000 ) ;
#1228 = EDGE_CURVE ( 'NONE', #5, #1335, #1328, .T. ) ;
#1229 = DIRECTION ( 'NONE',  ( 2.085004177856740055E-16, 0.000000000000000000, -1.000000000000000000 ) ) ;
#1230 = VERTEX_POINT ( 'NONE', #789 ) ;
#1231 = DIRECTION ( 'NONE',  ( 0.000000000000000000, 1.000000000000000000, 0.000000000000000000 ) ) ;
#1232 = ORIENTED_EDGE ( 'NONE', *, *, #1661, .T. ) ;
#1233 = FACE_OUTER_BOUND ( 'NONE', #1650, .T. ) ;
#1234 = VERTEX_POINT ( 'NONE', #3100 ) ;
#1235 = DIRECTION ( 'NONE',  ( -2.258754526011467242E-16, 0.000000000000000000, 1.000000000000000000 ) ) ;
#1236 = CARTESIAN_POINT ( 'NONE',  ( 0.9300000000000002709, 0.1275000000000000022, 0.6299999999999998934 ) ) ;
#1237 = VECTOR ( 'NONE', #1390, 1000.000000000000000 ) ;
#1238 = DIRECTION ( 'NONE',  ( -1.000000000000000000, 0.000000000000000000, 0.000000000000000000 ) ) ;
#1239 = LINE ( 'NONE', #356, #2774 ) ;
#1240 = VERTEX_POINT ( 'NONE', #616 ) ;
#1241 = EDGE_CURVE ( 'NONE', #1478, #1614, #1957, .T. ) ;
#1242 = DIRECTION ( 'NONE',  ( 0.000000000000000000, -1.000000000000000000, 0.000000000000000000 ) ) ;
#1243 = ORIENTED_EDGE ( 'NONE', *, *, #1022, .F. ) ;
#1244 = DIRECTION ( 'NONE',  ( -1.000000000000000000, 0.000000000000000000, -0.000000000000000000 ) ) ;
#1245 = ORIENTED_EDGE ( 'NONE', *, *, #3491, .F. ) ;
#1246 = ADVANCED_FACE ( 'NONE', ( #1472 ), #3397, .T. ) ;
#1247 = CARTESIAN_POINT ( 'NONE',  ( 0.7200000000000005285, 0.4750000000000000888, 0.6750000000000001554 ) ) ;
#1248 = DIRECTION ( 'NONE',  ( -0.7071067811865441310, 0.000000000000000000, -0.7071067811865507924 ) ) ;
#1249 = PRESENTATION_STYLE_ASSIGNMENT (( #454 ) ) ;
#1250 = EDGE_LOOP ( 'NONE', ( #2754, #2871, #2564, #296 ) ) ;
#1251 = ADVANCED_FACE ( 'NONE', ( #2841 ), #1221, .T. ) ;
#1252 = AXIS2_PLACEMENT_3D ( 'NONE', #1967, #3115, #1723 ) ;
#1253 = CARTESIAN_POINT ( 'NONE',  ( 0.9000000000000000222, 0.000000000000000000, -0.8000000000000001554 ) ) ;
#1254 = CARTESIAN_POINT ( 'NONE',  ( 0.8750000000000003331, 0.5000000000000000000, -0.5199999999999996847 ) ) ;
#1255 = VECTOR ( 'NONE', #3144, 1000.000000000000000 ) ;
#1256 = DIRECTION ( 'NONE',  ( -1.000000000000000000, 0.000000000000000000, 1.084202172485501673E-15 ) ) ;
#1257 = STYLED_ITEM ( 'NONE', ( #2226 ), #3017 ) ;
#1258 = CARTESIAN_POINT ( 'NONE',  ( -0.9000000000000003553, 0.4750000000000003664, 0.5199999999999997957 ) ) ;
#1259 = CARTESIAN_POINT ( 'NONE',  ( -0.8999999999999998002, 0.1275000000000000022, -0.8000000000000001554 ) ) ;
#1260 = ORIENTED_EDGE ( 'NONE', *, *, #117, .T. ) ;
#1261 = AXIS2_PLACEMENT_3D ( 'NONE', #809, #2491, #2470 ) ;
#1262 = AXIS2_PLACEMENT_3D ( 'NONE', #2213, #3562, #3324 ) ;
#1263 = CARTESIAN_POINT ( 'NONE',  ( 1.000000000000000000, 0.1275000000000000022, -0.7999999999999999334 ) ) ;
#1264 = ORIENTED_EDGE ( 'NONE', *, *, #1557, .F. ) ;
#1265 = DIRECTION ( 'NONE',  ( -0.7071067811865509034, 0.000000000000000000, -0.7071067811865442421 ) ) ;
#1266 = VERTEX_POINT ( 'NONE', #946 ) ;
#1267 = DIRECTION ( 'NONE',  ( 1.000000000000000000, 0.000000000000000000, 0.000000000000000000 ) ) ;
#1268 = DIRECTION ( 'NONE',  ( -0.000000000000000000, -1.000000000000000000, -0.000000000000000000 ) ) ;
#1269 = EDGE_CURVE ( 'NONE', #1532, #2043, #2020, .T. ) ;
#1270 = ORIENTED_EDGE ( 'NONE', *, *, #3332, .F. ) ;
#1271 = CARTESIAN_POINT ( 'NONE',  ( -1.000000000000000000, 0.000000000000000000, 0.6999999999999998446 ) ) ;
#1272 = DIRECTION ( 'NONE',  ( 1.000000000000000000, 0.000000000000000000, 0.000000000000000000 ) ) ;
#1273 = EDGE_CURVE ( 'NONE', #2198, #3570, #2271, .T. ) ;
#1274 = LINE ( 'NONE', #1556, #2513 ) ;
#1275 = LINE ( 'NONE', #1558, #2947 ) ;
#1276 = DIRECTION ( 'NONE',  ( -0.000000000000000000, 1.000000000000000000, 0.000000000000000000 ) ) ;
#1277 = CARTESIAN_POINT ( 'NONE',  ( 1.000000000000000000, 0.000000000000000000, 0.7300000000000002043 ) ) ;
#1278 = ORIENTED_EDGE ( 'NONE', *, *, #2687, .F. ) ;
#1279 = DIRECTION ( 'NONE',  ( 0.000000000000000000, 1.000000000000000000, 0.000000000000000000 ) ) ;
#1280 = VERTEX_POINT ( 'NONE', #1489 ) ;
#1281 = LINE ( 'NONE', #450, #3479 ) ;
#1282 = VERTEX_POINT ( 'NONE', #3117 ) ;
#1283 = VECTOR ( 'NONE', #958, 1000.000000000000000 ) ;
#1284 = CARTESIAN_POINT ( 'NONE',  ( 0.9000000000000001332, 0.4896446609406733264, -0.6254415587728424653 ) ) ;
#1285 = CLOSED_SHELL ( 'NONE', ( #1554, #2917, #235, #2727, #2464, #2118, #3265, #1045, #3351, #766 ) ) ;
#1286 =( NAMED_UNIT ( * ) SI_UNIT ( $, .STERADIAN. ) SOLID_ANGLE_UNIT ( ) );
#1287 = ORIENTED_EDGE ( 'NONE', *, *, #1447, .F. ) ;
#1288 = CARTESIAN_POINT ( 'NONE',  ( 0.8999999999999998002, 0.000000000000000000, 0.8000000000000001554 ) ) ;
#1289 = FACE_OUTER_BOUND ( 'NONE', #2144, .T. ) ;
#1290 = DIRECTION ( 'NONE',  ( -1.000000000000000000, 0.000000000000000000, 0.000000000000000000 ) ) ;
#1291 = CARTESIAN_POINT ( 'NONE',  ( 0.9200000000000000400, 0.3250000000000001221, 0.6371572875253803669 ) ) ;
#1292 = EDGE_CURVE ( 'NONE', #3130, #2663, #2053, .T. ) ;
#1293 = CARTESIAN_POINT ( 'NONE',  ( -0.8999999999999999112, 0.2550000000000000044, 0.8000000000000001554 ) ) ;
#1294 = CARTESIAN_POINT ( 'NONE',  ( -0.7200000000000000844, 0.4899999999999999911, 0.5199999999999995737 ) ) ;
#1295 = VERTEX_POINT ( 'NONE', #636 ) ;
#1296 = VECTOR ( 'NONE', #2818, 1000.000000000000000 ) ;
#1297 = EDGE_CURVE ( 'NONE', #3570, #3410, #1725, .T. ) ;
#1298 = ORIENTED_EDGE ( 'NONE', *, *, #1292, .F. ) ;
#1299 = FACE_OUTER_BOUND ( 'NONE', #1042, .T. ) ;
#1300 = ORIENTED_EDGE ( 'NONE', *, *, #1006, .F. ) ;
#1301 = FACE_OUTER_BOUND ( 'NONE', #2205, .T. ) ;
#1302 = CARTESIAN_POINT ( 'NONE',  ( 0.8750000000000003331, 0.5000000000000000000, 0.5200000000000000178 ) ) ;
#1303 = VECTOR ( 'NONE', #1959, 1000.000000000000000 ) ;
#1304 = CARTESIAN_POINT ( 'NONE',  ( 0.8999999999999999112, 0.000000000000000000, 0.8000000000000001554 ) ) ;
#1305 = ORIENTED_EDGE ( 'NONE', *, *, #1498, .F. ) ;
#1306 = DIRECTION ( 'NONE',  ( -0.7071067811865441310, 0.000000000000000000, 0.7071067811865507924 ) ) ;
#1307 = CARTESIAN_POINT ( 'NONE',  ( 0.8371572875253813217, 0.3250000000000001221, 0.7199999999999989742 ) ) ;
#1308 = DIRECTION ( 'NONE',  ( 1.000000000000000000, 0.000000000000000000, 0.000000000000000000 ) ) ;
#1309 = FACE_BOUND ( 'NONE', #835, .T. ) ;
#1310 = DIRECTION ( 'NONE',  ( -0.000000000000000000, 1.000000000000000000, 0.000000000000000000 ) ) ;
#1311 = STYLED_ITEM ( 'NONE', ( #1852 ), #1755 ) ;
#1312 = EDGE_CURVE ( 'NONE', #811, #1446, #1727, .T. ) ;
#1313 = VERTEX_POINT ( 'NONE', #3437 ) ;
#1314 = VECTOR ( 'NONE', #1910, 1000.000000000000000 ) ;
#1315 = ORIENTED_EDGE ( 'NONE', *, *, #1509, .T. ) ;
#1316 = AXIS2_PLACEMENT_3D ( 'NONE', #1681, #2013, #906 ) ;
#1317 = EDGE_CURVE ( 'NONE', #1956, #2859, #1457, .T. ) ;
#1318 = CARTESIAN_POINT ( 'NONE',  ( -0.7200000000000001954, 0.4750000000000007550, 0.7000000000000000666 ) ) ;
#1319 = ORIENTED_EDGE ( 'NONE', *, *, #3514, .T. ) ;
#1320 = AXIS2_PLACEMENT_3D ( 'NONE', #1294, #406, #3529 ) ;
#1321 = DIRECTION ( 'NONE',  ( -1.000000000000000000, 0.000000000000000000, 0.000000000000000000 ) ) ;
#1322 = ORIENTED_EDGE ( 'NONE', *, *, #1341, .F. ) ;
#1323 = CARTESIAN_POINT ( 'NONE',  ( -0.9299999999999999378, 0.000000000000000000, 0.6299999999999993383 ) ) ;
#1324 = VERTEX_POINT ( 'NONE', #2524 ) ;
#1325 = CARTESIAN_POINT ( 'NONE',  ( -0.9300000000000001599, 0.000000000000000000, -0.2500000000000002220 ) ) ;
#1326 = CARTESIAN_POINT ( 'NONE',  ( 0.8576598128423233991, 0.2549999999999998934, 0.7549999999999992273 ) ) ;
#1327 = LINE ( 'NONE', #823, #1798 ) ;
#1328 = LINE ( 'NONE', #3288, #2242 ) ;
#1329 = CARTESIAN_POINT ( 'NONE',  ( -0.8299999999999999600, 0.1275000000000000022, -0.7300000000000002043 ) ) ;
#1330 = EDGE_LOOP ( 'NONE', ( #2083, #354, #360, #552, #3489, #850 ) ) ;
#1331 = EDGE_CURVE ( 'NONE', #313, #216, #106, .T. ) ;
#1332 = VERTEX_POINT ( 'NONE', #1780 ) ;
#1333 = VECTOR ( 'NONE', #1073, 1000.000000000000000 ) ;
#1334 = CYLINDRICAL_SURFACE ( 'NONE', #155, 0.1000000000000002554 ) ;
#1335 = VERTEX_POINT ( 'NONE', #2562 ) ;
#1336 = EDGE_CURVE ( 'NONE', #2208, #3536, #3246, .T. ) ;
#1337 = DIRECTION ( 'NONE',  ( 0.000000000000000000, 1.000000000000000000, 0.000000000000000000 ) ) ;
#1338 = ORIENTED_EDGE ( 'NONE', *, *, #604, .F. ) ;
#1339 = SURFACE_STYLE_USAGE ( .BOTH. , #2755 ) ;
#1340 = ORIENTED_EDGE ( 'NONE', *, *, #921, .T. ) ;
#1341 = EDGE_CURVE ( 'NONE', #2661, #1593, #931, .T. ) ;
#1342 = CIRCLE ( 'NONE', #642, 0.05999999999999994227 ) ;
#1343 = CARTESIAN_POINT ( 'NONE',  ( -0.7199999999999997513, 0.2718375329420475994, -0.7325499560772701368 ) ) ;
#1344 = DIRECTION ( 'NONE',  ( -0.000000000000000000, -0.000000000000000000, 1.000000000000000000 ) ) ;
#1345 = FACE_OUTER_BOUND ( 'NONE', #831, .T. ) ;
#1346 = CYLINDRICAL_SURFACE ( 'NONE', #804, 0.1000000000000002554 ) ;
#1347 = DIRECTION ( 'NONE',  ( 0.7071067811865449082, 0.000000000000000000, -0.7071067811865502373 ) ) ;
#1348 = CARTESIAN_POINT ( 'NONE',  ( 1.000000000000000000, 0.000000000000000000, 0.7000000000000000666 ) ) ;
#1349 = VERTEX_POINT ( 'NONE', #302 ) ;
#1350 = DIRECTION ( 'NONE',  ( -1.000000000000000000, 0.000000000000000000, 0.000000000000000000 ) ) ;
#1351 = ORIENTED_EDGE ( 'NONE', *, *, #3007, .T. ) ;
#1352 = CARTESIAN_POINT ( 'NONE',  ( -0.9549999999999999600, 0.2550000000000000044, -0.5200000000000000178 ) ) ;
#1353 = VECTOR ( 'NONE', #3225, 1000.000000000000000 ) ;
#1354 = ORIENTED_EDGE ( 'NONE', *, *, #1292, .T. ) ;
#1355 = EDGE_CURVE ( 'NONE', #2315, #3329, #70, .T. ) ;
#1356 = AXIS2_PLACEMENT_3D ( 'NONE', #2725, #1076, #3044 ) ;
#1357 = FACE_OUTER_BOUND ( 'NONE', #1013, .T. ) ;
#1358 = CARTESIAN_POINT ( 'NONE',  ( -0.3499999999999998668, 0.9789693182963199458, 0.7299999999999999822 ) ) ;
#1359 = EDGE_LOOP ( 'NONE', ( #3423, #2245, #1682, #3609 ) ) ;
#1360 = EDGE_CURVE ( 'NONE', #1335, #3178, #320, .T. ) ;
#1361 = CARTESIAN_POINT ( 'NONE',  ( -0.9549999999999998490, 0.2550000000000000600, -0.5200000000000001288 ) ) ;
#1362 = CARTESIAN_POINT ( 'NONE',  ( 0.7200000000000005285, 0.5000000000000002220, 0.6896446609406720052 ) ) ;
#1363 = EDGE_CURVE ( 'NONE', #1450, #1493, #1839, .T. ) ;
#1364 = DIRECTION ( 'NONE',  ( 0.000000000000000000, 0.000000000000000000, -1.000000000000000000 ) ) ;
#1365 = DIRECTION ( 'NONE',  ( -1.000000000000000000, 0.000000000000000000, 0.000000000000000000 ) ) ;
#1366 = DIRECTION ( 'NONE',  ( 1.000000000000000000, 0.000000000000000000, 0.000000000000000000 ) ) ;
#1367 = ORIENTED_EDGE ( 'NONE', *, *, #2582, .F. ) ;
#1368 = CIRCLE ( 'NONE', #856, 0.05999999999999994227 ) ;
#1369 = DIRECTION ( 'NONE',  ( 0.000000000000000000, 1.000000000000000000, 0.000000000000000000 ) ) ;
#1370 = AXIS2_PLACEMENT_3D ( 'NONE', #1560, #1173, #183 ) ;
#1371 = DIRECTION ( 'NONE',  ( -0.000000000000000000, -0.000000000000000000, 1.000000000000000000 ) ) ;
#1372 = ORIENTED_EDGE ( 'NONE', *, *, #1189, .T. ) ;
#1373 = AXIS2_PLACEMENT_3D ( 'NONE', #1960, #2553, #870 ) ;
#1374 = VECTOR ( 'NONE', #3266, 1000.000000000000000 ) ;
#1375 = VECTOR ( 'NONE', #2347, 1000.000000000000114 ) ;
#1376 = LINE ( 'NONE', #1394, #361 ) ;
#1377 = DIRECTION ( 'NONE',  ( 1.000000000000000000, 0.000000000000000000, 0.000000000000000000 ) ) ;
#1378 = ORIENTED_EDGE ( 'NONE', *, *, #2160, .F. ) ;
#1379 = SURFACE_SIDE_STYLE ('',( #3300 ) ) ;
#1380 = ORIENTED_EDGE ( 'NONE', *, *, #1969, .T. ) ;
#1381 = VECTOR ( 'NONE', #2928, 1000.000000000000000 ) ;
#1382 = ADVANCED_FACE ( 'NONE', ( #3380 ), #598, .F. ) ;
#1383 = LINE ( 'NONE', #281, #706 ) ;
#1384 = DIRECTION ( 'NONE',  ( 1.239088197126293627E-15, 0.000000000000000000, 1.000000000000000000 ) ) ;
#1385 = DIRECTION ( 'NONE',  ( 7.273661547324615969E-16, 0.000000000000000000, -1.000000000000000000 ) ) ;
#1386 = CARTESIAN_POINT ( 'NONE',  ( -0.5500000000000003775, 0.1275000000000000022, -0.2500000000000001665 ) ) ;
#1387 = ADVANCED_FACE ( 'NONE', ( #2631 ), #139, .F. ) ;
#1388 = CARTESIAN_POINT ( 'NONE',  ( -1.007499999999999396, 0.3249999999999999556, 0.5200000000000000178 ) ) ;
#1389 = FILL_AREA_STYLE ('',( #1097 ) ) ;
#1390 = DIRECTION ( 'NONE',  ( -0.000000000000000000, -0.000000000000000000, 1.000000000000000000 ) ) ;
#1391 = ORIENTED_EDGE ( 'NONE', *, *, #2318, .F. ) ;
#1392 = CARTESIAN_POINT ( 'NONE',  ( -0.9300000000000002709, 0.1275000000000000022, 0.6299999999999996714 ) ) ;
#1393 = ORIENTED_EDGE ( 'NONE', *, *, #2687, .T. ) ;
#1394 = CARTESIAN_POINT ( 'NONE',  ( -0.7200000000000000844, 0.4049999999999999711, -0.7199999999999999734 ) ) ;
#1395 = CARTESIAN_POINT ( 'NONE',  ( -0.9000000000000003553, 0.4049999999999999711, -0.5200000000000000178 ) ) ;
#1396 = ORIENTED_EDGE ( 'NONE', *, *, #1847, .T. ) ;
#1397 = ORIENTED_EDGE ( 'NONE', *, *, #170, .F. ) ;
#1398 = FACE_OUTER_BOUND ( 'NONE', #3504, .T. ) ;
#1399 = FACE_OUTER_BOUND ( 'NONE', #582, .T. ) ;
#1400 = LINE ( 'NONE', #1669, #1333 ) ;
#1401 = DIRECTION ( 'NONE',  ( 0.000000000000000000, 1.000000000000000000, 0.000000000000000000 ) ) ;
#1402 = CARTESIAN_POINT ( 'NONE',  ( -0.8750000000000002220, 0.5000000000000000000, 0.5199999999999997957 ) ) ;
#1403 = ORIENTED_EDGE ( 'NONE', *, *, #2761, .T. ) ;
#1404 = EDGE_CURVE ( 'NONE', #2668, #2661, #2684, .T. ) ;
#1405 = DIRECTION ( 'NONE',  ( 0.000000000000000000, -1.000000000000000000, 0.000000000000000000 ) ) ;
#1406 = ORIENTED_EDGE ( 'NONE', *, *, #1404, .T. ) ;
#1407 = ORIENTED_EDGE ( 'NONE', *, *, #3142, .F. ) ;
#1408 = EDGE_CURVE ( 'NONE', #773, #1313, #3001, .T. ) ;
#1409 = DIRECTION ( 'NONE',  ( -1.000000000000000000, 0.000000000000000000, -3.388131789017201356E-16 ) ) ;
#1410 = CARTESIAN_POINT ( 'NONE',  ( -0.9000000000000000222, 0.1275000000000000022, 0.8000000000000001554 ) ) ;
#1411 = ORIENTED_EDGE ( 'NONE', *, *, #1473, .T. ) ;
#1412 = DIRECTION ( 'NONE',  ( 0.000000000000000000, 1.000000000000000000, 0.000000000000000000 ) ) ;
#1413 = VERTEX_POINT ( 'NONE', #2653 ) ;
#1414 = CIRCLE ( 'NONE', #1470, 0.02500000000000006384 ) ;
#1415 = CARTESIAN_POINT ( 'NONE',  ( 0.3500000000000000333, 0.000000000000000000, 0.2500000000000000000 ) ) ;
#1416 = CARTESIAN_POINT ( 'NONE',  ( -0.8254415587728428649, 0.4750000000000009770, -0.6999999999999996225 ) ) ;
#1417 = LINE ( 'NONE', #1888, #894 ) ;
#1418 = CARTESIAN_POINT ( 'NONE',  ( 0.9300000000000002709, 0.1275000000000000022, 0.6299999999999998934 ) ) ;
#1419 = CARTESIAN_POINT ( 'NONE',  ( -0.9300000000000002709, 0.9789693182963199458, 0.6299999999999996714 ) ) ;
#1420 = CARTESIAN_POINT ( 'NONE',  ( 0.9300000000000002709, 0.9789693182963199458, 0.6299999999999998934 ) ) ;
#1421 = ORIENTED_EDGE ( 'NONE', *, *, #1707, .T. ) ;
#1422 = DIRECTION ( 'NONE',  ( -1.000000000000000000, 0.000000000000000000, 0.000000000000000000 ) ) ;
#1423 = EDGE_CURVE ( 'NONE', #1349, #2866, #731, .T. ) ;
#1424 = ORIENTED_EDGE ( 'NONE', *, *, #3258, .T. ) ;
#1425 = PRESENTATION_LAYER_ASSIGNMENT (  '', '', ( #1311 ) ) ;
#1426 = VECTOR ( 'NONE', #270, 1000.000000000000000 ) ;
#1427 = DIRECTION ( 'NONE',  ( -1.000000000000000000, 0.000000000000000000, 7.589415207398512105E-15 ) ) ;
#1428 = ADVANCED_FACE ( 'NONE', ( #965 ), #1834, .T. ) ;
#1429 = DIRECTION ( 'NONE',  ( -0.7071067811865497932, 0.000000000000000000, 0.7071067811865453523 ) ) ;
#1430 = ORIENTED_EDGE ( 'NONE', *, *, #2965, .F. ) ;
#1431 = AXIS2_PLACEMENT_3D ( 'NONE', #115, #1229, #700 ) ;
#1432 = PLANE ( 'NONE',  #1316 ) ;
#1433 = ORIENTED_EDGE ( 'NONE', *, *, #724, .F. ) ;
#1434 = PRESENTATION_LAYER_ASSIGNMENT (  '', '', ( #489 ) ) ;
#1435 = CARTESIAN_POINT ( 'NONE',  ( -0.9000000000000001332, 0.4750000000000007550, -0.5200000000000000178 ) ) ;
#1436 = CARTESIAN_POINT ( 'NONE',  ( -0.9300000000000002709, 0.1275000000000000022, 0.6299999999999996714 ) ) ;
#1437 = CARTESIAN_POINT ( 'NONE',  ( 0.8300000000000001821, 0.1275000000000000022, 0.7300000000000002043 ) ) ;
#1438 = VECTOR ( 'NONE', #2743, 1000.000000000000000 ) ;
#1439 = AXIS2_PLACEMENT_3D ( 'NONE', #753, #3197, #695 ) ;
#1440 =( NAMED_UNIT ( * ) SI_UNIT ( $, .STERADIAN. ) SOLID_ANGLE_UNIT ( ) );
#1441 = DIRECTION ( 'NONE',  ( -0.000000000000000000, -1.000000000000000000, -0.000000000000000000 ) ) ;
#1442 = DIRECTION ( 'NONE',  ( 0.000000000000000000, 1.000000000000000000, 0.000000000000000000 ) ) ;
#1443 = ORIENTED_EDGE ( 'NONE', *, *, #1754, .T. ) ;
#1444 = DIRECTION ( 'NONE',  ( -0.7071067811865441310, 0.000000000000000000, -0.7071067811865507924 ) ) ;
#1445 = VERTEX_POINT ( 'NONE', #2925 ) ;
#1446 = VERTEX_POINT ( 'NONE', #2946 ) ;
#1447 = EDGE_CURVE ( 'NONE', #522, #1862, #386, .T. ) ;
#1448 = DIRECTION ( 'NONE',  ( -1.000000000000000000, 0.000000000000000000, -0.000000000000000000 ) ) ;
#1449 = CYLINDRICAL_SURFACE ( 'NONE', #1373, 0.1799999999999999378 ) ;
#1450 = VERTEX_POINT ( 'NONE', #1271 ) ;
#1451 = VERTEX_POINT ( 'NONE', #1253 ) ;
#1452 = ADVANCED_FACE ( 'NONE', ( #1289 ), #1797, .F. ) ;
#1453 = DIRECTION ( 'NONE',  ( -1.000000000000000000, 0.000000000000000000, 0.000000000000000000 ) ) ;
#1454 = LINE ( 'NONE', #3080, #609 ) ;
#1455 = LINE ( 'NONE', #3394, #1935 ) ;
#1456 = EDGE_CURVE ( 'NONE', #2618, #2346, #1216, .T. ) ;
#1457 = LINE ( 'NONE', #1418, #974 ) ;
#1458 = LINE ( 'NONE', #2340, #2630 ) ;
#1459 = ORIENTED_EDGE ( 'NONE', *, *, #3575, .T. ) ;
#1460 = AXIS2_PLACEMENT_3D ( 'NONE', #1642, #2758, #2625 ) ;
#1461 = DIRECTION ( 'NONE',  ( 0.000000000000000000, 1.000000000000000000, 0.000000000000000000 ) ) ;
#1462 = ORIENTED_EDGE ( 'NONE', *, *, #2334, .T. ) ;
#1463 = DIRECTION ( 'NONE',  ( 1.000000000000000000, 0.000000000000000000, 2.258754526011467242E-16 ) ) ;
#1464 = EDGE_LOOP ( 'NONE', ( #592, #234, #939, #630 ) ) ;
#1465 = DIRECTION ( 'NONE',  ( 3.388131789017201356E-16, -0.000000000000000000, -1.000000000000000000 ) ) ;
#1466 = VERTEX_POINT ( 'NONE', #457 ) ;
#1467 = DIRECTION ( 'NONE',  ( 1.000000000000000000, -0.000000000000000000, 7.529181753371559939E-17 ) ) ;
#1468 = ADVANCED_FACE ( 'NONE', ( #692 ), #121, .T. ) ;
#1469 = CARTESIAN_POINT ( 'NONE',  ( 0.7200000000000006395, 0.2718375329420474329, -0.7325499560772700258 ) ) ;
#1470 = AXIS2_PLACEMENT_3D ( 'NONE', #3082, #1385, #1623 ) ;
#1471 = VECTOR ( 'NONE', #2508, 1000.000000000000000 ) ;
#1472 = FACE_OUTER_BOUND ( 'NONE', #113, .T. ) ;
#1473 = EDGE_CURVE ( 'NONE', #2859, #1108, #2145, .T. ) ;
#1474 = CARTESIAN_POINT ( 'NONE',  ( 0.9300000000000002709, 0.1275000000000000022, 0.2500000000000000000 ) ) ;
#1475 = ORIENTED_EDGE ( 'NONE', *, *, #2183, .T. ) ;
#1476 = VECTOR ( 'NONE', #1658, 1000.000000000000000 ) ;
#1477 = LINE ( 'NONE', #2898, #3544 ) ;
#1478 = VERTEX_POINT ( 'NONE', #2126 ) ;
#1479 = DIRECTION ( 'NONE',  ( -0.000000000000000000, -1.000000000000000000, -0.000000000000000000 ) ) ;
#1480 = ORIENTED_EDGE ( 'NONE', *, *, #2291, .T. ) ;
#1481 = FILL_AREA_STYLE ('',( #571 ) ) ;
#1482 = ORIENTED_EDGE ( 'NONE', *, *, #1509, .F. ) ;
#1483 = AXIS2_PLACEMENT_3D ( 'NONE', #3611, #2440, #1321 ) ;
#1484 = CARTESIAN_POINT ( 'NONE',  ( -0.8999999999999990230, 0.4896446609406731598, -0.6254415587728422432 ) ) ;
#1485 = DIRECTION ( 'NONE',  ( 0.000000000000000000, 0.000000000000000000, 1.000000000000000000 ) ) ;
#1486 = ORIENTED_EDGE ( 'NONE', *, *, #429, .T. ) ;
#1487 = ADVANCED_FACE ( 'NONE', ( #751 ), #1000, .T. ) ;
#1488 = CIRCLE ( 'NONE', #3542, 0.02499999999999995628 ) ;
#1489 = CARTESIAN_POINT ( 'NONE',  ( -0.3499999999999998113, 0.1275000000000000022, -0.7300000000000002043 ) ) ;
#1490 = CARTESIAN_POINT ( 'NONE',  ( -0.9300000000000002709, 0.1275000000000000022, 0.6299999999999996714 ) ) ;
#1491 = MECHANICAL_DESIGN_GEOMETRIC_PRESENTATION_REPRESENTATION (  '', ( #1841 ), #676 ) ;
#1492 = FACE_OUTER_BOUND ( 'NONE', #1099, .T. ) ;
#1493 = VERTEX_POINT ( 'NONE', #768 ) ;
#1494 = AXIS2_PLACEMENT_3D ( 'NONE', #3105, #639, #2327 ) ;
#1495 = EDGE_CURVE ( 'NONE', #1567, #1751, #3506, .T. ) ;
#1496 = PLANE ( 'NONE',  #2306 ) ;
#1497 = ORIENTED_EDGE ( 'NONE', *, *, #2535, .T. ) ;
#1498 = EDGE_CURVE ( 'NONE', #1451, #1445, #192, .T. ) ;
#1499 = FACE_OUTER_BOUND ( 'NONE', #2041, .T. ) ;
#1500 = ORIENTED_EDGE ( 'NONE', *, *, #2557, .F. ) ;
#1501 = CARTESIAN_POINT ( 'NONE',  ( -0.7199999999999999734, 0.5000000000000000000, -0.6749999999999999334 ) ) ;
#1502 = VERTEX_POINT ( 'NONE', #985 ) ;
#1503 = CARTESIAN_POINT ( 'NONE',  ( -0.8999999999999995781, 0.1275000000000000022, -0.8000000000000003775 ) ) ;
#1504 = CARTESIAN_POINT ( 'NONE',  ( -0.8371572875253814328, 0.2969374450965875378, 0.7200000000000001954 ) ) ;
#1505 = EDGE_LOOP ( 'NONE', ( #46, #2257, #2416, #2835 ) ) ;
#1506 = CARTESIAN_POINT ( 'NONE',  ( -0.8107968978321706821, 0.5000000000000000000, 0.6749999999999997113 ) ) ;
#1507 = CIRCLE ( 'NONE', #57, 0.05999999999999994227 ) ;
#1508 = DIRECTION ( 'NONE',  ( -1.000000000000000000, -0.000000000000000000, 1.426581805901980621E-16 ) ) ;
#1509 = EDGE_CURVE ( 'NONE', #628, #679, #420, .T. ) ;
#1510 = CARTESIAN_POINT ( 'NONE',  ( -0.7200000000000004174, 0.5000000000000000000, 0.6749999999999999334 ) ) ;
#1511 = DIRECTION ( 'NONE',  ( 0.000000000000000000, -1.000000000000000000, 0.000000000000000000 ) ) ;
#1512 = EDGE_CURVE ( 'NONE', #2731, #591, #208, .T. ) ;
#1513 = ORIENTED_EDGE ( 'NONE', *, *, #1033, .T. ) ;
#1514 = DIRECTION ( 'NONE',  ( 0.000000000000000000, 0.000000000000000000, -1.000000000000000000 ) ) ;
#1515 = VERTEX_POINT ( 'NONE', #2444 ) ;
#1516 = EDGE_CURVE ( 'NONE', #1848, #2798, #3038, .T. ) ;
#1517 = CARTESIAN_POINT ( 'NONE',  ( -0.7200000000000000844, 0.4049999999999999711, -0.5200000000000000178 ) ) ;
#1518 = EDGE_LOOP ( 'NONE', ( #656, #2312, #3520, #2891 ) ) ;
#1519 = LINE ( 'NONE', #2610, #1712 ) ;
#1520 = VERTEX_POINT ( 'NONE', #3577 ) ;
#1521 = DIRECTION ( 'NONE',  ( 1.000000000000000000, 0.000000000000000000, 0.000000000000000000 ) ) ;
#1522 = CARTESIAN_POINT ( 'NONE',  ( 0.7200000000000006395, 0.3249999999999999556, 0.8074999999999994404 ) ) ;
#1523 = LINE ( 'NONE', #712, #595 ) ;
#1524 = VECTOR ( 'NONE', #2526, 1000.000000000000000 ) ;
#1525 = CARTESIAN_POINT ( 'NONE',  ( -0.9299999999999999378, 0.1275000000000000022, -0.6299999999999998934 ) ) ;
#1526 = DIRECTION ( 'NONE',  ( -0.000000000000000000, 1.000000000000000000, -0.000000000000000000 ) ) ;
#1527 = ORIENTED_EDGE ( 'NONE', *, *, #2543, .T. ) ;
#1528 = ADVANCED_FACE ( 'NONE', ( #1398 ), #1813, .F. ) ;
#1529 = CARTESIAN_POINT ( 'NONE',  ( -0.8299999999999999600, 0.9789693182963199458, -0.7300000000000002043 ) ) ;
#1530 = EDGE_LOOP ( 'NONE', ( #19, #2837, #1497, #1194 ) ) ;
#1531 = LINE ( 'NONE', #2954, #1721 ) ;
#1532 = VERTEX_POINT ( 'NONE', #3282 ) ;
#1533 = EDGE_CURVE ( 'NONE', #2056, #3410, #2211, .T. ) ;
#1534 = LINE ( 'NONE', #399, #1051 ) ;
#1535 =( LENGTH_UNIT ( ) NAMED_UNIT ( * ) SI_UNIT ( .MILLI., .METRE. ) );
#1536 = VECTOR ( 'NONE', #1666, 1000.000000000000000 ) ;
#1537 = VECTOR ( 'NONE', #447, 1000.000000000000000 ) ;
#1538 = VECTOR ( 'NONE', #2215, 1000.000000000000000 ) ;
#1539 = DIRECTION ( 'NONE',  ( -0.000000000000000000, 1.000000000000000000, 0.000000000000000000 ) ) ;
#1540 = CARTESIAN_POINT ( 'NONE',  ( 1.000000000000000000, 0.9789693182963199458, 0.8000000000000003775 ) ) ;
#1541 = CARTESIAN_POINT ( 'NONE',  ( 0.9325499560772703145, 0.2718375329420474329, 0.6445088815882585864 ) ) ;
#1542 = CARTESIAN_POINT ( 'NONE',  ( -0.3499999999999997558, 0.1275000000000000022, -0.7300000000000002043 ) ) ;
#1543 = CARTESIAN_POINT ( 'NONE',  ( -0.7200000000000000844, 0.4049999999999999711, 0.5199999999999999067 ) ) ;
#1544 = ORIENTED_EDGE ( 'NONE', *, *, #1312, .T. ) ;
#1545 = AXIS2_PLACEMENT_3D ( 'NONE', #3344, #2166, #1647 ) ;
#1546 = AXIS2_PLACEMENT_3D ( 'NONE', #3214, #3231, #1572 ) ;
#1547 = DIRECTION ( 'NONE',  ( 0.000000000000000000, 0.000000000000000000, -1.000000000000000000 ) ) ;
#1548 = ORIENTED_EDGE ( 'NONE', *, *, #1754, .F. ) ;
#1549 = CARTESIAN_POINT ( 'NONE',  ( -0.3499999999999998113, 0.9789693182963199458, -0.4500000000000005107 ) ) ;
#1550 = ORIENTED_EDGE ( 'NONE', *, *, #3509, .F. ) ;
#1551 = CARTESIAN_POINT ( 'NONE',  ( 0.8896446609406728490, 0.5000000000000001110, -0.6193755415948605236 ) ) ;
#1552 = CARTESIAN_POINT ( 'NONE',  ( -0.8445088815882595412, 0.2718375329420475439, 0.7325499560772701368 ) ) ;
#1553 = ORIENTED_EDGE ( 'NONE', *, *, #1144, .F. ) ;
#1554 = ADVANCED_FACE ( 'NONE', ( #1947 ), #2759, .T. ) ;
#1555 = CARTESIAN_POINT ( 'NONE',  ( -0.7200000000000000844, 0.4899999999999999911, 0.5199999999999995737 ) ) ;
#1556 = CARTESIAN_POINT ( 'NONE',  ( 1.000000000000000222, 0.1275000000000000022, -0.2500000000000000000 ) ) ;
#1557 = EDGE_CURVE ( 'NONE', #2124, #1478, #1052, .T. ) ;
#1558 = CARTESIAN_POINT ( 'NONE',  ( 0.8300000000000001821, 0.1275000000000000022, 0.7300000000000002043 ) ) ;
#1559 = DIRECTION ( 'NONE',  ( -1.000000000000000000, -0.000000000000000000, -0.000000000000000000 ) ) ;
#1560 = CARTESIAN_POINT ( 'NONE',  ( -0.7200000000000000844, 0.4750000000000010325, 0.5199999999999999067 ) ) ;
#1561 = ORIENTED_EDGE ( 'NONE', *, *, #770, .T. ) ;
#1562 = ORIENTED_EDGE ( 'NONE', *, *, #3606, .T. ) ;
#1563 = DIRECTION ( 'NONE',  ( 0.000000000000000000, -1.000000000000000000, 0.000000000000000000 ) ) ;
#1564 = EDGE_LOOP ( 'NONE', ( #184, #1680, #1161, #2081, #3125, #470, #505, #543 ) ) ;
#1565 = DIRECTION ( 'NONE',  ( -1.000000000000000000, 0.000000000000000000, -5.706327223607922485E-16 ) ) ;
#1566 = CARTESIAN_POINT ( 'NONE',  ( -0.7800000000000000266, 0.4899999999999999911, 0.5199999999999995737 ) ) ;
#1567 = VERTEX_POINT ( 'NONE', #1325 ) ;
#1568 = EDGE_CURVE ( 'NONE', #638, #1282, #3299, .T. ) ;
#1569 = CARTESIAN_POINT ( 'NONE',  ( 0.8300000000000004041, 0.000000000000000000, -0.7299999999999999822 ) ) ;
#1570 = FACE_OUTER_BOUND ( 'NONE', #686, .T. ) ;
#1571 =( BOUNDED_SURFACE ( )  B_SPLINE_SURFACE ( 3, 3, ( 
 ( #1039, #2688, #2341, #1510 ),
 ( #3510, #3251, #123, #3471 ),
 ( #2395, #970, #2112, #180 ),
 ( #3494, #2078, #405, #2911 ) ),
 .UNSPECIFIED., .F., .F., .F. ) 
 B_SPLINE_SURFACE_WITH_KNOTS ( ( 4, 4 ),
 ( 4, 4 ),
 ( 0.000000000000000000, 1.000000000000000000 ),
 ( 0.000000000000000000, 1.000000000000000000 ),
 .UNSPECIFIED. ) 
 GEOMETRIC_REPRESENTATION_ITEM ( )  RATIONAL_B_SPLINE_SURFACE ( (
 ( 1.000000000000000000, 0.8047378541243647154, 0.8047378541243647154, 1.000000000000000000),
 ( 0.8047378541243777050, 0.6476030138606977404, 0.6476030138606977404, 0.8047378541243777050),
 ( 0.8047378541243777050, 0.6476030138606977404, 0.6476030138606977404, 0.8047378541243777050),
 ( 1.000000000000000000, 0.8047378541243647154, 0.8047378541243647154, 1.000000000000000000) ) ) 
 REPRESENTATION_ITEM ( '' )  SURFACE ( )  );
#1572 = DIRECTION ( 'NONE',  ( 1.000000000000000000, 0.000000000000000000, 0.000000000000000000 ) ) ;
#1573 = EDGE_CURVE ( 'NONE', #2380, #185, #556, .T. ) ;
#1574 = DIRECTION ( 'NONE',  ( -1.000000000000000000, 0.000000000000000000, 0.000000000000000000 ) ) ;
#1575 =( LENGTH_UNIT ( ) NAMED_UNIT ( * ) SI_UNIT ( .MILLI., .METRE. ) );
#1576 = ORIENTED_EDGE ( 'NONE', *, *, #1981, .F. ) ;
#1577 = EDGE_LOOP ( 'NONE', ( #2455, #526, #2389, #2425 ) ) ;
#1578 = CARTESIAN_POINT ( 'NONE',  ( -1.000000000000000000, 0.1275000000000000022, 0.8000000000000001554 ) ) ;
#1579 = ORIENTED_EDGE ( 'NONE', *, *, #2709, .F. ) ;
#1580 = LINE ( 'NONE', #1881, #193 ) ;
#1581 = LINE ( 'NONE', #3012, #735 ) ;
#1582 = VERTEX_POINT ( 'NONE', #3596 ) ;
#1583 = CARTESIAN_POINT ( 'NONE',  ( -0.9300000000000002709, 0.1275000000000000022, 0.6299999999999996714 ) ) ;
#1584 = ORIENTED_EDGE ( 'NONE', *, *, #429, .F. ) ;
#1585 = FACE_OUTER_BOUND ( 'NONE', #874, .T. ) ;
#1586 = DIRECTION ( 'NONE',  ( 0.000000000000000000, 0.000000000000000000, -1.000000000000000000 ) ) ;
#1587 = AXIS2_PLACEMENT_3D ( 'NONE', #648, #1757, #2868 ) ;
#1588 = EDGE_CURVE ( 'NONE', #765, #250, #3358, .T. ) ;
#1589 = AXIS2_PLACEMENT_3D ( 'NONE', #1392, #3025, #2496 ) ;
#1590 = DIRECTION ( 'NONE',  ( 0.7071067811865509034, 0.000000000000000000, -0.7071067811865442421 ) ) ;
#1591 = CARTESIAN_POINT ( 'NONE',  ( -0.7800000000000000266, 0.4899999999999999911, 0.5199999999999995737 ) ) ;
#1592 = AXIS2_PLACEMENT_3D ( 'NONE', #412, #791, #3477 ) ;
#1593 = VERTEX_POINT ( 'NONE', #1887 ) ;
#1594 = EDGE_CURVE ( 'NONE', #2235, #1240, #474, .T. ) ;
#1595 = VECTOR ( 'NONE', #926, 1000.000000000000000 ) ;
#1596 = ORIENTED_EDGE ( 'NONE', *, *, #1633, .F. ) ;
#1597 = CIRCLE ( 'NONE', #325, 0.08749999999999946709 ) ;
#1598 = DIRECTION ( 'NONE',  ( -2.258754526011468228E-16, 0.000000000000000000, -1.000000000000000000 ) ) ;
#1599 = ORIENTED_EDGE ( 'NONE', *, *, #1404, .F. ) ;
#1600 = VECTOR ( 'NONE', #2057, 1000.000000000000000 ) ;
#1601 = CARTESIAN_POINT ( 'NONE',  ( 1.000000000000000000, 0.2500000000000000000, 0.000000000000000000 ) ) ;
#1602 =( LENGTH_UNIT ( ) NAMED_UNIT ( * ) SI_UNIT ( .MILLI., .METRE. ) );
#1603 = EDGE_LOOP ( 'NONE', ( #1367, #3131, #2115, #2398 ) ) ;
#1604 = CARTESIAN_POINT ( 'NONE',  ( -1.000000000000000000, 0.000000000000000000, 0.000000000000000000 ) ) ;
#1605 = CARTESIAN_POINT ( 'NONE',  ( 0.7200000000000005285, 0.4049999999999999711, 0.7200000000000000844 ) ) ;
#1606 = CARTESIAN_POINT ( 'NONE',  ( 0.3500000000000000333, 0.000000000000000000, 0.8000000000000003775 ) ) ;
#1607 = DIRECTION ( 'NONE',  ( 0.000000000000000000, -1.000000000000000000, 0.000000000000000000 ) ) ;
#1608 = PLANE ( 'NONE',  #3174 ) ;
#1609 = EDGE_CURVE ( 'NONE', #3338, #3180, #2466, .T. ) ;
#1610 = LINE ( 'NONE', #2789, #2572 ) ;
#1611 = VERTEX_POINT ( 'NONE', #3614 ) ;
#1612 = DIRECTION ( 'NONE',  ( -0.000000000000000000, 1.000000000000000000, 0.000000000000000000 ) ) ;
#1613 = ADVANCED_FACE ( 'NONE', ( #1585 ), #1838, .T. ) ;
#1614 = VERTEX_POINT ( 'NONE', #1146 ) ;
#1615 = VECTOR ( 'NONE', #3002, 1000.000000000000000 ) ;
#1616 = CARTESIAN_POINT ( 'NONE',  ( -0.7200000000000000844, 0.4899999999999999911, 0.5199999999999995737 ) ) ;
#1617 = VERTEX_POINT ( 'NONE', #3377 ) ;
#1618 = EDGE_CURVE ( 'NONE', #366, #1230, #3097, .T. ) ;
#1619 = LINE ( 'NONE', #780, #3119 ) ;
#1620 = EDGE_LOOP ( 'NONE', ( #644, #2371, #1765, #1172 ) ) ;
#1621 = CARTESIAN_POINT ( 'NONE',  ( -0.7200000000000000844, 0.4049999999999999711, 0.5199999999999999067 ) ) ;
#1622 = EDGE_LOOP ( 'NONE', ( #3024, #1720, #3141, #907, #1822, #3364, #955, #1062 ) ) ;
#1623 = DIRECTION ( 'NONE',  ( 1.000000000000000000, 0.000000000000000000, 0.000000000000000000 ) ) ;
#1624 = LINE ( 'NONE', #1891, #1615 ) ;
#1625 = LINE ( 'NONE', #579, #1314 ) ;
#1626 = SURFACE_STYLE_FILL_AREA ( #1389 ) ;
#1627 = LINE ( 'NONE', #2256, #2747 ) ;
#1628 = ORIENTED_EDGE ( 'NONE', *, *, #1573, .T. ) ;
#1629 = CARTESIAN_POINT ( 'NONE',  ( -0.3499999999999997558, 0.1275000000000000022, -0.4500000000000006217 ) ) ;
#1630 = CARTESIAN_POINT ( 'NONE',  ( -0.8299999999999999600, 0.9789693182963199458, -0.7300000000000002043 ) ) ;
#1631 = VECTOR ( 'NONE', #1001, 1000.000000000000000 ) ;
#1632 = ORIENTED_EDGE ( 'NONE', *, *, #3169, .T. ) ;
#1633 = EDGE_CURVE ( 'NONE', #3400, #2486, #2522, .T. ) ;
#1634 = VECTOR ( 'NONE', #1931, 1000.000000000000000 ) ;
#1635 = DIRECTION ( 'NONE',  ( -0.000000000000000000, -0.000000000000000000, 1.000000000000000000 ) ) ;
#1636 = LINE ( 'NONE', #817, #550 ) ;
#1637 = ORIENTED_EDGE ( 'NONE', *, *, #2910, .F. ) ;
#1638 = FACE_OUTER_BOUND ( 'NONE', #3072, .T. ) ;
#1639 = ORIENTED_EDGE ( 'NONE', *, *, #3242, .T. ) ;
#1640 = EDGE_CURVE ( 'NONE', #2348, #1332, #2839, .T. ) ;
#1641 = VECTOR ( 'NONE', #2812, 1000.000000000000000 ) ;
#1642 = CARTESIAN_POINT ( 'NONE',  ( -0.7200000000000000844, 0.3249999999999999556, -0.8074999999999993294 ) ) ;
#1643 = CARTESIAN_POINT ( 'NONE',  ( -0.9549999999999997380, 0.2550000000000000600, -0.6576598128423227774 ) ) ;
#1644 = CARTESIAN_POINT ( 'NONE',  ( 0.8750000000000003331, 0.5000000000000000000, 0.5200000000000003508 ) ) ;
#1645 = EDGE_CURVE ( 'NONE', #1582, #332, #1741, .T. ) ;
#1646 = CARTESIAN_POINT ( 'NONE',  ( 0.9300000000000002709, 0.9789693182963199458, 0.6299999999999998934 ) ) ;
#1647 = DIRECTION ( 'NONE',  ( 0.7071067811865453523, 0.000000000000000000, 0.7071067811865496822 ) ) ;
#1648 = LINE ( 'NONE', #227, #2995 ) ;
#1649 = CARTESIAN_POINT ( 'NONE',  ( 1.000000000000000000, 0.2500000000000000000, 0.8000000000000001554 ) ) ;
#1650 = EDGE_LOOP ( 'NONE', ( #1433, #2914, #1196, #3568 ) ) ;
#1651 = AXIS2_PLACEMENT_3D ( 'NONE', #2777, #1903, #1065 ) ;
#1652 = CYLINDRICAL_SURFACE ( 'NONE', #2181, 0.1800000000000001599 ) ;
#1653 = AXIS2_PLACEMENT_3D ( 'NONE', #3610, #3318, #869 ) ;
#1654 = AXIS2_PLACEMENT_3D ( 'NONE', #1522, #3525, #3172 ) ;
#1655 = VERTEX_POINT ( 'NONE', #2321 ) ;
#1656 = AXIS2_PLACEMENT_3D ( 'NONE', #403, #2357, #3469 ) ;
#1657 = CIRCLE ( 'NONE', #206, 0.2000000000000000944 ) ;
#1658 = DIRECTION ( 'NONE',  ( 0.000000000000000000, 1.000000000000000000, 0.000000000000000000 ) ) ;
#1659 = DIRECTION ( 'NONE',  ( -1.042502088928369904E-16, -0.000000000000000000, -1.000000000000000000 ) ) ;
#1660 = ORIENTED_EDGE ( 'NONE', *, *, #2910, .T. ) ;
#1661 = EDGE_CURVE ( 'NONE', #259, #1810, #876, .T. ) ;
#1662 = DIRECTION ( 'NONE',  ( 0.000000000000000000, -1.000000000000000000, 0.000000000000000000 ) ) ;
#1663 = VERTEX_POINT ( 'NONE', #611 ) ;
#1664 = VECTOR ( 'NONE', #2968, 1000.000000000000000 ) ;
#1665 = CARTESIAN_POINT ( 'NONE',  ( 0.7200000000000005285, 0.5000000000000000000, 0.6750000000000000444 ) ) ;
#1666 = DIRECTION ( 'NONE',  ( -0.000000000000000000, -0.000000000000000000, -1.000000000000000000 ) ) ;
#1667 = ADVANCED_FACE ( 'NONE', ( #2817 ), #1199, .F. ) ;
#1668 = CARTESIAN_POINT ( 'NONE',  ( 1.000000000000000000, 0.1275000000000000022, 0.7000000000000000666 ) ) ;
#1669 = CARTESIAN_POINT ( 'NONE',  ( 0.3500000000000001998, 0.9789693182963199458, -0.7300000000000000933 ) ) ;
#1670 = LINE ( 'NONE', #2723, #1438 ) ;
#1671 = EDGE_CURVE ( 'NONE', #366, #1280, #2593, .T. ) ;
#1672 = DIRECTION ( 'NONE',  ( 1.000000000000000000, 0.000000000000000000, 2.258754526011467242E-16 ) ) ;
#1673 = ORIENTED_EDGE ( 'NONE', *, *, #3124, .T. ) ;
#1674 = CARTESIAN_POINT ( 'NONE',  ( -0.7199999999999998623, 0.2550000000000001155, -0.5200000000000000178 ) ) ;
#1675 = ORIENTED_EDGE ( 'NONE', *, *, #746, .F. ) ;
#1676 = ORIENTED_EDGE ( 'NONE', *, *, #1691, .T. ) ;
#1677 = AXIS2_PLACEMENT_3D ( 'NONE', #3395, #3436, #3083 ) ;
#1678 = LINE ( 'NONE', #309, #2116 ) ;
#1679 = CARTESIAN_POINT ( 'NONE',  ( -0.7200000000000000844, 0.4049999999999999711, -0.5200000000000000178 ) ) ;
#1680 = ORIENTED_EDGE ( 'NONE', *, *, #2617, .T. ) ;
#1681 = CARTESIAN_POINT ( 'NONE',  ( 0.8300000000000001821, 0.1275000000000000022, 0.7300000000000002043 ) ) ;
#1682 = ORIENTED_EDGE ( 'NONE', *, *, #527, .F. ) ;
#1683 = DIRECTION ( 'NONE',  ( 1.936075308009828727E-15, 0.000000000000000000, -1.000000000000000000 ) ) ;
#1684 = LINE ( 'NONE', #633, #2585 ) ;
#1685 = LINE ( 'NONE', #3016, #949 ) ;
#1686 = EDGE_CURVE ( 'NONE', #744, #149, #1164, .T. ) ;
#1687 = PRODUCT_CONTEXT ( 'NONE', #2829, 'mechanical' ) ;
#1688 = DIRECTION ( 'NONE',  ( 1.000000000000000000, 0.000000000000000000, 0.000000000000000000 ) ) ;
#1689 = CARTESIAN_POINT ( 'NONE',  ( -0.8299999999999999600, 0.1275000000000000022, -0.7300000000000002043 ) ) ;
#1690 = EDGE_LOOP ( 'NONE', ( #940, #792, #2916, #2266 ) ) ;
#1691 = EDGE_CURVE ( 'NONE', #2043, #2421, #3393, .T. ) ;
#1692 = DIRECTION ( 'NONE',  ( 0.000000000000000000, -1.000000000000000000, 0.000000000000000000 ) ) ;
#1693 = ORIENTED_EDGE ( 'NONE', *, *, #624, .T. ) ;
#1694 = CARTESIAN_POINT ( 'NONE',  ( 0.8999999999999998002, 0.2550000000000000044, -0.7999999999999999334 ) ) ;
#1695 = CIRCLE ( 'NONE', #1992, 0.1000000000000002554 ) ;
#1696 = DIRECTION ( 'NONE',  ( -2.085004177856740055E-16, -0.000000000000000000, 1.000000000000000000 ) ) ;
#1697 = ORIENTED_EDGE ( 'NONE', *, *, #3198, .F. ) ;
#1698 = DIRECTION ( 'NONE',  ( -5.706327223607921499E-16, 0.000000000000000000, 1.000000000000000000 ) ) ;
#1699 = ORIENTED_EDGE ( 'NONE', *, *, #1119, .F. ) ;
#1700 = VECTOR ( 'NONE', #845, 1000.000000000000000 ) ;
#1701 = LINE ( 'NONE', #2544, #3389 ) ;
#1702 = CARTESIAN_POINT ( 'NONE',  ( -0.8300000000000000711, 0.1275000000000000022, 0.7299999999999998712 ) ) ;
#1703 = LINE ( 'NONE', #1219, #3576 ) ;
#1704 = CARTESIAN_POINT ( 'NONE',  ( -0.9299999999999999378, 0.1275000000000000022, -0.6299999999999998934 ) ) ;
#1705 = PRESENTATION_STYLE_ASSIGNMENT (( #1728 ) ) ;
#1706 = DIRECTION ( 'NONE',  ( 1.000000000000000000, -0.000000000000000000, 0.000000000000000000 ) ) ;
#1707 = EDGE_CURVE ( 'NONE', #3338, #2217, #2993, .T. ) ;
#1708 = ORIENTED_EDGE ( 'NONE', *, *, #49, .F. ) ;
#1709 = DIRECTION ( 'NONE',  ( 0.7071067811865473507, 0.000000000000000000, 0.7071067811865477948 ) ) ;
#1710 = EDGE_CURVE ( 'NONE', #2970, #900, #1454, .T. ) ;
#1711 = VERTEX_POINT ( 'NONE', #575 ) ;
#1712 = VECTOR ( 'NONE', #2680, 1000.000000000000114 ) ;
#1713 = VECTOR ( 'NONE', #392, 1000.000000000000114 ) ;
#1714 = AXIS2_PLACEMENT_3D ( 'NONE', #813, #1405, #566 ) ;
#1715 = CARTESIAN_POINT ( 'NONE',  ( 0.9000000000000005773, 0.4750000000000010325, -0.5199999999999996847 ) ) ;
#1716 = LINE ( 'NONE', #2813, #614 ) ;
#1717 = ORIENTED_EDGE ( 'NONE', *, *, #979, .F. ) ;
#1718 = AXIS2_PLACEMENT_3D ( 'NONE', #588, #1158, #2224 ) ;
#1719 = LINE ( 'NONE', #3094, #2828 ) ;
#1720 = ORIENTED_EDGE ( 'NONE', *, *, #2578, .T. ) ;
#1721 = VECTOR ( 'NONE', #685, 1000.000000000000000 ) ;
#1722 = FACE_OUTER_BOUND ( 'NONE', #1854, .T. ) ;
#1723 = DIRECTION ( 'NONE',  ( 0.000000000000000000, 0.000000000000000000, -1.000000000000000000 ) ) ;
#1724 = DIRECTION ( 'NONE',  ( -1.000000000000000000, 0.000000000000000000, -7.529181753371559939E-17 ) ) ;
#1725 = CIRCLE ( 'NONE', #862, 0.1000000000000002554 ) ;
#1726 = AXIS2_PLACEMENT_3D ( 'NONE', #1616, #3029, #2730 ) ;
#1727 = LINE ( 'NONE', #2579, #205 ) ;
#1728 = SURFACE_STYLE_USAGE ( .BOTH. , #2857 ) ;
#1729 = CARTESIAN_POINT ( 'NONE',  ( 1.000000000000000000, -5.421010862427522170E-17, 0.7000000000000000666 ) ) ;
#1730 = ORIENTED_EDGE ( 'NONE', *, *, #2443, .T. ) ;
#1731 = EDGE_CURVE ( 'NONE', #2293, #2603, #909, .T. ) ;
#1732 = CARTESIAN_POINT ( 'NONE',  ( -0.3499999999999998113, 0.000000000000000000, -0.7300000000000002043 ) ) ;
#1733 = EDGE_LOOP ( 'NONE', ( #890, #1880, #1717, #2442, #25, #2584, #2775 ) ) ;
#1734 = EDGE_CURVE ( 'NONE', #3295, #811, #1684, .T. ) ;
#1735 = CARTESIAN_POINT ( 'NONE',  ( -0.7200000000000000844, 0.4049999999999999711, 0.7200000000000000844 ) ) ;
#1736 = ORIENTED_EDGE ( 'NONE', *, *, #1786, .T. ) ;
#1737 = DIRECTION ( 'NONE',  ( 9.346570452461245291E-17, 0.000000000000000000, -1.000000000000000000 ) ) ;
#1738 = VERTEX_POINT ( 'NONE', #2575 ) ;
#1739 = ADVANCED_FACE ( 'NONE', ( #929 ), #3151, .F. ) ;
#1740 = DIRECTION ( 'NONE',  ( -0.000000000000000000, -0.000000000000000000, 1.000000000000000000 ) ) ;
#1741 = LINE ( 'NONE', #1436, #2237 ) ;
#1742 = DIRECTION ( 'NONE',  ( -0.000000000000000000, 1.000000000000000000, 0.000000000000000000 ) ) ;
#1743 = SURFACE_STYLE_USAGE ( .BOTH. , #2307 ) ;
#1744 = CARTESIAN_POINT ( 'NONE',  ( 0.9300000000000002709, 0.9789693182963199458, 0.2500000000000000555 ) ) ;
#1745 = PLANE ( 'NONE',  #778 ) ;
#1746 = CLOSED_SHELL ( 'NONE', ( #807, #362, #2098, #2638 ) ) ;
#1747 = ORIENTED_EDGE ( 'NONE', *, *, #1896, .T. ) ;
#1748 = CARTESIAN_POINT ( 'NONE',  ( -0.8999999999999995781, 0.9789693182963199458, -0.8000000000000004885 ) ) ;
#1749 = ORIENTED_EDGE ( 'NONE', *, *, #3192, .T. ) ;
#1750 = DIRECTION ( 'NONE',  ( -1.000000000000000000, 0.000000000000000000, 0.000000000000000000 ) ) ;
#1751 = VERTEX_POINT ( 'NONE', #364 ) ;
#1752 = SURFACE_SIDE_STYLE ('',( #2850 ) ) ;
#1753 = ORIENTED_EDGE ( 'NONE', *, *, #694, .F. ) ;
#1754 = EDGE_CURVE ( 'NONE', #126, #472, #1519, .T. ) ;
#1755 = MANIFOLD_SOLID_BREP ( 'Sweep1', #3330 ) ;
#1756 = DIRECTION ( 'NONE',  ( 1.000000000000000000, -0.000000000000000000, 9.346570452461245291E-17 ) ) ;
#1757 = DIRECTION ( 'NONE',  ( 2.258754526011490415E-16, 0.000000000000000000, -1.000000000000000000 ) ) ;
#1758 = CARTESIAN_POINT ( 'NONE',  ( -0.7200000000000003064, 0.4749999999999999778, 0.6750000000000000444 ) ) ;
#1759 = ORIENTED_EDGE ( 'NONE', *, *, #326, .T. ) ;
#1760 = EDGE_CURVE ( 'NONE', #1478, #3536, #371, .T. ) ;
#1761 = AXIS2_PLACEMENT_3D ( 'NONE', #2305, #1742, #668 ) ;
#1762 = CARTESIAN_POINT ( 'NONE',  ( 0.3500000000000000333, 0.1275000000000000022, 0.2500000000000000555 ) ) ;
#1763 = DIRECTION ( 'NONE',  ( -1.000000000000000000, 0.000000000000000000, -2.258754526011466749E-16 ) ) ;
#1764 = DIRECTION ( 'NONE',  ( -0.000000000000000000, 1.000000000000000000, -0.000000000000000000 ) ) ;
#1765 = ORIENTED_EDGE ( 'NONE', *, *, #1516, .F. ) ;
#1766 = AXIS2_PLACEMENT_3D ( 'NONE', #605, #2499, #2515 ) ;
#1767 = LINE ( 'NONE', #2879, #3190 ) ;
#1768 = ORIENTED_EDGE ( 'NONE', *, *, #2811, .T. ) ;
#1769 = CARTESIAN_POINT ( 'NONE',  ( 0.7630865554820999153, 0.5000000000000000000, -0.6749999999999999334 ) ) ;
#1770 = ORIENTED_EDGE ( 'NONE', *, *, #394, .T. ) ;
#1771 = DIRECTION ( 'NONE',  ( 1.000000000000000000, 0.000000000000000000, 0.000000000000000000 ) ) ;
#1772 = ORIENTED_EDGE ( 'NONE', *, *, #2543, .F. ) ;
#1773 = COLOUR_RGB ( '',0.9686274509803921573, 0.8784313725490195957, 0.5999999999999999778 ) ;
#1774 = EDGE_CURVE ( 'NONE', #216, #3451, #2762, .T. ) ;
#1775 = CYLINDRICAL_SURFACE ( 'NONE', #847, 0.1800000000000001599 ) ;
#1776 = CARTESIAN_POINT ( 'NONE',  ( 0.7200000000000006395, 0.3250000000000000666, -0.7200000000000000844 ) ) ;
#1777 = ORIENTED_EDGE ( 'NONE', *, *, #3027, .F. ) ;
#1778 = EDGE_CURVE ( 'NONE', #1617, #2977, #3449, .T. ) ;
#1779 = VECTOR ( 'NONE', #879, 1000.000000000000000 ) ;
#1780 = CARTESIAN_POINT ( 'NONE',  ( -0.9300000000000001599, 0.1275000000000000022, 0.2499999999999999445 ) ) ;
#1781 = LINE ( 'NONE', #966, #30 ) ;
#1782 = AXIS2_PLACEMENT_3D ( 'NONE', #3182, #954, #151 ) ;
#1783 = CARTESIAN_POINT ( 'NONE',  ( 0.9300000000000002709, 0.000000000000000000, 0.6299999999999998934 ) ) ;
#1784 = ORIENTED_EDGE ( 'NONE', *, *, #2984, .T. ) ;
#1785 = DIRECTION ( 'NONE',  ( 1.000000000000000000, 0.000000000000000000, -7.529181753371557474E-17 ) ) ;
#1786 = EDGE_CURVE ( 'NONE', #2987, #3613, #157, .T. ) ;
#1787 = DIRECTION ( 'NONE',  ( 0.7071067811865509034, 0.000000000000000000, -0.7071067811865442421 ) ) ;
#1788 = CARTESIAN_POINT ( 'NONE',  ( 0.8750000000000003331, 0.5000000000000000000, -9.121893278123240204E-17 ) ) ;
#1789 = ORIENTED_EDGE ( 'NONE', *, *, #1855, .F. ) ;
#1790 = LINE ( 'NONE', #1529, #147 ) ;
#1791 = ORIENTED_EDGE ( 'NONE', *, *, #770, .F. ) ;
#1792 = CARTESIAN_POINT ( 'NONE',  ( -0.3499999999999998668, 0.1275000000000000022, 0.7299999999999998712 ) ) ;
#1793 = VERTEX_POINT ( 'NONE', #3243 ) ;
#1794 = DIRECTION ( 'NONE',  ( 1.000000000000000000, 0.000000000000000000, 0.000000000000000000 ) ) ;
#1795 = CARTESIAN_POINT ( 'NONE',  ( -0.9300000000000002709, 0.9789693182963199458, 0.6299999999999996714 ) ) ;
#1796 = ORIENTED_EDGE ( 'NONE', *, *, #1734, .T. ) ;
#1797 = PLANE ( 'NONE',  #2129 ) ;
#1798 = VECTOR ( 'NONE', #538, 1000.000000000000000 ) ;
#1799 = CARTESIAN_POINT ( 'NONE',  ( 0.9550000000000002931, 0.2549999999999998934, 0.6576598128423221112 ) ) ;
#1800 = EDGE_CURVE ( 'NONE', #240, #56, #704, .T. ) ;
#1801 = PRODUCT_DEFINITION_CONTEXT ( 'detailed design', #3401, 'design' ) ;
#1802 = DIRECTION ( 'NONE',  ( -0.7071067811865453523, -0.000000000000000000, -0.7071067811865496822 ) ) ;
#1803 = LINE ( 'NONE', #1874, #1203 ) ;
#1804 = VERTEX_POINT ( 'NONE', #959 ) ;
#1805 = EDGE_CURVE ( 'NONE', #1582, #3028, #2353, .T. ) ;
#1806 = AXIS2_PLACEMENT_3D ( 'NONE', #2838, #2283, #1683 ) ;
#1807 = DIRECTION ( 'NONE',  ( -1.000000000000000000, 0.000000000000000000, 0.000000000000000000 ) ) ;
#1808 = ORIENTED_EDGE ( 'NONE', *, *, #1512, .F. ) ;
#1809 = PLANE ( 'NONE',  #2650 ) ;
#1810 = VERTEX_POINT ( 'NONE', #2958 ) ;
#1811 = FILL_AREA_STYLE_COLOUR ( '', #1773 ) ;
#1812 = CARTESIAN_POINT ( 'NONE',  ( -0.9325499560772705365, 0.2718375329420475994, 0.5199999999999997957 ) ) ;
#1813 =( BOUNDED_SURFACE ( )  B_SPLINE_SURFACE ( 3, 3, ( 
 ( #840, #2161, #1926, #3322 ),
 ( #243, #2783, #1070, #1110 ),
 ( #821, #2427, #535, #1343 ),
 ( #1361, #1643, #1870, #2997 ) ),
 .UNSPECIFIED., .F., .F., .F. ) 
 B_SPLINE_SURFACE_WITH_KNOTS ( ( 4, 4 ),
 ( 4, 4 ),
 ( 0.000000000000000000, 1.000000000000000000 ),
 ( 0.000000000000000000, 1.000000000000000000 ),
 .UNSPECIFIED. ) 
 GEOMETRIC_REPRESENTATION_ITEM ( )  RATIONAL_B_SPLINE_SURFACE ( (
 ( 1.000000000000000000, 0.8047378541243652705, 0.8047378541243652705, 1.000000000000000000),
 ( 0.9296181273332764228, 0.7480988969452918580, 0.7480988969452918580, 0.9296181273332764228),
 ( 0.9296181273332764228, 0.7480988969452918580, 0.7480988969452918580, 0.9296181273332764228),
 ( 1.000000000000000000, 0.8047378541243652705, 0.8047378541243652705, 1.000000000000000000) ) ) 
 REPRESENTATION_ITEM ( '' )  SURFACE ( )  );
#1814 = DIRECTION ( 'NONE',  ( -0.7071067811865477948, 0.000000000000000000, 0.7071067811865473507 ) ) ;
#1815 = PLANE ( 'NONE',  #2645 ) ;
#1816 = LINE ( 'NONE', #2685, #533 ) ;
#1817 = AXIS2_PLACEMENT_3D ( 'NONE', #174, #2088, #3521 ) ;
#1818 = CARTESIAN_POINT ( 'NONE',  ( -0.7200000000000000844, 0.3249999999999999556, -0.8074999999999993294 ) ) ;
#1819 = CARTESIAN_POINT ( 'NONE',  ( 0.9000000000000003553, 3.280350850198277879, -0.5199999999999999067 ) ) ;
#1820 = DIRECTION ( 'NONE',  ( -1.000000000000000000, -0.000000000000000000, -0.000000000000000000 ) ) ;
#1821 = EDGE_CURVE ( 'NONE', #723, #313, #2349, .T. ) ;
#1822 = ORIENTED_EDGE ( 'NONE', *, *, #1774, .T. ) ;
#1823 = EDGE_CURVE ( 'NONE', #2866, #126, #707, .T. ) ;
#1824 = CARTESIAN_POINT ( 'NONE',  ( 0.7200000000000005285, 0.3249999999999999556, -0.8074999999999994404 ) ) ;
#1825 = ORIENTED_EDGE ( 'NONE', *, *, #1495, .F. ) ;
#1826 = DIRECTION ( 'NONE',  ( 2.085004177856740055E-16, 0.000000000000000000, -1.000000000000000000 ) ) ;
#1827 = ORIENTED_EDGE ( 'NONE', *, *, #329, .T. ) ;
#1828 = CARTESIAN_POINT ( 'NONE',  ( -0.5500000000000003775, 0.000000000000000000, -0.2500000000000001665 ) ) ;
#1829 = CARTESIAN_POINT ( 'NONE',  ( -0.9200000000000007061, 0.3249999999999999001, 0.6371572875253811441 ) ) ;
#1830 = ORIENTED_EDGE ( 'NONE', *, *, #2913, .T. ) ;
#1831 = VECTOR ( 'NONE', #1337, 1000.000000000000000 ) ;
#1832 = VECTOR ( 'NONE', #1861, 1000.000000000000000 ) ;
#1833 = VECTOR ( 'NONE', #2598, 1000.000000000000114 ) ;
#1834 = PLANE ( 'NONE',  #918 ) ;
#1835 = DIRECTION ( 'NONE',  ( 2.258754526011466749E-16, 0.000000000000000000, -1.000000000000000000 ) ) ;
#1836 = CARTESIAN_POINT ( 'NONE',  ( 0.7200000000000007505, 0.3250000000000000666, 0.7199999999999993072 ) ) ;
#1837 = AXIS2_PLACEMENT_3D ( 'NONE', #1735, #2244, #3407 ) ;
#1838 =( BOUNDED_SURFACE ( )  B_SPLINE_SURFACE ( 3, 3, ( 
 ( #9, #2701, #497, #223 ),
 ( #1092, #2251, #28, #2017 ),
 ( #298, #2304, #1484, #2032 ),
 ( #316, #1416, #67, #104 ) ),
 .UNSPECIFIED., .F., .F., .F. ) 
 B_SPLINE_SURFACE_WITH_KNOTS ( ( 4, 4 ),
 ( 4, 4 ),
 ( 0.000000000000000000, 1.000000000000000000 ),
 ( 0.000000000000000000, 1.000000000000000000 ),
 .UNSPECIFIED. ) 
 GEOMETRIC_REPRESENTATION_ITEM ( )  RATIONAL_B_SPLINE_SURFACE ( (
 ( 1.000000000000000000, 0.8047378541243652705, 0.8047378541243652705, 1.000000000000000000),
 ( 0.8047378541243738193, 0.6476030138606950759, 0.6476030138606950759, 0.8047378541243738193),
 ( 0.8047378541243738193, 0.6476030138606950759, 0.6476030138606950759, 0.8047378541243738193),
 ( 1.000000000000000000, 0.8047378541243652705, 0.8047378541243652705, 1.000000000000000000) ) ) 
 REPRESENTATION_ITEM ( '' )  SURFACE ( )  );
#1839 = CIRCLE ( 'NONE', #2474, 0.1000000000000002554 ) ;
#1840 = DIRECTION ( 'NONE',  ( -0.000000000000000000, -1.000000000000000000, -0.000000000000000000 ) ) ;
#1841 = STYLED_ITEM ( 'NONE', ( #629 ), #3026 ) ;
#1842 = FACE_OUTER_BOUND ( 'NONE', #3551, .T. ) ;
#1843 = LINE ( 'NONE', #125, #1537 ) ;
#1844 = VERTEX_POINT ( 'NONE', #400 ) ;
#1845 = VECTOR ( 'NONE', #124, 1000.000000000000000 ) ;
#1846 = CIRCLE ( 'NONE', #622, 0.1000000000000002554 ) ;
#1847 = EDGE_CURVE ( 'NONE', #2326, #167, #2627, .T. ) ;
#1848 = VERTEX_POINT ( 'NONE', #2087 ) ;
#1849 = CARTESIAN_POINT ( 'NONE',  ( 0.9000000000000003553, 0.4750000000000007550, -0.5199999999999999067 ) ) ;
#1850 = ORIENTED_EDGE ( 'NONE', *, *, #578, .F. ) ;
#1851 = ADVANCED_FACE ( 'NONE', ( #3485 ), #981, .F. ) ;
#1852 = PRESENTATION_STYLE_ASSIGNMENT (( #2939 ) ) ;
#1853 = CARTESIAN_POINT ( 'NONE',  ( -0.9999999999999997780, 0.1275000000000000022, -0.2500000000000002220 ) ) ;
#1854 = EDGE_LOOP ( 'NONE', ( #3263, #3237, #1101, #2117 ) ) ;
#1855 = EDGE_CURVE ( 'NONE', #402, #408, #172, .T. ) ;
#1856 = CARTESIAN_POINT ( 'NONE',  ( -0.9300000000000001599, 0.000000000000000000, -0.8000000000000003775 ) ) ;
#1857 = CARTESIAN_POINT ( 'NONE',  ( 0.9325499560772702035, 0.2718375329420474329, 0.5199999999999994627 ) ) ;
#1858 = VECTOR ( 'NONE', #1095, 1000.000000000000114 ) ;
#1859 = CYLINDRICAL_SURFACE ( 'NONE', #1439, 0.1799999999999999378 ) ;
#1860 = FACE_OUTER_BOUND ( 'NONE', #798, .T. ) ;
#1861 = DIRECTION ( 'NONE',  ( -0.000000000000000000, -0.000000000000000000, -1.000000000000000000 ) ) ;
#1862 = VERTEX_POINT ( 'NONE', #1828 ) ;
#1863 = ORIENTED_EDGE ( 'NONE', *, *, #1137, .T. ) ;
#1864 = CARTESIAN_POINT ( 'NONE',  ( 1.000000000000000000, 0.1275000000000000022, 0.8000000000000003775 ) ) ;
#1865 = VERTEX_POINT ( 'NONE', #3336 ) ;
#1866 = CARTESIAN_POINT ( 'NONE',  ( 0.9300000000000003819, 0.1275000000000000022, -0.8000000000000001554 ) ) ;
#1867 = EDGE_CURVE ( 'NONE', #1009, #2315, #1919, .T. ) ;
#1868 = CARTESIAN_POINT ( 'NONE',  ( -0.7200000000000003064, 0.2550000000000001155, 0.7550000000000000044 ) ) ;
#1869 = ORIENTED_EDGE ( 'NONE', *, *, #1423, .F. ) ;
#1870 = CARTESIAN_POINT ( 'NONE',  ( -0.8576598128423223999, 0.2550000000000000600, -0.7550000000000001155 ) ) ;
#1871 = EDGE_CURVE ( 'NONE', #1234, #3180, #2975, .T. ) ;
#1872 = LINE ( 'NONE', #2127, #1631 ) ;
#1873 = PLANE ( 'NONE',  #3205 ) ;
#1874 = CARTESIAN_POINT ( 'NONE',  ( -0.8299999999999997380, 0.9789693182963199458, 0.7299999999999998712 ) ) ;
#1875 = EDGE_CURVE ( 'NONE', #924, #744, #1581, .T. ) ;
#1876 = ORIENTED_EDGE ( 'NONE', *, *, #925, .F. ) ;
#1877 = VECTOR ( 'NONE', #878, 1000.000000000000000 ) ;
#1878 = ORIENTED_EDGE ( 'NONE', *, *, #2757, .T. ) ;
#1879 = DIRECTION ( 'NONE',  ( 0.000000000000000000, 0.000000000000000000, -1.000000000000000000 ) ) ;
#1880 = ORIENTED_EDGE ( 'NONE', *, *, #1363, .F. ) ;
#1881 = CARTESIAN_POINT ( 'NONE',  ( -0.9000000000000003553, 0.4750000000000010325, -0.5200000000000000178 ) ) ;
#1882 = DIRECTION ( 'NONE',  ( 0.000000000000000000, 1.000000000000000000, 0.000000000000000000 ) ) ;
#1883 = ORIENTED_EDGE ( 'NONE', *, *, #1212, .T. ) ;
#1884 = SURFACE_STYLE_FILL_AREA ( #3592 ) ;
#1885 = ORIENTED_EDGE ( 'NONE', *, *, #3213, .T. ) ;
#1886 = EDGE_CURVE ( 'NONE', #1240, #440, #1619, .T. ) ;
#1887 = CARTESIAN_POINT ( 'NONE',  ( 0.7200000000000005285, 0.3250000000000000111, 0.7199999999999999734 ) ) ;
#1888 = CARTESIAN_POINT ( 'NONE',  ( -0.3500000000000000333, 0.000000000000000000, 0.000000000000000000 ) ) ;
#1889 = ADVANCED_FACE ( 'NONE', ( #3555 ), #2459, .T. ) ;
#1890 = COLOUR_RGB ( '',0.9686274509803921573, 0.8784313725490195957, 0.5999999999999999778 ) ;
#1891 = CARTESIAN_POINT ( 'NONE',  ( 0.3500000000000002554, 0.000000000000000000, 0.000000000000000000 ) ) ;
#1892 = CARTESIAN_POINT ( 'NONE',  ( 0.9000000000000000222, 0.1275000000000000022, 0.8000000000000000444 ) ) ;
#1893 = VECTOR ( 'NONE', #1514, 1000.000000000000000 ) ;
#1894 = LINE ( 'NONE', #2382, #2938 ) ;
#1895 = VERTEX_POINT ( 'NONE', #548 ) ;
#1896 = EDGE_CURVE ( 'NONE', #185, #2198, #3276, .T. ) ;
#1897 = LINE ( 'NONE', #3008, #2077 ) ;
#1898 = CIRCLE ( 'NONE', #2476, 0.08749999999999946709 ) ;
#1899 = ORIENTED_EDGE ( 'NONE', *, *, #1671, .T. ) ;
#1900 = VECTOR ( 'NONE', #1029, 1000.000000000000000 ) ;
#1901 = CARTESIAN_POINT ( 'NONE',  ( -0.8999999999999999112, 0.000000000000000000, 0.8000000000000001554 ) ) ;
#1902 = VERTEX_POINT ( 'NONE', #3573 ) ;
#1903 = DIRECTION ( 'NONE',  ( 1.042502088928369904E-16, 0.000000000000000000, 1.000000000000000000 ) ) ;
#1904 = VERTEX_POINT ( 'NONE', #277 ) ;
#1905 =( LENGTH_UNIT ( ) NAMED_UNIT ( * ) SI_UNIT ( .MILLI., .METRE. ) );
#1906 = ORIENTED_EDGE ( 'NONE', *, *, #2354, .F. ) ;
#1907 = CARTESIAN_POINT ( 'NONE',  ( 0.9300000000000003819, 0.1275000000000000022, -0.2499999999999999445 ) ) ;
#1908 = CARTESIAN_POINT ( 'NONE',  ( 0.7200000000000005285, 0.5000000000000000000, 0.6749999999999998224 ) ) ;
#1909 = LINE ( 'NONE', #499, #2092 ) ;
#1910 = DIRECTION ( 'NONE',  ( -0.000000000000000000, -1.000000000000000000, -0.000000000000000000 ) ) ;
#1911 = DIRECTION ( 'NONE',  ( -0.000000000000000000, 0.000000000000000000, -1.000000000000000000 ) ) ;
#1912 = EDGE_CURVE ( 'NONE', #1413, #1617, #1368, .T. ) ;
#1913 = ORIENTED_EDGE ( 'NONE', *, *, #1594, .F. ) ;
#1914 = LINE ( 'NONE', #1934, #484 ) ;
#1915 = ADVANCED_FACE ( 'NONE', ( #3297 ), #1105, .F. ) ;
#1916 = CARTESIAN_POINT ( 'NONE',  ( 0.3500000000000000333, 0.000000000000000000, 0.7300000000000002043 ) ) ;
#1917 = EDGE_LOOP ( 'NONE', ( #175, #572, #1561, #3239 ) ) ;
#1918 = DIRECTION ( 'NONE',  ( -0.7071067811865441310, -0.000000000000000000, 0.7071067811865507924 ) ) ;
#1919 = LINE ( 'NONE', #834, #1078 ) ;
#1920 = VERTEX_POINT ( 'NONE', #2424 ) ;
#1921 = ADVANCED_FACE ( 'NONE', ( #2716 ), #220, .T. ) ;
#1922 = FILL_AREA_STYLE_COLOUR ( '', #2591 ) ;
#1923 = ORIENTED_EDGE ( 'NONE', *, *, #153, .F. ) ;
#1924 = AXIS2_PLACEMENT_3D ( 'NONE', #1982, #3339, #1453 ) ;
#1925 = CARTESIAN_POINT ( 'NONE',  ( 0.8300000000000004041, 0.9789693182963199458, -0.7299999999999999822 ) ) ;
#1926 = CARTESIAN_POINT ( 'NONE',  ( -0.8371572875253807666, 0.3250000000000001776, -0.7199999999999999734 ) ) ;
#1927 = LINE ( 'NONE', #3323, #188 ) ;
#1928 = CARTESIAN_POINT ( 'NONE',  ( -0.9999999999999997780, 0.000000000000000000, -0.8000000000000003775 ) ) ;
#1929 = LINE ( 'NONE', #2214, #2830 ) ;
#1930 = CARTESIAN_POINT ( 'NONE',  ( -0.8750000000000002220, 0.4749999999999997558, 0.5199999999999997957 ) ) ;
#1931 = DIRECTION ( 'NONE',  ( 1.000000000000000000, -0.000000000000000000, -0.000000000000000000 ) ) ;
#1932 = EDGE_LOOP ( 'NONE', ( #357, #2501, #2366, #3432, #2014, #2737, #503, #415 ) ) ;
#1933 = EDGE_CURVE ( 'NONE', #1009, #3183, #237, .T. ) ;
#1934 = CARTESIAN_POINT ( 'NONE',  ( -0.3499999999999999223, 0.1275000000000000022, 0.7299999999999999822 ) ) ;
#1935 = VECTOR ( 'NONE', #3116, 1000.000000000000000 ) ;
#1936 = ORIENTED_EDGE ( 'NONE', *, *, #198, .T. ) ;
#1937 = EDGE_CURVE ( 'NONE', #2719, #2517, #1636, .T. ) ;
#1938 = AXIS2_PLACEMENT_3D ( 'NONE', #2234, #3086, #2450 ) ;
#1939 = LINE ( 'NONE', #2480, #1303 ) ;
#1940 = DIRECTION ( 'NONE',  ( 0.000000000000000000, 0.000000000000000000, 1.000000000000000000 ) ) ;
#1941 = EDGE_LOOP ( 'NONE', ( #2152, #3226 ) ) ;
#1942 = DIRECTION ( 'NONE',  ( -0.7071067811865480168, 0.000000000000000000, 0.7071067811865470176 ) ) ;
#1943 = EDGE_LOOP ( 'NONE', ( #3481, #1923, #2552, #2004 ) ) ;
#1944 = EDGE_CURVE ( 'NONE', #837, #522, #2696, .T. ) ;
#1945 = AXIS2_PLACEMENT_3D ( 'NONE', #2957, #996, #2679 ) ;
#1946 = DIRECTION ( 'NONE',  ( -0.000000000000000000, 1.000000000000000000, -0.000000000000000000 ) ) ;
#1947 = FACE_OUTER_BOUND ( 'NONE', #1564, .T. ) ;
#1948 = PLANE ( 'NONE',  #3104 ) ;
#1949 = DIRECTION ( 'NONE',  ( -1.000000000000000000, 0.000000000000000000, 0.000000000000000000 ) ) ;
#1950 = DIRECTION ( 'NONE',  ( -0.7071067811865464625, 0.000000000000000000, -0.7071067811865486830 ) ) ;
#1951 = CARTESIAN_POINT ( 'NONE',  ( 0.9300000000000003819, 0.9789693182963199458, -0.6299999999999996714 ) ) ;
#1952 = ORIENTED_EDGE ( 'NONE', *, *, #241, .F. ) ;
#1953 = VECTOR ( 'NONE', #593, 1000.000000000000000 ) ;
#1954 = CARTESIAN_POINT ( 'NONE',  ( 1.000000000000000000, 0.1275000000000000022, -0.6999999999999998446 ) ) ;
#1955 = AXIS2_PLACEMENT_3D ( 'NONE', #107, #849, #3331 ) ;
#1956 = VERTEX_POINT ( 'NONE', #2404 ) ;
#1957 = CIRCLE ( 'NONE', #2536, 0.2000000000000003164 ) ;
#1958 = PRESENTATION_LAYER_ASSIGNMENT (  '', '', ( #1257 ) ) ;
#1959 = DIRECTION ( 'NONE',  ( 1.000000000000000000, 0.000000000000000000, 0.000000000000000000 ) ) ;
#1960 = CARTESIAN_POINT ( 'NONE',  ( 0.7200000000000005285, 3.280350850198277879, -0.5199999999999999067 ) ) ;
#1961 = ORIENTED_EDGE ( 'NONE', *, *, #1269, .T. ) ;
#1962 = FACE_OUTER_BOUND ( 'NONE', #2106, .T. ) ;
#1963 = ORIENTED_EDGE ( 'NONE', *, *, #1225, .F. ) ;
#1964 = EDGE_CURVE ( 'NONE', #116, #2987, #3062, .T. ) ;
#1965 = AXIS2_PLACEMENT_3D ( 'NONE', #2707, #423, #734 ) ;
#1966 = CARTESIAN_POINT ( 'NONE',  ( 0.9300000000000002709, 0.1275000000000000022, 0.2500000000000000555 ) ) ;
#1967 = CARTESIAN_POINT ( 'NONE',  ( 0.7200000000000004174, 0.4749999999999999223, -0.6750000000000001554 ) ) ;
#1968 = DIRECTION ( 'NONE',  ( 1.000000000000000000, 0.000000000000000000, 0.000000000000000000 ) ) ;
#1969 = EDGE_CURVE ( 'NONE', #2235, #402, #3539, .T. ) ;
#1970 = FILL_AREA_STYLE_COLOUR ( '', #114 ) ;
#1971 = PLANE ( 'NONE',  #324 ) ;
#1972 = FACE_OUTER_BOUND ( 'NONE', #2029, .T. ) ;
#1973 = VERTEX_POINT ( 'NONE', #3034 ) ;
#1974 = LINE ( 'NONE', #1154, #1081 ) ;
#1975 = ORIENTED_EDGE ( 'NONE', *, *, #407, .T. ) ;
#1976 = AXIS2_PLACEMENT_3D ( 'NONE', #1646, #1590, #2705 ) ;
#1977 = CARTESIAN_POINT ( 'NONE',  ( 0.9000000000000003553, 0.4049999999999999711, 0.5200000000000000178 ) ) ;
#1978 = FACE_OUTER_BOUND ( 'NONE', #867, .T. ) ;
#1979 = EDGE_LOOP ( 'NONE', ( #292, #328, #2919, #3275 ) ) ;
#1980 = ORIENTED_EDGE ( 'NONE', *, *, #2869, .T. ) ;
#1981 = EDGE_CURVE ( 'NONE', #2750, #765, #2196, .T. ) ;
#1982 = CARTESIAN_POINT ( 'NONE',  ( 1.000000000000000000, 0.2550000000000000044, 0.8000000000000001554 ) ) ;
#1983 = CARTESIAN_POINT ( 'NONE',  ( -0.9999999999999997780, 0.1275000000000000022, -0.7300000000000002043 ) ) ;
#1984 = CARTESIAN_POINT ( 'NONE',  ( -1.000000000000000000, 0.9789693182963199458, 0.8000000000000001554 ) ) ;
#1985 = ADVANCED_FACE ( 'NONE', ( #2481 ), #2207, .T. ) ;
#1986 = DIRECTION ( 'NONE',  ( 0.000000000000000000, -1.000000000000000000, -0.000000000000000000 ) ) ;
#1987 = CARTESIAN_POINT ( 'NONE',  ( 0.9300000000000002709, 0.1275000000000000022, 0.8000000000000003775 ) ) ;
#1988 = ORIENTED_EDGE ( 'NONE', *, *, #2350, .T. ) ;
#1989 = FACE_OUTER_BOUND ( 'NONE', #2778, .T. ) ;
#1990 = ORIENTED_EDGE ( 'NONE', *, *, #1273, .F. ) ;
#1991 = DIRECTION ( 'NONE',  ( -3.388131789017201356E-16, 0.000000000000000000, 1.000000000000000000 ) ) ;
#1992 = AXIS2_PLACEMENT_3D ( 'NONE', #916, #2022, #672 ) ;
#1993 = FACE_OUTER_BOUND ( 'NONE', #730, .T. ) ;
#1994 = EDGE_LOOP ( 'NONE', ( #1660, #1486, #2815, #2952, #2385, #1885, #1770 ) ) ;
#1995 = EDGE_LOOP ( 'NONE', ( #3293, #645, #2328, #3111 ) ) ;
#1996 = VECTOR ( 'NONE', #249, 1000.000000000000000 ) ;
#1997 = CARTESIAN_POINT ( 'NONE',  ( -0.8300000000000000711, 0.1275000000000000022, 0.7299999999999998712 ) ) ;
#1998 = DIRECTION ( 'NONE',  ( -1.000000000000000000, 0.000000000000000000, 0.000000000000000000 ) ) ;
#1999 = DIRECTION ( 'NONE',  ( 1.000000000000000000, -0.000000000000000000, 7.529181753371559939E-17 ) ) ;
#2000 = ADVANCED_FACE ( 'NONE', ( #762 ), #3387, .T. ) ;
#2001 =( NAMED_UNIT ( * ) PLANE_ANGLE_UNIT ( ) SI_UNIT ( $, .RADIAN. ) );
#2002 = CARTESIAN_POINT ( 'NONE',  ( -1.000000000000000000, 0.2500000000000000000, 0.6999999999999998446 ) ) ;
#2003 = PLANE ( 'NONE',  #897 ) ;
#2004 = ORIENTED_EDGE ( 'NONE', *, *, #1137, .F. ) ;
#2005 = EDGE_CURVE ( 'NONE', #839, #663, #331, .T. ) ;
#2006 = FACE_OUTER_BOUND ( 'NONE', #2494, .T. ) ;
#2007 = ORIENTED_EDGE ( 'NONE', *, *, #1618, .T. ) ;
#2008 = ADVANCED_FACE ( 'NONE', ( #1993 ), #1449, .T. ) ;
#2009 = AXIS2_PLACEMENT_3D ( 'NONE', #1085, #587, #1427 ) ;
#2010 = STYLED_ITEM ( 'NONE', ( #540 ), #583 ) ;
#2011 = FACE_OUTER_BOUND ( 'NONE', #199, .T. ) ;
#2012 = ORIENTED_EDGE ( 'NONE', *, *, #2802, .T. ) ;
#2013 = DIRECTION ( 'NONE',  ( -2.258754526011467242E-16, 0.000000000000000000, 1.000000000000000000 ) ) ;
#2014 = ORIENTED_EDGE ( 'NONE', *, *, #2781, .F. ) ;
#2015 = AXIS2_PLACEMENT_3D ( 'NONE', #3056, #2175, #492 ) ;
#2016 = DIRECTION ( 'NONE',  ( 1.000000000000000000, 0.000000000000000000, 0.000000000000000000 ) ) ;
#2017 = CARTESIAN_POINT ( 'NONE',  ( -0.8896446609406717387, 0.5000000000000001110, -0.5199999999999999067 ) ) ;
#2018 = VECTOR ( 'NONE', #1441, 1000.000000000000000 ) ;
#2019 = CIRCLE ( 'NONE', #436, 0.1000000000000002554 ) ;
#2020 = LINE ( 'NONE', #1762, #1779 ) ;
#2021 = DIRECTION ( 'NONE',  ( 0.000000000000000000, 1.000000000000000000, 0.000000000000000000 ) ) ;
#2022 = DIRECTION ( 'NONE',  ( -0.000000000000000000, 1.000000000000000000, -0.000000000000000000 ) ) ;
#2023 = ORIENTED_EDGE ( 'NONE', *, *, #1937, .F. ) ;
#2024 = DIRECTION ( 'NONE',  ( 1.000000000000000000, 0.000000000000000000, 0.000000000000000000 ) ) ;
#2025 = EDGE_CURVE ( 'NONE', #2885, #1230, #1716, .T. ) ;
#2026 = ORIENTED_EDGE ( 'NONE', *, *, #18, .T. ) ;
#2027 = ADVANCED_FACE ( 'NONE', ( #343 ), #2028, .F. ) ;
#2028 = PLANE ( 'NONE',  #3476 ) ;
#2029 = EDGE_LOOP ( 'NONE', ( #2150, #3499, #936, #2203 ) ) ;
#2030 = CARTESIAN_POINT ( 'NONE',  ( -0.7199999999999999734, 0.5000000000000000000, -0.6749999999999999334 ) ) ;
#2031 = EDGE_LOOP ( 'NONE', ( #530, #851, #2260, #2542 ) ) ;
#2032 = CARTESIAN_POINT ( 'NONE',  ( -0.8999999999999992450, 0.4896446609406732153, -0.5199999999999999067 ) ) ;
#2033 = DIRECTION ( 'NONE',  ( -1.000000000000000000, 0.000000000000000000, 0.000000000000000000 ) ) ;
#2034 = APPLICATION_PROTOCOL_DEFINITION ( 'draft international standard', 'automotive_design', 1998, #2829 ) ;
#2035 = DIRECTION ( 'NONE',  ( 0.000000000000000000, -1.000000000000000000, 0.000000000000000000 ) ) ;
#2036 = CARTESIAN_POINT ( 'NONE',  ( 0.8300000000000004041, 0.1275000000000000022, -0.7299999999999999822 ) ) ;
#2037 = DIRECTION ( 'NONE',  ( -0.000000000000000000, -0.000000000000000000, 1.000000000000000000 ) ) ;
#2038 = CIRCLE ( 'NONE', #2502, 0.08750000000000054956 ) ;
#2039 = EDGE_LOOP ( 'NONE', ( #2089, #3517, #2711, #3095, #2810, #3442, #991, #888 ) ) ;
#2040 = DIRECTION ( 'NONE',  ( -0.000000000000000000, 1.000000000000000000, 0.000000000000000000 ) ) ;
#2041 = EDGE_LOOP ( 'NONE', ( #748, #3349, #2729, #2596 ) ) ;
#2042 = CARTESIAN_POINT ( 'NONE',  ( 0.9300000000000002709, 0.1275000000000000022, -0.2499999999999998335 ) ) ;
#2043 = VERTEX_POINT ( 'NONE', #310 ) ;
#2044 = DIRECTION ( 'NONE',  ( 0.000000000000000000, -1.000000000000000000, -0.000000000000000000 ) ) ;
#2045 = EDGE_LOOP ( 'NONE', ( #3549, #1109, #2606, #3201 ) ) ;
#2046 = ADVANCED_FACE ( 'NONE', ( #3110 ), #3371, .T. ) ;
#2047 = DIRECTION ( 'NONE',  ( -0.000000000000000000, -1.000000000000000000, -0.000000000000000000 ) ) ;
#2048 = CARTESIAN_POINT ( 'NONE',  ( -0.9299999999999999378, 0.1275000000000000022, -0.6299999999999998934 ) ) ;
#2049 = CARTESIAN_POINT ( 'NONE',  ( -0.9200000000000001510, 0.4049999999999999711, 0.5199999999999999067 ) ) ;
#2050 = ORIENTED_EDGE ( 'NONE', *, *, #3234, .T. ) ;
#2051 = VECTOR ( 'NONE', #3320, 1000.000000000000000 ) ;
#2052 = ADVANCED_FACE ( 'NONE', ( #294 ), #923, .T. ) ;
#2053 = LINE ( 'NONE', #2874, #494 ) ;
#2054 = CYLINDRICAL_SURFACE ( 'NONE', #1654, 0.08749999999999946709 ) ;
#2055 = DIRECTION ( 'NONE',  ( 0.000000000000000000, 1.000000000000000000, 0.000000000000000000 ) ) ;
#2056 = VERTEX_POINT ( 'NONE', #1410 ) ;
#2057 = DIRECTION ( 'NONE',  ( 0.000000000000000000, 1.000000000000000000, 0.000000000000000000 ) ) ;
#2058 = ORIENTED_EDGE ( 'NONE', *, *, #604, .T. ) ;
#2059 = LINE ( 'NONE', #3179, #2996 ) ;
#2060 = ORIENTED_EDGE ( 'NONE', *, *, #2177, .F. ) ;
#2061 = PLANE ( 'NONE',  #3181 ) ;
#2062 = ORIENTED_EDGE ( 'NONE', *, *, #2495, .F. ) ;
#2063 = VECTOR ( 'NONE', #336, 1000.000000000000000 ) ;
#2064 = VECTOR ( 'NONE', #1369, 1000.000000000000000 ) ;
#2065 = LINE ( 'NONE', #705, #2437 ) ;
#2066 = CARTESIAN_POINT ( 'NONE',  ( 0.8750000000000002220, 0.5000000000000000000, 0.6107968978321701714 ) ) ;
#2067 = ADVANCED_FACE ( 'NONE', ( #3429 ), #2516, .F. ) ;
#2068 = LINE ( 'NONE', #1853, #3402 ) ;
#2069 = ORIENTED_EDGE ( 'NONE', *, *, #3534, .F. ) ;
#2070 =( BOUNDED_SURFACE ( )  B_SPLINE_SURFACE ( 3, 3, ( 
 ( #2403, #509, #3223, #727 ),
 ( #437, #1551, #2664, #171 ),
 ( #1032, #1284, #2386, #2458 ),
 ( #1715, #1157, #3053, #853 ) ),
 .UNSPECIFIED., .F., .F., .F. ) 
 B_SPLINE_SURFACE_WITH_KNOTS ( ( 4, 4 ),
 ( 4, 4 ),
 ( 0.000000000000000000, 1.000000000000000000 ),
 ( 0.000000000000000000, 1.000000000000000000 ),
 .UNSPECIFIED. ) 
 GEOMETRIC_REPRESENTATION_ITEM ( )  RATIONAL_B_SPLINE_SURFACE ( (
 ( 1.000000000000000000, 0.8047378541243647154, 0.8047378541243647154, 1.000000000000000000),
 ( 0.8047378541243732641, 0.6476030138606941877, 0.6476030138606941877, 0.8047378541243732641),
 ( 0.8047378541243732641, 0.6476030138606941877, 0.6476030138606941877, 0.8047378541243732641),
 ( 1.000000000000000000, 0.8047378541243647154, 0.8047378541243647154, 1.000000000000000000) ) ) 
 REPRESENTATION_ITEM ( '' )  SURFACE ( )  );
#2071 = AXIS2_PLACEMENT_3D ( 'NONE', #3452, #1986, #3154 ) ;
#2072 = CARTESIAN_POINT ( 'NONE',  ( -0.7200000000000000844, 0.4049999999999999711, 0.7200000000000000844 ) ) ;
#2073 = CYLINDRICAL_SURFACE ( 'NONE', #3241, 0.1000000000000002554 ) ;
#2074 = VECTOR ( 'NONE', #2130, 1000.000000000000000 ) ;
#2075 = EDGE_CURVE ( 'NONE', #2900, #65, #912, .T. ) ;
#2076 = DIRECTION ( 'NONE',  ( -1.000000000000000000, 0.000000000000000000, 1.129377263005733868E-16 ) ) ;
#2077 = VECTOR ( 'NONE', #504, 1000.000000000000000 ) ;
#2078 = CARTESIAN_POINT ( 'NONE',  ( -0.9000000000000006883, 0.4750000000000009770, 0.6254415587728427983 ) ) ;
#2079 = FACE_OUTER_BOUND ( 'NONE', #1015, .T. ) ;
#2080 = DIRECTION ( 'NONE',  ( 0.000000000000000000, 0.000000000000000000, 1.000000000000000000 ) ) ;
#2081 = ORIENTED_EDGE ( 'NONE', *, *, #1633, .T. ) ;
#2082 = CARTESIAN_POINT ( 'NONE',  ( 0.9300000000000003819, 0.1275000000000000022, -0.2500000000000000000 ) ) ;
#2083 = ORIENTED_EDGE ( 'NONE', *, *, #2578, .F. ) ;
#2084 = DIRECTION ( 'NONE',  ( 1.000000000000000000, 0.000000000000000000, 2.085004177856740055E-16 ) ) ;
#2085 = ORIENTED_EDGE ( 'NONE', *, *, #2418, .T. ) ;
#2086 = CARTESIAN_POINT ( 'NONE',  ( 0.9300000000000003819, 0.000000000000000000, -0.6299999999999996714 ) ) ;
#2087 = CARTESIAN_POINT ( 'NONE',  ( -0.9300000000000001599, 0.1275000000000000022, 0.6299999999999994493 ) ) ;
#2088 = DIRECTION ( 'NONE',  ( -0.7071067811865502373, 0.000000000000000000, 0.7071067811865447972 ) ) ;
#2089 = ORIENTED_EDGE ( 'NONE', *, *, #739, .T. ) ;
#2090 = EDGE_CURVE ( 'NONE', #679, #2608, #22, .T. ) ;
#2091 = CARTESIAN_POINT ( 'NONE',  ( 0.8300000000000001821, 0.9789693182963199458, 0.7300000000000002043 ) ) ;
#2092 = VECTOR ( 'NONE', #2506, 1000.000000000000000 ) ;
#2093 = DIRECTION ( 'NONE',  ( 1.129377263005733868E-16, 0.000000000000000000, 1.000000000000000000 ) ) ;
#2094 = ADVANCED_FACE ( 'NONE', ( #4 ), #1139, .F. ) ;
#2095 = LINE ( 'NONE', #2634, #2654 ) ;
#2096 = LINE ( 'NONE', #1591, #207 ) ;
#2097 = ORIENTED_EDGE ( 'NONE', *, *, #2509, .T. ) ;
#2098 = ADVANCED_FACE ( 'NONE', ( #1978 ), #887, .T. ) ;
#2099 = PLANE ( 'NONE',  #129 ) ;
#2100 = EDGE_LOOP ( 'NONE', ( #1223, #3254, #2971, #2640 ) ) ;
#2101 = CARTESIAN_POINT ( 'NONE',  ( 0.9300000000000002709, 0.000000000000000000, 0.6299999999999998934 ) ) ;
#2102 = ORIENTED_EDGE ( 'NONE', *, *, #347, .T. ) ;
#2103 = PLANE ( 'NONE',  #3230 ) ;
#2104 = DIRECTION ( 'NONE',  ( -0.000000000000000000, -1.000000000000000000, -0.000000000000000000 ) ) ;
#2105 = CARTESIAN_POINT ( 'NONE',  ( -0.8371572875253813217, 0.3249999999999999001, 0.7200000000000003064 ) ) ;
#2106 = EDGE_LOOP ( 'NONE', ( #684, #2026, #802, #532 ) ) ;
#2107 = DIRECTION ( 'NONE',  ( 0.7071067811865449082, 0.000000000000000000, 0.7071067811865502373 ) ) ;
#2108 = PLANE ( 'NONE',  #1024 ) ;
#2109 = CARTESIAN_POINT ( 'NONE',  ( 0.9300000000000002709, 0.1275000000000000022, -0.6299999999999995604 ) ) ;
#2110 = CIRCLE ( 'NONE', #74, 0.1799999999999999378 ) ;
#2111 = CIRCLE ( 'NONE', #1356, 0.1999999999999999833 ) ;
#2112 = CARTESIAN_POINT ( 'NONE',  ( -0.8254415587728428649, 0.4896446609406732153, 0.6999999999999994005 ) ) ;
#2113 = DIRECTION ( 'NONE',  ( 1.042502088928369904E-16, 0.000000000000000000, 1.000000000000000000 ) ) ;
#2114 = ADVANCED_FACE ( 'NONE', ( #2279 ), #904, .F. ) ;
#2115 = ORIENTED_EDGE ( 'NONE', *, *, #2869, .F. ) ;
#2116 = VECTOR ( 'NONE', #1918, 1000.000000000000114 ) ;
#2117 = ORIENTED_EDGE ( 'NONE', *, *, #3283, .F. ) ;
#2118 = ADVANCED_FACE ( 'NONE', ( #2011 ), #2297, .T. ) ;
#2119 = FACE_OUTER_BOUND ( 'NONE', #1106, .T. ) ;
#2120 = ORIENTED_EDGE ( 'NONE', *, *, #170, .T. ) ;
#2121 = CARTESIAN_POINT ( 'NONE',  ( -0.9299999999999999378, 0.9789693182963199458, -0.6299999999999998934 ) ) ;
#2122 = DIRECTION ( 'NONE',  ( 0.000000000000000000, 0.000000000000000000, 1.000000000000000000 ) ) ;
#2123 = CARTESIAN_POINT ( 'NONE',  ( -0.9550000000000004041, 0.2550000000000001155, 0.5199999999999999067 ) ) ;
#2124 = VERTEX_POINT ( 'NONE', #78 ) ;
#2125 = PRESENTATION_LAYER_ASSIGNMENT (  '', '', ( #2010 ) ) ;
#2126 = CARTESIAN_POINT ( 'NONE',  ( 0.9200000000000001510, 0.3250000000000000666, -0.5199999999999999067 ) ) ;
#2127 = CARTESIAN_POINT ( 'NONE',  ( -0.8999999999999999112, 0.9789693182963199458, 0.8000000000000002665 ) ) ;
#2128 = UNCERTAINTY_MEASURE_WITH_UNIT (LENGTH_MEASURE( 1.000000000000000082E-05 ), #2309, 'distance_accuracy_value', 'NONE');
#2129 = AXIS2_PLACEMENT_3D ( 'NONE', #2612, #3209, #3249 ) ;
#2130 = DIRECTION ( 'NONE',  ( -0.7071067811865447972, -0.000000000000000000, -0.7071067811865502373 ) ) ;
#2131 = AXIS2_PLACEMENT_3D ( 'NONE', #1864, #3274, #2749 ) ;
#2132 = FACE_OUTER_BOUND ( 'NONE', #1140, .T. ) ;
#2133 = CARTESIAN_POINT ( 'NONE',  ( 0.9200000000000000400, 0.4049999999999999711, 0.5199999999999999067 ) ) ;
#2134 = EDGE_LOOP ( 'NONE', ( #3280, #818, #2799, #7, #3055, #3588, #2221 ) ) ;
#2135 = VECTOR ( 'NONE', #2342, 1000.000000000000000 ) ;
#2136 = EDGE_CURVE ( 'NONE', #2208, #1614, #488, .T. ) ;
#2137 = ORIENTED_EDGE ( 'NONE', *, *, #2709, .T. ) ;
#2138 = CYLINDRICAL_SURFACE ( 'NONE', #1726, 0.05999999999999994227 ) ;
#2139 = ORIENTED_EDGE ( 'NONE', *, *, #2253, .T. ) ;
#2140 = EDGE_CURVE ( 'NONE', #1332, #1848, #2167, .T. ) ;
#2141 = DIRECTION ( 'NONE',  ( 1.000000000000000000, 0.000000000000000000, 0.000000000000000000 ) ) ;
#2142 = DIRECTION ( 'NONE',  ( 1.000000000000000000, 0.000000000000000000, 7.529181753371558706E-17 ) ) ;
#2143 = DIRECTION ( 'NONE',  ( -1.000000000000000000, 0.000000000000000000, 0.000000000000000000 ) ) ;
#2144 = EDGE_LOOP ( 'NONE', ( #2007, #256, #3593, #3317 ) ) ;
#2145 = LINE ( 'NONE', #1016, #1374 ) ;
#2146 = CARTESIAN_POINT ( 'NONE',  ( -0.9300000000000001599, 0.000000000000000000, -0.6300000000000000044 ) ) ;
#2147 = LINE ( 'NONE', #2411, #2537 ) ;
#2148 = FACE_OUTER_BOUND ( 'NONE', #2045, .T. ) ;
#2149 = DIRECTION ( 'NONE',  ( 1.000000000000000000, 0.000000000000000000, 0.000000000000000000 ) ) ;
#2150 = ORIENTED_EDGE ( 'NONE', *, *, #3303, .T. ) ;
#2151 = ADVANCED_BREP_SHAPE_REPRESENTATION ( 'C1E-76.800-8-1012-X-M', ( #3017, #1755, #3048, #2961, #3026, #620, #583, #2982, #1677 ), #2497 ) ;
#2152 = ORIENTED_EDGE ( 'NONE', *, *, #1408, .F. ) ;
#2153 = CARTESIAN_POINT ( 'NONE',  ( -0.3499999999999999223, 0.1275000000000000022, 0.7299999999999999822 ) ) ;
#2154 = ORIENTED_EDGE ( 'NONE', *, *, #1033, .F. ) ;
#2155 = ADVANCED_FACE ( 'NONE', ( #1499 ), #2660, .F. ) ;
#2156 = CARTESIAN_POINT ( 'NONE',  ( -0.7200000000000000844, 0.4899999999999999911, 0.5199999999999995737 ) ) ;
#2157 = VERTEX_POINT ( 'NONE', #2330 ) ;
#2158 = CARTESIAN_POINT ( 'NONE',  ( -1.000000000000000000, 0.2500000000000000000, -0.6999999999999996225 ) ) ;
#2159 = ORIENTED_EDGE ( 'NONE', *, *, #153, .T. ) ;
#2160 = EDGE_CURVE ( 'NONE', #2486, #91, #1790, .T. ) ;
#2161 = CARTESIAN_POINT ( 'NONE',  ( -0.9199999999999997069, 0.3250000000000001221, -0.6371572875253811441 ) ) ;
#2162 = CARTESIAN_POINT ( 'NONE',  ( 0.8193755415948608123, 0.5000000000000002220, 0.6896446609406720052 ) ) ;
#2163 = EDGE_CURVE ( 'NONE', #2864, #3574, #2605, .T. ) ;
#2164 = LINE ( 'NONE', #3287, #3088 ) ;
#2165 = VECTOR ( 'NONE', #637, 1000.000000000000000 ) ;
#2166 = DIRECTION ( 'NONE',  ( -0.7071067811865496822, 0.000000000000000000, 0.7071067811865453523 ) ) ;
#2167 = LINE ( 'NONE', #3459, #2299 ) ;
#2168 = ORIENTED_EDGE ( 'NONE', *, *, #2485, .F. ) ;
#2169 = AXIS2_PLACEMENT_3D ( 'NONE', #2493, #1152, #1672 ) ;
#2170 = ORIENTED_EDGE ( 'NONE', *, *, #2944, .T. ) ;
#2171 = FACE_OUTER_BOUND ( 'NONE', #1690, .T. ) ;
#2172 = ORIENTED_EDGE ( 'NONE', *, *, #1964, .T. ) ;
#2173 = DIRECTION ( 'NONE',  ( -1.000000000000000000, 0.000000000000000000, -0.000000000000000000 ) ) ;
#2174 = EDGE_LOOP ( 'NONE', ( #2566, #311, #2498, #2225 ) ) ;
#2175 = DIRECTION ( 'NONE',  ( -9.346570452461244058E-17, 0.000000000000000000, 1.000000000000000000 ) ) ;
#2176 = ORIENTED_EDGE ( 'NONE', *, *, #2582, .T. ) ;
#2177 = EDGE_CURVE ( 'NONE', #2637, #2217, #1059, .T. ) ;
#2178 = CARTESIAN_POINT ( 'NONE',  ( -0.9000000000000000222, 0.2500000000000000000, 0.8000000000000001554 ) ) ;
#2179 = CARTESIAN_POINT ( 'NONE',  ( -0.7199999999999999734, 0.4049999999999999711, 0.7200000000000000844 ) ) ;
#2180 = AXIS2_PLACEMENT_3D ( 'NONE', #2545, #2854, #1998 ) ;
#2181 = AXIS2_PLACEMENT_3D ( 'NONE', #2773, #1692, #274 ) ;
#2182 = CYLINDRICAL_SURFACE ( 'NONE', #3558, 0.1999999999999999833 ) ;
#2183 = EDGE_CURVE ( 'NONE', #1234, #811, #2768, .T. ) ;
#2184 = CARTESIAN_POINT ( 'NONE',  ( 0.8750000000000003331, 0.4749999999999999778, 0.5199999999999999067 ) ) ;
#2185 = DIRECTION ( 'NONE',  ( 0.000000000000000000, 0.000000000000000000, -1.000000000000000000 ) ) ;
#2186 = VECTOR ( 'NONE', #2586, 1000.000000000000000 ) ;
#2187 = CARTESIAN_POINT ( 'NONE',  ( 0.9300000000000002709, 0.000000000000000000, 0.000000000000000000 ) ) ;
#2188 = EDGE_LOOP ( 'NONE', ( #2290, #2069, #3354, #1264 ) ) ;
#2189 =( BOUNDED_SURFACE ( )  B_SPLINE_SURFACE ( 3, 3, ( 
 ( #1908, #244, #861, #1644 ),
 ( #1362, #2162, #3284, #3061 ),
 ( #2465, #2199, #2760, #2998 ),
 ( #3615, #2801, #2488, #283 ) ),
 .UNSPECIFIED., .F., .F., .F. ) 
 B_SPLINE_SURFACE_WITH_KNOTS ( ( 4, 4 ),
 ( 4, 4 ),
 ( 0.000000000000000000, 1.000000000000000000 ),
 ( 0.000000000000000000, 1.000000000000000000 ),
 .UNSPECIFIED. ) 
 GEOMETRIC_REPRESENTATION_ITEM ( )  RATIONAL_B_SPLINE_SURFACE ( (
 ( 1.000000000000000000, 0.8047378541243656036, 0.8047378541243656036, 1.000000000000000000),
 ( 0.8047378541243705996, 0.6476030138606927444, 0.6476030138606927444, 0.8047378541243705996),
 ( 0.8047378541243705996, 0.6476030138606927444, 0.6476030138606927444, 0.8047378541243705996),
 ( 1.000000000000000000, 0.8047378541243656036, 0.8047378541243656036, 1.000000000000000000) ) ) 
 REPRESENTATION_ITEM ( '' )  SURFACE ( )  );
#2190 = LINE ( 'NONE', #1629, #2417 ) ;
#2191 = AXIS2_PLACEMENT_3D ( 'NONE', #2091, #1235, #3490 ) ;
#2192 = VECTOR ( 'NONE', #1364, 1000.000000000000000 ) ;
#2193 = DIRECTION ( 'NONE',  ( 0.000000000000000000, -1.000000000000000000, 0.000000000000000000 ) ) ;
#2194 = ORIENTED_EDGE ( 'NONE', *, *, #3315, .T. ) ;
#2195 = CARTESIAN_POINT ( 'NONE',  ( 0.9000000000000000222, 0.1275000000000000022, -0.7999999999999999334 ) ) ;
#2196 = LINE ( 'NONE', #2753, #2407 ) ;
#2197 = CARTESIAN_POINT ( 'NONE',  ( -0.9999999999999995559, 0.1275000000000000022, -0.7000000000000000666 ) ) ;
#2198 = VERTEX_POINT ( 'NONE', #430 ) ;
#2199 = CARTESIAN_POINT ( 'NONE',  ( 0.8254415587728429760, 0.4896446609406733264, 0.6999999999999994005 ) ) ;
#2200 = DIRECTION ( 'NONE',  ( 0.7071067811865509034, 0.000000000000000000, 0.7071067811865442421 ) ) ;
#2201 = CARTESIAN_POINT ( 'NONE',  ( -0.9550000000000002931, 0.2550000000000000044, 0.5199999999999997957 ) ) ;
#2202 = FACE_OUTER_BOUND ( 'NONE', #2276, .T. ) ;
#2203 = ORIENTED_EDGE ( 'NONE', *, *, #1067, .T. ) ;
#2204 = EDGE_CURVE ( 'NONE', #1738, #2676, #1894, .T. ) ;
#2205 = EDGE_LOOP ( 'NONE', ( #1421, #2060, #197, #2406 ) ) ;
#2206 = CARTESIAN_POINT ( 'NONE',  ( -0.9299999999999999378, 0.1275000000000000022, 0.2499999999999997780 ) ) ;
#2207 = CYLINDRICAL_SURFACE ( 'NONE', #260, 0.02499999999999995628 ) ;
#2208 = VERTEX_POINT ( 'NONE', #2901 ) ;
#2209 = ORIENTED_EDGE ( 'NONE', *, *, #3242, .F. ) ;
#2210 = ORIENTED_EDGE ( 'NONE', *, *, #2090, .F. ) ;
#2211 = LINE ( 'NONE', #2178, #3068 ) ;
#2212 = DIRECTION ( 'NONE',  ( 0.000000000000000000, 1.000000000000000000, 0.000000000000000000 ) ) ;
#2213 = CARTESIAN_POINT ( 'NONE',  ( 0.9300000000000003819, 0.1275000000000000022, -0.6299999999999996714 ) ) ;
#2214 = CARTESIAN_POINT ( 'NONE',  ( 0.3500000000000002554, 0.9789693182963199458, -0.2499999999999999445 ) ) ;
#2215 = DIRECTION ( 'NONE',  ( -0.000000000000000000, -0.000000000000000000, 1.000000000000000000 ) ) ;
#2216 = CARTESIAN_POINT ( 'NONE',  ( -1.000000000000000000, 0.000000000000000000, -0.6999999999999997335 ) ) ;
#2217 = VERTEX_POINT ( 'NONE', #3444 ) ;
#2218 = DIRECTION ( 'NONE',  ( -0.000000000000000000, 1.000000000000000000, 0.000000000000000000 ) ) ;
#2219 = EDGE_CURVE ( 'NONE', #1413, #1044, #2915, .T. ) ;
#2220 = VECTOR ( 'NONE', #2388, 1000.000000000000000 ) ;
#2221 = ORIENTED_EDGE ( 'NONE', *, *, #667, .F. ) ;
#2222 = DIRECTION ( 'NONE',  ( 1.000000000000000000, 0.000000000000000000, -2.258754526011468228E-16 ) ) ;
#2223 = EDGE_CURVE ( 'NONE', #1324, #1793, #100, .T. ) ;
#2224 = DIRECTION ( 'NONE',  ( 1.000000000000000000, 0.000000000000000000, 0.000000000000000000 ) ) ;
#2225 = ORIENTED_EDGE ( 'NONE', *, *, #3550, .F. ) ;
#2226 = PRESENTATION_STYLE_ASSIGNMENT (( #531 ) ) ;
#2227 = EDGE_LOOP ( 'NONE', ( #3273, #2097, #2484, #619, #3301, #1117 ) ) ;
#2228 = AXIS2_PLACEMENT_3D ( 'NONE', #1247, #1267, #2352 ) ;
#2229 = CARTESIAN_POINT ( 'NONE',  ( -0.7200000000000000844, 0.4899999999999999911, 0.5199999999999995737 ) ) ;
#2230 = DIRECTION ( 'NONE',  ( 0.000000000000000000, 0.000000000000000000, 1.000000000000000000 ) ) ;
#2231 = DIRECTION ( 'NONE',  ( -0.000000000000000000, 1.000000000000000000, 0.000000000000000000 ) ) ;
#2232 = CARTESIAN_POINT ( 'NONE',  ( 1.000000000000000000, 0.2550000000000000044, 0.6999999999999998446 ) ) ;
#2233 = FACE_OUTER_BOUND ( 'NONE', #820, .T. ) ;
#2234 = CARTESIAN_POINT ( 'NONE',  ( -0.7200000000000000844, 0.4049999999999999711, -0.5200000000000000178 ) ) ;
#2235 = VERTEX_POINT ( 'NONE', #2082 ) ;
#2236 = CIRCLE ( 'NONE', #795, 0.02500000000000017486 ) ;
#2237 = VECTOR ( 'NONE', #2284, 1000.000000000000000 ) ;
#2238 = FACE_OUTER_BOUND ( 'NONE', #848, .T. ) ;
#2239 = VERTEX_POINT ( 'NONE', #2042 ) ;
#2240 =( GEOMETRIC_REPRESENTATION_CONTEXT ( 3 ) GLOBAL_UNCERTAINTY_ASSIGNED_CONTEXT ( ( #2703 ) ) GLOBAL_UNIT_ASSIGNED_CONTEXT ( ( #1602, #819, #2461 ) ) REPRESENTATION_CONTEXT ( 'NONE', 'WORKASPACE' ) );
#2241 = ADVANCED_FACE ( 'NONE', ( #2882 ), #952, .T. ) ;
#2242 = VECTOR ( 'NONE', #518, 1000.000000000000000 ) ;
#2243 = FACE_OUTER_BOUND ( 'NONE', #701, .T. ) ;
#2244 = DIRECTION ( 'NONE',  ( 0.000000000000000000, 0.000000000000000000, -1.000000000000000000 ) ) ;
#2245 = ORIENTED_EDGE ( 'NONE', *, *, #284, .T. ) ;
#2246 = SURFACE_SIDE_STYLE ('',( #1195 ) ) ;
#2247 = ORIENTED_EDGE ( 'NONE', *, *, #596, .T. ) ;
#2248 = CIRCLE ( 'NONE', #2410, 0.1799999999999999378 ) ;
#2249 = EDGE_CURVE ( 'NONE', #1973, #511, #2059, .T. ) ;
#2250 = ORIENTED_EDGE ( 'NONE', *, *, #374, .T. ) ;
#2251 = CARTESIAN_POINT ( 'NONE',  ( -0.8193755415948602572, 0.5000000000000001110, -0.6896446609406718942 ) ) ;
#2252 = CARTESIAN_POINT ( 'NONE',  ( 0.8576598128423230660, 0.2550000000000001155, -0.7550000000000000044 ) ) ;
#2253 = EDGE_CURVE ( 'NONE', #803, #126, #683, .T. ) ;
#2254 = DIRECTION ( 'NONE',  ( 0.000000000000000000, -1.000000000000000000, 0.000000000000000000 ) ) ;
#2255 = DIRECTION ( 'NONE',  ( -0.7071067811865441310, 0.000000000000000000, 0.7071067811865507924 ) ) ;
#2256 = CARTESIAN_POINT ( 'NONE',  ( -0.7199999999999998623, 0.4049999999999999711, 0.7200000000000000844 ) ) ;
#2257 = ORIENTED_EDGE ( 'NONE', *, *, #2666, .F. ) ;
#2258 = CARTESIAN_POINT ( 'NONE',  ( -0.7200000000000000844, 0.3250000000000000666, -0.7199999999999998623 ) ) ;
#2259 = ORIENTED_EDGE ( 'NONE', *, *, #1821, .F. ) ;
#2260 = ORIENTED_EDGE ( 'NONE', *, *, #2136, .T. ) ;
#2261 = CARTESIAN_POINT ( 'NONE',  ( 0.3500000000000002554, 0.000000000000000000, -0.7300000000000002043 ) ) ;
#2262 = DIRECTION ( 'NONE',  ( -1.000000000000000000, 0.000000000000000000, 0.000000000000000000 ) ) ;
#2263 = ORIENTED_EDGE ( 'NONE', *, *, #1618, .F. ) ;
#2264 = ADVANCED_FACE ( 'NONE', ( #2620 ), #130, .T. ) ;
#2265 = LINE ( 'NONE', #312, #915 ) ;
#2266 = ORIENTED_EDGE ( 'NONE', *, *, #181, .F. ) ;
#2267 = DIRECTION ( 'NONE',  ( -0.7071067811865453523, 0.000000000000000000, 0.7071067811865496822 ) ) ;
#2268 = CARTESIAN_POINT ( 'NONE',  ( 0.9300000000000003819, 0.000000000000000000, -0.6299999999999996714 ) ) ;
#2269 = EDGE_CURVE ( 'NONE', #346, #2864, #3523, .T. ) ;
#2270 = LINE ( 'NONE', #1437, #3343 ) ;
#2271 = LINE ( 'NONE', #2002, #2652 ) ;
#2272 = ADVANCED_FACE ( 'NONE', ( #992 ), #2099, .F. ) ;
#2273 = CARTESIAN_POINT ( 'NONE',  ( -0.7200000000000000844, 0.4049999999999999711, -0.5200000000000000178 ) ) ;
#2274 = ORIENTED_EDGE ( 'NONE', *, *, #1886, .F. ) ;
#2275 = DIRECTION ( 'NONE',  ( -1.000000000000000000, -0.000000000000000000, -2.258754526011467242E-16 ) ) ;
#2276 = EDGE_LOOP ( 'NONE', ( #2904, #757 ) ) ;
#2277 = CYLINDRICAL_SURFACE ( 'NONE', #1200, 0.08749999999999946709 ) ;
#2278 = VECTOR ( 'NONE', #3267, 1000.000000000000114 ) ;
#2279 = FACE_OUTER_BOUND ( 'NONE', #3333, .T. ) ;
#2280 = ORIENTED_EDGE ( 'NONE', *, *, #2443, .F. ) ;
#2281 = ORIENTED_EDGE ( 'NONE', *, *, #1686, .T. ) ;
#2282 = VECTOR ( 'NONE', #122, 1000.000000000000000 ) ;
#2283 = DIRECTION ( 'NONE',  ( 1.000000000000000000, 0.000000000000000000, 1.936075308009828727E-15 ) ) ;
#2284 = DIRECTION ( 'NONE',  ( 5.706327223607922485E-16, -0.000000000000000000, -1.000000000000000000 ) ) ;
#2285 = CARTESIAN_POINT ( 'NONE',  ( 0.9325499560772705365, 0.2718375329420474884, -0.6445088815882589195 ) ) ;
#2286 = EDGE_CURVE ( 'NONE', #783, #1738, #2111, .T. ) ;
#2287 = DIRECTION ( 'NONE',  ( -1.000000000000000000, -0.000000000000000000, -0.000000000000000000 ) ) ;
#2288 = LINE ( 'NONE', #34, #1202 ) ;
#2289 = DIRECTION ( 'NONE',  ( 0.000000000000000000, -1.000000000000000000, 0.000000000000000000 ) ) ;
#2290 = ORIENTED_EDGE ( 'NONE', *, *, #68, .T. ) ;
#2291 = EDGE_CURVE ( 'NONE', #2558, #340, #3346, .T. ) ;
#2292 = PLANE ( 'NONE',  #41 ) ;
#2293 = VERTEX_POINT ( 'NONE', #1131 ) ;
#2294 = AXIS2_PLACEMENT_3D ( 'NONE', #3015, #282, #1384 ) ;
#2295 = EDGE_CURVE ( 'NONE', #149, #2608, #866, .T. ) ;
#2296 = VECTOR ( 'NONE', #462, 1000.000000000000000 ) ;
#2297 = PLANE ( 'NONE',  #799 ) ;
#2298 = ORIENTED_EDGE ( 'NONE', *, *, #3375, .T. ) ;
#2299 = VECTOR ( 'NONE', #2931, 1000.000000000000000 ) ;
#2300 = LINE ( 'NONE', #47, #1028 ) ;
#2301 = ORIENTED_EDGE ( 'NONE', *, *, #2249, .F. ) ;
#2302 = VECTOR ( 'NONE', #88, 1000.000000000000000 ) ;
#2303 = VECTOR ( 'NONE', #258, 1000.000000000000000 ) ;
#2304 = CARTESIAN_POINT ( 'NONE',  ( -0.8254415587728427539, 0.4896446609406731598, -0.6999999999999991784 ) ) ;
#2305 = CARTESIAN_POINT ( 'NONE',  ( -1.000000000000000000, 0.1275000000000000022, 0.8000000000000001554 ) ) ;
#2306 = AXIS2_PLACEMENT_3D ( 'NONE', #111, #3123, #2313 ) ;
#2307 = SURFACE_SIDE_STYLE ('',( #87 ) ) ;
#2308 = DIRECTION ( 'NONE',  ( 0.000000000000000000, -1.000000000000000000, 0.000000000000000000 ) ) ;
#2309 =( LENGTH_UNIT ( ) NAMED_UNIT ( * ) SI_UNIT ( .MILLI., .METRE. ) );
#2310 = CARTESIAN_POINT ( 'NONE',  ( -0.5500000000000003775, 0.1275000000000000022, -0.2500000000000001665 ) ) ;
#2311 = EDGE_CURVE ( 'NONE', #1048, #1207, #228, .T. ) ;
#2312 = ORIENTED_EDGE ( 'NONE', *, *, #671, .T. ) ;
#2313 = DIRECTION ( 'NONE',  ( 0.000000000000000000, 0.000000000000000000, 1.000000000000000000 ) ) ;
#2314 = EDGE_CURVE ( 'NONE', #408, #1240, #3604, .T. ) ;
#2315 = VERTEX_POINT ( 'NONE', #3066 ) ;
#2316 = DIRECTION ( 'NONE',  ( 7.529181753371557474E-17, 0.000000000000000000, 1.000000000000000000 ) ) ;
#2317 = ORIENTED_EDGE ( 'NONE', *, *, #417, .T. ) ;
#2318 = EDGE_CURVE ( 'NONE', #1663, #273, #501, .T. ) ;
#2319 = ORIENTED_EDGE ( 'NONE', *, *, #1731, .F. ) ;
#2320 = DIRECTION ( 'NONE',  ( 1.000000000000000000, 0.000000000000000000, 7.529181753371558706E-17 ) ) ;
#2321 = CARTESIAN_POINT ( 'NONE',  ( -0.3499999999999998113, 0.000000000000000000, -0.4500000000000005107 ) ) ;
#2322 = DIRECTION ( 'NONE',  ( 0.000000000000000000, -1.000000000000000000, 0.000000000000000000 ) ) ;
#2323 = ORIENTED_EDGE ( 'NONE', *, *, #329, .F. ) ;
#2324 = CARTESIAN_POINT ( 'NONE',  ( 0.7200000000000005285, 0.3250000000000000666, -0.5199999999999996847 ) ) ;
#2325 = DIRECTION ( 'NONE',  ( 0.000000000000000000, 0.000000000000000000, 1.000000000000000000 ) ) ;
#2326 = VERTEX_POINT ( 'NONE', #1348 ) ;
#2327 = DIRECTION ( 'NONE',  ( 0.000000000000000000, 0.000000000000000000, 1.000000000000000000 ) ) ;
#2328 = ORIENTED_EDGE ( 'NONE', *, *, #334, .T. ) ;
#2329 = ADVANCED_FACE ( 'NONE', ( #1972 ), #1098, .T. ) ;
#2330 = CARTESIAN_POINT ( 'NONE',  ( 0.3500000000000002554, 0.1275000000000000022, -0.7300000000000000933 ) ) ;
#2331 = ORIENTED_EDGE ( 'NONE', *, *, #353, .F. ) ;
#2332 = FACE_OUTER_BOUND ( 'NONE', #774, .T. ) ;
#2333 = ORIENTED_EDGE ( 'NONE', *, *, #2573, .T. ) ;
#2334 = EDGE_CURVE ( 'NONE', #2750, #2157, #1610, .T. ) ;
#2335 = AXIS2_PLACEMENT_3D ( 'NONE', #960, #3487, #2143 ) ;
#2336 = DIRECTION ( 'NONE',  ( 0.000000000000000000, -1.000000000000000000, -0.000000000000000000 ) ) ;
#2337 = DIRECTION ( 'NONE',  ( 1.000000000000000000, 0.000000000000000000, 0.000000000000000000 ) ) ;
#2338 = CIRCLE ( 'NONE', #2862, 0.02499999999999995628 ) ;
#2339 = CARTESIAN_POINT ( 'NONE',  ( 1.000000000000000000, 0.9789693182963199458, -0.6999999999999998446 ) ) ;
#2340 = CARTESIAN_POINT ( 'NONE',  ( -0.7200000000000000844, 0.2550000000000000044, -0.7550000000000000044 ) ) ;
#2341 = CARTESIAN_POINT ( 'NONE',  ( -0.8107968978321709042, 0.5000000000000000000, 0.6750000000000000444 ) ) ;
#2342 = DIRECTION ( 'NONE',  ( -0.7071067811865436870, 0.000000000000000000, 0.7071067811865513475 ) ) ;
#2343 = LINE ( 'NONE', #1277, #425 ) ;
#2344 = ORIENTED_EDGE ( 'NONE', *, *, #1594, .T. ) ;
#2345 = CARTESIAN_POINT ( 'NONE',  ( 0.8750000000000004441, 0.5000000000000000000, -0.5625148812762880146 ) ) ;
#2346 = VERTEX_POINT ( 'NONE', #1402 ) ;
#2347 = DIRECTION ( 'NONE',  ( 0.7071067811865453523, 0.000000000000000000, 0.7071067811865497932 ) ) ;
#2348 = VERTEX_POINT ( 'NONE', #3583 ) ;
#2349 = CIRCLE ( 'NONE', #963, 0.1000000000000002554 ) ;
#2350 = EDGE_CURVE ( 'NONE', #638, #2668, #1627, .T. ) ;
#2351 = AXIS2_PLACEMENT_3D ( 'NONE', #1679, #1122, #1750 ) ;
#2352 = DIRECTION ( 'NONE',  ( 0.000000000000000000, 0.000000000000000000, 1.000000000000000000 ) ) ;
#2353 = LINE ( 'NONE', #1795, #3177 ) ;
#2354 = EDGE_CURVE ( 'NONE', #149, #628, #810, .T. ) ;
#2355 = AXIS2_PLACEMENT_3D ( 'NONE', #2641, #1563, #994 ) ;
#2356 = VECTOR ( 'NONE', #1401, 1000.000000000000000 ) ;
#2357 = DIRECTION ( 'NONE',  ( 1.426581805901980375E-16, 0.000000000000000000, 1.000000000000000000 ) ) ;
#2358 = DIRECTION ( 'NONE',  ( -0.000000000000000000, 1.000000000000000000, 0.000000000000000000 ) ) ;
#2359 = ADVANCED_FACE ( 'NONE', ( #2202 ), #3382, .T. ) ;
#2360 = DIRECTION ( 'NONE',  ( -0.7071067811865464625, 0.000000000000000000, -0.7071067811865486830 ) ) ;
#2361 = CARTESIAN_POINT ( 'NONE',  ( 0.000000000000000000, 0.5000000000000000000, 0.000000000000000000 ) ) ;
#2362 = ORIENTED_EDGE ( 'NONE', *, *, #1969, .F. ) ;
#2363 = DIRECTION ( 'NONE',  ( -0.000000000000000000, 1.000000000000000000, -0.000000000000000000 ) ) ;
#2364 = ORIENTED_EDGE ( 'NONE', *, *, #1067, .F. ) ;
#2365 = CARTESIAN_POINT ( 'NONE',  ( -0.8750000000000000000, 0.5000000000000000000, -1.824378655624647548E-16 ) ) ;
#2366 = ORIENTED_EDGE ( 'NONE', *, *, #3120, .F. ) ;
#2367 = ADVANCED_FACE ( 'NONE', ( #3620 ), #15, .T. ) ;
#2368 = FACE_OUTER_BOUND ( 'NONE', #342, .T. ) ;
#2369 = DIRECTION ( 'NONE',  ( -0.000000000000000000, 1.000000000000000000, 0.000000000000000000 ) ) ;
#2370 = CARTESIAN_POINT ( 'NONE',  ( -0.9200000000000005951, 0.2969374450965875378, 0.6371572875253810331 ) ) ;
#2371 = ORIENTED_EDGE ( 'NONE', *, *, #2876, .T. ) ;
#2372 = ADVANCED_FACE ( 'NONE', ( #1115 ), #272, .T. ) ;
#2373 = DIRECTION ( 'NONE',  ( 0.000000000000000000, -1.000000000000000000, -0.000000000000000000 ) ) ;
#2374 = DIRECTION ( 'NONE',  ( -0.000000000000000000, 0.000000000000000000, -1.000000000000000000 ) ) ;
#2375 = FACE_OUTER_BOUND ( 'NONE', #1941, .T. ) ;
#2376 = FACE_OUTER_BOUND ( 'NONE', #1464, .T. ) ;
#2377 = EDGE_CURVE ( 'NONE', #1207, #839, #3227, .T. ) ;
#2378 = DIRECTION ( 'NONE',  ( -0.7071067811865441310, 0.000000000000000000, -0.7071067811865507924 ) ) ;
#2379 = CARTESIAN_POINT ( 'NONE',  ( 0.8999999999999998002, 0.9789693182963199458, 0.8000000000000001554 ) ) ;
#2380 = VERTEX_POINT ( 'NONE', #2216 ) ;
#2381 = CIRCLE ( 'NONE', #1924, 0.1000000000000002554 ) ;
#2382 = CARTESIAN_POINT ( 'NONE',  ( -0.9200000000000000400, 0.3250000000000000666, 0.000000000000000000 ) ) ;
#2383 = ORIENTED_EDGE ( 'NONE', *, *, #2671, .F. ) ;
#2384 = LINE ( 'NONE', #3461, #3247 ) ;
#2385 = ORIENTED_EDGE ( 'NONE', *, *, #553, .T. ) ;
#2386 = CARTESIAN_POINT ( 'NONE',  ( 0.8254415587728433090, 0.4896446609406733264, -0.6999999999999996225 ) ) ;
#2387 = EDGE_LOOP ( 'NONE', ( #1459, #455 ) ) ;
#2388 = DIRECTION ( 'NONE',  ( -0.7071067811865453523, 0.000000000000000000, -0.7071067811865496822 ) ) ;
#2389 = ORIENTED_EDGE ( 'NONE', *, *, #1178, .T. ) ;
#2390 = CARTESIAN_POINT ( 'NONE',  ( -0.8300000000000000711, 0.9789693182963199458, 0.7299999999999998712 ) ) ;
#2391 = FACE_OUTER_BOUND ( 'NONE', #2462, .T. ) ;
#2392 = CARTESIAN_POINT ( 'NONE',  ( 0.7200000000000007505, 0.2969374450965875378, 0.7199999999999991962 ) ) ;
#2393 = AXIS2_PLACEMENT_3D ( 'NONE', #1128, #2231, #1968 ) ;
#2394 = EDGE_CURVE ( 'NONE', #91, #1027, #581, .T. ) ;
#2395 = CARTESIAN_POINT ( 'NONE',  ( -0.8999999999999994671, 0.4896446609406731598, 0.5199999999999997957 ) ) ;
#2396 = DIRECTION ( 'NONE',  ( 0.7071067811865509034, 0.000000000000000000, -0.7071067811865442421 ) ) ;
#2397 = DIRECTION ( 'NONE',  ( 0.000000000000000000, 1.000000000000000000, 0.000000000000000000 ) ) ;
#2398 = ORIENTED_EDGE ( 'NONE', *, *, #1363, .T. ) ;
#2399 = ADVANCED_FACE ( 'NONE', ( #541 ), #303, .F. ) ;
#2400 = ORIENTED_EDGE ( 'NONE', *, *, #3391, .T. ) ;
#2401 = LINE ( 'NONE', #1549, #2887 ) ;
#2402 = ORIENTED_EDGE ( 'NONE', *, *, #3103, .F. ) ;
#2403 = CARTESIAN_POINT ( 'NONE',  ( 0.8750000000000003331, 0.5000000000000000000, -0.5199999999999996847 ) ) ;
#2404 = CARTESIAN_POINT ( 'NONE',  ( 0.9300000000000002709, 0.1275000000000000022, 0.6299999999999998934 ) ) ;
#2405 = LINE ( 'NONE', #3466, #300 ) ;
#2406 = ORIENTED_EDGE ( 'NONE', *, *, #1609, .F. ) ;
#2407 = VECTOR ( 'NONE', #1377, 1000.000000000000000 ) ;
#2408 = CARTESIAN_POINT ( 'NONE',  ( -0.8750000000000002220, 0.5000000000000000000, 0.5199999999999997957 ) ) ;
#2409 = CARTESIAN_POINT ( 'NONE',  ( 0.8371572875253817658, 0.2969374450965875378, 0.7199999999999993072 ) ) ;
#2410 = AXIS2_PLACEMENT_3D ( 'NONE', #479, #3511, #1574 ) ;
#2411 = CARTESIAN_POINT ( 'NONE',  ( -0.8300000000000000711, 0.000000000000000000, 0.7299999999999998712 ) ) ;
#2412 = MECHANICAL_DESIGN_GEOMETRIC_PRESENTATION_REPRESENTATION (  '', ( #489 ), #3306 ) ;
#2413 = DIRECTION ( 'NONE',  ( -1.000000000000000000, 0.000000000000000000, 1.129377263005733868E-16 ) ) ;
#2414 = FACE_OUTER_BOUND ( 'NONE', #1041, .T. ) ;
#2415 = EDGE_CURVE ( 'NONE', #376, #1920, #3453, .T. ) ;
#2416 = ORIENTED_EDGE ( 'NONE', *, *, #760, .T. ) ;
#2417 = VECTOR ( 'NONE', #1612, 1000.000000000000000 ) ;
#2418 = EDGE_CURVE ( 'NONE', #167, #1956, #655, .T. ) ;
#2419 = ORIENTED_EDGE ( 'NONE', *, *, #1208, .T. ) ;
#2420 = CARTESIAN_POINT ( 'NONE',  ( 0.7200000000000005285, 0.4750000000000010325, -0.6999999999999998446 ) ) ;
#2421 = VERTEX_POINT ( 'NONE', #1474 ) ;
#2422 = LINE ( 'NONE', #2974, #2692 ) ;
#2423 = EDGE_CURVE ( 'NONE', #396, #567, #339, .T. ) ;
#2424 = CARTESIAN_POINT ( 'NONE',  ( -0.9300000000000001599, 0.1275000000000000022, -0.2500000000000001665 ) ) ;
#2425 = ORIENTED_EDGE ( 'NONE', *, *, #1871, .T. ) ;
#2426 = EDGE_LOOP ( 'NONE', ( #2569, #1315, #3612, #3159 ) ) ;
#2427 = CARTESIAN_POINT ( 'NONE',  ( -0.9325499560772696483, 0.2718375329420474884, -0.6445088815882591415 ) ) ;
#2428 = FACE_OUTER_BOUND ( 'NONE', #2426, .T. ) ;
#2429 =( GEOMETRIC_REPRESENTATION_CONTEXT ( 3 ) GLOBAL_UNCERTAINTY_ASSIGNED_CONTEXT ( ( #3196 ) ) GLOBAL_UNIT_ASSIGNED_CONTEXT ( ( #615, #2001, #1183 ) ) REPRESENTATION_CONTEXT ( 'NONE', 'WORKASPACE' ) );
#2430 = CARTESIAN_POINT ( 'NONE',  ( -0.7200000000000000844, 0.5000000000000000000, 0.5199999999999995737 ) ) ;
#2431 = DIRECTION ( 'NONE',  ( 0.000000000000000000, -1.000000000000000000, 0.000000000000000000 ) ) ;
#2432 = CARTESIAN_POINT ( 'NONE',  ( 0.000000000000000000, 0.000000000000000000, 0.2500000000000000555 ) ) ;
#2433 = ORIENTED_EDGE ( 'NONE', *, *, #1423, .T. ) ;
#2434 = ORIENTED_EDGE ( 'NONE', *, *, #477, .T. ) ;
#2435 = DIRECTION ( 'NONE',  ( -1.000000000000000000, 0.000000000000000000, 0.000000000000000000 ) ) ;
#2436 = ORIENTED_EDGE ( 'NONE', *, *, #2892, .F. ) ;
#2437 = VECTOR ( 'NONE', #1756, 1000.000000000000000 ) ;
#2438 = EDGE_CURVE ( 'NONE', #2326, #3574, #2563, .T. ) ;
#2439 = DIRECTION ( 'NONE',  ( -0.000000000000000000, 0.000000000000000000, -1.000000000000000000 ) ) ;
#2440 = DIRECTION ( 'NONE',  ( 0.000000000000000000, -1.000000000000000000, 0.000000000000000000 ) ) ;
#2441 = ORIENTED_EDGE ( 'NONE', *, *, #477, .F. ) ;
#2442 = ORIENTED_EDGE ( 'NONE', *, *, #198, .F. ) ;
#2443 = EDGE_CURVE ( 'NONE', #2421, #1956, #947, .T. ) ;
#2444 = CARTESIAN_POINT ( 'NONE',  ( -0.7200000000000000844, 0.4049999999999999711, 0.7000000000000000666 ) ) ;
#2445 = DIRECTION ( 'NONE',  ( 1.426581805901980621E-16, 0.000000000000000000, 1.000000000000000000 ) ) ;
#2446 = CARTESIAN_POINT ( 'NONE',  ( 0.7200000000000005285, 0.4049999999999999711, 0.5199999999999999067 ) ) ;
#2447 = VECTOR ( 'NONE', #2212, 1000.000000000000000 ) ;
#2448 = DIRECTION ( 'NONE',  ( 0.000000000000000000, 1.000000000000000000, 0.000000000000000000 ) ) ;
#2449 = LINE ( 'NONE', #3548, #1538 ) ;
#2450 = DIRECTION ( 'NONE',  ( -1.000000000000000000, 0.000000000000000000, 6.023345402697248937E-16 ) ) ;
#2451 = ORIENTED_EDGE ( 'NONE', *, *, #1823, .T. ) ;
#2452 = VECTOR ( 'NONE', #1442, 1000.000000000000000 ) ;
#2453 = CARTESIAN_POINT ( 'NONE',  ( 1.000000000000000000, 0.1275000000000000022, 0.8000000000000003775 ) ) ;
#2454 = PRODUCT ( 'C1E-76.800-8-1012-X-M', 'C1E-76.800-8-1012-X-M', '', ( #1687 ) ) ;
#2455 = ORIENTED_EDGE ( 'NONE', *, *, #2691, .F. ) ;
#2456 = LINE ( 'NONE', #2972, #2477 ) ;
#2457 = ORIENTED_EDGE ( 'NONE', *, *, #2781, .T. ) ;
#2458 = CARTESIAN_POINT ( 'NONE',  ( 0.7200000000000003064, 0.4896446609406733264, -0.6999999999999994005 ) ) ;
#2459 = CYLINDRICAL_SURFACE ( 'NONE', #1651, 0.02499999999999995628 ) ;
#2460 = EDGE_CURVE ( 'NONE', #2629, #2208, #1458, .T. ) ;
#2461 =( NAMED_UNIT ( * ) SI_UNIT ( $, .STERADIAN. ) SOLID_ANGLE_UNIT ( ) );
#2462 = EDGE_LOOP ( 'NONE', ( #398, #993, #1913, #1380 ) ) ;
#2463 = CARTESIAN_POINT ( 'NONE',  ( 0.9199999999999998179, 0.3250000000000000666, -0.5199999999999999067 ) ) ;
#2464 = ADVANCED_FACE ( 'NONE', ( #3470 ), #3101, .T. ) ;
#2465 = CARTESIAN_POINT ( 'NONE',  ( 0.7200000000000005285, 0.4896446609406733264, 0.6999999999999995115 ) ) ;
#2466 = CIRCLE ( 'NONE', #1197, 0.1799999999999999378 ) ;
#2467 = CIRCLE ( 'NONE', #2009, 0.1000000000000002554 ) ;
#2468 = MECHANICAL_DESIGN_GEOMETRIC_PRESENTATION_REPRESENTATION (  '', ( #3475 ), #3302 ) ;
#2469 = CARTESIAN_POINT ( 'NONE',  ( -0.9999999999999995559, 0.000000000000000000, -0.7000000000000000666 ) ) ;
#2470 = DIRECTION ( 'NONE',  ( -1.000000000000000000, 0.000000000000000000, -7.529181753371559939E-17 ) ) ;
#2471 = PLANE ( 'NONE',  #3063 ) ;
#2472 = CARTESIAN_POINT ( 'NONE',  ( 0.3500000000000002554, 0.9789693182963199458, -0.2499999999999999445 ) ) ;
#2473 = ORIENTED_EDGE ( 'NONE', *, *, #3468, .T. ) ;
#2474 = AXIS2_PLACEMENT_3D ( 'NONE', #3414, #2254, #914 ) ;
#2475 = DIRECTION ( 'NONE',  ( -1.224646799147351235E-16, -4.627122202067982825E-16, -1.000000000000000000 ) ) ;
#2476 = AXIS2_PLACEMENT_3D ( 'NONE', #1388, #2507, #2787 ) ;
#2477 = VECTOR ( 'NONE', #486, 1000.000000000000000 ) ;
#2478 = DIRECTION ( 'NONE',  ( -1.000000000000000000, 0.000000000000000000, -0.000000000000000000 ) ) ;
#2479 = ORIENTED_EDGE ( 'NONE', *, *, #1189, .F. ) ;
#2480 = CARTESIAN_POINT ( 'NONE',  ( 0.000000000000000000, 0.000000000000000000, -0.7300000000000002043 ) ) ;
#2481 = FACE_OUTER_BOUND ( 'NONE', #736, .T. ) ;
#2482 = ORIENTED_EDGE ( 'NONE', *, *, #667, .T. ) ;
#2483 = PLANE ( 'NONE',  #2015 ) ;
#2484 = ORIENTED_EDGE ( 'NONE', *, *, #784, .T. ) ;
#2485 = EDGE_CURVE ( 'NONE', #1711, #1655, #1187, .T. ) ;
#2486 = VERTEX_POINT ( 'NONE', #3118 ) ;
#2487 = CARTESIAN_POINT ( 'NONE',  ( 0.8300000000000005151, 0.000000000000000000, -0.7300000000000002043 ) ) ;
#2488 = CARTESIAN_POINT ( 'NONE',  ( 0.9000000000000004663, 0.4750000000000009770, 0.6254415587728433534 ) ) ;
#2489 = ADVANCED_FACE ( 'NONE', ( #1492 ), #1745, .T. ) ;
#2490 = FACE_OUTER_BOUND ( 'NONE', #565, .T. ) ;
#2491 = DIRECTION ( 'NONE',  ( 7.529181753371559939E-17, 0.000000000000000000, -1.000000000000000000 ) ) ;
#2492 = CARTESIAN_POINT ( 'NONE',  ( 0.8999999999999998002, 0.2550000000000000044, 0.8000000000000001554 ) ) ;
#2493 = CARTESIAN_POINT ( 'NONE',  ( -0.8300000000000000711, 0.9789693182963199458, 0.7299999999999998712 ) ) ;
#2494 = EDGE_LOOP ( 'NONE', ( #545, #3447, #2934, #1391 ) ) ;
#2495 = EDGE_CURVE ( 'NONE', #1904, #1466, #2809, .T. ) ;
#2496 = DIRECTION ( 'NONE',  ( -0.7071067811865441310, 0.000000000000000000, 0.7071067811865507924 ) ) ;
#2497 =( GEOMETRIC_REPRESENTATION_CONTEXT ( 3 ) GLOBAL_UNCERTAINTY_ASSIGNED_CONTEXT ( ( #714 ) ) GLOBAL_UNIT_ASSIGNED_CONTEXT ( ( #652, #896, #1440 ) ) REPRESENTATION_CONTEXT ( 'NONE', 'WORKASPACE' ) );
#2498 = ORIENTED_EDGE ( 'NONE', *, *, #3375, .F. ) ;
#2499 = DIRECTION ( 'NONE',  ( -0.000000000000000000, 1.000000000000000000, 0.000000000000000000 ) ) ;
#2500 = CARTESIAN_POINT ( 'NONE',  ( -0.8750000000000000000, 0.4749999999999999778, -0.5199999999999997957 ) ) ;
#2501 = ORIENTED_EDGE ( 'NONE', *, *, #3234, .F. ) ;
#2502 = AXIS2_PLACEMENT_3D ( 'NONE', #315, #1163, #574 ) ;
#2503 = EDGE_LOOP ( 'NONE', ( #1088, #261, #2154, #1260, #3108, #1142, #2362 ) ) ;
#2504 = DIRECTION ( 'NONE',  ( 0.000000000000000000, -1.000000000000000000, 0.000000000000000000 ) ) ;
#2505 = DIRECTION ( 'NONE',  ( 0.000000000000000000, 1.000000000000000000, 0.000000000000000000 ) ) ;
#2506 = DIRECTION ( 'NONE',  ( -1.000000000000000000, -0.000000000000000000, 7.529181753371557474E-17 ) ) ;
#2507 = DIRECTION ( 'NONE',  ( 0.000000000000000000, 0.000000000000000000, -1.000000000000000000 ) ) ;
#2508 = DIRECTION ( 'NONE',  ( -0.7071067811865479058, 0.000000000000000000, 0.7071067811865471286 ) ) ;
#2509 = EDGE_CURVE ( 'NONE', #2885, #451, #3438, .T. ) ;
#2510 = ORIENTED_EDGE ( 'NONE', *, *, #1317, .T. ) ;
#2511 = DIRECTION ( 'NONE',  ( 0.000000000000000000, -0.000000000000000000, 1.000000000000000000 ) ) ;
#2512 = EDGE_CURVE ( 'NONE', #295, #2663, #3399, .T. ) ;
#2513 = VECTOR ( 'NONE', #967, 1000.000000000000000 ) ;
#2514 = ORIENTED_EDGE ( 'NONE', *, *, #1228, .F. ) ;
#2515 = DIRECTION ( 'NONE',  ( 1.000000000000000000, 0.000000000000000000, 0.000000000000000000 ) ) ;
#2516 = PLANE ( 'NONE',  #2530 ) ;
#2517 = VERTEX_POINT ( 'NONE', #1729 ) ;
#2518 = ADVANCED_FACE ( 'NONE', ( #2842 ), #2003, .F. ) ;
#2519 = PLANE ( 'NONE',  #1143 ) ;
#2520 = ORIENTED_EDGE ( 'NONE', *, *, #2512, .T. ) ;
#2521 = DIRECTION ( 'NONE',  ( 0.000000000000000000, 0.000000000000000000, -1.000000000000000000 ) ) ;
#2522 = LINE ( 'NONE', #1180, #3240 ) ;
#2523 = LINE ( 'NONE', #2560, #355 ) ;
#2524 = CARTESIAN_POINT ( 'NONE',  ( 0.3500000000000002554, 0.1275000000000000022, -0.7300000000000002043 ) ) ;
#2525 =( NAMED_UNIT ( * ) PLANE_ANGLE_UNIT ( ) SI_UNIT ( $, .RADIAN. ) );
#2526 = DIRECTION ( 'NONE',  ( 0.000000000000000000, 1.000000000000000000, 0.000000000000000000 ) ) ;
#2527 = VECTOR ( 'NONE', #1659, 1000.000000000000000 ) ;
#2528 = ORIENTED_EDGE ( 'NONE', *, *, #2802, .F. ) ;
#2529 = AXIS2_PLACEMENT_3D ( 'NONE', #2453, #3089, #2808 ) ;
#2530 = AXIS2_PLACEMENT_3D ( 'NONE', #61, #1429, #3074 ) ;
#2531 = EDGE_CURVE ( 'NONE', #2859, #2731, #1695, .T. ) ;
#2532 = CARTESIAN_POINT ( 'NONE',  ( -0.6600000000000001421, 0.4899999999999999911, 0.5199999999999995737 ) ) ;
#2533 = VERTEX_POINT ( 'NONE', #2599 ) ;
#2534 = AXIS2_PLACEMENT_3D ( 'NONE', #1583, #2698, #3013 ) ;
#2535 = EDGE_CURVE ( 'NONE', #2326, #2859, #1206, .T. ) ;
#2536 = AXIS2_PLACEMENT_3D ( 'NONE', #2324, #2856, #3135 ) ;
#2537 = VECTOR ( 'NONE', #675, 1000.000000000000114 ) ;
#2538 = CARTESIAN_POINT ( 'NONE',  ( 0.8300000000000002931, 0.1275000000000000022, 0.7300000000000002043 ) ) ;
#2539 = DIRECTION ( 'NONE',  ( -0.7071067811865441310, 0.000000000000000000, 0.7071067811865507924 ) ) ;
#2540 = ORIENTED_EDGE ( 'NONE', *, *, #2377, .T. ) ;
#2541 =( NAMED_UNIT ( * ) SI_UNIT ( $, .STERADIAN. ) SOLID_ANGLE_UNIT ( ) );
#2542 = ORIENTED_EDGE ( 'NONE', *, *, #1241, .F. ) ;
#2543 = EDGE_CURVE ( 'NONE', #333, #1048, #2110, .T. ) ;
#2544 = CARTESIAN_POINT ( 'NONE',  ( 0.7200000000000006395, 0.3250000000000000111, 0.7199999999999999734 ) ) ;
#2545 = CARTESIAN_POINT ( 'NONE',  ( -1.000000000000000000, 0.2500000000000000000, -0.7999999999999999334 ) ) ;
#2546 = DIRECTION ( 'NONE',  ( -1.000000000000000000, -0.000000000000000000, -2.258754526011467242E-16 ) ) ;
#2547 = CARTESIAN_POINT ( 'NONE',  ( -1.000000000000000000, 0.2550000000000000044, 0.8000000000000001554 ) ) ;
#2548 = CARTESIAN_POINT ( 'NONE',  ( 1.000000000000000000, 0.000000000000000000, 0.000000000000000000 ) ) ;
#2549 = ORIENTED_EDGE ( 'NONE', *, *, #213, .T. ) ;
#2550 = FACE_OUTER_BOUND ( 'NONE', #1530, .T. ) ;
#2551 = ORIENTED_EDGE ( 'NONE', *, *, #1533, .T. ) ;
#2552 = ORIENTED_EDGE ( 'NONE', *, *, #284, .F. ) ;
#2553 = DIRECTION ( 'NONE',  ( 0.000000000000000000, -1.000000000000000000, 0.000000000000000000 ) ) ;
#2554 = VERTEX_POINT ( 'NONE', #370 ) ;
#2555 = DIRECTION ( 'NONE',  ( -1.000000000000000000, 0.000000000000000000, -5.706327223607921499E-16 ) ) ;
#2556 = ORIENTED_EDGE ( 'NONE', *, *, #374, .F. ) ;
#2557 = EDGE_CURVE ( 'NONE', #1593, #2902, #127, .T. ) ;
#2558 = VERTEX_POINT ( 'NONE', #1783 ) ;
#2559 = DIRECTION ( 'NONE',  ( 0.7071067811865447972, 0.000000000000000000, 0.7071067811865502373 ) ) ;
#2560 = CARTESIAN_POINT ( 'NONE',  ( 0.9200000000000004841, 0.4049999999999999711, 0.5199999999999996847 ) ) ;
#2561 = ADVANCED_FACE ( 'NONE', ( #1570 ), #769, .F. ) ;
#2562 = CARTESIAN_POINT ( 'NONE',  ( 0.9300000000000002709, 0.000000000000000000, 0.2500000000000000000 ) ) ;
#2563 = LINE ( 'NONE', #2548, #2282 ) ;
#2564 = ORIENTED_EDGE ( 'NONE', *, *, #2415, .T. ) ;
#2565 = FACE_OUTER_BOUND ( 'NONE', #2227, .T. ) ;
#2566 = ORIENTED_EDGE ( 'NONE', *, *, #2136, .F. ) ;
#2567 = AXIS2_PLACEMENT_3D ( 'NONE', #3229, #2358, #404 ) ;
#2568 = DIRECTION ( 'NONE',  ( 1.936075308009829121E-15, 0.000000000000000000, -1.000000000000000000 ) ) ;
#2569 = ORIENTED_EDGE ( 'NONE', *, *, #2354, .T. ) ;
#2570 = CARTESIAN_POINT ( 'NONE',  ( -0.9299999999999999378, 0.1275000000000000022, -0.6299999999999998934 ) ) ;
#2571 = ORIENTED_EDGE ( 'NONE', *, *, #2075, .F. ) ;
#2572 = VECTOR ( 'NONE', #3313, 1000.000000000000000 ) ;
#2573 = EDGE_CURVE ( 'NONE', #2663, #1332, #1523, .T. ) ;
#2574 = CARTESIAN_POINT ( 'NONE',  ( -0.9299999999999999378, 0.1275000000000000022, -0.6299999999999998934 ) ) ;
#2575 = CARTESIAN_POINT ( 'NONE',  ( -0.9199999999999999289, 0.3250000000000000666, -0.5200000000000000178 ) ) ;
#2576 = FACE_OUTER_BOUND ( 'NONE', #3106, .T. ) ;
#2577 = AXIS2_PLACEMENT_3D ( 'NONE', #547, #1409, #1991 ) ;
#2578 = EDGE_CURVE ( 'NONE', #1108, #723, #1816, .T. ) ;
#2579 = CARTESIAN_POINT ( 'NONE',  ( 0.7200000000000004174, 3.280350850198277879, 0.7000000000000000666 ) ) ;
#2580 = DIRECTION ( 'NONE',  ( 1.000000000000000000, 0.000000000000000000, 0.000000000000000000 ) ) ;
#2581 = ORIENTED_EDGE ( 'NONE', *, *, #458, .T. ) ;
#2582 = EDGE_CURVE ( 'NONE', #1810, #1493, #1872, .T. ) ;
#2583 = FACE_OUTER_BOUND ( 'NONE', #77, .T. ) ;
#2584 = ORIENTED_EDGE ( 'NONE', *, *, #1867, .F. ) ;
#2585 = VECTOR ( 'NONE', #1467, 1000.000000000000000 ) ;
#2586 = DIRECTION ( 'NONE',  ( 0.000000000000000000, 1.000000000000000000, 0.000000000000000000 ) ) ;
#2587 = ORIENTED_EDGE ( 'NONE', *, *, #98, .F. ) ;
#2588 =( NAMED_UNIT ( * ) PLANE_ANGLE_UNIT ( ) SI_UNIT ( $, .RADIAN. ) );
#2589 = ORIENTED_EDGE ( 'NONE', *, *, #1875, .F. ) ;
#2590 = VECTOR ( 'NONE', #1607, 1000.000000000000000 ) ;
#2591 = COLOUR_RGB ( '',0.7960784313725489669, 0.8235294117647058432, 0.9372549019607843146 ) ;
#2592 = FACE_OUTER_BOUND ( 'NONE', #3204, .T. ) ;
#2593 = LINE ( 'NONE', #1983, #26 ) ;
#2594 = CARTESIAN_POINT ( 'NONE',  ( 1.000000000000000000, 0.1275000000000000022, -0.6999999999999996225 ) ) ;
#2595 = CIRCLE ( 'NONE', #1965, 0.1800000000000001599 ) ;
#2596 = ORIENTED_EDGE ( 'NONE', *, *, #2733, .F. ) ;
#2597 = DIRECTION ( 'NONE',  ( 0.7071067811865441310, -0.000000000000000000, 0.7071067811865507924 ) ) ;
#2598 = DIRECTION ( 'NONE',  ( 0.7071067811865441310, -0.000000000000000000, -0.7071067811865507924 ) ) ;
#2599 = CARTESIAN_POINT ( 'NONE',  ( 0.9000000000000000222, 0.1275000000000000022, -0.8000000000000000444 ) ) ;
#2600 = ORIENTED_EDGE ( 'NONE', *, *, #984, .F. ) ;
#2601 = ADVANCED_FACE ( 'NONE', ( #2702 ), #956, .F. ) ;
#2602 = CARTESIAN_POINT ( 'NONE',  ( -0.7800000000000000266, 0.5000000000000000000, 0.5199999999999995737 ) ) ;
#2603 = VERTEX_POINT ( 'NONE', #475 ) ;
#2604 = EDGE_CURVE ( 'NONE', #2864, #402, #2926, .T. ) ;
#2605 = LINE ( 'NONE', #3161, #2824 ) ;
#2606 = ORIENTED_EDGE ( 'NONE', *, *, #560, .T. ) ;
#2607 = CARTESIAN_POINT ( 'NONE',  ( -0.9999999999999997780, 0.1275000000000000022, 0.6999999999999998446 ) ) ;
#2608 = VERTEX_POINT ( 'NONE', #2109 ) ;
#2609 = CARTESIAN_POINT ( 'NONE',  ( -0.9200000000000001510, 0.4049999999999999711, 0.5199999999999999067 ) ) ;
#2610 = CARTESIAN_POINT ( 'NONE',  ( -0.9299999999999999378, 0.1275000000000000022, -0.6299999999999998934 ) ) ;
#2611 = SURFACE_SIDE_STYLE ('',( #2976 ) ) ;
#2612 = CARTESIAN_POINT ( 'NONE',  ( -0.8299999999999999600, 0.1275000000000000022, -0.7300000000000002043 ) ) ;
#2613 = CARTESIAN_POINT ( 'NONE',  ( 0.8300000000000002931, 0.1275000000000000022, 0.7300000000000003153 ) ) ;
#2614 = DIRECTION ( 'NONE',  ( -0.000000000000000000, 1.000000000000000000, -0.000000000000000000 ) ) ;
#2615 = LINE ( 'NONE', #375, #1150 ) ;
#2616 = LINE ( 'NONE', #717, #1713 ) ;
#2617 = EDGE_CURVE ( 'NONE', #1751, #3613, #2633, .T. ) ;
#2618 = VERTEX_POINT ( 'NONE', #3508 ) ;
#2619 = EDGE_CURVE ( 'NONE', #508, #2235, #1274, .T. ) ;
#2620 = FACE_OUTER_BOUND ( 'NONE', #1518, .T. ) ;
#2621 = ORIENTED_EDGE ( 'NONE', *, *, #573, .F. ) ;
#2622 = DIRECTION ( 'NONE',  ( -4.627122202067974937E-16, 1.000000000000000000, 4.627122202067982825E-16 ) ) ;
#2623 = ORIENTED_EDGE ( 'NONE', *, *, #1297, .F. ) ;
#2624 = AXIS2_PLACEMENT_3D ( 'NONE', #2980, #2076, #2093 ) ;
#2625 = DIRECTION ( 'NONE',  ( 0.000000000000000000, 0.000000000000000000, -1.000000000000000000 ) ) ;
#2626 = ADVANCED_FACE ( 'NONE', ( #1017 ), #2672, .F. ) ;
#2627 = LINE ( 'NONE', #136, #3360 ) ;
#2628 = CARTESIAN_POINT ( 'NONE',  ( -0.9200000000000007061, 0.3250000000000000111, 0.5199999999999999067 ) ) ;
#2629 = VERTEX_POINT ( 'NONE', #179 ) ;
#2630 = VECTOR ( 'NONE', #1706, 1000.000000000000000 ) ;
#2631 = FACE_OUTER_BOUND ( 'NONE', #2100, .T. ) ;
#2632 = DIRECTION ( 'NONE',  ( 0.000000000000000000, 1.000000000000000000, 0.000000000000000000 ) ) ;
#2633 = LINE ( 'NONE', #2146, #2278 ) ;
#2634 = CARTESIAN_POINT ( 'NONE',  ( 0.9000000000000000222, 0.000000000000000000, 0.8000000000000000444 ) ) ;
#2635 = CARTESIAN_POINT ( 'NONE',  ( -0.6600000000000001421, 0.5000000000000000000, 0.5199999999999995737 ) ) ;
#2636 = CARTESIAN_POINT ( 'NONE',  ( -0.9999999999999995559, 0.1275000000000000022, -0.6999999999999996225 ) ) ;
#2637 = VERTEX_POINT ( 'NONE', #1254 ) ;
#2638 = ADVANCED_FACE ( 'NONE', ( #2375 ), #209, .F. ) ;
#2639 = CARTESIAN_POINT ( 'NONE',  ( 0.7200000000000005285, 0.4049999999999999711, -0.5199999999999999067 ) ) ;
#2640 = ORIENTED_EDGE ( 'NONE', *, *, #2913, .F. ) ;
#2641 = CARTESIAN_POINT ( 'NONE',  ( 0.7200000000000005285, 0.4049999999999999711, 0.5199999999999999067 ) ) ;
#2642 = ORIENTED_EDGE ( 'NONE', *, *, #394, .F. ) ;
#2643 = AXIS2_PLACEMENT_3D ( 'NONE', #452, #2122, #2337 ) ;
#2644 = ADVANCED_FACE ( 'NONE', ( #2428 ), #3195, .T. ) ;
#2645 = AXIS2_PLACEMENT_3D ( 'NONE', #161, #1272, #2374 ) ;
#2646 = AXIS2_PLACEMENT_3D ( 'NONE', #2500, #1696, #2262 ) ;
#2647 = CARTESIAN_POINT ( 'NONE',  ( -0.7200000000000000844, 0.5000000000000000000, 0.5199999999999995737 ) ) ;
#2648 = FILL_AREA_STYLE ('',( #1811 ) ) ;
#2649 = LINE ( 'NONE', #2158, #1182 ) ;
#2650 = AXIS2_PLACEMENT_3D ( 'NONE', #1517, #3163, #1244 ) ;
#2651 = ADVANCED_FACE ( 'NONE', ( #162 ), #732, .F. ) ;
#2652 = VECTOR ( 'NONE', #33, 1000.000000000000000 ) ;
#2653 = CARTESIAN_POINT ( 'NONE',  ( -0.6600000000000001421, 0.4899999999999999911, 0.5199999999999995737 ) ) ;
#2654 = VECTOR ( 'NONE', #2360, 1000.000000000000000 ) ;
#2655 = DIRECTION ( 'NONE',  ( 0.7071067811865447972, 0.000000000000000000, -0.7071067811865502373 ) ) ;
#2656 = CARTESIAN_POINT ( 'NONE',  ( 1.000000000000000222, 0.1275000000000000022, -0.8000000000000001554 ) ) ;
#2657 = DIRECTION ( 'NONE',  ( 1.084202172485506406E-15, 0.000000000000000000, -1.000000000000000000 ) ) ;
#2658 = LINE ( 'NONE', #1788, #2936 ) ;
#2659 = ORIENTED_EDGE ( 'NONE', *, *, #724, .T. ) ;
#2660 = PLANE ( 'NONE',  #968 ) ;
#2661 = VERTEX_POINT ( 'NONE', #1605 ) ;
#2662 = CARTESIAN_POINT ( 'NONE',  ( -0.3499999999999998668, 0.1275000000000000022, 0.7300000000000000933 ) ) ;
#2663 = VERTEX_POINT ( 'NONE', #822 ) ;
#2664 = CARTESIAN_POINT ( 'NONE',  ( 0.8193755415948612564, 0.5000000000000001110, -0.6896446609406722272 ) ) ;
#2665 = CARTESIAN_POINT ( 'NONE',  ( -1.000000000000000000, 0.2550000000000000044, -0.7999999999999999334 ) ) ;
#2666 = EDGE_CURVE ( 'NONE', #1895, #2315, #2740, .T. ) ;
#2667 = CARTESIAN_POINT ( 'NONE',  ( -0.8576598128423229550, 0.2550000000000000600, 0.7550000000000000044 ) ) ;
#2668 = VERTEX_POINT ( 'NONE', #2179 ) ;
#2669 = CARTESIAN_POINT ( 'NONE',  ( -0.9300000000000001599, 0.000000000000000000, 0.000000000000000000 ) ) ;
#2670 = PRODUCT_DEFINITION_FORMATION_WITH_SPECIFIED_SOURCE ( 'ANY', '', #2454, .NOT_KNOWN. ) ;
#2671 = EDGE_CURVE ( 'NONE', #570, #2043, #3578, .T. ) ;
#2672 = PLANE ( 'NONE',  #2624 ) ;
#2673 = DIRECTION ( 'NONE',  ( -0.000000000000000000, 1.000000000000000000, 0.000000000000000000 ) ) ;
#2674 = LINE ( 'NONE', #164, #561 ) ;
#2675 = ORIENTED_EDGE ( 'NONE', *, *, #271, .T. ) ;
#2676 = VERTEX_POINT ( 'NONE', #1111 ) ;
#2677 = LINE ( 'NONE', #2365, #97 ) ;
#2678 = ORIENTED_EDGE ( 'NONE', *, *, #3099, .T. ) ;
#2679 = DIRECTION ( 'NONE',  ( -1.000000000000000000, 0.000000000000000000, 0.000000000000000000 ) ) ;
#2680 = DIRECTION ( 'NONE',  ( -0.7071067811865449082, -0.000000000000000000, -0.7071067811865502373 ) ) ;
#2681 = FACE_OUTER_BOUND ( 'NONE', #674, .T. ) ;
#2682 = VERTEX_POINT ( 'NONE', #557 ) ;
#2683 = EDGE_CURVE ( 'NONE', #1349, #803, #264, .T. ) ;
#2684 = LINE ( 'NONE', #2072, #3482 ) ;
#2685 = CARTESIAN_POINT ( 'NONE',  ( 1.000000000000000000, 0.2550000000000000044, 0.8000000000000001554 ) ) ;
#2686 = MECHANICAL_DESIGN_GEOMETRIC_PRESENTATION_REPRESENTATION (  '', ( #2742 ), #3160 ) ;
#2687 = EDGE_CURVE ( 'NONE', #295, #2293, #1417, .T. ) ;
#2688 = CARTESIAN_POINT ( 'NONE',  ( -0.8750000000000004441, 0.5000000000000000000, 0.6107968978321701714 ) ) ;
#2689 = FACE_OUTER_BOUND ( 'NONE', #1932, .T. ) ;
#2690 = EDGE_LOOP ( 'NONE', ( #2514, #2907, #2120, #1135 ) ) ;
#2691 = EDGE_CURVE ( 'NONE', #2637, #3180, #1414, .T. ) ;
#2692 = VECTOR ( 'NONE', #236, 1000.000000000000000 ) ;
#2693 = ORIENTED_EDGE ( 'NONE', *, *, #596, .F. ) ;
#2694 = FACE_OUTER_BOUND ( 'NONE', #3513, .T. ) ;
#2695 = EDGE_LOOP ( 'NONE', ( #2955, #1132, #1215, #95 ) ) ;
#2696 = LINE ( 'NONE', #203, #1021 ) ;
#2697 = ORIENTED_EDGE ( 'NONE', *, *, #3419, .T. ) ;
#2698 = DIRECTION ( 'NONE',  ( -1.000000000000000000, 0.000000000000000000, -5.706327223607921499E-16 ) ) ;
#2699 = ORIENTED_EDGE ( 'NONE', *, *, #1568, .F. ) ;
#2700 = VECTOR ( 'NONE', #892, 1000.000000000000000 ) ;
#2701 = CARTESIAN_POINT ( 'NONE',  ( -0.8107968978321702380, 0.5000000000000001110, -0.6749999999999997113 ) ) ;
#2702 = FACE_OUTER_BOUND ( 'NONE', #3532, .T. ) ;
#2703 = UNCERTAINTY_MEASURE_WITH_UNIT (LENGTH_MEASURE( 1.000000000000000082E-05 ), #1602, 'distance_accuracy_value', 'NONE');
#2704 = VECTOR ( 'NONE', #226, 1000.000000000000000 ) ;
#2705 = DIRECTION ( 'NONE',  ( -0.7071067811865441310, 0.000000000000000000, -0.7071067811865507924 ) ) ;
#2706 = VECTOR ( 'NONE', #1371, 1000.000000000000000 ) ;
#2707 = CARTESIAN_POINT ( 'NONE',  ( 0.7200000000000005285, 0.4049999999999999711, 0.5199999999999999067 ) ) ;
#2708 = CARTESIAN_POINT ( 'NONE',  ( 0.8300000000000002931, 0.1275000000000000022, 0.7300000000000002043 ) ) ;
#2709 = EDGE_CURVE ( 'NONE', #900, #2056, #1053, .T. ) ;
#2710 = ORIENTED_EDGE ( 'NONE', *, *, #1144, .T. ) ;
#2711 = ORIENTED_EDGE ( 'NONE', *, *, #1336, .T. ) ;
#2712 = EDGE_CURVE ( 'NONE', #765, #133, #1685, .T. ) ;
#2713 = FACE_OUTER_BOUND ( 'NONE', #857, .T. ) ;
#2714 = EDGE_LOOP ( 'NONE', ( #2281, #2973, #1975, #3567 ) ) ;
#2715 = CARTESIAN_POINT ( 'NONE',  ( 0.9300000000000002709, 0.1275000000000000022, 0.6299999999999998934 ) ) ;
#2716 = FACE_OUTER_BOUND ( 'NONE', #1994, .T. ) ;
#2717 = ORIENTED_EDGE ( 'NONE', *, *, #2509, .F. ) ;
#2718 = FILL_AREA_STYLE_COLOUR ( '', #3122 ) ;
#2719 = VERTEX_POINT ( 'NONE', #1668 ) ;
#2720 = CARTESIAN_POINT ( 'NONE',  ( -0.9999999999999997780, 0.000000000000000000, -0.8000000000000003775 ) ) ;
#2721 = DIRECTION ( 'NONE',  ( 0.000000000000000000, 0.000000000000000000, -1.000000000000000000 ) ) ;
#2722 = CARTESIAN_POINT ( 'NONE',  ( -0.9299999999999999378, 0.000000000000000000, -0.6299999999999998934 ) ) ;
#2723 = CARTESIAN_POINT ( 'NONE',  ( 0.7200000000000005285, 0.4049999999999999711, -0.7200000000000000844 ) ) ;
#2724 = DIRECTION ( 'NONE',  ( -0.000000000000000000, -0.000000000000000000, 1.000000000000000000 ) ) ;
#2725 = CARTESIAN_POINT ( 'NONE',  ( -0.7199999999999998623, 0.3250000000000001776, -0.5200000000000000178 ) ) ;
#2726 = ORIENTED_EDGE ( 'NONE', *, *, #2892, .T. ) ;
#2727 = ADVANCED_FACE ( 'NONE', ( #2784 ), #1948, .T. ) ;
#2728 = CARTESIAN_POINT ( 'NONE',  ( 1.000000000000000000, 0.2550000000000000044, -0.6999999999999996225 ) ) ;
#2729 = ORIENTED_EDGE ( 'NONE', *, *, #334, .F. ) ;
#2730 = DIRECTION ( 'NONE',  ( 1.000000000000000000, 0.000000000000000000, 0.000000000000000000 ) ) ;
#2731 = VERTEX_POINT ( 'NONE', #1072 ) ;
#2732 = AXIS2_PLACEMENT_3D ( 'NONE', #2867, #3187, #687 ) ;
#2733 = EDGE_CURVE ( 'NONE', #1804, #1466, #1927, .T. ) ;
#2734 = CARTESIAN_POINT ( 'NONE',  ( 1.000000000000000000, 0.000000000000000000, 0.8000000000000003775 ) ) ;
#2735 = ORIENTED_EDGE ( 'NONE', *, *, #1091, .T. ) ;
#2736 = CARTESIAN_POINT ( 'NONE',  ( 0.9000000000000001332, 0.000000000000000000, 0.8000000000000000444 ) ) ;
#2737 = ORIENTED_EDGE ( 'NONE', *, *, #1800, .F. ) ;
#2738 = ADVANCED_FACE ( 'NONE', ( #3305 ), #2189, .T. ) ;
#2739 = DIRECTION ( 'NONE',  ( 0.000000000000000000, -1.000000000000000000, -0.000000000000000000 ) ) ;
#2740 = LINE ( 'NONE', #3359, #1007 ) ;
#2741 = DIRECTION ( 'NONE',  ( 0.000000000000000000, 1.000000000000000000, 0.000000000000000000 ) ) ;
#2742 = STYLED_ITEM ( 'NONE', ( #1249 ), #2961 ) ;
#2743 = DIRECTION ( 'NONE',  ( -0.000000000000000000, 1.000000000000000000, 0.000000000000000000 ) ) ;
#2744 = CARTESIAN_POINT ( 'NONE',  ( 0.3500000000000000333, 0.1275000000000000022, 0.7300000000000002043 ) ) ;
#2745 = CARTESIAN_POINT ( 'NONE',  ( 0.9300000000000003819, 0.9789693182963199458, -0.6299999999999996714 ) ) ;
#2746 = ORIENTED_EDGE ( 'NONE', *, *, #895, .T. ) ;
#2747 = VECTOR ( 'NONE', #3023, 1000.000000000000000 ) ;
#2748 = FACE_OUTER_BOUND ( 'NONE', #1979, .T. ) ;
#2749 = DIRECTION ( 'NONE',  ( -1.000000000000000000, 0.000000000000000000, 0.000000000000000000 ) ) ;
#2750 = VERTEX_POINT ( 'NONE', #576 ) ;
#2751 = ADVANCED_FACE ( 'NONE', ( #1399 ), #10, .F. ) ;
#2752 = CARTESIAN_POINT ( 'NONE',  ( 0.9000000000000003553, 0.4049999999999999711, -0.5199999999999999067 ) ) ;
#2753 = CARTESIAN_POINT ( 'NONE',  ( 0.000000000000000000, 0.000000000000000000, -0.7300000000000000933 ) ) ;
#2754 = ORIENTED_EDGE ( 'NONE', *, *, #441, .F. ) ;
#2755 = SURFACE_SIDE_STYLE ('',( #1884 ) ) ;
#2756 = ORIENTED_EDGE ( 'NONE', *, *, #2604, .F. ) ;
#2757 = EDGE_CURVE ( 'NONE', #472, #2380, #3560, .T. ) ;
#2758 = DIRECTION ( 'NONE',  ( 1.000000000000000000, 0.000000000000000000, -7.529181753371557474E-17 ) ) ;
#2759 = PLANE ( 'NONE',  #2886 ) ;
#2760 = CARTESIAN_POINT ( 'NONE',  ( 0.8999999999999999112, 0.4896446609406733264, 0.6254415587728429093 ) ) ;
#2761 = EDGE_CURVE ( 'NONE', #3178, #340, #634, .T. ) ;
#2762 = CIRCLE ( 'NONE', #314, 0.1000000000000002554 ) ;
#2763 = VECTOR ( 'NONE', #2397, 1000.000000000000000 ) ;
#2764 = CIRCLE ( 'NONE', #146, 0.1000000000000002554 ) ;
#2765 = DIRECTION ( 'NONE',  ( 0.7071067811865441310, 0.000000000000000000, -0.7071067811865507924 ) ) ;
#2766 = DIRECTION ( 'NONE',  ( -1.042502088928369904E-16, -0.000000000000000000, -1.000000000000000000 ) ) ;
#2767 = DIRECTION ( 'NONE',  ( -0.7071067811865441310, 0.000000000000000000, -0.7071067811865507924 ) ) ;
#2768 = CIRCLE ( 'NONE', #1592, 0.1800000000000001599 ) ;
#2769 = DIRECTION ( 'NONE',  ( 0.000000000000000000, -1.000000000000000000, 0.000000000000000000 ) ) ;
#2770 = ORIENTED_EDGE ( 'NONE', *, *, #2619, .T. ) ;
#2771 = VECTOR ( 'NONE', #2803, 1000.000000000000000 ) ;
#2772 = CIRCLE ( 'NONE', #2131, 0.1000000000000002554 ) ;
#2773 = CARTESIAN_POINT ( 'NONE',  ( 0.7200000000000005285, 3.280350850198277879, 0.5199999999999999067 ) ) ;
#2774 = VECTOR ( 'NONE', #658, 1000.000000000000000 ) ;
#2775 = ORIENTED_EDGE ( 'NONE', *, *, #3303, .F. ) ;
#2776 = CARTESIAN_POINT ( 'NONE',  ( -0.5500000000000003775, 0.1275000000000000022, -0.2500000000000001665 ) ) ;
#2777 = CARTESIAN_POINT ( 'NONE',  ( 0.8750000000000002220, 0.4749999999999999778, -9.121893278123238972E-17 ) ) ;
#2778 = EDGE_LOOP ( 'NONE', ( #1156, #549, #2932, #2441 ) ) ;
#2779 =( NAMED_UNIT ( * ) PLANE_ANGLE_UNIT ( ) SI_UNIT ( $, .RADIAN. ) );
#2780 = ORIENTED_EDGE ( 'NONE', *, *, #2350, .F. ) ;
#2781 = EDGE_CURVE ( 'NONE', #56, #2618, #893, .T. ) ;
#2782 = ORIENTED_EDGE ( 'NONE', *, *, #2, .T. ) ;
#2783 = CARTESIAN_POINT ( 'NONE',  ( -0.9199999999999995959, 0.2969374450965875378, -0.6371572875253810331 ) ) ;
#2784 = FACE_OUTER_BOUND ( 'NONE', #1250, .T. ) ;
#2785 = CARTESIAN_POINT ( 'NONE',  ( 0.9550000000000001821, 0.2550000000000000044, -0.5200000000000000178 ) ) ;
#2786 = ADVANCED_FACE ( 'NONE', ( #2576 ), #3168, .F. ) ;
#2787 = DIRECTION ( 'NONE',  ( -1.000000000000000000, 0.000000000000000000, 0.000000000000000000 ) ) ;
#2788 = DIRECTION ( 'NONE',  ( -0.7071067811865509034, 0.000000000000000000, -0.7071067811865442421 ) ) ;
#2789 = CARTESIAN_POINT ( 'NONE',  ( 0.3500000000000002554, 0.1275000000000000022, -0.7300000000000000933 ) ) ;
#2790 = ORIENTED_EDGE ( 'NONE', *, *, #3186, .F. ) ;
#2791 = STYLED_ITEM ( 'NONE', ( #32 ), #2151 ) ;
#2792 = DIRECTION ( 'NONE',  ( -1.000000000000000000, -4.613626265895762080E-16, 0.000000000000000000 ) ) ;
#2793 = ORIENTED_EDGE ( 'NONE', *, *, #2531, .F. ) ;
#2794 = FACE_OUTER_BOUND ( 'NONE', #1505, .T. ) ;
#2795 = DIRECTION ( 'NONE',  ( -1.000000000000000000, 0.000000000000000000, -2.258754526011489922E-16 ) ) ;
#2796 = ORIENTED_EDGE ( 'NONE', *, *, #3332, .T. ) ;
#2797 = AXIS2_PLACEMENT_3D ( 'NONE', #1925, #3357, #66 ) ;
#2798 = VERTEX_POINT ( 'NONE', #3152 ) ;
#2799 = ORIENTED_EDGE ( 'NONE', *, *, #937, .F. ) ;
#2800 = DIRECTION ( 'NONE',  ( -0.7071067811865441310, -0.000000000000000000, 0.7071067811865507924 ) ) ;
#2801 = CARTESIAN_POINT ( 'NONE',  ( 0.8254415587728433090, 0.4750000000000009770, 0.7000000000000002887 ) ) ;
#2802 = EDGE_CURVE ( 'NONE', #393, #333, #1455, .T. ) ;
#2803 = DIRECTION ( 'NONE',  ( -0.000000000000000000, -1.000000000000000000, -0.000000000000000000 ) ) ;
#2804 = DIRECTION ( 'NONE',  ( 1.000000000000000000, 0.000000000000000000, 9.346570452461242826E-17 ) ) ;
#2805 = EDGE_LOOP ( 'NONE', ( #1340, #1319, #603, #1424 ) ) ;
#2806 = ADVANCED_FACE ( 'NONE', ( #594 ), #3488, .F. ) ;
#2807 = AXIS2_PLACEMENT_3D ( 'NONE', #2948, #2909, #3211 ) ;
#2808 = DIRECTION ( 'NONE',  ( -1.000000000000000000, 0.000000000000000000, -0.000000000000000000 ) ) ;
#2809 = CIRCLE ( 'NONE', #1063, 0.1999999999999999833 ) ;
#2810 = ORIENTED_EDGE ( 'NONE', *, *, #2937, .T. ) ;
#2811 = EDGE_CURVE ( 'NONE', #3369, #2676, #1181, .T. ) ;
#2812 = DIRECTION ( 'NONE',  ( 5.706327223607922485E-16, -0.000000000000000000, -1.000000000000000000 ) ) ;
#2813 = CARTESIAN_POINT ( 'NONE',  ( -0.8999999999999998002, 0.000000000000000000, -0.8000000000000000444 ) ) ;
#2814 = EDGE_LOOP ( 'NONE', ( #379, #1480, #1153, #464 ) ) ;
#2815 = ORIENTED_EDGE ( 'NONE', *, *, #3486, .T. ) ;
#2816 = DIRECTION ( 'NONE',  ( 1.000000000000000000, -0.000000000000000000, -0.000000000000000000 ) ) ;
#2817 = FACE_OUTER_BOUND ( 'NONE', #3621, .T. ) ;
#2818 = DIRECTION ( 'NONE',  ( 0.7071067811865464625, 0.000000000000000000, -0.7071067811865486830 ) ) ;
#2819 = DIRECTION ( 'NONE',  ( -0.7071067811865502373, 0.000000000000000000, 0.7071067811865449082 ) ) ;
#2820 = PLANE ( 'NONE',  #613 ) ;
#2821 = CARTESIAN_POINT ( 'NONE',  ( 0.9300000000000002709, 0.9789693182963199458, 0.6299999999999998934 ) ) ;
#2822 = ORIENTED_EDGE ( 'NONE', *, *, #1886, .T. ) ;
#2823 = MECHANICAL_DESIGN_GEOMETRIC_PRESENTATION_REPRESENTATION (  '', ( #2010 ), #554 ) ;
#2824 = VECTOR ( 'NONE', #1479, 1000.000000000000000 ) ;
#2825 = LINE ( 'NONE', #2912, #1381 ) ;
#2826 = EDGE_CURVE ( 'NONE', #2124, #2682, #2523, .T. ) ;
#2827 = ORIENTED_EDGE ( 'NONE', *, *, #573, .T. ) ;
#2828 = VECTOR ( 'NONE', #1412, 1000.000000000000000 ) ;
#2829 = APPLICATION_CONTEXT ( 'automotive_design' ) ;
#2830 = VECTOR ( 'NONE', #2448, 1000.000000000000000 ) ;
#2831 = VECTOR ( 'NONE', #1840, 1000.000000000000000 ) ;
#2832 = DIRECTION ( 'NONE',  ( -2.258754526011468228E-16, 0.000000000000000000, -1.000000000000000000 ) ) ;
#2833 = EDGE_CURVE ( 'NONE', #567, #3277, #2840, .T. ) ;
#2834 = CARTESIAN_POINT ( 'NONE',  ( -0.9300000000000002709, 0.9789693182963199458, 0.6299999999999996714 ) ) ;
#2835 = ORIENTED_EDGE ( 'NONE', *, *, #1933, .F. ) ;
#2836 = SURFACE_STYLE_USAGE ( .BOTH. , #1752 ) ;
#2837 = ORIENTED_EDGE ( 'NONE', *, *, #1847, .F. ) ;
#2838 = CARTESIAN_POINT ( 'NONE',  ( -0.3500000000000003109, 0.1275000000000000022, -0.4500000000000001776 ) ) ;
#2839 = LINE ( 'NONE', #1218, #1953 ) ;
#2840 = LINE ( 'NONE', #1201, #838 ) ;
#2841 = FACE_OUTER_BOUND ( 'NONE', #1120, .T. ) ;
#2842 = FACE_OUTER_BOUND ( 'NONE', #2134, .T. ) ;
#2843 = ORIENTED_EDGE ( 'NONE', *, *, #219, .F. ) ;
#2844 = FACE_OUTER_BOUND ( 'NONE', #1733, .T. ) ;
#2845 =( BOUNDED_CURVE ( )  B_SPLINE_CURVE ( 3, ( #2933, #702, #2918, #1501 ),
 .UNSPECIFIED., .F., .F. ) 
 B_SPLINE_CURVE_WITH_KNOTS ( ( 4, 4 ),
 ( 0.000000000000000000, 1.000000000000000000 ),
 .UNSPECIFIED. ) 
 CURVE ( )  GEOMETRIC_REPRESENTATION_ITEM ( )  RATIONAL_B_SPLINE_CURVE ( ( 1.000000000000000000, 0.8047378541243652705, 0.8047378541243652705, 1.000000000000000000 ) ) 
 REPRESENTATION_ITEM ( '' )  );
#2846 = ORIENTED_EDGE ( 'NONE', *, *, #1573, .F. ) ;
#2847 = ADVANCED_FACE ( 'NONE', ( #930 ), #69, .F. ) ;
#2848 = DIRECTION ( 'NONE',  ( 1.000000000000000000, 0.000000000000000000, 1.936075308009829121E-15 ) ) ;
#2849 = ORIENTED_EDGE ( 'NONE', *, *, #825, .F. ) ;
#2850 = SURFACE_STYLE_FILL_AREA ( #1481 ) ;
#2851 = EDGE_LOOP ( 'NONE', ( #3553, #448, #3145, #1407 ) ) ;
#2852 = EDGE_CURVE ( 'NONE', #2618, #3295, #2338, .T. ) ;
#2853 = DIRECTION ( 'NONE',  ( -0.000000000000000000, -1.000000000000000000, -0.000000000000000000 ) ) ;
#2854 = DIRECTION ( 'NONE',  ( 0.000000000000000000, -1.000000000000000000, 0.000000000000000000 ) ) ;
#2855 = CARTESIAN_POINT ( 'NONE',  ( 0.9200000000000005951, 0.3250000000000000666, -0.6371572875253810331 ) ) ;
#2856 = DIRECTION ( 'NONE',  ( -0.000000000000000000, 1.000000000000000000, -0.000000000000000000 ) ) ;
#2857 = SURFACE_SIDE_STYLE ('',( #3398 ) ) ;
#2858 = CARTESIAN_POINT ( 'NONE',  ( 1.000000000000000000, 0.1275000000000000022, 0.8000000000000003775 ) ) ;
#2859 = VERTEX_POINT ( 'NONE', #1147 ) ;
#2860 = CARTESIAN_POINT ( 'NONE',  ( 0.8300000000000004041, 0.000000000000000000, -0.7299999999999999822 ) ) ;
#2861 = ORIENTED_EDGE ( 'NONE', *, *, #307, .F. ) ;
#2862 = AXIS2_PLACEMENT_3D ( 'NONE', #1758, #1999, #1485 ) ;
#2863 = CARTESIAN_POINT ( 'NONE',  ( -0.5899999999999976374, 0.9789693182963199458, 0.2499999999999998890 ) ) ;
#2864 = VERTEX_POINT ( 'NONE', #2594 ) ;
#2865 =( NAMED_UNIT ( * ) PLANE_ANGLE_UNIT ( ) SI_UNIT ( $, .RADIAN. ) );
#2866 = VERTEX_POINT ( 'NONE', #105 ) ;
#2867 = CARTESIAN_POINT ( 'NONE',  ( -0.7199999999999999734, 0.4750000000000000888, -0.6749999999999998224 ) ) ;
#2868 = DIRECTION ( 'NONE',  ( -1.000000000000000000, 0.000000000000000000, -2.258754526011490415E-16 ) ) ;
#2869 = EDGE_CURVE ( 'NONE', #1450, #3102, #1703, .T. ) ;
#2870 = CARTESIAN_POINT ( 'NONE',  ( 0.9550000000000008482, 0.2550000000000001155, -0.5199999999999999067 ) ) ;
#2871 = ORIENTED_EDGE ( 'NONE', *, *, #2965, .T. ) ;
#2872 = VECTOR ( 'NONE', #1104, 1000.000000000000114 ) ;
#2873 = FILL_AREA_STYLE ('',( #1970 ) ) ;
#2874 = CARTESIAN_POINT ( 'NONE',  ( -0.3499999999999998113, 0.1275000000000000022, 0.8000000000000001554 ) ) ;
#2875 = CARTESIAN_POINT ( 'NONE',  ( -0.9000000000000003553, 0.4049999999999999711, 0.5199999999999997957 ) ) ;
#2876 = EDGE_CURVE ( 'NONE', #185, #2798, #612, .T. ) ;
#2877 = DIRECTION ( 'NONE',  ( -1.000000000000000000, 0.000000000000000000, 0.000000000000000000 ) ) ;
#2878 = EDGE_LOOP ( 'NONE', ( #1005, #2827, #2085, #2280 ) ) ;
#2879 = CARTESIAN_POINT ( 'NONE',  ( -0.8300000000000000711, 0.1275000000000000022, 0.7299999999999998712 ) ) ;
#2880 = EDGE_LOOP ( 'NONE', ( #1397, #1777, #2436, #3533, #1639, #2861, #659 ) ) ;
#2881 = VECTOR ( 'NONE', #785, 1000.000000000000000 ) ;
#2882 = FACE_OUTER_BOUND ( 'NONE', #1359, .T. ) ;
#2883 = ORIENTED_EDGE ( 'NONE', *, *, #1734, .F. ) ;
#2884 = CARTESIAN_POINT ( 'NONE',  ( 0.9300000000000002709, 0.1275000000000000022, 0.2500000000000000555 ) ) ;
#2885 = VERTEX_POINT ( 'NONE', #317 ) ;
#2886 = AXIS2_PLACEMENT_3D ( 'NONE', #2720, #2739, #2979 ) ;
#2887 = VECTOR ( 'NONE', #118, 1000.000000000000000 ) ;
#2888 = LINE ( 'NONE', #3464, #1283 ) ;
#2889 = CARTESIAN_POINT ( 'NONE',  ( 0.9200000000000008171, 0.3250000000000000666, -0.5199999999999999067 ) ) ;
#2890 = AXIS2_PLACEMENT_3D ( 'NONE', #1543, #2950, #772 ) ;
#2891 = ORIENTED_EDGE ( 'NONE', *, *, #1241, .T. ) ;
#2892 = EDGE_CURVE ( 'NONE', #511, #1844, #2270, .T. ) ;
#2893 = DIRECTION ( 'NONE',  ( 0.000000000000000000, 1.000000000000000000, 0.000000000000000000 ) ) ;
#2894 = DIRECTION ( 'NONE',  ( -0.000000000000000000, -0.000000000000000000, 1.000000000000000000 ) ) ;
#2895 = UNCERTAINTY_MEASURE_WITH_UNIT (LENGTH_MEASURE( 1.000000000000000082E-05 ), #1905, 'distance_accuracy_value', 'NONE');
#2896 = EDGE_CURVE ( 'NONE', #308, #924, #2940, .T. ) ;
#2897 = CARTESIAN_POINT ( 'NONE',  ( -1.000000000000000000, 0.1275000000000000022, 0.8000000000000001554 ) ) ;
#2898 = CARTESIAN_POINT ( 'NONE',  ( -0.7200000000000000844, 0.2550000000000000044, 0.7550000000000000044 ) ) ;
#2899 = CARTESIAN_POINT ( 'NONE',  ( 1.007499999999999174, 0.3249999999999999556, -0.5199999999999999067 ) ) ;
#2900 = VERTEX_POINT ( 'NONE', #3540 ) ;
#2901 = CARTESIAN_POINT ( 'NONE',  ( 0.7200000000000006395, 0.2550000000000000044, -0.7550000000000001155 ) ) ;
#2902 = VERTEX_POINT ( 'NONE', #729 ) ;
#2903 = CARTESIAN_POINT ( 'NONE',  ( 0.8300000000000004041, 0.1275000000000000022, -0.7299999999999999822 ) ) ;
#2904 = ORIENTED_EDGE ( 'NONE', *, *, #1912, .T. ) ;
#2905 = LINE ( 'NONE', #3433, #3271 ) ;
#2906 = DIRECTION ( 'NONE',  ( -1.000000000000000000, 0.000000000000000000, 0.000000000000000000 ) ) ;
#2907 = ORIENTED_EDGE ( 'NONE', *, *, #746, .T. ) ;
#2908 = DIRECTION ( 'NONE',  ( -1.000000000000000000, 0.000000000000000000, -0.000000000000000000 ) ) ;
#2909 = DIRECTION ( 'NONE',  ( -1.000000000000000000, 0.000000000000000000, -3.388131789017201849E-16 ) ) ;
#2910 = EDGE_CURVE ( 'NONE', #2941, #1973, #708, .T. ) ;
#2911 = CARTESIAN_POINT ( 'NONE',  ( -0.7200000000000004174, 0.4750000000000010325, 0.6999999999999999556 ) ) ;
#2912 = CARTESIAN_POINT ( 'NONE',  ( 0.9200000000000000400, 0.4049999999999999711, -0.5199999999999999067 ) ) ;
#2913 = EDGE_CURVE ( 'NONE', #273, #803, #2068, .T. ) ;
#2914 = ORIENTED_EDGE ( 'NONE', *, *, #3554, .F. ) ;
#2915 = LINE ( 'NONE', #358, #2186 ) ;
#2916 = ORIENTED_EDGE ( 'NONE', *, *, #2219, .T. ) ;
#2917 = ADVANCED_FACE ( 'NONE', ( #3503 ), #419, .T. ) ;
#2918 = CARTESIAN_POINT ( 'NONE',  ( -0.8107968978321700160, 0.5000000000000001110, -0.6749999999999998224 ) ) ;
#2919 = ORIENTED_EDGE ( 'NONE', *, *, #3575, .F. ) ;
#2920 = AXIS2_PLACEMENT_3D ( 'NONE', #3492, #986, #2655 ) ;
#2921 = LINE ( 'NONE', #631, #82 ) ;
#2922 = CARTESIAN_POINT ( 'NONE',  ( 0.3500000000000002554, 0.000000000000000000, -0.2499999999999999445 ) ) ;
#2923 = EDGE_LOOP ( 'NONE', ( #2675, #344, #2883, #2556 ) ) ;
#2924 = VECTOR ( 'NONE', #2037, 1000.000000000000000 ) ;
#2925 = CARTESIAN_POINT ( 'NONE',  ( 0.8300000000000004041, 0.000000000000000000, -0.7300000000000000933 ) ) ;
#2926 = LINE ( 'NONE', #459, #3458 ) ;
#2927 = DIRECTION ( 'NONE',  ( 0.000000000000000000, -1.000000000000000000, 0.000000000000000000 ) ) ;
#2928 = DIRECTION ( 'NONE',  ( -0.000000000000000000, -1.000000000000000000, -0.000000000000000000 ) ) ;
#2929 = ORIENTED_EDGE ( 'NONE', *, *, #1166, .T. ) ;
#2930 = EDGE_CURVE ( 'NONE', #2731, #2970, #2405, .T. ) ;
#2931 = DIRECTION ( 'NONE',  ( -0.000000000000000000, -0.000000000000000000, 1.000000000000000000 ) ) ;
#2932 = ORIENTED_EDGE ( 'NONE', *, *, #941, .F. ) ;
#2933 = CARTESIAN_POINT ( 'NONE',  ( -0.8749999999999998890, 0.5000000000000000000, -0.5199999999999997957 ) ) ;
#2934 = ORIENTED_EDGE ( 'NONE', *, *, #3622, .T. ) ;
#2935 = VECTOR ( 'NONE', #666, 1000.000000000000000 ) ;
#2936 = VECTOR ( 'NONE', #2951, 1000.000000000000000 ) ;
#2937 = EDGE_CURVE ( 'NONE', #3314, #2902, #242, .T. ) ;
#2938 = VECTOR ( 'NONE', #975, 1000.000000000000000 ) ;
#2939 = SURFACE_STYLE_USAGE ( .BOTH. , #190 ) ;
#2940 = LINE ( 'NONE', #2922, #1353 ) ;
#2941 = VERTEX_POINT ( 'NONE', #1288 ) ;
#2942 = AXIS2_PLACEMENT_3D ( 'NONE', #3524, #2373, #2908 ) ;
#2943 = CIRCLE ( 'NONE', #800, 0.2000000000000003719 ) ;
#2944 = EDGE_CURVE ( 'NONE', #1027, #1865, #3189, .T. ) ;
#2945 = AXIS2_PLACEMENT_3D ( 'NONE', #58, #3455, #3440 ) ;
#2946 = CARTESIAN_POINT ( 'NONE',  ( 0.7200000000000004174, 0.4049999999999999711, 0.7000000000000000666 ) ) ;
#2947 = VECTOR ( 'NONE', #1802, 1000.000000000000000 ) ;
#2948 = CARTESIAN_POINT ( 'NONE',  ( 0.3500000000000001998, 0.1275000000000000022, 0.2500000000000000555 ) ) ;
#2949 = LINE ( 'NONE', #1542, #1149 ) ;
#2950 = DIRECTION ( 'NONE',  ( 0.000000000000000000, -1.000000000000000000, 0.000000000000000000 ) ) ;
#2951 = DIRECTION ( 'NONE',  ( 1.042502088928369904E-16, 0.000000000000000000, 1.000000000000000000 ) ) ;
#2952 = ORIENTED_EDGE ( 'NONE', *, *, #1228, .T. ) ;
#2953 = ORIENTED_EDGE ( 'NONE', *, *, #3396, .T. ) ;
#2954 = CARTESIAN_POINT ( 'NONE',  ( 1.000000000000000000, 0.1275000000000000022, 0.7300000000000002043 ) ) ;
#2955 = ORIENTED_EDGE ( 'NONE', *, *, #1875, .T. ) ;
#2956 = ADVANCED_FACE ( 'NONE', ( #2681 ), #846, .F. ) ;
#2957 = CARTESIAN_POINT ( 'NONE',  ( 1.000000000000000222, 0.9789693182963199458, -0.8000000000000001554 ) ) ;
#2958 = CARTESIAN_POINT ( 'NONE',  ( -0.8999999999999998002, 0.1275000000000000022, 0.8000000000000001554 ) ) ;
#2959 = CARTESIAN_POINT ( 'NONE',  ( -0.3500000000000003109, 0.1275000000000000022, -0.4500000000000001776 ) ) ;
#2960 = ORIENTED_EDGE ( 'NONE', *, *, #1871, .F. ) ;
#2961 = MANIFOLD_SOLID_BREP ( 'Boss-Extrude5', #1746 ) ;
#2962 = EDGE_CURVE ( 'NONE', #3451, #472, #2649, .T. ) ;
#2963 = DIRECTION ( 'NONE',  ( 0.000000000000000000, 0.000000000000000000, -1.000000000000000000 ) ) ;
#2964 = CARTESIAN_POINT ( 'NONE',  ( 0.8445088815882599853, 0.2718375329420474329, 0.7325499560772692487 ) ) ;
#2965 = EDGE_CURVE ( 'NONE', #433, #376, #137, .T. ) ;
#2966 = UNCERTAINTY_MEASURE_WITH_UNIT (LENGTH_MEASURE( 1.000000000000000082E-05 ), #1535, 'distance_accuracy_value', 'NONE');
#2967 = LINE ( 'NONE', #460, #495 ) ;
#2968 = DIRECTION ( 'NONE',  ( 1.000000000000000000, -0.000000000000000000, 2.258754526011489922E-16 ) ) ;
#2969 = FACE_OUTER_BOUND ( 'NONE', #2188, .T. ) ;
#2970 = VERTEX_POINT ( 'NONE', #2736 ) ;
#2971 = ORIENTED_EDGE ( 'NONE', *, *, #2683, .T. ) ;
#2972 = CARTESIAN_POINT ( 'NONE',  ( -0.9300000000000000488, 0.9789693182963199458, -0.6300000000000001155 ) ) ;
#2973 = ORIENTED_EDGE ( 'NONE', *, *, #2295, .T. ) ;
#2974 = CARTESIAN_POINT ( 'NONE',  ( -1.000000000000000000, 0.2550000000000000044, 0.8000000000000001554 ) ) ;
#2975 = LINE ( 'NONE', #801, #2527 ) ;
#2976 = SURFACE_STYLE_FILL_AREA ( #3244 ) ;
#2977 = VERTEX_POINT ( 'NONE', #3279 ) ;
#2978 = EDGE_CURVE ( 'NONE', #1655, #433, #782, .T. ) ;
#2979 = DIRECTION ( 'NONE',  ( -1.000000000000000000, 0.000000000000000000, -0.000000000000000000 ) ) ;
#2980 = CARTESIAN_POINT ( 'NONE',  ( 0.3500000000000002554, 0.1275000000000000022, -0.2499999999999999445 ) ) ;
#2981 = VECTOR ( 'NONE', #337, 1000.000000000000000 ) ;
#2982 = MANIFOLD_SOLID_BREP ( 'Boss-Extrude6[2]', #767 ) ;
#2983 = DIRECTION ( 'NONE',  ( -1.000000000000000000, 0.000000000000000000, -2.258754526011467242E-16 ) ) ;
#2984 = EDGE_CURVE ( 'NONE', #2668, #3369, #1657, .T. ) ;
#2985 = PLANE ( 'NONE',  #435 ) ;
#2986 = ORIENTED_EDGE ( 'NONE', *, *, #1050, .T. ) ;
#2987 = VERTEX_POINT ( 'NONE', #2197 ) ;
#2988 = DIRECTION ( 'NONE',  ( 1.000000000000000000, 0.000000000000000000, -2.258754526011468228E-16 ) ) ;
#2989 = ORIENTED_EDGE ( 'NONE', *, *, #3198, .T. ) ;
#2990 = DIRECTION ( 'NONE',  ( -2.085004177856740055E-16, -0.000000000000000000, 1.000000000000000000 ) ) ;
#2991 = DIRECTION ( 'NONE',  ( 0.000000000000000000, 1.000000000000000000, 0.000000000000000000 ) ) ;
#2992 = ORIENTED_EDGE ( 'NONE', *, *, #641, .F. ) ;
#2993 = CIRCLE ( 'NONE', #1252, 0.02500000000000006384 ) ;
#2994 = ORIENTED_EDGE ( 'NONE', *, *, #1609, .T. ) ;
#2995 = VECTOR ( 'NONE', #2185, 1000.000000000000000 ) ;
#2996 = VECTOR ( 'NONE', #3202, 1000.000000000000000 ) ;
#2997 = CARTESIAN_POINT ( 'NONE',  ( -0.7199999999999998623, 0.2550000000000001155, -0.7550000000000001155 ) ) ;
#2998 = CARTESIAN_POINT ( 'NONE',  ( 0.9000000000000001332, 0.4896446609406733264, 0.5200000000000004619 ) ) ;
#2999 = MECHANICAL_DESIGN_GEOMETRIC_PRESENTATION_REPRESENTATION (  '', ( #3069 ), #2240 ) ;
#3000 = ADVANCED_FACE ( 'NONE', ( #1638 ), #2483, .F. ) ;
#3001 = CIRCLE ( 'NONE', #96, 0.05999999999999994227 ) ;
#3002 = DIRECTION ( 'NONE',  ( 0.000000000000000000, 0.000000000000000000, -1.000000000000000000 ) ) ;
#3003 = CIRCLE ( 'NONE', #805, 0.1000000000000002554 ) ;
#3004 = CARTESIAN_POINT ( 'NONE',  ( 1.000000000000000000, 0.2500000000000000000, -0.7999999999999999334 ) ) ;
#3005 = DIRECTION ( 'NONE',  ( 1.000000000000000000, 0.000000000000000000, 0.000000000000000000 ) ) ;
#3006 = ORIENTED_EDGE ( 'NONE', *, *, #2286, .F. ) ;
#3007 = EDGE_CURVE ( 'NONE', #1520, #3130, #551, .T. ) ;
#3008 = CARTESIAN_POINT ( 'NONE',  ( -0.8999999999999998002, 0.2500000000000000000, -0.8000000000000002665 ) ) ;
#3009 = ORIENTED_EDGE ( 'NONE', *, *, #523, .T. ) ;
#3010 = CARTESIAN_POINT ( 'NONE',  ( -1.000000000000000000, 0.000000000000000000, 0.7299999999999998712 ) ) ;
#3011 = ORIENTED_EDGE ( 'NONE', *, *, #2573, .F. ) ;
#3012 = CARTESIAN_POINT ( 'NONE',  ( 0.3500000000000002554, 0.000000000000000000, -0.2499999999999999445 ) ) ;
#3013 = DIRECTION ( 'NONE',  ( -5.706327223607921499E-16, 0.000000000000000000, 1.000000000000000000 ) ) ;
#3014 = ORIENTED_EDGE ( 'NONE', *, *, #194, .T. ) ;
#3015 = CARTESIAN_POINT ( 'NONE',  ( -0.7200000000000000844, 0.3249999999999999556, 0.8075000000000001066 ) ) ;
#3016 = CARTESIAN_POINT ( 'NONE',  ( 0.8300000000000005151, 0.1275000000000000022, -0.7300000000000002043 ) ) ;
#3017 = MANIFOLD_SOLID_BREP ( 'Cut-Extrude1', #456 ) ;
#3018 = AXIS2_PLACEMENT_3D ( 'NONE', #3599, #2200, #2765 ) ;
#3019 = DIRECTION ( 'NONE',  ( -0.000000000000000000, -0.000000000000000000, 1.000000000000000000 ) ) ;
#3020 = FACE_OUTER_BOUND ( 'NONE', #2923, .T. ) ;
#3021 = LINE ( 'NONE', #3326, #196 ) ;
#3022 = ADVANCED_FACE ( 'NONE', ( #1962 ), #6, .F. ) ;
#3023 = DIRECTION ( 'NONE',  ( -0.000000000000000000, 1.000000000000000000, -0.000000000000000000 ) ) ;
#3024 = ORIENTED_EDGE ( 'NONE', *, *, #43, .T. ) ;
#3025 = DIRECTION ( 'NONE',  ( -0.7071067811865509034, 0.000000000000000000, -0.7071067811865442421 ) ) ;
#3026 = MANIFOLD_SOLID_BREP ( 'Boss-Extrude6[3]', #1285 ) ;
#3027 = EDGE_CURVE ( 'NONE', #1844, #1902, #2300, .T. ) ;
#3028 = VERTEX_POINT ( 'NONE', #1323 ) ;
#3029 = DIRECTION ( 'NONE',  ( 0.000000000000000000, 1.000000000000000000, 0.000000000000000000 ) ) ;
#3030 = ORIENTED_EDGE ( 'NONE', *, *, #2666, .T. ) ;
#3031 = VECTOR ( 'NONE', #2853, 1000.000000000000000 ) ;
#3032 = LINE ( 'NONE', #886, #1080 ) ;
#3033 = ADVANCED_FACE ( 'NONE', ( #1176 ), #3409, .T. ) ;
#3034 = CARTESIAN_POINT ( 'NONE',  ( 0.8300000000000002931, 0.000000000000000000, 0.7300000000000002043 ) ) ;
#3035 = FILL_AREA_STYLE ('',( #1922 ) ) ;
#3036 = ORIENTED_EDGE ( 'NONE', *, *, #3606, .F. ) ;
#3037 = FACE_OUTER_BOUND ( 'NONE', #2174, .T. ) ;
#3038 = LINE ( 'NONE', #3060, #3365 ) ;
#3039 = DIRECTION ( 'NONE',  ( 1.000000000000000000, 0.000000000000000000, -1.426581805901980621E-16 ) ) ;
#3040 = FACE_OUTER_BOUND ( 'NONE', #2805, .T. ) ;
#3041 = VECTOR ( 'NONE', #2721, 1000.000000000000000 ) ;
#3042 = CARTESIAN_POINT ( 'NONE',  ( 0.8300000000000005151, 0.1275000000000000022, -0.7300000000000002043 ) ) ;
#3043 = CARTESIAN_POINT ( 'NONE',  ( 0.000000000000000000, 0.000000000000000000, 0.000000000000000000 ) ) ;
#3044 = DIRECTION ( 'NONE',  ( 1.000000000000000000, 5.421010862427522170E-16, 1.084202172485504434E-15 ) ) ;
#3045 = ORIENTED_EDGE ( 'NONE', *, *, #880, .T. ) ;
#3046 = AXIS2_PLACEMENT_3D ( 'NONE', #2639, #1242, #1807 ) ;
#3047 = PLANE ( 'NONE',  #1589 ) ;
#3048 = MANIFOLD_SOLID_BREP ( 'Boss-Extrude6[4]', #827 ) ;
#3049 = ORIENTED_EDGE ( 'NONE', *, *, #3443, .F. ) ;
#3050 = ORIENTED_EDGE ( 'NONE', *, *, #1686, .F. ) ;
#3051 = AXIS2_PLACEMENT_3D ( 'NONE', #363, #2047, #416 ) ;
#3052 = EDGE_CURVE ( 'NONE', #2293, #3130, #1719, .T. ) ;
#3053 = CARTESIAN_POINT ( 'NONE',  ( 0.8254415587728435311, 0.4750000000000009770, -0.7000000000000002887 ) ) ;
#3054 = DIRECTION ( 'NONE',  ( 0.000000000000000000, -1.000000000000000000, -0.000000000000000000 ) ) ;
#3055 = ORIENTED_EDGE ( 'NONE', *, *, #957, .F. ) ;
#3056 = CARTESIAN_POINT ( 'NONE',  ( 0.3500000000000002554, 0.1275000000000000022, -0.2499999999999999445 ) ) ;
#3057 = ORIENTED_EDGE ( 'NONE', *, *, #694, .T. ) ;
#3058 = ADVANCED_FACE ( 'NONE', ( #3077 ), #1432, .F. ) ;
#3059 = ORIENTED_EDGE ( 'NONE', *, *, #3085, .F. ) ;
#3060 = CARTESIAN_POINT ( 'NONE',  ( -0.9299999999999999378, 0.1275000000000000022, 0.6299999999999993383 ) ) ;
#3061 = CARTESIAN_POINT ( 'NONE',  ( 0.8896446609406728490, 0.5000000000000002220, 0.5200000000000004619 ) ) ;
#3062 = CIRCLE ( 'NONE', #1483, 0.1000000000000002554 ) ;
#3063 = AXIS2_PLACEMENT_3D ( 'NONE', #1329, #1056, #2767 ) ;
#3064 = CARTESIAN_POINT ( 'NONE',  ( 0.9550000000000002931, 0.2550000000000000600, -0.5199999999999997957 ) ) ;
#3065 = LINE ( 'NONE', #3042, #3598 ) ;
#3066 = CARTESIAN_POINT ( 'NONE',  ( -0.3499999999999998668, 0.000000000000000000, 0.2500000000000000000 ) ) ;
#3067 = ORIENTED_EDGE ( 'NONE', *, *, #739, .F. ) ;
#3068 = VECTOR ( 'NONE', #262, 1000.000000000000000 ) ;
#3069 = STYLED_ITEM ( 'NONE', ( #471 ), #2982 ) ;
#3070 = FACE_OUTER_BOUND ( 'NONE', #1620, .T. ) ;
#3071 = AXIS2_PLACEMENT_3D ( 'NONE', #195, #1526, #2657 ) ;
#3072 = EDGE_LOOP ( 'NONE', ( #2344, #2822, #2247, #2770 ) ) ;
#3073 = FACE_OUTER_BOUND ( 'NONE', #2387, .T. ) ;
#3074 = DIRECTION ( 'NONE',  ( 0.7071067811865453523, 0.000000000000000000, 0.7071067811865497932 ) ) ;
#3075 = ORIENTED_EDGE ( 'NONE', *, *, #2876, .F. ) ;
#3076 = ADVANCED_FACE ( 'NONE', ( #590 ), #2519, .F. ) ;
#3077 = FACE_OUTER_BOUND ( 'NONE', #2851, .T. ) ;
#3078 = ORIENTED_EDGE ( 'NONE', *, *, #523, .F. ) ;
#3079 = PLANE ( 'NONE',  #1806 ) ;
#3080 = CARTESIAN_POINT ( 'NONE',  ( 0.000000000000000000, 0.000000000000000000, 0.8000000000000001554 ) ) ;
#3081 = EDGE_CURVE ( 'NONE', #1125, #3257, #2265, .T. ) ;
#3082 = CARTESIAN_POINT ( 'NONE',  ( 0.8750000000000005551, 0.4749999999999999223, -0.5199999999999996847 ) ) ;
#3083 = DIRECTION ( 'NONE',  ( -0.000000000000000000, 0.000000000000000000, -1.000000000000000000 ) ) ;
#3084 = DIRECTION ( 'NONE',  ( -1.000000000000000000, 0.000000000000000000, -0.000000000000000000 ) ) ;
#3085 = EDGE_CURVE ( 'NONE', #451, #366, #63, .T. ) ;
#3086 = DIRECTION ( 'NONE',  ( -0.000000000000000000, 1.000000000000000000, -0.000000000000000000 ) ) ;
#3087 = EDGE_LOOP ( 'NONE', ( #1637, #2581, #2953, #2301 ) ) ;
#3088 = VECTOR ( 'NONE', #3581, 1000.000000000000000 ) ;
#3089 = DIRECTION ( 'NONE',  ( 0.000000000000000000, -1.000000000000000000, -0.000000000000000000 ) ) ;
#3090 = VERTEX_POINT ( 'NONE', #2030 ) ;
#3091 = CARTESIAN_POINT ( 'NONE',  ( 0.7200000000000005285, 3.280350850198277879, -0.6999999999999998446 ) ) ;
#3092 = DIRECTION ( 'NONE',  ( -1.000000000000000000, 0.000000000000000000, -5.706327223607922485E-16 ) ) ;
#3093 = VERTEX_POINT ( 'NONE', #3146 ) ;
#3094 = CARTESIAN_POINT ( 'NONE',  ( -0.3500000000000000333, 0.1275000000000000022, 0.7299999999999999822 ) ) ;
#3095 = ORIENTED_EDGE ( 'NONE', *, *, #3534, .T. ) ;
#3096 = ORIENTED_EDGE ( 'NONE', *, *, #3052, .T. ) ;
#3097 = LINE ( 'NONE', #84, #2700 ) ;
#3098 = CARTESIAN_POINT ( 'NONE',  ( 0.9200000000000007061, 0.2969374450965875378, -0.5199999999999999067 ) ) ;
#3099 = EDGE_CURVE ( 'NONE', #2157, #508, #2384, .T. ) ;
#3100 = CARTESIAN_POINT ( 'NONE',  ( 0.9000000000000003553, 0.4750000000000007550, 0.5200000000000000178 ) ) ;
#3101 = PLANE ( 'NONE',  #3285 ) ;
#3102 = VERTEX_POINT ( 'NONE', #2607 ) ;
#3103 = EDGE_CURVE ( 'NONE', #885, #1502, #377, .T. ) ;
#3104 = AXIS2_PLACEMENT_3D ( 'NONE', #516, #2445, #3039 ) ;
#3105 = CARTESIAN_POINT ( 'NONE',  ( -1.000000000000000000, 0.2500000000000000000, 0.000000000000000000 ) ) ;
#3106 = EDGE_LOOP ( 'NONE', ( #3147, #1, #750, #3011, #1298, #253, #2102 ) ) ;
#3107 = VECTOR ( 'NONE', #899, 1000.000000000000000 ) ;
#3108 = ORIENTED_EDGE ( 'NONE', *, *, #2269, .T. ) ;
#3109 = DIRECTION ( 'NONE',  ( 0.000000000000000000, -1.000000000000000000, -0.000000000000000000 ) ) ;
#3110 = FACE_OUTER_BOUND ( 'NONE', #1995, .T. ) ;
#3111 = ORIENTED_EDGE ( 'NONE', *, *, #2286, .T. ) ;
#3112 = PRESENTATION_STYLE_ASSIGNMENT (( #2836 ) ) ;
#3113 = ORIENTED_EDGE ( 'NONE', *, *, #2334, .F. ) ;
#3114 = DIRECTION ( 'NONE',  ( 1.000000000000000000, 0.000000000000000000, 0.000000000000000000 ) ) ;
#3115 = DIRECTION ( 'NONE',  ( 1.000000000000000000, -0.000000000000000000, 5.665538897647979615E-16 ) ) ;
#3116 = DIRECTION ( 'NONE',  ( 0.000000000000000000, 0.000000000000000000, -1.000000000000000000 ) ) ;
#3117 = CARTESIAN_POINT ( 'NONE',  ( -0.7200000000000001954, 0.2550000000000000044, 0.7550000000000000044 ) ) ;
#3118 = CARTESIAN_POINT ( 'NONE',  ( -0.8299999999999999600, 0.000000000000000000, -0.7300000000000002043 ) ) ;
#3119 = VECTOR ( 'NONE', #469, 1000.000000000000000 ) ;
#3120 = EDGE_CURVE ( 'NONE', #2346, #2900, #2677, .T. ) ;
#3121 = ORIENTED_EDGE ( 'NONE', *, *, #2962, .F. ) ;
#3122 = COLOUR_RGB ( '',0.9686274509803921573, 0.8784313725490195957, 0.5999999999999999778 ) ;
#3123 = DIRECTION ( 'NONE',  ( -1.000000000000000000, 0.000000000000000000, 0.000000000000000000 ) ) ;
#3124 = EDGE_CURVE ( 'NONE', #1655, #1865, #2401, .T. ) ;
#3125 = ORIENTED_EDGE ( 'NONE', *, *, #825, .T. ) ;
#3126 = AXIS2_PLACEMENT_3D ( 'NONE', #1704, #2819, #2107 ) ;
#3127 = CIRCLE ( 'NONE', #268, 0.2350000000000002920 ) ;
#3128 = CARTESIAN_POINT ( 'NONE',  ( -0.5500000000000003775, 0.000000000000000000, -0.2500000000000002220 ) ) ;
#3129 = CARTESIAN_POINT ( 'NONE',  ( -0.3500000000000003109, 0.9789693182963199458, -0.4500000000000001776 ) ) ;
#3130 = VERTEX_POINT ( 'NONE', #1792 ) ;
#3131 = ORIENTED_EDGE ( 'NONE', *, *, #3328, .F. ) ;
#3132 = DIRECTION ( 'NONE',  ( -0.000000000000000000, -1.000000000000000000, -0.000000000000000000 ) ) ;
#3133 = DIRECTION ( 'NONE',  ( -1.000000000000000000, -0.000000000000000000, -0.000000000000000000 ) ) ;
#3134 = DIRECTION ( 'NONE',  ( -1.000000000000000000, -0.000000000000000000, -0.000000000000000000 ) ) ;
#3135 = DIRECTION ( 'NONE',  ( -1.084202172485502659E-15, 0.000000000000000000, -1.000000000000000000 ) ) ;
#3136 = DIRECTION ( 'NONE',  ( -0.000000000000000000, -1.000000000000000000, -0.000000000000000000 ) ) ;
#3137 = CARTESIAN_POINT ( 'NONE',  ( 1.000000000000000000, 0.2500000000000000000, 0.7000000000000000666 ) ) ;
#3138 = ORIENTED_EDGE ( 'NONE', *, *, #3468, .F. ) ;
#3139 = ADVANCED_FACE ( 'NONE', ( #2332 ), #1809, .F. ) ;
#3140 = DIRECTION ( 'NONE',  ( 1.000000000000000000, -0.000000000000000000, 0.000000000000000000 ) ) ;
#3141 = ORIENTED_EDGE ( 'NONE', *, *, #1821, .T. ) ;
#3142 = EDGE_CURVE ( 'NONE', #396, #570, #1531, .T. ) ;
#3143 = VECTOR ( 'NONE', #3019, 1000.000000000000000 ) ;
#3144 = DIRECTION ( 'NONE',  ( -0.000000000000000000, -0.000000000000000000, 1.000000000000000000 ) ) ;
#3145 = ORIENTED_EDGE ( 'NONE', *, *, #194, .F. ) ;
#3146 = CARTESIAN_POINT ( 'NONE',  ( 0.3500000000000000333, 0.000000000000000000, 0.7300000000000002043 ) ) ;
#3147 = ORIENTED_EDGE ( 'NONE', *, *, #3379, .T. ) ;
#3148 = ADVANCED_FACE ( 'NONE', ( #380 ), #186, .F. ) ;
#3149 = DIRECTION ( 'NONE',  ( 0.7071067811865441310, -0.000000000000000000, -0.7071067811865507924 ) ) ;
#3150 = AXIS2_PLACEMENT_3D ( 'NONE', #3376, #1946, #297 ) ;
#3151 = PLANE ( 'NONE',  #1587 ) ;
#3152 = CARTESIAN_POINT ( 'NONE',  ( -0.9300000000000001599, 0.000000000000000000, 0.6299999999999995604 ) ) ;
#3153 = SHAPE_DEFINITION_REPRESENTATION ( #3286, #2151 ) ;
#3154 = DIRECTION ( 'NONE',  ( -1.000000000000000000, 0.000000000000000000, -0.000000000000000000 ) ) ;
#3155 = DIRECTION ( 'NONE',  ( -1.000000000000000000, 0.000000000000000000, 0.000000000000000000 ) ) ;
#3156 = CARTESIAN_POINT ( 'NONE',  ( 0.7200000000000005285, 0.4049999999999999711, -0.5199999999999999067 ) ) ;
#3157 = ORIENTED_EDGE ( 'NONE', *, *, #1094, .F. ) ;
#3158 = LINE ( 'NONE', #3384, #1031 ) ;
#3159 = ORIENTED_EDGE ( 'NONE', *, *, #2295, .F. ) ;
#3160 =( GEOMETRIC_REPRESENTATION_CONTEXT ( 3 ) GLOBAL_UNCERTAINTY_ASSIGNED_CONTEXT ( ( #2966 ) ) GLOBAL_UNIT_ASSIGNED_CONTEXT ( ( #1535, #749, #401 ) ) REPRESENTATION_CONTEXT ( 'NONE', 'WORKASPACE' ) );
#3161 = CARTESIAN_POINT ( 'NONE',  ( 1.000000000000000000, 0.2500000000000000000, -0.6999999999999996225 ) ) ;
#3162 = ORIENTED_EDGE ( 'NONE', *, *, #181, .T. ) ;
#3163 = DIRECTION ( 'NONE',  ( 0.000000000000000000, -1.000000000000000000, -0.000000000000000000 ) ) ;
#3164 = ORIENTED_EDGE ( 'NONE', *, *, #453, .T. ) ;
#3165 = ADVANCED_FACE ( 'NONE', ( #1299 ), #2061, .F. ) ;
#3166 = PLANE ( 'NONE',  #664 ) ;
#3167 =( LENGTH_UNIT ( ) NAMED_UNIT ( * ) SI_UNIT ( .MILLI., .METRE. ) );
#3168 = PLANE ( 'NONE',  #1761 ) ;
#3169 = EDGE_CURVE ( 'NONE', #2676, #638, #2943, .T. ) ;
#3170 = VECTOR ( 'NONE', #189, 1000.000000000000000 ) ;
#3171 = DIRECTION ( 'NONE',  ( -7.529181753371568567E-17, 0.000000000000000000, 1.000000000000000000 ) ) ;
#3172 = DIRECTION ( 'NONE',  ( 0.000000000000000000, 0.000000000000000000, 1.000000000000000000 ) ) ;
#3173 = CARTESIAN_POINT ( 'NONE',  ( -0.5500000000000003775, 0.9789693182963199458, -0.2500000000000001665 ) ) ;
#3174 = AXIS2_PLACEMENT_3D ( 'NONE', #3043, #1310, #2149 ) ;
#3175 = ORIENTED_EDGE ( 'NONE', *, *, #2314, .F. ) ;
#3176 = CARTESIAN_POINT ( 'NONE',  ( -0.9000000000000003553, 0.4049999999999999711, -0.5200000000000000178 ) ) ;
#3177 = VECTOR ( 'NONE', #1268, 1000.000000000000000 ) ;
#3178 = VERTEX_POINT ( 'NONE', #2884 ) ;
#3179 = CARTESIAN_POINT ( 'NONE',  ( 0.8300000000000002931, 0.9789693182963199458, 0.7300000000000002043 ) ) ;
#3180 = VERTEX_POINT ( 'NONE', #1849 ) ;
#3181 = AXIS2_PLACEMENT_3D ( 'NONE', #2903, #1265, #414 ) ;
#3182 = CARTESIAN_POINT ( 'NONE',  ( 0.3500000000000001998, 0.1275000000000000022, 0.2500000000000000555 ) ) ;
#3183 = VERTEX_POINT ( 'NONE', #2662 ) ;
#3184 = VECTOR ( 'NONE', #1950, 1000.000000000000000 ) ;
#3185 = VECTOR ( 'NONE', #3552, 1000.000000000000000 ) ;
#3186 = EDGE_CURVE ( 'NONE', #2239, #2554, #662, .T. ) ;
#3187 = DIRECTION ( 'NONE',  ( -1.000000000000000000, 0.000000000000000000, 3.216245299353273201E-16 ) ) ;
#3188 = CARTESIAN_POINT ( 'NONE',  ( 1.000000000000000000, 0.2550000000000000044, -0.7999999999999999334 ) ) ;
#3189 = LINE ( 'NONE', #2959, #720 ) ;
#3190 = VECTOR ( 'NONE', #2275, 1000.000000000000000 ) ;
#3191 = ORIENTED_EDGE ( 'NONE', *, *, #3169, .F. ) ;
#3192 = EDGE_CURVE ( 'NONE', #1865, #376, #1281, .T. ) ;
#3193 = DIRECTION ( 'NONE',  ( 0.7071067811865441310, 0.000000000000000000, -0.7071067811865507924 ) ) ;
#3194 = LINE ( 'NONE', #654, #3420 ) ;
#3195 = PLANE ( 'NONE',  #2920 ) ;
#3196 = UNCERTAINTY_MEASURE_WITH_UNIT (LENGTH_MEASURE( 1.000000000000000082E-05 ), #615, 'distance_accuracy_value', 'NONE');
#3197 = DIRECTION ( 'NONE',  ( 0.000000000000000000, -1.000000000000000000, 0.000000000000000000 ) ) ;
#3198 = EDGE_CURVE ( 'NONE', #2682, #2661, #150, .T. ) ;
#3199 = PLANE ( 'NONE',  #3368 ) ;
#3200 = DIRECTION ( 'NONE',  ( 1.000000000000000000, 0.000000000000000000, 0.000000000000000000 ) ) ;
#3201 = ORIENTED_EDGE ( 'NONE', *, *, #3514, .F. ) ;
#3202 = DIRECTION ( 'NONE',  ( 0.000000000000000000, 1.000000000000000000, 0.000000000000000000 ) ) ;
#3203 = ORIENTED_EDGE ( 'NONE', *, *, #2944, .F. ) ;
#3204 = EDGE_LOOP ( 'NONE', ( #2159, #1372, #2250, #3164 ) ) ;
#3205 = AXIS2_PLACEMENT_3D ( 'NONE', #808, #787, #2983 ) ;
#3206 = CARTESIAN_POINT ( 'NONE',  ( -0.7200000000000000844, 0.4049999999999999711, -0.5200000000000000178 ) ) ;
#3207 = CARTESIAN_POINT ( 'NONE',  ( -0.7200000000000004174, 0.2718375329420475994, 0.7325499560772701368 ) ) ;
#3208 = EDGE_LOOP ( 'NONE', ( #3045, #2540, #1863, #2986 ) ) ;
#3209 = DIRECTION ( 'NONE',  ( 0.000000000000000000, 0.000000000000000000, -1.000000000000000000 ) ) ;
#3210 = CARTESIAN_POINT ( 'NONE',  ( 1.000000000000000000, 0.000000000000000000, -0.6999999999999998446 ) ) ;
#3211 = DIRECTION ( 'NONE',  ( -3.388131789017201849E-16, 0.000000000000000000, 1.000000000000000000 ) ) ;
#3212 = VECTOR ( 'NONE', #859, 1000.000000000000000 ) ;
#3213 = EDGE_CURVE ( 'NONE', #2558, #2517, #3516, .T. ) ;
#3214 = CARTESIAN_POINT ( 'NONE',  ( -0.7200000000000000844, 0.4899999999999999911, 0.5199999999999995737 ) ) ;
#3215 = DIRECTION ( 'NONE',  ( 1.000000000000000000, 0.000000000000000000, 0.000000000000000000 ) ) ;
#3216 = ORIENTED_EDGE ( 'NONE', *, *, #671, .F. ) ;
#3217 = ADVANCED_FACE ( 'NONE', ( #1010 ), #3220, .F. ) ;
#3218 = CARTESIAN_POINT ( 'NONE',  ( 1.000000000000000222, 0.1275000000000000022, -0.8000000000000001554 ) ) ;
#3219 = ORIENTED_EDGE ( 'NONE', *, *, #1355, .T. ) ;
#3220 = PLANE ( 'NONE',  #3425 ) ;
#3221 = ORIENTED_EDGE ( 'NONE', *, *, #877, .F. ) ;
#3222 = VECTOR ( 'NONE', #1942, 1000.000000000000000 ) ;
#3223 = CARTESIAN_POINT ( 'NONE',  ( 0.8107968978321709042, 0.5000000000000000000, -0.6749999999999997113 ) ) ;
#3224 = CARTESIAN_POINT ( 'NONE',  ( -0.9999999999999995559, 0.9789693182963199458, -0.7000000000000000666 ) ) ;
#3225 = DIRECTION ( 'NONE',  ( 1.129377263005733868E-16, 0.000000000000000000, 1.000000000000000000 ) ) ;
#3226 = ORIENTED_EDGE ( 'NONE', *, *, #21, .F. ) ;
#3227 = CIRCLE ( 'NONE', #1938, 0.1799999999999999378 ) ;
#3228 = DIRECTION ( 'NONE',  ( 1.000000000000000000, -0.000000000000000000, -0.000000000000000000 ) ) ;
#3229 = CARTESIAN_POINT ( 'NONE',  ( -0.7200000000000000844, 0.4899999999999999911, 0.5199999999999995737 ) ) ;
#3230 = AXIS2_PLACEMENT_3D ( 'NONE', #2715, #2141, #2439 ) ;
#3231 = DIRECTION ( 'NONE',  ( 0.000000000000000000, 1.000000000000000000, 0.000000000000000000 ) ) ;
#3232 = CARTESIAN_POINT ( 'NONE',  ( -0.5899999999999976374, 0.1275000000000000022, 0.2499999999999998890 ) ) ;
#3233 = CARTESIAN_POINT ( 'NONE',  ( -1.000000000000000000, 0.2550000000000000044, 0.8000000000000001554 ) ) ;
#3234 = EDGE_CURVE ( 'NONE', #2900, #3090, #2845, .T. ) ;
#3235 = ORIENTED_EDGE ( 'NONE', *, *, #18, .F. ) ;
#3236 = ADVANCED_FACE ( 'NONE', ( #2119 ), #3238, .F. ) ;
#3237 = ORIENTED_EDGE ( 'NONE', *, *, #1944, .T. ) ;
#3238 = PLANE ( 'NONE',  #742 ) ;
#3239 = ORIENTED_EDGE ( 'NONE', *, *, #3081, .F. ) ;
#3240 = VECTOR ( 'NONE', #2559, 1000.000000000000000 ) ;
#3241 = AXIS2_PLACEMENT_3D ( 'NONE', #1540, #178, #3155 ) ;
#3242 = EDGE_CURVE ( 'NONE', #1611, #2719, #2772, .T. ) ;
#3243 = CARTESIAN_POINT ( 'NONE',  ( 0.8300000000000005151, 0.1275000000000000022, -0.7300000000000000933 ) ) ;
#3244 = FILL_AREA_STYLE ('',( #998 ) ) ;
#3245 = ORIENTED_EDGE ( 'NONE', *, *, #2438, .F. ) ;
#3246 = CIRCLE ( 'NONE', #1148, 0.2350000000000005140 ) ;
#3247 = VECTOR ( 'NONE', #3480, 1000.000000000000000 ) ;
#3248 = AXIS2_PLACEMENT_3D ( 'NONE', #446, #989, #2113 ) ;
#3249 = DIRECTION ( 'NONE',  ( -1.000000000000000000, 0.000000000000000000, 0.000000000000000000 ) ) ;
#3250 = DIRECTION ( 'NONE',  ( -1.000000000000000000, -0.000000000000000000, -0.000000000000000000 ) ) ;
#3251 = CARTESIAN_POINT ( 'NONE',  ( -0.8896446609406727379, 0.4999999999999998890, 0.6193755415948603016 ) ) ;
#3252 = CARTESIAN_POINT ( 'NONE',  ( -0.3499999999999998113, 0.000000000000000000, 0.7299999999999998712 ) ) ;
#3253 = PLANE ( 'NONE',  #910 ) ;
#3254 = ORIENTED_EDGE ( 'NONE', *, *, #473, .T. ) ;
#3255 = EDGE_LOOP ( 'NONE', ( #201, #2172, #3261, #2323, #600, #703, #3203, #781 ) ) ;
#3256 = CARTESIAN_POINT ( 'NONE',  ( -0.3499999999999998113, 0.1275000000000000022, -0.8000000000000003775 ) ) ;
#3257 = VERTEX_POINT ( 'NONE', #1352 ) ;
#3258 = EDGE_CURVE ( 'NONE', #1793, #1445, #465, .T. ) ;
#3259 = CYLINDRICAL_SURFACE ( 'NONE', #1945, 0.1000000000000002554 ) ;
#3260 = DIRECTION ( 'NONE',  ( 7.529181753371568567E-17, 0.000000000000000000, -1.000000000000000000 ) ) ;
#3261 = ORIENTED_EDGE ( 'NONE', *, *, #3403, .F. ) ;
#3262 = CARTESIAN_POINT ( 'NONE',  ( -0.7200000000000003064, 0.3250000000000000111, 0.7200000000000003064 ) ) ;
#3263 = ORIENTED_EDGE ( 'NONE', *, *, #3356, .F. ) ;
#3264 = MECHANICAL_DESIGN_GEOMETRIC_PRESENTATION_REPRESENTATION (  '', ( #2791 ), #2429 ) ;
#3265 = ADVANCED_FACE ( 'NONE', ( #775 ), #507, .T. ) ;
#3266 = DIRECTION ( 'NONE',  ( 0.000000000000000000, 1.000000000000000000, 0.000000000000000000 ) ) ;
#3267 = DIRECTION ( 'NONE',  ( -0.7071067811865441310, 0.000000000000000000, -0.7071067811865507924 ) ) ;
#3268 = DIRECTION ( 'NONE',  ( -0.000000000000000000, 1.000000000000000000, -0.000000000000000000 ) ) ;
#3269 = LINE ( 'NONE', #3232, #1664 ) ;
#3270 = FACE_OUTER_BOUND ( 'NONE', #1226, .T. ) ;
#3271 = VECTOR ( 'NONE', #3149, 1000.000000000000114 ) ;
#3272 = ORIENTED_EDGE ( 'NONE', *, *, #326, .F. ) ;
#3273 = ORIENTED_EDGE ( 'NONE', *, *, #641, .T. ) ;
#3274 = DIRECTION ( 'NONE',  ( 0.000000000000000000, -1.000000000000000000, 0.000000000000000000 ) ) ;
#3275 = ORIENTED_EDGE ( 'NONE', *, *, #1212, .F. ) ;
#3276 = LINE ( 'NONE', #3319, #908 ) ;
#3277 = VERTEX_POINT ( 'NONE', #1916 ) ;
#3278 = ADVANCED_FACE ( 'NONE', ( #2694 ), #3569, .F. ) ;
#3279 = CARTESIAN_POINT ( 'NONE',  ( -0.7800000000000000266, 0.5000000000000000000, 0.5199999999999995737 ) ) ;
#3280 = ORIENTED_EDGE ( 'NONE', *, *, #3328, .T. ) ;
#3281 = AXIS2_PLACEMENT_3D ( 'NONE', #3526, #224, #299 ) ;
#3282 = CARTESIAN_POINT ( 'NONE',  ( 0.3500000000000000333, 0.000000000000000000, 0.2500000000000000555 ) ) ;
#3283 = EDGE_CURVE ( 'NONE', #1280, #1663, #200, .T. ) ;
#3284 = CARTESIAN_POINT ( 'NONE',  ( 0.8896446609406724049, 0.5000000000000002220, 0.6193755415948606347 ) ) ;
#3285 = AXIS2_PLACEMENT_3D ( 'NONE', #3173, #1168, #72 ) ;
#3286 = PRODUCT_DEFINITION_SHAPE ( 'NONE', 'NONE',  #934 ) ;
#3287 = CARTESIAN_POINT ( 'NONE',  ( 0.9300000000000003819, 0.9789693182963199458, -0.2499999999999998890 ) ) ;
#3288 = CARTESIAN_POINT ( 'NONE',  ( 1.000000000000000000, 0.000000000000000000, 0.2500000000000000000 ) ) ;
#3289 = LINE ( 'NONE', #3362, #427 ) ;
#3290 = EDGE_CURVE ( 'NONE', #1493, #1266, #1102, .T. ) ;
#3291 = CARTESIAN_POINT ( 'NONE',  ( 0.8750000000000003331, 0.5000000000000000000, -0.5199999999999996847 ) ) ;
#3292 = ORIENTED_EDGE ( 'NONE', *, *, #2896, .F. ) ;
#3293 = ORIENTED_EDGE ( 'NONE', *, *, #3554, .T. ) ;
#3294 = DIRECTION ( 'NONE',  ( -1.000000000000000000, 0.000000000000000000, 0.000000000000000000 ) ) ;
#3295 = VERTEX_POINT ( 'NONE', #1318 ) ;
#3296 = DIRECTION ( 'NONE',  ( -5.706327223607922485E-16, 0.000000000000000000, 1.000000000000000000 ) ) ;
#3297 = FACE_OUTER_BOUND ( 'NONE', #1330, .T. ) ;
#3298 = ORIENTED_EDGE ( 'NONE', *, *, #3463, .F. ) ;
#3299 = CIRCLE ( 'NONE', #2294, 0.08749999999999980016 ) ;
#3300 = SURFACE_STYLE_FILL_AREA ( #3035 ) ;
#3301 = ORIENTED_EDGE ( 'NONE', *, *, #3457, .T. ) ;
#3302 =( GEOMETRIC_REPRESENTATION_CONTEXT ( 3 ) GLOBAL_UNCERTAINTY_ASSIGNED_CONTEXT ( ( #2128 ) ) GLOBAL_UNIT_ASSIGNED_CONTEXT ( ( #2309, #2525, #387 ) ) REPRESENTATION_CONTEXT ( 'NONE', 'WORKASPACE' ) );
#3303 = EDGE_CURVE ( 'NONE', #1266, #1009, #3316, .T. ) ;
#3304 = DIRECTION ( 'NONE',  ( -0.000000000000000000, -1.000000000000000000, -0.000000000000000000 ) ) ;
#3305 = FACE_OUTER_BOUND ( 'NONE', #555, .T. ) ;
#3306 =( GEOMETRIC_REPRESENTATION_CONTEXT ( 3 ) GLOBAL_UNCERTAINTY_ASSIGNED_CONTEXT ( ( #3493 ) ) GLOBAL_UNIT_ASSIGNED_CONTEXT ( ( #345, #2865, #3446 ) ) REPRESENTATION_CONTEXT ( 'NONE', 'WORKASPACE' ) );
#3307 = ADVANCED_FACE ( 'NONE', ( #2171 ), #2138, .F. ) ;
#3308 = AXIS2_PLACEMENT_3D ( 'NONE', #898, #653, #3171 ) ;
#3309 = LINE ( 'NONE', #2722, #1858 ) ;
#3310 = AXIS2_PLACEMENT_3D ( 'NONE', #1630, #1879, #1082 ) ;
#3311 = PLANE ( 'NONE',  #1261 ) ;
#3312 = CARTESIAN_POINT ( 'NONE',  ( 0.9300000000000002709, 0.000000000000000000, 0.000000000000000000 ) ) ;
#3313 = DIRECTION ( 'NONE',  ( 0.000000000000000000, 1.000000000000000000, 0.000000000000000000 ) ) ;
#3314 = VERTEX_POINT ( 'NONE', #233 ) ;
#3315 = EDGE_CURVE ( 'NONE', #1751, #1295, #2456, .T. ) ;
#3316 = LINE ( 'NONE', #3010, #1900 ) ;
#3317 = ORIENTED_EDGE ( 'NONE', *, *, #1671, .F. ) ;
#3318 = DIRECTION ( 'NONE',  ( 0.000000000000000000, -1.000000000000000000, -0.000000000000000000 ) ) ;
#3319 = CARTESIAN_POINT ( 'NONE',  ( -1.000000000000000000, 0.2500000000000000000, 0.6999999999999997335 ) ) ;
#3320 = DIRECTION ( 'NONE',  ( -0.000000000000000000, 1.000000000000000000, 0.000000000000000000 ) ) ;
#3321 = EDGE_LOOP ( 'NONE', ( #1584, #3355, #2726, #3456 ) ) ;
#3322 = CARTESIAN_POINT ( 'NONE',  ( -0.7199999999999999734, 0.3250000000000001776, -0.7200000000000000844 ) ) ;
#3323 = CARTESIAN_POINT ( 'NONE',  ( -0.7200000000000000844, 0.4049999999999999711, -0.7199999999999999734 ) ) ;
#3324 = DIRECTION ( 'NONE',  ( 0.7071067811865449082, 0.000000000000000000, -0.7071067811865502373 ) ) ;
#3325 = FACE_OUTER_BOUND ( 'NONE', #2880, .T. ) ;
#3326 = CARTESIAN_POINT ( 'NONE',  ( 0.9300000000000003819, -1.084202172485504434E-16, -0.6299999999999996714 ) ) ;
#3327 = DIRECTION ( 'NONE',  ( -0.000000000000000000, 1.000000000000000000, 0.000000000000000000 ) ) ;
#3328 = EDGE_CURVE ( 'NONE', #3102, #1810, #1846, .T. ) ;
#3329 = VERTEX_POINT ( 'NONE', #3587 ) ;
#3330 = CLOSED_SHELL ( 'NONE', ( #1468, #112, #1528, #2651, #2956, #626, #2601, #482, #2806, #2155, #2046, #134, #988, #2094, #3531, #830, #2264, #3139 ) ) ;
#3331 = DIRECTION ( 'NONE',  ( -1.000000000000000000, 0.000000000000000000, 0.000000000000000000 ) ) ;
#3332 = EDGE_CURVE ( 'NONE', #3338, #741, #217, .T. ) ;
#3333 = EDGE_LOOP ( 'NONE', ( #978, #690, #1069, #1351 ) ) ;
#3334 = CLOSED_SHELL ( 'NONE', ( #1921, #1487, #1162, #632, #3601, #2489, #3033, #367, #1100 ) ) ;
#3335 = CARTESIAN_POINT ( 'NONE',  ( 0.9300000000000002709, 0.1275000000000000022, 0.6299999999999998934 ) ) ;
#3336 = CARTESIAN_POINT ( 'NONE',  ( -0.3499999999999999778, 0.1275000000000000022, -0.4500000000000005107 ) ) ;
#3337 = ORIENTED_EDGE ( 'NONE', *, *, #213, .F. ) ;
#3338 = VERTEX_POINT ( 'NONE', #814 ) ;
#3339 = DIRECTION ( 'NONE',  ( 0.000000000000000000, -1.000000000000000000, 0.000000000000000000 ) ) ;
#3340 = CARTESIAN_POINT ( 'NONE',  ( 0.8999999999999998002, 0.2500000000000000000, 0.8000000000000001554 ) ) ;
#3341 = CARTESIAN_POINT ( 'NONE',  ( -0.9300000000000001599, 0.1275000000000000022, -0.2500000000000001665 ) ) ;
#3342 = DIRECTION ( 'NONE',  ( -1.000000000000000000, 0.000000000000000000, -1.084202172485501673E-15 ) ) ;
#3343 = VECTOR ( 'NONE', #2546, 1000.000000000000000 ) ;
#3344 = CARTESIAN_POINT ( 'NONE',  ( 0.8300000000000001821, 0.9789693182963199458, 0.7300000000000002043 ) ) ;
#3345 = DIRECTION ( 'NONE',  ( -1.071875439572228152E-15, 0.000000000000000000, 1.000000000000000000 ) ) ;
#3346 = LINE ( 'NONE', #1420, #1700 ) ;
#3347 = ORIENTED_EDGE ( 'NONE', *, *, #1981, .T. ) ;
#3348 = ADVANCED_FACE ( 'NONE', ( #525 ), #1043, .F. ) ;
#3349 = ORIENTED_EDGE ( 'NONE', *, *, #3550, .T. ) ;
#3350 = VECTOR ( 'NONE', #1138, 1000.000000000000000 ) ;
#3351 = ADVANCED_FACE ( 'NONE', ( #2713 ), #1334, .F. ) ;
#3352 = LINE ( 'NONE', #20, #1476 ) ;
#3353 = CARTESIAN_POINT ( 'NONE',  ( -0.8300000000000000711, 0.1275000000000000022, 0.7299999999999998712 ) ) ;
#3354 = ORIENTED_EDGE ( 'NONE', *, *, #1760, .F. ) ;
#3355 = ORIENTED_EDGE ( 'NONE', *, *, #2249, .T. ) ;
#3356 = EDGE_CURVE ( 'NONE', #837, #1280, #2949, .T. ) ;
#3357 = DIRECTION ( 'NONE',  ( -0.7071067811865509034, 0.000000000000000000, -0.7071067811865442421 ) ) ;
#3358 = LINE ( 'NONE', #2487, #2881 ) ;
#3359 = CARTESIAN_POINT ( 'NONE',  ( -0.3500000000000000333, 0.9789693182963199458, 0.2499999999999999445 ) ) ;
#3360 = VECTOR ( 'NONE', #1248, 1000.000000000000114 ) ;
#3361 = DIRECTION ( 'NONE',  ( 0.7071067811865464625, 0.000000000000000000, -0.7071067811865486830 ) ) ;
#3362 = CARTESIAN_POINT ( 'NONE',  ( 0.3500000000000002554, 0.1275000000000000022, -0.2499999999999998890 ) ) ;
#3363 = DIRECTION ( 'NONE',  ( -1.000000000000000000, -0.000000000000000000, -0.000000000000000000 ) ) ;
#3364 = ORIENTED_EDGE ( 'NONE', *, *, #241, .T. ) ;
#3365 = VECTOR ( 'NONE', #3559, 1000.000000000000000 ) ;
#3366 =( GEOMETRIC_REPRESENTATION_CONTEXT ( 3 ) GLOBAL_UNCERTAINTY_ASSIGNED_CONTEXT ( ( #2895 ) ) GLOBAL_UNIT_ASSIGNED_CONTEXT ( ( #1905, #2779, #1107 ) ) REPRESENTATION_CONTEXT ( 'NONE', 'WORKASPACE' ) );
#3367 = CARTESIAN_POINT ( 'NONE',  ( 0.8300000000000004041, 0.000000000000000000, -0.7300000000000002043 ) ) ;
#3368 = AXIS2_PLACEMENT_3D ( 'NONE', #182, #2396, #2378 ) ;
#3369 = VERTEX_POINT ( 'NONE', #390 ) ;
#3370 = PLANE ( 'NONE',  #1653 ) ;
#3371 = CYLINDRICAL_SURFACE ( 'NONE', #2351, 0.1999999999999999833 ) ;
#3372 = EDGE_LOOP ( 'NONE', ( #3454, #2194, #3462, #1736 ) ) ;
#3373 =( LENGTH_UNIT ( ) NAMED_UNIT ( * ) SI_UNIT ( .MILLI., .METRE. ) );
#3374 = ORIENTED_EDGE ( 'NONE', *, *, #407, .F. ) ;
#3375 = EDGE_CURVE ( 'NONE', #783, #2629, #1597, .T. ) ;
#3376 = CARTESIAN_POINT ( 'NONE',  ( -1.000000000000000000, 0.1275000000000000022, -0.7999999999999999334 ) ) ;
#3377 = CARTESIAN_POINT ( 'NONE',  ( -0.7800000000000000266, 0.4899999999999999911, 0.5199999999999995737 ) ) ;
#3378 = CARTESIAN_POINT ( 'NONE',  ( -1.000000000000000000, 0.000000000000000000, 0.6999999999999997335 ) ) ;
#3379 = EDGE_CURVE ( 'NONE', #2056, #2198, #3003, .T. ) ;
#3380 = FACE_OUTER_BOUND ( 'NONE', #796, .T. ) ;
#3381 = FILL_AREA_STYLE ('',( #580 ) ) ;
#3382 = PLANE ( 'NONE',  #721 ) ;
#3383 = ORIENTED_EDGE ( 'NONE', *, *, #2291, .F. ) ;
#3384 = CARTESIAN_POINT ( 'NONE',  ( -0.7199999999999999734, 3.280350850198277879, -0.6999999999999999556 ) ) ;
#3385 = ORIENTED_EDGE ( 'NONE', *, *, #3290, .T. ) ;
#3386 = CARTESIAN_POINT ( 'NONE',  ( 0.9300000000000002709, 0.1275000000000000022, 0.6299999999999998934 ) ) ;
#3387 = PLANE ( 'NONE',  #31 ) ;
#3388 = VERTEX_POINT ( 'NONE', #141 ) ;
#3389 = VECTOR ( 'NONE', #2816, 1000.000000000000000 ) ;
#3390 = ORIENTED_EDGE ( 'NONE', *, *, #2937, .F. ) ;
#3391 = EDGE_CURVE ( 'NONE', #2533, #679, #1090, .T. ) ;
#3392 = PLANE ( 'NONE',  #2797 ) ;
#3393 = LINE ( 'NONE', #860, #202 ) ;
#3394 = CARTESIAN_POINT ( 'NONE',  ( 0.9000000000000003553, 0.4049999999999999711, -0.5200000000000000178 ) ) ;
#3395 = CARTESIAN_POINT ( 'NONE',  ( 0.000000000000000000, 0.000000000000000000, 0.000000000000000000 ) ) ;
#3396 = EDGE_CURVE ( 'NONE', #1611, #511, #1275, .T. ) ;
#3397 = PLANE ( 'NONE',  #2071 ) ;
#3398 = SURFACE_STYLE_FILL_AREA ( #3381 ) ;
#3399 = LINE ( 'NONE', #618, #3107 ) ;
#3400 = VERTEX_POINT ( 'NONE', #3546 ) ;
#3401 = APPLICATION_CONTEXT ( 'automotive_design' ) ;
#3402 = VECTOR ( 'NONE', #982, 1000.000000000000000 ) ;
#3403 = EDGE_CURVE ( 'NONE', #1295, #2987, #445, .T. ) ;
#3404 = DIRECTION ( 'NONE',  ( 0.7071067811865477948, 0.000000000000000000, -0.7071067811865473507 ) ) ;
#3405 = VECTOR ( 'NONE', #3363, 1000.000000000000000 ) ;
#3406 = ORIENTED_EDGE ( 'NONE', *, *, #117, .F. ) ;
#3407 = DIRECTION ( 'NONE',  ( -1.000000000000000000, 0.000000000000000000, 0.000000000000000000 ) ) ;
#3408 = ORIENTED_EDGE ( 'NONE', *, *, #21, .T. ) ;
#3409 = PLANE ( 'NONE',  #1205 ) ;
#3410 = VERTEX_POINT ( 'NONE', #1293 ) ;
#3411 = CARTESIAN_POINT ( 'NONE',  ( 0.9300000000000002709, 0.000000000000000000, 0.2500000000000000555 ) ) ;
#3412 = DIRECTION ( 'NONE',  ( -1.000000000000000000, 0.000000000000000000, 0.000000000000000000 ) ) ;
#3413 = CARTESIAN_POINT ( 'NONE',  ( 0.9550000000000008482, 0.2550000000000001155, -0.6576598128423226663 ) ) ;
#3414 = CARTESIAN_POINT ( 'NONE',  ( -1.000000000000000000, 0.000000000000000000, 0.8000000000000001554 ) ) ;
#3415 = DIRECTION ( 'NONE',  ( -1.000000000000000000, 0.000000000000000000, -0.000000000000000000 ) ) ;
#3416 = AXIS2_PLACEMENT_3D ( 'NONE', #1601, #510, #1940 ) ;
#3417 = ORIENTED_EDGE ( 'NONE', *, *, #1360, .T. ) ;
#3418 = VECTOR ( 'NONE', #1820, 1000.000000000000000 ) ;
#3419 = EDGE_CURVE ( 'NONE', #2970, #567, #2095, .T. ) ;
#3420 = VECTOR ( 'NONE', #1290, 1000.000000000000000 ) ;
#3421 = VECTOR ( 'NONE', #1213, 1000.000000000000000 ) ;
#3422 = CARTESIAN_POINT ( 'NONE',  ( 0.3500000000000002554, 0.000000000000000000, -0.2500000000000000000 ) ) ;
#3423 = ORIENTED_EDGE ( 'NONE', *, *, #2075, .T. ) ;
#3424 = VECTOR ( 'NONE', #2963, 1000.000000000000000 ) ;
#3425 = AXIS2_PLACEMENT_3D ( 'NONE', #977, #2084, #1826 ) ;
#3426 = ADVANCED_FACE ( 'NONE', ( #2376 ), #1571, .T. ) ;
#3427 = AXIS2_PLACEMENT_3D ( 'NONE', #461, #2413, #3472 ) ;
#3428 = AXIS2_PLACEMENT_3D ( 'NONE', #252, #758, #2435 ) ;
#3429 = FACE_OUTER_BOUND ( 'NONE', #927, .T. ) ;
#3430 = ORIENTED_EDGE ( 'NONE', *, *, #2712, .T. ) ;
#3431 = CARTESIAN_POINT ( 'NONE',  ( -0.8999999999999999112, 0.1275000000000000022, -0.8000000000000002665 ) ) ;
#3432 = ORIENTED_EDGE ( 'NONE', *, *, #1456, .F. ) ;
#3433 = CARTESIAN_POINT ( 'NONE',  ( 0.8300000000000004041, 0.1275000000000000022, -0.7299999999999999822 ) ) ;
#3434 = CARTESIAN_POINT ( 'NONE',  ( 0.000000000000000000, 0.000000000000000000, 0.7300000000000000933 ) ) ;
#3435 = CARTESIAN_POINT ( 'NONE',  ( 0.8371572875253815438, 0.3250000000000000666, -0.7199999999999999734 ) ) ;
#3436 = DIRECTION ( 'NONE',  ( 1.000000000000000000, 0.000000000000000000, 0.000000000000000000 ) ) ;
#3437 = CARTESIAN_POINT ( 'NONE',  ( -0.7800000000000000266, 0.4899999999999999911, 0.5199999999999995737 ) ) ;
#3438 = LINE ( 'NONE', #322, #2452 ) ;
#3439 = ORIENTED_EDGE ( 'NONE', *, *, #1645, .T. ) ;
#3440 = DIRECTION ( 'NONE',  ( -1.000000000000000000, 0.000000000000000000, 0.000000000000000000 ) ) ;
#3441 = ADVANCED_FACE ( 'NONE', ( #3528 ), #1859, .T. ) ;
#3442 = ORIENTED_EDGE ( 'NONE', *, *, #901, .T. ) ;
#3443 = EDGE_CURVE ( 'NONE', #1617, #1413, #3483, .T. ) ;
#3444 = CARTESIAN_POINT ( 'NONE',  ( 0.7200000000000004174, 0.5000000000000000000, -0.6750000000000000444 ) ) ;
#3445 = ORIENTED_EDGE ( 'NONE', *, *, #2733, .T. ) ;
#3446 =( NAMED_UNIT ( * ) SI_UNIT ( $, .STERADIAN. ) SOLID_ANGLE_UNIT ( ) );
#3447 = ORIENTED_EDGE ( 'NONE', *, *, #1447, .T. ) ;
#3448 = CIRCLE ( 'NONE', #3150, 0.1000000000000002554 ) ;
#3449 = LINE ( 'NONE', #1566, #1141 ) ;
#3450 = CARTESIAN_POINT ( 'NONE',  ( 0.8445088815882595412, 0.2718375329420474884, -0.7325499560772699148 ) ) ;
#3451 = VERTEX_POINT ( 'NONE', #987 ) ;
#3452 = CARTESIAN_POINT ( 'NONE',  ( -0.9999999999999997780, 0.1275000000000000022, -0.8000000000000003775 ) ) ;
#3453 = LINE ( 'NONE', #2310, #3579 ) ;
#3454 = ORIENTED_EDGE ( 'NONE', *, *, #2617, .F. ) ;
#3455 = DIRECTION ( 'NONE',  ( 0.000000000000000000, 0.000000000000000000, -1.000000000000000000 ) ) ;
#3456 = ORIENTED_EDGE ( 'NONE', *, *, #1225, .T. ) ;
#3457 = EDGE_CURVE ( 'NONE', #313, #346, #715, .T. ) ;
#3458 = VECTOR ( 'NONE', #421, 1000.000000000000114 ) ;
#3459 = CARTESIAN_POINT ( 'NONE',  ( -0.9300000000000001599, 0.1275000000000000022, 0.8000000000000001554 ) ) ;
#3460 = EDGE_LOOP ( 'NONE', ( #3584, #413, #138, #48 ) ) ;
#3461 = CARTESIAN_POINT ( 'NONE',  ( 0.3500000000000002554, 0.1275000000000000022, -0.8000000000000001554 ) ) ;
#3462 = ORIENTED_EDGE ( 'NONE', *, *, #3403, .T. ) ;
#3463 = EDGE_CURVE ( 'NONE', #3410, #591, #2967, .T. ) ;
#3464 = CARTESIAN_POINT ( 'NONE',  ( 0.000000000000000000, 0.000000000000000000, 0.2499999999999998890 ) ) ;
#3465 = DIRECTION ( 'NONE',  ( -1.000000000000000000, 0.000000000000000000, 0.000000000000000000 ) ) ;
#3466 = CARTESIAN_POINT ( 'NONE',  ( 0.9000000000000000222, 0.2500000000000000000, 0.8000000000000001554 ) ) ;
#3467 = ORIENTED_EDGE ( 'NONE', *, *, #3085, .T. ) ;
#3468 = EDGE_CURVE ( 'NONE', #900, #2603, #2147, .T. ) ;
#3469 = DIRECTION ( 'NONE',  ( 1.000000000000000000, 0.000000000000000000, -1.426581805901980375E-16 ) ) ;
#3470 = FACE_OUTER_BOUND ( 'NONE', #73, .T. ) ;
#3471 = CARTESIAN_POINT ( 'NONE',  ( -0.7200000000000004174, 0.4999999999999999445, 0.6896446609406721162 ) ) ;
#3472 = DIRECTION ( 'NONE',  ( 1.129377263005733868E-16, 0.000000000000000000, 1.000000000000000000 ) ) ;
#3473 = VECTOR ( 'NONE', #3133, 1000.000000000000000 ) ;
#3474 = EDGE_LOOP ( 'NONE', ( #2780, #16, #1322, #1599 ) ) ;
#3475 = STYLED_ITEM ( 'NONE', ( #1705 ), #620 ) ;
#3476 = AXIS2_PLACEMENT_3D ( 'NONE', #643, #1174, #606 ) ;
#3477 = DIRECTION ( 'NONE',  ( -1.000000000000000000, 0.000000000000000000, 0.000000000000000000 ) ) ;
#3478 = EDGE_LOOP ( 'NONE', ( #2693, #1562, #1462, #2678 ) ) ;
#3479 = VECTOR ( 'NONE', #132, 1000.000000000000000 ) ;
#3480 = DIRECTION ( 'NONE',  ( -0.000000000000000000, -0.000000000000000000, 1.000000000000000000 ) ) ;
#3481 = ORIENTED_EDGE ( 'NONE', *, *, #2005, .T. ) ;
#3482 = VECTOR ( 'NONE', #3228, 1000.000000000000000 ) ;
#3483 = CIRCLE ( 'NONE', #1546, 0.05999999999999994227 ) ;
#3484 = CARTESIAN_POINT ( 'NONE',  ( 0.8300000000000005151, 0.1275000000000000022, -0.7300000000000002043 ) ) ;
#3485 = FACE_OUTER_BOUND ( 'NONE', #759, .T. ) ;
#3486 = EDGE_CURVE ( 'NONE', #3093, #5, #562, .T. ) ;
#3487 = DIRECTION ( 'NONE',  ( 0.000000000000000000, -1.000000000000000000, 0.000000000000000000 ) ) ;
#3488 =( BOUNDED_SURFACE ( )  B_SPLINE_SURFACE ( 3, 3, ( 
 ( #1776, #3435, #2855, #2889 ),
 ( #52, #349, #911, #3098 ),
 ( #1469, #3450, #2285, #649 ),
 ( #944, #2252, #3413, #2870 ) ),
 .UNSPECIFIED., .F., .F., .F. ) 
 B_SPLINE_SURFACE_WITH_KNOTS ( ( 4, 4 ),
 ( 4, 4 ),
 ( 0.000000000000000000, 1.000000000000000000 ),
 ( 0.000000000000000000, 1.000000000000000000 ),
 .UNSPECIFIED. ) 
 GEOMETRIC_REPRESENTATION_ITEM ( )  RATIONAL_B_SPLINE_SURFACE ( (
 ( 1.000000000000000000, 0.8047378541243653816, 0.8047378541243653816, 1.000000000000000000),
 ( 0.9296181273332756456, 0.7480988969452913029, 0.7480988969452913029, 0.9296181273332756456),
 ( 0.9296181273332756456, 0.7480988969452913029, 0.7480988969452913029, 0.9296181273332756456),
 ( 1.000000000000000000, 0.8047378541243653816, 0.8047378541243653816, 1.000000000000000000) ) ) 
 REPRESENTATION_ITEM ( '' )  SURFACE ( )  );
#3489 = ORIENTED_EDGE ( 'NONE', *, *, #2163, .F. ) ;
#3490 = DIRECTION ( 'NONE',  ( 1.000000000000000000, 0.000000000000000000, 2.258754526011467242E-16 ) ) ;
#3491 = EDGE_CURVE ( 'NONE', #1282, #1125, #3127, .T. ) ;
#3492 = CARTESIAN_POINT ( 'NONE',  ( 0.9300000000000003819, 0.9789693182963199458, -0.6299999999999996714 ) ) ;
#3493 = UNCERTAINTY_MEASURE_WITH_UNIT (LENGTH_MEASURE( 1.000000000000000082E-05 ), #345, 'distance_accuracy_value', 'NONE');
#3494 = CARTESIAN_POINT ( 'NONE',  ( -0.9000000000000003553, 0.4750000000000010325, 0.5199999999999997957 ) ) ;
#3495 = DIRECTION ( 'NONE',  ( -0.000000000000000000, -1.000000000000000000, -0.000000000000000000 ) ) ;
#3496 = LINE ( 'NONE', #3530, #3418 ) ;
#3497 = EDGE_LOOP ( 'NONE', ( #3385, #2364, #1232, #2176 ) ) ;
#3498 = DIRECTION ( 'NONE',  ( -1.000000000000000000, 0.000000000000000000, 0.000000000000000000 ) ) ;
#3499 = ORIENTED_EDGE ( 'NONE', *, *, #1933, .T. ) ;
#3500 = DIRECTION ( 'NONE',  ( 2.085004177856740055E-16, 0.000000000000000000, -1.000000000000000000 ) ) ;
#3501 = EDGE_LOOP ( 'NONE', ( #1936, #37, #3439, #2058 ) ) ;
#3502 = DIRECTION ( 'NONE',  ( 1.000000000000000000, 0.000000000000000000, 0.000000000000000000 ) ) ;
#3503 = FACE_OUTER_BOUND ( 'NONE', #3372, .T. ) ;
#3504 = EDGE_LOOP ( 'NONE', ( #2298, #3067, #1791, #3006 ) ) ;
#3505 = ADVANCED_FACE ( 'NONE', ( #2490 ), #3617, .F. ) ;
#3506 = LINE ( 'NONE', #1856, #3424 ) ;
#3507 = FACE_OUTER_BOUND ( 'NONE', #1103, .T. ) ;
#3508 = CARTESIAN_POINT ( 'NONE',  ( -0.7200000000000003064, 0.5000000000000000000, 0.6749999999999998224 ) ) ;
#3509 = EDGE_CURVE ( 'NONE', #3613, #3400, #2019, .T. ) ;
#3510 = CARTESIAN_POINT ( 'NONE',  ( -0.8896446609406724049, 0.4999999999999999445, 0.5199999999999997957 ) ) ;
#3511 = DIRECTION ( 'NONE',  ( 0.000000000000000000, -1.000000000000000000, 0.000000000000000000 ) ) ;
#3512 = DIRECTION ( 'NONE',  ( 1.000000000000000000, 0.000000000000000000, 0.000000000000000000 ) ) ;
#3513 = EDGE_LOOP ( 'NONE', ( #3298, #238, #1579, #777, #961, #995 ) ) ;
#3514 = EDGE_CURVE ( 'NONE', #308, #1324, #1400, .T. ) ;
#3515 = EDGE_LOOP ( 'NONE', ( #1990, #917, #2551, #2623 ) ) ;
#3516 = LINE ( 'NONE', #2101, #1375 ) ;
#3517 = ORIENTED_EDGE ( 'NONE', *, *, #2460, .T. ) ;
#3518 = VECTOR ( 'NONE', #1724, 1000.000000000000000 ) ;
#3519 = DIRECTION ( 'NONE',  ( 0.000000000000000000, -1.000000000000000000, 0.000000000000000000 ) ) ;
#3520 = ORIENTED_EDGE ( 'NONE', *, *, #941, .T. ) ;
#3521 = DIRECTION ( 'NONE',  ( 0.7071067811865447972, 0.000000000000000000, 0.7071067811865502373 ) ) ;
#3522 = ORIENTED_EDGE ( 'NONE', *, *, #2025, .T. ) ;
#3523 = CIRCLE ( 'NONE', #597, 0.1000000000000002554 ) ;
#3524 = CARTESIAN_POINT ( 'NONE',  ( -0.7200000000000000844, 0.2550000000000000044, -0.5200000000000000178 ) ) ;
#3525 = DIRECTION ( 'NONE',  ( -1.000000000000000000, 0.000000000000000000, 0.000000000000000000 ) ) ;
#3526 = CARTESIAN_POINT ( 'NONE',  ( -1.007499999999999396, 0.3249999999999999556, 0.000000000000000000 ) ) ;
#3527 = CIRCLE ( 'NONE', #2228, 0.02499999999999995628 ) ;
#3528 = FACE_OUTER_BOUND ( 'NONE', #3208, .T. ) ;
#3529 = DIRECTION ( 'NONE',  ( 1.000000000000000000, 0.000000000000000000, 0.000000000000000000 ) ) ;
#3530 = CARTESIAN_POINT ( 'NONE',  ( 0.000000000000000000, 0.000000000000000000, -0.2500000000000001665 ) ) ;
#3531 = ADVANCED_FACE ( 'NONE', ( #1054 ), #2182, .T. ) ;
#3532 = EDGE_LOOP ( 'NONE', ( #323, #3390, #218, #1300 ) ) ;
#3533 = ORIENTED_EDGE ( 'NONE', *, *, #3396, .F. ) ;
#3534 = EDGE_CURVE ( 'NONE', #3536, #3314, #771, .T. ) ;
#3535 = CARTESIAN_POINT ( 'NONE',  ( 1.000000000000000000, 0.1275000000000000022, -0.2499999999999997780 ) ) ;
#3536 = VERTEX_POINT ( 'NONE', #3064 ) ;
#3537 = VECTOR ( 'NONE', #255, 1000.000000000000000 ) ;
#3538 = CIRCLE ( 'NONE', #1955, 0.1999999999999999833 ) ;
#3539 = LINE ( 'NONE', #1866, #3537 ) ;
#3540 = CARTESIAN_POINT ( 'NONE',  ( -0.8749999999999998890, 0.5000000000000000000, -0.5199999999999997957 ) ) ;
#3541 = ORIENTED_EDGE ( 'NONE', *, *, #2377, .F. ) ;
#3542 = AXIS2_PLACEMENT_3D ( 'NONE', #2184, #2766, #1688 ) ;
#3543 = PRESENTATION_LAYER_ASSIGNMENT (  '', '', ( #3069 ) ) ;
#3544 = VECTOR ( 'NONE', #1171, 1000.000000000000000 ) ;
#3545 = CARTESIAN_POINT ( 'NONE',  ( 0.7200000000000007505, 0.2718375329420474329, 0.7325499560772695817 ) ) ;
#3546 = CARTESIAN_POINT ( 'NONE',  ( -0.8999999999999995781, 0.000000000000000000, -0.8000000000000003775 ) ) ;
#3547 = LINE ( 'NONE', #696, #2135 ) ;
#3548 = CARTESIAN_POINT ( 'NONE',  ( 0.9300000000000002709, 0.000000000000000000, 0.8000000000000003775 ) ) ;
#3549 = ORIENTED_EDGE ( 'NONE', *, *, #2896, .T. ) ;
#3550 = EDGE_CURVE ( 'NONE', #1614, #783, #1909, .T. ) ;
#3551 = EDGE_LOOP ( 'NONE', ( #1988, #1784, #1768, #1632 ) ) ;
#3552 = DIRECTION ( 'NONE',  ( -1.000000000000000000, -0.000000000000000000, -7.529181753371558706E-17 ) ) ;
#3553 = ORIENTED_EDGE ( 'NONE', *, *, #2423, .T. ) ;
#3554 = EDGE_CURVE ( 'NONE', #1738, #1904, #1327, .T. ) ;
#3555 = FACE_OUTER_BOUND ( 'NONE', #1577, .T. ) ;
#3556 = FILL_AREA_STYLE_COLOUR ( '', #681 ) ;
#3557 = ORIENTED_EDGE ( 'NONE', *, *, #1178, .F. ) ;
#3558 = AXIS2_PLACEMENT_3D ( 'NONE', #2446, #210, #1949 ) ;
#3559 = DIRECTION ( 'NONE',  ( -0.000000000000000000, -1.000000000000000000, -0.000000000000000000 ) ) ;
#3560 = LINE ( 'NONE', #786, #2981 ) ;
#3561 = UNCERTAINTY_MEASURE_WITH_UNIT (LENGTH_MEASURE( 1.000000000000000082E-05 ), #3167, 'distance_accuracy_value', 'NONE');
#3562 = DIRECTION ( 'NONE',  ( 0.7071067811865502373, 0.000000000000000000, 0.7071067811865449082 ) ) ;
#3563 = DIRECTION ( 'NONE',  ( 0.000000000000000000, -1.000000000000000000, 0.000000000000000000 ) ) ;
#3564 =( NAMED_UNIT ( * ) SI_UNIT ( $, .STERADIAN. ) SOLID_ANGLE_UNIT ( ) );
#3565 = CARTESIAN_POINT ( 'NONE',  ( 0.7996204058434044359, 0.5000000000000000000, -0.6598671836946381486 ) ) ;
#3566 = VECTOR ( 'NONE', #610, 1000.000000000000000 ) ;
#3567 = ORIENTED_EDGE ( 'NONE', *, *, #3580, .F. ) ;
#3568 = ORIENTED_EDGE ( 'NONE', *, *, #2811, .F. ) ;
#3569 = PLANE ( 'NONE',  #3428 ) ;
#3570 = VERTEX_POINT ( 'NONE', #11 ) ;
#3571 = EDGE_CURVE ( 'NONE', #2866, #2380, #3309, .T. ) ;
#3572 = CARTESIAN_POINT ( 'NONE',  ( -0.3500000000000000333, 0.000000000000000000, 0.2499999999999998890 ) ) ;
#3573 = CARTESIAN_POINT ( 'NONE',  ( 0.3500000000000001998, 0.1275000000000000022, 0.2500000000000000555 ) ) ;
#3574 = VERTEX_POINT ( 'NONE', #225 ) ;
#3575 = EDGE_CURVE ( 'NONE', #1502, #885, #1507, .T. ) ;
#3576 = VECTOR ( 'NONE', #1165, 1000.000000000000000 ) ;
#3577 = CARTESIAN_POINT ( 'NONE',  ( -0.8300000000000000711, 0.1275000000000000022, 0.7299999999999998712 ) ) ;
#3578 = LINE ( 'NONE', #498, #3041 ) ;
#3579 = VECTOR ( 'NONE', #1508, 1000.000000000000000 ) ;
#3580 = EDGE_CURVE ( 'NONE', #744, #2239, #2164, .T. ) ;
#3581 = DIRECTION ( 'NONE',  ( 0.000000000000000000, 1.000000000000000000, 0.000000000000000000 ) ) ;
#3582 = FACE_OUTER_BOUND ( 'NONE', #756, .T. ) ;
#3583 = CARTESIAN_POINT ( 'NONE',  ( -0.9300000000000002709, 0.000000000000000000, 0.2499999999999998890 ) ) ;
#3584 = ORIENTED_EDGE ( 'NONE', *, *, #1269, .F. ) ;
#3585 = CARTESIAN_POINT ( 'NONE',  ( -1.007499999999999396, 0.3249999999999999556, -0.5200000000000001288 ) ) ;
#3586 = ORIENTED_EDGE ( 'NONE', *, *, #1006, .T. ) ;
#3587 = CARTESIAN_POINT ( 'NONE',  ( -0.9299999999999999378, 0.000000000000000000, 0.2499999999999999445 ) ) ;
#3588 = ORIENTED_EDGE ( 'NONE', *, *, #1645, .F. ) ;
#3589 = CARTESIAN_POINT ( 'NONE',  ( -0.3499999999999999223, 0.9789693182963199458, 0.7299999999999999822 ) ) ;
#3590 = DIRECTION ( 'NONE',  ( 0.000000000000000000, -1.000000000000000000, 0.000000000000000000 ) ) ;
#3591 = VECTOR ( 'NONE', #2800, 1000.000000000000114 ) ;
#3592 = FILL_AREA_STYLE ('',( #2718 ) ) ;
#3593 = ORIENTED_EDGE ( 'NONE', *, *, #3356, .T. ) ;
#3594 = VECTOR ( 'NONE', #2724, 1000.000000000000000 ) ;
#3595 = ADVANCED_FACE ( 'NONE', ( #3040 ), #1873, .T. ) ;
#3596 = CARTESIAN_POINT ( 'NONE',  ( -0.9300000000000002709, 0.1275000000000000022, 0.6299999999999996714 ) ) ;
#3597 = CARTESIAN_POINT ( 'NONE',  ( -0.9000000000000002442, 0.2500000000000000000, 0.8000000000000001554 ) ) ;
#3598 = VECTOR ( 'NONE', #3361, 1000.000000000000000 ) ;
#3599 = CARTESIAN_POINT ( 'NONE',  ( -0.8300000000000000711, 0.1275000000000000022, 0.7299999999999998712 ) ) ;
#3600 = VECTOR ( 'NONE', #797, 1000.000000000000227 ) ;
#3601 = ADVANCED_FACE ( 'NONE', ( #478 ), #517, .T. ) ;
#3602 = DIRECTION ( 'NONE',  ( -1.000000000000000000, 0.000000000000000000, 0.000000000000000000 ) ) ;
#3603 =( NAMED_UNIT ( * ) PLANE_ANGLE_UNIT ( ) SI_UNIT ( $, .RADIAN. ) );
#3604 = LINE ( 'NONE', #2187, #1237 ) ;
#3605 = ORIENTED_EDGE ( 'NONE', *, *, #1823, .F. ) ;
#3606 = EDGE_CURVE ( 'NONE', #440, #2750, #1624, .T. ) ;
#3607 = CARTESIAN_POINT ( 'NONE',  ( -0.7199999999999999734, 0.4750000000000008105, -0.6999999999999999556 ) ) ;
#3608 = DIRECTION ( 'NONE',  ( -0.000000000000000000, -1.000000000000000000, -0.000000000000000000 ) ) ;
#3609 = ORIENTED_EDGE ( 'NONE', *, *, #3120, .T. ) ;
#3610 = CARTESIAN_POINT ( 'NONE',  ( 1.000000000000000000, 0.1275000000000000022, 0.8000000000000003775 ) ) ;
#3611 = CARTESIAN_POINT ( 'NONE',  ( -0.9999999999999997780, 0.1275000000000000022, -0.8000000000000003775 ) ) ;
#3612 = ORIENTED_EDGE ( 'NONE', *, *, #2090, .T. ) ;
#3613 = VERTEX_POINT ( 'NONE', #2469 ) ;
#3614 = CARTESIAN_POINT ( 'NONE',  ( 0.8999999999999998002, 0.1275000000000000022, 0.8000000000000001554 ) ) ;
#3615 = CARTESIAN_POINT ( 'NONE',  ( 0.7200000000000005285, 0.4750000000000010325, 0.7000000000000000666 ) ) ;
#3616 = ADVANCED_FACE ( 'NONE', ( #1345 ), #246, .F. ) ;
#3617 = PLANE ( 'NONE',  #1262 ) ;
#3618 = PLANE ( 'NONE',  #1545 ) ;
#3619 = CARTESIAN_POINT ( 'NONE',  ( -0.3499999999999998113, 0.000000000000000000, -0.4500000000000005662 ) ) ;
#3620 = FACE_OUTER_BOUND ( 'NONE', #2714, .T. ) ;
#3621 = EDGE_LOOP ( 'NONE', ( #431, #230, #359, #3121 ) ) ;
#3622 = EDGE_CURVE ( 'NONE', #1862, #273, #267, .T. ) ;
#3623 = FACE_OUTER_BOUND ( 'NONE', #3515, .T. ) ;
ENDSEC;
END-ISO-10303-21;
