ISO-10303-21;
HEADER;
FILE_DESCRIPTION(('STEP AP242'),'1');
FILE_NAME('connector_a-hds_15_ll_z.stp','2020-09-03T20:40:06',('TraceParts'),('TraceParts S.A.'),'Spatial InterOp 3D',' ',' ');
FILE_SCHEMA(('AP242_MANAGED_MODEL_BASED_3D_ENGINEERING_MIM_LF  {1 0 10303 442 1 1 4}'));
ENDSEC;
DATA;
#1=MECHANICAL_DESIGN_GEOMETRIC_PRESENTATION_REPRESENTATION(' ',(#10,#11,#12,#13,#14,#15,#16,#17,#18,#19,#20,#21,#22,#23,#24,#25,#26,#27,#28,#29,#30,#31,#32,#33,#34,#35,#36,#37,#38,#39,#40,#41,#42,#43,#44,#45,#46,#47,#48,#49,#50,#51,#52,#53,#54,#55,#56,#57,#58,#59,#60,#61,#62,#63,#64,#65,#66,#67,#68,#69,#70,#71,#72,#73,#74,#75,#76,#77,#78,#79,#80,#81,#82,#83,#84,#85,#86,#87,#88,#89,#90,#91,#92,#93,#94,#95,#96,#97,#98,#99,#100,#101,#102,#103,#104,#105,#106,#107,#108,#109,#110,#111,#112,#113,#114,#115,#116,#117,#118,#119,#120,#121,#122,#123,#124,#125,#126,#127,#128,#129,#130,#131,#132,#133,#134,#135,#136,#137,#138,#139,#140,#141,#142,#143,#144,#145,#146,#147,#148,#149,#150,#151,#152,#153,#154,#155,#156,#157,#158,#159,#160,#161,#162,#163,#164,#165,#166,#167,#168,#169,#170,#171,#172,#173,#174,#175,#176,#177,#178,#179,#180,#181,#182,#183,#184,#185,#186,#187,#188,#189,#190,#191,#192,#193,#194,#195,#196,#197,#198,#199,#200,#201,#202,#203,#204,#205,#206,#207,#208,#209,#210,#211,#212,#213,#214,#215,#216,#217,#218,#219,#220,#221,#222,#223,#224,#225,#226,#227,#228,#229,#230,#231,#232,#233,#234,#235,#236),#6);
#2=PRODUCT_DEFINITION_CONTEXT('',#237,'design');
#3=APPLICATION_PROTOCOL_DEFINITION('INTERNATIONAL STANDARD','ap242_managed_model_based_3d_engineering',2014,#237);
#4=PRODUCT_CATEGORY_RELATIONSHIP('NONE','NONE',#238,#239);
#5=SHAPE_DEFINITION_REPRESENTATION(#240,#241);
#6= (GEOMETRIC_REPRESENTATION_CONTEXT(3)GLOBAL_UNCERTAINTY_ASSIGNED_CONTEXT((#244))GLOBAL_UNIT_ASSIGNED_CONTEXT((#246,#247,#248))REPRESENTATION_CONTEXT('NONE','WORKSPACE'));
#10=STYLED_ITEM('',(#250),#251);
#11=STYLED_ITEM('',(#252),#253);
#12=STYLED_ITEM('',(#254),#255);
#13=STYLED_ITEM('',(#256),#257);
#14=STYLED_ITEM('',(#258),#259);
#15=STYLED_ITEM('',(#260),#261);
#16=STYLED_ITEM('',(#262),#263);
#17=STYLED_ITEM('',(#264),#265);
#18=STYLED_ITEM('',(#266),#267);
#19=STYLED_ITEM('',(#268),#269);
#20=STYLED_ITEM('',(#270),#271);
#21=STYLED_ITEM('',(#272),#273);
#22=STYLED_ITEM('',(#274),#275);
#23=STYLED_ITEM('',(#276),#277);
#24=STYLED_ITEM('',(#278),#279);
#25=STYLED_ITEM('',(#280),#281);
#26=STYLED_ITEM('',(#282),#283);
#27=STYLED_ITEM('',(#284),#285);
#28=STYLED_ITEM('',(#286),#287);
#29=STYLED_ITEM('',(#288),#289);
#30=STYLED_ITEM('',(#290),#291);
#31=STYLED_ITEM('',(#292),#293);
#32=STYLED_ITEM('',(#294),#295);
#33=STYLED_ITEM('',(#296),#297);
#34=STYLED_ITEM('',(#298),#299);
#35=STYLED_ITEM('',(#300),#301);
#36=STYLED_ITEM('',(#302),#303);
#37=STYLED_ITEM('',(#304),#305);
#38=STYLED_ITEM('',(#306),#307);
#39=STYLED_ITEM('',(#308),#309);
#40=STYLED_ITEM('',(#310),#311);
#41=STYLED_ITEM('',(#312),#313);
#42=STYLED_ITEM('',(#314),#315);
#43=STYLED_ITEM('',(#316),#317);
#44=STYLED_ITEM('',(#318),#319);
#45=STYLED_ITEM('',(#320),#321);
#46=STYLED_ITEM('',(#322),#323);
#47=STYLED_ITEM('',(#324),#325);
#48=STYLED_ITEM('',(#326),#327);
#49=STYLED_ITEM('',(#328),#329);
#50=STYLED_ITEM('',(#330),#331);
#51=STYLED_ITEM('',(#332),#333);
#52=STYLED_ITEM('',(#334),#335);
#53=STYLED_ITEM('',(#336),#337);
#54=STYLED_ITEM('',(#338),#339);
#55=STYLED_ITEM('',(#340),#341);
#56=STYLED_ITEM('',(#342),#343);
#57=STYLED_ITEM('',(#344),#345);
#58=STYLED_ITEM('',(#346),#347);
#59=STYLED_ITEM('',(#348),#349);
#60=STYLED_ITEM('',(#350),#351);
#61=STYLED_ITEM('',(#352),#353);
#62=STYLED_ITEM('',(#354),#355);
#63=STYLED_ITEM('',(#356),#357);
#64=STYLED_ITEM('',(#358),#359);
#65=STYLED_ITEM('',(#360),#361);
#66=STYLED_ITEM('',(#362),#363);
#67=STYLED_ITEM('',(#364),#365);
#68=STYLED_ITEM('',(#366),#367);
#69=STYLED_ITEM('',(#368),#369);
#70=STYLED_ITEM('',(#370),#371);
#71=STYLED_ITEM('',(#372),#373);
#72=STYLED_ITEM('',(#374),#375);
#73=STYLED_ITEM('',(#376),#377);
#74=STYLED_ITEM('',(#378),#379);
#75=STYLED_ITEM('',(#380),#381);
#76=STYLED_ITEM('',(#382),#383);
#77=STYLED_ITEM('',(#384),#385);
#78=STYLED_ITEM('',(#386),#387);
#79=STYLED_ITEM('',(#388),#389);
#80=STYLED_ITEM('',(#390),#391);
#81=STYLED_ITEM('',(#392),#393);
#82=STYLED_ITEM('',(#394),#395);
#83=STYLED_ITEM('',(#396),#397);
#84=STYLED_ITEM('',(#398),#399);
#85=STYLED_ITEM('',(#400),#401);
#86=STYLED_ITEM('',(#402),#403);
#87=STYLED_ITEM('',(#404),#405);
#88=STYLED_ITEM('',(#406),#407);
#89=STYLED_ITEM('',(#408),#409);
#90=STYLED_ITEM('',(#410),#411);
#91=STYLED_ITEM('',(#412),#413);
#92=STYLED_ITEM('',(#414),#415);
#93=STYLED_ITEM('',(#416),#417);
#94=STYLED_ITEM('',(#418),#419);
#95=STYLED_ITEM('',(#420),#421);
#96=STYLED_ITEM('',(#422),#423);
#97=STYLED_ITEM('',(#424),#425);
#98=STYLED_ITEM('',(#426),#427);
#99=STYLED_ITEM('',(#428),#429);
#100=STYLED_ITEM('',(#430),#431);
#101=STYLED_ITEM('',(#432),#433);
#102=STYLED_ITEM('',(#434),#435);
#103=STYLED_ITEM('',(#436),#437);
#104=STYLED_ITEM('',(#438),#439);
#105=STYLED_ITEM('',(#440),#441);
#106=STYLED_ITEM('',(#442),#443);
#107=STYLED_ITEM('',(#444),#445);
#108=STYLED_ITEM('',(#446),#447);
#109=STYLED_ITEM('',(#448),#449);
#110=STYLED_ITEM('',(#450),#451);
#111=STYLED_ITEM('',(#452),#453);
#112=STYLED_ITEM('',(#454),#455);
#113=STYLED_ITEM('',(#456),#457);
#114=STYLED_ITEM('',(#458),#459);
#115=STYLED_ITEM('',(#460),#461);
#116=STYLED_ITEM('',(#462),#463);
#117=STYLED_ITEM('',(#464),#465);
#118=STYLED_ITEM('',(#466),#467);
#119=STYLED_ITEM('',(#468),#469);
#120=STYLED_ITEM('',(#470),#471);
#121=STYLED_ITEM('',(#472),#473);
#122=STYLED_ITEM('',(#474),#475);
#123=STYLED_ITEM('',(#476),#477);
#124=STYLED_ITEM('',(#478),#479);
#125=STYLED_ITEM('',(#480),#481);
#126=STYLED_ITEM('',(#482),#483);
#127=STYLED_ITEM('',(#484),#485);
#128=STYLED_ITEM('',(#486),#487);
#129=STYLED_ITEM('',(#488),#489);
#130=STYLED_ITEM('',(#490),#491);
#131=STYLED_ITEM('',(#492),#493);
#132=STYLED_ITEM('',(#494),#495);
#133=STYLED_ITEM('',(#496),#497);
#134=STYLED_ITEM('',(#498),#499);
#135=STYLED_ITEM('',(#500),#501);
#136=STYLED_ITEM('',(#502),#503);
#137=STYLED_ITEM('',(#504),#505);
#138=STYLED_ITEM('',(#506),#507);
#139=STYLED_ITEM('',(#508),#509);
#140=STYLED_ITEM('',(#510),#511);
#141=STYLED_ITEM('',(#512),#513);
#142=STYLED_ITEM('',(#514),#515);
#143=STYLED_ITEM('',(#516),#517);
#144=STYLED_ITEM('',(#518),#519);
#145=STYLED_ITEM('',(#520),#521);
#146=STYLED_ITEM('',(#522),#523);
#147=STYLED_ITEM('',(#524),#525);
#148=STYLED_ITEM('',(#526),#527);
#149=STYLED_ITEM('',(#528),#529);
#150=STYLED_ITEM('',(#530),#531);
#151=STYLED_ITEM('',(#532),#533);
#152=STYLED_ITEM('',(#534),#535);
#153=STYLED_ITEM('',(#536),#537);
#154=STYLED_ITEM('',(#538),#539);
#155=STYLED_ITEM('',(#540),#541);
#156=STYLED_ITEM('',(#542),#543);
#157=STYLED_ITEM('',(#544),#545);
#158=STYLED_ITEM('',(#546),#547);
#159=STYLED_ITEM('',(#548),#549);
#160=STYLED_ITEM('',(#550),#551);
#161=STYLED_ITEM('',(#552),#553);
#162=STYLED_ITEM('',(#554),#555);
#163=STYLED_ITEM('',(#556),#557);
#164=STYLED_ITEM('',(#558),#559);
#165=STYLED_ITEM('',(#560),#561);
#166=STYLED_ITEM('',(#562),#563);
#167=STYLED_ITEM('',(#564),#565);
#168=STYLED_ITEM('',(#566),#567);
#169=STYLED_ITEM('',(#568),#569);
#170=STYLED_ITEM('',(#570),#571);
#171=STYLED_ITEM('',(#572),#573);
#172=STYLED_ITEM('',(#574),#575);
#173=STYLED_ITEM('',(#576),#577);
#174=STYLED_ITEM('',(#578),#579);
#175=STYLED_ITEM('',(#580),#581);
#176=STYLED_ITEM('',(#582),#583);
#177=STYLED_ITEM('',(#584),#585);
#178=STYLED_ITEM('',(#586),#587);
#179=STYLED_ITEM('',(#588),#589);
#180=STYLED_ITEM('',(#590),#591);
#181=STYLED_ITEM('',(#592),#593);
#182=STYLED_ITEM('',(#594),#595);
#183=STYLED_ITEM('',(#596),#597);
#184=STYLED_ITEM('',(#598),#599);
#185=STYLED_ITEM('',(#600),#601);
#186=STYLED_ITEM('',(#602),#603);
#187=STYLED_ITEM('',(#604),#605);
#188=STYLED_ITEM('',(#606),#607);
#189=STYLED_ITEM('',(#608),#609);
#190=STYLED_ITEM('',(#610),#611);
#191=STYLED_ITEM('',(#612),#613);
#192=STYLED_ITEM('',(#614),#615);
#193=STYLED_ITEM('',(#616),#617);
#194=STYLED_ITEM('',(#618),#619);
#195=STYLED_ITEM('',(#620),#621);
#196=STYLED_ITEM('',(#622),#623);
#197=STYLED_ITEM('',(#624),#625);
#198=STYLED_ITEM('',(#626),#627);
#199=STYLED_ITEM('',(#628),#629);
#200=STYLED_ITEM('',(#630),#631);
#201=STYLED_ITEM('',(#632),#633);
#202=STYLED_ITEM('',(#634),#635);
#203=STYLED_ITEM('',(#636),#637);
#204=STYLED_ITEM('',(#638),#639);
#205=STYLED_ITEM('',(#640),#641);
#206=STYLED_ITEM('',(#642),#643);
#207=STYLED_ITEM('',(#644),#645);
#208=STYLED_ITEM('',(#646),#647);
#209=STYLED_ITEM('',(#648),#649);
#210=STYLED_ITEM('',(#650),#651);
#211=STYLED_ITEM('',(#652),#653);
#212=STYLED_ITEM('',(#654),#655);
#213=STYLED_ITEM('',(#656),#657);
#214=STYLED_ITEM('',(#658),#659);
#215=STYLED_ITEM('',(#660),#661);
#216=STYLED_ITEM('',(#662),#663);
#217=STYLED_ITEM('',(#664),#665);
#218=STYLED_ITEM('',(#666),#667);
#219=STYLED_ITEM('',(#668),#669);
#220=STYLED_ITEM('',(#670),#671);
#221=STYLED_ITEM('',(#672),#673);
#222=STYLED_ITEM('',(#674),#675);
#223=STYLED_ITEM('',(#676),#677);
#224=STYLED_ITEM('',(#678),#679);
#225=STYLED_ITEM('',(#680),#681);
#226=STYLED_ITEM('',(#682),#683);
#227=STYLED_ITEM('',(#684),#685);
#228=STYLED_ITEM('',(#686),#687);
#229=STYLED_ITEM('',(#688),#689);
#230=STYLED_ITEM('',(#690),#691);
#231=STYLED_ITEM('',(#692),#693);
#232=STYLED_ITEM('',(#694),#695);
#233=STYLED_ITEM('',(#696),#697);
#234=STYLED_ITEM('',(#698),#699);
#235=STYLED_ITEM('',(#700),#701);
#236=STYLED_ITEM('',(#702),#703);
#237=APPLICATION_CONTEXT('managed model based 3d engineering');
#238=PRODUCT_CATEGORY('part','NONE');
#239=PRODUCT_RELATED_PRODUCT_CATEGORY('detail',' ',(#704));
#240=PRODUCT_DEFINITION_SHAPE('NONE','NONE',#705);
#241=ADVANCED_BREP_SHAPE_REPRESENTATION('connector_a-hds_15_ll_z',(#706,#707),#6);
#244=UNCERTAINTY_MEASURE_WITH_UNIT(LENGTH_MEASURE(1.0E-06),#246,'','');
#246= (CONVERSION_BASED_UNIT('MILLIMETRE',#710)LENGTH_UNIT()NAMED_UNIT(#713));
#247= (NAMED_UNIT(#715)PLANE_ANGLE_UNIT()SI_UNIT($,.RADIAN.));
#248= (NAMED_UNIT(#715)SOLID_ANGLE_UNIT()SI_UNIT($,.STERADIAN.));
#250=PRESENTATION_STYLE_ASSIGNMENT((#721));
#251=ADVANCED_FACE('',(#722),#723,.T.);
#252=PRESENTATION_STYLE_ASSIGNMENT((#724));
#253=ADVANCED_FACE('',(#725),#726,.T.);
#254=PRESENTATION_STYLE_ASSIGNMENT((#727));
#255=ADVANCED_FACE('',(#728),#729,.F.);
#256=PRESENTATION_STYLE_ASSIGNMENT((#730));
#257=ADVANCED_FACE('',(#731),#732,.F.);
#258=PRESENTATION_STYLE_ASSIGNMENT((#733));
#259=ADVANCED_FACE('',(#734),#735,.T.);
#260=PRESENTATION_STYLE_ASSIGNMENT((#736));
#261=ADVANCED_FACE('',(#737),#738,.T.);
#262=PRESENTATION_STYLE_ASSIGNMENT((#739));
#263=ADVANCED_FACE('',(#740),#741,.T.);
#264=PRESENTATION_STYLE_ASSIGNMENT((#742));
#265=ADVANCED_FACE('',(#743),#744,.T.);
#266=PRESENTATION_STYLE_ASSIGNMENT((#745));
#267=ADVANCED_FACE('',(#746),#747,.T.);
#268=PRESENTATION_STYLE_ASSIGNMENT((#748));
#269=ADVANCED_FACE('',(#749),#750,.T.);
#270=PRESENTATION_STYLE_ASSIGNMENT((#751));
#271=ADVANCED_FACE('',(#752),#753,.T.);
#272=PRESENTATION_STYLE_ASSIGNMENT((#754));
#273=ADVANCED_FACE('',(#755),#756,.T.);
#274=PRESENTATION_STYLE_ASSIGNMENT((#757));
#275=ADVANCED_FACE('',(#758),#759,.T.);
#276=PRESENTATION_STYLE_ASSIGNMENT((#760));
#277=ADVANCED_FACE('',(#761),#762,.T.);
#278=PRESENTATION_STYLE_ASSIGNMENT((#763));
#279=ADVANCED_FACE('',(#764),#765,.T.);
#280=PRESENTATION_STYLE_ASSIGNMENT((#766));
#281=ADVANCED_FACE('',(#767),#768,.T.);
#282=PRESENTATION_STYLE_ASSIGNMENT((#769));
#283=ADVANCED_FACE('',(#770),#771,.T.);
#284=PRESENTATION_STYLE_ASSIGNMENT((#772));
#285=ADVANCED_FACE('',(#773),#774,.T.);
#286=PRESENTATION_STYLE_ASSIGNMENT((#775));
#287=ADVANCED_FACE('',(#776),#777,.T.);
#288=PRESENTATION_STYLE_ASSIGNMENT((#778));
#289=ADVANCED_FACE('',(#779),#780,.F.);
#290=PRESENTATION_STYLE_ASSIGNMENT((#781));
#291=ADVANCED_FACE('',(#782),#783,.T.);
#292=PRESENTATION_STYLE_ASSIGNMENT((#784));
#293=ADVANCED_FACE('',(#785),#786,.T.);
#294=PRESENTATION_STYLE_ASSIGNMENT((#787));
#295=ADVANCED_FACE('',(#788),#789,.T.);
#296=PRESENTATION_STYLE_ASSIGNMENT((#790));
#297=ADVANCED_FACE('',(#791),#792,.T.);
#298=PRESENTATION_STYLE_ASSIGNMENT((#793));
#299=ADVANCED_FACE('',(#794),#795,.T.);
#300=PRESENTATION_STYLE_ASSIGNMENT((#796));
#301=ADVANCED_FACE('',(#797),#798,.T.);
#302=PRESENTATION_STYLE_ASSIGNMENT((#799));
#303=ADVANCED_FACE('',(#800),#801,.F.);
#304=PRESENTATION_STYLE_ASSIGNMENT((#802));
#305=ADVANCED_FACE('',(#803),#804,.T.);
#306=PRESENTATION_STYLE_ASSIGNMENT((#805));
#307=ADVANCED_FACE('',(#806),#807,.T.);
#308=PRESENTATION_STYLE_ASSIGNMENT((#808));
#309=ADVANCED_FACE('',(#809),#810,.T.);
#310=PRESENTATION_STYLE_ASSIGNMENT((#811));
#311=ADVANCED_FACE('',(#812),#813,.T.);
#312=PRESENTATION_STYLE_ASSIGNMENT((#814));
#313=ADVANCED_FACE('',(#815),#816,.T.);
#314=PRESENTATION_STYLE_ASSIGNMENT((#817));
#315=ADVANCED_FACE('',(#818),#819,.T.);
#316=PRESENTATION_STYLE_ASSIGNMENT((#820));
#317=ADVANCED_FACE('',(#821),#822,.F.);
#318=PRESENTATION_STYLE_ASSIGNMENT((#823));
#319=ADVANCED_FACE('',(#824),#825,.T.);
#320=PRESENTATION_STYLE_ASSIGNMENT((#826));
#321=ADVANCED_FACE('',(#827),#828,.T.);
#322=PRESENTATION_STYLE_ASSIGNMENT((#829));
#323=ADVANCED_FACE('',(#830),#831,.T.);
#324=PRESENTATION_STYLE_ASSIGNMENT((#832));
#325=ADVANCED_FACE('',(#833),#834,.T.);
#326=PRESENTATION_STYLE_ASSIGNMENT((#835));
#327=ADVANCED_FACE('',(#836),#837,.T.);
#328=PRESENTATION_STYLE_ASSIGNMENT((#838));
#329=ADVANCED_FACE('',(#839),#840,.T.);
#330=PRESENTATION_STYLE_ASSIGNMENT((#841));
#331=ADVANCED_FACE('',(#842),#843,.F.);
#332=PRESENTATION_STYLE_ASSIGNMENT((#844));
#333=ADVANCED_FACE('',(#845),#846,.T.);
#334=PRESENTATION_STYLE_ASSIGNMENT((#847));
#335=ADVANCED_FACE('',(#848),#849,.T.);
#336=PRESENTATION_STYLE_ASSIGNMENT((#850));
#337=ADVANCED_FACE('',(#851),#852,.T.);
#338=PRESENTATION_STYLE_ASSIGNMENT((#853));
#339=ADVANCED_FACE('',(#854),#855,.T.);
#340=PRESENTATION_STYLE_ASSIGNMENT((#856));
#341=ADVANCED_FACE('',(#857),#858,.T.);
#342=PRESENTATION_STYLE_ASSIGNMENT((#859));
#343=ADVANCED_FACE('',(#860),#861,.T.);
#344=PRESENTATION_STYLE_ASSIGNMENT((#862));
#345=ADVANCED_FACE('',(#863),#864,.F.);
#346=PRESENTATION_STYLE_ASSIGNMENT((#865));
#347=ADVANCED_FACE('',(#866),#867,.T.);
#348=PRESENTATION_STYLE_ASSIGNMENT((#868));
#349=ADVANCED_FACE('',(#869),#870,.T.);
#350=PRESENTATION_STYLE_ASSIGNMENT((#871));
#351=ADVANCED_FACE('',(#872),#873,.T.);
#352=PRESENTATION_STYLE_ASSIGNMENT((#874));
#353=ADVANCED_FACE('',(#875),#876,.T.);
#354=PRESENTATION_STYLE_ASSIGNMENT((#877));
#355=ADVANCED_FACE('',(#878),#879,.T.);
#356=PRESENTATION_STYLE_ASSIGNMENT((#880));
#357=ADVANCED_FACE('',(#881),#882,.T.);
#358=PRESENTATION_STYLE_ASSIGNMENT((#883));
#359=ADVANCED_FACE('',(#884),#885,.F.);
#360=PRESENTATION_STYLE_ASSIGNMENT((#886));
#361=ADVANCED_FACE('',(#887),#888,.T.);
#362=PRESENTATION_STYLE_ASSIGNMENT((#889));
#363=ADVANCED_FACE('',(#890),#891,.T.);
#364=PRESENTATION_STYLE_ASSIGNMENT((#892));
#365=ADVANCED_FACE('',(#893),#894,.T.);
#366=PRESENTATION_STYLE_ASSIGNMENT((#895));
#367=ADVANCED_FACE('',(#896),#897,.T.);
#368=PRESENTATION_STYLE_ASSIGNMENT((#898));
#369=ADVANCED_FACE('',(#899),#900,.T.);
#370=PRESENTATION_STYLE_ASSIGNMENT((#901));
#371=ADVANCED_FACE('',(#902),#903,.T.);
#372=PRESENTATION_STYLE_ASSIGNMENT((#904));
#373=ADVANCED_FACE('',(#905),#906,.F.);
#374=PRESENTATION_STYLE_ASSIGNMENT((#907));
#375=ADVANCED_FACE('',(#908),#909,.T.);
#376=PRESENTATION_STYLE_ASSIGNMENT((#910));
#377=ADVANCED_FACE('',(#911),#912,.T.);
#378=PRESENTATION_STYLE_ASSIGNMENT((#913));
#379=ADVANCED_FACE('',(#914),#915,.T.);
#380=PRESENTATION_STYLE_ASSIGNMENT((#916));
#381=ADVANCED_FACE('',(#917),#918,.T.);
#382=PRESENTATION_STYLE_ASSIGNMENT((#919));
#383=ADVANCED_FACE('',(#920),#921,.T.);
#384=PRESENTATION_STYLE_ASSIGNMENT((#922));
#385=ADVANCED_FACE('',(#923),#924,.T.);
#386=PRESENTATION_STYLE_ASSIGNMENT((#925));
#387=ADVANCED_FACE('',(#926),#927,.F.);
#388=PRESENTATION_STYLE_ASSIGNMENT((#928));
#389=ADVANCED_FACE('',(#929),#930,.T.);
#390=PRESENTATION_STYLE_ASSIGNMENT((#931));
#391=ADVANCED_FACE('',(#932),#933,.T.);
#392=PRESENTATION_STYLE_ASSIGNMENT((#934));
#393=ADVANCED_FACE('',(#935),#936,.T.);
#394=PRESENTATION_STYLE_ASSIGNMENT((#937));
#395=ADVANCED_FACE('',(#938),#939,.T.);
#396=PRESENTATION_STYLE_ASSIGNMENT((#940));
#397=ADVANCED_FACE('',(#941),#942,.T.);
#398=PRESENTATION_STYLE_ASSIGNMENT((#943));
#399=ADVANCED_FACE('',(#944),#945,.T.);
#400=PRESENTATION_STYLE_ASSIGNMENT((#946));
#401=ADVANCED_FACE('',(#947),#948,.F.);
#402=PRESENTATION_STYLE_ASSIGNMENT((#949));
#403=ADVANCED_FACE('',(#950),#951,.T.);
#404=PRESENTATION_STYLE_ASSIGNMENT((#952));
#405=ADVANCED_FACE('',(#953),#954,.T.);
#406=PRESENTATION_STYLE_ASSIGNMENT((#955));
#407=ADVANCED_FACE('',(#956),#957,.T.);
#408=PRESENTATION_STYLE_ASSIGNMENT((#958));
#409=ADVANCED_FACE('',(#959),#960,.T.);
#410=PRESENTATION_STYLE_ASSIGNMENT((#961));
#411=ADVANCED_FACE('',(#962),#963,.T.);
#412=PRESENTATION_STYLE_ASSIGNMENT((#964));
#413=ADVANCED_FACE('',(#965),#966,.T.);
#414=PRESENTATION_STYLE_ASSIGNMENT((#967));
#415=ADVANCED_FACE('',(#968),#969,.F.);
#416=PRESENTATION_STYLE_ASSIGNMENT((#970));
#417=ADVANCED_FACE('',(#971),#972,.T.);
#418=PRESENTATION_STYLE_ASSIGNMENT((#973));
#419=ADVANCED_FACE('',(#974),#975,.T.);
#420=PRESENTATION_STYLE_ASSIGNMENT((#976));
#421=ADVANCED_FACE('',(#977),#978,.T.);
#422=PRESENTATION_STYLE_ASSIGNMENT((#979));
#423=ADVANCED_FACE('',(#980),#981,.T.);
#424=PRESENTATION_STYLE_ASSIGNMENT((#982));
#425=ADVANCED_FACE('',(#983),#984,.T.);
#426=PRESENTATION_STYLE_ASSIGNMENT((#985));
#427=ADVANCED_FACE('',(#986),#987,.T.);
#428=PRESENTATION_STYLE_ASSIGNMENT((#988));
#429=ADVANCED_FACE('',(#989),#990,.F.);
#430=PRESENTATION_STYLE_ASSIGNMENT((#991));
#431=ADVANCED_FACE('',(#992),#993,.T.);
#432=PRESENTATION_STYLE_ASSIGNMENT((#994));
#433=ADVANCED_FACE('',(#995),#996,.T.);
#434=PRESENTATION_STYLE_ASSIGNMENT((#997));
#435=ADVANCED_FACE('',(#998),#999,.T.);
#436=PRESENTATION_STYLE_ASSIGNMENT((#1000));
#437=ADVANCED_FACE('',(#1001),#1002,.T.);
#438=PRESENTATION_STYLE_ASSIGNMENT((#1003));
#439=ADVANCED_FACE('',(#1004),#1005,.T.);
#440=PRESENTATION_STYLE_ASSIGNMENT((#1006));
#441=ADVANCED_FACE('',(#1007),#1008,.T.);
#442=PRESENTATION_STYLE_ASSIGNMENT((#1009));
#443=ADVANCED_FACE('',(#1010),#1011,.F.);
#444=PRESENTATION_STYLE_ASSIGNMENT((#1012));
#445=ADVANCED_FACE('',(#1013),#1014,.T.);
#446=PRESENTATION_STYLE_ASSIGNMENT((#1015));
#447=ADVANCED_FACE('',(#1016),#1017,.T.);
#448=PRESENTATION_STYLE_ASSIGNMENT((#1018));
#449=ADVANCED_FACE('',(#1019),#1020,.T.);
#450=PRESENTATION_STYLE_ASSIGNMENT((#1021));
#451=ADVANCED_FACE('',(#1022),#1023,.T.);
#452=PRESENTATION_STYLE_ASSIGNMENT((#1024));
#453=ADVANCED_FACE('',(#1025),#1026,.T.);
#454=PRESENTATION_STYLE_ASSIGNMENT((#1027));
#455=ADVANCED_FACE('',(#1028),#1029,.T.);
#456=PRESENTATION_STYLE_ASSIGNMENT((#1030));
#457=ADVANCED_FACE('',(#1031),#1032,.F.);
#458=PRESENTATION_STYLE_ASSIGNMENT((#1033));
#459=ADVANCED_FACE('',(#1034),#1035,.T.);
#460=PRESENTATION_STYLE_ASSIGNMENT((#1036));
#461=ADVANCED_FACE('',(#1037),#1038,.T.);
#462=PRESENTATION_STYLE_ASSIGNMENT((#1039));
#463=ADVANCED_FACE('',(#1040),#1041,.T.);
#464=PRESENTATION_STYLE_ASSIGNMENT((#1042));
#465=ADVANCED_FACE('',(#1043),#1044,.T.);
#466=PRESENTATION_STYLE_ASSIGNMENT((#1045));
#467=ADVANCED_FACE('',(#1046),#1047,.T.);
#468=PRESENTATION_STYLE_ASSIGNMENT((#1048));
#469=ADVANCED_FACE('',(#1049),#1050,.T.);
#470=PRESENTATION_STYLE_ASSIGNMENT((#1051));
#471=ADVANCED_FACE('',(#1052),#1053,.F.);
#472=PRESENTATION_STYLE_ASSIGNMENT((#1054));
#473=ADVANCED_FACE('',(#1055),#1056,.T.);
#474=PRESENTATION_STYLE_ASSIGNMENT((#1057));
#475=ADVANCED_FACE('',(#1058),#1059,.T.);
#476=PRESENTATION_STYLE_ASSIGNMENT((#1060));
#477=ADVANCED_FACE('',(#1061),#1062,.T.);
#478=PRESENTATION_STYLE_ASSIGNMENT((#1063));
#479=ADVANCED_FACE('',(#1064),#1065,.T.);
#480=PRESENTATION_STYLE_ASSIGNMENT((#1066));
#481=ADVANCED_FACE('',(#1067),#1068,.T.);
#482=PRESENTATION_STYLE_ASSIGNMENT((#1069));
#483=ADVANCED_FACE('',(#1070),#1071,.T.);
#484=PRESENTATION_STYLE_ASSIGNMENT((#1072));
#485=ADVANCED_FACE('',(#1073),#1074,.F.);
#486=PRESENTATION_STYLE_ASSIGNMENT((#1075));
#487=ADVANCED_FACE('',(#1076),#1077,.T.);
#488=PRESENTATION_STYLE_ASSIGNMENT((#1078));
#489=ADVANCED_FACE('',(#1079),#1080,.T.);
#490=PRESENTATION_STYLE_ASSIGNMENT((#1081));
#491=ADVANCED_FACE('',(#1082),#1083,.T.);
#492=PRESENTATION_STYLE_ASSIGNMENT((#1084));
#493=ADVANCED_FACE('',(#1085),#1086,.T.);
#494=PRESENTATION_STYLE_ASSIGNMENT((#1087));
#495=ADVANCED_FACE('',(#1088),#1089,.T.);
#496=PRESENTATION_STYLE_ASSIGNMENT((#1090));
#497=ADVANCED_FACE('',(#1091),#1092,.T.);
#498=PRESENTATION_STYLE_ASSIGNMENT((#1093));
#499=ADVANCED_FACE('',(#1094),#1095,.T.);
#500=PRESENTATION_STYLE_ASSIGNMENT((#1096));
#501=ADVANCED_FACE('',(#1097),#1098,.T.);
#502=PRESENTATION_STYLE_ASSIGNMENT((#1099));
#503=ADVANCED_FACE('',(#1100),#1101,.T.);
#504=PRESENTATION_STYLE_ASSIGNMENT((#1102));
#505=ADVANCED_FACE('',(#1103),#1104,.T.);
#506=PRESENTATION_STYLE_ASSIGNMENT((#1105));
#507=ADVANCED_FACE('',(#1106),#1107,.T.);
#508=PRESENTATION_STYLE_ASSIGNMENT((#1108));
#509=ADVANCED_FACE('',(#1109),#1110,.T.);
#510=PRESENTATION_STYLE_ASSIGNMENT((#1111));
#511=ADVANCED_FACE('',(#1112),#1113,.T.);
#512=PRESENTATION_STYLE_ASSIGNMENT((#1114));
#513=ADVANCED_FACE('',(#1115),#1116,.T.);
#514=PRESENTATION_STYLE_ASSIGNMENT((#1117));
#515=ADVANCED_FACE('',(#1118),#1119,.T.);
#516=PRESENTATION_STYLE_ASSIGNMENT((#1120));
#517=ADVANCED_FACE('',(#1121),#1122,.T.);
#518=PRESENTATION_STYLE_ASSIGNMENT((#1123));
#519=ADVANCED_FACE('',(#1124),#1125,.T.);
#520=PRESENTATION_STYLE_ASSIGNMENT((#1126));
#521=ADVANCED_FACE('',(#1127),#1128,.T.);
#522=PRESENTATION_STYLE_ASSIGNMENT((#1129));
#523=ADVANCED_FACE('',(#1130),#1131,.T.);
#524=PRESENTATION_STYLE_ASSIGNMENT((#1132));
#525=ADVANCED_FACE('',(#1133,#1134,#1135,#1136,#1137,#1138,#1139,#1140,#1141,#1142,#1143,#1144,#1145,#1146,#1147,#1148),#1149,.T.);
#526=PRESENTATION_STYLE_ASSIGNMENT((#1150));
#527=ADVANCED_FACE('',(#1151),#1152,.T.);
#528=PRESENTATION_STYLE_ASSIGNMENT((#1153));
#529=ADVANCED_FACE('',(#1154),#1155,.T.);
#530=PRESENTATION_STYLE_ASSIGNMENT((#1156));
#531=ADVANCED_FACE('',(#1157),#1158,.T.);
#532=PRESENTATION_STYLE_ASSIGNMENT((#1159));
#533=ADVANCED_FACE('',(#1160),#1161,.F.);
#534=PRESENTATION_STYLE_ASSIGNMENT((#1162));
#535=ADVANCED_FACE('',(#1163),#1164,.F.);
#536=PRESENTATION_STYLE_ASSIGNMENT((#1165));
#537=ADVANCED_FACE('',(#1166),#1167,.F.);
#538=PRESENTATION_STYLE_ASSIGNMENT((#1168));
#539=ADVANCED_FACE('',(#1169),#1170,.F.);
#540=PRESENTATION_STYLE_ASSIGNMENT((#1171));
#541=ADVANCED_FACE('',(#1172),#1173,.F.);
#542=PRESENTATION_STYLE_ASSIGNMENT((#1174));
#543=ADVANCED_FACE('',(#1175),#1176,.F.);
#544=PRESENTATION_STYLE_ASSIGNMENT((#1177));
#545=ADVANCED_FACE('',(#1178),#1179,.F.);
#546=PRESENTATION_STYLE_ASSIGNMENT((#1180));
#547=ADVANCED_FACE('',(#1181),#1182,.F.);
#548=PRESENTATION_STYLE_ASSIGNMENT((#1183));
#549=ADVANCED_FACE('',(#1184),#1185,.F.);
#550=PRESENTATION_STYLE_ASSIGNMENT((#1186));
#551=ADVANCED_FACE('',(#1187),#1188,.F.);
#552=PRESENTATION_STYLE_ASSIGNMENT((#1189));
#553=ADVANCED_FACE('',(#1190),#1191,.F.);
#554=PRESENTATION_STYLE_ASSIGNMENT((#1192));
#555=ADVANCED_FACE('',(#1193),#1194,.F.);
#556=PRESENTATION_STYLE_ASSIGNMENT((#1195));
#557=ADVANCED_FACE('',(#1196),#1197,.F.);
#558=PRESENTATION_STYLE_ASSIGNMENT((#1198));
#559=ADVANCED_FACE('',(#1199),#1200,.F.);
#560=PRESENTATION_STYLE_ASSIGNMENT((#1201));
#561=ADVANCED_FACE('',(#1202),#1203,.F.);
#562=PRESENTATION_STYLE_ASSIGNMENT((#1204));
#563=ADVANCED_FACE('',(#1205),#1206,.F.);
#564=PRESENTATION_STYLE_ASSIGNMENT((#1207));
#565=ADVANCED_FACE('',(#1208),#1209,.F.);
#566=PRESENTATION_STYLE_ASSIGNMENT((#1210));
#567=ADVANCED_FACE('',(#1211),#1212,.F.);
#568=PRESENTATION_STYLE_ASSIGNMENT((#1213));
#569=ADVANCED_FACE('',(#1214),#1215,.F.);
#570=PRESENTATION_STYLE_ASSIGNMENT((#1216));
#571=ADVANCED_FACE('',(#1217),#1218,.F.);
#572=PRESENTATION_STYLE_ASSIGNMENT((#1219));
#573=ADVANCED_FACE('',(#1220),#1221,.F.);
#574=PRESENTATION_STYLE_ASSIGNMENT((#1222));
#575=ADVANCED_FACE('',(#1223),#1224,.F.);
#576=PRESENTATION_STYLE_ASSIGNMENT((#1225));
#577=ADVANCED_FACE('',(#1226),#1227,.F.);
#578=PRESENTATION_STYLE_ASSIGNMENT((#1228));
#579=ADVANCED_FACE('',(#1229),#1230,.F.);
#580=PRESENTATION_STYLE_ASSIGNMENT((#1231));
#581=ADVANCED_FACE('',(#1232),#1233,.F.);
#582=PRESENTATION_STYLE_ASSIGNMENT((#1234));
#583=ADVANCED_FACE('',(#1235),#1236,.F.);
#584=PRESENTATION_STYLE_ASSIGNMENT((#1237));
#585=ADVANCED_FACE('',(#1238),#1239,.F.);
#586=PRESENTATION_STYLE_ASSIGNMENT((#1240));
#587=ADVANCED_FACE('',(#1241),#1242,.F.);
#588=PRESENTATION_STYLE_ASSIGNMENT((#1243));
#589=ADVANCED_FACE('',(#1244),#1245,.T.);
#590=PRESENTATION_STYLE_ASSIGNMENT((#1246));
#591=ADVANCED_FACE('',(#1247),#1248,.T.);
#592=PRESENTATION_STYLE_ASSIGNMENT((#1249));
#593=ADVANCED_FACE('',(#1250),#1251,.T.);
#594=PRESENTATION_STYLE_ASSIGNMENT((#1252));
#595=ADVANCED_FACE('',(#1253),#1254,.T.);
#596=PRESENTATION_STYLE_ASSIGNMENT((#1255));
#597=ADVANCED_FACE('',(#1256),#1257,.T.);
#598=PRESENTATION_STYLE_ASSIGNMENT((#1258));
#599=ADVANCED_FACE('',(#1259),#1260,.T.);
#600=PRESENTATION_STYLE_ASSIGNMENT((#1261));
#601=ADVANCED_FACE('',(#1262),#1263,.T.);
#602=PRESENTATION_STYLE_ASSIGNMENT((#1264));
#603=ADVANCED_FACE('',(#1265),#1266,.T.);
#604=PRESENTATION_STYLE_ASSIGNMENT((#1267));
#605=ADVANCED_FACE('',(#1268),#1269,.T.);
#606=PRESENTATION_STYLE_ASSIGNMENT((#1270));
#607=ADVANCED_FACE('',(#1271),#1272,.T.);
#608=PRESENTATION_STYLE_ASSIGNMENT((#1273));
#609=ADVANCED_FACE('',(#1274),#1275,.T.);
#610=PRESENTATION_STYLE_ASSIGNMENT((#1276));
#611=ADVANCED_FACE('',(#1277),#1278,.T.);
#612=PRESENTATION_STYLE_ASSIGNMENT((#1279));
#613=ADVANCED_FACE('',(#1280),#1281,.T.);
#614=PRESENTATION_STYLE_ASSIGNMENT((#1282));
#615=ADVANCED_FACE('',(#1283),#1284,.T.);
#616=PRESENTATION_STYLE_ASSIGNMENT((#1285));
#617=ADVANCED_FACE('',(#1286),#1287,.T.);
#618=PRESENTATION_STYLE_ASSIGNMENT((#1288));
#619=ADVANCED_FACE('',(#1289),#1290,.T.);
#620=PRESENTATION_STYLE_ASSIGNMENT((#1291));
#621=ADVANCED_FACE('',(#1292),#1293,.T.);
#622=PRESENTATION_STYLE_ASSIGNMENT((#1294));
#623=ADVANCED_FACE('',(#1295),#1296,.T.);
#624=PRESENTATION_STYLE_ASSIGNMENT((#1297));
#625=ADVANCED_FACE('',(#1298),#1299,.T.);
#626=PRESENTATION_STYLE_ASSIGNMENT((#1300));
#627=ADVANCED_FACE('',(#1301),#1302,.T.);
#628=PRESENTATION_STYLE_ASSIGNMENT((#1303));
#629=ADVANCED_FACE('',(#1304),#1305,.T.);
#630=PRESENTATION_STYLE_ASSIGNMENT((#1306));
#631=ADVANCED_FACE('',(#1307),#1308,.T.);
#632=PRESENTATION_STYLE_ASSIGNMENT((#1309));
#633=ADVANCED_FACE('',(#1310),#1311,.T.);
#634=PRESENTATION_STYLE_ASSIGNMENT((#1312));
#635=ADVANCED_FACE('',(#1313),#1314,.T.);
#636=PRESENTATION_STYLE_ASSIGNMENT((#1315));
#637=ADVANCED_FACE('',(#1316),#1317,.T.);
#638=PRESENTATION_STYLE_ASSIGNMENT((#1318));
#639=ADVANCED_FACE('',(#1319),#1320,.T.);
#640=PRESENTATION_STYLE_ASSIGNMENT((#1321));
#641=ADVANCED_FACE('',(#1322),#1323,.T.);
#642=PRESENTATION_STYLE_ASSIGNMENT((#1324));
#643=ADVANCED_FACE('',(#1325),#1326,.T.);
#644=PRESENTATION_STYLE_ASSIGNMENT((#1327));
#645=ADVANCED_FACE('',(#1328),#1329,.T.);
#646=PRESENTATION_STYLE_ASSIGNMENT((#1330));
#647=ADVANCED_FACE('',(#1331),#1332,.T.);
#648=PRESENTATION_STYLE_ASSIGNMENT((#1333));
#649=ADVANCED_FACE('',(#1334),#1335,.F.);
#650=PRESENTATION_STYLE_ASSIGNMENT((#1336));
#651=ADVANCED_FACE('',(#1337),#1338,.F.);
#652=PRESENTATION_STYLE_ASSIGNMENT((#1339));
#653=ADVANCED_FACE('',(#1340),#1341,.F.);
#654=PRESENTATION_STYLE_ASSIGNMENT((#1342));
#655=ADVANCED_FACE('',(#1343),#1344,.F.);
#656=PRESENTATION_STYLE_ASSIGNMENT((#1345));
#657=ADVANCED_FACE('',(#1346),#1347,.F.);
#658=PRESENTATION_STYLE_ASSIGNMENT((#1348));
#659=ADVANCED_FACE('',(#1349),#1350,.F.);
#660=PRESENTATION_STYLE_ASSIGNMENT((#1351));
#661=ADVANCED_FACE('',(#1352),#1353,.F.);
#662=PRESENTATION_STYLE_ASSIGNMENT((#1354));
#663=ADVANCED_FACE('',(#1355),#1356,.F.);
#664=PRESENTATION_STYLE_ASSIGNMENT((#1357));
#665=ADVANCED_FACE('',(#1358,#1359,#1360,#1361,#1362,#1363,#1364,#1365,#1366,#1367,#1368,#1369,#1370,#1371,#1372,#1373),#1374,.T.);
#666=PRESENTATION_STYLE_ASSIGNMENT((#1375));
#667=ADVANCED_FACE('',(#1376,#1377,#1378),#1379,.T.);
#668=PRESENTATION_STYLE_ASSIGNMENT((#1380));
#669=ADVANCED_FACE('',(#1381),#1382,.T.);
#670=PRESENTATION_STYLE_ASSIGNMENT((#1383));
#671=ADVANCED_FACE('',(#1384),#1385,.T.);
#672=PRESENTATION_STYLE_ASSIGNMENT((#1386));
#673=ADVANCED_FACE('',(#1387),#1388,.T.);
#674=PRESENTATION_STYLE_ASSIGNMENT((#1389));
#675=ADVANCED_FACE('',(#1390),#1391,.T.);
#676=PRESENTATION_STYLE_ASSIGNMENT((#1392));
#677=ADVANCED_FACE('',(#1393),#1394,.T.);
#678=PRESENTATION_STYLE_ASSIGNMENT((#1395));
#679=ADVANCED_FACE('',(#1396),#1397,.T.);
#680=PRESENTATION_STYLE_ASSIGNMENT((#1398));
#681=ADVANCED_FACE('',(#1399,#1400,#1401),#1402,.T.);
#682=PRESENTATION_STYLE_ASSIGNMENT((#1403));
#683=ADVANCED_FACE('',(#1404,#1405),#1406,.T.);
#684=PRESENTATION_STYLE_ASSIGNMENT((#1407));
#685=ADVANCED_FACE('',(#1408),#1409,.T.);
#686=PRESENTATION_STYLE_ASSIGNMENT((#1410));
#687=ADVANCED_FACE('',(#1411),#1412,.T.);
#688=PRESENTATION_STYLE_ASSIGNMENT((#1413));
#689=ADVANCED_FACE('',(#1414),#1415,.T.);
#690=PRESENTATION_STYLE_ASSIGNMENT((#1416));
#691=ADVANCED_FACE('',(#1417),#1418,.T.);
#692=PRESENTATION_STYLE_ASSIGNMENT((#1419));
#693=ADVANCED_FACE('',(#1420),#1421,.T.);
#694=PRESENTATION_STYLE_ASSIGNMENT((#1422));
#695=ADVANCED_FACE('',(#1423),#1424,.T.);
#696=PRESENTATION_STYLE_ASSIGNMENT((#1425));
#697=ADVANCED_FACE('',(#1426),#1427,.T.);
#698=PRESENTATION_STYLE_ASSIGNMENT((#1428));
#699=ADVANCED_FACE('',(#1429),#1430,.T.);
#700=PRESENTATION_STYLE_ASSIGNMENT((#1431));
#701=ADVANCED_FACE('',(#1432,#1433),#1434,.T.);
#702=PRESENTATION_STYLE_ASSIGNMENT((#1435));
#703=ADVANCED_FACE('',(#1436,#1437),#1438,.F.);
#704=PRODUCT('connector_a-hds_15_ll_z','connector_a-hds_15_ll_z','PART-connector_a-hds_15_ll_z-DESC',(#1439));
#705=PRODUCT_DEFINITION('','NONE',#1440,#2);
#706=MANIFOLD_SOLID_BREP('connector_a-hds_15_ll_z',#1441);
#707=AXIS2_PLACEMENT_3D('',#1442,#1443,#1444);
#710=LENGTH_MEASURE_WITH_UNIT(LENGTH_MEASURE(1.0),#1445);
#713=DIMENSIONAL_EXPONENTS(1.0,0.0,0.0,0.0,0.0,0.0,0.0);
#715=DIMENSIONAL_EXPONENTS(0.0,0.0,0.0,0.0,0.0,0.0,0.0);
#721=SURFACE_STYLE_USAGE(.BOTH.,#1446);
#722=FACE_OUTER_BOUND('',#1447,.T.);
#723=CYLINDRICAL_SURFACE('',#1448,2.4);
#724=SURFACE_STYLE_USAGE(.BOTH.,#1449);
#725=FACE_OUTER_BOUND('',#1450,.T.);
#726=CYLINDRICAL_SURFACE('',#1451,2.4);
#727=SURFACE_STYLE_USAGE(.BOTH.,#1452);
#728=FACE_OUTER_BOUND('',#1453,.T.);
#729=CYLINDRICAL_SURFACE('',#1454,2.0);
#730=SURFACE_STYLE_USAGE(.BOTH.,#1455);
#731=FACE_OUTER_BOUND('',#1456,.T.);
#732=CYLINDRICAL_SURFACE('',#1457,2.0);
#733=SURFACE_STYLE_USAGE(.BOTH.,#1458);
#734=FACE_OUTER_BOUND('',#1459,.T.);
#735=CYLINDRICAL_SURFACE('',#1460,0.5);
#736=SURFACE_STYLE_USAGE(.BOTH.,#1461);
#737=FACE_OUTER_BOUND('',#1462,.T.);
#738=CYLINDRICAL_SURFACE('',#1463,0.5);
#739=SURFACE_STYLE_USAGE(.BOTH.,#1464);
#740=FACE_OUTER_BOUND('',#1465,.T.);
#741=CYLINDRICAL_SURFACE('',#1466,0.5);
#742=SURFACE_STYLE_USAGE(.BOTH.,#1467);
#743=FACE_OUTER_BOUND('',#1468,.T.);
#744=CYLINDRICAL_SURFACE('',#1469,0.5);
#745=SURFACE_STYLE_USAGE(.BOTH.,#1470);
#746=FACE_OUTER_BOUND('',#1471,.T.);
#747=CYLINDRICAL_SURFACE('',#1472,0.5);
#748=SURFACE_STYLE_USAGE(.BOTH.,#1473);
#749=FACE_OUTER_BOUND('',#1474,.T.);
#750=CYLINDRICAL_SURFACE('',#1475,0.5);
#751=SURFACE_STYLE_USAGE(.BOTH.,#1476);
#752=FACE_OUTER_BOUND('',#1477,.T.);
#753=CYLINDRICAL_SURFACE('',#1478,0.5);
#754=SURFACE_STYLE_USAGE(.BOTH.,#1479);
#755=FACE_OUTER_BOUND('',#1480,.T.);
#756=CYLINDRICAL_SURFACE('',#1481,0.5);
#757=SURFACE_STYLE_USAGE(.BOTH.,#1482);
#758=FACE_OUTER_BOUND('',#1483,.T.);
#759=CYLINDRICAL_SURFACE('',#1484,0.5);
#760=SURFACE_STYLE_USAGE(.BOTH.,#1485);
#761=FACE_OUTER_BOUND('',#1486,.T.);
#762=CYLINDRICAL_SURFACE('',#1487,0.5);
#763=SURFACE_STYLE_USAGE(.BOTH.,#1488);
#764=FACE_OUTER_BOUND('',#1489,.T.);
#765=CYLINDRICAL_SURFACE('',#1490,0.5);
#766=SURFACE_STYLE_USAGE(.BOTH.,#1491);
#767=FACE_OUTER_BOUND('',#1492,.T.);
#768=CYLINDRICAL_SURFACE('',#1493,0.5);
#769=SURFACE_STYLE_USAGE(.BOTH.,#1494);
#770=FACE_OUTER_BOUND('',#1495,.T.);
#771=CYLINDRICAL_SURFACE('',#1496,0.5);
#772=SURFACE_STYLE_USAGE(.BOTH.,#1497);
#773=FACE_OUTER_BOUND('',#1498,.T.);
#774=CYLINDRICAL_SURFACE('',#1499,0.5);
#775=SURFACE_STYLE_USAGE(.BOTH.,#1500);
#776=FACE_OUTER_BOUND('',#1501,.T.);
#777=CYLINDRICAL_SURFACE('',#1502,0.5);
#778=SURFACE_STYLE_USAGE(.BOTH.,#1503);
#779=FACE_OUTER_BOUND('',#1504,.T.);
#780=PLANE('',#1505);
#781=SURFACE_STYLE_USAGE(.BOTH.,#1506);
#782=FACE_OUTER_BOUND('',#1507,.T.);
#783=PLANE('',#1508);
#784=SURFACE_STYLE_USAGE(.BOTH.,#1509);
#785=FACE_OUTER_BOUND('',#1510,.T.);
#786=PLANE('',#1511);
#787=SURFACE_STYLE_USAGE(.BOTH.,#1512);
#788=FACE_OUTER_BOUND('',#1513,.T.);
#789=PLANE('',#1514);
#790=SURFACE_STYLE_USAGE(.BOTH.,#1515);
#791=FACE_OUTER_BOUND('',#1516,.T.);
#792=PLANE('',#1517);
#793=SURFACE_STYLE_USAGE(.BOTH.,#1518);
#794=FACE_OUTER_BOUND('',#1519,.T.);
#795=PLANE('',#1520);
#796=SURFACE_STYLE_USAGE(.BOTH.,#1521);
#797=FACE_OUTER_BOUND('',#1522,.T.);
#798=PLANE('',#1523);
#799=SURFACE_STYLE_USAGE(.BOTH.,#1524);
#800=FACE_OUTER_BOUND('',#1525,.T.);
#801=PLANE('',#1526);
#802=SURFACE_STYLE_USAGE(.BOTH.,#1527);
#803=FACE_OUTER_BOUND('',#1528,.T.);
#804=PLANE('',#1529);
#805=SURFACE_STYLE_USAGE(.BOTH.,#1530);
#806=FACE_OUTER_BOUND('',#1531,.T.);
#807=PLANE('',#1532);
#808=SURFACE_STYLE_USAGE(.BOTH.,#1533);
#809=FACE_OUTER_BOUND('',#1534,.T.);
#810=PLANE('',#1535);
#811=SURFACE_STYLE_USAGE(.BOTH.,#1536);
#812=FACE_OUTER_BOUND('',#1537,.T.);
#813=PLANE('',#1538);
#814=SURFACE_STYLE_USAGE(.BOTH.,#1539);
#815=FACE_OUTER_BOUND('',#1540,.T.);
#816=PLANE('',#1541);
#817=SURFACE_STYLE_USAGE(.BOTH.,#1542);
#818=FACE_OUTER_BOUND('',#1543,.T.);
#819=PLANE('',#1544);
#820=SURFACE_STYLE_USAGE(.BOTH.,#1545);
#821=FACE_OUTER_BOUND('',#1546,.T.);
#822=PLANE('',#1547);
#823=SURFACE_STYLE_USAGE(.BOTH.,#1548);
#824=FACE_OUTER_BOUND('',#1549,.T.);
#825=PLANE('',#1550);
#826=SURFACE_STYLE_USAGE(.BOTH.,#1551);
#827=FACE_OUTER_BOUND('',#1552,.T.);
#828=PLANE('',#1553);
#829=SURFACE_STYLE_USAGE(.BOTH.,#1554);
#830=FACE_OUTER_BOUND('',#1555,.T.);
#831=PLANE('',#1556);
#832=SURFACE_STYLE_USAGE(.BOTH.,#1557);
#833=FACE_OUTER_BOUND('',#1558,.T.);
#834=PLANE('',#1559);
#835=SURFACE_STYLE_USAGE(.BOTH.,#1560);
#836=FACE_OUTER_BOUND('',#1561,.T.);
#837=PLANE('',#1562);
#838=SURFACE_STYLE_USAGE(.BOTH.,#1563);
#839=FACE_OUTER_BOUND('',#1564,.T.);
#840=PLANE('',#1565);
#841=SURFACE_STYLE_USAGE(.BOTH.,#1566);
#842=FACE_OUTER_BOUND('',#1567,.T.);
#843=PLANE('',#1568);
#844=SURFACE_STYLE_USAGE(.BOTH.,#1569);
#845=FACE_OUTER_BOUND('',#1570,.T.);
#846=PLANE('',#1571);
#847=SURFACE_STYLE_USAGE(.BOTH.,#1572);
#848=FACE_OUTER_BOUND('',#1573,.T.);
#849=PLANE('',#1574);
#850=SURFACE_STYLE_USAGE(.BOTH.,#1575);
#851=FACE_OUTER_BOUND('',#1576,.T.);
#852=PLANE('',#1577);
#853=SURFACE_STYLE_USAGE(.BOTH.,#1578);
#854=FACE_OUTER_BOUND('',#1579,.T.);
#855=PLANE('',#1580);
#856=SURFACE_STYLE_USAGE(.BOTH.,#1581);
#857=FACE_OUTER_BOUND('',#1582,.T.);
#858=PLANE('',#1583);
#859=SURFACE_STYLE_USAGE(.BOTH.,#1584);
#860=FACE_OUTER_BOUND('',#1585,.T.);
#861=PLANE('',#1586);
#862=SURFACE_STYLE_USAGE(.BOTH.,#1587);
#863=FACE_OUTER_BOUND('',#1588,.T.);
#864=PLANE('',#1589);
#865=SURFACE_STYLE_USAGE(.BOTH.,#1590);
#866=FACE_OUTER_BOUND('',#1591,.T.);
#867=PLANE('',#1592);
#868=SURFACE_STYLE_USAGE(.BOTH.,#1593);
#869=FACE_OUTER_BOUND('',#1594,.T.);
#870=PLANE('',#1595);
#871=SURFACE_STYLE_USAGE(.BOTH.,#1596);
#872=FACE_OUTER_BOUND('',#1597,.T.);
#873=PLANE('',#1598);
#874=SURFACE_STYLE_USAGE(.BOTH.,#1599);
#875=FACE_OUTER_BOUND('',#1600,.T.);
#876=PLANE('',#1601);
#877=SURFACE_STYLE_USAGE(.BOTH.,#1602);
#878=FACE_OUTER_BOUND('',#1603,.T.);
#879=PLANE('',#1604);
#880=SURFACE_STYLE_USAGE(.BOTH.,#1605);
#881=FACE_OUTER_BOUND('',#1606,.T.);
#882=PLANE('',#1607);
#883=SURFACE_STYLE_USAGE(.BOTH.,#1608);
#884=FACE_OUTER_BOUND('',#1609,.T.);
#885=PLANE('',#1610);
#886=SURFACE_STYLE_USAGE(.BOTH.,#1611);
#887=FACE_OUTER_BOUND('',#1612,.T.);
#888=PLANE('',#1613);
#889=SURFACE_STYLE_USAGE(.BOTH.,#1614);
#890=FACE_OUTER_BOUND('',#1615,.T.);
#891=PLANE('',#1616);
#892=SURFACE_STYLE_USAGE(.BOTH.,#1617);
#893=FACE_OUTER_BOUND('',#1618,.T.);
#894=PLANE('',#1619);
#895=SURFACE_STYLE_USAGE(.BOTH.,#1620);
#896=FACE_OUTER_BOUND('',#1621,.T.);
#897=PLANE('',#1622);
#898=SURFACE_STYLE_USAGE(.BOTH.,#1623);
#899=FACE_OUTER_BOUND('',#1624,.T.);
#900=PLANE('',#1625);
#901=SURFACE_STYLE_USAGE(.BOTH.,#1626);
#902=FACE_OUTER_BOUND('',#1627,.T.);
#903=PLANE('',#1628);
#904=SURFACE_STYLE_USAGE(.BOTH.,#1629);
#905=FACE_OUTER_BOUND('',#1630,.T.);
#906=PLANE('',#1631);
#907=SURFACE_STYLE_USAGE(.BOTH.,#1632);
#908=FACE_OUTER_BOUND('',#1633,.T.);
#909=PLANE('',#1634);
#910=SURFACE_STYLE_USAGE(.BOTH.,#1635);
#911=FACE_OUTER_BOUND('',#1636,.T.);
#912=PLANE('',#1637);
#913=SURFACE_STYLE_USAGE(.BOTH.,#1638);
#914=FACE_OUTER_BOUND('',#1639,.T.);
#915=PLANE('',#1640);
#916=SURFACE_STYLE_USAGE(.BOTH.,#1641);
#917=FACE_OUTER_BOUND('',#1642,.T.);
#918=PLANE('',#1643);
#919=SURFACE_STYLE_USAGE(.BOTH.,#1644);
#920=FACE_OUTER_BOUND('',#1645,.T.);
#921=PLANE('',#1646);
#922=SURFACE_STYLE_USAGE(.BOTH.,#1647);
#923=FACE_OUTER_BOUND('',#1648,.T.);
#924=PLANE('',#1649);
#925=SURFACE_STYLE_USAGE(.BOTH.,#1650);
#926=FACE_OUTER_BOUND('',#1651,.T.);
#927=PLANE('',#1652);
#928=SURFACE_STYLE_USAGE(.BOTH.,#1653);
#929=FACE_OUTER_BOUND('',#1654,.T.);
#930=PLANE('',#1655);
#931=SURFACE_STYLE_USAGE(.BOTH.,#1656);
#932=FACE_OUTER_BOUND('',#1657,.T.);
#933=PLANE('',#1658);
#934=SURFACE_STYLE_USAGE(.BOTH.,#1659);
#935=FACE_OUTER_BOUND('',#1660,.T.);
#936=PLANE('',#1661);
#937=SURFACE_STYLE_USAGE(.BOTH.,#1662);
#938=FACE_OUTER_BOUND('',#1663,.T.);
#939=PLANE('',#1664);
#940=SURFACE_STYLE_USAGE(.BOTH.,#1665);
#941=FACE_OUTER_BOUND('',#1666,.T.);
#942=PLANE('',#1667);
#943=SURFACE_STYLE_USAGE(.BOTH.,#1668);
#944=FACE_OUTER_BOUND('',#1669,.T.);
#945=PLANE('',#1670);
#946=SURFACE_STYLE_USAGE(.BOTH.,#1671);
#947=FACE_OUTER_BOUND('',#1672,.T.);
#948=PLANE('',#1673);
#949=SURFACE_STYLE_USAGE(.BOTH.,#1674);
#950=FACE_OUTER_BOUND('',#1675,.T.);
#951=PLANE('',#1676);
#952=SURFACE_STYLE_USAGE(.BOTH.,#1677);
#953=FACE_OUTER_BOUND('',#1678,.T.);
#954=PLANE('',#1679);
#955=SURFACE_STYLE_USAGE(.BOTH.,#1680);
#956=FACE_OUTER_BOUND('',#1681,.T.);
#957=PLANE('',#1682);
#958=SURFACE_STYLE_USAGE(.BOTH.,#1683);
#959=FACE_OUTER_BOUND('',#1684,.T.);
#960=PLANE('',#1685);
#961=SURFACE_STYLE_USAGE(.BOTH.,#1686);
#962=FACE_OUTER_BOUND('',#1687,.T.);
#963=PLANE('',#1688);
#964=SURFACE_STYLE_USAGE(.BOTH.,#1689);
#965=FACE_OUTER_BOUND('',#1690,.T.);
#966=PLANE('',#1691);
#967=SURFACE_STYLE_USAGE(.BOTH.,#1692);
#968=FACE_OUTER_BOUND('',#1693,.T.);
#969=PLANE('',#1694);
#970=SURFACE_STYLE_USAGE(.BOTH.,#1695);
#971=FACE_OUTER_BOUND('',#1696,.T.);
#972=PLANE('',#1697);
#973=SURFACE_STYLE_USAGE(.BOTH.,#1698);
#974=FACE_OUTER_BOUND('',#1699,.T.);
#975=PLANE('',#1700);
#976=SURFACE_STYLE_USAGE(.BOTH.,#1701);
#977=FACE_OUTER_BOUND('',#1702,.T.);
#978=PLANE('',#1703);
#979=SURFACE_STYLE_USAGE(.BOTH.,#1704);
#980=FACE_OUTER_BOUND('',#1705,.T.);
#981=PLANE('',#1706);
#982=SURFACE_STYLE_USAGE(.BOTH.,#1707);
#983=FACE_OUTER_BOUND('',#1708,.T.);
#984=PLANE('',#1709);
#985=SURFACE_STYLE_USAGE(.BOTH.,#1710);
#986=FACE_OUTER_BOUND('',#1711,.T.);
#987=PLANE('',#1712);
#988=SURFACE_STYLE_USAGE(.BOTH.,#1713);
#989=FACE_OUTER_BOUND('',#1714,.T.);
#990=PLANE('',#1715);
#991=SURFACE_STYLE_USAGE(.BOTH.,#1716);
#992=FACE_OUTER_BOUND('',#1717,.T.);
#993=PLANE('',#1718);
#994=SURFACE_STYLE_USAGE(.BOTH.,#1719);
#995=FACE_OUTER_BOUND('',#1720,.T.);
#996=PLANE('',#1721);
#997=SURFACE_STYLE_USAGE(.BOTH.,#1722);
#998=FACE_OUTER_BOUND('',#1723,.T.);
#999=PLANE('',#1724);
#1000=SURFACE_STYLE_USAGE(.BOTH.,#1725);
#1001=FACE_OUTER_BOUND('',#1726,.T.);
#1002=PLANE('',#1727);
#1003=SURFACE_STYLE_USAGE(.BOTH.,#1728);
#1004=FACE_OUTER_BOUND('',#1729,.T.);
#1005=PLANE('',#1730);
#1006=SURFACE_STYLE_USAGE(.BOTH.,#1731);
#1007=FACE_OUTER_BOUND('',#1732,.T.);
#1008=PLANE('',#1733);
#1009=SURFACE_STYLE_USAGE(.BOTH.,#1734);
#1010=FACE_OUTER_BOUND('',#1735,.T.);
#1011=PLANE('',#1736);
#1012=SURFACE_STYLE_USAGE(.BOTH.,#1737);
#1013=FACE_OUTER_BOUND('',#1738,.T.);
#1014=PLANE('',#1739);
#1015=SURFACE_STYLE_USAGE(.BOTH.,#1740);
#1016=FACE_OUTER_BOUND('',#1741,.T.);
#1017=PLANE('',#1742);
#1018=SURFACE_STYLE_USAGE(.BOTH.,#1743);
#1019=FACE_OUTER_BOUND('',#1744,.T.);
#1020=PLANE('',#1745);
#1021=SURFACE_STYLE_USAGE(.BOTH.,#1746);
#1022=FACE_OUTER_BOUND('',#1747,.T.);
#1023=PLANE('',#1748);
#1024=SURFACE_STYLE_USAGE(.BOTH.,#1749);
#1025=FACE_OUTER_BOUND('',#1750,.T.);
#1026=PLANE('',#1751);
#1027=SURFACE_STYLE_USAGE(.BOTH.,#1752);
#1028=FACE_OUTER_BOUND('',#1753,.T.);
#1029=PLANE('',#1754);
#1030=SURFACE_STYLE_USAGE(.BOTH.,#1755);
#1031=FACE_OUTER_BOUND('',#1756,.T.);
#1032=PLANE('',#1757);
#1033=SURFACE_STYLE_USAGE(.BOTH.,#1758);
#1034=FACE_OUTER_BOUND('',#1759,.T.);
#1035=PLANE('',#1760);
#1036=SURFACE_STYLE_USAGE(.BOTH.,#1761);
#1037=FACE_OUTER_BOUND('',#1762,.T.);
#1038=PLANE('',#1763);
#1039=SURFACE_STYLE_USAGE(.BOTH.,#1764);
#1040=FACE_OUTER_BOUND('',#1765,.T.);
#1041=PLANE('',#1766);
#1042=SURFACE_STYLE_USAGE(.BOTH.,#1767);
#1043=FACE_OUTER_BOUND('',#1768,.T.);
#1044=PLANE('',#1769);
#1045=SURFACE_STYLE_USAGE(.BOTH.,#1770);
#1046=FACE_OUTER_BOUND('',#1771,.T.);
#1047=PLANE('',#1772);
#1048=SURFACE_STYLE_USAGE(.BOTH.,#1773);
#1049=FACE_OUTER_BOUND('',#1774,.T.);
#1050=PLANE('',#1775);
#1051=SURFACE_STYLE_USAGE(.BOTH.,#1776);
#1052=FACE_OUTER_BOUND('',#1777,.T.);
#1053=PLANE('',#1778);
#1054=SURFACE_STYLE_USAGE(.BOTH.,#1779);
#1055=FACE_OUTER_BOUND('',#1780,.T.);
#1056=PLANE('',#1781);
#1057=SURFACE_STYLE_USAGE(.BOTH.,#1782);
#1058=FACE_OUTER_BOUND('',#1783,.T.);
#1059=PLANE('',#1784);
#1060=SURFACE_STYLE_USAGE(.BOTH.,#1785);
#1061=FACE_OUTER_BOUND('',#1786,.T.);
#1062=PLANE('',#1787);
#1063=SURFACE_STYLE_USAGE(.BOTH.,#1788);
#1064=FACE_OUTER_BOUND('',#1789,.T.);
#1065=PLANE('',#1790);
#1066=SURFACE_STYLE_USAGE(.BOTH.,#1791);
#1067=FACE_OUTER_BOUND('',#1792,.T.);
#1068=PLANE('',#1793);
#1069=SURFACE_STYLE_USAGE(.BOTH.,#1794);
#1070=FACE_OUTER_BOUND('',#1795,.T.);
#1071=PLANE('',#1796);
#1072=SURFACE_STYLE_USAGE(.BOTH.,#1797);
#1073=FACE_OUTER_BOUND('',#1798,.T.);
#1074=PLANE('',#1799);
#1075=SURFACE_STYLE_USAGE(.BOTH.,#1800);
#1076=FACE_OUTER_BOUND('',#1801,.T.);
#1077=PLANE('',#1802);
#1078=SURFACE_STYLE_USAGE(.BOTH.,#1803);
#1079=FACE_OUTER_BOUND('',#1804,.T.);
#1080=PLANE('',#1805);
#1081=SURFACE_STYLE_USAGE(.BOTH.,#1806);
#1082=FACE_OUTER_BOUND('',#1807,.T.);
#1083=PLANE('',#1808);
#1084=SURFACE_STYLE_USAGE(.BOTH.,#1809);
#1085=FACE_OUTER_BOUND('',#1810,.T.);
#1086=PLANE('',#1811);
#1087=SURFACE_STYLE_USAGE(.BOTH.,#1812);
#1088=FACE_OUTER_BOUND('',#1813,.T.);
#1089=PLANE('',#1814);
#1090=SURFACE_STYLE_USAGE(.BOTH.,#1815);
#1091=FACE_OUTER_BOUND('',#1816,.T.);
#1092=PLANE('',#1817);
#1093=SURFACE_STYLE_USAGE(.BOTH.,#1818);
#1094=FACE_OUTER_BOUND('',#1819,.T.);
#1095=PLANE('',#1820);
#1096=SURFACE_STYLE_USAGE(.BOTH.,#1821);
#1097=FACE_OUTER_BOUND('',#1822,.T.);
#1098=PLANE('',#1823);
#1099=SURFACE_STYLE_USAGE(.BOTH.,#1824);
#1100=FACE_OUTER_BOUND('',#1825,.T.);
#1101=PLANE('',#1826);
#1102=SURFACE_STYLE_USAGE(.BOTH.,#1827);
#1103=FACE_OUTER_BOUND('',#1828,.T.);
#1104=CYLINDRICAL_SURFACE('',#1829,0.5);
#1105=SURFACE_STYLE_USAGE(.BOTH.,#1830);
#1106=FACE_OUTER_BOUND('',#1831,.T.);
#1107=PLANE('',#1832);
#1108=SURFACE_STYLE_USAGE(.BOTH.,#1833);
#1109=FACE_OUTER_BOUND('',#1834,.T.);
#1110=CYLINDRICAL_SURFACE('',#1835,0.499999999999943);
#1111=SURFACE_STYLE_USAGE(.BOTH.,#1836);
#1112=FACE_OUTER_BOUND('',#1837,.T.);
#1113=PLANE('',#1838);
#1114=SURFACE_STYLE_USAGE(.BOTH.,#1839);
#1115=FACE_OUTER_BOUND('',#1840,.T.);
#1116=CYLINDRICAL_SURFACE('',#1841,2.0);
#1117=SURFACE_STYLE_USAGE(.BOTH.,#1842);
#1118=FACE_OUTER_BOUND('',#1843,.T.);
#1119=CYLINDRICAL_SURFACE('',#1844,2.00191749436025);
#1120=SURFACE_STYLE_USAGE(.BOTH.,#1845);
#1121=FACE_OUTER_BOUND('',#1846,.T.);
#1122=PLANE('',#1847);
#1123=SURFACE_STYLE_USAGE(.BOTH.,#1848);
#1124=FACE_OUTER_BOUND('',#1849,.T.);
#1125=CYLINDRICAL_SURFACE('',#1850,1.8);
#1126=SURFACE_STYLE_USAGE(.BOTH.,#1851);
#1127=FACE_OUTER_BOUND('',#1852,.T.);
#1128=PLANE('',#1853);
#1129=SURFACE_STYLE_USAGE(.BOTH.,#1854);
#1130=FACE_OUTER_BOUND('',#1855,.T.);
#1131=CYLINDRICAL_SURFACE('',#1856,0.5);
#1132=SURFACE_STYLE_USAGE(.BOTH.,#1857);
#1133=FACE_BOUND('',#1858,.T.);
#1134=FACE_BOUND('',#1859,.T.);
#1135=FACE_BOUND('',#1860,.T.);
#1136=FACE_BOUND('',#1861,.T.);
#1137=FACE_BOUND('',#1862,.T.);
#1138=FACE_BOUND('',#1863,.T.);
#1139=FACE_BOUND('',#1864,.T.);
#1140=FACE_BOUND('',#1865,.T.);
#1141=FACE_BOUND('',#1866,.T.);
#1142=FACE_BOUND('',#1867,.T.);
#1143=FACE_BOUND('',#1868,.T.);
#1144=FACE_BOUND('',#1869,.T.);
#1145=FACE_BOUND('',#1870,.T.);
#1146=FACE_BOUND('',#1871,.T.);
#1147=FACE_BOUND('',#1872,.T.);
#1148=FACE_OUTER_BOUND('',#1873,.T.);
#1149=PLANE('',#1874);
#1150=SURFACE_STYLE_USAGE(.BOTH.,#1875);
#1151=FACE_OUTER_BOUND('',#1876,.T.);
#1152=CYLINDRICAL_SURFACE('',#1877,0.5);
#1153=SURFACE_STYLE_USAGE(.BOTH.,#1878);
#1154=FACE_OUTER_BOUND('',#1879,.T.);
#1155=PLANE('',#1880);
#1156=SURFACE_STYLE_USAGE(.BOTH.,#1881);
#1157=FACE_OUTER_BOUND('',#1882,.T.);
#1158=CYLINDRICAL_SURFACE('',#1883,1.8);
#1159=SURFACE_STYLE_USAGE(.BOTH.,#1884);
#1160=FACE_OUTER_BOUND('',#1885,.T.);
#1161=PLANE('',#1886);
#1162=SURFACE_STYLE_USAGE(.BOTH.,#1887);
#1163=FACE_OUTER_BOUND('',#1888,.T.);
#1164=PLANE('',#1889);
#1165=SURFACE_STYLE_USAGE(.BOTH.,#1890);
#1166=FACE_OUTER_BOUND('',#1891,.T.);
#1167=PLANE('',#1892);
#1168=SURFACE_STYLE_USAGE(.BOTH.,#1893);
#1169=FACE_OUTER_BOUND('',#1894,.T.);
#1170=CYLINDRICAL_SURFACE('',#1895,0.500000250000085);
#1171=SURFACE_STYLE_USAGE(.BOTH.,#1896);
#1172=FACE_OUTER_BOUND('',#1897,.T.);
#1173=CYLINDRICAL_SURFACE('',#1898,0.500000250000085);
#1174=SURFACE_STYLE_USAGE(.BOTH.,#1899);
#1175=FACE_OUTER_BOUND('',#1900,.T.);
#1176=PLANE('',#1901);
#1177=SURFACE_STYLE_USAGE(.BOTH.,#1902);
#1178=FACE_OUTER_BOUND('',#1903,.T.);
#1179=PLANE('',#1904);
#1180=SURFACE_STYLE_USAGE(.BOTH.,#1905);
#1181=FACE_OUTER_BOUND('',#1906,.T.);
#1182=PLANE('',#1907);
#1183=SURFACE_STYLE_USAGE(.BOTH.,#1908);
#1184=FACE_OUTER_BOUND('',#1909,.T.);
#1185=PLANE('',#1910);
#1186=SURFACE_STYLE_USAGE(.BOTH.,#1911);
#1187=FACE_OUTER_BOUND('',#1912,.T.);
#1188=PLANE('',#1913);
#1189=SURFACE_STYLE_USAGE(.BOTH.,#1914);
#1190=FACE_OUTER_BOUND('',#1915,.T.);
#1191=CYLINDRICAL_SURFACE('',#1916,0.500000250000085);
#1192=SURFACE_STYLE_USAGE(.BOTH.,#1917);
#1193=FACE_OUTER_BOUND('',#1918,.T.);
#1194=CYLINDRICAL_SURFACE('',#1919,0.500000250000085);
#1195=SURFACE_STYLE_USAGE(.BOTH.,#1920);
#1196=FACE_OUTER_BOUND('',#1921,.T.);
#1197=PLANE('',#1922);
#1198=SURFACE_STYLE_USAGE(.BOTH.,#1923);
#1199=FACE_OUTER_BOUND('',#1924,.T.);
#1200=PLANE('',#1925);
#1201=SURFACE_STYLE_USAGE(.BOTH.,#1926);
#1202=FACE_OUTER_BOUND('',#1927,.T.);
#1203=PLANE('',#1928);
#1204=SURFACE_STYLE_USAGE(.BOTH.,#1929);
#1205=FACE_OUTER_BOUND('',#1930,.T.);
#1206=PLANE('',#1931);
#1207=SURFACE_STYLE_USAGE(.BOTH.,#1932);
#1208=FACE_OUTER_BOUND('',#1933,.T.);
#1209=PLANE('',#1934);
#1210=SURFACE_STYLE_USAGE(.BOTH.,#1935);
#1211=FACE_OUTER_BOUND('',#1936,.T.);
#1212=CYLINDRICAL_SURFACE('',#1937,0.500000250000085);
#1213=SURFACE_STYLE_USAGE(.BOTH.,#1938);
#1214=FACE_OUTER_BOUND('',#1939,.T.);
#1215=CYLINDRICAL_SURFACE('',#1940,0.500000250000085);
#1216=SURFACE_STYLE_USAGE(.BOTH.,#1941);
#1217=FACE_OUTER_BOUND('',#1942,.T.);
#1218=PLANE('',#1943);
#1219=SURFACE_STYLE_USAGE(.BOTH.,#1944);
#1220=FACE_OUTER_BOUND('',#1945,.T.);
#1221=PLANE('',#1946);
#1222=SURFACE_STYLE_USAGE(.BOTH.,#1947);
#1223=FACE_OUTER_BOUND('',#1948,.T.);
#1224=PLANE('',#1949);
#1225=SURFACE_STYLE_USAGE(.BOTH.,#1950);
#1226=FACE_OUTER_BOUND('',#1951,.T.);
#1227=PLANE('',#1952);
#1228=SURFACE_STYLE_USAGE(.BOTH.,#1953);
#1229=FACE_OUTER_BOUND('',#1954,.T.);
#1230=PLANE('',#1955);
#1231=SURFACE_STYLE_USAGE(.BOTH.,#1956);
#1232=FACE_OUTER_BOUND('',#1957,.T.);
#1233=CYLINDRICAL_SURFACE('',#1958,0.500000250000085);
#1234=SURFACE_STYLE_USAGE(.BOTH.,#1959);
#1235=FACE_OUTER_BOUND('',#1960,.T.);
#1236=CYLINDRICAL_SURFACE('',#1961,0.500000250000085);
#1237=SURFACE_STYLE_USAGE(.BOTH.,#1962);
#1238=FACE_OUTER_BOUND('',#1963,.T.);
#1239=PLANE('',#1964);
#1240=SURFACE_STYLE_USAGE(.BOTH.,#1965);
#1241=FACE_OUTER_BOUND('',#1966,.T.);
#1242=PLANE('',#1967);
#1243=SURFACE_STYLE_USAGE(.BOTH.,#1968);
#1244=FACE_OUTER_BOUND('',#1969,.T.);
#1245=CYLINDRICAL_SURFACE('',#1970,0.5);
#1246=SURFACE_STYLE_USAGE(.BOTH.,#1971);
#1247=FACE_OUTER_BOUND('',#1972,.T.);
#1248=PLANE('',#1973);
#1249=SURFACE_STYLE_USAGE(.BOTH.,#1974);
#1250=FACE_OUTER_BOUND('',#1975,.T.);
#1251=CYLINDRICAL_SURFACE('',#1976,0.5);
#1252=SURFACE_STYLE_USAGE(.BOTH.,#1977);
#1253=FACE_OUTER_BOUND('',#1978,.T.);
#1254=PLANE('',#1979);
#1255=SURFACE_STYLE_USAGE(.BOTH.,#1980);
#1256=FACE_OUTER_BOUND('',#1981,.T.);
#1257=CYLINDRICAL_SURFACE('',#1982,0.5);
#1258=SURFACE_STYLE_USAGE(.BOTH.,#1983);
#1259=FACE_OUTER_BOUND('',#1984,.T.);
#1260=PLANE('',#1985);
#1261=SURFACE_STYLE_USAGE(.BOTH.,#1986);
#1262=FACE_OUTER_BOUND('',#1987,.T.);
#1263=CYLINDRICAL_SURFACE('',#1988,0.5);
#1264=SURFACE_STYLE_USAGE(.BOTH.,#1989);
#1265=FACE_OUTER_BOUND('',#1990,.T.);
#1266=PLANE('',#1991);
#1267=SURFACE_STYLE_USAGE(.BOTH.,#1992);
#1268=FACE_OUTER_BOUND('',#1993,.T.);
#1269=CYLINDRICAL_SURFACE('',#1994,0.5);
#1270=SURFACE_STYLE_USAGE(.BOTH.,#1995);
#1271=FACE_OUTER_BOUND('',#1996,.T.);
#1272=PLANE('',#1997);
#1273=SURFACE_STYLE_USAGE(.BOTH.,#1998);
#1274=FACE_OUTER_BOUND('',#1999,.T.);
#1275=CYLINDRICAL_SURFACE('',#2000,0.5);
#1276=SURFACE_STYLE_USAGE(.BOTH.,#2001);
#1277=FACE_OUTER_BOUND('',#2002,.T.);
#1278=PLANE('',#2003);
#1279=SURFACE_STYLE_USAGE(.BOTH.,#2004);
#1280=FACE_OUTER_BOUND('',#2005,.T.);
#1281=CYLINDRICAL_SURFACE('',#2006,0.5);
#1282=SURFACE_STYLE_USAGE(.BOTH.,#2007);
#1283=FACE_OUTER_BOUND('',#2008,.T.);
#1284=PLANE('',#2009);
#1285=SURFACE_STYLE_USAGE(.BOTH.,#2010);
#1286=FACE_OUTER_BOUND('',#2011,.T.);
#1287=CYLINDRICAL_SURFACE('',#2012,0.5);
#1288=SURFACE_STYLE_USAGE(.BOTH.,#2013);
#1289=FACE_OUTER_BOUND('',#2014,.T.);
#1290=PLANE('',#2015);
#1291=SURFACE_STYLE_USAGE(.BOTH.,#2016);
#1292=FACE_OUTER_BOUND('',#2017,.T.);
#1293=CYLINDRICAL_SURFACE('',#2018,0.5);
#1294=SURFACE_STYLE_USAGE(.BOTH.,#2019);
#1295=FACE_OUTER_BOUND('',#2020,.T.);
#1296=PLANE('',#2021);
#1297=SURFACE_STYLE_USAGE(.BOTH.,#2022);
#1298=FACE_OUTER_BOUND('',#2023,.T.);
#1299=CYLINDRICAL_SURFACE('',#2024,0.5);
#1300=SURFACE_STYLE_USAGE(.BOTH.,#2025);
#1301=FACE_OUTER_BOUND('',#2026,.T.);
#1302=PLANE('',#2027);
#1303=SURFACE_STYLE_USAGE(.BOTH.,#2028);
#1304=FACE_OUTER_BOUND('',#2029,.T.);
#1305=CYLINDRICAL_SURFACE('',#2030,0.5);
#1306=SURFACE_STYLE_USAGE(.BOTH.,#2031);
#1307=FACE_OUTER_BOUND('',#2032,.T.);
#1308=PLANE('',#2033);
#1309=SURFACE_STYLE_USAGE(.BOTH.,#2034);
#1310=FACE_OUTER_BOUND('',#2035,.T.);
#1311=CYLINDRICAL_SURFACE('',#2036,0.5);
#1312=SURFACE_STYLE_USAGE(.BOTH.,#2037);
#1313=FACE_OUTER_BOUND('',#2038,.T.);
#1314=PLANE('',#2039);
#1315=SURFACE_STYLE_USAGE(.BOTH.,#2040);
#1316=FACE_OUTER_BOUND('',#2041,.T.);
#1317=CYLINDRICAL_SURFACE('',#2042,0.5);
#1318=SURFACE_STYLE_USAGE(.BOTH.,#2043);
#1319=FACE_OUTER_BOUND('',#2044,.T.);
#1320=PLANE('',#2045);
#1321=SURFACE_STYLE_USAGE(.BOTH.,#2046);
#1322=FACE_OUTER_BOUND('',#2047,.T.);
#1323=CYLINDRICAL_SURFACE('',#2048,0.5);
#1324=SURFACE_STYLE_USAGE(.BOTH.,#2049);
#1325=FACE_OUTER_BOUND('',#2050,.T.);
#1326=PLANE('',#2051);
#1327=SURFACE_STYLE_USAGE(.BOTH.,#2052);
#1328=FACE_OUTER_BOUND('',#2053,.T.);
#1329=CYLINDRICAL_SURFACE('',#2054,0.5);
#1330=SURFACE_STYLE_USAGE(.BOTH.,#2055);
#1331=FACE_OUTER_BOUND('',#2056,.T.);
#1332=PLANE('',#2057);
#1333=SURFACE_STYLE_USAGE(.BOTH.,#2058);
#1334=FACE_OUTER_BOUND('',#2059,.T.);
#1335=CYLINDRICAL_SURFACE('',#2060,2.0);
#1336=SURFACE_STYLE_USAGE(.BOTH.,#2061);
#1337=FACE_OUTER_BOUND('',#2062,.T.);
#1338=PLANE('',#2063);
#1339=SURFACE_STYLE_USAGE(.BOTH.,#2064);
#1340=FACE_OUTER_BOUND('',#2065,.T.);
#1341=CYLINDRICAL_SURFACE('',#2066,2.0);
#1342=SURFACE_STYLE_USAGE(.BOTH.,#2067);
#1343=FACE_OUTER_BOUND('',#2068,.T.);
#1344=PLANE('',#2069);
#1345=SURFACE_STYLE_USAGE(.BOTH.,#2070);
#1346=FACE_OUTER_BOUND('',#2071,.T.);
#1347=CYLINDRICAL_SURFACE('',#2072,2.0);
#1348=SURFACE_STYLE_USAGE(.BOTH.,#2073);
#1349=FACE_OUTER_BOUND('',#2074,.T.);
#1350=PLANE('',#2075);
#1351=SURFACE_STYLE_USAGE(.BOTH.,#2076);
#1352=FACE_OUTER_BOUND('',#2077,.T.);
#1353=CYLINDRICAL_SURFACE('',#2078,2.0);
#1354=SURFACE_STYLE_USAGE(.BOTH.,#2079);
#1355=FACE_OUTER_BOUND('',#2080,.T.);
#1356=PLANE('',#2081);
#1357=SURFACE_STYLE_USAGE(.BOTH.,#2082);
#1358=FACE_BOUND('',#2083,.T.);
#1359=FACE_BOUND('',#2084,.T.);
#1360=FACE_BOUND('',#2085,.T.);
#1361=FACE_BOUND('',#2086,.T.);
#1362=FACE_BOUND('',#2087,.T.);
#1363=FACE_BOUND('',#2088,.T.);
#1364=FACE_BOUND('',#2089,.T.);
#1365=FACE_BOUND('',#2090,.T.);
#1366=FACE_BOUND('',#2091,.T.);
#1367=FACE_BOUND('',#2092,.T.);
#1368=FACE_BOUND('',#2093,.T.);
#1369=FACE_BOUND('',#2094,.T.);
#1370=FACE_BOUND('',#2095,.T.);
#1371=FACE_BOUND('',#2096,.T.);
#1372=FACE_BOUND('',#2097,.T.);
#1373=FACE_OUTER_BOUND('',#2098,.T.);
#1374=PLANE('',#2099);
#1375=SURFACE_STYLE_USAGE(.BOTH.,#2100);
#1376=FACE_BOUND('',#2101,.T.);
#1377=FACE_BOUND('',#2102,.T.);
#1378=FACE_OUTER_BOUND('',#2103,.T.);
#1379=PLANE('',#2104);
#1380=SURFACE_STYLE_USAGE(.BOTH.,#2105);
#1381=FACE_OUTER_BOUND('',#2106,.T.);
#1382=CYLINDRICAL_SURFACE('',#2107,2.4);
#1383=SURFACE_STYLE_USAGE(.BOTH.,#2108);
#1384=FACE_OUTER_BOUND('',#2109,.T.);
#1385=PLANE('',#2110);
#1386=SURFACE_STYLE_USAGE(.BOTH.,#2111);
#1387=FACE_OUTER_BOUND('',#2112,.T.);
#1388=CYLINDRICAL_SURFACE('',#2113,2.4);
#1389=SURFACE_STYLE_USAGE(.BOTH.,#2114);
#1390=FACE_OUTER_BOUND('',#2115,.T.);
#1391=CYLINDRICAL_SURFACE('',#2116,2.4);
#1392=SURFACE_STYLE_USAGE(.BOTH.,#2117);
#1393=FACE_OUTER_BOUND('',#2118,.T.);
#1394=PLANE('',#2119);
#1395=SURFACE_STYLE_USAGE(.BOTH.,#2120);
#1396=FACE_OUTER_BOUND('',#2121,.T.);
#1397=CYLINDRICAL_SURFACE('',#2122,2.4);
#1398=SURFACE_STYLE_USAGE(.BOTH.,#2123);
#1399=FACE_BOUND('',#2124,.T.);
#1400=FACE_BOUND('',#2125,.T.);
#1401=FACE_OUTER_BOUND('',#2126,.T.);
#1402=PLANE('',#2127);
#1403=SURFACE_STYLE_USAGE(.BOTH.,#2128);
#1404=FACE_BOUND('',#2129,.T.);
#1405=FACE_OUTER_BOUND('',#2130,.T.);
#1406=PLANE('',#2131);
#1407=SURFACE_STYLE_USAGE(.BOTH.,#2132);
#1408=FACE_OUTER_BOUND('',#2133,.T.);
#1409=CYLINDRICAL_SURFACE('',#2134,1.3);
#1410=SURFACE_STYLE_USAGE(.BOTH.,#2135);
#1411=FACE_OUTER_BOUND('',#2136,.T.);
#1412=PLANE('',#2137);
#1413=SURFACE_STYLE_USAGE(.BOTH.,#2138);
#1414=FACE_OUTER_BOUND('',#2139,.T.);
#1415=CYLINDRICAL_SURFACE('',#2140,1.3);
#1416=SURFACE_STYLE_USAGE(.BOTH.,#2141);
#1417=FACE_OUTER_BOUND('',#2142,.T.);
#1418=PLANE('',#2143);
#1419=SURFACE_STYLE_USAGE(.BOTH.,#2144);
#1420=FACE_OUTER_BOUND('',#2145,.T.);
#1421=CYLINDRICAL_SURFACE('',#2146,1.3);
#1422=SURFACE_STYLE_USAGE(.BOTH.,#2147);
#1423=FACE_OUTER_BOUND('',#2148,.T.);
#1424=PLANE('',#2149);
#1425=SURFACE_STYLE_USAGE(.BOTH.,#2150);
#1426=FACE_OUTER_BOUND('',#2151,.T.);
#1427=CYLINDRICAL_SURFACE('',#2152,1.3);
#1428=SURFACE_STYLE_USAGE(.BOTH.,#2153);
#1429=FACE_OUTER_BOUND('',#2154,.T.);
#1430=PLANE('',#2155);
#1431=SURFACE_STYLE_USAGE(.BOTH.,#2156);
#1432=FACE_BOUND('',#2157,.T.);
#1433=FACE_OUTER_BOUND('',#2158,.T.);
#1434=PLANE('',#2159);
#1435=SURFACE_STYLE_USAGE(.BOTH.,#2160);
#1436=FACE_BOUND('',#2161,.T.);
#1437=FACE_OUTER_BOUND('',#2162,.T.);
#1438=PLANE('',#2163);
#1439=PRODUCT_CONTEXT('',#237,'mechanical');
#1440=PRODUCT_DEFINITION_FORMATION_WITH_SPECIFIED_SOURCE(' ','NONE',#704,.NOT_KNOWN.);
#1441=CLOSED_SHELL('',(#251,#253,#255,#257,#259,#261,#263,#265,#267,#269,#271,#273,#275,#277,#279,#281,#283,#285,#287,#289,#291,#293,#295,#297,#299,#301,#303,#305,#307,#309,#311,#313,#315,#317,#319,#321,#323,#325,#327,#329,#331,#333,#335,#337,#339,#341,#343,#345,#347,#349,#351,#353,#355,#357,#359,#361,#363,#365,#367,#369,#371,#373,#375,#377,#379,#381,#383,#385,#387,#389,#391,#393,#395,#397,#399,#401,#403,#405,#407,#409,#411,#413,#415,#417,#419,#421,#423,#425,#427,#429,#431,#433,#435,#437,#439,#441,#443,#445,#447,#449,#451,#453,#455,#457,#459,#461,#463,#465,#467,#469,#471,#473,#475,#477,#479,#481,#483,#485,#487,#489,#491,#493,#495,#497,#499,#501,#503,#505,#507,#509,#511,#513,#515,#517,#519,#521,#523,#525,#527,#529,#531,#533,#535,#537,#539,#541,#543,#545,#547,#549,#551,#553,#555,#557,#559,#561,#563,#565,#567,#569,#571,#573,#575,#577,#579,#581,#583,#585,#587,#589,#591,#593,#595,#597,#599,#601,#603,#605,#607,#609,#611,#613,#615,#617,#619,#621,#623,#625,#627,#629,#631,#633,#635,#637,#639,#641,#643,#645,#647,#649,#651,#653,#655,#657,#659,#661,#663,#665,#667,#669,#671,#673,#675,#677,#679,#681,#683,#685,#687,#689,#691,#693,#695,#697,#699,#701,#703));
#1442=CARTESIAN_POINT('',(0.0,0.0,0.0));
#1443=DIRECTION('',(0.0,0.0,1.0));
#1444=DIRECTION('',(1.0,0.0,0.0));
#1445= (NAMED_UNIT(#713)LENGTH_UNIT()SI_UNIT(.MILLI.,.METRE.));
#1446=SURFACE_SIDE_STYLE('',(#2165));
#1447=EDGE_LOOP('',(#2166,#2167,#2168,#2169));
#1448=AXIS2_PLACEMENT_3D('',#2170,#2171,#2172);
#1449=SURFACE_SIDE_STYLE('',(#2173));
#1450=EDGE_LOOP('',(#2174,#2175,#2176,#2177));
#1451=AXIS2_PLACEMENT_3D('',#2178,#2179,#2180);
#1452=SURFACE_SIDE_STYLE('',(#2181));
#1453=EDGE_LOOP('',(#2182,#2183,#2184,#2185));
#1454=AXIS2_PLACEMENT_3D('',#2186,#2187,#2188);
#1455=SURFACE_SIDE_STYLE('',(#2189));
#1456=EDGE_LOOP('',(#2190,#2191,#2192,#2193));
#1457=AXIS2_PLACEMENT_3D('',#2194,#2195,#2196);
#1458=SURFACE_SIDE_STYLE('',(#2197));
#1459=EDGE_LOOP('',(#2198,#2199,#2200,#2201));
#1460=AXIS2_PLACEMENT_3D('',#2202,#2203,#2204);
#1461=SURFACE_SIDE_STYLE('',(#2205));
#1462=EDGE_LOOP('',(#2206,#2207,#2208,#2209));
#1463=AXIS2_PLACEMENT_3D('',#2210,#2211,#2212);
#1464=SURFACE_SIDE_STYLE('',(#2213));
#1465=EDGE_LOOP('',(#2214,#2215,#2216,#2217));
#1466=AXIS2_PLACEMENT_3D('',#2218,#2219,#2220);
#1467=SURFACE_SIDE_STYLE('',(#2221));
#1468=EDGE_LOOP('',(#2222,#2223,#2224,#2225));
#1469=AXIS2_PLACEMENT_3D('',#2226,#2227,#2228);
#1470=SURFACE_SIDE_STYLE('',(#2229));
#1471=EDGE_LOOP('',(#2230,#2231,#2232,#2233));
#1472=AXIS2_PLACEMENT_3D('',#2234,#2235,#2236);
#1473=SURFACE_SIDE_STYLE('',(#2237));
#1474=EDGE_LOOP('',(#2238,#2239,#2240,#2241));
#1475=AXIS2_PLACEMENT_3D('',#2242,#2243,#2244);
#1476=SURFACE_SIDE_STYLE('',(#2245));
#1477=EDGE_LOOP('',(#2246,#2247,#2248,#2249));
#1478=AXIS2_PLACEMENT_3D('',#2250,#2251,#2252);
#1479=SURFACE_SIDE_STYLE('',(#2253));
#1480=EDGE_LOOP('',(#2254,#2255,#2256,#2257));
#1481=AXIS2_PLACEMENT_3D('',#2258,#2259,#2260);
#1482=SURFACE_SIDE_STYLE('',(#2261));
#1483=EDGE_LOOP('',(#2262,#2263,#2264,#2265));
#1484=AXIS2_PLACEMENT_3D('',#2266,#2267,#2268);
#1485=SURFACE_SIDE_STYLE('',(#2269));
#1486=EDGE_LOOP('',(#2270,#2271,#2272,#2273));
#1487=AXIS2_PLACEMENT_3D('',#2274,#2275,#2276);
#1488=SURFACE_SIDE_STYLE('',(#2277));
#1489=EDGE_LOOP('',(#2278,#2279,#2280,#2281));
#1490=AXIS2_PLACEMENT_3D('',#2282,#2283,#2284);
#1491=SURFACE_SIDE_STYLE('',(#2285));
#1492=EDGE_LOOP('',(#2286,#2287,#2288,#2289));
#1493=AXIS2_PLACEMENT_3D('',#2290,#2291,#2292);
#1494=SURFACE_SIDE_STYLE('',(#2293));
#1495=EDGE_LOOP('',(#2294,#2295,#2296,#2297));
#1496=AXIS2_PLACEMENT_3D('',#2298,#2299,#2300);
#1497=SURFACE_SIDE_STYLE('',(#2301));
#1498=EDGE_LOOP('',(#2302,#2303,#2304,#2305));
#1499=AXIS2_PLACEMENT_3D('',#2306,#2307,#2308);
#1500=SURFACE_SIDE_STYLE('',(#2309));
#1501=EDGE_LOOP('',(#2310,#2311,#2312,#2313));
#1502=AXIS2_PLACEMENT_3D('',#2314,#2315,#2316);
#1503=SURFACE_SIDE_STYLE('',(#2317));
#1504=EDGE_LOOP('',(#2318,#2319,#2320,#2321,#2322,#2323));
#1505=AXIS2_PLACEMENT_3D('',#2324,#2325,#2326);
#1506=SURFACE_SIDE_STYLE('',(#2327));
#1507=EDGE_LOOP('',(#2328,#2329,#2330,#2331));
#1508=AXIS2_PLACEMENT_3D('',#2332,#2333,#2334);
#1509=SURFACE_SIDE_STYLE('',(#2335));
#1510=EDGE_LOOP('',(#2336,#2337,#2338,#2339));
#1511=AXIS2_PLACEMENT_3D('',#2340,#2341,#2342);
#1512=SURFACE_SIDE_STYLE('',(#2343));
#1513=EDGE_LOOP('',(#2344,#2345,#2346,#2347));
#1514=AXIS2_PLACEMENT_3D('',#2348,#2349,#2350);
#1515=SURFACE_SIDE_STYLE('',(#2351));
#1516=EDGE_LOOP('',(#2352,#2353,#2354,#2355));
#1517=AXIS2_PLACEMENT_3D('',#2356,#2357,#2358);
#1518=SURFACE_SIDE_STYLE('',(#2359));
#1519=EDGE_LOOP('',(#2360,#2361,#2362,#2363));
#1520=AXIS2_PLACEMENT_3D('',#2364,#2365,#2366);
#1521=SURFACE_SIDE_STYLE('',(#2367));
#1522=EDGE_LOOP('',(#2368,#2369,#2370,#2371,#2372,#2373));
#1523=AXIS2_PLACEMENT_3D('',#2374,#2375,#2376);
#1524=SURFACE_SIDE_STYLE('',(#2377));
#1525=EDGE_LOOP('',(#2378,#2379,#2380,#2381,#2382,#2383));
#1526=AXIS2_PLACEMENT_3D('',#2384,#2385,#2386);
#1527=SURFACE_SIDE_STYLE('',(#2387));
#1528=EDGE_LOOP('',(#2388,#2389,#2390,#2391));
#1529=AXIS2_PLACEMENT_3D('',#2392,#2393,#2394);
#1530=SURFACE_SIDE_STYLE('',(#2395));
#1531=EDGE_LOOP('',(#2396,#2397,#2398,#2399));
#1532=AXIS2_PLACEMENT_3D('',#2400,#2401,#2402);
#1533=SURFACE_SIDE_STYLE('',(#2403));
#1534=EDGE_LOOP('',(#2404,#2405,#2406,#2407));
#1535=AXIS2_PLACEMENT_3D('',#2408,#2409,#2410);
#1536=SURFACE_SIDE_STYLE('',(#2411));
#1537=EDGE_LOOP('',(#2412,#2413,#2414,#2415));
#1538=AXIS2_PLACEMENT_3D('',#2416,#2417,#2418);
#1539=SURFACE_SIDE_STYLE('',(#2419));
#1540=EDGE_LOOP('',(#2420,#2421,#2422,#2423));
#1541=AXIS2_PLACEMENT_3D('',#2424,#2425,#2426);
#1542=SURFACE_SIDE_STYLE('',(#2427));
#1543=EDGE_LOOP('',(#2428,#2429,#2430,#2431,#2432,#2433));
#1544=AXIS2_PLACEMENT_3D('',#2434,#2435,#2436);
#1545=SURFACE_SIDE_STYLE('',(#2437));
#1546=EDGE_LOOP('',(#2438,#2439,#2440,#2441,#2442,#2443));
#1547=AXIS2_PLACEMENT_3D('',#2444,#2445,#2446);
#1548=SURFACE_SIDE_STYLE('',(#2447));
#1549=EDGE_LOOP('',(#2448,#2449,#2450,#2451));
#1550=AXIS2_PLACEMENT_3D('',#2452,#2453,#2454);
#1551=SURFACE_SIDE_STYLE('',(#2455));
#1552=EDGE_LOOP('',(#2456,#2457,#2458,#2459));
#1553=AXIS2_PLACEMENT_3D('',#2460,#2461,#2462);
#1554=SURFACE_SIDE_STYLE('',(#2463));
#1555=EDGE_LOOP('',(#2464,#2465,#2466,#2467));
#1556=AXIS2_PLACEMENT_3D('',#2468,#2469,#2470);
#1557=SURFACE_SIDE_STYLE('',(#2471));
#1558=EDGE_LOOP('',(#2472,#2473,#2474,#2475));
#1559=AXIS2_PLACEMENT_3D('',#2476,#2477,#2478);
#1560=SURFACE_SIDE_STYLE('',(#2479));
#1561=EDGE_LOOP('',(#2480,#2481,#2482,#2483));
#1562=AXIS2_PLACEMENT_3D('',#2484,#2485,#2486);
#1563=SURFACE_SIDE_STYLE('',(#2487));
#1564=EDGE_LOOP('',(#2488,#2489,#2490,#2491,#2492,#2493));
#1565=AXIS2_PLACEMENT_3D('',#2494,#2495,#2496);
#1566=SURFACE_SIDE_STYLE('',(#2497));
#1567=EDGE_LOOP('',(#2498,#2499,#2500,#2501,#2502,#2503));
#1568=AXIS2_PLACEMENT_3D('',#2504,#2505,#2506);
#1569=SURFACE_SIDE_STYLE('',(#2507));
#1570=EDGE_LOOP('',(#2508,#2509,#2510,#2511));
#1571=AXIS2_PLACEMENT_3D('',#2512,#2513,#2514);
#1572=SURFACE_SIDE_STYLE('',(#2515));
#1573=EDGE_LOOP('',(#2516,#2517,#2518,#2519));
#1574=AXIS2_PLACEMENT_3D('',#2520,#2521,#2522);
#1575=SURFACE_SIDE_STYLE('',(#2523));
#1576=EDGE_LOOP('',(#2524,#2525,#2526,#2527));
#1577=AXIS2_PLACEMENT_3D('',#2528,#2529,#2530);
#1578=SURFACE_SIDE_STYLE('',(#2531));
#1579=EDGE_LOOP('',(#2532,#2533,#2534,#2535));
#1580=AXIS2_PLACEMENT_3D('',#2536,#2537,#2538);
#1581=SURFACE_SIDE_STYLE('',(#2539));
#1582=EDGE_LOOP('',(#2540,#2541,#2542,#2543));
#1583=AXIS2_PLACEMENT_3D('',#2544,#2545,#2546);
#1584=SURFACE_SIDE_STYLE('',(#2547));
#1585=EDGE_LOOP('',(#2548,#2549,#2550,#2551,#2552,#2553));
#1586=AXIS2_PLACEMENT_3D('',#2554,#2555,#2556);
#1587=SURFACE_SIDE_STYLE('',(#2557));
#1588=EDGE_LOOP('',(#2558,#2559,#2560,#2561,#2562,#2563));
#1589=AXIS2_PLACEMENT_3D('',#2564,#2565,#2566);
#1590=SURFACE_SIDE_STYLE('',(#2567));
#1591=EDGE_LOOP('',(#2568,#2569,#2570,#2571));
#1592=AXIS2_PLACEMENT_3D('',#2572,#2573,#2574);
#1593=SURFACE_SIDE_STYLE('',(#2575));
#1594=EDGE_LOOP('',(#2576,#2577,#2578,#2579));
#1595=AXIS2_PLACEMENT_3D('',#2580,#2581,#2582);
#1596=SURFACE_SIDE_STYLE('',(#2583));
#1597=EDGE_LOOP('',(#2584,#2585,#2586,#2587));
#1598=AXIS2_PLACEMENT_3D('',#2588,#2589,#2590);
#1599=SURFACE_SIDE_STYLE('',(#2591));
#1600=EDGE_LOOP('',(#2592,#2593,#2594,#2595));
#1601=AXIS2_PLACEMENT_3D('',#2596,#2597,#2598);
#1602=SURFACE_SIDE_STYLE('',(#2599));
#1603=EDGE_LOOP('',(#2600,#2601,#2602,#2603));
#1604=AXIS2_PLACEMENT_3D('',#2604,#2605,#2606);
#1605=SURFACE_SIDE_STYLE('',(#2607));
#1606=EDGE_LOOP('',(#2608,#2609,#2610,#2611,#2612,#2613));
#1607=AXIS2_PLACEMENT_3D('',#2614,#2615,#2616);
#1608=SURFACE_SIDE_STYLE('',(#2617));
#1609=EDGE_LOOP('',(#2618,#2619,#2620,#2621,#2622,#2623));
#1610=AXIS2_PLACEMENT_3D('',#2624,#2625,#2626);
#1611=SURFACE_SIDE_STYLE('',(#2627));
#1612=EDGE_LOOP('',(#2628,#2629,#2630,#2631));
#1613=AXIS2_PLACEMENT_3D('',#2632,#2633,#2634);
#1614=SURFACE_SIDE_STYLE('',(#2635));
#1615=EDGE_LOOP('',(#2636,#2637,#2638,#2639));
#1616=AXIS2_PLACEMENT_3D('',#2640,#2641,#2642);
#1617=SURFACE_SIDE_STYLE('',(#2643));
#1618=EDGE_LOOP('',(#2644,#2645,#2646,#2647));
#1619=AXIS2_PLACEMENT_3D('',#2648,#2649,#2650);
#1620=SURFACE_SIDE_STYLE('',(#2651));
#1621=EDGE_LOOP('',(#2652,#2653,#2654,#2655));
#1622=AXIS2_PLACEMENT_3D('',#2656,#2657,#2658);
#1623=SURFACE_SIDE_STYLE('',(#2659));
#1624=EDGE_LOOP('',(#2660,#2661,#2662,#2663));
#1625=AXIS2_PLACEMENT_3D('',#2664,#2665,#2666);
#1626=SURFACE_SIDE_STYLE('',(#2667));
#1627=EDGE_LOOP('',(#2668,#2669,#2670,#2671,#2672,#2673));
#1628=AXIS2_PLACEMENT_3D('',#2674,#2675,#2676);
#1629=SURFACE_SIDE_STYLE('',(#2677));
#1630=EDGE_LOOP('',(#2678,#2679,#2680,#2681,#2682,#2683));
#1631=AXIS2_PLACEMENT_3D('',#2684,#2685,#2686);
#1632=SURFACE_SIDE_STYLE('',(#2687));
#1633=EDGE_LOOP('',(#2688,#2689,#2690,#2691));
#1634=AXIS2_PLACEMENT_3D('',#2692,#2693,#2694);
#1635=SURFACE_SIDE_STYLE('',(#2695));
#1636=EDGE_LOOP('',(#2696,#2697,#2698,#2699));
#1637=AXIS2_PLACEMENT_3D('',#2700,#2701,#2702);
#1638=SURFACE_SIDE_STYLE('',(#2703));
#1639=EDGE_LOOP('',(#2704,#2705,#2706,#2707));
#1640=AXIS2_PLACEMENT_3D('',#2708,#2709,#2710);
#1641=SURFACE_SIDE_STYLE('',(#2711));
#1642=EDGE_LOOP('',(#2712,#2713,#2714,#2715));
#1643=AXIS2_PLACEMENT_3D('',#2716,#2717,#2718);
#1644=SURFACE_SIDE_STYLE('',(#2719));
#1645=EDGE_LOOP('',(#2720,#2721,#2722,#2723));
#1646=AXIS2_PLACEMENT_3D('',#2724,#2725,#2726);
#1647=SURFACE_SIDE_STYLE('',(#2727));
#1648=EDGE_LOOP('',(#2728,#2729,#2730,#2731,#2732,#2733));
#1649=AXIS2_PLACEMENT_3D('',#2734,#2735,#2736);
#1650=SURFACE_SIDE_STYLE('',(#2737));
#1651=EDGE_LOOP('',(#2738,#2739,#2740,#2741,#2742,#2743));
#1652=AXIS2_PLACEMENT_3D('',#2744,#2745,#2746);
#1653=SURFACE_SIDE_STYLE('',(#2747));
#1654=EDGE_LOOP('',(#2748,#2749,#2750,#2751));
#1655=AXIS2_PLACEMENT_3D('',#2752,#2753,#2754);
#1656=SURFACE_SIDE_STYLE('',(#2755));
#1657=EDGE_LOOP('',(#2756,#2757,#2758,#2759));
#1658=AXIS2_PLACEMENT_3D('',#2760,#2761,#2762);
#1659=SURFACE_SIDE_STYLE('',(#2763));
#1660=EDGE_LOOP('',(#2764,#2765,#2766,#2767));
#1661=AXIS2_PLACEMENT_3D('',#2768,#2769,#2770);
#1662=SURFACE_SIDE_STYLE('',(#2771));
#1663=EDGE_LOOP('',(#2772,#2773,#2774,#2775));
#1664=AXIS2_PLACEMENT_3D('',#2776,#2777,#2778);
#1665=SURFACE_SIDE_STYLE('',(#2779));
#1666=EDGE_LOOP('',(#2780,#2781,#2782,#2783));
#1667=AXIS2_PLACEMENT_3D('',#2784,#2785,#2786);
#1668=SURFACE_SIDE_STYLE('',(#2787));
#1669=EDGE_LOOP('',(#2788,#2789,#2790,#2791,#2792,#2793));
#1670=AXIS2_PLACEMENT_3D('',#2794,#2795,#2796);
#1671=SURFACE_SIDE_STYLE('',(#2797));
#1672=EDGE_LOOP('',(#2798,#2799,#2800,#2801,#2802,#2803));
#1673=AXIS2_PLACEMENT_3D('',#2804,#2805,#2806);
#1674=SURFACE_SIDE_STYLE('',(#2807));
#1675=EDGE_LOOP('',(#2808,#2809,#2810,#2811));
#1676=AXIS2_PLACEMENT_3D('',#2812,#2813,#2814);
#1677=SURFACE_SIDE_STYLE('',(#2815));
#1678=EDGE_LOOP('',(#2816,#2817,#2818,#2819));
#1679=AXIS2_PLACEMENT_3D('',#2820,#2821,#2822);
#1680=SURFACE_SIDE_STYLE('',(#2823));
#1681=EDGE_LOOP('',(#2824,#2825,#2826,#2827));
#1682=AXIS2_PLACEMENT_3D('',#2828,#2829,#2830);
#1683=SURFACE_SIDE_STYLE('',(#2831));
#1684=EDGE_LOOP('',(#2832,#2833,#2834,#2835));
#1685=AXIS2_PLACEMENT_3D('',#2836,#2837,#2838);
#1686=SURFACE_SIDE_STYLE('',(#2839));
#1687=EDGE_LOOP('',(#2840,#2841,#2842,#2843));
#1688=AXIS2_PLACEMENT_3D('',#2844,#2845,#2846);
#1689=SURFACE_SIDE_STYLE('',(#2847));
#1690=EDGE_LOOP('',(#2848,#2849,#2850,#2851,#2852,#2853));
#1691=AXIS2_PLACEMENT_3D('',#2854,#2855,#2856);
#1692=SURFACE_SIDE_STYLE('',(#2857));
#1693=EDGE_LOOP('',(#2858,#2859,#2860,#2861,#2862,#2863));
#1694=AXIS2_PLACEMENT_3D('',#2864,#2865,#2866);
#1695=SURFACE_SIDE_STYLE('',(#2867));
#1696=EDGE_LOOP('',(#2868,#2869,#2870,#2871));
#1697=AXIS2_PLACEMENT_3D('',#2872,#2873,#2874);
#1698=SURFACE_SIDE_STYLE('',(#2875));
#1699=EDGE_LOOP('',(#2876,#2877,#2878,#2879));
#1700=AXIS2_PLACEMENT_3D('',#2880,#2881,#2882);
#1701=SURFACE_SIDE_STYLE('',(#2883));
#1702=EDGE_LOOP('',(#2884,#2885,#2886,#2887));
#1703=AXIS2_PLACEMENT_3D('',#2888,#2889,#2890);
#1704=SURFACE_SIDE_STYLE('',(#2891));
#1705=EDGE_LOOP('',(#2892,#2893,#2894,#2895));
#1706=AXIS2_PLACEMENT_3D('',#2896,#2897,#2898);
#1707=SURFACE_SIDE_STYLE('',(#2899));
#1708=EDGE_LOOP('',(#2900,#2901,#2902,#2903));
#1709=AXIS2_PLACEMENT_3D('',#2904,#2905,#2906);
#1710=SURFACE_SIDE_STYLE('',(#2907));
#1711=EDGE_LOOP('',(#2908,#2909,#2910,#2911,#2912,#2913));
#1712=AXIS2_PLACEMENT_3D('',#2914,#2915,#2916);
#1713=SURFACE_SIDE_STYLE('',(#2917));
#1714=EDGE_LOOP('',(#2918,#2919,#2920,#2921,#2922,#2923));
#1715=AXIS2_PLACEMENT_3D('',#2924,#2925,#2926);
#1716=SURFACE_SIDE_STYLE('',(#2927));
#1717=EDGE_LOOP('',(#2928,#2929,#2930,#2931));
#1718=AXIS2_PLACEMENT_3D('',#2932,#2933,#2934);
#1719=SURFACE_SIDE_STYLE('',(#2935));
#1720=EDGE_LOOP('',(#2936,#2937,#2938,#2939));
#1721=AXIS2_PLACEMENT_3D('',#2940,#2941,#2942);
#1722=SURFACE_SIDE_STYLE('',(#2943));
#1723=EDGE_LOOP('',(#2944,#2945,#2946,#2947));
#1724=AXIS2_PLACEMENT_3D('',#2948,#2949,#2950);
#1725=SURFACE_SIDE_STYLE('',(#2951));
#1726=EDGE_LOOP('',(#2952,#2953,#2954,#2955));
#1727=AXIS2_PLACEMENT_3D('',#2956,#2957,#2958);
#1728=SURFACE_SIDE_STYLE('',(#2959));
#1729=EDGE_LOOP('',(#2960,#2961,#2962,#2963));
#1730=AXIS2_PLACEMENT_3D('',#2964,#2965,#2966);
#1731=SURFACE_SIDE_STYLE('',(#2967));
#1732=EDGE_LOOP('',(#2968,#2969,#2970,#2971,#2972,#2973));
#1733=AXIS2_PLACEMENT_3D('',#2974,#2975,#2976);
#1734=SURFACE_SIDE_STYLE('',(#2977));
#1735=EDGE_LOOP('',(#2978,#2979,#2980,#2981,#2982,#2983));
#1736=AXIS2_PLACEMENT_3D('',#2984,#2985,#2986);
#1737=SURFACE_SIDE_STYLE('',(#2987));
#1738=EDGE_LOOP('',(#2988,#2989,#2990,#2991));
#1739=AXIS2_PLACEMENT_3D('',#2992,#2993,#2994);
#1740=SURFACE_SIDE_STYLE('',(#2995));
#1741=EDGE_LOOP('',(#2996,#2997,#2998,#2999));
#1742=AXIS2_PLACEMENT_3D('',#3000,#3001,#3002);
#1743=SURFACE_SIDE_STYLE('',(#3003));
#1744=EDGE_LOOP('',(#3004,#3005,#3006,#3007));
#1745=AXIS2_PLACEMENT_3D('',#3008,#3009,#3010);
#1746=SURFACE_SIDE_STYLE('',(#3011));
#1747=EDGE_LOOP('',(#3012,#3013,#3014,#3015));
#1748=AXIS2_PLACEMENT_3D('',#3016,#3017,#3018);
#1749=SURFACE_SIDE_STYLE('',(#3019));
#1750=EDGE_LOOP('',(#3020,#3021,#3022,#3023));
#1751=AXIS2_PLACEMENT_3D('',#3024,#3025,#3026);
#1752=SURFACE_SIDE_STYLE('',(#3027));
#1753=EDGE_LOOP('',(#3028,#3029,#3030,#3031,#3032,#3033));
#1754=AXIS2_PLACEMENT_3D('',#3034,#3035,#3036);
#1755=SURFACE_SIDE_STYLE('',(#3037));
#1756=EDGE_LOOP('',(#3038,#3039,#3040,#3041,#3042,#3043));
#1757=AXIS2_PLACEMENT_3D('',#3044,#3045,#3046);
#1758=SURFACE_SIDE_STYLE('',(#3047));
#1759=EDGE_LOOP('',(#3048,#3049,#3050,#3051));
#1760=AXIS2_PLACEMENT_3D('',#3052,#3053,#3054);
#1761=SURFACE_SIDE_STYLE('',(#3055));
#1762=EDGE_LOOP('',(#3056,#3057,#3058,#3059));
#1763=AXIS2_PLACEMENT_3D('',#3060,#3061,#3062);
#1764=SURFACE_SIDE_STYLE('',(#3063));
#1765=EDGE_LOOP('',(#3064,#3065,#3066,#3067));
#1766=AXIS2_PLACEMENT_3D('',#3068,#3069,#3070);
#1767=SURFACE_SIDE_STYLE('',(#3071));
#1768=EDGE_LOOP('',(#3072,#3073,#3074,#3075));
#1769=AXIS2_PLACEMENT_3D('',#3076,#3077,#3078);
#1770=SURFACE_SIDE_STYLE('',(#3079));
#1771=EDGE_LOOP('',(#3080,#3081,#3082,#3083));
#1772=AXIS2_PLACEMENT_3D('',#3084,#3085,#3086);
#1773=SURFACE_SIDE_STYLE('',(#3087));
#1774=EDGE_LOOP('',(#3088,#3089,#3090,#3091,#3092,#3093));
#1775=AXIS2_PLACEMENT_3D('',#3094,#3095,#3096);
#1776=SURFACE_SIDE_STYLE('',(#3097));
#1777=EDGE_LOOP('',(#3098,#3099,#3100,#3101,#3102,#3103));
#1778=AXIS2_PLACEMENT_3D('',#3104,#3105,#3106);
#1779=SURFACE_SIDE_STYLE('',(#3107));
#1780=EDGE_LOOP('',(#3108,#3109,#3110,#3111));
#1781=AXIS2_PLACEMENT_3D('',#3112,#3113,#3114);
#1782=SURFACE_SIDE_STYLE('',(#3115));
#1783=EDGE_LOOP('',(#3116,#3117,#3118,#3119));
#1784=AXIS2_PLACEMENT_3D('',#3120,#3121,#3122);
#1785=SURFACE_SIDE_STYLE('',(#3123));
#1786=EDGE_LOOP('',(#3124,#3125,#3126,#3127));
#1787=AXIS2_PLACEMENT_3D('',#3128,#3129,#3130);
#1788=SURFACE_SIDE_STYLE('',(#3131));
#1789=EDGE_LOOP('',(#3132,#3133,#3134,#3135));
#1790=AXIS2_PLACEMENT_3D('',#3136,#3137,#3138);
#1791=SURFACE_SIDE_STYLE('',(#3139));
#1792=EDGE_LOOP('',(#3140,#3141,#3142,#3143));
#1793=AXIS2_PLACEMENT_3D('',#3144,#3145,#3146);
#1794=SURFACE_SIDE_STYLE('',(#3147));
#1795=EDGE_LOOP('',(#3148,#3149,#3150,#3151,#3152,#3153));
#1796=AXIS2_PLACEMENT_3D('',#3154,#3155,#3156);
#1797=SURFACE_SIDE_STYLE('',(#3157));
#1798=EDGE_LOOP('',(#3158,#3159,#3160,#3161,#3162,#3163));
#1799=AXIS2_PLACEMENT_3D('',#3164,#3165,#3166);
#1800=SURFACE_SIDE_STYLE('',(#3167));
#1801=EDGE_LOOP('',(#3168,#3169,#3170,#3171));
#1802=AXIS2_PLACEMENT_3D('',#3172,#3173,#3174);
#1803=SURFACE_SIDE_STYLE('',(#3175));
#1804=EDGE_LOOP('',(#3176,#3177,#3178,#3179));
#1805=AXIS2_PLACEMENT_3D('',#3180,#3181,#3182);
#1806=SURFACE_SIDE_STYLE('',(#3183));
#1807=EDGE_LOOP('',(#3184,#3185,#3186,#3187));
#1808=AXIS2_PLACEMENT_3D('',#3188,#3189,#3190);
#1809=SURFACE_SIDE_STYLE('',(#3191));
#1810=EDGE_LOOP('',(#3192,#3193,#3194,#3195));
#1811=AXIS2_PLACEMENT_3D('',#3196,#3197,#3198);
#1812=SURFACE_SIDE_STYLE('',(#3199));
#1813=EDGE_LOOP('',(#3200,#3201,#3202,#3203));
#1814=AXIS2_PLACEMENT_3D('',#3204,#3205,#3206);
#1815=SURFACE_SIDE_STYLE('',(#3207));
#1816=EDGE_LOOP('',(#3208,#3209,#3210,#3211,#3212,#3213));
#1817=AXIS2_PLACEMENT_3D('',#3214,#3215,#3216);
#1818=SURFACE_SIDE_STYLE('',(#3217));
#1819=EDGE_LOOP('',(#3218,#3219,#3220,#3221,#3222,#3223));
#1820=AXIS2_PLACEMENT_3D('',#3224,#3225,#3226);
#1821=SURFACE_SIDE_STYLE('',(#3227));
#1822=EDGE_LOOP('',(#3228,#3229,#3230,#3231));
#1823=AXIS2_PLACEMENT_3D('',#3232,#3233,#3234);
#1824=SURFACE_SIDE_STYLE('',(#3235));
#1825=EDGE_LOOP('',(#3236,#3237,#3238,#3239));
#1826=AXIS2_PLACEMENT_3D('',#3240,#3241,#3242);
#1827=SURFACE_SIDE_STYLE('',(#3243));
#1828=EDGE_LOOP('',(#3244,#3245,#3246,#3247));
#1829=AXIS2_PLACEMENT_3D('',#3248,#3249,#3250);
#1830=SURFACE_SIDE_STYLE('',(#3251));
#1831=EDGE_LOOP('',(#3252,#3253,#3254,#3255));
#1832=AXIS2_PLACEMENT_3D('',#3256,#3257,#3258);
#1833=SURFACE_SIDE_STYLE('',(#3259));
#1834=EDGE_LOOP('',(#3260,#3261,#3262,#3263));
#1835=AXIS2_PLACEMENT_3D('',#3264,#3265,#3266);
#1836=SURFACE_SIDE_STYLE('',(#3267));
#1837=EDGE_LOOP('',(#3268,#3269,#3270,#3271));
#1838=AXIS2_PLACEMENT_3D('',#3272,#3273,#3274);
#1839=SURFACE_SIDE_STYLE('',(#3275));
#1840=EDGE_LOOP('',(#3276,#3277,#3278,#3279,#3280,#3281));
#1841=AXIS2_PLACEMENT_3D('',#3282,#3283,#3284);
#1842=SURFACE_SIDE_STYLE('',(#3285));
#1843=EDGE_LOOP('',(#3286,#3287,#3288,#3289,#3290,#3291));
#1844=AXIS2_PLACEMENT_3D('',#3292,#3293,#3294);
#1845=SURFACE_SIDE_STYLE('',(#3295));
#1846=EDGE_LOOP('',(#3296,#3297,#3298,#3299,#3300,#3301));
#1847=AXIS2_PLACEMENT_3D('',#3302,#3303,#3304);
#1848=SURFACE_SIDE_STYLE('',(#3305));
#1849=EDGE_LOOP('',(#3306,#3307,#3308,#3309));
#1850=AXIS2_PLACEMENT_3D('',#3310,#3311,#3312);
#1851=SURFACE_SIDE_STYLE('',(#3313));
#1852=EDGE_LOOP('',(#3314,#3315,#3316,#3317));
#1853=AXIS2_PLACEMENT_3D('',#3318,#3319,#3320);
#1854=SURFACE_SIDE_STYLE('',(#3321));
#1855=EDGE_LOOP('',(#3322,#3323,#3324,#3325));
#1856=AXIS2_PLACEMENT_3D('',#3326,#3327,#3328);
#1857=SURFACE_SIDE_STYLE('',(#3329));
#1858=EDGE_LOOP('',(#3330,#3331,#3332,#3333));
#1859=EDGE_LOOP('',(#3334,#3335,#3336,#3337));
#1860=EDGE_LOOP('',(#3338,#3339,#3340,#3341));
#1861=EDGE_LOOP('',(#3342,#3343,#3344,#3345));
#1862=EDGE_LOOP('',(#3346,#3347,#3348,#3349));
#1863=EDGE_LOOP('',(#3350,#3351,#3352,#3353));
#1864=EDGE_LOOP('',(#3354,#3355,#3356,#3357));
#1865=EDGE_LOOP('',(#3358,#3359,#3360,#3361));
#1866=EDGE_LOOP('',(#3362,#3363,#3364,#3365));
#1867=EDGE_LOOP('',(#3366,#3367,#3368,#3369));
#1868=EDGE_LOOP('',(#3370,#3371,#3372,#3373));
#1869=EDGE_LOOP('',(#3374,#3375,#3376,#3377));
#1870=EDGE_LOOP('',(#3378,#3379,#3380,#3381));
#1871=EDGE_LOOP('',(#3382,#3383,#3384,#3385));
#1872=EDGE_LOOP('',(#3386,#3387,#3388,#3389));
#1873=EDGE_LOOP('',(#3390,#3391,#3392,#3393));
#1874=AXIS2_PLACEMENT_3D('',#3394,#3395,#3396);
#1875=SURFACE_SIDE_STYLE('',(#3397));
#1876=EDGE_LOOP('',(#3398,#3399,#3400,#3401));
#1877=AXIS2_PLACEMENT_3D('',#3402,#3403,#3404);
#1878=SURFACE_SIDE_STYLE('',(#3405));
#1879=EDGE_LOOP('',(#3406,#3407,#3408,#3409));
#1880=AXIS2_PLACEMENT_3D('',#3410,#3411,#3412);
#1881=SURFACE_SIDE_STYLE('',(#3413));
#1882=EDGE_LOOP('',(#3414,#3415,#3416,#3417));
#1883=AXIS2_PLACEMENT_3D('',#3418,#3419,#3420);
#1884=SURFACE_SIDE_STYLE('',(#3421));
#1885=EDGE_LOOP('',(#3422,#3423,#3424,#3425));
#1886=AXIS2_PLACEMENT_3D('',#3426,#3427,#3428);
#1887=SURFACE_SIDE_STYLE('',(#3429));
#1888=EDGE_LOOP('',(#3430,#3431,#3432,#3433));
#1889=AXIS2_PLACEMENT_3D('',#3434,#3435,#3436);
#1890=SURFACE_SIDE_STYLE('',(#3437));
#1891=EDGE_LOOP('',(#3438,#3439,#3440,#3441));
#1892=AXIS2_PLACEMENT_3D('',#3442,#3443,#3444);
#1893=SURFACE_SIDE_STYLE('',(#3445));
#1894=EDGE_LOOP('',(#3446,#3447,#3448,#3449));
#1895=AXIS2_PLACEMENT_3D('',#3450,#3451,#3452);
#1896=SURFACE_SIDE_STYLE('',(#3453));
#1897=EDGE_LOOP('',(#3454,#3455,#3456,#3457));
#1898=AXIS2_PLACEMENT_3D('',#3458,#3459,#3460);
#1899=SURFACE_SIDE_STYLE('',(#3461));
#1900=EDGE_LOOP('',(#3462,#3463,#3464,#3465));
#1901=AXIS2_PLACEMENT_3D('',#3466,#3467,#3468);
#1902=SURFACE_SIDE_STYLE('',(#3469));
#1903=EDGE_LOOP('',(#3470,#3471,#3472,#3473,#3474,#3475));
#1904=AXIS2_PLACEMENT_3D('',#3476,#3477,#3478);
#1905=SURFACE_SIDE_STYLE('',(#3479));
#1906=EDGE_LOOP('',(#3480,#3481,#3482,#3483));
#1907=AXIS2_PLACEMENT_3D('',#3484,#3485,#3486);
#1908=SURFACE_SIDE_STYLE('',(#3487));
#1909=EDGE_LOOP('',(#3488,#3489,#3490,#3491));
#1910=AXIS2_PLACEMENT_3D('',#3492,#3493,#3494);
#1911=SURFACE_SIDE_STYLE('',(#3495));
#1912=EDGE_LOOP('',(#3496,#3497,#3498,#3499));
#1913=AXIS2_PLACEMENT_3D('',#3500,#3501,#3502);
#1914=SURFACE_SIDE_STYLE('',(#3503));
#1915=EDGE_LOOP('',(#3504,#3505,#3506,#3507));
#1916=AXIS2_PLACEMENT_3D('',#3508,#3509,#3510);
#1917=SURFACE_SIDE_STYLE('',(#3511));
#1918=EDGE_LOOP('',(#3512,#3513,#3514,#3515));
#1919=AXIS2_PLACEMENT_3D('',#3516,#3517,#3518);
#1920=SURFACE_SIDE_STYLE('',(#3519));
#1921=EDGE_LOOP('',(#3520,#3521,#3522,#3523));
#1922=AXIS2_PLACEMENT_3D('',#3524,#3525,#3526);
#1923=SURFACE_SIDE_STYLE('',(#3527));
#1924=EDGE_LOOP('',(#3528,#3529,#3530,#3531,#3532,#3533));
#1925=AXIS2_PLACEMENT_3D('',#3534,#3535,#3536);
#1926=SURFACE_SIDE_STYLE('',(#3537));
#1927=EDGE_LOOP('',(#3538,#3539,#3540,#3541));
#1928=AXIS2_PLACEMENT_3D('',#3542,#3543,#3544);
#1929=SURFACE_SIDE_STYLE('',(#3545));
#1930=EDGE_LOOP('',(#3546,#3547,#3548,#3549));
#1931=AXIS2_PLACEMENT_3D('',#3550,#3551,#3552);
#1932=SURFACE_SIDE_STYLE('',(#3553));
#1933=EDGE_LOOP('',(#3554,#3555,#3556,#3557));
#1934=AXIS2_PLACEMENT_3D('',#3558,#3559,#3560);
#1935=SURFACE_SIDE_STYLE('',(#3561));
#1936=EDGE_LOOP('',(#3562,#3563,#3564,#3565));
#1937=AXIS2_PLACEMENT_3D('',#3566,#3567,#3568);
#1938=SURFACE_SIDE_STYLE('',(#3569));
#1939=EDGE_LOOP('',(#3570,#3571,#3572,#3573));
#1940=AXIS2_PLACEMENT_3D('',#3574,#3575,#3576);
#1941=SURFACE_SIDE_STYLE('',(#3577));
#1942=EDGE_LOOP('',(#3578,#3579,#3580,#3581));
#1943=AXIS2_PLACEMENT_3D('',#3582,#3583,#3584);
#1944=SURFACE_SIDE_STYLE('',(#3585));
#1945=EDGE_LOOP('',(#3586,#3587,#3588,#3589,#3590,#3591));
#1946=AXIS2_PLACEMENT_3D('',#3592,#3593,#3594);
#1947=SURFACE_SIDE_STYLE('',(#3595));
#1948=EDGE_LOOP('',(#3596,#3597,#3598,#3599));
#1949=AXIS2_PLACEMENT_3D('',#3600,#3601,#3602);
#1950=SURFACE_SIDE_STYLE('',(#3603));
#1951=EDGE_LOOP('',(#3604,#3605,#3606,#3607));
#1952=AXIS2_PLACEMENT_3D('',#3608,#3609,#3610);
#1953=SURFACE_SIDE_STYLE('',(#3611));
#1954=EDGE_LOOP('',(#3612,#3613,#3614,#3615));
#1955=AXIS2_PLACEMENT_3D('',#3616,#3617,#3618);
#1956=SURFACE_SIDE_STYLE('',(#3619));
#1957=EDGE_LOOP('',(#3620,#3621,#3622,#3623));
#1958=AXIS2_PLACEMENT_3D('',#3624,#3625,#3626);
#1959=SURFACE_SIDE_STYLE('',(#3627));
#1960=EDGE_LOOP('',(#3628,#3629,#3630,#3631));
#1961=AXIS2_PLACEMENT_3D('',#3632,#3633,#3634);
#1962=SURFACE_SIDE_STYLE('',(#3635));
#1963=EDGE_LOOP('',(#3636,#3637,#3638,#3639));
#1964=AXIS2_PLACEMENT_3D('',#3640,#3641,#3642);
#1965=SURFACE_SIDE_STYLE('',(#3643));
#1966=EDGE_LOOP('',(#3644,#3645,#3646,#3647,#3648,#3649));
#1967=AXIS2_PLACEMENT_3D('',#3650,#3651,#3652);
#1968=SURFACE_SIDE_STYLE('',(#3653));
#1969=EDGE_LOOP('',(#3654,#3655,#3656,#3657));
#1970=AXIS2_PLACEMENT_3D('',#3658,#3659,#3660);
#1971=SURFACE_SIDE_STYLE('',(#3661));
#1972=EDGE_LOOP('',(#3662,#3663));
#1973=AXIS2_PLACEMENT_3D('',#3664,#3665,#3666);
#1974=SURFACE_SIDE_STYLE('',(#3667));
#1975=EDGE_LOOP('',(#3668,#3669,#3670,#3671));
#1976=AXIS2_PLACEMENT_3D('',#3672,#3673,#3674);
#1977=SURFACE_SIDE_STYLE('',(#3675));
#1978=EDGE_LOOP('',(#3676,#3677));
#1979=AXIS2_PLACEMENT_3D('',#3678,#3679,#3680);
#1980=SURFACE_SIDE_STYLE('',(#3681));
#1981=EDGE_LOOP('',(#3682,#3683,#3684,#3685));
#1982=AXIS2_PLACEMENT_3D('',#3686,#3687,#3688);
#1983=SURFACE_SIDE_STYLE('',(#3689));
#1984=EDGE_LOOP('',(#3690,#3691));
#1985=AXIS2_PLACEMENT_3D('',#3692,#3693,#3694);
#1986=SURFACE_SIDE_STYLE('',(#3695));
#1987=EDGE_LOOP('',(#3696,#3697,#3698,#3699));
#1988=AXIS2_PLACEMENT_3D('',#3700,#3701,#3702);
#1989=SURFACE_SIDE_STYLE('',(#3703));
#1990=EDGE_LOOP('',(#3704,#3705));
#1991=AXIS2_PLACEMENT_3D('',#3706,#3707,#3708);
#1992=SURFACE_SIDE_STYLE('',(#3709));
#1993=EDGE_LOOP('',(#3710,#3711,#3712,#3713));
#1994=AXIS2_PLACEMENT_3D('',#3714,#3715,#3716);
#1995=SURFACE_SIDE_STYLE('',(#3717));
#1996=EDGE_LOOP('',(#3718,#3719));
#1997=AXIS2_PLACEMENT_3D('',#3720,#3721,#3722);
#1998=SURFACE_SIDE_STYLE('',(#3723));
#1999=EDGE_LOOP('',(#3724,#3725,#3726,#3727));
#2000=AXIS2_PLACEMENT_3D('',#3728,#3729,#3730);
#2001=SURFACE_SIDE_STYLE('',(#3731));
#2002=EDGE_LOOP('',(#3732,#3733));
#2003=AXIS2_PLACEMENT_3D('',#3734,#3735,#3736);
#2004=SURFACE_SIDE_STYLE('',(#3737));
#2005=EDGE_LOOP('',(#3738,#3739,#3740,#3741));
#2006=AXIS2_PLACEMENT_3D('',#3742,#3743,#3744);
#2007=SURFACE_SIDE_STYLE('',(#3745));
#2008=EDGE_LOOP('',(#3746,#3747));
#2009=AXIS2_PLACEMENT_3D('',#3748,#3749,#3750);
#2010=SURFACE_SIDE_STYLE('',(#3751));
#2011=EDGE_LOOP('',(#3752,#3753,#3754,#3755));
#2012=AXIS2_PLACEMENT_3D('',#3756,#3757,#3758);
#2013=SURFACE_SIDE_STYLE('',(#3759));
#2014=EDGE_LOOP('',(#3760,#3761));
#2015=AXIS2_PLACEMENT_3D('',#3762,#3763,#3764);
#2016=SURFACE_SIDE_STYLE('',(#3765));
#2017=EDGE_LOOP('',(#3766,#3767,#3768,#3769));
#2018=AXIS2_PLACEMENT_3D('',#3770,#3771,#3772);
#2019=SURFACE_SIDE_STYLE('',(#3773));
#2020=EDGE_LOOP('',(#3774,#3775));
#2021=AXIS2_PLACEMENT_3D('',#3776,#3777,#3778);
#2022=SURFACE_SIDE_STYLE('',(#3779));
#2023=EDGE_LOOP('',(#3780,#3781,#3782,#3783));
#2024=AXIS2_PLACEMENT_3D('',#3784,#3785,#3786);
#2025=SURFACE_SIDE_STYLE('',(#3787));
#2026=EDGE_LOOP('',(#3788,#3789));
#2027=AXIS2_PLACEMENT_3D('',#3790,#3791,#3792);
#2028=SURFACE_SIDE_STYLE('',(#3793));
#2029=EDGE_LOOP('',(#3794,#3795,#3796,#3797));
#2030=AXIS2_PLACEMENT_3D('',#3798,#3799,#3800);
#2031=SURFACE_SIDE_STYLE('',(#3801));
#2032=EDGE_LOOP('',(#3802,#3803));
#2033=AXIS2_PLACEMENT_3D('',#3804,#3805,#3806);
#2034=SURFACE_SIDE_STYLE('',(#3807));
#2035=EDGE_LOOP('',(#3808,#3809,#3810,#3811));
#2036=AXIS2_PLACEMENT_3D('',#3812,#3813,#3814);
#2037=SURFACE_SIDE_STYLE('',(#3815));
#2038=EDGE_LOOP('',(#3816,#3817));
#2039=AXIS2_PLACEMENT_3D('',#3818,#3819,#3820);
#2040=SURFACE_SIDE_STYLE('',(#3821));
#2041=EDGE_LOOP('',(#3822,#3823,#3824,#3825));
#2042=AXIS2_PLACEMENT_3D('',#3826,#3827,#3828);
#2043=SURFACE_SIDE_STYLE('',(#3829));
#2044=EDGE_LOOP('',(#3830,#3831));
#2045=AXIS2_PLACEMENT_3D('',#3832,#3833,#3834);
#2046=SURFACE_SIDE_STYLE('',(#3835));
#2047=EDGE_LOOP('',(#3836,#3837,#3838,#3839));
#2048=AXIS2_PLACEMENT_3D('',#3840,#3841,#3842);
#2049=SURFACE_SIDE_STYLE('',(#3843));
#2050=EDGE_LOOP('',(#3844,#3845));
#2051=AXIS2_PLACEMENT_3D('',#3846,#3847,#3848);
#2052=SURFACE_SIDE_STYLE('',(#3849));
#2053=EDGE_LOOP('',(#3850,#3851,#3852,#3853));
#2054=AXIS2_PLACEMENT_3D('',#3854,#3855,#3856);
#2055=SURFACE_SIDE_STYLE('',(#3857));
#2056=EDGE_LOOP('',(#3858,#3859));
#2057=AXIS2_PLACEMENT_3D('',#3860,#3861,#3862);
#2058=SURFACE_SIDE_STYLE('',(#3863));
#2059=EDGE_LOOP('',(#3864,#3865,#3866,#3867));
#2060=AXIS2_PLACEMENT_3D('',#3868,#3869,#3870);
#2061=SURFACE_SIDE_STYLE('',(#3871));
#2062=EDGE_LOOP('',(#3872,#3873,#3874,#3875));
#2063=AXIS2_PLACEMENT_3D('',#3876,#3877,#3878);
#2064=SURFACE_SIDE_STYLE('',(#3879));
#2065=EDGE_LOOP('',(#3880,#3881,#3882,#3883));
#2066=AXIS2_PLACEMENT_3D('',#3884,#3885,#3886);
#2067=SURFACE_SIDE_STYLE('',(#3887));
#2068=EDGE_LOOP('',(#3888,#3889,#3890,#3891));
#2069=AXIS2_PLACEMENT_3D('',#3892,#3893,#3894);
#2070=SURFACE_SIDE_STYLE('',(#3895));
#2071=EDGE_LOOP('',(#3896,#3897,#3898,#3899));
#2072=AXIS2_PLACEMENT_3D('',#3900,#3901,#3902);
#2073=SURFACE_SIDE_STYLE('',(#3903));
#2074=EDGE_LOOP('',(#3904,#3905,#3906,#3907));
#2075=AXIS2_PLACEMENT_3D('',#3908,#3909,#3910);
#2076=SURFACE_SIDE_STYLE('',(#3911));
#2077=EDGE_LOOP('',(#3912,#3913,#3914,#3915));
#2078=AXIS2_PLACEMENT_3D('',#3916,#3917,#3918);
#2079=SURFACE_SIDE_STYLE('',(#3919));
#2080=EDGE_LOOP('',(#3920,#3921,#3922,#3923));
#2081=AXIS2_PLACEMENT_3D('',#3924,#3925,#3926);
#2082=SURFACE_SIDE_STYLE('',(#3927));
#2083=EDGE_LOOP('',(#3928,#3929));
#2084=EDGE_LOOP('',(#3930,#3931));
#2085=EDGE_LOOP('',(#3932,#3933));
#2086=EDGE_LOOP('',(#3934,#3935));
#2087=EDGE_LOOP('',(#3936,#3937));
#2088=EDGE_LOOP('',(#3938,#3939));
#2089=EDGE_LOOP('',(#3940,#3941));
#2090=EDGE_LOOP('',(#3942,#3943));
#2091=EDGE_LOOP('',(#3944,#3945));
#2092=EDGE_LOOP('',(#3946,#3947));
#2093=EDGE_LOOP('',(#3948,#3949));
#2094=EDGE_LOOP('',(#3950,#3951));
#2095=EDGE_LOOP('',(#3952,#3953));
#2096=EDGE_LOOP('',(#3954,#3955));
#2097=EDGE_LOOP('',(#3956,#3957));
#2098=EDGE_LOOP('',(#3958,#3959,#3960,#3961,#3962,#3963,#3964,#3965,#3966,#3967));
#2099=AXIS2_PLACEMENT_3D('',#3968,#3969,#3970);
#2100=SURFACE_SIDE_STYLE('',(#3971));
#2101=EDGE_LOOP('',(#3972,#3973,#3974,#3975,#3976,#3977));
#2102=EDGE_LOOP('',(#3978,#3979,#3980,#3981,#3982,#3983));
#2103=EDGE_LOOP('',(#3984,#3985,#3986,#3987));
#2104=AXIS2_PLACEMENT_3D('',#3988,#3989,#3990);
#2105=SURFACE_SIDE_STYLE('',(#3991));
#2106=EDGE_LOOP('',(#3992,#3993,#3994,#3995));
#2107=AXIS2_PLACEMENT_3D('',#3996,#3997,#3998);
#2108=SURFACE_SIDE_STYLE('',(#3999));
#2109=EDGE_LOOP('',(#4000,#4001,#4002,#4003));
#2110=AXIS2_PLACEMENT_3D('',#4004,#4005,#4006);
#2111=SURFACE_SIDE_STYLE('',(#4007));
#2112=EDGE_LOOP('',(#4008,#4009,#4010,#4011));
#2113=AXIS2_PLACEMENT_3D('',#4012,#4013,#4014);
#2114=SURFACE_SIDE_STYLE('',(#4015));
#2115=EDGE_LOOP('',(#4016,#4017,#4018,#4019));
#2116=AXIS2_PLACEMENT_3D('',#4020,#4021,#4022);
#2117=SURFACE_SIDE_STYLE('',(#4023));
#2118=EDGE_LOOP('',(#4024,#4025,#4026,#4027));
#2119=AXIS2_PLACEMENT_3D('',#4028,#4029,#4030);
#2120=SURFACE_SIDE_STYLE('',(#4031));
#2121=EDGE_LOOP('',(#4032,#4033,#4034,#4035));
#2122=AXIS2_PLACEMENT_3D('',#4036,#4037,#4038);
#2123=SURFACE_SIDE_STYLE('',(#4039));
#2124=EDGE_LOOP('',(#4040,#4041,#4042,#4043,#4044,#4045));
#2125=EDGE_LOOP('',(#4046,#4047,#4048,#4049,#4050,#4051));
#2126=EDGE_LOOP('',(#4052,#4053,#4054,#4055));
#2127=AXIS2_PLACEMENT_3D('',#4056,#4057,#4058);
#2128=SURFACE_SIDE_STYLE('',(#4059));
#2129=EDGE_LOOP('',(#4060,#4061,#4062,#4063,#4064,#4065,#4066,#4067,#4068,#4069));
#2130=EDGE_LOOP('',(#4070,#4071,#4072,#4073,#4074,#4075,#4076,#4077,#4078,#4079));
#2131=AXIS2_PLACEMENT_3D('',#4080,#4081,#4082);
#2132=SURFACE_SIDE_STYLE('',(#4083));
#2133=EDGE_LOOP('',(#4084,#4085,#4086,#4087));
#2134=AXIS2_PLACEMENT_3D('',#4088,#4089,#4090);
#2135=SURFACE_SIDE_STYLE('',(#4091));
#2136=EDGE_LOOP('',(#4092,#4093,#4094,#4095));
#2137=AXIS2_PLACEMENT_3D('',#4096,#4097,#4098);
#2138=SURFACE_SIDE_STYLE('',(#4099));
#2139=EDGE_LOOP('',(#4100,#4101,#4102,#4103));
#2140=AXIS2_PLACEMENT_3D('',#4104,#4105,#4106);
#2141=SURFACE_SIDE_STYLE('',(#4107));
#2142=EDGE_LOOP('',(#4108,#4109,#4110,#4111));
#2143=AXIS2_PLACEMENT_3D('',#4112,#4113,#4114);
#2144=SURFACE_SIDE_STYLE('',(#4115));
#2145=EDGE_LOOP('',(#4116,#4117,#4118,#4119));
#2146=AXIS2_PLACEMENT_3D('',#4120,#4121,#4122);
#2147=SURFACE_SIDE_STYLE('',(#4123));
#2148=EDGE_LOOP('',(#4124,#4125,#4126,#4127));
#2149=AXIS2_PLACEMENT_3D('',#4128,#4129,#4130);
#2150=SURFACE_SIDE_STYLE('',(#4131));
#2151=EDGE_LOOP('',(#4132,#4133,#4134,#4135));
#2152=AXIS2_PLACEMENT_3D('',#4136,#4137,#4138);
#2153=SURFACE_SIDE_STYLE('',(#4139));
#2154=EDGE_LOOP('',(#4140,#4141,#4142,#4143));
#2155=AXIS2_PLACEMENT_3D('',#4144,#4145,#4146);
#2156=SURFACE_SIDE_STYLE('',(#4147));
#2157=EDGE_LOOP('',(#4148,#4149,#4150,#4151,#4152,#4153,#4154,#4155,#4156,#4157));
#2158=EDGE_LOOP('',(#4158,#4159,#4160,#4161,#4162,#4163,#4164,#4165));
#2159=AXIS2_PLACEMENT_3D('',#4166,#4167,#4168);
#2160=SURFACE_SIDE_STYLE('',(#4169));
#2161=EDGE_LOOP('',(#4170,#4171,#4172,#4173));
#2162=EDGE_LOOP('',(#4174,#4175,#4176,#4177,#4178,#4179,#4180,#4181));
#2163=AXIS2_PLACEMENT_3D('',#4182,#4183,#4184);
#2165=SURFACE_STYLE_FILL_AREA(#4185);
#2166=ORIENTED_EDGE('',*,*,#4186,.F.);
#2167=ORIENTED_EDGE('',*,*,#4187,.F.);
#2168=ORIENTED_EDGE('',*,*,#4188,.T.);
#2169=ORIENTED_EDGE('',*,*,#4189,.T.);
#2170=CARTESIAN_POINT('',(6.5,2.22,0.1));
#2171=DIRECTION('',(0.0,0.0,1.0));
#2172=DIRECTION('',(1.0,0.0,0.0));
#2173=SURFACE_STYLE_FILL_AREA(#4190);
#2174=ORIENTED_EDGE('',*,*,#4191,.F.);
#2175=ORIENTED_EDGE('',*,*,#4192,.T.);
#2176=ORIENTED_EDGE('',*,*,#4193,.F.);
#2177=ORIENTED_EDGE('',*,*,#4194,.F.);
#2178=CARTESIAN_POINT('',(-6.5,2.22,0.1));
#2179=DIRECTION('',(0.0,0.0,1.0));
#2180=DIRECTION('',(1.0,0.0,0.0));
#2181=SURFACE_STYLE_FILL_AREA(#4195);
#2182=ORIENTED_EDGE('',*,*,#4196,.F.);
#2183=ORIENTED_EDGE('',*,*,#4197,.F.);
#2184=ORIENTED_EDGE('',*,*,#4198,.T.);
#2185=ORIENTED_EDGE('',*,*,#4199,.F.);
#2186=CARTESIAN_POINT('',(-6.46,2.18,1.0));
#2187=DIRECTION('',(0.0,0.0,1.0));
#2188=DIRECTION('',(1.0,0.0,0.0));
#2189=SURFACE_STYLE_FILL_AREA(#4200);
#2190=ORIENTED_EDGE('',*,*,#4201,.F.);
#2191=ORIENTED_EDGE('',*,*,#4202,.F.);
#2192=ORIENTED_EDGE('',*,*,#4203,.F.);
#2193=ORIENTED_EDGE('',*,*,#4204,.F.);
#2194=CARTESIAN_POINT('',(6.46,2.18,1.0));
#2195=DIRECTION('',(0.0,0.0,1.0));
#2196=DIRECTION('',(1.0,0.0,0.0));
#2197=SURFACE_STYLE_FILL_AREA(#4205);
#2198=ORIENTED_EDGE('',*,*,#4206,.F.);
#2199=ORIENTED_EDGE('',*,*,#4207,.F.);
#2200=ORIENTED_EDGE('',*,*,#4208,.F.);
#2201=ORIENTED_EDGE('',*,*,#4209,.F.);
#2202=CARTESIAN_POINT('',(5.455,2.54,3.15));
#2203=DIRECTION('',(0.0,0.0,1.0));
#2204=DIRECTION('',(1.0,0.0,0.0));
#2205=SURFACE_STYLE_FILL_AREA(#4210);
#2206=ORIENTED_EDGE('',*,*,#4211,.F.);
#2207=ORIENTED_EDGE('',*,*,#4212,.F.);
#2208=ORIENTED_EDGE('',*,*,#4213,.F.);
#2209=ORIENTED_EDGE('',*,*,#4214,.F.);
#2210=CARTESIAN_POINT('',(3.165,2.54,3.15));
#2211=DIRECTION('',(0.0,0.0,1.0));
#2212=DIRECTION('',(1.0,0.0,0.0));
#2213=SURFACE_STYLE_FILL_AREA(#4215);
#2214=ORIENTED_EDGE('',*,*,#4216,.F.);
#2215=ORIENTED_EDGE('',*,*,#4217,.F.);
#2216=ORIENTED_EDGE('',*,*,#4218,.F.);
#2217=ORIENTED_EDGE('',*,*,#4219,.F.);
#2218=CARTESIAN_POINT('',(0.874999999999999,2.54,3.15));
#2219=DIRECTION('',(0.0,0.0,1.0));
#2220=DIRECTION('',(1.0,0.0,0.0));
#2221=SURFACE_STYLE_FILL_AREA(#4220);
#2222=ORIENTED_EDGE('',*,*,#4221,.F.);
#2223=ORIENTED_EDGE('',*,*,#4222,.F.);
#2224=ORIENTED_EDGE('',*,*,#4223,.F.);
#2225=ORIENTED_EDGE('',*,*,#4224,.F.);
#2226=CARTESIAN_POINT('',(-1.415,2.54,3.15));
#2227=DIRECTION('',(0.0,0.0,1.0));
#2228=DIRECTION('',(1.0,0.0,0.0));
#2229=SURFACE_STYLE_FILL_AREA(#4225);
#2230=ORIENTED_EDGE('',*,*,#4226,.F.);
#2231=ORIENTED_EDGE('',*,*,#4227,.F.);
#2232=ORIENTED_EDGE('',*,*,#4228,.F.);
#2233=ORIENTED_EDGE('',*,*,#4229,.F.);
#2234=CARTESIAN_POINT('',(-3.705,2.54,3.15));
#2235=DIRECTION('',(0.0,0.0,1.0));
#2236=DIRECTION('',(1.0,0.0,0.0));
#2237=SURFACE_STYLE_FILL_AREA(#4230);
#2238=ORIENTED_EDGE('',*,*,#4231,.F.);
#2239=ORIENTED_EDGE('',*,*,#4232,.F.);
#2240=ORIENTED_EDGE('',*,*,#4233,.F.);
#2241=ORIENTED_EDGE('',*,*,#4234,.F.);
#2242=CARTESIAN_POINT('',(4.31,0.0,3.15));
#2243=DIRECTION('',(0.0,0.0,1.0));
#2244=DIRECTION('',(1.0,0.0,0.0));
#2245=SURFACE_STYLE_FILL_AREA(#4235);
#2246=ORIENTED_EDGE('',*,*,#4236,.F.);
#2247=ORIENTED_EDGE('',*,*,#4237,.F.);
#2248=ORIENTED_EDGE('',*,*,#4238,.F.);
#2249=ORIENTED_EDGE('',*,*,#4239,.F.);
#2250=CARTESIAN_POINT('',(2.02,0.0,3.15));
#2251=DIRECTION('',(0.0,0.0,1.0));
#2252=DIRECTION('',(1.0,0.0,0.0));
#2253=SURFACE_STYLE_FILL_AREA(#4240);
#2254=ORIENTED_EDGE('',*,*,#4241,.F.);
#2255=ORIENTED_EDGE('',*,*,#4242,.F.);
#2256=ORIENTED_EDGE('',*,*,#4243,.F.);
#2257=ORIENTED_EDGE('',*,*,#4244,.F.);
#2258=CARTESIAN_POINT('',(-0.270000000000001,0.0,3.15));
#2259=DIRECTION('',(0.0,0.0,1.0));
#2260=DIRECTION('',(1.0,0.0,0.0));
#2261=SURFACE_STYLE_FILL_AREA(#4245);
#2262=ORIENTED_EDGE('',*,*,#4246,.F.);
#2263=ORIENTED_EDGE('',*,*,#4247,.F.);
#2264=ORIENTED_EDGE('',*,*,#4248,.F.);
#2265=ORIENTED_EDGE('',*,*,#4249,.F.);
#2266=CARTESIAN_POINT('',(-2.56,0.0,3.15));
#2267=DIRECTION('',(0.0,0.0,1.0));
#2268=DIRECTION('',(1.0,0.0,0.0));
#2269=SURFACE_STYLE_FILL_AREA(#4250);
#2270=ORIENTED_EDGE('',*,*,#4251,.F.);
#2271=ORIENTED_EDGE('',*,*,#4252,.F.);
#2272=ORIENTED_EDGE('',*,*,#4253,.F.);
#2273=ORIENTED_EDGE('',*,*,#4254,.F.);
#2274=CARTESIAN_POINT('',(-4.85,0.0,3.15));
#2275=DIRECTION('',(0.0,0.0,1.0));
#2276=DIRECTION('',(1.0,0.0,0.0));
#2277=SURFACE_STYLE_FILL_AREA(#4255);
#2278=ORIENTED_EDGE('',*,*,#4256,.F.);
#2279=ORIENTED_EDGE('',*,*,#4257,.F.);
#2280=ORIENTED_EDGE('',*,*,#4258,.F.);
#2281=ORIENTED_EDGE('',*,*,#4259,.F.);
#2282=CARTESIAN_POINT('',(5.455,-2.54,3.15));
#2283=DIRECTION('',(0.0,0.0,1.0));
#2284=DIRECTION('',(1.0,0.0,0.0));
#2285=SURFACE_STYLE_FILL_AREA(#4260);
#2286=ORIENTED_EDGE('',*,*,#4261,.F.);
#2287=ORIENTED_EDGE('',*,*,#4262,.F.);
#2288=ORIENTED_EDGE('',*,*,#4263,.F.);
#2289=ORIENTED_EDGE('',*,*,#4264,.F.);
#2290=CARTESIAN_POINT('',(3.165,-2.54,3.15));
#2291=DIRECTION('',(0.0,0.0,1.0));
#2292=DIRECTION('',(1.0,0.0,0.0));
#2293=SURFACE_STYLE_FILL_AREA(#4265);
#2294=ORIENTED_EDGE('',*,*,#4266,.F.);
#2295=ORIENTED_EDGE('',*,*,#4267,.F.);
#2296=ORIENTED_EDGE('',*,*,#4268,.F.);
#2297=ORIENTED_EDGE('',*,*,#4269,.F.);
#2298=CARTESIAN_POINT('',(0.874999999999998,-2.54,3.15));
#2299=DIRECTION('',(0.0,0.0,1.0));
#2300=DIRECTION('',(1.0,0.0,0.0));
#2301=SURFACE_STYLE_FILL_AREA(#4270);
#2302=ORIENTED_EDGE('',*,*,#4271,.F.);
#2303=ORIENTED_EDGE('',*,*,#4272,.F.);
#2304=ORIENTED_EDGE('',*,*,#4273,.F.);
#2305=ORIENTED_EDGE('',*,*,#4274,.F.);
#2306=CARTESIAN_POINT('',(-1.415,-2.54,3.15));
#2307=DIRECTION('',(0.0,0.0,1.0));
#2308=DIRECTION('',(1.0,0.0,0.0));
#2309=SURFACE_STYLE_FILL_AREA(#4275);
#2310=ORIENTED_EDGE('',*,*,#4276,.F.);
#2311=ORIENTED_EDGE('',*,*,#4277,.F.);
#2312=ORIENTED_EDGE('',*,*,#4278,.F.);
#2313=ORIENTED_EDGE('',*,*,#4279,.F.);
#2314=CARTESIAN_POINT('',(-3.705,-2.54,3.15));
#2315=DIRECTION('',(0.0,0.0,1.0));
#2316=DIRECTION('',(1.0,0.0,0.0));
#2317=SURFACE_STYLE_FILL_AREA(#4280);
#2318=ORIENTED_EDGE('',*,*,#4281,.F.);
#2319=ORIENTED_EDGE('',*,*,#4282,.F.);
#2320=ORIENTED_EDGE('',*,*,#4283,.F.);
#2321=ORIENTED_EDGE('',*,*,#4284,.F.);
#2322=ORIENTED_EDGE('',*,*,#4285,.F.);
#2323=ORIENTED_EDGE('',*,*,#4286,.T.);
#2324=CARTESIAN_POINT('',(-3.105,-1.86571749773248,-5.42032415862557));
#2325=DIRECTION('',(-1.0,1.22460635382238E-16,6.12303176911189E-17));
#2326=DIRECTION('',(-6.12303176911189E-17,7.49830360911069E-33,-1.0));
#2327=SURFACE_STYLE_FILL_AREA(#4287);
#2328=ORIENTED_EDGE('',*,*,#4288,.F.);
#2329=ORIENTED_EDGE('',*,*,#4289,.T.);
#2330=ORIENTED_EDGE('',*,*,#4290,.F.);
#2331=ORIENTED_EDGE('',*,*,#4282,.T.);
#2332=CARTESIAN_POINT('',(-3.105,-2.58000000128959,-4.48285484497589));
#2333=DIRECTION('',(-1.22460635382238E-16,-1.0,-1.9876074596923E-16));
#2334=DIRECTION('',(6.12303176911188E-17,-1.9876074596923E-16,1.0));
#2335=SURFACE_STYLE_FILL_AREA(#4291);
#2336=ORIENTED_EDGE('',*,*,#4292,.T.);
#2337=ORIENTED_EDGE('',*,*,#4293,.F.);
#2338=ORIENTED_EDGE('',*,*,#4283,.T.);
#2339=ORIENTED_EDGE('',*,*,#4290,.T.);
#2340=CARTESIAN_POINT('',(-3.105,-2.28000000114025,-5.75000000287496));
#2341=DIRECTION('',(-1.09532122113065E-16,-0.44721359550067,-0.89442719099956));
#2342=DIRECTION('',(-8.21490915846627E-17,-0.89442719099956,0.44721359550067));
#2343=SURFACE_STYLE_FILL_AREA(#4294);
#2344=ORIENTED_EDGE('',*,*,#4295,.T.);
#2345=ORIENTED_EDGE('',*,*,#4296,.F.);
#2346=ORIENTED_EDGE('',*,*,#4284,.T.);
#2347=ORIENTED_EDGE('',*,*,#4293,.T.);
#2348=CARTESIAN_POINT('',(-3.105,-1.98000000099091,-6.8000000033999));
#2349=DIRECTION('',(-1.22460635382238E-16,-1.0,0.0));
#2350=DIRECTION('',(6.12303176911189E-17,-7.49830360911069E-33,1.0));
#2351=SURFACE_STYLE_FILL_AREA(#4297);
#2352=ORIENTED_EDGE('',*,*,#4298,.T.);
#2353=ORIENTED_EDGE('',*,*,#4299,.F.);
#2354=ORIENTED_EDGE('',*,*,#4285,.T.);
#2355=ORIENTED_EDGE('',*,*,#4296,.T.);
#2356=CARTESIAN_POINT('',(-3.105,-1.68000000084066,-7.70000000384988));
#2357=DIRECTION('',(-6.12303176911189E-17,7.49830360911069E-33,-1.0));
#2358=DIRECTION('',(-1.22460635382238E-16,-1.0,0.0));
#2359=SURFACE_STYLE_FILL_AREA(#4300);
#2360=ORIENTED_EDGE('',*,*,#4301,.F.);
#2361=ORIENTED_EDGE('',*,*,#4286,.F.);
#2362=ORIENTED_EDGE('',*,*,#4299,.T.);
#2363=ORIENTED_EDGE('',*,*,#4302,.T.);
#2364=CARTESIAN_POINT('',(-3.105,-1.38000000069042,-5.53285484550084));
#2365=DIRECTION('',(1.22460635382238E-16,1.0,5.12297489786488E-17));
#2366=DIRECTION('',(-6.12303176911189E-17,5.12297489786488E-17,-1.0));
#2367=SURFACE_STYLE_FILL_AREA(#4303);
#2368=ORIENTED_EDGE('',*,*,#4304,.F.);
#2369=ORIENTED_EDGE('',*,*,#4302,.F.);
#2370=ORIENTED_EDGE('',*,*,#4298,.F.);
#2371=ORIENTED_EDGE('',*,*,#4295,.F.);
#2372=ORIENTED_EDGE('',*,*,#4292,.F.);
#2373=ORIENTED_EDGE('',*,*,#4289,.F.);
#2374=CARTESIAN_POINT('',(-4.305,-1.86571749773248,-5.42032415862557));
#2375=DIRECTION('',(-1.0,1.22460635382238E-16,6.12303176911189E-17));
#2376=DIRECTION('',(-6.12303176911189E-17,7.49830360911069E-33,-1.0));
#2377=SURFACE_STYLE_FILL_AREA(#4305);
#2378=ORIENTED_EDGE('',*,*,#4306,.F.);
#2379=ORIENTED_EDGE('',*,*,#4307,.F.);
#2380=ORIENTED_EDGE('',*,*,#4308,.F.);
#2381=ORIENTED_EDGE('',*,*,#4309,.F.);
#2382=ORIENTED_EDGE('',*,*,#4310,.F.);
#2383=ORIENTED_EDGE('',*,*,#4311,.T.);
#2384=CARTESIAN_POINT('',(-0.815000000000001,-1.86571749773248,-5.42032415862557));
#2385=DIRECTION('',(-1.0,1.22460635382238E-16,6.12303176911189E-17));
#2386=DIRECTION('',(-6.12303176911189E-17,7.49830360911069E-33,-1.0));
#2387=SURFACE_STYLE_FILL_AREA(#4312);
#2388=ORIENTED_EDGE('',*,*,#4313,.F.);
#2389=ORIENTED_EDGE('',*,*,#4314,.T.);
#2390=ORIENTED_EDGE('',*,*,#4315,.F.);
#2391=ORIENTED_EDGE('',*,*,#4307,.T.);
#2392=CARTESIAN_POINT('',(-0.815000000000001,-2.58000000128959,-4.48285484497589));
#2393=DIRECTION('',(-1.22460635382238E-16,-1.0,-1.9876074596923E-16));
#2394=DIRECTION('',(6.12303176911188E-17,-1.9876074596923E-16,1.0));
#2395=SURFACE_STYLE_FILL_AREA(#4316);
#2396=ORIENTED_EDGE('',*,*,#4317,.T.);
#2397=ORIENTED_EDGE('',*,*,#4318,.F.);
#2398=ORIENTED_EDGE('',*,*,#4308,.T.);
#2399=ORIENTED_EDGE('',*,*,#4315,.T.);
#2400=CARTESIAN_POINT('',(-0.815000000000001,-2.28000000114025,-5.75000000287496));
#2401=DIRECTION('',(-1.09532122113065E-16,-0.44721359550067,-0.89442719099956));
#2402=DIRECTION('',(-8.21490915846627E-17,-0.89442719099956,0.44721359550067));
#2403=SURFACE_STYLE_FILL_AREA(#4319);
#2404=ORIENTED_EDGE('',*,*,#4320,.T.);
#2405=ORIENTED_EDGE('',*,*,#4321,.F.);
#2406=ORIENTED_EDGE('',*,*,#4309,.T.);
#2407=ORIENTED_EDGE('',*,*,#4318,.T.);
#2408=CARTESIAN_POINT('',(-0.815000000000001,-1.98000000099091,-6.8000000033999));
#2409=DIRECTION('',(-1.22460635382238E-16,-1.0,0.0));
#2410=DIRECTION('',(6.12303176911189E-17,-7.49830360911069E-33,1.0));
#2411=SURFACE_STYLE_FILL_AREA(#4322);
#2412=ORIENTED_EDGE('',*,*,#4323,.T.);
#2413=ORIENTED_EDGE('',*,*,#4324,.F.);
#2414=ORIENTED_EDGE('',*,*,#4310,.T.);
#2415=ORIENTED_EDGE('',*,*,#4321,.T.);
#2416=CARTESIAN_POINT('',(-0.815000000000001,-1.68000000084066,-7.70000000384988));
#2417=DIRECTION('',(-6.12303176911189E-17,7.49830360911069E-33,-1.0));
#2418=DIRECTION('',(-1.22460635382238E-16,-1.0,0.0));
#2419=SURFACE_STYLE_FILL_AREA(#4325);
#2420=ORIENTED_EDGE('',*,*,#4326,.F.);
#2421=ORIENTED_EDGE('',*,*,#4311,.F.);
#2422=ORIENTED_EDGE('',*,*,#4324,.T.);
#2423=ORIENTED_EDGE('',*,*,#4327,.T.);
#2424=CARTESIAN_POINT('',(-0.815000000000001,-1.38000000069042,-5.53285484550084));
#2425=DIRECTION('',(1.22460635382238E-16,1.0,5.12297489786488E-17));
#2426=DIRECTION('',(-6.12303176911189E-17,5.12297489786488E-17,-1.0));
#2427=SURFACE_STYLE_FILL_AREA(#4328);
#2428=ORIENTED_EDGE('',*,*,#4329,.F.);
#2429=ORIENTED_EDGE('',*,*,#4327,.F.);
#2430=ORIENTED_EDGE('',*,*,#4323,.F.);
#2431=ORIENTED_EDGE('',*,*,#4320,.F.);
#2432=ORIENTED_EDGE('',*,*,#4317,.F.);
#2433=ORIENTED_EDGE('',*,*,#4314,.F.);
#2434=CARTESIAN_POINT('',(-2.015,-1.86571749773248,-5.42032415862557));
#2435=DIRECTION('',(-1.0,1.22460635382238E-16,6.12303176911189E-17));
#2436=DIRECTION('',(-6.12303176911189E-17,7.49830360911069E-33,-1.0));
#2437=SURFACE_STYLE_FILL_AREA(#4330);
#2438=ORIENTED_EDGE('',*,*,#4331,.F.);
#2439=ORIENTED_EDGE('',*,*,#4332,.F.);
#2440=ORIENTED_EDGE('',*,*,#4333,.F.);
#2441=ORIENTED_EDGE('',*,*,#4334,.F.);
#2442=ORIENTED_EDGE('',*,*,#4335,.F.);
#2443=ORIENTED_EDGE('',*,*,#4336,.T.);
#2444=CARTESIAN_POINT('',(1.475,-1.86571749773248,-5.42032415862557));
#2445=DIRECTION('',(-1.0,1.22460635382238E-16,6.12303176911189E-17));
#2446=DIRECTION('',(-6.12303176911189E-17,7.49830360911069E-33,-1.0));
#2447=SURFACE_STYLE_FILL_AREA(#4337);
#2448=ORIENTED_EDGE('',*,*,#4338,.F.);
#2449=ORIENTED_EDGE('',*,*,#4339,.T.);
#2450=ORIENTED_EDGE('',*,*,#4340,.F.);
#2451=ORIENTED_EDGE('',*,*,#4332,.T.);
#2452=CARTESIAN_POINT('',(1.475,-2.58000000128959,-4.48285484497589));
#2453=DIRECTION('',(-1.22460635382238E-16,-1.0,-1.9876074596923E-16));
#2454=DIRECTION('',(6.12303176911188E-17,-1.9876074596923E-16,1.0));
#2455=SURFACE_STYLE_FILL_AREA(#4341);
#2456=ORIENTED_EDGE('',*,*,#4342,.T.);
#2457=ORIENTED_EDGE('',*,*,#4343,.F.);
#2458=ORIENTED_EDGE('',*,*,#4333,.T.);
#2459=ORIENTED_EDGE('',*,*,#4340,.T.);
#2460=CARTESIAN_POINT('',(1.475,-2.28000000114025,-5.75000000287496));
#2461=DIRECTION('',(-1.09532122113065E-16,-0.44721359550067,-0.89442719099956));
#2462=DIRECTION('',(-8.21490915846627E-17,-0.89442719099956,0.44721359550067));
#2463=SURFACE_STYLE_FILL_AREA(#4344);
#2464=ORIENTED_EDGE('',*,*,#4345,.T.);
#2465=ORIENTED_EDGE('',*,*,#4346,.F.);
#2466=ORIENTED_EDGE('',*,*,#4334,.T.);
#2467=ORIENTED_EDGE('',*,*,#4343,.T.);
#2468=CARTESIAN_POINT('',(1.475,-1.98000000099091,-6.8000000033999));
#2469=DIRECTION('',(-1.22460635382238E-16,-1.0,0.0));
#2470=DIRECTION('',(6.12303176911189E-17,-7.49830360911069E-33,1.0));
#2471=SURFACE_STYLE_FILL_AREA(#4347);
#2472=ORIENTED_EDGE('',*,*,#4348,.T.);
#2473=ORIENTED_EDGE('',*,*,#4349,.F.);
#2474=ORIENTED_EDGE('',*,*,#4335,.T.);
#2475=ORIENTED_EDGE('',*,*,#4346,.T.);
#2476=CARTESIAN_POINT('',(1.475,-1.68000000084066,-7.70000000384988));
#2477=DIRECTION('',(-6.12303176911189E-17,7.49830360911069E-33,-1.0));
#2478=DIRECTION('',(-1.22460635382238E-16,-1.0,0.0));
#2479=SURFACE_STYLE_FILL_AREA(#4350);
#2480=ORIENTED_EDGE('',*,*,#4351,.F.);
#2481=ORIENTED_EDGE('',*,*,#4336,.F.);
#2482=ORIENTED_EDGE('',*,*,#4349,.T.);
#2483=ORIENTED_EDGE('',*,*,#4352,.T.);
#2484=CARTESIAN_POINT('',(1.475,-1.38000000069042,-5.53285484550084));
#2485=DIRECTION('',(1.22460635382238E-16,1.0,5.12297489786488E-17));
#2486=DIRECTION('',(-6.12303176911189E-17,5.12297489786488E-17,-1.0));
#2487=SURFACE_STYLE_FILL_AREA(#4353);
#2488=ORIENTED_EDGE('',*,*,#4354,.F.);
#2489=ORIENTED_EDGE('',*,*,#4352,.F.);
#2490=ORIENTED_EDGE('',*,*,#4348,.F.);
#2491=ORIENTED_EDGE('',*,*,#4345,.F.);
#2492=ORIENTED_EDGE('',*,*,#4342,.F.);
#2493=ORIENTED_EDGE('',*,*,#4339,.F.);
#2494=CARTESIAN_POINT('',(0.274999999999999,-1.86571749773248,-5.42032415862557));
#2495=DIRECTION('',(-1.0,1.22460635382238E-16,6.12303176911189E-17));
#2496=DIRECTION('',(-6.12303176911189E-17,7.49830360911069E-33,-1.0));
#2497=SURFACE_STYLE_FILL_AREA(#4355);
#2498=ORIENTED_EDGE('',*,*,#4356,.F.);
#2499=ORIENTED_EDGE('',*,*,#4357,.F.);
#2500=ORIENTED_EDGE('',*,*,#4358,.F.);
#2501=ORIENTED_EDGE('',*,*,#4359,.F.);
#2502=ORIENTED_EDGE('',*,*,#4360,.F.);
#2503=ORIENTED_EDGE('',*,*,#4361,.T.);
#2504=CARTESIAN_POINT('',(3.765,-1.86571749773248,-5.42032415862557));
#2505=DIRECTION('',(-1.0,1.22460635382238E-16,6.12303176911189E-17));
#2506=DIRECTION('',(-6.12303176911189E-17,7.49830360911069E-33,-1.0));
#2507=SURFACE_STYLE_FILL_AREA(#4362);
#2508=ORIENTED_EDGE('',*,*,#4363,.F.);
#2509=ORIENTED_EDGE('',*,*,#4364,.T.);
#2510=ORIENTED_EDGE('',*,*,#4365,.F.);
#2511=ORIENTED_EDGE('',*,*,#4357,.T.);
#2512=CARTESIAN_POINT('',(3.765,-2.58000000128959,-4.48285484497589));
#2513=DIRECTION('',(-1.22460635382238E-16,-1.0,-1.9876074596923E-16));
#2514=DIRECTION('',(6.12303176911188E-17,-1.9876074596923E-16,1.0));
#2515=SURFACE_STYLE_FILL_AREA(#4366);
#2516=ORIENTED_EDGE('',*,*,#4367,.T.);
#2517=ORIENTED_EDGE('',*,*,#4368,.F.);
#2518=ORIENTED_EDGE('',*,*,#4358,.T.);
#2519=ORIENTED_EDGE('',*,*,#4365,.T.);
#2520=CARTESIAN_POINT('',(3.765,-2.28000000114025,-5.75000000287496));
#2521=DIRECTION('',(-1.09532122113065E-16,-0.44721359550067,-0.89442719099956));
#2522=DIRECTION('',(-8.21490915846627E-17,-0.89442719099956,0.44721359550067));
#2523=SURFACE_STYLE_FILL_AREA(#4369);
#2524=ORIENTED_EDGE('',*,*,#4370,.T.);
#2525=ORIENTED_EDGE('',*,*,#4371,.F.);
#2526=ORIENTED_EDGE('',*,*,#4359,.T.);
#2527=ORIENTED_EDGE('',*,*,#4368,.T.);
#2528=CARTESIAN_POINT('',(3.765,-1.98000000099091,-6.8000000033999));
#2529=DIRECTION('',(-1.22460635382238E-16,-1.0,0.0));
#2530=DIRECTION('',(6.12303176911189E-17,-7.49830360911069E-33,1.0));
#2531=SURFACE_STYLE_FILL_AREA(#4372);
#2532=ORIENTED_EDGE('',*,*,#4373,.T.);
#2533=ORIENTED_EDGE('',*,*,#4374,.F.);
#2534=ORIENTED_EDGE('',*,*,#4360,.T.);
#2535=ORIENTED_EDGE('',*,*,#4371,.T.);
#2536=CARTESIAN_POINT('',(3.765,-1.68000000084066,-7.70000000384988));
#2537=DIRECTION('',(-6.12303176911189E-17,7.49830360911069E-33,-1.0));
#2538=DIRECTION('',(-1.22460635382238E-16,-1.0,0.0));
#2539=SURFACE_STYLE_FILL_AREA(#4375);
#2540=ORIENTED_EDGE('',*,*,#4376,.F.);
#2541=ORIENTED_EDGE('',*,*,#4361,.F.);
#2542=ORIENTED_EDGE('',*,*,#4374,.T.);
#2543=ORIENTED_EDGE('',*,*,#4377,.T.);
#2544=CARTESIAN_POINT('',(3.765,-1.38000000069042,-5.53285484550084));
#2545=DIRECTION('',(1.22460635382238E-16,1.0,5.12297489786488E-17));
#2546=DIRECTION('',(-6.12303176911189E-17,5.12297489786488E-17,-1.0));
#2547=SURFACE_STYLE_FILL_AREA(#4378);
#2548=ORIENTED_EDGE('',*,*,#4379,.F.);
#2549=ORIENTED_EDGE('',*,*,#4377,.F.);
#2550=ORIENTED_EDGE('',*,*,#4373,.F.);
#2551=ORIENTED_EDGE('',*,*,#4370,.F.);
#2552=ORIENTED_EDGE('',*,*,#4367,.F.);
#2553=ORIENTED_EDGE('',*,*,#4364,.F.);
#2554=CARTESIAN_POINT('',(2.565,-1.86571749773248,-5.42032415862557));
#2555=DIRECTION('',(-1.0,1.22460635382238E-16,6.12303176911189E-17));
#2556=DIRECTION('',(-6.12303176911189E-17,7.49830360911069E-33,-1.0));
#2557=SURFACE_STYLE_FILL_AREA(#4380);
#2558=ORIENTED_EDGE('',*,*,#4381,.F.);
#2559=ORIENTED_EDGE('',*,*,#4382,.F.);
#2560=ORIENTED_EDGE('',*,*,#4383,.F.);
#2561=ORIENTED_EDGE('',*,*,#4384,.F.);
#2562=ORIENTED_EDGE('',*,*,#4385,.F.);
#2563=ORIENTED_EDGE('',*,*,#4386,.T.);
#2564=CARTESIAN_POINT('',(6.055,-1.86571749773248,-5.42032415862557));
#2565=DIRECTION('',(-1.0,1.22460635382238E-16,6.12303176911189E-17));
#2566=DIRECTION('',(-6.12303176911189E-17,7.49830360911069E-33,-1.0));
#2567=SURFACE_STYLE_FILL_AREA(#4387);
#2568=ORIENTED_EDGE('',*,*,#4388,.F.);
#2569=ORIENTED_EDGE('',*,*,#4389,.T.);
#2570=ORIENTED_EDGE('',*,*,#4390,.F.);
#2571=ORIENTED_EDGE('',*,*,#4382,.T.);
#2572=CARTESIAN_POINT('',(6.055,-2.58000000128959,-4.48285484497589));
#2573=DIRECTION('',(-1.22460635382238E-16,-1.0,-1.9876074596923E-16));
#2574=DIRECTION('',(6.12303176911188E-17,-1.9876074596923E-16,1.0));
#2575=SURFACE_STYLE_FILL_AREA(#4391);
#2576=ORIENTED_EDGE('',*,*,#4392,.T.);
#2577=ORIENTED_EDGE('',*,*,#4393,.F.);
#2578=ORIENTED_EDGE('',*,*,#4383,.T.);
#2579=ORIENTED_EDGE('',*,*,#4390,.T.);
#2580=CARTESIAN_POINT('',(6.055,-2.28000000114025,-5.75000000287496));
#2581=DIRECTION('',(-1.09532122113065E-16,-0.44721359550067,-0.89442719099956));
#2582=DIRECTION('',(-8.21490915846627E-17,-0.89442719099956,0.44721359550067));
#2583=SURFACE_STYLE_FILL_AREA(#4394);
#2584=ORIENTED_EDGE('',*,*,#4395,.T.);
#2585=ORIENTED_EDGE('',*,*,#4396,.F.);
#2586=ORIENTED_EDGE('',*,*,#4384,.T.);
#2587=ORIENTED_EDGE('',*,*,#4393,.T.);
#2588=CARTESIAN_POINT('',(6.055,-1.98000000099091,-6.8000000033999));
#2589=DIRECTION('',(-1.22460635382238E-16,-1.0,0.0));
#2590=DIRECTION('',(6.12303176911189E-17,-7.49830360911069E-33,1.0));
#2591=SURFACE_STYLE_FILL_AREA(#4397);
#2592=ORIENTED_EDGE('',*,*,#4398,.T.);
#2593=ORIENTED_EDGE('',*,*,#4399,.F.);
#2594=ORIENTED_EDGE('',*,*,#4385,.T.);
#2595=ORIENTED_EDGE('',*,*,#4396,.T.);
#2596=CARTESIAN_POINT('',(6.055,-1.68000000084066,-7.70000000384988));
#2597=DIRECTION('',(-6.12303176911189E-17,7.49830360911069E-33,-1.0));
#2598=DIRECTION('',(-1.22460635382238E-16,-1.0,0.0));
#2599=SURFACE_STYLE_FILL_AREA(#4400);
#2600=ORIENTED_EDGE('',*,*,#4401,.F.);
#2601=ORIENTED_EDGE('',*,*,#4386,.F.);
#2602=ORIENTED_EDGE('',*,*,#4399,.T.);
#2603=ORIENTED_EDGE('',*,*,#4402,.T.);
#2604=CARTESIAN_POINT('',(6.055,-1.38000000069042,-5.53285484550084));
#2605=DIRECTION('',(1.22460635382238E-16,1.0,5.12297489786488E-17));
#2606=DIRECTION('',(-6.12303176911189E-17,5.12297489786488E-17,-1.0));
#2607=SURFACE_STYLE_FILL_AREA(#4403);
#2608=ORIENTED_EDGE('',*,*,#4404,.F.);
#2609=ORIENTED_EDGE('',*,*,#4402,.F.);
#2610=ORIENTED_EDGE('',*,*,#4398,.F.);
#2611=ORIENTED_EDGE('',*,*,#4395,.F.);
#2612=ORIENTED_EDGE('',*,*,#4392,.F.);
#2613=ORIENTED_EDGE('',*,*,#4389,.F.);
#2614=CARTESIAN_POINT('',(4.855,-1.86571749773248,-5.42032415862557));
#2615=DIRECTION('',(-1.0,1.22460635382238E-16,6.12303176911189E-17));
#2616=DIRECTION('',(-6.12303176911189E-17,7.49830360911069E-33,-1.0));
#2617=SURFACE_STYLE_FILL_AREA(#4405);
#2618=ORIENTED_EDGE('',*,*,#4406,.F.);
#2619=ORIENTED_EDGE('',*,*,#4407,.F.);
#2620=ORIENTED_EDGE('',*,*,#4408,.F.);
#2621=ORIENTED_EDGE('',*,*,#4409,.F.);
#2622=ORIENTED_EDGE('',*,*,#4410,.F.);
#2623=ORIENTED_EDGE('',*,*,#4411,.T.);
#2624=CARTESIAN_POINT('',(-5.45,-0.0627373224811479,-6.48575731739426));
#2625=DIRECTION('',(1.0,0.0,6.12303176911189E-17));
#2626=DIRECTION('',(6.12303176911189E-17,0.0,-1.0));
#2627=SURFACE_STYLE_FILL_AREA(#4412);
#2628=ORIENTED_EDGE('',*,*,#4413,.F.);
#2629=ORIENTED_EDGE('',*,*,#4414,.T.);
#2630=ORIENTED_EDGE('',*,*,#4415,.F.);
#2631=ORIENTED_EDGE('',*,*,#4407,.T.);
#2632=CARTESIAN_POINT('',(-5.45,0.600000000300497,-5.78376357892397));
#2633=DIRECTION('',(3.06733107243019E-33,1.0,-5.00949723616262E-17));
#2634=DIRECTION('',(-6.12303176911189E-17,5.00949723616262E-17,1.0));
#2635=SURFACE_STYLE_FILL_AREA(#4416);
#2636=ORIENTED_EDGE('',*,*,#4417,.F.);
#2637=ORIENTED_EDGE('',*,*,#4411,.F.);
#2638=ORIENTED_EDGE('',*,*,#4418,.T.);
#2639=ORIENTED_EDGE('',*,*,#4419,.T.);
#2640=CARTESIAN_POINT('',(-5.45,-0.600000000300497,-6.58376357932398));
#2641=DIRECTION('',(-3.38066876642744E-33,-1.0,5.52123342472513E-17));
#2642=DIRECTION('',(6.12303176911189E-17,-5.52123342472513E-17,-1.0));
#2643=SURFACE_STYLE_FILL_AREA(#4420);
#2644=ORIENTED_EDGE('',*,*,#4421,.T.);
#2645=ORIENTED_EDGE('',*,*,#4422,.F.);
#2646=ORIENTED_EDGE('',*,*,#4408,.T.);
#2647=ORIENTED_EDGE('',*,*,#4415,.T.);
#2648=CARTESIAN_POINT('',(-5.45,0.300000000150248,-8.30000000418001));
#2649=DIRECTION('',(4.32963728536142E-17,0.707106781186263,-0.707106781186832));
#2650=DIRECTION('',(-4.32963728535793E-17,0.707106781186832,0.707106781186263));
#2651=SURFACE_STYLE_FILL_AREA(#4423);
#2652=ORIENTED_EDGE('',*,*,#4424,.T.);
#2653=ORIENTED_EDGE('',*,*,#4425,.F.);
#2654=ORIENTED_EDGE('',*,*,#4409,.T.);
#2655=ORIENTED_EDGE('',*,*,#4422,.T.);
#2656=CARTESIAN_POINT('',(-5.45,-5.57195891269617E-16,-9.10000000458001));
#2657=DIRECTION('',(3.74915180455534E-33,1.0,-6.12303176911188E-17));
#2658=DIRECTION('',(-6.12303176911189E-17,6.12303176911188E-17,1.0));
#2659=SURFACE_STYLE_FILL_AREA(#4426);
#2660=ORIENTED_EDGE('',*,*,#4427,.T.);
#2661=ORIENTED_EDGE('',*,*,#4418,.F.);
#2662=ORIENTED_EDGE('',*,*,#4410,.T.);
#2663=ORIENTED_EDGE('',*,*,#4425,.T.);
#2664=CARTESIAN_POINT('',(-5.45,-0.300000000150249,-9.60000000483001));
#2665=DIRECTION('',(6.12303176911189E-17,0.0,-1.0));
#2666=DIRECTION('',(0.0,1.0,0.0));
#2667=SURFACE_STYLE_FILL_AREA(#4428);
#2668=ORIENTED_EDGE('',*,*,#4429,.F.);
#2669=ORIENTED_EDGE('',*,*,#4419,.F.);
#2670=ORIENTED_EDGE('',*,*,#4427,.F.);
#2671=ORIENTED_EDGE('',*,*,#4424,.F.);
#2672=ORIENTED_EDGE('',*,*,#4421,.F.);
#2673=ORIENTED_EDGE('',*,*,#4414,.F.);
#2674=CARTESIAN_POINT('',(-4.25,-0.0627373224811479,-6.48575731739426));
#2675=DIRECTION('',(1.0,0.0,6.12303176911189E-17));
#2676=DIRECTION('',(6.12303176911189E-17,0.0,-1.0));
#2677=SURFACE_STYLE_FILL_AREA(#4430);
#2678=ORIENTED_EDGE('',*,*,#4431,.F.);
#2679=ORIENTED_EDGE('',*,*,#4432,.F.);
#2680=ORIENTED_EDGE('',*,*,#4433,.F.);
#2681=ORIENTED_EDGE('',*,*,#4434,.F.);
#2682=ORIENTED_EDGE('',*,*,#4435,.F.);
#2683=ORIENTED_EDGE('',*,*,#4436,.T.);
#2684=CARTESIAN_POINT('',(-3.16,-0.0627373224811479,-6.48575731739426));
#2685=DIRECTION('',(1.0,0.0,6.12303176911189E-17));
#2686=DIRECTION('',(6.12303176911189E-17,0.0,-1.0));
#2687=SURFACE_STYLE_FILL_AREA(#4437);
#2688=ORIENTED_EDGE('',*,*,#4438,.F.);
#2689=ORIENTED_EDGE('',*,*,#4439,.T.);
#2690=ORIENTED_EDGE('',*,*,#4440,.F.);
#2691=ORIENTED_EDGE('',*,*,#4432,.T.);
#2692=CARTESIAN_POINT('',(-3.16,0.600000000300497,-5.78376357892397));
#2693=DIRECTION('',(3.06733107243019E-33,1.0,-5.00949723616262E-17));
#2694=DIRECTION('',(-6.12303176911189E-17,5.00949723616262E-17,1.0));
#2695=SURFACE_STYLE_FILL_AREA(#4441);
#2696=ORIENTED_EDGE('',*,*,#4442,.F.);
#2697=ORIENTED_EDGE('',*,*,#4436,.F.);
#2698=ORIENTED_EDGE('',*,*,#4443,.T.);
#2699=ORIENTED_EDGE('',*,*,#4444,.T.);
#2700=CARTESIAN_POINT('',(-3.16,-0.600000000300497,-6.58376357932398));
#2701=DIRECTION('',(-3.38066876642744E-33,-1.0,5.52123342472513E-17));
#2702=DIRECTION('',(6.12303176911189E-17,-5.52123342472513E-17,-1.0));
#2703=SURFACE_STYLE_FILL_AREA(#4445);
#2704=ORIENTED_EDGE('',*,*,#4446,.T.);
#2705=ORIENTED_EDGE('',*,*,#4447,.F.);
#2706=ORIENTED_EDGE('',*,*,#4433,.T.);
#2707=ORIENTED_EDGE('',*,*,#4440,.T.);
#2708=CARTESIAN_POINT('',(-3.16,0.300000000150248,-8.30000000418001));
#2709=DIRECTION('',(4.32963728536142E-17,0.707106781186263,-0.707106781186832));
#2710=DIRECTION('',(-4.32963728535793E-17,0.707106781186832,0.707106781186263));
#2711=SURFACE_STYLE_FILL_AREA(#4448);
#2712=ORIENTED_EDGE('',*,*,#4449,.T.);
#2713=ORIENTED_EDGE('',*,*,#4450,.F.);
#2714=ORIENTED_EDGE('',*,*,#4434,.T.);
#2715=ORIENTED_EDGE('',*,*,#4447,.T.);
#2716=CARTESIAN_POINT('',(-3.16,-5.57195891269617E-16,-9.10000000458001));
#2717=DIRECTION('',(3.74915180455534E-33,1.0,-6.12303176911188E-17));
#2718=DIRECTION('',(-6.12303176911189E-17,6.12303176911188E-17,1.0));
#2719=SURFACE_STYLE_FILL_AREA(#4451);
#2720=ORIENTED_EDGE('',*,*,#4452,.T.);
#2721=ORIENTED_EDGE('',*,*,#4443,.F.);
#2722=ORIENTED_EDGE('',*,*,#4435,.T.);
#2723=ORIENTED_EDGE('',*,*,#4450,.T.);
#2724=CARTESIAN_POINT('',(-3.16,-0.300000000150249,-9.60000000483001));
#2725=DIRECTION('',(6.12303176911189E-17,0.0,-1.0));
#2726=DIRECTION('',(0.0,1.0,0.0));
#2727=SURFACE_STYLE_FILL_AREA(#4453);
#2728=ORIENTED_EDGE('',*,*,#4454,.F.);
#2729=ORIENTED_EDGE('',*,*,#4444,.F.);
#2730=ORIENTED_EDGE('',*,*,#4452,.F.);
#2731=ORIENTED_EDGE('',*,*,#4449,.F.);
#2732=ORIENTED_EDGE('',*,*,#4446,.F.);
#2733=ORIENTED_EDGE('',*,*,#4439,.F.);
#2734=CARTESIAN_POINT('',(-1.96,-0.0627373224811479,-6.48575731739426));
#2735=DIRECTION('',(1.0,0.0,6.12303176911189E-17));
#2736=DIRECTION('',(6.12303176911189E-17,0.0,-1.0));
#2737=SURFACE_STYLE_FILL_AREA(#4455);
#2738=ORIENTED_EDGE('',*,*,#4456,.F.);
#2739=ORIENTED_EDGE('',*,*,#4457,.F.);
#2740=ORIENTED_EDGE('',*,*,#4458,.F.);
#2741=ORIENTED_EDGE('',*,*,#4459,.F.);
#2742=ORIENTED_EDGE('',*,*,#4460,.F.);
#2743=ORIENTED_EDGE('',*,*,#4461,.T.);
#2744=CARTESIAN_POINT('',(-0.87,-0.0627373224811479,-6.48575731739426));
#2745=DIRECTION('',(1.0,0.0,6.12303176911189E-17));
#2746=DIRECTION('',(6.12303176911189E-17,0.0,-1.0));
#2747=SURFACE_STYLE_FILL_AREA(#4462);
#2748=ORIENTED_EDGE('',*,*,#4463,.F.);
#2749=ORIENTED_EDGE('',*,*,#4464,.T.);
#2750=ORIENTED_EDGE('',*,*,#4465,.F.);
#2751=ORIENTED_EDGE('',*,*,#4457,.T.);
#2752=CARTESIAN_POINT('',(-0.87,0.600000000300497,-5.78376357892397));
#2753=DIRECTION('',(3.06733107243019E-33,1.0,-5.00949723616262E-17));
#2754=DIRECTION('',(-6.12303176911189E-17,5.00949723616262E-17,1.0));
#2755=SURFACE_STYLE_FILL_AREA(#4466);
#2756=ORIENTED_EDGE('',*,*,#4467,.F.);
#2757=ORIENTED_EDGE('',*,*,#4461,.F.);
#2758=ORIENTED_EDGE('',*,*,#4468,.T.);
#2759=ORIENTED_EDGE('',*,*,#4469,.T.);
#2760=CARTESIAN_POINT('',(-0.87,-0.600000000300497,-6.58376357932398));
#2761=DIRECTION('',(-3.38066876642744E-33,-1.0,5.52123342472513E-17));
#2762=DIRECTION('',(6.12303176911189E-17,-5.52123342472513E-17,-1.0));
#2763=SURFACE_STYLE_FILL_AREA(#4470);
#2764=ORIENTED_EDGE('',*,*,#4471,.T.);
#2765=ORIENTED_EDGE('',*,*,#4472,.F.);
#2766=ORIENTED_EDGE('',*,*,#4458,.T.);
#2767=ORIENTED_EDGE('',*,*,#4465,.T.);
#2768=CARTESIAN_POINT('',(-0.87,0.300000000150248,-8.30000000418001));
#2769=DIRECTION('',(4.32963728536142E-17,0.707106781186263,-0.707106781186832));
#2770=DIRECTION('',(-4.32963728535793E-17,0.707106781186832,0.707106781186263));
#2771=SURFACE_STYLE_FILL_AREA(#4473);
#2772=ORIENTED_EDGE('',*,*,#4474,.T.);
#2773=ORIENTED_EDGE('',*,*,#4475,.F.);
#2774=ORIENTED_EDGE('',*,*,#4459,.T.);
#2775=ORIENTED_EDGE('',*,*,#4472,.T.);
#2776=CARTESIAN_POINT('',(-0.87,-5.57195891269617E-16,-9.10000000458001));
#2777=DIRECTION('',(3.74915180455534E-33,1.0,-6.12303176911188E-17));
#2778=DIRECTION('',(-6.12303176911189E-17,6.12303176911188E-17,1.0));
#2779=SURFACE_STYLE_FILL_AREA(#4476);
#2780=ORIENTED_EDGE('',*,*,#4477,.T.);
#2781=ORIENTED_EDGE('',*,*,#4468,.F.);
#2782=ORIENTED_EDGE('',*,*,#4460,.T.);
#2783=ORIENTED_EDGE('',*,*,#4475,.T.);
#2784=CARTESIAN_POINT('',(-0.87,-0.300000000150249,-9.60000000483001));
#2785=DIRECTION('',(6.12303176911189E-17,0.0,-1.0));
#2786=DIRECTION('',(0.0,1.0,0.0));
#2787=SURFACE_STYLE_FILL_AREA(#4478);
#2788=ORIENTED_EDGE('',*,*,#4479,.F.);
#2789=ORIENTED_EDGE('',*,*,#4469,.F.);
#2790=ORIENTED_EDGE('',*,*,#4477,.F.);
#2791=ORIENTED_EDGE('',*,*,#4474,.F.);
#2792=ORIENTED_EDGE('',*,*,#4471,.F.);
#2793=ORIENTED_EDGE('',*,*,#4464,.F.);
#2794=CARTESIAN_POINT('',(0.33,-0.0627373224811479,-6.48575731739426));
#2795=DIRECTION('',(1.0,0.0,6.12303176911189E-17));
#2796=DIRECTION('',(6.12303176911189E-17,0.0,-1.0));
#2797=SURFACE_STYLE_FILL_AREA(#4480);
#2798=ORIENTED_EDGE('',*,*,#4481,.F.);
#2799=ORIENTED_EDGE('',*,*,#4482,.F.);
#2800=ORIENTED_EDGE('',*,*,#4483,.F.);
#2801=ORIENTED_EDGE('',*,*,#4484,.F.);
#2802=ORIENTED_EDGE('',*,*,#4485,.F.);
#2803=ORIENTED_EDGE('',*,*,#4486,.T.);
#2804=CARTESIAN_POINT('',(1.42,-0.0627373224811479,-6.48575731739426));
#2805=DIRECTION('',(1.0,0.0,6.12303176911189E-17));
#2806=DIRECTION('',(6.12303176911189E-17,0.0,-1.0));
#2807=SURFACE_STYLE_FILL_AREA(#4487);
#2808=ORIENTED_EDGE('',*,*,#4488,.F.);
#2809=ORIENTED_EDGE('',*,*,#4489,.T.);
#2810=ORIENTED_EDGE('',*,*,#4490,.F.);
#2811=ORIENTED_EDGE('',*,*,#4482,.T.);
#2812=CARTESIAN_POINT('',(1.42,0.600000000300497,-5.78376357892397));
#2813=DIRECTION('',(3.06733107243019E-33,1.0,-5.00949723616262E-17));
#2814=DIRECTION('',(-6.12303176911189E-17,5.00949723616262E-17,1.0));
#2815=SURFACE_STYLE_FILL_AREA(#4491);
#2816=ORIENTED_EDGE('',*,*,#4492,.F.);
#2817=ORIENTED_EDGE('',*,*,#4486,.F.);
#2818=ORIENTED_EDGE('',*,*,#4493,.T.);
#2819=ORIENTED_EDGE('',*,*,#4494,.T.);
#2820=CARTESIAN_POINT('',(1.42,-0.600000000300497,-6.58376357932398));
#2821=DIRECTION('',(-3.38066876642744E-33,-1.0,5.52123342472513E-17));
#2822=DIRECTION('',(6.12303176911189E-17,-5.52123342472513E-17,-1.0));
#2823=SURFACE_STYLE_FILL_AREA(#4495);
#2824=ORIENTED_EDGE('',*,*,#4496,.T.);
#2825=ORIENTED_EDGE('',*,*,#4497,.F.);
#2826=ORIENTED_EDGE('',*,*,#4483,.T.);
#2827=ORIENTED_EDGE('',*,*,#4490,.T.);
#2828=CARTESIAN_POINT('',(1.42,0.300000000150248,-8.30000000418001));
#2829=DIRECTION('',(4.32963728536142E-17,0.707106781186263,-0.707106781186832));
#2830=DIRECTION('',(-4.32963728535793E-17,0.707106781186832,0.707106781186263));
#2831=SURFACE_STYLE_FILL_AREA(#4498);
#2832=ORIENTED_EDGE('',*,*,#4499,.T.);
#2833=ORIENTED_EDGE('',*,*,#4500,.F.);
#2834=ORIENTED_EDGE('',*,*,#4484,.T.);
#2835=ORIENTED_EDGE('',*,*,#4497,.T.);
#2836=CARTESIAN_POINT('',(1.42,-5.57195891269617E-16,-9.10000000458001));
#2837=DIRECTION('',(3.74915180455534E-33,1.0,-6.12303176911188E-17));
#2838=DIRECTION('',(-6.12303176911189E-17,6.12303176911188E-17,1.0));
#2839=SURFACE_STYLE_FILL_AREA(#4501);
#2840=ORIENTED_EDGE('',*,*,#4502,.T.);
#2841=ORIENTED_EDGE('',*,*,#4493,.F.);
#2842=ORIENTED_EDGE('',*,*,#4485,.T.);
#2843=ORIENTED_EDGE('',*,*,#4500,.T.);
#2844=CARTESIAN_POINT('',(1.42,-0.300000000150249,-9.60000000483001));
#2845=DIRECTION('',(6.12303176911189E-17,0.0,-1.0));
#2846=DIRECTION('',(0.0,1.0,0.0));
#2847=SURFACE_STYLE_FILL_AREA(#4503);
#2848=ORIENTED_EDGE('',*,*,#4504,.F.);
#2849=ORIENTED_EDGE('',*,*,#4494,.F.);
#2850=ORIENTED_EDGE('',*,*,#4502,.F.);
#2851=ORIENTED_EDGE('',*,*,#4499,.F.);
#2852=ORIENTED_EDGE('',*,*,#4496,.F.);
#2853=ORIENTED_EDGE('',*,*,#4489,.F.);
#2854=CARTESIAN_POINT('',(2.62,-0.0627373224811479,-6.48575731739426));
#2855=DIRECTION('',(1.0,0.0,6.12303176911189E-17));
#2856=DIRECTION('',(6.12303176911189E-17,0.0,-1.0));
#2857=SURFACE_STYLE_FILL_AREA(#4505);
#2858=ORIENTED_EDGE('',*,*,#4506,.F.);
#2859=ORIENTED_EDGE('',*,*,#4507,.F.);
#2860=ORIENTED_EDGE('',*,*,#4508,.F.);
#2861=ORIENTED_EDGE('',*,*,#4509,.F.);
#2862=ORIENTED_EDGE('',*,*,#4510,.F.);
#2863=ORIENTED_EDGE('',*,*,#4511,.T.);
#2864=CARTESIAN_POINT('',(3.71,-0.0627373224811479,-6.48575731739426));
#2865=DIRECTION('',(1.0,0.0,6.12303176911189E-17));
#2866=DIRECTION('',(6.12303176911189E-17,0.0,-1.0));
#2867=SURFACE_STYLE_FILL_AREA(#4512);
#2868=ORIENTED_EDGE('',*,*,#4513,.F.);
#2869=ORIENTED_EDGE('',*,*,#4514,.T.);
#2870=ORIENTED_EDGE('',*,*,#4515,.F.);
#2871=ORIENTED_EDGE('',*,*,#4507,.T.);
#2872=CARTESIAN_POINT('',(3.71,0.600000000300497,-5.78376357892397));
#2873=DIRECTION('',(3.06733107243019E-33,1.0,-5.00949723616262E-17));
#2874=DIRECTION('',(-6.12303176911189E-17,5.00949723616262E-17,1.0));
#2875=SURFACE_STYLE_FILL_AREA(#4516);
#2876=ORIENTED_EDGE('',*,*,#4517,.F.);
#2877=ORIENTED_EDGE('',*,*,#4511,.F.);
#2878=ORIENTED_EDGE('',*,*,#4518,.T.);
#2879=ORIENTED_EDGE('',*,*,#4519,.T.);
#2880=CARTESIAN_POINT('',(3.71,-0.600000000300497,-6.58376357932398));
#2881=DIRECTION('',(-3.38066876642744E-33,-1.0,5.52123342472513E-17));
#2882=DIRECTION('',(6.12303176911189E-17,-5.52123342472513E-17,-1.0));
#2883=SURFACE_STYLE_FILL_AREA(#4520);
#2884=ORIENTED_EDGE('',*,*,#4521,.T.);
#2885=ORIENTED_EDGE('',*,*,#4522,.F.);
#2886=ORIENTED_EDGE('',*,*,#4508,.T.);
#2887=ORIENTED_EDGE('',*,*,#4515,.T.);
#2888=CARTESIAN_POINT('',(3.71,0.300000000150248,-8.30000000418001));
#2889=DIRECTION('',(4.32963728536142E-17,0.707106781186263,-0.707106781186832));
#2890=DIRECTION('',(-4.32963728535793E-17,0.707106781186832,0.707106781186263));
#2891=SURFACE_STYLE_FILL_AREA(#4523);
#2892=ORIENTED_EDGE('',*,*,#4524,.T.);
#2893=ORIENTED_EDGE('',*,*,#4525,.F.);
#2894=ORIENTED_EDGE('',*,*,#4509,.T.);
#2895=ORIENTED_EDGE('',*,*,#4522,.T.);
#2896=CARTESIAN_POINT('',(3.71,-5.57195891269617E-16,-9.10000000458001));
#2897=DIRECTION('',(3.74915180455534E-33,1.0,-6.12303176911188E-17));
#2898=DIRECTION('',(-6.12303176911189E-17,6.12303176911188E-17,1.0));
#2899=SURFACE_STYLE_FILL_AREA(#4526);
#2900=ORIENTED_EDGE('',*,*,#4527,.T.);
#2901=ORIENTED_EDGE('',*,*,#4518,.F.);
#2902=ORIENTED_EDGE('',*,*,#4510,.T.);
#2903=ORIENTED_EDGE('',*,*,#4525,.T.);
#2904=CARTESIAN_POINT('',(3.71,-0.300000000150249,-9.60000000483001));
#2905=DIRECTION('',(6.12303176911189E-17,0.0,-1.0));
#2906=DIRECTION('',(0.0,1.0,0.0));
#2907=SURFACE_STYLE_FILL_AREA(#4528);
#2908=ORIENTED_EDGE('',*,*,#4529,.F.);
#2909=ORIENTED_EDGE('',*,*,#4519,.F.);
#2910=ORIENTED_EDGE('',*,*,#4527,.F.);
#2911=ORIENTED_EDGE('',*,*,#4524,.F.);
#2912=ORIENTED_EDGE('',*,*,#4521,.F.);
#2913=ORIENTED_EDGE('',*,*,#4514,.F.);
#2914=CARTESIAN_POINT('',(4.91,-0.0627373224811479,-6.48575731739426));
#2915=DIRECTION('',(1.0,0.0,6.12303176911189E-17));
#2916=DIRECTION('',(6.12303176911189E-17,0.0,-1.0));
#2917=SURFACE_STYLE_FILL_AREA(#4530);
#2918=ORIENTED_EDGE('',*,*,#4531,.F.);
#2919=ORIENTED_EDGE('',*,*,#4532,.F.);
#2920=ORIENTED_EDGE('',*,*,#4533,.F.);
#2921=ORIENTED_EDGE('',*,*,#4534,.F.);
#2922=ORIENTED_EDGE('',*,*,#4535,.F.);
#2923=ORIENTED_EDGE('',*,*,#4536,.T.);
#2924=CARTESIAN_POINT('',(-4.305,1.86571749773248,-5.42032415862557));
#2925=DIRECTION('',(1.0,0.0,6.12303176911189E-17));
#2926=DIRECTION('',(6.12303176911189E-17,0.0,-1.0));
#2927=SURFACE_STYLE_FILL_AREA(#4537);
#2928=ORIENTED_EDGE('',*,*,#4538,.F.);
#2929=ORIENTED_EDGE('',*,*,#4539,.T.);
#2930=ORIENTED_EDGE('',*,*,#4540,.F.);
#2931=ORIENTED_EDGE('',*,*,#4532,.T.);
#2932=CARTESIAN_POINT('',(-4.305,2.58000000128959,-4.48285484497589));
#2933=DIRECTION('',(1.21701836202198E-32,1.0,-1.9876074596923E-16));
#2934=DIRECTION('',(-6.12303176911189E-17,1.9876074596923E-16,1.0));
#2935=SURFACE_STYLE_FILL_AREA(#4541);
#2936=ORIENTED_EDGE('',*,*,#4542,.T.);
#2937=ORIENTED_EDGE('',*,*,#4543,.F.);
#2938=ORIENTED_EDGE('',*,*,#4533,.T.);
#2939=ORIENTED_EDGE('',*,*,#4540,.T.);
#2940=CARTESIAN_POINT('',(-4.305,2.28000000114025,-5.75000000287496));
#2941=DIRECTION('',(5.47660610564781E-17,0.44721359550067,-0.89442719099956));
#2942=DIRECTION('',(-2.73830305282935E-17,0.89442719099956,0.44721359550067));
#2943=SURFACE_STYLE_FILL_AREA(#4544);
#2944=ORIENTED_EDGE('',*,*,#4545,.T.);
#2945=ORIENTED_EDGE('',*,*,#4546,.F.);
#2946=ORIENTED_EDGE('',*,*,#4534,.T.);
#2947=ORIENTED_EDGE('',*,*,#4543,.T.);
#2948=CARTESIAN_POINT('',(-4.305,1.98000000099091,-6.8000000033999));
#2949=DIRECTION('',(0.0,1.0,0.0));
#2950=DIRECTION('',(-6.12303176911189E-17,0.0,1.0));
#2951=SURFACE_STYLE_FILL_AREA(#4547);
#2952=ORIENTED_EDGE('',*,*,#4548,.T.);
#2953=ORIENTED_EDGE('',*,*,#4549,.F.);
#2954=ORIENTED_EDGE('',*,*,#4535,.T.);
#2955=ORIENTED_EDGE('',*,*,#4546,.T.);
#2956=CARTESIAN_POINT('',(-4.305,1.68000000084066,-7.70000000384988));
#2957=DIRECTION('',(6.12303176911189E-17,0.0,-1.0));
#2958=DIRECTION('',(0.0,1.0,0.0));
#2959=SURFACE_STYLE_FILL_AREA(#4550);
#2960=ORIENTED_EDGE('',*,*,#4551,.F.);
#2961=ORIENTED_EDGE('',*,*,#4536,.F.);
#2962=ORIENTED_EDGE('',*,*,#4549,.T.);
#2963=ORIENTED_EDGE('',*,*,#4552,.T.);
#2964=CARTESIAN_POINT('',(-4.305,1.38000000069042,-5.53285484550084));
#2965=DIRECTION('',(-3.13681380519894E-33,-1.0,5.12297489786488E-17));
#2966=DIRECTION('',(6.12303176911189E-17,-5.12297489786488E-17,-1.0));
#2967=SURFACE_STYLE_FILL_AREA(#4553);
#2968=ORIENTED_EDGE('',*,*,#4554,.F.);
#2969=ORIENTED_EDGE('',*,*,#4552,.F.);
#2970=ORIENTED_EDGE('',*,*,#4548,.F.);
#2971=ORIENTED_EDGE('',*,*,#4545,.F.);
#2972=ORIENTED_EDGE('',*,*,#4542,.F.);
#2973=ORIENTED_EDGE('',*,*,#4539,.F.);
#2974=CARTESIAN_POINT('',(-3.105,1.86571749773248,-5.42032415862557));
#2975=DIRECTION('',(1.0,0.0,6.12303176911189E-17));
#2976=DIRECTION('',(6.12303176911189E-17,0.0,-1.0));
#2977=SURFACE_STYLE_FILL_AREA(#4555);
#2978=ORIENTED_EDGE('',*,*,#4556,.F.);
#2979=ORIENTED_EDGE('',*,*,#4557,.F.);
#2980=ORIENTED_EDGE('',*,*,#4558,.F.);
#2981=ORIENTED_EDGE('',*,*,#4559,.F.);
#2982=ORIENTED_EDGE('',*,*,#4560,.F.);
#2983=ORIENTED_EDGE('',*,*,#4561,.T.);
#2984=CARTESIAN_POINT('',(-2.015,1.86571749773248,-5.42032415862557));
#2985=DIRECTION('',(1.0,0.0,6.12303176911189E-17));
#2986=DIRECTION('',(6.12303176911189E-17,0.0,-1.0));
#2987=SURFACE_STYLE_FILL_AREA(#4562);
#2988=ORIENTED_EDGE('',*,*,#4563,.F.);
#2989=ORIENTED_EDGE('',*,*,#4564,.T.);
#2990=ORIENTED_EDGE('',*,*,#4565,.F.);
#2991=ORIENTED_EDGE('',*,*,#4557,.T.);
#2992=CARTESIAN_POINT('',(-2.015,2.58000000128959,-4.48285484497589));
#2993=DIRECTION('',(1.21701836202198E-32,1.0,-1.9876074596923E-16));
#2994=DIRECTION('',(-6.12303176911189E-17,1.9876074596923E-16,1.0));
#2995=SURFACE_STYLE_FILL_AREA(#4566);
#2996=ORIENTED_EDGE('',*,*,#4567,.T.);
#2997=ORIENTED_EDGE('',*,*,#4568,.F.);
#2998=ORIENTED_EDGE('',*,*,#4558,.T.);
#2999=ORIENTED_EDGE('',*,*,#4565,.T.);
#3000=CARTESIAN_POINT('',(-2.015,2.28000000114025,-5.75000000287496));
#3001=DIRECTION('',(5.47660610564781E-17,0.44721359550067,-0.89442719099956));
#3002=DIRECTION('',(-2.73830305282935E-17,0.89442719099956,0.44721359550067));
#3003=SURFACE_STYLE_FILL_AREA(#4569);
#3004=ORIENTED_EDGE('',*,*,#4570,.T.);
#3005=ORIENTED_EDGE('',*,*,#4571,.F.);
#3006=ORIENTED_EDGE('',*,*,#4559,.T.);
#3007=ORIENTED_EDGE('',*,*,#4568,.T.);
#3008=CARTESIAN_POINT('',(-2.015,1.98000000099091,-6.8000000033999));
#3009=DIRECTION('',(0.0,1.0,0.0));
#3010=DIRECTION('',(-6.12303176911189E-17,0.0,1.0));
#3011=SURFACE_STYLE_FILL_AREA(#4572);
#3012=ORIENTED_EDGE('',*,*,#4573,.T.);
#3013=ORIENTED_EDGE('',*,*,#4574,.F.);
#3014=ORIENTED_EDGE('',*,*,#4560,.T.);
#3015=ORIENTED_EDGE('',*,*,#4571,.T.);
#3016=CARTESIAN_POINT('',(-2.015,1.68000000084066,-7.70000000384988));
#3017=DIRECTION('',(6.12303176911189E-17,0.0,-1.0));
#3018=DIRECTION('',(0.0,1.0,0.0));
#3019=SURFACE_STYLE_FILL_AREA(#4575);
#3020=ORIENTED_EDGE('',*,*,#4576,.F.);
#3021=ORIENTED_EDGE('',*,*,#4561,.F.);
#3022=ORIENTED_EDGE('',*,*,#4574,.T.);
#3023=ORIENTED_EDGE('',*,*,#4577,.T.);
#3024=CARTESIAN_POINT('',(-2.015,1.38000000069042,-5.53285484550084));
#3025=DIRECTION('',(-3.13681380519894E-33,-1.0,5.12297489786488E-17));
#3026=DIRECTION('',(6.12303176911189E-17,-5.12297489786488E-17,-1.0));
#3027=SURFACE_STYLE_FILL_AREA(#4578);
#3028=ORIENTED_EDGE('',*,*,#4579,.F.);
#3029=ORIENTED_EDGE('',*,*,#4577,.F.);
#3030=ORIENTED_EDGE('',*,*,#4573,.F.);
#3031=ORIENTED_EDGE('',*,*,#4570,.F.);
#3032=ORIENTED_EDGE('',*,*,#4567,.F.);
#3033=ORIENTED_EDGE('',*,*,#4564,.F.);
#3034=CARTESIAN_POINT('',(-0.815,1.86571749773248,-5.42032415862557));
#3035=DIRECTION('',(1.0,0.0,6.12303176911189E-17));
#3036=DIRECTION('',(6.12303176911189E-17,0.0,-1.0));
#3037=SURFACE_STYLE_FILL_AREA(#4580);
#3038=ORIENTED_EDGE('',*,*,#4581,.F.);
#3039=ORIENTED_EDGE('',*,*,#4582,.F.);
#3040=ORIENTED_EDGE('',*,*,#4583,.F.);
#3041=ORIENTED_EDGE('',*,*,#4584,.F.);
#3042=ORIENTED_EDGE('',*,*,#4585,.F.);
#3043=ORIENTED_EDGE('',*,*,#4586,.T.);
#3044=CARTESIAN_POINT('',(0.274999999999999,1.86571749773248,-5.42032415862557));
#3045=DIRECTION('',(1.0,0.0,6.12303176911189E-17));
#3046=DIRECTION('',(6.12303176911189E-17,0.0,-1.0));
#3047=SURFACE_STYLE_FILL_AREA(#4587);
#3048=ORIENTED_EDGE('',*,*,#4588,.F.);
#3049=ORIENTED_EDGE('',*,*,#4589,.T.);
#3050=ORIENTED_EDGE('',*,*,#4590,.F.);
#3051=ORIENTED_EDGE('',*,*,#4582,.T.);
#3052=CARTESIAN_POINT('',(0.274999999999999,2.58000000128959,-4.48285484497589));
#3053=DIRECTION('',(1.21701836202198E-32,1.0,-1.9876074596923E-16));
#3054=DIRECTION('',(-6.12303176911189E-17,1.9876074596923E-16,1.0));
#3055=SURFACE_STYLE_FILL_AREA(#4591);
#3056=ORIENTED_EDGE('',*,*,#4592,.T.);
#3057=ORIENTED_EDGE('',*,*,#4593,.F.);
#3058=ORIENTED_EDGE('',*,*,#4583,.T.);
#3059=ORIENTED_EDGE('',*,*,#4590,.T.);
#3060=CARTESIAN_POINT('',(0.274999999999999,2.28000000114025,-5.75000000287496));
#3061=DIRECTION('',(5.47660610564781E-17,0.44721359550067,-0.89442719099956));
#3062=DIRECTION('',(-2.73830305282935E-17,0.89442719099956,0.44721359550067));
#3063=SURFACE_STYLE_FILL_AREA(#4594);
#3064=ORIENTED_EDGE('',*,*,#4595,.T.);
#3065=ORIENTED_EDGE('',*,*,#4596,.F.);
#3066=ORIENTED_EDGE('',*,*,#4584,.T.);
#3067=ORIENTED_EDGE('',*,*,#4593,.T.);
#3068=CARTESIAN_POINT('',(0.274999999999999,1.98000000099091,-6.8000000033999));
#3069=DIRECTION('',(0.0,1.0,0.0));
#3070=DIRECTION('',(-6.12303176911189E-17,0.0,1.0));
#3071=SURFACE_STYLE_FILL_AREA(#4597);
#3072=ORIENTED_EDGE('',*,*,#4598,.T.);
#3073=ORIENTED_EDGE('',*,*,#4599,.F.);
#3074=ORIENTED_EDGE('',*,*,#4585,.T.);
#3075=ORIENTED_EDGE('',*,*,#4596,.T.);
#3076=CARTESIAN_POINT('',(0.275,1.68000000084066,-7.70000000384988));
#3077=DIRECTION('',(6.12303176911189E-17,0.0,-1.0));
#3078=DIRECTION('',(0.0,1.0,0.0));
#3079=SURFACE_STYLE_FILL_AREA(#4600);
#3080=ORIENTED_EDGE('',*,*,#4601,.F.);
#3081=ORIENTED_EDGE('',*,*,#4586,.F.);
#3082=ORIENTED_EDGE('',*,*,#4599,.T.);
#3083=ORIENTED_EDGE('',*,*,#4602,.T.);
#3084=CARTESIAN_POINT('',(0.274999999999999,1.38000000069042,-5.53285484550084));
#3085=DIRECTION('',(-3.13681380519894E-33,-1.0,5.12297489786488E-17));
#3086=DIRECTION('',(6.12303176911189E-17,-5.12297489786488E-17,-1.0));
#3087=SURFACE_STYLE_FILL_AREA(#4603);
#3088=ORIENTED_EDGE('',*,*,#4604,.F.);
#3089=ORIENTED_EDGE('',*,*,#4602,.F.);
#3090=ORIENTED_EDGE('',*,*,#4598,.F.);
#3091=ORIENTED_EDGE('',*,*,#4595,.F.);
#3092=ORIENTED_EDGE('',*,*,#4592,.F.);
#3093=ORIENTED_EDGE('',*,*,#4589,.F.);
#3094=CARTESIAN_POINT('',(1.475,1.86571749773248,-5.42032415862557));
#3095=DIRECTION('',(1.0,0.0,6.12303176911189E-17));
#3096=DIRECTION('',(6.12303176911189E-17,0.0,-1.0));
#3097=SURFACE_STYLE_FILL_AREA(#4605);
#3098=ORIENTED_EDGE('',*,*,#4606,.F.);
#3099=ORIENTED_EDGE('',*,*,#4607,.F.);
#3100=ORIENTED_EDGE('',*,*,#4608,.F.);
#3101=ORIENTED_EDGE('',*,*,#4609,.F.);
#3102=ORIENTED_EDGE('',*,*,#4610,.F.);
#3103=ORIENTED_EDGE('',*,*,#4611,.T.);
#3104=CARTESIAN_POINT('',(2.565,1.86571749773248,-5.42032415862557));
#3105=DIRECTION('',(1.0,0.0,6.12303176911189E-17));
#3106=DIRECTION('',(6.12303176911189E-17,0.0,-1.0));
#3107=SURFACE_STYLE_FILL_AREA(#4612);
#3108=ORIENTED_EDGE('',*,*,#4613,.F.);
#3109=ORIENTED_EDGE('',*,*,#4614,.T.);
#3110=ORIENTED_EDGE('',*,*,#4615,.F.);
#3111=ORIENTED_EDGE('',*,*,#4607,.T.);
#3112=CARTESIAN_POINT('',(2.565,2.58000000128959,-4.48285484497589));
#3113=DIRECTION('',(1.21701836202198E-32,1.0,-1.9876074596923E-16));
#3114=DIRECTION('',(-6.12303176911189E-17,1.9876074596923E-16,1.0));
#3115=SURFACE_STYLE_FILL_AREA(#4616);
#3116=ORIENTED_EDGE('',*,*,#4617,.T.);
#3117=ORIENTED_EDGE('',*,*,#4618,.F.);
#3118=ORIENTED_EDGE('',*,*,#4608,.T.);
#3119=ORIENTED_EDGE('',*,*,#4615,.T.);
#3120=CARTESIAN_POINT('',(2.565,2.28000000114025,-5.75000000287496));
#3121=DIRECTION('',(5.47660610564781E-17,0.44721359550067,-0.89442719099956));
#3122=DIRECTION('',(-2.73830305282935E-17,0.89442719099956,0.44721359550067));
#3123=SURFACE_STYLE_FILL_AREA(#4619);
#3124=ORIENTED_EDGE('',*,*,#4620,.T.);
#3125=ORIENTED_EDGE('',*,*,#4621,.F.);
#3126=ORIENTED_EDGE('',*,*,#4609,.T.);
#3127=ORIENTED_EDGE('',*,*,#4618,.T.);
#3128=CARTESIAN_POINT('',(2.565,1.98000000099091,-6.8000000033999));
#3129=DIRECTION('',(0.0,1.0,0.0));
#3130=DIRECTION('',(-6.12303176911189E-17,0.0,1.0));
#3131=SURFACE_STYLE_FILL_AREA(#4622);
#3132=ORIENTED_EDGE('',*,*,#4623,.T.);
#3133=ORIENTED_EDGE('',*,*,#4624,.F.);
#3134=ORIENTED_EDGE('',*,*,#4610,.T.);
#3135=ORIENTED_EDGE('',*,*,#4621,.T.);
#3136=CARTESIAN_POINT('',(2.565,1.68000000084066,-7.70000000384988));
#3137=DIRECTION('',(6.12303176911189E-17,0.0,-1.0));
#3138=DIRECTION('',(0.0,1.0,0.0));
#3139=SURFACE_STYLE_FILL_AREA(#4625);
#3140=ORIENTED_EDGE('',*,*,#4626,.F.);
#3141=ORIENTED_EDGE('',*,*,#4611,.F.);
#3142=ORIENTED_EDGE('',*,*,#4624,.T.);
#3143=ORIENTED_EDGE('',*,*,#4627,.T.);
#3144=CARTESIAN_POINT('',(2.565,1.38000000069042,-5.53285484550084));
#3145=DIRECTION('',(-3.13681380519894E-33,-1.0,5.12297489786488E-17));
#3146=DIRECTION('',(6.12303176911189E-17,-5.12297489786488E-17,-1.0));
#3147=SURFACE_STYLE_FILL_AREA(#4628);
#3148=ORIENTED_EDGE('',*,*,#4629,.F.);
#3149=ORIENTED_EDGE('',*,*,#4627,.F.);
#3150=ORIENTED_EDGE('',*,*,#4623,.F.);
#3151=ORIENTED_EDGE('',*,*,#4620,.F.);
#3152=ORIENTED_EDGE('',*,*,#4617,.F.);
#3153=ORIENTED_EDGE('',*,*,#4614,.F.);
#3154=CARTESIAN_POINT('',(3.765,1.86571749773248,-5.42032415862557));
#3155=DIRECTION('',(1.0,0.0,6.12303176911189E-17));
#3156=DIRECTION('',(6.12303176911189E-17,0.0,-1.0));
#3157=SURFACE_STYLE_FILL_AREA(#4630);
#3158=ORIENTED_EDGE('',*,*,#4631,.F.);
#3159=ORIENTED_EDGE('',*,*,#4632,.F.);
#3160=ORIENTED_EDGE('',*,*,#4633,.F.);
#3161=ORIENTED_EDGE('',*,*,#4634,.F.);
#3162=ORIENTED_EDGE('',*,*,#4635,.F.);
#3163=ORIENTED_EDGE('',*,*,#4636,.T.);
#3164=CARTESIAN_POINT('',(4.855,1.86571749773248,-5.42032415862557));
#3165=DIRECTION('',(1.0,0.0,6.12303176911189E-17));
#3166=DIRECTION('',(6.12303176911189E-17,0.0,-1.0));
#3167=SURFACE_STYLE_FILL_AREA(#4637);
#3168=ORIENTED_EDGE('',*,*,#4638,.F.);
#3169=ORIENTED_EDGE('',*,*,#4639,.T.);
#3170=ORIENTED_EDGE('',*,*,#4640,.F.);
#3171=ORIENTED_EDGE('',*,*,#4632,.T.);
#3172=CARTESIAN_POINT('',(4.855,2.58000000128959,-4.48285484497589));
#3173=DIRECTION('',(1.21701836202198E-32,1.0,-1.9876074596923E-16));
#3174=DIRECTION('',(-6.12303176911189E-17,1.9876074596923E-16,1.0));
#3175=SURFACE_STYLE_FILL_AREA(#4641);
#3176=ORIENTED_EDGE('',*,*,#4642,.T.);
#3177=ORIENTED_EDGE('',*,*,#4643,.F.);
#3178=ORIENTED_EDGE('',*,*,#4633,.T.);
#3179=ORIENTED_EDGE('',*,*,#4640,.T.);
#3180=CARTESIAN_POINT('',(4.855,2.28000000114025,-5.75000000287496));
#3181=DIRECTION('',(5.47660610564781E-17,0.44721359550067,-0.89442719099956));
#3182=DIRECTION('',(-2.73830305282935E-17,0.89442719099956,0.44721359550067));
#3183=SURFACE_STYLE_FILL_AREA(#4644);
#3184=ORIENTED_EDGE('',*,*,#4645,.T.);
#3185=ORIENTED_EDGE('',*,*,#4646,.F.);
#3186=ORIENTED_EDGE('',*,*,#4634,.T.);
#3187=ORIENTED_EDGE('',*,*,#4643,.T.);
#3188=CARTESIAN_POINT('',(4.855,1.98000000099091,-6.8000000033999));
#3189=DIRECTION('',(0.0,1.0,0.0));
#3190=DIRECTION('',(-6.12303176911189E-17,0.0,1.0));
#3191=SURFACE_STYLE_FILL_AREA(#4647);
#3192=ORIENTED_EDGE('',*,*,#4648,.T.);
#3193=ORIENTED_EDGE('',*,*,#4649,.F.);
#3194=ORIENTED_EDGE('',*,*,#4635,.T.);
#3195=ORIENTED_EDGE('',*,*,#4646,.T.);
#3196=CARTESIAN_POINT('',(4.855,1.68000000084066,-7.70000000384988));
#3197=DIRECTION('',(6.12303176911189E-17,0.0,-1.0));
#3198=DIRECTION('',(0.0,1.0,0.0));
#3199=SURFACE_STYLE_FILL_AREA(#4650);
#3200=ORIENTED_EDGE('',*,*,#4651,.F.);
#3201=ORIENTED_EDGE('',*,*,#4636,.F.);
#3202=ORIENTED_EDGE('',*,*,#4649,.T.);
#3203=ORIENTED_EDGE('',*,*,#4652,.T.);
#3204=CARTESIAN_POINT('',(4.855,1.38000000069042,-5.53285484550084));
#3205=DIRECTION('',(-3.13681380519894E-33,-1.0,5.12297489786488E-17));
#3206=DIRECTION('',(6.12303176911189E-17,-5.12297489786488E-17,-1.0));
#3207=SURFACE_STYLE_FILL_AREA(#4653);
#3208=ORIENTED_EDGE('',*,*,#4654,.F.);
#3209=ORIENTED_EDGE('',*,*,#4652,.F.);
#3210=ORIENTED_EDGE('',*,*,#4648,.F.);
#3211=ORIENTED_EDGE('',*,*,#4645,.F.);
#3212=ORIENTED_EDGE('',*,*,#4642,.F.);
#3213=ORIENTED_EDGE('',*,*,#4639,.F.);
#3214=CARTESIAN_POINT('',(6.055,1.86571749773248,-5.42032415862557));
#3215=DIRECTION('',(1.0,0.0,6.12303176911189E-17));
#3216=DIRECTION('',(6.12303176911189E-17,0.0,-1.0));
#3217=SURFACE_STYLE_FILL_AREA(#4655);
#3218=ORIENTED_EDGE('',*,*,#4656,.F.);
#3219=ORIENTED_EDGE('',*,*,#4657,.F.);
#3220=ORIENTED_EDGE('',*,*,#4658,.F.);
#3221=ORIENTED_EDGE('',*,*,#4659,.T.);
#3222=ORIENTED_EDGE('',*,*,#4660,.F.);
#3223=ORIENTED_EDGE('',*,*,#4661,.F.);
#3224=CARTESIAN_POINT('',(-9.6,7.5,-0.899999999999999));
#3225=DIRECTION('',(-1.0,-0.0,0.0));
#3226=DIRECTION('',(0.0,-6.12303176911189E-17,-1.0));
#3227=SURFACE_STYLE_FILL_AREA(#4662);
#3228=ORIENTED_EDGE('',*,*,#4663,.F.);
#3229=ORIENTED_EDGE('',*,*,#4664,.T.);
#3230=ORIENTED_EDGE('',*,*,#4665,.F.);
#3231=ORIENTED_EDGE('',*,*,#4657,.T.);
#3232=CARTESIAN_POINT('',(-10.1,5.35999999999991,-0.67501349388185));
#3233=DIRECTION('',(-5.58399502775502E-31,1.0,9.11965712136907E-15));
#3234=DIRECTION('',(-6.12303176911189E-17,-9.11965712136907E-15,1.0));
#3235=SURFACE_STYLE_FILL_AREA(#4666);
#3236=ORIENTED_EDGE('',*,*,#4667,.F.);
#3237=ORIENTED_EDGE('',*,*,#4661,.T.);
#3238=ORIENTED_EDGE('',*,*,#4668,.T.);
#3239=ORIENTED_EDGE('',*,*,#4669,.T.);
#3240=CARTESIAN_POINT('',(-10.1,-5.36000000000004,-0.708581689881429));
#3241=DIRECTION('',(1.26513757495428E-30,-1.0,-2.06619469351175E-14));
#3242=DIRECTION('',(6.12303176911189E-17,2.06619469351175E-14,-1.0));
#3243=SURFACE_STYLE_FILL_AREA(#4670);
#3244=ORIENTED_EDGE('',*,*,#4671,.T.);
#3245=ORIENTED_EDGE('',*,*,#4672,.F.);
#3246=ORIENTED_EDGE('',*,*,#4673,.T.);
#3247=ORIENTED_EDGE('',*,*,#4674,.T.);
#3248=CARTESIAN_POINT('',(-10.1,3.01000000000005,-4.39999999999997));
#3249=DIRECTION('',(1.0,0.0,6.12303176911189E-17));
#3250=DIRECTION('',(6.12303176911189E-17,0.0,-1.0));
#3251=SURFACE_STYLE_FILL_AREA(#4675);
#3252=ORIENTED_EDGE('',*,*,#4676,.T.);
#3253=ORIENTED_EDGE('',*,*,#4674,.F.);
#3254=ORIENTED_EDGE('',*,*,#4677,.T.);
#3255=ORIENTED_EDGE('',*,*,#4678,.T.);
#3256=CARTESIAN_POINT('',(-10.1,3.51,-4.24999999999999));
#3257=DIRECTION('',(-5.07578836843256E-30,1.0,8.28966525053451E-14));
#3258=DIRECTION('',(-6.12303176911189E-17,-8.28966525053451E-14,1.0));
#3259=SURFACE_STYLE_FILL_AREA(#4679);
#3260=ORIENTED_EDGE('',*,*,#4680,.T.);
#3261=ORIENTED_EDGE('',*,*,#4681,.F.);
#3262=ORIENTED_EDGE('',*,*,#4682,.T.);
#3263=ORIENTED_EDGE('',*,*,#4683,.T.);
#3264=CARTESIAN_POINT('',(-10.1,-3.01000000000005,-4.39999999999997));
#3265=DIRECTION('',(1.0,0.0,6.12303176911189E-17));
#3266=DIRECTION('',(6.12303176911189E-17,0.0,-1.0));
#3267=SURFACE_STYLE_FILL_AREA(#4684);
#3268=ORIENTED_EDGE('',*,*,#4685,.T.);
#3269=ORIENTED_EDGE('',*,*,#4686,.F.);
#3270=ORIENTED_EDGE('',*,*,#4687,.T.);
#3271=ORIENTED_EDGE('',*,*,#4681,.T.);
#3272=CARTESIAN_POINT('',(-10.1,-3.50999999999999,-4.24999999999997));
#3273=DIRECTION('',(0.0,-1.0,0.0));
#3274=DIRECTION('',(6.12303176911189E-17,0.0,-1.0));
#3275=SURFACE_STYLE_FILL_AREA(#4688);
#3276=ORIENTED_EDGE('',*,*,#4689,.T.);
#3277=ORIENTED_EDGE('',*,*,#4668,.F.);
#3278=ORIENTED_EDGE('',*,*,#4660,.T.);
#3279=ORIENTED_EDGE('',*,*,#4690,.T.);
#3280=ORIENTED_EDGE('',*,*,#4686,.T.);
#3281=ORIENTED_EDGE('',*,*,#4691,.T.);
#3282=CARTESIAN_POINT('',(-10.1,-3.36000000000001,-2.10563293248206));
#3283=DIRECTION('',(1.0,0.0,6.12303176911189E-17));
#3284=DIRECTION('',(6.12303176911189E-17,0.0,-1.0));
#3285=SURFACE_STYLE_FILL_AREA(#4692);
#3286=ORIENTED_EDGE('',*,*,#4693,.T.);
#3287=ORIENTED_EDGE('',*,*,#4678,.F.);
#3288=ORIENTED_EDGE('',*,*,#4694,.T.);
#3289=ORIENTED_EDGE('',*,*,#4658,.T.);
#3290=ORIENTED_EDGE('',*,*,#4665,.T.);
#3291=ORIENTED_EDGE('',*,*,#4695,.T.);
#3292=CARTESIAN_POINT('',(-10.1,3.35914706478332,-2.1037742997942));
#3293=DIRECTION('',(1.0,0.0,6.12303176911189E-17));
#3294=DIRECTION('',(6.12303176911189E-17,0.0,-1.0));
#3295=SURFACE_STYLE_FILL_AREA(#4696);
#3296=ORIENTED_EDGE('',*,*,#4697,.F.);
#3297=ORIENTED_EDGE('',*,*,#4669,.F.);
#3298=ORIENTED_EDGE('',*,*,#4689,.F.);
#3299=ORIENTED_EDGE('',*,*,#4698,.F.);
#3300=ORIENTED_EDGE('',*,*,#4695,.F.);
#3301=ORIENTED_EDGE('',*,*,#4664,.F.);
#3302=CARTESIAN_POINT('',(9.6,7.5,-0.899999999999999));
#3303=DIRECTION('',(1.0,0.0,-0.0));
#3304=DIRECTION('',(0.0,6.12303176911189E-17,1.0));
#3305=SURFACE_STYLE_FILL_AREA(#4699);
#3306=ORIENTED_EDGE('',*,*,#4691,.F.);
#3307=ORIENTED_EDGE('',*,*,#4700,.F.);
#3308=ORIENTED_EDGE('',*,*,#4693,.F.);
#3309=ORIENTED_EDGE('',*,*,#4698,.T.);
#3310=CARTESIAN_POINT('',(7.8,7.5,-2.3));
#3311=DIRECTION('',(0.0,-1.0,6.12303176911189E-17));
#3312=DIRECTION('',(1.0,0.0,0.0));
#3313=SURFACE_STYLE_FILL_AREA(#4701);
#3314=ORIENTED_EDGE('',*,*,#4685,.F.);
#3315=ORIENTED_EDGE('',*,*,#4702,.F.);
#3316=ORIENTED_EDGE('',*,*,#4676,.F.);
#3317=ORIENTED_EDGE('',*,*,#4700,.T.);
#3318=CARTESIAN_POINT('',(7.8,7.5,-4.25));
#3319=DIRECTION('',(1.0,0.0,-0.0));
#3320=DIRECTION('',(0.0,6.12303176911189E-17,1.0));
#3321=SURFACE_STYLE_FILL_AREA(#4703);
#3322=ORIENTED_EDGE('',*,*,#4680,.F.);
#3323=ORIENTED_EDGE('',*,*,#4704,.F.);
#3324=ORIENTED_EDGE('',*,*,#4671,.F.);
#3325=ORIENTED_EDGE('',*,*,#4702,.T.);
#3326=CARTESIAN_POINT('',(7.3,7.5,-4.4));
#3327=DIRECTION('',(0.0,-1.0,6.12303176911189E-17));
#3328=DIRECTION('',(1.0,0.0,0.0));
#3329=SURFACE_STYLE_FILL_AREA(#4705);
#3330=ORIENTED_EDGE('',*,*,#4288,.T.);
#3331=ORIENTED_EDGE('',*,*,#4281,.T.);
#3332=ORIENTED_EDGE('',*,*,#4301,.T.);
#3333=ORIENTED_EDGE('',*,*,#4304,.T.);
#3334=ORIENTED_EDGE('',*,*,#4313,.T.);
#3335=ORIENTED_EDGE('',*,*,#4306,.T.);
#3336=ORIENTED_EDGE('',*,*,#4326,.T.);
#3337=ORIENTED_EDGE('',*,*,#4329,.T.);
#3338=ORIENTED_EDGE('',*,*,#4338,.T.);
#3339=ORIENTED_EDGE('',*,*,#4331,.T.);
#3340=ORIENTED_EDGE('',*,*,#4351,.T.);
#3341=ORIENTED_EDGE('',*,*,#4354,.T.);
#3342=ORIENTED_EDGE('',*,*,#4363,.T.);
#3343=ORIENTED_EDGE('',*,*,#4356,.T.);
#3344=ORIENTED_EDGE('',*,*,#4376,.T.);
#3345=ORIENTED_EDGE('',*,*,#4379,.T.);
#3346=ORIENTED_EDGE('',*,*,#4388,.T.);
#3347=ORIENTED_EDGE('',*,*,#4381,.T.);
#3348=ORIENTED_EDGE('',*,*,#4401,.T.);
#3349=ORIENTED_EDGE('',*,*,#4404,.T.);
#3350=ORIENTED_EDGE('',*,*,#4413,.T.);
#3351=ORIENTED_EDGE('',*,*,#4406,.T.);
#3352=ORIENTED_EDGE('',*,*,#4417,.T.);
#3353=ORIENTED_EDGE('',*,*,#4429,.T.);
#3354=ORIENTED_EDGE('',*,*,#4438,.T.);
#3355=ORIENTED_EDGE('',*,*,#4431,.T.);
#3356=ORIENTED_EDGE('',*,*,#4442,.T.);
#3357=ORIENTED_EDGE('',*,*,#4454,.T.);
#3358=ORIENTED_EDGE('',*,*,#4463,.T.);
#3359=ORIENTED_EDGE('',*,*,#4456,.T.);
#3360=ORIENTED_EDGE('',*,*,#4467,.T.);
#3361=ORIENTED_EDGE('',*,*,#4479,.T.);
#3362=ORIENTED_EDGE('',*,*,#4488,.T.);
#3363=ORIENTED_EDGE('',*,*,#4481,.T.);
#3364=ORIENTED_EDGE('',*,*,#4492,.T.);
#3365=ORIENTED_EDGE('',*,*,#4504,.T.);
#3366=ORIENTED_EDGE('',*,*,#4513,.T.);
#3367=ORIENTED_EDGE('',*,*,#4506,.T.);
#3368=ORIENTED_EDGE('',*,*,#4517,.T.);
#3369=ORIENTED_EDGE('',*,*,#4529,.T.);
#3370=ORIENTED_EDGE('',*,*,#4538,.T.);
#3371=ORIENTED_EDGE('',*,*,#4531,.T.);
#3372=ORIENTED_EDGE('',*,*,#4551,.T.);
#3373=ORIENTED_EDGE('',*,*,#4554,.T.);
#3374=ORIENTED_EDGE('',*,*,#4563,.T.);
#3375=ORIENTED_EDGE('',*,*,#4556,.T.);
#3376=ORIENTED_EDGE('',*,*,#4576,.T.);
#3377=ORIENTED_EDGE('',*,*,#4579,.T.);
#3378=ORIENTED_EDGE('',*,*,#4588,.T.);
#3379=ORIENTED_EDGE('',*,*,#4581,.T.);
#3380=ORIENTED_EDGE('',*,*,#4601,.T.);
#3381=ORIENTED_EDGE('',*,*,#4604,.T.);
#3382=ORIENTED_EDGE('',*,*,#4613,.T.);
#3383=ORIENTED_EDGE('',*,*,#4606,.T.);
#3384=ORIENTED_EDGE('',*,*,#4626,.T.);
#3385=ORIENTED_EDGE('',*,*,#4629,.T.);
#3386=ORIENTED_EDGE('',*,*,#4638,.T.);
#3387=ORIENTED_EDGE('',*,*,#4631,.T.);
#3388=ORIENTED_EDGE('',*,*,#4651,.T.);
#3389=ORIENTED_EDGE('',*,*,#4654,.T.);
#3390=ORIENTED_EDGE('',*,*,#4683,.F.);
#3391=ORIENTED_EDGE('',*,*,#4706,.F.);
#3392=ORIENTED_EDGE('',*,*,#4672,.T.);
#3393=ORIENTED_EDGE('',*,*,#4704,.T.);
#3394=CARTESIAN_POINT('',(0.0,7.5,-4.9));
#3395=DIRECTION('',(0.0,-6.12303176911189E-17,-1.0));
#3396=DIRECTION('',(1.0,0.0,0.0));
#3397=SURFACE_STYLE_FILL_AREA(#4707);
#3398=ORIENTED_EDGE('',*,*,#4682,.F.);
#3399=ORIENTED_EDGE('',*,*,#4708,.F.);
#3400=ORIENTED_EDGE('',*,*,#4673,.F.);
#3401=ORIENTED_EDGE('',*,*,#4706,.T.);
#3402=CARTESIAN_POINT('',(-7.3,7.5,-4.4));
#3403=DIRECTION('',(0.0,-1.0,6.12303176911189E-17));
#3404=DIRECTION('',(1.0,0.0,0.0));
#3405=SURFACE_STYLE_FILL_AREA(#4709);
#3406=ORIENTED_EDGE('',*,*,#4687,.F.);
#3407=ORIENTED_EDGE('',*,*,#4710,.F.);
#3408=ORIENTED_EDGE('',*,*,#4677,.F.);
#3409=ORIENTED_EDGE('',*,*,#4708,.T.);
#3410=CARTESIAN_POINT('',(-7.8,7.5,-4.25));
#3411=DIRECTION('',(-1.0,-0.0,0.0));
#3412=DIRECTION('',(0.0,-6.12303176911189E-17,-1.0));
#3413=SURFACE_STYLE_FILL_AREA(#4711);
#3414=ORIENTED_EDGE('',*,*,#4690,.F.);
#3415=ORIENTED_EDGE('',*,*,#4659,.F.);
#3416=ORIENTED_EDGE('',*,*,#4694,.F.);
#3417=ORIENTED_EDGE('',*,*,#4710,.T.);
#3418=CARTESIAN_POINT('',(-7.8,7.5,-2.3));
#3419=DIRECTION('',(0.0,-1.0,6.12303176911189E-17));
#3420=DIRECTION('',(1.0,0.0,0.0));
#3421=SURFACE_STYLE_FILL_AREA(#4712);
#3422=ORIENTED_EDGE('',*,*,#4713,.F.);
#3423=ORIENTED_EDGE('',*,*,#4714,.T.);
#3424=ORIENTED_EDGE('',*,*,#4715,.F.);
#3425=ORIENTED_EDGE('',*,*,#4716,.F.);
#3426=CARTESIAN_POINT('',(-1.09999962499999,-6.4,3.70000044999999));
#3427=DIRECTION('',(1.0,-1.22460635382238E-16,0.0));
#3428=DIRECTION('',(7.49830360911069E-33,6.12303176911189E-17,-1.0));
#3429=SURFACE_STYLE_FILL_AREA(#4717);
#3430=ORIENTED_EDGE('',*,*,#4718,.F.);
#3431=ORIENTED_EDGE('',*,*,#4716,.T.);
#3432=ORIENTED_EDGE('',*,*,#4719,.F.);
#3433=ORIENTED_EDGE('',*,*,#4720,.F.);
#3434=CARTESIAN_POINT('',(-1.85,-6.4,2.8));
#3435=DIRECTION('',(-3.78955936260745E-14,6.12303176911235E-17,-1.0));
#3436=DIRECTION('',(-1.0,1.22460635382235E-16,3.78955936260745E-14));
#3437=SURFACE_STYLE_FILL_AREA(#4721);
#3438=ORIENTED_EDGE('',*,*,#4722,.F.);
#3439=ORIENTED_EDGE('',*,*,#4720,.T.);
#3440=ORIENTED_EDGE('',*,*,#4723,.F.);
#3441=ORIENTED_EDGE('',*,*,#4724,.F.);
#3442=CARTESIAN_POINT('',(-2.60000037500001,-6.4,3.70000044999998));
#3443=DIRECTION('',(-1.0,1.22460635382238E-16,0.0));
#3444=DIRECTION('',(-7.49830360911069E-33,-6.12303176911189E-17,1.0));
#3445=SURFACE_STYLE_FILL_AREA(#4725);
#3446=ORIENTED_EDGE('',*,*,#4726,.F.);
#3447=ORIENTED_EDGE('',*,*,#4724,.T.);
#3448=ORIENTED_EDGE('',*,*,#4727,.F.);
#3449=ORIENTED_EDGE('',*,*,#4728,.F.);
#3450=CARTESIAN_POINT('',(-2.10000012499993,-6.4,4.60000089999993));
#3451=DIRECTION('',(1.22460635382238E-16,1.0,6.12303176911189E-17));
#3452=DIRECTION('',(-1.0,1.22460635382238E-16,0.0));
#3453=SURFACE_STYLE_FILL_AREA(#4729);
#3454=ORIENTED_EDGE('',*,*,#4730,.F.);
#3455=ORIENTED_EDGE('',*,*,#4731,.T.);
#3456=ORIENTED_EDGE('',*,*,#4732,.F.);
#3457=ORIENTED_EDGE('',*,*,#4714,.F.);
#3458=CARTESIAN_POINT('',(-1.59999987500007,-6.4,4.60000089999993));
#3459=DIRECTION('',(1.22460635382238E-16,1.0,6.12303176911189E-17));
#3460=DIRECTION('',(-1.0,1.22460635382238E-16,0.0));
#3461=SURFACE_STYLE_FILL_AREA(#4733);
#3462=ORIENTED_EDGE('',*,*,#4734,.F.);
#3463=ORIENTED_EDGE('',*,*,#4728,.T.);
#3464=ORIENTED_EDGE('',*,*,#4735,.F.);
#3465=ORIENTED_EDGE('',*,*,#4731,.F.);
#3466=CARTESIAN_POINT('',(-1.85,-6.4,5.10000115000001));
#3467=DIRECTION('',(-7.49830360911069E-33,-6.12303176911189E-17,1.0));
#3468=DIRECTION('',(1.0,-1.22460635382238E-16,0.0));
#3469=SURFACE_STYLE_FILL_AREA(#4736);
#3470=ORIENTED_EDGE('',*,*,#4727,.T.);
#3471=ORIENTED_EDGE('',*,*,#4723,.T.);
#3472=ORIENTED_EDGE('',*,*,#4719,.T.);
#3473=ORIENTED_EDGE('',*,*,#4715,.T.);
#3474=ORIENTED_EDGE('',*,*,#4732,.T.);
#3475=ORIENTED_EDGE('',*,*,#4735,.T.);
#3476=CARTESIAN_POINT('',(-1.84999999999999,-4.4,3.87474083145634));
#3477=DIRECTION('',(1.22460635382238E-16,1.0,6.12303176911189E-17));
#3478=DIRECTION('',(-1.0,1.22460635382238E-16,0.0));
#3479=SURFACE_STYLE_FILL_AREA(#4737);
#3480=ORIENTED_EDGE('',*,*,#4738,.F.);
#3481=ORIENTED_EDGE('',*,*,#4739,.T.);
#3482=ORIENTED_EDGE('',*,*,#4740,.F.);
#3483=ORIENTED_EDGE('',*,*,#4741,.F.);
#3484=CARTESIAN_POINT('',(1.09999962499999,6.4,3.70000044999999));
#3485=DIRECTION('',(-1.0,-0.0,0.0));
#3486=DIRECTION('',(0.0,-6.12303176911189E-17,-1.0));
#3487=SURFACE_STYLE_FILL_AREA(#4742);
#3488=ORIENTED_EDGE('',*,*,#4743,.F.);
#3489=ORIENTED_EDGE('',*,*,#4741,.T.);
#3490=ORIENTED_EDGE('',*,*,#4744,.F.);
#3491=ORIENTED_EDGE('',*,*,#4745,.F.);
#3492=CARTESIAN_POINT('',(1.85,6.4,2.8));
#3493=DIRECTION('',(3.78955936260745E-14,-6.12303176911189E-17,-1.0));
#3494=DIRECTION('',(1.0,2.32035923681808E-30,3.78955936260745E-14));
#3495=SURFACE_STYLE_FILL_AREA(#4746);
#3496=ORIENTED_EDGE('',*,*,#4747,.F.);
#3497=ORIENTED_EDGE('',*,*,#4745,.T.);
#3498=ORIENTED_EDGE('',*,*,#4748,.F.);
#3499=ORIENTED_EDGE('',*,*,#4749,.F.);
#3500=CARTESIAN_POINT('',(2.60000037500001,6.4,3.70000044999998));
#3501=DIRECTION('',(1.0,0.0,-0.0));
#3502=DIRECTION('',(0.0,6.12303176911189E-17,1.0));
#3503=SURFACE_STYLE_FILL_AREA(#4750);
#3504=ORIENTED_EDGE('',*,*,#4751,.F.);
#3505=ORIENTED_EDGE('',*,*,#4749,.T.);
#3506=ORIENTED_EDGE('',*,*,#4752,.F.);
#3507=ORIENTED_EDGE('',*,*,#4753,.F.);
#3508=CARTESIAN_POINT('',(2.10000012499993,6.4,4.60000089999993));
#3509=DIRECTION('',(0.0,-1.0,6.12303176911189E-17));
#3510=DIRECTION('',(1.0,0.0,0.0));
#3511=SURFACE_STYLE_FILL_AREA(#4754);
#3512=ORIENTED_EDGE('',*,*,#4755,.F.);
#3513=ORIENTED_EDGE('',*,*,#4756,.T.);
#3514=ORIENTED_EDGE('',*,*,#4757,.F.);
#3515=ORIENTED_EDGE('',*,*,#4739,.F.);
#3516=CARTESIAN_POINT('',(1.59999987500007,6.4,4.60000089999993));
#3517=DIRECTION('',(0.0,-1.0,6.12303176911189E-17));
#3518=DIRECTION('',(1.0,0.0,0.0));
#3519=SURFACE_STYLE_FILL_AREA(#4758);
#3520=ORIENTED_EDGE('',*,*,#4759,.F.);
#3521=ORIENTED_EDGE('',*,*,#4753,.T.);
#3522=ORIENTED_EDGE('',*,*,#4760,.F.);
#3523=ORIENTED_EDGE('',*,*,#4756,.F.);
#3524=CARTESIAN_POINT('',(1.85,6.4,5.10000115000001));
#3525=DIRECTION('',(0.0,6.12303176911189E-17,1.0));
#3526=DIRECTION('',(-1.0,0.0,0.0));
#3527=SURFACE_STYLE_FILL_AREA(#4761);
#3528=ORIENTED_EDGE('',*,*,#4752,.T.);
#3529=ORIENTED_EDGE('',*,*,#4748,.T.);
#3530=ORIENTED_EDGE('',*,*,#4744,.T.);
#3531=ORIENTED_EDGE('',*,*,#4740,.T.);
#3532=ORIENTED_EDGE('',*,*,#4757,.T.);
#3533=ORIENTED_EDGE('',*,*,#4760,.T.);
#3534=CARTESIAN_POINT('',(1.84999999999999,4.4,3.87474083145634));
#3535=DIRECTION('',(0.0,-1.0,6.12303176911189E-17));
#3536=DIRECTION('',(1.0,0.0,0.0));
#3537=SURFACE_STYLE_FILL_AREA(#4762);
#3538=ORIENTED_EDGE('',*,*,#4763,.F.);
#3539=ORIENTED_EDGE('',*,*,#4764,.T.);
#3540=ORIENTED_EDGE('',*,*,#4765,.F.);
#3541=ORIENTED_EDGE('',*,*,#4766,.F.);
#3542=CARTESIAN_POINT('',(2.60000037500001,-6.4,3.70000044999999));
#3543=DIRECTION('',(1.0,-1.22460635382238E-16,0.0));
#3544=DIRECTION('',(7.49830360911069E-33,6.12303176911189E-17,-1.0));
#3545=SURFACE_STYLE_FILL_AREA(#4767);
#3546=ORIENTED_EDGE('',*,*,#4768,.F.);
#3547=ORIENTED_EDGE('',*,*,#4766,.T.);
#3548=ORIENTED_EDGE('',*,*,#4769,.F.);
#3549=ORIENTED_EDGE('',*,*,#4770,.F.);
#3550=CARTESIAN_POINT('',(1.85,-6.4,2.8));
#3551=DIRECTION('',(-3.78955936260745E-14,6.12303176911235E-17,-1.0));
#3552=DIRECTION('',(-1.0,1.22460635382235E-16,3.78955936260745E-14));
#3553=SURFACE_STYLE_FILL_AREA(#4771);
#3554=ORIENTED_EDGE('',*,*,#4772,.F.);
#3555=ORIENTED_EDGE('',*,*,#4770,.T.);
#3556=ORIENTED_EDGE('',*,*,#4773,.F.);
#3557=ORIENTED_EDGE('',*,*,#4774,.F.);
#3558=CARTESIAN_POINT('',(1.09999962499999,-6.4,3.70000044999998));
#3559=DIRECTION('',(-1.0,1.22460635382238E-16,0.0));
#3560=DIRECTION('',(-7.49830360911069E-33,-6.12303176911189E-17,1.0));
#3561=SURFACE_STYLE_FILL_AREA(#4775);
#3562=ORIENTED_EDGE('',*,*,#4776,.F.);
#3563=ORIENTED_EDGE('',*,*,#4774,.T.);
#3564=ORIENTED_EDGE('',*,*,#4777,.F.);
#3565=ORIENTED_EDGE('',*,*,#4778,.F.);
#3566=CARTESIAN_POINT('',(1.59999987500007,-6.4,4.60000089999993));
#3567=DIRECTION('',(1.22460635382238E-16,1.0,6.12303176911189E-17));
#3568=DIRECTION('',(-1.0,1.22460635382238E-16,0.0));
#3569=SURFACE_STYLE_FILL_AREA(#4779);
#3570=ORIENTED_EDGE('',*,*,#4780,.F.);
#3571=ORIENTED_EDGE('',*,*,#4781,.T.);
#3572=ORIENTED_EDGE('',*,*,#4782,.F.);
#3573=ORIENTED_EDGE('',*,*,#4764,.F.);
#3574=CARTESIAN_POINT('',(2.10000012499993,-6.4,4.60000089999993));
#3575=DIRECTION('',(1.22460635382238E-16,1.0,6.12303176911189E-17));
#3576=DIRECTION('',(-1.0,1.22460635382238E-16,0.0));
#3577=SURFACE_STYLE_FILL_AREA(#4783);
#3578=ORIENTED_EDGE('',*,*,#4784,.F.);
#3579=ORIENTED_EDGE('',*,*,#4778,.T.);
#3580=ORIENTED_EDGE('',*,*,#4785,.F.);
#3581=ORIENTED_EDGE('',*,*,#4781,.F.);
#3582=CARTESIAN_POINT('',(1.85,-6.4,5.10000115000001));
#3583=DIRECTION('',(-7.49830360911069E-33,-6.12303176911189E-17,1.0));
#3584=DIRECTION('',(1.0,-1.22460635382238E-16,0.0));
#3585=SURFACE_STYLE_FILL_AREA(#4786);
#3586=ORIENTED_EDGE('',*,*,#4777,.T.);
#3587=ORIENTED_EDGE('',*,*,#4773,.T.);
#3588=ORIENTED_EDGE('',*,*,#4769,.T.);
#3589=ORIENTED_EDGE('',*,*,#4765,.T.);
#3590=ORIENTED_EDGE('',*,*,#4782,.T.);
#3591=ORIENTED_EDGE('',*,*,#4785,.T.);
#3592=CARTESIAN_POINT('',(1.85000000000001,-4.4,3.87474083145634));
#3593=DIRECTION('',(1.22460635382238E-16,1.0,6.12303176911189E-17));
#3594=DIRECTION('',(-1.0,1.22460635382238E-16,0.0));
#3595=SURFACE_STYLE_FILL_AREA(#4787);
#3596=ORIENTED_EDGE('',*,*,#4788,.F.);
#3597=ORIENTED_EDGE('',*,*,#4789,.T.);
#3598=ORIENTED_EDGE('',*,*,#4790,.F.);
#3599=ORIENTED_EDGE('',*,*,#4791,.F.);
#3600=CARTESIAN_POINT('',(-2.60000037500001,6.4,3.70000044999999));
#3601=DIRECTION('',(-1.0,-0.0,0.0));
#3602=DIRECTION('',(0.0,-6.12303176911189E-17,-1.0));
#3603=SURFACE_STYLE_FILL_AREA(#4792);
#3604=ORIENTED_EDGE('',*,*,#4793,.F.);
#3605=ORIENTED_EDGE('',*,*,#4791,.T.);
#3606=ORIENTED_EDGE('',*,*,#4794,.F.);
#3607=ORIENTED_EDGE('',*,*,#4795,.F.);
#3608=CARTESIAN_POINT('',(-1.85,6.4,2.8));
#3609=DIRECTION('',(3.78955936260745E-14,-6.12303176911189E-17,-1.0));
#3610=DIRECTION('',(1.0,2.32035923681808E-30,3.78955936260745E-14));
#3611=SURFACE_STYLE_FILL_AREA(#4796);
#3612=ORIENTED_EDGE('',*,*,#4797,.F.);
#3613=ORIENTED_EDGE('',*,*,#4795,.T.);
#3614=ORIENTED_EDGE('',*,*,#4798,.F.);
#3615=ORIENTED_EDGE('',*,*,#4799,.F.);
#3616=CARTESIAN_POINT('',(-1.09999962499999,6.4,3.70000044999998));
#3617=DIRECTION('',(1.0,0.0,-0.0));
#3618=DIRECTION('',(0.0,6.12303176911189E-17,1.0));
#3619=SURFACE_STYLE_FILL_AREA(#4800);
#3620=ORIENTED_EDGE('',*,*,#4801,.F.);
#3621=ORIENTED_EDGE('',*,*,#4799,.T.);
#3622=ORIENTED_EDGE('',*,*,#4802,.F.);
#3623=ORIENTED_EDGE('',*,*,#4803,.F.);
#3624=CARTESIAN_POINT('',(-1.59999987500007,6.4,4.60000089999993));
#3625=DIRECTION('',(0.0,-1.0,6.12303176911189E-17));
#3626=DIRECTION('',(1.0,0.0,0.0));
#3627=SURFACE_STYLE_FILL_AREA(#4804);
#3628=ORIENTED_EDGE('',*,*,#4805,.F.);
#3629=ORIENTED_EDGE('',*,*,#4806,.T.);
#3630=ORIENTED_EDGE('',*,*,#4807,.F.);
#3631=ORIENTED_EDGE('',*,*,#4789,.F.);
#3632=CARTESIAN_POINT('',(-2.10000012499993,6.4,4.60000089999993));
#3633=DIRECTION('',(0.0,-1.0,6.12303176911189E-17));
#3634=DIRECTION('',(1.0,0.0,0.0));
#3635=SURFACE_STYLE_FILL_AREA(#4808);
#3636=ORIENTED_EDGE('',*,*,#4809,.F.);
#3637=ORIENTED_EDGE('',*,*,#4803,.T.);
#3638=ORIENTED_EDGE('',*,*,#4810,.F.);
#3639=ORIENTED_EDGE('',*,*,#4806,.F.);
#3640=CARTESIAN_POINT('',(-1.85,6.4,5.10000115000001));
#3641=DIRECTION('',(0.0,6.12303176911189E-17,1.0));
#3642=DIRECTION('',(-1.0,0.0,0.0));
#3643=SURFACE_STYLE_FILL_AREA(#4811);
#3644=ORIENTED_EDGE('',*,*,#4802,.T.);
#3645=ORIENTED_EDGE('',*,*,#4798,.T.);
#3646=ORIENTED_EDGE('',*,*,#4794,.T.);
#3647=ORIENTED_EDGE('',*,*,#4790,.T.);
#3648=ORIENTED_EDGE('',*,*,#4807,.T.);
#3649=ORIENTED_EDGE('',*,*,#4810,.T.);
#3650=CARTESIAN_POINT('',(-1.85000000000001,4.4,3.87474083145634));
#3651=DIRECTION('',(0.0,-1.0,6.12303176911189E-17));
#3652=DIRECTION('',(1.0,0.0,0.0));
#3653=SURFACE_STYLE_FILL_AREA(#4812);
#3654=ORIENTED_EDGE('',*,*,#4276,.T.);
#3655=ORIENTED_EDGE('',*,*,#4813,.F.);
#3656=ORIENTED_EDGE('',*,*,#4278,.T.);
#3657=ORIENTED_EDGE('',*,*,#4814,.F.);
#3658=CARTESIAN_POINT('',(-3.705,-2.54,3.15));
#3659=DIRECTION('',(0.0,0.0,1.0));
#3660=DIRECTION('',(1.0,0.0,0.0));
#3661=SURFACE_STYLE_FILL_AREA(#4815);
#3662=ORIENTED_EDGE('',*,*,#4279,.T.);
#3663=ORIENTED_EDGE('',*,*,#4813,.T.);
#3664=CARTESIAN_POINT('',(-3.705,-2.54,6.4));
#3665=DIRECTION('',(0.0,0.0,1.0));
#3666=DIRECTION('',(1.0,0.0,0.0));
#3667=SURFACE_STYLE_FILL_AREA(#4816);
#3668=ORIENTED_EDGE('',*,*,#4271,.T.);
#3669=ORIENTED_EDGE('',*,*,#4817,.F.);
#3670=ORIENTED_EDGE('',*,*,#4273,.T.);
#3671=ORIENTED_EDGE('',*,*,#4818,.F.);
#3672=CARTESIAN_POINT('',(-1.415,-2.54,3.15));
#3673=DIRECTION('',(0.0,0.0,1.0));
#3674=DIRECTION('',(1.0,0.0,0.0));
#3675=SURFACE_STYLE_FILL_AREA(#4819);
#3676=ORIENTED_EDGE('',*,*,#4274,.T.);
#3677=ORIENTED_EDGE('',*,*,#4817,.T.);
#3678=CARTESIAN_POINT('',(-1.415,-2.54,6.4));
#3679=DIRECTION('',(0.0,0.0,1.0));
#3680=DIRECTION('',(1.0,0.0,0.0));
#3681=SURFACE_STYLE_FILL_AREA(#4820);
#3682=ORIENTED_EDGE('',*,*,#4266,.T.);
#3683=ORIENTED_EDGE('',*,*,#4821,.F.);
#3684=ORIENTED_EDGE('',*,*,#4268,.T.);
#3685=ORIENTED_EDGE('',*,*,#4822,.F.);
#3686=CARTESIAN_POINT('',(0.874999999999998,-2.54,3.15));
#3687=DIRECTION('',(0.0,0.0,1.0));
#3688=DIRECTION('',(1.0,0.0,0.0));
#3689=SURFACE_STYLE_FILL_AREA(#4823);
#3690=ORIENTED_EDGE('',*,*,#4269,.T.);
#3691=ORIENTED_EDGE('',*,*,#4821,.T.);
#3692=CARTESIAN_POINT('',(0.874999999999998,-2.54,6.4));
#3693=DIRECTION('',(0.0,0.0,1.0));
#3694=DIRECTION('',(1.0,0.0,0.0));
#3695=SURFACE_STYLE_FILL_AREA(#4824);
#3696=ORIENTED_EDGE('',*,*,#4261,.T.);
#3697=ORIENTED_EDGE('',*,*,#4825,.F.);
#3698=ORIENTED_EDGE('',*,*,#4263,.T.);
#3699=ORIENTED_EDGE('',*,*,#4826,.F.);
#3700=CARTESIAN_POINT('',(3.165,-2.54,3.15));
#3701=DIRECTION('',(0.0,0.0,1.0));
#3702=DIRECTION('',(1.0,0.0,0.0));
#3703=SURFACE_STYLE_FILL_AREA(#4827);
#3704=ORIENTED_EDGE('',*,*,#4264,.T.);
#3705=ORIENTED_EDGE('',*,*,#4825,.T.);
#3706=CARTESIAN_POINT('',(3.165,-2.54,6.4));
#3707=DIRECTION('',(0.0,0.0,1.0));
#3708=DIRECTION('',(1.0,0.0,0.0));
#3709=SURFACE_STYLE_FILL_AREA(#4828);
#3710=ORIENTED_EDGE('',*,*,#4256,.T.);
#3711=ORIENTED_EDGE('',*,*,#4829,.F.);
#3712=ORIENTED_EDGE('',*,*,#4258,.T.);
#3713=ORIENTED_EDGE('',*,*,#4830,.F.);
#3714=CARTESIAN_POINT('',(5.455,-2.54,3.15));
#3715=DIRECTION('',(0.0,0.0,1.0));
#3716=DIRECTION('',(1.0,0.0,0.0));
#3717=SURFACE_STYLE_FILL_AREA(#4831);
#3718=ORIENTED_EDGE('',*,*,#4259,.T.);
#3719=ORIENTED_EDGE('',*,*,#4829,.T.);
#3720=CARTESIAN_POINT('',(5.455,-2.54,6.4));
#3721=DIRECTION('',(0.0,0.0,1.0));
#3722=DIRECTION('',(1.0,0.0,0.0));
#3723=SURFACE_STYLE_FILL_AREA(#4832);
#3724=ORIENTED_EDGE('',*,*,#4251,.T.);
#3725=ORIENTED_EDGE('',*,*,#4833,.F.);
#3726=ORIENTED_EDGE('',*,*,#4253,.T.);
#3727=ORIENTED_EDGE('',*,*,#4834,.F.);
#3728=CARTESIAN_POINT('',(-4.85,0.0,3.15));
#3729=DIRECTION('',(0.0,0.0,1.0));
#3730=DIRECTION('',(1.0,0.0,0.0));
#3731=SURFACE_STYLE_FILL_AREA(#4835);
#3732=ORIENTED_EDGE('',*,*,#4254,.T.);
#3733=ORIENTED_EDGE('',*,*,#4833,.T.);
#3734=CARTESIAN_POINT('',(-4.85,0.0,6.4));
#3735=DIRECTION('',(0.0,0.0,1.0));
#3736=DIRECTION('',(1.0,0.0,0.0));
#3737=SURFACE_STYLE_FILL_AREA(#4836);
#3738=ORIENTED_EDGE('',*,*,#4246,.T.);
#3739=ORIENTED_EDGE('',*,*,#4837,.F.);
#3740=ORIENTED_EDGE('',*,*,#4248,.T.);
#3741=ORIENTED_EDGE('',*,*,#4838,.F.);
#3742=CARTESIAN_POINT('',(-2.56,0.0,3.15));
#3743=DIRECTION('',(0.0,0.0,1.0));
#3744=DIRECTION('',(1.0,0.0,0.0));
#3745=SURFACE_STYLE_FILL_AREA(#4839);
#3746=ORIENTED_EDGE('',*,*,#4249,.T.);
#3747=ORIENTED_EDGE('',*,*,#4837,.T.);
#3748=CARTESIAN_POINT('',(-2.56,0.0,6.4));
#3749=DIRECTION('',(0.0,0.0,1.0));
#3750=DIRECTION('',(1.0,0.0,0.0));
#3751=SURFACE_STYLE_FILL_AREA(#4840);
#3752=ORIENTED_EDGE('',*,*,#4241,.T.);
#3753=ORIENTED_EDGE('',*,*,#4841,.F.);
#3754=ORIENTED_EDGE('',*,*,#4243,.T.);
#3755=ORIENTED_EDGE('',*,*,#4842,.F.);
#3756=CARTESIAN_POINT('',(-0.270000000000001,0.0,3.15));
#3757=DIRECTION('',(0.0,0.0,1.0));
#3758=DIRECTION('',(1.0,0.0,0.0));
#3759=SURFACE_STYLE_FILL_AREA(#4843);
#3760=ORIENTED_EDGE('',*,*,#4244,.T.);
#3761=ORIENTED_EDGE('',*,*,#4841,.T.);
#3762=CARTESIAN_POINT('',(-0.270000000000001,0.0,6.4));
#3763=DIRECTION('',(0.0,0.0,1.0));
#3764=DIRECTION('',(1.0,0.0,0.0));
#3765=SURFACE_STYLE_FILL_AREA(#4844);
#3766=ORIENTED_EDGE('',*,*,#4236,.T.);
#3767=ORIENTED_EDGE('',*,*,#4845,.F.);
#3768=ORIENTED_EDGE('',*,*,#4238,.T.);
#3769=ORIENTED_EDGE('',*,*,#4846,.F.);
#3770=CARTESIAN_POINT('',(2.02,0.0,3.15));
#3771=DIRECTION('',(0.0,0.0,1.0));
#3772=DIRECTION('',(1.0,0.0,0.0));
#3773=SURFACE_STYLE_FILL_AREA(#4847);
#3774=ORIENTED_EDGE('',*,*,#4239,.T.);
#3775=ORIENTED_EDGE('',*,*,#4845,.T.);
#3776=CARTESIAN_POINT('',(2.02,0.0,6.4));
#3777=DIRECTION('',(0.0,0.0,1.0));
#3778=DIRECTION('',(1.0,0.0,0.0));
#3779=SURFACE_STYLE_FILL_AREA(#4848);
#3780=ORIENTED_EDGE('',*,*,#4231,.T.);
#3781=ORIENTED_EDGE('',*,*,#4849,.F.);
#3782=ORIENTED_EDGE('',*,*,#4233,.T.);
#3783=ORIENTED_EDGE('',*,*,#4850,.F.);
#3784=CARTESIAN_POINT('',(4.31,0.0,3.15));
#3785=DIRECTION('',(0.0,0.0,1.0));
#3786=DIRECTION('',(1.0,0.0,0.0));
#3787=SURFACE_STYLE_FILL_AREA(#4851);
#3788=ORIENTED_EDGE('',*,*,#4234,.T.);
#3789=ORIENTED_EDGE('',*,*,#4849,.T.);
#3790=CARTESIAN_POINT('',(4.31,0.0,6.4));
#3791=DIRECTION('',(0.0,0.0,1.0));
#3792=DIRECTION('',(1.0,0.0,0.0));
#3793=SURFACE_STYLE_FILL_AREA(#4852);
#3794=ORIENTED_EDGE('',*,*,#4226,.T.);
#3795=ORIENTED_EDGE('',*,*,#4853,.F.);
#3796=ORIENTED_EDGE('',*,*,#4228,.T.);
#3797=ORIENTED_EDGE('',*,*,#4854,.F.);
#3798=CARTESIAN_POINT('',(-3.705,2.54,3.15));
#3799=DIRECTION('',(0.0,0.0,1.0));
#3800=DIRECTION('',(1.0,0.0,0.0));
#3801=SURFACE_STYLE_FILL_AREA(#4855);
#3802=ORIENTED_EDGE('',*,*,#4229,.T.);
#3803=ORIENTED_EDGE('',*,*,#4853,.T.);
#3804=CARTESIAN_POINT('',(-3.705,2.54,6.4));
#3805=DIRECTION('',(0.0,0.0,1.0));
#3806=DIRECTION('',(1.0,0.0,0.0));
#3807=SURFACE_STYLE_FILL_AREA(#4856);
#3808=ORIENTED_EDGE('',*,*,#4221,.T.);
#3809=ORIENTED_EDGE('',*,*,#4857,.F.);
#3810=ORIENTED_EDGE('',*,*,#4223,.T.);
#3811=ORIENTED_EDGE('',*,*,#4858,.F.);
#3812=CARTESIAN_POINT('',(-1.415,2.54,3.15));
#3813=DIRECTION('',(0.0,0.0,1.0));
#3814=DIRECTION('',(1.0,0.0,0.0));
#3815=SURFACE_STYLE_FILL_AREA(#4859);
#3816=ORIENTED_EDGE('',*,*,#4224,.T.);
#3817=ORIENTED_EDGE('',*,*,#4857,.T.);
#3818=CARTESIAN_POINT('',(-1.415,2.54,6.4));
#3819=DIRECTION('',(0.0,0.0,1.0));
#3820=DIRECTION('',(1.0,0.0,0.0));
#3821=SURFACE_STYLE_FILL_AREA(#4860);
#3822=ORIENTED_EDGE('',*,*,#4216,.T.);
#3823=ORIENTED_EDGE('',*,*,#4861,.F.);
#3824=ORIENTED_EDGE('',*,*,#4218,.T.);
#3825=ORIENTED_EDGE('',*,*,#4862,.F.);
#3826=CARTESIAN_POINT('',(0.874999999999999,2.54,3.15));
#3827=DIRECTION('',(0.0,0.0,1.0));
#3828=DIRECTION('',(1.0,0.0,0.0));
#3829=SURFACE_STYLE_FILL_AREA(#4863);
#3830=ORIENTED_EDGE('',*,*,#4219,.T.);
#3831=ORIENTED_EDGE('',*,*,#4861,.T.);
#3832=CARTESIAN_POINT('',(0.874999999999999,2.54,6.4));
#3833=DIRECTION('',(0.0,0.0,1.0));
#3834=DIRECTION('',(1.0,0.0,0.0));
#3835=SURFACE_STYLE_FILL_AREA(#4864);
#3836=ORIENTED_EDGE('',*,*,#4211,.T.);
#3837=ORIENTED_EDGE('',*,*,#4865,.F.);
#3838=ORIENTED_EDGE('',*,*,#4213,.T.);
#3839=ORIENTED_EDGE('',*,*,#4866,.F.);
#3840=CARTESIAN_POINT('',(3.165,2.54,3.15));
#3841=DIRECTION('',(0.0,0.0,1.0));
#3842=DIRECTION('',(1.0,0.0,0.0));
#3843=SURFACE_STYLE_FILL_AREA(#4867);
#3844=ORIENTED_EDGE('',*,*,#4214,.T.);
#3845=ORIENTED_EDGE('',*,*,#4865,.T.);
#3846=CARTESIAN_POINT('',(3.165,2.54,6.4));
#3847=DIRECTION('',(0.0,0.0,1.0));
#3848=DIRECTION('',(1.0,0.0,0.0));
#3849=SURFACE_STYLE_FILL_AREA(#4868);
#3850=ORIENTED_EDGE('',*,*,#4206,.T.);
#3851=ORIENTED_EDGE('',*,*,#4869,.F.);
#3852=ORIENTED_EDGE('',*,*,#4208,.T.);
#3853=ORIENTED_EDGE('',*,*,#4870,.F.);
#3854=CARTESIAN_POINT('',(5.455,2.54,3.15));
#3855=DIRECTION('',(0.0,0.0,1.0));
#3856=DIRECTION('',(1.0,0.0,0.0));
#3857=SURFACE_STYLE_FILL_AREA(#4871);
#3858=ORIENTED_EDGE('',*,*,#4209,.T.);
#3859=ORIENTED_EDGE('',*,*,#4869,.T.);
#3860=CARTESIAN_POINT('',(5.455,2.54,6.4));
#3861=DIRECTION('',(0.0,0.0,1.0));
#3862=DIRECTION('',(1.0,0.0,0.0));
#3863=SURFACE_STYLE_FILL_AREA(#4872);
#3864=ORIENTED_EDGE('',*,*,#4201,.T.);
#3865=ORIENTED_EDGE('',*,*,#4873,.F.);
#3866=ORIENTED_EDGE('',*,*,#4874,.T.);
#3867=ORIENTED_EDGE('',*,*,#4875,.F.);
#3868=CARTESIAN_POINT('',(6.46,2.18,1.0));
#3869=DIRECTION('',(0.0,0.0,1.0));
#3870=DIRECTION('',(1.0,0.0,0.0));
#3871=SURFACE_STYLE_FILL_AREA(#4876);
#3872=ORIENTED_EDGE('',*,*,#4877,.F.);
#3873=ORIENTED_EDGE('',*,*,#4874,.F.);
#3874=ORIENTED_EDGE('',*,*,#4878,.F.);
#3875=ORIENTED_EDGE('',*,*,#4879,.T.);
#3876=CARTESIAN_POINT('',(8.04522268807996,-0.347296355333861,1.0));
#3877=DIRECTION('',(0.984807753012208,-0.17364817766693,0.0));
#3878=DIRECTION('',(0.17364817766693,0.984807753012208,0.0));
#3879=SURFACE_STYLE_FILL_AREA(#4880);
#3880=ORIENTED_EDGE('',*,*,#4881,.F.);
#3881=ORIENTED_EDGE('',*,*,#4879,.F.);
#3882=ORIENTED_EDGE('',*,*,#4882,.F.);
#3883=ORIENTED_EDGE('',*,*,#4883,.T.);
#3884=CARTESIAN_POINT('',(5.69121436411109,-2.18,1.0));
#3885=DIRECTION('',(0.0,0.0,1.0));
#3886=DIRECTION('',(1.0,0.0,0.0));
#3887=SURFACE_STYLE_FILL_AREA(#4884);
#3888=ORIENTED_EDGE('',*,*,#4885,.F.);
#3889=ORIENTED_EDGE('',*,*,#4883,.F.);
#3890=ORIENTED_EDGE('',*,*,#4886,.F.);
#3891=ORIENTED_EDGE('',*,*,#4887,.T.);
#3892=CARTESIAN_POINT('',(0.0,-4.18,1.0));
#3893=DIRECTION('',(0.0,-1.0,0.0));
#3894=DIRECTION('',(1.0,0.0,0.0));
#3895=SURFACE_STYLE_FILL_AREA(#4888);
#3896=ORIENTED_EDGE('',*,*,#4889,.F.);
#3897=ORIENTED_EDGE('',*,*,#4887,.F.);
#3898=ORIENTED_EDGE('',*,*,#4890,.F.);
#3899=ORIENTED_EDGE('',*,*,#4891,.T.);
#3900=CARTESIAN_POINT('',(-5.69121436411109,-2.18,1.0));
#3901=DIRECTION('',(0.0,0.0,1.0));
#3902=DIRECTION('',(1.0,0.0,0.0));
#3903=SURFACE_STYLE_FILL_AREA(#4892);
#3904=ORIENTED_EDGE('',*,*,#4893,.F.);
#3905=ORIENTED_EDGE('',*,*,#4891,.F.);
#3906=ORIENTED_EDGE('',*,*,#4894,.F.);
#3907=ORIENTED_EDGE('',*,*,#4895,.T.);
#3908=CARTESIAN_POINT('',(-8.04522268807996,-0.347296355333861,1.0));
#3909=DIRECTION('',(-0.984807753012208,-0.17364817766693,0.0));
#3910=DIRECTION('',(0.17364817766693,-0.984807753012208,0.0));
#3911=SURFACE_STYLE_FILL_AREA(#4896);
#3912=ORIENTED_EDGE('',*,*,#4196,.T.);
#3913=ORIENTED_EDGE('',*,*,#4897,.F.);
#3914=ORIENTED_EDGE('',*,*,#4895,.F.);
#3915=ORIENTED_EDGE('',*,*,#4898,.F.);
#3916=CARTESIAN_POINT('',(-6.46,2.18,1.0));
#3917=DIRECTION('',(0.0,0.0,1.0));
#3918=DIRECTION('',(1.0,0.0,0.0));
#3919=SURFACE_STYLE_FILL_AREA(#4899);
#3920=ORIENTED_EDGE('',*,*,#4900,.F.);
#3921=ORIENTED_EDGE('',*,*,#4198,.F.);
#3922=ORIENTED_EDGE('',*,*,#4901,.F.);
#3923=ORIENTED_EDGE('',*,*,#4203,.T.);
#3924=CARTESIAN_POINT('',(8.88178419700125E-16,4.18,1.0));
#3925=DIRECTION('',(0.0,1.0,0.0));
#3926=DIRECTION('',(-1.0,0.0,0.0));
#3927=SURFACE_STYLE_FILL_AREA(#4902);
#3928=ORIENTED_EDGE('',*,*,#4277,.T.);
#3929=ORIENTED_EDGE('',*,*,#4814,.T.);
#3930=ORIENTED_EDGE('',*,*,#4272,.T.);
#3931=ORIENTED_EDGE('',*,*,#4818,.T.);
#3932=ORIENTED_EDGE('',*,*,#4267,.T.);
#3933=ORIENTED_EDGE('',*,*,#4822,.T.);
#3934=ORIENTED_EDGE('',*,*,#4262,.T.);
#3935=ORIENTED_EDGE('',*,*,#4826,.T.);
#3936=ORIENTED_EDGE('',*,*,#4257,.T.);
#3937=ORIENTED_EDGE('',*,*,#4830,.T.);
#3938=ORIENTED_EDGE('',*,*,#4252,.T.);
#3939=ORIENTED_EDGE('',*,*,#4834,.T.);
#3940=ORIENTED_EDGE('',*,*,#4247,.T.);
#3941=ORIENTED_EDGE('',*,*,#4838,.T.);
#3942=ORIENTED_EDGE('',*,*,#4242,.T.);
#3943=ORIENTED_EDGE('',*,*,#4842,.T.);
#3944=ORIENTED_EDGE('',*,*,#4237,.T.);
#3945=ORIENTED_EDGE('',*,*,#4846,.T.);
#3946=ORIENTED_EDGE('',*,*,#4232,.T.);
#3947=ORIENTED_EDGE('',*,*,#4850,.T.);
#3948=ORIENTED_EDGE('',*,*,#4227,.T.);
#3949=ORIENTED_EDGE('',*,*,#4854,.T.);
#3950=ORIENTED_EDGE('',*,*,#4222,.T.);
#3951=ORIENTED_EDGE('',*,*,#4858,.T.);
#3952=ORIENTED_EDGE('',*,*,#4217,.T.);
#3953=ORIENTED_EDGE('',*,*,#4862,.T.);
#3954=ORIENTED_EDGE('',*,*,#4212,.T.);
#3955=ORIENTED_EDGE('',*,*,#4866,.T.);
#3956=ORIENTED_EDGE('',*,*,#4207,.T.);
#3957=ORIENTED_EDGE('',*,*,#4870,.T.);
#3958=ORIENTED_EDGE('',*,*,#4886,.T.);
#3959=ORIENTED_EDGE('',*,*,#4882,.T.);
#3960=ORIENTED_EDGE('',*,*,#4878,.T.);
#3961=ORIENTED_EDGE('',*,*,#4873,.T.);
#3962=ORIENTED_EDGE('',*,*,#4204,.T.);
#3963=ORIENTED_EDGE('',*,*,#4901,.T.);
#3964=ORIENTED_EDGE('',*,*,#4197,.T.);
#3965=ORIENTED_EDGE('',*,*,#4898,.T.);
#3966=ORIENTED_EDGE('',*,*,#4894,.T.);
#3967=ORIENTED_EDGE('',*,*,#4890,.T.);
#3968=CARTESIAN_POINT('',(7.7715611723761E-16,0.138173842387884,1.0));
#3969=DIRECTION('',(0.0,0.0,1.0));
#3970=DIRECTION('',(1.0,0.0,0.0));
#3971=SURFACE_STYLE_FILL_AREA(#4903);
#3972=ORIENTED_EDGE('',*,*,#4751,.T.);
#3973=ORIENTED_EDGE('',*,*,#4759,.T.);
#3974=ORIENTED_EDGE('',*,*,#4755,.T.);
#3975=ORIENTED_EDGE('',*,*,#4738,.T.);
#3976=ORIENTED_EDGE('',*,*,#4743,.T.);
#3977=ORIENTED_EDGE('',*,*,#4747,.T.);
#3978=ORIENTED_EDGE('',*,*,#4801,.T.);
#3979=ORIENTED_EDGE('',*,*,#4809,.T.);
#3980=ORIENTED_EDGE('',*,*,#4805,.T.);
#3981=ORIENTED_EDGE('',*,*,#4788,.T.);
#3982=ORIENTED_EDGE('',*,*,#4793,.T.);
#3983=ORIENTED_EDGE('',*,*,#4797,.T.);
#3984=ORIENTED_EDGE('',*,*,#4904,.F.);
#3985=ORIENTED_EDGE('',*,*,#4193,.T.);
#3986=ORIENTED_EDGE('',*,*,#4905,.T.);
#3987=ORIENTED_EDGE('',*,*,#4188,.F.);
#3988=CARTESIAN_POINT('',(8.88178419700125E-16,4.62,0.1));
#3989=DIRECTION('',(0.0,1.0,0.0));
#3990=DIRECTION('',(-1.0,0.0,0.0));
#3991=SURFACE_STYLE_FILL_AREA(#4906);
#3992=ORIENTED_EDGE('',*,*,#4191,.T.);
#3993=ORIENTED_EDGE('',*,*,#4907,.F.);
#3994=ORIENTED_EDGE('',*,*,#4908,.T.);
#3995=ORIENTED_EDGE('',*,*,#4909,.T.);
#3996=CARTESIAN_POINT('',(-6.5,2.22,0.1));
#3997=DIRECTION('',(0.0,0.0,1.0));
#3998=DIRECTION('',(1.0,0.0,0.0));
#3999=SURFACE_STYLE_FILL_AREA(#4910);
#4000=ORIENTED_EDGE('',*,*,#4911,.F.);
#4001=ORIENTED_EDGE('',*,*,#4912,.T.);
#4002=ORIENTED_EDGE('',*,*,#4913,.T.);
#4003=ORIENTED_EDGE('',*,*,#4908,.F.);
#4004=CARTESIAN_POINT('',(-8.47209271005651,-0.416755626400632,0.1));
#4005=DIRECTION('',(-0.984807753012208,-0.17364817766693,0.0));
#4006=DIRECTION('',(0.17364817766693,-0.984807753012208,0.0));
#4007=SURFACE_STYLE_FILL_AREA(#4914);
#4008=ORIENTED_EDGE('',*,*,#4915,.F.);
#4009=ORIENTED_EDGE('',*,*,#4916,.T.);
#4010=ORIENTED_EDGE('',*,*,#4917,.T.);
#4011=ORIENTED_EDGE('',*,*,#4912,.F.);
#4012=CARTESIAN_POINT('',(-5.71710820565442,-2.22,0.1));
#4013=DIRECTION('',(0.0,0.0,1.0));
#4014=DIRECTION('',(1.0,0.0,0.0));
#4015=SURFACE_STYLE_FILL_AREA(#4918);
#4016=ORIENTED_EDGE('',*,*,#4186,.T.);
#4017=ORIENTED_EDGE('',*,*,#4919,.T.);
#4018=ORIENTED_EDGE('',*,*,#4920,.F.);
#4019=ORIENTED_EDGE('',*,*,#4921,.F.);
#4020=CARTESIAN_POINT('',(6.5,2.22,0.1));
#4021=DIRECTION('',(0.0,0.0,1.0));
#4022=DIRECTION('',(1.0,0.0,0.0));
#4023=SURFACE_STYLE_FILL_AREA(#4922);
#4024=ORIENTED_EDGE('',*,*,#4923,.F.);
#4025=ORIENTED_EDGE('',*,*,#4920,.T.);
#4026=ORIENTED_EDGE('',*,*,#4924,.T.);
#4027=ORIENTED_EDGE('',*,*,#4925,.F.);
#4028=CARTESIAN_POINT('',(8.47209271005651,-0.416755626400633,0.1));
#4029=DIRECTION('',(0.984807753012208,-0.173648177666931,0.0));
#4030=DIRECTION('',(0.173648177666931,0.984807753012208,0.0));
#4031=SURFACE_STYLE_FILL_AREA(#4926);
#4032=ORIENTED_EDGE('',*,*,#4927,.F.);
#4033=ORIENTED_EDGE('',*,*,#4925,.T.);
#4034=ORIENTED_EDGE('',*,*,#4928,.T.);
#4035=ORIENTED_EDGE('',*,*,#4929,.F.);
#4036=CARTESIAN_POINT('',(5.71710820565442,-2.22,0.1));
#4037=DIRECTION('',(0.0,0.0,1.0));
#4038=DIRECTION('',(1.0,0.0,0.0));
#4039=SURFACE_STYLE_FILL_AREA(#4930);
#4040=ORIENTED_EDGE('',*,*,#4726,.T.);
#4041=ORIENTED_EDGE('',*,*,#4734,.T.);
#4042=ORIENTED_EDGE('',*,*,#4730,.T.);
#4043=ORIENTED_EDGE('',*,*,#4713,.T.);
#4044=ORIENTED_EDGE('',*,*,#4718,.T.);
#4045=ORIENTED_EDGE('',*,*,#4722,.T.);
#4046=ORIENTED_EDGE('',*,*,#4776,.T.);
#4047=ORIENTED_EDGE('',*,*,#4784,.T.);
#4048=ORIENTED_EDGE('',*,*,#4780,.T.);
#4049=ORIENTED_EDGE('',*,*,#4763,.T.);
#4050=ORIENTED_EDGE('',*,*,#4768,.T.);
#4051=ORIENTED_EDGE('',*,*,#4772,.T.);
#4052=ORIENTED_EDGE('',*,*,#4931,.F.);
#4053=ORIENTED_EDGE('',*,*,#4929,.T.);
#4054=ORIENTED_EDGE('',*,*,#4932,.T.);
#4055=ORIENTED_EDGE('',*,*,#4916,.F.);
#4056=CARTESIAN_POINT('',(0.0,-4.62,0.1));
#4057=DIRECTION('',(0.0,-1.0,0.0));
#4058=DIRECTION('',(1.0,0.0,0.0));
#4059=SURFACE_STYLE_FILL_AREA(#4933);
#4060=ORIENTED_EDGE('',*,*,#4889,.T.);
#4061=ORIENTED_EDGE('',*,*,#4893,.T.);
#4062=ORIENTED_EDGE('',*,*,#4897,.T.);
#4063=ORIENTED_EDGE('',*,*,#4199,.T.);
#4064=ORIENTED_EDGE('',*,*,#4900,.T.);
#4065=ORIENTED_EDGE('',*,*,#4202,.T.);
#4066=ORIENTED_EDGE('',*,*,#4875,.T.);
#4067=ORIENTED_EDGE('',*,*,#4877,.T.);
#4068=ORIENTED_EDGE('',*,*,#4881,.T.);
#4069=ORIENTED_EDGE('',*,*,#4885,.T.);
#4070=ORIENTED_EDGE('',*,*,#4917,.F.);
#4071=ORIENTED_EDGE('',*,*,#4932,.F.);
#4072=ORIENTED_EDGE('',*,*,#4928,.F.);
#4073=ORIENTED_EDGE('',*,*,#4924,.F.);
#4074=ORIENTED_EDGE('',*,*,#4919,.F.);
#4075=ORIENTED_EDGE('',*,*,#4189,.F.);
#4076=ORIENTED_EDGE('',*,*,#4905,.F.);
#4077=ORIENTED_EDGE('',*,*,#4192,.F.);
#4078=ORIENTED_EDGE('',*,*,#4909,.F.);
#4079=ORIENTED_EDGE('',*,*,#4913,.F.);
#4080=CARTESIAN_POINT('',(3.88578058618805E-16,0.145956141895231,6.9));
#4081=DIRECTION('',(0.0,0.0,1.0));
#4082=DIRECTION('',(1.0,0.0,0.0));
#4083=SURFACE_STYLE_FILL_AREA(#4934);
#4084=ORIENTED_EDGE('',*,*,#4935,.T.);
#4085=ORIENTED_EDGE('',*,*,#4936,.F.);
#4086=ORIENTED_EDGE('',*,*,#4937,.T.);
#4087=ORIENTED_EDGE('',*,*,#4938,.T.);
#4088=CARTESIAN_POINT('',(-14.105,-4.975,0.0));
#4089=DIRECTION('',(0.0,0.0,1.0));
#4090=DIRECTION('',(1.0,0.0,0.0));
#4091=SURFACE_STYLE_FILL_AREA(#4939);
#4092=ORIENTED_EDGE('',*,*,#4940,.T.);
#4093=ORIENTED_EDGE('',*,*,#4941,.F.);
#4094=ORIENTED_EDGE('',*,*,#4942,.T.);
#4095=ORIENTED_EDGE('',*,*,#4936,.T.);
#4096=CARTESIAN_POINT('',(-15.405,1.77635683940025E-15,0.0));
#4097=DIRECTION('',(-1.0,0.0,0.0));
#4098=DIRECTION('',(0.0,-1.0,0.0));
#4099=SURFACE_STYLE_FILL_AREA(#4943);
#4100=ORIENTED_EDGE('',*,*,#4944,.T.);
#4101=ORIENTED_EDGE('',*,*,#4945,.F.);
#4102=ORIENTED_EDGE('',*,*,#4946,.T.);
#4103=ORIENTED_EDGE('',*,*,#4941,.T.);
#4104=CARTESIAN_POINT('',(-14.105,4.975,0.0));
#4105=DIRECTION('',(0.0,0.0,1.0));
#4106=DIRECTION('',(1.0,0.0,0.0));
#4107=SURFACE_STYLE_FILL_AREA(#4947);
#4108=ORIENTED_EDGE('',*,*,#4948,.T.);
#4109=ORIENTED_EDGE('',*,*,#4949,.F.);
#4110=ORIENTED_EDGE('',*,*,#4950,.T.);
#4111=ORIENTED_EDGE('',*,*,#4945,.T.);
#4112=CARTESIAN_POINT('',(0.0,6.275,0.0));
#4113=DIRECTION('',(1.25938095668221E-16,1.0,0.0));
#4114=DIRECTION('',(-1.0,1.25938095668221E-16,0.0));
#4115=SURFACE_STYLE_FILL_AREA(#4951);
#4116=ORIENTED_EDGE('',*,*,#4952,.T.);
#4117=ORIENTED_EDGE('',*,*,#4953,.F.);
#4118=ORIENTED_EDGE('',*,*,#4954,.T.);
#4119=ORIENTED_EDGE('',*,*,#4949,.T.);
#4120=CARTESIAN_POINT('',(14.105,4.975,0.0));
#4121=DIRECTION('',(0.0,0.0,1.0));
#4122=DIRECTION('',(1.0,0.0,0.0));
#4123=SURFACE_STYLE_FILL_AREA(#4955);
#4124=ORIENTED_EDGE('',*,*,#4956,.T.);
#4125=ORIENTED_EDGE('',*,*,#4957,.F.);
#4126=ORIENTED_EDGE('',*,*,#4958,.T.);
#4127=ORIENTED_EDGE('',*,*,#4953,.T.);
#4128=CARTESIAN_POINT('',(15.405,0.0,0.0));
#4129=DIRECTION('',(1.0,0.0,0.0));
#4130=DIRECTION('',(0.0,1.0,0.0));
#4131=SURFACE_STYLE_FILL_AREA(#4959);
#4132=ORIENTED_EDGE('',*,*,#4960,.T.);
#4133=ORIENTED_EDGE('',*,*,#4961,.F.);
#4134=ORIENTED_EDGE('',*,*,#4962,.T.);
#4135=ORIENTED_EDGE('',*,*,#4957,.T.);
#4136=CARTESIAN_POINT('',(14.105,-4.975,0.0));
#4137=DIRECTION('',(0.0,0.0,1.0));
#4138=DIRECTION('',(1.0,0.0,0.0));
#4139=SURFACE_STYLE_FILL_AREA(#4963);
#4140=ORIENTED_EDGE('',*,*,#4964,.T.);
#4141=ORIENTED_EDGE('',*,*,#4938,.F.);
#4142=ORIENTED_EDGE('',*,*,#4965,.T.);
#4143=ORIENTED_EDGE('',*,*,#4961,.T.);
#4144=CARTESIAN_POINT('',(0.0,-6.275,0.0));
#4145=DIRECTION('',(0.0,-1.0,0.0));
#4146=DIRECTION('',(1.0,0.0,0.0));
#4147=SURFACE_STYLE_FILL_AREA(#4966);
#4148=ORIENTED_EDGE('',*,*,#4915,.T.);
#4149=ORIENTED_EDGE('',*,*,#4911,.T.);
#4150=ORIENTED_EDGE('',*,*,#4907,.T.);
#4151=ORIENTED_EDGE('',*,*,#4194,.T.);
#4152=ORIENTED_EDGE('',*,*,#4904,.T.);
#4153=ORIENTED_EDGE('',*,*,#4187,.T.);
#4154=ORIENTED_EDGE('',*,*,#4921,.T.);
#4155=ORIENTED_EDGE('',*,*,#4923,.T.);
#4156=ORIENTED_EDGE('',*,*,#4927,.T.);
#4157=ORIENTED_EDGE('',*,*,#4931,.T.);
#4158=ORIENTED_EDGE('',*,*,#4935,.F.);
#4159=ORIENTED_EDGE('',*,*,#4964,.F.);
#4160=ORIENTED_EDGE('',*,*,#4960,.F.);
#4161=ORIENTED_EDGE('',*,*,#4956,.F.);
#4162=ORIENTED_EDGE('',*,*,#4952,.F.);
#4163=ORIENTED_EDGE('',*,*,#4948,.F.);
#4164=ORIENTED_EDGE('',*,*,#4944,.F.);
#4165=ORIENTED_EDGE('',*,*,#4940,.F.);
#4166=CARTESIAN_POINT('',(-7.21644966006352E-16,0.0,0.8));
#4167=DIRECTION('',(0.0,0.0,1.0));
#4168=DIRECTION('',(1.0,0.0,0.0));
#4169=SURFACE_STYLE_FILL_AREA(#4967);
#4170=ORIENTED_EDGE('',*,*,#4663,.T.);
#4171=ORIENTED_EDGE('',*,*,#4656,.T.);
#4172=ORIENTED_EDGE('',*,*,#4667,.T.);
#4173=ORIENTED_EDGE('',*,*,#4697,.T.);
#4174=ORIENTED_EDGE('',*,*,#4965,.F.);
#4175=ORIENTED_EDGE('',*,*,#4937,.F.);
#4176=ORIENTED_EDGE('',*,*,#4942,.F.);
#4177=ORIENTED_EDGE('',*,*,#4946,.F.);
#4178=ORIENTED_EDGE('',*,*,#4950,.F.);
#4179=ORIENTED_EDGE('',*,*,#4954,.F.);
#4180=ORIENTED_EDGE('',*,*,#4958,.F.);
#4181=ORIENTED_EDGE('',*,*,#4962,.F.);
#4182=CARTESIAN_POINT('',(-7.21644966006352E-16,0.0,0.0));
#4183=DIRECTION('',(0.0,0.0,1.0));
#4184=DIRECTION('',(1.0,0.0,0.0));
#4185=FILL_AREA_STYLE('',(#4968));
#4186=EDGE_CURVE('',#4969,#4970,#4971,.T.);
#4187=EDGE_CURVE('',#4972,#4969,#4973,.T.);
#4188=EDGE_CURVE('',#4972,#4974,#4975,.T.);
#4189=EDGE_CURVE('',#4974,#4970,#4976,.T.);
#4190=FILL_AREA_STYLE('',(#4977));
#4191=EDGE_CURVE('',#4978,#4979,#4980,.T.);
#4192=EDGE_CURVE('',#4978,#4981,#4982,.T.);
#4193=EDGE_CURVE('',#4983,#4981,#4984,.T.);
#4194=EDGE_CURVE('',#4979,#4983,#4985,.T.);
#4195=FILL_AREA_STYLE('',(#4986));
#4196=EDGE_CURVE('',#4987,#4988,#4989,.T.);
#4197=EDGE_CURVE('',#4990,#4987,#4991,.T.);
#4198=EDGE_CURVE('',#4990,#4992,#4993,.T.);
#4199=EDGE_CURVE('',#4988,#4992,#4994,.T.);
#4200=FILL_AREA_STYLE('',(#4995));
#4201=EDGE_CURVE('',#4996,#4997,#4998,.T.);
#4202=EDGE_CURVE('',#4999,#4996,#5000,.T.);
#4203=EDGE_CURVE('',#5001,#4999,#5002,.T.);
#4204=EDGE_CURVE('',#4997,#5001,#5003,.T.);
#4205=FILL_AREA_STYLE('',(#5004));
#4206=EDGE_CURVE('',#5005,#5006,#5007,.T.);
#4207=EDGE_CURVE('',#5008,#5005,#5009,.T.);
#4208=EDGE_CURVE('',#5010,#5008,#5011,.T.);
#4209=EDGE_CURVE('',#5006,#5010,#5012,.T.);
#4210=FILL_AREA_STYLE('',(#5013));
#4211=EDGE_CURVE('',#5014,#5015,#5016,.T.);
#4212=EDGE_CURVE('',#5017,#5014,#5018,.T.);
#4213=EDGE_CURVE('',#5019,#5017,#5020,.T.);
#4214=EDGE_CURVE('',#5015,#5019,#5021,.T.);
#4215=FILL_AREA_STYLE('',(#5022));
#4216=EDGE_CURVE('',#5023,#5024,#5025,.T.);
#4217=EDGE_CURVE('',#5026,#5023,#5027,.T.);
#4218=EDGE_CURVE('',#5028,#5026,#5029,.T.);
#4219=EDGE_CURVE('',#5024,#5028,#5030,.T.);
#4220=FILL_AREA_STYLE('',(#5031));
#4221=EDGE_CURVE('',#5032,#5033,#5034,.T.);
#4222=EDGE_CURVE('',#5035,#5032,#5036,.T.);
#4223=EDGE_CURVE('',#5037,#5035,#5038,.T.);
#4224=EDGE_CURVE('',#5033,#5037,#5039,.T.);
#4225=FILL_AREA_STYLE('',(#5040));
#4226=EDGE_CURVE('',#5041,#5042,#5043,.T.);
#4227=EDGE_CURVE('',#5044,#5041,#5045,.T.);
#4228=EDGE_CURVE('',#5046,#5044,#5047,.T.);
#4229=EDGE_CURVE('',#5042,#5046,#5048,.T.);
#4230=FILL_AREA_STYLE('',(#5049));
#4231=EDGE_CURVE('',#5050,#5051,#5052,.T.);
#4232=EDGE_CURVE('',#5053,#5050,#5054,.T.);
#4233=EDGE_CURVE('',#5055,#5053,#5056,.T.);
#4234=EDGE_CURVE('',#5051,#5055,#5057,.T.);
#4235=FILL_AREA_STYLE('',(#5058));
#4236=EDGE_CURVE('',#5059,#5060,#5061,.T.);
#4237=EDGE_CURVE('',#5062,#5059,#5063,.T.);
#4238=EDGE_CURVE('',#5064,#5062,#5065,.T.);
#4239=EDGE_CURVE('',#5060,#5064,#5066,.T.);
#4240=FILL_AREA_STYLE('',(#5067));
#4241=EDGE_CURVE('',#5068,#5069,#5070,.T.);
#4242=EDGE_CURVE('',#5071,#5068,#5072,.T.);
#4243=EDGE_CURVE('',#5073,#5071,#5074,.T.);
#4244=EDGE_CURVE('',#5069,#5073,#5075,.T.);
#4245=FILL_AREA_STYLE('',(#5076));
#4246=EDGE_CURVE('',#5077,#5078,#5079,.T.);
#4247=EDGE_CURVE('',#5080,#5077,#5081,.T.);
#4248=EDGE_CURVE('',#5082,#5080,#5083,.T.);
#4249=EDGE_CURVE('',#5078,#5082,#5084,.T.);
#4250=FILL_AREA_STYLE('',(#5085));
#4251=EDGE_CURVE('',#5086,#5087,#5088,.T.);
#4252=EDGE_CURVE('',#5089,#5086,#5090,.T.);
#4253=EDGE_CURVE('',#5091,#5089,#5092,.T.);
#4254=EDGE_CURVE('',#5087,#5091,#5093,.T.);
#4255=FILL_AREA_STYLE('',(#5094));
#4256=EDGE_CURVE('',#5095,#5096,#5097,.T.);
#4257=EDGE_CURVE('',#5098,#5095,#5099,.T.);
#4258=EDGE_CURVE('',#5100,#5098,#5101,.T.);
#4259=EDGE_CURVE('',#5096,#5100,#5102,.T.);
#4260=FILL_AREA_STYLE('',(#5103));
#4261=EDGE_CURVE('',#5104,#5105,#5106,.T.);
#4262=EDGE_CURVE('',#5107,#5104,#5108,.T.);
#4263=EDGE_CURVE('',#5109,#5107,#5110,.T.);
#4264=EDGE_CURVE('',#5105,#5109,#5111,.T.);
#4265=FILL_AREA_STYLE('',(#5112));
#4266=EDGE_CURVE('',#5113,#5114,#5115,.T.);
#4267=EDGE_CURVE('',#5116,#5113,#5117,.T.);
#4268=EDGE_CURVE('',#5118,#5116,#5119,.T.);
#4269=EDGE_CURVE('',#5114,#5118,#5120,.T.);
#4270=FILL_AREA_STYLE('',(#5121));
#4271=EDGE_CURVE('',#5122,#5123,#5124,.T.);
#4272=EDGE_CURVE('',#5125,#5122,#5126,.T.);
#4273=EDGE_CURVE('',#5127,#5125,#5128,.T.);
#4274=EDGE_CURVE('',#5123,#5127,#5129,.T.);
#4275=FILL_AREA_STYLE('',(#5130));
#4276=EDGE_CURVE('',#5131,#5132,#5133,.T.);
#4277=EDGE_CURVE('',#5134,#5131,#5135,.T.);
#4278=EDGE_CURVE('',#5136,#5134,#5137,.T.);
#4279=EDGE_CURVE('',#5132,#5136,#5138,.T.);
#4280=FILL_AREA_STYLE('',(#5139));
#4281=EDGE_CURVE('',#5140,#5141,#5142,.T.);
#4282=EDGE_CURVE('',#5143,#5140,#5144,.T.);
#4283=EDGE_CURVE('',#5145,#5143,#5146,.T.);
#4284=EDGE_CURVE('',#5147,#5145,#5148,.T.);
#4285=EDGE_CURVE('',#5149,#5147,#5150,.T.);
#4286=EDGE_CURVE('',#5149,#5141,#5151,.T.);
#4287=FILL_AREA_STYLE('',(#5152));
#4288=EDGE_CURVE('',#5153,#5140,#5154,.T.);
#4289=EDGE_CURVE('',#5153,#5155,#5156,.T.);
#4290=EDGE_CURVE('',#5143,#5155,#5157,.T.);
#4291=FILL_AREA_STYLE('',(#5158));
#4292=EDGE_CURVE('',#5155,#5159,#5160,.T.);
#4293=EDGE_CURVE('',#5145,#5159,#5161,.T.);
#4294=FILL_AREA_STYLE('',(#5162));
#4295=EDGE_CURVE('',#5159,#5163,#5164,.T.);
#4296=EDGE_CURVE('',#5147,#5163,#5165,.T.);
#4297=FILL_AREA_STYLE('',(#5166));
#4298=EDGE_CURVE('',#5163,#5167,#5168,.T.);
#4299=EDGE_CURVE('',#5149,#5167,#5169,.T.);
#4300=FILL_AREA_STYLE('',(#5170));
#4301=EDGE_CURVE('',#5141,#5171,#5172,.T.);
#4302=EDGE_CURVE('',#5167,#5171,#5173,.T.);
#4303=FILL_AREA_STYLE('',(#5174));
#4304=EDGE_CURVE('',#5171,#5153,#5175,.T.);
#4305=FILL_AREA_STYLE('',(#5176));
#4306=EDGE_CURVE('',#5177,#5178,#5179,.T.);
#4307=EDGE_CURVE('',#5180,#5177,#5181,.T.);
#4308=EDGE_CURVE('',#5182,#5180,#5183,.T.);
#4309=EDGE_CURVE('',#5184,#5182,#5185,.T.);
#4310=EDGE_CURVE('',#5186,#5184,#5187,.T.);
#4311=EDGE_CURVE('',#5186,#5178,#5188,.T.);
#4312=FILL_AREA_STYLE('',(#5189));
#4313=EDGE_CURVE('',#5190,#5177,#5191,.T.);
#4314=EDGE_CURVE('',#5190,#5192,#5193,.T.);
#4315=EDGE_CURVE('',#5180,#5192,#5194,.T.);
#4316=FILL_AREA_STYLE('',(#5195));
#4317=EDGE_CURVE('',#5192,#5196,#5197,.T.);
#4318=EDGE_CURVE('',#5182,#5196,#5198,.T.);
#4319=FILL_AREA_STYLE('',(#5199));
#4320=EDGE_CURVE('',#5196,#5200,#5201,.T.);
#4321=EDGE_CURVE('',#5184,#5200,#5202,.T.);
#4322=FILL_AREA_STYLE('',(#5203));
#4323=EDGE_CURVE('',#5200,#5204,#5205,.T.);
#4324=EDGE_CURVE('',#5186,#5204,#5206,.T.);
#4325=FILL_AREA_STYLE('',(#5207));
#4326=EDGE_CURVE('',#5178,#5208,#5209,.T.);
#4327=EDGE_CURVE('',#5204,#5208,#5210,.T.);
#4328=FILL_AREA_STYLE('',(#5211));
#4329=EDGE_CURVE('',#5208,#5190,#5212,.T.);
#4330=FILL_AREA_STYLE('',(#5213));
#4331=EDGE_CURVE('',#5214,#5215,#5216,.T.);
#4332=EDGE_CURVE('',#5217,#5214,#5218,.T.);
#4333=EDGE_CURVE('',#5219,#5217,#5220,.T.);
#4334=EDGE_CURVE('',#5221,#5219,#5222,.T.);
#4335=EDGE_CURVE('',#5223,#5221,#5224,.T.);
#4336=EDGE_CURVE('',#5223,#5215,#5225,.T.);
#4337=FILL_AREA_STYLE('',(#5226));
#4338=EDGE_CURVE('',#5227,#5214,#5228,.T.);
#4339=EDGE_CURVE('',#5227,#5229,#5230,.T.);
#4340=EDGE_CURVE('',#5217,#5229,#5231,.T.);
#4341=FILL_AREA_STYLE('',(#5232));
#4342=EDGE_CURVE('',#5229,#5233,#5234,.T.);
#4343=EDGE_CURVE('',#5219,#5233,#5235,.T.);
#4344=FILL_AREA_STYLE('',(#5236));
#4345=EDGE_CURVE('',#5233,#5237,#5238,.T.);
#4346=EDGE_CURVE('',#5221,#5237,#5239,.T.);
#4347=FILL_AREA_STYLE('',(#5240));
#4348=EDGE_CURVE('',#5237,#5241,#5242,.T.);
#4349=EDGE_CURVE('',#5223,#5241,#5243,.T.);
#4350=FILL_AREA_STYLE('',(#5244));
#4351=EDGE_CURVE('',#5215,#5245,#5246,.T.);
#4352=EDGE_CURVE('',#5241,#5245,#5247,.T.);
#4353=FILL_AREA_STYLE('',(#5248));
#4354=EDGE_CURVE('',#5245,#5227,#5249,.T.);
#4355=FILL_AREA_STYLE('',(#5250));
#4356=EDGE_CURVE('',#5251,#5252,#5253,.T.);
#4357=EDGE_CURVE('',#5254,#5251,#5255,.T.);
#4358=EDGE_CURVE('',#5256,#5254,#5257,.T.);
#4359=EDGE_CURVE('',#5258,#5256,#5259,.T.);
#4360=EDGE_CURVE('',#5260,#5258,#5261,.T.);
#4361=EDGE_CURVE('',#5260,#5252,#5262,.T.);
#4362=FILL_AREA_STYLE('',(#5263));
#4363=EDGE_CURVE('',#5264,#5251,#5265,.T.);
#4364=EDGE_CURVE('',#5264,#5266,#5267,.T.);
#4365=EDGE_CURVE('',#5254,#5266,#5268,.T.);
#4366=FILL_AREA_STYLE('',(#5269));
#4367=EDGE_CURVE('',#5266,#5270,#5271,.T.);
#4368=EDGE_CURVE('',#5256,#5270,#5272,.T.);
#4369=FILL_AREA_STYLE('',(#5273));
#4370=EDGE_CURVE('',#5270,#5274,#5275,.T.);
#4371=EDGE_CURVE('',#5258,#5274,#5276,.T.);
#4372=FILL_AREA_STYLE('',(#5277));
#4373=EDGE_CURVE('',#5274,#5278,#5279,.T.);
#4374=EDGE_CURVE('',#5260,#5278,#5280,.T.);
#4375=FILL_AREA_STYLE('',(#5281));
#4376=EDGE_CURVE('',#5252,#5282,#5283,.T.);
#4377=EDGE_CURVE('',#5278,#5282,#5284,.T.);
#4378=FILL_AREA_STYLE('',(#5285));
#4379=EDGE_CURVE('',#5282,#5264,#5286,.T.);
#4380=FILL_AREA_STYLE('',(#5287));
#4381=EDGE_CURVE('',#5288,#5289,#5290,.T.);
#4382=EDGE_CURVE('',#5291,#5288,#5292,.T.);
#4383=EDGE_CURVE('',#5293,#5291,#5294,.T.);
#4384=EDGE_CURVE('',#5295,#5293,#5296,.T.);
#4385=EDGE_CURVE('',#5297,#5295,#5298,.T.);
#4386=EDGE_CURVE('',#5297,#5289,#5299,.T.);
#4387=FILL_AREA_STYLE('',(#5300));
#4388=EDGE_CURVE('',#5301,#5288,#5302,.T.);
#4389=EDGE_CURVE('',#5301,#5303,#5304,.T.);
#4390=EDGE_CURVE('',#5291,#5303,#5305,.T.);
#4391=FILL_AREA_STYLE('',(#5306));
#4392=EDGE_CURVE('',#5303,#5307,#5308,.T.);
#4393=EDGE_CURVE('',#5293,#5307,#5309,.T.);
#4394=FILL_AREA_STYLE('',(#5310));
#4395=EDGE_CURVE('',#5307,#5311,#5312,.T.);
#4396=EDGE_CURVE('',#5295,#5311,#5313,.T.);
#4397=FILL_AREA_STYLE('',(#5314));
#4398=EDGE_CURVE('',#5311,#5315,#5316,.T.);
#4399=EDGE_CURVE('',#5297,#5315,#5317,.T.);
#4400=FILL_AREA_STYLE('',(#5318));
#4401=EDGE_CURVE('',#5289,#5319,#5320,.T.);
#4402=EDGE_CURVE('',#5315,#5319,#5321,.T.);
#4403=FILL_AREA_STYLE('',(#5322));
#4404=EDGE_CURVE('',#5319,#5301,#5323,.T.);
#4405=FILL_AREA_STYLE('',(#5324));
#4406=EDGE_CURVE('',#5325,#5326,#5327,.T.);
#4407=EDGE_CURVE('',#5328,#5325,#5329,.T.);
#4408=EDGE_CURVE('',#5330,#5328,#5331,.T.);
#4409=EDGE_CURVE('',#5332,#5330,#5333,.T.);
#4410=EDGE_CURVE('',#5334,#5332,#5335,.T.);
#4411=EDGE_CURVE('',#5334,#5326,#5336,.T.);
#4412=FILL_AREA_STYLE('',(#5337));
#4413=EDGE_CURVE('',#5338,#5325,#5339,.T.);
#4414=EDGE_CURVE('',#5338,#5340,#5341,.T.);
#4415=EDGE_CURVE('',#5328,#5340,#5342,.T.);
#4416=FILL_AREA_STYLE('',(#5343));
#4417=EDGE_CURVE('',#5326,#5344,#5345,.T.);
#4418=EDGE_CURVE('',#5334,#5346,#5347,.T.);
#4419=EDGE_CURVE('',#5346,#5344,#5348,.T.);
#4420=FILL_AREA_STYLE('',(#5349));
#4421=EDGE_CURVE('',#5340,#5350,#5351,.T.);
#4422=EDGE_CURVE('',#5330,#5350,#5352,.T.);
#4423=FILL_AREA_STYLE('',(#5353));
#4424=EDGE_CURVE('',#5350,#5354,#5355,.T.);
#4425=EDGE_CURVE('',#5332,#5354,#5356,.T.);
#4426=FILL_AREA_STYLE('',(#5357));
#4427=EDGE_CURVE('',#5354,#5346,#5358,.T.);
#4428=FILL_AREA_STYLE('',(#5359));
#4429=EDGE_CURVE('',#5344,#5338,#5360,.T.);
#4430=FILL_AREA_STYLE('',(#5361));
#4431=EDGE_CURVE('',#5362,#5363,#5364,.T.);
#4432=EDGE_CURVE('',#5365,#5362,#5366,.T.);
#4433=EDGE_CURVE('',#5367,#5365,#5368,.T.);
#4434=EDGE_CURVE('',#5369,#5367,#5370,.T.);
#4435=EDGE_CURVE('',#5371,#5369,#5372,.T.);
#4436=EDGE_CURVE('',#5371,#5363,#5373,.T.);
#4437=FILL_AREA_STYLE('',(#5374));
#4438=EDGE_CURVE('',#5375,#5362,#5376,.T.);
#4439=EDGE_CURVE('',#5375,#5377,#5378,.T.);
#4440=EDGE_CURVE('',#5365,#5377,#5379,.T.);
#4441=FILL_AREA_STYLE('',(#5380));
#4442=EDGE_CURVE('',#5363,#5381,#5382,.T.);
#4443=EDGE_CURVE('',#5371,#5383,#5384,.T.);
#4444=EDGE_CURVE('',#5383,#5381,#5385,.T.);
#4445=FILL_AREA_STYLE('',(#5386));
#4446=EDGE_CURVE('',#5377,#5387,#5388,.T.);
#4447=EDGE_CURVE('',#5367,#5387,#5389,.T.);
#4448=FILL_AREA_STYLE('',(#5390));
#4449=EDGE_CURVE('',#5387,#5391,#5392,.T.);
#4450=EDGE_CURVE('',#5369,#5391,#5393,.T.);
#4451=FILL_AREA_STYLE('',(#5394));
#4452=EDGE_CURVE('',#5391,#5383,#5395,.T.);
#4453=FILL_AREA_STYLE('',(#5396));
#4454=EDGE_CURVE('',#5381,#5375,#5397,.T.);
#4455=FILL_AREA_STYLE('',(#5398));
#4456=EDGE_CURVE('',#5399,#5400,#5401,.T.);
#4457=EDGE_CURVE('',#5402,#5399,#5403,.T.);
#4458=EDGE_CURVE('',#5404,#5402,#5405,.T.);
#4459=EDGE_CURVE('',#5406,#5404,#5407,.T.);
#4460=EDGE_CURVE('',#5408,#5406,#5409,.T.);
#4461=EDGE_CURVE('',#5408,#5400,#5410,.T.);
#4462=FILL_AREA_STYLE('',(#5411));
#4463=EDGE_CURVE('',#5412,#5399,#5413,.T.);
#4464=EDGE_CURVE('',#5412,#5414,#5415,.T.);
#4465=EDGE_CURVE('',#5402,#5414,#5416,.T.);
#4466=FILL_AREA_STYLE('',(#5417));
#4467=EDGE_CURVE('',#5400,#5418,#5419,.T.);
#4468=EDGE_CURVE('',#5408,#5420,#5421,.T.);
#4469=EDGE_CURVE('',#5420,#5418,#5422,.T.);
#4470=FILL_AREA_STYLE('',(#5423));
#4471=EDGE_CURVE('',#5414,#5424,#5425,.T.);
#4472=EDGE_CURVE('',#5404,#5424,#5426,.T.);
#4473=FILL_AREA_STYLE('',(#5427));
#4474=EDGE_CURVE('',#5424,#5428,#5429,.T.);
#4475=EDGE_CURVE('',#5406,#5428,#5430,.T.);
#4476=FILL_AREA_STYLE('',(#5431));
#4477=EDGE_CURVE('',#5428,#5420,#5432,.T.);
#4478=FILL_AREA_STYLE('',(#5433));
#4479=EDGE_CURVE('',#5418,#5412,#5434,.T.);
#4480=FILL_AREA_STYLE('',(#5435));
#4481=EDGE_CURVE('',#5436,#5437,#5438,.T.);
#4482=EDGE_CURVE('',#5439,#5436,#5440,.T.);
#4483=EDGE_CURVE('',#5441,#5439,#5442,.T.);
#4484=EDGE_CURVE('',#5443,#5441,#5444,.T.);
#4485=EDGE_CURVE('',#5445,#5443,#5446,.T.);
#4486=EDGE_CURVE('',#5445,#5437,#5447,.T.);
#4487=FILL_AREA_STYLE('',(#5448));
#4488=EDGE_CURVE('',#5449,#5436,#5450,.T.);
#4489=EDGE_CURVE('',#5449,#5451,#5452,.T.);
#4490=EDGE_CURVE('',#5439,#5451,#5453,.T.);
#4491=FILL_AREA_STYLE('',(#5454));
#4492=EDGE_CURVE('',#5437,#5455,#5456,.T.);
#4493=EDGE_CURVE('',#5445,#5457,#5458,.T.);
#4494=EDGE_CURVE('',#5457,#5455,#5459,.T.);
#4495=FILL_AREA_STYLE('',(#5460));
#4496=EDGE_CURVE('',#5451,#5461,#5462,.T.);
#4497=EDGE_CURVE('',#5441,#5461,#5463,.T.);
#4498=FILL_AREA_STYLE('',(#5464));
#4499=EDGE_CURVE('',#5461,#5465,#5466,.T.);
#4500=EDGE_CURVE('',#5443,#5465,#5467,.T.);
#4501=FILL_AREA_STYLE('',(#5468));
#4502=EDGE_CURVE('',#5465,#5457,#5469,.T.);
#4503=FILL_AREA_STYLE('',(#5470));
#4504=EDGE_CURVE('',#5455,#5449,#5471,.T.);
#4505=FILL_AREA_STYLE('',(#5472));
#4506=EDGE_CURVE('',#5473,#5474,#5475,.T.);
#4507=EDGE_CURVE('',#5476,#5473,#5477,.T.);
#4508=EDGE_CURVE('',#5478,#5476,#5479,.T.);
#4509=EDGE_CURVE('',#5480,#5478,#5481,.T.);
#4510=EDGE_CURVE('',#5482,#5480,#5483,.T.);
#4511=EDGE_CURVE('',#5482,#5474,#5484,.T.);
#4512=FILL_AREA_STYLE('',(#5485));
#4513=EDGE_CURVE('',#5486,#5473,#5487,.T.);
#4514=EDGE_CURVE('',#5486,#5488,#5489,.T.);
#4515=EDGE_CURVE('',#5476,#5488,#5490,.T.);
#4516=FILL_AREA_STYLE('',(#5491));
#4517=EDGE_CURVE('',#5474,#5492,#5493,.T.);
#4518=EDGE_CURVE('',#5482,#5494,#5495,.T.);
#4519=EDGE_CURVE('',#5494,#5492,#5496,.T.);
#4520=FILL_AREA_STYLE('',(#5497));
#4521=EDGE_CURVE('',#5488,#5498,#5499,.T.);
#4522=EDGE_CURVE('',#5478,#5498,#5500,.T.);
#4523=FILL_AREA_STYLE('',(#5501));
#4524=EDGE_CURVE('',#5498,#5502,#5503,.T.);
#4525=EDGE_CURVE('',#5480,#5502,#5504,.T.);
#4526=FILL_AREA_STYLE('',(#5505));
#4527=EDGE_CURVE('',#5502,#5494,#5506,.T.);
#4528=FILL_AREA_STYLE('',(#5507));
#4529=EDGE_CURVE('',#5492,#5486,#5508,.T.);
#4530=FILL_AREA_STYLE('',(#5509));
#4531=EDGE_CURVE('',#5510,#5511,#5512,.T.);
#4532=EDGE_CURVE('',#5513,#5510,#5514,.T.);
#4533=EDGE_CURVE('',#5515,#5513,#5516,.T.);
#4534=EDGE_CURVE('',#5517,#5515,#5518,.T.);
#4535=EDGE_CURVE('',#5519,#5517,#5520,.T.);
#4536=EDGE_CURVE('',#5519,#5511,#5521,.T.);
#4537=FILL_AREA_STYLE('',(#5522));
#4538=EDGE_CURVE('',#5523,#5510,#5524,.T.);
#4539=EDGE_CURVE('',#5523,#5525,#5526,.T.);
#4540=EDGE_CURVE('',#5513,#5525,#5527,.T.);
#4541=FILL_AREA_STYLE('',(#5528));
#4542=EDGE_CURVE('',#5525,#5529,#5530,.T.);
#4543=EDGE_CURVE('',#5515,#5529,#5531,.T.);
#4544=FILL_AREA_STYLE('',(#5532));
#4545=EDGE_CURVE('',#5529,#5533,#5534,.T.);
#4546=EDGE_CURVE('',#5517,#5533,#5535,.T.);
#4547=FILL_AREA_STYLE('',(#5536));
#4548=EDGE_CURVE('',#5533,#5537,#5538,.T.);
#4549=EDGE_CURVE('',#5519,#5537,#5539,.T.);
#4550=FILL_AREA_STYLE('',(#5540));
#4551=EDGE_CURVE('',#5511,#5541,#5542,.T.);
#4552=EDGE_CURVE('',#5537,#5541,#5543,.T.);
#4553=FILL_AREA_STYLE('',(#5544));
#4554=EDGE_CURVE('',#5541,#5523,#5545,.T.);
#4555=FILL_AREA_STYLE('',(#5546));
#4556=EDGE_CURVE('',#5547,#5548,#5549,.T.);
#4557=EDGE_CURVE('',#5550,#5547,#5551,.T.);
#4558=EDGE_CURVE('',#5552,#5550,#5553,.T.);
#4559=EDGE_CURVE('',#5554,#5552,#5555,.T.);
#4560=EDGE_CURVE('',#5556,#5554,#5557,.T.);
#4561=EDGE_CURVE('',#5556,#5548,#5558,.T.);
#4562=FILL_AREA_STYLE('',(#5559));
#4563=EDGE_CURVE('',#5560,#5547,#5561,.T.);
#4564=EDGE_CURVE('',#5560,#5562,#5563,.T.);
#4565=EDGE_CURVE('',#5550,#5562,#5564,.T.);
#4566=FILL_AREA_STYLE('',(#5565));
#4567=EDGE_CURVE('',#5562,#5566,#5567,.T.);
#4568=EDGE_CURVE('',#5552,#5566,#5568,.T.);
#4569=FILL_AREA_STYLE('',(#5569));
#4570=EDGE_CURVE('',#5566,#5570,#5571,.T.);
#4571=EDGE_CURVE('',#5554,#5570,#5572,.T.);
#4572=FILL_AREA_STYLE('',(#5573));
#4573=EDGE_CURVE('',#5570,#5574,#5575,.T.);
#4574=EDGE_CURVE('',#5556,#5574,#5576,.T.);
#4575=FILL_AREA_STYLE('',(#5577));
#4576=EDGE_CURVE('',#5548,#5578,#5579,.T.);
#4577=EDGE_CURVE('',#5574,#5578,#5580,.T.);
#4578=FILL_AREA_STYLE('',(#5581));
#4579=EDGE_CURVE('',#5578,#5560,#5582,.T.);
#4580=FILL_AREA_STYLE('',(#5583));
#4581=EDGE_CURVE('',#5584,#5585,#5586,.T.);
#4582=EDGE_CURVE('',#5587,#5584,#5588,.T.);
#4583=EDGE_CURVE('',#5589,#5587,#5590,.T.);
#4584=EDGE_CURVE('',#5591,#5589,#5592,.T.);
#4585=EDGE_CURVE('',#5593,#5591,#5594,.T.);
#4586=EDGE_CURVE('',#5593,#5585,#5595,.T.);
#4587=FILL_AREA_STYLE('',(#5596));
#4588=EDGE_CURVE('',#5597,#5584,#5598,.T.);
#4589=EDGE_CURVE('',#5597,#5599,#5600,.T.);
#4590=EDGE_CURVE('',#5587,#5599,#5601,.T.);
#4591=FILL_AREA_STYLE('',(#5602));
#4592=EDGE_CURVE('',#5599,#5603,#5604,.T.);
#4593=EDGE_CURVE('',#5589,#5603,#5605,.T.);
#4594=FILL_AREA_STYLE('',(#5606));
#4595=EDGE_CURVE('',#5603,#5607,#5608,.T.);
#4596=EDGE_CURVE('',#5591,#5607,#5609,.T.);
#4597=FILL_AREA_STYLE('',(#5610));
#4598=EDGE_CURVE('',#5607,#5611,#5612,.T.);
#4599=EDGE_CURVE('',#5593,#5611,#5613,.T.);
#4600=FILL_AREA_STYLE('',(#5614));
#4601=EDGE_CURVE('',#5585,#5615,#5616,.T.);
#4602=EDGE_CURVE('',#5611,#5615,#5617,.T.);
#4603=FILL_AREA_STYLE('',(#5618));
#4604=EDGE_CURVE('',#5615,#5597,#5619,.T.);
#4605=FILL_AREA_STYLE('',(#5620));
#4606=EDGE_CURVE('',#5621,#5622,#5623,.T.);
#4607=EDGE_CURVE('',#5624,#5621,#5625,.T.);
#4608=EDGE_CURVE('',#5626,#5624,#5627,.T.);
#4609=EDGE_CURVE('',#5628,#5626,#5629,.T.);
#4610=EDGE_CURVE('',#5630,#5628,#5631,.T.);
#4611=EDGE_CURVE('',#5630,#5622,#5632,.T.);
#4612=FILL_AREA_STYLE('',(#5633));
#4613=EDGE_CURVE('',#5634,#5621,#5635,.T.);
#4614=EDGE_CURVE('',#5634,#5636,#5637,.T.);
#4615=EDGE_CURVE('',#5624,#5636,#5638,.T.);
#4616=FILL_AREA_STYLE('',(#5639));
#4617=EDGE_CURVE('',#5636,#5640,#5641,.T.);
#4618=EDGE_CURVE('',#5626,#5640,#5642,.T.);
#4619=FILL_AREA_STYLE('',(#5643));
#4620=EDGE_CURVE('',#5640,#5644,#5645,.T.);
#4621=EDGE_CURVE('',#5628,#5644,#5646,.T.);
#4622=FILL_AREA_STYLE('',(#5647));
#4623=EDGE_CURVE('',#5644,#5648,#5649,.T.);
#4624=EDGE_CURVE('',#5630,#5648,#5650,.T.);
#4625=FILL_AREA_STYLE('',(#5651));
#4626=EDGE_CURVE('',#5622,#5652,#5653,.T.);
#4627=EDGE_CURVE('',#5648,#5652,#5654,.T.);
#4628=FILL_AREA_STYLE('',(#5655));
#4629=EDGE_CURVE('',#5652,#5634,#5656,.T.);
#4630=FILL_AREA_STYLE('',(#5657));
#4631=EDGE_CURVE('',#5658,#5659,#5660,.T.);
#4632=EDGE_CURVE('',#5661,#5658,#5662,.T.);
#4633=EDGE_CURVE('',#5663,#5661,#5664,.T.);
#4634=EDGE_CURVE('',#5665,#5663,#5666,.T.);
#4635=EDGE_CURVE('',#5667,#5665,#5668,.T.);
#4636=EDGE_CURVE('',#5667,#5659,#5669,.T.);
#4637=FILL_AREA_STYLE('',(#5670));
#4638=EDGE_CURVE('',#5671,#5658,#5672,.T.);
#4639=EDGE_CURVE('',#5671,#5673,#5674,.T.);
#4640=EDGE_CURVE('',#5661,#5673,#5675,.T.);
#4641=FILL_AREA_STYLE('',(#5676));
#4642=EDGE_CURVE('',#5673,#5677,#5678,.T.);
#4643=EDGE_CURVE('',#5663,#5677,#5679,.T.);
#4644=FILL_AREA_STYLE('',(#5680));
#4645=EDGE_CURVE('',#5677,#5681,#5682,.T.);
#4646=EDGE_CURVE('',#5665,#5681,#5683,.T.);
#4647=FILL_AREA_STYLE('',(#5684));
#4648=EDGE_CURVE('',#5681,#5685,#5686,.T.);
#4649=EDGE_CURVE('',#5667,#5685,#5687,.T.);
#4650=FILL_AREA_STYLE('',(#5688));
#4651=EDGE_CURVE('',#5659,#5689,#5690,.T.);
#4652=EDGE_CURVE('',#5685,#5689,#5691,.T.);
#4653=FILL_AREA_STYLE('',(#5692));
#4654=EDGE_CURVE('',#5689,#5671,#5693,.T.);
#4655=FILL_AREA_STYLE('',(#5694));
#4656=EDGE_CURVE('',#5695,#5696,#5697,.T.);
#4657=EDGE_CURVE('',#5698,#5695,#5699,.T.);
#4658=EDGE_CURVE('',#5700,#5698,#5701,.T.);
#4659=EDGE_CURVE('',#5700,#5702,#5703,.T.);
#4660=EDGE_CURVE('',#5704,#5702,#5705,.T.);
#4661=EDGE_CURVE('',#5696,#5704,#5706,.T.);
#4662=FILL_AREA_STYLE('',(#5707));
#4663=EDGE_CURVE('',#5708,#5695,#5709,.T.);
#4664=EDGE_CURVE('',#5708,#5710,#5711,.T.);
#4665=EDGE_CURVE('',#5698,#5710,#5712,.T.);
#4666=FILL_AREA_STYLE('',(#5713));
#4667=EDGE_CURVE('',#5696,#5714,#5715,.T.);
#4668=EDGE_CURVE('',#5704,#5716,#5717,.T.);
#4669=EDGE_CURVE('',#5716,#5714,#5718,.T.);
#4670=FILL_AREA_STYLE('',(#5719));
#4671=EDGE_CURVE('',#5720,#5721,#5722,.T.);
#4672=EDGE_CURVE('',#5723,#5721,#5724,.T.);
#4673=EDGE_CURVE('',#5723,#5725,#5726,.T.);
#4674=EDGE_CURVE('',#5725,#5720,#5727,.T.);
#4675=FILL_AREA_STYLE('',(#5728));
#4676=EDGE_CURVE('',#5729,#5720,#5730,.T.);
#4677=EDGE_CURVE('',#5725,#5731,#5732,.T.);
#4678=EDGE_CURVE('',#5731,#5729,#5733,.T.);
#4679=FILL_AREA_STYLE('',(#5734));
#4680=EDGE_CURVE('',#5735,#5736,#5737,.T.);
#4681=EDGE_CURVE('',#5738,#5736,#5739,.T.);
#4682=EDGE_CURVE('',#5738,#5740,#5741,.T.);
#4683=EDGE_CURVE('',#5740,#5735,#5742,.T.);
#4684=FILL_AREA_STYLE('',(#5743));
#4685=EDGE_CURVE('',#5736,#5744,#5745,.T.);
#4686=EDGE_CURVE('',#5746,#5744,#5747,.T.);
#4687=EDGE_CURVE('',#5746,#5738,#5748,.T.);
#4688=FILL_AREA_STYLE('',(#5749));
#4689=EDGE_CURVE('',#5750,#5716,#5751,.T.);
#4690=EDGE_CURVE('',#5702,#5746,#5752,.T.);
#4691=EDGE_CURVE('',#5744,#5750,#5753,.T.);
#4692=FILL_AREA_STYLE('',(#5754));
#4693=EDGE_CURVE('',#5755,#5729,#5756,.T.);
#4694=EDGE_CURVE('',#5731,#5700,#5757,.T.);
#4695=EDGE_CURVE('',#5710,#5755,#5758,.T.);
#4696=FILL_AREA_STYLE('',(#5759));
#4697=EDGE_CURVE('',#5714,#5708,#5760,.T.);
#4698=EDGE_CURVE('',#5755,#5750,#5761,.T.);
#4699=FILL_AREA_STYLE('',(#5762));
#4700=EDGE_CURVE('',#5729,#5744,#5763,.T.);
#4701=FILL_AREA_STYLE('',(#5764));
#4702=EDGE_CURVE('',#5720,#5736,#5765,.T.);
#4703=FILL_AREA_STYLE('',(#5766));
#4704=EDGE_CURVE('',#5721,#5735,#5767,.T.);
#4705=FILL_AREA_STYLE('',(#5768));
#4706=EDGE_CURVE('',#5723,#5740,#5769,.T.);
#4707=FILL_AREA_STYLE('',(#5770));
#4708=EDGE_CURVE('',#5725,#5738,#5771,.T.);
#4709=FILL_AREA_STYLE('',(#5772));
#4710=EDGE_CURVE('',#5731,#5746,#5773,.T.);
#4711=FILL_AREA_STYLE('',(#5774));
#4712=FILL_AREA_STYLE('',(#5775));
#4713=EDGE_CURVE('',#5776,#5777,#5778,.T.);
#4714=EDGE_CURVE('',#5776,#5779,#5780,.T.);
#4715=EDGE_CURVE('',#5781,#5779,#5782,.T.);
#4716=EDGE_CURVE('',#5777,#5781,#5783,.T.);
#4717=FILL_AREA_STYLE('',(#5784));
#4718=EDGE_CURVE('',#5777,#5785,#5786,.T.);
#4719=EDGE_CURVE('',#5787,#5781,#5788,.T.);
#4720=EDGE_CURVE('',#5785,#5787,#5789,.T.);
#4721=FILL_AREA_STYLE('',(#5790));
#4722=EDGE_CURVE('',#5785,#5791,#5792,.T.);
#4723=EDGE_CURVE('',#5793,#5787,#5794,.T.);
#4724=EDGE_CURVE('',#5791,#5793,#5795,.T.);
#4725=FILL_AREA_STYLE('',(#5796));
#4726=EDGE_CURVE('',#5791,#5797,#5798,.T.);
#4727=EDGE_CURVE('',#5799,#5793,#5800,.T.);
#4728=EDGE_CURVE('',#5797,#5799,#5801,.T.);
#4729=FILL_AREA_STYLE('',(#5802));
#4730=EDGE_CURVE('',#5803,#5776,#5804,.T.);
#4731=EDGE_CURVE('',#5803,#5805,#5806,.T.);
#4732=EDGE_CURVE('',#5779,#5805,#5807,.T.);
#4733=FILL_AREA_STYLE('',(#5808));
#4734=EDGE_CURVE('',#5797,#5803,#5809,.T.);
#4735=EDGE_CURVE('',#5805,#5799,#5810,.T.);
#4736=FILL_AREA_STYLE('',(#5811));
#4737=FILL_AREA_STYLE('',(#5812));
#4738=EDGE_CURVE('',#5813,#5814,#5815,.T.);
#4739=EDGE_CURVE('',#5813,#5816,#5817,.T.);
#4740=EDGE_CURVE('',#5818,#5816,#5819,.T.);
#4741=EDGE_CURVE('',#5814,#5818,#5820,.T.);
#4742=FILL_AREA_STYLE('',(#5821));
#4743=EDGE_CURVE('',#5814,#5822,#5823,.T.);
#4744=EDGE_CURVE('',#5824,#5818,#5825,.T.);
#4745=EDGE_CURVE('',#5822,#5824,#5826,.T.);
#4746=FILL_AREA_STYLE('',(#5827));
#4747=EDGE_CURVE('',#5822,#5828,#5829,.T.);
#4748=EDGE_CURVE('',#5830,#5824,#5831,.T.);
#4749=EDGE_CURVE('',#5828,#5830,#5832,.T.);
#4750=FILL_AREA_STYLE('',(#5833));
#4751=EDGE_CURVE('',#5828,#5834,#5835,.T.);
#4752=EDGE_CURVE('',#5836,#5830,#5837,.T.);
#4753=EDGE_CURVE('',#5834,#5836,#5838,.T.);
#4754=FILL_AREA_STYLE('',(#5839));
#4755=EDGE_CURVE('',#5840,#5813,#5841,.T.);
#4756=EDGE_CURVE('',#5840,#5842,#5843,.T.);
#4757=EDGE_CURVE('',#5816,#5842,#5844,.T.);
#4758=FILL_AREA_STYLE('',(#5845));
#4759=EDGE_CURVE('',#5834,#5840,#5846,.T.);
#4760=EDGE_CURVE('',#5842,#5836,#5847,.T.);
#4761=FILL_AREA_STYLE('',(#5848));
#4762=FILL_AREA_STYLE('',(#5849));
#4763=EDGE_CURVE('',#5850,#5851,#5852,.T.);
#4764=EDGE_CURVE('',#5850,#5853,#5854,.T.);
#4765=EDGE_CURVE('',#5855,#5853,#5856,.T.);
#4766=EDGE_CURVE('',#5851,#5855,#5857,.T.);
#4767=FILL_AREA_STYLE('',(#5858));
#4768=EDGE_CURVE('',#5851,#5859,#5860,.T.);
#4769=EDGE_CURVE('',#5861,#5855,#5862,.T.);
#4770=EDGE_CURVE('',#5859,#5861,#5863,.T.);
#4771=FILL_AREA_STYLE('',(#5864));
#4772=EDGE_CURVE('',#5859,#5865,#5866,.T.);
#4773=EDGE_CURVE('',#5867,#5861,#5868,.T.);
#4774=EDGE_CURVE('',#5865,#5867,#5869,.T.);
#4775=FILL_AREA_STYLE('',(#5870));
#4776=EDGE_CURVE('',#5865,#5871,#5872,.T.);
#4777=EDGE_CURVE('',#5873,#5867,#5874,.T.);
#4778=EDGE_CURVE('',#5871,#5873,#5875,.T.);
#4779=FILL_AREA_STYLE('',(#5876));
#4780=EDGE_CURVE('',#5877,#5850,#5878,.T.);
#4781=EDGE_CURVE('',#5877,#5879,#5880,.T.);
#4782=EDGE_CURVE('',#5853,#5879,#5881,.T.);
#4783=FILL_AREA_STYLE('',(#5882));
#4784=EDGE_CURVE('',#5871,#5877,#5883,.T.);
#4785=EDGE_CURVE('',#5879,#5873,#5884,.T.);
#4786=FILL_AREA_STYLE('',(#5885));
#4787=FILL_AREA_STYLE('',(#5886));
#4788=EDGE_CURVE('',#5887,#5888,#5889,.T.);
#4789=EDGE_CURVE('',#5887,#5890,#5891,.T.);
#4790=EDGE_CURVE('',#5892,#5890,#5893,.T.);
#4791=EDGE_CURVE('',#5888,#5892,#5894,.T.);
#4792=FILL_AREA_STYLE('',(#5895));
#4793=EDGE_CURVE('',#5888,#5896,#5897,.T.);
#4794=EDGE_CURVE('',#5898,#5892,#5899,.T.);
#4795=EDGE_CURVE('',#5896,#5898,#5900,.T.);
#4796=FILL_AREA_STYLE('',(#5901));
#4797=EDGE_CURVE('',#5896,#5902,#5903,.T.);
#4798=EDGE_CURVE('',#5904,#5898,#5905,.T.);
#4799=EDGE_CURVE('',#5902,#5904,#5906,.T.);
#4800=FILL_AREA_STYLE('',(#5907));
#4801=EDGE_CURVE('',#5902,#5908,#5909,.T.);
#4802=EDGE_CURVE('',#5910,#5904,#5911,.T.);
#4803=EDGE_CURVE('',#5908,#5910,#5912,.T.);
#4804=FILL_AREA_STYLE('',(#5913));
#4805=EDGE_CURVE('',#5914,#5887,#5915,.T.);
#4806=EDGE_CURVE('',#5914,#5916,#5917,.T.);
#4807=EDGE_CURVE('',#5890,#5916,#5918,.T.);
#4808=FILL_AREA_STYLE('',(#5919));
#4809=EDGE_CURVE('',#5908,#5914,#5920,.T.);
#4810=EDGE_CURVE('',#5916,#5910,#5921,.T.);
#4811=FILL_AREA_STYLE('',(#5922));
#4812=FILL_AREA_STYLE('',(#5923));
#4813=EDGE_CURVE('',#5136,#5132,#5924,.T.);
#4814=EDGE_CURVE('',#5131,#5134,#5925,.T.);
#4815=FILL_AREA_STYLE('',(#5926));
#4816=FILL_AREA_STYLE('',(#5927));
#4817=EDGE_CURVE('',#5127,#5123,#5928,.T.);
#4818=EDGE_CURVE('',#5122,#5125,#5929,.T.);
#4819=FILL_AREA_STYLE('',(#5930));
#4820=FILL_AREA_STYLE('',(#5931));
#4821=EDGE_CURVE('',#5118,#5114,#5932,.T.);
#4822=EDGE_CURVE('',#5113,#5116,#5933,.T.);
#4823=FILL_AREA_STYLE('',(#5934));
#4824=FILL_AREA_STYLE('',(#5935));
#4825=EDGE_CURVE('',#5109,#5105,#5936,.T.);
#4826=EDGE_CURVE('',#5104,#5107,#5937,.T.);
#4827=FILL_AREA_STYLE('',(#5938));
#4828=FILL_AREA_STYLE('',(#5939));
#4829=EDGE_CURVE('',#5100,#5096,#5940,.T.);
#4830=EDGE_CURVE('',#5095,#5098,#5941,.T.);
#4831=FILL_AREA_STYLE('',(#5942));
#4832=FILL_AREA_STYLE('',(#5943));
#4833=EDGE_CURVE('',#5091,#5087,#5944,.T.);
#4834=EDGE_CURVE('',#5086,#5089,#5945,.T.);
#4835=FILL_AREA_STYLE('',(#5946));
#4836=FILL_AREA_STYLE('',(#5947));
#4837=EDGE_CURVE('',#5082,#5078,#5948,.T.);
#4838=EDGE_CURVE('',#5077,#5080,#5949,.T.);
#4839=FILL_AREA_STYLE('',(#5950));
#4840=FILL_AREA_STYLE('',(#5951));
#4841=EDGE_CURVE('',#5073,#5069,#5952,.T.);
#4842=EDGE_CURVE('',#5068,#5071,#5953,.T.);
#4843=FILL_AREA_STYLE('',(#5954));
#4844=FILL_AREA_STYLE('',(#5955));
#4845=EDGE_CURVE('',#5064,#5060,#5956,.T.);
#4846=EDGE_CURVE('',#5059,#5062,#5957,.T.);
#4847=FILL_AREA_STYLE('',(#5958));
#4848=FILL_AREA_STYLE('',(#5959));
#4849=EDGE_CURVE('',#5055,#5051,#5960,.T.);
#4850=EDGE_CURVE('',#5050,#5053,#5961,.T.);
#4851=FILL_AREA_STYLE('',(#5962));
#4852=FILL_AREA_STYLE('',(#5963));
#4853=EDGE_CURVE('',#5046,#5042,#5964,.T.);
#4854=EDGE_CURVE('',#5041,#5044,#5965,.T.);
#4855=FILL_AREA_STYLE('',(#5966));
#4856=FILL_AREA_STYLE('',(#5967));
#4857=EDGE_CURVE('',#5037,#5033,#5968,.T.);
#4858=EDGE_CURVE('',#5032,#5035,#5969,.T.);
#4859=FILL_AREA_STYLE('',(#5970));
#4860=FILL_AREA_STYLE('',(#5971));
#4861=EDGE_CURVE('',#5028,#5024,#5972,.T.);
#4862=EDGE_CURVE('',#5023,#5026,#5973,.T.);
#4863=FILL_AREA_STYLE('',(#5974));
#4864=FILL_AREA_STYLE('',(#5975));
#4865=EDGE_CURVE('',#5019,#5015,#5976,.T.);
#4866=EDGE_CURVE('',#5014,#5017,#5977,.T.);
#4867=FILL_AREA_STYLE('',(#5978));
#4868=FILL_AREA_STYLE('',(#5979));
#4869=EDGE_CURVE('',#5010,#5006,#5980,.T.);
#4870=EDGE_CURVE('',#5005,#5008,#5981,.T.);
#4871=FILL_AREA_STYLE('',(#5982));
#4872=FILL_AREA_STYLE('',(#5983));
#4873=EDGE_CURVE('',#5984,#4997,#5985,.T.);
#4874=EDGE_CURVE('',#5984,#5986,#5987,.T.);
#4875=EDGE_CURVE('',#4996,#5986,#5988,.T.);
#4876=FILL_AREA_STYLE('',(#5989));
#4877=EDGE_CURVE('',#5986,#5990,#5991,.T.);
#4878=EDGE_CURVE('',#5992,#5984,#5993,.T.);
#4879=EDGE_CURVE('',#5992,#5990,#5994,.T.);
#4880=FILL_AREA_STYLE('',(#5995));
#4881=EDGE_CURVE('',#5990,#5996,#5997,.T.);
#4882=EDGE_CURVE('',#5998,#5992,#5999,.T.);
#4883=EDGE_CURVE('',#5998,#5996,#6000,.T.);
#4884=FILL_AREA_STYLE('',(#6001));
#4885=EDGE_CURVE('',#5996,#6002,#6003,.T.);
#4886=EDGE_CURVE('',#6004,#5998,#6005,.T.);
#4887=EDGE_CURVE('',#6004,#6002,#6006,.T.);
#4888=FILL_AREA_STYLE('',(#6007));
#4889=EDGE_CURVE('',#6002,#6008,#6009,.T.);
#4890=EDGE_CURVE('',#6010,#6004,#6011,.T.);
#4891=EDGE_CURVE('',#6010,#6008,#6012,.T.);
#4892=FILL_AREA_STYLE('',(#6013));
#4893=EDGE_CURVE('',#6008,#6014,#6015,.T.);
#4894=EDGE_CURVE('',#6016,#6010,#6017,.T.);
#4895=EDGE_CURVE('',#6016,#6014,#6018,.T.);
#4896=FILL_AREA_STYLE('',(#6019));
#4897=EDGE_CURVE('',#6014,#4988,#6020,.T.);
#4898=EDGE_CURVE('',#4987,#6016,#6021,.T.);
#4899=FILL_AREA_STYLE('',(#6022));
#4900=EDGE_CURVE('',#4992,#4999,#6023,.T.);
#4901=EDGE_CURVE('',#5001,#4990,#6024,.T.);
#4902=FILL_AREA_STYLE('',(#6025));
#4903=FILL_AREA_STYLE('',(#6026));
#4904=EDGE_CURVE('',#4983,#4972,#6027,.T.);
#4905=EDGE_CURVE('',#4981,#4974,#6028,.T.);
#4906=FILL_AREA_STYLE('',(#6029));
#4907=EDGE_CURVE('',#6030,#4979,#6031,.T.);
#4908=EDGE_CURVE('',#6030,#6032,#6033,.T.);
#4909=EDGE_CURVE('',#6032,#4978,#6034,.T.);
#4910=FILL_AREA_STYLE('',(#6035));
#4911=EDGE_CURVE('',#6036,#6030,#6037,.T.);
#4912=EDGE_CURVE('',#6036,#6038,#6039,.T.);
#4913=EDGE_CURVE('',#6038,#6032,#6040,.T.);
#4914=FILL_AREA_STYLE('',(#6041));
#4915=EDGE_CURVE('',#6042,#6036,#6043,.T.);
#4916=EDGE_CURVE('',#6042,#6044,#6045,.T.);
#4917=EDGE_CURVE('',#6044,#6038,#6046,.T.);
#4918=FILL_AREA_STYLE('',(#6047));
#4919=EDGE_CURVE('',#4970,#6048,#6049,.T.);
#4920=EDGE_CURVE('',#6050,#6048,#6051,.T.);
#4921=EDGE_CURVE('',#4969,#6050,#6052,.T.);
#4922=FILL_AREA_STYLE('',(#6053));
#4923=EDGE_CURVE('',#6050,#6054,#6055,.T.);
#4924=EDGE_CURVE('',#6048,#6056,#6057,.T.);
#4925=EDGE_CURVE('',#6054,#6056,#6058,.T.);
#4926=FILL_AREA_STYLE('',(#6059));
#4927=EDGE_CURVE('',#6054,#6060,#6061,.T.);
#4928=EDGE_CURVE('',#6056,#6062,#6063,.T.);
#4929=EDGE_CURVE('',#6060,#6062,#6064,.T.);
#4930=FILL_AREA_STYLE('',(#6065));
#4931=EDGE_CURVE('',#6060,#6042,#6066,.T.);
#4932=EDGE_CURVE('',#6062,#6044,#6067,.T.);
#4933=FILL_AREA_STYLE('',(#6068));
#4934=FILL_AREA_STYLE('',(#6069));
#4935=EDGE_CURVE('',#6070,#6071,#6072,.T.);
#4936=EDGE_CURVE('',#6073,#6071,#6074,.T.);
#4937=EDGE_CURVE('',#6073,#6075,#6076,.T.);
#4938=EDGE_CURVE('',#6075,#6070,#6077,.T.);
#4939=FILL_AREA_STYLE('',(#6078));
#4940=EDGE_CURVE('',#6071,#6079,#6080,.T.);
#4941=EDGE_CURVE('',#6081,#6079,#6082,.T.);
#4942=EDGE_CURVE('',#6081,#6073,#6083,.T.);
#4943=FILL_AREA_STYLE('',(#6084));
#4944=EDGE_CURVE('',#6079,#6085,#6086,.T.);
#4945=EDGE_CURVE('',#6087,#6085,#6088,.T.);
#4946=EDGE_CURVE('',#6087,#6081,#6089,.T.);
#4947=FILL_AREA_STYLE('',(#6090));
#4948=EDGE_CURVE('',#6085,#6091,#6092,.T.);
#4949=EDGE_CURVE('',#6093,#6091,#6094,.T.);
#4950=EDGE_CURVE('',#6093,#6087,#6095,.T.);
#4951=FILL_AREA_STYLE('',(#6096));
#4952=EDGE_CURVE('',#6091,#6097,#6098,.T.);
#4953=EDGE_CURVE('',#6099,#6097,#6100,.T.);
#4954=EDGE_CURVE('',#6099,#6093,#6101,.T.);
#4955=FILL_AREA_STYLE('',(#6102));
#4956=EDGE_CURVE('',#6097,#6103,#6104,.T.);
#4957=EDGE_CURVE('',#6105,#6103,#6106,.T.);
#4958=EDGE_CURVE('',#6105,#6099,#6107,.T.);
#4959=FILL_AREA_STYLE('',(#6108));
#4960=EDGE_CURVE('',#6103,#6109,#6110,.T.);
#4961=EDGE_CURVE('',#6111,#6109,#6112,.T.);
#4962=EDGE_CURVE('',#6111,#6105,#6113,.T.);
#4963=FILL_AREA_STYLE('',(#6114));
#4964=EDGE_CURVE('',#6109,#6070,#6115,.T.);
#4965=EDGE_CURVE('',#6075,#6111,#6116,.T.);
#4966=FILL_AREA_STYLE('',(#6117));
#4967=FILL_AREA_STYLE('',(#6118));
#4968=FILL_AREA_STYLE_COLOUR('',#6119);
#4969=VERTEX_POINT('',#6120);
#4970=VERTEX_POINT('',#6121);
#4971=LINE('',#6122,#6123);
#4972=VERTEX_POINT('',#6124);
#4973=CIRCLE('',#6125,2.4);
#4974=VERTEX_POINT('',#6126);
#4975=LINE('',#6127,#6128);
#4976=CIRCLE('',#6129,2.4);
#4977=FILL_AREA_STYLE_COLOUR('',#6130);
#4978=VERTEX_POINT('',#6131);
#4979=VERTEX_POINT('',#6132);
#4980=LINE('',#6133,#6134);
#4981=VERTEX_POINT('',#6135);
#4982=CIRCLE('',#6136,2.4);
#4983=VERTEX_POINT('',#6137);
#4984=LINE('',#6138,#6139);
#4985=CIRCLE('',#6140,2.4);
#4986=FILL_AREA_STYLE_COLOUR('',#6141);
#4987=VERTEX_POINT('',#6142);
#4988=VERTEX_POINT('',#6143);
#4989=LINE('',#6144,#6145);
#4990=VERTEX_POINT('',#6146);
#4991=CIRCLE('',#6147,2.0);
#4992=VERTEX_POINT('',#6148);
#4993=LINE('',#6149,#6150);
#4994=CIRCLE('',#6151,2.0);
#4995=FILL_AREA_STYLE_COLOUR('',#6152);
#4996=VERTEX_POINT('',#6153);
#4997=VERTEX_POINT('',#6154);
#4998=LINE('',#6155,#6156);
#4999=VERTEX_POINT('',#6157);
#5000=CIRCLE('',#6158,2.0);
#5001=VERTEX_POINT('',#6159);
#5002=LINE('',#6160,#6161);
#5003=CIRCLE('',#6162,2.0);
#5004=FILL_AREA_STYLE_COLOUR('',#6163);
#5005=VERTEX_POINT('',#6164);
#5006=VERTEX_POINT('',#6165);
#5007=LINE('',#6166,#6167);
#5008=VERTEX_POINT('',#6168);
#5009=CIRCLE('',#6169,0.5);
#5010=VERTEX_POINT('',#6170);
#5011=LINE('',#6171,#6172);
#5012=CIRCLE('',#6173,0.5);
#5013=FILL_AREA_STYLE_COLOUR('',#6174);
#5014=VERTEX_POINT('',#6175);
#5015=VERTEX_POINT('',#6176);
#5016=LINE('',#6177,#6178);
#5017=VERTEX_POINT('',#6179);
#5018=CIRCLE('',#6180,0.5);
#5019=VERTEX_POINT('',#6181);
#5020=LINE('',#6182,#6183);
#5021=CIRCLE('',#6184,0.5);
#5022=FILL_AREA_STYLE_COLOUR('',#6185);
#5023=VERTEX_POINT('',#6186);
#5024=VERTEX_POINT('',#6187);
#5025=LINE('',#6188,#6189);
#5026=VERTEX_POINT('',#6190);
#5027=CIRCLE('',#6191,0.5);
#5028=VERTEX_POINT('',#6192);
#5029=LINE('',#6193,#6194);
#5030=CIRCLE('',#6195,0.5);
#5031=FILL_AREA_STYLE_COLOUR('',#6196);
#5032=VERTEX_POINT('',#6197);
#5033=VERTEX_POINT('',#6198);
#5034=LINE('',#6199,#6200);
#5035=VERTEX_POINT('',#6201);
#5036=CIRCLE('',#6202,0.5);
#5037=VERTEX_POINT('',#6203);
#5038=LINE('',#6204,#6205);
#5039=CIRCLE('',#6206,0.5);
#5040=FILL_AREA_STYLE_COLOUR('',#6207);
#5041=VERTEX_POINT('',#6208);
#5042=VERTEX_POINT('',#6209);
#5043=LINE('',#6210,#6211);
#5044=VERTEX_POINT('',#6212);
#5045=CIRCLE('',#6213,0.5);
#5046=VERTEX_POINT('',#6214);
#5047=LINE('',#6215,#6216);
#5048=CIRCLE('',#6217,0.5);
#5049=FILL_AREA_STYLE_COLOUR('',#6218);
#5050=VERTEX_POINT('',#6219);
#5051=VERTEX_POINT('',#6220);
#5052=LINE('',#6221,#6222);
#5053=VERTEX_POINT('',#6223);
#5054=CIRCLE('',#6224,0.5);
#5055=VERTEX_POINT('',#6225);
#5056=LINE('',#6226,#6227);
#5057=CIRCLE('',#6228,0.5);
#5058=FILL_AREA_STYLE_COLOUR('',#6229);
#5059=VERTEX_POINT('',#6230);
#5060=VERTEX_POINT('',#6231);
#5061=LINE('',#6232,#6233);
#5062=VERTEX_POINT('',#6234);
#5063=CIRCLE('',#6235,0.5);
#5064=VERTEX_POINT('',#6236);
#5065=LINE('',#6237,#6238);
#5066=CIRCLE('',#6239,0.5);
#5067=FILL_AREA_STYLE_COLOUR('',#6240);
#5068=VERTEX_POINT('',#6241);
#5069=VERTEX_POINT('',#6242);
#5070=LINE('',#6243,#6244);
#5071=VERTEX_POINT('',#6245);
#5072=CIRCLE('',#6246,0.5);
#5073=VERTEX_POINT('',#6247);
#5074=LINE('',#6248,#6249);
#5075=CIRCLE('',#6250,0.5);
#5076=FILL_AREA_STYLE_COLOUR('',#6251);
#5077=VERTEX_POINT('',#6252);
#5078=VERTEX_POINT('',#6253);
#5079=LINE('',#6254,#6255);
#5080=VERTEX_POINT('',#6256);
#5081=CIRCLE('',#6257,0.5);
#5082=VERTEX_POINT('',#6258);
#5083=LINE('',#6259,#6260);
#5084=CIRCLE('',#6261,0.5);
#5085=FILL_AREA_STYLE_COLOUR('',#6262);
#5086=VERTEX_POINT('',#6263);
#5087=VERTEX_POINT('',#6264);
#5088=LINE('',#6265,#6266);
#5089=VERTEX_POINT('',#6267);
#5090=CIRCLE('',#6268,0.5);
#5091=VERTEX_POINT('',#6269);
#5092=LINE('',#6270,#6271);
#5093=CIRCLE('',#6272,0.5);
#5094=FILL_AREA_STYLE_COLOUR('',#6273);
#5095=VERTEX_POINT('',#6274);
#5096=VERTEX_POINT('',#6275);
#5097=LINE('',#6276,#6277);
#5098=VERTEX_POINT('',#6278);
#5099=CIRCLE('',#6279,0.5);
#5100=VERTEX_POINT('',#6280);
#5101=LINE('',#6281,#6282);
#5102=CIRCLE('',#6283,0.5);
#5103=FILL_AREA_STYLE_COLOUR('',#6284);
#5104=VERTEX_POINT('',#6285);
#5105=VERTEX_POINT('',#6286);
#5106=LINE('',#6287,#6288);
#5107=VERTEX_POINT('',#6289);
#5108=CIRCLE('',#6290,0.5);
#5109=VERTEX_POINT('',#6291);
#5110=LINE('',#6292,#6293);
#5111=CIRCLE('',#6294,0.5);
#5112=FILL_AREA_STYLE_COLOUR('',#6295);
#5113=VERTEX_POINT('',#6296);
#5114=VERTEX_POINT('',#6297);
#5115=LINE('',#6298,#6299);
#5116=VERTEX_POINT('',#6300);
#5117=CIRCLE('',#6301,0.5);
#5118=VERTEX_POINT('',#6302);
#5119=LINE('',#6303,#6304);
#5120=CIRCLE('',#6305,0.5);
#5121=FILL_AREA_STYLE_COLOUR('',#6306);
#5122=VERTEX_POINT('',#6307);
#5123=VERTEX_POINT('',#6308);
#5124=LINE('',#6309,#6310);
#5125=VERTEX_POINT('',#6311);
#5126=CIRCLE('',#6312,0.5);
#5127=VERTEX_POINT('',#6313);
#5128=LINE('',#6314,#6315);
#5129=CIRCLE('',#6316,0.5);
#5130=FILL_AREA_STYLE_COLOUR('',#6317);
#5131=VERTEX_POINT('',#6318);
#5132=VERTEX_POINT('',#6319);
#5133=LINE('',#6320,#6321);
#5134=VERTEX_POINT('',#6322);
#5135=CIRCLE('',#6323,0.5);
#5136=VERTEX_POINT('',#6324);
#5137=LINE('',#6325,#6326);
#5138=CIRCLE('',#6327,0.5);
#5139=FILL_AREA_STYLE_COLOUR('',#6328);
#5140=VERTEX_POINT('',#6329);
#5141=VERTEX_POINT('',#6330);
#5142=LINE('',#6331,#6332);
#5143=VERTEX_POINT('',#6333);
#5144=LINE('',#6334,#6335);
#5145=VERTEX_POINT('',#6336);
#5146=LINE('',#6337,#6338);
#5147=VERTEX_POINT('',#6339);
#5148=LINE('',#6340,#6341);
#5149=VERTEX_POINT('',#6342);
#5150=LINE('',#6343,#6344);
#5151=LINE('',#6345,#6346);
#5152=FILL_AREA_STYLE_COLOUR('',#6347);
#5153=VERTEX_POINT('',#6348);
#5154=LINE('',#6349,#6350);
#5155=VERTEX_POINT('',#6351);
#5156=LINE('',#6352,#6353);
#5157=LINE('',#6354,#6355);
#5158=FILL_AREA_STYLE_COLOUR('',#6356);
#5159=VERTEX_POINT('',#6357);
#5160=LINE('',#6358,#6359);
#5161=LINE('',#6360,#6361);
#5162=FILL_AREA_STYLE_COLOUR('',#6362);
#5163=VERTEX_POINT('',#6363);
#5164=LINE('',#6364,#6365);
#5165=LINE('',#6366,#6367);
#5166=FILL_AREA_STYLE_COLOUR('',#6368);
#5167=VERTEX_POINT('',#6369);
#5168=LINE('',#6370,#6371);
#5169=LINE('',#6372,#6373);
#5170=FILL_AREA_STYLE_COLOUR('',#6374);
#5171=VERTEX_POINT('',#6375);
#5172=LINE('',#6376,#6377);
#5173=LINE('',#6378,#6379);
#5174=FILL_AREA_STYLE_COLOUR('',#6380);
#5175=LINE('',#6381,#6382);
#5176=FILL_AREA_STYLE_COLOUR('',#6383);
#5177=VERTEX_POINT('',#6384);
#5178=VERTEX_POINT('',#6385);
#5179=LINE('',#6386,#6387);
#5180=VERTEX_POINT('',#6388);
#5181=LINE('',#6389,#6390);
#5182=VERTEX_POINT('',#6391);
#5183=LINE('',#6392,#6393);
#5184=VERTEX_POINT('',#6394);
#5185=LINE('',#6395,#6396);
#5186=VERTEX_POINT('',#6397);
#5187=LINE('',#6398,#6399);
#5188=LINE('',#6400,#6401);
#5189=FILL_AREA_STYLE_COLOUR('',#6402);
#5190=VERTEX_POINT('',#6403);
#5191=LINE('',#6404,#6405);
#5192=VERTEX_POINT('',#6406);
#5193=LINE('',#6407,#6408);
#5194=LINE('',#6409,#6410);
#5195=FILL_AREA_STYLE_COLOUR('',#6411);
#5196=VERTEX_POINT('',#6412);
#5197=LINE('',#6413,#6414);
#5198=LINE('',#6415,#6416);
#5199=FILL_AREA_STYLE_COLOUR('',#6417);
#5200=VERTEX_POINT('',#6418);
#5201=LINE('',#6419,#6420);
#5202=LINE('',#6421,#6422);
#5203=FILL_AREA_STYLE_COLOUR('',#6423);
#5204=VERTEX_POINT('',#6424);
#5205=LINE('',#6425,#6426);
#5206=LINE('',#6427,#6428);
#5207=FILL_AREA_STYLE_COLOUR('',#6429);
#5208=VERTEX_POINT('',#6430);
#5209=LINE('',#6431,#6432);
#5210=LINE('',#6433,#6434);
#5211=FILL_AREA_STYLE_COLOUR('',#6435);
#5212=LINE('',#6436,#6437);
#5213=FILL_AREA_STYLE_COLOUR('',#6438);
#5214=VERTEX_POINT('',#6439);
#5215=VERTEX_POINT('',#6440);
#5216=LINE('',#6441,#6442);
#5217=VERTEX_POINT('',#6443);
#5218=LINE('',#6444,#6445);
#5219=VERTEX_POINT('',#6446);
#5220=LINE('',#6447,#6448);
#5221=VERTEX_POINT('',#6449);
#5222=LINE('',#6450,#6451);
#5223=VERTEX_POINT('',#6452);
#5224=LINE('',#6453,#6454);
#5225=LINE('',#6455,#6456);
#5226=FILL_AREA_STYLE_COLOUR('',#6457);
#5227=VERTEX_POINT('',#6458);
#5228=LINE('',#6459,#6460);
#5229=VERTEX_POINT('',#6461);
#5230=LINE('',#6462,#6463);
#5231=LINE('',#6464,#6465);
#5232=FILL_AREA_STYLE_COLOUR('',#6466);
#5233=VERTEX_POINT('',#6467);
#5234=LINE('',#6468,#6469);
#5235=LINE('',#6470,#6471);
#5236=FILL_AREA_STYLE_COLOUR('',#6472);
#5237=VERTEX_POINT('',#6473);
#5238=LINE('',#6474,#6475);
#5239=LINE('',#6476,#6477);
#5240=FILL_AREA_STYLE_COLOUR('',#6478);
#5241=VERTEX_POINT('',#6479);
#5242=LINE('',#6480,#6481);
#5243=LINE('',#6482,#6483);
#5244=FILL_AREA_STYLE_COLOUR('',#6484);
#5245=VERTEX_POINT('',#6485);
#5246=LINE('',#6486,#6487);
#5247=LINE('',#6488,#6489);
#5248=FILL_AREA_STYLE_COLOUR('',#6490);
#5249=LINE('',#6491,#6492);
#5250=FILL_AREA_STYLE_COLOUR('',#6493);
#5251=VERTEX_POINT('',#6494);
#5252=VERTEX_POINT('',#6495);
#5253=LINE('',#6496,#6497);
#5254=VERTEX_POINT('',#6498);
#5255=LINE('',#6499,#6500);
#5256=VERTEX_POINT('',#6501);
#5257=LINE('',#6502,#6503);
#5258=VERTEX_POINT('',#6504);
#5259=LINE('',#6505,#6506);
#5260=VERTEX_POINT('',#6507);
#5261=LINE('',#6508,#6509);
#5262=LINE('',#6510,#6511);
#5263=FILL_AREA_STYLE_COLOUR('',#6512);
#5264=VERTEX_POINT('',#6513);
#5265=LINE('',#6514,#6515);
#5266=VERTEX_POINT('',#6516);
#5267=LINE('',#6517,#6518);
#5268=LINE('',#6519,#6520);
#5269=FILL_AREA_STYLE_COLOUR('',#6521);
#5270=VERTEX_POINT('',#6522);
#5271=LINE('',#6523,#6524);
#5272=LINE('',#6525,#6526);
#5273=FILL_AREA_STYLE_COLOUR('',#6527);
#5274=VERTEX_POINT('',#6528);
#5275=LINE('',#6529,#6530);
#5276=LINE('',#6531,#6532);
#5277=FILL_AREA_STYLE_COLOUR('',#6533);
#5278=VERTEX_POINT('',#6534);
#5279=LINE('',#6535,#6536);
#5280=LINE('',#6537,#6538);
#5281=FILL_AREA_STYLE_COLOUR('',#6539);
#5282=VERTEX_POINT('',#6540);
#5283=LINE('',#6541,#6542);
#5284=LINE('',#6543,#6544);
#5285=FILL_AREA_STYLE_COLOUR('',#6545);
#5286=LINE('',#6546,#6547);
#5287=FILL_AREA_STYLE_COLOUR('',#6548);
#5288=VERTEX_POINT('',#6549);
#5289=VERTEX_POINT('',#6550);
#5290=LINE('',#6551,#6552);
#5291=VERTEX_POINT('',#6553);
#5292=LINE('',#6554,#6555);
#5293=VERTEX_POINT('',#6556);
#5294=LINE('',#6557,#6558);
#5295=VERTEX_POINT('',#6559);
#5296=LINE('',#6560,#6561);
#5297=VERTEX_POINT('',#6562);
#5298=LINE('',#6563,#6564);
#5299=LINE('',#6565,#6566);
#5300=FILL_AREA_STYLE_COLOUR('',#6567);
#5301=VERTEX_POINT('',#6568);
#5302=LINE('',#6569,#6570);
#5303=VERTEX_POINT('',#6571);
#5304=LINE('',#6572,#6573);
#5305=LINE('',#6574,#6575);
#5306=FILL_AREA_STYLE_COLOUR('',#6576);
#5307=VERTEX_POINT('',#6577);
#5308=LINE('',#6578,#6579);
#5309=LINE('',#6580,#6581);
#5310=FILL_AREA_STYLE_COLOUR('',#6582);
#5311=VERTEX_POINT('',#6583);
#5312=LINE('',#6584,#6585);
#5313=LINE('',#6586,#6587);
#5314=FILL_AREA_STYLE_COLOUR('',#6588);
#5315=VERTEX_POINT('',#6589);
#5316=LINE('',#6590,#6591);
#5317=LINE('',#6592,#6593);
#5318=FILL_AREA_STYLE_COLOUR('',#6594);
#5319=VERTEX_POINT('',#6595);
#5320=LINE('',#6596,#6597);
#5321=LINE('',#6598,#6599);
#5322=FILL_AREA_STYLE_COLOUR('',#6600);
#5323=LINE('',#6601,#6602);
#5324=FILL_AREA_STYLE_COLOUR('',#6603);
#5325=VERTEX_POINT('',#6604);
#5326=VERTEX_POINT('',#6605);
#5327=LINE('',#6606,#6607);
#5328=VERTEX_POINT('',#6608);
#5329=LINE('',#6609,#6610);
#5330=VERTEX_POINT('',#6611);
#5331=LINE('',#6612,#6613);
#5332=VERTEX_POINT('',#6614);
#5333=LINE('',#6615,#6616);
#5334=VERTEX_POINT('',#6617);
#5335=LINE('',#6618,#6619);
#5336=LINE('',#6620,#6621);
#5337=FILL_AREA_STYLE_COLOUR('',#6622);
#5338=VERTEX_POINT('',#6623);
#5339=LINE('',#6624,#6625);
#5340=VERTEX_POINT('',#6626);
#5341=LINE('',#6627,#6628);
#5342=LINE('',#6629,#6630);
#5343=FILL_AREA_STYLE_COLOUR('',#6631);
#5344=VERTEX_POINT('',#6632);
#5345=LINE('',#6633,#6634);
#5346=VERTEX_POINT('',#6635);
#5347=LINE('',#6636,#6637);
#5348=LINE('',#6638,#6639);
#5349=FILL_AREA_STYLE_COLOUR('',#6640);
#5350=VERTEX_POINT('',#6641);
#5351=LINE('',#6642,#6643);
#5352=LINE('',#6644,#6645);
#5353=FILL_AREA_STYLE_COLOUR('',#6646);
#5354=VERTEX_POINT('',#6647);
#5355=LINE('',#6648,#6649);
#5356=LINE('',#6650,#6651);
#5357=FILL_AREA_STYLE_COLOUR('',#6652);
#5358=LINE('',#6653,#6654);
#5359=FILL_AREA_STYLE_COLOUR('',#6655);
#5360=LINE('',#6656,#6657);
#5361=FILL_AREA_STYLE_COLOUR('',#6658);
#5362=VERTEX_POINT('',#6659);
#5363=VERTEX_POINT('',#6660);
#5364=LINE('',#6661,#6662);
#5365=VERTEX_POINT('',#6663);
#5366=LINE('',#6664,#6665);
#5367=VERTEX_POINT('',#6666);
#5368=LINE('',#6667,#6668);
#5369=VERTEX_POINT('',#6669);
#5370=LINE('',#6670,#6671);
#5371=VERTEX_POINT('',#6672);
#5372=LINE('',#6673,#6674);
#5373=LINE('',#6675,#6676);
#5374=FILL_AREA_STYLE_COLOUR('',#6677);
#5375=VERTEX_POINT('',#6678);
#5376=LINE('',#6679,#6680);
#5377=VERTEX_POINT('',#6681);
#5378=LINE('',#6682,#6683);
#5379=LINE('',#6684,#6685);
#5380=FILL_AREA_STYLE_COLOUR('',#6686);
#5381=VERTEX_POINT('',#6687);
#5382=LINE('',#6688,#6689);
#5383=VERTEX_POINT('',#6690);
#5384=LINE('',#6691,#6692);
#5385=LINE('',#6693,#6694);
#5386=FILL_AREA_STYLE_COLOUR('',#6695);
#5387=VERTEX_POINT('',#6696);
#5388=LINE('',#6697,#6698);
#5389=LINE('',#6699,#6700);
#5390=FILL_AREA_STYLE_COLOUR('',#6701);
#5391=VERTEX_POINT('',#6702);
#5392=LINE('',#6703,#6704);
#5393=LINE('',#6705,#6706);
#5394=FILL_AREA_STYLE_COLOUR('',#6707);
#5395=LINE('',#6708,#6709);
#5396=FILL_AREA_STYLE_COLOUR('',#6710);
#5397=LINE('',#6711,#6712);
#5398=FILL_AREA_STYLE_COLOUR('',#6713);
#5399=VERTEX_POINT('',#6714);
#5400=VERTEX_POINT('',#6715);
#5401=LINE('',#6716,#6717);
#5402=VERTEX_POINT('',#6718);
#5403=LINE('',#6719,#6720);
#5404=VERTEX_POINT('',#6721);
#5405=LINE('',#6722,#6723);
#5406=VERTEX_POINT('',#6724);
#5407=LINE('',#6725,#6726);
#5408=VERTEX_POINT('',#6727);
#5409=LINE('',#6728,#6729);
#5410=LINE('',#6730,#6731);
#5411=FILL_AREA_STYLE_COLOUR('',#6732);
#5412=VERTEX_POINT('',#6733);
#5413=LINE('',#6734,#6735);
#5414=VERTEX_POINT('',#6736);
#5415=LINE('',#6737,#6738);
#5416=LINE('',#6739,#6740);
#5417=FILL_AREA_STYLE_COLOUR('',#6741);
#5418=VERTEX_POINT('',#6742);
#5419=LINE('',#6743,#6744);
#5420=VERTEX_POINT('',#6745);
#5421=LINE('',#6746,#6747);
#5422=LINE('',#6748,#6749);
#5423=FILL_AREA_STYLE_COLOUR('',#6750);
#5424=VERTEX_POINT('',#6751);
#5425=LINE('',#6752,#6753);
#5426=LINE('',#6754,#6755);
#5427=FILL_AREA_STYLE_COLOUR('',#6756);
#5428=VERTEX_POINT('',#6757);
#5429=LINE('',#6758,#6759);
#5430=LINE('',#6760,#6761);
#5431=FILL_AREA_STYLE_COLOUR('',#6762);
#5432=LINE('',#6763,#6764);
#5433=FILL_AREA_STYLE_COLOUR('',#6765);
#5434=LINE('',#6766,#6767);
#5435=FILL_AREA_STYLE_COLOUR('',#6768);
#5436=VERTEX_POINT('',#6769);
#5437=VERTEX_POINT('',#6770);
#5438=LINE('',#6771,#6772);
#5439=VERTEX_POINT('',#6773);
#5440=LINE('',#6774,#6775);
#5441=VERTEX_POINT('',#6776);
#5442=LINE('',#6777,#6778);
#5443=VERTEX_POINT('',#6779);
#5444=LINE('',#6780,#6781);
#5445=VERTEX_POINT('',#6782);
#5446=LINE('',#6783,#6784);
#5447=LINE('',#6785,#6786);
#5448=FILL_AREA_STYLE_COLOUR('',#6787);
#5449=VERTEX_POINT('',#6788);
#5450=LINE('',#6789,#6790);
#5451=VERTEX_POINT('',#6791);
#5452=LINE('',#6792,#6793);
#5453=LINE('',#6794,#6795);
#5454=FILL_AREA_STYLE_COLOUR('',#6796);
#5455=VERTEX_POINT('',#6797);
#5456=LINE('',#6798,#6799);
#5457=VERTEX_POINT('',#6800);
#5458=LINE('',#6801,#6802);
#5459=LINE('',#6803,#6804);
#5460=FILL_AREA_STYLE_COLOUR('',#6805);
#5461=VERTEX_POINT('',#6806);
#5462=LINE('',#6807,#6808);
#5463=LINE('',#6809,#6810);
#5464=FILL_AREA_STYLE_COLOUR('',#6811);
#5465=VERTEX_POINT('',#6812);
#5466=LINE('',#6813,#6814);
#5467=LINE('',#6815,#6816);
#5468=FILL_AREA_STYLE_COLOUR('',#6817);
#5469=LINE('',#6818,#6819);
#5470=FILL_AREA_STYLE_COLOUR('',#6820);
#5471=LINE('',#6821,#6822);
#5472=FILL_AREA_STYLE_COLOUR('',#6823);
#5473=VERTEX_POINT('',#6824);
#5474=VERTEX_POINT('',#6825);
#5475=LINE('',#6826,#6827);
#5476=VERTEX_POINT('',#6828);
#5477=LINE('',#6829,#6830);
#5478=VERTEX_POINT('',#6831);
#5479=LINE('',#6832,#6833);
#5480=VERTEX_POINT('',#6834);
#5481=LINE('',#6835,#6836);
#5482=VERTEX_POINT('',#6837);
#5483=LINE('',#6838,#6839);
#5484=LINE('',#6840,#6841);
#5485=FILL_AREA_STYLE_COLOUR('',#6842);
#5486=VERTEX_POINT('',#6843);
#5487=LINE('',#6844,#6845);
#5488=VERTEX_POINT('',#6846);
#5489=LINE('',#6847,#6848);
#5490=LINE('',#6849,#6850);
#5491=FILL_AREA_STYLE_COLOUR('',#6851);
#5492=VERTEX_POINT('',#6852);
#5493=LINE('',#6853,#6854);
#5494=VERTEX_POINT('',#6855);
#5495=LINE('',#6856,#6857);
#5496=LINE('',#6858,#6859);
#5497=FILL_AREA_STYLE_COLOUR('',#6860);
#5498=VERTEX_POINT('',#6861);
#5499=LINE('',#6862,#6863);
#5500=LINE('',#6864,#6865);
#5501=FILL_AREA_STYLE_COLOUR('',#6866);
#5502=VERTEX_POINT('',#6867);
#5503=LINE('',#6868,#6869);
#5504=LINE('',#6870,#6871);
#5505=FILL_AREA_STYLE_COLOUR('',#6872);
#5506=LINE('',#6873,#6874);
#5507=FILL_AREA_STYLE_COLOUR('',#6875);
#5508=LINE('',#6876,#6877);
#5509=FILL_AREA_STYLE_COLOUR('',#6878);
#5510=VERTEX_POINT('',#6879);
#5511=VERTEX_POINT('',#6880);
#5512=LINE('',#6881,#6882);
#5513=VERTEX_POINT('',#6883);
#5514=LINE('',#6884,#6885);
#5515=VERTEX_POINT('',#6886);
#5516=LINE('',#6887,#6888);
#5517=VERTEX_POINT('',#6889);
#5518=LINE('',#6890,#6891);
#5519=VERTEX_POINT('',#6892);
#5520=LINE('',#6893,#6894);
#5521=LINE('',#6895,#6896);
#5522=FILL_AREA_STYLE_COLOUR('',#6897);
#5523=VERTEX_POINT('',#6898);
#5524=LINE('',#6899,#6900);
#5525=VERTEX_POINT('',#6901);
#5526=LINE('',#6902,#6903);
#5527=LINE('',#6904,#6905);
#5528=FILL_AREA_STYLE_COLOUR('',#6906);
#5529=VERTEX_POINT('',#6907);
#5530=LINE('',#6908,#6909);
#5531=LINE('',#6910,#6911);
#5532=FILL_AREA_STYLE_COLOUR('',#6912);
#5533=VERTEX_POINT('',#6913);
#5534=LINE('',#6914,#6915);
#5535=LINE('',#6916,#6917);
#5536=FILL_AREA_STYLE_COLOUR('',#6918);
#5537=VERTEX_POINT('',#6919);
#5538=LINE('',#6920,#6921);
#5539=LINE('',#6922,#6923);
#5540=FILL_AREA_STYLE_COLOUR('',#6924);
#5541=VERTEX_POINT('',#6925);
#5542=LINE('',#6926,#6927);
#5543=LINE('',#6928,#6929);
#5544=FILL_AREA_STYLE_COLOUR('',#6930);
#5545=LINE('',#6931,#6932);
#5546=FILL_AREA_STYLE_COLOUR('',#6933);
#5547=VERTEX_POINT('',#6934);
#5548=VERTEX_POINT('',#6935);
#5549=LINE('',#6936,#6937);
#5550=VERTEX_POINT('',#6938);
#5551=LINE('',#6939,#6940);
#5552=VERTEX_POINT('',#6941);
#5553=LINE('',#6942,#6943);
#5554=VERTEX_POINT('',#6944);
#5555=LINE('',#6945,#6946);
#5556=VERTEX_POINT('',#6947);
#5557=LINE('',#6948,#6949);
#5558=LINE('',#6950,#6951);
#5559=FILL_AREA_STYLE_COLOUR('',#6952);
#5560=VERTEX_POINT('',#6953);
#5561=LINE('',#6954,#6955);
#5562=VERTEX_POINT('',#6956);
#5563=LINE('',#6957,#6958);
#5564=LINE('',#6959,#6960);
#5565=FILL_AREA_STYLE_COLOUR('',#6961);
#5566=VERTEX_POINT('',#6962);
#5567=LINE('',#6963,#6964);
#5568=LINE('',#6965,#6966);
#5569=FILL_AREA_STYLE_COLOUR('',#6967);
#5570=VERTEX_POINT('',#6968);
#5571=LINE('',#6969,#6970);
#5572=LINE('',#6971,#6972);
#5573=FILL_AREA_STYLE_COLOUR('',#6973);
#5574=VERTEX_POINT('',#6974);
#5575=LINE('',#6975,#6976);
#5576=LINE('',#6977,#6978);
#5577=FILL_AREA_STYLE_COLOUR('',#6979);
#5578=VERTEX_POINT('',#6980);
#5579=LINE('',#6981,#6982);
#5580=LINE('',#6983,#6984);
#5581=FILL_AREA_STYLE_COLOUR('',#6985);
#5582=LINE('',#6986,#6987);
#5583=FILL_AREA_STYLE_COLOUR('',#6988);
#5584=VERTEX_POINT('',#6989);
#5585=VERTEX_POINT('',#6990);
#5586=LINE('',#6991,#6992);
#5587=VERTEX_POINT('',#6993);
#5588=LINE('',#6994,#6995);
#5589=VERTEX_POINT('',#6996);
#5590=LINE('',#6997,#6998);
#5591=VERTEX_POINT('',#6999);
#5592=LINE('',#7000,#7001);
#5593=VERTEX_POINT('',#7002);
#5594=LINE('',#7003,#7004);
#5595=LINE('',#7005,#7006);
#5596=FILL_AREA_STYLE_COLOUR('',#7007);
#5597=VERTEX_POINT('',#7008);
#5598=LINE('',#7009,#7010);
#5599=VERTEX_POINT('',#7011);
#5600=LINE('',#7012,#7013);
#5601=LINE('',#7014,#7015);
#5602=FILL_AREA_STYLE_COLOUR('',#7016);
#5603=VERTEX_POINT('',#7017);
#5604=LINE('',#7018,#7019);
#5605=LINE('',#7020,#7021);
#5606=FILL_AREA_STYLE_COLOUR('',#7022);
#5607=VERTEX_POINT('',#7023);
#5608=LINE('',#7024,#7025);
#5609=LINE('',#7026,#7027);
#5610=FILL_AREA_STYLE_COLOUR('',#7028);
#5611=VERTEX_POINT('',#7029);
#5612=LINE('',#7030,#7031);
#5613=LINE('',#7032,#7033);
#5614=FILL_AREA_STYLE_COLOUR('',#7034);
#5615=VERTEX_POINT('',#7035);
#5616=LINE('',#7036,#7037);
#5617=LINE('',#7038,#7039);
#5618=FILL_AREA_STYLE_COLOUR('',#7040);
#5619=LINE('',#7041,#7042);
#5620=FILL_AREA_STYLE_COLOUR('',#7043);
#5621=VERTEX_POINT('',#7044);
#5622=VERTEX_POINT('',#7045);
#5623=LINE('',#7046,#7047);
#5624=VERTEX_POINT('',#7048);
#5625=LINE('',#7049,#7050);
#5626=VERTEX_POINT('',#7051);
#5627=LINE('',#7052,#7053);
#5628=VERTEX_POINT('',#7054);
#5629=LINE('',#7055,#7056);
#5630=VERTEX_POINT('',#7057);
#5631=LINE('',#7058,#7059);
#5632=LINE('',#7060,#7061);
#5633=FILL_AREA_STYLE_COLOUR('',#7062);
#5634=VERTEX_POINT('',#7063);
#5635=LINE('',#7064,#7065);
#5636=VERTEX_POINT('',#7066);
#5637=LINE('',#7067,#7068);
#5638=LINE('',#7069,#7070);
#5639=FILL_AREA_STYLE_COLOUR('',#7071);
#5640=VERTEX_POINT('',#7072);
#5641=LINE('',#7073,#7074);
#5642=LINE('',#7075,#7076);
#5643=FILL_AREA_STYLE_COLOUR('',#7077);
#5644=VERTEX_POINT('',#7078);
#5645=LINE('',#7079,#7080);
#5646=LINE('',#7081,#7082);
#5647=FILL_AREA_STYLE_COLOUR('',#7083);
#5648=VERTEX_POINT('',#7084);
#5649=LINE('',#7085,#7086);
#5650=LINE('',#7087,#7088);
#5651=FILL_AREA_STYLE_COLOUR('',#7089);
#5652=VERTEX_POINT('',#7090);
#5653=LINE('',#7091,#7092);
#5654=LINE('',#7093,#7094);
#5655=FILL_AREA_STYLE_COLOUR('',#7095);
#5656=LINE('',#7096,#7097);
#5657=FILL_AREA_STYLE_COLOUR('',#7098);
#5658=VERTEX_POINT('',#7099);
#5659=VERTEX_POINT('',#7100);
#5660=LINE('',#7101,#7102);
#5661=VERTEX_POINT('',#7103);
#5662=LINE('',#7104,#7105);
#5663=VERTEX_POINT('',#7106);
#5664=LINE('',#7107,#7108);
#5665=VERTEX_POINT('',#7109);
#5666=LINE('',#7110,#7111);
#5667=VERTEX_POINT('',#7112);
#5668=LINE('',#7113,#7114);
#5669=LINE('',#7115,#7116);
#5670=FILL_AREA_STYLE_COLOUR('',#7117);
#5671=VERTEX_POINT('',#7118);
#5672=LINE('',#7119,#7120);
#5673=VERTEX_POINT('',#7121);
#5674=LINE('',#7122,#7123);
#5675=LINE('',#7124,#7125);
#5676=FILL_AREA_STYLE_COLOUR('',#7126);
#5677=VERTEX_POINT('',#7127);
#5678=LINE('',#7128,#7129);
#5679=LINE('',#7130,#7131);
#5680=FILL_AREA_STYLE_COLOUR('',#7132);
#5681=VERTEX_POINT('',#7133);
#5682=LINE('',#7134,#7135);
#5683=LINE('',#7136,#7137);
#5684=FILL_AREA_STYLE_COLOUR('',#7138);
#5685=VERTEX_POINT('',#7139);
#5686=LINE('',#7140,#7141);
#5687=LINE('',#7142,#7143);
#5688=FILL_AREA_STYLE_COLOUR('',#7144);
#5689=VERTEX_POINT('',#7145);
#5690=LINE('',#7146,#7147);
#5691=LINE('',#7148,#7149);
#5692=FILL_AREA_STYLE_COLOUR('',#7150);
#5693=LINE('',#7151,#7152);
#5694=FILL_AREA_STYLE_COLOUR('',#7153);
#5695=VERTEX_POINT('',#7154);
#5696=VERTEX_POINT('',#7155);
#5697=LINE('',#7156,#7157);
#5698=VERTEX_POINT('',#7158);
#5699=LINE('',#7159,#7160);
#5700=VERTEX_POINT('',#7161);
#5701=CIRCLE('',#7162,2.00191749436025);
#5702=VERTEX_POINT('',#7163);
#5703=LINE('',#7164,#7165);
#5704=VERTEX_POINT('',#7166);
#5705=CIRCLE('',#7167,2.0);
#5706=LINE('',#7168,#7169);
#5707=FILL_AREA_STYLE_COLOUR('',#7170);
#5708=VERTEX_POINT('',#7171);
#5709=LINE('',#7172,#7173);
#5710=VERTEX_POINT('',#7174);
#5711=LINE('',#7175,#7176);
#5712=LINE('',#7177,#7178);
#5713=FILL_AREA_STYLE_COLOUR('',#7179);
#5714=VERTEX_POINT('',#7180);
#5715=LINE('',#7181,#7182);
#5716=VERTEX_POINT('',#7183);
#5717=LINE('',#7184,#7185);
#5718=LINE('',#7186,#7187);
#5719=FILL_AREA_STYLE_COLOUR('',#7188);
#5720=VERTEX_POINT('',#7189);
#5721=VERTEX_POINT('',#7190);
#5722=ELLIPSE('',#7191,0.707106781186547,0.5);
#5723=VERTEX_POINT('',#7192);
#5724=LINE('',#7193,#7194);
#5725=VERTEX_POINT('',#7195);
#5726=ELLIPSE('',#7196,0.707106781186548,0.5);
#5727=LINE('',#7197,#7198);
#5728=FILL_AREA_STYLE_COLOUR('',#7199);
#5729=VERTEX_POINT('',#7200);
#5730=LINE('',#7201,#7202);
#5731=VERTEX_POINT('',#7203);
#5732=LINE('',#7204,#7205);
#5733=LINE('',#7206,#7207);
#5734=FILL_AREA_STYLE_COLOUR('',#7208);
#5735=VERTEX_POINT('',#7209);
#5736=VERTEX_POINT('',#7210);
#5737=ELLIPSE('',#7211,0.707106781186507,0.499999999999943);
#5738=VERTEX_POINT('',#7212);
#5739=LINE('',#7213,#7214);
#5740=VERTEX_POINT('',#7215);
#5741=ELLIPSE('',#7216,0.707106781186507,0.499999999999943);
#5742=LINE('',#7217,#7218);
#5743=FILL_AREA_STYLE_COLOUR('',#7219);
#5744=VERTEX_POINT('',#7220);
#5745=LINE('',#7221,#7222);
#5746=VERTEX_POINT('',#7223);
#5747=LINE('',#7224,#7225);
#5748=LINE('',#7226,#7227);
#5749=FILL_AREA_STYLE_COLOUR('',#7228);
#5750=VERTEX_POINT('',#7229);
#5751=CIRCLE('',#7230,2.0);
#5752=B_SPLINE_CURVE_WITH_KNOTS('',3,(#7231,#7232,#7233,#7234,#7235,#7236,#7237,#7238,#7239,#7240,#7241,#7242,#7243,#7244,#7245,#7246,#7247,#7248,#7249,#7250,#7251,#7252,#7253,#7254,#7255,#7256,#7257,#7258,#7259),.UNSPECIFIED.,.F.,.F.,(4,2,2,2,2,2,2,2,2,2,2,2,3,4),(-3.93040420952831,-3.58029824773491,-3.19200803425945,-2.80371782078399,-2.41542760730854,-2.02713739383308,-1.52035304537481,-1.01356869691654,-0.50678434845827,-0.253392174229136,-0.126696087114569,-0.0633480435572853,0.0,0.0633480435572838),.UNSPECIFIED.);
#5753=B_SPLINE_CURVE_WITH_KNOTS('',3,(#7260,#7261,#7262,#7263,#7264,#7265,#7266,#7267,#7268,#7269,#7270,#7271,#7272,#7273,#7274,#7275,#7276,#7277,#7278,#7279,#7280,#7281,#7282,#7283,#7284,#7285,#7286,#7287,#7288),.UNSPECIFIED.,.F.,.F.,(4,3,2,2,2,2,2,2,2,2,2,2,2,4),(-0.0633480435572835,0.0,0.064607689795826,0.129215379591652,0.258430759183304,0.516861518366608,1.03372303673322,1.55058455509982,2.06744607346643,2.4471457866434,2.82684549982036,3.20654521299732,3.58624492617428,3.9408543416314),.UNSPECIFIED.);
#5754=FILL_AREA_STYLE_COLOUR('',#7289);
#5755=VERTEX_POINT('',#7290);
#5756=B_SPLINE_CURVE_WITH_KNOTS('',3,(#7291,#7292,#7293,#7294,#7295,#7296,#7297,#7298,#7299,#7300,#7301,#7302,#7303,#7304,#7305,#7306,#7307,#7308,#7309,#7310,#7311,#7312,#7313,#7314,#7315,#7316,#7317,#7318,#7319),.UNSPECIFIED.,.F.,.F.,(4,2,2,2,2,2,2,2,2,2,2,2,3,4),(-3.93029425814194,-3.58031322328116,-3.19187558552833,-2.80343794777549,-2.41500031002265,-2.02656267226981,-1.51992200420236,-1.0132813361349,-0.506640668067453,-0.253320334033726,-0.126660167016864,-0.0633300835084309,0.0,0.0633300835084314),.UNSPECIFIED.);
#5757=B_SPLINE_CURVE_WITH_KNOTS('',3,(#7320,#7321,#7322,#7323,#7324,#7325,#7326,#7327,#7328,#7329,#7330,#7331,#7332,#7333,#7334,#7335,#7336,#7337,#7338,#7339,#7340,#7341,#7342,#7343,#7344,#7345,#7346,#7347,#7348),.UNSPECIFIED.,.F.,.F.,(4,3,2,2,2,2,2,2,2,2,2,2,2,4),(-0.0633300835084309,0.0,0.0633300835084311,0.126660167016862,0.253320334033724,0.506640668067449,1.0132813361349,1.51992200420235,2.02656267226979,2.41500031002263,2.80343794777547,3.19187558552831,3.58031322328114,3.93029425814192),.UNSPECIFIED.);
#5758=CIRCLE('',#7349,2.00191749436025);
#5759=FILL_AREA_STYLE_COLOUR('',#7350);
#5760=LINE('',#7351,#7352);
#5761=LINE('',#7353,#7354);
#5762=FILL_AREA_STYLE_COLOUR('',#7355);
#5763=LINE('',#7356,#7357);
#5764=FILL_AREA_STYLE_COLOUR('',#7358);
#5765=LINE('',#7359,#7360);
#5766=FILL_AREA_STYLE_COLOUR('',#7361);
#5767=LINE('',#7362,#7363);
#5768=FILL_AREA_STYLE_COLOUR('',#7364);
#5769=LINE('',#7365,#7366);
#5770=FILL_AREA_STYLE_COLOUR('',#7367);
#5771=LINE('',#7368,#7369);
#5772=FILL_AREA_STYLE_COLOUR('',#7370);
#5773=LINE('',#7371,#7372);
#5774=FILL_AREA_STYLE_COLOUR('',#7373);
#5775=FILL_AREA_STYLE_COLOUR('',#7374);
#5776=VERTEX_POINT('',#7375);
#5777=VERTEX_POINT('',#7376);
#5778=LINE('',#7377,#7378);
#5779=VERTEX_POINT('',#7379);
#5780=LINE('',#7380,#7381);
#5781=VERTEX_POINT('',#7382);
#5782=LINE('',#7383,#7384);
#5783=LINE('',#7385,#7386);
#5784=FILL_AREA_STYLE_COLOUR('',#7387);
#5785=VERTEX_POINT('',#7388);
#5786=LINE('',#7389,#7390);
#5787=VERTEX_POINT('',#7391);
#5788=LINE('',#7392,#7393);
#5789=LINE('',#7394,#7395);
#5790=FILL_AREA_STYLE_COLOUR('',#7396);
#5791=VERTEX_POINT('',#7397);
#5792=LINE('',#7398,#7399);
#5793=VERTEX_POINT('',#7400);
#5794=LINE('',#7401,#7402);
#5795=LINE('',#7403,#7404);
#5796=FILL_AREA_STYLE_COLOUR('',#7405);
#5797=VERTEX_POINT('',#7406);
#5798=CIRCLE('',#7407,0.500000250000085);
#5799=VERTEX_POINT('',#7408);
#5800=CIRCLE('',#7409,0.500000250000085);
#5801=LINE('',#7410,#7411);
#5802=FILL_AREA_STYLE_COLOUR('',#7412);
#5803=VERTEX_POINT('',#7413);
#5804=CIRCLE('',#7414,0.500000250000085);
#5805=VERTEX_POINT('',#7415);
#5806=LINE('',#7416,#7417);
#5807=CIRCLE('',#7418,0.500000250000085);
#5808=FILL_AREA_STYLE_COLOUR('',#7419);
#5809=LINE('',#7420,#7421);
#5810=LINE('',#7422,#7423);
#5811=FILL_AREA_STYLE_COLOUR('',#7424);
#5812=FILL_AREA_STYLE_COLOUR('',#7425);
#5813=VERTEX_POINT('',#7426);
#5814=VERTEX_POINT('',#7427);
#5815=LINE('',#7428,#7429);
#5816=VERTEX_POINT('',#7430);
#5817=LINE('',#7431,#7432);
#5818=VERTEX_POINT('',#7433);
#5819=LINE('',#7434,#7435);
#5820=LINE('',#7436,#7437);
#5821=FILL_AREA_STYLE_COLOUR('',#7438);
#5822=VERTEX_POINT('',#7439);
#5823=LINE('',#7440,#7441);
#5824=VERTEX_POINT('',#7442);
#5825=LINE('',#7443,#7444);
#5826=LINE('',#7445,#7446);
#5827=FILL_AREA_STYLE_COLOUR('',#7447);
#5828=VERTEX_POINT('',#7448);
#5829=LINE('',#7449,#7450);
#5830=VERTEX_POINT('',#7451);
#5831=LINE('',#7452,#7453);
#5832=LINE('',#7454,#7455);
#5833=FILL_AREA_STYLE_COLOUR('',#7456);
#5834=VERTEX_POINT('',#7457);
#5835=CIRCLE('',#7458,0.500000250000085);
#5836=VERTEX_POINT('',#7459);
#5837=CIRCLE('',#7460,0.500000250000085);
#5838=LINE('',#7461,#7462);
#5839=FILL_AREA_STYLE_COLOUR('',#7463);
#5840=VERTEX_POINT('',#7464);
#5841=CIRCLE('',#7465,0.500000250000085);
#5842=VERTEX_POINT('',#7466);
#5843=LINE('',#7467,#7468);
#5844=CIRCLE('',#7469,0.500000250000085);
#5845=FILL_AREA_STYLE_COLOUR('',#7470);
#5846=LINE('',#7471,#7472);
#5847=LINE('',#7473,#7474);
#5848=FILL_AREA_STYLE_COLOUR('',#7475);
#5849=FILL_AREA_STYLE_COLOUR('',#7476);
#5850=VERTEX_POINT('',#7477);
#5851=VERTEX_POINT('',#7478);
#5852=LINE('',#7479,#7480);
#5853=VERTEX_POINT('',#7481);
#5854=LINE('',#7482,#7483);
#5855=VERTEX_POINT('',#7484);
#5856=LINE('',#7485,#7486);
#5857=LINE('',#7487,#7488);
#5858=FILL_AREA_STYLE_COLOUR('',#7489);
#5859=VERTEX_POINT('',#7490);
#5860=LINE('',#7491,#7492);
#5861=VERTEX_POINT('',#7493);
#5862=LINE('',#7494,#7495);
#5863=LINE('',#7496,#7497);
#5864=FILL_AREA_STYLE_COLOUR('',#7498);
#5865=VERTEX_POINT('',#7499);
#5866=LINE('',#7500,#7501);
#5867=VERTEX_POINT('',#7502);
#5868=LINE('',#7503,#7504);
#5869=LINE('',#7505,#7506);
#5870=FILL_AREA_STYLE_COLOUR('',#7507);
#5871=VERTEX_POINT('',#7508);
#5872=CIRCLE('',#7509,0.500000250000085);
#5873=VERTEX_POINT('',#7510);
#5874=CIRCLE('',#7511,0.500000250000085);
#5875=LINE('',#7512,#7513);
#5876=FILL_AREA_STYLE_COLOUR('',#7514);
#5877=VERTEX_POINT('',#7515);
#5878=CIRCLE('',#7516,0.500000250000085);
#5879=VERTEX_POINT('',#7517);
#5880=LINE('',#7518,#7519);
#5881=CIRCLE('',#7520,0.500000250000085);
#5882=FILL_AREA_STYLE_COLOUR('',#7521);
#5883=LINE('',#7522,#7523);
#5884=LINE('',#7524,#7525);
#5885=FILL_AREA_STYLE_COLOUR('',#7526);
#5886=FILL_AREA_STYLE_COLOUR('',#7527);
#5887=VERTEX_POINT('',#7528);
#5888=VERTEX_POINT('',#7529);
#5889=LINE('',#7530,#7531);
#5890=VERTEX_POINT('',#7532);
#5891=LINE('',#7533,#7534);
#5892=VERTEX_POINT('',#7535);
#5893=LINE('',#7536,#7537);
#5894=LINE('',#7538,#7539);
#5895=FILL_AREA_STYLE_COLOUR('',#7540);
#5896=VERTEX_POINT('',#7541);
#5897=LINE('',#7542,#7543);
#5898=VERTEX_POINT('',#7544);
#5899=LINE('',#7545,#7546);
#5900=LINE('',#7547,#7548);
#5901=FILL_AREA_STYLE_COLOUR('',#7549);
#5902=VERTEX_POINT('',#7550);
#5903=LINE('',#7551,#7552);
#5904=VERTEX_POINT('',#7553);
#5905=LINE('',#7554,#7555);
#5906=LINE('',#7556,#7557);
#5907=FILL_AREA_STYLE_COLOUR('',#7558);
#5908=VERTEX_POINT('',#7559);
#5909=CIRCLE('',#7560,0.500000250000085);
#5910=VERTEX_POINT('',#7561);
#5911=CIRCLE('',#7562,0.500000250000085);
#5912=LINE('',#7563,#7564);
#5913=FILL_AREA_STYLE_COLOUR('',#7565);
#5914=VERTEX_POINT('',#7566);
#5915=CIRCLE('',#7567,0.500000250000085);
#5916=VERTEX_POINT('',#7568);
#5917=LINE('',#7569,#7570);
#5918=CIRCLE('',#7571,0.500000250000085);
#5919=FILL_AREA_STYLE_COLOUR('',#7572);
#5920=LINE('',#7573,#7574);
#5921=LINE('',#7575,#7576);
#5922=FILL_AREA_STYLE_COLOUR('',#7577);
#5923=FILL_AREA_STYLE_COLOUR('',#7578);
#5924=CIRCLE('',#7579,0.5);
#5925=CIRCLE('',#7580,0.5);
#5926=FILL_AREA_STYLE_COLOUR('',#7581);
#5927=FILL_AREA_STYLE_COLOUR('',#7582);
#5928=CIRCLE('',#7583,0.5);
#5929=CIRCLE('',#7584,0.5);
#5930=FILL_AREA_STYLE_COLOUR('',#7585);
#5931=FILL_AREA_STYLE_COLOUR('',#7586);
#5932=CIRCLE('',#7587,0.5);
#5933=CIRCLE('',#7588,0.5);
#5934=FILL_AREA_STYLE_COLOUR('',#7589);
#5935=FILL_AREA_STYLE_COLOUR('',#7590);
#5936=CIRCLE('',#7591,0.5);
#5937=CIRCLE('',#7592,0.5);
#5938=FILL_AREA_STYLE_COLOUR('',#7593);
#5939=FILL_AREA_STYLE_COLOUR('',#7594);
#5940=CIRCLE('',#7595,0.5);
#5941=CIRCLE('',#7596,0.5);
#5942=FILL_AREA_STYLE_COLOUR('',#7597);
#5943=FILL_AREA_STYLE_COLOUR('',#7598);
#5944=CIRCLE('',#7599,0.5);
#5945=CIRCLE('',#7600,0.5);
#5946=FILL_AREA_STYLE_COLOUR('',#7601);
#5947=FILL_AREA_STYLE_COLOUR('',#7602);
#5948=CIRCLE('',#7603,0.5);
#5949=CIRCLE('',#7604,0.5);
#5950=FILL_AREA_STYLE_COLOUR('',#7605);
#5951=FILL_AREA_STYLE_COLOUR('',#7606);
#5952=CIRCLE('',#7607,0.5);
#5953=CIRCLE('',#7608,0.5);
#5954=FILL_AREA_STYLE_COLOUR('',#7609);
#5955=FILL_AREA_STYLE_COLOUR('',#7610);
#5956=CIRCLE('',#7611,0.5);
#5957=CIRCLE('',#7612,0.5);
#5958=FILL_AREA_STYLE_COLOUR('',#7613);
#5959=FILL_AREA_STYLE_COLOUR('',#7614);
#5960=CIRCLE('',#7615,0.5);
#5961=CIRCLE('',#7616,0.5);
#5962=FILL_AREA_STYLE_COLOUR('',#7617);
#5963=FILL_AREA_STYLE_COLOUR('',#7618);
#5964=CIRCLE('',#7619,0.5);
#5965=CIRCLE('',#7620,0.5);
#5966=FILL_AREA_STYLE_COLOUR('',#7621);
#5967=FILL_AREA_STYLE_COLOUR('',#7622);
#5968=CIRCLE('',#7623,0.5);
#5969=CIRCLE('',#7624,0.5);
#5970=FILL_AREA_STYLE_COLOUR('',#7625);
#5971=FILL_AREA_STYLE_COLOUR('',#7626);
#5972=CIRCLE('',#7627,0.5);
#5973=CIRCLE('',#7628,0.5);
#5974=FILL_AREA_STYLE_COLOUR('',#7629);
#5975=FILL_AREA_STYLE_COLOUR('',#7630);
#5976=CIRCLE('',#7631,0.5);
#5977=CIRCLE('',#7632,0.5);
#5978=FILL_AREA_STYLE_COLOUR('',#7633);
#5979=FILL_AREA_STYLE_COLOUR('',#7634);
#5980=CIRCLE('',#7635,0.5);
#5981=CIRCLE('',#7636,0.5);
#5982=FILL_AREA_STYLE_COLOUR('',#7637);
#5983=FILL_AREA_STYLE_COLOUR('',#7638);
#5984=VERTEX_POINT('',#7639);
#5985=CIRCLE('',#7640,2.0);
#5986=VERTEX_POINT('',#7641);
#5987=LINE('',#7642,#7643);
#5988=CIRCLE('',#7644,2.0);
#5989=FILL_AREA_STYLE_COLOUR('',#7645);
#5990=VERTEX_POINT('',#7646);
#5991=LINE('',#7647,#7648);
#5992=VERTEX_POINT('',#7649);
#5993=LINE('',#7650,#7651);
#5994=LINE('',#7652,#7653);
#5995=FILL_AREA_STYLE_COLOUR('',#7654);
#5996=VERTEX_POINT('',#7655);
#5997=CIRCLE('',#7656,2.0);
#5998=VERTEX_POINT('',#7657);
#5999=CIRCLE('',#7658,2.0);
#6000=LINE('',#7659,#7660);
#6001=FILL_AREA_STYLE_COLOUR('',#7661);
#6002=VERTEX_POINT('',#7662);
#6003=LINE('',#7663,#7664);
#6004=VERTEX_POINT('',#7665);
#6005=LINE('',#7666,#7667);
#6006=LINE('',#7668,#7669);
#6007=FILL_AREA_STYLE_COLOUR('',#7670);
#6008=VERTEX_POINT('',#7671);
#6009=CIRCLE('',#7672,2.0);
#6010=VERTEX_POINT('',#7673);
#6011=CIRCLE('',#7674,2.0);
#6012=LINE('',#7675,#7676);
#6013=FILL_AREA_STYLE_COLOUR('',#7677);
#6014=VERTEX_POINT('',#7678);
#6015=LINE('',#7679,#7680);
#6016=VERTEX_POINT('',#7681);
#6017=LINE('',#7682,#7683);
#6018=LINE('',#7684,#7685);
#6019=FILL_AREA_STYLE_COLOUR('',#7686);
#6020=CIRCLE('',#7687,2.0);
#6021=CIRCLE('',#7688,2.0);
#6022=FILL_AREA_STYLE_COLOUR('',#7689);
#6023=LINE('',#7690,#7691);
#6024=LINE('',#7692,#7693);
#6025=FILL_AREA_STYLE_COLOUR('',#7694);
#6026=FILL_AREA_STYLE_COLOUR('',#7695);
#6027=LINE('',#7696,#7697);
#6028=LINE('',#7698,#7699);
#6029=FILL_AREA_STYLE_COLOUR('',#7700);
#6030=VERTEX_POINT('',#7701);
#6031=CIRCLE('',#7702,2.4);
#6032=VERTEX_POINT('',#7703);
#6033=LINE('',#7704,#7705);
#6034=CIRCLE('',#7706,2.4);
#6035=FILL_AREA_STYLE_COLOUR('',#7707);
#6036=VERTEX_POINT('',#7708);
#6037=LINE('',#7709,#7710);
#6038=VERTEX_POINT('',#7711);
#6039=LINE('',#7712,#7713);
#6040=LINE('',#7714,#7715);
#6041=FILL_AREA_STYLE_COLOUR('',#7716);
#6042=VERTEX_POINT('',#7717);
#6043=CIRCLE('',#7718,2.4);
#6044=VERTEX_POINT('',#7719);
#6045=LINE('',#7720,#7721);
#6046=CIRCLE('',#7722,2.4);
#6047=FILL_AREA_STYLE_COLOUR('',#7723);
#6048=VERTEX_POINT('',#7724);
#6049=CIRCLE('',#7725,2.4);
#6050=VERTEX_POINT('',#7726);
#6051=LINE('',#7727,#7728);
#6052=CIRCLE('',#7729,2.4);
#6053=FILL_AREA_STYLE_COLOUR('',#7730);
#6054=VERTEX_POINT('',#7731);
#6055=LINE('',#7732,#7733);
#6056=VERTEX_POINT('',#7734);
#6057=LINE('',#7735,#7736);
#6058=LINE('',#7737,#7738);
#6059=FILL_AREA_STYLE_COLOUR('',#7739);
#6060=VERTEX_POINT('',#7740);
#6061=CIRCLE('',#7741,2.4);
#6062=VERTEX_POINT('',#7742);
#6063=CIRCLE('',#7743,2.4);
#6064=LINE('',#7744,#7745);
#6065=FILL_AREA_STYLE_COLOUR('',#7746);
#6066=LINE('',#7747,#7748);
#6067=LINE('',#7749,#7750);
#6068=FILL_AREA_STYLE_COLOUR('',#7751);
#6069=FILL_AREA_STYLE_COLOUR('',#7752);
#6070=VERTEX_POINT('',#7753);
#6071=VERTEX_POINT('',#7754);
#6072=CIRCLE('',#7755,1.3);
#6073=VERTEX_POINT('',#7756);
#6074=LINE('',#7757,#7758);
#6075=VERTEX_POINT('',#7759);
#6076=CIRCLE('',#7760,1.3);
#6077=LINE('',#7761,#7762);
#6078=FILL_AREA_STYLE_COLOUR('',#7763);
#6079=VERTEX_POINT('',#7764);
#6080=LINE('',#7765,#7766);
#6081=VERTEX_POINT('',#7767);
#6082=LINE('',#7768,#7769);
#6083=LINE('',#7770,#7771);
#6084=FILL_AREA_STYLE_COLOUR('',#7772);
#6085=VERTEX_POINT('',#7773);
#6086=CIRCLE('',#7774,1.3);
#6087=VERTEX_POINT('',#7775);
#6088=LINE('',#7776,#7777);
#6089=CIRCLE('',#7778,1.3);
#6090=FILL_AREA_STYLE_COLOUR('',#7779);
#6091=VERTEX_POINT('',#7780);
#6092=LINE('',#7781,#7782);
#6093=VERTEX_POINT('',#7783);
#6094=LINE('',#7784,#7785);
#6095=LINE('',#7786,#7787);
#6096=FILL_AREA_STYLE_COLOUR('',#7788);
#6097=VERTEX_POINT('',#7789);
#6098=CIRCLE('',#7790,1.3);
#6099=VERTEX_POINT('',#7791);
#6100=LINE('',#7792,#7793);
#6101=CIRCLE('',#7794,1.3);
#6102=FILL_AREA_STYLE_COLOUR('',#7795);
#6103=VERTEX_POINT('',#7796);
#6104=LINE('',#7797,#7798);
#6105=VERTEX_POINT('',#7799);
#6106=LINE('',#7800,#7801);
#6107=LINE('',#7802,#7803);
#6108=FILL_AREA_STYLE_COLOUR('',#7804);
#6109=VERTEX_POINT('',#7805);
#6110=CIRCLE('',#7806,1.3);
#6111=VERTEX_POINT('',#7807);
#6112=LINE('',#7808,#7809);
#6113=CIRCLE('',#7810,1.3);
#6114=FILL_AREA_STYLE_COLOUR('',#7811);
#6115=LINE('',#7812,#7813);
#6116=LINE('',#7814,#7815);
#6117=FILL_AREA_STYLE_COLOUR('',#7816);
#6118=FILL_AREA_STYLE_COLOUR('',#7817);
#6119=COLOUR_RGB('',0.874509811401367,0.874509811401367,0.874509811401367);
#6120=CARTESIAN_POINT('',(8.9,2.22,0.8));
#6121=CARTESIAN_POINT('',(8.9,2.22,6.9));
#6122=CARTESIAN_POINT('',(8.9,2.22,3.85));
#6123=VECTOR('',#7818,1.0);
#6124=CARTESIAN_POINT('',(6.5,4.62,0.8));
#6125=AXIS2_PLACEMENT_3D('',#7819,#7820,#7821);
#6126=CARTESIAN_POINT('',(6.5,4.62,6.9));
#6127=CARTESIAN_POINT('',(6.5,4.62,0.1));
#6128=VECTOR('',#7822,1.0);
#6129=AXIS2_PLACEMENT_3D('',#7823,#7824,#7825);
#6130=COLOUR_RGB('',0.874509811401367,0.874509811401367,0.874509811401367);
#6131=CARTESIAN_POINT('',(-8.9,2.22,6.9));
#6132=CARTESIAN_POINT('',(-8.9,2.22,0.8));
#6133=CARTESIAN_POINT('',(-8.9,2.22,3.85));
#6134=VECTOR('',#7826,1.0);
#6135=CARTESIAN_POINT('',(-6.5,4.62,6.9));
#6136=AXIS2_PLACEMENT_3D('',#7827,#7828,#7829);
#6137=CARTESIAN_POINT('',(-6.5,4.62,0.8));
#6138=CARTESIAN_POINT('',(-6.5,4.62,0.1));
#6139=VECTOR('',#7830,1.0);
#6140=AXIS2_PLACEMENT_3D('',#7831,#7832,#7833);
#6141=COLOUR_RGB('',0.7843137383461,0.7843137383461,0.7843137383461);
#6142=CARTESIAN_POINT('',(-8.46,2.18,1.0));
#6143=CARTESIAN_POINT('',(-8.46,2.18,6.9));
#6144=CARTESIAN_POINT('',(-8.46,2.18,1.0));
#6145=VECTOR('',#7834,1.0);
#6146=CARTESIAN_POINT('',(-6.46,4.18,1.0));
#6147=AXIS2_PLACEMENT_3D('',#7835,#7836,#7837);
#6148=CARTESIAN_POINT('',(-6.46,4.18,6.9));
#6149=CARTESIAN_POINT('',(-6.46,4.18,1.0));
#6150=VECTOR('',#7838,1.0);
#6151=AXIS2_PLACEMENT_3D('',#7839,#7840,#7841);
#6152=COLOUR_RGB('',0.7843137383461,0.7843137383461,0.7843137383461);
#6153=CARTESIAN_POINT('',(8.46,2.18,6.9));
#6154=CARTESIAN_POINT('',(8.46,2.18,1.0));
#6155=CARTESIAN_POINT('',(8.46,2.18,1.0));
#6156=VECTOR('',#7842,1.0);
#6157=CARTESIAN_POINT('',(6.46,4.18,6.9));
#6158=AXIS2_PLACEMENT_3D('',#7843,#7844,#7845);
#6159=CARTESIAN_POINT('',(6.46,4.18,1.0));
#6160=CARTESIAN_POINT('',(6.46,4.18,1.0));
#6161=VECTOR('',#7846,1.0);
#6162=AXIS2_PLACEMENT_3D('',#7847,#7848,#7849);
#6163=COLOUR_RGB('',0.705882370471954,0.447058826684952,0.0);
#6164=CARTESIAN_POINT('',(5.955,2.54,1.0));
#6165=CARTESIAN_POINT('',(5.955,2.54,6.4));
#6166=CARTESIAN_POINT('',(5.955,2.54,3.15));
#6167=VECTOR('',#7850,1.0);
#6168=CARTESIAN_POINT('',(4.955,2.54,1.0));
#6169=AXIS2_PLACEMENT_3D('',#7851,#7852,#7853);
#6170=CARTESIAN_POINT('',(4.955,2.54,6.4));
#6171=CARTESIAN_POINT('',(4.955,2.54,3.15));
#6172=VECTOR('',#7854,1.0);
#6173=AXIS2_PLACEMENT_3D('',#7855,#7856,#7857);
#6174=COLOUR_RGB('',0.705882370471954,0.447058826684952,0.0);
#6175=CARTESIAN_POINT('',(3.665,2.54,1.0));
#6176=CARTESIAN_POINT('',(3.665,2.54,6.4));
#6177=CARTESIAN_POINT('',(3.665,2.54,3.15));
#6178=VECTOR('',#7858,1.0);
#6179=CARTESIAN_POINT('',(2.665,2.54,1.0));
#6180=AXIS2_PLACEMENT_3D('',#7859,#7860,#7861);
#6181=CARTESIAN_POINT('',(2.665,2.54,6.4));
#6182=CARTESIAN_POINT('',(2.665,2.54,3.15));
#6183=VECTOR('',#7862,1.0);
#6184=AXIS2_PLACEMENT_3D('',#7863,#7864,#7865);
#6185=COLOUR_RGB('',0.705882370471954,0.447058826684952,0.0);
#6186=CARTESIAN_POINT('',(1.375,2.54,1.0));
#6187=CARTESIAN_POINT('',(1.375,2.54,6.4));
#6188=CARTESIAN_POINT('',(1.375,2.54,3.15));
#6189=VECTOR('',#7866,1.0);
#6190=CARTESIAN_POINT('',(0.374999999999999,2.54,1.0));
#6191=AXIS2_PLACEMENT_3D('',#7867,#7868,#7869);
#6192=CARTESIAN_POINT('',(0.374999999999999,2.54,6.4));
#6193=CARTESIAN_POINT('',(0.374999999999999,2.54,3.15));
#6194=VECTOR('',#7870,1.0);
#6195=AXIS2_PLACEMENT_3D('',#7871,#7872,#7873);
#6196=COLOUR_RGB('',0.705882370471954,0.447058826684952,0.0);
#6197=CARTESIAN_POINT('',(-0.915000000000001,2.54,1.0));
#6198=CARTESIAN_POINT('',(-0.915000000000001,2.54,6.4));
#6199=CARTESIAN_POINT('',(-0.915000000000001,2.54,3.15));
#6200=VECTOR('',#7874,1.0);
#6201=CARTESIAN_POINT('',(-1.915,2.54,1.0));
#6202=AXIS2_PLACEMENT_3D('',#7875,#7876,#7877);
#6203=CARTESIAN_POINT('',(-1.915,2.54,6.4));
#6204=CARTESIAN_POINT('',(-1.915,2.54,3.15));
#6205=VECTOR('',#7878,1.0);
#6206=AXIS2_PLACEMENT_3D('',#7879,#7880,#7881);
#6207=COLOUR_RGB('',0.705882370471954,0.447058826684952,0.0);
#6208=CARTESIAN_POINT('',(-3.205,2.54,1.0));
#6209=CARTESIAN_POINT('',(-3.205,2.54,6.4));
#6210=CARTESIAN_POINT('',(-3.205,2.54,3.15));
#6211=VECTOR('',#7882,1.0);
#6212=CARTESIAN_POINT('',(-4.205,2.54,1.0));
#6213=AXIS2_PLACEMENT_3D('',#7883,#7884,#7885);
#6214=CARTESIAN_POINT('',(-4.205,2.54,6.4));
#6215=CARTESIAN_POINT('',(-4.205,2.54,3.15));
#6216=VECTOR('',#7886,1.0);
#6217=AXIS2_PLACEMENT_3D('',#7887,#7888,#7889);
#6218=COLOUR_RGB('',0.705882370471954,0.447058826684952,0.0);
#6219=CARTESIAN_POINT('',(4.81,-6.12303176911189E-17,1.0));
#6220=CARTESIAN_POINT('',(4.81,0.0,6.4));
#6221=CARTESIAN_POINT('',(4.81,-6.12303176911189E-17,3.15));
#6222=VECTOR('',#7890,1.0);
#6223=CARTESIAN_POINT('',(3.81,6.12303176911189E-17,1.0));
#6224=AXIS2_PLACEMENT_3D('',#7891,#7892,#7893);
#6225=CARTESIAN_POINT('',(3.81,6.12303176911189E-17,6.4));
#6226=CARTESIAN_POINT('',(3.81,6.12303176911189E-17,3.15));
#6227=VECTOR('',#7894,1.0);
#6228=AXIS2_PLACEMENT_3D('',#7895,#7896,#7897);
#6229=COLOUR_RGB('',0.705882370471954,0.447058826684952,0.0);
#6230=CARTESIAN_POINT('',(2.52,-6.12303176911189E-17,1.0));
#6231=CARTESIAN_POINT('',(2.52,0.0,6.4));
#6232=CARTESIAN_POINT('',(2.52,-6.12303176911189E-17,3.15));
#6233=VECTOR('',#7898,1.0);
#6234=CARTESIAN_POINT('',(1.52,6.12303176911189E-17,1.0));
#6235=AXIS2_PLACEMENT_3D('',#7899,#7900,#7901);
#6236=CARTESIAN_POINT('',(1.52,6.12303176911189E-17,6.4));
#6237=CARTESIAN_POINT('',(1.52,6.12303176911189E-17,3.15));
#6238=VECTOR('',#7902,1.0);
#6239=AXIS2_PLACEMENT_3D('',#7903,#7904,#7905);
#6240=COLOUR_RGB('',0.705882370471954,0.447058826684952,0.0);
#6241=CARTESIAN_POINT('',(0.229999999999999,-6.12303176911189E-17,1.0));
#6242=CARTESIAN_POINT('',(0.229999999999999,0.0,6.4));
#6243=CARTESIAN_POINT('',(0.229999999999999,-6.12303176911189E-17,3.15));
#6244=VECTOR('',#7906,1.0);
#6245=CARTESIAN_POINT('',(-0.770000000000001,6.12303176911189E-17,1.0));
#6246=AXIS2_PLACEMENT_3D('',#7907,#7908,#7909);
#6247=CARTESIAN_POINT('',(-0.770000000000001,6.12303176911189E-17,6.4));
#6248=CARTESIAN_POINT('',(-0.770000000000001,6.12303176911189E-17,3.15));
#6249=VECTOR('',#7910,1.0);
#6250=AXIS2_PLACEMENT_3D('',#7911,#7912,#7913);
#6251=COLOUR_RGB('',0.705882370471954,0.447058826684952,0.0);
#6252=CARTESIAN_POINT('',(-2.06,-6.12303176911189E-17,1.0));
#6253=CARTESIAN_POINT('',(-2.06,0.0,6.4));
#6254=CARTESIAN_POINT('',(-2.06,-6.12303176911189E-17,3.15));
#6255=VECTOR('',#7914,1.0);
#6256=CARTESIAN_POINT('',(-3.06,6.12303176911189E-17,1.0));
#6257=AXIS2_PLACEMENT_3D('',#7915,#7916,#7917);
#6258=CARTESIAN_POINT('',(-3.06,6.12303176911189E-17,6.4));
#6259=CARTESIAN_POINT('',(-3.06,6.12303176911189E-17,3.15));
#6260=VECTOR('',#7918,1.0);
#6261=AXIS2_PLACEMENT_3D('',#7919,#7920,#7921);
#6262=COLOUR_RGB('',0.705882370471954,0.447058826684952,0.0);
#6263=CARTESIAN_POINT('',(-4.35,-6.12303176911189E-17,1.0));
#6264=CARTESIAN_POINT('',(-4.35,0.0,6.4));
#6265=CARTESIAN_POINT('',(-4.35,-6.12303176911189E-17,3.15));
#6266=VECTOR('',#7922,1.0);
#6267=CARTESIAN_POINT('',(-5.35,6.12303176911189E-17,1.0));
#6268=AXIS2_PLACEMENT_3D('',#7923,#7924,#7925);
#6269=CARTESIAN_POINT('',(-5.35,6.12303176911189E-17,6.4));
#6270=CARTESIAN_POINT('',(-5.35,6.12303176911189E-17,3.15));
#6271=VECTOR('',#7926,1.0);
#6272=AXIS2_PLACEMENT_3D('',#7927,#7928,#7929);
#6273=COLOUR_RGB('',0.705882370471954,0.447058826684952,0.0);
#6274=CARTESIAN_POINT('',(5.955,-2.54,1.0));
#6275=CARTESIAN_POINT('',(5.955,-2.54,6.4));
#6276=CARTESIAN_POINT('',(5.955,-2.54,3.15));
#6277=VECTOR('',#7930,1.0);
#6278=CARTESIAN_POINT('',(4.955,-2.54,1.0));
#6279=AXIS2_PLACEMENT_3D('',#7931,#7932,#7933);
#6280=CARTESIAN_POINT('',(4.955,-2.54,6.4));
#6281=CARTESIAN_POINT('',(4.955,-2.54,3.15));
#6282=VECTOR('',#7934,1.0);
#6283=AXIS2_PLACEMENT_3D('',#7935,#7936,#7937);
#6284=COLOUR_RGB('',0.705882370471954,0.447058826684952,0.0);
#6285=CARTESIAN_POINT('',(3.665,-2.54,1.0));
#6286=CARTESIAN_POINT('',(3.665,-2.54,6.4));
#6287=CARTESIAN_POINT('',(3.665,-2.54,3.15));
#6288=VECTOR('',#7938,1.0);
#6289=CARTESIAN_POINT('',(2.665,-2.54,1.0));
#6290=AXIS2_PLACEMENT_3D('',#7939,#7940,#7941);
#6291=CARTESIAN_POINT('',(2.665,-2.54,6.4));
#6292=CARTESIAN_POINT('',(2.665,-2.54,3.15));
#6293=VECTOR('',#7942,1.0);
#6294=AXIS2_PLACEMENT_3D('',#7943,#7944,#7945);
#6295=COLOUR_RGB('',0.705882370471954,0.447058826684952,0.0);
#6296=CARTESIAN_POINT('',(1.375,-2.54,1.0));
#6297=CARTESIAN_POINT('',(1.375,-2.54,6.4));
#6298=CARTESIAN_POINT('',(1.375,-2.54,3.15));
#6299=VECTOR('',#7946,1.0);
#6300=CARTESIAN_POINT('',(0.374999999999998,-2.54,1.0));
#6301=AXIS2_PLACEMENT_3D('',#7947,#7948,#7949);
#6302=CARTESIAN_POINT('',(0.374999999999998,-2.54,6.4));
#6303=CARTESIAN_POINT('',(0.374999999999998,-2.54,3.15));
#6304=VECTOR('',#7950,1.0);
#6305=AXIS2_PLACEMENT_3D('',#7951,#7952,#7953);
#6306=COLOUR_RGB('',0.705882370471954,0.447058826684952,0.0);
#6307=CARTESIAN_POINT('',(-0.915000000000002,-2.54,1.0));
#6308=CARTESIAN_POINT('',(-0.915000000000002,-2.54,6.4));
#6309=CARTESIAN_POINT('',(-0.915000000000002,-2.54,3.15));
#6310=VECTOR('',#7954,1.0);
#6311=CARTESIAN_POINT('',(-1.915,-2.54,1.0));
#6312=AXIS2_PLACEMENT_3D('',#7955,#7956,#7957);
#6313=CARTESIAN_POINT('',(-1.915,-2.54,6.4));
#6314=CARTESIAN_POINT('',(-1.915,-2.54,3.15));
#6315=VECTOR('',#7958,1.0);
#6316=AXIS2_PLACEMENT_3D('',#7959,#7960,#7961);
#6317=COLOUR_RGB('',0.705882370471954,0.447058826684952,0.0);
#6318=CARTESIAN_POINT('',(-3.205,-2.54,1.0));
#6319=CARTESIAN_POINT('',(-3.205,-2.54,6.4));
#6320=CARTESIAN_POINT('',(-3.205,-2.54,3.15));
#6321=VECTOR('',#7962,1.0);
#6322=CARTESIAN_POINT('',(-4.205,-2.54,1.0));
#6323=AXIS2_PLACEMENT_3D('',#7963,#7964,#7965);
#6324=CARTESIAN_POINT('',(-4.205,-2.54,6.4));
#6325=CARTESIAN_POINT('',(-4.205,-2.54,3.15));
#6326=VECTOR('',#7966,1.0);
#6327=AXIS2_PLACEMENT_3D('',#7967,#7968,#7969);
#6328=COLOUR_RGB('',0.811764717102051,0.811764717102051,0.811764717102051);
#6329=CARTESIAN_POINT('',(-3.105,-2.58000000128959,-4.9));
#6330=CARTESIAN_POINT('',(-3.105,-1.38000000069042,-4.9));
#6331=CARTESIAN_POINT('',(-3.105,2.81714125113376,-4.9));
#6332=VECTOR('',#7970,1.0);
#6333=CARTESIAN_POINT('',(-3.105,-2.58000000128959,-5.60000000279999));
#6334=CARTESIAN_POINT('',(-3.105,-2.58000000128959,-5.60000000279999));
#6335=VECTOR('',#7971,1.0);
#6336=CARTESIAN_POINT('',(-3.105,-1.98000000099091,-5.90000000294992));
#6337=CARTESIAN_POINT('',(-3.105,-1.98000000099091,-5.90000000294992));
#6338=VECTOR('',#7972,1.0);
#6339=CARTESIAN_POINT('',(-3.105,-1.98000000099091,-7.70000000384988));
#6340=CARTESIAN_POINT('',(-3.105,-1.98000000099091,-7.70000000384988));
#6341=VECTOR('',#7973,1.0);
#6342=CARTESIAN_POINT('',(-3.105,-1.38000000069042,-7.70000000384988));
#6343=CARTESIAN_POINT('',(-3.105,-1.38000000069042,-7.70000000384988));
#6344=VECTOR('',#7974,1.0);
#6345=CARTESIAN_POINT('',(-3.105,-1.38000000069042,-7.70000000384988));
#6346=VECTOR('',#7975,1.0);
#6347=COLOUR_RGB('',0.811764717102051,0.811764717102051,0.811764717102051);
#6348=CARTESIAN_POINT('',(-4.305,-2.58000000128959,-4.9));
#6349=CARTESIAN_POINT('',(-1.5525,-2.58000000128959,-4.9));
#6350=VECTOR('',#7976,1.0);
#6351=CARTESIAN_POINT('',(-4.305,-2.58000000128959,-5.60000000279999));
#6352=CARTESIAN_POINT('',(-4.305,-2.58000000128959,-5.60000000279999));
#6353=VECTOR('',#7977,1.0);
#6354=CARTESIAN_POINT('',(-3.105,-2.58000000128959,-5.60000000279999));
#6355=VECTOR('',#7978,1.0);
#6356=COLOUR_RGB('',0.811764717102051,0.811764717102051,0.811764717102051);
#6357=CARTESIAN_POINT('',(-4.305,-1.98000000099091,-5.90000000294992));
#6358=CARTESIAN_POINT('',(-4.305,-1.98000000099091,-5.90000000294992));
#6359=VECTOR('',#7979,1.0);
#6360=CARTESIAN_POINT('',(-3.105,-1.98000000099091,-5.90000000294992));
#6361=VECTOR('',#7980,1.0);
#6362=COLOUR_RGB('',0.811764717102051,0.811764717102051,0.811764717102051);
#6363=CARTESIAN_POINT('',(-4.305,-1.98000000099091,-7.70000000384988));
#6364=CARTESIAN_POINT('',(-4.305,-1.98000000099091,-7.70000000384988));
#6365=VECTOR('',#7981,1.0);
#6366=CARTESIAN_POINT('',(-3.105,-1.98000000099091,-7.70000000384988));
#6367=VECTOR('',#7982,1.0);
#6368=COLOUR_RGB('',0.811764717102051,0.811764717102051,0.811764717102051);
#6369=CARTESIAN_POINT('',(-4.305,-1.38000000069041,-7.70000000384988));
#6370=CARTESIAN_POINT('',(-4.305,-1.38000000069041,-7.70000000384988));
#6371=VECTOR('',#7983,1.0);
#6372=CARTESIAN_POINT('',(-3.105,-1.38000000069042,-7.70000000384988));
#6373=VECTOR('',#7984,1.0);
#6374=COLOUR_RGB('',0.811764717102051,0.811764717102051,0.811764717102051);
#6375=CARTESIAN_POINT('',(-4.305,-1.38000000069042,-4.9));
#6376=CARTESIAN_POINT('',(-1.5525,-1.38000000069042,-4.9));
#6377=VECTOR('',#7985,1.0);
#6378=CARTESIAN_POINT('',(-4.305,-1.38000000069041,-7.70000000384988));
#6379=VECTOR('',#7986,1.0);
#6380=COLOUR_RGB('',0.811764717102051,0.811764717102051,0.811764717102051);
#6381=CARTESIAN_POINT('',(-4.305,2.81714125113376,-4.9));
#6382=VECTOR('',#7987,1.0);
#6383=COLOUR_RGB('',0.811764717102051,0.811764717102051,0.811764717102051);
#6384=CARTESIAN_POINT('',(-0.815000000000001,-2.58000000128959,-4.9));
#6385=CARTESIAN_POINT('',(-0.815000000000001,-1.38000000069042,-4.9));
#6386=CARTESIAN_POINT('',(-0.815000000000001,2.81714125113376,-4.9));
#6387=VECTOR('',#7988,1.0);
#6388=CARTESIAN_POINT('',(-0.815000000000001,-2.58000000128959,-5.60000000279999));
#6389=CARTESIAN_POINT('',(-0.815000000000001,-2.58000000128959,-5.60000000279999));
#6390=VECTOR('',#7989,1.0);
#6391=CARTESIAN_POINT('',(-0.815000000000001,-1.98000000099091,-5.90000000294992));
#6392=CARTESIAN_POINT('',(-0.815000000000001,-1.98000000099091,-5.90000000294992));
#6393=VECTOR('',#7990,1.0);
#6394=CARTESIAN_POINT('',(-0.815000000000001,-1.98000000099091,-7.70000000384988));
#6395=CARTESIAN_POINT('',(-0.815000000000001,-1.98000000099091,-7.70000000384988));
#6396=VECTOR('',#7991,1.0);
#6397=CARTESIAN_POINT('',(-0.815000000000001,-1.38000000069042,-7.70000000384988));
#6398=CARTESIAN_POINT('',(-0.815000000000001,-1.38000000069042,-7.70000000384988));
#6399=VECTOR('',#7992,1.0);
#6400=CARTESIAN_POINT('',(-0.815000000000001,-1.38000000069042,-7.70000000384988));
#6401=VECTOR('',#7993,1.0);
#6402=COLOUR_RGB('',0.811764717102051,0.811764717102051,0.811764717102051);
#6403=CARTESIAN_POINT('',(-2.015,-2.58000000128959,-4.9));
#6404=CARTESIAN_POINT('',(-0.407500000000001,-2.58000000128959,-4.9));
#6405=VECTOR('',#7994,1.0);
#6406=CARTESIAN_POINT('',(-2.015,-2.58000000128959,-5.60000000279999));
#6407=CARTESIAN_POINT('',(-2.015,-2.58000000128959,-5.60000000279999));
#6408=VECTOR('',#7995,1.0);
#6409=CARTESIAN_POINT('',(-0.815000000000001,-2.58000000128959,-5.60000000279999));
#6410=VECTOR('',#7996,1.0);
#6411=COLOUR_RGB('',0.811764717102051,0.811764717102051,0.811764717102051);
#6412=CARTESIAN_POINT('',(-2.015,-1.98000000099091,-5.90000000294992));
#6413=CARTESIAN_POINT('',(-2.015,-1.98000000099091,-5.90000000294992));
#6414=VECTOR('',#7997,1.0);
#6415=CARTESIAN_POINT('',(-0.815000000000001,-1.98000000099091,-5.90000000294992));
#6416=VECTOR('',#7998,1.0);
#6417=COLOUR_RGB('',0.811764717102051,0.811764717102051,0.811764717102051);
#6418=CARTESIAN_POINT('',(-2.015,-1.98000000099091,-7.70000000384988));
#6419=CARTESIAN_POINT('',(-2.015,-1.98000000099091,-7.70000000384988));
#6420=VECTOR('',#7999,1.0);
#6421=CARTESIAN_POINT('',(-0.815000000000001,-1.98000000099091,-7.70000000384988));
#6422=VECTOR('',#8000,1.0);
#6423=COLOUR_RGB('',0.811764717102051,0.811764717102051,0.811764717102051);
#6424=CARTESIAN_POINT('',(-2.015,-1.38000000069041,-7.70000000384988));
#6425=CARTESIAN_POINT('',(-2.015,-1.38000000069041,-7.70000000384988));
#6426=VECTOR('',#8001,1.0);
#6427=CARTESIAN_POINT('',(-0.815000000000001,-1.38000000069042,-7.70000000384988));
#6428=VECTOR('',#8002,1.0);
#6429=COLOUR_RGB('',0.811764717102051,0.811764717102051,0.811764717102051);
#6430=CARTESIAN_POINT('',(-2.015,-1.38000000069042,-4.9));
#6431=CARTESIAN_POINT('',(-0.407500000000001,-1.38000000069042,-4.9));
#6432=VECTOR('',#8003,1.0);
#6433=CARTESIAN_POINT('',(-2.015,-1.38000000069041,-7.70000000384988));
#6434=VECTOR('',#8004,1.0);
#6435=COLOUR_RGB('',0.811764717102051,0.811764717102051,0.811764717102051);
#6436=CARTESIAN_POINT('',(-2.015,2.81714125113376,-4.9));
#6437=VECTOR('',#8005,1.0);
#6438=COLOUR_RGB('',0.811764717102051,0.811764717102051,0.811764717102051);
#6439=CARTESIAN_POINT('',(1.475,-2.58000000128959,-4.9));
#6440=CARTESIAN_POINT('',(1.475,-1.38000000069042,-4.9));
#6441=CARTESIAN_POINT('',(1.475,2.81714125113376,-4.9));
#6442=VECTOR('',#8006,1.0);
#6443=CARTESIAN_POINT('',(1.475,-2.58000000128959,-5.60000000279999));
#6444=CARTESIAN_POINT('',(1.475,-2.58000000128959,-5.60000000279999));
#6445=VECTOR('',#8007,1.0);
#6446=CARTESIAN_POINT('',(1.475,-1.98000000099091,-5.90000000294992));
#6447=CARTESIAN_POINT('',(1.475,-1.98000000099091,-5.90000000294992));
#6448=VECTOR('',#8008,1.0);
#6449=CARTESIAN_POINT('',(1.475,-1.98000000099091,-7.70000000384988));
#6450=CARTESIAN_POINT('',(1.475,-1.98000000099091,-7.70000000384988));
#6451=VECTOR('',#8009,1.0);
#6452=CARTESIAN_POINT('',(1.475,-1.38000000069042,-7.70000000384988));
#6453=CARTESIAN_POINT('',(1.475,-1.38000000069042,-7.70000000384988));
#6454=VECTOR('',#8010,1.0);
#6455=CARTESIAN_POINT('',(1.475,-1.38000000069042,-7.70000000384988));
#6456=VECTOR('',#8011,1.0);
#6457=COLOUR_RGB('',0.811764717102051,0.811764717102051,0.811764717102051);
#6458=CARTESIAN_POINT('',(0.274999999999999,-2.58000000128959,-4.9));
#6459=CARTESIAN_POINT('',(0.737499999999999,-2.58000000128959,-4.9));
#6460=VECTOR('',#8012,1.0);
#6461=CARTESIAN_POINT('',(0.274999999999999,-2.58000000128959,-5.60000000279999));
#6462=CARTESIAN_POINT('',(0.274999999999999,-2.58000000128959,-5.60000000279999));
#6463=VECTOR('',#8013,1.0);
#6464=CARTESIAN_POINT('',(1.475,-2.58000000128959,-5.60000000279999));
#6465=VECTOR('',#8014,1.0);
#6466=COLOUR_RGB('',0.811764717102051,0.811764717102051,0.811764717102051);
#6467=CARTESIAN_POINT('',(0.274999999999999,-1.98000000099091,-5.90000000294992));
#6468=CARTESIAN_POINT('',(0.274999999999999,-1.98000000099091,-5.90000000294992));
#6469=VECTOR('',#8015,1.0);
#6470=CARTESIAN_POINT('',(1.475,-1.98000000099091,-5.90000000294992));
#6471=VECTOR('',#8016,1.0);
#6472=COLOUR_RGB('',0.811764717102051,0.811764717102051,0.811764717102051);
#6473=CARTESIAN_POINT('',(0.274999999999999,-1.98000000099091,-7.70000000384988));
#6474=CARTESIAN_POINT('',(0.274999999999999,-1.98000000099091,-7.70000000384988));
#6475=VECTOR('',#8017,1.0);
#6476=CARTESIAN_POINT('',(1.475,-1.98000000099091,-7.70000000384988));
#6477=VECTOR('',#8018,1.0);
#6478=COLOUR_RGB('',0.811764717102051,0.811764717102051,0.811764717102051);
#6479=CARTESIAN_POINT('',(0.274999999999999,-1.38000000069041,-7.70000000384988));
#6480=CARTESIAN_POINT('',(0.274999999999999,-1.38000000069041,-7.70000000384988));
#6481=VECTOR('',#8019,1.0);
#6482=CARTESIAN_POINT('',(1.475,-1.38000000069042,-7.70000000384988));
#6483=VECTOR('',#8020,1.0);
#6484=COLOUR_RGB('',0.811764717102051,0.811764717102051,0.811764717102051);
#6485=CARTESIAN_POINT('',(0.274999999999999,-1.38000000069042,-4.9));
#6486=CARTESIAN_POINT('',(0.737499999999999,-1.38000000069042,-4.9));
#6487=VECTOR('',#8021,1.0);
#6488=CARTESIAN_POINT('',(0.274999999999999,-1.38000000069041,-7.70000000384988));
#6489=VECTOR('',#8022,1.0);
#6490=COLOUR_RGB('',0.811764717102051,0.811764717102051,0.811764717102051);
#6491=CARTESIAN_POINT('',(0.275,2.81714125113376,-4.9));
#6492=VECTOR('',#8023,1.0);
#6493=COLOUR_RGB('',0.811764717102051,0.811764717102051,0.811764717102051);
#6494=CARTESIAN_POINT('',(3.765,-2.58000000128959,-4.9));
#6495=CARTESIAN_POINT('',(3.765,-1.38000000069042,-4.9));
#6496=CARTESIAN_POINT('',(3.765,2.81714125113376,-4.9));
#6497=VECTOR('',#8024,1.0);
#6498=CARTESIAN_POINT('',(3.765,-2.58000000128959,-5.60000000279999));
#6499=CARTESIAN_POINT('',(3.765,-2.58000000128959,-5.60000000279999));
#6500=VECTOR('',#8025,1.0);
#6501=CARTESIAN_POINT('',(3.765,-1.98000000099091,-5.90000000294992));
#6502=CARTESIAN_POINT('',(3.765,-1.98000000099091,-5.90000000294992));
#6503=VECTOR('',#8026,1.0);
#6504=CARTESIAN_POINT('',(3.765,-1.98000000099091,-7.70000000384988));
#6505=CARTESIAN_POINT('',(3.765,-1.98000000099091,-7.70000000384988));
#6506=VECTOR('',#8027,1.0);
#6507=CARTESIAN_POINT('',(3.765,-1.38000000069042,-7.70000000384988));
#6508=CARTESIAN_POINT('',(3.765,-1.38000000069042,-7.70000000384988));
#6509=VECTOR('',#8028,1.0);
#6510=CARTESIAN_POINT('',(3.765,-1.38000000069042,-7.70000000384988));
#6511=VECTOR('',#8029,1.0);
#6512=COLOUR_RGB('',0.811764717102051,0.811764717102051,0.811764717102051);
#6513=CARTESIAN_POINT('',(2.565,-2.58000000128959,-4.9));
#6514=CARTESIAN_POINT('',(1.8825,-2.58000000128959,-4.9));
#6515=VECTOR('',#8030,1.0);
#6516=CARTESIAN_POINT('',(2.565,-2.58000000128959,-5.60000000279999));
#6517=CARTESIAN_POINT('',(2.565,-2.58000000128959,-5.60000000279999));
#6518=VECTOR('',#8031,1.0);
#6519=CARTESIAN_POINT('',(3.765,-2.58000000128959,-5.60000000279999));
#6520=VECTOR('',#8032,1.0);
#6521=COLOUR_RGB('',0.811764717102051,0.811764717102051,0.811764717102051);
#6522=CARTESIAN_POINT('',(2.565,-1.98000000099091,-5.90000000294992));
#6523=CARTESIAN_POINT('',(2.565,-1.98000000099091,-5.90000000294992));
#6524=VECTOR('',#8033,1.0);
#6525=CARTESIAN_POINT('',(3.765,-1.98000000099091,-5.90000000294992));
#6526=VECTOR('',#8034,1.0);
#6527=COLOUR_RGB('',0.811764717102051,0.811764717102051,0.811764717102051);
#6528=CARTESIAN_POINT('',(2.565,-1.98000000099091,-7.70000000384988));
#6529=CARTESIAN_POINT('',(2.565,-1.98000000099091,-7.70000000384988));
#6530=VECTOR('',#8035,1.0);
#6531=CARTESIAN_POINT('',(3.765,-1.98000000099091,-7.70000000384988));
#6532=VECTOR('',#8036,1.0);
#6533=COLOUR_RGB('',0.811764717102051,0.811764717102051,0.811764717102051);
#6534=CARTESIAN_POINT('',(2.565,-1.38000000069041,-7.70000000384988));
#6535=CARTESIAN_POINT('',(2.565,-1.38000000069041,-7.70000000384988));
#6536=VECTOR('',#8037,1.0);
#6537=CARTESIAN_POINT('',(3.765,-1.38000000069042,-7.70000000384988));
#6538=VECTOR('',#8038,1.0);
#6539=COLOUR_RGB('',0.811764717102051,0.811764717102051,0.811764717102051);
#6540=CARTESIAN_POINT('',(2.565,-1.38000000069042,-4.9));
#6541=CARTESIAN_POINT('',(1.8825,-1.38000000069042,-4.9));
#6542=VECTOR('',#8039,1.0);
#6543=CARTESIAN_POINT('',(2.565,-1.38000000069041,-7.70000000384988));
#6544=VECTOR('',#8040,1.0);
#6545=COLOUR_RGB('',0.811764717102051,0.811764717102051,0.811764717102051);
#6546=CARTESIAN_POINT('',(2.565,2.81714125113376,-4.9));
#6547=VECTOR('',#8041,1.0);
#6548=COLOUR_RGB('',0.811764717102051,0.811764717102051,0.811764717102051);
#6549=CARTESIAN_POINT('',(6.055,-2.58000000128959,-4.9));
#6550=CARTESIAN_POINT('',(6.055,-1.38000000069042,-4.9));
#6551=CARTESIAN_POINT('',(6.055,2.81714125113376,-4.9));
#6552=VECTOR('',#8042,1.0);
#6553=CARTESIAN_POINT('',(6.055,-2.58000000128959,-5.60000000279999));
#6554=CARTESIAN_POINT('',(6.055,-2.58000000128959,-5.60000000279999));
#6555=VECTOR('',#8043,1.0);
#6556=CARTESIAN_POINT('',(6.055,-1.98000000099091,-5.90000000294992));
#6557=CARTESIAN_POINT('',(6.055,-1.98000000099091,-5.90000000294992));
#6558=VECTOR('',#8044,1.0);
#6559=CARTESIAN_POINT('',(6.055,-1.98000000099091,-7.70000000384988));
#6560=CARTESIAN_POINT('',(6.055,-1.98000000099091,-7.70000000384988));
#6561=VECTOR('',#8045,1.0);
#6562=CARTESIAN_POINT('',(6.055,-1.38000000069042,-7.70000000384988));
#6563=CARTESIAN_POINT('',(6.055,-1.38000000069042,-7.70000000384988));
#6564=VECTOR('',#8046,1.0);
#6565=CARTESIAN_POINT('',(6.055,-1.38000000069042,-7.70000000384988));
#6566=VECTOR('',#8047,1.0);
#6567=COLOUR_RGB('',0.811764717102051,0.811764717102051,0.811764717102051);
#6568=CARTESIAN_POINT('',(4.855,-2.58000000128959,-4.9));
#6569=CARTESIAN_POINT('',(3.0275,-2.58000000128959,-4.9));
#6570=VECTOR('',#8048,1.0);
#6571=CARTESIAN_POINT('',(4.855,-2.58000000128959,-5.60000000279999));
#6572=CARTESIAN_POINT('',(4.855,-2.58000000128959,-5.60000000279999));
#6573=VECTOR('',#8049,1.0);
#6574=CARTESIAN_POINT('',(6.055,-2.58000000128959,-5.60000000279999));
#6575=VECTOR('',#8050,1.0);
#6576=COLOUR_RGB('',0.811764717102051,0.811764717102051,0.811764717102051);
#6577=CARTESIAN_POINT('',(4.855,-1.98000000099091,-5.90000000294992));
#6578=CARTESIAN_POINT('',(4.855,-1.98000000099091,-5.90000000294992));
#6579=VECTOR('',#8051,1.0);
#6580=CARTESIAN_POINT('',(6.055,-1.98000000099091,-5.90000000294992));
#6581=VECTOR('',#8052,1.0);
#6582=COLOUR_RGB('',0.811764717102051,0.811764717102051,0.811764717102051);
#6583=CARTESIAN_POINT('',(4.855,-1.98000000099091,-7.70000000384988));
#6584=CARTESIAN_POINT('',(4.855,-1.98000000099091,-7.70000000384988));
#6585=VECTOR('',#8053,1.0);
#6586=CARTESIAN_POINT('',(6.055,-1.98000000099091,-7.70000000384988));
#6587=VECTOR('',#8054,1.0);
#6588=COLOUR_RGB('',0.811764717102051,0.811764717102051,0.811764717102051);
#6589=CARTESIAN_POINT('',(4.855,-1.38000000069041,-7.70000000384988));
#6590=CARTESIAN_POINT('',(4.855,-1.38000000069041,-7.70000000384988));
#6591=VECTOR('',#8055,1.0);
#6592=CARTESIAN_POINT('',(6.055,-1.38000000069042,-7.70000000384988));
#6593=VECTOR('',#8056,1.0);
#6594=COLOUR_RGB('',0.811764717102051,0.811764717102051,0.811764717102051);
#6595=CARTESIAN_POINT('',(4.855,-1.38000000069042,-4.9));
#6596=CARTESIAN_POINT('',(3.0275,-1.38000000069042,-4.9));
#6597=VECTOR('',#8057,1.0);
#6598=CARTESIAN_POINT('',(4.855,-1.38000000069041,-7.70000000384988));
#6599=VECTOR('',#8058,1.0);
#6600=COLOUR_RGB('',0.811764717102051,0.811764717102051,0.811764717102051);
#6601=CARTESIAN_POINT('',(4.855,2.81714125113376,-4.9));
#6602=VECTOR('',#8059,1.0);
#6603=COLOUR_RGB('',0.811764717102051,0.811764717102051,0.811764717102051);
#6604=CARTESIAN_POINT('',(-5.45,0.600000000300497,-4.9));
#6605=CARTESIAN_POINT('',(-5.45,-0.600000000300497,-4.9));
#6606=CARTESIAN_POINT('',(-5.45,3.71863133875943,-4.9));
#6607=VECTOR('',#8060,1.0);
#6608=CARTESIAN_POINT('',(-5.45,0.600000000300497,-8.00000000403));
#6609=CARTESIAN_POINT('',(-5.45,0.600000000300497,-8.00000000403));
#6610=VECTOR('',#8061,1.0);
#6611=CARTESIAN_POINT('',(-5.45,-5.2658073240875E-16,-8.60000000433001));
#6612=CARTESIAN_POINT('',(-5.45,-5.2658073240875E-16,-8.60000000433001));
#6613=VECTOR('',#8062,1.0);
#6614=CARTESIAN_POINT('',(-5.45,-5.55111512312578E-16,-9.60000000483001));
#6615=CARTESIAN_POINT('',(-5.45,-5.87811050130484E-16,-9.60000000483001));
#6616=VECTOR('',#8063,1.0);
#6617=CARTESIAN_POINT('',(-5.45,-0.600000000300498,-9.60000000483001));
#6618=CARTESIAN_POINT('',(-5.45,-0.600000000300498,-9.60000000483001));
#6619=VECTOR('',#8064,1.0);
#6620=CARTESIAN_POINT('',(-5.45,-0.600000000300498,-9.60000000483001));
#6621=VECTOR('',#8065,1.0);
#6622=COLOUR_RGB('',0.811764717102051,0.811764717102051,0.811764717102051);
#6623=CARTESIAN_POINT('',(-4.25,0.600000000300497,-4.9));
#6624=CARTESIAN_POINT('',(-2.725,0.600000000300497,-4.9));
#6625=VECTOR('',#8066,1.0);
#6626=CARTESIAN_POINT('',(-4.25,0.600000000300497,-8.00000000403));
#6627=CARTESIAN_POINT('',(-4.25,0.600000000300497,-8.00000000403));
#6628=VECTOR('',#8067,1.0);
#6629=CARTESIAN_POINT('',(-5.45,0.600000000300497,-8.00000000403));
#6630=VECTOR('',#8068,1.0);
#6631=COLOUR_RGB('',0.811764717102051,0.811764717102051,0.811764717102051);
#6632=CARTESIAN_POINT('',(-4.25,-0.600000000300497,-4.9));
#6633=CARTESIAN_POINT('',(-2.725,-0.600000000300497,-4.9));
#6634=VECTOR('',#8069,1.0);
#6635=CARTESIAN_POINT('',(-4.25,-0.600000000300498,-9.60000000483001));
#6636=CARTESIAN_POINT('',(-5.45,-0.600000000300498,-9.60000000483001));
#6637=VECTOR('',#8070,1.0);
#6638=CARTESIAN_POINT('',(-4.25,-0.600000000300498,-9.60000000483001));
#6639=VECTOR('',#8071,1.0);
#6640=COLOUR_RGB('',0.811764717102051,0.811764717102051,0.811764717102051);
#6641=CARTESIAN_POINT('',(-4.25,-5.2658073240875E-16,-8.60000000433001));
#6642=CARTESIAN_POINT('',(-4.25,-5.2658073240875E-16,-8.60000000433001));
#6643=VECTOR('',#8072,1.0);
#6644=CARTESIAN_POINT('',(-5.45,-5.2658073240875E-16,-8.60000000433001));
#6645=VECTOR('',#8073,1.0);
#6646=COLOUR_RGB('',0.811764717102051,0.811764717102051,0.811764717102051);
#6647=CARTESIAN_POINT('',(-4.25,-5.55111512312578E-16,-9.60000000483001));
#6648=CARTESIAN_POINT('',(-4.25,-5.87811050130484E-16,-9.60000000483001));
#6649=VECTOR('',#8074,1.0);
#6650=CARTESIAN_POINT('',(-5.45,-5.55111512312578E-16,-9.60000000483001));
#6651=VECTOR('',#8075,1.0);
#6652=COLOUR_RGB('',0.811764717102051,0.811764717102051,0.811764717102051);
#6653=CARTESIAN_POINT('',(-4.25,-0.600000000300498,-9.60000000483001));
#6654=VECTOR('',#8076,1.0);
#6655=COLOUR_RGB('',0.811764717102051,0.811764717102051,0.811764717102051);
#6656=CARTESIAN_POINT('',(-4.25,3.71863133875943,-4.9));
#6657=VECTOR('',#8077,1.0);
#6658=COLOUR_RGB('',0.811764717102051,0.811764717102051,0.811764717102051);
#6659=CARTESIAN_POINT('',(-3.16,0.600000000300497,-4.9));
#6660=CARTESIAN_POINT('',(-3.16,-0.600000000300497,-4.9));
#6661=CARTESIAN_POINT('',(-3.16,3.71863133875943,-4.9));
#6662=VECTOR('',#8078,1.0);
#6663=CARTESIAN_POINT('',(-3.16,0.600000000300497,-8.00000000403));
#6664=CARTESIAN_POINT('',(-3.16,0.600000000300497,-8.00000000403));
#6665=VECTOR('',#8079,1.0);
#6666=CARTESIAN_POINT('',(-3.16,-5.2658073240875E-16,-8.60000000433001));
#6667=CARTESIAN_POINT('',(-3.16,-5.2658073240875E-16,-8.60000000433001));
#6668=VECTOR('',#8080,1.0);
#6669=CARTESIAN_POINT('',(-3.16,-5.55111512312578E-16,-9.60000000483001));
#6670=CARTESIAN_POINT('',(-3.16,-5.87811050130484E-16,-9.60000000483001));
#6671=VECTOR('',#8081,1.0);
#6672=CARTESIAN_POINT('',(-3.16,-0.600000000300498,-9.60000000483001));
#6673=CARTESIAN_POINT('',(-3.16,-0.600000000300498,-9.60000000483001));
#6674=VECTOR('',#8082,1.0);
#6675=CARTESIAN_POINT('',(-3.16,-0.600000000300498,-9.60000000483001));
#6676=VECTOR('',#8083,1.0);
#6677=COLOUR_RGB('',0.811764717102051,0.811764717102051,0.811764717102051);
#6678=CARTESIAN_POINT('',(-1.96,0.600000000300497,-4.9));
#6679=CARTESIAN_POINT('',(-1.58,0.600000000300497,-4.9));
#6680=VECTOR('',#8084,1.0);
#6681=CARTESIAN_POINT('',(-1.96,0.600000000300497,-8.00000000403));
#6682=CARTESIAN_POINT('',(-1.96,0.600000000300497,-8.00000000403));
#6683=VECTOR('',#8085,1.0);
#6684=CARTESIAN_POINT('',(-3.16,0.600000000300497,-8.00000000403));
#6685=VECTOR('',#8086,1.0);
#6686=COLOUR_RGB('',0.811764717102051,0.811764717102051,0.811764717102051);
#6687=CARTESIAN_POINT('',(-1.96,-0.600000000300497,-4.9));
#6688=CARTESIAN_POINT('',(-1.58,-0.600000000300497,-4.9));
#6689=VECTOR('',#8087,1.0);
#6690=CARTESIAN_POINT('',(-1.96,-0.600000000300498,-9.60000000483001));
#6691=CARTESIAN_POINT('',(-3.16,-0.600000000300498,-9.60000000483001));
#6692=VECTOR('',#8088,1.0);
#6693=CARTESIAN_POINT('',(-1.96,-0.600000000300498,-9.60000000483001));
#6694=VECTOR('',#8089,1.0);
#6695=COLOUR_RGB('',0.811764717102051,0.811764717102051,0.811764717102051);
#6696=CARTESIAN_POINT('',(-1.96,-5.2658073240875E-16,-8.60000000433001));
#6697=CARTESIAN_POINT('',(-1.96,-5.2658073240875E-16,-8.60000000433001));
#6698=VECTOR('',#8090,1.0);
#6699=CARTESIAN_POINT('',(-3.16,-5.2658073240875E-16,-8.60000000433001));
#6700=VECTOR('',#8091,1.0);
#6701=COLOUR_RGB('',0.811764717102051,0.811764717102051,0.811764717102051);
#6702=CARTESIAN_POINT('',(-1.96,-5.55111512312578E-16,-9.60000000483001));
#6703=CARTESIAN_POINT('',(-1.96,-5.87811050130484E-16,-9.60000000483001));
#6704=VECTOR('',#8092,1.0);
#6705=CARTESIAN_POINT('',(-3.16,-5.55111512312578E-16,-9.60000000483001));
#6706=VECTOR('',#8093,1.0);
#6707=COLOUR_RGB('',0.811764717102051,0.811764717102051,0.811764717102051);
#6708=CARTESIAN_POINT('',(-1.96,-0.600000000300498,-9.60000000483001));
#6709=VECTOR('',#8094,1.0);
#6710=COLOUR_RGB('',0.811764717102051,0.811764717102051,0.811764717102051);
#6711=CARTESIAN_POINT('',(-1.96,3.71863133875943,-4.9));
#6712=VECTOR('',#8095,1.0);
#6713=COLOUR_RGB('',0.811764717102051,0.811764717102051,0.811764717102051);
#6714=CARTESIAN_POINT('',(-0.87,0.600000000300497,-4.9));
#6715=CARTESIAN_POINT('',(-0.87,-0.600000000300497,-4.9));
#6716=CARTESIAN_POINT('',(-0.87,3.71863133875943,-4.9));
#6717=VECTOR('',#8096,1.0);
#6718=CARTESIAN_POINT('',(-0.87,0.600000000300497,-8.00000000403));
#6719=CARTESIAN_POINT('',(-0.87,0.600000000300497,-8.00000000403));
#6720=VECTOR('',#8097,1.0);
#6721=CARTESIAN_POINT('',(-0.87,-5.2658073240875E-16,-8.60000000433001));
#6722=CARTESIAN_POINT('',(-0.87,-5.2658073240875E-16,-8.60000000433001));
#6723=VECTOR('',#8098,1.0);
#6724=CARTESIAN_POINT('',(-0.87,-5.55111512312578E-16,-9.60000000483001));
#6725=CARTESIAN_POINT('',(-0.87,-5.87811050130484E-16,-9.60000000483001));
#6726=VECTOR('',#8099,1.0);
#6727=CARTESIAN_POINT('',(-0.87,-0.600000000300498,-9.60000000483001));
#6728=CARTESIAN_POINT('',(-0.87,-0.600000000300498,-9.60000000483001));
#6729=VECTOR('',#8100,1.0);
#6730=CARTESIAN_POINT('',(-0.87,-0.600000000300498,-9.60000000483001));
#6731=VECTOR('',#8101,1.0);
#6732=COLOUR_RGB('',0.811764717102051,0.811764717102051,0.811764717102051);
#6733=CARTESIAN_POINT('',(0.33,0.600000000300497,-4.9));
#6734=CARTESIAN_POINT('',(-0.435,0.600000000300497,-4.9));
#6735=VECTOR('',#8102,1.0);
#6736=CARTESIAN_POINT('',(0.33,0.600000000300497,-8.00000000403));
#6737=CARTESIAN_POINT('',(0.33,0.600000000300497,-8.00000000403));
#6738=VECTOR('',#8103,1.0);
#6739=CARTESIAN_POINT('',(-0.87,0.600000000300497,-8.00000000403));
#6740=VECTOR('',#8104,1.0);
#6741=COLOUR_RGB('',0.811764717102051,0.811764717102051,0.811764717102051);
#6742=CARTESIAN_POINT('',(0.33,-0.600000000300497,-4.9));
#6743=CARTESIAN_POINT('',(-0.435,-0.600000000300497,-4.9));
#6744=VECTOR('',#8105,1.0);
#6745=CARTESIAN_POINT('',(0.33,-0.600000000300498,-9.60000000483001));
#6746=CARTESIAN_POINT('',(-0.87,-0.600000000300498,-9.60000000483001));
#6747=VECTOR('',#8106,1.0);
#6748=CARTESIAN_POINT('',(0.33,-0.600000000300498,-9.60000000483001));
#6749=VECTOR('',#8107,1.0);
#6750=COLOUR_RGB('',0.811764717102051,0.811764717102051,0.811764717102051);
#6751=CARTESIAN_POINT('',(0.33,-5.2658073240875E-16,-8.60000000433001));
#6752=CARTESIAN_POINT('',(0.33,-5.2658073240875E-16,-8.60000000433001));
#6753=VECTOR('',#8108,1.0);
#6754=CARTESIAN_POINT('',(-0.87,-5.2658073240875E-16,-8.60000000433001));
#6755=VECTOR('',#8109,1.0);
#6756=COLOUR_RGB('',0.811764717102051,0.811764717102051,0.811764717102051);
#6757=CARTESIAN_POINT('',(0.33,-5.55111512312578E-16,-9.60000000483001));
#6758=CARTESIAN_POINT('',(0.33,-5.87811050130484E-16,-9.60000000483001));
#6759=VECTOR('',#8110,1.0);
#6760=CARTESIAN_POINT('',(-0.87,-5.55111512312578E-16,-9.60000000483001));
#6761=VECTOR('',#8111,1.0);
#6762=COLOUR_RGB('',0.811764717102051,0.811764717102051,0.811764717102051);
#6763=CARTESIAN_POINT('',(0.33,-0.600000000300498,-9.60000000483001));
#6764=VECTOR('',#8112,1.0);
#6765=COLOUR_RGB('',0.811764717102051,0.811764717102051,0.811764717102051);
#6766=CARTESIAN_POINT('',(0.33,3.71863133875943,-4.9));
#6767=VECTOR('',#8113,1.0);
#6768=COLOUR_RGB('',0.811764717102051,0.811764717102051,0.811764717102051);
#6769=CARTESIAN_POINT('',(1.42,0.600000000300497,-4.9));
#6770=CARTESIAN_POINT('',(1.42,-0.600000000300497,-4.9));
#6771=CARTESIAN_POINT('',(1.42,3.71863133875943,-4.9));
#6772=VECTOR('',#8114,1.0);
#6773=CARTESIAN_POINT('',(1.42,0.600000000300497,-8.00000000403));
#6774=CARTESIAN_POINT('',(1.42,0.600000000300497,-8.00000000403));
#6775=VECTOR('',#8115,1.0);
#6776=CARTESIAN_POINT('',(1.42,-5.2658073240875E-16,-8.60000000433001));
#6777=CARTESIAN_POINT('',(1.42,-5.2658073240875E-16,-8.60000000433001));
#6778=VECTOR('',#8116,1.0);
#6779=CARTESIAN_POINT('',(1.42,-5.55111512312578E-16,-9.60000000483001));
#6780=CARTESIAN_POINT('',(1.42,-5.87811050130484E-16,-9.60000000483001));
#6781=VECTOR('',#8117,1.0);
#6782=CARTESIAN_POINT('',(1.42,-0.600000000300498,-9.60000000483001));
#6783=CARTESIAN_POINT('',(1.42,-0.600000000300498,-9.60000000483001));
#6784=VECTOR('',#8118,1.0);
#6785=CARTESIAN_POINT('',(1.42,-0.600000000300498,-9.60000000483001));
#6786=VECTOR('',#8119,1.0);
#6787=COLOUR_RGB('',0.811764717102051,0.811764717102051,0.811764717102051);
#6788=CARTESIAN_POINT('',(2.62,0.600000000300497,-4.9));
#6789=CARTESIAN_POINT('',(0.71,0.600000000300497,-4.9));
#6790=VECTOR('',#8120,1.0);
#6791=CARTESIAN_POINT('',(2.62,0.600000000300497,-8.00000000403));
#6792=CARTESIAN_POINT('',(2.62,0.600000000300497,-8.00000000403));
#6793=VECTOR('',#8121,1.0);
#6794=CARTESIAN_POINT('',(1.42,0.600000000300497,-8.00000000403));
#6795=VECTOR('',#8122,1.0);
#6796=COLOUR_RGB('',0.811764717102051,0.811764717102051,0.811764717102051);
#6797=CARTESIAN_POINT('',(2.62,-0.600000000300497,-4.9));
#6798=CARTESIAN_POINT('',(0.71,-0.600000000300497,-4.9));
#6799=VECTOR('',#8123,1.0);
#6800=CARTESIAN_POINT('',(2.62,-0.600000000300498,-9.60000000483001));
#6801=CARTESIAN_POINT('',(1.42,-0.600000000300498,-9.60000000483001));
#6802=VECTOR('',#8124,1.0);
#6803=CARTESIAN_POINT('',(2.62,-0.600000000300498,-9.60000000483001));
#6804=VECTOR('',#8125,1.0);
#6805=COLOUR_RGB('',0.811764717102051,0.811764717102051,0.811764717102051);
#6806=CARTESIAN_POINT('',(2.62,-5.2658073240875E-16,-8.60000000433001));
#6807=CARTESIAN_POINT('',(2.62,-5.2658073240875E-16,-8.60000000433001));
#6808=VECTOR('',#8126,1.0);
#6809=CARTESIAN_POINT('',(1.42,-5.2658073240875E-16,-8.60000000433001));
#6810=VECTOR('',#8127,1.0);
#6811=COLOUR_RGB('',0.811764717102051,0.811764717102051,0.811764717102051);
#6812=CARTESIAN_POINT('',(2.62,-5.55111512312578E-16,-9.60000000483001));
#6813=CARTESIAN_POINT('',(2.62,-5.87811050130484E-16,-9.60000000483001));
#6814=VECTOR('',#8128,1.0);
#6815=CARTESIAN_POINT('',(1.42,-5.55111512312578E-16,-9.60000000483001));
#6816=VECTOR('',#8129,1.0);
#6817=COLOUR_RGB('',0.811764717102051,0.811764717102051,0.811764717102051);
#6818=CARTESIAN_POINT('',(2.62,-0.600000000300498,-9.60000000483001));
#6819=VECTOR('',#8130,1.0);
#6820=COLOUR_RGB('',0.811764717102051,0.811764717102051,0.811764717102051);
#6821=CARTESIAN_POINT('',(2.62,3.71863133875943,-4.9));
#6822=VECTOR('',#8131,1.0);
#6823=COLOUR_RGB('',0.811764717102051,0.811764717102051,0.811764717102051);
#6824=CARTESIAN_POINT('',(3.71,0.600000000300497,-4.9));
#6825=CARTESIAN_POINT('',(3.71,-0.600000000300497,-4.9));
#6826=CARTESIAN_POINT('',(3.71,3.71863133875943,-4.9));
#6827=VECTOR('',#8132,1.0);
#6828=CARTESIAN_POINT('',(3.71,0.600000000300497,-8.00000000403));
#6829=CARTESIAN_POINT('',(3.71,0.600000000300497,-8.00000000403));
#6830=VECTOR('',#8133,1.0);
#6831=CARTESIAN_POINT('',(3.71,-5.2658073240875E-16,-8.60000000433001));
#6832=CARTESIAN_POINT('',(3.71,-5.2658073240875E-16,-8.60000000433001));
#6833=VECTOR('',#8134,1.0);
#6834=CARTESIAN_POINT('',(3.71,-5.55111512312578E-16,-9.60000000483001));
#6835=CARTESIAN_POINT('',(3.71,-5.87811050130484E-16,-9.60000000483001));
#6836=VECTOR('',#8135,1.0);
#6837=CARTESIAN_POINT('',(3.71,-0.600000000300498,-9.60000000483001));
#6838=CARTESIAN_POINT('',(3.71,-0.600000000300498,-9.60000000483001));
#6839=VECTOR('',#8136,1.0);
#6840=CARTESIAN_POINT('',(3.71,-0.600000000300498,-9.60000000483001));
#6841=VECTOR('',#8137,1.0);
#6842=COLOUR_RGB('',0.811764717102051,0.811764717102051,0.811764717102051);
#6843=CARTESIAN_POINT('',(4.91,0.600000000300497,-4.9));
#6844=CARTESIAN_POINT('',(1.855,0.600000000300497,-4.9));
#6845=VECTOR('',#8138,1.0);
#6846=CARTESIAN_POINT('',(4.91,0.600000000300497,-8.00000000403));
#6847=CARTESIAN_POINT('',(4.91,0.600000000300497,-8.00000000403));
#6848=VECTOR('',#8139,1.0);
#6849=CARTESIAN_POINT('',(3.71,0.600000000300497,-8.00000000403));
#6850=VECTOR('',#8140,1.0);
#6851=COLOUR_RGB('',0.811764717102051,0.811764717102051,0.811764717102051);
#6852=CARTESIAN_POINT('',(4.91,-0.600000000300497,-4.9));
#6853=CARTESIAN_POINT('',(1.855,-0.600000000300497,-4.9));
#6854=VECTOR('',#8141,1.0);
#6855=CARTESIAN_POINT('',(4.91,-0.600000000300498,-9.60000000483001));
#6856=CARTESIAN_POINT('',(3.71,-0.600000000300498,-9.60000000483001));
#6857=VECTOR('',#8142,1.0);
#6858=CARTESIAN_POINT('',(4.91,-0.600000000300498,-9.60000000483001));
#6859=VECTOR('',#8143,1.0);
#6860=COLOUR_RGB('',0.811764717102051,0.811764717102051,0.811764717102051);
#6861=CARTESIAN_POINT('',(4.91,-5.2658073240875E-16,-8.60000000433001));
#6862=CARTESIAN_POINT('',(4.91,-5.2658073240875E-16,-8.60000000433001));
#6863=VECTOR('',#8144,1.0);
#6864=CARTESIAN_POINT('',(3.71,-5.2658073240875E-16,-8.60000000433001));
#6865=VECTOR('',#8145,1.0);
#6866=COLOUR_RGB('',0.811764717102051,0.811764717102051,0.811764717102051);
#6867=CARTESIAN_POINT('',(4.91,-5.55111512312578E-16,-9.60000000483001));
#6868=CARTESIAN_POINT('',(4.91,-5.87811050130484E-16,-9.60000000483001));
#6869=VECTOR('',#8146,1.0);
#6870=CARTESIAN_POINT('',(3.71,-5.55111512312578E-16,-9.60000000483001));
#6871=VECTOR('',#8147,1.0);
#6872=COLOUR_RGB('',0.811764717102051,0.811764717102051,0.811764717102051);
#6873=CARTESIAN_POINT('',(4.91,-0.600000000300498,-9.60000000483001));
#6874=VECTOR('',#8148,1.0);
#6875=COLOUR_RGB('',0.811764717102051,0.811764717102051,0.811764717102051);
#6876=CARTESIAN_POINT('',(4.91,3.71863133875943,-4.9));
#6877=VECTOR('',#8149,1.0);
#6878=COLOUR_RGB('',0.811764717102051,0.811764717102051,0.811764717102051);
#6879=CARTESIAN_POINT('',(-4.305,2.58000000128959,-4.9));
#6880=CARTESIAN_POINT('',(-4.305,1.38000000069042,-4.9));
#6881=CARTESIAN_POINT('',(-4.305,4.68285874886624,-4.9));
#6882=VECTOR('',#8150,1.0);
#6883=CARTESIAN_POINT('',(-4.305,2.58000000128959,-5.60000000279999));
#6884=CARTESIAN_POINT('',(-4.305,2.58000000128959,-5.60000000279999));
#6885=VECTOR('',#8151,1.0);
#6886=CARTESIAN_POINT('',(-4.305,1.98000000099091,-5.90000000294992));
#6887=CARTESIAN_POINT('',(-4.305,1.98000000099091,-5.90000000294992));
#6888=VECTOR('',#8152,1.0);
#6889=CARTESIAN_POINT('',(-4.305,1.98000000099091,-7.70000000384988));
#6890=CARTESIAN_POINT('',(-4.305,1.98000000099091,-7.70000000384988));
#6891=VECTOR('',#8153,1.0);
#6892=CARTESIAN_POINT('',(-4.305,1.38000000069042,-7.70000000384988));
#6893=CARTESIAN_POINT('',(-4.305,1.38000000069042,-7.70000000384988));
#6894=VECTOR('',#8154,1.0);
#6895=CARTESIAN_POINT('',(-4.305,1.38000000069042,-7.70000000384988));
#6896=VECTOR('',#8155,1.0);
#6897=COLOUR_RGB('',0.811764717102051,0.811764717102051,0.811764717102051);
#6898=CARTESIAN_POINT('',(-3.105,2.58000000128959,-4.9));
#6899=CARTESIAN_POINT('',(-2.1525,2.58000000128959,-4.9));
#6900=VECTOR('',#8156,1.0);
#6901=CARTESIAN_POINT('',(-3.105,2.58000000128959,-5.60000000279999));
#6902=CARTESIAN_POINT('',(-3.105,2.58000000128959,-5.60000000279999));
#6903=VECTOR('',#8157,1.0);
#6904=CARTESIAN_POINT('',(-4.305,2.58000000128959,-5.60000000279999));
#6905=VECTOR('',#8158,1.0);
#6906=COLOUR_RGB('',0.811764717102051,0.811764717102051,0.811764717102051);
#6907=CARTESIAN_POINT('',(-3.105,1.98000000099091,-5.90000000294992));
#6908=CARTESIAN_POINT('',(-3.105,1.98000000099091,-5.90000000294992));
#6909=VECTOR('',#8159,1.0);
#6910=CARTESIAN_POINT('',(-4.305,1.98000000099091,-5.90000000294992));
#6911=VECTOR('',#8160,1.0);
#6912=COLOUR_RGB('',0.811764717102051,0.811764717102051,0.811764717102051);
#6913=CARTESIAN_POINT('',(-3.105,1.98000000099091,-7.70000000384988));
#6914=CARTESIAN_POINT('',(-3.105,1.98000000099091,-7.70000000384988));
#6915=VECTOR('',#8161,1.0);
#6916=CARTESIAN_POINT('',(-4.305,1.98000000099091,-7.70000000384988));
#6917=VECTOR('',#8162,1.0);
#6918=COLOUR_RGB('',0.811764717102051,0.811764717102051,0.811764717102051);
#6919=CARTESIAN_POINT('',(-3.105,1.38000000069042,-7.70000000384988));
#6920=CARTESIAN_POINT('',(-3.105,1.38000000069042,-7.70000000384988));
#6921=VECTOR('',#8163,1.0);
#6922=CARTESIAN_POINT('',(-4.305,1.38000000069042,-7.70000000384988));
#6923=VECTOR('',#8164,1.0);
#6924=COLOUR_RGB('',0.811764717102051,0.811764717102051,0.811764717102051);
#6925=CARTESIAN_POINT('',(-3.105,1.38000000069042,-4.9));
#6926=CARTESIAN_POINT('',(-2.1525,1.38000000069042,-4.9));
#6927=VECTOR('',#8165,1.0);
#6928=CARTESIAN_POINT('',(-3.105,1.38000000069042,-7.70000000384988));
#6929=VECTOR('',#8166,1.0);
#6930=COLOUR_RGB('',0.811764717102051,0.811764717102051,0.811764717102051);
#6931=CARTESIAN_POINT('',(-3.105,4.68285874886624,-4.9));
#6932=VECTOR('',#8167,1.0);
#6933=COLOUR_RGB('',0.811764717102051,0.811764717102051,0.811764717102051);
#6934=CARTESIAN_POINT('',(-2.015,2.58000000128959,-4.9));
#6935=CARTESIAN_POINT('',(-2.015,1.38000000069042,-4.9));
#6936=CARTESIAN_POINT('',(-2.015,4.68285874886624,-4.9));
#6937=VECTOR('',#8168,1.0);
#6938=CARTESIAN_POINT('',(-2.015,2.58000000128959,-5.60000000279999));
#6939=CARTESIAN_POINT('',(-2.015,2.58000000128959,-5.60000000279999));
#6940=VECTOR('',#8169,1.0);
#6941=CARTESIAN_POINT('',(-2.015,1.98000000099091,-5.90000000294992));
#6942=CARTESIAN_POINT('',(-2.015,1.98000000099091,-5.90000000294992));
#6943=VECTOR('',#8170,1.0);
#6944=CARTESIAN_POINT('',(-2.015,1.98000000099091,-7.70000000384988));
#6945=CARTESIAN_POINT('',(-2.015,1.98000000099091,-7.70000000384988));
#6946=VECTOR('',#8171,1.0);
#6947=CARTESIAN_POINT('',(-2.015,1.38000000069042,-7.70000000384988));
#6948=CARTESIAN_POINT('',(-2.015,1.38000000069042,-7.70000000384988));
#6949=VECTOR('',#8172,1.0);
#6950=CARTESIAN_POINT('',(-2.015,1.38000000069042,-7.70000000384988));
#6951=VECTOR('',#8173,1.0);
#6952=COLOUR_RGB('',0.811764717102051,0.811764717102051,0.811764717102051);
#6953=CARTESIAN_POINT('',(-0.815,2.58000000128959,-4.9));
#6954=CARTESIAN_POINT('',(-1.0075,2.58000000128959,-4.9));
#6955=VECTOR('',#8174,1.0);
#6956=CARTESIAN_POINT('',(-0.815,2.58000000128959,-5.60000000279999));
#6957=CARTESIAN_POINT('',(-0.815,2.58000000128959,-5.60000000279999));
#6958=VECTOR('',#8175,1.0);
#6959=CARTESIAN_POINT('',(-2.015,2.58000000128959,-5.60000000279999));
#6960=VECTOR('',#8176,1.0);
#6961=COLOUR_RGB('',0.811764717102051,0.811764717102051,0.811764717102051);
#6962=CARTESIAN_POINT('',(-0.815,1.98000000099091,-5.90000000294992));
#6963=CARTESIAN_POINT('',(-0.815,1.98000000099091,-5.90000000294992));
#6964=VECTOR('',#8177,1.0);
#6965=CARTESIAN_POINT('',(-2.015,1.98000000099091,-5.90000000294992));
#6966=VECTOR('',#8178,1.0);
#6967=COLOUR_RGB('',0.811764717102051,0.811764717102051,0.811764717102051);
#6968=CARTESIAN_POINT('',(-0.815,1.98000000099091,-7.70000000384988));
#6969=CARTESIAN_POINT('',(-0.815,1.98000000099091,-7.70000000384988));
#6970=VECTOR('',#8179,1.0);
#6971=CARTESIAN_POINT('',(-2.015,1.98000000099091,-7.70000000384988));
#6972=VECTOR('',#8180,1.0);
#6973=COLOUR_RGB('',0.811764717102051,0.811764717102051,0.811764717102051);
#6974=CARTESIAN_POINT('',(-0.815,1.38000000069042,-7.70000000384988));
#6975=CARTESIAN_POINT('',(-0.815,1.38000000069042,-7.70000000384988));
#6976=VECTOR('',#8181,1.0);
#6977=CARTESIAN_POINT('',(-2.015,1.38000000069042,-7.70000000384988));
#6978=VECTOR('',#8182,1.0);
#6979=COLOUR_RGB('',0.811764717102051,0.811764717102051,0.811764717102051);
#6980=CARTESIAN_POINT('',(-0.815000000000001,1.38000000069042,-4.9));
#6981=CARTESIAN_POINT('',(-1.0075,1.38000000069042,-4.9));
#6982=VECTOR('',#8183,1.0);
#6983=CARTESIAN_POINT('',(-0.815,1.38000000069042,-7.70000000384988));
#6984=VECTOR('',#8184,1.0);
#6985=COLOUR_RGB('',0.811764717102051,0.811764717102051,0.811764717102051);
#6986=CARTESIAN_POINT('',(-0.815,4.68285874886624,-4.9));
#6987=VECTOR('',#8185,1.0);
#6988=COLOUR_RGB('',0.811764717102051,0.811764717102051,0.811764717102051);
#6989=CARTESIAN_POINT('',(0.274999999999999,2.58000000128959,-4.9));
#6990=CARTESIAN_POINT('',(0.275,1.38000000069042,-4.9));
#6991=CARTESIAN_POINT('',(0.274999999999999,4.68285874886624,-4.9));
#6992=VECTOR('',#8186,1.0);
#6993=CARTESIAN_POINT('',(0.274999999999999,2.58000000128959,-5.60000000279999));
#6994=CARTESIAN_POINT('',(0.274999999999999,2.58000000128959,-5.60000000279999));
#6995=VECTOR('',#8187,1.0);
#6996=CARTESIAN_POINT('',(0.274999999999999,1.98000000099091,-5.90000000294992));
#6997=CARTESIAN_POINT('',(0.274999999999999,1.98000000099091,-5.90000000294992));
#6998=VECTOR('',#8188,1.0);
#6999=CARTESIAN_POINT('',(0.275,1.98000000099091,-7.70000000384988));
#7000=CARTESIAN_POINT('',(0.275,1.98000000099091,-7.70000000384988));
#7001=VECTOR('',#8189,1.0);
#7002=CARTESIAN_POINT('',(0.275,1.38000000069042,-7.70000000384988));
#7003=CARTESIAN_POINT('',(0.275,1.38000000069042,-7.70000000384988));
#7004=VECTOR('',#8190,1.0);
#7005=CARTESIAN_POINT('',(0.275,1.38000000069042,-7.70000000384988));
#7006=VECTOR('',#8191,1.0);
#7007=COLOUR_RGB('',0.811764717102051,0.811764717102051,0.811764717102051);
#7008=CARTESIAN_POINT('',(1.475,2.58000000128959,-4.9));
#7009=CARTESIAN_POINT('',(0.1375,2.58000000128959,-4.9));
#7010=VECTOR('',#8192,1.0);
#7011=CARTESIAN_POINT('',(1.475,2.58000000128959,-5.60000000279999));
#7012=CARTESIAN_POINT('',(1.475,2.58000000128959,-5.60000000279999));
#7013=VECTOR('',#8193,1.0);
#7014=CARTESIAN_POINT('',(0.274999999999999,2.58000000128959,-5.60000000279999));
#7015=VECTOR('',#8194,1.0);
#7016=COLOUR_RGB('',0.811764717102051,0.811764717102051,0.811764717102051);
#7017=CARTESIAN_POINT('',(1.475,1.98000000099091,-5.90000000294992));
#7018=CARTESIAN_POINT('',(1.475,1.98000000099091,-5.90000000294992));
#7019=VECTOR('',#8195,1.0);
#7020=CARTESIAN_POINT('',(0.274999999999999,1.98000000099091,-5.90000000294992));
#7021=VECTOR('',#8196,1.0);
#7022=COLOUR_RGB('',0.811764717102051,0.811764717102051,0.811764717102051);
#7023=CARTESIAN_POINT('',(1.475,1.98000000099091,-7.70000000384988));
#7024=CARTESIAN_POINT('',(1.475,1.98000000099091,-7.70000000384988));
#7025=VECTOR('',#8197,1.0);
#7026=CARTESIAN_POINT('',(0.275,1.98000000099091,-7.70000000384988));
#7027=VECTOR('',#8198,1.0);
#7028=COLOUR_RGB('',0.811764717102051,0.811764717102051,0.811764717102051);
#7029=CARTESIAN_POINT('',(1.475,1.38000000069042,-7.70000000384988));
#7030=CARTESIAN_POINT('',(1.475,1.38000000069042,-7.70000000384988));
#7031=VECTOR('',#8199,1.0);
#7032=CARTESIAN_POINT('',(0.275,1.38000000069042,-7.70000000384988));
#7033=VECTOR('',#8200,1.0);
#7034=COLOUR_RGB('',0.811764717102051,0.811764717102051,0.811764717102051);
#7035=CARTESIAN_POINT('',(1.475,1.38000000069042,-4.9));
#7036=CARTESIAN_POINT('',(0.1375,1.38000000069042,-4.9));
#7037=VECTOR('',#8201,1.0);
#7038=CARTESIAN_POINT('',(1.475,1.38000000069042,-7.70000000384988));
#7039=VECTOR('',#8202,1.0);
#7040=COLOUR_RGB('',0.811764717102051,0.811764717102051,0.811764717102051);
#7041=CARTESIAN_POINT('',(1.475,4.68285874886624,-4.9));
#7042=VECTOR('',#8203,1.0);
#7043=COLOUR_RGB('',0.811764717102051,0.811764717102051,0.811764717102051);
#7044=CARTESIAN_POINT('',(2.565,2.58000000128959,-4.9));
#7045=CARTESIAN_POINT('',(2.565,1.38000000069042,-4.9));
#7046=CARTESIAN_POINT('',(2.565,4.68285874886624,-4.9));
#7047=VECTOR('',#8204,1.0);
#7048=CARTESIAN_POINT('',(2.565,2.58000000128959,-5.60000000279999));
#7049=CARTESIAN_POINT('',(2.565,2.58000000128959,-5.60000000279999));
#7050=VECTOR('',#8205,1.0);
#7051=CARTESIAN_POINT('',(2.565,1.98000000099091,-5.90000000294992));
#7052=CARTESIAN_POINT('',(2.565,1.98000000099091,-5.90000000294992));
#7053=VECTOR('',#8206,1.0);
#7054=CARTESIAN_POINT('',(2.565,1.98000000099091,-7.70000000384988));
#7055=CARTESIAN_POINT('',(2.565,1.98000000099091,-7.70000000384988));
#7056=VECTOR('',#8207,1.0);
#7057=CARTESIAN_POINT('',(2.565,1.38000000069042,-7.70000000384988));
#7058=CARTESIAN_POINT('',(2.565,1.38000000069042,-7.70000000384988));
#7059=VECTOR('',#8208,1.0);
#7060=CARTESIAN_POINT('',(2.565,1.38000000069042,-7.70000000384988));
#7061=VECTOR('',#8209,1.0);
#7062=COLOUR_RGB('',0.811764717102051,0.811764717102051,0.811764717102051);
#7063=CARTESIAN_POINT('',(3.765,2.58000000128959,-4.9));
#7064=CARTESIAN_POINT('',(1.2825,2.58000000128959,-4.9));
#7065=VECTOR('',#8210,1.0);
#7066=CARTESIAN_POINT('',(3.765,2.58000000128959,-5.60000000279999));
#7067=CARTESIAN_POINT('',(3.765,2.58000000128959,-5.60000000279999));
#7068=VECTOR('',#8211,1.0);
#7069=CARTESIAN_POINT('',(2.565,2.58000000128959,-5.60000000279999));
#7070=VECTOR('',#8212,1.0);
#7071=COLOUR_RGB('',0.811764717102051,0.811764717102051,0.811764717102051);
#7072=CARTESIAN_POINT('',(3.765,1.98000000099091,-5.90000000294992));
#7073=CARTESIAN_POINT('',(3.765,1.98000000099091,-5.90000000294992));
#7074=VECTOR('',#8213,1.0);
#7075=CARTESIAN_POINT('',(2.565,1.98000000099091,-5.90000000294992));
#7076=VECTOR('',#8214,1.0);
#7077=COLOUR_RGB('',0.811764717102051,0.811764717102051,0.811764717102051);
#7078=CARTESIAN_POINT('',(3.765,1.98000000099091,-7.70000000384988));
#7079=CARTESIAN_POINT('',(3.765,1.98000000099091,-7.70000000384988));
#7080=VECTOR('',#8215,1.0);
#7081=CARTESIAN_POINT('',(2.565,1.98000000099091,-7.70000000384988));
#7082=VECTOR('',#8216,1.0);
#7083=COLOUR_RGB('',0.811764717102051,0.811764717102051,0.811764717102051);
#7084=CARTESIAN_POINT('',(3.765,1.38000000069042,-7.70000000384988));
#7085=CARTESIAN_POINT('',(3.765,1.38000000069042,-7.70000000384988));
#7086=VECTOR('',#8217,1.0);
#7087=CARTESIAN_POINT('',(2.565,1.38000000069042,-7.70000000384988));
#7088=VECTOR('',#8218,1.0);
#7089=COLOUR_RGB('',0.811764717102051,0.811764717102051,0.811764717102051);
#7090=CARTESIAN_POINT('',(3.765,1.38000000069042,-4.9));
#7091=CARTESIAN_POINT('',(1.2825,1.38000000069042,-4.9));
#7092=VECTOR('',#8219,1.0);
#7093=CARTESIAN_POINT('',(3.765,1.38000000069042,-7.70000000384988));
#7094=VECTOR('',#8220,1.0);
#7095=COLOUR_RGB('',0.811764717102051,0.811764717102051,0.811764717102051);
#7096=CARTESIAN_POINT('',(3.765,4.68285874886624,-4.9));
#7097=VECTOR('',#8221,1.0);
#7098=COLOUR_RGB('',0.811764717102051,0.811764717102051,0.811764717102051);
#7099=CARTESIAN_POINT('',(4.855,2.58000000128959,-4.9));
#7100=CARTESIAN_POINT('',(4.855,1.38000000069042,-4.9));
#7101=CARTESIAN_POINT('',(4.855,4.68285874886624,-4.9));
#7102=VECTOR('',#8222,1.0);
#7103=CARTESIAN_POINT('',(4.855,2.58000000128959,-5.60000000279999));
#7104=CARTESIAN_POINT('',(4.855,2.58000000128959,-5.60000000279999));
#7105=VECTOR('',#8223,1.0);
#7106=CARTESIAN_POINT('',(4.855,1.98000000099091,-5.90000000294992));
#7107=CARTESIAN_POINT('',(4.855,1.98000000099091,-5.90000000294992));
#7108=VECTOR('',#8224,1.0);
#7109=CARTESIAN_POINT('',(4.855,1.98000000099091,-7.70000000384988));
#7110=CARTESIAN_POINT('',(4.855,1.98000000099091,-7.70000000384988));
#7111=VECTOR('',#8225,1.0);
#7112=CARTESIAN_POINT('',(4.855,1.38000000069042,-7.70000000384988));
#7113=CARTESIAN_POINT('',(4.855,1.38000000069042,-7.70000000384988));
#7114=VECTOR('',#8226,1.0);
#7115=CARTESIAN_POINT('',(4.855,1.38000000069042,-7.70000000384988));
#7116=VECTOR('',#8227,1.0);
#7117=COLOUR_RGB('',0.811764717102051,0.811764717102051,0.811764717102051);
#7118=CARTESIAN_POINT('',(6.055,2.58000000128959,-4.9));
#7119=CARTESIAN_POINT('',(2.4275,2.58000000128959,-4.9));
#7120=VECTOR('',#8228,1.0);
#7121=CARTESIAN_POINT('',(6.055,2.58000000128959,-5.60000000279999));
#7122=CARTESIAN_POINT('',(6.055,2.58000000128959,-5.60000000279999));
#7123=VECTOR('',#8229,1.0);
#7124=CARTESIAN_POINT('',(4.855,2.58000000128959,-5.60000000279999));
#7125=VECTOR('',#8230,1.0);
#7126=COLOUR_RGB('',0.811764717102051,0.811764717102051,0.811764717102051);
#7127=CARTESIAN_POINT('',(6.055,1.98000000099091,-5.90000000294992));
#7128=CARTESIAN_POINT('',(6.055,1.98000000099091,-5.90000000294992));
#7129=VECTOR('',#8231,1.0);
#7130=CARTESIAN_POINT('',(4.855,1.98000000099091,-5.90000000294992));
#7131=VECTOR('',#8232,1.0);
#7132=COLOUR_RGB('',0.811764717102051,0.811764717102051,0.811764717102051);
#7133=CARTESIAN_POINT('',(6.055,1.98000000099091,-7.70000000384988));
#7134=CARTESIAN_POINT('',(6.055,1.98000000099091,-7.70000000384988));
#7135=VECTOR('',#8233,1.0);
#7136=CARTESIAN_POINT('',(4.855,1.98000000099091,-7.70000000384988));
#7137=VECTOR('',#8234,1.0);
#7138=COLOUR_RGB('',0.811764717102051,0.811764717102051,0.811764717102051);
#7139=CARTESIAN_POINT('',(6.055,1.38000000069042,-7.70000000384988));
#7140=CARTESIAN_POINT('',(6.055,1.38000000069042,-7.70000000384988));
#7141=VECTOR('',#8235,1.0);
#7142=CARTESIAN_POINT('',(4.855,1.38000000069042,-7.70000000384988));
#7143=VECTOR('',#8236,1.0);
#7144=COLOUR_RGB('',0.811764717102051,0.811764717102051,0.811764717102051);
#7145=CARTESIAN_POINT('',(6.055,1.38000000069042,-4.9));
#7146=CARTESIAN_POINT('',(2.4275,1.38000000069042,-4.9));
#7147=VECTOR('',#8237,1.0);
#7148=CARTESIAN_POINT('',(6.055,1.38000000069042,-7.70000000384988));
#7149=VECTOR('',#8238,1.0);
#7150=COLOUR_RGB('',0.811764717102051,0.811764717102051,0.811764717102051);
#7151=CARTESIAN_POINT('',(6.055,4.68285874886624,-4.9));
#7152=VECTOR('',#8239,1.0);
#7153=COLOUR_RGB('',0.811764717102051,0.811764717102051,0.811764717102051);
#7154=CARTESIAN_POINT('',(-9.6,5.35999999999991,0.0));
#7155=CARTESIAN_POINT('',(-9.6,-5.36000000000006,0.0));
#7156=CARTESIAN_POINT('',(-9.6,3.75,0.0));
#7157=VECTOR('',#8240,1.0);
#7158=CARTESIAN_POINT('',(-9.6,5.35999999999992,-2.03849654048295));
#7159=CARTESIAN_POINT('',(-9.6,5.35999999999991,-0.787506746940935));
#7160=VECTOR('',#8241,1.0);
#7161=CARTESIAN_POINT('',(-9.6,5.35142443724036,-2.3));
#7162=AXIS2_PLACEMENT_3D('',#8242,#8243,#8244);
#7163=CARTESIAN_POINT('',(-9.6,-5.35053295452864,-2.3));
#7164=CARTESIAN_POINT('',(-9.6,7.5,-2.3));
#7165=VECTOR('',#8245,1.0);
#7166=CARTESIAN_POINT('',(-9.6,-5.36000000000001,-2.10563293248206));
#7167=AXIS2_PLACEMENT_3D('',#8246,#8247,#8248);
#7168=CARTESIAN_POINT('',(-9.6,-5.36000000000004,-0.804290844940847));
#7169=VECTOR('',#8249,1.0);
#7170=COLOUR_RGB('',0.811764717102051,0.811764717102051,0.811764717102051);
#7171=CARTESIAN_POINT('',(9.6,5.35999999999991,0.0));
#7172=CARTESIAN_POINT('',(-5.05,5.35999999999991,0.0));
#7173=VECTOR('',#8250,1.0);
#7174=CARTESIAN_POINT('',(9.6,5.35999999999992,-2.03849654048295));
#7175=CARTESIAN_POINT('',(9.6,5.35999999999991,-0.787506746940935));
#7176=VECTOR('',#8251,1.0);
#7177=CARTESIAN_POINT('',(-10.1,5.35999999999992,-2.03849654048295));
#7178=VECTOR('',#8252,1.0);
#7179=COLOUR_RGB('',0.811764717102051,0.811764717102051,0.811764717102051);
#7180=CARTESIAN_POINT('',(9.6,-5.36000000000006,0.0));
#7181=CARTESIAN_POINT('',(-5.05,-5.36000000000006,0.0));
#7182=VECTOR('',#8253,1.0);
#7183=CARTESIAN_POINT('',(9.6,-5.36000000000001,-2.10563293248205));
#7184=CARTESIAN_POINT('',(-10.1,-5.36000000000001,-2.10563293248206));
#7185=VECTOR('',#8254,1.0);
#7186=CARTESIAN_POINT('',(9.6,-5.36000000000004,-0.804290844940847));
#7187=VECTOR('',#8255,1.0);
#7188=COLOUR_RGB('',0.811764717102051,0.811764717102051,0.811764717102051);
#7189=CARTESIAN_POINT('',(7.8,3.51000000000005,-4.39999999999997));
#7190=CARTESIAN_POINT('',(7.3,3.01000000000005,-4.89999999999997));
#7191=AXIS2_PLACEMENT_3D('',#8256,#8257,#8258);
#7192=CARTESIAN_POINT('',(-7.3,3.01000000000005,-4.9));
#7193=CARTESIAN_POINT('',(3.06151588455611E-17,3.01000000000005,-4.9));
#7194=VECTOR('',#8259,1.0);
#7195=CARTESIAN_POINT('',(-7.8,3.51000000000005,-4.39999999999997));
#7196=AXIS2_PLACEMENT_3D('',#8260,#8261,#8262);
#7197=CARTESIAN_POINT('',(-10.1,3.51000000000005,-4.39999999999997));
#7198=VECTOR('',#8263,1.0);
#7199=COLOUR_RGB('',0.811764717102051,0.811764717102051,0.811764717102051);
#7200=CARTESIAN_POINT('',(7.8,3.50999999999999,-4.1));
#7201=CARTESIAN_POINT('',(7.8,3.51,-4.25000000000016));
#7202=VECTOR('',#8264,1.0);
#7203=CARTESIAN_POINT('',(-7.8,3.50999999999999,-4.1));
#7204=CARTESIAN_POINT('',(-7.8,3.51,-4.25000000000016));
#7205=VECTOR('',#8265,1.0);
#7206=CARTESIAN_POINT('',(-10.1,3.50999999999999,-4.1));
#7207=VECTOR('',#8266,1.0);
#7208=COLOUR_RGB('',0.811764717102051,0.811764717102051,0.811764717102051);
#7209=CARTESIAN_POINT('',(7.3,-3.01000000000005,-4.89999999999991));
#7210=CARTESIAN_POINT('',(7.8,-3.50999999999999,-4.39999999999997));
#7211=AXIS2_PLACEMENT_3D('',#8267,#8268,#8269);
#7212=CARTESIAN_POINT('',(-7.8,-3.50999999999999,-4.39999999999997));
#7213=CARTESIAN_POINT('',(-10.1,-3.50999999999999,-4.39999999999997));
#7214=VECTOR('',#8270,1.0);
#7215=CARTESIAN_POINT('',(-7.3,-3.01000000000005,-4.9));
#7216=AXIS2_PLACEMENT_3D('',#8271,#8272,#8273);
#7217=CARTESIAN_POINT('',(-5.05,-3.01000000000005,-4.89999999999992));
#7218=VECTOR('',#8274,1.0);
#7219=COLOUR_RGB('',0.811764717102051,0.811764717102051,0.811764717102051);
#7220=CARTESIAN_POINT('',(7.8,-3.50999999999999,-4.09999999999997));
#7221=CARTESIAN_POINT('',(7.8,-3.50999999999999,-4.24999999999999));
#7222=VECTOR('',#8275,1.0);
#7223=CARTESIAN_POINT('',(-7.8,-3.50999999999999,-4.09999999999997));
#7224=CARTESIAN_POINT('',(-10.1,-3.50999999999999,-4.09999999999997));
#7225=VECTOR('',#8276,1.0);
#7226=CARTESIAN_POINT('',(-7.8,-3.50999999999999,-4.24999999999999));
#7227=VECTOR('',#8277,1.0);
#7228=COLOUR_RGB('',0.811764717102051,0.811764717102051,0.811764717102051);
#7229=CARTESIAN_POINT('',(9.6,-5.35053295452864,-2.3));
#7230=AXIS2_PLACEMENT_3D('',#8278,#8279,#8280);
#7231=CARTESIAN_POINT('',(-9.56510274424428,-5.35372112969361,-1.94727871872921));
#7232=CARTESIAN_POINT('',(-9.58856077520309,-5.3630449757532,-2.06466838868126));
#7233=CARTESIAN_POINT('',(-9.6,-5.3618744660477,-2.18385042424555));
#7234=CARTESIAN_POINT('',(-9.6,-5.33795448283879,-2.42881741097397));
#7235=CARTESIAN_POINT('',(-9.58599278874216,-5.31256193282559,-2.55766568601918));
#7236=CARTESIAN_POINT('',(-9.53204751831535,-5.2377986393897,-2.80613559567569));
#7237=CARTESIAN_POINT('',(-9.49213256972725,-5.18844559149934,-2.92576757135514));
#7238=CARTESIAN_POINT('',(-9.39216617055952,-5.07123372138158,-3.14847182051818));
#7239=CARTESIAN_POINT('',(-9.3320315366919,-5.00327158423724,-3.25179079500326));
#7240=CARTESIAN_POINT('',(-9.19954435815866,-4.85655810642524,-3.43767391461286));
#7241=CARTESIAN_POINT('',(-9.1272025636222,-4.77781634724196,-3.52025328369854));
#7242=CARTESIAN_POINT('',(-8.95783599556337,-4.59532291433116,-3.68465742143252));
#7243=CARTESIAN_POINT('',(-8.85328779078414,-4.48400958565866,-3.76509161763573));
#7244=CARTESIAN_POINT('',(-8.63867468356458,-4.25767577575098,-3.89766498314995));
#7245=CARTESIAN_POINT('',(-8.52864572040658,-4.14263430150779,-3.9498264876846));
#7246=CARTESIAN_POINT('',(-8.31589390558299,-3.92326671620729,-4.02820860972731));
#7247=CARTESIAN_POINT('',(-8.21272276182951,-3.81788872924926,-4.05483283451355));
#7248=CARTESIAN_POINT('',(-8.0666887942557,-3.67763917832244,-4.08082050442105));
#7249=CARTESIAN_POINT('',(-8.020349495832,-3.63435369418273,-4.08711519722291));
#7250=CARTESIAN_POINT('',(-7.94822673979217,-3.57584297736165,-4.09404889632439));
#7251=CARTESIAN_POINT('',(-7.92429122733706,-3.55767145051196,-4.09590466816273));
#7252=CARTESIAN_POINT('',(-7.88406280714981,-3.53376638715124,-4.09808607400724));
#7253=CARTESIAN_POINT('',(-7.87003137452777,-3.52641525909666,-4.09870619018208));
#7254=CARTESIAN_POINT('',(-7.83852800385033,-3.51461123112719,-4.09965661272796));
#7255=CARTESIAN_POINT('',(-7.8211160145191,-3.50999999999963,-4.1));
#7256=CARTESIAN_POINT('',(-7.8,-3.50999999999963,-4.1));
#7257=CARTESIAN_POINT('',(-7.7788839854809,-3.50999999999963,-4.1));
#7258=CARTESIAN_POINT('',(-7.76147199614967,-3.51461123112719,-4.09965661272796));
#7259=CARTESIAN_POINT('',(-7.74572031081027,-3.52051324511009,-4.09918140145497));
#7260=CARTESIAN_POINT('',(7.74572031081027,-3.52051324511008,-4.09918140145497));
#7261=CARTESIAN_POINT('',(7.76147199614967,-3.51461123112718,-4.09965661272796));
#7262=CARTESIAN_POINT('',(7.7788839854809,-3.50999999999962,-4.1));
#7263=CARTESIAN_POINT('',(7.8,-3.50999999999962,-4.1));
#7264=CARTESIAN_POINT('',(7.82153589659861,-3.50999999999962,-4.1));
#7265=CARTESIAN_POINT('',(7.83921376109866,-3.5147828911331,-4.09964382028282));
#7266=CARTESIAN_POINT('',(7.87117441111944,-3.52693386987139,-4.09866334440378));
#7267=CARTESIAN_POINT('',(7.88539046952283,-3.53447561083027,-4.0980248900976));
#7268=CARTESIAN_POINT('',(7.92616812286873,-3.55896085823265,-4.09577933946177));
#7269=CARTESIAN_POINT('',(7.95043499213116,-3.57752190101099,-4.09387005516851));
#7270=CARTESIAN_POINT('',(8.02363660105206,-3.63726518673622,-4.08672663933078));
#7271=CARTESIAN_POINT('',(8.07074033803452,-3.68141262891506,-4.08023287363689));
#7272=CARTESIAN_POINT('',(8.21921343886323,-3.82437589264407,-4.05339036834833));
#7273=CARTESIAN_POINT('',(8.32421690026323,-3.9317459497466,-4.02584394426104));
#7274=CARTESIAN_POINT('',(8.5404985750113,-4.15496847069632,-3.94468936170212));
#7275=CARTESIAN_POINT('',(8.65230149395238,-4.27195046556256,-3.89064866436712));
#7276=CARTESIAN_POINT('',(8.87004533620889,-4.50179307433089,-3.75312903194529));
#7277=CARTESIAN_POINT('',(8.97595204058007,-4.61467549844383,-3.66963237169151));
#7278=CARTESIAN_POINT('',(9.14393347275923,-4.79599851710929,-3.50165093951234));
#7279=CARTESIAN_POINT('',(9.21390833482001,-4.87231401164106,-3.41957078331723));
#7280=CARTESIAN_POINT('',(9.34193501223591,-5.01442010571368,-3.23542072704607));
#7281=CARTESIAN_POINT('',(9.3999755121435,-5.080200653553,-3.13333520401033));
#7282=CARTESIAN_POINT('',(9.49634921653742,-5.19360424247058,-2.91381485147353));
#7283=CARTESIAN_POINT('',(9.53476015691315,-5.24132514584427,-2.79613811891904));
#7284=CARTESIAN_POINT('',(9.5865976271542,-5.31364838632096,-2.55221965420038));
#7285=CARTESIAN_POINT('',(9.6,-5.33823276789737,-2.4259674653173));
#7286=CARTESIAN_POINT('',(9.6,-5.36202035322808,-2.18235637875774));
#7287=CARTESIAN_POINT('',(9.58826623817524,-5.36306178738426,-2.06173428677218));
#7288=CARTESIAN_POINT('',(9.56424911750883,-5.35337940156023,-1.94303354307538));
#7289=COLOUR_RGB('',0.811764717102051,0.811764717102051,0.811764717102051);
#7290=CARTESIAN_POINT('',(9.6,5.35142443724036,-2.3));
#7291=CARTESIAN_POINT('',(9.56512544177608,5.35494723793531,-1.94739232170187));
#7292=CARTESIAN_POINT('',(9.58857066936509,5.36414342736838,-2.0647572295768));
#7293=CARTESIAN_POINT('',(9.6,5.36285935298452,-2.18390142642299));
#7294=CARTESIAN_POINT('',(9.6,5.33873303051505,-2.42885571266644));
#7295=CARTESIAN_POINT('',(9.58598469724872,5.31322984039532,-2.55773413444697));
#7296=CARTESIAN_POINT('',(9.53201585353372,5.23825498558634,-2.80625024019324));
#7297=CARTESIAN_POINT('',(9.49208543904228,5.18880099131766,-2.92589827643622));
#7298=CARTESIAN_POINT('',(9.39208606772917,5.0713996754809,-3.14862453251279));
#7299=CARTESIAN_POINT('',(9.33193402212557,5.00334897876959,-3.25194914911222));
#7300=CARTESIAN_POINT('',(9.19941281958349,4.85647215300168,-3.43783689103694));
#7301=CARTESIAN_POINT('',(9.12705440267831,4.77765558710131,-3.52041522865421));
#7302=CARTESIAN_POINT('',(8.95771439027989,4.59507461349398,-3.68475177630623));
#7303=CARTESIAN_POINT('',(8.85321447828766,4.48375213133643,-3.76513952525304));
#7304=CARTESIAN_POINT('',(8.63869383558432,4.25741151686366,-3.8976505315256));
#7305=CARTESIAN_POINT('',(8.52870931731542,4.14237220515683,-3.94979623222452));
#7306=CARTESIAN_POINT('',(8.3160210852668,3.9230137006728,-4.0281685729344));
#7307=CARTESIAN_POINT('',(8.21289144009713,3.81766188958372,-4.05479326296682));
#7308=CARTESIAN_POINT('',(8.06685709072199,3.67745641524235,-4.08079531969632));
#7309=CARTESIAN_POINT('',(8.02051315346729,3.63419088736235,-4.08709581870719));
#7310=CARTESIAN_POINT('',(7.94834694171926,3.5757231055071,-4.0940391535604));
#7311=CARTESIAN_POINT('',(7.92438926405947,3.55756684422127,-4.09589830951268));
#7312=CARTESIAN_POINT('',(7.88411779425778,3.53369822877296,-4.09808361101543));
#7313=CARTESIAN_POINT('',(7.87006909329773,3.52636130985824,-4.09870485199295));
#7314=CARTESIAN_POINT('',(7.83853589455913,3.51458990777,-4.09965657463071));
#7315=CARTESIAN_POINT('',(7.82111002783614,3.50999999999999,-4.1));
#7316=CARTESIAN_POINT('',(7.8,3.50999999999999,-4.1));
#7317=CARTESIAN_POINT('',(7.77888997216385,3.50999999999999,-4.1));
#7318=CARTESIAN_POINT('',(7.76146410544087,3.51458990777,-4.09965657463071));
#7319=CARTESIAN_POINT('',(7.74569750607092,3.52047560881237,-4.09918071331178));
#7320=CARTESIAN_POINT('',(-7.74569750607092,3.52047560881239,-4.09918071331178));
#7321=CARTESIAN_POINT('',(-7.76146410544087,3.51458990777001,-4.09965657463071));
#7322=CARTESIAN_POINT('',(-7.77888997216386,3.51,-4.1));
#7323=CARTESIAN_POINT('',(-7.8,3.51,-4.1));
#7324=CARTESIAN_POINT('',(-7.82111002783614,3.51,-4.1));
#7325=CARTESIAN_POINT('',(-7.83853589455913,3.51458990777001,-4.09965657463071));
#7326=CARTESIAN_POINT('',(-7.87006909329773,3.52636130985824,-4.09870485199295));
#7327=CARTESIAN_POINT('',(-7.88411779425778,3.53369822877297,-4.09808361101543));
#7328=CARTESIAN_POINT('',(-7.92438926405947,3.55756684422128,-4.09589830951268));
#7329=CARTESIAN_POINT('',(-7.94834694171927,3.57572310550711,-4.0940391535604));
#7330=CARTESIAN_POINT('',(-8.0205131534673,3.63419088736235,-4.08709581870719));
#7331=CARTESIAN_POINT('',(-8.06685709072199,3.67745641524236,-4.08079531969631));
#7332=CARTESIAN_POINT('',(-8.21289144009714,3.81766188958373,-4.05479326296682));
#7333=CARTESIAN_POINT('',(-8.31602108526681,3.92301370067281,-4.0281685729344));
#7334=CARTESIAN_POINT('',(-8.52870931731542,4.14237220515684,-3.94979623222452));
#7335=CARTESIAN_POINT('',(-8.63869383558432,4.25741151686366,-3.89765053152559));
#7336=CARTESIAN_POINT('',(-8.85321447828766,4.48375213133644,-3.76513952525304));
#7337=CARTESIAN_POINT('',(-8.95771439027989,4.59507461349398,-3.68475177630623));
#7338=CARTESIAN_POINT('',(-9.12705440267831,4.77765558710131,-3.52041522865421));
#7339=CARTESIAN_POINT('',(-9.19941281958349,4.85647215300168,-3.43783689103694));
#7340=CARTESIAN_POINT('',(-9.33193402212557,5.00334897876959,-3.25194914911222));
#7341=CARTESIAN_POINT('',(-9.39208606772916,5.07139967548091,-3.14862453251279));
#7342=CARTESIAN_POINT('',(-9.49208543904228,5.18880099131767,-2.92589827643622));
#7343=CARTESIAN_POINT('',(-9.53201585353372,5.23825498558634,-2.80625024019324));
#7344=CARTESIAN_POINT('',(-9.58598469724872,5.31322984039532,-2.55773413444697));
#7345=CARTESIAN_POINT('',(-9.6,5.33873303051505,-2.42885571266645));
#7346=CARTESIAN_POINT('',(-9.6,5.36285935298452,-2.18390142642299));
#7347=CARTESIAN_POINT('',(-9.5885706693651,5.36414342736838,-2.0647572295768));
#7348=CARTESIAN_POINT('',(-9.56512544177608,5.35494723793531,-1.94739232170187));
#7349=AXIS2_PLACEMENT_3D('',#8281,#8282,#8283);
#7350=COLOUR_RGB('',0.811764717102051,0.811764717102051,0.811764717102051);
#7351=CARTESIAN_POINT('',(9.6,3.75,0.0));
#7352=VECTOR('',#8284,1.0);
#7353=CARTESIAN_POINT('',(9.6,7.5,-2.3));
#7354=VECTOR('',#8285,1.0);
#7355=COLOUR_RGB('',0.811764717102051,0.811764717102051,0.811764717102051);
#7356=CARTESIAN_POINT('',(7.8,7.5,-4.1));
#7357=VECTOR('',#8286,1.0);
#7358=COLOUR_RGB('',0.811764717102051,0.811764717102051,0.811764717102051);
#7359=CARTESIAN_POINT('',(7.8,7.5,-4.4));
#7360=VECTOR('',#8287,1.0);
#7361=COLOUR_RGB('',0.811764717102051,0.811764717102051,0.811764717102051);
#7362=CARTESIAN_POINT('',(7.3,7.5,-4.9));
#7363=VECTOR('',#8288,1.0);
#7364=COLOUR_RGB('',0.811764717102051,0.811764717102051,0.811764717102051);
#7365=CARTESIAN_POINT('',(-7.3,7.5,-4.9));
#7366=VECTOR('',#8289,1.0);
#7367=COLOUR_RGB('',0.811764717102051,0.811764717102051,0.811764717102051);
#7368=CARTESIAN_POINT('',(-7.8,7.5,-4.4));
#7369=VECTOR('',#8290,1.0);
#7370=COLOUR_RGB('',0.811764717102051,0.811764717102051,0.811764717102051);
#7371=CARTESIAN_POINT('',(-7.8,7.5,-4.1));
#7372=VECTOR('',#8291,1.0);
#7373=COLOUR_RGB('',0.811764717102051,0.811764717102051,0.811764717102051);
#7374=COLOUR_RGB('',0.874509811401367,0.874509811401367,0.874509811401367);
#7375=CARTESIAN_POINT('',(-1.09999962499999,-4.62,4.60000090000002));
#7376=CARTESIAN_POINT('',(-1.09999962499999,-4.62,2.79999999999997));
#7377=CARTESIAN_POINT('',(-1.09999962499999,-4.62,1.900000225));
#7378=VECTOR('',#8292,1.0);
#7379=CARTESIAN_POINT('',(-1.09999962499999,-4.4,4.60000090000002));
#7380=CARTESIAN_POINT('',(-1.09999962499999,-6.4,4.60000090000002));
#7381=VECTOR('',#8293,1.0);
#7382=CARTESIAN_POINT('',(-1.09999962499999,-4.4,2.79999999999997));
#7383=CARTESIAN_POINT('',(-1.09999962499999,-4.4,2.79999999999997));
#7384=VECTOR('',#8294,1.0);
#7385=CARTESIAN_POINT('',(-1.09999962499999,-6.4,2.79999999999997));
#7386=VECTOR('',#8295,1.0);
#7387=COLOUR_RGB('',0.874509811401367,0.874509811401367,0.874509811401367);
#7388=CARTESIAN_POINT('',(-2.60000037500001,-4.62,2.80000000000003));
#7389=CARTESIAN_POINT('',(-0.924999999999949,-4.62,2.79999999999996));
#7390=VECTOR('',#8296,1.0);
#7391=CARTESIAN_POINT('',(-2.60000037500001,-4.4,2.80000000000003));
#7392=CARTESIAN_POINT('',(-1.09999962499999,-4.4,2.79999999999997));
#7393=VECTOR('',#8297,1.0);
#7394=CARTESIAN_POINT('',(-2.60000037500001,-6.4,2.80000000000003));
#7395=VECTOR('',#8298,1.0);
#7396=COLOUR_RGB('',0.874509811401367,0.874509811401367,0.874509811401367);
#7397=CARTESIAN_POINT('',(-2.60000037500001,-4.62,4.60000089999993));
#7398=CARTESIAN_POINT('',(-2.60000037500001,-4.62,1.90000022499999));
#7399=VECTOR('',#8299,1.0);
#7400=CARTESIAN_POINT('',(-2.60000037500001,-4.4,4.60000089999993));
#7401=CARTESIAN_POINT('',(-2.60000037500001,-4.4,2.80000000000003));
#7402=VECTOR('',#8300,1.0);
#7403=CARTESIAN_POINT('',(-2.60000037500001,-6.4,4.60000089999993));
#7404=VECTOR('',#8301,1.0);
#7405=COLOUR_RGB('',0.874509811401367,0.874509811401367,0.874509811401367);
#7406=CARTESIAN_POINT('',(-2.10000012499993,-4.62,5.10000115000001));
#7407=AXIS2_PLACEMENT_3D('',#8302,#8303,#8304);
#7408=CARTESIAN_POINT('',(-2.10000012499993,-4.4,5.10000115000001));
#7409=AXIS2_PLACEMENT_3D('',#8305,#8306,#8307);
#7410=CARTESIAN_POINT('',(-2.10000012499993,-6.4,5.10000115000001));
#7411=VECTOR('',#8308,1.0);
#7412=COLOUR_RGB('',0.874509811401367,0.874509811401367,0.874509811401367);
#7413=CARTESIAN_POINT('',(-1.59999987500007,-4.62,5.10000115000001));
#7414=AXIS2_PLACEMENT_3D('',#8309,#8310,#8311);
#7415=CARTESIAN_POINT('',(-1.59999987500007,-4.4,5.10000115000001));
#7416=CARTESIAN_POINT('',(-1.59999987500007,-6.4,5.10000115000001));
#7417=VECTOR('',#8312,1.0);
#7418=AXIS2_PLACEMENT_3D('',#8313,#8314,#8315);
#7419=COLOUR_RGB('',0.874509811401367,0.874509811401367,0.874509811401367);
#7420=CARTESIAN_POINT('',(-0.925,-4.62,5.10000115000001));
#7421=VECTOR('',#8316,1.0);
#7422=CARTESIAN_POINT('',(-1.59999987500007,-4.4,5.10000115000001));
#7423=VECTOR('',#8317,1.0);
#7424=COLOUR_RGB('',0.874509811401367,0.874509811401367,0.874509811401367);
#7425=COLOUR_RGB('',0.874509811401367,0.874509811401367,0.874509811401367);
#7426=CARTESIAN_POINT('',(1.09999962499999,4.62,4.60000090000002));
#7427=CARTESIAN_POINT('',(1.09999962499999,4.62,2.79999999999997));
#7428=CARTESIAN_POINT('',(1.09999962499999,4.62,1.900000225));
#7429=VECTOR('',#8318,1.0);
#7430=CARTESIAN_POINT('',(1.09999962499999,4.4,4.60000090000002));
#7431=CARTESIAN_POINT('',(1.09999962499999,6.4,4.60000090000002));
#7432=VECTOR('',#8319,1.0);
#7433=CARTESIAN_POINT('',(1.09999962499999,4.4,2.79999999999997));
#7434=CARTESIAN_POINT('',(1.09999962499999,4.4,2.79999999999997));
#7435=VECTOR('',#8320,1.0);
#7436=CARTESIAN_POINT('',(1.09999962499999,6.4,2.79999999999997));
#7437=VECTOR('',#8321,1.0);
#7438=COLOUR_RGB('',0.874509811401367,0.874509811401367,0.874509811401367);
#7439=CARTESIAN_POINT('',(2.60000037500001,4.62,2.80000000000003));
#7440=CARTESIAN_POINT('',(0.924999999999949,4.62,2.79999999999996));
#7441=VECTOR('',#8322,1.0);
#7442=CARTESIAN_POINT('',(2.60000037500001,4.4,2.80000000000003));
#7443=CARTESIAN_POINT('',(1.09999962499999,4.4,2.79999999999997));
#7444=VECTOR('',#8323,1.0);
#7445=CARTESIAN_POINT('',(2.60000037500001,6.4,2.80000000000003));
#7446=VECTOR('',#8324,1.0);
#7447=COLOUR_RGB('',0.874509811401367,0.874509811401367,0.874509811401367);
#7448=CARTESIAN_POINT('',(2.60000037500001,4.62,4.60000089999993));
#7449=CARTESIAN_POINT('',(2.60000037500001,4.62,1.90000022499999));
#7450=VECTOR('',#8325,1.0);
#7451=CARTESIAN_POINT('',(2.60000037500001,4.4,4.60000089999993));
#7452=CARTESIAN_POINT('',(2.60000037500001,4.4,2.80000000000003));
#7453=VECTOR('',#8326,1.0);
#7454=CARTESIAN_POINT('',(2.60000037500001,6.4,4.60000089999993));
#7455=VECTOR('',#8327,1.0);
#7456=COLOUR_RGB('',0.874509811401367,0.874509811401367,0.874509811401367);
#7457=CARTESIAN_POINT('',(2.10000012499993,4.62,5.10000115000001));
#7458=AXIS2_PLACEMENT_3D('',#8328,#8329,#8330);
#7459=CARTESIAN_POINT('',(2.10000012499993,4.4,5.10000115000001));
#7460=AXIS2_PLACEMENT_3D('',#8331,#8332,#8333);
#7461=CARTESIAN_POINT('',(2.10000012499993,6.4,5.10000115000001));
#7462=VECTOR('',#8334,1.0);
#7463=COLOUR_RGB('',0.874509811401367,0.874509811401367,0.874509811401367);
#7464=CARTESIAN_POINT('',(1.59999987500007,4.62,5.10000115000001));
#7465=AXIS2_PLACEMENT_3D('',#8335,#8336,#8337);
#7466=CARTESIAN_POINT('',(1.59999987500007,4.4,5.10000115000001));
#7467=CARTESIAN_POINT('',(1.59999987500007,6.4,5.10000115000001));
#7468=VECTOR('',#8338,1.0);
#7469=AXIS2_PLACEMENT_3D('',#8339,#8340,#8341);
#7470=COLOUR_RGB('',0.874509811401367,0.874509811401367,0.874509811401367);
#7471=CARTESIAN_POINT('',(0.925,4.62,5.10000115000001));
#7472=VECTOR('',#8342,1.0);
#7473=CARTESIAN_POINT('',(1.59999987500007,4.4,5.10000115000001));
#7474=VECTOR('',#8343,1.0);
#7475=COLOUR_RGB('',0.874509811401367,0.874509811401367,0.874509811401367);
#7476=COLOUR_RGB('',0.874509811401367,0.874509811401367,0.874509811401367);
#7477=CARTESIAN_POINT('',(2.60000037500001,-4.62,4.60000090000002));
#7478=CARTESIAN_POINT('',(2.60000037500001,-4.62,2.79999999999997));
#7479=CARTESIAN_POINT('',(2.60000037500001,-4.62,1.900000225));
#7480=VECTOR('',#8344,1.0);
#7481=CARTESIAN_POINT('',(2.60000037500001,-4.4,4.60000090000002));
#7482=CARTESIAN_POINT('',(2.60000037500001,-6.4,4.60000090000002));
#7483=VECTOR('',#8345,1.0);
#7484=CARTESIAN_POINT('',(2.60000037500001,-4.4,2.79999999999997));
#7485=CARTESIAN_POINT('',(2.60000037500001,-4.4,2.79999999999997));
#7486=VECTOR('',#8346,1.0);
#7487=CARTESIAN_POINT('',(2.60000037500001,-6.4,2.79999999999997));
#7488=VECTOR('',#8347,1.0);
#7489=COLOUR_RGB('',0.874509811401367,0.874509811401367,0.874509811401367);
#7490=CARTESIAN_POINT('',(1.09999962499999,-4.62,2.80000000000003));
#7491=CARTESIAN_POINT('',(0.925000000000051,-4.62,2.80000000000004));
#7492=VECTOR('',#8348,1.0);
#7493=CARTESIAN_POINT('',(1.09999962499999,-4.4,2.80000000000003));
#7494=CARTESIAN_POINT('',(2.60000037500001,-4.4,2.79999999999997));
#7495=VECTOR('',#8349,1.0);
#7496=CARTESIAN_POINT('',(1.09999962499999,-6.4,2.80000000000003));
#7497=VECTOR('',#8350,1.0);
#7498=COLOUR_RGB('',0.874509811401367,0.874509811401367,0.874509811401367);
#7499=CARTESIAN_POINT('',(1.09999962499999,-4.62,4.60000089999993));
#7500=CARTESIAN_POINT('',(1.09999962499999,-4.62,1.90000022499999));
#7501=VECTOR('',#8351,1.0);
#7502=CARTESIAN_POINT('',(1.09999962499999,-4.4,4.60000089999993));
#7503=CARTESIAN_POINT('',(1.09999962499999,-4.4,2.80000000000003));
#7504=VECTOR('',#8352,1.0);
#7505=CARTESIAN_POINT('',(1.09999962499999,-6.4,4.60000089999993));
#7506=VECTOR('',#8353,1.0);
#7507=COLOUR_RGB('',0.874509811401367,0.874509811401367,0.874509811401367);
#7508=CARTESIAN_POINT('',(1.59999987500007,-4.62,5.10000115000001));
#7509=AXIS2_PLACEMENT_3D('',#8354,#8355,#8356);
#7510=CARTESIAN_POINT('',(1.59999987500007,-4.4,5.10000115000001));
#7511=AXIS2_PLACEMENT_3D('',#8357,#8358,#8359);
#7512=CARTESIAN_POINT('',(1.59999987500007,-6.4,5.10000115000001));
#7513=VECTOR('',#8360,1.0);
#7514=COLOUR_RGB('',0.874509811401367,0.874509811401367,0.874509811401367);
#7515=CARTESIAN_POINT('',(2.10000012499993,-4.62,5.10000115000001));
#7516=AXIS2_PLACEMENT_3D('',#8361,#8362,#8363);
#7517=CARTESIAN_POINT('',(2.10000012499993,-4.4,5.10000115000001));
#7518=CARTESIAN_POINT('',(2.10000012499993,-6.4,5.10000115000001));
#7519=VECTOR('',#8364,1.0);
#7520=AXIS2_PLACEMENT_3D('',#8365,#8366,#8367);
#7521=COLOUR_RGB('',0.874509811401367,0.874509811401367,0.874509811401367);
#7522=CARTESIAN_POINT('',(0.925,-4.62,5.10000115000001));
#7523=VECTOR('',#8368,1.0);
#7524=CARTESIAN_POINT('',(2.10000012499993,-4.4,5.10000115000001));
#7525=VECTOR('',#8369,1.0);
#7526=COLOUR_RGB('',0.874509811401367,0.874509811401367,0.874509811401367);
#7527=COLOUR_RGB('',0.874509811401367,0.874509811401367,0.874509811401367);
#7528=CARTESIAN_POINT('',(-2.60000037500001,4.62,4.60000090000002));
#7529=CARTESIAN_POINT('',(-2.60000037500001,4.62,2.79999999999997));
#7530=CARTESIAN_POINT('',(-2.60000037500001,4.62,1.900000225));
#7531=VECTOR('',#8370,1.0);
#7532=CARTESIAN_POINT('',(-2.60000037500001,4.4,4.60000090000002));
#7533=CARTESIAN_POINT('',(-2.60000037500001,6.4,4.60000090000002));
#7534=VECTOR('',#8371,1.0);
#7535=CARTESIAN_POINT('',(-2.60000037500001,4.4,2.79999999999997));
#7536=CARTESIAN_POINT('',(-2.60000037500001,4.4,2.79999999999997));
#7537=VECTOR('',#8372,1.0);
#7538=CARTESIAN_POINT('',(-2.60000037500001,6.4,2.79999999999997));
#7539=VECTOR('',#8373,1.0);
#7540=COLOUR_RGB('',0.874509811401367,0.874509811401367,0.874509811401367);
#7541=CARTESIAN_POINT('',(-1.09999962499999,4.62,2.80000000000003));
#7542=CARTESIAN_POINT('',(-0.925000000000051,4.62,2.80000000000004));
#7543=VECTOR('',#8374,1.0);
#7544=CARTESIAN_POINT('',(-1.09999962499999,4.4,2.80000000000003));
#7545=CARTESIAN_POINT('',(-2.60000037500001,4.4,2.79999999999997));
#7546=VECTOR('',#8375,1.0);
#7547=CARTESIAN_POINT('',(-1.09999962499999,6.4,2.80000000000003));
#7548=VECTOR('',#8376,1.0);
#7549=COLOUR_RGB('',0.874509811401367,0.874509811401367,0.874509811401367);
#7550=CARTESIAN_POINT('',(-1.09999962499999,4.62,4.60000089999993));
#7551=CARTESIAN_POINT('',(-1.09999962499999,4.62,1.90000022499999));
#7552=VECTOR('',#8377,1.0);
#7553=CARTESIAN_POINT('',(-1.09999962499999,4.4,4.60000089999993));
#7554=CARTESIAN_POINT('',(-1.09999962499999,4.4,2.80000000000003));
#7555=VECTOR('',#8378,1.0);
#7556=CARTESIAN_POINT('',(-1.09999962499999,6.4,4.60000089999993));
#7557=VECTOR('',#8379,1.0);
#7558=COLOUR_RGB('',0.874509811401367,0.874509811401367,0.874509811401367);
#7559=CARTESIAN_POINT('',(-1.59999987500007,4.62,5.10000115000001));
#7560=AXIS2_PLACEMENT_3D('',#8380,#8381,#8382);
#7561=CARTESIAN_POINT('',(-1.59999987500007,4.4,5.10000115000001));
#7562=AXIS2_PLACEMENT_3D('',#8383,#8384,#8385);
#7563=CARTESIAN_POINT('',(-1.59999987500007,6.4,5.10000115000001));
#7564=VECTOR('',#8386,1.0);
#7565=COLOUR_RGB('',0.874509811401367,0.874509811401367,0.874509811401367);
#7566=CARTESIAN_POINT('',(-2.10000012499993,4.62,5.10000115000001));
#7567=AXIS2_PLACEMENT_3D('',#8387,#8388,#8389);
#7568=CARTESIAN_POINT('',(-2.10000012499993,4.4,5.10000115000001));
#7569=CARTESIAN_POINT('',(-2.10000012499993,6.4,5.10000115000001));
#7570=VECTOR('',#8390,1.0);
#7571=AXIS2_PLACEMENT_3D('',#8391,#8392,#8393);
#7572=COLOUR_RGB('',0.874509811401367,0.874509811401367,0.874509811401367);
#7573=CARTESIAN_POINT('',(-0.925,4.62,5.10000115000001));
#7574=VECTOR('',#8394,1.0);
#7575=CARTESIAN_POINT('',(-2.10000012499993,4.4,5.10000115000001));
#7576=VECTOR('',#8395,1.0);
#7577=COLOUR_RGB('',0.874509811401367,0.874509811401367,0.874509811401367);
#7578=COLOUR_RGB('',0.705882370471954,0.447058826684952,0.0);
#7579=AXIS2_PLACEMENT_3D('',#8396,#8397,#8398);
#7580=AXIS2_PLACEMENT_3D('',#8399,#8400,#8401);
#7581=COLOUR_RGB('',0.705882370471954,0.447058826684952,0.0);
#7582=COLOUR_RGB('',0.705882370471954,0.447058826684952,0.0);
#7583=AXIS2_PLACEMENT_3D('',#8402,#8403,#8404);
#7584=AXIS2_PLACEMENT_3D('',#8405,#8406,#8407);
#7585=COLOUR_RGB('',0.705882370471954,0.447058826684952,0.0);
#7586=COLOUR_RGB('',0.705882370471954,0.447058826684952,0.0);
#7587=AXIS2_PLACEMENT_3D('',#8408,#8409,#8410);
#7588=AXIS2_PLACEMENT_3D('',#8411,#8412,#8413);
#7589=COLOUR_RGB('',0.705882370471954,0.447058826684952,0.0);
#7590=COLOUR_RGB('',0.705882370471954,0.447058826684952,0.0);
#7591=AXIS2_PLACEMENT_3D('',#8414,#8415,#8416);
#7592=AXIS2_PLACEMENT_3D('',#8417,#8418,#8419);
#7593=COLOUR_RGB('',0.705882370471954,0.447058826684952,0.0);
#7594=COLOUR_RGB('',0.705882370471954,0.447058826684952,0.0);
#7595=AXIS2_PLACEMENT_3D('',#8420,#8421,#8422);
#7596=AXIS2_PLACEMENT_3D('',#8423,#8424,#8425);
#7597=COLOUR_RGB('',0.705882370471954,0.447058826684952,0.0);
#7598=COLOUR_RGB('',0.705882370471954,0.447058826684952,0.0);
#7599=AXIS2_PLACEMENT_3D('',#8426,#8427,#8428);
#7600=AXIS2_PLACEMENT_3D('',#8429,#8430,#8431);
#7601=COLOUR_RGB('',0.705882370471954,0.447058826684952,0.0);
#7602=COLOUR_RGB('',0.705882370471954,0.447058826684952,0.0);
#7603=AXIS2_PLACEMENT_3D('',#8432,#8433,#8434);
#7604=AXIS2_PLACEMENT_3D('',#8435,#8436,#8437);
#7605=COLOUR_RGB('',0.705882370471954,0.447058826684952,0.0);
#7606=COLOUR_RGB('',0.705882370471954,0.447058826684952,0.0);
#7607=AXIS2_PLACEMENT_3D('',#8438,#8439,#8440);
#7608=AXIS2_PLACEMENT_3D('',#8441,#8442,#8443);
#7609=COLOUR_RGB('',0.705882370471954,0.447058826684952,0.0);
#7610=COLOUR_RGB('',0.705882370471954,0.447058826684952,0.0);
#7611=AXIS2_PLACEMENT_3D('',#8444,#8445,#8446);
#7612=AXIS2_PLACEMENT_3D('',#8447,#8448,#8449);
#7613=COLOUR_RGB('',0.705882370471954,0.447058826684952,0.0);
#7614=COLOUR_RGB('',0.705882370471954,0.447058826684952,0.0);
#7615=AXIS2_PLACEMENT_3D('',#8450,#8451,#8452);
#7616=AXIS2_PLACEMENT_3D('',#8453,#8454,#8455);
#7617=COLOUR_RGB('',0.705882370471954,0.447058826684952,0.0);
#7618=COLOUR_RGB('',0.705882370471954,0.447058826684952,0.0);
#7619=AXIS2_PLACEMENT_3D('',#8456,#8457,#8458);
#7620=AXIS2_PLACEMENT_3D('',#8459,#8460,#8461);
#7621=COLOUR_RGB('',0.705882370471954,0.447058826684952,0.0);
#7622=COLOUR_RGB('',0.705882370471954,0.447058826684952,0.0);
#7623=AXIS2_PLACEMENT_3D('',#8462,#8463,#8464);
#7624=AXIS2_PLACEMENT_3D('',#8465,#8466,#8467);
#7625=COLOUR_RGB('',0.705882370471954,0.447058826684952,0.0);
#7626=COLOUR_RGB('',0.705882370471954,0.447058826684952,0.0);
#7627=AXIS2_PLACEMENT_3D('',#8468,#8469,#8470);
#7628=AXIS2_PLACEMENT_3D('',#8471,#8472,#8473);
#7629=COLOUR_RGB('',0.705882370471954,0.447058826684952,0.0);
#7630=COLOUR_RGB('',0.705882370471954,0.447058826684952,0.0);
#7631=AXIS2_PLACEMENT_3D('',#8474,#8475,#8476);
#7632=AXIS2_PLACEMENT_3D('',#8477,#8478,#8479);
#7633=COLOUR_RGB('',0.705882370471954,0.447058826684952,0.0);
#7634=COLOUR_RGB('',0.705882370471954,0.447058826684952,0.0);
#7635=AXIS2_PLACEMENT_3D('',#8480,#8481,#8482);
#7636=AXIS2_PLACEMENT_3D('',#8483,#8484,#8485);
#7637=COLOUR_RGB('',0.705882370471954,0.447058826684952,0.0);
#7638=COLOUR_RGB('',0.7843137383461,0.7843137383461,0.7843137383461);
#7639=CARTESIAN_POINT('',(8.42961550602442,1.83270364466614,1.0));
#7640=AXIS2_PLACEMENT_3D('',#8486,#8487,#8488);
#7641=CARTESIAN_POINT('',(8.42961550602442,1.83270364466614,6.9));
#7642=CARTESIAN_POINT('',(8.42961550602442,1.83270364466614,1.0));
#7643=VECTOR('',#8489,1.0);
#7644=AXIS2_PLACEMENT_3D('',#8490,#8491,#8492);
#7645=COLOUR_RGB('',0.7843137383461,0.7843137383461,0.7843137383461);
#7646=CARTESIAN_POINT('',(7.66082987013551,-2.52729635533386,6.9));
#7647=CARTESIAN_POINT('',(7.96610168665151,-0.796013852284996,6.9));
#7648=VECTOR('',#8493,1.0);
#7649=CARTESIAN_POINT('',(7.66082987013551,-2.52729635533386,1.0));
#7650=CARTESIAN_POINT('',(7.66082987013551,-2.52729635533386,1.0));
#7651=VECTOR('',#8494,1.0);
#7652=CARTESIAN_POINT('',(7.66082987013551,-2.52729635533386,1.0));
#7653=VECTOR('',#8495,1.0);
#7654=COLOUR_RGB('',0.7843137383461,0.7843137383461,0.7843137383461);
#7655=CARTESIAN_POINT('',(5.69121436411109,-4.18,6.9));
#7656=AXIS2_PLACEMENT_3D('',#8496,#8497,#8498);
#7657=CARTESIAN_POINT('',(5.69121436411109,-4.18,1.0));
#7658=AXIS2_PLACEMENT_3D('',#8499,#8500,#8501);
#7659=CARTESIAN_POINT('',(5.69121436411109,-4.18,1.0));
#7660=VECTOR('',#8502,1.0);
#7661=COLOUR_RGB('',0.7843137383461,0.7843137383461,0.7843137383461);
#7662=CARTESIAN_POINT('',(-5.69121436411109,-4.18,6.9));
#7663=CARTESIAN_POINT('',(1.94289029309402E-16,-4.18,6.9));
#7664=VECTOR('',#8503,1.0);
#7665=CARTESIAN_POINT('',(-5.69121436411109,-4.18,1.0));
#7666=CARTESIAN_POINT('',(-5.69121436411109,-4.18,1.0));
#7667=VECTOR('',#8504,1.0);
#7668=CARTESIAN_POINT('',(-5.69121436411109,-4.18,1.0));
#7669=VECTOR('',#8505,1.0);
#7670=COLOUR_RGB('',0.7843137383461,0.7843137383461,0.7843137383461);
#7671=CARTESIAN_POINT('',(-7.66082987013551,-2.52729635533386,6.9));
#7672=AXIS2_PLACEMENT_3D('',#8506,#8507,#8508);
#7673=CARTESIAN_POINT('',(-7.66082987013551,-2.52729635533386,1.0));
#7674=AXIS2_PLACEMENT_3D('',#8509,#8510,#8511);
#7675=CARTESIAN_POINT('',(-7.66082987013551,-2.52729635533386,1.0));
#7676=VECTOR('',#8512,1.0);
#7677=COLOUR_RGB('',0.7843137383461,0.7843137383461,0.7843137383461);
#7678=CARTESIAN_POINT('',(-8.42961550602442,1.83270364466614,6.9));
#7679=CARTESIAN_POINT('',(-7.96610168665151,-0.796013852284994,6.9));
#7680=VECTOR('',#8513,1.0);
#7681=CARTESIAN_POINT('',(-8.42961550602442,1.83270364466614,1.0));
#7682=CARTESIAN_POINT('',(-8.42961550602442,1.83270364466614,1.0));
#7683=VECTOR('',#8514,1.0);
#7684=CARTESIAN_POINT('',(-8.42961550602442,1.83270364466614,1.0));
#7685=VECTOR('',#8515,1.0);
#7686=COLOUR_RGB('',0.7843137383461,0.7843137383461,0.7843137383461);
#7687=AXIS2_PLACEMENT_3D('',#8516,#8517,#8518);
#7688=AXIS2_PLACEMENT_3D('',#8519,#8520,#8521);
#7689=COLOUR_RGB('',0.7843137383461,0.7843137383461,0.7843137383461);
#7690=CARTESIAN_POINT('',(6.38378239159465E-16,4.18,6.9));
#7691=VECTOR('',#8522,1.0);
#7692=CARTESIAN_POINT('',(6.46,4.18,1.0));
#7693=VECTOR('',#8523,1.0);
#7694=COLOUR_RGB('',0.7843137383461,0.7843137383461,0.7843137383461);
#7695=COLOUR_RGB('',0.874509811401367,0.874509811401367,0.874509811401367);
#7696=CARTESIAN_POINT('',(8.32667268468867E-17,4.62,0.8));
#7697=VECTOR('',#8524,1.0);
#7698=CARTESIAN_POINT('',(6.5,4.62,6.9));
#7699=VECTOR('',#8525,1.0);
#7700=COLOUR_RGB('',0.874509811401367,0.874509811401367,0.874509811401367);
#7701=CARTESIAN_POINT('',(-8.8635386072293,1.80324437359937,0.8));
#7702=AXIS2_PLACEMENT_3D('',#8526,#8527,#8528);
#7703=CARTESIAN_POINT('',(-8.8635386072293,1.80324437359937,6.9));
#7704=CARTESIAN_POINT('',(-8.8635386072293,1.80324437359937,0.1));
#7705=VECTOR('',#8529,1.0);
#7706=AXIS2_PLACEMENT_3D('',#8530,#8531,#8532);
#7707=COLOUR_RGB('',0.874509811401367,0.874509811401367,0.874509811401367);
#7708=CARTESIAN_POINT('',(-8.08064681288372,-2.63675562640063,0.8));
#7709=CARTESIAN_POINT('',(-8.37999498787426,-0.939067763841023,0.8));
#7710=VECTOR('',#8533,1.0);
#7711=CARTESIAN_POINT('',(-8.08064681288372,-2.63675562640063,6.9));
#7712=CARTESIAN_POINT('',(-8.08064681288372,-2.63675562640063,0.1));
#7713=VECTOR('',#8534,1.0);
#7714=CARTESIAN_POINT('',(-8.8635386072293,1.80324437359937,6.9));
#7715=VECTOR('',#8535,0.999999999999999);
#7716=COLOUR_RGB('',0.874509811401367,0.874509811401367,0.874509811401367);
#7717=CARTESIAN_POINT('',(-5.71710820565442,-4.62,0.8));
#7718=AXIS2_PLACEMENT_3D('',#8536,#8537,#8538);
#7719=CARTESIAN_POINT('',(-5.71710820565442,-4.62,6.9));
#7720=CARTESIAN_POINT('',(-5.71710820565442,-4.62,0.1));
#7721=VECTOR('',#8539,1.0);
#7722=AXIS2_PLACEMENT_3D('',#8540,#8541,#8542);
#7723=COLOUR_RGB('',0.874509811401367,0.874509811401367,0.874509811401367);
#7724=CARTESIAN_POINT('',(8.8635386072293,1.80324437359937,6.9));
#7725=AXIS2_PLACEMENT_3D('',#8543,#8544,#8545);
#7726=CARTESIAN_POINT('',(8.8635386072293,1.80324437359937,0.8));
#7727=CARTESIAN_POINT('',(8.8635386072293,1.80324437359937,0.1));
#7728=VECTOR('',#8546,1.0);
#7729=AXIS2_PLACEMENT_3D('',#8547,#8548,#8549);
#7730=COLOUR_RGB('',0.874509811401367,0.874509811401367,0.874509811401367);
#7731=CARTESIAN_POINT('',(8.08064681288372,-2.63675562640063,0.8));
#7732=CARTESIAN_POINT('',(8.37999498787426,-0.939067763841025,0.8));
#7733=VECTOR('',#8550,1.0);
#7734=CARTESIAN_POINT('',(8.08064681288372,-2.63675562640063,6.9));
#7735=CARTESIAN_POINT('',(8.08064681288372,-2.63675562640063,6.9));
#7736=VECTOR('',#8551,1.0);
#7737=CARTESIAN_POINT('',(8.08064681288372,-2.63675562640063,0.1));
#7738=VECTOR('',#8552,1.0);
#7739=COLOUR_RGB('',0.874509811401367,0.874509811401367,0.874509811401367);
#7740=CARTESIAN_POINT('',(5.71710820565442,-4.62,0.8));
#7741=AXIS2_PLACEMENT_3D('',#8553,#8554,#8555);
#7742=CARTESIAN_POINT('',(5.71710820565442,-4.62,6.9));
#7743=AXIS2_PLACEMENT_3D('',#8556,#8557,#8558);
#7744=CARTESIAN_POINT('',(5.71710820565442,-4.62,0.1));
#7745=VECTOR('',#8559,1.0);
#7746=COLOUR_RGB('',0.874509811401367,0.874509811401367,0.874509811401367);
#7747=CARTESIAN_POINT('',(-3.60822483003176E-16,-4.62,0.8));
#7748=VECTOR('',#8560,1.0);
#7749=CARTESIAN_POINT('',(-5.71710820565442,-4.62,6.9));
#7750=VECTOR('',#8561,1.0);
#7751=COLOUR_RGB('',0.874509811401367,0.874509811401367,0.874509811401367);
#7752=COLOUR_RGB('',0.811764717102051,0.811764717102051,0.811764717102051);
#7753=CARTESIAN_POINT('',(-14.105,-6.275,0.8));
#7754=CARTESIAN_POINT('',(-15.405,-4.975,0.8));
#7755=AXIS2_PLACEMENT_3D('',#8562,#8563,#8564);
#7756=CARTESIAN_POINT('',(-15.405,-4.975,0.0));
#7757=CARTESIAN_POINT('',(-15.405,-4.975,0.0));
#7758=VECTOR('',#8565,1.0);
#7759=CARTESIAN_POINT('',(-14.105,-6.275,0.0));
#7760=AXIS2_PLACEMENT_3D('',#8566,#8567,#8568);
#7761=CARTESIAN_POINT('',(-14.105,-6.275,0.0));
#7762=VECTOR('',#8569,1.0);
#7763=COLOUR_RGB('',0.811764717102051,0.811764717102051,0.811764717102051);
#7764=CARTESIAN_POINT('',(-15.405,4.975,0.8));
#7765=CARTESIAN_POINT('',(-15.405,4.975,0.8));
#7766=VECTOR('',#8570,1.0);
#7767=CARTESIAN_POINT('',(-15.405,4.975,0.0));
#7768=CARTESIAN_POINT('',(-15.405,4.975,0.0));
#7769=VECTOR('',#8571,1.0);
#7770=CARTESIAN_POINT('',(-15.405,4.975,0.0));
#7771=VECTOR('',#8572,1.0);
#7772=COLOUR_RGB('',0.811764717102051,0.811764717102051,0.811764717102051);
#7773=CARTESIAN_POINT('',(-14.105,6.275,0.8));
#7774=AXIS2_PLACEMENT_3D('',#8573,#8574,#8575);
#7775=CARTESIAN_POINT('',(-14.105,6.275,0.0));
#7776=CARTESIAN_POINT('',(-14.105,6.275,0.0));
#7777=VECTOR('',#8576,1.0);
#7778=AXIS2_PLACEMENT_3D('',#8577,#8578,#8579);
#7779=COLOUR_RGB('',0.811764717102051,0.811764717102051,0.811764717102051);
#7780=CARTESIAN_POINT('',(14.105,6.275,0.8));
#7781=CARTESIAN_POINT('',(14.105,6.275,0.8));
#7782=VECTOR('',#8580,1.0);
#7783=CARTESIAN_POINT('',(14.105,6.275,0.0));
#7784=CARTESIAN_POINT('',(14.105,6.275,0.0));
#7785=VECTOR('',#8581,1.0);
#7786=CARTESIAN_POINT('',(14.105,6.275,0.0));
#7787=VECTOR('',#8582,1.0);
#7788=COLOUR_RGB('',0.811764717102051,0.811764717102051,0.811764717102051);
#7789=CARTESIAN_POINT('',(15.405,4.975,0.8));
#7790=AXIS2_PLACEMENT_3D('',#8583,#8584,#8585);
#7791=CARTESIAN_POINT('',(15.405,4.975,0.0));
#7792=CARTESIAN_POINT('',(15.405,4.975,0.0));
#7793=VECTOR('',#8586,1.0);
#7794=AXIS2_PLACEMENT_3D('',#8587,#8588,#8589);
#7795=COLOUR_RGB('',0.811764717102051,0.811764717102051,0.811764717102051);
#7796=CARTESIAN_POINT('',(15.405,-4.975,0.8));
#7797=CARTESIAN_POINT('',(15.405,-4.975,0.8));
#7798=VECTOR('',#8590,1.0);
#7799=CARTESIAN_POINT('',(15.405,-4.975,0.0));
#7800=CARTESIAN_POINT('',(15.405,-4.975,0.0));
#7801=VECTOR('',#8591,1.0);
#7802=CARTESIAN_POINT('',(15.405,-4.975,0.0));
#7803=VECTOR('',#8592,1.0);
#7804=COLOUR_RGB('',0.811764717102051,0.811764717102051,0.811764717102051);
#7805=CARTESIAN_POINT('',(14.105,-6.275,0.8));
#7806=AXIS2_PLACEMENT_3D('',#8593,#8594,#8595);
#7807=CARTESIAN_POINT('',(14.105,-6.275,0.0));
#7808=CARTESIAN_POINT('',(14.105,-6.275,0.0));
#7809=VECTOR('',#8596,1.0);
#7810=AXIS2_PLACEMENT_3D('',#8597,#8598,#8599);
#7811=COLOUR_RGB('',0.811764717102051,0.811764717102051,0.811764717102051);
#7812=CARTESIAN_POINT('',(-14.105,-6.275,0.8));
#7813=VECTOR('',#8600,1.0);
#7814=CARTESIAN_POINT('',(-14.105,-6.275,0.0));
#7815=VECTOR('',#8601,1.0);
#7816=COLOUR_RGB('',0.811764717102051,0.811764717102051,0.811764717102051);
#7817=COLOUR_RGB('',0.811764717102051,0.811764717102051,0.811764717102051);
#7818=DIRECTION('',(0.0,0.0,1.0));
#7819=CARTESIAN_POINT('',(6.5,2.22,0.8));
#7820=DIRECTION('',(0.0,0.0,-1.0));
#7821=DIRECTION('',(1.0,0.0,0.0));
#7822=DIRECTION('',(0.0,0.0,1.0));
#7823=CARTESIAN_POINT('',(6.5,2.22,6.9));
#7824=DIRECTION('',(0.0,0.0,-1.0));
#7825=DIRECTION('',(1.0,0.0,0.0));
#7826=DIRECTION('',(-0.0,-0.0,-1.0));
#7827=CARTESIAN_POINT('',(-6.5,2.22,6.9));
#7828=DIRECTION('',(0.0,0.0,-1.0));
#7829=DIRECTION('',(1.0,0.0,0.0));
#7830=DIRECTION('',(0.0,0.0,1.0));
#7831=CARTESIAN_POINT('',(-6.5,2.22,0.8));
#7832=DIRECTION('',(0.0,0.0,-1.0));
#7833=DIRECTION('',(1.0,0.0,0.0));
#7834=DIRECTION('',(-0.0,0.0,1.0));
#7835=CARTESIAN_POINT('',(-6.46,2.18,1.0));
#7836=DIRECTION('',(0.0,0.0,1.0));
#7837=DIRECTION('',(1.0,0.0,0.0));
#7838=DIRECTION('',(0.0,0.0,1.0));
#7839=CARTESIAN_POINT('',(-6.46,2.18,6.9));
#7840=DIRECTION('',(0.0,0.0,-1.0));
#7841=DIRECTION('',(1.0,0.0,0.0));
#7842=DIRECTION('',(-0.0,0.0,-1.0));
#7843=CARTESIAN_POINT('',(6.46,2.18,6.9));
#7844=DIRECTION('',(0.0,0.0,-1.0));
#7845=DIRECTION('',(1.0,0.0,0.0));
#7846=DIRECTION('',(0.0,0.0,1.0));
#7847=CARTESIAN_POINT('',(6.46,2.18,1.0));
#7848=DIRECTION('',(0.0,0.0,1.0));
#7849=DIRECTION('',(1.0,0.0,0.0));
#7850=DIRECTION('',(0.0,0.0,1.0));
#7851=CARTESIAN_POINT('',(5.455,2.54,1.0));
#7852=DIRECTION('',(0.0,0.0,-1.0));
#7853=DIRECTION('',(1.0,0.0,0.0));
#7854=DIRECTION('',(-0.0,-0.0,-1.0));
#7855=CARTESIAN_POINT('',(5.455,2.54,6.4));
#7856=DIRECTION('',(0.0,0.0,1.0));
#7857=DIRECTION('',(1.0,0.0,0.0));
#7858=DIRECTION('',(0.0,0.0,1.0));
#7859=CARTESIAN_POINT('',(3.165,2.54,1.0));
#7860=DIRECTION('',(0.0,0.0,-1.0));
#7861=DIRECTION('',(1.0,0.0,0.0));
#7862=DIRECTION('',(-0.0,-0.0,-1.0));
#7863=CARTESIAN_POINT('',(3.165,2.54,6.4));
#7864=DIRECTION('',(0.0,0.0,1.0));
#7865=DIRECTION('',(1.0,0.0,0.0));
#7866=DIRECTION('',(0.0,0.0,1.0));
#7867=CARTESIAN_POINT('',(0.874999999999999,2.54,1.0));
#7868=DIRECTION('',(0.0,0.0,-1.0));
#7869=DIRECTION('',(1.0,0.0,0.0));
#7870=DIRECTION('',(-0.0,-0.0,-1.0));
#7871=CARTESIAN_POINT('',(0.874999999999999,2.54,6.4));
#7872=DIRECTION('',(0.0,0.0,1.0));
#7873=DIRECTION('',(1.0,0.0,0.0));
#7874=DIRECTION('',(0.0,0.0,1.0));
#7875=CARTESIAN_POINT('',(-1.415,2.54,1.0));
#7876=DIRECTION('',(0.0,0.0,-1.0));
#7877=DIRECTION('',(1.0,0.0,0.0));
#7878=DIRECTION('',(-0.0,-0.0,-1.0));
#7879=CARTESIAN_POINT('',(-1.415,2.54,6.4));
#7880=DIRECTION('',(0.0,0.0,1.0));
#7881=DIRECTION('',(1.0,0.0,0.0));
#7882=DIRECTION('',(0.0,0.0,1.0));
#7883=CARTESIAN_POINT('',(-3.705,2.54,1.0));
#7884=DIRECTION('',(0.0,0.0,-1.0));
#7885=DIRECTION('',(1.0,0.0,0.0));
#7886=DIRECTION('',(-0.0,-0.0,-1.0));
#7887=CARTESIAN_POINT('',(-3.705,2.54,6.4));
#7888=DIRECTION('',(0.0,0.0,1.0));
#7889=DIRECTION('',(1.0,0.0,0.0));
#7890=DIRECTION('',(0.0,0.0,1.0));
#7891=CARTESIAN_POINT('',(4.31,0.0,1.0));
#7892=DIRECTION('',(0.0,0.0,-1.0));
#7893=DIRECTION('',(1.0,0.0,0.0));
#7894=DIRECTION('',(-0.0,-0.0,-1.0));
#7895=CARTESIAN_POINT('',(4.31,0.0,6.4));
#7896=DIRECTION('',(0.0,0.0,1.0));
#7897=DIRECTION('',(1.0,0.0,0.0));
#7898=DIRECTION('',(0.0,0.0,1.0));
#7899=CARTESIAN_POINT('',(2.02,0.0,1.0));
#7900=DIRECTION('',(0.0,0.0,-1.0));
#7901=DIRECTION('',(1.0,0.0,0.0));
#7902=DIRECTION('',(-0.0,-0.0,-1.0));
#7903=CARTESIAN_POINT('',(2.02,0.0,6.4));
#7904=DIRECTION('',(0.0,0.0,1.0));
#7905=DIRECTION('',(1.0,0.0,0.0));
#7906=DIRECTION('',(0.0,0.0,1.0));
#7907=CARTESIAN_POINT('',(-0.270000000000001,0.0,1.0));
#7908=DIRECTION('',(0.0,0.0,-1.0));
#7909=DIRECTION('',(1.0,0.0,0.0));
#7910=DIRECTION('',(-0.0,-0.0,-1.0));
#7911=CARTESIAN_POINT('',(-0.270000000000001,0.0,6.4));
#7912=DIRECTION('',(0.0,0.0,1.0));
#7913=DIRECTION('',(1.0,0.0,0.0));
#7914=DIRECTION('',(0.0,0.0,1.0));
#7915=CARTESIAN_POINT('',(-2.56,0.0,1.0));
#7916=DIRECTION('',(0.0,0.0,-1.0));
#7917=DIRECTION('',(1.0,0.0,0.0));
#7918=DIRECTION('',(-0.0,-0.0,-1.0));
#7919=CARTESIAN_POINT('',(-2.56,0.0,6.4));
#7920=DIRECTION('',(0.0,0.0,1.0));
#7921=DIRECTION('',(1.0,0.0,0.0));
#7922=DIRECTION('',(0.0,0.0,1.0));
#7923=CARTESIAN_POINT('',(-4.85,0.0,1.0));
#7924=DIRECTION('',(0.0,0.0,-1.0));
#7925=DIRECTION('',(1.0,0.0,0.0));
#7926=DIRECTION('',(-0.0,-0.0,-1.0));
#7927=CARTESIAN_POINT('',(-4.85,0.0,6.4));
#7928=DIRECTION('',(0.0,0.0,1.0));
#7929=DIRECTION('',(1.0,0.0,0.0));
#7930=DIRECTION('',(0.0,0.0,1.0));
#7931=CARTESIAN_POINT('',(5.455,-2.54,1.0));
#7932=DIRECTION('',(0.0,0.0,-1.0));
#7933=DIRECTION('',(1.0,0.0,0.0));
#7934=DIRECTION('',(-0.0,-0.0,-1.0));
#7935=CARTESIAN_POINT('',(5.455,-2.54,6.4));
#7936=DIRECTION('',(0.0,0.0,1.0));
#7937=DIRECTION('',(1.0,0.0,0.0));
#7938=DIRECTION('',(0.0,0.0,1.0));
#7939=CARTESIAN_POINT('',(3.165,-2.54,1.0));
#7940=DIRECTION('',(0.0,0.0,-1.0));
#7941=DIRECTION('',(1.0,0.0,0.0));
#7942=DIRECTION('',(-0.0,-0.0,-1.0));
#7943=CARTESIAN_POINT('',(3.165,-2.54,6.4));
#7944=DIRECTION('',(0.0,0.0,1.0));
#7945=DIRECTION('',(1.0,0.0,0.0));
#7946=DIRECTION('',(0.0,0.0,1.0));
#7947=CARTESIAN_POINT('',(0.874999999999998,-2.54,1.0));
#7948=DIRECTION('',(0.0,0.0,-1.0));
#7949=DIRECTION('',(1.0,0.0,0.0));
#7950=DIRECTION('',(-0.0,-0.0,-1.0));
#7951=CARTESIAN_POINT('',(0.874999999999998,-2.54,6.4));
#7952=DIRECTION('',(0.0,0.0,1.0));
#7953=DIRECTION('',(1.0,0.0,0.0));
#7954=DIRECTION('',(0.0,0.0,1.0));
#7955=CARTESIAN_POINT('',(-1.415,-2.54,1.0));
#7956=DIRECTION('',(0.0,0.0,-1.0));
#7957=DIRECTION('',(1.0,0.0,0.0));
#7958=DIRECTION('',(-0.0,-0.0,-1.0));
#7959=CARTESIAN_POINT('',(-1.415,-2.54,6.4));
#7960=DIRECTION('',(0.0,0.0,1.0));
#7961=DIRECTION('',(1.0,0.0,0.0));
#7962=DIRECTION('',(0.0,0.0,1.0));
#7963=CARTESIAN_POINT('',(-3.705,-2.54,1.0));
#7964=DIRECTION('',(0.0,0.0,-1.0));
#7965=DIRECTION('',(1.0,0.0,0.0));
#7966=DIRECTION('',(-0.0,-0.0,-1.0));
#7967=CARTESIAN_POINT('',(-3.705,-2.54,6.4));
#7968=DIRECTION('',(0.0,0.0,1.0));
#7969=DIRECTION('',(1.0,0.0,0.0));
#7970=DIRECTION('',(1.22460635382238E-16,1.0,-6.12303176911189E-17));
#7971=DIRECTION('',(6.12303176911188E-17,-1.9876074596923E-16,1.0));
#7972=DIRECTION('',(-8.21490915846627E-17,-0.89442719099956,0.44721359550067));
#7973=DIRECTION('',(6.12303176911189E-17,-7.49830360911069E-33,1.0));
#7974=DIRECTION('',(-1.22460635382238E-16,-1.0,0.0));
#7975=DIRECTION('',(6.12303176911189E-17,-5.12297489786488E-17,1.0));
#7976=DIRECTION('',(1.0,-1.22460635382238E-16,7.49830360911069E-33));
#7977=DIRECTION('',(-6.12303176911188E-17,1.9876074596923E-16,-1.0));
#7978=DIRECTION('',(-1.0,1.22460635382238E-16,6.12303176911189E-17));
#7979=DIRECTION('',(8.21490915846627E-17,0.89442719099956,-0.44721359550067));
#7980=DIRECTION('',(-1.0,1.22460635382238E-16,6.12303176911189E-17));
#7981=DIRECTION('',(-6.12303176911189E-17,7.49830360911069E-33,-1.0));
#7982=DIRECTION('',(-1.0,1.22460635382238E-16,6.12303176911189E-17));
#7983=DIRECTION('',(1.22460635382238E-16,1.0,0.0));
#7984=DIRECTION('',(-1.0,1.22460635382238E-16,6.12303176911189E-17));
#7985=DIRECTION('',(-1.0,1.22460635382238E-16,-7.49830360911069E-33));
#7986=DIRECTION('',(6.12303176911189E-17,-5.12297489786488E-17,1.0));
#7987=DIRECTION('',(-1.22460635382238E-16,-1.0,6.12303176911189E-17));
#7988=DIRECTION('',(1.22460635382238E-16,1.0,-6.12303176911189E-17));
#7989=DIRECTION('',(6.12303176911188E-17,-1.9876074596923E-16,1.0));
#7990=DIRECTION('',(-8.21490915846627E-17,-0.89442719099956,0.44721359550067));
#7991=DIRECTION('',(6.12303176911189E-17,-7.49830360911069E-33,1.0));
#7992=DIRECTION('',(-1.22460635382238E-16,-1.0,0.0));
#7993=DIRECTION('',(6.12303176911189E-17,-5.12297489786488E-17,1.0));
#7994=DIRECTION('',(1.0,-1.22460635382238E-16,7.49830360911069E-33));
#7995=DIRECTION('',(-6.12303176911188E-17,1.9876074596923E-16,-1.0));
#7996=DIRECTION('',(-1.0,1.22460635382238E-16,6.12303176911189E-17));
#7997=DIRECTION('',(8.21490915846627E-17,0.89442719099956,-0.44721359550067));
#7998=DIRECTION('',(-1.0,1.22460635382238E-16,6.12303176911189E-17));
#7999=DIRECTION('',(-6.12303176911189E-17,7.49830360911069E-33,-1.0));
#8000=DIRECTION('',(-1.0,1.22460635382238E-16,6.12303176911189E-17));
#8001=DIRECTION('',(1.22460635382238E-16,1.0,0.0));
#8002=DIRECTION('',(-1.0,1.22460635382238E-16,6.12303176911189E-17));
#8003=DIRECTION('',(-1.0,1.22460635382238E-16,-7.49830360911069E-33));
#8004=DIRECTION('',(6.12303176911189E-17,-5.12297489786488E-17,1.0));
#8005=DIRECTION('',(-1.22460635382238E-16,-1.0,6.12303176911189E-17));
#8006=DIRECTION('',(1.22460635382238E-16,1.0,-6.12303176911189E-17));
#8007=DIRECTION('',(6.12303176911188E-17,-1.9876074596923E-16,1.0));
#8008=DIRECTION('',(-8.21490915846627E-17,-0.89442719099956,0.44721359550067));
#8009=DIRECTION('',(6.12303176911189E-17,-7.49830360911069E-33,1.0));
#8010=DIRECTION('',(-1.22460635382238E-16,-1.0,0.0));
#8011=DIRECTION('',(6.12303176911189E-17,-5.12297489786488E-17,1.0));
#8012=DIRECTION('',(1.0,-1.22460635382238E-16,7.49830360911069E-33));
#8013=DIRECTION('',(-6.12303176911188E-17,1.9876074596923E-16,-1.0));
#8014=DIRECTION('',(-1.0,1.22460635382238E-16,6.12303176911189E-17));
#8015=DIRECTION('',(8.21490915846627E-17,0.89442719099956,-0.44721359550067));
#8016=DIRECTION('',(-1.0,1.22460635382238E-16,6.12303176911189E-17));
#8017=DIRECTION('',(-6.12303176911189E-17,7.49830360911069E-33,-1.0));
#8018=DIRECTION('',(-1.0,1.22460635382238E-16,6.12303176911189E-17));
#8019=DIRECTION('',(1.22460635382238E-16,1.0,0.0));
#8020=DIRECTION('',(-1.0,1.22460635382238E-16,6.12303176911189E-17));
#8021=DIRECTION('',(-1.0,1.22460635382238E-16,-7.49830360911069E-33));
#8022=DIRECTION('',(6.12303176911189E-17,-5.12297489786488E-17,1.0));
#8023=DIRECTION('',(-1.22460635382238E-16,-1.0,6.12303176911189E-17));
#8024=DIRECTION('',(1.22460635382238E-16,1.0,-6.12303176911189E-17));
#8025=DIRECTION('',(6.12303176911188E-17,-1.9876074596923E-16,1.0));
#8026=DIRECTION('',(-8.21490915846627E-17,-0.89442719099956,0.44721359550067));
#8027=DIRECTION('',(6.12303176911189E-17,-7.49830360911069E-33,1.0));
#8028=DIRECTION('',(-1.22460635382238E-16,-1.0,0.0));
#8029=DIRECTION('',(6.12303176911189E-17,-5.12297489786488E-17,1.0));
#8030=DIRECTION('',(1.0,-1.22460635382238E-16,7.49830360911069E-33));
#8031=DIRECTION('',(-6.12303176911188E-17,1.9876074596923E-16,-1.0));
#8032=DIRECTION('',(-1.0,1.22460635382238E-16,6.12303176911189E-17));
#8033=DIRECTION('',(8.21490915846627E-17,0.89442719099956,-0.44721359550067));
#8034=DIRECTION('',(-1.0,1.22460635382238E-16,6.12303176911189E-17));
#8035=DIRECTION('',(-6.12303176911189E-17,7.49830360911069E-33,-1.0));
#8036=DIRECTION('',(-1.0,1.22460635382238E-16,6.12303176911189E-17));
#8037=DIRECTION('',(1.22460635382238E-16,1.0,0.0));
#8038=DIRECTION('',(-1.0,1.22460635382238E-16,6.12303176911189E-17));
#8039=DIRECTION('',(-1.0,1.22460635382238E-16,-7.49830360911069E-33));
#8040=DIRECTION('',(6.12303176911189E-17,-5.12297489786488E-17,1.0));
#8041=DIRECTION('',(-1.22460635382238E-16,-1.0,6.12303176911189E-17));
#8042=DIRECTION('',(1.22460635382238E-16,1.0,-6.12303176911189E-17));
#8043=DIRECTION('',(6.12303176911188E-17,-1.9876074596923E-16,1.0));
#8044=DIRECTION('',(-8.21490915846627E-17,-0.89442719099956,0.44721359550067));
#8045=DIRECTION('',(6.12303176911189E-17,-7.49830360911069E-33,1.0));
#8046=DIRECTION('',(-1.22460635382238E-16,-1.0,0.0));
#8047=DIRECTION('',(6.12303176911189E-17,-5.12297489786488E-17,1.0));
#8048=DIRECTION('',(1.0,-1.22460635382238E-16,7.49830360911069E-33));
#8049=DIRECTION('',(-6.12303176911188E-17,1.9876074596923E-16,-1.0));
#8050=DIRECTION('',(-1.0,1.22460635382238E-16,6.12303176911189E-17));
#8051=DIRECTION('',(8.21490915846627E-17,0.89442719099956,-0.44721359550067));
#8052=DIRECTION('',(-1.0,1.22460635382238E-16,6.12303176911189E-17));
#8053=DIRECTION('',(-6.12303176911189E-17,7.49830360911069E-33,-1.0));
#8054=DIRECTION('',(-1.0,1.22460635382238E-16,6.12303176911189E-17));
#8055=DIRECTION('',(1.22460635382238E-16,1.0,0.0));
#8056=DIRECTION('',(-1.0,1.22460635382238E-16,6.12303176911189E-17));
#8057=DIRECTION('',(-1.0,1.22460635382238E-16,-7.49830360911069E-33));
#8058=DIRECTION('',(6.12303176911189E-17,-5.12297489786488E-17,1.0));
#8059=DIRECTION('',(-1.22460635382238E-16,-1.0,6.12303176911189E-17));
#8060=DIRECTION('',(-3.74915180455534E-33,-1.0,6.12303176911189E-17));
#8061=DIRECTION('',(-6.12303176911189E-17,5.00949723616262E-17,1.0));
#8062=DIRECTION('',(-4.32963728535793E-17,0.707106781186832,0.707106781186263));
#8063=DIRECTION('',(-6.12303176911189E-17,6.12303176911188E-17,1.0));
#8064=DIRECTION('',(0.0,1.0,0.0));
#8065=DIRECTION('',(-6.12303176911189E-17,5.52123342472513E-17,1.0));
#8066=DIRECTION('',(-1.0,3.06733107243019E-33,-1.87813656028741E-49));
#8067=DIRECTION('',(6.12303176911189E-17,-5.00949723616262E-17,-1.0));
#8068=DIRECTION('',(1.0,0.0,6.12303176911189E-17));
#8069=DIRECTION('',(1.0,-3.38066876642744E-33,2.06999422576795E-49));
#8070=DIRECTION('',(1.0,0.0,6.12303176911189E-17));
#8071=DIRECTION('',(-6.12303176911189E-17,5.52123342472513E-17,1.0));
#8072=DIRECTION('',(4.32963728535793E-17,-0.707106781186832,-0.707106781186263));
#8073=DIRECTION('',(1.0,0.0,6.12303176911189E-17));
#8074=DIRECTION('',(6.12303176911189E-17,-6.12303176911188E-17,-1.0));
#8075=DIRECTION('',(1.0,0.0,6.12303176911189E-17));
#8076=DIRECTION('',(0.0,-1.0,0.0));
#8077=DIRECTION('',(3.74915180455534E-33,1.0,-6.12303176911189E-17));
#8078=DIRECTION('',(-3.74915180455534E-33,-1.0,6.12303176911189E-17));
#8079=DIRECTION('',(-6.12303176911189E-17,5.00949723616262E-17,1.0));
#8080=DIRECTION('',(-4.32963728535793E-17,0.707106781186832,0.707106781186263));
#8081=DIRECTION('',(-6.12303176911189E-17,6.12303176911188E-17,1.0));
#8082=DIRECTION('',(0.0,1.0,0.0));
#8083=DIRECTION('',(-6.12303176911189E-17,5.52123342472513E-17,1.0));
#8084=DIRECTION('',(-1.0,3.06733107243019E-33,-1.87813656028741E-49));
#8085=DIRECTION('',(6.12303176911189E-17,-5.00949723616262E-17,-1.0));
#8086=DIRECTION('',(1.0,0.0,6.12303176911189E-17));
#8087=DIRECTION('',(1.0,-3.38066876642744E-33,2.06999422576795E-49));
#8088=DIRECTION('',(1.0,0.0,6.12303176911189E-17));
#8089=DIRECTION('',(-6.12303176911189E-17,5.52123342472513E-17,1.0));
#8090=DIRECTION('',(4.32963728535793E-17,-0.707106781186832,-0.707106781186263));
#8091=DIRECTION('',(1.0,0.0,6.12303176911189E-17));
#8092=DIRECTION('',(6.12303176911189E-17,-6.12303176911188E-17,-1.0));
#8093=DIRECTION('',(1.0,0.0,6.12303176911189E-17));
#8094=DIRECTION('',(0.0,-1.0,0.0));
#8095=DIRECTION('',(3.74915180455534E-33,1.0,-6.12303176911189E-17));
#8096=DIRECTION('',(-3.74915180455534E-33,-1.0,6.12303176911189E-17));
#8097=DIRECTION('',(-6.12303176911189E-17,5.00949723616262E-17,1.0));
#8098=DIRECTION('',(-4.32963728535793E-17,0.707106781186832,0.707106781186263));
#8099=DIRECTION('',(-6.12303176911189E-17,6.12303176911188E-17,1.0));
#8100=DIRECTION('',(0.0,1.0,0.0));
#8101=DIRECTION('',(-6.12303176911189E-17,5.52123342472513E-17,1.0));
#8102=DIRECTION('',(-1.0,3.06733107243019E-33,-1.87813656028741E-49));
#8103=DIRECTION('',(6.12303176911189E-17,-5.00949723616262E-17,-1.0));
#8104=DIRECTION('',(1.0,0.0,6.12303176911189E-17));
#8105=DIRECTION('',(1.0,-3.38066876642744E-33,2.06999422576795E-49));
#8106=DIRECTION('',(1.0,0.0,6.12303176911189E-17));
#8107=DIRECTION('',(-6.12303176911189E-17,5.52123342472513E-17,1.0));
#8108=DIRECTION('',(4.32963728535793E-17,-0.707106781186832,-0.707106781186263));
#8109=DIRECTION('',(1.0,0.0,6.12303176911189E-17));
#8110=DIRECTION('',(6.12303176911189E-17,-6.12303176911188E-17,-1.0));
#8111=DIRECTION('',(1.0,0.0,6.12303176911189E-17));
#8112=DIRECTION('',(0.0,-1.0,0.0));
#8113=DIRECTION('',(3.74915180455534E-33,1.0,-6.12303176911189E-17));
#8114=DIRECTION('',(-3.74915180455534E-33,-1.0,6.12303176911189E-17));
#8115=DIRECTION('',(-6.12303176911189E-17,5.00949723616262E-17,1.0));
#8116=DIRECTION('',(-4.32963728535793E-17,0.707106781186832,0.707106781186263));
#8117=DIRECTION('',(-6.12303176911189E-17,6.12303176911188E-17,1.0));
#8118=DIRECTION('',(0.0,1.0,0.0));
#8119=DIRECTION('',(-6.12303176911189E-17,5.52123342472513E-17,1.0));
#8120=DIRECTION('',(-1.0,3.06733107243019E-33,-1.87813656028741E-49));
#8121=DIRECTION('',(6.12303176911189E-17,-5.00949723616262E-17,-1.0));
#8122=DIRECTION('',(1.0,0.0,6.12303176911189E-17));
#8123=DIRECTION('',(1.0,-3.38066876642744E-33,2.06999422576795E-49));
#8124=DIRECTION('',(1.0,0.0,6.12303176911189E-17));
#8125=DIRECTION('',(-6.12303176911189E-17,5.52123342472513E-17,1.0));
#8126=DIRECTION('',(4.32963728535793E-17,-0.707106781186832,-0.707106781186263));
#8127=DIRECTION('',(1.0,0.0,6.12303176911189E-17));
#8128=DIRECTION('',(6.12303176911189E-17,-6.12303176911188E-17,-1.0));
#8129=DIRECTION('',(1.0,0.0,6.12303176911189E-17));
#8130=DIRECTION('',(0.0,-1.0,0.0));
#8131=DIRECTION('',(3.74915180455534E-33,1.0,-6.12303176911189E-17));
#8132=DIRECTION('',(-3.74915180455534E-33,-1.0,6.12303176911189E-17));
#8133=DIRECTION('',(-6.12303176911189E-17,5.00949723616262E-17,1.0));
#8134=DIRECTION('',(-4.32963728535793E-17,0.707106781186832,0.707106781186263));
#8135=DIRECTION('',(-6.12303176911189E-17,6.12303176911188E-17,1.0));
#8136=DIRECTION('',(0.0,1.0,0.0));
#8137=DIRECTION('',(-6.12303176911189E-17,5.52123342472513E-17,1.0));
#8138=DIRECTION('',(-1.0,3.06733107243019E-33,-1.87813656028741E-49));
#8139=DIRECTION('',(6.12303176911189E-17,-5.00949723616262E-17,-1.0));
#8140=DIRECTION('',(1.0,0.0,6.12303176911189E-17));
#8141=DIRECTION('',(1.0,-3.38066876642744E-33,2.06999422576795E-49));
#8142=DIRECTION('',(1.0,0.0,6.12303176911189E-17));
#8143=DIRECTION('',(-6.12303176911189E-17,5.52123342472513E-17,1.0));
#8144=DIRECTION('',(4.32963728535793E-17,-0.707106781186832,-0.707106781186263));
#8145=DIRECTION('',(1.0,0.0,6.12303176911189E-17));
#8146=DIRECTION('',(6.12303176911189E-17,-6.12303176911188E-17,-1.0));
#8147=DIRECTION('',(1.0,0.0,6.12303176911189E-17));
#8148=DIRECTION('',(0.0,-1.0,0.0));
#8149=DIRECTION('',(3.74915180455534E-33,1.0,-6.12303176911189E-17));
#8150=DIRECTION('',(-3.74915180455534E-33,-1.0,6.12303176911189E-17));
#8151=DIRECTION('',(-6.12303176911189E-17,1.9876074596923E-16,1.0));
#8152=DIRECTION('',(-2.73830305282935E-17,0.89442719099956,0.44721359550067));
#8153=DIRECTION('',(-6.12303176911189E-17,0.0,1.0));
#8154=DIRECTION('',(0.0,1.0,0.0));
#8155=DIRECTION('',(-6.12303176911189E-17,5.12297489786488E-17,1.0));
#8156=DIRECTION('',(-1.0,1.21701836202198E-32,-7.45184209425307E-49));
#8157=DIRECTION('',(6.12303176911189E-17,-1.9876074596923E-16,-1.0));
#8158=DIRECTION('',(1.0,0.0,6.12303176911189E-17));
#8159=DIRECTION('',(2.73830305282935E-17,-0.89442719099956,-0.44721359550067));
#8160=DIRECTION('',(1.0,0.0,6.12303176911189E-17));
#8161=DIRECTION('',(6.12303176911189E-17,0.0,-1.0));
#8162=DIRECTION('',(1.0,0.0,6.12303176911189E-17));
#8163=DIRECTION('',(0.0,-1.0,0.0));
#8164=DIRECTION('',(1.0,0.0,6.12303176911189E-17));
#8165=DIRECTION('',(1.0,-3.13681380519894E-33,1.92068105830219E-49));
#8166=DIRECTION('',(-6.12303176911189E-17,5.12297489786488E-17,1.0));
#8167=DIRECTION('',(3.74915180455534E-33,1.0,-6.12303176911189E-17));
#8168=DIRECTION('',(-3.74915180455534E-33,-1.0,6.12303176911189E-17));
#8169=DIRECTION('',(-6.12303176911189E-17,1.9876074596923E-16,1.0));
#8170=DIRECTION('',(-2.73830305282935E-17,0.89442719099956,0.44721359550067));
#8171=DIRECTION('',(-6.12303176911189E-17,0.0,1.0));
#8172=DIRECTION('',(0.0,1.0,0.0));
#8173=DIRECTION('',(-6.12303176911189E-17,5.12297489786488E-17,1.0));
#8174=DIRECTION('',(-1.0,1.21701836202198E-32,-7.45184209425307E-49));
#8175=DIRECTION('',(6.12303176911189E-17,-1.9876074596923E-16,-1.0));
#8176=DIRECTION('',(1.0,0.0,6.12303176911189E-17));
#8177=DIRECTION('',(2.73830305282935E-17,-0.89442719099956,-0.44721359550067));
#8178=DIRECTION('',(1.0,0.0,6.12303176911189E-17));
#8179=DIRECTION('',(6.12303176911189E-17,0.0,-1.0));
#8180=DIRECTION('',(1.0,0.0,6.12303176911189E-17));
#8181=DIRECTION('',(0.0,-1.0,0.0));
#8182=DIRECTION('',(1.0,0.0,6.12303176911189E-17));
#8183=DIRECTION('',(1.0,-3.13681380519894E-33,1.92068105830219E-49));
#8184=DIRECTION('',(-6.12303176911189E-17,5.12297489786488E-17,1.0));
#8185=DIRECTION('',(3.74915180455534E-33,1.0,-6.12303176911189E-17));
#8186=DIRECTION('',(-3.74915180455534E-33,-1.0,6.12303176911189E-17));
#8187=DIRECTION('',(-6.12303176911189E-17,1.9876074596923E-16,1.0));
#8188=DIRECTION('',(-2.73830305282935E-17,0.89442719099956,0.44721359550067));
#8189=DIRECTION('',(-6.12303176911189E-17,0.0,1.0));
#8190=DIRECTION('',(0.0,1.0,0.0));
#8191=DIRECTION('',(-6.12303176911189E-17,5.12297489786488E-17,1.0));
#8192=DIRECTION('',(-1.0,1.21701836202198E-32,-7.45184209425307E-49));
#8193=DIRECTION('',(6.12303176911189E-17,-1.9876074596923E-16,-1.0));
#8194=DIRECTION('',(1.0,0.0,6.12303176911189E-17));
#8195=DIRECTION('',(2.73830305282935E-17,-0.89442719099956,-0.44721359550067));
#8196=DIRECTION('',(1.0,0.0,6.12303176911189E-17));
#8197=DIRECTION('',(6.12303176911189E-17,0.0,-1.0));
#8198=DIRECTION('',(1.0,0.0,6.12303176911189E-17));
#8199=DIRECTION('',(0.0,-1.0,0.0));
#8200=DIRECTION('',(1.0,0.0,6.12303176911189E-17));
#8201=DIRECTION('',(1.0,-3.13681380519894E-33,1.92068105830219E-49));
#8202=DIRECTION('',(-6.12303176911189E-17,5.12297489786488E-17,1.0));
#8203=DIRECTION('',(3.74915180455534E-33,1.0,-6.12303176911189E-17));
#8204=DIRECTION('',(-3.74915180455534E-33,-1.0,6.12303176911189E-17));
#8205=DIRECTION('',(-6.12303176911189E-17,1.9876074596923E-16,1.0));
#8206=DIRECTION('',(-2.73830305282935E-17,0.89442719099956,0.44721359550067));
#8207=DIRECTION('',(-6.12303176911189E-17,0.0,1.0));
#8208=DIRECTION('',(0.0,1.0,0.0));
#8209=DIRECTION('',(-6.12303176911189E-17,5.12297489786488E-17,1.0));
#8210=DIRECTION('',(-1.0,1.21701836202198E-32,-7.45184209425307E-49));
#8211=DIRECTION('',(6.12303176911189E-17,-1.9876074596923E-16,-1.0));
#8212=DIRECTION('',(1.0,0.0,6.12303176911189E-17));
#8213=DIRECTION('',(2.73830305282935E-17,-0.89442719099956,-0.44721359550067));
#8214=DIRECTION('',(1.0,0.0,6.12303176911189E-17));
#8215=DIRECTION('',(6.12303176911189E-17,0.0,-1.0));
#8216=DIRECTION('',(1.0,0.0,6.12303176911189E-17));
#8217=DIRECTION('',(0.0,-1.0,0.0));
#8218=DIRECTION('',(1.0,0.0,6.12303176911189E-17));
#8219=DIRECTION('',(1.0,-3.13681380519894E-33,1.92068105830219E-49));
#8220=DIRECTION('',(-6.12303176911189E-17,5.12297489786488E-17,1.0));
#8221=DIRECTION('',(3.74915180455534E-33,1.0,-6.12303176911189E-17));
#8222=DIRECTION('',(-3.74915180455534E-33,-1.0,6.12303176911189E-17));
#8223=DIRECTION('',(-6.12303176911189E-17,1.9876074596923E-16,1.0));
#8224=DIRECTION('',(-2.73830305282935E-17,0.89442719099956,0.44721359550067));
#8225=DIRECTION('',(-6.12303176911189E-17,0.0,1.0));
#8226=DIRECTION('',(0.0,1.0,0.0));
#8227=DIRECTION('',(-6.12303176911189E-17,5.12297489786488E-17,1.0));
#8228=DIRECTION('',(-1.0,1.21701836202198E-32,-7.45184209425307E-49));
#8229=DIRECTION('',(6.12303176911189E-17,-1.9876074596923E-16,-1.0));
#8230=DIRECTION('',(1.0,0.0,6.12303176911189E-17));
#8231=DIRECTION('',(2.73830305282935E-17,-0.89442719099956,-0.44721359550067));
#8232=DIRECTION('',(1.0,0.0,6.12303176911189E-17));
#8233=DIRECTION('',(6.12303176911189E-17,0.0,-1.0));
#8234=DIRECTION('',(1.0,0.0,6.12303176911189E-17));
#8235=DIRECTION('',(0.0,-1.0,0.0));
#8236=DIRECTION('',(1.0,0.0,6.12303176911189E-17));
#8237=DIRECTION('',(1.0,-3.13681380519894E-33,1.92068105830219E-49));
#8238=DIRECTION('',(-6.12303176911189E-17,5.12297489786488E-17,1.0));
#8239=DIRECTION('',(3.74915180455534E-33,1.0,-6.12303176911189E-17));
#8240=DIRECTION('',(0.0,-1.0,0.0));
#8241=DIRECTION('',(0.0,-9.11965712136907E-15,1.0));
#8242=CARTESIAN_POINT('',(-9.6,3.35914706478332,-2.1037742997942));
#8243=DIRECTION('',(1.0,-0.0,0.0));
#8244=DIRECTION('',(0.0,0.0,-1.0));
#8245=DIRECTION('',(0.0,-1.0,6.12303176911189E-17));
#8246=CARTESIAN_POINT('',(-9.6,-3.36000000000001,-2.10563293248206));
#8247=DIRECTION('',(1.0,-0.0,0.0));
#8248=DIRECTION('',(0.0,0.0,-1.0));
#8249=DIRECTION('',(0.0,2.06619469351175E-14,-1.0));
#8250=DIRECTION('',(-1.0,-5.58399502775502E-31,0.0));
#8251=DIRECTION('',(0.0,9.11965712136907E-15,-1.0));
#8252=DIRECTION('',(1.0,0.0,6.12303176911189E-17));
#8253=DIRECTION('',(1.0,1.26513757495428E-30,-0.0));
#8254=DIRECTION('',(1.0,0.0,6.12303176911189E-17));
#8255=DIRECTION('',(0.0,-2.06619469351175E-14,1.0));
#8256=CARTESIAN_POINT('',(7.3,3.01000000000005,-4.39999999999997));
#8257=DIRECTION('',(-0.707106781186548,0.707106781186547,-4.35788199605263E-33));
#8258=DIRECTION('',(0.707106781186547,0.707106781186548,4.32963728535967E-17));
#8259=DIRECTION('',(1.0,0.0,6.12303176911189E-17));
#8260=CARTESIAN_POINT('',(-7.3,3.01000000000005,-4.39999999999997));
#8261=DIRECTION('',(0.707106781186548,0.707106781186548,0.0));
#8262=DIRECTION('',(-0.707106781186547,0.707106781186547,-4.32963728535968E-17));
#8263=DIRECTION('',(1.0,0.0,6.12303176911189E-17));
#8264=DIRECTION('',(0.0,8.28966525053451E-14,-1.0));
#8265=DIRECTION('',(0.0,-8.28966525053451E-14,1.0));
#8266=DIRECTION('',(1.0,0.0,6.12303176911189E-17));
#8267=CARTESIAN_POINT('',(7.3,-3.01000000000005,-4.39999999999997));
#8268=DIRECTION('',(-0.707106781186507,-0.707106781186588,4.35788199605337E-33));
#8269=DIRECTION('',(-0.707106781186588,0.707106781186507,-4.32963728535992E-17));
#8270=DIRECTION('',(1.0,0.0,6.12303176911189E-17));
#8271=CARTESIAN_POINT('',(-7.3,-3.01000000000005,-4.39999999999997));
#8272=DIRECTION('',(0.707106781186508,-0.707106781186587,0.0));
#8273=DIRECTION('',(0.707106781186587,0.707106781186508,4.32963728535992E-17));
#8274=DIRECTION('',(1.0,1.09448995815911E-29,-6.70159678478215E-46));
#8275=DIRECTION('',(-0.0,0.0,1.0));
#8276=DIRECTION('',(1.0,0.0,6.12303176911189E-17));
#8277=DIRECTION('',(-0.0,-0.0,-1.0));
#8278=CARTESIAN_POINT('',(9.6,-3.36000000000001,-2.10563293248206));
#8279=DIRECTION('',(-1.0,-0.0,-0.0));
#8280=DIRECTION('',(0.0,0.0,-1.0));
#8281=CARTESIAN_POINT('',(9.6,3.35914706478332,-2.1037742997942));
#8282=DIRECTION('',(-1.0,-0.0,-0.0));
#8283=DIRECTION('',(0.0,0.0,-1.0));
#8284=DIRECTION('',(0.0,1.0,0.0));
#8285=DIRECTION('',(0.0,-1.0,6.12303176911189E-17));
#8286=DIRECTION('',(0.0,-1.0,6.12303176911189E-17));
#8287=DIRECTION('',(0.0,-1.0,6.12303176911189E-17));
#8288=DIRECTION('',(0.0,-1.0,6.12303176911189E-17));
#8289=DIRECTION('',(0.0,-1.0,6.12303176911189E-17));
#8290=DIRECTION('',(0.0,-1.0,6.12303176911189E-17));
#8291=DIRECTION('',(0.0,-1.0,6.12303176911189E-17));
#8292=DIRECTION('',(0.0,0.0,-1.0));
#8293=DIRECTION('',(1.22460635382238E-16,1.0,6.12303176911189E-17));
#8294=DIRECTION('',(-7.49830360911069E-33,-6.12303176911189E-17,1.0));
#8295=DIRECTION('',(1.22460635382238E-16,1.0,6.12303176911189E-17));
#8296=DIRECTION('',(-1.0,0.0,3.78955936260745E-14));
#8297=DIRECTION('',(1.0,-1.22460635382235E-16,-3.78955936260745E-14));
#8298=DIRECTION('',(1.22460635382238E-16,1.0,6.12303176911189E-17));
#8299=DIRECTION('',(0.0,0.0,1.0));
#8300=DIRECTION('',(7.49830360911069E-33,6.12303176911189E-17,-1.0));
#8301=DIRECTION('',(1.22460635382238E-16,1.0,6.12303176911189E-17));
#8302=CARTESIAN_POINT('',(-2.10000012499993,-4.62,4.60000089999993));
#8303=DIRECTION('',(0.0,1.0,0.0));
#8304=DIRECTION('',(-1.0,0.0,0.0));
#8305=CARTESIAN_POINT('',(-2.10000012499993,-4.4,4.60000089999993));
#8306=DIRECTION('',(-1.22460635382238E-16,-1.0,-6.12303176911189E-17));
#8307=DIRECTION('',(-1.0,1.22460635382238E-16,0.0));
#8308=DIRECTION('',(1.22460635382238E-16,1.0,6.12303176911189E-17));
#8309=CARTESIAN_POINT('',(-1.59999987500007,-4.62,4.60000089999993));
#8310=DIRECTION('',(0.0,1.0,0.0));
#8311=DIRECTION('',(-1.0,0.0,0.0));
#8312=DIRECTION('',(1.22460635382238E-16,1.0,6.12303176911189E-17));
#8313=CARTESIAN_POINT('',(-1.59999987500007,-4.4,4.60000089999993));
#8314=DIRECTION('',(-1.22460635382238E-16,-1.0,-6.12303176911189E-17));
#8315=DIRECTION('',(-1.0,1.22460635382238E-16,0.0));
#8316=DIRECTION('',(1.0,0.0,7.49830360911069E-33));
#8317=DIRECTION('',(-1.0,1.22460635382238E-16,0.0));
#8318=DIRECTION('',(0.0,0.0,-1.0));
#8319=DIRECTION('',(0.0,-1.0,6.12303176911189E-17));
#8320=DIRECTION('',(0.0,6.12303176911189E-17,1.0));
#8321=DIRECTION('',(0.0,-1.0,6.12303176911189E-17));
#8322=DIRECTION('',(1.0,0.0,3.78955936260745E-14));
#8323=DIRECTION('',(-1.0,-2.32035923681808E-30,-3.78955936260745E-14));
#8324=DIRECTION('',(0.0,-1.0,6.12303176911189E-17));
#8325=DIRECTION('',(0.0,0.0,1.0));
#8326=DIRECTION('',(-0.0,-6.12303176911189E-17,-1.0));
#8327=DIRECTION('',(0.0,-1.0,6.12303176911189E-17));
#8328=CARTESIAN_POINT('',(2.10000012499993,4.62,4.60000089999993));
#8329=DIRECTION('',(0.0,-1.0,0.0));
#8330=DIRECTION('',(1.0,0.0,0.0));
#8331=CARTESIAN_POINT('',(2.10000012499993,4.4,4.60000089999993));
#8332=DIRECTION('',(0.0,1.0,-6.12303176911189E-17));
#8333=DIRECTION('',(1.0,0.0,0.0));
#8334=DIRECTION('',(0.0,-1.0,6.12303176911189E-17));
#8335=CARTESIAN_POINT('',(1.59999987500007,4.62,4.60000089999993));
#8336=DIRECTION('',(0.0,-1.0,0.0));
#8337=DIRECTION('',(1.0,0.0,0.0));
#8338=DIRECTION('',(0.0,-1.0,6.12303176911189E-17));
#8339=CARTESIAN_POINT('',(1.59999987500007,4.4,4.60000089999993));
#8340=DIRECTION('',(0.0,1.0,-6.12303176911189E-17));
#8341=DIRECTION('',(1.0,0.0,0.0));
#8342=DIRECTION('',(-1.0,0.0,0.0));
#8343=DIRECTION('',(1.0,0.0,0.0));
#8344=DIRECTION('',(0.0,0.0,-1.0));
#8345=DIRECTION('',(1.22460635382238E-16,1.0,6.12303176911189E-17));
#8346=DIRECTION('',(-7.49830360911069E-33,-6.12303176911189E-17,1.0));
#8347=DIRECTION('',(1.22460635382238E-16,1.0,6.12303176911189E-17));
#8348=DIRECTION('',(-1.0,0.0,3.78955936260745E-14));
#8349=DIRECTION('',(1.0,-1.22460635382235E-16,-3.78955936260745E-14));
#8350=DIRECTION('',(1.22460635382238E-16,1.0,6.12303176911189E-17));
#8351=DIRECTION('',(0.0,0.0,1.0));
#8352=DIRECTION('',(7.49830360911069E-33,6.12303176911189E-17,-1.0));
#8353=DIRECTION('',(1.22460635382238E-16,1.0,6.12303176911189E-17));
#8354=CARTESIAN_POINT('',(1.59999987500007,-4.62,4.60000089999993));
#8355=DIRECTION('',(0.0,1.0,0.0));
#8356=DIRECTION('',(-1.0,0.0,0.0));
#8357=CARTESIAN_POINT('',(1.59999987500007,-4.4,4.60000089999993));
#8358=DIRECTION('',(-1.22460635382238E-16,-1.0,-6.12303176911189E-17));
#8359=DIRECTION('',(-1.0,1.22460635382238E-16,0.0));
#8360=DIRECTION('',(1.22460635382238E-16,1.0,6.12303176911189E-17));
#8361=CARTESIAN_POINT('',(2.10000012499993,-4.62,4.60000089999993));
#8362=DIRECTION('',(0.0,1.0,0.0));
#8363=DIRECTION('',(-1.0,0.0,0.0));
#8364=DIRECTION('',(1.22460635382238E-16,1.0,6.12303176911189E-17));
#8365=CARTESIAN_POINT('',(2.10000012499993,-4.4,4.60000089999993));
#8366=DIRECTION('',(-1.22460635382238E-16,-1.0,-6.12303176911189E-17));
#8367=DIRECTION('',(-1.0,1.22460635382238E-16,0.0));
#8368=DIRECTION('',(1.0,0.0,7.49830360911069E-33));
#8369=DIRECTION('',(-1.0,1.22460635382238E-16,0.0));
#8370=DIRECTION('',(0.0,0.0,-1.0));
#8371=DIRECTION('',(0.0,-1.0,6.12303176911189E-17));
#8372=DIRECTION('',(0.0,6.12303176911189E-17,1.0));
#8373=DIRECTION('',(0.0,-1.0,6.12303176911189E-17));
#8374=DIRECTION('',(1.0,0.0,3.78955936260745E-14));
#8375=DIRECTION('',(-1.0,-2.32035923681808E-30,-3.78955936260745E-14));
#8376=DIRECTION('',(0.0,-1.0,6.12303176911189E-17));
#8377=DIRECTION('',(0.0,0.0,1.0));
#8378=DIRECTION('',(-0.0,-6.12303176911189E-17,-1.0));
#8379=DIRECTION('',(0.0,-1.0,6.12303176911189E-17));
#8380=CARTESIAN_POINT('',(-1.59999987500007,4.62,4.60000089999993));
#8381=DIRECTION('',(0.0,-1.0,0.0));
#8382=DIRECTION('',(1.0,0.0,0.0));
#8383=CARTESIAN_POINT('',(-1.59999987500007,4.4,4.60000089999993));
#8384=DIRECTION('',(0.0,1.0,-6.12303176911189E-17));
#8385=DIRECTION('',(1.0,0.0,0.0));
#8386=DIRECTION('',(0.0,-1.0,6.12303176911189E-17));
#8387=CARTESIAN_POINT('',(-2.10000012499993,4.62,4.60000089999993));
#8388=DIRECTION('',(0.0,-1.0,0.0));
#8389=DIRECTION('',(1.0,0.0,0.0));
#8390=DIRECTION('',(0.0,-1.0,6.12303176911189E-17));
#8391=CARTESIAN_POINT('',(-2.10000012499993,4.4,4.60000089999993));
#8392=DIRECTION('',(0.0,1.0,-6.12303176911189E-17));
#8393=DIRECTION('',(1.0,0.0,0.0));
#8394=DIRECTION('',(-1.0,0.0,0.0));
#8395=DIRECTION('',(1.0,0.0,0.0));
#8396=CARTESIAN_POINT('',(-3.705,-2.54,6.4));
#8397=DIRECTION('',(0.0,0.0,1.0));
#8398=DIRECTION('',(1.0,0.0,0.0));
#8399=CARTESIAN_POINT('',(-3.705,-2.54,1.0));
#8400=DIRECTION('',(0.0,0.0,-1.0));
#8401=DIRECTION('',(1.0,0.0,0.0));
#8402=CARTESIAN_POINT('',(-1.415,-2.54,6.4));
#8403=DIRECTION('',(0.0,0.0,1.0));
#8404=DIRECTION('',(1.0,0.0,0.0));
#8405=CARTESIAN_POINT('',(-1.415,-2.54,1.0));
#8406=DIRECTION('',(0.0,0.0,-1.0));
#8407=DIRECTION('',(1.0,0.0,0.0));
#8408=CARTESIAN_POINT('',(0.874999999999998,-2.54,6.4));
#8409=DIRECTION('',(0.0,0.0,1.0));
#8410=DIRECTION('',(1.0,0.0,0.0));
#8411=CARTESIAN_POINT('',(0.874999999999998,-2.54,1.0));
#8412=DIRECTION('',(0.0,0.0,-1.0));
#8413=DIRECTION('',(1.0,0.0,0.0));
#8414=CARTESIAN_POINT('',(3.165,-2.54,6.4));
#8415=DIRECTION('',(0.0,0.0,1.0));
#8416=DIRECTION('',(1.0,0.0,0.0));
#8417=CARTESIAN_POINT('',(3.165,-2.54,1.0));
#8418=DIRECTION('',(0.0,0.0,-1.0));
#8419=DIRECTION('',(1.0,0.0,0.0));
#8420=CARTESIAN_POINT('',(5.455,-2.54,6.4));
#8421=DIRECTION('',(0.0,0.0,1.0));
#8422=DIRECTION('',(1.0,0.0,0.0));
#8423=CARTESIAN_POINT('',(5.455,-2.54,1.0));
#8424=DIRECTION('',(0.0,0.0,-1.0));
#8425=DIRECTION('',(1.0,0.0,0.0));
#8426=CARTESIAN_POINT('',(-4.85,0.0,6.4));
#8427=DIRECTION('',(0.0,0.0,1.0));
#8428=DIRECTION('',(1.0,0.0,0.0));
#8429=CARTESIAN_POINT('',(-4.85,0.0,1.0));
#8430=DIRECTION('',(0.0,0.0,-1.0));
#8431=DIRECTION('',(1.0,0.0,0.0));
#8432=CARTESIAN_POINT('',(-2.56,0.0,6.4));
#8433=DIRECTION('',(0.0,0.0,1.0));
#8434=DIRECTION('',(1.0,0.0,0.0));
#8435=CARTESIAN_POINT('',(-2.56,0.0,1.0));
#8436=DIRECTION('',(0.0,0.0,-1.0));
#8437=DIRECTION('',(1.0,0.0,0.0));
#8438=CARTESIAN_POINT('',(-0.270000000000001,0.0,6.4));
#8439=DIRECTION('',(0.0,0.0,1.0));
#8440=DIRECTION('',(1.0,0.0,0.0));
#8441=CARTESIAN_POINT('',(-0.270000000000001,0.0,1.0));
#8442=DIRECTION('',(0.0,0.0,-1.0));
#8443=DIRECTION('',(1.0,0.0,0.0));
#8444=CARTESIAN_POINT('',(2.02,0.0,6.4));
#8445=DIRECTION('',(0.0,0.0,1.0));
#8446=DIRECTION('',(1.0,0.0,0.0));
#8447=CARTESIAN_POINT('',(2.02,0.0,1.0));
#8448=DIRECTION('',(0.0,0.0,-1.0));
#8449=DIRECTION('',(1.0,0.0,0.0));
#8450=CARTESIAN_POINT('',(4.31,0.0,6.4));
#8451=DIRECTION('',(0.0,0.0,1.0));
#8452=DIRECTION('',(1.0,0.0,0.0));
#8453=CARTESIAN_POINT('',(4.31,0.0,1.0));
#8454=DIRECTION('',(0.0,0.0,-1.0));
#8455=DIRECTION('',(1.0,0.0,0.0));
#8456=CARTESIAN_POINT('',(-3.705,2.54,6.4));
#8457=DIRECTION('',(0.0,0.0,1.0));
#8458=DIRECTION('',(1.0,0.0,0.0));
#8459=CARTESIAN_POINT('',(-3.705,2.54,1.0));
#8460=DIRECTION('',(0.0,0.0,-1.0));
#8461=DIRECTION('',(1.0,0.0,0.0));
#8462=CARTESIAN_POINT('',(-1.415,2.54,6.4));
#8463=DIRECTION('',(0.0,0.0,1.0));
#8464=DIRECTION('',(1.0,0.0,0.0));
#8465=CARTESIAN_POINT('',(-1.415,2.54,1.0));
#8466=DIRECTION('',(0.0,0.0,-1.0));
#8467=DIRECTION('',(1.0,0.0,0.0));
#8468=CARTESIAN_POINT('',(0.874999999999999,2.54,6.4));
#8469=DIRECTION('',(0.0,0.0,1.0));
#8470=DIRECTION('',(1.0,0.0,0.0));
#8471=CARTESIAN_POINT('',(0.874999999999999,2.54,1.0));
#8472=DIRECTION('',(0.0,0.0,-1.0));
#8473=DIRECTION('',(1.0,0.0,0.0));
#8474=CARTESIAN_POINT('',(3.165,2.54,6.4));
#8475=DIRECTION('',(0.0,0.0,1.0));
#8476=DIRECTION('',(1.0,0.0,0.0));
#8477=CARTESIAN_POINT('',(3.165,2.54,1.0));
#8478=DIRECTION('',(0.0,0.0,-1.0));
#8479=DIRECTION('',(1.0,0.0,0.0));
#8480=CARTESIAN_POINT('',(5.455,2.54,6.4));
#8481=DIRECTION('',(0.0,0.0,1.0));
#8482=DIRECTION('',(1.0,0.0,0.0));
#8483=CARTESIAN_POINT('',(5.455,2.54,1.0));
#8484=DIRECTION('',(0.0,0.0,-1.0));
#8485=DIRECTION('',(1.0,0.0,0.0));
#8486=CARTESIAN_POINT('',(6.46,2.18,1.0));
#8487=DIRECTION('',(0.0,0.0,1.0));
#8488=DIRECTION('',(1.0,0.0,0.0));
#8489=DIRECTION('',(0.0,0.0,1.0));
#8490=CARTESIAN_POINT('',(6.46,2.18,6.9));
#8491=DIRECTION('',(0.0,0.0,-1.0));
#8492=DIRECTION('',(1.0,0.0,0.0));
#8493=DIRECTION('',(-0.17364817766693,-0.984807753012208,0.0));
#8494=DIRECTION('',(0.17364817766693,0.984807753012208,0.0));
#8495=DIRECTION('',(0.0,0.0,1.0));
#8496=CARTESIAN_POINT('',(5.69121436411109,-2.18,6.9));
#8497=DIRECTION('',(0.0,0.0,-1.0));
#8498=DIRECTION('',(1.0,0.0,0.0));
#8499=CARTESIAN_POINT('',(5.69121436411109,-2.18,1.0));
#8500=DIRECTION('',(0.0,0.0,1.0));
#8501=DIRECTION('',(1.0,0.0,0.0));
#8502=DIRECTION('',(0.0,0.0,1.0));
#8503=DIRECTION('',(-1.0,0.0,0.0));
#8504=DIRECTION('',(1.0,0.0,0.0));
#8505=DIRECTION('',(0.0,0.0,1.0));
#8506=CARTESIAN_POINT('',(-5.69121436411109,-2.18,6.9));
#8507=DIRECTION('',(0.0,0.0,-1.0));
#8508=DIRECTION('',(1.0,0.0,0.0));
#8509=CARTESIAN_POINT('',(-5.69121436411109,-2.18,1.0));
#8510=DIRECTION('',(0.0,0.0,1.0));
#8511=DIRECTION('',(1.0,0.0,0.0));
#8512=DIRECTION('',(0.0,0.0,1.0));
#8513=DIRECTION('',(-0.17364817766693,0.984807753012208,0.0));
#8514=DIRECTION('',(0.17364817766693,-0.984807753012208,0.0));
#8515=DIRECTION('',(0.0,0.0,1.0));
#8516=CARTESIAN_POINT('',(-6.46,2.18,6.9));
#8517=DIRECTION('',(0.0,0.0,-1.0));
#8518=DIRECTION('',(1.0,0.0,0.0));
#8519=CARTESIAN_POINT('',(-6.46,2.18,1.0));
#8520=DIRECTION('',(0.0,0.0,1.0));
#8521=DIRECTION('',(1.0,0.0,0.0));
#8522=DIRECTION('',(1.0,0.0,0.0));
#8523=DIRECTION('',(-1.0,0.0,0.0));
#8524=DIRECTION('',(1.0,0.0,0.0));
#8525=DIRECTION('',(1.0,0.0,0.0));
#8526=CARTESIAN_POINT('',(-6.5,2.22,0.8));
#8527=DIRECTION('',(0.0,0.0,-1.0));
#8528=DIRECTION('',(1.0,0.0,0.0));
#8529=DIRECTION('',(0.0,0.0,1.0));
#8530=CARTESIAN_POINT('',(-6.5,2.22,6.9));
#8531=DIRECTION('',(0.0,0.0,-1.0));
#8532=DIRECTION('',(1.0,0.0,0.0));
#8533=DIRECTION('',(-0.17364817766693,0.984807753012208,0.0));
#8534=DIRECTION('',(0.0,0.0,1.0));
#8535=DIRECTION('',(-0.17364817766693,0.984807753012208,0.0));
#8536=CARTESIAN_POINT('',(-5.71710820565442,-2.22,0.8));
#8537=DIRECTION('',(0.0,0.0,-1.0));
#8538=DIRECTION('',(1.0,0.0,0.0));
#8539=DIRECTION('',(0.0,0.0,1.0));
#8540=CARTESIAN_POINT('',(-5.71710820565442,-2.22,6.9));
#8541=DIRECTION('',(0.0,0.0,-1.0));
#8542=DIRECTION('',(1.0,0.0,0.0));
#8543=CARTESIAN_POINT('',(6.5,2.22,6.9));
#8544=DIRECTION('',(0.0,0.0,-1.0));
#8545=DIRECTION('',(1.0,0.0,0.0));
#8546=DIRECTION('',(0.0,0.0,1.0));
#8547=CARTESIAN_POINT('',(6.5,2.22,0.8));
#8548=DIRECTION('',(0.0,0.0,-1.0));
#8549=DIRECTION('',(1.0,0.0,0.0));
#8550=DIRECTION('',(-0.173648177666931,-0.984807753012208,0.0));
#8551=DIRECTION('',(-0.173648177666931,-0.984807753012208,-0.0));
#8552=DIRECTION('',(0.0,0.0,1.0));
#8553=CARTESIAN_POINT('',(5.71710820565442,-2.22,0.8));
#8554=DIRECTION('',(0.0,0.0,-1.0));
#8555=DIRECTION('',(1.0,0.0,0.0));
#8556=CARTESIAN_POINT('',(5.71710820565442,-2.22,6.9));
#8557=DIRECTION('',(0.0,0.0,-1.0));
#8558=DIRECTION('',(1.0,0.0,0.0));
#8559=DIRECTION('',(0.0,0.0,1.0));
#8560=DIRECTION('',(-1.0,0.0,0.0));
#8561=DIRECTION('',(-1.0,-0.0,-0.0));
#8562=CARTESIAN_POINT('',(-14.105,-4.975,0.8));
#8563=DIRECTION('',(0.0,0.0,-1.0));
#8564=DIRECTION('',(1.0,0.0,0.0));
#8565=DIRECTION('',(0.0,0.0,1.0));
#8566=CARTESIAN_POINT('',(-14.105,-4.975,0.0));
#8567=DIRECTION('',(0.0,0.0,1.0));
#8568=DIRECTION('',(1.0,0.0,0.0));
#8569=DIRECTION('',(0.0,0.0,1.0));
#8570=DIRECTION('',(0.0,1.0,0.0));
#8571=DIRECTION('',(0.0,0.0,1.0));
#8572=DIRECTION('',(0.0,-1.0,0.0));
#8573=CARTESIAN_POINT('',(-14.105,4.975,0.8));
#8574=DIRECTION('',(0.0,0.0,-1.0));
#8575=DIRECTION('',(1.0,0.0,0.0));
#8576=DIRECTION('',(0.0,0.0,1.0));
#8577=CARTESIAN_POINT('',(-14.105,4.975,0.0));
#8578=DIRECTION('',(0.0,0.0,1.0));
#8579=DIRECTION('',(1.0,0.0,0.0));
#8580=DIRECTION('',(1.0,-1.25938095668221E-16,0.0));
#8581=DIRECTION('',(0.0,0.0,1.0));
#8582=DIRECTION('',(-1.0,1.25938095668221E-16,0.0));
#8583=CARTESIAN_POINT('',(14.105,4.975,0.8));
#8584=DIRECTION('',(0.0,0.0,-1.0));
#8585=DIRECTION('',(1.0,0.0,0.0));
#8586=DIRECTION('',(0.0,0.0,1.0));
#8587=CARTESIAN_POINT('',(14.105,4.975,0.0));
#8588=DIRECTION('',(0.0,0.0,1.0));
#8589=DIRECTION('',(1.0,0.0,0.0));
#8590=DIRECTION('',(-0.0,-1.0,-0.0));
#8591=DIRECTION('',(0.0,0.0,1.0));
#8592=DIRECTION('',(0.0,1.0,0.0));
#8593=CARTESIAN_POINT('',(14.105,-4.975,0.8));
#8594=DIRECTION('',(0.0,0.0,-1.0));
#8595=DIRECTION('',(1.0,0.0,0.0));
#8596=DIRECTION('',(0.0,0.0,1.0));
#8597=CARTESIAN_POINT('',(14.105,-4.975,0.0));
#8598=DIRECTION('',(0.0,0.0,1.0));
#8599=DIRECTION('',(1.0,0.0,0.0));
#8600=DIRECTION('',(-1.0,-0.0,-0.0));
#8601=DIRECTION('',(1.0,0.0,0.0));
ENDSEC;
END-ISO-10303-21;
